captured_at,sport,year,week,event_id,play_id,period,clock,play_text,down,distance,possession,yard_line,score_margin,home,away,home_score,away_score,home_win_prob,away_win_prob,home_pass_yds,home_rush_yds,home_total_yds,away_pass_yds,away_rush_yds,away_total_yds,market_type,market,selection,player,line,book_id,book_price,model_projection,model_price,model_prob,actual_result,actual_stat,bet_result,expected_roi_pct,pregame_line,pregame_book_price,pregame_projection,pregame_capture_at,pregame_capture_type
2026-09-26T17:55:02.380137+00:00,cfb,2026,4,401860896,40186089613,1,15:00,PENALTY CSU Delay Of Game  5 yards from UTSA03 to UTSA08. NO PLAY,3,3,UTSA 3,3,-6,UTSA Roadrunners,Colorado State Rams,0,6,93.1,6.9,197.0,152.0,349.0,195.0,35.0,230.0,game,Spread,UTSA,,21.5,prophetx,-102.0,-1.9,—,,-6,,hit,,,,-10.2,,
2026-09-26T17:55:02.380137+00:00,cfb,2026,4,401860896,40186089613,1,15:00,PENALTY CSU Delay Of Game  5 yards from UTSA03 to UTSA08. NO PLAY,3,3,UTSA 3,3,-6,UTSA Roadrunners,Colorado State Rams,0,6,93.1,6.9,197.0,152.0,349.0,195.0,35.0,230.0,game,Spread,UTSA,,-21.5,prophetx,-102.0,-1.9,—,,-6,,miss,,,,-10.2,,
2026-09-26T17:55:02.380137+00:00,cfb,2026,4,401860896,40186089613,1,15:00,PENALTY CSU Delay Of Game  5 yards from UTSA03 to UTSA08. NO PLAY,3,3,UTSA 3,3,-6,UTSA Roadrunners,Colorado State Rams,0,6,93.1,6.9,197.0,152.0,349.0,195.0,35.0,230.0,game,Total,Over,,84.5,kalshi,-105.0,64.1,+979,0.0927,6.0,,miss,,,,59.6,,
2026-09-26T17:55:02.380137+00:00,cfb,2026,4,401860896,40186089613,1,15:00,PENALTY CSU Delay Of Game  5 yards from UTSA03 to UTSA08. NO PLAY,3,3,UTSA 3,3,-6,UTSA Roadrunners,Colorado State Rams,0,6,93.1,6.9,197.0,152.0,349.0,195.0,35.0,230.0,game,Total,,,84.5,,,—,—,,6.0,,hit,,,,—,,
2026-09-26T17:55:02.380137+00:00,cfb,2026,4,401860896,40186089613,1,15:00,PENALTY CSU Delay Of Game  5 yards from UTSA03 to UTSA08. NO PLAY,3,3,UTSA 3,3,-6,UTSA Roadrunners,Colorado State Rams,0,6,93.1,6.9,197.0,152.0,349.0,195.0,35.0,230.0,game,ML,Colorado State,,,kalshi,3233.0,—,—,,Win,,hit,,,,—,,
2026-09-26T17:55:02.380137+00:00,cfb,2026,4,401860896,40186089613,1,15:00,PENALTY CSU Delay Of Game  5 yards from UTSA03 to UTSA08. NO PLAY,3,3,UTSA 3,3,-6,UTSA Roadrunners,Colorado State Rams,0,6,93.1,6.9,197.0,152.0,349.0,195.0,35.0,230.0,game,ML,UTSA,,,kalshi,-4900.0,—,—,,Loss,,miss,-44.3,,,—,,
2026-09-26T17:55:02.380137+00:00,cfb,2026,4,401860896,4018608965,1,14:48,"#46 B.Doane kickoff 59 yards to the CSU06 #1 M.Brown return 94 yards to the UTSA00 TOUCHDOWN, clock 14:48 PENALTY CSU Delay Of Game  5 yards from UTSA03 to UTSA08. NO PLAY #40 K.Nguma kick attempt good (H: #39 N.Sutcliffe, LS: #56 W.Himebauch)",1,10,,35,-7,UTSA Roadrunners,Colorado State Rams,0,7,93.1,6.9,197.0,152.0,349.0,195.0,35.0,230.0,game,Spread,UTSA,,21.5,prophetx,-102.0,-0.8,—,,-7,,hit,,,,-10.2,,
2026-09-26T17:55:02.380137+00:00,cfb,2026,4,401860896,4018608965,1,14:48,"#46 B.Doane kickoff 59 yards to the CSU06 #1 M.Brown return 94 yards to the UTSA00 TOUCHDOWN, clock 14:48 PENALTY CSU Delay Of Game  5 yards from UTSA03 to UTSA08. NO PLAY #40 K.Nguma kick attempt good (H: #39 N.Sutcliffe, LS: #56 W.Himebauch)",1,10,,35,-7,UTSA Roadrunners,Colorado State Rams,0,7,93.1,6.9,197.0,152.0,349.0,195.0,35.0,230.0,game,Spread,UTSA,,-21.5,prophetx,-102.0,-0.8,—,,-7,,miss,,,,-10.2,,
2026-09-26T17:55:02.380137+00:00,cfb,2026,4,401860896,4018608965,1,14:48,"#46 B.Doane kickoff 59 yards to the CSU06 #1 M.Brown return 94 yards to the UTSA00 TOUCHDOWN, clock 14:48 PENALTY CSU Delay Of Game  5 yards from UTSA03 to UTSA08. NO PLAY #40 K.Nguma kick attempt good (H: #39 N.Sutcliffe, LS: #56 W.Himebauch)",1,10,,35,-7,UTSA Roadrunners,Colorado State Rams,0,7,93.1,6.9,197.0,152.0,349.0,195.0,35.0,230.0,game,Total,Over,,84.5,kalshi,-105.0,65.6,+837,0.1067,7.0,,miss,,,,59.6,,
2026-09-26T17:55:02.380137+00:00,cfb,2026,4,401860896,4018608965,1,14:48,"#46 B.Doane kickoff 59 yards to the CSU06 #1 M.Brown return 94 yards to the UTSA00 TOUCHDOWN, clock 14:48 PENALTY CSU Delay Of Game  5 yards from UTSA03 to UTSA08. NO PLAY #40 K.Nguma kick attempt good (H: #39 N.Sutcliffe, LS: #56 W.Himebauch)",1,10,,35,-7,UTSA Roadrunners,Colorado State Rams,0,7,93.1,6.9,197.0,152.0,349.0,195.0,35.0,230.0,game,Total,,,84.5,,,—,—,,7.0,,hit,,,,—,,
2026-09-26T17:55:02.380137+00:00,cfb,2026,4,401860896,4018608965,1,14:48,"#46 B.Doane kickoff 59 yards to the CSU06 #1 M.Brown return 94 yards to the UTSA00 TOUCHDOWN, clock 14:48 PENALTY CSU Delay Of Game  5 yards from UTSA03 to UTSA08. NO PLAY #40 K.Nguma kick attempt good (H: #39 N.Sutcliffe, LS: #56 W.Himebauch)",1,10,,35,-7,UTSA Roadrunners,Colorado State Rams,0,7,93.1,6.9,197.0,152.0,349.0,195.0,35.0,230.0,game,ML,Colorado State,,,kalshi,3233.0,—,—,,Win,,hit,,,,—,,
2026-09-26T17:55:02.380137+00:00,cfb,2026,4,401860896,4018608965,1,14:48,"#46 B.Doane kickoff 59 yards to the CSU06 #1 M.Brown return 94 yards to the UTSA00 TOUCHDOWN, clock 14:48 PENALTY CSU Delay Of Game  5 yards from UTSA03 to UTSA08. NO PLAY #40 K.Nguma kick attempt good (H: #39 N.Sutcliffe, LS: #56 W.Himebauch)",1,10,,35,-7,UTSA Roadrunners,Colorado State Rams,0,7,93.1,6.9,197.0,152.0,349.0,195.0,35.0,230.0,game,ML,UTSA,,,kalshi,-4900.0,—,—,,Loss,,miss,-47.0,,,—,,
2026-09-26T17:55:02.380137+00:00,cfb,2026,4,401860896,40186089619,1,14:42,#99 C.Craig kickoff 65 yards to the UTSA00 #10 B.High Jr. return 37 yards to the UTSA37 (#24 T.Vincent),1,10,,65,-7,UTSA Roadrunners,Colorado State Rams,0,7,93.1,6.9,197.0,152.0,349.0,195.0,35.0,230.0,game,Spread,UTSA,,21.5,prophetx,-102.0,-0.9,—,,-7,,hit,,,,-10.2,,
2026-09-26T17:55:02.380137+00:00,cfb,2026,4,401860896,40186089619,1,14:42,#99 C.Craig kickoff 65 yards to the UTSA00 #10 B.High Jr. return 37 yards to the UTSA37 (#24 T.Vincent),1,10,,65,-7,UTSA Roadrunners,Colorado State Rams,0,7,93.1,6.9,197.0,152.0,349.0,195.0,35.0,230.0,game,Spread,UTSA,,-21.5,prophetx,-102.0,-0.9,—,,-7,,miss,,,,-10.2,,
2026-09-26T17:55:02.380137+00:00,cfb,2026,4,401860896,40186089619,1,14:42,#99 C.Craig kickoff 65 yards to the UTSA00 #10 B.High Jr. return 37 yards to the UTSA37 (#24 T.Vincent),1,10,,65,-7,UTSA Roadrunners,Colorado State Rams,0,7,93.1,6.9,197.0,152.0,349.0,195.0,35.0,230.0,game,Total,Over,,84.5,kalshi,-105.0,65.1,+871,0.103,7.0,,miss,,,,59.6,,
2026-09-26T17:55:02.380137+00:00,cfb,2026,4,401860896,40186089619,1,14:42,#99 C.Craig kickoff 65 yards to the UTSA00 #10 B.High Jr. return 37 yards to the UTSA37 (#24 T.Vincent),1,10,,65,-7,UTSA Roadrunners,Colorado State Rams,0,7,93.1,6.9,197.0,152.0,349.0,195.0,35.0,230.0,game,Total,,,84.5,,,—,—,,7.0,,hit,,,,—,,
2026-09-26T17:55:02.380137+00:00,cfb,2026,4,401860896,40186089619,1,14:42,#99 C.Craig kickoff 65 yards to the UTSA00 #10 B.High Jr. return 37 yards to the UTSA37 (#24 T.Vincent),1,10,,65,-7,UTSA Roadrunners,Colorado State Rams,0,7,93.1,6.9,197.0,152.0,349.0,195.0,35.0,230.0,game,ML,Colorado State,,,kalshi,3233.0,—,—,,Win,,hit,,,,—,,
2026-09-26T17:55:02.380137+00:00,cfb,2026,4,401860896,40186089619,1,14:42,#99 C.Craig kickoff 65 yards to the UTSA00 #10 B.High Jr. return 37 yards to the UTSA37 (#24 T.Vincent),1,10,,65,-7,UTSA Roadrunners,Colorado State Rams,0,7,93.1,6.9,197.0,152.0,349.0,195.0,35.0,230.0,game,ML,UTSA,,,kalshi,-4900.0,—,—,,Loss,,miss,-47.1,,,—,,
2026-09-26T17:55:02.380137+00:00,cfb,2026,4,401860896,40186089624,1,14:42,"Shotgun #1 W.Henderson III rush left for 36 yards gain to the CSU27 (#23 J.Mitchell; #7 J.Lessard), 1ST DOWN",1,10,UTSA 37,37,-7,UTSA Roadrunners,Colorado State Rams,0,7,93.1,6.9,197.0,152.0,349.0,195.0,35.0,230.0,game,Spread,UTSA,,21.5,prophetx,-102.0,-0.9,—,,-7,,hit,,,,-10.2,,
2026-09-26T17:55:02.380137+00:00,cfb,2026,4,401860896,40186089624,1,14:42,"Shotgun #1 W.Henderson III rush left for 36 yards gain to the CSU27 (#23 J.Mitchell; #7 J.Lessard), 1ST DOWN",1,10,UTSA 37,37,-7,UTSA Roadrunners,Colorado State Rams,0,7,93.1,6.9,197.0,152.0,349.0,195.0,35.0,230.0,game,Spread,UTSA,,-21.5,prophetx,-102.0,-0.9,—,,-7,,miss,,,,-10.2,,
2026-09-26T17:55:02.380137+00:00,cfb,2026,4,401860896,40186089624,1,14:42,"Shotgun #1 W.Henderson III rush left for 36 yards gain to the CSU27 (#23 J.Mitchell; #7 J.Lessard), 1ST DOWN",1,10,UTSA 37,37,-7,UTSA Roadrunners,Colorado State Rams,0,7,93.1,6.9,197.0,152.0,349.0,195.0,35.0,230.0,game,Total,Over,,84.5,kalshi,-105.0,65.1,+871,0.103,7.0,,miss,,,,59.6,,
2026-09-26T17:55:02.380137+00:00,cfb,2026,4,401860896,40186089624,1,14:42,"Shotgun #1 W.Henderson III rush left for 36 yards gain to the CSU27 (#23 J.Mitchell; #7 J.Lessard), 1ST DOWN",1,10,UTSA 37,37,-7,UTSA Roadrunners,Colorado State Rams,0,7,93.1,6.9,197.0,152.0,349.0,195.0,35.0,230.0,game,Total,,,84.5,,,—,—,,7.0,,hit,,,,—,,
2026-09-26T17:55:02.380137+00:00,cfb,2026,4,401860896,40186089624,1,14:42,"Shotgun #1 W.Henderson III rush left for 36 yards gain to the CSU27 (#23 J.Mitchell; #7 J.Lessard), 1ST DOWN",1,10,UTSA 37,37,-7,UTSA Roadrunners,Colorado State Rams,0,7,93.1,6.9,197.0,152.0,349.0,195.0,35.0,230.0,game,ML,Colorado State,,,kalshi,3233.0,—,—,,Win,,hit,,,,—,,
2026-09-26T17:55:02.380137+00:00,cfb,2026,4,401860896,40186089624,1,14:42,"Shotgun #1 W.Henderson III rush left for 36 yards gain to the CSU27 (#23 J.Mitchell; #7 J.Lessard), 1ST DOWN",1,10,UTSA 37,37,-7,UTSA Roadrunners,Colorado State Rams,0,7,93.1,6.9,197.0,152.0,349.0,195.0,35.0,230.0,game,ML,UTSA,,,kalshi,-4900.0,—,—,,Loss,,miss,-47.1,,,—,,
2026-09-26T17:55:02.380137+00:00,cfb,2026,4,401860896,40186089628,1,14:42,No Huddle-Shotgun #2 O.McCown pass incomplete short left to #1 W.Henderson III thrown to CSU28 QB hurried by #10 B.Kelley,1,10,CSU 27,73,-7,UTSA Roadrunners,Colorado State Rams,0,7,93.1,6.9,197.0,152.0,349.0,195.0,35.0,230.0,game,Spread,UTSA,,21.5,prophetx,-102.0,-0.9,—,,-7,,hit,,,,-10.2,,
2026-09-26T17:55:02.380137+00:00,cfb,2026,4,401860896,40186089628,1,14:42,No Huddle-Shotgun #2 O.McCown pass incomplete short left to #1 W.Henderson III thrown to CSU28 QB hurried by #10 B.Kelley,1,10,CSU 27,73,-7,UTSA Roadrunners,Colorado State Rams,0,7,93.1,6.9,197.0,152.0,349.0,195.0,35.0,230.0,game,Spread,UTSA,,-21.5,prophetx,-102.0,-0.9,—,,-7,,miss,,,,-10.2,,
2026-09-26T17:55:02.380137+00:00,cfb,2026,4,401860896,40186089628,1,14:42,No Huddle-Shotgun #2 O.McCown pass incomplete short left to #1 W.Henderson III thrown to CSU28 QB hurried by #10 B.Kelley,1,10,CSU 27,73,-7,UTSA Roadrunners,Colorado State Rams,0,7,93.1,6.9,197.0,152.0,349.0,195.0,35.0,230.0,game,Total,Over,,84.5,kalshi,-105.0,65.1,+871,0.103,7.0,,miss,,,,59.6,,
2026-09-26T17:55:02.380137+00:00,cfb,2026,4,401860896,40186089628,1,14:42,No Huddle-Shotgun #2 O.McCown pass incomplete short left to #1 W.Henderson III thrown to CSU28 QB hurried by #10 B.Kelley,1,10,CSU 27,73,-7,UTSA Roadrunners,Colorado State Rams,0,7,93.1,6.9,197.0,152.0,349.0,195.0,35.0,230.0,game,Total,,,84.5,,,—,—,,7.0,,hit,,,,—,,
2026-09-26T17:55:02.380137+00:00,cfb,2026,4,401860896,40186089628,1,14:42,No Huddle-Shotgun #2 O.McCown pass incomplete short left to #1 W.Henderson III thrown to CSU28 QB hurried by #10 B.Kelley,1,10,CSU 27,73,-7,UTSA Roadrunners,Colorado State Rams,0,7,93.1,6.9,197.0,152.0,349.0,195.0,35.0,230.0,game,ML,Colorado State,,,kalshi,3233.0,—,—,,Win,,hit,,,,—,,
2026-09-26T17:55:02.380137+00:00,cfb,2026,4,401860896,40186089628,1,14:42,No Huddle-Shotgun #2 O.McCown pass incomplete short left to #1 W.Henderson III thrown to CSU28 QB hurried by #10 B.Kelley,1,10,CSU 27,73,-7,UTSA Roadrunners,Colorado State Rams,0,7,93.1,6.9,197.0,152.0,349.0,195.0,35.0,230.0,game,ML,UTSA,,,kalshi,-4900.0,—,—,,Loss,,miss,-47.1,,,—,,
2026-09-26T17:55:02.380137+00:00,cfb,2026,4,401860896,40186089631,1,14:42,No Huddle-Shotgun #1 W.Henderson III rush middle for 1 yard gain to the CSU26 (#93 R.Harrison; #77 J.Moran),2,10,CSU 27,73,-7,UTSA Roadrunners,Colorado State Rams,0,7,93.1,6.9,197.0,152.0,349.0,195.0,35.0,230.0,game,Spread,UTSA,,21.5,prophetx,-102.0,-0.9,—,,-7,,hit,,,,-10.2,,
2026-09-26T17:55:02.380137+00:00,cfb,2026,4,401860896,40186089631,1,14:42,No Huddle-Shotgun #1 W.Henderson III rush middle for 1 yard gain to the CSU26 (#93 R.Harrison; #77 J.Moran),2,10,CSU 27,73,-7,UTSA Roadrunners,Colorado State Rams,0,7,93.1,6.9,197.0,152.0,349.0,195.0,35.0,230.0,game,Spread,UTSA,,-21.5,prophetx,-102.0,-0.9,—,,-7,,miss,,,,-10.2,,
2026-09-26T17:55:02.380137+00:00,cfb,2026,4,401860896,40186089631,1,14:42,No Huddle-Shotgun #1 W.Henderson III rush middle for 1 yard gain to the CSU26 (#93 R.Harrison; #77 J.Moran),2,10,CSU 27,73,-7,UTSA Roadrunners,Colorado State Rams,0,7,93.1,6.9,197.0,152.0,349.0,195.0,35.0,230.0,game,Total,Over,,84.5,kalshi,-105.0,65.1,+871,0.103,7.0,,miss,,,,59.6,,
2026-09-26T17:55:02.380137+00:00,cfb,2026,4,401860896,40186089631,1,14:42,No Huddle-Shotgun #1 W.Henderson III rush middle for 1 yard gain to the CSU26 (#93 R.Harrison; #77 J.Moran),2,10,CSU 27,73,-7,UTSA Roadrunners,Colorado State Rams,0,7,93.1,6.9,197.0,152.0,349.0,195.0,35.0,230.0,game,Total,,,84.5,,,—,—,,7.0,,hit,,,,—,,
2026-09-26T17:55:02.380137+00:00,cfb,2026,4,401860896,40186089631,1,14:42,No Huddle-Shotgun #1 W.Henderson III rush middle for 1 yard gain to the CSU26 (#93 R.Harrison; #77 J.Moran),2,10,CSU 27,73,-7,UTSA Roadrunners,Colorado State Rams,0,7,93.1,6.9,197.0,152.0,349.0,195.0,35.0,230.0,game,ML,Colorado State,,,kalshi,3233.0,—,—,,Win,,hit,,,,—,,
2026-09-26T17:55:02.380137+00:00,cfb,2026,4,401860896,40186089631,1,14:42,No Huddle-Shotgun #1 W.Henderson III rush middle for 1 yard gain to the CSU26 (#93 R.Harrison; #77 J.Moran),2,10,CSU 27,73,-7,UTSA Roadrunners,Colorado State Rams,0,7,93.1,6.9,197.0,152.0,349.0,195.0,35.0,230.0,game,ML,UTSA,,,kalshi,-4900.0,—,—,,Loss,,miss,-47.1,,,—,,
2026-09-26T17:55:02.380137+00:00,cfb,2026,4,401860896,40186089635,1,14:42,No Huddle-Shotgun #2 O.McCown pass incomplete short middle to #14 M.Anderson thrown to CSU25,3,9,CSU 26,74,-7,UTSA Roadrunners,Colorado State Rams,0,7,93.1,6.9,197.0,152.0,349.0,195.0,35.0,230.0,game,Spread,UTSA,,21.5,prophetx,-102.0,-0.9,—,,-7,,hit,,,,-10.2,,
2026-09-26T17:55:02.380137+00:00,cfb,2026,4,401860896,40186089635,1,14:42,No Huddle-Shotgun #2 O.McCown pass incomplete short middle to #14 M.Anderson thrown to CSU25,3,9,CSU 26,74,-7,UTSA Roadrunners,Colorado State Rams,0,7,93.1,6.9,197.0,152.0,349.0,195.0,35.0,230.0,game,Spread,UTSA,,-21.5,prophetx,-102.0,-0.9,—,,-7,,miss,,,,-10.2,,
2026-09-26T17:55:02.380137+00:00,cfb,2026,4,401860896,40186089635,1,14:42,No Huddle-Shotgun #2 O.McCown pass incomplete short middle to #14 M.Anderson thrown to CSU25,3,9,CSU 26,74,-7,UTSA Roadrunners,Colorado State Rams,0,7,93.1,6.9,197.0,152.0,349.0,195.0,35.0,230.0,game,Total,Over,,84.5,kalshi,-105.0,65.1,+871,0.103,7.0,,miss,,,,59.6,,
2026-09-26T17:55:02.380137+00:00,cfb,2026,4,401860896,40186089635,1,14:42,No Huddle-Shotgun #2 O.McCown pass incomplete short middle to #14 M.Anderson thrown to CSU25,3,9,CSU 26,74,-7,UTSA Roadrunners,Colorado State Rams,0,7,93.1,6.9,197.0,152.0,349.0,195.0,35.0,230.0,game,Total,,,84.5,,,—,—,,7.0,,hit,,,,—,,
2026-09-26T17:55:02.380137+00:00,cfb,2026,4,401860896,40186089635,1,14:42,No Huddle-Shotgun #2 O.McCown pass incomplete short middle to #14 M.Anderson thrown to CSU25,3,9,CSU 26,74,-7,UTSA Roadrunners,Colorado State Rams,0,7,93.1,6.9,197.0,152.0,349.0,195.0,35.0,230.0,game,ML,Colorado State,,,kalshi,3233.0,—,—,,Win,,hit,,,,—,,
2026-09-26T17:55:02.380137+00:00,cfb,2026,4,401860896,40186089635,1,14:42,No Huddle-Shotgun #2 O.McCown pass incomplete short middle to #14 M.Anderson thrown to CSU25,3,9,CSU 26,74,-7,UTSA Roadrunners,Colorado State Rams,0,7,93.1,6.9,197.0,152.0,349.0,195.0,35.0,230.0,game,ML,UTSA,,,kalshi,-4900.0,—,—,,Loss,,miss,-47.1,,,—,,
2026-09-26T17:55:02.380137+00:00,cfb,2026,4,401860896,40186089638,1,13:25,"#92 M.Petro field goal attempt from 44 yards NO GOOD (H: #30 C.Hogan, LS: #67 J.Stephens III), clock 13:25, End Of Play",4,9,CSU 26,74,-7,UTSA Roadrunners,Colorado State Rams,0,7,93.1,6.9,197.0,152.0,349.0,195.0,35.0,230.0,game,Spread,UTSA,,21.5,prophetx,-102.0,-0.8,—,,-7,,hit,,,,-10.2,,
2026-09-26T17:55:02.380137+00:00,cfb,2026,4,401860896,40186089638,1,13:25,"#92 M.Petro field goal attempt from 44 yards NO GOOD (H: #30 C.Hogan, LS: #67 J.Stephens III), clock 13:25, End Of Play",4,9,CSU 26,74,-7,UTSA Roadrunners,Colorado State Rams,0,7,93.1,6.9,197.0,152.0,349.0,195.0,35.0,230.0,game,Spread,UTSA,,-21.5,prophetx,-102.0,-0.8,—,,-7,,miss,,,,-10.2,,
2026-09-26T17:55:02.380137+00:00,cfb,2026,4,401860896,40186089638,1,13:25,"#92 M.Petro field goal attempt from 44 yards NO GOOD (H: #30 C.Hogan, LS: #67 J.Stephens III), clock 13:25, End Of Play",4,9,CSU 26,74,-7,UTSA Roadrunners,Colorado State Rams,0,7,93.1,6.9,197.0,152.0,349.0,195.0,35.0,230.0,game,Total,Over,,84.5,kalshi,-105.0,65,+931,0.097,7.0,,miss,,,,59.6,,
2026-09-26T17:55:02.380137+00:00,cfb,2026,4,401860896,40186089638,1,13:25,"#92 M.Petro field goal attempt from 44 yards NO GOOD (H: #30 C.Hogan, LS: #67 J.Stephens III), clock 13:25, End Of Play",4,9,CSU 26,74,-7,UTSA Roadrunners,Colorado State Rams,0,7,93.1,6.9,197.0,152.0,349.0,195.0,35.0,230.0,game,Total,,,84.5,,,—,—,,7.0,,hit,,,,—,,
2026-09-26T17:55:02.380137+00:00,cfb,2026,4,401860896,40186089638,1,13:25,"#92 M.Petro field goal attempt from 44 yards NO GOOD (H: #30 C.Hogan, LS: #67 J.Stephens III), clock 13:25, End Of Play",4,9,CSU 26,74,-7,UTSA Roadrunners,Colorado State Rams,0,7,93.1,6.9,197.0,152.0,349.0,195.0,35.0,230.0,game,ML,Colorado State,,,kalshi,3233.0,—,—,,Win,,hit,,,,—,,
2026-09-26T17:55:02.380137+00:00,cfb,2026,4,401860896,40186089638,1,13:25,"#92 M.Petro field goal attempt from 44 yards NO GOOD (H: #30 C.Hogan, LS: #67 J.Stephens III), clock 13:25, End Of Play",4,9,CSU 26,74,-7,UTSA Roadrunners,Colorado State Rams,0,7,93.1,6.9,197.0,152.0,349.0,195.0,35.0,230.0,game,ML,UTSA,,,kalshi,-4900.0,—,—,,Loss,,miss,-47.2,,,—,,
2026-09-26T17:55:02.380137+00:00,cfb,2026,4,401860896,40186089643,1,13:16,"Shotgun #2 K.Farrar pass complete deep middle to #15 T.Smith caught at UTSA32, for 74 yards to the UTSA00 TOUCHDOWN, clock 13:16, 1ST DOWN #40 K.Nguma kick attempt good (H: #39 N.Sutcliffe, LS: #56 W.Himebauch)",1,10,CSU 26,74,-14,UTSA Roadrunners,Colorado State Rams,0,14,93.1,6.9,197.0,152.0,349.0,195.0,35.0,230.0,game,Spread,UTSA,,21.5,prophetx,-102.0,+7.4,—,,-14,,hit,,,,-10.2,,
2026-09-26T17:55:02.380137+00:00,cfb,2026,4,401860896,40186089643,1,13:16,"Shotgun #2 K.Farrar pass complete deep middle to #15 T.Smith caught at UTSA32, for 74 yards to the UTSA00 TOUCHDOWN, clock 13:16, 1ST DOWN #40 K.Nguma kick attempt good (H: #39 N.Sutcliffe, LS: #56 W.Himebauch)",1,10,CSU 26,74,-14,UTSA Roadrunners,Colorado State Rams,0,14,93.1,6.9,197.0,152.0,349.0,195.0,35.0,230.0,game,Spread,UTSA,,-21.5,prophetx,-102.0,+7.4,—,,-14,,miss,,,,-10.2,,
2026-09-26T17:55:02.380137+00:00,cfb,2026,4,401860896,40186089643,1,13:16,"Shotgun #2 K.Farrar pass complete deep middle to #15 T.Smith caught at UTSA32, for 74 yards to the UTSA00 TOUCHDOWN, clock 13:16, 1ST DOWN #40 K.Nguma kick attempt good (H: #39 N.Sutcliffe, LS: #56 W.Himebauch)",1,10,CSU 26,74,-14,UTSA Roadrunners,Colorado State Rams,0,14,93.1,6.9,197.0,152.0,349.0,195.0,35.0,230.0,game,Total,Over,,84.5,kalshi,-105.0,71.6,+469,0.1757,14.0,,miss,,,,59.6,,
2026-09-26T17:55:02.380137+00:00,cfb,2026,4,401860896,40186089643,1,13:16,"Shotgun #2 K.Farrar pass complete deep middle to #15 T.Smith caught at UTSA32, for 74 yards to the UTSA00 TOUCHDOWN, clock 13:16, 1ST DOWN #40 K.Nguma kick attempt good (H: #39 N.Sutcliffe, LS: #56 W.Himebauch)",1,10,CSU 26,74,-14,UTSA Roadrunners,Colorado State Rams,0,14,93.1,6.9,197.0,152.0,349.0,195.0,35.0,230.0,game,Total,,,84.5,,,—,—,,14.0,,hit,,,,—,,
2026-09-26T17:55:02.380137+00:00,cfb,2026,4,401860896,40186089643,1,13:16,"Shotgun #2 K.Farrar pass complete deep middle to #15 T.Smith caught at UTSA32, for 74 yards to the UTSA00 TOUCHDOWN, clock 13:16, 1ST DOWN #40 K.Nguma kick attempt good (H: #39 N.Sutcliffe, LS: #56 W.Himebauch)",1,10,CSU 26,74,-14,UTSA Roadrunners,Colorado State Rams,0,14,93.1,6.9,197.0,152.0,349.0,195.0,35.0,230.0,game,ML,Colorado State,,,kalshi,3233.0,—,—,,Win,,hit,2137.1,,,—,,
2026-09-26T17:55:02.380137+00:00,cfb,2026,4,401860896,40186089643,1,13:16,"Shotgun #2 K.Farrar pass complete deep middle to #15 T.Smith caught at UTSA32, for 74 yards to the UTSA00 TOUCHDOWN, clock 13:16, 1ST DOWN #40 K.Nguma kick attempt good (H: #39 N.Sutcliffe, LS: #56 W.Himebauch)",1,10,CSU 26,74,-14,UTSA Roadrunners,Colorado State Rams,0,14,93.1,6.9,197.0,152.0,349.0,195.0,35.0,230.0,game,ML,UTSA,,,kalshi,-4900.0,—,—,,Loss,,miss,,,,—,,
2026-09-26T17:55:02.380137+00:00,cfb,2026,4,401860896,40186089651,1,13:16,"#99 C.Craig kickoff 65 yards to the UTSA00, Touchback",1,10,,65,-14,UTSA Roadrunners,Colorado State Rams,0,14,93.1,6.9,197.0,152.0,349.0,195.0,35.0,230.0,game,Spread,UTSA,,21.5,prophetx,-102.0,+7.4,—,,-14,,hit,,,,-10.2,,
2026-09-26T17:55:02.380137+00:00,cfb,2026,4,401860896,40186089651,1,13:16,"#99 C.Craig kickoff 65 yards to the UTSA00, Touchback",1,10,,65,-14,UTSA Roadrunners,Colorado State Rams,0,14,93.1,6.9,197.0,152.0,349.0,195.0,35.0,230.0,game,Spread,UTSA,,-21.5,prophetx,-102.0,+7.4,—,,-14,,miss,,,,-10.2,,
2026-09-26T17:55:02.380137+00:00,cfb,2026,4,401860896,40186089651,1,13:16,"#99 C.Craig kickoff 65 yards to the UTSA00, Touchback",1,10,,65,-14,UTSA Roadrunners,Colorado State Rams,0,14,93.1,6.9,197.0,152.0,349.0,195.0,35.0,230.0,game,Total,Over,,84.5,kalshi,-105.0,71.6,+469,0.1757,14.0,,miss,,,,59.6,,
2026-09-26T17:55:02.380137+00:00,cfb,2026,4,401860896,40186089651,1,13:16,"#99 C.Craig kickoff 65 yards to the UTSA00, Touchback",1,10,,65,-14,UTSA Roadrunners,Colorado State Rams,0,14,93.1,6.9,197.0,152.0,349.0,195.0,35.0,230.0,game,Total,,,84.5,,,—,—,,14.0,,hit,,,,—,,
2026-09-26T17:55:02.380137+00:00,cfb,2026,4,401860896,40186089651,1,13:16,"#99 C.Craig kickoff 65 yards to the UTSA00, Touchback",1,10,,65,-14,UTSA Roadrunners,Colorado State Rams,0,14,93.1,6.9,197.0,152.0,349.0,195.0,35.0,230.0,game,ML,Colorado State,,,kalshi,3233.0,—,—,,Win,,hit,2137.1,,,—,,
2026-09-26T17:55:02.380137+00:00,cfb,2026,4,401860896,40186089651,1,13:16,"#99 C.Craig kickoff 65 yards to the UTSA00, Touchback",1,10,,65,-14,UTSA Roadrunners,Colorado State Rams,0,14,93.1,6.9,197.0,152.0,349.0,195.0,35.0,230.0,game,ML,UTSA,,,kalshi,-4900.0,—,—,,Loss,,miss,,,,—,,
2026-09-26T17:55:02.380137+00:00,cfb,2026,4,401860896,40186089654,1,13:16,"Shotgun #2 O.McCown pass complete short right to #0 D.Amador II caught at UTSA29, for 4 yards to the UTSA29 (#6 E.Brown)",1,10,UTSA 25,25,-14,UTSA Roadrunners,Colorado State Rams,0,14,93.1,6.9,197.0,152.0,349.0,195.0,35.0,230.0,game,Spread,UTSA,,21.5,prophetx,-102.0,+7.4,—,,-14,,hit,,,,-10.2,,
2026-09-26T17:55:02.380137+00:00,cfb,2026,4,401860896,40186089654,1,13:16,"Shotgun #2 O.McCown pass complete short right to #0 D.Amador II caught at UTSA29, for 4 yards to the UTSA29 (#6 E.Brown)",1,10,UTSA 25,25,-14,UTSA Roadrunners,Colorado State Rams,0,14,93.1,6.9,197.0,152.0,349.0,195.0,35.0,230.0,game,Spread,UTSA,,-21.5,prophetx,-102.0,+7.4,—,,-14,,miss,,,,-10.2,,
2026-09-26T17:55:02.380137+00:00,cfb,2026,4,401860896,40186089654,1,13:16,"Shotgun #2 O.McCown pass complete short right to #0 D.Amador II caught at UTSA29, for 4 yards to the UTSA29 (#6 E.Brown)",1,10,UTSA 25,25,-14,UTSA Roadrunners,Colorado State Rams,0,14,93.1,6.9,197.0,152.0,349.0,195.0,35.0,230.0,game,Total,Over,,84.5,kalshi,-105.0,71.6,+469,0.1757,14.0,,miss,,,,59.6,,
2026-09-26T17:55:02.380137+00:00,cfb,2026,4,401860896,40186089654,1,13:16,"Shotgun #2 O.McCown pass complete short right to #0 D.Amador II caught at UTSA29, for 4 yards to the UTSA29 (#6 E.Brown)",1,10,UTSA 25,25,-14,UTSA Roadrunners,Colorado State Rams,0,14,93.1,6.9,197.0,152.0,349.0,195.0,35.0,230.0,game,Total,,,84.5,,,—,—,,14.0,,hit,,,,—,,
2026-09-26T17:55:02.380137+00:00,cfb,2026,4,401860896,40186089654,1,13:16,"Shotgun #2 O.McCown pass complete short right to #0 D.Amador II caught at UTSA29, for 4 yards to the UTSA29 (#6 E.Brown)",1,10,UTSA 25,25,-14,UTSA Roadrunners,Colorado State Rams,0,14,93.1,6.9,197.0,152.0,349.0,195.0,35.0,230.0,game,ML,Colorado State,,,kalshi,3233.0,—,—,,Win,,hit,2137.1,,,—,,
2026-09-26T17:55:02.380137+00:00,cfb,2026,4,401860896,40186089654,1,13:16,"Shotgun #2 O.McCown pass complete short right to #0 D.Amador II caught at UTSA29, for 4 yards to the UTSA29 (#6 E.Brown)",1,10,UTSA 25,25,-14,UTSA Roadrunners,Colorado State Rams,0,14,93.1,6.9,197.0,152.0,349.0,195.0,35.0,230.0,game,ML,UTSA,,,kalshi,-4900.0,—,—,,Loss,,miss,,,,—,,
2026-09-26T17:55:02.380137+00:00,cfb,2026,4,401860896,40186089659,1,13:16,No Huddle-Shotgun #1 W.Henderson III rush middle for 4 yards gain to the UTSA33 (#96 T.Fitten),2,6,UTSA 29,29,-14,UTSA Roadrunners,Colorado State Rams,0,14,93.1,6.9,197.0,152.0,349.0,195.0,35.0,230.0,game,Spread,UTSA,,21.5,prophetx,-102.0,+7.4,—,,-14,,hit,,,,-10.2,,
2026-09-26T17:55:02.380137+00:00,cfb,2026,4,401860896,40186089659,1,13:16,No Huddle-Shotgun #1 W.Henderson III rush middle for 4 yards gain to the UTSA33 (#96 T.Fitten),2,6,UTSA 29,29,-14,UTSA Roadrunners,Colorado State Rams,0,14,93.1,6.9,197.0,152.0,349.0,195.0,35.0,230.0,game,Spread,UTSA,,-21.5,prophetx,-102.0,+7.4,—,,-14,,miss,,,,-10.2,,
2026-09-26T17:55:02.380137+00:00,cfb,2026,4,401860896,40186089659,1,13:16,No Huddle-Shotgun #1 W.Henderson III rush middle for 4 yards gain to the UTSA33 (#96 T.Fitten),2,6,UTSA 29,29,-14,UTSA Roadrunners,Colorado State Rams,0,14,93.1,6.9,197.0,152.0,349.0,195.0,35.0,230.0,game,Total,Over,,84.5,kalshi,-105.0,71.6,+469,0.1757,14.0,,miss,,,,59.6,,
2026-09-26T17:55:02.380137+00:00,cfb,2026,4,401860896,40186089659,1,13:16,No Huddle-Shotgun #1 W.Henderson III rush middle for 4 yards gain to the UTSA33 (#96 T.Fitten),2,6,UTSA 29,29,-14,UTSA Roadrunners,Colorado State Rams,0,14,93.1,6.9,197.0,152.0,349.0,195.0,35.0,230.0,game,Total,,,84.5,,,—,—,,14.0,,hit,,,,—,,
2026-09-26T17:55:02.380137+00:00,cfb,2026,4,401860896,40186089659,1,13:16,No Huddle-Shotgun #1 W.Henderson III rush middle for 4 yards gain to the UTSA33 (#96 T.Fitten),2,6,UTSA 29,29,-14,UTSA Roadrunners,Colorado State Rams,0,14,93.1,6.9,197.0,152.0,349.0,195.0,35.0,230.0,game,ML,Colorado State,,,kalshi,3233.0,—,—,,Win,,hit,2137.1,,,—,,
2026-09-26T17:55:02.380137+00:00,cfb,2026,4,401860896,40186089659,1,13:16,No Huddle-Shotgun #1 W.Henderson III rush middle for 4 yards gain to the UTSA33 (#96 T.Fitten),2,6,UTSA 29,29,-14,UTSA Roadrunners,Colorado State Rams,0,14,93.1,6.9,197.0,152.0,349.0,195.0,35.0,230.0,game,ML,UTSA,,,kalshi,-4900.0,—,—,,Loss,,miss,,,,—,,
2026-09-26T17:55:02.380137+00:00,cfb,2026,4,401860896,40186089663,1,13:16,"No Huddle-Shotgun #1 W.Henderson III rush middle for 2 yards gain to the UTSA35 (#15 T.Moore; #92 M.Wa-Kalonji), 1ST DOWN",3,2,UTSA 33,33,-14,UTSA Roadrunners,Colorado State Rams,0,14,93.1,6.9,197.0,152.0,349.0,195.0,35.0,230.0,game,Spread,UTSA,,21.5,prophetx,-102.0,+7.4,—,,-14,,hit,,,,-10.2,,
2026-09-26T17:55:02.380137+00:00,cfb,2026,4,401860896,40186089663,1,13:16,"No Huddle-Shotgun #1 W.Henderson III rush middle for 2 yards gain to the UTSA35 (#15 T.Moore; #92 M.Wa-Kalonji), 1ST DOWN",3,2,UTSA 33,33,-14,UTSA Roadrunners,Colorado State Rams,0,14,93.1,6.9,197.0,152.0,349.0,195.0,35.0,230.0,game,Spread,UTSA,,-21.5,prophetx,-102.0,+7.4,—,,-14,,miss,,,,-10.2,,
2026-09-26T17:55:02.380137+00:00,cfb,2026,4,401860896,40186089663,1,13:16,"No Huddle-Shotgun #1 W.Henderson III rush middle for 2 yards gain to the UTSA35 (#15 T.Moore; #92 M.Wa-Kalonji), 1ST DOWN",3,2,UTSA 33,33,-14,UTSA Roadrunners,Colorado State Rams,0,14,93.1,6.9,197.0,152.0,349.0,195.0,35.0,230.0,game,Total,Over,,84.5,kalshi,-105.0,71.6,+469,0.1757,14.0,,miss,,,,59.6,,
2026-09-26T17:55:02.380137+00:00,cfb,2026,4,401860896,40186089663,1,13:16,"No Huddle-Shotgun #1 W.Henderson III rush middle for 2 yards gain to the UTSA35 (#15 T.Moore; #92 M.Wa-Kalonji), 1ST DOWN",3,2,UTSA 33,33,-14,UTSA Roadrunners,Colorado State Rams,0,14,93.1,6.9,197.0,152.0,349.0,195.0,35.0,230.0,game,Total,,,84.5,,,—,—,,14.0,,hit,,,,—,,
2026-09-26T17:55:02.380137+00:00,cfb,2026,4,401860896,40186089663,1,13:16,"No Huddle-Shotgun #1 W.Henderson III rush middle for 2 yards gain to the UTSA35 (#15 T.Moore; #92 M.Wa-Kalonji), 1ST DOWN",3,2,UTSA 33,33,-14,UTSA Roadrunners,Colorado State Rams,0,14,93.1,6.9,197.0,152.0,349.0,195.0,35.0,230.0,game,ML,Colorado State,,,kalshi,3233.0,—,—,,Win,,hit,2137.1,,,—,,
2026-09-26T17:55:02.380137+00:00,cfb,2026,4,401860896,40186089663,1,13:16,"No Huddle-Shotgun #1 W.Henderson III rush middle for 2 yards gain to the UTSA35 (#15 T.Moore; #92 M.Wa-Kalonji), 1ST DOWN",3,2,UTSA 33,33,-14,UTSA Roadrunners,Colorado State Rams,0,14,93.1,6.9,197.0,152.0,349.0,195.0,35.0,230.0,game,ML,UTSA,,,kalshi,-4900.0,—,—,,Loss,,miss,,,,—,,
2026-09-26T17:55:02.380137+00:00,cfb,2026,4,401860896,40186089667,1,13:16,No Huddle-Shotgun #2 O.McCown rush middle for 9 yards gain to the UTSA44 (#2 O.Diomande),1,10,UTSA 35,35,-14,UTSA Roadrunners,Colorado State Rams,0,14,93.1,6.9,197.0,152.0,349.0,195.0,35.0,230.0,game,Spread,UTSA,,21.5,prophetx,-102.0,+7.4,—,,-14,,hit,,,,-10.2,,
2026-09-26T17:55:02.380137+00:00,cfb,2026,4,401860896,40186089667,1,13:16,No Huddle-Shotgun #2 O.McCown rush middle for 9 yards gain to the UTSA44 (#2 O.Diomande),1,10,UTSA 35,35,-14,UTSA Roadrunners,Colorado State Rams,0,14,93.1,6.9,197.0,152.0,349.0,195.0,35.0,230.0,game,Spread,UTSA,,-21.5,prophetx,-102.0,+7.4,—,,-14,,miss,,,,-10.2,,
2026-09-26T17:55:02.380137+00:00,cfb,2026,4,401860896,40186089667,1,13:16,No Huddle-Shotgun #2 O.McCown rush middle for 9 yards gain to the UTSA44 (#2 O.Diomande),1,10,UTSA 35,35,-14,UTSA Roadrunners,Colorado State Rams,0,14,93.1,6.9,197.0,152.0,349.0,195.0,35.0,230.0,game,Total,Over,,84.5,kalshi,-105.0,71.6,+469,0.1757,14.0,,miss,,,,59.6,,
2026-09-26T17:55:02.380137+00:00,cfb,2026,4,401860896,40186089667,1,13:16,No Huddle-Shotgun #2 O.McCown rush middle for 9 yards gain to the UTSA44 (#2 O.Diomande),1,10,UTSA 35,35,-14,UTSA Roadrunners,Colorado State Rams,0,14,93.1,6.9,197.0,152.0,349.0,195.0,35.0,230.0,game,Total,,,84.5,,,—,—,,14.0,,hit,,,,—,,
2026-09-26T17:55:02.380137+00:00,cfb,2026,4,401860896,40186089667,1,13:16,No Huddle-Shotgun #2 O.McCown rush middle for 9 yards gain to the UTSA44 (#2 O.Diomande),1,10,UTSA 35,35,-14,UTSA Roadrunners,Colorado State Rams,0,14,93.1,6.9,197.0,152.0,349.0,195.0,35.0,230.0,game,ML,Colorado State,,,kalshi,3233.0,—,—,,Win,,hit,2137.1,,,—,,
2026-09-26T17:55:02.380137+00:00,cfb,2026,4,401860896,40186089667,1,13:16,No Huddle-Shotgun #2 O.McCown rush middle for 9 yards gain to the UTSA44 (#2 O.Diomande),1,10,UTSA 35,35,-14,UTSA Roadrunners,Colorado State Rams,0,14,93.1,6.9,197.0,152.0,349.0,195.0,35.0,230.0,game,ML,UTSA,,,kalshi,-4900.0,—,—,,Loss,,miss,,,,—,,
2026-09-26T17:55:02.380137+00:00,cfb,2026,4,401860896,40186089671,1,13:16,"No Huddle-Shotgun #1 W.Henderson III rush middle for 4 yards gain to the UTSA48 (#2 O.Diomande), 1ST DOWN",2,1,UTSA 44,44,-14,UTSA Roadrunners,Colorado State Rams,0,14,93.1,6.9,197.0,152.0,349.0,195.0,35.0,230.0,game,Spread,UTSA,,21.5,prophetx,-102.0,+7.4,—,,-14,,hit,,,,-10.2,,
2026-09-26T17:55:02.380137+00:00,cfb,2026,4,401860896,40186089671,1,13:16,"No Huddle-Shotgun #1 W.Henderson III rush middle for 4 yards gain to the UTSA48 (#2 O.Diomande), 1ST DOWN",2,1,UTSA 44,44,-14,UTSA Roadrunners,Colorado State Rams,0,14,93.1,6.9,197.0,152.0,349.0,195.0,35.0,230.0,game,Spread,UTSA,,-21.5,prophetx,-102.0,+7.4,—,,-14,,miss,,,,-10.2,,
2026-09-26T17:55:02.380137+00:00,cfb,2026,4,401860896,40186089671,1,13:16,"No Huddle-Shotgun #1 W.Henderson III rush middle for 4 yards gain to the UTSA48 (#2 O.Diomande), 1ST DOWN",2,1,UTSA 44,44,-14,UTSA Roadrunners,Colorado State Rams,0,14,93.1,6.9,197.0,152.0,349.0,195.0,35.0,230.0,game,Total,Over,,84.5,kalshi,-105.0,71.6,+469,0.1757,14.0,,miss,,,,59.6,,
2026-09-26T17:55:02.380137+00:00,cfb,2026,4,401860896,40186089671,1,13:16,"No Huddle-Shotgun #1 W.Henderson III rush middle for 4 yards gain to the UTSA48 (#2 O.Diomande), 1ST DOWN",2,1,UTSA 44,44,-14,UTSA Roadrunners,Colorado State Rams,0,14,93.1,6.9,197.0,152.0,349.0,195.0,35.0,230.0,game,Total,,,84.5,,,—,—,,14.0,,hit,,,,—,,
2026-09-26T17:55:02.380137+00:00,cfb,2026,4,401860896,40186089671,1,13:16,"No Huddle-Shotgun #1 W.Henderson III rush middle for 4 yards gain to the UTSA48 (#2 O.Diomande), 1ST DOWN",2,1,UTSA 44,44,-14,UTSA Roadrunners,Colorado State Rams,0,14,93.1,6.9,197.0,152.0,349.0,195.0,35.0,230.0,game,ML,Colorado State,,,kalshi,3233.0,—,—,,Win,,hit,2137.1,,,—,,
2026-09-26T17:55:02.380137+00:00,cfb,2026,4,401860896,40186089671,1,13:16,"No Huddle-Shotgun #1 W.Henderson III rush middle for 4 yards gain to the UTSA48 (#2 O.Diomande), 1ST DOWN",2,1,UTSA 44,44,-14,UTSA Roadrunners,Colorado State Rams,0,14,93.1,6.9,197.0,152.0,349.0,195.0,35.0,230.0,game,ML,UTSA,,,kalshi,-4900.0,—,—,,Loss,,miss,,,,—,,
2026-09-26T17:55:02.380137+00:00,cfb,2026,4,401860896,40186089675,1,13:16,No Huddle-Shotgun #2 O.McCown pass incomplete short right to #0 D.Amador II thrown to CSU38,1,10,UTSA 48,48,-14,UTSA Roadrunners,Colorado State Rams,0,14,93.1,6.9,197.0,152.0,349.0,195.0,35.0,230.0,game,Spread,UTSA,,21.5,prophetx,-102.0,+7.4,—,,-14,,hit,,,,-10.2,,
2026-09-26T17:55:02.380137+00:00,cfb,2026,4,401860896,40186089675,1,13:16,No Huddle-Shotgun #2 O.McCown pass incomplete short right to #0 D.Amador II thrown to CSU38,1,10,UTSA 48,48,-14,UTSA Roadrunners,Colorado State Rams,0,14,93.1,6.9,197.0,152.0,349.0,195.0,35.0,230.0,game,Spread,UTSA,,-21.5,prophetx,-102.0,+7.4,—,,-14,,miss,,,,-10.2,,
2026-09-26T17:55:02.380137+00:00,cfb,2026,4,401860896,40186089675,1,13:16,No Huddle-Shotgun #2 O.McCown pass incomplete short right to #0 D.Amador II thrown to CSU38,1,10,UTSA 48,48,-14,UTSA Roadrunners,Colorado State Rams,0,14,93.1,6.9,197.0,152.0,349.0,195.0,35.0,230.0,game,Total,Over,,84.5,kalshi,-105.0,71.6,+469,0.1757,14.0,,miss,,,,59.6,,
2026-09-26T17:55:02.380137+00:00,cfb,2026,4,401860896,40186089675,1,13:16,No Huddle-Shotgun #2 O.McCown pass incomplete short right to #0 D.Amador II thrown to CSU38,1,10,UTSA 48,48,-14,UTSA Roadrunners,Colorado State Rams,0,14,93.1,6.9,197.0,152.0,349.0,195.0,35.0,230.0,game,Total,,,84.5,,,—,—,,14.0,,hit,,,,—,,
2026-09-26T17:55:02.380137+00:00,cfb,2026,4,401860896,40186089675,1,13:16,No Huddle-Shotgun #2 O.McCown pass incomplete short right to #0 D.Amador II thrown to CSU38,1,10,UTSA 48,48,-14,UTSA Roadrunners,Colorado State Rams,0,14,93.1,6.9,197.0,152.0,349.0,195.0,35.0,230.0,game,ML,Colorado State,,,kalshi,3233.0,—,—,,Win,,hit,2137.1,,,—,,
2026-09-26T17:55:02.380137+00:00,cfb,2026,4,401860896,40186089675,1,13:16,No Huddle-Shotgun #2 O.McCown pass incomplete short right to #0 D.Amador II thrown to CSU38,1,10,UTSA 48,48,-14,UTSA Roadrunners,Colorado State Rams,0,14,93.1,6.9,197.0,152.0,349.0,195.0,35.0,230.0,game,ML,UTSA,,,kalshi,-4900.0,—,—,,Loss,,miss,,,,—,,
2026-09-26T17:55:02.380137+00:00,cfb,2026,4,401860896,40186089678,1,10:56,(10:56) No Huddle-Shotgun #2 O.McCown pass incomplete short middle to #0 D.Amador II thrown to CSU41 broken up by #6 E.Brown,2,10,UTSA 48,48,-14,UTSA Roadrunners,Colorado State Rams,0,14,93.1,6.9,197.0,152.0,349.0,195.0,35.0,230.0,game,Spread,UTSA,,21.5,prophetx,-102.0,+7.5,—,,-14,,hit,,,,-10.2,,
2026-09-26T17:55:02.380137+00:00,cfb,2026,4,401860896,40186089678,1,10:56,(10:56) No Huddle-Shotgun #2 O.McCown pass incomplete short middle to #0 D.Amador II thrown to CSU41 broken up by #6 E.Brown,2,10,UTSA 48,48,-14,UTSA Roadrunners,Colorado State Rams,0,14,93.1,6.9,197.0,152.0,349.0,195.0,35.0,230.0,game,Spread,UTSA,,-21.5,prophetx,-102.0,+7.5,—,,-14,,miss,,,,-10.2,,
2026-09-26T17:55:02.380137+00:00,cfb,2026,4,401860896,40186089678,1,10:56,(10:56) No Huddle-Shotgun #2 O.McCown pass incomplete short middle to #0 D.Amador II thrown to CSU41 broken up by #6 E.Brown,2,10,UTSA 48,48,-14,UTSA Roadrunners,Colorado State Rams,0,14,93.1,6.9,197.0,152.0,349.0,195.0,35.0,230.0,game,Total,Over,,84.5,kalshi,-105.0,69.3,+579,0.1473,14.0,,miss,,,,59.6,,
2026-09-26T17:55:02.380137+00:00,cfb,2026,4,401860896,40186089678,1,10:56,(10:56) No Huddle-Shotgun #2 O.McCown pass incomplete short middle to #0 D.Amador II thrown to CSU41 broken up by #6 E.Brown,2,10,UTSA 48,48,-14,UTSA Roadrunners,Colorado State Rams,0,14,93.1,6.9,197.0,152.0,349.0,195.0,35.0,230.0,game,Total,,,84.5,,,—,—,,14.0,,hit,,,,—,,
2026-09-26T17:55:02.380137+00:00,cfb,2026,4,401860896,40186089678,1,10:56,(10:56) No Huddle-Shotgun #2 O.McCown pass incomplete short middle to #0 D.Amador II thrown to CSU41 broken up by #6 E.Brown,2,10,UTSA 48,48,-14,UTSA Roadrunners,Colorado State Rams,0,14,93.1,6.9,197.0,152.0,349.0,195.0,35.0,230.0,game,ML,Colorado State,,,kalshi,3233.0,—,—,,Win,,hit,2156.4,,,—,,
2026-09-26T17:55:02.380137+00:00,cfb,2026,4,401860896,40186089678,1,10:56,(10:56) No Huddle-Shotgun #2 O.McCown pass incomplete short middle to #0 D.Amador II thrown to CSU41 broken up by #6 E.Brown,2,10,UTSA 48,48,-14,UTSA Roadrunners,Colorado State Rams,0,14,93.1,6.9,197.0,152.0,349.0,195.0,35.0,230.0,game,ML,UTSA,,,kalshi,-4900.0,—,—,,Loss,,miss,,,,—,,
2026-09-26T17:55:02.380137+00:00,cfb,2026,4,401860896,40186089681,1,10:52,"(10:52) No Huddle-Shotgun #2 O.McCown pass complete short left to #84 A.Wilson caught at CSU35, for 18 yards to the CSU34 (#7 J.Lessard), 1ST DOWN",3,10,UTSA 48,48,-14,UTSA Roadrunners,Colorado State Rams,0,14,93.1,6.9,197.0,152.0,349.0,195.0,35.0,230.0,game,Spread,UTSA,,21.5,prophetx,-102.0,+7.6,—,,-14,,hit,,,,-10.2,,
2026-09-26T17:55:02.380137+00:00,cfb,2026,4,401860896,40186089681,1,10:52,"(10:52) No Huddle-Shotgun #2 O.McCown pass complete short left to #84 A.Wilson caught at CSU35, for 18 yards to the CSU34 (#7 J.Lessard), 1ST DOWN",3,10,UTSA 48,48,-14,UTSA Roadrunners,Colorado State Rams,0,14,93.1,6.9,197.0,152.0,349.0,195.0,35.0,230.0,game,Spread,UTSA,,-21.5,prophetx,-102.0,+7.6,—,,-14,,miss,,,,-10.2,,
2026-09-26T17:55:02.380137+00:00,cfb,2026,4,401860896,40186089681,1,10:52,"(10:52) No Huddle-Shotgun #2 O.McCown pass complete short left to #84 A.Wilson caught at CSU35, for 18 yards to the CSU34 (#7 J.Lessard), 1ST DOWN",3,10,UTSA 48,48,-14,UTSA Roadrunners,Colorado State Rams,0,14,93.1,6.9,197.0,152.0,349.0,195.0,35.0,230.0,game,Total,Over,,84.5,kalshi,-105.0,69.4,+611,0.1407,14.0,,miss,,,,59.6,,
2026-09-26T17:55:02.380137+00:00,cfb,2026,4,401860896,40186089681,1,10:52,"(10:52) No Huddle-Shotgun #2 O.McCown pass complete short left to #84 A.Wilson caught at CSU35, for 18 yards to the CSU34 (#7 J.Lessard), 1ST DOWN",3,10,UTSA 48,48,-14,UTSA Roadrunners,Colorado State Rams,0,14,93.1,6.9,197.0,152.0,349.0,195.0,35.0,230.0,game,Total,,,84.5,,,—,—,,14.0,,hit,,,,—,,
2026-09-26T17:55:02.380137+00:00,cfb,2026,4,401860896,40186089681,1,10:52,"(10:52) No Huddle-Shotgun #2 O.McCown pass complete short left to #84 A.Wilson caught at CSU35, for 18 yards to the CSU34 (#7 J.Lessard), 1ST DOWN",3,10,UTSA 48,48,-14,UTSA Roadrunners,Colorado State Rams,0,14,93.1,6.9,197.0,152.0,349.0,195.0,35.0,230.0,game,ML,Colorado State,,,kalshi,3233.0,—,—,,Win,,hit,2159.1,,,—,,
2026-09-26T17:55:02.380137+00:00,cfb,2026,4,401860896,40186089681,1,10:52,"(10:52) No Huddle-Shotgun #2 O.McCown pass complete short left to #84 A.Wilson caught at CSU35, for 18 yards to the CSU34 (#7 J.Lessard), 1ST DOWN",3,10,UTSA 48,48,-14,UTSA Roadrunners,Colorado State Rams,0,14,93.1,6.9,197.0,152.0,349.0,195.0,35.0,230.0,game,ML,UTSA,,,kalshi,-4900.0,—,—,,Loss,,miss,,,,—,,
2026-09-26T17:55:02.380137+00:00,cfb,2026,4,401860896,40186089686,1,10:52,No Huddle-Shotgun #2 O.McCown pass incomplete short left to #84 A.Wilson thrown to CSU27 broken up by #4 D.Phelps,1,10,CSU 34,66,-14,UTSA Roadrunners,Colorado State Rams,0,14,93.1,6.9,197.0,152.0,349.0,195.0,35.0,230.0,game,Spread,UTSA,,21.5,prophetx,-102.0,+7.6,—,,-14,,hit,,,,-10.2,,
2026-09-26T17:55:02.380137+00:00,cfb,2026,4,401860896,40186089686,1,10:52,No Huddle-Shotgun #2 O.McCown pass incomplete short left to #84 A.Wilson thrown to CSU27 broken up by #4 D.Phelps,1,10,CSU 34,66,-14,UTSA Roadrunners,Colorado State Rams,0,14,93.1,6.9,197.0,152.0,349.0,195.0,35.0,230.0,game,Spread,UTSA,,-21.5,prophetx,-102.0,+7.6,—,,-14,,miss,,,,-10.2,,
2026-09-26T17:55:02.380137+00:00,cfb,2026,4,401860896,40186089686,1,10:52,No Huddle-Shotgun #2 O.McCown pass incomplete short left to #84 A.Wilson thrown to CSU27 broken up by #4 D.Phelps,1,10,CSU 34,66,-14,UTSA Roadrunners,Colorado State Rams,0,14,93.1,6.9,197.0,152.0,349.0,195.0,35.0,230.0,game,Total,Over,,84.5,kalshi,-105.0,69.4,+611,0.1407,14.0,,miss,,,,59.6,,
2026-09-26T17:55:02.380137+00:00,cfb,2026,4,401860896,40186089686,1,10:52,No Huddle-Shotgun #2 O.McCown pass incomplete short left to #84 A.Wilson thrown to CSU27 broken up by #4 D.Phelps,1,10,CSU 34,66,-14,UTSA Roadrunners,Colorado State Rams,0,14,93.1,6.9,197.0,152.0,349.0,195.0,35.0,230.0,game,Total,,,84.5,,,—,—,,14.0,,hit,,,,—,,
2026-09-26T17:55:02.380137+00:00,cfb,2026,4,401860896,40186089686,1,10:52,No Huddle-Shotgun #2 O.McCown pass incomplete short left to #84 A.Wilson thrown to CSU27 broken up by #4 D.Phelps,1,10,CSU 34,66,-14,UTSA Roadrunners,Colorado State Rams,0,14,93.1,6.9,197.0,152.0,349.0,195.0,35.0,230.0,game,ML,Colorado State,,,kalshi,3233.0,—,—,,Win,,hit,2159.1,,,—,,
2026-09-26T17:55:02.380137+00:00,cfb,2026,4,401860896,40186089686,1,10:52,No Huddle-Shotgun #2 O.McCown pass incomplete short left to #84 A.Wilson thrown to CSU27 broken up by #4 D.Phelps,1,10,CSU 34,66,-14,UTSA Roadrunners,Colorado State Rams,0,14,93.1,6.9,197.0,152.0,349.0,195.0,35.0,230.0,game,ML,UTSA,,,kalshi,-4900.0,—,—,,Loss,,miss,,,,—,,
2026-09-26T17:55:02.380137+00:00,cfb,2026,4,401860896,40186089694,1,10:14,"(10:14) No Huddle-Shotgun #1 W.Henderson III rush right for 10 yards gain to the CSU24 (#2 O.Diomande), out of bounds, 1ST DOWN. The previous play is under automatic review - ""First down"". CALL OVERTURNED. (Original Play: (10:14) No Huddle-Shotgun #1 W.Henderson III rush right for 9 yards gain to the CSU25 (#2 O.Diomande), out of bounds)",2,10,CSU 34,66,-14,UTSA Roadrunners,Colorado State Rams,0,14,93.1,6.9,197.0,152.0,349.0,195.0,35.0,230.0,game,Spread,UTSA,,21.5,prophetx,-102.0,+7.7,—,,-14,,hit,,,,-10.2,,
2026-09-26T17:55:02.380137+00:00,cfb,2026,4,401860896,40186089694,1,10:14,"(10:14) No Huddle-Shotgun #1 W.Henderson III rush right for 10 yards gain to the CSU24 (#2 O.Diomande), out of bounds, 1ST DOWN. The previous play is under automatic review - ""First down"". CALL OVERTURNED. (Original Play: (10:14) No Huddle-Shotgun #1 W.Henderson III rush right for 9 yards gain to the CSU25 (#2 O.Diomande), out of bounds)",2,10,CSU 34,66,-14,UTSA Roadrunners,Colorado State Rams,0,14,93.1,6.9,197.0,152.0,349.0,195.0,35.0,230.0,game,Spread,UTSA,,-21.5,prophetx,-102.0,+7.7,—,,-14,,miss,,,,-10.2,,
2026-09-26T17:55:02.380137+00:00,cfb,2026,4,401860896,40186089694,1,10:14,"(10:14) No Huddle-Shotgun #1 W.Henderson III rush right for 10 yards gain to the CSU24 (#2 O.Diomande), out of bounds, 1ST DOWN. The previous play is under automatic review - ""First down"". CALL OVERTURNED. (Original Play: (10:14) No Huddle-Shotgun #1 W.Henderson III rush right for 9 yards gain to the CSU25 (#2 O.Diomande), out of bounds)",2,10,CSU 34,66,-14,UTSA Roadrunners,Colorado State Rams,0,14,93.1,6.9,197.0,152.0,349.0,195.0,35.0,230.0,game,Total,Over,,84.5,kalshi,-105.0,68.7,+659,0.1317,14.0,,miss,,,,59.6,,
2026-09-26T17:55:02.380137+00:00,cfb,2026,4,401860896,40186089694,1,10:14,"(10:14) No Huddle-Shotgun #1 W.Henderson III rush right for 10 yards gain to the CSU24 (#2 O.Diomande), out of bounds, 1ST DOWN. The previous play is under automatic review - ""First down"". CALL OVERTURNED. (Original Play: (10:14) No Huddle-Shotgun #1 W.Henderson III rush right for 9 yards gain to the CSU25 (#2 O.Diomande), out of bounds)",2,10,CSU 34,66,-14,UTSA Roadrunners,Colorado State Rams,0,14,93.1,6.9,197.0,152.0,349.0,195.0,35.0,230.0,game,Total,,,84.5,,,—,—,,14.0,,hit,,,,—,,
2026-09-26T17:55:02.380137+00:00,cfb,2026,4,401860896,40186089694,1,10:14,"(10:14) No Huddle-Shotgun #1 W.Henderson III rush right for 10 yards gain to the CSU24 (#2 O.Diomande), out of bounds, 1ST DOWN. The previous play is under automatic review - ""First down"". CALL OVERTURNED. (Original Play: (10:14) No Huddle-Shotgun #1 W.Henderson III rush right for 9 yards gain to the CSU25 (#2 O.Diomande), out of bounds)",2,10,CSU 34,66,-14,UTSA Roadrunners,Colorado State Rams,0,14,93.1,6.9,197.0,152.0,349.0,195.0,35.0,230.0,game,ML,Colorado State,,,kalshi,3233.0,—,—,,Win,,hit,2165.4,,,—,,
2026-09-26T17:55:02.380137+00:00,cfb,2026,4,401860896,40186089694,1,10:14,"(10:14) No Huddle-Shotgun #1 W.Henderson III rush right for 10 yards gain to the CSU24 (#2 O.Diomande), out of bounds, 1ST DOWN. The previous play is under automatic review - ""First down"". CALL OVERTURNED. (Original Play: (10:14) No Huddle-Shotgun #1 W.Henderson III rush right for 9 yards gain to the CSU25 (#2 O.Diomande), out of bounds)",2,10,CSU 34,66,-14,UTSA Roadrunners,Colorado State Rams,0,14,93.1,6.9,197.0,152.0,349.0,195.0,35.0,230.0,game,ML,UTSA,,,kalshi,-4900.0,—,—,,Loss,,miss,,,,—,,
2026-09-26T17:55:02.380137+00:00,cfb,2026,4,401860896,40186089699,1,10:14,No Huddle-Shotgun #10 B.High Jr. rush right for 8 yards gain to the CSU16 (#2 O.Diomande),1,10,CSU 24,76,-14,UTSA Roadrunners,Colorado State Rams,0,14,93.1,6.9,197.0,152.0,349.0,195.0,35.0,230.0,game,Spread,UTSA,,21.5,prophetx,-102.0,+7.7,—,,-14,,hit,,,,-10.2,,
2026-09-26T17:55:02.380137+00:00,cfb,2026,4,401860896,40186089699,1,10:14,No Huddle-Shotgun #10 B.High Jr. rush right for 8 yards gain to the CSU16 (#2 O.Diomande),1,10,CSU 24,76,-14,UTSA Roadrunners,Colorado State Rams,0,14,93.1,6.9,197.0,152.0,349.0,195.0,35.0,230.0,game,Spread,UTSA,,-21.5,prophetx,-102.0,+7.7,—,,-14,,miss,,,,-10.2,,
2026-09-26T17:55:02.380137+00:00,cfb,2026,4,401860896,40186089699,1,10:14,No Huddle-Shotgun #10 B.High Jr. rush right for 8 yards gain to the CSU16 (#2 O.Diomande),1,10,CSU 24,76,-14,UTSA Roadrunners,Colorado State Rams,0,14,93.1,6.9,197.0,152.0,349.0,195.0,35.0,230.0,game,Total,Over,,84.5,kalshi,-105.0,68.7,+659,0.1317,14.0,,miss,,,,59.6,,
2026-09-26T17:55:02.380137+00:00,cfb,2026,4,401860896,40186089699,1,10:14,No Huddle-Shotgun #10 B.High Jr. rush right for 8 yards gain to the CSU16 (#2 O.Diomande),1,10,CSU 24,76,-14,UTSA Roadrunners,Colorado State Rams,0,14,93.1,6.9,197.0,152.0,349.0,195.0,35.0,230.0,game,Total,,,84.5,,,—,—,,14.0,,hit,,,,—,,
2026-09-26T17:55:02.380137+00:00,cfb,2026,4,401860896,40186089699,1,10:14,No Huddle-Shotgun #10 B.High Jr. rush right for 8 yards gain to the CSU16 (#2 O.Diomande),1,10,CSU 24,76,-14,UTSA Roadrunners,Colorado State Rams,0,14,93.1,6.9,197.0,152.0,349.0,195.0,35.0,230.0,game,ML,Colorado State,,,kalshi,3233.0,—,—,,Win,,hit,2165.4,,,—,,
2026-09-26T17:55:02.380137+00:00,cfb,2026,4,401860896,40186089699,1,10:14,No Huddle-Shotgun #10 B.High Jr. rush right for 8 yards gain to the CSU16 (#2 O.Diomande),1,10,CSU 24,76,-14,UTSA Roadrunners,Colorado State Rams,0,14,93.1,6.9,197.0,152.0,349.0,195.0,35.0,230.0,game,ML,UTSA,,,kalshi,-4900.0,—,—,,Loss,,miss,,,,—,,
2026-09-26T17:55:02.380137+00:00,cfb,2026,4,401860896,401860896103,1,9:03,"No Huddle-Shotgun #10 B.High Jr. rush left for 16 yards gain to the CSU00 TOUCHDOWN, clock 09:03, 1ST DOWN #92 M.Petro kick attempt good (H: #30 C.Hogan, LS: #60 W.Hodges)",2,2,CSU 16,84,-7,UTSA Roadrunners,Colorado State Rams,7,14,93.1,6.9,197.0,152.0,349.0,195.0,35.0,230.0,game,Spread,UTSA,,21.5,prophetx,-102.0,-0.1,—,,-7,,hit,,,,-10.2,,
2026-09-26T17:55:02.380137+00:00,cfb,2026,4,401860896,401860896103,1,9:03,"No Huddle-Shotgun #10 B.High Jr. rush left for 16 yards gain to the CSU00 TOUCHDOWN, clock 09:03, 1ST DOWN #92 M.Petro kick attempt good (H: #30 C.Hogan, LS: #60 W.Hodges)",2,2,CSU 16,84,-7,UTSA Roadrunners,Colorado State Rams,7,14,93.1,6.9,197.0,152.0,349.0,195.0,35.0,230.0,game,Spread,UTSA,,-21.5,prophetx,-102.0,-0.1,—,,-7,,miss,,,,-10.2,,
2026-09-26T17:55:02.380137+00:00,cfb,2026,4,401860896,401860896103,1,9:03,"No Huddle-Shotgun #10 B.High Jr. rush left for 16 yards gain to the CSU00 TOUCHDOWN, clock 09:03, 1ST DOWN #92 M.Petro kick attempt good (H: #30 C.Hogan, LS: #60 W.Hodges)",2,2,CSU 16,84,-7,UTSA Roadrunners,Colorado State Rams,7,14,93.1,6.9,197.0,152.0,349.0,195.0,35.0,230.0,game,Total,Over,,84.5,kalshi,-105.0,74.5,+363,0.216,21.0,,miss,,,,59.6,,
2026-09-26T17:55:02.380137+00:00,cfb,2026,4,401860896,401860896103,1,9:03,"No Huddle-Shotgun #10 B.High Jr. rush left for 16 yards gain to the CSU00 TOUCHDOWN, clock 09:03, 1ST DOWN #92 M.Petro kick attempt good (H: #30 C.Hogan, LS: #60 W.Hodges)",2,2,CSU 16,84,-7,UTSA Roadrunners,Colorado State Rams,7,14,93.1,6.9,197.0,152.0,349.0,195.0,35.0,230.0,game,Total,,,84.5,,,—,—,,21.0,,hit,,,,—,,
2026-09-26T17:55:02.380137+00:00,cfb,2026,4,401860896,401860896103,1,9:03,"No Huddle-Shotgun #10 B.High Jr. rush left for 16 yards gain to the CSU00 TOUCHDOWN, clock 09:03, 1ST DOWN #92 M.Petro kick attempt good (H: #30 C.Hogan, LS: #60 W.Hodges)",2,2,CSU 16,84,-7,UTSA Roadrunners,Colorado State Rams,7,14,93.1,6.9,197.0,152.0,349.0,195.0,35.0,230.0,game,ML,Colorado State,,,kalshi,3233.0,—,—,,Win,,hit,,,,—,,
2026-09-26T17:55:02.380137+00:00,cfb,2026,4,401860896,401860896103,1,9:03,"No Huddle-Shotgun #10 B.High Jr. rush left for 16 yards gain to the CSU00 TOUCHDOWN, clock 09:03, 1ST DOWN #92 M.Petro kick attempt good (H: #30 C.Hogan, LS: #60 W.Hodges)",2,2,CSU 16,84,-7,UTSA Roadrunners,Colorado State Rams,7,14,93.1,6.9,197.0,152.0,349.0,195.0,35.0,230.0,game,ML,UTSA,,,kalshi,-4900.0,—,—,,Loss,,miss,-48.6,,,—,,
2026-09-26T17:55:02.380137+00:00,cfb,2026,4,401860896,401860896110,1,9:03,(09:03) #46 B.Doane kickoff 59 yards to the CSU06 fair catch by #1 M.Brown at CSU06,1,10,,35,-7,UTSA Roadrunners,Colorado State Rams,7,14,93.1,6.9,197.0,152.0,349.0,195.0,35.0,230.0,game,Spread,UTSA,,21.5,prophetx,-102.0,-0.1,—,,-7,,hit,,,,-10.2,,
2026-09-26T17:55:02.380137+00:00,cfb,2026,4,401860896,401860896110,1,9:03,(09:03) #46 B.Doane kickoff 59 yards to the CSU06 fair catch by #1 M.Brown at CSU06,1,10,,35,-7,UTSA Roadrunners,Colorado State Rams,7,14,93.1,6.9,197.0,152.0,349.0,195.0,35.0,230.0,game,Spread,UTSA,,-21.5,prophetx,-102.0,-0.1,—,,-7,,miss,,,,-10.2,,
2026-09-26T17:55:02.380137+00:00,cfb,2026,4,401860896,401860896110,1,9:03,(09:03) #46 B.Doane kickoff 59 yards to the CSU06 fair catch by #1 M.Brown at CSU06,1,10,,35,-7,UTSA Roadrunners,Colorado State Rams,7,14,93.1,6.9,197.0,152.0,349.0,195.0,35.0,230.0,game,Total,Over,,84.5,kalshi,-105.0,74.5,+363,0.216,21.0,,miss,,,,59.6,,
2026-09-26T17:55:02.380137+00:00,cfb,2026,4,401860896,401860896110,1,9:03,(09:03) #46 B.Doane kickoff 59 yards to the CSU06 fair catch by #1 M.Brown at CSU06,1,10,,35,-7,UTSA Roadrunners,Colorado State Rams,7,14,93.1,6.9,197.0,152.0,349.0,195.0,35.0,230.0,game,Total,,,84.5,,,—,—,,21.0,,hit,,,,—,,
2026-09-26T17:55:02.380137+00:00,cfb,2026,4,401860896,401860896110,1,9:03,(09:03) #46 B.Doane kickoff 59 yards to the CSU06 fair catch by #1 M.Brown at CSU06,1,10,,35,-7,UTSA Roadrunners,Colorado State Rams,7,14,93.1,6.9,197.0,152.0,349.0,195.0,35.0,230.0,game,ML,Colorado State,,,kalshi,3233.0,—,—,,Win,,hit,,,,—,,
2026-09-26T17:55:02.380137+00:00,cfb,2026,4,401860896,401860896110,1,9:03,(09:03) #46 B.Doane kickoff 59 yards to the CSU06 fair catch by #1 M.Brown at CSU06,1,10,,35,-7,UTSA Roadrunners,Colorado State Rams,7,14,93.1,6.9,197.0,152.0,349.0,195.0,35.0,230.0,game,ML,UTSA,,,kalshi,-4900.0,—,—,,Loss,,miss,-48.6,,,—,,
2026-09-26T17:55:02.380137+00:00,cfb,2026,4,401860896,401860896113,1,9:03,"No Huddle-Shotgun #2 K.Farrar rush middle for 6 yards loss to the CSU19 fumbled by #2 K.Farrar at CSU20 recovered by CSU #2 K.Farrar at CSU19, End Of Play",1,10,CSU 25,75,-7,UTSA Roadrunners,Colorado State Rams,7,14,93.1,6.9,197.0,152.0,349.0,195.0,35.0,230.0,game,Spread,UTSA,,21.5,prophetx,-102.0,-0.1,—,,-7,,hit,,,,-10.2,,
2026-09-26T17:55:02.380137+00:00,cfb,2026,4,401860896,401860896113,1,9:03,"No Huddle-Shotgun #2 K.Farrar rush middle for 6 yards loss to the CSU19 fumbled by #2 K.Farrar at CSU20 recovered by CSU #2 K.Farrar at CSU19, End Of Play",1,10,CSU 25,75,-7,UTSA Roadrunners,Colorado State Rams,7,14,93.1,6.9,197.0,152.0,349.0,195.0,35.0,230.0,game,Spread,UTSA,,-21.5,prophetx,-102.0,-0.1,—,,-7,,miss,,,,-10.2,,
2026-09-26T17:55:02.380137+00:00,cfb,2026,4,401860896,401860896113,1,9:03,"No Huddle-Shotgun #2 K.Farrar rush middle for 6 yards loss to the CSU19 fumbled by #2 K.Farrar at CSU20 recovered by CSU #2 K.Farrar at CSU19, End Of Play",1,10,CSU 25,75,-7,UTSA Roadrunners,Colorado State Rams,7,14,93.1,6.9,197.0,152.0,349.0,195.0,35.0,230.0,game,Total,Over,,84.5,kalshi,-105.0,74.5,+363,0.216,21.0,,miss,,,,59.6,,
2026-09-26T17:55:02.380137+00:00,cfb,2026,4,401860896,401860896113,1,9:03,"No Huddle-Shotgun #2 K.Farrar rush middle for 6 yards loss to the CSU19 fumbled by #2 K.Farrar at CSU20 recovered by CSU #2 K.Farrar at CSU19, End Of Play",1,10,CSU 25,75,-7,UTSA Roadrunners,Colorado State Rams,7,14,93.1,6.9,197.0,152.0,349.0,195.0,35.0,230.0,game,Total,,,84.5,,,—,—,,21.0,,hit,,,,—,,
2026-09-26T17:55:02.380137+00:00,cfb,2026,4,401860896,401860896113,1,9:03,"No Huddle-Shotgun #2 K.Farrar rush middle for 6 yards loss to the CSU19 fumbled by #2 K.Farrar at CSU20 recovered by CSU #2 K.Farrar at CSU19, End Of Play",1,10,CSU 25,75,-7,UTSA Roadrunners,Colorado State Rams,7,14,93.1,6.9,197.0,152.0,349.0,195.0,35.0,230.0,game,ML,Colorado State,,,kalshi,3233.0,—,—,,Win,,hit,,,,—,,
2026-09-26T17:55:02.380137+00:00,cfb,2026,4,401860896,401860896113,1,9:03,"No Huddle-Shotgun #2 K.Farrar rush middle for 6 yards loss to the CSU19 fumbled by #2 K.Farrar at CSU20 recovered by CSU #2 K.Farrar at CSU19, End Of Play",1,10,CSU 25,75,-7,UTSA Roadrunners,Colorado State Rams,7,14,93.1,6.9,197.0,152.0,349.0,195.0,35.0,230.0,game,ML,UTSA,,,kalshi,-4900.0,—,—,,Loss,,miss,-48.6,,,—,,
2026-09-26T17:55:02.380137+00:00,cfb,2026,4,401860896,401860896119,1,9:03,"No Huddle-Shotgun #2 K.Farrar pass complete short right to #15 T.Smith caught at CSU21, for 2 yards to the CSU21 (#17 A.Chapman)",2,16,CSU 19,81,-7,UTSA Roadrunners,Colorado State Rams,7,14,93.1,6.9,197.0,152.0,349.0,195.0,35.0,230.0,game,Spread,UTSA,,21.5,prophetx,-102.0,-0.1,—,,-7,,hit,,,,-10.2,,
2026-09-26T17:55:02.380137+00:00,cfb,2026,4,401860896,401860896119,1,9:03,"No Huddle-Shotgun #2 K.Farrar pass complete short right to #15 T.Smith caught at CSU21, for 2 yards to the CSU21 (#17 A.Chapman)",2,16,CSU 19,81,-7,UTSA Roadrunners,Colorado State Rams,7,14,93.1,6.9,197.0,152.0,349.0,195.0,35.0,230.0,game,Spread,UTSA,,-21.5,prophetx,-102.0,-0.1,—,,-7,,miss,,,,-10.2,,
2026-09-26T17:55:02.380137+00:00,cfb,2026,4,401860896,401860896119,1,9:03,"No Huddle-Shotgun #2 K.Farrar pass complete short right to #15 T.Smith caught at CSU21, for 2 yards to the CSU21 (#17 A.Chapman)",2,16,CSU 19,81,-7,UTSA Roadrunners,Colorado State Rams,7,14,93.1,6.9,197.0,152.0,349.0,195.0,35.0,230.0,game,Total,Over,,84.5,kalshi,-105.0,74.5,+363,0.216,21.0,,miss,,,,59.6,,
2026-09-26T17:55:02.380137+00:00,cfb,2026,4,401860896,401860896119,1,9:03,"No Huddle-Shotgun #2 K.Farrar pass complete short right to #15 T.Smith caught at CSU21, for 2 yards to the CSU21 (#17 A.Chapman)",2,16,CSU 19,81,-7,UTSA Roadrunners,Colorado State Rams,7,14,93.1,6.9,197.0,152.0,349.0,195.0,35.0,230.0,game,Total,,,84.5,,,—,—,,21.0,,hit,,,,—,,
2026-09-26T17:55:02.380137+00:00,cfb,2026,4,401860896,401860896119,1,9:03,"No Huddle-Shotgun #2 K.Farrar pass complete short right to #15 T.Smith caught at CSU21, for 2 yards to the CSU21 (#17 A.Chapman)",2,16,CSU 19,81,-7,UTSA Roadrunners,Colorado State Rams,7,14,93.1,6.9,197.0,152.0,349.0,195.0,35.0,230.0,game,ML,Colorado State,,,kalshi,3233.0,—,—,,Win,,hit,,,,—,,
2026-09-26T17:55:02.380137+00:00,cfb,2026,4,401860896,401860896119,1,9:03,"No Huddle-Shotgun #2 K.Farrar pass complete short right to #15 T.Smith caught at CSU21, for 2 yards to the CSU21 (#17 A.Chapman)",2,16,CSU 19,81,-7,UTSA Roadrunners,Colorado State Rams,7,14,93.1,6.9,197.0,152.0,349.0,195.0,35.0,230.0,game,ML,UTSA,,,kalshi,-4900.0,—,—,,Loss,,miss,-48.6,,,—,,
2026-09-26T17:55:02.380137+00:00,cfb,2026,4,401860896,401860896124,1,9:03,No Huddle-Shotgun #11 D.Robinson rush right for 0 yards to the CSU21 (#31 D.Spencer; #0 J.Bailey),3,14,CSU 21,79,-7,UTSA Roadrunners,Colorado State Rams,7,14,93.1,6.9,197.0,152.0,349.0,195.0,35.0,230.0,game,Spread,UTSA,,21.5,prophetx,-102.0,-0.1,—,,-7,,hit,,,,-10.2,,
2026-09-26T17:55:02.380137+00:00,cfb,2026,4,401860896,401860896124,1,9:03,No Huddle-Shotgun #11 D.Robinson rush right for 0 yards to the CSU21 (#31 D.Spencer; #0 J.Bailey),3,14,CSU 21,79,-7,UTSA Roadrunners,Colorado State Rams,7,14,93.1,6.9,197.0,152.0,349.0,195.0,35.0,230.0,game,Spread,UTSA,,-21.5,prophetx,-102.0,-0.1,—,,-7,,miss,,,,-10.2,,
2026-09-26T17:55:02.380137+00:00,cfb,2026,4,401860896,401860896124,1,9:03,No Huddle-Shotgun #11 D.Robinson rush right for 0 yards to the CSU21 (#31 D.Spencer; #0 J.Bailey),3,14,CSU 21,79,-7,UTSA Roadrunners,Colorado State Rams,7,14,93.1,6.9,197.0,152.0,349.0,195.0,35.0,230.0,game,Total,Over,,84.5,kalshi,-105.0,74.5,+363,0.216,21.0,,miss,,,,59.6,,
2026-09-26T17:55:02.380137+00:00,cfb,2026,4,401860896,401860896124,1,9:03,No Huddle-Shotgun #11 D.Robinson rush right for 0 yards to the CSU21 (#31 D.Spencer; #0 J.Bailey),3,14,CSU 21,79,-7,UTSA Roadrunners,Colorado State Rams,7,14,93.1,6.9,197.0,152.0,349.0,195.0,35.0,230.0,game,Total,,,84.5,,,—,—,,21.0,,hit,,,,—,,
2026-09-26T17:55:02.380137+00:00,cfb,2026,4,401860896,401860896124,1,9:03,No Huddle-Shotgun #11 D.Robinson rush right for 0 yards to the CSU21 (#31 D.Spencer; #0 J.Bailey),3,14,CSU 21,79,-7,UTSA Roadrunners,Colorado State Rams,7,14,93.1,6.9,197.0,152.0,349.0,195.0,35.0,230.0,game,ML,Colorado State,,,kalshi,3233.0,—,—,,Win,,hit,,,,—,,
2026-09-26T17:55:02.380137+00:00,cfb,2026,4,401860896,401860896124,1,9:03,No Huddle-Shotgun #11 D.Robinson rush right for 0 yards to the CSU21 (#31 D.Spencer; #0 J.Bailey),3,14,CSU 21,79,-7,UTSA Roadrunners,Colorado State Rams,7,14,93.1,6.9,197.0,152.0,349.0,195.0,35.0,230.0,game,ML,UTSA,,,kalshi,-4900.0,—,—,,Loss,,miss,-48.6,,,—,,
2026-09-26T17:55:02.380137+00:00,cfb,2026,4,401860896,401860896128,1,7:06,#39 N.Sutcliffe punt 46 yards to the UTSA33 #0 D.Amador II return 11 yards to the UTSA44 (#2 O.Diomande) PENALTY CSU Illegal Formation 5 yards from UTSA44 to UTSA49,4,14,CSU 21,79,-7,UTSA Roadrunners,Colorado State Rams,7,14,93.1,6.9,197.0,152.0,349.0,195.0,35.0,230.0,game,Spread,UTSA,,21.5,prophetx,-102.0,-0.0,—,,-7,,hit,,,,-10.2,,
2026-09-26T17:55:02.380137+00:00,cfb,2026,4,401860896,401860896128,1,7:06,#39 N.Sutcliffe punt 46 yards to the UTSA33 #0 D.Amador II return 11 yards to the UTSA44 (#2 O.Diomande) PENALTY CSU Illegal Formation 5 yards from UTSA44 to UTSA49,4,14,CSU 21,79,-7,UTSA Roadrunners,Colorado State Rams,7,14,93.1,6.9,197.0,152.0,349.0,195.0,35.0,230.0,game,Spread,UTSA,,-21.5,prophetx,-102.0,-0.0,—,,-7,,miss,,,,-10.2,,
2026-09-26T17:55:02.380137+00:00,cfb,2026,4,401860896,401860896128,1,7:06,#39 N.Sutcliffe punt 46 yards to the UTSA33 #0 D.Amador II return 11 yards to the UTSA44 (#2 O.Diomande) PENALTY CSU Illegal Formation 5 yards from UTSA44 to UTSA49,4,14,CSU 21,79,-7,UTSA Roadrunners,Colorado State Rams,7,14,93.1,6.9,197.0,152.0,349.0,195.0,35.0,230.0,game,Total,Over,,84.5,kalshi,-105.0,72.4,+458,0.1793,21.0,,miss,,,,59.6,,
2026-09-26T17:55:02.380137+00:00,cfb,2026,4,401860896,401860896128,1,7:06,#39 N.Sutcliffe punt 46 yards to the UTSA33 #0 D.Amador II return 11 yards to the UTSA44 (#2 O.Diomande) PENALTY CSU Illegal Formation 5 yards from UTSA44 to UTSA49,4,14,CSU 21,79,-7,UTSA Roadrunners,Colorado State Rams,7,14,93.1,6.9,197.0,152.0,349.0,195.0,35.0,230.0,game,Total,,,84.5,,,—,—,,21.0,,hit,,,,—,,
2026-09-26T17:55:02.380137+00:00,cfb,2026,4,401860896,401860896128,1,7:06,#39 N.Sutcliffe punt 46 yards to the UTSA33 #0 D.Amador II return 11 yards to the UTSA44 (#2 O.Diomande) PENALTY CSU Illegal Formation 5 yards from UTSA44 to UTSA49,4,14,CSU 21,79,-7,UTSA Roadrunners,Colorado State Rams,7,14,93.1,6.9,197.0,152.0,349.0,195.0,35.0,230.0,game,ML,Colorado State,,,kalshi,3233.0,—,—,,Win,,hit,1572.5,,,—,,
2026-09-26T17:55:02.380137+00:00,cfb,2026,4,401860896,401860896128,1,7:06,#39 N.Sutcliffe punt 46 yards to the UTSA33 #0 D.Amador II return 11 yards to the UTSA44 (#2 O.Diomande) PENALTY CSU Illegal Formation 5 yards from UTSA44 to UTSA49,4,14,CSU 21,79,-7,UTSA Roadrunners,Colorado State Rams,7,14,93.1,6.9,197.0,152.0,349.0,195.0,35.0,230.0,game,ML,UTSA,,,kalshi,-4900.0,—,—,,Loss,,miss,,,,—,,
2026-09-26T17:55:02.380137+00:00,cfb,2026,4,401860896,401860896138,1,7:06,"(07:06) No Huddle-Shotgun #2 O.McCown pass complete short left to #15 D.Allen caught at CSU38, for 13 yards to the CSU38, out of bounds at CSU38, 1ST DOWN",1,10,UTSA 49,49,-7,UTSA Roadrunners,Colorado State Rams,7,14,93.1,6.9,197.0,152.0,349.0,195.0,35.0,230.0,game,Spread,UTSA,,21.5,prophetx,-102.0,-0.0,—,,-7,,hit,,,,-10.2,,
2026-09-26T17:55:02.380137+00:00,cfb,2026,4,401860896,401860896138,1,7:06,"(07:06) No Huddle-Shotgun #2 O.McCown pass complete short left to #15 D.Allen caught at CSU38, for 13 yards to the CSU38, out of bounds at CSU38, 1ST DOWN",1,10,UTSA 49,49,-7,UTSA Roadrunners,Colorado State Rams,7,14,93.1,6.9,197.0,152.0,349.0,195.0,35.0,230.0,game,Spread,UTSA,,-21.5,prophetx,-102.0,-0.0,—,,-7,,miss,,,,-10.2,,
2026-09-26T17:55:02.380137+00:00,cfb,2026,4,401860896,401860896138,1,7:06,"(07:06) No Huddle-Shotgun #2 O.McCown pass complete short left to #15 D.Allen caught at CSU38, for 13 yards to the CSU38, out of bounds at CSU38, 1ST DOWN",1,10,UTSA 49,49,-7,UTSA Roadrunners,Colorado State Rams,7,14,93.1,6.9,197.0,152.0,349.0,195.0,35.0,230.0,game,Total,Over,,84.5,kalshi,-105.0,72.4,+458,0.1793,21.0,,miss,,,,59.6,,
2026-09-26T17:55:02.380137+00:00,cfb,2026,4,401860896,401860896138,1,7:06,"(07:06) No Huddle-Shotgun #2 O.McCown pass complete short left to #15 D.Allen caught at CSU38, for 13 yards to the CSU38, out of bounds at CSU38, 1ST DOWN",1,10,UTSA 49,49,-7,UTSA Roadrunners,Colorado State Rams,7,14,93.1,6.9,197.0,152.0,349.0,195.0,35.0,230.0,game,Total,,,84.5,,,—,—,,21.0,,hit,,,,—,,
2026-09-26T17:55:02.380137+00:00,cfb,2026,4,401860896,401860896138,1,7:06,"(07:06) No Huddle-Shotgun #2 O.McCown pass complete short left to #15 D.Allen caught at CSU38, for 13 yards to the CSU38, out of bounds at CSU38, 1ST DOWN",1,10,UTSA 49,49,-7,UTSA Roadrunners,Colorado State Rams,7,14,93.1,6.9,197.0,152.0,349.0,195.0,35.0,230.0,game,ML,Colorado State,,,kalshi,3233.0,—,—,,Win,,hit,1572.5,,,—,,
2026-09-26T17:55:02.380137+00:00,cfb,2026,4,401860896,401860896138,1,7:06,"(07:06) No Huddle-Shotgun #2 O.McCown pass complete short left to #15 D.Allen caught at CSU38, for 13 yards to the CSU38, out of bounds at CSU38, 1ST DOWN",1,10,UTSA 49,49,-7,UTSA Roadrunners,Colorado State Rams,7,14,93.1,6.9,197.0,152.0,349.0,195.0,35.0,230.0,game,ML,UTSA,,,kalshi,-4900.0,—,—,,Loss,,miss,,,,—,,
2026-09-26T17:55:02.380137+00:00,cfb,2026,4,401860896,401860896143,1,7:06,"No Huddle-Shotgun #2 O.McCown pass complete short middle to #81 M.Campbell caught at CSU26, for 19 yards to the CSU19 (#7 J.Lessard), 1ST DOWN",1,10,CSU 38,62,-7,UTSA Roadrunners,Colorado State Rams,7,14,93.1,6.9,197.0,152.0,349.0,195.0,35.0,230.0,game,Spread,UTSA,,21.5,prophetx,-102.0,-0.0,—,,-7,,hit,,,,-10.2,,
2026-09-26T17:55:02.380137+00:00,cfb,2026,4,401860896,401860896143,1,7:06,"No Huddle-Shotgun #2 O.McCown pass complete short middle to #81 M.Campbell caught at CSU26, for 19 yards to the CSU19 (#7 J.Lessard), 1ST DOWN",1,10,CSU 38,62,-7,UTSA Roadrunners,Colorado State Rams,7,14,93.1,6.9,197.0,152.0,349.0,195.0,35.0,230.0,game,Spread,UTSA,,-21.5,prophetx,-102.0,-0.0,—,,-7,,miss,,,,-10.2,,
2026-09-26T17:55:02.380137+00:00,cfb,2026,4,401860896,401860896143,1,7:06,"No Huddle-Shotgun #2 O.McCown pass complete short middle to #81 M.Campbell caught at CSU26, for 19 yards to the CSU19 (#7 J.Lessard), 1ST DOWN",1,10,CSU 38,62,-7,UTSA Roadrunners,Colorado State Rams,7,14,93.1,6.9,197.0,152.0,349.0,195.0,35.0,230.0,game,Total,Over,,84.5,kalshi,-105.0,72.4,+458,0.1793,21.0,,miss,,,,59.6,,
2026-09-26T17:55:02.380137+00:00,cfb,2026,4,401860896,401860896143,1,7:06,"No Huddle-Shotgun #2 O.McCown pass complete short middle to #81 M.Campbell caught at CSU26, for 19 yards to the CSU19 (#7 J.Lessard), 1ST DOWN",1,10,CSU 38,62,-7,UTSA Roadrunners,Colorado State Rams,7,14,93.1,6.9,197.0,152.0,349.0,195.0,35.0,230.0,game,Total,,,84.5,,,—,—,,21.0,,hit,,,,—,,
2026-09-26T17:55:02.380137+00:00,cfb,2026,4,401860896,401860896143,1,7:06,"No Huddle-Shotgun #2 O.McCown pass complete short middle to #81 M.Campbell caught at CSU26, for 19 yards to the CSU19 (#7 J.Lessard), 1ST DOWN",1,10,CSU 38,62,-7,UTSA Roadrunners,Colorado State Rams,7,14,93.1,6.9,197.0,152.0,349.0,195.0,35.0,230.0,game,ML,Colorado State,,,kalshi,3233.0,—,—,,Win,,hit,1572.5,,,—,,
2026-09-26T17:55:02.380137+00:00,cfb,2026,4,401860896,401860896143,1,7:06,"No Huddle-Shotgun #2 O.McCown pass complete short middle to #81 M.Campbell caught at CSU26, for 19 yards to the CSU19 (#7 J.Lessard), 1ST DOWN",1,10,CSU 38,62,-7,UTSA Roadrunners,Colorado State Rams,7,14,93.1,6.9,197.0,152.0,349.0,195.0,35.0,230.0,game,ML,UTSA,,,kalshi,-4900.0,—,—,,Loss,,miss,,,,—,,
2026-09-26T17:55:02.380137+00:00,cfb,2026,4,401860896,401860896148,1,7:06,"No Huddle-Shotgun #2 O.McCown pass complete short left to #15 D.Allen caught at CSU21, for 5 yards to the CSU14 (#10 B.Kelley)",1,10,CSU 19,81,-7,UTSA Roadrunners,Colorado State Rams,7,14,93.1,6.9,197.0,152.0,349.0,195.0,35.0,230.0,game,Spread,UTSA,,21.5,prophetx,-102.0,-0.0,—,,-7,,hit,,,,-10.2,,
2026-09-26T17:55:02.380137+00:00,cfb,2026,4,401860896,401860896148,1,7:06,"No Huddle-Shotgun #2 O.McCown pass complete short left to #15 D.Allen caught at CSU21, for 5 yards to the CSU14 (#10 B.Kelley)",1,10,CSU 19,81,-7,UTSA Roadrunners,Colorado State Rams,7,14,93.1,6.9,197.0,152.0,349.0,195.0,35.0,230.0,game,Spread,UTSA,,-21.5,prophetx,-102.0,-0.0,—,,-7,,miss,,,,-10.2,,
2026-09-26T17:55:02.380137+00:00,cfb,2026,4,401860896,401860896148,1,7:06,"No Huddle-Shotgun #2 O.McCown pass complete short left to #15 D.Allen caught at CSU21, for 5 yards to the CSU14 (#10 B.Kelley)",1,10,CSU 19,81,-7,UTSA Roadrunners,Colorado State Rams,7,14,93.1,6.9,197.0,152.0,349.0,195.0,35.0,230.0,game,Total,Over,,84.5,kalshi,-105.0,72.4,+458,0.1793,21.0,,miss,,,,59.6,,
2026-09-26T17:55:02.380137+00:00,cfb,2026,4,401860896,401860896148,1,7:06,"No Huddle-Shotgun #2 O.McCown pass complete short left to #15 D.Allen caught at CSU21, for 5 yards to the CSU14 (#10 B.Kelley)",1,10,CSU 19,81,-7,UTSA Roadrunners,Colorado State Rams,7,14,93.1,6.9,197.0,152.0,349.0,195.0,35.0,230.0,game,Total,,,84.5,,,—,—,,21.0,,hit,,,,—,,
2026-09-26T17:55:02.380137+00:00,cfb,2026,4,401860896,401860896148,1,7:06,"No Huddle-Shotgun #2 O.McCown pass complete short left to #15 D.Allen caught at CSU21, for 5 yards to the CSU14 (#10 B.Kelley)",1,10,CSU 19,81,-7,UTSA Roadrunners,Colorado State Rams,7,14,93.1,6.9,197.0,152.0,349.0,195.0,35.0,230.0,game,ML,Colorado State,,,kalshi,3233.0,—,—,,Win,,hit,1572.5,,,—,,
2026-09-26T17:55:02.380137+00:00,cfb,2026,4,401860896,401860896148,1,7:06,"No Huddle-Shotgun #2 O.McCown pass complete short left to #15 D.Allen caught at CSU21, for 5 yards to the CSU14 (#10 B.Kelley)",1,10,CSU 19,81,-7,UTSA Roadrunners,Colorado State Rams,7,14,93.1,6.9,197.0,152.0,349.0,195.0,35.0,230.0,game,ML,UTSA,,,kalshi,-4900.0,—,—,,Loss,,miss,,,,—,,
2026-09-26T17:55:02.380137+00:00,cfb,2026,4,401860896,401860896153,1,7:06,No Huddle-Shotgun #1 W.Henderson III rush middle for 1 yard gain to the CSU13 (#93 R.Harrison; #8 A.Turner),2,5,CSU 14,86,-7,UTSA Roadrunners,Colorado State Rams,7,14,93.1,6.9,197.0,152.0,349.0,195.0,35.0,230.0,game,Spread,UTSA,,21.5,prophetx,-102.0,-0.0,—,,-7,,hit,,,,-10.2,,
2026-09-26T17:55:02.380137+00:00,cfb,2026,4,401860896,401860896153,1,7:06,No Huddle-Shotgun #1 W.Henderson III rush middle for 1 yard gain to the CSU13 (#93 R.Harrison; #8 A.Turner),2,5,CSU 14,86,-7,UTSA Roadrunners,Colorado State Rams,7,14,93.1,6.9,197.0,152.0,349.0,195.0,35.0,230.0,game,Spread,UTSA,,-21.5,prophetx,-102.0,-0.0,—,,-7,,miss,,,,-10.2,,
2026-09-26T17:55:02.380137+00:00,cfb,2026,4,401860896,401860896153,1,7:06,No Huddle-Shotgun #1 W.Henderson III rush middle for 1 yard gain to the CSU13 (#93 R.Harrison; #8 A.Turner),2,5,CSU 14,86,-7,UTSA Roadrunners,Colorado State Rams,7,14,93.1,6.9,197.0,152.0,349.0,195.0,35.0,230.0,game,Total,Over,,84.5,kalshi,-105.0,72.4,+458,0.1793,21.0,,miss,,,,59.6,,
2026-09-26T17:55:02.380137+00:00,cfb,2026,4,401860896,401860896153,1,7:06,No Huddle-Shotgun #1 W.Henderson III rush middle for 1 yard gain to the CSU13 (#93 R.Harrison; #8 A.Turner),2,5,CSU 14,86,-7,UTSA Roadrunners,Colorado State Rams,7,14,93.1,6.9,197.0,152.0,349.0,195.0,35.0,230.0,game,Total,,,84.5,,,—,—,,21.0,,hit,,,,—,,
2026-09-26T17:55:02.380137+00:00,cfb,2026,4,401860896,401860896153,1,7:06,No Huddle-Shotgun #1 W.Henderson III rush middle for 1 yard gain to the CSU13 (#93 R.Harrison; #8 A.Turner),2,5,CSU 14,86,-7,UTSA Roadrunners,Colorado State Rams,7,14,93.1,6.9,197.0,152.0,349.0,195.0,35.0,230.0,game,ML,Colorado State,,,kalshi,3233.0,—,—,,Win,,hit,1572.5,,,—,,
2026-09-26T17:55:02.380137+00:00,cfb,2026,4,401860896,401860896153,1,7:06,No Huddle-Shotgun #1 W.Henderson III rush middle for 1 yard gain to the CSU13 (#93 R.Harrison; #8 A.Turner),2,5,CSU 14,86,-7,UTSA Roadrunners,Colorado State Rams,7,14,93.1,6.9,197.0,152.0,349.0,195.0,35.0,230.0,game,ML,UTSA,,,kalshi,-4900.0,—,—,,Loss,,miss,,,,—,,
2026-09-26T17:55:02.380137+00:00,cfb,2026,4,401860896,401860896157,1,5:12,"No Huddle-Shotgun #1 W.Henderson III rush right for 13 yards gain to the CSU00 TOUCHDOWN, clock 05:12, 1ST DOWN #92 M.Petro kick attempt good (H: #30 C.Hogan, LS: #60 W.Hodges)",3,4,CSU 13,87,0,UTSA Roadrunners,Colorado State Rams,14,14,93.1,6.9,197.0,152.0,349.0,195.0,35.0,230.0,game,Spread,UTSA,,21.5,prophetx,-102.0,-7.5,—,,0,,hit,,,,-10.2,,
2026-09-26T17:55:02.380137+00:00,cfb,2026,4,401860896,401860896157,1,5:12,"No Huddle-Shotgun #1 W.Henderson III rush right for 13 yards gain to the CSU00 TOUCHDOWN, clock 05:12, 1ST DOWN #92 M.Petro kick attempt good (H: #30 C.Hogan, LS: #60 W.Hodges)",3,4,CSU 13,87,0,UTSA Roadrunners,Colorado State Rams,14,14,93.1,6.9,197.0,152.0,349.0,195.0,35.0,230.0,game,Spread,UTSA,,-21.5,prophetx,-102.0,-7.5,—,,0,,miss,,,,-10.2,,
2026-09-26T17:55:02.380137+00:00,cfb,2026,4,401860896,401860896157,1,5:12,"No Huddle-Shotgun #1 W.Henderson III rush right for 13 yards gain to the CSU00 TOUCHDOWN, clock 05:12, 1ST DOWN #92 M.Petro kick attempt good (H: #30 C.Hogan, LS: #60 W.Hodges)",3,4,CSU 13,87,0,UTSA Roadrunners,Colorado State Rams,14,14,93.1,6.9,197.0,152.0,349.0,195.0,35.0,230.0,game,Total,Over,,84.5,kalshi,-105.0,77.7,+252,0.284,28.0,,miss,,,,59.6,,
2026-09-26T17:55:02.380137+00:00,cfb,2026,4,401860896,401860896157,1,5:12,"No Huddle-Shotgun #1 W.Henderson III rush right for 13 yards gain to the CSU00 TOUCHDOWN, clock 05:12, 1ST DOWN #92 M.Petro kick attempt good (H: #30 C.Hogan, LS: #60 W.Hodges)",3,4,CSU 13,87,0,UTSA Roadrunners,Colorado State Rams,14,14,93.1,6.9,197.0,152.0,349.0,195.0,35.0,230.0,game,Total,,,84.5,,,—,—,,28.0,,hit,,,,—,,
2026-09-26T17:55:02.380137+00:00,cfb,2026,4,401860896,401860896157,1,5:12,"No Huddle-Shotgun #1 W.Henderson III rush right for 13 yards gain to the CSU00 TOUCHDOWN, clock 05:12, 1ST DOWN #92 M.Petro kick attempt good (H: #30 C.Hogan, LS: #60 W.Hodges)",3,4,CSU 13,87,0,UTSA Roadrunners,Colorado State Rams,14,14,93.1,6.9,197.0,152.0,349.0,195.0,35.0,230.0,game,ML,Colorado State,,,kalshi,3233.0,—,—,,Loss,,miss,,,,—,,
2026-09-26T17:55:02.380137+00:00,cfb,2026,4,401860896,401860896157,1,5:12,"No Huddle-Shotgun #1 W.Henderson III rush right for 13 yards gain to the CSU00 TOUCHDOWN, clock 05:12, 1ST DOWN #92 M.Petro kick attempt good (H: #30 C.Hogan, LS: #60 W.Hodges)",3,4,CSU 13,87,0,UTSA Roadrunners,Colorado State Rams,14,14,93.1,6.9,197.0,152.0,349.0,195.0,35.0,230.0,game,ML,UTSA,,,kalshi,-4900.0,—,—,,Loss,,miss,-30.1,,,—,,
2026-09-26T17:55:02.380137+00:00,cfb,2026,4,401860896,401860896164,1,5:08,(05:12) #46 B.Doane kickoff 63 yards to the CSU02 #1 M.Brown return 14 yards to the CSU16 (#58 B.Lott),1,10,,35,0,UTSA Roadrunners,Colorado State Rams,14,14,93.1,6.9,197.0,152.0,349.0,195.0,35.0,230.0,game,Spread,UTSA,,21.5,prophetx,-102.0,-7.5,—,,0,,hit,,,,-10.2,,
2026-09-26T17:55:02.380137+00:00,cfb,2026,4,401860896,401860896164,1,5:08,(05:12) #46 B.Doane kickoff 63 yards to the CSU02 #1 M.Brown return 14 yards to the CSU16 (#58 B.Lott),1,10,,35,0,UTSA Roadrunners,Colorado State Rams,14,14,93.1,6.9,197.0,152.0,349.0,195.0,35.0,230.0,game,Spread,UTSA,,-21.5,prophetx,-102.0,-7.5,—,,0,,miss,,,,-10.2,,
2026-09-26T17:55:02.380137+00:00,cfb,2026,4,401860896,401860896164,1,5:08,(05:12) #46 B.Doane kickoff 63 yards to the CSU02 #1 M.Brown return 14 yards to the CSU16 (#58 B.Lott),1,10,,35,0,UTSA Roadrunners,Colorado State Rams,14,14,93.1,6.9,197.0,152.0,349.0,195.0,35.0,230.0,game,Total,Over,,84.5,kalshi,-105.0,77.3,+263,0.2753,28.0,,miss,,,,59.6,,
2026-09-26T17:55:02.380137+00:00,cfb,2026,4,401860896,401860896164,1,5:08,(05:12) #46 B.Doane kickoff 63 yards to the CSU02 #1 M.Brown return 14 yards to the CSU16 (#58 B.Lott),1,10,,35,0,UTSA Roadrunners,Colorado State Rams,14,14,93.1,6.9,197.0,152.0,349.0,195.0,35.0,230.0,game,Total,,,84.5,,,—,—,,28.0,,hit,,,,—,,
2026-09-26T17:55:02.380137+00:00,cfb,2026,4,401860896,401860896164,1,5:08,(05:12) #46 B.Doane kickoff 63 yards to the CSU02 #1 M.Brown return 14 yards to the CSU16 (#58 B.Lott),1,10,,35,0,UTSA Roadrunners,Colorado State Rams,14,14,93.1,6.9,197.0,152.0,349.0,195.0,35.0,230.0,game,ML,Colorado State,,,kalshi,3233.0,—,—,,Loss,,miss,,,,—,,
2026-09-26T17:55:02.380137+00:00,cfb,2026,4,401860896,401860896164,1,5:08,(05:12) #46 B.Doane kickoff 63 yards to the CSU02 #1 M.Brown return 14 yards to the CSU16 (#58 B.Lott),1,10,,35,0,UTSA Roadrunners,Colorado State Rams,14,14,93.1,6.9,197.0,152.0,349.0,195.0,35.0,230.0,game,ML,UTSA,,,kalshi,-4900.0,—,—,,Loss,,miss,-30.3,,,—,,
2026-09-26T17:55:02.380137+00:00,cfb,2026,4,401860896,401860896169,1,5:08,(05:08) PENALTY CSU False Start (#63 J.Holthaus) 5 yards from CSU16 to CSU11. NO PLAY,1,10,CSU 16,84,0,UTSA Roadrunners,Colorado State Rams,14,14,93.1,6.9,197.0,152.0,349.0,195.0,35.0,230.0,game,Spread,UTSA,,21.5,prophetx,-102.0,-7.5,—,,0,,hit,,,,-10.2,,
2026-09-26T17:55:02.380137+00:00,cfb,2026,4,401860896,401860896169,1,5:08,(05:08) PENALTY CSU False Start (#63 J.Holthaus) 5 yards from CSU16 to CSU11. NO PLAY,1,10,CSU 16,84,0,UTSA Roadrunners,Colorado State Rams,14,14,93.1,6.9,197.0,152.0,349.0,195.0,35.0,230.0,game,Spread,UTSA,,-21.5,prophetx,-102.0,-7.5,—,,0,,miss,,,,-10.2,,
2026-09-26T17:55:02.380137+00:00,cfb,2026,4,401860896,401860896169,1,5:08,(05:08) PENALTY CSU False Start (#63 J.Holthaus) 5 yards from CSU16 to CSU11. NO PLAY,1,10,CSU 16,84,0,UTSA Roadrunners,Colorado State Rams,14,14,93.1,6.9,197.0,152.0,349.0,195.0,35.0,230.0,game,Total,Over,,84.5,kalshi,-105.0,77.3,+263,0.2753,28.0,,miss,,,,59.6,,
2026-09-26T17:55:02.380137+00:00,cfb,2026,4,401860896,401860896169,1,5:08,(05:08) PENALTY CSU False Start (#63 J.Holthaus) 5 yards from CSU16 to CSU11. NO PLAY,1,10,CSU 16,84,0,UTSA Roadrunners,Colorado State Rams,14,14,93.1,6.9,197.0,152.0,349.0,195.0,35.0,230.0,game,Total,,,84.5,,,—,—,,28.0,,hit,,,,—,,
2026-09-26T17:55:02.380137+00:00,cfb,2026,4,401860896,401860896169,1,5:08,(05:08) PENALTY CSU False Start (#63 J.Holthaus) 5 yards from CSU16 to CSU11. NO PLAY,1,10,CSU 16,84,0,UTSA Roadrunners,Colorado State Rams,14,14,93.1,6.9,197.0,152.0,349.0,195.0,35.0,230.0,game,ML,Colorado State,,,kalshi,3233.0,—,—,,Loss,,miss,,,,—,,
2026-09-26T17:55:02.380137+00:00,cfb,2026,4,401860896,401860896169,1,5:08,(05:08) PENALTY CSU False Start (#63 J.Holthaus) 5 yards from CSU16 to CSU11. NO PLAY,1,10,CSU 16,84,0,UTSA Roadrunners,Colorado State Rams,14,14,93.1,6.9,197.0,152.0,349.0,195.0,35.0,230.0,game,ML,UTSA,,,kalshi,-4900.0,—,—,,Loss,,miss,-30.3,,,—,,
2026-09-26T17:55:02.380137+00:00,cfb,2026,4,401860896,401860896172,1,5:08,(05:08) PENALTY CSU False Start (#73 B.Hales) 5 yards from CSU11 to CSU06. NO PLAY,1,15,CSU 11,89,0,UTSA Roadrunners,Colorado State Rams,14,14,93.1,6.9,197.0,152.0,349.0,195.0,35.0,230.0,game,Spread,UTSA,,21.5,prophetx,-102.0,-7.5,—,,0,,hit,,,,-10.2,,
2026-09-26T17:55:02.380137+00:00,cfb,2026,4,401860896,401860896172,1,5:08,(05:08) PENALTY CSU False Start (#73 B.Hales) 5 yards from CSU11 to CSU06. NO PLAY,1,15,CSU 11,89,0,UTSA Roadrunners,Colorado State Rams,14,14,93.1,6.9,197.0,152.0,349.0,195.0,35.0,230.0,game,Spread,UTSA,,-21.5,prophetx,-102.0,-7.5,—,,0,,miss,,,,-10.2,,
2026-09-26T17:55:02.380137+00:00,cfb,2026,4,401860896,401860896172,1,5:08,(05:08) PENALTY CSU False Start (#73 B.Hales) 5 yards from CSU11 to CSU06. NO PLAY,1,15,CSU 11,89,0,UTSA Roadrunners,Colorado State Rams,14,14,93.1,6.9,197.0,152.0,349.0,195.0,35.0,230.0,game,Total,Over,,84.5,kalshi,-105.0,77.3,+263,0.2753,28.0,,miss,,,,59.6,,
2026-09-26T17:55:02.380137+00:00,cfb,2026,4,401860896,401860896172,1,5:08,(05:08) PENALTY CSU False Start (#73 B.Hales) 5 yards from CSU11 to CSU06. NO PLAY,1,15,CSU 11,89,0,UTSA Roadrunners,Colorado State Rams,14,14,93.1,6.9,197.0,152.0,349.0,195.0,35.0,230.0,game,Total,,,84.5,,,—,—,,28.0,,hit,,,,—,,
2026-09-26T17:55:02.380137+00:00,cfb,2026,4,401860896,401860896172,1,5:08,(05:08) PENALTY CSU False Start (#73 B.Hales) 5 yards from CSU11 to CSU06. NO PLAY,1,15,CSU 11,89,0,UTSA Roadrunners,Colorado State Rams,14,14,93.1,6.9,197.0,152.0,349.0,195.0,35.0,230.0,game,ML,Colorado State,,,kalshi,3233.0,—,—,,Loss,,miss,,,,—,,
2026-09-26T17:55:02.380137+00:00,cfb,2026,4,401860896,401860896172,1,5:08,(05:08) PENALTY CSU False Start (#73 B.Hales) 5 yards from CSU11 to CSU06. NO PLAY,1,15,CSU 11,89,0,UTSA Roadrunners,Colorado State Rams,14,14,93.1,6.9,197.0,152.0,349.0,195.0,35.0,230.0,game,ML,UTSA,,,kalshi,-4900.0,—,—,,Loss,,miss,-30.3,,,—,,
2026-09-26T17:55:02.380137+00:00,cfb,2026,4,401860896,401860896175,1,5:08,"(05:08) No Huddle-Shotgun #11 D.Robinson rush middle for 5 yards gain to the CSU11 (#23 B.Tucker, Jr.)",1,20,CSU 6,94,0,UTSA Roadrunners,Colorado State Rams,14,14,93.1,6.9,197.0,152.0,349.0,195.0,35.0,230.0,game,Spread,UTSA,,21.5,prophetx,-102.0,-7.5,—,,0,,hit,,,,-10.2,,
2026-09-26T17:55:02.380137+00:00,cfb,2026,4,401860896,401860896175,1,5:08,"(05:08) No Huddle-Shotgun #11 D.Robinson rush middle for 5 yards gain to the CSU11 (#23 B.Tucker, Jr.)",1,20,CSU 6,94,0,UTSA Roadrunners,Colorado State Rams,14,14,93.1,6.9,197.0,152.0,349.0,195.0,35.0,230.0,game,Spread,UTSA,,-21.5,prophetx,-102.0,-7.5,—,,0,,miss,,,,-10.2,,
2026-09-26T17:55:02.380137+00:00,cfb,2026,4,401860896,401860896175,1,5:08,"(05:08) No Huddle-Shotgun #11 D.Robinson rush middle for 5 yards gain to the CSU11 (#23 B.Tucker, Jr.)",1,20,CSU 6,94,0,UTSA Roadrunners,Colorado State Rams,14,14,93.1,6.9,197.0,152.0,349.0,195.0,35.0,230.0,game,Total,Over,,84.5,kalshi,-105.0,77.3,+263,0.2753,28.0,,miss,,,,59.6,,
2026-09-26T17:55:02.380137+00:00,cfb,2026,4,401860896,401860896175,1,5:08,"(05:08) No Huddle-Shotgun #11 D.Robinson rush middle for 5 yards gain to the CSU11 (#23 B.Tucker, Jr.)",1,20,CSU 6,94,0,UTSA Roadrunners,Colorado State Rams,14,14,93.1,6.9,197.0,152.0,349.0,195.0,35.0,230.0,game,Total,,,84.5,,,—,—,,28.0,,hit,,,,—,,
2026-09-26T17:55:02.380137+00:00,cfb,2026,4,401860896,401860896175,1,5:08,"(05:08) No Huddle-Shotgun #11 D.Robinson rush middle for 5 yards gain to the CSU11 (#23 B.Tucker, Jr.)",1,20,CSU 6,94,0,UTSA Roadrunners,Colorado State Rams,14,14,93.1,6.9,197.0,152.0,349.0,195.0,35.0,230.0,game,ML,Colorado State,,,kalshi,3233.0,—,—,,Loss,,miss,,,,—,,
2026-09-26T17:55:02.380137+00:00,cfb,2026,4,401860896,401860896175,1,5:08,"(05:08) No Huddle-Shotgun #11 D.Robinson rush middle for 5 yards gain to the CSU11 (#23 B.Tucker, Jr.)",1,20,CSU 6,94,0,UTSA Roadrunners,Colorado State Rams,14,14,93.1,6.9,197.0,152.0,349.0,195.0,35.0,230.0,game,ML,UTSA,,,kalshi,-4900.0,—,—,,Loss,,miss,-30.3,,,—,,
2026-09-26T17:55:02.380137+00:00,cfb,2026,4,401860896,401860896179,1,5:08,No Huddle-Shotgun #2 K.Farrar rush middle for 1 yard gain to the CSU12 (#91 J.Sampleton),2,15,CSU 11,89,0,UTSA Roadrunners,Colorado State Rams,14,14,93.1,6.9,197.0,152.0,349.0,195.0,35.0,230.0,game,Spread,UTSA,,21.5,prophetx,-102.0,-7.5,—,,0,,hit,,,,-10.2,,
2026-09-26T17:55:02.380137+00:00,cfb,2026,4,401860896,401860896179,1,5:08,No Huddle-Shotgun #2 K.Farrar rush middle for 1 yard gain to the CSU12 (#91 J.Sampleton),2,15,CSU 11,89,0,UTSA Roadrunners,Colorado State Rams,14,14,93.1,6.9,197.0,152.0,349.0,195.0,35.0,230.0,game,Spread,UTSA,,-21.5,prophetx,-102.0,-7.5,—,,0,,miss,,,,-10.2,,
2026-09-26T17:55:02.380137+00:00,cfb,2026,4,401860896,401860896179,1,5:08,No Huddle-Shotgun #2 K.Farrar rush middle for 1 yard gain to the CSU12 (#91 J.Sampleton),2,15,CSU 11,89,0,UTSA Roadrunners,Colorado State Rams,14,14,93.1,6.9,197.0,152.0,349.0,195.0,35.0,230.0,game,Total,Over,,84.5,kalshi,-105.0,77.3,+263,0.2753,28.0,,miss,,,,59.6,,
2026-09-26T17:55:02.380137+00:00,cfb,2026,4,401860896,401860896179,1,5:08,No Huddle-Shotgun #2 K.Farrar rush middle for 1 yard gain to the CSU12 (#91 J.Sampleton),2,15,CSU 11,89,0,UTSA Roadrunners,Colorado State Rams,14,14,93.1,6.9,197.0,152.0,349.0,195.0,35.0,230.0,game,Total,,,84.5,,,—,—,,28.0,,hit,,,,—,,
2026-09-26T17:55:02.380137+00:00,cfb,2026,4,401860896,401860896179,1,5:08,No Huddle-Shotgun #2 K.Farrar rush middle for 1 yard gain to the CSU12 (#91 J.Sampleton),2,15,CSU 11,89,0,UTSA Roadrunners,Colorado State Rams,14,14,93.1,6.9,197.0,152.0,349.0,195.0,35.0,230.0,game,ML,Colorado State,,,kalshi,3233.0,—,—,,Loss,,miss,,,,—,,
2026-09-26T17:55:02.380137+00:00,cfb,2026,4,401860896,401860896179,1,5:08,No Huddle-Shotgun #2 K.Farrar rush middle for 1 yard gain to the CSU12 (#91 J.Sampleton),2,15,CSU 11,89,0,UTSA Roadrunners,Colorado State Rams,14,14,93.1,6.9,197.0,152.0,349.0,195.0,35.0,230.0,game,ML,UTSA,,,kalshi,-4900.0,—,—,,Loss,,miss,-30.3,,,—,,
2026-09-26T17:55:02.380137+00:00,cfb,2026,4,401860896,401860896185,1,5:08,PENALTY CSU False Start (#73 B.Hales) 5 yards from CSU12 to CSU07. NO PLAY,3,14,CSU 12,88,0,UTSA Roadrunners,Colorado State Rams,14,14,93.1,6.9,197.0,152.0,349.0,195.0,35.0,230.0,game,Spread,UTSA,,21.5,prophetx,-102.0,-7.5,—,,0,,hit,,,,-10.2,,
2026-09-26T17:55:02.380137+00:00,cfb,2026,4,401860896,401860896185,1,5:08,PENALTY CSU False Start (#73 B.Hales) 5 yards from CSU12 to CSU07. NO PLAY,3,14,CSU 12,88,0,UTSA Roadrunners,Colorado State Rams,14,14,93.1,6.9,197.0,152.0,349.0,195.0,35.0,230.0,game,Spread,UTSA,,-21.5,prophetx,-102.0,-7.5,—,,0,,miss,,,,-10.2,,
2026-09-26T17:55:02.380137+00:00,cfb,2026,4,401860896,401860896185,1,5:08,PENALTY CSU False Start (#73 B.Hales) 5 yards from CSU12 to CSU07. NO PLAY,3,14,CSU 12,88,0,UTSA Roadrunners,Colorado State Rams,14,14,93.1,6.9,197.0,152.0,349.0,195.0,35.0,230.0,game,Total,Over,,84.5,kalshi,-105.0,77.3,+263,0.2753,28.0,,miss,,,,59.6,,
2026-09-26T17:55:02.380137+00:00,cfb,2026,4,401860896,401860896185,1,5:08,PENALTY CSU False Start (#73 B.Hales) 5 yards from CSU12 to CSU07. NO PLAY,3,14,CSU 12,88,0,UTSA Roadrunners,Colorado State Rams,14,14,93.1,6.9,197.0,152.0,349.0,195.0,35.0,230.0,game,Total,,,84.5,,,—,—,,28.0,,hit,,,,—,,
2026-09-26T17:55:02.380137+00:00,cfb,2026,4,401860896,401860896185,1,5:08,PENALTY CSU False Start (#73 B.Hales) 5 yards from CSU12 to CSU07. NO PLAY,3,14,CSU 12,88,0,UTSA Roadrunners,Colorado State Rams,14,14,93.1,6.9,197.0,152.0,349.0,195.0,35.0,230.0,game,ML,Colorado State,,,kalshi,3233.0,—,—,,Loss,,miss,,,,—,,
2026-09-26T17:55:02.380137+00:00,cfb,2026,4,401860896,401860896185,1,5:08,PENALTY CSU False Start (#73 B.Hales) 5 yards from CSU12 to CSU07. NO PLAY,3,14,CSU 12,88,0,UTSA Roadrunners,Colorado State Rams,14,14,93.1,6.9,197.0,152.0,349.0,195.0,35.0,230.0,game,ML,UTSA,,,kalshi,-4900.0,—,—,,Loss,,miss,-30.3,,,—,,
2026-09-26T17:55:02.380137+00:00,cfb,2026,4,401860896,401860896188,1,4:05,"(04:05) No Huddle-Shotgun #2 K.Farrar pass complete short middle to #11 D.Robinson caught at CSU04, for 7 yards to the CSU14 (#24 W.Nelson; #2 O.Pewee) PENALTY CSU Illegal Formation declined",3,19,CSU 7,93,0,UTSA Roadrunners,Colorado State Rams,14,14,93.1,6.9,197.0,152.0,349.0,195.0,35.0,230.0,game,Spread,UTSA,,21.5,prophetx,-102.0,-7.6,—,,0,,hit,,,,-10.2,,
2026-09-26T17:55:02.380137+00:00,cfb,2026,4,401860896,401860896188,1,4:05,"(04:05) No Huddle-Shotgun #2 K.Farrar pass complete short middle to #11 D.Robinson caught at CSU04, for 7 yards to the CSU14 (#24 W.Nelson; #2 O.Pewee) PENALTY CSU Illegal Formation declined",3,19,CSU 7,93,0,UTSA Roadrunners,Colorado State Rams,14,14,93.1,6.9,197.0,152.0,349.0,195.0,35.0,230.0,game,Spread,UTSA,,-21.5,prophetx,-102.0,-7.6,—,,0,,miss,,,,-10.2,,
2026-09-26T17:55:02.380137+00:00,cfb,2026,4,401860896,401860896188,1,4:05,"(04:05) No Huddle-Shotgun #2 K.Farrar pass complete short middle to #11 D.Robinson caught at CSU04, for 7 yards to the CSU14 (#24 W.Nelson; #2 O.Pewee) PENALTY CSU Illegal Formation declined",3,19,CSU 7,93,0,UTSA Roadrunners,Colorado State Rams,14,14,93.1,6.9,197.0,152.0,349.0,195.0,35.0,230.0,game,Total,Over,,84.5,kalshi,-105.0,76.6,+288,0.258,28.0,,miss,,,,59.6,,
2026-09-26T17:55:02.380137+00:00,cfb,2026,4,401860896,401860896188,1,4:05,"(04:05) No Huddle-Shotgun #2 K.Farrar pass complete short middle to #11 D.Robinson caught at CSU04, for 7 yards to the CSU14 (#24 W.Nelson; #2 O.Pewee) PENALTY CSU Illegal Formation declined",3,19,CSU 7,93,0,UTSA Roadrunners,Colorado State Rams,14,14,93.1,6.9,197.0,152.0,349.0,195.0,35.0,230.0,game,Total,,,84.5,,,—,—,,28.0,,hit,,,,—,,
2026-09-26T17:55:02.380137+00:00,cfb,2026,4,401860896,401860896188,1,4:05,"(04:05) No Huddle-Shotgun #2 K.Farrar pass complete short middle to #11 D.Robinson caught at CSU04, for 7 yards to the CSU14 (#24 W.Nelson; #2 O.Pewee) PENALTY CSU Illegal Formation declined",3,19,CSU 7,93,0,UTSA Roadrunners,Colorado State Rams,14,14,93.1,6.9,197.0,152.0,349.0,195.0,35.0,230.0,game,ML,Colorado State,,,kalshi,3233.0,—,—,,Loss,,miss,,,,—,,
2026-09-26T17:55:02.380137+00:00,cfb,2026,4,401860896,401860896188,1,4:05,"(04:05) No Huddle-Shotgun #2 K.Farrar pass complete short middle to #11 D.Robinson caught at CSU04, for 7 yards to the CSU14 (#24 W.Nelson; #2 O.Pewee) PENALTY CSU Illegal Formation declined",3,19,CSU 7,93,0,UTSA Roadrunners,Colorado State Rams,14,14,93.1,6.9,197.0,152.0,349.0,195.0,35.0,230.0,game,ML,UTSA,,,kalshi,-4900.0,—,—,,Loss,,miss,-30.1,,,—,,
2026-09-26T17:55:02.380137+00:00,cfb,2026,4,401860896,401860896194,1,3:27,#39 N.Sutcliffe punt 41 yards to the UTSA45 #0 D.Amador II return for loss of 2 yards to the UTSA43 (#23 J.Mitchell),4,12,CSU 14,86,0,UTSA Roadrunners,Colorado State Rams,14,14,93.1,6.9,197.0,152.0,349.0,195.0,35.0,230.0,game,Spread,UTSA,,21.5,prophetx,-102.0,-7.2,—,,0,,hit,,,,-10.2,,
2026-09-26T17:55:02.380137+00:00,cfb,2026,4,401860896,401860896194,1,3:27,#39 N.Sutcliffe punt 41 yards to the UTSA45 #0 D.Amador II return for loss of 2 yards to the UTSA43 (#23 J.Mitchell),4,12,CSU 14,86,0,UTSA Roadrunners,Colorado State Rams,14,14,93.1,6.9,197.0,152.0,349.0,195.0,35.0,230.0,game,Spread,UTSA,,-21.5,prophetx,-102.0,-7.2,—,,0,,miss,,,,-10.2,,
2026-09-26T17:55:02.380137+00:00,cfb,2026,4,401860896,401860896194,1,3:27,#39 N.Sutcliffe punt 41 yards to the UTSA45 #0 D.Amador II return for loss of 2 yards to the UTSA43 (#23 J.Mitchell),4,12,CSU 14,86,0,UTSA Roadrunners,Colorado State Rams,14,14,93.1,6.9,197.0,152.0,349.0,195.0,35.0,230.0,game,Total,Over,,84.5,kalshi,-105.0,75.6,+340,0.2273,28.0,,miss,,,,59.6,,
2026-09-26T17:55:02.380137+00:00,cfb,2026,4,401860896,401860896194,1,3:27,#39 N.Sutcliffe punt 41 yards to the UTSA45 #0 D.Amador II return for loss of 2 yards to the UTSA43 (#23 J.Mitchell),4,12,CSU 14,86,0,UTSA Roadrunners,Colorado State Rams,14,14,93.1,6.9,197.0,152.0,349.0,195.0,35.0,230.0,game,Total,,,84.5,,,—,—,,28.0,,hit,,,,—,,
2026-09-26T17:55:02.380137+00:00,cfb,2026,4,401860896,401860896194,1,3:27,#39 N.Sutcliffe punt 41 yards to the UTSA45 #0 D.Amador II return for loss of 2 yards to the UTSA43 (#23 J.Mitchell),4,12,CSU 14,86,0,UTSA Roadrunners,Colorado State Rams,14,14,93.1,6.9,197.0,152.0,349.0,195.0,35.0,230.0,game,ML,Colorado State,,,kalshi,3233.0,—,—,,Loss,,miss,,,,—,,
2026-09-26T17:55:02.380137+00:00,cfb,2026,4,401860896,401860896194,1,3:27,#39 N.Sutcliffe punt 41 yards to the UTSA45 #0 D.Amador II return for loss of 2 yards to the UTSA43 (#23 J.Mitchell),4,12,CSU 14,86,0,UTSA Roadrunners,Colorado State Rams,14,14,93.1,6.9,197.0,152.0,349.0,195.0,35.0,230.0,game,ML,UTSA,,,kalshi,-4900.0,—,—,,Loss,,miss,-30.6,,,—,,
2026-09-26T17:55:02.380137+00:00,cfb,2026,4,401860896,401860896200,1,3:27,(03:27) No Huddle-Shotgun #1 W.Henderson III rush right for 5 yards gain to the UTSA48 (#7 J.Lessard),1,10,UTSA 43,43,0,UTSA Roadrunners,Colorado State Rams,14,14,93.1,6.9,197.0,152.0,349.0,195.0,35.0,230.0,game,Spread,UTSA,,21.5,prophetx,-102.0,-7.2,—,,0,,hit,,,,-10.2,,
2026-09-26T17:55:02.380137+00:00,cfb,2026,4,401860896,401860896200,1,3:27,(03:27) No Huddle-Shotgun #1 W.Henderson III rush right for 5 yards gain to the UTSA48 (#7 J.Lessard),1,10,UTSA 43,43,0,UTSA Roadrunners,Colorado State Rams,14,14,93.1,6.9,197.0,152.0,349.0,195.0,35.0,230.0,game,Spread,UTSA,,-21.5,prophetx,-102.0,-7.2,—,,0,,miss,,,,-10.2,,
2026-09-26T17:55:02.380137+00:00,cfb,2026,4,401860896,401860896200,1,3:27,(03:27) No Huddle-Shotgun #1 W.Henderson III rush right for 5 yards gain to the UTSA48 (#7 J.Lessard),1,10,UTSA 43,43,0,UTSA Roadrunners,Colorado State Rams,14,14,93.1,6.9,197.0,152.0,349.0,195.0,35.0,230.0,game,Total,Over,,84.5,kalshi,-105.0,75.6,+340,0.2273,28.0,,miss,,,,59.6,,
2026-09-26T17:55:02.380137+00:00,cfb,2026,4,401860896,401860896200,1,3:27,(03:27) No Huddle-Shotgun #1 W.Henderson III rush right for 5 yards gain to the UTSA48 (#7 J.Lessard),1,10,UTSA 43,43,0,UTSA Roadrunners,Colorado State Rams,14,14,93.1,6.9,197.0,152.0,349.0,195.0,35.0,230.0,game,Total,,,84.5,,,—,—,,28.0,,hit,,,,—,,
2026-09-26T17:55:02.380137+00:00,cfb,2026,4,401860896,401860896200,1,3:27,(03:27) No Huddle-Shotgun #1 W.Henderson III rush right for 5 yards gain to the UTSA48 (#7 J.Lessard),1,10,UTSA 43,43,0,UTSA Roadrunners,Colorado State Rams,14,14,93.1,6.9,197.0,152.0,349.0,195.0,35.0,230.0,game,ML,Colorado State,,,kalshi,3233.0,—,—,,Loss,,miss,,,,—,,
2026-09-26T17:55:02.380137+00:00,cfb,2026,4,401860896,401860896200,1,3:27,(03:27) No Huddle-Shotgun #1 W.Henderson III rush right for 5 yards gain to the UTSA48 (#7 J.Lessard),1,10,UTSA 43,43,0,UTSA Roadrunners,Colorado State Rams,14,14,93.1,6.9,197.0,152.0,349.0,195.0,35.0,230.0,game,ML,UTSA,,,kalshi,-4900.0,—,—,,Loss,,miss,-30.6,,,—,,
2026-09-26T17:55:02.380137+00:00,cfb,2026,4,401860896,401860896204,1,3:15,"(03:15) No Huddle-Shotgun #2 O.McCown pass complete deep left to #14 M.Anderson caught at CSU25, for 27 yards to the CSU25, End Of Play, 1ST DOWN, PENALTY CSU Holding declined",2,5,UTSA 48,48,0,UTSA Roadrunners,Colorado State Rams,14,14,93.1,6.9,197.0,152.0,349.0,195.0,35.0,230.0,game,Spread,UTSA,,21.5,prophetx,-102.0,-7.4,—,,0,,hit,,,,-10.2,,
2026-09-26T17:55:02.380137+00:00,cfb,2026,4,401860896,401860896204,1,3:15,"(03:15) No Huddle-Shotgun #2 O.McCown pass complete deep left to #14 M.Anderson caught at CSU25, for 27 yards to the CSU25, End Of Play, 1ST DOWN, PENALTY CSU Holding declined",2,5,UTSA 48,48,0,UTSA Roadrunners,Colorado State Rams,14,14,93.1,6.9,197.0,152.0,349.0,195.0,35.0,230.0,game,Spread,UTSA,,-21.5,prophetx,-102.0,-7.4,—,,0,,miss,,,,-10.2,,
2026-09-26T17:55:02.380137+00:00,cfb,2026,4,401860896,401860896204,1,3:15,"(03:15) No Huddle-Shotgun #2 O.McCown pass complete deep left to #14 M.Anderson caught at CSU25, for 27 yards to the CSU25, End Of Play, 1ST DOWN, PENALTY CSU Holding declined",2,5,UTSA 48,48,0,UTSA Roadrunners,Colorado State Rams,14,14,93.1,6.9,197.0,152.0,349.0,195.0,35.0,230.0,game,Total,Over,,84.5,kalshi,-105.0,75.4,+346,0.224,28.0,,miss,,,,59.6,,
2026-09-26T17:55:02.380137+00:00,cfb,2026,4,401860896,401860896204,1,3:15,"(03:15) No Huddle-Shotgun #2 O.McCown pass complete deep left to #14 M.Anderson caught at CSU25, for 27 yards to the CSU25, End Of Play, 1ST DOWN, PENALTY CSU Holding declined",2,5,UTSA 48,48,0,UTSA Roadrunners,Colorado State Rams,14,14,93.1,6.9,197.0,152.0,349.0,195.0,35.0,230.0,game,Total,,,84.5,,,—,—,,28.0,,hit,,,,—,,
2026-09-26T17:55:02.380137+00:00,cfb,2026,4,401860896,401860896204,1,3:15,"(03:15) No Huddle-Shotgun #2 O.McCown pass complete deep left to #14 M.Anderson caught at CSU25, for 27 yards to the CSU25, End Of Play, 1ST DOWN, PENALTY CSU Holding declined",2,5,UTSA 48,48,0,UTSA Roadrunners,Colorado State Rams,14,14,93.1,6.9,197.0,152.0,349.0,195.0,35.0,230.0,game,ML,Colorado State,,,kalshi,3233.0,—,—,,Loss,,miss,,,,—,,
2026-09-26T17:55:02.380137+00:00,cfb,2026,4,401860896,401860896204,1,3:15,"(03:15) No Huddle-Shotgun #2 O.McCown pass complete deep left to #14 M.Anderson caught at CSU25, for 27 yards to the CSU25, End Of Play, 1ST DOWN, PENALTY CSU Holding declined",2,5,UTSA 48,48,0,UTSA Roadrunners,Colorado State Rams,14,14,93.1,6.9,197.0,152.0,349.0,195.0,35.0,230.0,game,ML,UTSA,,,kalshi,-4900.0,—,—,,Loss,,miss,-30.4,,,—,,
2026-09-26T17:55:02.380137+00:00,cfb,2026,4,401860896,401860896210,1,3:15,No Huddle-Shotgun #28 A.Peterson rush right for 2 yards loss to the CSU27 (#2 O.Diomande; #90 K.Shank),1,10,CSU 25,75,0,UTSA Roadrunners,Colorado State Rams,14,14,93.1,6.9,197.0,152.0,349.0,195.0,35.0,230.0,game,Spread,UTSA,,21.5,prophetx,-102.0,-7.4,—,,0,,hit,,,,-10.2,,
2026-09-26T17:55:02.380137+00:00,cfb,2026,4,401860896,401860896210,1,3:15,No Huddle-Shotgun #28 A.Peterson rush right for 2 yards loss to the CSU27 (#2 O.Diomande; #90 K.Shank),1,10,CSU 25,75,0,UTSA Roadrunners,Colorado State Rams,14,14,93.1,6.9,197.0,152.0,349.0,195.0,35.0,230.0,game,Spread,UTSA,,-21.5,prophetx,-102.0,-7.4,—,,0,,miss,,,,-10.2,,
2026-09-26T17:55:02.380137+00:00,cfb,2026,4,401860896,401860896210,1,3:15,No Huddle-Shotgun #28 A.Peterson rush right for 2 yards loss to the CSU27 (#2 O.Diomande; #90 K.Shank),1,10,CSU 25,75,0,UTSA Roadrunners,Colorado State Rams,14,14,93.1,6.9,197.0,152.0,349.0,195.0,35.0,230.0,game,Total,Over,,84.5,kalshi,-105.0,75.4,+346,0.224,28.0,,miss,,,,59.6,,
2026-09-26T17:55:02.380137+00:00,cfb,2026,4,401860896,401860896210,1,3:15,No Huddle-Shotgun #28 A.Peterson rush right for 2 yards loss to the CSU27 (#2 O.Diomande; #90 K.Shank),1,10,CSU 25,75,0,UTSA Roadrunners,Colorado State Rams,14,14,93.1,6.9,197.0,152.0,349.0,195.0,35.0,230.0,game,Total,,,84.5,,,—,—,,28.0,,hit,,,,—,,
2026-09-26T17:55:02.380137+00:00,cfb,2026,4,401860896,401860896210,1,3:15,No Huddle-Shotgun #28 A.Peterson rush right for 2 yards loss to the CSU27 (#2 O.Diomande; #90 K.Shank),1,10,CSU 25,75,0,UTSA Roadrunners,Colorado State Rams,14,14,93.1,6.9,197.0,152.0,349.0,195.0,35.0,230.0,game,ML,Colorado State,,,kalshi,3233.0,—,—,,Loss,,miss,,,,—,,
2026-09-26T17:55:02.380137+00:00,cfb,2026,4,401860896,401860896210,1,3:15,No Huddle-Shotgun #28 A.Peterson rush right for 2 yards loss to the CSU27 (#2 O.Diomande; #90 K.Shank),1,10,CSU 25,75,0,UTSA Roadrunners,Colorado State Rams,14,14,93.1,6.9,197.0,152.0,349.0,195.0,35.0,230.0,game,ML,UTSA,,,kalshi,-4900.0,—,—,,Loss,,miss,-30.4,,,—,,
2026-09-26T17:55:02.380137+00:00,cfb,2026,4,401860896,401860896214,1,3:15,"No Huddle-Shotgun #2 O.McCown pass complete short left to #0 D.Amador II caught at CSU26, for 27 yards to the CSU00 TOUCHDOWN, clock 02:04, 1ST DOWN #92 M.Petro kick attempt good (H: #30 C.Hogan, LS: #60 W.Hodges)",2,12,CSU 27,73,7,UTSA Roadrunners,Colorado State Rams,21,14,93.1,6.9,197.0,152.0,349.0,195.0,35.0,230.0,game,Spread,UTSA,,21.5,prophetx,-102.0,-15.4,—,,+7,,hit,,,,-10.2,,
2026-09-26T17:55:02.380137+00:00,cfb,2026,4,401860896,401860896214,1,3:15,"No Huddle-Shotgun #2 O.McCown pass complete short left to #0 D.Amador II caught at CSU26, for 27 yards to the CSU00 TOUCHDOWN, clock 02:04, 1ST DOWN #92 M.Petro kick attempt good (H: #30 C.Hogan, LS: #60 W.Hodges)",2,12,CSU 27,73,7,UTSA Roadrunners,Colorado State Rams,21,14,93.1,6.9,197.0,152.0,349.0,195.0,35.0,230.0,game,Spread,UTSA,,-21.5,prophetx,-102.0,-15.4,—,,+7,,miss,,,,-10.2,,
2026-09-26T17:55:02.380137+00:00,cfb,2026,4,401860896,401860896214,1,3:15,"No Huddle-Shotgun #2 O.McCown pass complete short left to #0 D.Amador II caught at CSU26, for 27 yards to the CSU00 TOUCHDOWN, clock 02:04, 1ST DOWN #92 M.Petro kick attempt good (H: #30 C.Hogan, LS: #60 W.Hodges)",2,12,CSU 27,73,7,UTSA Roadrunners,Colorado State Rams,21,14,93.1,6.9,197.0,152.0,349.0,195.0,35.0,230.0,game,Total,Over,,84.5,kalshi,-105.0,82.6,+144,0.4093,35.0,,miss,,,,59.6,,
2026-09-26T17:55:02.380137+00:00,cfb,2026,4,401860896,401860896214,1,3:15,"No Huddle-Shotgun #2 O.McCown pass complete short left to #0 D.Amador II caught at CSU26, for 27 yards to the CSU00 TOUCHDOWN, clock 02:04, 1ST DOWN #92 M.Petro kick attempt good (H: #30 C.Hogan, LS: #60 W.Hodges)",2,12,CSU 27,73,7,UTSA Roadrunners,Colorado State Rams,21,14,93.1,6.9,197.0,152.0,349.0,195.0,35.0,230.0,game,Total,,,84.5,,,—,—,,35.0,,hit,,,,—,,
2026-09-26T17:55:02.380137+00:00,cfb,2026,4,401860896,401860896214,1,3:15,"No Huddle-Shotgun #2 O.McCown pass complete short left to #0 D.Amador II caught at CSU26, for 27 yards to the CSU00 TOUCHDOWN, clock 02:04, 1ST DOWN #92 M.Petro kick attempt good (H: #30 C.Hogan, LS: #60 W.Hodges)",2,12,CSU 27,73,7,UTSA Roadrunners,Colorado State Rams,21,14,93.1,6.9,197.0,152.0,349.0,195.0,35.0,230.0,game,ML,Colorado State,,,kalshi,3233.0,—,—,,Loss,,miss,,,,—,,
2026-09-26T17:55:02.380137+00:00,cfb,2026,4,401860896,401860896214,1,3:15,"No Huddle-Shotgun #2 O.McCown pass complete short left to #0 D.Amador II caught at CSU26, for 27 yards to the CSU00 TOUCHDOWN, clock 02:04, 1ST DOWN #92 M.Petro kick attempt good (H: #30 C.Hogan, LS: #60 W.Hodges)",2,12,CSU 27,73,7,UTSA Roadrunners,Colorado State Rams,21,14,93.1,6.9,197.0,152.0,349.0,195.0,35.0,230.0,game,ML,UTSA,,,kalshi,-4900.0,—,—,,Win,,hit,-14.4,,,—,,
2026-09-26T17:55:02.380137+00:00,cfb,2026,4,401860896,401860896222,1,2:04,"(02:04) #46 B.Doane kickoff 63 yards to the CSU02, out of bounds at CSU02",1,10,,35,7,UTSA Roadrunners,Colorado State Rams,21,14,93.1,6.9,197.0,152.0,349.0,195.0,35.0,230.0,game,Spread,UTSA,,21.5,prophetx,-102.0,-15.1,—,,+7,,hit,,,,-10.2,,
2026-09-26T17:55:02.380137+00:00,cfb,2026,4,401860896,401860896222,1,2:04,"(02:04) #46 B.Doane kickoff 63 yards to the CSU02, out of bounds at CSU02",1,10,,35,7,UTSA Roadrunners,Colorado State Rams,21,14,93.1,6.9,197.0,152.0,349.0,195.0,35.0,230.0,game,Spread,UTSA,,-21.5,prophetx,-102.0,-15.1,—,,+7,,miss,,,,-10.2,,
2026-09-26T17:55:02.380137+00:00,cfb,2026,4,401860896,401860896222,1,2:04,"(02:04) #46 B.Doane kickoff 63 yards to the CSU02, out of bounds at CSU02",1,10,,35,7,UTSA Roadrunners,Colorado State Rams,21,14,93.1,6.9,197.0,152.0,349.0,195.0,35.0,230.0,game,Total,Over,,84.5,kalshi,-105.0,81.3,+176,0.3623,35.0,,miss,,,,59.6,,
2026-09-26T17:55:02.380137+00:00,cfb,2026,4,401860896,401860896222,1,2:04,"(02:04) #46 B.Doane kickoff 63 yards to the CSU02, out of bounds at CSU02",1,10,,35,7,UTSA Roadrunners,Colorado State Rams,21,14,93.1,6.9,197.0,152.0,349.0,195.0,35.0,230.0,game,Total,,,84.5,,,—,—,,35.0,,hit,,,,—,,
2026-09-26T17:55:02.380137+00:00,cfb,2026,4,401860896,401860896222,1,2:04,"(02:04) #46 B.Doane kickoff 63 yards to the CSU02, out of bounds at CSU02",1,10,,35,7,UTSA Roadrunners,Colorado State Rams,21,14,93.1,6.9,197.0,152.0,349.0,195.0,35.0,230.0,game,ML,Colorado State,,,kalshi,3233.0,—,—,,Loss,,miss,,,,—,,
2026-09-26T17:55:02.380137+00:00,cfb,2026,4,401860896,401860896222,1,2:04,"(02:04) #46 B.Doane kickoff 63 yards to the CSU02, out of bounds at CSU02",1,10,,35,7,UTSA Roadrunners,Colorado State Rams,21,14,93.1,6.9,197.0,152.0,349.0,195.0,35.0,230.0,game,ML,UTSA,,,kalshi,-4900.0,—,—,,Win,,hit,-14.4,,,—,,
2026-09-26T17:55:02.380137+00:00,cfb,2026,4,401860896,401860896226,1,2:04,"Shotgun #1 M.Brown rush middle for 3 yards gain to the CSU38 (#22 E.Newell; #23 B.Tucker, Jr.)",1,10,CSU 35,65,7,UTSA Roadrunners,Colorado State Rams,21,14,93.1,6.9,197.0,152.0,349.0,195.0,35.0,230.0,game,Spread,UTSA,,21.5,prophetx,-102.0,-15.1,—,,+7,,hit,,,,-10.2,,
2026-09-26T17:55:02.380137+00:00,cfb,2026,4,401860896,401860896226,1,2:04,"Shotgun #1 M.Brown rush middle for 3 yards gain to the CSU38 (#22 E.Newell; #23 B.Tucker, Jr.)",1,10,CSU 35,65,7,UTSA Roadrunners,Colorado State Rams,21,14,93.1,6.9,197.0,152.0,349.0,195.0,35.0,230.0,game,Spread,UTSA,,-21.5,prophetx,-102.0,-15.1,—,,+7,,miss,,,,-10.2,,
2026-09-26T17:55:02.380137+00:00,cfb,2026,4,401860896,401860896226,1,2:04,"Shotgun #1 M.Brown rush middle for 3 yards gain to the CSU38 (#22 E.Newell; #23 B.Tucker, Jr.)",1,10,CSU 35,65,7,UTSA Roadrunners,Colorado State Rams,21,14,93.1,6.9,197.0,152.0,349.0,195.0,35.0,230.0,game,Total,Over,,84.5,kalshi,-105.0,81.3,+176,0.3623,35.0,,miss,,,,59.6,,
2026-09-26T17:55:02.380137+00:00,cfb,2026,4,401860896,401860896226,1,2:04,"Shotgun #1 M.Brown rush middle for 3 yards gain to the CSU38 (#22 E.Newell; #23 B.Tucker, Jr.)",1,10,CSU 35,65,7,UTSA Roadrunners,Colorado State Rams,21,14,93.1,6.9,197.0,152.0,349.0,195.0,35.0,230.0,game,Total,,,84.5,,,—,—,,35.0,,hit,,,,—,,
2026-09-26T17:55:02.380137+00:00,cfb,2026,4,401860896,401860896226,1,2:04,"Shotgun #1 M.Brown rush middle for 3 yards gain to the CSU38 (#22 E.Newell; #23 B.Tucker, Jr.)",1,10,CSU 35,65,7,UTSA Roadrunners,Colorado State Rams,21,14,93.1,6.9,197.0,152.0,349.0,195.0,35.0,230.0,game,ML,Colorado State,,,kalshi,3233.0,—,—,,Loss,,miss,,,,—,,
2026-09-26T17:55:02.380137+00:00,cfb,2026,4,401860896,401860896226,1,2:04,"Shotgun #1 M.Brown rush middle for 3 yards gain to the CSU38 (#22 E.Newell; #23 B.Tucker, Jr.)",1,10,CSU 35,65,7,UTSA Roadrunners,Colorado State Rams,21,14,93.1,6.9,197.0,152.0,349.0,195.0,35.0,230.0,game,ML,UTSA,,,kalshi,-4900.0,—,—,,Win,,hit,-14.4,,,—,,
2026-09-26T17:55:02.380137+00:00,cfb,2026,4,401860896,401860896230,1,2:04,"No Huddle-Shotgun #2 K.Farrar pass incomplete short middle to #5 J.Vereen thrown to CSU50 broken up by #23 B.Tucker, Jr.",2,7,CSU 38,62,7,UTSA Roadrunners,Colorado State Rams,21,14,93.1,6.9,197.0,152.0,349.0,195.0,35.0,230.0,game,Spread,UTSA,,21.5,prophetx,-102.0,-15.1,—,,+7,,hit,,,,-10.2,,
2026-09-26T17:55:02.380137+00:00,cfb,2026,4,401860896,401860896230,1,2:04,"No Huddle-Shotgun #2 K.Farrar pass incomplete short middle to #5 J.Vereen thrown to CSU50 broken up by #23 B.Tucker, Jr.",2,7,CSU 38,62,7,UTSA Roadrunners,Colorado State Rams,21,14,93.1,6.9,197.0,152.0,349.0,195.0,35.0,230.0,game,Spread,UTSA,,-21.5,prophetx,-102.0,-15.1,—,,+7,,miss,,,,-10.2,,
2026-09-26T17:55:02.380137+00:00,cfb,2026,4,401860896,401860896230,1,2:04,"No Huddle-Shotgun #2 K.Farrar pass incomplete short middle to #5 J.Vereen thrown to CSU50 broken up by #23 B.Tucker, Jr.",2,7,CSU 38,62,7,UTSA Roadrunners,Colorado State Rams,21,14,93.1,6.9,197.0,152.0,349.0,195.0,35.0,230.0,game,Total,Over,,84.5,kalshi,-105.0,81.3,+176,0.3623,35.0,,miss,,,,59.6,,
2026-09-26T17:55:02.380137+00:00,cfb,2026,4,401860896,401860896230,1,2:04,"No Huddle-Shotgun #2 K.Farrar pass incomplete short middle to #5 J.Vereen thrown to CSU50 broken up by #23 B.Tucker, Jr.",2,7,CSU 38,62,7,UTSA Roadrunners,Colorado State Rams,21,14,93.1,6.9,197.0,152.0,349.0,195.0,35.0,230.0,game,Total,,,84.5,,,—,—,,35.0,,hit,,,,—,,
2026-09-26T17:55:02.380137+00:00,cfb,2026,4,401860896,401860896230,1,2:04,"No Huddle-Shotgun #2 K.Farrar pass incomplete short middle to #5 J.Vereen thrown to CSU50 broken up by #23 B.Tucker, Jr.",2,7,CSU 38,62,7,UTSA Roadrunners,Colorado State Rams,21,14,93.1,6.9,197.0,152.0,349.0,195.0,35.0,230.0,game,ML,Colorado State,,,kalshi,3233.0,—,—,,Loss,,miss,,,,—,,
2026-09-26T17:55:02.380137+00:00,cfb,2026,4,401860896,401860896230,1,2:04,"No Huddle-Shotgun #2 K.Farrar pass incomplete short middle to #5 J.Vereen thrown to CSU50 broken up by #23 B.Tucker, Jr.",2,7,CSU 38,62,7,UTSA Roadrunners,Colorado State Rams,21,14,93.1,6.9,197.0,152.0,349.0,195.0,35.0,230.0,game,ML,UTSA,,,kalshi,-4900.0,—,—,,Win,,hit,-14.4,,,—,,
2026-09-26T17:55:02.380137+00:00,cfb,2026,4,401860896,401860896233,1,1:28,"(01:28) No Huddle-Shotgun #2 K.Farrar pass complete short middle to #6 J.Harper caught at CSU44, for 9 yards to the CSU47 (#24 W.Nelson), 1ST DOWN",3,7,CSU 38,62,7,UTSA Roadrunners,Colorado State Rams,21,14,93.1,6.9,197.0,152.0,349.0,195.0,35.0,230.0,game,Spread,UTSA,,21.5,prophetx,-102.0,-14.9,—,,+7,,hit,,,,-10.2,,
2026-09-26T17:55:02.380137+00:00,cfb,2026,4,401860896,401860896233,1,1:28,"(01:28) No Huddle-Shotgun #2 K.Farrar pass complete short middle to #6 J.Harper caught at CSU44, for 9 yards to the CSU47 (#24 W.Nelson), 1ST DOWN",3,7,CSU 38,62,7,UTSA Roadrunners,Colorado State Rams,21,14,93.1,6.9,197.0,152.0,349.0,195.0,35.0,230.0,game,Spread,UTSA,,-21.5,prophetx,-102.0,-14.9,—,,+7,,miss,,,,-10.2,,
2026-09-26T17:55:02.380137+00:00,cfb,2026,4,401860896,401860896233,1,1:28,"(01:28) No Huddle-Shotgun #2 K.Farrar pass complete short middle to #6 J.Harper caught at CSU44, for 9 yards to the CSU47 (#24 W.Nelson), 1ST DOWN",3,7,CSU 38,62,7,UTSA Roadrunners,Colorado State Rams,21,14,93.1,6.9,197.0,152.0,349.0,195.0,35.0,230.0,game,Total,Over,,84.5,kalshi,-105.0,80.5,+194,0.3397,35.0,,miss,,,,59.6,,
2026-09-26T17:55:02.380137+00:00,cfb,2026,4,401860896,401860896233,1,1:28,"(01:28) No Huddle-Shotgun #2 K.Farrar pass complete short middle to #6 J.Harper caught at CSU44, for 9 yards to the CSU47 (#24 W.Nelson), 1ST DOWN",3,7,CSU 38,62,7,UTSA Roadrunners,Colorado State Rams,21,14,93.1,6.9,197.0,152.0,349.0,195.0,35.0,230.0,game,Total,,,84.5,,,—,—,,35.0,,hit,,,,—,,
2026-09-26T17:55:02.380137+00:00,cfb,2026,4,401860896,401860896233,1,1:28,"(01:28) No Huddle-Shotgun #2 K.Farrar pass complete short middle to #6 J.Harper caught at CSU44, for 9 yards to the CSU47 (#24 W.Nelson), 1ST DOWN",3,7,CSU 38,62,7,UTSA Roadrunners,Colorado State Rams,21,14,93.1,6.9,197.0,152.0,349.0,195.0,35.0,230.0,game,ML,Colorado State,,,kalshi,3233.0,—,—,,Loss,,miss,,,,—,,
2026-09-26T17:55:02.380137+00:00,cfb,2026,4,401860896,401860896233,1,1:28,"(01:28) No Huddle-Shotgun #2 K.Farrar pass complete short middle to #6 J.Harper caught at CSU44, for 9 yards to the CSU47 (#24 W.Nelson), 1ST DOWN",3,7,CSU 38,62,7,UTSA Roadrunners,Colorado State Rams,21,14,93.1,6.9,197.0,152.0,349.0,195.0,35.0,230.0,game,ML,UTSA,,,kalshi,-4900.0,—,—,,Win,,hit,-14.6,,,—,,
2026-09-26T17:55:02.380137+00:00,cfb,2026,4,401860896,401860896238,1,1:28,No Huddle-Shotgun #2 K.Farrar pass incomplete short right to #22 C.Ross thrown to CSU45 QB hurried by #53 E.Osondu,1,10,CSU 47,53,7,UTSA Roadrunners,Colorado State Rams,21,14,93.1,6.9,197.0,152.0,349.0,195.0,35.0,230.0,game,Spread,UTSA,,21.5,prophetx,-102.0,-14.9,—,,+7,,hit,,,,-10.2,,
2026-09-26T17:55:02.380137+00:00,cfb,2026,4,401860896,401860896238,1,1:28,No Huddle-Shotgun #2 K.Farrar pass incomplete short right to #22 C.Ross thrown to CSU45 QB hurried by #53 E.Osondu,1,10,CSU 47,53,7,UTSA Roadrunners,Colorado State Rams,21,14,93.1,6.9,197.0,152.0,349.0,195.0,35.0,230.0,game,Spread,UTSA,,-21.5,prophetx,-102.0,-14.9,—,,+7,,miss,,,,-10.2,,
2026-09-26T17:55:02.380137+00:00,cfb,2026,4,401860896,401860896238,1,1:28,No Huddle-Shotgun #2 K.Farrar pass incomplete short right to #22 C.Ross thrown to CSU45 QB hurried by #53 E.Osondu,1,10,CSU 47,53,7,UTSA Roadrunners,Colorado State Rams,21,14,93.1,6.9,197.0,152.0,349.0,195.0,35.0,230.0,game,Total,Over,,84.5,kalshi,-105.0,80.5,+194,0.3397,35.0,,miss,,,,59.6,,
2026-09-26T17:55:02.380137+00:00,cfb,2026,4,401860896,401860896238,1,1:28,No Huddle-Shotgun #2 K.Farrar pass incomplete short right to #22 C.Ross thrown to CSU45 QB hurried by #53 E.Osondu,1,10,CSU 47,53,7,UTSA Roadrunners,Colorado State Rams,21,14,93.1,6.9,197.0,152.0,349.0,195.0,35.0,230.0,game,Total,,,84.5,,,—,—,,35.0,,hit,,,,—,,
2026-09-26T17:55:02.380137+00:00,cfb,2026,4,401860896,401860896238,1,1:28,No Huddle-Shotgun #2 K.Farrar pass incomplete short right to #22 C.Ross thrown to CSU45 QB hurried by #53 E.Osondu,1,10,CSU 47,53,7,UTSA Roadrunners,Colorado State Rams,21,14,93.1,6.9,197.0,152.0,349.0,195.0,35.0,230.0,game,ML,Colorado State,,,kalshi,3233.0,—,—,,Loss,,miss,,,,—,,
2026-09-26T17:55:02.380137+00:00,cfb,2026,4,401860896,401860896238,1,1:28,No Huddle-Shotgun #2 K.Farrar pass incomplete short right to #22 C.Ross thrown to CSU45 QB hurried by #53 E.Osondu,1,10,CSU 47,53,7,UTSA Roadrunners,Colorado State Rams,21,14,93.1,6.9,197.0,152.0,349.0,195.0,35.0,230.0,game,ML,UTSA,,,kalshi,-4900.0,—,—,,Win,,hit,-14.6,,,—,,
2026-09-26T17:55:02.380137+00:00,cfb,2026,4,401860896,401860896241,1,0:49,(00:49) No Huddle-Shotgun #1 M.Brown rush middle for 2 yards gain to the CSU49 (#15 D.White),2,10,CSU 47,53,7,UTSA Roadrunners,Colorado State Rams,21,14,93.1,6.9,197.0,152.0,349.0,195.0,35.0,230.0,game,Spread,UTSA,,21.5,prophetx,-102.0,-14.9,—,,+7,,hit,,,,-10.2,,
2026-09-26T17:55:02.380137+00:00,cfb,2026,4,401860896,401860896241,1,0:49,(00:49) No Huddle-Shotgun #1 M.Brown rush middle for 2 yards gain to the CSU49 (#15 D.White),2,10,CSU 47,53,7,UTSA Roadrunners,Colorado State Rams,21,14,93.1,6.9,197.0,152.0,349.0,195.0,35.0,230.0,game,Spread,UTSA,,-21.5,prophetx,-102.0,-14.9,—,,+7,,miss,,,,-10.2,,
2026-09-26T17:55:02.380137+00:00,cfb,2026,4,401860896,401860896241,1,0:49,(00:49) No Huddle-Shotgun #1 M.Brown rush middle for 2 yards gain to the CSU49 (#15 D.White),2,10,CSU 47,53,7,UTSA Roadrunners,Colorado State Rams,21,14,93.1,6.9,197.0,152.0,349.0,195.0,35.0,230.0,game,Total,Over,,84.5,kalshi,-105.0,80.5,+190,0.345,35.0,,miss,,,,59.6,,
2026-09-26T17:55:02.380137+00:00,cfb,2026,4,401860896,401860896241,1,0:49,(00:49) No Huddle-Shotgun #1 M.Brown rush middle for 2 yards gain to the CSU49 (#15 D.White),2,10,CSU 47,53,7,UTSA Roadrunners,Colorado State Rams,21,14,93.1,6.9,197.0,152.0,349.0,195.0,35.0,230.0,game,Total,,,84.5,,,—,—,,35.0,,hit,,,,—,,
2026-09-26T17:55:02.380137+00:00,cfb,2026,4,401860896,401860896241,1,0:49,(00:49) No Huddle-Shotgun #1 M.Brown rush middle for 2 yards gain to the CSU49 (#15 D.White),2,10,CSU 47,53,7,UTSA Roadrunners,Colorado State Rams,21,14,93.1,6.9,197.0,152.0,349.0,195.0,35.0,230.0,game,ML,Colorado State,,,kalshi,3233.0,—,—,,Loss,,miss,,,,—,,
2026-09-26T17:55:02.380137+00:00,cfb,2026,4,401860896,401860896241,1,0:49,(00:49) No Huddle-Shotgun #1 M.Brown rush middle for 2 yards gain to the CSU49 (#15 D.White),2,10,CSU 47,53,7,UTSA Roadrunners,Colorado State Rams,21,14,93.1,6.9,197.0,152.0,349.0,195.0,35.0,230.0,game,ML,UTSA,,,kalshi,-4900.0,—,—,,Win,,hit,-14.6,,,—,,
2026-09-26T17:55:02.380137+00:00,cfb,2026,4,401860896,401860896245,1,0:49,No Huddle-Shotgun #2 K.Farrar pass incomplete short left to #1 M.Brown thrown to CSU50,3,8,CSU 49,51,7,UTSA Roadrunners,Colorado State Rams,21,14,93.1,6.9,197.0,152.0,349.0,195.0,35.0,230.0,game,Spread,UTSA,,21.5,prophetx,-102.0,-14.9,—,,+7,,hit,,,,-10.2,,
2026-09-26T17:55:02.380137+00:00,cfb,2026,4,401860896,401860896245,1,0:49,No Huddle-Shotgun #2 K.Farrar pass incomplete short left to #1 M.Brown thrown to CSU50,3,8,CSU 49,51,7,UTSA Roadrunners,Colorado State Rams,21,14,93.1,6.9,197.0,152.0,349.0,195.0,35.0,230.0,game,Spread,UTSA,,-21.5,prophetx,-102.0,-14.9,—,,+7,,miss,,,,-10.2,,
2026-09-26T17:55:02.380137+00:00,cfb,2026,4,401860896,401860896245,1,0:49,No Huddle-Shotgun #2 K.Farrar pass incomplete short left to #1 M.Brown thrown to CSU50,3,8,CSU 49,51,7,UTSA Roadrunners,Colorado State Rams,21,14,93.1,6.9,197.0,152.0,349.0,195.0,35.0,230.0,game,Total,Over,,84.5,kalshi,-105.0,80.5,+190,0.345,35.0,,miss,,,,59.6,,
2026-09-26T17:55:02.380137+00:00,cfb,2026,4,401860896,401860896245,1,0:49,No Huddle-Shotgun #2 K.Farrar pass incomplete short left to #1 M.Brown thrown to CSU50,3,8,CSU 49,51,7,UTSA Roadrunners,Colorado State Rams,21,14,93.1,6.9,197.0,152.0,349.0,195.0,35.0,230.0,game,Total,,,84.5,,,—,—,,35.0,,hit,,,,—,,
2026-09-26T17:55:02.380137+00:00,cfb,2026,4,401860896,401860896245,1,0:49,No Huddle-Shotgun #2 K.Farrar pass incomplete short left to #1 M.Brown thrown to CSU50,3,8,CSU 49,51,7,UTSA Roadrunners,Colorado State Rams,21,14,93.1,6.9,197.0,152.0,349.0,195.0,35.0,230.0,game,ML,Colorado State,,,kalshi,3233.0,—,—,,Loss,,miss,,,,—,,
2026-09-26T17:55:02.380137+00:00,cfb,2026,4,401860896,401860896245,1,0:49,No Huddle-Shotgun #2 K.Farrar pass incomplete short left to #1 M.Brown thrown to CSU50,3,8,CSU 49,51,7,UTSA Roadrunners,Colorado State Rams,21,14,93.1,6.9,197.0,152.0,349.0,195.0,35.0,230.0,game,ML,UTSA,,,kalshi,-4900.0,—,—,,Win,,hit,-14.6,,,—,,
2026-09-26T17:55:02.380137+00:00,cfb,2026,4,401860896,401860896248,1,0:09,"(00:09) #39 N.Sutcliffe punt 51 yards to the UTSA00, Touchback",4,8,CSU 49,51,7,UTSA Roadrunners,Colorado State Rams,21,14,93.1,6.9,197.0,152.0,349.0,195.0,35.0,230.0,game,Spread,UTSA,,21.5,prophetx,-102.0,-14.8,—,,+7,,hit,,,,-10.2,,
2026-09-26T17:55:02.380137+00:00,cfb,2026,4,401860896,401860896248,1,0:09,"(00:09) #39 N.Sutcliffe punt 51 yards to the UTSA00, Touchback",4,8,CSU 49,51,7,UTSA Roadrunners,Colorado State Rams,21,14,93.1,6.9,197.0,152.0,349.0,195.0,35.0,230.0,game,Spread,UTSA,,-21.5,prophetx,-102.0,-14.8,—,,+7,,miss,,,,-10.2,,
2026-09-26T17:55:02.380137+00:00,cfb,2026,4,401860896,401860896248,1,0:09,"(00:09) #39 N.Sutcliffe punt 51 yards to the UTSA00, Touchback",4,8,CSU 49,51,7,UTSA Roadrunners,Colorado State Rams,21,14,93.1,6.9,197.0,152.0,349.0,195.0,35.0,230.0,game,Total,Over,,84.5,kalshi,-105.0,80,+196,0.3373,35.0,,miss,,,,59.6,,
2026-09-26T17:55:02.380137+00:00,cfb,2026,4,401860896,401860896248,1,0:09,"(00:09) #39 N.Sutcliffe punt 51 yards to the UTSA00, Touchback",4,8,CSU 49,51,7,UTSA Roadrunners,Colorado State Rams,21,14,93.1,6.9,197.0,152.0,349.0,195.0,35.0,230.0,game,Total,,,84.5,,,—,—,,35.0,,hit,,,,—,,
2026-09-26T17:55:02.380137+00:00,cfb,2026,4,401860896,401860896248,1,0:09,"(00:09) #39 N.Sutcliffe punt 51 yards to the UTSA00, Touchback",4,8,CSU 49,51,7,UTSA Roadrunners,Colorado State Rams,21,14,93.1,6.9,197.0,152.0,349.0,195.0,35.0,230.0,game,ML,Colorado State,,,kalshi,3233.0,—,—,,Loss,,miss,,,,—,,
2026-09-26T17:55:02.380137+00:00,cfb,2026,4,401860896,401860896248,1,0:09,"(00:09) #39 N.Sutcliffe punt 51 yards to the UTSA00, Touchback",4,8,CSU 49,51,7,UTSA Roadrunners,Colorado State Rams,21,14,93.1,6.9,197.0,152.0,349.0,195.0,35.0,230.0,game,ML,UTSA,,,kalshi,-4900.0,—,—,,Win,,hit,-14.5,,,—,,
2026-09-26T17:55:02.380137+00:00,cfb,2026,4,401860896,401860896254,1,0:00,End of 1st quarter.,4,8,,51,7,UTSA Roadrunners,Colorado State Rams,21,14,93.1,6.9,197.0,152.0,349.0,195.0,35.0,230.0,game,Spread,UTSA,,21.5,prophetx,-102.0,-15.9,—,,+7,,hit,,,,-10.2,,
2026-09-26T17:55:02.380137+00:00,cfb,2026,4,401860896,401860896254,1,0:00,End of 1st quarter.,4,8,,51,7,UTSA Roadrunners,Colorado State Rams,21,14,93.1,6.9,197.0,152.0,349.0,195.0,35.0,230.0,game,Spread,UTSA,,-21.5,prophetx,-102.0,-15.9,—,,+7,,miss,,,,-10.2,,
2026-09-26T17:55:02.380137+00:00,cfb,2026,4,401860896,401860896254,1,0:00,End of 1st quarter.,4,8,,51,7,UTSA Roadrunners,Colorado State Rams,21,14,93.1,6.9,197.0,152.0,349.0,195.0,35.0,230.0,game,Total,Over,,84.5,kalshi,-105.0,87.1,-125,0.5563,35.0,,miss,,,,59.6,,
2026-09-26T17:55:02.380137+00:00,cfb,2026,4,401860896,401860896254,1,0:00,End of 1st quarter.,4,8,,51,7,UTSA Roadrunners,Colorado State Rams,21,14,93.1,6.9,197.0,152.0,349.0,195.0,35.0,230.0,game,Total,,,84.5,,,—,—,,35.0,,hit,,,,—,,
2026-09-26T17:55:02.380137+00:00,cfb,2026,4,401860896,401860896254,1,0:00,End of 1st quarter.,4,8,,51,7,UTSA Roadrunners,Colorado State Rams,21,14,93.1,6.9,197.0,152.0,349.0,195.0,35.0,230.0,game,ML,Colorado State,,,kalshi,3233.0,—,—,,Loss,,miss,,,,—,,
2026-09-26T17:55:02.380137+00:00,cfb,2026,4,401860896,401860896254,1,0:00,End of 1st quarter.,4,8,,51,7,UTSA Roadrunners,Colorado State Rams,21,14,93.1,6.9,197.0,152.0,349.0,195.0,35.0,230.0,game,ML,UTSA,,,kalshi,-4900.0,—,—,,Win,,hit,-14.5,,,—,,
2026-09-26T17:55:02.380137+00:00,cfb,2026,4,401860896,401860896259,2,15:00,"Shotgun #2 O.McCown pass complete short left to #89 B.Young Jr. caught at UTSA20, for 2 yards to the UTSA22 (#2 O.Diomande), out of bounds",1,10,UTSA 20,20,7,UTSA Roadrunners,Colorado State Rams,21,14,93.1,6.9,197.0,152.0,349.0,195.0,35.0,230.0,game,Spread,UTSA,,21.5,prophetx,-102.0,-14.8,—,,+7,,hit,,,,-10.2,,
2026-09-26T17:55:02.380137+00:00,cfb,2026,4,401860896,401860896259,2,15:00,"Shotgun #2 O.McCown pass complete short left to #89 B.Young Jr. caught at UTSA20, for 2 yards to the UTSA22 (#2 O.Diomande), out of bounds",1,10,UTSA 20,20,7,UTSA Roadrunners,Colorado State Rams,21,14,93.1,6.9,197.0,152.0,349.0,195.0,35.0,230.0,game,Spread,UTSA,,-21.5,prophetx,-102.0,-14.8,—,,+7,,miss,,,,-10.2,,
2026-09-26T17:55:02.380137+00:00,cfb,2026,4,401860896,401860896259,2,15:00,"Shotgun #2 O.McCown pass complete short left to #89 B.Young Jr. caught at UTSA20, for 2 yards to the UTSA22 (#2 O.Diomande), out of bounds",1,10,UTSA 20,20,7,UTSA Roadrunners,Colorado State Rams,21,14,93.1,6.9,197.0,152.0,349.0,195.0,35.0,230.0,game,Total,Over,,84.5,kalshi,-105.0,79.4,+223,0.3093,35.0,,miss,,,,59.6,,
2026-09-26T17:55:02.380137+00:00,cfb,2026,4,401860896,401860896259,2,15:00,"Shotgun #2 O.McCown pass complete short left to #89 B.Young Jr. caught at UTSA20, for 2 yards to the UTSA22 (#2 O.Diomande), out of bounds",1,10,UTSA 20,20,7,UTSA Roadrunners,Colorado State Rams,21,14,93.1,6.9,197.0,152.0,349.0,195.0,35.0,230.0,game,Total,,,84.5,,,—,—,,35.0,,hit,,,,—,,
2026-09-26T17:55:02.380137+00:00,cfb,2026,4,401860896,401860896259,2,15:00,"Shotgun #2 O.McCown pass complete short left to #89 B.Young Jr. caught at UTSA20, for 2 yards to the UTSA22 (#2 O.Diomande), out of bounds",1,10,UTSA 20,20,7,UTSA Roadrunners,Colorado State Rams,21,14,93.1,6.9,197.0,152.0,349.0,195.0,35.0,230.0,game,ML,Colorado State,,,kalshi,3233.0,—,—,,Loss,,miss,,,,—,,
2026-09-26T17:55:02.380137+00:00,cfb,2026,4,401860896,401860896259,2,15:00,"Shotgun #2 O.McCown pass complete short left to #89 B.Young Jr. caught at UTSA20, for 2 yards to the UTSA22 (#2 O.Diomande), out of bounds",1,10,UTSA 20,20,7,UTSA Roadrunners,Colorado State Rams,21,14,93.1,6.9,197.0,152.0,349.0,195.0,35.0,230.0,game,ML,UTSA,,,kalshi,-4900.0,—,—,,Win,,hit,-14.6,,,—,,
2026-09-26T17:55:02.380137+00:00,cfb,2026,4,401860896,401860896266,2,15:00,"No Huddle-Shotgun #2 O.McCown pass complete short left to #0 D.Amador II caught at UTSA22, for 13 yards to the UTSA35 (#2 O.Diomande; #11 K.Potts), 1ST DOWN",2,8,UTSA 22,22,7,UTSA Roadrunners,Colorado State Rams,21,14,93.1,6.9,197.0,152.0,349.0,195.0,35.0,230.0,game,Spread,UTSA,,21.5,prophetx,-102.0,-14.8,—,,+7,,hit,,,,-10.2,,
2026-09-26T17:55:02.380137+00:00,cfb,2026,4,401860896,401860896266,2,15:00,"No Huddle-Shotgun #2 O.McCown pass complete short left to #0 D.Amador II caught at UTSA22, for 13 yards to the UTSA35 (#2 O.Diomande; #11 K.Potts), 1ST DOWN",2,8,UTSA 22,22,7,UTSA Roadrunners,Colorado State Rams,21,14,93.1,6.9,197.0,152.0,349.0,195.0,35.0,230.0,game,Spread,UTSA,,-21.5,prophetx,-102.0,-14.8,—,,+7,,miss,,,,-10.2,,
2026-09-26T17:55:02.380137+00:00,cfb,2026,4,401860896,401860896266,2,15:00,"No Huddle-Shotgun #2 O.McCown pass complete short left to #0 D.Amador II caught at UTSA22, for 13 yards to the UTSA35 (#2 O.Diomande; #11 K.Potts), 1ST DOWN",2,8,UTSA 22,22,7,UTSA Roadrunners,Colorado State Rams,21,14,93.1,6.9,197.0,152.0,349.0,195.0,35.0,230.0,game,Total,Over,,84.5,kalshi,-105.0,79.4,+223,0.3093,35.0,,miss,,,,59.6,,
2026-09-26T17:55:02.380137+00:00,cfb,2026,4,401860896,401860896266,2,15:00,"No Huddle-Shotgun #2 O.McCown pass complete short left to #0 D.Amador II caught at UTSA22, for 13 yards to the UTSA35 (#2 O.Diomande; #11 K.Potts), 1ST DOWN",2,8,UTSA 22,22,7,UTSA Roadrunners,Colorado State Rams,21,14,93.1,6.9,197.0,152.0,349.0,195.0,35.0,230.0,game,Total,,,84.5,,,—,—,,35.0,,hit,,,,—,,
2026-09-26T17:55:02.380137+00:00,cfb,2026,4,401860896,401860896266,2,15:00,"No Huddle-Shotgun #2 O.McCown pass complete short left to #0 D.Amador II caught at UTSA22, for 13 yards to the UTSA35 (#2 O.Diomande; #11 K.Potts), 1ST DOWN",2,8,UTSA 22,22,7,UTSA Roadrunners,Colorado State Rams,21,14,93.1,6.9,197.0,152.0,349.0,195.0,35.0,230.0,game,ML,Colorado State,,,kalshi,3233.0,—,—,,Loss,,miss,,,,—,,
2026-09-26T17:55:02.380137+00:00,cfb,2026,4,401860896,401860896266,2,15:00,"No Huddle-Shotgun #2 O.McCown pass complete short left to #0 D.Amador II caught at UTSA22, for 13 yards to the UTSA35 (#2 O.Diomande; #11 K.Potts), 1ST DOWN",2,8,UTSA 22,22,7,UTSA Roadrunners,Colorado State Rams,21,14,93.1,6.9,197.0,152.0,349.0,195.0,35.0,230.0,game,ML,UTSA,,,kalshi,-4900.0,—,—,,Win,,hit,-14.6,,,—,,
2026-09-26T17:55:02.380137+00:00,cfb,2026,4,401860896,401860896271,2,15:00,No Huddle-Shotgun #2 O.McCown pass incomplete short right to #0 D.Amador II thrown to UTSA41 broken up by #17 C.Blocker,1,10,UTSA 35,35,7,UTSA Roadrunners,Colorado State Rams,21,14,93.1,6.9,197.0,152.0,349.0,195.0,35.0,230.0,game,Spread,UTSA,,21.5,prophetx,-102.0,-14.8,—,,+7,,hit,,,,-10.2,,
2026-09-26T17:55:02.380137+00:00,cfb,2026,4,401860896,401860896271,2,15:00,No Huddle-Shotgun #2 O.McCown pass incomplete short right to #0 D.Amador II thrown to UTSA41 broken up by #17 C.Blocker,1,10,UTSA 35,35,7,UTSA Roadrunners,Colorado State Rams,21,14,93.1,6.9,197.0,152.0,349.0,195.0,35.0,230.0,game,Spread,UTSA,,-21.5,prophetx,-102.0,-14.8,—,,+7,,miss,,,,-10.2,,
2026-09-26T17:55:02.380137+00:00,cfb,2026,4,401860896,401860896271,2,15:00,No Huddle-Shotgun #2 O.McCown pass incomplete short right to #0 D.Amador II thrown to UTSA41 broken up by #17 C.Blocker,1,10,UTSA 35,35,7,UTSA Roadrunners,Colorado State Rams,21,14,93.1,6.9,197.0,152.0,349.0,195.0,35.0,230.0,game,Total,Over,,84.5,kalshi,-105.0,79.4,+223,0.3093,35.0,,miss,,,,59.6,,
2026-09-26T17:55:02.380137+00:00,cfb,2026,4,401860896,401860896271,2,15:00,No Huddle-Shotgun #2 O.McCown pass incomplete short right to #0 D.Amador II thrown to UTSA41 broken up by #17 C.Blocker,1,10,UTSA 35,35,7,UTSA Roadrunners,Colorado State Rams,21,14,93.1,6.9,197.0,152.0,349.0,195.0,35.0,230.0,game,Total,,,84.5,,,—,—,,35.0,,hit,,,,—,,
2026-09-26T17:55:02.380137+00:00,cfb,2026,4,401860896,401860896271,2,15:00,No Huddle-Shotgun #2 O.McCown pass incomplete short right to #0 D.Amador II thrown to UTSA41 broken up by #17 C.Blocker,1,10,UTSA 35,35,7,UTSA Roadrunners,Colorado State Rams,21,14,93.1,6.9,197.0,152.0,349.0,195.0,35.0,230.0,game,ML,Colorado State,,,kalshi,3233.0,—,—,,Loss,,miss,,,,—,,
2026-09-26T17:55:02.380137+00:00,cfb,2026,4,401860896,401860896271,2,15:00,No Huddle-Shotgun #2 O.McCown pass incomplete short right to #0 D.Amador II thrown to UTSA41 broken up by #17 C.Blocker,1,10,UTSA 35,35,7,UTSA Roadrunners,Colorado State Rams,21,14,93.1,6.9,197.0,152.0,349.0,195.0,35.0,230.0,game,ML,UTSA,,,kalshi,-4900.0,—,—,,Win,,hit,-14.6,,,—,,
2026-09-26T17:55:02.380137+00:00,cfb,2026,4,401860896,401860896274,2,15:00,"No Huddle-Shotgun #2 O.McCown pass complete short right to #15 D.Allen caught at UTSA38, for 7 yards to the UTSA42 (#17 C.Blocker)",2,10,UTSA 35,35,7,UTSA Roadrunners,Colorado State Rams,21,14,93.1,6.9,197.0,152.0,349.0,195.0,35.0,230.0,game,Spread,UTSA,,21.5,prophetx,-102.0,-14.8,—,,+7,,hit,,,,-10.2,,
2026-09-26T17:55:02.380137+00:00,cfb,2026,4,401860896,401860896274,2,15:00,"No Huddle-Shotgun #2 O.McCown pass complete short right to #15 D.Allen caught at UTSA38, for 7 yards to the UTSA42 (#17 C.Blocker)",2,10,UTSA 35,35,7,UTSA Roadrunners,Colorado State Rams,21,14,93.1,6.9,197.0,152.0,349.0,195.0,35.0,230.0,game,Spread,UTSA,,-21.5,prophetx,-102.0,-14.8,—,,+7,,miss,,,,-10.2,,
2026-09-26T17:55:02.380137+00:00,cfb,2026,4,401860896,401860896274,2,15:00,"No Huddle-Shotgun #2 O.McCown pass complete short right to #15 D.Allen caught at UTSA38, for 7 yards to the UTSA42 (#17 C.Blocker)",2,10,UTSA 35,35,7,UTSA Roadrunners,Colorado State Rams,21,14,93.1,6.9,197.0,152.0,349.0,195.0,35.0,230.0,game,Total,Over,,84.5,kalshi,-105.0,79.4,+223,0.3093,35.0,,miss,,,,59.6,,
2026-09-26T17:55:02.380137+00:00,cfb,2026,4,401860896,401860896274,2,15:00,"No Huddle-Shotgun #2 O.McCown pass complete short right to #15 D.Allen caught at UTSA38, for 7 yards to the UTSA42 (#17 C.Blocker)",2,10,UTSA 35,35,7,UTSA Roadrunners,Colorado State Rams,21,14,93.1,6.9,197.0,152.0,349.0,195.0,35.0,230.0,game,Total,,,84.5,,,—,—,,35.0,,hit,,,,—,,
2026-09-26T17:55:02.380137+00:00,cfb,2026,4,401860896,401860896274,2,15:00,"No Huddle-Shotgun #2 O.McCown pass complete short right to #15 D.Allen caught at UTSA38, for 7 yards to the UTSA42 (#17 C.Blocker)",2,10,UTSA 35,35,7,UTSA Roadrunners,Colorado State Rams,21,14,93.1,6.9,197.0,152.0,349.0,195.0,35.0,230.0,game,ML,Colorado State,,,kalshi,3233.0,—,—,,Loss,,miss,,,,—,,
2026-09-26T17:55:02.380137+00:00,cfb,2026,4,401860896,401860896274,2,15:00,"No Huddle-Shotgun #2 O.McCown pass complete short right to #15 D.Allen caught at UTSA38, for 7 yards to the UTSA42 (#17 C.Blocker)",2,10,UTSA 35,35,7,UTSA Roadrunners,Colorado State Rams,21,14,93.1,6.9,197.0,152.0,349.0,195.0,35.0,230.0,game,ML,UTSA,,,kalshi,-4900.0,—,—,,Win,,hit,-14.6,,,—,,
2026-09-26T17:55:02.380137+00:00,cfb,2026,4,401860896,401860896279,2,15:00,"No Huddle-Shotgun #2 O.McCown pass complete short middle to #15 D.Allen caught at UTSA47, for 58 yards to the CSU00 TOUCHDOWN, clock 13:29, 1ST DOWN #92 M.Petro kick attempt good (H: #30 C.Hogan, LS: #60 W.Hodges)",3,3,UTSA 42,42,14,UTSA Roadrunners,Colorado State Rams,28,14,93.1,6.9,197.0,152.0,349.0,195.0,35.0,230.0,game,Spread,UTSA,,21.5,prophetx,-102.0,-22.8,—,,+14,,hit,,,,-10.2,,
2026-09-26T17:55:02.380137+00:00,cfb,2026,4,401860896,401860896279,2,15:00,"No Huddle-Shotgun #2 O.McCown pass complete short middle to #15 D.Allen caught at UTSA47, for 58 yards to the CSU00 TOUCHDOWN, clock 13:29, 1ST DOWN #92 M.Petro kick attempt good (H: #30 C.Hogan, LS: #60 W.Hodges)",3,3,UTSA 42,42,14,UTSA Roadrunners,Colorado State Rams,28,14,93.1,6.9,197.0,152.0,349.0,195.0,35.0,230.0,game,Spread,UTSA,,-21.5,prophetx,-102.0,-22.8,—,,+14,,miss,,,,-10.2,,
2026-09-26T17:55:02.380137+00:00,cfb,2026,4,401860896,401860896279,2,15:00,"No Huddle-Shotgun #2 O.McCown pass complete short middle to #15 D.Allen caught at UTSA47, for 58 yards to the CSU00 TOUCHDOWN, clock 13:29, 1ST DOWN #92 M.Petro kick attempt good (H: #30 C.Hogan, LS: #60 W.Hodges)",3,3,UTSA 42,42,14,UTSA Roadrunners,Colorado State Rams,28,14,93.1,6.9,197.0,152.0,349.0,195.0,35.0,230.0,game,Total,Over,,84.5,kalshi,-105.0,86.2,-113,0.5303,42.0,,miss,,,,59.6,,
2026-09-26T17:55:02.380137+00:00,cfb,2026,4,401860896,401860896279,2,15:00,"No Huddle-Shotgun #2 O.McCown pass complete short middle to #15 D.Allen caught at UTSA47, for 58 yards to the CSU00 TOUCHDOWN, clock 13:29, 1ST DOWN #92 M.Petro kick attempt good (H: #30 C.Hogan, LS: #60 W.Hodges)",3,3,UTSA 42,42,14,UTSA Roadrunners,Colorado State Rams,28,14,93.1,6.9,197.0,152.0,349.0,195.0,35.0,230.0,game,Total,,,84.5,,,—,—,,42.0,,hit,,,,—,,
2026-09-26T17:55:02.380137+00:00,cfb,2026,4,401860896,401860896279,2,15:00,"No Huddle-Shotgun #2 O.McCown pass complete short middle to #15 D.Allen caught at UTSA47, for 58 yards to the CSU00 TOUCHDOWN, clock 13:29, 1ST DOWN #92 M.Petro kick attempt good (H: #30 C.Hogan, LS: #60 W.Hodges)",3,3,UTSA 42,42,14,UTSA Roadrunners,Colorado State Rams,28,14,93.1,6.9,197.0,152.0,349.0,195.0,35.0,230.0,game,ML,Colorado State,,,kalshi,3233.0,—,—,,Loss,,miss,,,,—,,
2026-09-26T17:55:02.380137+00:00,cfb,2026,4,401860896,401860896279,2,15:00,"No Huddle-Shotgun #2 O.McCown pass complete short middle to #15 D.Allen caught at UTSA47, for 58 yards to the CSU00 TOUCHDOWN, clock 13:29, 1ST DOWN #92 M.Petro kick attempt good (H: #30 C.Hogan, LS: #60 W.Hodges)",3,3,UTSA 42,42,14,UTSA Roadrunners,Colorado State Rams,28,14,93.1,6.9,197.0,152.0,349.0,195.0,35.0,230.0,game,ML,UTSA,,,kalshi,-4900.0,—,—,,Win,,hit,-4.6,,,—,,
2026-09-26T17:55:02.380137+00:00,cfb,2026,4,401860896,401860896287,2,13:29,"(13:29) #46 B.Doane kickoff 65 yards to the CSU00, Touchback",1,10,,35,14,UTSA Roadrunners,Colorado State Rams,28,14,93.1,6.9,197.0,152.0,349.0,195.0,35.0,230.0,game,Spread,UTSA,,21.5,prophetx,-102.0,-22.3,—,,+14,,hit,,,,-10.2,,
2026-09-26T17:55:02.380137+00:00,cfb,2026,4,401860896,401860896287,2,13:29,"(13:29) #46 B.Doane kickoff 65 yards to the CSU00, Touchback",1,10,,35,14,UTSA Roadrunners,Colorado State Rams,28,14,93.1,6.9,197.0,152.0,349.0,195.0,35.0,230.0,game,Spread,UTSA,,-21.5,prophetx,-102.0,-22.3,—,,+14,,miss,,,,-10.2,,
2026-09-26T17:55:02.380137+00:00,cfb,2026,4,401860896,401860896287,2,13:29,"(13:29) #46 B.Doane kickoff 65 yards to the CSU00, Touchback",1,10,,35,14,UTSA Roadrunners,Colorado State Rams,28,14,93.1,6.9,197.0,152.0,349.0,195.0,35.0,230.0,game,Total,Over,,84.5,kalshi,-105.0,85.1,+104,0.4897,42.0,,miss,,,,59.6,,
2026-09-26T17:55:02.380137+00:00,cfb,2026,4,401860896,401860896287,2,13:29,"(13:29) #46 B.Doane kickoff 65 yards to the CSU00, Touchback",1,10,,35,14,UTSA Roadrunners,Colorado State Rams,28,14,93.1,6.9,197.0,152.0,349.0,195.0,35.0,230.0,game,Total,,,84.5,,,—,—,,42.0,,hit,,,,—,,
2026-09-26T17:55:02.380137+00:00,cfb,2026,4,401860896,401860896287,2,13:29,"(13:29) #46 B.Doane kickoff 65 yards to the CSU00, Touchback",1,10,,35,14,UTSA Roadrunners,Colorado State Rams,28,14,93.1,6.9,197.0,152.0,349.0,195.0,35.0,230.0,game,ML,Colorado State,,,kalshi,3233.0,—,—,,Loss,,miss,,,,—,,
2026-09-26T17:55:02.380137+00:00,cfb,2026,4,401860896,401860896287,2,13:29,"(13:29) #46 B.Doane kickoff 65 yards to the CSU00, Touchback",1,10,,35,14,UTSA Roadrunners,Colorado State Rams,28,14,93.1,6.9,197.0,152.0,349.0,195.0,35.0,230.0,game,ML,UTSA,,,kalshi,-4900.0,—,—,,Win,,hit,-4.7,,,—,,
2026-09-26T17:55:02.380137+00:00,cfb,2026,4,401860896,401860896290,2,13:29,"(13:29) No Huddle-Shotgun #2 K.Farrar pass complete short right to #5 J.Vereen caught at CSU41, for 16 yards to the CSU41 (#20 Z.Morris), 1ST DOWN",1,10,CSU 25,75,14,UTSA Roadrunners,Colorado State Rams,28,14,93.1,6.9,197.0,152.0,349.0,195.0,35.0,230.0,game,Spread,UTSA,,21.5,prophetx,-102.0,-22.3,—,,+14,,hit,,,,-10.2,,
2026-09-26T17:55:02.380137+00:00,cfb,2026,4,401860896,401860896290,2,13:29,"(13:29) No Huddle-Shotgun #2 K.Farrar pass complete short right to #5 J.Vereen caught at CSU41, for 16 yards to the CSU41 (#20 Z.Morris), 1ST DOWN",1,10,CSU 25,75,14,UTSA Roadrunners,Colorado State Rams,28,14,93.1,6.9,197.0,152.0,349.0,195.0,35.0,230.0,game,Spread,UTSA,,-21.5,prophetx,-102.0,-22.3,—,,+14,,miss,,,,-10.2,,
2026-09-26T17:55:02.380137+00:00,cfb,2026,4,401860896,401860896290,2,13:29,"(13:29) No Huddle-Shotgun #2 K.Farrar pass complete short right to #5 J.Vereen caught at CSU41, for 16 yards to the CSU41 (#20 Z.Morris), 1ST DOWN",1,10,CSU 25,75,14,UTSA Roadrunners,Colorado State Rams,28,14,93.1,6.9,197.0,152.0,349.0,195.0,35.0,230.0,game,Total,Over,,84.5,kalshi,-105.0,85.1,+104,0.4897,42.0,,miss,,,,59.6,,
2026-09-26T17:55:02.380137+00:00,cfb,2026,4,401860896,401860896290,2,13:29,"(13:29) No Huddle-Shotgun #2 K.Farrar pass complete short right to #5 J.Vereen caught at CSU41, for 16 yards to the CSU41 (#20 Z.Morris), 1ST DOWN",1,10,CSU 25,75,14,UTSA Roadrunners,Colorado State Rams,28,14,93.1,6.9,197.0,152.0,349.0,195.0,35.0,230.0,game,Total,,,84.5,,,—,—,,42.0,,hit,,,,—,,
2026-09-26T17:55:02.380137+00:00,cfb,2026,4,401860896,401860896290,2,13:29,"(13:29) No Huddle-Shotgun #2 K.Farrar pass complete short right to #5 J.Vereen caught at CSU41, for 16 yards to the CSU41 (#20 Z.Morris), 1ST DOWN",1,10,CSU 25,75,14,UTSA Roadrunners,Colorado State Rams,28,14,93.1,6.9,197.0,152.0,349.0,195.0,35.0,230.0,game,ML,Colorado State,,,kalshi,3233.0,—,—,,Loss,,miss,,,,—,,
2026-09-26T17:55:02.380137+00:00,cfb,2026,4,401860896,401860896290,2,13:29,"(13:29) No Huddle-Shotgun #2 K.Farrar pass complete short right to #5 J.Vereen caught at CSU41, for 16 yards to the CSU41 (#20 Z.Morris), 1ST DOWN",1,10,CSU 25,75,14,UTSA Roadrunners,Colorado State Rams,28,14,93.1,6.9,197.0,152.0,349.0,195.0,35.0,230.0,game,ML,UTSA,,,kalshi,-4900.0,—,—,,Win,,hit,-4.7,,,—,,
2026-09-26T17:55:02.380137+00:00,cfb,2026,4,401860896,401860896295,2,13:29,"No Huddle-Shotgun #2 K.Farrar pass complete short middle to #6 J.Harper caught at UTSA49, for 11 yards to the UTSA48 (#25 N.Robinson Jr.), 1ST DOWN",1,10,CSU 41,59,14,UTSA Roadrunners,Colorado State Rams,28,14,93.1,6.9,197.0,152.0,349.0,195.0,35.0,230.0,game,Spread,UTSA,,21.5,prophetx,-102.0,-22.3,—,,+14,,hit,,,,-10.2,,
2026-09-26T17:55:02.380137+00:00,cfb,2026,4,401860896,401860896295,2,13:29,"No Huddle-Shotgun #2 K.Farrar pass complete short middle to #6 J.Harper caught at UTSA49, for 11 yards to the UTSA48 (#25 N.Robinson Jr.), 1ST DOWN",1,10,CSU 41,59,14,UTSA Roadrunners,Colorado State Rams,28,14,93.1,6.9,197.0,152.0,349.0,195.0,35.0,230.0,game,Spread,UTSA,,-21.5,prophetx,-102.0,-22.3,—,,+14,,miss,,,,-10.2,,
2026-09-26T17:55:02.380137+00:00,cfb,2026,4,401860896,401860896295,2,13:29,"No Huddle-Shotgun #2 K.Farrar pass complete short middle to #6 J.Harper caught at UTSA49, for 11 yards to the UTSA48 (#25 N.Robinson Jr.), 1ST DOWN",1,10,CSU 41,59,14,UTSA Roadrunners,Colorado State Rams,28,14,93.1,6.9,197.0,152.0,349.0,195.0,35.0,230.0,game,Total,Over,,84.5,kalshi,-105.0,85.1,+104,0.4897,42.0,,miss,,,,59.6,,
2026-09-26T17:55:02.380137+00:00,cfb,2026,4,401860896,401860896295,2,13:29,"No Huddle-Shotgun #2 K.Farrar pass complete short middle to #6 J.Harper caught at UTSA49, for 11 yards to the UTSA48 (#25 N.Robinson Jr.), 1ST DOWN",1,10,CSU 41,59,14,UTSA Roadrunners,Colorado State Rams,28,14,93.1,6.9,197.0,152.0,349.0,195.0,35.0,230.0,game,Total,,,84.5,,,—,—,,42.0,,hit,,,,—,,
2026-09-26T17:55:02.380137+00:00,cfb,2026,4,401860896,401860896295,2,13:29,"No Huddle-Shotgun #2 K.Farrar pass complete short middle to #6 J.Harper caught at UTSA49, for 11 yards to the UTSA48 (#25 N.Robinson Jr.), 1ST DOWN",1,10,CSU 41,59,14,UTSA Roadrunners,Colorado State Rams,28,14,93.1,6.9,197.0,152.0,349.0,195.0,35.0,230.0,game,ML,Colorado State,,,kalshi,3233.0,—,—,,Loss,,miss,,,,—,,
2026-09-26T17:55:02.380137+00:00,cfb,2026,4,401860896,401860896295,2,13:29,"No Huddle-Shotgun #2 K.Farrar pass complete short middle to #6 J.Harper caught at UTSA49, for 11 yards to the UTSA48 (#25 N.Robinson Jr.), 1ST DOWN",1,10,CSU 41,59,14,UTSA Roadrunners,Colorado State Rams,28,14,93.1,6.9,197.0,152.0,349.0,195.0,35.0,230.0,game,ML,UTSA,,,kalshi,-4900.0,—,—,,Win,,hit,-4.7,,,—,,
2026-09-26T17:55:02.380137+00:00,cfb,2026,4,401860896,401860896300,2,13:29,No Huddle-Shotgun #11 D.Robinson rush middle for 3 yards gain to the UTSA45 (#15 D.White; #99 T.Leonard),1,10,UTSA 48,48,14,UTSA Roadrunners,Colorado State Rams,28,14,93.1,6.9,197.0,152.0,349.0,195.0,35.0,230.0,game,Spread,UTSA,,21.5,prophetx,-102.0,-22.3,—,,+14,,hit,,,,-10.2,,
2026-09-26T17:55:02.380137+00:00,cfb,2026,4,401860896,401860896300,2,13:29,No Huddle-Shotgun #11 D.Robinson rush middle for 3 yards gain to the UTSA45 (#15 D.White; #99 T.Leonard),1,10,UTSA 48,48,14,UTSA Roadrunners,Colorado State Rams,28,14,93.1,6.9,197.0,152.0,349.0,195.0,35.0,230.0,game,Spread,UTSA,,-21.5,prophetx,-102.0,-22.3,—,,+14,,miss,,,,-10.2,,
2026-09-26T17:55:02.380137+00:00,cfb,2026,4,401860896,401860896300,2,13:29,No Huddle-Shotgun #11 D.Robinson rush middle for 3 yards gain to the UTSA45 (#15 D.White; #99 T.Leonard),1,10,UTSA 48,48,14,UTSA Roadrunners,Colorado State Rams,28,14,93.1,6.9,197.0,152.0,349.0,195.0,35.0,230.0,game,Total,Over,,84.5,kalshi,-105.0,85.1,+104,0.4897,42.0,,miss,,,,59.6,,
2026-09-26T17:55:02.380137+00:00,cfb,2026,4,401860896,401860896300,2,13:29,No Huddle-Shotgun #11 D.Robinson rush middle for 3 yards gain to the UTSA45 (#15 D.White; #99 T.Leonard),1,10,UTSA 48,48,14,UTSA Roadrunners,Colorado State Rams,28,14,93.1,6.9,197.0,152.0,349.0,195.0,35.0,230.0,game,Total,,,84.5,,,—,—,,42.0,,hit,,,,—,,
2026-09-26T17:55:02.380137+00:00,cfb,2026,4,401860896,401860896300,2,13:29,No Huddle-Shotgun #11 D.Robinson rush middle for 3 yards gain to the UTSA45 (#15 D.White; #99 T.Leonard),1,10,UTSA 48,48,14,UTSA Roadrunners,Colorado State Rams,28,14,93.1,6.9,197.0,152.0,349.0,195.0,35.0,230.0,game,ML,Colorado State,,,kalshi,3233.0,—,—,,Loss,,miss,,,,—,,
2026-09-26T17:55:02.380137+00:00,cfb,2026,4,401860896,401860896300,2,13:29,No Huddle-Shotgun #11 D.Robinson rush middle for 3 yards gain to the UTSA45 (#15 D.White; #99 T.Leonard),1,10,UTSA 48,48,14,UTSA Roadrunners,Colorado State Rams,28,14,93.1,6.9,197.0,152.0,349.0,195.0,35.0,230.0,game,ML,UTSA,,,kalshi,-4900.0,—,—,,Win,,hit,-4.7,,,—,,
2026-09-26T17:55:02.380137+00:00,cfb,2026,4,401860896,401860896304,2,13:29,"No Huddle-Shotgun #2 K.Farrar pass incomplete short right to #88 N.Chirchi thrown to UTSA39 QB hurried by #23 B.Tucker, Jr.",2,7,UTSA 45,45,14,UTSA Roadrunners,Colorado State Rams,28,14,93.1,6.9,197.0,152.0,349.0,195.0,35.0,230.0,game,Spread,UTSA,,21.5,prophetx,-102.0,-22.3,—,,+14,,hit,,,,-10.2,,
2026-09-26T17:55:02.380137+00:00,cfb,2026,4,401860896,401860896304,2,13:29,"No Huddle-Shotgun #2 K.Farrar pass incomplete short right to #88 N.Chirchi thrown to UTSA39 QB hurried by #23 B.Tucker, Jr.",2,7,UTSA 45,45,14,UTSA Roadrunners,Colorado State Rams,28,14,93.1,6.9,197.0,152.0,349.0,195.0,35.0,230.0,game,Spread,UTSA,,-21.5,prophetx,-102.0,-22.3,—,,+14,,miss,,,,-10.2,,
2026-09-26T17:55:02.380137+00:00,cfb,2026,4,401860896,401860896304,2,13:29,"No Huddle-Shotgun #2 K.Farrar pass incomplete short right to #88 N.Chirchi thrown to UTSA39 QB hurried by #23 B.Tucker, Jr.",2,7,UTSA 45,45,14,UTSA Roadrunners,Colorado State Rams,28,14,93.1,6.9,197.0,152.0,349.0,195.0,35.0,230.0,game,Total,Over,,84.5,kalshi,-105.0,85.1,+104,0.4897,42.0,,miss,,,,59.6,,
2026-09-26T17:55:02.380137+00:00,cfb,2026,4,401860896,401860896304,2,13:29,"No Huddle-Shotgun #2 K.Farrar pass incomplete short right to #88 N.Chirchi thrown to UTSA39 QB hurried by #23 B.Tucker, Jr.",2,7,UTSA 45,45,14,UTSA Roadrunners,Colorado State Rams,28,14,93.1,6.9,197.0,152.0,349.0,195.0,35.0,230.0,game,Total,,,84.5,,,—,—,,42.0,,hit,,,,—,,
2026-09-26T17:55:02.380137+00:00,cfb,2026,4,401860896,401860896304,2,13:29,"No Huddle-Shotgun #2 K.Farrar pass incomplete short right to #88 N.Chirchi thrown to UTSA39 QB hurried by #23 B.Tucker, Jr.",2,7,UTSA 45,45,14,UTSA Roadrunners,Colorado State Rams,28,14,93.1,6.9,197.0,152.0,349.0,195.0,35.0,230.0,game,ML,Colorado State,,,kalshi,3233.0,—,—,,Loss,,miss,,,,—,,
2026-09-26T17:55:02.380137+00:00,cfb,2026,4,401860896,401860896304,2,13:29,"No Huddle-Shotgun #2 K.Farrar pass incomplete short right to #88 N.Chirchi thrown to UTSA39 QB hurried by #23 B.Tucker, Jr.",2,7,UTSA 45,45,14,UTSA Roadrunners,Colorado State Rams,28,14,93.1,6.9,197.0,152.0,349.0,195.0,35.0,230.0,game,ML,UTSA,,,kalshi,-4900.0,—,—,,Win,,hit,-4.7,,,—,,
2026-09-26T17:55:02.380137+00:00,cfb,2026,4,401860896,401860896307,2,12:20,"(12:20) No Huddle-Shotgun #2 K.Farrar pass complete short left to #0 R.Vick, Jr. caught at UTSA40, for 4 yards to the UTSA41 (#17 A.Chapman), out of bounds",3,7,UTSA 45,45,14,UTSA Roadrunners,Colorado State Rams,28,14,93.1,6.9,197.0,152.0,349.0,195.0,35.0,230.0,game,Spread,UTSA,,21.5,prophetx,-102.0,-22.3,—,,+14,,hit,,,,-10.2,,
2026-09-26T17:55:02.380137+00:00,cfb,2026,4,401860896,401860896307,2,12:20,"(12:20) No Huddle-Shotgun #2 K.Farrar pass complete short left to #0 R.Vick, Jr. caught at UTSA40, for 4 yards to the UTSA41 (#17 A.Chapman), out of bounds",3,7,UTSA 45,45,14,UTSA Roadrunners,Colorado State Rams,28,14,93.1,6.9,197.0,152.0,349.0,195.0,35.0,230.0,game,Spread,UTSA,,-21.5,prophetx,-102.0,-22.3,—,,+14,,miss,,,,-10.2,,
2026-09-26T17:55:02.380137+00:00,cfb,2026,4,401860896,401860896307,2,12:20,"(12:20) No Huddle-Shotgun #2 K.Farrar pass complete short left to #0 R.Vick, Jr. caught at UTSA40, for 4 yards to the UTSA41 (#17 A.Chapman), out of bounds",3,7,UTSA 45,45,14,UTSA Roadrunners,Colorado State Rams,28,14,93.1,6.9,197.0,152.0,349.0,195.0,35.0,230.0,game,Total,Over,,84.5,kalshi,-105.0,83.9,+125,0.4453,42.0,,miss,,,,59.6,,
2026-09-26T17:55:02.380137+00:00,cfb,2026,4,401860896,401860896307,2,12:20,"(12:20) No Huddle-Shotgun #2 K.Farrar pass complete short left to #0 R.Vick, Jr. caught at UTSA40, for 4 yards to the UTSA41 (#17 A.Chapman), out of bounds",3,7,UTSA 45,45,14,UTSA Roadrunners,Colorado State Rams,28,14,93.1,6.9,197.0,152.0,349.0,195.0,35.0,230.0,game,Total,,,84.5,,,—,—,,42.0,,hit,,,,—,,
2026-09-26T17:55:02.380137+00:00,cfb,2026,4,401860896,401860896307,2,12:20,"(12:20) No Huddle-Shotgun #2 K.Farrar pass complete short left to #0 R.Vick, Jr. caught at UTSA40, for 4 yards to the UTSA41 (#17 A.Chapman), out of bounds",3,7,UTSA 45,45,14,UTSA Roadrunners,Colorado State Rams,28,14,93.1,6.9,197.0,152.0,349.0,195.0,35.0,230.0,game,ML,Colorado State,,,kalshi,3233.0,—,—,,Loss,,miss,,,,—,,
2026-09-26T17:55:02.380137+00:00,cfb,2026,4,401860896,401860896307,2,12:20,"(12:20) No Huddle-Shotgun #2 K.Farrar pass complete short left to #0 R.Vick, Jr. caught at UTSA40, for 4 yards to the UTSA41 (#17 A.Chapman), out of bounds",3,7,UTSA 45,45,14,UTSA Roadrunners,Colorado State Rams,28,14,93.1,6.9,197.0,152.0,349.0,195.0,35.0,230.0,game,ML,UTSA,,,kalshi,-4900.0,—,—,,Win,,hit,-4.4,,,—,,
2026-09-26T17:55:02.380137+00:00,cfb,2026,4,401860896,401860896314,2,11:42,"No Huddle-Shotgun #2 K.Farrar pass incomplete short middle to #0 R.Vick, Jr. thrown to UTSA36 broken up by #25 N.Robinson Jr., TURNOVER ON DOWNS",4,3,UTSA 41,41,14,UTSA Roadrunners,Colorado State Rams,28,14,93.1,6.9,197.0,152.0,349.0,195.0,35.0,230.0,game,Spread,UTSA,,21.5,prophetx,-102.0,-22.0,—,,+14,,hit,,,,-10.2,,
2026-09-26T17:55:02.380137+00:00,cfb,2026,4,401860896,401860896314,2,11:42,"No Huddle-Shotgun #2 K.Farrar pass incomplete short middle to #0 R.Vick, Jr. thrown to UTSA36 broken up by #25 N.Robinson Jr., TURNOVER ON DOWNS",4,3,UTSA 41,41,14,UTSA Roadrunners,Colorado State Rams,28,14,93.1,6.9,197.0,152.0,349.0,195.0,35.0,230.0,game,Spread,UTSA,,-21.5,prophetx,-102.0,-22.0,—,,+14,,miss,,,,-10.2,,
2026-09-26T17:55:02.380137+00:00,cfb,2026,4,401860896,401860896314,2,11:42,"No Huddle-Shotgun #2 K.Farrar pass incomplete short middle to #0 R.Vick, Jr. thrown to UTSA36 broken up by #25 N.Robinson Jr., TURNOVER ON DOWNS",4,3,UTSA 41,41,14,UTSA Roadrunners,Colorado State Rams,28,14,93.1,6.9,197.0,152.0,349.0,195.0,35.0,230.0,game,Total,Over,,84.5,kalshi,-105.0,83.2,+137,0.4217,42.0,,miss,,,,59.6,,
2026-09-26T17:55:02.380137+00:00,cfb,2026,4,401860896,401860896314,2,11:42,"No Huddle-Shotgun #2 K.Farrar pass incomplete short middle to #0 R.Vick, Jr. thrown to UTSA36 broken up by #25 N.Robinson Jr., TURNOVER ON DOWNS",4,3,UTSA 41,41,14,UTSA Roadrunners,Colorado State Rams,28,14,93.1,6.9,197.0,152.0,349.0,195.0,35.0,230.0,game,Total,,,84.5,,,—,—,,42.0,,hit,,,,—,,
2026-09-26T17:55:02.380137+00:00,cfb,2026,4,401860896,401860896314,2,11:42,"No Huddle-Shotgun #2 K.Farrar pass incomplete short middle to #0 R.Vick, Jr. thrown to UTSA36 broken up by #25 N.Robinson Jr., TURNOVER ON DOWNS",4,3,UTSA 41,41,14,UTSA Roadrunners,Colorado State Rams,28,14,93.1,6.9,197.0,152.0,349.0,195.0,35.0,230.0,game,ML,Colorado State,,,kalshi,3233.0,—,—,,Loss,,miss,,,,—,,
2026-09-26T17:55:02.380137+00:00,cfb,2026,4,401860896,401860896314,2,11:42,"No Huddle-Shotgun #2 K.Farrar pass incomplete short middle to #0 R.Vick, Jr. thrown to UTSA36 broken up by #25 N.Robinson Jr., TURNOVER ON DOWNS",4,3,UTSA 41,41,14,UTSA Roadrunners,Colorado State Rams,28,14,93.1,6.9,197.0,152.0,349.0,195.0,35.0,230.0,game,ML,UTSA,,,kalshi,-4900.0,—,—,,Win,,hit,-4.6,,,—,,
2026-09-26T17:55:02.380137+00:00,cfb,2026,4,401860896,401860896318,2,11:42,(11:42) Shotgun #10 B.High Jr. rush middle for 3 yards gain to the UTSA44 (#2 O.Diomande),1,10,UTSA 41,41,14,UTSA Roadrunners,Colorado State Rams,28,14,93.1,6.9,197.0,152.0,349.0,195.0,35.0,230.0,game,Spread,UTSA,,21.5,prophetx,-102.0,-22.0,—,,+14,,hit,,,,-10.2,,
2026-09-26T17:55:02.380137+00:00,cfb,2026,4,401860896,401860896318,2,11:42,(11:42) Shotgun #10 B.High Jr. rush middle for 3 yards gain to the UTSA44 (#2 O.Diomande),1,10,UTSA 41,41,14,UTSA Roadrunners,Colorado State Rams,28,14,93.1,6.9,197.0,152.0,349.0,195.0,35.0,230.0,game,Spread,UTSA,,-21.5,prophetx,-102.0,-22.0,—,,+14,,miss,,,,-10.2,,
2026-09-26T17:55:02.380137+00:00,cfb,2026,4,401860896,401860896318,2,11:42,(11:42) Shotgun #10 B.High Jr. rush middle for 3 yards gain to the UTSA44 (#2 O.Diomande),1,10,UTSA 41,41,14,UTSA Roadrunners,Colorado State Rams,28,14,93.1,6.9,197.0,152.0,349.0,195.0,35.0,230.0,game,Total,Over,,84.5,kalshi,-105.0,83.2,+137,0.4217,42.0,,miss,,,,59.6,,
2026-09-26T17:55:02.380137+00:00,cfb,2026,4,401860896,401860896318,2,11:42,(11:42) Shotgun #10 B.High Jr. rush middle for 3 yards gain to the UTSA44 (#2 O.Diomande),1,10,UTSA 41,41,14,UTSA Roadrunners,Colorado State Rams,28,14,93.1,6.9,197.0,152.0,349.0,195.0,35.0,230.0,game,Total,,,84.5,,,—,—,,42.0,,hit,,,,—,,
2026-09-26T17:55:02.380137+00:00,cfb,2026,4,401860896,401860896318,2,11:42,(11:42) Shotgun #10 B.High Jr. rush middle for 3 yards gain to the UTSA44 (#2 O.Diomande),1,10,UTSA 41,41,14,UTSA Roadrunners,Colorado State Rams,28,14,93.1,6.9,197.0,152.0,349.0,195.0,35.0,230.0,game,ML,Colorado State,,,kalshi,3233.0,—,—,,Loss,,miss,,,,—,,
2026-09-26T17:55:02.380137+00:00,cfb,2026,4,401860896,401860896318,2,11:42,(11:42) Shotgun #10 B.High Jr. rush middle for 3 yards gain to the UTSA44 (#2 O.Diomande),1,10,UTSA 41,41,14,UTSA Roadrunners,Colorado State Rams,28,14,93.1,6.9,197.0,152.0,349.0,195.0,35.0,230.0,game,ML,UTSA,,,kalshi,-4900.0,—,—,,Win,,hit,-4.6,,,—,,
2026-09-26T17:55:02.380137+00:00,cfb,2026,4,401860896,401860896322,2,11:42,Shotgun #2 O.McCown rush middle for 5 yards gain to the UTSA49 (#1 D.Brinson),2,7,UTSA 44,44,14,UTSA Roadrunners,Colorado State Rams,28,14,93.1,6.9,197.0,152.0,349.0,195.0,35.0,230.0,game,Spread,UTSA,,21.5,prophetx,-102.0,-22.0,—,,+14,,hit,,,,-10.2,,
2026-09-26T17:55:02.380137+00:00,cfb,2026,4,401860896,401860896322,2,11:42,Shotgun #2 O.McCown rush middle for 5 yards gain to the UTSA49 (#1 D.Brinson),2,7,UTSA 44,44,14,UTSA Roadrunners,Colorado State Rams,28,14,93.1,6.9,197.0,152.0,349.0,195.0,35.0,230.0,game,Spread,UTSA,,-21.5,prophetx,-102.0,-22.0,—,,+14,,miss,,,,-10.2,,
2026-09-26T17:55:02.380137+00:00,cfb,2026,4,401860896,401860896322,2,11:42,Shotgun #2 O.McCown rush middle for 5 yards gain to the UTSA49 (#1 D.Brinson),2,7,UTSA 44,44,14,UTSA Roadrunners,Colorado State Rams,28,14,93.1,6.9,197.0,152.0,349.0,195.0,35.0,230.0,game,Total,Over,,84.5,kalshi,-105.0,83.2,+137,0.4217,42.0,,miss,,,,59.6,,
2026-09-26T17:55:02.380137+00:00,cfb,2026,4,401860896,401860896322,2,11:42,Shotgun #2 O.McCown rush middle for 5 yards gain to the UTSA49 (#1 D.Brinson),2,7,UTSA 44,44,14,UTSA Roadrunners,Colorado State Rams,28,14,93.1,6.9,197.0,152.0,349.0,195.0,35.0,230.0,game,Total,,,84.5,,,—,—,,42.0,,hit,,,,—,,
2026-09-26T17:55:02.380137+00:00,cfb,2026,4,401860896,401860896322,2,11:42,Shotgun #2 O.McCown rush middle for 5 yards gain to the UTSA49 (#1 D.Brinson),2,7,UTSA 44,44,14,UTSA Roadrunners,Colorado State Rams,28,14,93.1,6.9,197.0,152.0,349.0,195.0,35.0,230.0,game,ML,Colorado State,,,kalshi,3233.0,—,—,,Loss,,miss,,,,—,,
2026-09-26T17:55:02.380137+00:00,cfb,2026,4,401860896,401860896322,2,11:42,Shotgun #2 O.McCown rush middle for 5 yards gain to the UTSA49 (#1 D.Brinson),2,7,UTSA 44,44,14,UTSA Roadrunners,Colorado State Rams,28,14,93.1,6.9,197.0,152.0,349.0,195.0,35.0,230.0,game,ML,UTSA,,,kalshi,-4900.0,—,—,,Win,,hit,-4.6,,,—,,
2026-09-26T17:55:02.380137+00:00,cfb,2026,4,401860896,401860896326,2,11:42,No Huddle-Shotgun #10 B.High Jr. rush middle for 1 yard gain to the UTSA50 (#93 R.Harrison; #0 C.Presley),3,2,UTSA 49,49,14,UTSA Roadrunners,Colorado State Rams,28,14,93.1,6.9,197.0,152.0,349.0,195.0,35.0,230.0,game,Spread,UTSA,,21.5,prophetx,-102.0,-22.0,—,,+14,,hit,,,,-10.2,,
2026-09-26T17:55:02.380137+00:00,cfb,2026,4,401860896,401860896326,2,11:42,No Huddle-Shotgun #10 B.High Jr. rush middle for 1 yard gain to the UTSA50 (#93 R.Harrison; #0 C.Presley),3,2,UTSA 49,49,14,UTSA Roadrunners,Colorado State Rams,28,14,93.1,6.9,197.0,152.0,349.0,195.0,35.0,230.0,game,Spread,UTSA,,-21.5,prophetx,-102.0,-22.0,—,,+14,,miss,,,,-10.2,,
2026-09-26T17:55:02.380137+00:00,cfb,2026,4,401860896,401860896326,2,11:42,No Huddle-Shotgun #10 B.High Jr. rush middle for 1 yard gain to the UTSA50 (#93 R.Harrison; #0 C.Presley),3,2,UTSA 49,49,14,UTSA Roadrunners,Colorado State Rams,28,14,93.1,6.9,197.0,152.0,349.0,195.0,35.0,230.0,game,Total,Over,,84.5,kalshi,-105.0,83.2,+137,0.4217,42.0,,miss,,,,59.6,,
2026-09-26T17:55:02.380137+00:00,cfb,2026,4,401860896,401860896326,2,11:42,No Huddle-Shotgun #10 B.High Jr. rush middle for 1 yard gain to the UTSA50 (#93 R.Harrison; #0 C.Presley),3,2,UTSA 49,49,14,UTSA Roadrunners,Colorado State Rams,28,14,93.1,6.9,197.0,152.0,349.0,195.0,35.0,230.0,game,Total,,,84.5,,,—,—,,42.0,,hit,,,,—,,
2026-09-26T17:55:02.380137+00:00,cfb,2026,4,401860896,401860896326,2,11:42,No Huddle-Shotgun #10 B.High Jr. rush middle for 1 yard gain to the UTSA50 (#93 R.Harrison; #0 C.Presley),3,2,UTSA 49,49,14,UTSA Roadrunners,Colorado State Rams,28,14,93.1,6.9,197.0,152.0,349.0,195.0,35.0,230.0,game,ML,Colorado State,,,kalshi,3233.0,—,—,,Loss,,miss,,,,—,,
2026-09-26T17:55:02.380137+00:00,cfb,2026,4,401860896,401860896326,2,11:42,No Huddle-Shotgun #10 B.High Jr. rush middle for 1 yard gain to the UTSA50 (#93 R.Harrison; #0 C.Presley),3,2,UTSA 49,49,14,UTSA Roadrunners,Colorado State Rams,28,14,93.1,6.9,197.0,152.0,349.0,195.0,35.0,230.0,game,ML,UTSA,,,kalshi,-4900.0,—,—,,Win,,hit,-4.6,,,—,,
2026-09-26T17:55:02.380137+00:00,cfb,2026,4,401860896,401860896330,2,11:42,"No Huddle #89 B.Young Jr. rush middle for 0 yards to the UTSA50 (#77 J.Moran; #93 R.Harrison) PENALTY CSU Offside (#93 R.Harrison) 5 yards from UTSA50 to CSU45, 1ST DOWN. NO PLAY",4,1,50,50,14,UTSA Roadrunners,Colorado State Rams,28,14,93.1,6.9,197.0,152.0,349.0,195.0,35.0,230.0,game,Spread,UTSA,,21.5,prophetx,-102.0,-22.0,—,,+14,,hit,,,,-10.2,,
2026-09-26T17:55:02.380137+00:00,cfb,2026,4,401860896,401860896330,2,11:42,"No Huddle #89 B.Young Jr. rush middle for 0 yards to the UTSA50 (#77 J.Moran; #93 R.Harrison) PENALTY CSU Offside (#93 R.Harrison) 5 yards from UTSA50 to CSU45, 1ST DOWN. NO PLAY",4,1,50,50,14,UTSA Roadrunners,Colorado State Rams,28,14,93.1,6.9,197.0,152.0,349.0,195.0,35.0,230.0,game,Spread,UTSA,,-21.5,prophetx,-102.0,-22.0,—,,+14,,miss,,,,-10.2,,
2026-09-26T17:55:02.380137+00:00,cfb,2026,4,401860896,401860896330,2,11:42,"No Huddle #89 B.Young Jr. rush middle for 0 yards to the UTSA50 (#77 J.Moran; #93 R.Harrison) PENALTY CSU Offside (#93 R.Harrison) 5 yards from UTSA50 to CSU45, 1ST DOWN. NO PLAY",4,1,50,50,14,UTSA Roadrunners,Colorado State Rams,28,14,93.1,6.9,197.0,152.0,349.0,195.0,35.0,230.0,game,Total,Over,,84.5,kalshi,-105.0,83.2,+137,0.4217,42.0,,miss,,,,59.6,,
2026-09-26T17:55:02.380137+00:00,cfb,2026,4,401860896,401860896330,2,11:42,"No Huddle #89 B.Young Jr. rush middle for 0 yards to the UTSA50 (#77 J.Moran; #93 R.Harrison) PENALTY CSU Offside (#93 R.Harrison) 5 yards from UTSA50 to CSU45, 1ST DOWN. NO PLAY",4,1,50,50,14,UTSA Roadrunners,Colorado State Rams,28,14,93.1,6.9,197.0,152.0,349.0,195.0,35.0,230.0,game,Total,,,84.5,,,—,—,,42.0,,hit,,,,—,,
2026-09-26T17:55:02.380137+00:00,cfb,2026,4,401860896,401860896330,2,11:42,"No Huddle #89 B.Young Jr. rush middle for 0 yards to the UTSA50 (#77 J.Moran; #93 R.Harrison) PENALTY CSU Offside (#93 R.Harrison) 5 yards from UTSA50 to CSU45, 1ST DOWN. NO PLAY",4,1,50,50,14,UTSA Roadrunners,Colorado State Rams,28,14,93.1,6.9,197.0,152.0,349.0,195.0,35.0,230.0,game,ML,Colorado State,,,kalshi,3233.0,—,—,,Loss,,miss,,,,—,,
2026-09-26T17:55:02.380137+00:00,cfb,2026,4,401860896,401860896330,2,11:42,"No Huddle #89 B.Young Jr. rush middle for 0 yards to the UTSA50 (#77 J.Moran; #93 R.Harrison) PENALTY CSU Offside (#93 R.Harrison) 5 yards from UTSA50 to CSU45, 1ST DOWN. NO PLAY",4,1,50,50,14,UTSA Roadrunners,Colorado State Rams,28,14,93.1,6.9,197.0,152.0,349.0,195.0,35.0,230.0,game,ML,UTSA,,,kalshi,-4900.0,—,—,,Win,,hit,-4.6,,,—,,
2026-09-26T17:55:02.380137+00:00,cfb,2026,4,401860896,401860896335,2,11:42,"No Huddle #2 O.McCown pass complete short middle to #84 A.Wilson caught at CSU41, for 4 yards to the CSU41 (#2 O.Diomande)",1,10,CSU 45,55,14,UTSA Roadrunners,Colorado State Rams,28,14,93.1,6.9,197.0,152.0,349.0,195.0,35.0,230.0,game,Spread,UTSA,,21.5,prophetx,-102.0,-22.0,—,,+14,,hit,,,,-10.2,,
2026-09-26T17:55:02.380137+00:00,cfb,2026,4,401860896,401860896335,2,11:42,"No Huddle #2 O.McCown pass complete short middle to #84 A.Wilson caught at CSU41, for 4 yards to the CSU41 (#2 O.Diomande)",1,10,CSU 45,55,14,UTSA Roadrunners,Colorado State Rams,28,14,93.1,6.9,197.0,152.0,349.0,195.0,35.0,230.0,game,Spread,UTSA,,-21.5,prophetx,-102.0,-22.0,—,,+14,,miss,,,,-10.2,,
2026-09-26T17:55:02.380137+00:00,cfb,2026,4,401860896,401860896335,2,11:42,"No Huddle #2 O.McCown pass complete short middle to #84 A.Wilson caught at CSU41, for 4 yards to the CSU41 (#2 O.Diomande)",1,10,CSU 45,55,14,UTSA Roadrunners,Colorado State Rams,28,14,93.1,6.9,197.0,152.0,349.0,195.0,35.0,230.0,game,Total,Over,,84.5,kalshi,-105.0,83.2,+137,0.4217,42.0,,miss,,,,59.6,,
2026-09-26T17:55:02.380137+00:00,cfb,2026,4,401860896,401860896335,2,11:42,"No Huddle #2 O.McCown pass complete short middle to #84 A.Wilson caught at CSU41, for 4 yards to the CSU41 (#2 O.Diomande)",1,10,CSU 45,55,14,UTSA Roadrunners,Colorado State Rams,28,14,93.1,6.9,197.0,152.0,349.0,195.0,35.0,230.0,game,Total,,,84.5,,,—,—,,42.0,,hit,,,,—,,
2026-09-26T17:55:02.380137+00:00,cfb,2026,4,401860896,401860896335,2,11:42,"No Huddle #2 O.McCown pass complete short middle to #84 A.Wilson caught at CSU41, for 4 yards to the CSU41 (#2 O.Diomande)",1,10,CSU 45,55,14,UTSA Roadrunners,Colorado State Rams,28,14,93.1,6.9,197.0,152.0,349.0,195.0,35.0,230.0,game,ML,Colorado State,,,kalshi,3233.0,—,—,,Loss,,miss,,,,—,,
2026-09-26T17:55:02.380137+00:00,cfb,2026,4,401860896,401860896335,2,11:42,"No Huddle #2 O.McCown pass complete short middle to #84 A.Wilson caught at CSU41, for 4 yards to the CSU41 (#2 O.Diomande)",1,10,CSU 45,55,14,UTSA Roadrunners,Colorado State Rams,28,14,93.1,6.9,197.0,152.0,349.0,195.0,35.0,230.0,game,ML,UTSA,,,kalshi,-4900.0,—,—,,Win,,hit,-4.6,,,—,,
2026-09-26T17:55:02.380137+00:00,cfb,2026,4,401860896,401860896340,2,11:42,"No Huddle #10 B.High Jr. rush left for 7 yards gain to the CSU34 (#6 E.Brown; #0 C.Presley), 1ST DOWN",2,6,CSU 41,59,14,UTSA Roadrunners,Colorado State Rams,28,14,93.1,6.9,197.0,152.0,349.0,195.0,35.0,230.0,game,Spread,UTSA,,21.5,prophetx,-102.0,-22.0,—,,+14,,hit,,,,-10.2,,
2026-09-26T17:55:02.380137+00:00,cfb,2026,4,401860896,401860896340,2,11:42,"No Huddle #10 B.High Jr. rush left for 7 yards gain to the CSU34 (#6 E.Brown; #0 C.Presley), 1ST DOWN",2,6,CSU 41,59,14,UTSA Roadrunners,Colorado State Rams,28,14,93.1,6.9,197.0,152.0,349.0,195.0,35.0,230.0,game,Spread,UTSA,,-21.5,prophetx,-102.0,-22.0,—,,+14,,miss,,,,-10.2,,
2026-09-26T17:55:02.380137+00:00,cfb,2026,4,401860896,401860896340,2,11:42,"No Huddle #10 B.High Jr. rush left for 7 yards gain to the CSU34 (#6 E.Brown; #0 C.Presley), 1ST DOWN",2,6,CSU 41,59,14,UTSA Roadrunners,Colorado State Rams,28,14,93.1,6.9,197.0,152.0,349.0,195.0,35.0,230.0,game,Total,Over,,84.5,kalshi,-105.0,83.2,+137,0.4217,42.0,,miss,,,,59.6,,
2026-09-26T17:55:02.380137+00:00,cfb,2026,4,401860896,401860896340,2,11:42,"No Huddle #10 B.High Jr. rush left for 7 yards gain to the CSU34 (#6 E.Brown; #0 C.Presley), 1ST DOWN",2,6,CSU 41,59,14,UTSA Roadrunners,Colorado State Rams,28,14,93.1,6.9,197.0,152.0,349.0,195.0,35.0,230.0,game,Total,,,84.5,,,—,—,,42.0,,hit,,,,—,,
2026-09-26T17:55:02.380137+00:00,cfb,2026,4,401860896,401860896340,2,11:42,"No Huddle #10 B.High Jr. rush left for 7 yards gain to the CSU34 (#6 E.Brown; #0 C.Presley), 1ST DOWN",2,6,CSU 41,59,14,UTSA Roadrunners,Colorado State Rams,28,14,93.1,6.9,197.0,152.0,349.0,195.0,35.0,230.0,game,ML,Colorado State,,,kalshi,3233.0,—,—,,Loss,,miss,,,,—,,
2026-09-26T17:55:02.380137+00:00,cfb,2026,4,401860896,401860896340,2,11:42,"No Huddle #10 B.High Jr. rush left for 7 yards gain to the CSU34 (#6 E.Brown; #0 C.Presley), 1ST DOWN",2,6,CSU 41,59,14,UTSA Roadrunners,Colorado State Rams,28,14,93.1,6.9,197.0,152.0,349.0,195.0,35.0,230.0,game,ML,UTSA,,,kalshi,-4900.0,—,—,,Win,,hit,-4.6,,,—,,
2026-09-26T17:55:02.380137+00:00,cfb,2026,4,401860896,401860896344,2,11:42,No Huddle-Shotgun #10 B.High Jr. rush right for 9 yards gain to the CSU25 (#1 D.Brinson),1,10,CSU 34,66,14,UTSA Roadrunners,Colorado State Rams,28,14,93.1,6.9,197.0,152.0,349.0,195.0,35.0,230.0,game,Spread,UTSA,,21.5,prophetx,-102.0,-22.0,—,,+14,,hit,,,,-10.2,,
2026-09-26T17:55:02.380137+00:00,cfb,2026,4,401860896,401860896344,2,11:42,No Huddle-Shotgun #10 B.High Jr. rush right for 9 yards gain to the CSU25 (#1 D.Brinson),1,10,CSU 34,66,14,UTSA Roadrunners,Colorado State Rams,28,14,93.1,6.9,197.0,152.0,349.0,195.0,35.0,230.0,game,Spread,UTSA,,-21.5,prophetx,-102.0,-22.0,—,,+14,,miss,,,,-10.2,,
2026-09-26T17:55:02.380137+00:00,cfb,2026,4,401860896,401860896344,2,11:42,No Huddle-Shotgun #10 B.High Jr. rush right for 9 yards gain to the CSU25 (#1 D.Brinson),1,10,CSU 34,66,14,UTSA Roadrunners,Colorado State Rams,28,14,93.1,6.9,197.0,152.0,349.0,195.0,35.0,230.0,game,Total,Over,,84.5,kalshi,-105.0,83.2,+137,0.4217,42.0,,miss,,,,59.6,,
2026-09-26T17:55:02.380137+00:00,cfb,2026,4,401860896,401860896344,2,11:42,No Huddle-Shotgun #10 B.High Jr. rush right for 9 yards gain to the CSU25 (#1 D.Brinson),1,10,CSU 34,66,14,UTSA Roadrunners,Colorado State Rams,28,14,93.1,6.9,197.0,152.0,349.0,195.0,35.0,230.0,game,Total,,,84.5,,,—,—,,42.0,,hit,,,,—,,
2026-09-26T17:55:02.380137+00:00,cfb,2026,4,401860896,401860896344,2,11:42,No Huddle-Shotgun #10 B.High Jr. rush right for 9 yards gain to the CSU25 (#1 D.Brinson),1,10,CSU 34,66,14,UTSA Roadrunners,Colorado State Rams,28,14,93.1,6.9,197.0,152.0,349.0,195.0,35.0,230.0,game,ML,Colorado State,,,kalshi,3233.0,—,—,,Loss,,miss,,,,—,,
2026-09-26T17:55:02.380137+00:00,cfb,2026,4,401860896,401860896344,2,11:42,No Huddle-Shotgun #10 B.High Jr. rush right for 9 yards gain to the CSU25 (#1 D.Brinson),1,10,CSU 34,66,14,UTSA Roadrunners,Colorado State Rams,28,14,93.1,6.9,197.0,152.0,349.0,195.0,35.0,230.0,game,ML,UTSA,,,kalshi,-4900.0,—,—,,Win,,hit,-4.6,,,—,,
2026-09-26T17:55:02.380137+00:00,cfb,2026,4,401860896,401860896348,2,11:42,"No Huddle-Shotgun #2 O.McCown pass incomplete short right to #0 D.Amador II thrown to CSU15 QB hurried by #99 T.Robinson, 1ST DOWN, PENALTY CSU Pass Interference (#6 E.Brown) 6 yards from CSU25 to CSU19, 1ST DOWN. NO PLAY",2,1,CSU 25,75,14,UTSA Roadrunners,Colorado State Rams,28,14,93.1,6.9,197.0,152.0,349.0,195.0,35.0,230.0,game,Spread,UTSA,,21.5,prophetx,-102.0,-22.0,—,,+14,,hit,,,,-10.2,,
2026-09-26T17:55:02.380137+00:00,cfb,2026,4,401860896,401860896348,2,11:42,"No Huddle-Shotgun #2 O.McCown pass incomplete short right to #0 D.Amador II thrown to CSU15 QB hurried by #99 T.Robinson, 1ST DOWN, PENALTY CSU Pass Interference (#6 E.Brown) 6 yards from CSU25 to CSU19, 1ST DOWN. NO PLAY",2,1,CSU 25,75,14,UTSA Roadrunners,Colorado State Rams,28,14,93.1,6.9,197.0,152.0,349.0,195.0,35.0,230.0,game,Spread,UTSA,,-21.5,prophetx,-102.0,-22.0,—,,+14,,miss,,,,-10.2,,
2026-09-26T17:55:02.380137+00:00,cfb,2026,4,401860896,401860896348,2,11:42,"No Huddle-Shotgun #2 O.McCown pass incomplete short right to #0 D.Amador II thrown to CSU15 QB hurried by #99 T.Robinson, 1ST DOWN, PENALTY CSU Pass Interference (#6 E.Brown) 6 yards from CSU25 to CSU19, 1ST DOWN. NO PLAY",2,1,CSU 25,75,14,UTSA Roadrunners,Colorado State Rams,28,14,93.1,6.9,197.0,152.0,349.0,195.0,35.0,230.0,game,Total,Over,,84.5,kalshi,-105.0,83.2,+137,0.4217,42.0,,miss,,,,59.6,,
2026-09-26T17:55:02.380137+00:00,cfb,2026,4,401860896,401860896348,2,11:42,"No Huddle-Shotgun #2 O.McCown pass incomplete short right to #0 D.Amador II thrown to CSU15 QB hurried by #99 T.Robinson, 1ST DOWN, PENALTY CSU Pass Interference (#6 E.Brown) 6 yards from CSU25 to CSU19, 1ST DOWN. NO PLAY",2,1,CSU 25,75,14,UTSA Roadrunners,Colorado State Rams,28,14,93.1,6.9,197.0,152.0,349.0,195.0,35.0,230.0,game,Total,,,84.5,,,—,—,,42.0,,hit,,,,—,,
2026-09-26T17:55:02.380137+00:00,cfb,2026,4,401860896,401860896348,2,11:42,"No Huddle-Shotgun #2 O.McCown pass incomplete short right to #0 D.Amador II thrown to CSU15 QB hurried by #99 T.Robinson, 1ST DOWN, PENALTY CSU Pass Interference (#6 E.Brown) 6 yards from CSU25 to CSU19, 1ST DOWN. NO PLAY",2,1,CSU 25,75,14,UTSA Roadrunners,Colorado State Rams,28,14,93.1,6.9,197.0,152.0,349.0,195.0,35.0,230.0,game,ML,Colorado State,,,kalshi,3233.0,—,—,,Loss,,miss,,,,—,,
2026-09-26T17:55:02.380137+00:00,cfb,2026,4,401860896,401860896348,2,11:42,"No Huddle-Shotgun #2 O.McCown pass incomplete short right to #0 D.Amador II thrown to CSU15 QB hurried by #99 T.Robinson, 1ST DOWN, PENALTY CSU Pass Interference (#6 E.Brown) 6 yards from CSU25 to CSU19, 1ST DOWN. NO PLAY",2,1,CSU 25,75,14,UTSA Roadrunners,Colorado State Rams,28,14,93.1,6.9,197.0,152.0,349.0,195.0,35.0,230.0,game,ML,UTSA,,,kalshi,-4900.0,—,—,,Win,,hit,-4.6,,,—,,
2026-09-26T17:55:02.380137+00:00,cfb,2026,4,401860896,401860896352,2,11:42,No Huddle-Shotgun #10 B.High Jr. rush middle for 7 yards gain to the CSU12 (#92 M.Wa-Kalonji; #15 T.Moore),1,10,CSU 19,81,14,UTSA Roadrunners,Colorado State Rams,28,14,93.1,6.9,197.0,152.0,349.0,195.0,35.0,230.0,game,Spread,UTSA,,21.5,prophetx,-102.0,-22.0,—,,+14,,hit,,,,-10.2,,
2026-09-26T17:55:02.380137+00:00,cfb,2026,4,401860896,401860896352,2,11:42,No Huddle-Shotgun #10 B.High Jr. rush middle for 7 yards gain to the CSU12 (#92 M.Wa-Kalonji; #15 T.Moore),1,10,CSU 19,81,14,UTSA Roadrunners,Colorado State Rams,28,14,93.1,6.9,197.0,152.0,349.0,195.0,35.0,230.0,game,Spread,UTSA,,-21.5,prophetx,-102.0,-22.0,—,,+14,,miss,,,,-10.2,,
2026-09-26T17:55:02.380137+00:00,cfb,2026,4,401860896,401860896352,2,11:42,No Huddle-Shotgun #10 B.High Jr. rush middle for 7 yards gain to the CSU12 (#92 M.Wa-Kalonji; #15 T.Moore),1,10,CSU 19,81,14,UTSA Roadrunners,Colorado State Rams,28,14,93.1,6.9,197.0,152.0,349.0,195.0,35.0,230.0,game,Total,Over,,84.5,kalshi,-105.0,83.2,+137,0.4217,42.0,,miss,,,,59.6,,
2026-09-26T17:55:02.380137+00:00,cfb,2026,4,401860896,401860896352,2,11:42,No Huddle-Shotgun #10 B.High Jr. rush middle for 7 yards gain to the CSU12 (#92 M.Wa-Kalonji; #15 T.Moore),1,10,CSU 19,81,14,UTSA Roadrunners,Colorado State Rams,28,14,93.1,6.9,197.0,152.0,349.0,195.0,35.0,230.0,game,Total,,,84.5,,,—,—,,42.0,,hit,,,,—,,
2026-09-26T17:55:02.380137+00:00,cfb,2026,4,401860896,401860896352,2,11:42,No Huddle-Shotgun #10 B.High Jr. rush middle for 7 yards gain to the CSU12 (#92 M.Wa-Kalonji; #15 T.Moore),1,10,CSU 19,81,14,UTSA Roadrunners,Colorado State Rams,28,14,93.1,6.9,197.0,152.0,349.0,195.0,35.0,230.0,game,ML,Colorado State,,,kalshi,3233.0,—,—,,Loss,,miss,,,,—,,
2026-09-26T17:55:02.380137+00:00,cfb,2026,4,401860896,401860896352,2,11:42,No Huddle-Shotgun #10 B.High Jr. rush middle for 7 yards gain to the CSU12 (#92 M.Wa-Kalonji; #15 T.Moore),1,10,CSU 19,81,14,UTSA Roadrunners,Colorado State Rams,28,14,93.1,6.9,197.0,152.0,349.0,195.0,35.0,230.0,game,ML,UTSA,,,kalshi,-4900.0,—,—,,Win,,hit,-4.6,,,—,,
2026-09-26T17:55:02.380137+00:00,cfb,2026,4,401860896,401860896356,2,11:42,No Huddle-Shotgun #10 B.High Jr. rush left for 1 yard gain to the CSU11 (#92 M.Wa-Kalonji; #99 T.Robinson),2,3,CSU 12,88,14,UTSA Roadrunners,Colorado State Rams,28,14,93.1,6.9,197.0,152.0,349.0,195.0,35.0,230.0,game,Spread,UTSA,,21.5,prophetx,-102.0,-22.0,—,,+14,,hit,,,,-10.2,,
2026-09-26T17:55:02.380137+00:00,cfb,2026,4,401860896,401860896356,2,11:42,No Huddle-Shotgun #10 B.High Jr. rush left for 1 yard gain to the CSU11 (#92 M.Wa-Kalonji; #99 T.Robinson),2,3,CSU 12,88,14,UTSA Roadrunners,Colorado State Rams,28,14,93.1,6.9,197.0,152.0,349.0,195.0,35.0,230.0,game,Spread,UTSA,,-21.5,prophetx,-102.0,-22.0,—,,+14,,miss,,,,-10.2,,
2026-09-26T17:55:02.380137+00:00,cfb,2026,4,401860896,401860896356,2,11:42,No Huddle-Shotgun #10 B.High Jr. rush left for 1 yard gain to the CSU11 (#92 M.Wa-Kalonji; #99 T.Robinson),2,3,CSU 12,88,14,UTSA Roadrunners,Colorado State Rams,28,14,93.1,6.9,197.0,152.0,349.0,195.0,35.0,230.0,game,Total,Over,,84.5,kalshi,-105.0,83.2,+137,0.4217,42.0,,miss,,,,59.6,,
2026-09-26T17:55:02.380137+00:00,cfb,2026,4,401860896,401860896356,2,11:42,No Huddle-Shotgun #10 B.High Jr. rush left for 1 yard gain to the CSU11 (#92 M.Wa-Kalonji; #99 T.Robinson),2,3,CSU 12,88,14,UTSA Roadrunners,Colorado State Rams,28,14,93.1,6.9,197.0,152.0,349.0,195.0,35.0,230.0,game,Total,,,84.5,,,—,—,,42.0,,hit,,,,—,,
2026-09-26T17:55:02.380137+00:00,cfb,2026,4,401860896,401860896356,2,11:42,No Huddle-Shotgun #10 B.High Jr. rush left for 1 yard gain to the CSU11 (#92 M.Wa-Kalonji; #99 T.Robinson),2,3,CSU 12,88,14,UTSA Roadrunners,Colorado State Rams,28,14,93.1,6.9,197.0,152.0,349.0,195.0,35.0,230.0,game,ML,Colorado State,,,kalshi,3233.0,—,—,,Loss,,miss,,,,—,,
2026-09-26T17:55:02.380137+00:00,cfb,2026,4,401860896,401860896356,2,11:42,No Huddle-Shotgun #10 B.High Jr. rush left for 1 yard gain to the CSU11 (#92 M.Wa-Kalonji; #99 T.Robinson),2,3,CSU 12,88,14,UTSA Roadrunners,Colorado State Rams,28,14,93.1,6.9,197.0,152.0,349.0,195.0,35.0,230.0,game,ML,UTSA,,,kalshi,-4900.0,—,—,,Win,,hit,-4.6,,,—,,
2026-09-26T17:55:02.380137+00:00,cfb,2026,4,401860896,401860896360,2,11:42,"Shotgun #28 A.Peterson rush middle for 6 yards gain to the CSU05 (#0 C.Presley), 1ST DOWN",3,2,CSU 11,89,14,UTSA Roadrunners,Colorado State Rams,28,14,93.1,6.9,197.0,152.0,349.0,195.0,35.0,230.0,game,Spread,UTSA,,21.5,prophetx,-102.0,-22.0,—,,+14,,hit,,,,-10.2,,
2026-09-26T17:55:02.380137+00:00,cfb,2026,4,401860896,401860896360,2,11:42,"Shotgun #28 A.Peterson rush middle for 6 yards gain to the CSU05 (#0 C.Presley), 1ST DOWN",3,2,CSU 11,89,14,UTSA Roadrunners,Colorado State Rams,28,14,93.1,6.9,197.0,152.0,349.0,195.0,35.0,230.0,game,Spread,UTSA,,-21.5,prophetx,-102.0,-22.0,—,,+14,,miss,,,,-10.2,,
2026-09-26T17:55:02.380137+00:00,cfb,2026,4,401860896,401860896360,2,11:42,"Shotgun #28 A.Peterson rush middle for 6 yards gain to the CSU05 (#0 C.Presley), 1ST DOWN",3,2,CSU 11,89,14,UTSA Roadrunners,Colorado State Rams,28,14,93.1,6.9,197.0,152.0,349.0,195.0,35.0,230.0,game,Total,Over,,84.5,kalshi,-105.0,83.2,+137,0.4217,42.0,,miss,,,,59.6,,
2026-09-26T17:55:02.380137+00:00,cfb,2026,4,401860896,401860896360,2,11:42,"Shotgun #28 A.Peterson rush middle for 6 yards gain to the CSU05 (#0 C.Presley), 1ST DOWN",3,2,CSU 11,89,14,UTSA Roadrunners,Colorado State Rams,28,14,93.1,6.9,197.0,152.0,349.0,195.0,35.0,230.0,game,Total,,,84.5,,,—,—,,42.0,,hit,,,,—,,
2026-09-26T17:55:02.380137+00:00,cfb,2026,4,401860896,401860896360,2,11:42,"Shotgun #28 A.Peterson rush middle for 6 yards gain to the CSU05 (#0 C.Presley), 1ST DOWN",3,2,CSU 11,89,14,UTSA Roadrunners,Colorado State Rams,28,14,93.1,6.9,197.0,152.0,349.0,195.0,35.0,230.0,game,ML,Colorado State,,,kalshi,3233.0,—,—,,Loss,,miss,,,,—,,
2026-09-26T17:55:02.380137+00:00,cfb,2026,4,401860896,401860896360,2,11:42,"Shotgun #28 A.Peterson rush middle for 6 yards gain to the CSU05 (#0 C.Presley), 1ST DOWN",3,2,CSU 11,89,14,UTSA Roadrunners,Colorado State Rams,28,14,93.1,6.9,197.0,152.0,349.0,195.0,35.0,230.0,game,ML,UTSA,,,kalshi,-4900.0,—,—,,Win,,hit,-4.6,,,—,,
2026-09-26T17:55:02.380137+00:00,cfb,2026,4,401860896,401860896364,2,6:48,"No Huddle-Shotgun #28 A.Peterson rush left for 5 yards gain to the CSU00 TOUCHDOWN, clock 06:48 #92 M.Petro kick attempt good (H: #30 C.Hogan, LS: #60 W.Hodges)",1,5,CSU 5,95,21,UTSA Roadrunners,Colorado State Rams,35,14,93.1,6.9,197.0,152.0,349.0,195.0,35.0,230.0,game,Spread,UTSA,,21.5,prophetx,-102.0,-28.4,—,,+21,,hit,,,,-10.2,,
2026-09-26T17:55:02.380137+00:00,cfb,2026,4,401860896,401860896364,2,6:48,"No Huddle-Shotgun #28 A.Peterson rush left for 5 yards gain to the CSU00 TOUCHDOWN, clock 06:48 #92 M.Petro kick attempt good (H: #30 C.Hogan, LS: #60 W.Hodges)",1,5,CSU 5,95,21,UTSA Roadrunners,Colorado State Rams,35,14,93.1,6.9,197.0,152.0,349.0,195.0,35.0,230.0,game,Spread,UTSA,,-21.5,prophetx,-102.0,-28.4,—,,+21,,miss,,,,-10.2,,
2026-09-26T17:55:02.380137+00:00,cfb,2026,4,401860896,401860896364,2,6:48,"No Huddle-Shotgun #28 A.Peterson rush left for 5 yards gain to the CSU00 TOUCHDOWN, clock 06:48 #92 M.Petro kick attempt good (H: #30 C.Hogan, LS: #60 W.Hodges)",1,5,CSU 5,95,21,UTSA Roadrunners,Colorado State Rams,35,14,93.1,6.9,197.0,152.0,349.0,195.0,35.0,230.0,game,Total,Over,,84.5,kalshi,-105.0,85.4,-102,0.506,49.0,,miss,,,,59.6,,
2026-09-26T17:55:02.380137+00:00,cfb,2026,4,401860896,401860896364,2,6:48,"No Huddle-Shotgun #28 A.Peterson rush left for 5 yards gain to the CSU00 TOUCHDOWN, clock 06:48 #92 M.Petro kick attempt good (H: #30 C.Hogan, LS: #60 W.Hodges)",1,5,CSU 5,95,21,UTSA Roadrunners,Colorado State Rams,35,14,93.1,6.9,197.0,152.0,349.0,195.0,35.0,230.0,game,Total,,,84.5,,,—,—,,49.0,,hit,,,,—,,
2026-09-26T17:55:02.380137+00:00,cfb,2026,4,401860896,401860896364,2,6:48,"No Huddle-Shotgun #28 A.Peterson rush left for 5 yards gain to the CSU00 TOUCHDOWN, clock 06:48 #92 M.Petro kick attempt good (H: #30 C.Hogan, LS: #60 W.Hodges)",1,5,CSU 5,95,21,UTSA Roadrunners,Colorado State Rams,35,14,93.1,6.9,197.0,152.0,349.0,195.0,35.0,230.0,game,ML,Colorado State,,,kalshi,3233.0,—,—,,Loss,,miss,,,,—,,
2026-09-26T17:55:02.380137+00:00,cfb,2026,4,401860896,401860896364,2,6:48,"No Huddle-Shotgun #28 A.Peterson rush left for 5 yards gain to the CSU00 TOUCHDOWN, clock 06:48 #92 M.Petro kick attempt good (H: #30 C.Hogan, LS: #60 W.Hodges)",1,5,CSU 5,95,21,UTSA Roadrunners,Colorado State Rams,35,14,93.1,6.9,197.0,152.0,349.0,195.0,35.0,230.0,game,ML,UTSA,,,kalshi,-4900.0,—,—,,Win,,hit,0.0,,,—,,
2026-09-26T17:55:02.380137+00:00,cfb,2026,4,401860896,401860896371,2,6:48,"(06:48) #46 B.Doane kickoff 65 yards to the CSU00, Touchback",1,10,,35,21,UTSA Roadrunners,Colorado State Rams,35,14,93.1,6.9,197.0,152.0,349.0,195.0,35.0,230.0,game,Spread,UTSA,,21.5,prophetx,-102.0,-28.4,—,,+21,,hit,,,,-10.2,,
2026-09-26T17:55:02.380137+00:00,cfb,2026,4,401860896,401860896371,2,6:48,"(06:48) #46 B.Doane kickoff 65 yards to the CSU00, Touchback",1,10,,35,21,UTSA Roadrunners,Colorado State Rams,35,14,93.1,6.9,197.0,152.0,349.0,195.0,35.0,230.0,game,Spread,UTSA,,-21.5,prophetx,-102.0,-28.4,—,,+21,,miss,,,,-10.2,,
2026-09-26T17:55:02.380137+00:00,cfb,2026,4,401860896,401860896371,2,6:48,"(06:48) #46 B.Doane kickoff 65 yards to the CSU00, Touchback",1,10,,35,21,UTSA Roadrunners,Colorado State Rams,35,14,93.1,6.9,197.0,152.0,349.0,195.0,35.0,230.0,game,Total,Over,,84.5,kalshi,-105.0,85.4,-102,0.506,49.0,,miss,,,,59.6,,
2026-09-26T17:55:02.380137+00:00,cfb,2026,4,401860896,401860896371,2,6:48,"(06:48) #46 B.Doane kickoff 65 yards to the CSU00, Touchback",1,10,,35,21,UTSA Roadrunners,Colorado State Rams,35,14,93.1,6.9,197.0,152.0,349.0,195.0,35.0,230.0,game,Total,,,84.5,,,—,—,,49.0,,hit,,,,—,,
2026-09-26T17:55:02.380137+00:00,cfb,2026,4,401860896,401860896371,2,6:48,"(06:48) #46 B.Doane kickoff 65 yards to the CSU00, Touchback",1,10,,35,21,UTSA Roadrunners,Colorado State Rams,35,14,93.1,6.9,197.0,152.0,349.0,195.0,35.0,230.0,game,ML,Colorado State,,,kalshi,3233.0,—,—,,Loss,,miss,,,,—,,
2026-09-26T17:55:02.380137+00:00,cfb,2026,4,401860896,401860896371,2,6:48,"(06:48) #46 B.Doane kickoff 65 yards to the CSU00, Touchback",1,10,,35,21,UTSA Roadrunners,Colorado State Rams,35,14,93.1,6.9,197.0,152.0,349.0,195.0,35.0,230.0,game,ML,UTSA,,,kalshi,-4900.0,—,—,,Win,,hit,0.0,,,—,,
2026-09-26T17:55:02.380137+00:00,cfb,2026,4,401860896,401860896374,2,6:48,(06:48) No Huddle-Shotgun #1 M.Brown rush right for 7 yards gain to the CSU32 (#25 N.Robinson Jr.),1,10,CSU 25,75,21,UTSA Roadrunners,Colorado State Rams,35,14,93.1,6.9,197.0,152.0,349.0,195.0,35.0,230.0,game,Spread,UTSA,,21.5,prophetx,-102.0,-28.4,—,,+21,,hit,,,,-10.2,,
2026-09-26T17:55:02.380137+00:00,cfb,2026,4,401860896,401860896374,2,6:48,(06:48) No Huddle-Shotgun #1 M.Brown rush right for 7 yards gain to the CSU32 (#25 N.Robinson Jr.),1,10,CSU 25,75,21,UTSA Roadrunners,Colorado State Rams,35,14,93.1,6.9,197.0,152.0,349.0,195.0,35.0,230.0,game,Spread,UTSA,,-21.5,prophetx,-102.0,-28.4,—,,+21,,miss,,,,-10.2,,
2026-09-26T17:55:02.380137+00:00,cfb,2026,4,401860896,401860896374,2,6:48,(06:48) No Huddle-Shotgun #1 M.Brown rush right for 7 yards gain to the CSU32 (#25 N.Robinson Jr.),1,10,CSU 25,75,21,UTSA Roadrunners,Colorado State Rams,35,14,93.1,6.9,197.0,152.0,349.0,195.0,35.0,230.0,game,Total,Over,,84.5,kalshi,-105.0,85.4,-102,0.506,49.0,,miss,,,,59.6,,
2026-09-26T17:55:02.380137+00:00,cfb,2026,4,401860896,401860896374,2,6:48,(06:48) No Huddle-Shotgun #1 M.Brown rush right for 7 yards gain to the CSU32 (#25 N.Robinson Jr.),1,10,CSU 25,75,21,UTSA Roadrunners,Colorado State Rams,35,14,93.1,6.9,197.0,152.0,349.0,195.0,35.0,230.0,game,Total,,,84.5,,,—,—,,49.0,,hit,,,,—,,
2026-09-26T17:55:02.380137+00:00,cfb,2026,4,401860896,401860896374,2,6:48,(06:48) No Huddle-Shotgun #1 M.Brown rush right for 7 yards gain to the CSU32 (#25 N.Robinson Jr.),1,10,CSU 25,75,21,UTSA Roadrunners,Colorado State Rams,35,14,93.1,6.9,197.0,152.0,349.0,195.0,35.0,230.0,game,ML,Colorado State,,,kalshi,3233.0,—,—,,Loss,,miss,,,,—,,
2026-09-26T17:55:02.380137+00:00,cfb,2026,4,401860896,401860896374,2,6:48,(06:48) No Huddle-Shotgun #1 M.Brown rush right for 7 yards gain to the CSU32 (#25 N.Robinson Jr.),1,10,CSU 25,75,21,UTSA Roadrunners,Colorado State Rams,35,14,93.1,6.9,197.0,152.0,349.0,195.0,35.0,230.0,game,ML,UTSA,,,kalshi,-4900.0,—,—,,Win,,hit,0.0,,,—,,
2026-09-26T17:55:02.380137+00:00,cfb,2026,4,401860896,401860896378,2,6:48,No Huddle-Shotgun #1 M.Brown rush middle for 3 yards gain to the CSU35 (#25 N.Robinson Jr.) PENALTY CSU Illegal Shift (#22 C.Ross) 5 yards from CSU32 to CSU27. NO PLAY,2,3,CSU 32,68,21,UTSA Roadrunners,Colorado State Rams,35,14,93.1,6.9,197.0,152.0,349.0,195.0,35.0,230.0,game,Spread,UTSA,,21.5,prophetx,-102.0,-28.4,—,,+21,,hit,,,,-10.2,,
2026-09-26T17:55:02.380137+00:00,cfb,2026,4,401860896,401860896378,2,6:48,No Huddle-Shotgun #1 M.Brown rush middle for 3 yards gain to the CSU35 (#25 N.Robinson Jr.) PENALTY CSU Illegal Shift (#22 C.Ross) 5 yards from CSU32 to CSU27. NO PLAY,2,3,CSU 32,68,21,UTSA Roadrunners,Colorado State Rams,35,14,93.1,6.9,197.0,152.0,349.0,195.0,35.0,230.0,game,Spread,UTSA,,-21.5,prophetx,-102.0,-28.4,—,,+21,,miss,,,,-10.2,,
2026-09-26T17:55:02.380137+00:00,cfb,2026,4,401860896,401860896378,2,6:48,No Huddle-Shotgun #1 M.Brown rush middle for 3 yards gain to the CSU35 (#25 N.Robinson Jr.) PENALTY CSU Illegal Shift (#22 C.Ross) 5 yards from CSU32 to CSU27. NO PLAY,2,3,CSU 32,68,21,UTSA Roadrunners,Colorado State Rams,35,14,93.1,6.9,197.0,152.0,349.0,195.0,35.0,230.0,game,Total,Over,,84.5,kalshi,-105.0,85.4,-102,0.506,49.0,,miss,,,,59.6,,
2026-09-26T17:55:02.380137+00:00,cfb,2026,4,401860896,401860896378,2,6:48,No Huddle-Shotgun #1 M.Brown rush middle for 3 yards gain to the CSU35 (#25 N.Robinson Jr.) PENALTY CSU Illegal Shift (#22 C.Ross) 5 yards from CSU32 to CSU27. NO PLAY,2,3,CSU 32,68,21,UTSA Roadrunners,Colorado State Rams,35,14,93.1,6.9,197.0,152.0,349.0,195.0,35.0,230.0,game,Total,,,84.5,,,—,—,,49.0,,hit,,,,—,,
2026-09-26T17:55:02.380137+00:00,cfb,2026,4,401860896,401860896378,2,6:48,No Huddle-Shotgun #1 M.Brown rush middle for 3 yards gain to the CSU35 (#25 N.Robinson Jr.) PENALTY CSU Illegal Shift (#22 C.Ross) 5 yards from CSU32 to CSU27. NO PLAY,2,3,CSU 32,68,21,UTSA Roadrunners,Colorado State Rams,35,14,93.1,6.9,197.0,152.0,349.0,195.0,35.0,230.0,game,ML,Colorado State,,,kalshi,3233.0,—,—,,Loss,,miss,,,,—,,
2026-09-26T17:55:02.380137+00:00,cfb,2026,4,401860896,401860896378,2,6:48,No Huddle-Shotgun #1 M.Brown rush middle for 3 yards gain to the CSU35 (#25 N.Robinson Jr.) PENALTY CSU Illegal Shift (#22 C.Ross) 5 yards from CSU32 to CSU27. NO PLAY,2,3,CSU 32,68,21,UTSA Roadrunners,Colorado State Rams,35,14,93.1,6.9,197.0,152.0,349.0,195.0,35.0,230.0,game,ML,UTSA,,,kalshi,-4900.0,—,—,,Win,,hit,0.0,,,—,,
2026-09-26T17:55:02.380137+00:00,cfb,2026,4,401860896,401860896383,2,6:48,No Huddle-Shotgun #1 M.Brown rush middle for 2 yards gain to the CSU29 (#95 D.Fite III),2,8,CSU 27,73,21,UTSA Roadrunners,Colorado State Rams,35,14,93.1,6.9,197.0,152.0,349.0,195.0,35.0,230.0,game,Spread,UTSA,,21.5,prophetx,-102.0,-28.4,—,,+21,,hit,,,,-10.2,,
2026-09-26T17:55:02.380137+00:00,cfb,2026,4,401860896,401860896383,2,6:48,No Huddle-Shotgun #1 M.Brown rush middle for 2 yards gain to the CSU29 (#95 D.Fite III),2,8,CSU 27,73,21,UTSA Roadrunners,Colorado State Rams,35,14,93.1,6.9,197.0,152.0,349.0,195.0,35.0,230.0,game,Spread,UTSA,,-21.5,prophetx,-102.0,-28.4,—,,+21,,miss,,,,-10.2,,
2026-09-26T17:55:02.380137+00:00,cfb,2026,4,401860896,401860896383,2,6:48,No Huddle-Shotgun #1 M.Brown rush middle for 2 yards gain to the CSU29 (#95 D.Fite III),2,8,CSU 27,73,21,UTSA Roadrunners,Colorado State Rams,35,14,93.1,6.9,197.0,152.0,349.0,195.0,35.0,230.0,game,Total,Over,,84.5,kalshi,-105.0,85.4,-102,0.506,49.0,,miss,,,,59.6,,
2026-09-26T17:55:02.380137+00:00,cfb,2026,4,401860896,401860896383,2,6:48,No Huddle-Shotgun #1 M.Brown rush middle for 2 yards gain to the CSU29 (#95 D.Fite III),2,8,CSU 27,73,21,UTSA Roadrunners,Colorado State Rams,35,14,93.1,6.9,197.0,152.0,349.0,195.0,35.0,230.0,game,Total,,,84.5,,,—,—,,49.0,,hit,,,,—,,
2026-09-26T17:55:02.380137+00:00,cfb,2026,4,401860896,401860896383,2,6:48,No Huddle-Shotgun #1 M.Brown rush middle for 2 yards gain to the CSU29 (#95 D.Fite III),2,8,CSU 27,73,21,UTSA Roadrunners,Colorado State Rams,35,14,93.1,6.9,197.0,152.0,349.0,195.0,35.0,230.0,game,ML,Colorado State,,,kalshi,3233.0,—,—,,Loss,,miss,,,,—,,
2026-09-26T17:55:02.380137+00:00,cfb,2026,4,401860896,401860896383,2,6:48,No Huddle-Shotgun #1 M.Brown rush middle for 2 yards gain to the CSU29 (#95 D.Fite III),2,8,CSU 27,73,21,UTSA Roadrunners,Colorado State Rams,35,14,93.1,6.9,197.0,152.0,349.0,195.0,35.0,230.0,game,ML,UTSA,,,kalshi,-4900.0,—,—,,Win,,hit,0.0,,,—,,
2026-09-26T17:55:02.380137+00:00,cfb,2026,4,401860896,401860896391,2,5:22,"Timeout UTSA, clock 05:22",2,8,CSU 27,73,21,UTSA Roadrunners,Colorado State Rams,35,14,93.1,6.9,197.0,152.0,349.0,195.0,35.0,230.0,game,Spread,UTSA,,21.5,prophetx,-102.0,-28.0,—,,+21,,hit,,,,-10.2,,
2026-09-26T17:55:02.380137+00:00,cfb,2026,4,401860896,401860896391,2,5:22,"Timeout UTSA, clock 05:22",2,8,CSU 27,73,21,UTSA Roadrunners,Colorado State Rams,35,14,93.1,6.9,197.0,152.0,349.0,195.0,35.0,230.0,game,Spread,UTSA,,-21.5,prophetx,-102.0,-28.0,—,,+21,,miss,,,,-10.2,,
2026-09-26T17:55:02.380137+00:00,cfb,2026,4,401860896,401860896391,2,5:22,"Timeout UTSA, clock 05:22",2,8,CSU 27,73,21,UTSA Roadrunners,Colorado State Rams,35,14,93.1,6.9,197.0,152.0,349.0,195.0,35.0,230.0,game,Total,Over,,84.5,kalshi,-105.0,84,+123,0.449,49.0,,miss,,,,59.6,,
2026-09-26T17:55:02.380137+00:00,cfb,2026,4,401860896,401860896391,2,5:22,"Timeout UTSA, clock 05:22",2,8,CSU 27,73,21,UTSA Roadrunners,Colorado State Rams,35,14,93.1,6.9,197.0,152.0,349.0,195.0,35.0,230.0,game,Total,,,84.5,,,—,—,,49.0,,hit,,,,—,,
2026-09-26T17:55:02.380137+00:00,cfb,2026,4,401860896,401860896391,2,5:22,"Timeout UTSA, clock 05:22",2,8,CSU 27,73,21,UTSA Roadrunners,Colorado State Rams,35,14,93.1,6.9,197.0,152.0,349.0,195.0,35.0,230.0,game,ML,Colorado State,,,kalshi,3233.0,—,—,,Loss,,miss,,,,—,,
2026-09-26T17:55:02.380137+00:00,cfb,2026,4,401860896,401860896391,2,5:22,"Timeout UTSA, clock 05:22",2,8,CSU 27,73,21,UTSA Roadrunners,Colorado State Rams,35,14,93.1,6.9,197.0,152.0,349.0,195.0,35.0,230.0,game,ML,UTSA,,,kalshi,-4900.0,—,—,,Win,,hit,0.1,,,—,,
2026-09-26T17:55:02.380137+00:00,cfb,2026,4,401860896,401860896389,2,5:22,"(05:22) No Huddle-Shotgun #2 K.Farrar pass complete deep left to #0 R.Vick, Jr. caught at UTSA40, for 37 yards to the UTSA34 (#20 Z.Morris), 1ST DOWN",3,6,CSU 29,71,21,UTSA Roadrunners,Colorado State Rams,35,14,93.1,6.9,197.0,152.0,349.0,195.0,35.0,230.0,game,Spread,UTSA,,21.5,prophetx,-102.0,-28.0,—,,+21,,hit,,,,-10.2,,
2026-09-26T17:55:02.380137+00:00,cfb,2026,4,401860896,401860896389,2,5:22,"(05:22) No Huddle-Shotgun #2 K.Farrar pass complete deep left to #0 R.Vick, Jr. caught at UTSA40, for 37 yards to the UTSA34 (#20 Z.Morris), 1ST DOWN",3,6,CSU 29,71,21,UTSA Roadrunners,Colorado State Rams,35,14,93.1,6.9,197.0,152.0,349.0,195.0,35.0,230.0,game,Spread,UTSA,,-21.5,prophetx,-102.0,-28.0,—,,+21,,miss,,,,-10.2,,
2026-09-26T17:55:02.380137+00:00,cfb,2026,4,401860896,401860896389,2,5:22,"(05:22) No Huddle-Shotgun #2 K.Farrar pass complete deep left to #0 R.Vick, Jr. caught at UTSA40, for 37 yards to the UTSA34 (#20 Z.Morris), 1ST DOWN",3,6,CSU 29,71,21,UTSA Roadrunners,Colorado State Rams,35,14,93.1,6.9,197.0,152.0,349.0,195.0,35.0,230.0,game,Total,Over,,84.5,kalshi,-105.0,84,+123,0.449,49.0,,miss,,,,59.6,,
2026-09-26T17:55:02.380137+00:00,cfb,2026,4,401860896,401860896389,2,5:22,"(05:22) No Huddle-Shotgun #2 K.Farrar pass complete deep left to #0 R.Vick, Jr. caught at UTSA40, for 37 yards to the UTSA34 (#20 Z.Morris), 1ST DOWN",3,6,CSU 29,71,21,UTSA Roadrunners,Colorado State Rams,35,14,93.1,6.9,197.0,152.0,349.0,195.0,35.0,230.0,game,Total,,,84.5,,,—,—,,49.0,,hit,,,,—,,
2026-09-26T17:55:02.380137+00:00,cfb,2026,4,401860896,401860896389,2,5:22,"(05:22) No Huddle-Shotgun #2 K.Farrar pass complete deep left to #0 R.Vick, Jr. caught at UTSA40, for 37 yards to the UTSA34 (#20 Z.Morris), 1ST DOWN",3,6,CSU 29,71,21,UTSA Roadrunners,Colorado State Rams,35,14,93.1,6.9,197.0,152.0,349.0,195.0,35.0,230.0,game,ML,Colorado State,,,kalshi,3233.0,—,—,,Loss,,miss,,,,—,,
2026-09-26T17:55:02.380137+00:00,cfb,2026,4,401860896,401860896389,2,5:22,"(05:22) No Huddle-Shotgun #2 K.Farrar pass complete deep left to #0 R.Vick, Jr. caught at UTSA40, for 37 yards to the UTSA34 (#20 Z.Morris), 1ST DOWN",3,6,CSU 29,71,21,UTSA Roadrunners,Colorado State Rams,35,14,93.1,6.9,197.0,152.0,349.0,195.0,35.0,230.0,game,ML,UTSA,,,kalshi,-4900.0,—,—,,Win,,hit,0.1,,,—,,
2026-09-26T17:55:02.380137+00:00,cfb,2026,4,401860896,401860896395,2,5:22,No Huddle-Shotgun #1 M.Brown rush right for 2 yards gain to the UTSA32 (#15 D.White),1,10,UTSA 34,34,21,UTSA Roadrunners,Colorado State Rams,35,14,93.1,6.9,197.0,152.0,349.0,195.0,35.0,230.0,game,Spread,UTSA,,21.5,prophetx,-102.0,-28.0,—,,+21,,hit,,,,-10.2,,
2026-09-26T17:55:02.380137+00:00,cfb,2026,4,401860896,401860896395,2,5:22,No Huddle-Shotgun #1 M.Brown rush right for 2 yards gain to the UTSA32 (#15 D.White),1,10,UTSA 34,34,21,UTSA Roadrunners,Colorado State Rams,35,14,93.1,6.9,197.0,152.0,349.0,195.0,35.0,230.0,game,Spread,UTSA,,-21.5,prophetx,-102.0,-28.0,—,,+21,,miss,,,,-10.2,,
2026-09-26T17:55:02.380137+00:00,cfb,2026,4,401860896,401860896395,2,5:22,No Huddle-Shotgun #1 M.Brown rush right for 2 yards gain to the UTSA32 (#15 D.White),1,10,UTSA 34,34,21,UTSA Roadrunners,Colorado State Rams,35,14,93.1,6.9,197.0,152.0,349.0,195.0,35.0,230.0,game,Total,Over,,84.5,kalshi,-105.0,84,+123,0.449,49.0,,miss,,,,59.6,,
2026-09-26T17:55:02.380137+00:00,cfb,2026,4,401860896,401860896395,2,5:22,No Huddle-Shotgun #1 M.Brown rush right for 2 yards gain to the UTSA32 (#15 D.White),1,10,UTSA 34,34,21,UTSA Roadrunners,Colorado State Rams,35,14,93.1,6.9,197.0,152.0,349.0,195.0,35.0,230.0,game,Total,,,84.5,,,—,—,,49.0,,hit,,,,—,,
2026-09-26T17:55:02.380137+00:00,cfb,2026,4,401860896,401860896395,2,5:22,No Huddle-Shotgun #1 M.Brown rush right for 2 yards gain to the UTSA32 (#15 D.White),1,10,UTSA 34,34,21,UTSA Roadrunners,Colorado State Rams,35,14,93.1,6.9,197.0,152.0,349.0,195.0,35.0,230.0,game,ML,Colorado State,,,kalshi,3233.0,—,—,,Loss,,miss,,,,—,,
2026-09-26T17:55:02.380137+00:00,cfb,2026,4,401860896,401860896395,2,5:22,No Huddle-Shotgun #1 M.Brown rush right for 2 yards gain to the UTSA32 (#15 D.White),1,10,UTSA 34,34,21,UTSA Roadrunners,Colorado State Rams,35,14,93.1,6.9,197.0,152.0,349.0,195.0,35.0,230.0,game,ML,UTSA,,,kalshi,-4900.0,—,—,,Win,,hit,0.1,,,—,,
2026-09-26T17:55:02.380137+00:00,cfb,2026,4,401860896,401860896399,2,5:22,"Shotgun #2 K.Farrar pass complete short left to #1 M.Brown caught at UTSA40, for 8 yards to the UTSA24 (#23 B.Tucker, Jr.), 1ST DOWN",2,8,UTSA 32,32,21,UTSA Roadrunners,Colorado State Rams,35,14,93.1,6.9,197.0,152.0,349.0,195.0,35.0,230.0,game,Spread,UTSA,,21.5,prophetx,-102.0,-28.0,—,,+21,,hit,,,,-10.2,,
2026-09-26T17:55:02.380137+00:00,cfb,2026,4,401860896,401860896399,2,5:22,"Shotgun #2 K.Farrar pass complete short left to #1 M.Brown caught at UTSA40, for 8 yards to the UTSA24 (#23 B.Tucker, Jr.), 1ST DOWN",2,8,UTSA 32,32,21,UTSA Roadrunners,Colorado State Rams,35,14,93.1,6.9,197.0,152.0,349.0,195.0,35.0,230.0,game,Spread,UTSA,,-21.5,prophetx,-102.0,-28.0,—,,+21,,miss,,,,-10.2,,
2026-09-26T17:55:02.380137+00:00,cfb,2026,4,401860896,401860896399,2,5:22,"Shotgun #2 K.Farrar pass complete short left to #1 M.Brown caught at UTSA40, for 8 yards to the UTSA24 (#23 B.Tucker, Jr.), 1ST DOWN",2,8,UTSA 32,32,21,UTSA Roadrunners,Colorado State Rams,35,14,93.1,6.9,197.0,152.0,349.0,195.0,35.0,230.0,game,Total,Over,,84.5,kalshi,-105.0,84,+123,0.449,49.0,,miss,,,,59.6,,
2026-09-26T17:55:02.380137+00:00,cfb,2026,4,401860896,401860896399,2,5:22,"Shotgun #2 K.Farrar pass complete short left to #1 M.Brown caught at UTSA40, for 8 yards to the UTSA24 (#23 B.Tucker, Jr.), 1ST DOWN",2,8,UTSA 32,32,21,UTSA Roadrunners,Colorado State Rams,35,14,93.1,6.9,197.0,152.0,349.0,195.0,35.0,230.0,game,Total,,,84.5,,,—,—,,49.0,,hit,,,,—,,
2026-09-26T17:55:02.380137+00:00,cfb,2026,4,401860896,401860896399,2,5:22,"Shotgun #2 K.Farrar pass complete short left to #1 M.Brown caught at UTSA40, for 8 yards to the UTSA24 (#23 B.Tucker, Jr.), 1ST DOWN",2,8,UTSA 32,32,21,UTSA Roadrunners,Colorado State Rams,35,14,93.1,6.9,197.0,152.0,349.0,195.0,35.0,230.0,game,ML,Colorado State,,,kalshi,3233.0,—,—,,Loss,,miss,,,,—,,
2026-09-26T17:55:02.380137+00:00,cfb,2026,4,401860896,401860896399,2,5:22,"Shotgun #2 K.Farrar pass complete short left to #1 M.Brown caught at UTSA40, for 8 yards to the UTSA24 (#23 B.Tucker, Jr.), 1ST DOWN",2,8,UTSA 32,32,21,UTSA Roadrunners,Colorado State Rams,35,14,93.1,6.9,197.0,152.0,349.0,195.0,35.0,230.0,game,ML,UTSA,,,kalshi,-4900.0,—,—,,Win,,hit,0.1,,,—,,
2026-09-26T17:55:02.380137+00:00,cfb,2026,4,401860896,401860896404,2,5:22,"No Huddle-Shotgun #11 D.Robinson rush middle for 1 yard gain to the UTSA23 (#23 B.Tucker, Jr.; #26 B.Grays)",1,10,UTSA 24,24,21,UTSA Roadrunners,Colorado State Rams,35,14,93.1,6.9,197.0,152.0,349.0,195.0,35.0,230.0,game,Spread,UTSA,,21.5,prophetx,-102.0,-28.0,—,,+21,,hit,,,,-10.2,,
2026-09-26T17:55:02.380137+00:00,cfb,2026,4,401860896,401860896404,2,5:22,"No Huddle-Shotgun #11 D.Robinson rush middle for 1 yard gain to the UTSA23 (#23 B.Tucker, Jr.; #26 B.Grays)",1,10,UTSA 24,24,21,UTSA Roadrunners,Colorado State Rams,35,14,93.1,6.9,197.0,152.0,349.0,195.0,35.0,230.0,game,Spread,UTSA,,-21.5,prophetx,-102.0,-28.0,—,,+21,,miss,,,,-10.2,,
2026-09-26T17:55:02.380137+00:00,cfb,2026,4,401860896,401860896404,2,5:22,"No Huddle-Shotgun #11 D.Robinson rush middle for 1 yard gain to the UTSA23 (#23 B.Tucker, Jr.; #26 B.Grays)",1,10,UTSA 24,24,21,UTSA Roadrunners,Colorado State Rams,35,14,93.1,6.9,197.0,152.0,349.0,195.0,35.0,230.0,game,Total,Over,,84.5,kalshi,-105.0,84,+123,0.449,49.0,,miss,,,,59.6,,
2026-09-26T17:55:02.380137+00:00,cfb,2026,4,401860896,401860896404,2,5:22,"No Huddle-Shotgun #11 D.Robinson rush middle for 1 yard gain to the UTSA23 (#23 B.Tucker, Jr.; #26 B.Grays)",1,10,UTSA 24,24,21,UTSA Roadrunners,Colorado State Rams,35,14,93.1,6.9,197.0,152.0,349.0,195.0,35.0,230.0,game,Total,,,84.5,,,—,—,,49.0,,hit,,,,—,,
2026-09-26T17:55:02.380137+00:00,cfb,2026,4,401860896,401860896404,2,5:22,"No Huddle-Shotgun #11 D.Robinson rush middle for 1 yard gain to the UTSA23 (#23 B.Tucker, Jr.; #26 B.Grays)",1,10,UTSA 24,24,21,UTSA Roadrunners,Colorado State Rams,35,14,93.1,6.9,197.0,152.0,349.0,195.0,35.0,230.0,game,ML,Colorado State,,,kalshi,3233.0,—,—,,Loss,,miss,,,,—,,
2026-09-26T17:55:02.380137+00:00,cfb,2026,4,401860896,401860896404,2,5:22,"No Huddle-Shotgun #11 D.Robinson rush middle for 1 yard gain to the UTSA23 (#23 B.Tucker, Jr.; #26 B.Grays)",1,10,UTSA 24,24,21,UTSA Roadrunners,Colorado State Rams,35,14,93.1,6.9,197.0,152.0,349.0,195.0,35.0,230.0,game,ML,UTSA,,,kalshi,-4900.0,—,—,,Win,,hit,0.1,,,—,,
2026-09-26T17:55:02.380137+00:00,cfb,2026,4,401860896,401860896408,2,5:22,"No Huddle-Shotgun #2 K.Farrar rush right for 9 yards gain to the UTSA14 (#25 N.Robinson Jr.), out of bounds, 1ST DOWN",2,9,UTSA 23,23,21,UTSA Roadrunners,Colorado State Rams,35,14,93.1,6.9,197.0,152.0,349.0,195.0,35.0,230.0,game,Spread,UTSA,,21.5,prophetx,-102.0,-28.0,—,,+21,,hit,,,,-10.2,,
2026-09-26T17:55:02.380137+00:00,cfb,2026,4,401860896,401860896408,2,5:22,"No Huddle-Shotgun #2 K.Farrar rush right for 9 yards gain to the UTSA14 (#25 N.Robinson Jr.), out of bounds, 1ST DOWN",2,9,UTSA 23,23,21,UTSA Roadrunners,Colorado State Rams,35,14,93.1,6.9,197.0,152.0,349.0,195.0,35.0,230.0,game,Spread,UTSA,,-21.5,prophetx,-102.0,-28.0,—,,+21,,miss,,,,-10.2,,
2026-09-26T17:55:02.380137+00:00,cfb,2026,4,401860896,401860896408,2,5:22,"No Huddle-Shotgun #2 K.Farrar rush right for 9 yards gain to the UTSA14 (#25 N.Robinson Jr.), out of bounds, 1ST DOWN",2,9,UTSA 23,23,21,UTSA Roadrunners,Colorado State Rams,35,14,93.1,6.9,197.0,152.0,349.0,195.0,35.0,230.0,game,Total,Over,,84.5,kalshi,-105.0,84,+123,0.449,49.0,,miss,,,,59.6,,
2026-09-26T17:55:02.380137+00:00,cfb,2026,4,401860896,401860896408,2,5:22,"No Huddle-Shotgun #2 K.Farrar rush right for 9 yards gain to the UTSA14 (#25 N.Robinson Jr.), out of bounds, 1ST DOWN",2,9,UTSA 23,23,21,UTSA Roadrunners,Colorado State Rams,35,14,93.1,6.9,197.0,152.0,349.0,195.0,35.0,230.0,game,Total,,,84.5,,,—,—,,49.0,,hit,,,,—,,
2026-09-26T17:55:02.380137+00:00,cfb,2026,4,401860896,401860896408,2,5:22,"No Huddle-Shotgun #2 K.Farrar rush right for 9 yards gain to the UTSA14 (#25 N.Robinson Jr.), out of bounds, 1ST DOWN",2,9,UTSA 23,23,21,UTSA Roadrunners,Colorado State Rams,35,14,93.1,6.9,197.0,152.0,349.0,195.0,35.0,230.0,game,ML,Colorado State,,,kalshi,3233.0,—,—,,Loss,,miss,,,,—,,
2026-09-26T17:55:02.380137+00:00,cfb,2026,4,401860896,401860896408,2,5:22,"No Huddle-Shotgun #2 K.Farrar rush right for 9 yards gain to the UTSA14 (#25 N.Robinson Jr.), out of bounds, 1ST DOWN",2,9,UTSA 23,23,21,UTSA Roadrunners,Colorado State Rams,35,14,93.1,6.9,197.0,152.0,349.0,195.0,35.0,230.0,game,ML,UTSA,,,kalshi,-4900.0,—,—,,Win,,hit,0.1,,,—,,
2026-09-26T17:55:02.380137+00:00,cfb,2026,4,401860896,401860896412,2,5:22,No Huddle-Shotgun #1 M.Brown rush middle for 6 yards gain to the UTSA08 (#15 D.White; #14 J.Rogers),1,10,UTSA 14,14,21,UTSA Roadrunners,Colorado State Rams,35,14,93.1,6.9,197.0,152.0,349.0,195.0,35.0,230.0,game,Spread,UTSA,,21.5,prophetx,-102.0,-28.0,—,,+21,,hit,,,,-10.2,,
2026-09-26T17:55:02.380137+00:00,cfb,2026,4,401860896,401860896412,2,5:22,No Huddle-Shotgun #1 M.Brown rush middle for 6 yards gain to the UTSA08 (#15 D.White; #14 J.Rogers),1,10,UTSA 14,14,21,UTSA Roadrunners,Colorado State Rams,35,14,93.1,6.9,197.0,152.0,349.0,195.0,35.0,230.0,game,Spread,UTSA,,-21.5,prophetx,-102.0,-28.0,—,,+21,,miss,,,,-10.2,,
2026-09-26T17:55:02.380137+00:00,cfb,2026,4,401860896,401860896412,2,5:22,No Huddle-Shotgun #1 M.Brown rush middle for 6 yards gain to the UTSA08 (#15 D.White; #14 J.Rogers),1,10,UTSA 14,14,21,UTSA Roadrunners,Colorado State Rams,35,14,93.1,6.9,197.0,152.0,349.0,195.0,35.0,230.0,game,Total,Over,,84.5,kalshi,-105.0,84,+123,0.449,49.0,,miss,,,,59.6,,
2026-09-26T17:55:02.380137+00:00,cfb,2026,4,401860896,401860896412,2,5:22,No Huddle-Shotgun #1 M.Brown rush middle for 6 yards gain to the UTSA08 (#15 D.White; #14 J.Rogers),1,10,UTSA 14,14,21,UTSA Roadrunners,Colorado State Rams,35,14,93.1,6.9,197.0,152.0,349.0,195.0,35.0,230.0,game,Total,,,84.5,,,—,—,,49.0,,hit,,,,—,,
2026-09-26T17:55:02.380137+00:00,cfb,2026,4,401860896,401860896412,2,5:22,No Huddle-Shotgun #1 M.Brown rush middle for 6 yards gain to the UTSA08 (#15 D.White; #14 J.Rogers),1,10,UTSA 14,14,21,UTSA Roadrunners,Colorado State Rams,35,14,93.1,6.9,197.0,152.0,349.0,195.0,35.0,230.0,game,ML,Colorado State,,,kalshi,3233.0,—,—,,Loss,,miss,,,,—,,
2026-09-26T17:55:02.380137+00:00,cfb,2026,4,401860896,401860896412,2,5:22,No Huddle-Shotgun #1 M.Brown rush middle for 6 yards gain to the UTSA08 (#15 D.White; #14 J.Rogers),1,10,UTSA 14,14,21,UTSA Roadrunners,Colorado State Rams,35,14,93.1,6.9,197.0,152.0,349.0,195.0,35.0,230.0,game,ML,UTSA,,,kalshi,-4900.0,—,—,,Win,,hit,0.1,,,—,,
2026-09-26T17:55:02.380137+00:00,cfb,2026,4,401860896,401860896416,2,5:22,"No Huddle-Shotgun #2 K.Farrar pass incomplete short left to #0 R.Vick, Jr. thrown to UTSA05",2,4,UTSA 8,8,21,UTSA Roadrunners,Colorado State Rams,35,14,93.1,6.9,197.0,152.0,349.0,195.0,35.0,230.0,game,Spread,UTSA,,21.5,prophetx,-102.0,-28.0,—,,+21,,hit,,,,-10.2,,
2026-09-26T17:55:02.380137+00:00,cfb,2026,4,401860896,401860896416,2,5:22,"No Huddle-Shotgun #2 K.Farrar pass incomplete short left to #0 R.Vick, Jr. thrown to UTSA05",2,4,UTSA 8,8,21,UTSA Roadrunners,Colorado State Rams,35,14,93.1,6.9,197.0,152.0,349.0,195.0,35.0,230.0,game,Spread,UTSA,,-21.5,prophetx,-102.0,-28.0,—,,+21,,miss,,,,-10.2,,
2026-09-26T17:55:02.380137+00:00,cfb,2026,4,401860896,401860896416,2,5:22,"No Huddle-Shotgun #2 K.Farrar pass incomplete short left to #0 R.Vick, Jr. thrown to UTSA05",2,4,UTSA 8,8,21,UTSA Roadrunners,Colorado State Rams,35,14,93.1,6.9,197.0,152.0,349.0,195.0,35.0,230.0,game,Total,Over,,84.5,kalshi,-105.0,84,+123,0.449,49.0,,miss,,,,59.6,,
2026-09-26T17:55:02.380137+00:00,cfb,2026,4,401860896,401860896416,2,5:22,"No Huddle-Shotgun #2 K.Farrar pass incomplete short left to #0 R.Vick, Jr. thrown to UTSA05",2,4,UTSA 8,8,21,UTSA Roadrunners,Colorado State Rams,35,14,93.1,6.9,197.0,152.0,349.0,195.0,35.0,230.0,game,Total,,,84.5,,,—,—,,49.0,,hit,,,,—,,
2026-09-26T17:55:02.380137+00:00,cfb,2026,4,401860896,401860896416,2,5:22,"No Huddle-Shotgun #2 K.Farrar pass incomplete short left to #0 R.Vick, Jr. thrown to UTSA05",2,4,UTSA 8,8,21,UTSA Roadrunners,Colorado State Rams,35,14,93.1,6.9,197.0,152.0,349.0,195.0,35.0,230.0,game,ML,Colorado State,,,kalshi,3233.0,—,—,,Loss,,miss,,,,—,,
2026-09-26T17:55:02.380137+00:00,cfb,2026,4,401860896,401860896416,2,5:22,"No Huddle-Shotgun #2 K.Farrar pass incomplete short left to #0 R.Vick, Jr. thrown to UTSA05",2,4,UTSA 8,8,21,UTSA Roadrunners,Colorado State Rams,35,14,93.1,6.9,197.0,152.0,349.0,195.0,35.0,230.0,game,ML,UTSA,,,kalshi,-4900.0,—,—,,Win,,hit,0.1,,,—,,
2026-09-26T17:55:02.380137+00:00,cfb,2026,4,401860896,401860896419,2,2:06,"(02:06) No Huddle-Shotgun #2 K.Farrar pass complete short left to #1 M.Brown caught at UTSA06, for 3 yards to the UTSA05 (#11 C.Upshaw Jr.)",3,4,UTSA 8,8,21,UTSA Roadrunners,Colorado State Rams,35,14,93.1,6.9,197.0,152.0,349.0,195.0,35.0,230.0,game,Spread,UTSA,,21.5,prophetx,-102.0,-27.3,—,,+21,,hit,,,,-10.2,,
2026-09-26T17:55:02.380137+00:00,cfb,2026,4,401860896,401860896419,2,2:06,"(02:06) No Huddle-Shotgun #2 K.Farrar pass complete short left to #1 M.Brown caught at UTSA06, for 3 yards to the UTSA05 (#11 C.Upshaw Jr.)",3,4,UTSA 8,8,21,UTSA Roadrunners,Colorado State Rams,35,14,93.1,6.9,197.0,152.0,349.0,195.0,35.0,230.0,game,Spread,UTSA,,-21.5,prophetx,-102.0,-27.3,—,,+21,,miss,,,,-10.2,,
2026-09-26T17:55:02.380137+00:00,cfb,2026,4,401860896,401860896419,2,2:06,"(02:06) No Huddle-Shotgun #2 K.Farrar pass complete short left to #1 M.Brown caught at UTSA06, for 3 yards to the UTSA05 (#11 C.Upshaw Jr.)",3,4,UTSA 8,8,21,UTSA Roadrunners,Colorado State Rams,35,14,93.1,6.9,197.0,152.0,349.0,195.0,35.0,230.0,game,Total,Over,,84.5,kalshi,-105.0,80.7,+214,0.318,49.0,,miss,,,,59.6,,
2026-09-26T17:55:02.380137+00:00,cfb,2026,4,401860896,401860896419,2,2:06,"(02:06) No Huddle-Shotgun #2 K.Farrar pass complete short left to #1 M.Brown caught at UTSA06, for 3 yards to the UTSA05 (#11 C.Upshaw Jr.)",3,4,UTSA 8,8,21,UTSA Roadrunners,Colorado State Rams,35,14,93.1,6.9,197.0,152.0,349.0,195.0,35.0,230.0,game,Total,,,84.5,,,—,—,,49.0,,hit,,,,—,,
2026-09-26T17:55:02.380137+00:00,cfb,2026,4,401860896,401860896419,2,2:06,"(02:06) No Huddle-Shotgun #2 K.Farrar pass complete short left to #1 M.Brown caught at UTSA06, for 3 yards to the UTSA05 (#11 C.Upshaw Jr.)",3,4,UTSA 8,8,21,UTSA Roadrunners,Colorado State Rams,35,14,93.1,6.9,197.0,152.0,349.0,195.0,35.0,230.0,game,ML,Colorado State,,,kalshi,3233.0,—,—,,Loss,,miss,,,,—,,
2026-09-26T17:55:02.380137+00:00,cfb,2026,4,401860896,401860896419,2,2:06,"(02:06) No Huddle-Shotgun #2 K.Farrar pass complete short left to #1 M.Brown caught at UTSA06, for 3 yards to the UTSA05 (#11 C.Upshaw Jr.)",3,4,UTSA 8,8,21,UTSA Roadrunners,Colorado State Rams,35,14,93.1,6.9,197.0,152.0,349.0,195.0,35.0,230.0,game,ML,UTSA,,,kalshi,-4900.0,—,—,,Win,,hit,0.2,,,—,,
2026-09-26T17:55:02.380137+00:00,cfb,2026,4,401860896,401860896424,2,1:55,"(02:00) No Huddle-Shotgun #2 K.Farrar pass complete short middle to #88 N.Chirchi caught at UTSA00, for 5 yards to the UTSA00 TOUCHDOWN, clock 01:55, 1ST DOWN #40 K.Nguma kick attempt good (H: #39 N.Sutcliffe, LS: #56 W.Himebauch)",4,1,UTSA 5,5,14,UTSA Roadrunners,Colorado State Rams,35,21,93.1,6.9,197.0,152.0,349.0,195.0,35.0,230.0,game,Spread,UTSA,,21.5,prophetx,-102.0,-20.3,—,,+14,,hit,,,,-10.2,,
2026-09-26T17:55:02.380137+00:00,cfb,2026,4,401860896,401860896424,2,1:55,"(02:00) No Huddle-Shotgun #2 K.Farrar pass complete short middle to #88 N.Chirchi caught at UTSA00, for 5 yards to the UTSA00 TOUCHDOWN, clock 01:55, 1ST DOWN #40 K.Nguma kick attempt good (H: #39 N.Sutcliffe, LS: #56 W.Himebauch)",4,1,UTSA 5,5,14,UTSA Roadrunners,Colorado State Rams,35,21,93.1,6.9,197.0,152.0,349.0,195.0,35.0,230.0,game,Spread,UTSA,,-21.5,prophetx,-102.0,-20.3,—,,+14,,miss,,,,-10.2,,
2026-09-26T17:55:02.380137+00:00,cfb,2026,4,401860896,401860896424,2,1:55,"(02:00) No Huddle-Shotgun #2 K.Farrar pass complete short middle to #88 N.Chirchi caught at UTSA00, for 5 yards to the UTSA00 TOUCHDOWN, clock 01:55, 1ST DOWN #40 K.Nguma kick attempt good (H: #39 N.Sutcliffe, LS: #56 W.Himebauch)",4,1,UTSA 5,5,14,UTSA Roadrunners,Colorado State Rams,35,21,93.1,6.9,197.0,152.0,349.0,195.0,35.0,230.0,game,Total,Over,,84.5,kalshi,-105.0,87.5,-156,0.6087,56.0,,miss,,,,59.6,,
2026-09-26T17:55:02.380137+00:00,cfb,2026,4,401860896,401860896424,2,1:55,"(02:00) No Huddle-Shotgun #2 K.Farrar pass complete short middle to #88 N.Chirchi caught at UTSA00, for 5 yards to the UTSA00 TOUCHDOWN, clock 01:55, 1ST DOWN #40 K.Nguma kick attempt good (H: #39 N.Sutcliffe, LS: #56 W.Himebauch)",4,1,UTSA 5,5,14,UTSA Roadrunners,Colorado State Rams,35,21,93.1,6.9,197.0,152.0,349.0,195.0,35.0,230.0,game,Total,,,84.5,,,—,—,,56.0,,hit,,,,—,,
2026-09-26T17:55:02.380137+00:00,cfb,2026,4,401860896,401860896424,2,1:55,"(02:00) No Huddle-Shotgun #2 K.Farrar pass complete short middle to #88 N.Chirchi caught at UTSA00, for 5 yards to the UTSA00 TOUCHDOWN, clock 01:55, 1ST DOWN #40 K.Nguma kick attempt good (H: #39 N.Sutcliffe, LS: #56 W.Himebauch)",4,1,UTSA 5,5,14,UTSA Roadrunners,Colorado State Rams,35,21,93.1,6.9,197.0,152.0,349.0,195.0,35.0,230.0,game,ML,Colorado State,,,kalshi,3233.0,—,—,,Loss,,miss,,,,—,,
2026-09-26T17:55:02.380137+00:00,cfb,2026,4,401860896,401860896424,2,1:55,"(02:00) No Huddle-Shotgun #2 K.Farrar pass complete short middle to #88 N.Chirchi caught at UTSA00, for 5 yards to the UTSA00 TOUCHDOWN, clock 01:55, 1ST DOWN #40 K.Nguma kick attempt good (H: #39 N.Sutcliffe, LS: #56 W.Himebauch)",4,1,UTSA 5,5,14,UTSA Roadrunners,Colorado State Rams,35,21,93.1,6.9,197.0,152.0,349.0,195.0,35.0,230.0,game,ML,UTSA,,,kalshi,-4900.0,—,—,,Win,,hit,-4.0,,,—,,
2026-09-26T17:55:02.380137+00:00,cfb,2026,4,401860896,401860896432,2,1:50,#99 C.Craig kickoff 57 yards to the UTSA08 #21 J.Dickerson return 19 yards to the UTSA27 (#26 T.Cook Jr.),1,10,,65,14,UTSA Roadrunners,Colorado State Rams,35,21,93.1,6.9,197.0,152.0,349.0,195.0,35.0,230.0,game,Spread,UTSA,,21.5,prophetx,-102.0,-20.2,—,,+14,,hit,,,,-10.2,,
2026-09-26T17:55:02.380137+00:00,cfb,2026,4,401860896,401860896432,2,1:50,#99 C.Craig kickoff 57 yards to the UTSA08 #21 J.Dickerson return 19 yards to the UTSA27 (#26 T.Cook Jr.),1,10,,65,14,UTSA Roadrunners,Colorado State Rams,35,21,93.1,6.9,197.0,152.0,349.0,195.0,35.0,230.0,game,Spread,UTSA,,-21.5,prophetx,-102.0,-20.2,—,,+14,,miss,,,,-10.2,,
2026-09-26T17:55:02.380137+00:00,cfb,2026,4,401860896,401860896432,2,1:50,#99 C.Craig kickoff 57 yards to the UTSA08 #21 J.Dickerson return 19 yards to the UTSA27 (#26 T.Cook Jr.),1,10,,65,14,UTSA Roadrunners,Colorado State Rams,35,21,93.1,6.9,197.0,152.0,349.0,195.0,35.0,230.0,game,Total,Over,,84.5,kalshi,-105.0,87.4,-144,0.5897,56.0,,miss,,,,59.6,,
2026-09-26T17:55:02.380137+00:00,cfb,2026,4,401860896,401860896432,2,1:50,#99 C.Craig kickoff 57 yards to the UTSA08 #21 J.Dickerson return 19 yards to the UTSA27 (#26 T.Cook Jr.),1,10,,65,14,UTSA Roadrunners,Colorado State Rams,35,21,93.1,6.9,197.0,152.0,349.0,195.0,35.0,230.0,game,Total,,,84.5,,,—,—,,56.0,,hit,,,,—,,
2026-09-26T17:55:02.380137+00:00,cfb,2026,4,401860896,401860896432,2,1:50,#99 C.Craig kickoff 57 yards to the UTSA08 #21 J.Dickerson return 19 yards to the UTSA27 (#26 T.Cook Jr.),1,10,,65,14,UTSA Roadrunners,Colorado State Rams,35,21,93.1,6.9,197.0,152.0,349.0,195.0,35.0,230.0,game,ML,Colorado State,,,kalshi,3233.0,—,—,,Loss,,miss,,,,—,,
2026-09-26T17:55:02.380137+00:00,cfb,2026,4,401860896,401860896432,2,1:50,#99 C.Craig kickoff 57 yards to the UTSA08 #21 J.Dickerson return 19 yards to the UTSA27 (#26 T.Cook Jr.),1,10,,65,14,UTSA Roadrunners,Colorado State Rams,35,21,93.1,6.9,197.0,152.0,349.0,195.0,35.0,230.0,game,ML,UTSA,,,kalshi,-4900.0,—,—,,Win,,hit,-4.0,,,—,,
2026-09-26T17:55:02.380137+00:00,cfb,2026,4,401860896,401860896437,2,1:50,Shotgun #1 W.Henderson III rush right for 3 yards loss to the UTSA24 (#8 A.Turner; #93 R.Harrison),1,10,UTSA 27,27,14,UTSA Roadrunners,Colorado State Rams,35,21,93.1,6.9,197.0,152.0,349.0,195.0,35.0,230.0,game,Spread,UTSA,,21.5,prophetx,-102.0,-20.2,—,,+14,,hit,,,,-10.2,,
2026-09-26T17:55:02.380137+00:00,cfb,2026,4,401860896,401860896437,2,1:50,Shotgun #1 W.Henderson III rush right for 3 yards loss to the UTSA24 (#8 A.Turner; #93 R.Harrison),1,10,UTSA 27,27,14,UTSA Roadrunners,Colorado State Rams,35,21,93.1,6.9,197.0,152.0,349.0,195.0,35.0,230.0,game,Spread,UTSA,,-21.5,prophetx,-102.0,-20.2,—,,+14,,miss,,,,-10.2,,
2026-09-26T17:55:02.380137+00:00,cfb,2026,4,401860896,401860896437,2,1:50,Shotgun #1 W.Henderson III rush right for 3 yards loss to the UTSA24 (#8 A.Turner; #93 R.Harrison),1,10,UTSA 27,27,14,UTSA Roadrunners,Colorado State Rams,35,21,93.1,6.9,197.0,152.0,349.0,195.0,35.0,230.0,game,Total,Over,,84.5,kalshi,-105.0,87.4,-144,0.5897,56.0,,miss,,,,59.6,,
2026-09-26T17:55:02.380137+00:00,cfb,2026,4,401860896,401860896437,2,1:50,Shotgun #1 W.Henderson III rush right for 3 yards loss to the UTSA24 (#8 A.Turner; #93 R.Harrison),1,10,UTSA 27,27,14,UTSA Roadrunners,Colorado State Rams,35,21,93.1,6.9,197.0,152.0,349.0,195.0,35.0,230.0,game,Total,,,84.5,,,—,—,,56.0,,hit,,,,—,,
2026-09-26T17:55:02.380137+00:00,cfb,2026,4,401860896,401860896437,2,1:50,Shotgun #1 W.Henderson III rush right for 3 yards loss to the UTSA24 (#8 A.Turner; #93 R.Harrison),1,10,UTSA 27,27,14,UTSA Roadrunners,Colorado State Rams,35,21,93.1,6.9,197.0,152.0,349.0,195.0,35.0,230.0,game,ML,Colorado State,,,kalshi,3233.0,—,—,,Loss,,miss,,,,—,,
2026-09-26T17:55:02.380137+00:00,cfb,2026,4,401860896,401860896437,2,1:50,Shotgun #1 W.Henderson III rush right for 3 yards loss to the UTSA24 (#8 A.Turner; #93 R.Harrison),1,10,UTSA 27,27,14,UTSA Roadrunners,Colorado State Rams,35,21,93.1,6.9,197.0,152.0,349.0,195.0,35.0,230.0,game,ML,UTSA,,,kalshi,-4900.0,—,—,,Win,,hit,-4.0,,,—,,
2026-09-26T17:55:02.380137+00:00,cfb,2026,4,401860896,401860896441,2,1:50,No Huddle-Shotgun #2 O.McCown pass incomplete short middle to #89 B.Young Jr. thrown to UTSA37,2,13,UTSA 24,24,14,UTSA Roadrunners,Colorado State Rams,35,21,93.1,6.9,197.0,152.0,349.0,195.0,35.0,230.0,game,Spread,UTSA,,21.5,prophetx,-102.0,-20.2,—,,+14,,hit,,,,-10.2,,
2026-09-26T17:55:02.380137+00:00,cfb,2026,4,401860896,401860896441,2,1:50,No Huddle-Shotgun #2 O.McCown pass incomplete short middle to #89 B.Young Jr. thrown to UTSA37,2,13,UTSA 24,24,14,UTSA Roadrunners,Colorado State Rams,35,21,93.1,6.9,197.0,152.0,349.0,195.0,35.0,230.0,game,Spread,UTSA,,-21.5,prophetx,-102.0,-20.2,—,,+14,,miss,,,,-10.2,,
2026-09-26T17:55:02.380137+00:00,cfb,2026,4,401860896,401860896441,2,1:50,No Huddle-Shotgun #2 O.McCown pass incomplete short middle to #89 B.Young Jr. thrown to UTSA37,2,13,UTSA 24,24,14,UTSA Roadrunners,Colorado State Rams,35,21,93.1,6.9,197.0,152.0,349.0,195.0,35.0,230.0,game,Total,Over,,84.5,kalshi,-105.0,87.4,-144,0.5897,56.0,,miss,,,,59.6,,
2026-09-26T17:55:02.380137+00:00,cfb,2026,4,401860896,401860896441,2,1:50,No Huddle-Shotgun #2 O.McCown pass incomplete short middle to #89 B.Young Jr. thrown to UTSA37,2,13,UTSA 24,24,14,UTSA Roadrunners,Colorado State Rams,35,21,93.1,6.9,197.0,152.0,349.0,195.0,35.0,230.0,game,Total,,,84.5,,,—,—,,56.0,,hit,,,,—,,
2026-09-26T17:55:02.380137+00:00,cfb,2026,4,401860896,401860896441,2,1:50,No Huddle-Shotgun #2 O.McCown pass incomplete short middle to #89 B.Young Jr. thrown to UTSA37,2,13,UTSA 24,24,14,UTSA Roadrunners,Colorado State Rams,35,21,93.1,6.9,197.0,152.0,349.0,195.0,35.0,230.0,game,ML,Colorado State,,,kalshi,3233.0,—,—,,Loss,,miss,,,,—,,
2026-09-26T17:55:02.380137+00:00,cfb,2026,4,401860896,401860896441,2,1:50,No Huddle-Shotgun #2 O.McCown pass incomplete short middle to #89 B.Young Jr. thrown to UTSA37,2,13,UTSA 24,24,14,UTSA Roadrunners,Colorado State Rams,35,21,93.1,6.9,197.0,152.0,349.0,195.0,35.0,230.0,game,ML,UTSA,,,kalshi,-4900.0,—,—,,Win,,hit,-4.0,,,—,,
2026-09-26T17:55:02.380137+00:00,cfb,2026,4,401860896,401860896444,2,1:50,No Huddle-Shotgun #1 W.Henderson III rush left for 1 yard loss to the UTSA23 (#27 J.King),3,13,UTSA 24,24,14,UTSA Roadrunners,Colorado State Rams,35,21,93.1,6.9,197.0,152.0,349.0,195.0,35.0,230.0,game,Spread,UTSA,,21.5,prophetx,-102.0,-20.2,—,,+14,,hit,,,,-10.2,,
2026-09-26T17:55:02.380137+00:00,cfb,2026,4,401860896,401860896444,2,1:50,No Huddle-Shotgun #1 W.Henderson III rush left for 1 yard loss to the UTSA23 (#27 J.King),3,13,UTSA 24,24,14,UTSA Roadrunners,Colorado State Rams,35,21,93.1,6.9,197.0,152.0,349.0,195.0,35.0,230.0,game,Spread,UTSA,,-21.5,prophetx,-102.0,-20.2,—,,+14,,miss,,,,-10.2,,
2026-09-26T17:55:02.380137+00:00,cfb,2026,4,401860896,401860896444,2,1:50,No Huddle-Shotgun #1 W.Henderson III rush left for 1 yard loss to the UTSA23 (#27 J.King),3,13,UTSA 24,24,14,UTSA Roadrunners,Colorado State Rams,35,21,93.1,6.9,197.0,152.0,349.0,195.0,35.0,230.0,game,Total,Over,,84.5,kalshi,-105.0,87.4,-144,0.5897,56.0,,miss,,,,59.6,,
2026-09-26T17:55:02.380137+00:00,cfb,2026,4,401860896,401860896444,2,1:50,No Huddle-Shotgun #1 W.Henderson III rush left for 1 yard loss to the UTSA23 (#27 J.King),3,13,UTSA 24,24,14,UTSA Roadrunners,Colorado State Rams,35,21,93.1,6.9,197.0,152.0,349.0,195.0,35.0,230.0,game,Total,,,84.5,,,—,—,,56.0,,hit,,,,—,,
2026-09-26T17:55:02.380137+00:00,cfb,2026,4,401860896,401860896444,2,1:50,No Huddle-Shotgun #1 W.Henderson III rush left for 1 yard loss to the UTSA23 (#27 J.King),3,13,UTSA 24,24,14,UTSA Roadrunners,Colorado State Rams,35,21,93.1,6.9,197.0,152.0,349.0,195.0,35.0,230.0,game,ML,Colorado State,,,kalshi,3233.0,—,—,,Loss,,miss,,,,—,,
2026-09-26T17:55:02.380137+00:00,cfb,2026,4,401860896,401860896444,2,1:50,No Huddle-Shotgun #1 W.Henderson III rush left for 1 yard loss to the UTSA23 (#27 J.King),3,13,UTSA 24,24,14,UTSA Roadrunners,Colorado State Rams,35,21,93.1,6.9,197.0,152.0,349.0,195.0,35.0,230.0,game,ML,UTSA,,,kalshi,-4900.0,—,—,,Win,,hit,-4.0,,,—,,
2026-09-26T17:55:02.380137+00:00,cfb,2026,4,401860896,401860896450,2,1:19,"Timeout Colorado State, clock 01:19",3,13,UTSA 24,24,14,UTSA Roadrunners,Colorado State Rams,35,21,93.1,6.9,197.0,152.0,349.0,195.0,35.0,230.0,game,Spread,UTSA,,21.5,prophetx,-102.0,-20.1,—,,+14,,hit,,,,-10.2,,
2026-09-26T17:55:02.380137+00:00,cfb,2026,4,401860896,401860896450,2,1:19,"Timeout Colorado State, clock 01:19",3,13,UTSA 24,24,14,UTSA Roadrunners,Colorado State Rams,35,21,93.1,6.9,197.0,152.0,349.0,195.0,35.0,230.0,game,Spread,UTSA,,-21.5,prophetx,-102.0,-20.1,—,,+14,,miss,,,,-10.2,,
2026-09-26T17:55:02.380137+00:00,cfb,2026,4,401860896,401860896450,2,1:19,"Timeout Colorado State, clock 01:19",3,13,UTSA 24,24,14,UTSA Roadrunners,Colorado State Rams,35,21,93.1,6.9,197.0,152.0,349.0,195.0,35.0,230.0,game,Total,Over,,84.5,kalshi,-105.0,86.9,-137,0.5787,56.0,,miss,,,,59.6,,
2026-09-26T17:55:02.380137+00:00,cfb,2026,4,401860896,401860896450,2,1:19,"Timeout Colorado State, clock 01:19",3,13,UTSA 24,24,14,UTSA Roadrunners,Colorado State Rams,35,21,93.1,6.9,197.0,152.0,349.0,195.0,35.0,230.0,game,Total,,,84.5,,,—,—,,56.0,,hit,,,,—,,
2026-09-26T17:55:02.380137+00:00,cfb,2026,4,401860896,401860896450,2,1:19,"Timeout Colorado State, clock 01:19",3,13,UTSA 24,24,14,UTSA Roadrunners,Colorado State Rams,35,21,93.1,6.9,197.0,152.0,349.0,195.0,35.0,230.0,game,ML,Colorado State,,,kalshi,3233.0,—,—,,Loss,,miss,,,,—,,
2026-09-26T17:55:02.380137+00:00,cfb,2026,4,401860896,401860896450,2,1:19,"Timeout Colorado State, clock 01:19",3,13,UTSA 24,24,14,UTSA Roadrunners,Colorado State Rams,35,21,93.1,6.9,197.0,152.0,349.0,195.0,35.0,230.0,game,ML,UTSA,,,kalshi,-4900.0,—,—,,Win,,hit,-4.0,,,—,,
2026-09-26T17:55:02.380137+00:00,cfb,2026,4,401860896,401860896453,2,1:19,"No Huddle-Shotgun #2 K.Farrar pass complete short left to #5 J.Vereen caught at CSU24, for 6 yards to the CSU24, out of bounds at CSU24",1,10,CSU 18,82,14,UTSA Roadrunners,Colorado State Rams,35,21,93.1,6.9,197.0,152.0,349.0,195.0,35.0,230.0,game,Spread,UTSA,,21.5,prophetx,-102.0,-20.1,—,,+14,,hit,,,,-10.2,,
2026-09-26T17:55:02.380137+00:00,cfb,2026,4,401860896,401860896453,2,1:19,"No Huddle-Shotgun #2 K.Farrar pass complete short left to #5 J.Vereen caught at CSU24, for 6 yards to the CSU24, out of bounds at CSU24",1,10,CSU 18,82,14,UTSA Roadrunners,Colorado State Rams,35,21,93.1,6.9,197.0,152.0,349.0,195.0,35.0,230.0,game,Spread,UTSA,,-21.5,prophetx,-102.0,-20.1,—,,+14,,miss,,,,-10.2,,
2026-09-26T17:55:02.380137+00:00,cfb,2026,4,401860896,401860896453,2,1:19,"No Huddle-Shotgun #2 K.Farrar pass complete short left to #5 J.Vereen caught at CSU24, for 6 yards to the CSU24, out of bounds at CSU24",1,10,CSU 18,82,14,UTSA Roadrunners,Colorado State Rams,35,21,93.1,6.9,197.0,152.0,349.0,195.0,35.0,230.0,game,Total,Over,,84.5,kalshi,-105.0,86.9,-137,0.5787,56.0,,miss,,,,59.6,,
2026-09-26T17:55:02.380137+00:00,cfb,2026,4,401860896,401860896453,2,1:19,"No Huddle-Shotgun #2 K.Farrar pass complete short left to #5 J.Vereen caught at CSU24, for 6 yards to the CSU24, out of bounds at CSU24",1,10,CSU 18,82,14,UTSA Roadrunners,Colorado State Rams,35,21,93.1,6.9,197.0,152.0,349.0,195.0,35.0,230.0,game,Total,,,84.5,,,—,—,,56.0,,hit,,,,—,,
2026-09-26T17:55:02.380137+00:00,cfb,2026,4,401860896,401860896453,2,1:19,"No Huddle-Shotgun #2 K.Farrar pass complete short left to #5 J.Vereen caught at CSU24, for 6 yards to the CSU24, out of bounds at CSU24",1,10,CSU 18,82,14,UTSA Roadrunners,Colorado State Rams,35,21,93.1,6.9,197.0,152.0,349.0,195.0,35.0,230.0,game,ML,Colorado State,,,kalshi,3233.0,—,—,,Loss,,miss,,,,—,,
2026-09-26T17:55:02.380137+00:00,cfb,2026,4,401860896,401860896453,2,1:19,"No Huddle-Shotgun #2 K.Farrar pass complete short left to #5 J.Vereen caught at CSU24, for 6 yards to the CSU24, out of bounds at CSU24",1,10,CSU 18,82,14,UTSA Roadrunners,Colorado State Rams,35,21,93.1,6.9,197.0,152.0,349.0,195.0,35.0,230.0,game,ML,UTSA,,,kalshi,-4900.0,—,—,,Win,,hit,-4.0,,,—,,
2026-09-26T17:55:02.380137+00:00,cfb,2026,4,401860896,401860896448,2,1:07,(01:19) #30 C.Hogan punt 59 yards to the CSU18,4,14,UTSA 23,23,14,UTSA Roadrunners,Colorado State Rams,35,21,93.1,6.9,197.0,152.0,349.0,195.0,35.0,230.0,game,Spread,UTSA,,21.5,prophetx,-102.0,-20.2,—,,+14,,hit,,,,-10.2,,
2026-09-26T17:55:02.380137+00:00,cfb,2026,4,401860896,401860896448,2,1:07,(01:19) #30 C.Hogan punt 59 yards to the CSU18,4,14,UTSA 23,23,14,UTSA Roadrunners,Colorado State Rams,35,21,93.1,6.9,197.0,152.0,349.0,195.0,35.0,230.0,game,Spread,UTSA,,-21.5,prophetx,-102.0,-20.2,—,,+14,,miss,,,,-10.2,,
2026-09-26T17:55:02.380137+00:00,cfb,2026,4,401860896,401860896448,2,1:07,(01:19) #30 C.Hogan punt 59 yards to the CSU18,4,14,UTSA 23,23,14,UTSA Roadrunners,Colorado State Rams,35,21,93.1,6.9,197.0,152.0,349.0,195.0,35.0,230.0,game,Total,Over,,84.5,kalshi,-105.0,86.6,-133,0.5707,56.0,,miss,,,,59.6,,
2026-09-26T17:55:02.380137+00:00,cfb,2026,4,401860896,401860896448,2,1:07,(01:19) #30 C.Hogan punt 59 yards to the CSU18,4,14,UTSA 23,23,14,UTSA Roadrunners,Colorado State Rams,35,21,93.1,6.9,197.0,152.0,349.0,195.0,35.0,230.0,game,Total,,,84.5,,,—,—,,56.0,,hit,,,,—,,
2026-09-26T17:55:02.380137+00:00,cfb,2026,4,401860896,401860896448,2,1:07,(01:19) #30 C.Hogan punt 59 yards to the CSU18,4,14,UTSA 23,23,14,UTSA Roadrunners,Colorado State Rams,35,21,93.1,6.9,197.0,152.0,349.0,195.0,35.0,230.0,game,ML,Colorado State,,,kalshi,3233.0,—,—,,Loss,,miss,,,,—,,
2026-09-26T17:55:02.380137+00:00,cfb,2026,4,401860896,401860896448,2,1:07,(01:19) #30 C.Hogan punt 59 yards to the CSU18,4,14,UTSA 23,23,14,UTSA Roadrunners,Colorado State Rams,35,21,93.1,6.9,197.0,152.0,349.0,195.0,35.0,230.0,game,ML,UTSA,,,kalshi,-4900.0,—,—,,Win,,hit,-3.9,,,—,,
2026-09-26T17:55:02.380137+00:00,cfb,2026,4,401860896,401860896458,2,1:01,"(01:01) No Huddle-Shotgun #2 K.Farrar pass complete short left to #15 T.Smith caught at CSU29, for 6 yards to the CSU30 (#15 D.White; #23 B.Tucker, Jr.), 1ST DOWN",2,4,CSU 24,76,14,UTSA Roadrunners,Colorado State Rams,35,21,93.1,6.9,197.0,152.0,349.0,195.0,35.0,230.0,game,Spread,UTSA,,21.5,prophetx,-102.0,-20.3,—,,+14,,hit,,,,-10.2,,
2026-09-26T17:55:02.380137+00:00,cfb,2026,4,401860896,401860896458,2,1:01,"(01:01) No Huddle-Shotgun #2 K.Farrar pass complete short left to #15 T.Smith caught at CSU29, for 6 yards to the CSU30 (#15 D.White; #23 B.Tucker, Jr.), 1ST DOWN",2,4,CSU 24,76,14,UTSA Roadrunners,Colorado State Rams,35,21,93.1,6.9,197.0,152.0,349.0,195.0,35.0,230.0,game,Spread,UTSA,,-21.5,prophetx,-102.0,-20.3,—,,+14,,miss,,,,-10.2,,
2026-09-26T17:55:02.380137+00:00,cfb,2026,4,401860896,401860896458,2,1:01,"(01:01) No Huddle-Shotgun #2 K.Farrar pass complete short left to #15 T.Smith caught at CSU29, for 6 yards to the CSU30 (#15 D.White; #23 B.Tucker, Jr.), 1ST DOWN",2,4,CSU 24,76,14,UTSA Roadrunners,Colorado State Rams,35,21,93.1,6.9,197.0,152.0,349.0,195.0,35.0,230.0,game,Total,Over,,84.5,kalshi,-105.0,86.9,-143,0.5877,56.0,,miss,,,,59.6,,
2026-09-26T17:55:02.380137+00:00,cfb,2026,4,401860896,401860896458,2,1:01,"(01:01) No Huddle-Shotgun #2 K.Farrar pass complete short left to #15 T.Smith caught at CSU29, for 6 yards to the CSU30 (#15 D.White; #23 B.Tucker, Jr.), 1ST DOWN",2,4,CSU 24,76,14,UTSA Roadrunners,Colorado State Rams,35,21,93.1,6.9,197.0,152.0,349.0,195.0,35.0,230.0,game,Total,,,84.5,,,—,—,,56.0,,hit,,,,—,,
2026-09-26T17:55:02.380137+00:00,cfb,2026,4,401860896,401860896458,2,1:01,"(01:01) No Huddle-Shotgun #2 K.Farrar pass complete short left to #15 T.Smith caught at CSU29, for 6 yards to the CSU30 (#15 D.White; #23 B.Tucker, Jr.), 1ST DOWN",2,4,CSU 24,76,14,UTSA Roadrunners,Colorado State Rams,35,21,93.1,6.9,197.0,152.0,349.0,195.0,35.0,230.0,game,ML,Colorado State,,,kalshi,3233.0,—,—,,Loss,,miss,,,,—,,
2026-09-26T17:55:02.380137+00:00,cfb,2026,4,401860896,401860896458,2,1:01,"(01:01) No Huddle-Shotgun #2 K.Farrar pass complete short left to #15 T.Smith caught at CSU29, for 6 yards to the CSU30 (#15 D.White; #23 B.Tucker, Jr.), 1ST DOWN",2,4,CSU 24,76,14,UTSA Roadrunners,Colorado State Rams,35,21,93.1,6.9,197.0,152.0,349.0,195.0,35.0,230.0,game,ML,UTSA,,,kalshi,-4900.0,—,—,,Win,,hit,-3.8,,,—,,
2026-09-26T17:55:02.380137+00:00,cfb,2026,4,401860896,401860896463,2,1:01,"No Huddle-Shotgun #2 K.Farrar pass incomplete short right to #0 R.Vick, Jr. thrown to CSU36",1,10,CSU 30,70,14,UTSA Roadrunners,Colorado State Rams,35,21,93.1,6.9,197.0,152.0,349.0,195.0,35.0,230.0,game,Spread,UTSA,,21.5,prophetx,-102.0,-20.3,—,,+14,,hit,,,,-10.2,,
2026-09-26T17:55:02.380137+00:00,cfb,2026,4,401860896,401860896463,2,1:01,"No Huddle-Shotgun #2 K.Farrar pass incomplete short right to #0 R.Vick, Jr. thrown to CSU36",1,10,CSU 30,70,14,UTSA Roadrunners,Colorado State Rams,35,21,93.1,6.9,197.0,152.0,349.0,195.0,35.0,230.0,game,Spread,UTSA,,-21.5,prophetx,-102.0,-20.3,—,,+14,,miss,,,,-10.2,,
2026-09-26T17:55:02.380137+00:00,cfb,2026,4,401860896,401860896463,2,1:01,"No Huddle-Shotgun #2 K.Farrar pass incomplete short right to #0 R.Vick, Jr. thrown to CSU36",1,10,CSU 30,70,14,UTSA Roadrunners,Colorado State Rams,35,21,93.1,6.9,197.0,152.0,349.0,195.0,35.0,230.0,game,Total,Over,,84.5,kalshi,-105.0,86.9,-143,0.5877,56.0,,miss,,,,59.6,,
2026-09-26T17:55:02.380137+00:00,cfb,2026,4,401860896,401860896463,2,1:01,"No Huddle-Shotgun #2 K.Farrar pass incomplete short right to #0 R.Vick, Jr. thrown to CSU36",1,10,CSU 30,70,14,UTSA Roadrunners,Colorado State Rams,35,21,93.1,6.9,197.0,152.0,349.0,195.0,35.0,230.0,game,Total,,,84.5,,,—,—,,56.0,,hit,,,,—,,
2026-09-26T17:55:02.380137+00:00,cfb,2026,4,401860896,401860896463,2,1:01,"No Huddle-Shotgun #2 K.Farrar pass incomplete short right to #0 R.Vick, Jr. thrown to CSU36",1,10,CSU 30,70,14,UTSA Roadrunners,Colorado State Rams,35,21,93.1,6.9,197.0,152.0,349.0,195.0,35.0,230.0,game,ML,Colorado State,,,kalshi,3233.0,—,—,,Loss,,miss,,,,—,,
2026-09-26T17:55:02.380137+00:00,cfb,2026,4,401860896,401860896463,2,1:01,"No Huddle-Shotgun #2 K.Farrar pass incomplete short right to #0 R.Vick, Jr. thrown to CSU36",1,10,CSU 30,70,14,UTSA Roadrunners,Colorado State Rams,35,21,93.1,6.9,197.0,152.0,349.0,195.0,35.0,230.0,game,ML,UTSA,,,kalshi,-4900.0,—,—,,Win,,hit,-3.8,,,—,,
2026-09-26T17:55:02.380137+00:00,cfb,2026,4,401860896,401860896466,2,0:50,"(00:50) No Huddle-Shotgun #2 K.Farrar pass complete short right to #15 T.Smith caught at CSU37, for 7 yards to the CSU37 (#24 W.Nelson)",2,10,CSU 30,70,14,UTSA Roadrunners,Colorado State Rams,35,21,93.1,6.9,197.0,152.0,349.0,195.0,35.0,230.0,game,Spread,UTSA,,21.5,prophetx,-102.0,-20.1,—,,+14,,hit,,,,-10.2,,
2026-09-26T17:55:02.380137+00:00,cfb,2026,4,401860896,401860896466,2,0:50,"(00:50) No Huddle-Shotgun #2 K.Farrar pass complete short right to #15 T.Smith caught at CSU37, for 7 yards to the CSU37 (#24 W.Nelson)",2,10,CSU 30,70,14,UTSA Roadrunners,Colorado State Rams,35,21,93.1,6.9,197.0,152.0,349.0,195.0,35.0,230.0,game,Spread,UTSA,,-21.5,prophetx,-102.0,-20.1,—,,+14,,miss,,,,-10.2,,
2026-09-26T17:55:02.380137+00:00,cfb,2026,4,401860896,401860896466,2,0:50,"(00:50) No Huddle-Shotgun #2 K.Farrar pass complete short right to #15 T.Smith caught at CSU37, for 7 yards to the CSU37 (#24 W.Nelson)",2,10,CSU 30,70,14,UTSA Roadrunners,Colorado State Rams,35,21,93.1,6.9,197.0,152.0,349.0,195.0,35.0,230.0,game,Total,Over,,84.5,kalshi,-105.0,86.5,-128,0.5623,56.0,,miss,,,,59.6,,
2026-09-26T17:55:02.380137+00:00,cfb,2026,4,401860896,401860896466,2,0:50,"(00:50) No Huddle-Shotgun #2 K.Farrar pass complete short right to #15 T.Smith caught at CSU37, for 7 yards to the CSU37 (#24 W.Nelson)",2,10,CSU 30,70,14,UTSA Roadrunners,Colorado State Rams,35,21,93.1,6.9,197.0,152.0,349.0,195.0,35.0,230.0,game,Total,,,84.5,,,—,—,,56.0,,hit,,,,—,,
2026-09-26T17:55:02.380137+00:00,cfb,2026,4,401860896,401860896466,2,0:50,"(00:50) No Huddle-Shotgun #2 K.Farrar pass complete short right to #15 T.Smith caught at CSU37, for 7 yards to the CSU37 (#24 W.Nelson)",2,10,CSU 30,70,14,UTSA Roadrunners,Colorado State Rams,35,21,93.1,6.9,197.0,152.0,349.0,195.0,35.0,230.0,game,ML,Colorado State,,,kalshi,3233.0,—,—,,Loss,,miss,,,,—,,
2026-09-26T17:55:02.380137+00:00,cfb,2026,4,401860896,401860896466,2,0:50,"(00:50) No Huddle-Shotgun #2 K.Farrar pass complete short right to #15 T.Smith caught at CSU37, for 7 yards to the CSU37 (#24 W.Nelson)",2,10,CSU 30,70,14,UTSA Roadrunners,Colorado State Rams,35,21,93.1,6.9,197.0,152.0,349.0,195.0,35.0,230.0,game,ML,UTSA,,,kalshi,-4900.0,—,—,,Win,,hit,-3.9,,,—,,
2026-09-26T17:55:02.380137+00:00,cfb,2026,4,401860896,401860896471,2,0:50,No Huddle-Shotgun #2 K.Farrar pass incomplete short right to #11 D.Robinson thrown to CSU40,3,3,CSU 37,63,14,UTSA Roadrunners,Colorado State Rams,35,21,93.1,6.9,197.0,152.0,349.0,195.0,35.0,230.0,game,Spread,UTSA,,21.5,prophetx,-102.0,-20.1,—,,+14,,hit,,,,-10.2,,
2026-09-26T17:55:02.380137+00:00,cfb,2026,4,401860896,401860896471,2,0:50,No Huddle-Shotgun #2 K.Farrar pass incomplete short right to #11 D.Robinson thrown to CSU40,3,3,CSU 37,63,14,UTSA Roadrunners,Colorado State Rams,35,21,93.1,6.9,197.0,152.0,349.0,195.0,35.0,230.0,game,Spread,UTSA,,-21.5,prophetx,-102.0,-20.1,—,,+14,,miss,,,,-10.2,,
2026-09-26T17:55:02.380137+00:00,cfb,2026,4,401860896,401860896471,2,0:50,No Huddle-Shotgun #2 K.Farrar pass incomplete short right to #11 D.Robinson thrown to CSU40,3,3,CSU 37,63,14,UTSA Roadrunners,Colorado State Rams,35,21,93.1,6.9,197.0,152.0,349.0,195.0,35.0,230.0,game,Total,Over,,84.5,kalshi,-105.0,86.5,-128,0.5623,56.0,,miss,,,,59.6,,
2026-09-26T17:55:02.380137+00:00,cfb,2026,4,401860896,401860896471,2,0:50,No Huddle-Shotgun #2 K.Farrar pass incomplete short right to #11 D.Robinson thrown to CSU40,3,3,CSU 37,63,14,UTSA Roadrunners,Colorado State Rams,35,21,93.1,6.9,197.0,152.0,349.0,195.0,35.0,230.0,game,Total,,,84.5,,,—,—,,56.0,,hit,,,,—,,
2026-09-26T17:55:02.380137+00:00,cfb,2026,4,401860896,401860896471,2,0:50,No Huddle-Shotgun #2 K.Farrar pass incomplete short right to #11 D.Robinson thrown to CSU40,3,3,CSU 37,63,14,UTSA Roadrunners,Colorado State Rams,35,21,93.1,6.9,197.0,152.0,349.0,195.0,35.0,230.0,game,ML,Colorado State,,,kalshi,3233.0,—,—,,Loss,,miss,,,,—,,
2026-09-26T17:55:02.380137+00:00,cfb,2026,4,401860896,401860896471,2,0:50,No Huddle-Shotgun #2 K.Farrar pass incomplete short right to #11 D.Robinson thrown to CSU40,3,3,CSU 37,63,14,UTSA Roadrunners,Colorado State Rams,35,21,93.1,6.9,197.0,152.0,349.0,195.0,35.0,230.0,game,ML,UTSA,,,kalshi,-4900.0,—,—,,Win,,hit,-3.9,,,—,,
2026-09-26T17:55:02.380137+00:00,cfb,2026,4,401860896,401860896474,2,0:12,(00:23) #39 N.Sutcliffe punt 39 yards to the UTSA24 #0 D.Amador II return 10 yards to the UTSA34 (#2 O.Diomande),4,3,CSU 37,63,14,UTSA Roadrunners,Colorado State Rams,35,21,93.1,6.9,197.0,152.0,349.0,195.0,35.0,230.0,game,Spread,UTSA,,21.5,prophetx,-102.0,-20.0,—,,+14,,hit,,,,-10.2,,
2026-09-26T17:55:02.380137+00:00,cfb,2026,4,401860896,401860896474,2,0:12,(00:23) #39 N.Sutcliffe punt 39 yards to the UTSA24 #0 D.Amador II return 10 yards to the UTSA34 (#2 O.Diomande),4,3,CSU 37,63,14,UTSA Roadrunners,Colorado State Rams,35,21,93.1,6.9,197.0,152.0,349.0,195.0,35.0,230.0,game,Spread,UTSA,,-21.5,prophetx,-102.0,-20.0,—,,+14,,miss,,,,-10.2,,
2026-09-26T17:55:02.380137+00:00,cfb,2026,4,401860896,401860896474,2,0:12,(00:23) #39 N.Sutcliffe punt 39 yards to the UTSA24 #0 D.Amador II return 10 yards to the UTSA34 (#2 O.Diomande),4,3,CSU 37,63,14,UTSA Roadrunners,Colorado State Rams,35,21,93.1,6.9,197.0,152.0,349.0,195.0,35.0,230.0,game,Total,Over,,84.5,kalshi,-105.0,86,-112,0.529,56.0,,miss,,,,59.6,,
2026-09-26T17:55:02.380137+00:00,cfb,2026,4,401860896,401860896474,2,0:12,(00:23) #39 N.Sutcliffe punt 39 yards to the UTSA24 #0 D.Amador II return 10 yards to the UTSA34 (#2 O.Diomande),4,3,CSU 37,63,14,UTSA Roadrunners,Colorado State Rams,35,21,93.1,6.9,197.0,152.0,349.0,195.0,35.0,230.0,game,Total,,,84.5,,,—,—,,56.0,,hit,,,,—,,
2026-09-26T17:55:02.380137+00:00,cfb,2026,4,401860896,401860896474,2,0:12,(00:23) #39 N.Sutcliffe punt 39 yards to the UTSA24 #0 D.Amador II return 10 yards to the UTSA34 (#2 O.Diomande),4,3,CSU 37,63,14,UTSA Roadrunners,Colorado State Rams,35,21,93.1,6.9,197.0,152.0,349.0,195.0,35.0,230.0,game,ML,Colorado State,,,kalshi,3233.0,—,—,,Loss,,miss,,,,—,,
2026-09-26T17:55:02.380137+00:00,cfb,2026,4,401860896,401860896474,2,0:12,(00:23) #39 N.Sutcliffe punt 39 yards to the UTSA24 #0 D.Amador II return 10 yards to the UTSA34 (#2 O.Diomande),4,3,CSU 37,63,14,UTSA Roadrunners,Colorado State Rams,35,21,93.1,6.9,197.0,152.0,349.0,195.0,35.0,230.0,game,ML,UTSA,,,kalshi,-4900.0,—,—,,Win,,hit,-3.9,,,—,,
2026-09-26T17:55:02.380137+00:00,cfb,2026,4,401860896,401860896480,2,0:12,Shotgun #2 O.McCown pass incomplete deep left to #84 A.Wilson thrown to CSU40 QB hurried by #10 B.Kelley,1,10,UTSA 34,34,14,UTSA Roadrunners,Colorado State Rams,35,21,93.1,6.9,197.0,152.0,349.0,195.0,35.0,230.0,game,Spread,UTSA,,21.5,prophetx,-102.0,-20.0,—,,+14,,hit,,,,-10.2,,
2026-09-26T17:55:02.380137+00:00,cfb,2026,4,401860896,401860896480,2,0:12,Shotgun #2 O.McCown pass incomplete deep left to #84 A.Wilson thrown to CSU40 QB hurried by #10 B.Kelley,1,10,UTSA 34,34,14,UTSA Roadrunners,Colorado State Rams,35,21,93.1,6.9,197.0,152.0,349.0,195.0,35.0,230.0,game,Spread,UTSA,,-21.5,prophetx,-102.0,-20.0,—,,+14,,miss,,,,-10.2,,
2026-09-26T17:55:02.380137+00:00,cfb,2026,4,401860896,401860896480,2,0:12,Shotgun #2 O.McCown pass incomplete deep left to #84 A.Wilson thrown to CSU40 QB hurried by #10 B.Kelley,1,10,UTSA 34,34,14,UTSA Roadrunners,Colorado State Rams,35,21,93.1,6.9,197.0,152.0,349.0,195.0,35.0,230.0,game,Total,Over,,84.5,kalshi,-105.0,86,-112,0.529,56.0,,miss,,,,59.6,,
2026-09-26T17:55:02.380137+00:00,cfb,2026,4,401860896,401860896480,2,0:12,Shotgun #2 O.McCown pass incomplete deep left to #84 A.Wilson thrown to CSU40 QB hurried by #10 B.Kelley,1,10,UTSA 34,34,14,UTSA Roadrunners,Colorado State Rams,35,21,93.1,6.9,197.0,152.0,349.0,195.0,35.0,230.0,game,Total,,,84.5,,,—,—,,56.0,,hit,,,,—,,
2026-09-26T17:55:02.380137+00:00,cfb,2026,4,401860896,401860896480,2,0:12,Shotgun #2 O.McCown pass incomplete deep left to #84 A.Wilson thrown to CSU40 QB hurried by #10 B.Kelley,1,10,UTSA 34,34,14,UTSA Roadrunners,Colorado State Rams,35,21,93.1,6.9,197.0,152.0,349.0,195.0,35.0,230.0,game,ML,Colorado State,,,kalshi,3233.0,—,—,,Loss,,miss,,,,—,,
2026-09-26T17:55:02.380137+00:00,cfb,2026,4,401860896,401860896480,2,0:12,Shotgun #2 O.McCown pass incomplete deep left to #84 A.Wilson thrown to CSU40 QB hurried by #10 B.Kelley,1,10,UTSA 34,34,14,UTSA Roadrunners,Colorado State Rams,35,21,93.1,6.9,197.0,152.0,349.0,195.0,35.0,230.0,game,ML,UTSA,,,kalshi,-4900.0,—,—,,Win,,hit,-3.9,,,—,,
2026-09-26T17:55:02.380137+00:00,cfb,2026,4,401860896,401860896483,2,0:07,"(00:07) #1 W.Henderson III rush left for 6 yards gain to the UTSA40 (#0 C.Presley), out of bounds",2,10,UTSA 34,34,14,UTSA Roadrunners,Colorado State Rams,35,21,93.1,6.9,197.0,152.0,349.0,195.0,35.0,230.0,game,Spread,UTSA,,21.5,prophetx,-102.0,-19.8,—,,+14,,hit,,,,-10.2,,
2026-09-26T17:55:02.380137+00:00,cfb,2026,4,401860896,401860896483,2,0:07,"(00:07) #1 W.Henderson III rush left for 6 yards gain to the UTSA40 (#0 C.Presley), out of bounds",2,10,UTSA 34,34,14,UTSA Roadrunners,Colorado State Rams,35,21,93.1,6.9,197.0,152.0,349.0,195.0,35.0,230.0,game,Spread,UTSA,,-21.5,prophetx,-102.0,-19.8,—,,+14,,miss,,,,-10.2,,
2026-09-26T17:55:02.380137+00:00,cfb,2026,4,401860896,401860896483,2,0:07,"(00:07) #1 W.Henderson III rush left for 6 yards gain to the UTSA40 (#0 C.Presley), out of bounds",2,10,UTSA 34,34,14,UTSA Roadrunners,Colorado State Rams,35,21,93.1,6.9,197.0,152.0,349.0,195.0,35.0,230.0,game,Total,Over,,84.5,kalshi,-105.0,85.6,-107,0.517,56.0,,miss,,,,59.6,,
2026-09-26T17:55:02.380137+00:00,cfb,2026,4,401860896,401860896483,2,0:07,"(00:07) #1 W.Henderson III rush left for 6 yards gain to the UTSA40 (#0 C.Presley), out of bounds",2,10,UTSA 34,34,14,UTSA Roadrunners,Colorado State Rams,35,21,93.1,6.9,197.0,152.0,349.0,195.0,35.0,230.0,game,Total,,,84.5,,,—,—,,56.0,,hit,,,,—,,
2026-09-26T17:55:02.380137+00:00,cfb,2026,4,401860896,401860896483,2,0:07,"(00:07) #1 W.Henderson III rush left for 6 yards gain to the UTSA40 (#0 C.Presley), out of bounds",2,10,UTSA 34,34,14,UTSA Roadrunners,Colorado State Rams,35,21,93.1,6.9,197.0,152.0,349.0,195.0,35.0,230.0,game,ML,Colorado State,,,kalshi,3233.0,—,—,,Loss,,miss,,,,—,,
2026-09-26T17:55:02.380137+00:00,cfb,2026,4,401860896,401860896483,2,0:07,"(00:07) #1 W.Henderson III rush left for 6 yards gain to the UTSA40 (#0 C.Presley), out of bounds",2,10,UTSA 34,34,14,UTSA Roadrunners,Colorado State Rams,35,21,93.1,6.9,197.0,152.0,349.0,195.0,35.0,230.0,game,ML,UTSA,,,kalshi,-4900.0,—,—,,Win,,hit,-3.9,,,—,,
2026-09-26T17:55:02.380137+00:00,cfb,2026,4,401860896,401860896487,2,0:02,(00:02) Kneel down by #2 O.McCown at UTSA39 for loss of 1 yard,3,4,UTSA 40,40,14,UTSA Roadrunners,Colorado State Rams,35,21,93.1,6.9,197.0,152.0,349.0,195.0,35.0,230.0,game,Spread,UTSA,,21.5,prophetx,-102.0,-19.9,—,,+14,,hit,,,,-10.2,,
2026-09-26T17:55:02.380137+00:00,cfb,2026,4,401860896,401860896487,2,0:02,(00:02) Kneel down by #2 O.McCown at UTSA39 for loss of 1 yard,3,4,UTSA 40,40,14,UTSA Roadrunners,Colorado State Rams,35,21,93.1,6.9,197.0,152.0,349.0,195.0,35.0,230.0,game,Spread,UTSA,,-21.5,prophetx,-102.0,-19.9,—,,+14,,miss,,,,-10.2,,
2026-09-26T17:55:02.380137+00:00,cfb,2026,4,401860896,401860896487,2,0:02,(00:02) Kneel down by #2 O.McCown at UTSA39 for loss of 1 yard,3,4,UTSA 40,40,14,UTSA Roadrunners,Colorado State Rams,35,21,93.1,6.9,197.0,152.0,349.0,195.0,35.0,230.0,game,Total,Over,,84.5,kalshi,-105.0,85.7,-109,0.522,56.0,,miss,,,,59.6,,
2026-09-26T17:55:02.380137+00:00,cfb,2026,4,401860896,401860896487,2,0:02,(00:02) Kneel down by #2 O.McCown at UTSA39 for loss of 1 yard,3,4,UTSA 40,40,14,UTSA Roadrunners,Colorado State Rams,35,21,93.1,6.9,197.0,152.0,349.0,195.0,35.0,230.0,game,Total,,,84.5,,,—,—,,56.0,,hit,,,,—,,
2026-09-26T17:55:02.380137+00:00,cfb,2026,4,401860896,401860896487,2,0:02,(00:02) Kneel down by #2 O.McCown at UTSA39 for loss of 1 yard,3,4,UTSA 40,40,14,UTSA Roadrunners,Colorado State Rams,35,21,93.1,6.9,197.0,152.0,349.0,195.0,35.0,230.0,game,ML,Colorado State,,,kalshi,3233.0,—,—,,Loss,,miss,,,,—,,
2026-09-26T17:55:02.380137+00:00,cfb,2026,4,401860896,401860896487,2,0:02,(00:02) Kneel down by #2 O.McCown at UTSA39 for loss of 1 yard,3,4,UTSA 40,40,14,UTSA Roadrunners,Colorado State Rams,35,21,93.1,6.9,197.0,152.0,349.0,195.0,35.0,230.0,game,ML,UTSA,,,kalshi,-4900.0,—,—,,Win,,hit,-3.9,,,—,,
2026-09-26T17:55:02.380137+00:00,cfb,2026,4,401860896,401860896492,2,0:00,End of 2nd quarter.,3,4,,40,14,UTSA Roadrunners,Colorado State Rams,35,21,93.1,6.9,197.0,152.0,349.0,195.0,35.0,230.0,game,Spread,UTSA,,21.5,prophetx,-102.0,-21.2,—,,+14,,hit,,,,-10.2,,
2026-09-26T17:55:02.380137+00:00,cfb,2026,4,401860896,401860896492,2,0:00,End of 2nd quarter.,3,4,,40,14,UTSA Roadrunners,Colorado State Rams,35,21,93.1,6.9,197.0,152.0,349.0,195.0,35.0,230.0,game,Spread,UTSA,,-21.5,prophetx,-102.0,-21.2,—,,+14,,miss,,,,-10.2,,
2026-09-26T17:55:02.380137+00:00,cfb,2026,4,401860896,401860896492,2,0:00,End of 2nd quarter.,3,4,,40,14,UTSA Roadrunners,Colorado State Rams,35,21,93.1,6.9,197.0,152.0,349.0,195.0,35.0,230.0,game,Total,Over,,84.5,kalshi,-105.0,93,-377,0.7903,56.0,,miss,,,,59.6,,
2026-09-26T17:55:02.380137+00:00,cfb,2026,4,401860896,401860896492,2,0:00,End of 2nd quarter.,3,4,,40,14,UTSA Roadrunners,Colorado State Rams,35,21,93.1,6.9,197.0,152.0,349.0,195.0,35.0,230.0,game,Total,,,84.5,,,—,—,,56.0,,hit,,,,—,,
2026-09-26T17:55:02.380137+00:00,cfb,2026,4,401860896,401860896492,2,0:00,End of 2nd quarter.,3,4,,40,14,UTSA Roadrunners,Colorado State Rams,35,21,93.1,6.9,197.0,152.0,349.0,195.0,35.0,230.0,game,ML,Colorado State,,,kalshi,3233.0,—,—,,Loss,,miss,,,,—,,
2026-09-26T17:55:02.380137+00:00,cfb,2026,4,401860896,401860896492,2,0:00,End of 2nd quarter.,3,4,,40,14,UTSA Roadrunners,Colorado State Rams,35,21,93.1,6.9,197.0,152.0,349.0,195.0,35.0,230.0,game,ML,UTSA,,,kalshi,-4900.0,—,—,,Win,,hit,-4.4,,,—,,
