captured_at,sport,year,week,event_id,play_id,period,clock,play_text,down,distance,possession,yard_line,score_margin,home,away,home_score,away_score,home_win_prob,away_win_prob,home_pass_yds,home_rush_yds,home_total_yds,away_pass_yds,away_rush_yds,away_total_yds,market_type,market,selection,player,line,book_id,book_price,model_projection,model_price,model_prob,actual_result,actual_stat,bet_result,expected_roi_pct,pregame_line,pregame_book_price,pregame_projection,pregame_capture_at,pregame_capture_type
2026-09-19T22:48:56.970275+00:00,cfb,2026,3,401862771,4018627713,1,14:55,(14:59) #48 R.Czeremcha kickoff 61 yards to the FAU04 #3 T.Holloway return 19 yards to the FAU23 (#18 P.Stewart),1,10,FAU 45,65,0,Florida Atlantic Owls,Florida International Panthers,0,0,70.5,29.5,31.0,24.0,55.0,84.0,31.0,115.0,game,Spread,Florida International,,8.5,kalshi,-258.0,-3.3,—,,0,,hit,,,,-3.8,,
2026-09-19T22:48:56.970275+00:00,cfb,2026,3,401862771,4018627713,1,14:55,(14:59) #48 R.Czeremcha kickoff 61 yards to the FAU04 #3 T.Holloway return 19 yards to the FAU23 (#18 P.Stewart),1,10,FAU 45,65,0,Florida Atlantic Owls,Florida International Panthers,0,0,70.5,29.5,31.0,24.0,55.0,84.0,31.0,115.0,game,Spread,Florida Atlantic,,-8.5,kalshi,-118.0,-3.3,—,,0,,miss,,,,-3.8,,
2026-09-19T22:48:56.970275+00:00,cfb,2026,3,401862771,4018627713,1,14:55,(14:59) #48 R.Czeremcha kickoff 61 yards to the FAU04 #3 T.Holloway return 19 yards to the FAU23 (#18 P.Stewart),1,10,FAU 45,65,0,Florida Atlantic Owls,Florida International Panthers,0,0,70.5,29.5,31.0,24.0,55.0,84.0,31.0,115.0,game,Total,Over,,52.5,kalshi,-300.0,61.7,-241,0.7063,0.0,,miss,,,,62.5,,
2026-09-19T22:48:56.970275+00:00,cfb,2026,3,401862771,4018627713,1,14:55,(14:59) #48 R.Czeremcha kickoff 61 yards to the FAU04 #3 T.Holloway return 19 yards to the FAU23 (#18 P.Stewart),1,10,FAU 45,65,0,Florida Atlantic Owls,Florida International Panthers,0,0,70.5,29.5,31.0,24.0,55.0,84.0,31.0,115.0,game,Total,Under,,52.5,kalshi,-123.0,61.7,+241,0.2937,0.0,,hit,,,,62.5,,
2026-09-19T22:48:56.970275+00:00,cfb,2026,3,401862771,4018627713,1,14:55,(14:59) #48 R.Czeremcha kickoff 61 yards to the FAU04 #3 T.Holloway return 19 yards to the FAU23 (#18 P.Stewart),1,10,FAU 45,65,0,Florida Atlantic Owls,Florida International Panthers,0,0,70.5,29.5,31.0,24.0,55.0,84.0,31.0,115.0,game,ML,Florida International,,,polymarketus,365.0,—,—,,Loss,,miss,,,,—,,
2026-09-19T22:48:56.970275+00:00,cfb,2026,3,401862771,4018627713,1,14:55,(14:59) #48 R.Czeremcha kickoff 61 yards to the FAU04 #3 T.Holloway return 19 yards to the FAU23 (#18 P.Stewart),1,10,FAU 45,65,0,Florida Atlantic Owls,Florida International Panthers,0,0,70.5,29.5,31.0,24.0,55.0,84.0,31.0,115.0,game,ML,Florida Atlantic,,,polymarketus,-377.0,—,—,,Loss,,miss,-27.1,,,—,,
2026-09-19T22:48:56.970275+00:00,cfb,2026,3,401862771,401862771191,1,14:52,(14:55) No Huddle-Shotgun #5 L.Farrow rush middle for 3 yards gain to the FIU06 (#9 J.Taylor; #18 P.Stewart),1,9,FIU 9,91,7,Florida Atlantic Owls,Florida International Panthers,7,0,70.5,29.5,31.0,24.0,55.0,84.0,31.0,115.0,game,Spread,Florida International,,8.5,kalshi,-258.0,-11.3,—,,+7,,hit,,,,-3.8,,
2026-09-19T22:48:56.970275+00:00,cfb,2026,3,401862771,401862771191,1,14:52,(14:55) No Huddle-Shotgun #5 L.Farrow rush middle for 3 yards gain to the FIU06 (#9 J.Taylor; #18 P.Stewart),1,9,FIU 9,91,7,Florida Atlantic Owls,Florida International Panthers,7,0,70.5,29.5,31.0,24.0,55.0,84.0,31.0,115.0,game,Spread,Florida Atlantic,,-8.5,kalshi,-118.0,-11.3,—,,+7,,miss,,,,-3.8,,
2026-09-19T22:48:56.970275+00:00,cfb,2026,3,401862771,401862771191,1,14:52,(14:55) No Huddle-Shotgun #5 L.Farrow rush middle for 3 yards gain to the FIU06 (#9 J.Taylor; #18 P.Stewart),1,9,FIU 9,91,7,Florida Atlantic Owls,Florida International Panthers,7,0,70.5,29.5,31.0,24.0,55.0,84.0,31.0,115.0,game,Total,Over,,52.5,kalshi,-300.0,68.7,-603,0.8577,7.0,,miss,,,,62.5,,
2026-09-19T22:48:56.970275+00:00,cfb,2026,3,401862771,401862771191,1,14:52,(14:55) No Huddle-Shotgun #5 L.Farrow rush middle for 3 yards gain to the FIU06 (#9 J.Taylor; #18 P.Stewart),1,9,FIU 9,91,7,Florida Atlantic Owls,Florida International Panthers,7,0,70.5,29.5,31.0,24.0,55.0,84.0,31.0,115.0,game,Total,Under,,52.5,kalshi,-123.0,68.7,+603,0.1423,7.0,,hit,,,,62.5,,
2026-09-19T22:48:56.970275+00:00,cfb,2026,3,401862771,401862771191,1,14:52,(14:55) No Huddle-Shotgun #5 L.Farrow rush middle for 3 yards gain to the FIU06 (#9 J.Taylor; #18 P.Stewart),1,9,FIU 9,91,7,Florida Atlantic Owls,Florida International Panthers,7,0,70.5,29.5,31.0,24.0,55.0,84.0,31.0,115.0,game,ML,Florida International,,,polymarketus,365.0,—,—,,Loss,,miss,,,,—,,
2026-09-19T22:48:56.970275+00:00,cfb,2026,3,401862771,401862771191,1,14:52,(14:55) No Huddle-Shotgun #5 L.Farrow rush middle for 3 yards gain to the FIU06 (#9 J.Taylor; #18 P.Stewart),1,9,FIU 9,91,7,Florida Atlantic Owls,Florida International Panthers,7,0,70.5,29.5,31.0,24.0,55.0,84.0,31.0,115.0,game,ML,Florida Atlantic,,,polymarketus,-377.0,—,—,,Win,,hit,-5.4,,,—,,
2026-09-19T22:48:56.970275+00:00,cfb,2026,3,401862771,40186277114,1,14:40,"(14:49) No Huddle-Shotgun #10 C.Veltkamp pass complete short right to #28 K.Shields-Dutton caught at FAU26, for 8 yards to the FAU31 (#8 R.Gadson; #11 P.Courtney Jr.)",1,10,FAU 23,23,0,Florida Atlantic Owls,Florida International Panthers,0,0,70.5,29.5,31.0,24.0,55.0,84.0,31.0,115.0,game,Spread,Florida International,,8.5,kalshi,-258.0,-3.2,—,,0,,hit,,,,-3.8,,
2026-09-19T22:48:56.970275+00:00,cfb,2026,3,401862771,40186277114,1,14:40,"(14:49) No Huddle-Shotgun #10 C.Veltkamp pass complete short right to #28 K.Shields-Dutton caught at FAU26, for 8 yards to the FAU31 (#8 R.Gadson; #11 P.Courtney Jr.)",1,10,FAU 23,23,0,Florida Atlantic Owls,Florida International Panthers,0,0,70.5,29.5,31.0,24.0,55.0,84.0,31.0,115.0,game,Spread,Florida Atlantic,,-8.5,kalshi,-118.0,-3.2,—,,0,,miss,,,,-3.8,,
2026-09-19T22:48:56.970275+00:00,cfb,2026,3,401862771,40186277114,1,14:40,"(14:49) No Huddle-Shotgun #10 C.Veltkamp pass complete short right to #28 K.Shields-Dutton caught at FAU26, for 8 yards to the FAU31 (#8 R.Gadson; #11 P.Courtney Jr.)",1,10,FAU 23,23,0,Florida Atlantic Owls,Florida International Panthers,0,0,70.5,29.5,31.0,24.0,55.0,84.0,31.0,115.0,game,Total,Over,,52.5,kalshi,-300.0,61.4,-240,0.706,0.0,,miss,,,,62.5,,
2026-09-19T22:48:56.970275+00:00,cfb,2026,3,401862771,40186277114,1,14:40,"(14:49) No Huddle-Shotgun #10 C.Veltkamp pass complete short right to #28 K.Shields-Dutton caught at FAU26, for 8 yards to the FAU31 (#8 R.Gadson; #11 P.Courtney Jr.)",1,10,FAU 23,23,0,Florida Atlantic Owls,Florida International Panthers,0,0,70.5,29.5,31.0,24.0,55.0,84.0,31.0,115.0,game,Total,Under,,52.5,kalshi,-123.0,61.4,+240,0.294,0.0,,hit,,,,62.5,,
2026-09-19T22:48:56.970275+00:00,cfb,2026,3,401862771,40186277114,1,14:40,"(14:49) No Huddle-Shotgun #10 C.Veltkamp pass complete short right to #28 K.Shields-Dutton caught at FAU26, for 8 yards to the FAU31 (#8 R.Gadson; #11 P.Courtney Jr.)",1,10,FAU 23,23,0,Florida Atlantic Owls,Florida International Panthers,0,0,70.5,29.5,31.0,24.0,55.0,84.0,31.0,115.0,game,ML,Florida International,,,polymarketus,365.0,—,—,,Loss,,miss,,,,—,,
2026-09-19T22:48:56.970275+00:00,cfb,2026,3,401862771,40186277114,1,14:40,"(14:49) No Huddle-Shotgun #10 C.Veltkamp pass complete short right to #28 K.Shields-Dutton caught at FAU26, for 8 yards to the FAU31 (#8 R.Gadson; #11 P.Courtney Jr.)",1,10,FAU 23,23,0,Florida Atlantic Owls,Florida International Panthers,0,0,70.5,29.5,31.0,24.0,55.0,84.0,31.0,115.0,game,ML,Florida Atlantic,,,polymarketus,-377.0,—,—,,Loss,,miss,-27.0,,,—,,
2026-09-19T22:48:56.970275+00:00,cfb,2026,3,401862771,401862771200,1,14:37,(14:37) No Huddle-Shotgun #10 C.Veltkamp pass incomplete short middle to #8 E.Messer thrown to FIU00 QB hurried by #9 J.Taylor,2,6,FIU 6,94,7,Florida Atlantic Owls,Florida International Panthers,7,0,70.5,29.5,31.0,24.0,55.0,84.0,31.0,115.0,game,Spread,Florida International,,8.5,kalshi,-258.0,-11.1,—,,+7,,hit,,,,-3.8,,
2026-09-19T22:48:56.970275+00:00,cfb,2026,3,401862771,401862771200,1,14:37,(14:37) No Huddle-Shotgun #10 C.Veltkamp pass incomplete short middle to #8 E.Messer thrown to FIU00 QB hurried by #9 J.Taylor,2,6,FIU 6,94,7,Florida Atlantic Owls,Florida International Panthers,7,0,70.5,29.5,31.0,24.0,55.0,84.0,31.0,115.0,game,Spread,Florida Atlantic,,-8.5,kalshi,-118.0,-11.1,—,,+7,,miss,,,,-3.8,,
2026-09-19T22:48:56.970275+00:00,cfb,2026,3,401862771,401862771200,1,14:37,(14:37) No Huddle-Shotgun #10 C.Veltkamp pass incomplete short middle to #8 E.Messer thrown to FIU00 QB hurried by #9 J.Taylor,2,6,FIU 6,94,7,Florida Atlantic Owls,Florida International Panthers,7,0,70.5,29.5,31.0,24.0,55.0,84.0,31.0,115.0,game,Total,Over,,52.5,kalshi,-300.0,68.7,-625,0.862,7.0,,miss,,,,62.5,,
2026-09-19T22:48:56.970275+00:00,cfb,2026,3,401862771,401862771200,1,14:37,(14:37) No Huddle-Shotgun #10 C.Veltkamp pass incomplete short middle to #8 E.Messer thrown to FIU00 QB hurried by #9 J.Taylor,2,6,FIU 6,94,7,Florida Atlantic Owls,Florida International Panthers,7,0,70.5,29.5,31.0,24.0,55.0,84.0,31.0,115.0,game,Total,Under,,52.5,kalshi,-123.0,68.7,+625,0.138,7.0,,hit,,,,62.5,,
2026-09-19T22:48:56.970275+00:00,cfb,2026,3,401862771,401862771200,1,14:37,(14:37) No Huddle-Shotgun #10 C.Veltkamp pass incomplete short middle to #8 E.Messer thrown to FIU00 QB hurried by #9 J.Taylor,2,6,FIU 6,94,7,Florida Atlantic Owls,Florida International Panthers,7,0,70.5,29.5,31.0,24.0,55.0,84.0,31.0,115.0,game,ML,Florida International,,,polymarketus,365.0,—,—,,Loss,,miss,,,,—,,
2026-09-19T22:48:56.970275+00:00,cfb,2026,3,401862771,401862771200,1,14:37,(14:37) No Huddle-Shotgun #10 C.Veltkamp pass incomplete short middle to #8 E.Messer thrown to FIU00 QB hurried by #9 J.Taylor,2,6,FIU 6,94,7,Florida Atlantic Owls,Florida International Panthers,7,0,70.5,29.5,31.0,24.0,55.0,84.0,31.0,115.0,game,ML,Florida Atlantic,,,polymarketus,-377.0,—,—,,Win,,hit,-5.7,,,—,,
2026-09-19T22:48:56.970275+00:00,cfb,2026,3,401862771,401862771203,1,14:31,(14:35) No Huddle-Shotgun #10 C.Veltkamp pass incomplete short left to #0 D.Allen thrown to FIU00,3,6,FIU 6,94,7,Florida Atlantic Owls,Florida International Panthers,7,0,70.5,29.5,31.0,24.0,55.0,84.0,31.0,115.0,game,Spread,Florida International,,8.5,kalshi,-258.0,-11.2,—,,+7,,hit,,,,-3.8,,
2026-09-19T22:48:56.970275+00:00,cfb,2026,3,401862771,401862771203,1,14:31,(14:35) No Huddle-Shotgun #10 C.Veltkamp pass incomplete short left to #0 D.Allen thrown to FIU00,3,6,FIU 6,94,7,Florida Atlantic Owls,Florida International Panthers,7,0,70.5,29.5,31.0,24.0,55.0,84.0,31.0,115.0,game,Spread,Florida Atlantic,,-8.5,kalshi,-118.0,-11.2,—,,+7,,miss,,,,-3.8,,
2026-09-19T22:48:56.970275+00:00,cfb,2026,3,401862771,401862771203,1,14:31,(14:35) No Huddle-Shotgun #10 C.Veltkamp pass incomplete short left to #0 D.Allen thrown to FIU00,3,6,FIU 6,94,7,Florida Atlantic Owls,Florida International Panthers,7,0,70.5,29.5,31.0,24.0,55.0,84.0,31.0,115.0,game,Total,Over,,52.5,kalshi,-300.0,69,-644,0.8657,7.0,,miss,,,,62.5,,
2026-09-19T22:48:56.970275+00:00,cfb,2026,3,401862771,401862771203,1,14:31,(14:35) No Huddle-Shotgun #10 C.Veltkamp pass incomplete short left to #0 D.Allen thrown to FIU00,3,6,FIU 6,94,7,Florida Atlantic Owls,Florida International Panthers,7,0,70.5,29.5,31.0,24.0,55.0,84.0,31.0,115.0,game,Total,Under,,52.5,kalshi,-123.0,69,+644,0.1343,7.0,,hit,,,,62.5,,
2026-09-19T22:48:56.970275+00:00,cfb,2026,3,401862771,401862771203,1,14:31,(14:35) No Huddle-Shotgun #10 C.Veltkamp pass incomplete short left to #0 D.Allen thrown to FIU00,3,6,FIU 6,94,7,Florida Atlantic Owls,Florida International Panthers,7,0,70.5,29.5,31.0,24.0,55.0,84.0,31.0,115.0,game,ML,Florida International,,,polymarketus,365.0,—,—,,Loss,,miss,,,,—,,
2026-09-19T22:48:56.970275+00:00,cfb,2026,3,401862771,401862771203,1,14:31,(14:35) No Huddle-Shotgun #10 C.Veltkamp pass incomplete short left to #0 D.Allen thrown to FIU00,3,6,FIU 6,94,7,Florida Atlantic Owls,Florida International Panthers,7,0,70.5,29.5,31.0,24.0,55.0,84.0,31.0,115.0,game,ML,Florida Atlantic,,,polymarketus,-377.0,—,—,,Win,,hit,-5.5,,,—,,
2026-09-19T22:48:56.970275+00:00,cfb,2026,3,401862771,401862771206,1,14:27,"(14:27) #41 C.Rogers field goal attempt from 24 yards GOOD (H: #91 R.Chandley, LS: #56 G.Birnbaum), clock 00:00",4,6,FIU 6,94,10,Florida Atlantic Owls,Florida International Panthers,10,0,70.5,29.5,31.0,24.0,55.0,84.0,31.0,115.0,game,Spread,Florida International,,8.5,kalshi,-258.0,-14.8,—,,+10,,miss,,,,-3.8,,
2026-09-19T22:48:56.970275+00:00,cfb,2026,3,401862771,401862771206,1,14:27,"(14:27) #41 C.Rogers field goal attempt from 24 yards GOOD (H: #91 R.Chandley, LS: #56 G.Birnbaum), clock 00:00",4,6,FIU 6,94,10,Florida Atlantic Owls,Florida International Panthers,10,0,70.5,29.5,31.0,24.0,55.0,84.0,31.0,115.0,game,Spread,Florida Atlantic,,-8.5,kalshi,-118.0,-14.8,—,,+10,,hit,,,,-3.8,,
2026-09-19T22:48:56.970275+00:00,cfb,2026,3,401862771,401862771206,1,14:27,"(14:27) #41 C.Rogers field goal attempt from 24 yards GOOD (H: #91 R.Chandley, LS: #56 G.Birnbaum), clock 00:00",4,6,FIU 6,94,10,Florida Atlantic Owls,Florida International Panthers,10,0,70.5,29.5,31.0,24.0,55.0,84.0,31.0,115.0,game,Total,Over,,52.5,kalshi,-300.0,71.4,-832,0.8927,10.0,,miss,,,,62.5,,
2026-09-19T22:48:56.970275+00:00,cfb,2026,3,401862771,401862771206,1,14:27,"(14:27) #41 C.Rogers field goal attempt from 24 yards GOOD (H: #91 R.Chandley, LS: #56 G.Birnbaum), clock 00:00",4,6,FIU 6,94,10,Florida Atlantic Owls,Florida International Panthers,10,0,70.5,29.5,31.0,24.0,55.0,84.0,31.0,115.0,game,Total,Under,,52.5,kalshi,-123.0,71.4,+832,0.1073,10.0,,hit,,,,62.5,,
2026-09-19T22:48:56.970275+00:00,cfb,2026,3,401862771,401862771206,1,14:27,"(14:27) #41 C.Rogers field goal attempt from 24 yards GOOD (H: #91 R.Chandley, LS: #56 G.Birnbaum), clock 00:00",4,6,FIU 6,94,10,Florida Atlantic Owls,Florida International Panthers,10,0,70.5,29.5,31.0,24.0,55.0,84.0,31.0,115.0,game,ML,Florida International,,,polymarketus,365.0,—,—,,Loss,,miss,,,,—,,
2026-09-19T22:48:56.970275+00:00,cfb,2026,3,401862771,401862771206,1,14:27,"(14:27) #41 C.Rogers field goal attempt from 24 yards GOOD (H: #91 R.Chandley, LS: #56 G.Birnbaum), clock 00:00",4,6,FIU 6,94,10,Florida Atlantic Owls,Florida International Panthers,10,0,70.5,29.5,31.0,24.0,55.0,84.0,31.0,115.0,game,ML,Florida Atlantic,,,polymarketus,-377.0,—,—,,Win,,hit,2.3,,,—,,
2026-09-19T22:48:56.970275+00:00,cfb,2026,3,401862771,40186277119,1,14:25,"(14:30) No Huddle-Shotgun #10 C.Veltkamp pass complete short right to #8 E.Messer caught at FAU29, for 3 yards to the FAU34 (#8 R.Gadson), out of bounds, 1ST DOWN",2,2,FAU 31,31,0,Florida Atlantic Owls,Florida International Panthers,0,0,70.5,29.5,31.0,24.0,55.0,84.0,31.0,115.0,game,Spread,Florida International,,8.5,kalshi,-258.0,-3.3,—,,0,,hit,,,,-3.8,,
2026-09-19T22:48:56.970275+00:00,cfb,2026,3,401862771,40186277119,1,14:25,"(14:30) No Huddle-Shotgun #10 C.Veltkamp pass complete short right to #8 E.Messer caught at FAU29, for 3 yards to the FAU34 (#8 R.Gadson), out of bounds, 1ST DOWN",2,2,FAU 31,31,0,Florida Atlantic Owls,Florida International Panthers,0,0,70.5,29.5,31.0,24.0,55.0,84.0,31.0,115.0,game,Spread,Florida Atlantic,,-8.5,kalshi,-118.0,-3.3,—,,0,,miss,,,,-3.8,,
2026-09-19T22:48:56.970275+00:00,cfb,2026,3,401862771,40186277119,1,14:25,"(14:30) No Huddle-Shotgun #10 C.Veltkamp pass complete short right to #8 E.Messer caught at FAU29, for 3 yards to the FAU34 (#8 R.Gadson), out of bounds, 1ST DOWN",2,2,FAU 31,31,0,Florida Atlantic Owls,Florida International Panthers,0,0,70.5,29.5,31.0,24.0,55.0,84.0,31.0,115.0,game,Total,Over,,52.5,kalshi,-300.0,61.5,-236,0.702,0.0,,miss,,,,62.5,,
2026-09-19T22:48:56.970275+00:00,cfb,2026,3,401862771,40186277119,1,14:25,"(14:30) No Huddle-Shotgun #10 C.Veltkamp pass complete short right to #8 E.Messer caught at FAU29, for 3 yards to the FAU34 (#8 R.Gadson), out of bounds, 1ST DOWN",2,2,FAU 31,31,0,Florida Atlantic Owls,Florida International Panthers,0,0,70.5,29.5,31.0,24.0,55.0,84.0,31.0,115.0,game,Total,Under,,52.5,kalshi,-123.0,61.5,+236,0.298,0.0,,hit,,,,62.5,,
2026-09-19T22:48:56.970275+00:00,cfb,2026,3,401862771,40186277119,1,14:25,"(14:30) No Huddle-Shotgun #10 C.Veltkamp pass complete short right to #8 E.Messer caught at FAU29, for 3 yards to the FAU34 (#8 R.Gadson), out of bounds, 1ST DOWN",2,2,FAU 31,31,0,Florida Atlantic Owls,Florida International Panthers,0,0,70.5,29.5,31.0,24.0,55.0,84.0,31.0,115.0,game,ML,Florida International,,,polymarketus,365.0,—,—,,Loss,,miss,,,,—,,
2026-09-19T22:48:56.970275+00:00,cfb,2026,3,401862771,40186277119,1,14:25,"(14:30) No Huddle-Shotgun #10 C.Veltkamp pass complete short right to #8 E.Messer caught at FAU29, for 3 yards to the FAU34 (#8 R.Gadson), out of bounds, 1ST DOWN",2,2,FAU 31,31,0,Florida Atlantic Owls,Florida International Panthers,0,0,70.5,29.5,31.0,24.0,55.0,84.0,31.0,115.0,game,ML,Florida Atlantic,,,polymarketus,-377.0,—,—,,Loss,,miss,-27.2,,,—,,
2026-09-19T22:48:56.970275+00:00,cfb,2026,3,401862771,40186277124,1,14:12,(14:16) No Huddle-Shotgun #10 C.Veltkamp sacked for loss of 9 yards to the FAU25 (#5 K.Simmons),1,10,FAU 34,34,0,Florida Atlantic Owls,Florida International Panthers,0,0,70.5,29.5,31.0,24.0,55.0,84.0,31.0,115.0,game,Spread,Florida International,,8.5,kalshi,-258.0,-3.3,—,,0,,hit,,,,-3.8,,
2026-09-19T22:48:56.970275+00:00,cfb,2026,3,401862771,40186277124,1,14:12,(14:16) No Huddle-Shotgun #10 C.Veltkamp sacked for loss of 9 yards to the FAU25 (#5 K.Simmons),1,10,FAU 34,34,0,Florida Atlantic Owls,Florida International Panthers,0,0,70.5,29.5,31.0,24.0,55.0,84.0,31.0,115.0,game,Spread,Florida Atlantic,,-8.5,kalshi,-118.0,-3.3,—,,0,,miss,,,,-3.8,,
2026-09-19T22:48:56.970275+00:00,cfb,2026,3,401862771,40186277124,1,14:12,(14:16) No Huddle-Shotgun #10 C.Veltkamp sacked for loss of 9 yards to the FAU25 (#5 K.Simmons),1,10,FAU 34,34,0,Florida Atlantic Owls,Florida International Panthers,0,0,70.5,29.5,31.0,24.0,55.0,84.0,31.0,115.0,game,Total,Over,,52.5,kalshi,-300.0,61.9,-256,0.719,0.0,,miss,,,,62.5,,
2026-09-19T22:48:56.970275+00:00,cfb,2026,3,401862771,40186277124,1,14:12,(14:16) No Huddle-Shotgun #10 C.Veltkamp sacked for loss of 9 yards to the FAU25 (#5 K.Simmons),1,10,FAU 34,34,0,Florida Atlantic Owls,Florida International Panthers,0,0,70.5,29.5,31.0,24.0,55.0,84.0,31.0,115.0,game,Total,Under,,52.5,kalshi,-123.0,61.9,+256,0.281,0.0,,hit,,,,62.5,,
2026-09-19T22:48:56.970275+00:00,cfb,2026,3,401862771,40186277124,1,14:12,(14:16) No Huddle-Shotgun #10 C.Veltkamp sacked for loss of 9 yards to the FAU25 (#5 K.Simmons),1,10,FAU 34,34,0,Florida Atlantic Owls,Florida International Panthers,0,0,70.5,29.5,31.0,24.0,55.0,84.0,31.0,115.0,game,ML,Florida International,,,polymarketus,365.0,—,—,,Loss,,miss,,,,—,,
2026-09-19T22:48:56.970275+00:00,cfb,2026,3,401862771,40186277124,1,14:12,(14:16) No Huddle-Shotgun #10 C.Veltkamp sacked for loss of 9 yards to the FAU25 (#5 K.Simmons),1,10,FAU 34,34,0,Florida Atlantic Owls,Florida International Panthers,0,0,70.5,29.5,31.0,24.0,55.0,84.0,31.0,115.0,game,ML,Florida Atlantic,,,polymarketus,-377.0,—,—,,Loss,,miss,-27.2,,,—,,
2026-09-19T22:48:56.970275+00:00,cfb,2026,3,401862771,40186277128,1,13:32,(13:31) No Huddle-Shotgun #10 C.Veltkamp pass incomplete short left to #9 D.Henry thrown to FAU37,2,19,FAU 25,25,0,Florida Atlantic Owls,Florida International Panthers,0,0,70.5,29.5,31.0,24.0,55.0,84.0,31.0,115.0,game,Spread,Florida International,,8.5,kalshi,-258.0,-3.1,—,,0,,hit,,,,-3.8,,
2026-09-19T22:48:56.970275+00:00,cfb,2026,3,401862771,40186277128,1,13:32,(13:31) No Huddle-Shotgun #10 C.Veltkamp pass incomplete short left to #9 D.Henry thrown to FAU37,2,19,FAU 25,25,0,Florida Atlantic Owls,Florida International Panthers,0,0,70.5,29.5,31.0,24.0,55.0,84.0,31.0,115.0,game,Spread,Florida Atlantic,,-8.5,kalshi,-118.0,-3.1,—,,0,,miss,,,,-3.8,,
2026-09-19T22:48:56.970275+00:00,cfb,2026,3,401862771,40186277128,1,13:32,(13:31) No Huddle-Shotgun #10 C.Veltkamp pass incomplete short left to #9 D.Henry thrown to FAU37,2,19,FAU 25,25,0,Florida Atlantic Owls,Florida International Panthers,0,0,70.5,29.5,31.0,24.0,55.0,84.0,31.0,115.0,game,Total,Over,,52.5,kalshi,-300.0,60.9,-224,0.691,0.0,,miss,,,,62.5,,
2026-09-19T22:48:56.970275+00:00,cfb,2026,3,401862771,40186277128,1,13:32,(13:31) No Huddle-Shotgun #10 C.Veltkamp pass incomplete short left to #9 D.Henry thrown to FAU37,2,19,FAU 25,25,0,Florida Atlantic Owls,Florida International Panthers,0,0,70.5,29.5,31.0,24.0,55.0,84.0,31.0,115.0,game,Total,Under,,52.5,kalshi,-123.0,60.9,+224,0.309,0.0,,hit,,,,62.5,,
2026-09-19T22:48:56.970275+00:00,cfb,2026,3,401862771,40186277128,1,13:32,(13:31) No Huddle-Shotgun #10 C.Veltkamp pass incomplete short left to #9 D.Henry thrown to FAU37,2,19,FAU 25,25,0,Florida Atlantic Owls,Florida International Panthers,0,0,70.5,29.5,31.0,24.0,55.0,84.0,31.0,115.0,game,ML,Florida International,,,polymarketus,365.0,—,—,,Loss,,miss,,,,—,,
2026-09-19T22:48:56.970275+00:00,cfb,2026,3,401862771,40186277128,1,13:32,(13:31) No Huddle-Shotgun #10 C.Veltkamp pass incomplete short left to #9 D.Henry thrown to FAU37,2,19,FAU 25,25,0,Florida Atlantic Owls,Florida International Panthers,0,0,70.5,29.5,31.0,24.0,55.0,84.0,31.0,115.0,game,ML,Florida Atlantic,,,polymarketus,-377.0,—,—,,Loss,,miss,-27.5,,,—,,
2026-09-19T22:48:56.970275+00:00,cfb,2026,3,401862771,40186277131,1,13:25,(13:29) No Huddle-Shotgun #10 C.Veltkamp pass incomplete short left to #6 R.Garcia II thrown to FAU28 broken up by #8 R.Gadson,3,19,FAU 25,25,0,Florida Atlantic Owls,Florida International Panthers,0,0,70.5,29.5,31.0,24.0,55.0,84.0,31.0,115.0,game,Spread,Florida International,,8.5,kalshi,-258.0,-3.4,—,,0,,hit,,,,-3.8,,
2026-09-19T22:48:56.970275+00:00,cfb,2026,3,401862771,40186277131,1,13:25,(13:29) No Huddle-Shotgun #10 C.Veltkamp pass incomplete short left to #6 R.Garcia II thrown to FAU28 broken up by #8 R.Gadson,3,19,FAU 25,25,0,Florida Atlantic Owls,Florida International Panthers,0,0,70.5,29.5,31.0,24.0,55.0,84.0,31.0,115.0,game,Spread,Florida Atlantic,,-8.5,kalshi,-118.0,-3.4,—,,0,,miss,,,,-3.8,,
2026-09-19T22:48:56.970275+00:00,cfb,2026,3,401862771,40186277131,1,13:25,(13:29) No Huddle-Shotgun #10 C.Veltkamp pass incomplete short left to #6 R.Garcia II thrown to FAU28 broken up by #8 R.Gadson,3,19,FAU 25,25,0,Florida Atlantic Owls,Florida International Panthers,0,0,70.5,29.5,31.0,24.0,55.0,84.0,31.0,115.0,game,Total,Over,,52.5,kalshi,-300.0,61.4,-228,0.695,0.0,,miss,,,,62.5,,
2026-09-19T22:48:56.970275+00:00,cfb,2026,3,401862771,40186277131,1,13:25,(13:29) No Huddle-Shotgun #10 C.Veltkamp pass incomplete short left to #6 R.Garcia II thrown to FAU28 broken up by #8 R.Gadson,3,19,FAU 25,25,0,Florida Atlantic Owls,Florida International Panthers,0,0,70.5,29.5,31.0,24.0,55.0,84.0,31.0,115.0,game,Total,Under,,52.5,kalshi,-123.0,61.4,+228,0.305,0.0,,hit,,,,62.5,,
2026-09-19T22:48:56.970275+00:00,cfb,2026,3,401862771,40186277131,1,13:25,(13:29) No Huddle-Shotgun #10 C.Veltkamp pass incomplete short left to #6 R.Garcia II thrown to FAU28 broken up by #8 R.Gadson,3,19,FAU 25,25,0,Florida Atlantic Owls,Florida International Panthers,0,0,70.5,29.5,31.0,24.0,55.0,84.0,31.0,115.0,game,ML,Florida International,,,polymarketus,365.0,—,—,,Loss,,miss,,,,—,,
2026-09-19T22:48:56.970275+00:00,cfb,2026,3,401862771,40186277131,1,13:25,(13:29) No Huddle-Shotgun #10 C.Veltkamp pass incomplete short left to #6 R.Garcia II thrown to FAU28 broken up by #8 R.Gadson,3,19,FAU 25,25,0,Florida Atlantic Owls,Florida International Panthers,0,0,70.5,29.5,31.0,24.0,55.0,84.0,31.0,115.0,game,ML,Florida Atlantic,,,polymarketus,-377.0,—,—,,Loss,,miss,-26.9,,,—,,
2026-09-19T22:48:56.970275+00:00,cfb,2026,3,401862771,40186277134,1,13:13,(13:18) #91 R.Chandley punt 56 yards to the FIU19 #2 M.Anderson return 3 yards to the FIU22 (#60 A.Meredith-Smith; #35 T.Nunez) PENALTY FIU Illegal Block in Back (#20 K.Ingram) 10 yards from FIU22 to FIU12,4,19,FAU 25,25,0,Florida Atlantic Owls,Florida International Panthers,0,0,70.5,29.5,31.0,24.0,55.0,84.0,31.0,115.0,game,Spread,Florida International,,8.5,kalshi,-258.0,-3.1,—,,0,,hit,,,,-3.8,,
2026-09-19T22:48:56.970275+00:00,cfb,2026,3,401862771,40186277134,1,13:13,(13:18) #91 R.Chandley punt 56 yards to the FIU19 #2 M.Anderson return 3 yards to the FIU22 (#60 A.Meredith-Smith; #35 T.Nunez) PENALTY FIU Illegal Block in Back (#20 K.Ingram) 10 yards from FIU22 to FIU12,4,19,FAU 25,25,0,Florida Atlantic Owls,Florida International Panthers,0,0,70.5,29.5,31.0,24.0,55.0,84.0,31.0,115.0,game,Spread,Florida Atlantic,,-8.5,kalshi,-118.0,-3.1,—,,0,,miss,,,,-3.8,,
2026-09-19T22:48:56.970275+00:00,cfb,2026,3,401862771,40186277134,1,13:13,(13:18) #91 R.Chandley punt 56 yards to the FIU19 #2 M.Anderson return 3 yards to the FIU22 (#60 A.Meredith-Smith; #35 T.Nunez) PENALTY FIU Illegal Block in Back (#20 K.Ingram) 10 yards from FIU22 to FIU12,4,19,FAU 25,25,0,Florida Atlantic Owls,Florida International Panthers,0,0,70.5,29.5,31.0,24.0,55.0,84.0,31.0,115.0,game,Total,Over,,52.5,kalshi,-300.0,60.9,-230,0.697,0.0,,miss,,,,62.5,,
2026-09-19T22:48:56.970275+00:00,cfb,2026,3,401862771,40186277134,1,13:13,(13:18) #91 R.Chandley punt 56 yards to the FIU19 #2 M.Anderson return 3 yards to the FIU22 (#60 A.Meredith-Smith; #35 T.Nunez) PENALTY FIU Illegal Block in Back (#20 K.Ingram) 10 yards from FIU22 to FIU12,4,19,FAU 25,25,0,Florida Atlantic Owls,Florida International Panthers,0,0,70.5,29.5,31.0,24.0,55.0,84.0,31.0,115.0,game,Total,Under,,52.5,kalshi,-123.0,60.9,+230,0.303,0.0,,hit,,,,62.5,,
2026-09-19T22:48:56.970275+00:00,cfb,2026,3,401862771,40186277134,1,13:13,(13:18) #91 R.Chandley punt 56 yards to the FIU19 #2 M.Anderson return 3 yards to the FIU22 (#60 A.Meredith-Smith; #35 T.Nunez) PENALTY FIU Illegal Block in Back (#20 K.Ingram) 10 yards from FIU22 to FIU12,4,19,FAU 25,25,0,Florida Atlantic Owls,Florida International Panthers,0,0,70.5,29.5,31.0,24.0,55.0,84.0,31.0,115.0,game,ML,Florida International,,,polymarketus,365.0,—,—,,Loss,,miss,,,,—,,
2026-09-19T22:48:56.970275+00:00,cfb,2026,3,401862771,40186277134,1,13:13,(13:18) #91 R.Chandley punt 56 yards to the FIU19 #2 M.Anderson return 3 yards to the FIU22 (#60 A.Meredith-Smith; #35 T.Nunez) PENALTY FIU Illegal Block in Back (#20 K.Ingram) 10 yards from FIU22 to FIU12,4,19,FAU 25,25,0,Florida Atlantic Owls,Florida International Panthers,0,0,70.5,29.5,31.0,24.0,55.0,84.0,31.0,115.0,game,ML,Florida Atlantic,,,polymarketus,-377.0,—,—,,Loss,,miss,-27.2,,,—,,
2026-09-19T22:48:56.970275+00:00,cfb,2026,3,401862771,40186277142,1,13:06,(13:09) No Huddle-Shotgun #17 J.Kohl pass incomplete deep left to #13 T.Carter thrown to FIU40,1,10,FIU 11,89,0,Florida Atlantic Owls,Florida International Panthers,0,0,70.5,29.5,31.0,24.0,55.0,84.0,31.0,115.0,game,Spread,Florida International,,8.5,kalshi,-258.0,-3.3,—,,0,,hit,,,,-3.8,,
2026-09-19T22:48:56.970275+00:00,cfb,2026,3,401862771,40186277142,1,13:06,(13:09) No Huddle-Shotgun #17 J.Kohl pass incomplete deep left to #13 T.Carter thrown to FIU40,1,10,FIU 11,89,0,Florida Atlantic Owls,Florida International Panthers,0,0,70.5,29.5,31.0,24.0,55.0,84.0,31.0,115.0,game,Spread,Florida Atlantic,,-8.5,kalshi,-118.0,-3.3,—,,0,,miss,,,,-3.8,,
2026-09-19T22:48:56.970275+00:00,cfb,2026,3,401862771,40186277142,1,13:06,(13:09) No Huddle-Shotgun #17 J.Kohl pass incomplete deep left to #13 T.Carter thrown to FIU40,1,10,FIU 11,89,0,Florida Atlantic Owls,Florida International Panthers,0,0,70.5,29.5,31.0,24.0,55.0,84.0,31.0,115.0,game,Total,Over,,52.5,kalshi,-300.0,60.9,-221,0.688,0.0,,miss,,,,62.5,,
2026-09-19T22:48:56.970275+00:00,cfb,2026,3,401862771,40186277142,1,13:06,(13:09) No Huddle-Shotgun #17 J.Kohl pass incomplete deep left to #13 T.Carter thrown to FIU40,1,10,FIU 11,89,0,Florida Atlantic Owls,Florida International Panthers,0,0,70.5,29.5,31.0,24.0,55.0,84.0,31.0,115.0,game,Total,Under,,52.5,kalshi,-123.0,60.9,+221,0.312,0.0,,hit,,,,62.5,,
2026-09-19T22:48:56.970275+00:00,cfb,2026,3,401862771,40186277142,1,13:06,(13:09) No Huddle-Shotgun #17 J.Kohl pass incomplete deep left to #13 T.Carter thrown to FIU40,1,10,FIU 11,89,0,Florida Atlantic Owls,Florida International Panthers,0,0,70.5,29.5,31.0,24.0,55.0,84.0,31.0,115.0,game,ML,Florida International,,,polymarketus,365.0,—,—,,Loss,,miss,,,,—,,
2026-09-19T22:48:56.970275+00:00,cfb,2026,3,401862771,40186277142,1,13:06,(13:09) No Huddle-Shotgun #17 J.Kohl pass incomplete deep left to #13 T.Carter thrown to FIU40,1,10,FIU 11,89,0,Florida Atlantic Owls,Florida International Panthers,0,0,70.5,29.5,31.0,24.0,55.0,84.0,31.0,115.0,game,ML,Florida Atlantic,,,polymarketus,-377.0,—,—,,Loss,,miss,-26.9,,,—,,
2026-09-19T22:48:56.970275+00:00,cfb,2026,3,401862771,40186277145,1,12:38,"(12:50) No Huddle-Shotgun #17 J.Kohl pass complete short middle to #2 M.Anderson caught at FIU27, for 20 yards to the FIU31 (#4 D.McGhee), 1ST DOWN",2,10,FIU 11,89,0,Florida Atlantic Owls,Florida International Panthers,0,0,70.5,29.5,31.0,24.0,55.0,84.0,31.0,115.0,game,Spread,Florida International,,8.5,kalshi,-258.0,-3.2,—,,0,,hit,,,,-3.8,,
2026-09-19T22:48:56.970275+00:00,cfb,2026,3,401862771,40186277145,1,12:38,"(12:50) No Huddle-Shotgun #17 J.Kohl pass complete short middle to #2 M.Anderson caught at FIU27, for 20 yards to the FIU31 (#4 D.McGhee), 1ST DOWN",2,10,FIU 11,89,0,Florida Atlantic Owls,Florida International Panthers,0,0,70.5,29.5,31.0,24.0,55.0,84.0,31.0,115.0,game,Spread,Florida Atlantic,,-8.5,kalshi,-118.0,-3.2,—,,0,,miss,,,,-3.8,,
2026-09-19T22:48:56.970275+00:00,cfb,2026,3,401862771,40186277145,1,12:38,"(12:50) No Huddle-Shotgun #17 J.Kohl pass complete short middle to #2 M.Anderson caught at FIU27, for 20 yards to the FIU31 (#4 D.McGhee), 1ST DOWN",2,10,FIU 11,89,0,Florida Atlantic Owls,Florida International Panthers,0,0,70.5,29.5,31.0,24.0,55.0,84.0,31.0,115.0,game,Total,Over,,52.5,kalshi,-300.0,60.6,-213,0.6807,0.0,,miss,,,,62.5,,
2026-09-19T22:48:56.970275+00:00,cfb,2026,3,401862771,40186277145,1,12:38,"(12:50) No Huddle-Shotgun #17 J.Kohl pass complete short middle to #2 M.Anderson caught at FIU27, for 20 yards to the FIU31 (#4 D.McGhee), 1ST DOWN",2,10,FIU 11,89,0,Florida Atlantic Owls,Florida International Panthers,0,0,70.5,29.5,31.0,24.0,55.0,84.0,31.0,115.0,game,Total,Under,,52.5,kalshi,-123.0,60.6,+213,0.3193,0.0,,hit,,,,62.5,,
2026-09-19T22:48:56.970275+00:00,cfb,2026,3,401862771,40186277145,1,12:38,"(12:50) No Huddle-Shotgun #17 J.Kohl pass complete short middle to #2 M.Anderson caught at FIU27, for 20 yards to the FIU31 (#4 D.McGhee), 1ST DOWN",2,10,FIU 11,89,0,Florida Atlantic Owls,Florida International Panthers,0,0,70.5,29.5,31.0,24.0,55.0,84.0,31.0,115.0,game,ML,Florida International,,,polymarketus,365.0,—,—,,Loss,,miss,,,,—,,
2026-09-19T22:48:56.970275+00:00,cfb,2026,3,401862771,40186277145,1,12:38,"(12:50) No Huddle-Shotgun #17 J.Kohl pass complete short middle to #2 M.Anderson caught at FIU27, for 20 yards to the FIU31 (#4 D.McGhee), 1ST DOWN",2,10,FIU 11,89,0,Florida Atlantic Owls,Florida International Panthers,0,0,70.5,29.5,31.0,24.0,55.0,84.0,31.0,115.0,game,ML,Florida Atlantic,,,polymarketus,-377.0,—,—,,Loss,,miss,-27.2,,,—,,
2026-09-19T22:48:56.970275+00:00,cfb,2026,3,401862771,40186277150,1,12:22,"(12:32) Shotgun #17 J.Kohl pass complete short right to #2 M.Anderson caught at FIU39, for 9 yards to the FIU40 (#20 B.Simpson-Nealy)",1,10,FIU 31,69,0,Florida Atlantic Owls,Florida International Panthers,0,0,70.5,29.5,31.0,24.0,55.0,84.0,31.0,115.0,game,Spread,Florida International,,8.5,kalshi,-258.0,-3.1,—,,0,,hit,,,,-3.8,,
2026-09-19T22:48:56.970275+00:00,cfb,2026,3,401862771,40186277150,1,12:22,"(12:32) Shotgun #17 J.Kohl pass complete short right to #2 M.Anderson caught at FIU39, for 9 yards to the FIU40 (#20 B.Simpson-Nealy)",1,10,FIU 31,69,0,Florida Atlantic Owls,Florida International Panthers,0,0,70.5,29.5,31.0,24.0,55.0,84.0,31.0,115.0,game,Spread,Florida Atlantic,,-8.5,kalshi,-118.0,-3.1,—,,0,,miss,,,,-3.8,,
2026-09-19T22:48:56.970275+00:00,cfb,2026,3,401862771,40186277150,1,12:22,"(12:32) Shotgun #17 J.Kohl pass complete short right to #2 M.Anderson caught at FIU39, for 9 yards to the FIU40 (#20 B.Simpson-Nealy)",1,10,FIU 31,69,0,Florida Atlantic Owls,Florida International Panthers,0,0,70.5,29.5,31.0,24.0,55.0,84.0,31.0,115.0,game,Total,Over,,52.5,kalshi,-300.0,60.3,-208,0.6757,0.0,,miss,,,,62.5,,
2026-09-19T22:48:56.970275+00:00,cfb,2026,3,401862771,40186277150,1,12:22,"(12:32) Shotgun #17 J.Kohl pass complete short right to #2 M.Anderson caught at FIU39, for 9 yards to the FIU40 (#20 B.Simpson-Nealy)",1,10,FIU 31,69,0,Florida Atlantic Owls,Florida International Panthers,0,0,70.5,29.5,31.0,24.0,55.0,84.0,31.0,115.0,game,Total,Under,,52.5,kalshi,-123.0,60.3,+208,0.3243,0.0,,hit,,,,62.5,,
2026-09-19T22:48:56.970275+00:00,cfb,2026,3,401862771,40186277150,1,12:22,"(12:32) Shotgun #17 J.Kohl pass complete short right to #2 M.Anderson caught at FIU39, for 9 yards to the FIU40 (#20 B.Simpson-Nealy)",1,10,FIU 31,69,0,Florida Atlantic Owls,Florida International Panthers,0,0,70.5,29.5,31.0,24.0,55.0,84.0,31.0,115.0,game,ML,Florida International,,,polymarketus,365.0,—,—,,Loss,,miss,,,,—,,
2026-09-19T22:48:56.970275+00:00,cfb,2026,3,401862771,40186277150,1,12:22,"(12:32) Shotgun #17 J.Kohl pass complete short right to #2 M.Anderson caught at FIU39, for 9 yards to the FIU40 (#20 B.Simpson-Nealy)",1,10,FIU 31,69,0,Florida Atlantic Owls,Florida International Panthers,0,0,70.5,29.5,31.0,24.0,55.0,84.0,31.0,115.0,game,ML,Florida Atlantic,,,polymarketus,-377.0,—,—,,Loss,,miss,-27.3,,,—,,
2026-09-19T22:48:56.970275+00:00,cfb,2026,3,401862771,40186277155,1,11:53,"(11:53) Shotgun #17 J.Kohl pass intercepted by #9 J.Bax at FAU47 QB hurried by #20 B.Simpson-Nealy, End Of Play",2,1,FIU 40,60,0,Florida Atlantic Owls,Florida International Panthers,0,0,70.5,29.5,31.0,24.0,55.0,84.0,31.0,115.0,game,Spread,Florida International,,8.5,kalshi,-258.0,-3.1,—,,0,,hit,,,,-3.8,,
2026-09-19T22:48:56.970275+00:00,cfb,2026,3,401862771,40186277155,1,11:53,"(11:53) Shotgun #17 J.Kohl pass intercepted by #9 J.Bax at FAU47 QB hurried by #20 B.Simpson-Nealy, End Of Play",2,1,FIU 40,60,0,Florida Atlantic Owls,Florida International Panthers,0,0,70.5,29.5,31.0,24.0,55.0,84.0,31.0,115.0,game,Spread,Florida Atlantic,,-8.5,kalshi,-118.0,-3.1,—,,0,,miss,,,,-3.8,,
2026-09-19T22:48:56.970275+00:00,cfb,2026,3,401862771,40186277155,1,11:53,"(11:53) Shotgun #17 J.Kohl pass intercepted by #9 J.Bax at FAU47 QB hurried by #20 B.Simpson-Nealy, End Of Play",2,1,FIU 40,60,0,Florida Atlantic Owls,Florida International Panthers,0,0,70.5,29.5,31.0,24.0,55.0,84.0,31.0,115.0,game,Total,Over,,52.5,kalshi,-300.0,59.7,-200,0.6667,0.0,,miss,,,,62.5,,
2026-09-19T22:48:56.970275+00:00,cfb,2026,3,401862771,40186277155,1,11:53,"(11:53) Shotgun #17 J.Kohl pass intercepted by #9 J.Bax at FAU47 QB hurried by #20 B.Simpson-Nealy, End Of Play",2,1,FIU 40,60,0,Florida Atlantic Owls,Florida International Panthers,0,0,70.5,29.5,31.0,24.0,55.0,84.0,31.0,115.0,game,Total,Under,,52.5,kalshi,-123.0,59.7,+200,0.3333,0.0,,hit,,,,62.5,,
2026-09-19T22:48:56.970275+00:00,cfb,2026,3,401862771,40186277155,1,11:53,"(11:53) Shotgun #17 J.Kohl pass intercepted by #9 J.Bax at FAU47 QB hurried by #20 B.Simpson-Nealy, End Of Play",2,1,FIU 40,60,0,Florida Atlantic Owls,Florida International Panthers,0,0,70.5,29.5,31.0,24.0,55.0,84.0,31.0,115.0,game,ML,Florida International,,,polymarketus,365.0,—,—,,Loss,,miss,,,,—,,
2026-09-19T22:48:56.970275+00:00,cfb,2026,3,401862771,40186277155,1,11:53,"(11:53) Shotgun #17 J.Kohl pass intercepted by #9 J.Bax at FAU47 QB hurried by #20 B.Simpson-Nealy, End Of Play",2,1,FIU 40,60,0,Florida Atlantic Owls,Florida International Panthers,0,0,70.5,29.5,31.0,24.0,55.0,84.0,31.0,115.0,game,ML,Florida Atlantic,,,polymarketus,-377.0,—,—,,Loss,,miss,-27.2,,,—,,
2026-09-19T22:48:56.970275+00:00,cfb,2026,3,401862771,40186277161,1,11:42,(11:47) No Huddle-Shotgun #28 K.Shields-Dutton rush middle for 8 yards gain to the FIU45 (#99 G.Carter; #97 E.Baldridge),1,10,FAU 47,47,0,Florida Atlantic Owls,Florida International Panthers,0,0,70.5,29.5,31.0,24.0,55.0,84.0,31.0,115.0,game,Spread,Florida International,,8.5,kalshi,-258.0,-3.1,—,,0,,hit,,,,-3.8,,
2026-09-19T22:48:56.970275+00:00,cfb,2026,3,401862771,40186277161,1,11:42,(11:47) No Huddle-Shotgun #28 K.Shields-Dutton rush middle for 8 yards gain to the FIU45 (#99 G.Carter; #97 E.Baldridge),1,10,FAU 47,47,0,Florida Atlantic Owls,Florida International Panthers,0,0,70.5,29.5,31.0,24.0,55.0,84.0,31.0,115.0,game,Spread,Florida Atlantic,,-8.5,kalshi,-118.0,-3.1,—,,0,,miss,,,,-3.8,,
2026-09-19T22:48:56.970275+00:00,cfb,2026,3,401862771,40186277161,1,11:42,(11:47) No Huddle-Shotgun #28 K.Shields-Dutton rush middle for 8 yards gain to the FIU45 (#99 G.Carter; #97 E.Baldridge),1,10,FAU 47,47,0,Florida Atlantic Owls,Florida International Panthers,0,0,70.5,29.5,31.0,24.0,55.0,84.0,31.0,115.0,game,Total,Over,,52.5,kalshi,-300.0,59.5,-206,0.6733,0.0,,miss,,,,62.5,,
2026-09-19T22:48:56.970275+00:00,cfb,2026,3,401862771,40186277161,1,11:42,(11:47) No Huddle-Shotgun #28 K.Shields-Dutton rush middle for 8 yards gain to the FIU45 (#99 G.Carter; #97 E.Baldridge),1,10,FAU 47,47,0,Florida Atlantic Owls,Florida International Panthers,0,0,70.5,29.5,31.0,24.0,55.0,84.0,31.0,115.0,game,Total,Under,,52.5,kalshi,-123.0,59.5,+206,0.3267,0.0,,hit,,,,62.5,,
2026-09-19T22:48:56.970275+00:00,cfb,2026,3,401862771,40186277161,1,11:42,(11:47) No Huddle-Shotgun #28 K.Shields-Dutton rush middle for 8 yards gain to the FIU45 (#99 G.Carter; #97 E.Baldridge),1,10,FAU 47,47,0,Florida Atlantic Owls,Florida International Panthers,0,0,70.5,29.5,31.0,24.0,55.0,84.0,31.0,115.0,game,ML,Florida International,,,polymarketus,365.0,—,—,,Loss,,miss,,,,—,,
2026-09-19T22:48:56.970275+00:00,cfb,2026,3,401862771,40186277161,1,11:42,(11:47) No Huddle-Shotgun #28 K.Shields-Dutton rush middle for 8 yards gain to the FIU45 (#99 G.Carter; #97 E.Baldridge),1,10,FAU 47,47,0,Florida Atlantic Owls,Florida International Panthers,0,0,70.5,29.5,31.0,24.0,55.0,84.0,31.0,115.0,game,ML,Florida Atlantic,,,polymarketus,-377.0,—,—,,Loss,,miss,-27.4,,,—,,
2026-09-19T22:48:56.970275+00:00,cfb,2026,3,401862771,40186277165,1,11:23,(11:27) No Huddle-Shotgun #28 K.Shields-Dutton rush left for 1 yard gain to the FIU44 (#1 S.Sterlin),2,2,FIU 45,55,0,Florida Atlantic Owls,Florida International Panthers,0,0,70.5,29.5,31.0,24.0,55.0,84.0,31.0,115.0,game,Spread,Florida International,,8.5,kalshi,-258.0,-3.1,—,,0,,hit,,,,-3.8,,
2026-09-19T22:48:56.970275+00:00,cfb,2026,3,401862771,40186277165,1,11:23,(11:27) No Huddle-Shotgun #28 K.Shields-Dutton rush left for 1 yard gain to the FIU44 (#1 S.Sterlin),2,2,FIU 45,55,0,Florida Atlantic Owls,Florida International Panthers,0,0,70.5,29.5,31.0,24.0,55.0,84.0,31.0,115.0,game,Spread,Florida Atlantic,,-8.5,kalshi,-118.0,-3.1,—,,0,,miss,,,,-3.8,,
2026-09-19T22:48:56.970275+00:00,cfb,2026,3,401862771,40186277165,1,11:23,(11:27) No Huddle-Shotgun #28 K.Shields-Dutton rush left for 1 yard gain to the FIU44 (#1 S.Sterlin),2,2,FIU 45,55,0,Florida Atlantic Owls,Florida International Panthers,0,0,70.5,29.5,31.0,24.0,55.0,84.0,31.0,115.0,game,Total,Over,,52.5,kalshi,-300.0,59.1,-179,0.641,0.0,,miss,,,,62.5,,
2026-09-19T22:48:56.970275+00:00,cfb,2026,3,401862771,40186277165,1,11:23,(11:27) No Huddle-Shotgun #28 K.Shields-Dutton rush left for 1 yard gain to the FIU44 (#1 S.Sterlin),2,2,FIU 45,55,0,Florida Atlantic Owls,Florida International Panthers,0,0,70.5,29.5,31.0,24.0,55.0,84.0,31.0,115.0,game,Total,Under,,52.5,kalshi,-123.0,59.1,+179,0.359,0.0,,hit,,,,62.5,,
2026-09-19T22:48:56.970275+00:00,cfb,2026,3,401862771,40186277165,1,11:23,(11:27) No Huddle-Shotgun #28 K.Shields-Dutton rush left for 1 yard gain to the FIU44 (#1 S.Sterlin),2,2,FIU 45,55,0,Florida Atlantic Owls,Florida International Panthers,0,0,70.5,29.5,31.0,24.0,55.0,84.0,31.0,115.0,game,ML,Florida International,,,polymarketus,365.0,—,—,,Loss,,miss,,,,—,,
2026-09-19T22:48:56.970275+00:00,cfb,2026,3,401862771,40186277165,1,11:23,(11:27) No Huddle-Shotgun #28 K.Shields-Dutton rush left for 1 yard gain to the FIU44 (#1 S.Sterlin),2,2,FIU 45,55,0,Florida Atlantic Owls,Florida International Panthers,0,0,70.5,29.5,31.0,24.0,55.0,84.0,31.0,115.0,game,ML,Florida Atlantic,,,polymarketus,-377.0,—,—,,Loss,,miss,-27.4,,,—,,
2026-09-19T22:48:56.970275+00:00,cfb,2026,3,401862771,40186277169,1,11:05,"(11:08) No Huddle-Shotgun #28 K.Shields-Dutton rush middle for 2 yards gain to the FIU42 (#99 G.Carter; #3 D.Hill), 1ST DOWN",3,1,FIU 44,56,0,Florida Atlantic Owls,Florida International Panthers,0,0,70.5,29.5,31.0,24.0,55.0,84.0,31.0,115.0,game,Spread,Florida International,,8.5,kalshi,-258.0,-3.2,—,,0,,hit,,,,-3.8,,
2026-09-19T22:48:56.970275+00:00,cfb,2026,3,401862771,40186277169,1,11:05,"(11:08) No Huddle-Shotgun #28 K.Shields-Dutton rush middle for 2 yards gain to the FIU42 (#99 G.Carter; #3 D.Hill), 1ST DOWN",3,1,FIU 44,56,0,Florida Atlantic Owls,Florida International Panthers,0,0,70.5,29.5,31.0,24.0,55.0,84.0,31.0,115.0,game,Spread,Florida Atlantic,,-8.5,kalshi,-118.0,-3.2,—,,0,,miss,,,,-3.8,,
2026-09-19T22:48:56.970275+00:00,cfb,2026,3,401862771,40186277169,1,11:05,"(11:08) No Huddle-Shotgun #28 K.Shields-Dutton rush middle for 2 yards gain to the FIU42 (#99 G.Carter; #3 D.Hill), 1ST DOWN",3,1,FIU 44,56,0,Florida Atlantic Owls,Florida International Panthers,0,0,70.5,29.5,31.0,24.0,55.0,84.0,31.0,115.0,game,Total,Over,,52.5,kalshi,-300.0,58.6,-174,0.635,0.0,,miss,,,,62.5,,
2026-09-19T22:48:56.970275+00:00,cfb,2026,3,401862771,40186277169,1,11:05,"(11:08) No Huddle-Shotgun #28 K.Shields-Dutton rush middle for 2 yards gain to the FIU42 (#99 G.Carter; #3 D.Hill), 1ST DOWN",3,1,FIU 44,56,0,Florida Atlantic Owls,Florida International Panthers,0,0,70.5,29.5,31.0,24.0,55.0,84.0,31.0,115.0,game,Total,Under,,52.5,kalshi,-123.0,58.6,+174,0.365,0.0,,hit,,,,62.5,,
2026-09-19T22:48:56.970275+00:00,cfb,2026,3,401862771,40186277169,1,11:05,"(11:08) No Huddle-Shotgun #28 K.Shields-Dutton rush middle for 2 yards gain to the FIU42 (#99 G.Carter; #3 D.Hill), 1ST DOWN",3,1,FIU 44,56,0,Florida Atlantic Owls,Florida International Panthers,0,0,70.5,29.5,31.0,24.0,55.0,84.0,31.0,115.0,game,ML,Florida International,,,polymarketus,365.0,—,—,,Loss,,miss,,,,—,,
2026-09-19T22:48:56.970275+00:00,cfb,2026,3,401862771,40186277169,1,11:05,"(11:08) No Huddle-Shotgun #28 K.Shields-Dutton rush middle for 2 yards gain to the FIU42 (#99 G.Carter; #3 D.Hill), 1ST DOWN",3,1,FIU 44,56,0,Florida Atlantic Owls,Florida International Panthers,0,0,70.5,29.5,31.0,24.0,55.0,84.0,31.0,115.0,game,ML,Florida Atlantic,,,polymarketus,-377.0,—,—,,Loss,,miss,-27.3,,,—,,
2026-09-19T22:48:56.970275+00:00,cfb,2026,3,401862771,40186277173,1,10:35,(10:39) No Huddle-Shotgun #28 K.Shields-Dutton rush right for 1 yard gain to the FIU41 (#16 N.Watson),1,10,FIU 42,58,0,Florida Atlantic Owls,Florida International Panthers,0,0,70.5,29.5,31.0,24.0,55.0,84.0,31.0,115.0,game,Spread,Florida International,,8.5,kalshi,-258.0,-3.0,—,,0,,hit,,,,-3.8,,
2026-09-19T22:48:56.970275+00:00,cfb,2026,3,401862771,40186277173,1,10:35,(10:39) No Huddle-Shotgun #28 K.Shields-Dutton rush right for 1 yard gain to the FIU41 (#16 N.Watson),1,10,FIU 42,58,0,Florida Atlantic Owls,Florida International Panthers,0,0,70.5,29.5,31.0,24.0,55.0,84.0,31.0,115.0,game,Spread,Florida Atlantic,,-8.5,kalshi,-118.0,-3.0,—,,0,,miss,,,,-3.8,,
2026-09-19T22:48:56.970275+00:00,cfb,2026,3,401862771,40186277173,1,10:35,(10:39) No Huddle-Shotgun #28 K.Shields-Dutton rush right for 1 yard gain to the FIU41 (#16 N.Watson),1,10,FIU 42,58,0,Florida Atlantic Owls,Florida International Panthers,0,0,70.5,29.5,31.0,24.0,55.0,84.0,31.0,115.0,game,Total,Over,,52.5,kalshi,-300.0,58,-166,0.6247,0.0,,miss,,,,62.5,,
2026-09-19T22:48:56.970275+00:00,cfb,2026,3,401862771,40186277173,1,10:35,(10:39) No Huddle-Shotgun #28 K.Shields-Dutton rush right for 1 yard gain to the FIU41 (#16 N.Watson),1,10,FIU 42,58,0,Florida Atlantic Owls,Florida International Panthers,0,0,70.5,29.5,31.0,24.0,55.0,84.0,31.0,115.0,game,Total,Under,,52.5,kalshi,-123.0,58,+166,0.3753,0.0,,hit,,,,62.5,,
2026-09-19T22:48:56.970275+00:00,cfb,2026,3,401862771,40186277173,1,10:35,(10:39) No Huddle-Shotgun #28 K.Shields-Dutton rush right for 1 yard gain to the FIU41 (#16 N.Watson),1,10,FIU 42,58,0,Florida Atlantic Owls,Florida International Panthers,0,0,70.5,29.5,31.0,24.0,55.0,84.0,31.0,115.0,game,ML,Florida International,,,polymarketus,365.0,—,—,,Loss,,miss,,,,—,,
2026-09-19T22:48:56.970275+00:00,cfb,2026,3,401862771,40186277173,1,10:35,(10:39) No Huddle-Shotgun #28 K.Shields-Dutton rush right for 1 yard gain to the FIU41 (#16 N.Watson),1,10,FIU 42,58,0,Florida Atlantic Owls,Florida International Panthers,0,0,70.5,29.5,31.0,24.0,55.0,84.0,31.0,115.0,game,ML,Florida Atlantic,,,polymarketus,-377.0,—,—,,Loss,,miss,-27.4,,,—,,
2026-09-19T22:48:56.970275+00:00,cfb,2026,3,401862771,40186277177,1,9:56,"(10:01) No Huddle-Shotgun #10 C.Veltkamp pass complete short middle to #2 K.Valsin caught at FIU30, for 15 yards to the FIU26 (#1 S.Sterlin), 1ST DOWN",2,9,FIU 41,59,0,Florida Atlantic Owls,Florida International Panthers,0,0,70.5,29.5,31.0,24.0,55.0,84.0,31.0,115.0,game,Spread,Florida International,,8.5,kalshi,-109.0,-3.0,—,,0,,hit,,,,-3.8,,
2026-09-19T22:48:56.970275+00:00,cfb,2026,3,401862771,40186277177,1,9:56,"(10:01) No Huddle-Shotgun #10 C.Veltkamp pass complete short middle to #2 K.Valsin caught at FIU30, for 15 yards to the FIU26 (#1 S.Sterlin), 1ST DOWN",2,9,FIU 41,59,0,Florida Atlantic Owls,Florida International Panthers,0,0,70.5,29.5,31.0,24.0,55.0,84.0,31.0,115.0,game,Spread,Florida Atlantic,,-8.5,kalshi,100.0,-3.0,—,,0,,miss,,,,-3.8,,
2026-09-19T22:48:56.970275+00:00,cfb,2026,3,401862771,40186277177,1,9:56,"(10:01) No Huddle-Shotgun #10 C.Veltkamp pass complete short middle to #2 K.Valsin caught at FIU30, for 15 yards to the FIU26 (#1 S.Sterlin), 1ST DOWN",2,9,FIU 41,59,0,Florida Atlantic Owls,Florida International Panthers,0,0,70.5,29.5,31.0,24.0,55.0,84.0,31.0,115.0,game,Total,Over,,58.5,novig,-546.0,57.6,+126,0.4423,0.0,,miss,,,,62.5,,
2026-09-19T22:48:56.970275+00:00,cfb,2026,3,401862771,40186277177,1,9:56,"(10:01) No Huddle-Shotgun #10 C.Veltkamp pass complete short middle to #2 K.Valsin caught at FIU30, for 15 yards to the FIU26 (#1 S.Sterlin), 1ST DOWN",2,9,FIU 41,59,0,Florida Atlantic Owls,Florida International Panthers,0,0,70.5,29.5,31.0,24.0,55.0,84.0,31.0,115.0,game,Total,,,58.5,,,—,—,,0.0,,hit,,,,—,,
2026-09-19T22:48:56.970275+00:00,cfb,2026,3,401862771,40186277177,1,9:56,"(10:01) No Huddle-Shotgun #10 C.Veltkamp pass complete short middle to #2 K.Valsin caught at FIU30, for 15 yards to the FIU26 (#1 S.Sterlin), 1ST DOWN",2,9,FIU 41,59,0,Florida Atlantic Owls,Florida International Panthers,0,0,70.5,29.5,31.0,24.0,55.0,84.0,31.0,115.0,game,ML,Florida Atlantic,,,polymarketus,-355.0,—,—,,Loss,,miss,-26.6,,,—,,
2026-09-19T22:48:56.970275+00:00,cfb,2026,3,401862771,40186277182,1,9:18,(09:21) No Huddle-Shotgun #21 E.Ervin rush right for 2 yards gain to the FIU24 (#8 R.Gadson),1,10,FIU 26,74,0,Florida Atlantic Owls,Florida International Panthers,0,0,70.5,29.5,31.0,24.0,55.0,84.0,31.0,115.0,game,Spread,Florida International,,8.5,kalshi,-109.0,-3.0,—,,0,,hit,,,,-3.8,,
2026-09-19T22:48:56.970275+00:00,cfb,2026,3,401862771,40186277182,1,9:18,(09:21) No Huddle-Shotgun #21 E.Ervin rush right for 2 yards gain to the FIU24 (#8 R.Gadson),1,10,FIU 26,74,0,Florida Atlantic Owls,Florida International Panthers,0,0,70.5,29.5,31.0,24.0,55.0,84.0,31.0,115.0,game,Spread,Florida Atlantic,,-8.5,kalshi,100.0,-3.0,—,,0,,miss,,,,-3.8,,
2026-09-19T22:48:56.970275+00:00,cfb,2026,3,401862771,40186277182,1,9:18,(09:21) No Huddle-Shotgun #21 E.Ervin rush right for 2 yards gain to the FIU24 (#8 R.Gadson),1,10,FIU 26,74,0,Florida Atlantic Owls,Florida International Panthers,0,0,70.5,29.5,31.0,24.0,55.0,84.0,31.0,115.0,game,Total,Over,,58.5,novig,-546.0,57.2,+132,0.4313,0.0,,miss,,,,62.5,,
2026-09-19T22:48:56.970275+00:00,cfb,2026,3,401862771,40186277182,1,9:18,(09:21) No Huddle-Shotgun #21 E.Ervin rush right for 2 yards gain to the FIU24 (#8 R.Gadson),1,10,FIU 26,74,0,Florida Atlantic Owls,Florida International Panthers,0,0,70.5,29.5,31.0,24.0,55.0,84.0,31.0,115.0,game,Total,,,58.5,,,—,—,,0.0,,hit,,,,—,,
2026-09-19T22:48:56.970275+00:00,cfb,2026,3,401862771,40186277182,1,9:18,(09:21) No Huddle-Shotgun #21 E.Ervin rush right for 2 yards gain to the FIU24 (#8 R.Gadson),1,10,FIU 26,74,0,Florida Atlantic Owls,Florida International Panthers,0,0,70.5,29.5,31.0,24.0,55.0,84.0,31.0,115.0,game,ML,Florida Atlantic,,,polymarketus,-355.0,—,—,,Loss,,miss,-26.5,,,—,,
2026-09-19T22:48:56.970275+00:00,cfb,2026,3,401862771,40186277186,1,8:39,(08:39) No Huddle-Shotgun #10 C.Veltkamp sacked for loss of 10 yards to the FIU34 (#33 D.Holmes Jr.) PENALTY FAU Face Mask declined,2,8,FIU 24,76,0,Florida Atlantic Owls,Florida International Panthers,0,0,70.5,29.5,31.0,24.0,55.0,84.0,31.0,115.0,game,Spread,Florida International,,8.5,kalshi,-109.0,-3.1,—,,0,,hit,,,,-3.8,,
2026-09-19T22:48:56.970275+00:00,cfb,2026,3,401862771,40186277186,1,8:39,(08:39) No Huddle-Shotgun #10 C.Veltkamp sacked for loss of 10 yards to the FIU34 (#33 D.Holmes Jr.) PENALTY FAU Face Mask declined,2,8,FIU 24,76,0,Florida Atlantic Owls,Florida International Panthers,0,0,70.5,29.5,31.0,24.0,55.0,84.0,31.0,115.0,game,Spread,Florida Atlantic,,-8.5,kalshi,100.0,-3.1,—,,0,,miss,,,,-3.8,,
2026-09-19T22:48:56.970275+00:00,cfb,2026,3,401862771,40186277186,1,8:39,(08:39) No Huddle-Shotgun #10 C.Veltkamp sacked for loss of 10 yards to the FIU34 (#33 D.Holmes Jr.) PENALTY FAU Face Mask declined,2,8,FIU 24,76,0,Florida Atlantic Owls,Florida International Panthers,0,0,70.5,29.5,31.0,24.0,55.0,84.0,31.0,115.0,game,Total,Over,,58.5,novig,-546.0,56.1,+148,0.404,0.0,,miss,,,,62.5,,
2026-09-19T22:48:56.970275+00:00,cfb,2026,3,401862771,40186277186,1,8:39,(08:39) No Huddle-Shotgun #10 C.Veltkamp sacked for loss of 10 yards to the FIU34 (#33 D.Holmes Jr.) PENALTY FAU Face Mask declined,2,8,FIU 24,76,0,Florida Atlantic Owls,Florida International Panthers,0,0,70.5,29.5,31.0,24.0,55.0,84.0,31.0,115.0,game,Total,,,58.5,,,—,—,,0.0,,hit,,,,—,,
2026-09-19T22:48:56.970275+00:00,cfb,2026,3,401862771,40186277186,1,8:39,(08:39) No Huddle-Shotgun #10 C.Veltkamp sacked for loss of 10 yards to the FIU34 (#33 D.Holmes Jr.) PENALTY FAU Face Mask declined,2,8,FIU 24,76,0,Florida Atlantic Owls,Florida International Panthers,0,0,70.5,29.5,31.0,24.0,55.0,84.0,31.0,115.0,game,ML,Florida Atlantic,,,polymarketus,-355.0,—,—,,Loss,,miss,-26.4,,,—,,
2026-09-19T22:48:56.970275+00:00,cfb,2026,3,401862771,40186277191,1,8:32,PENALTY FAU False Start (#57 J.Nonar) 5 yards from FIU34 to FIU39. NO PLAY,3,18,FIU 34,66,0,Florida Atlantic Owls,Florida International Panthers,0,0,70.5,29.5,31.0,24.0,55.0,84.0,31.0,115.0,game,Spread,Florida International,,8.5,kalshi,-109.0,-3.0,—,,0,,hit,,,,-3.8,,
2026-09-19T22:48:56.970275+00:00,cfb,2026,3,401862771,40186277191,1,8:32,PENALTY FAU False Start (#57 J.Nonar) 5 yards from FIU34 to FIU39. NO PLAY,3,18,FIU 34,66,0,Florida Atlantic Owls,Florida International Panthers,0,0,70.5,29.5,31.0,24.0,55.0,84.0,31.0,115.0,game,Spread,Florida Atlantic,,-8.5,kalshi,100.0,-3.0,—,,0,,miss,,,,-3.8,,
2026-09-19T22:48:56.970275+00:00,cfb,2026,3,401862771,40186277191,1,8:32,PENALTY FAU False Start (#57 J.Nonar) 5 yards from FIU34 to FIU39. NO PLAY,3,18,FIU 34,66,0,Florida Atlantic Owls,Florida International Panthers,0,0,70.5,29.5,31.0,24.0,55.0,84.0,31.0,115.0,game,Total,Over,,58.5,novig,-546.0,55.6,+158,0.3877,0.0,,miss,,,,62.5,,
2026-09-19T22:48:56.970275+00:00,cfb,2026,3,401862771,40186277191,1,8:32,PENALTY FAU False Start (#57 J.Nonar) 5 yards from FIU34 to FIU39. NO PLAY,3,18,FIU 34,66,0,Florida Atlantic Owls,Florida International Panthers,0,0,70.5,29.5,31.0,24.0,55.0,84.0,31.0,115.0,game,Total,,,58.5,,,—,—,,0.0,,hit,,,,—,,
2026-09-19T22:48:56.970275+00:00,cfb,2026,3,401862771,40186277191,1,8:32,PENALTY FAU False Start (#57 J.Nonar) 5 yards from FIU34 to FIU39. NO PLAY,3,18,FIU 34,66,0,Florida Atlantic Owls,Florida International Panthers,0,0,70.5,29.5,31.0,24.0,55.0,84.0,31.0,115.0,game,ML,Florida Atlantic,,,polymarketus,-355.0,—,—,,Loss,,miss,-26.6,,,—,,
2026-09-19T22:48:56.970275+00:00,cfb,2026,3,401862771,40186277194,1,8:08,(08:10) No Huddle-Shotgun #21 E.Ervin rush middle for 12 yards gain to the FIU27 (#4 W.Miller),3,23,FIU 39,61,0,Florida Atlantic Owls,Florida International Panthers,0,0,70.5,29.5,31.0,24.0,55.0,84.0,31.0,115.0,game,Spread,Florida International,,8.5,kalshi,-109.0,-2.9,—,,0,,hit,,,,-3.8,,
2026-09-19T22:48:56.970275+00:00,cfb,2026,3,401862771,40186277194,1,8:08,(08:10) No Huddle-Shotgun #21 E.Ervin rush middle for 12 yards gain to the FIU27 (#4 W.Miller),3,23,FIU 39,61,0,Florida Atlantic Owls,Florida International Panthers,0,0,70.5,29.5,31.0,24.0,55.0,84.0,31.0,115.0,game,Spread,Florida Atlantic,,-8.5,kalshi,100.0,-2.9,—,,0,,miss,,,,-3.8,,
2026-09-19T22:48:56.970275+00:00,cfb,2026,3,401862771,40186277194,1,8:08,(08:10) No Huddle-Shotgun #21 E.Ervin rush middle for 12 yards gain to the FIU27 (#4 W.Miller),3,23,FIU 39,61,0,Florida Atlantic Owls,Florida International Panthers,0,0,70.5,29.5,31.0,24.0,55.0,84.0,31.0,115.0,game,Total,Over,,58.5,novig,-546.0,55.7,+153,0.395,0.0,,miss,,,,62.5,,
2026-09-19T22:48:56.970275+00:00,cfb,2026,3,401862771,40186277194,1,8:08,(08:10) No Huddle-Shotgun #21 E.Ervin rush middle for 12 yards gain to the FIU27 (#4 W.Miller),3,23,FIU 39,61,0,Florida Atlantic Owls,Florida International Panthers,0,0,70.5,29.5,31.0,24.0,55.0,84.0,31.0,115.0,game,Total,,,58.5,,,—,—,,0.0,,hit,,,,—,,
2026-09-19T22:48:56.970275+00:00,cfb,2026,3,401862771,40186277194,1,8:08,(08:10) No Huddle-Shotgun #21 E.Ervin rush middle for 12 yards gain to the FIU27 (#4 W.Miller),3,23,FIU 39,61,0,Florida Atlantic Owls,Florida International Panthers,0,0,70.5,29.5,31.0,24.0,55.0,84.0,31.0,115.0,game,ML,Florida Atlantic,,,polymarketus,-355.0,—,—,,Loss,,miss,-26.9,,,—,,
2026-09-19T22:48:56.970275+00:00,cfb,2026,3,401862771,40186277198,1,7:34,"(07:34) #41 C.Rogers field goal attempt from 45 yards NO GOOD (H: #91 R.Chandley, LS: #54 W.Adkinson), clock 07:34",4,11,FIU 27,73,0,Florida Atlantic Owls,Florida International Panthers,0,0,70.5,29.5,31.0,24.0,55.0,84.0,31.0,115.0,game,Spread,Florida International,,8.5,kalshi,-109.0,-2.7,—,,0,,hit,,,,-3.8,,
2026-09-19T22:48:56.970275+00:00,cfb,2026,3,401862771,40186277198,1,7:34,"(07:34) #41 C.Rogers field goal attempt from 45 yards NO GOOD (H: #91 R.Chandley, LS: #54 W.Adkinson), clock 07:34",4,11,FIU 27,73,0,Florida Atlantic Owls,Florida International Panthers,0,0,70.5,29.5,31.0,24.0,55.0,84.0,31.0,115.0,game,Spread,Florida Atlantic,,-8.5,kalshi,100.0,-2.7,—,,0,,miss,,,,-3.8,,
2026-09-19T22:48:56.970275+00:00,cfb,2026,3,401862771,40186277198,1,7:34,"(07:34) #41 C.Rogers field goal attempt from 45 yards NO GOOD (H: #91 R.Chandley, LS: #54 W.Adkinson), clock 07:34",4,11,FIU 27,73,0,Florida Atlantic Owls,Florida International Panthers,0,0,70.5,29.5,31.0,24.0,55.0,84.0,31.0,115.0,game,Total,Over,,58.5,novig,-546.0,54.9,+168,0.3737,0.0,,miss,,,,62.5,,
2026-09-19T22:48:56.970275+00:00,cfb,2026,3,401862771,40186277198,1,7:34,"(07:34) #41 C.Rogers field goal attempt from 45 yards NO GOOD (H: #91 R.Chandley, LS: #54 W.Adkinson), clock 07:34",4,11,FIU 27,73,0,Florida Atlantic Owls,Florida International Panthers,0,0,70.5,29.5,31.0,24.0,55.0,84.0,31.0,115.0,game,Total,,,58.5,,,—,—,,0.0,,hit,,,,—,,
2026-09-19T22:48:56.970275+00:00,cfb,2026,3,401862771,40186277198,1,7:34,"(07:34) #41 C.Rogers field goal attempt from 45 yards NO GOOD (H: #91 R.Chandley, LS: #54 W.Adkinson), clock 07:34",4,11,FIU 27,73,0,Florida Atlantic Owls,Florida International Panthers,0,0,70.5,29.5,31.0,24.0,55.0,84.0,31.0,115.0,game,ML,Florida Atlantic,,,polymarketus,-355.0,—,—,,Loss,,miss,-27.1,,,—,,
2026-09-19T22:48:56.970275+00:00,cfb,2026,3,401862771,401862771102,1,7:27,(07:30) Shotgun #1 A.Carrie rush right for 1 yard gain to the FIU28 (#18 J.Sipp Jr.),1,10,FIU 27,73,0,Florida Atlantic Owls,Florida International Panthers,0,0,70.5,29.5,31.0,24.0,55.0,84.0,31.0,115.0,game,Spread,Florida International,,8.5,kalshi,-109.0,-2.9,—,,0,,hit,,,,-3.8,,
2026-09-19T22:48:56.970275+00:00,cfb,2026,3,401862771,401862771102,1,7:27,(07:30) Shotgun #1 A.Carrie rush right for 1 yard gain to the FIU28 (#18 J.Sipp Jr.),1,10,FIU 27,73,0,Florida Atlantic Owls,Florida International Panthers,0,0,70.5,29.5,31.0,24.0,55.0,84.0,31.0,115.0,game,Spread,Florida Atlantic,,-8.5,kalshi,100.0,-2.9,—,,0,,miss,,,,-3.8,,
2026-09-19T22:48:56.970275+00:00,cfb,2026,3,401862771,401862771102,1,7:27,(07:30) Shotgun #1 A.Carrie rush right for 1 yard gain to the FIU28 (#18 J.Sipp Jr.),1,10,FIU 27,73,0,Florida Atlantic Owls,Florida International Panthers,0,0,70.5,29.5,31.0,24.0,55.0,84.0,31.0,115.0,game,Total,Over,,58.5,novig,-546.0,55.1,+160,0.3843,0.0,,miss,,,,62.5,,
2026-09-19T22:48:56.970275+00:00,cfb,2026,3,401862771,401862771102,1,7:27,(07:30) Shotgun #1 A.Carrie rush right for 1 yard gain to the FIU28 (#18 J.Sipp Jr.),1,10,FIU 27,73,0,Florida Atlantic Owls,Florida International Panthers,0,0,70.5,29.5,31.0,24.0,55.0,84.0,31.0,115.0,game,Total,,,58.5,,,—,—,,0.0,,hit,,,,—,,
2026-09-19T22:48:56.970275+00:00,cfb,2026,3,401862771,401862771102,1,7:27,(07:30) Shotgun #1 A.Carrie rush right for 1 yard gain to the FIU28 (#18 J.Sipp Jr.),1,10,FIU 27,73,0,Florida Atlantic Owls,Florida International Panthers,0,0,70.5,29.5,31.0,24.0,55.0,84.0,31.0,115.0,game,ML,Florida Atlantic,,,polymarketus,-355.0,—,—,,Loss,,miss,-26.6,,,—,,
2026-09-19T22:48:56.970275+00:00,cfb,2026,3,401862771,401862771106,1,6:50,"(07:01) Shotgun #17 J.Kohl pass complete short right to #9 J.Verdugo caught at FIU32, for 4 yards to the FIU32 (#27 T.Jackson)",2,9,FIU 28,72,0,Florida Atlantic Owls,Florida International Panthers,0,0,70.5,29.5,31.0,24.0,55.0,84.0,31.0,115.0,game,Spread,Florida International,,8.5,kalshi,-109.0,-2.9,—,,0,,hit,,,,-3.8,,
2026-09-19T22:48:56.970275+00:00,cfb,2026,3,401862771,401862771106,1,6:50,"(07:01) Shotgun #17 J.Kohl pass complete short right to #9 J.Verdugo caught at FIU32, for 4 yards to the FIU32 (#27 T.Jackson)",2,9,FIU 28,72,0,Florida Atlantic Owls,Florida International Panthers,0,0,70.5,29.5,31.0,24.0,55.0,84.0,31.0,115.0,game,Spread,Florida Atlantic,,-8.5,kalshi,100.0,-2.9,—,,0,,miss,,,,-3.8,,
2026-09-19T22:48:56.970275+00:00,cfb,2026,3,401862771,401862771106,1,6:50,"(07:01) Shotgun #17 J.Kohl pass complete short right to #9 J.Verdugo caught at FIU32, for 4 yards to the FIU32 (#27 T.Jackson)",2,9,FIU 28,72,0,Florida Atlantic Owls,Florida International Panthers,0,0,70.5,29.5,31.0,24.0,55.0,84.0,31.0,115.0,game,Total,Over,,58.5,novig,-546.0,54.3,+179,0.359,0.0,,miss,,,,62.5,,
2026-09-19T22:48:56.970275+00:00,cfb,2026,3,401862771,401862771106,1,6:50,"(07:01) Shotgun #17 J.Kohl pass complete short right to #9 J.Verdugo caught at FIU32, for 4 yards to the FIU32 (#27 T.Jackson)",2,9,FIU 28,72,0,Florida Atlantic Owls,Florida International Panthers,0,0,70.5,29.5,31.0,24.0,55.0,84.0,31.0,115.0,game,Total,,,58.5,,,—,—,,0.0,,hit,,,,—,,
2026-09-19T22:48:56.970275+00:00,cfb,2026,3,401862771,401862771106,1,6:50,"(07:01) Shotgun #17 J.Kohl pass complete short right to #9 J.Verdugo caught at FIU32, for 4 yards to the FIU32 (#27 T.Jackson)",2,9,FIU 28,72,0,Florida Atlantic Owls,Florida International Panthers,0,0,70.5,29.5,31.0,24.0,55.0,84.0,31.0,115.0,game,ML,Florida Atlantic,,,polymarketus,-355.0,—,—,,Loss,,miss,-26.9,,,—,,
2026-09-19T22:48:56.970275+00:00,cfb,2026,3,401862771,401862771111,1,6:10,"(06:21) Shotgun #17 J.Kohl pass complete short middle to #1 A.Carrie caught at FIU34, for 9 yards to the FIU41 (#6 L.Hart Jr.; #18 J.Sipp Jr.), 1ST DOWN",3,5,FIU 32,68,0,Florida Atlantic Owls,Florida International Panthers,0,0,70.5,29.5,31.0,24.0,55.0,84.0,31.0,115.0,game,Spread,Florida International,,8.5,kalshi,-109.0,-2.8,—,,0,,hit,,,,-3.8,,
2026-09-19T22:48:56.970275+00:00,cfb,2026,3,401862771,401862771111,1,6:10,"(06:21) Shotgun #17 J.Kohl pass complete short middle to #1 A.Carrie caught at FIU34, for 9 yards to the FIU41 (#6 L.Hart Jr.; #18 J.Sipp Jr.), 1ST DOWN",3,5,FIU 32,68,0,Florida Atlantic Owls,Florida International Panthers,0,0,70.5,29.5,31.0,24.0,55.0,84.0,31.0,115.0,game,Spread,Florida Atlantic,,-8.5,kalshi,100.0,-2.8,—,,0,,miss,,,,-3.8,,
2026-09-19T22:48:56.970275+00:00,cfb,2026,3,401862771,401862771111,1,6:10,"(06:21) Shotgun #17 J.Kohl pass complete short middle to #1 A.Carrie caught at FIU34, for 9 yards to the FIU41 (#6 L.Hart Jr.; #18 J.Sipp Jr.), 1ST DOWN",3,5,FIU 32,68,0,Florida Atlantic Owls,Florida International Panthers,0,0,70.5,29.5,31.0,24.0,55.0,84.0,31.0,115.0,game,Total,Over,,58.5,novig,-546.0,53.6,+205,0.3283,0.0,,miss,,,,62.5,,
2026-09-19T22:48:56.970275+00:00,cfb,2026,3,401862771,401862771111,1,6:10,"(06:21) Shotgun #17 J.Kohl pass complete short middle to #1 A.Carrie caught at FIU34, for 9 yards to the FIU41 (#6 L.Hart Jr.; #18 J.Sipp Jr.), 1ST DOWN",3,5,FIU 32,68,0,Florida Atlantic Owls,Florida International Panthers,0,0,70.5,29.5,31.0,24.0,55.0,84.0,31.0,115.0,game,Total,,,58.5,,,—,—,,0.0,,hit,,,,—,,
2026-09-19T22:48:56.970275+00:00,cfb,2026,3,401862771,401862771111,1,6:10,"(06:21) Shotgun #17 J.Kohl pass complete short middle to #1 A.Carrie caught at FIU34, for 9 yards to the FIU41 (#6 L.Hart Jr.; #18 J.Sipp Jr.), 1ST DOWN",3,5,FIU 32,68,0,Florida Atlantic Owls,Florida International Panthers,0,0,70.5,29.5,31.0,24.0,55.0,84.0,31.0,115.0,game,ML,Florida Atlantic,,,polymarketus,-355.0,—,—,,Loss,,miss,-27.0,,,—,,
2026-09-19T22:48:56.970275+00:00,cfb,2026,3,401862771,401862771116,1,5:41,"(05:48) Shotgun #17 J.Kohl pass complete short left to #0 J.Stone caught at FIU38, for 0 yards to the FIU41 (#2 W.Denaud; #8 C.Tooley III)",1,10,FIU 41,59,0,Florida Atlantic Owls,Florida International Panthers,0,0,70.5,29.5,31.0,24.0,55.0,84.0,31.0,115.0,game,Spread,Florida International,,8.5,kalshi,-109.0,-2.9,—,,0,,hit,,,,-3.8,,
2026-09-19T22:48:56.970275+00:00,cfb,2026,3,401862771,401862771116,1,5:41,"(05:48) Shotgun #17 J.Kohl pass complete short left to #0 J.Stone caught at FIU38, for 0 yards to the FIU41 (#2 W.Denaud; #8 C.Tooley III)",1,10,FIU 41,59,0,Florida Atlantic Owls,Florida International Panthers,0,0,70.5,29.5,31.0,24.0,55.0,84.0,31.0,115.0,game,Spread,Florida Atlantic,,-8.5,kalshi,100.0,-2.9,—,,0,,miss,,,,-3.8,,
2026-09-19T22:48:56.970275+00:00,cfb,2026,3,401862771,401862771116,1,5:41,"(05:48) Shotgun #17 J.Kohl pass complete short left to #0 J.Stone caught at FIU38, for 0 yards to the FIU41 (#2 W.Denaud; #8 C.Tooley III)",1,10,FIU 41,59,0,Florida Atlantic Owls,Florida International Panthers,0,0,70.5,29.5,31.0,24.0,55.0,84.0,31.0,115.0,game,Total,Over,,58.5,novig,-546.0,52.9,+219,0.3137,0.0,,miss,,,,62.5,,
2026-09-19T22:48:56.970275+00:00,cfb,2026,3,401862771,401862771116,1,5:41,"(05:48) Shotgun #17 J.Kohl pass complete short left to #0 J.Stone caught at FIU38, for 0 yards to the FIU41 (#2 W.Denaud; #8 C.Tooley III)",1,10,FIU 41,59,0,Florida Atlantic Owls,Florida International Panthers,0,0,70.5,29.5,31.0,24.0,55.0,84.0,31.0,115.0,game,Total,,,58.5,,,—,—,,0.0,,hit,,,,—,,
2026-09-19T22:48:56.970275+00:00,cfb,2026,3,401862771,401862771116,1,5:41,"(05:48) Shotgun #17 J.Kohl pass complete short left to #0 J.Stone caught at FIU38, for 0 yards to the FIU41 (#2 W.Denaud; #8 C.Tooley III)",1,10,FIU 41,59,0,Florida Atlantic Owls,Florida International Panthers,0,0,70.5,29.5,31.0,24.0,55.0,84.0,31.0,115.0,game,ML,Florida Atlantic,,,polymarketus,-355.0,—,—,,Loss,,miss,-26.9,,,—,,
2026-09-19T22:48:56.970275+00:00,cfb,2026,3,401862771,401862771121,1,5:10,(05:12) #1 A.Carrie rush left for 6 yards gain to the FIU47 (#18 J.Sipp Jr.),2,10,FIU 41,59,0,Florida Atlantic Owls,Florida International Panthers,0,0,70.5,29.5,31.0,24.0,55.0,84.0,31.0,115.0,game,Spread,Florida International,,8.5,kalshi,-109.0,-2.8,—,,0,,hit,,,,-3.8,,
2026-09-19T22:48:56.970275+00:00,cfb,2026,3,401862771,401862771121,1,5:10,(05:12) #1 A.Carrie rush left for 6 yards gain to the FIU47 (#18 J.Sipp Jr.),2,10,FIU 41,59,0,Florida Atlantic Owls,Florida International Panthers,0,0,70.5,29.5,31.0,24.0,55.0,84.0,31.0,115.0,game,Spread,Florida Atlantic,,-8.5,kalshi,100.0,-2.8,—,,0,,miss,,,,-3.8,,
2026-09-19T22:48:56.970275+00:00,cfb,2026,3,401862771,401862771121,1,5:10,(05:12) #1 A.Carrie rush left for 6 yards gain to the FIU47 (#18 J.Sipp Jr.),2,10,FIU 41,59,0,Florida Atlantic Owls,Florida International Panthers,0,0,70.5,29.5,31.0,24.0,55.0,84.0,31.0,115.0,game,Total,Over,,58.5,novig,-546.0,52.6,+211,0.322,0.0,,miss,,,,62.5,,
2026-09-19T22:48:56.970275+00:00,cfb,2026,3,401862771,401862771121,1,5:10,(05:12) #1 A.Carrie rush left for 6 yards gain to the FIU47 (#18 J.Sipp Jr.),2,10,FIU 41,59,0,Florida Atlantic Owls,Florida International Panthers,0,0,70.5,29.5,31.0,24.0,55.0,84.0,31.0,115.0,game,Total,,,58.5,,,—,—,,0.0,,hit,,,,—,,
2026-09-19T22:48:56.970275+00:00,cfb,2026,3,401862771,401862771121,1,5:10,(05:12) #1 A.Carrie rush left for 6 yards gain to the FIU47 (#18 J.Sipp Jr.),2,10,FIU 41,59,0,Florida Atlantic Owls,Florida International Panthers,0,0,70.5,29.5,31.0,24.0,55.0,84.0,31.0,115.0,game,ML,Florida Atlantic,,,polymarketus,-355.0,—,—,,Loss,,miss,-27.0,,,—,,
2026-09-19T22:48:56.970275+00:00,cfb,2026,3,401862771,401862771125,1,4:47,(04:49) #1 A.Carrie rush middle for 1 yard gain to the FIU48 (#18 J.Sipp Jr.; #13 E.Miller Jr.),3,4,FIU 47,53,0,Florida Atlantic Owls,Florida International Panthers,0,0,70.5,29.5,31.0,24.0,55.0,84.0,31.0,115.0,game,Spread,Florida International,,8.5,kalshi,-109.0,-2.8,—,,0,,hit,,,,-3.8,,
2026-09-19T22:48:56.970275+00:00,cfb,2026,3,401862771,401862771125,1,4:47,(04:49) #1 A.Carrie rush middle for 1 yard gain to the FIU48 (#18 J.Sipp Jr.; #13 E.Miller Jr.),3,4,FIU 47,53,0,Florida Atlantic Owls,Florida International Panthers,0,0,70.5,29.5,31.0,24.0,55.0,84.0,31.0,115.0,game,Spread,Florida Atlantic,,-8.5,kalshi,100.0,-2.8,—,,0,,miss,,,,-3.8,,
2026-09-19T22:48:56.970275+00:00,cfb,2026,3,401862771,401862771125,1,4:47,(04:49) #1 A.Carrie rush middle for 1 yard gain to the FIU48 (#18 J.Sipp Jr.; #13 E.Miller Jr.),3,4,FIU 47,53,0,Florida Atlantic Owls,Florida International Panthers,0,0,70.5,29.5,31.0,24.0,55.0,84.0,31.0,115.0,game,Total,Over,,58.5,novig,-546.0,52.4,+225,0.3073,0.0,,miss,,,,62.5,,
2026-09-19T22:48:56.970275+00:00,cfb,2026,3,401862771,401862771125,1,4:47,(04:49) #1 A.Carrie rush middle for 1 yard gain to the FIU48 (#18 J.Sipp Jr.; #13 E.Miller Jr.),3,4,FIU 47,53,0,Florida Atlantic Owls,Florida International Panthers,0,0,70.5,29.5,31.0,24.0,55.0,84.0,31.0,115.0,game,Total,,,58.5,,,—,—,,0.0,,hit,,,,—,,
2026-09-19T22:48:56.970275+00:00,cfb,2026,3,401862771,401862771125,1,4:47,(04:49) #1 A.Carrie rush middle for 1 yard gain to the FIU48 (#18 J.Sipp Jr.; #13 E.Miller Jr.),3,4,FIU 47,53,0,Florida Atlantic Owls,Florida International Panthers,0,0,70.5,29.5,31.0,24.0,55.0,84.0,31.0,115.0,game,ML,Florida Atlantic,,,polymarketus,-355.0,—,—,,Loss,,miss,-26.7,,,—,,
2026-09-19T22:48:56.970275+00:00,cfb,2026,3,401862771,401862771129,1,3:40,"(04:03) #4 J.Resar rush middle for 17 yards gain to the FAU35 (#18 J.Sipp Jr.), 1ST DOWN",4,3,FIU 48,52,0,Florida Atlantic Owls,Florida International Panthers,0,0,70.5,29.5,31.0,24.0,55.0,84.0,31.0,115.0,game,Spread,Florida International,,8.5,kalshi,-109.0,-2.7,—,,0,,hit,,,,-3.8,,
2026-09-19T22:48:56.970275+00:00,cfb,2026,3,401862771,401862771129,1,3:40,"(04:03) #4 J.Resar rush middle for 17 yards gain to the FAU35 (#18 J.Sipp Jr.), 1ST DOWN",4,3,FIU 48,52,0,Florida Atlantic Owls,Florida International Panthers,0,0,70.5,29.5,31.0,24.0,55.0,84.0,31.0,115.0,game,Spread,Florida Atlantic,,-8.5,kalshi,100.0,-2.7,—,,0,,miss,,,,-3.8,,
2026-09-19T22:48:56.970275+00:00,cfb,2026,3,401862771,401862771129,1,3:40,"(04:03) #4 J.Resar rush middle for 17 yards gain to the FAU35 (#18 J.Sipp Jr.), 1ST DOWN",4,3,FIU 48,52,0,Florida Atlantic Owls,Florida International Panthers,0,0,70.5,29.5,31.0,24.0,55.0,84.0,31.0,115.0,game,Total,Over,,58.5,novig,-546.0,51.1,+264,0.2747,0.0,,miss,,,,62.5,,
2026-09-19T22:48:56.970275+00:00,cfb,2026,3,401862771,401862771129,1,3:40,"(04:03) #4 J.Resar rush middle for 17 yards gain to the FAU35 (#18 J.Sipp Jr.), 1ST DOWN",4,3,FIU 48,52,0,Florida Atlantic Owls,Florida International Panthers,0,0,70.5,29.5,31.0,24.0,55.0,84.0,31.0,115.0,game,Total,,,58.5,,,—,—,,0.0,,hit,,,,—,,
2026-09-19T22:48:56.970275+00:00,cfb,2026,3,401862771,401862771129,1,3:40,"(04:03) #4 J.Resar rush middle for 17 yards gain to the FAU35 (#18 J.Sipp Jr.), 1ST DOWN",4,3,FIU 48,52,0,Florida Atlantic Owls,Florida International Panthers,0,0,70.5,29.5,31.0,24.0,55.0,84.0,31.0,115.0,game,ML,Florida Atlantic,,,polymarketus,-355.0,—,—,,Loss,,miss,-26.8,,,—,,
2026-09-19T22:48:56.970275+00:00,cfb,2026,3,401862771,401862771193,1,3:19,(03:19) Shotgun #17 J.Kohl rush middle for 4 yards gain to the FAU31 (#18 J.Sipp Jr.) PENALTY FIU Illegal Block in Back (#8 G.Gaines) 11 yard from FAU35 to FAU46. NO PLAY,1,10,FAU 35,35,7,Florida Atlantic Owls,Florida International Panthers,7,0,70.5,29.5,31.0,24.0,55.0,84.0,31.0,115.0,game,Spread,Florida International,,8.5,kalshi,-109.0,-10.6,—,,+7,,hit,,,,-3.8,,
2026-09-19T22:48:56.970275+00:00,cfb,2026,3,401862771,401862771193,1,3:19,(03:19) Shotgun #17 J.Kohl rush middle for 4 yards gain to the FAU31 (#18 J.Sipp Jr.) PENALTY FIU Illegal Block in Back (#8 G.Gaines) 11 yard from FAU35 to FAU46. NO PLAY,1,10,FAU 35,35,7,Florida Atlantic Owls,Florida International Panthers,7,0,70.5,29.5,31.0,24.0,55.0,84.0,31.0,115.0,game,Spread,Florida Atlantic,,-8.5,kalshi,100.0,-10.6,—,,+7,,miss,,,,-3.8,,
2026-09-19T22:48:56.970275+00:00,cfb,2026,3,401862771,401862771193,1,3:19,(03:19) Shotgun #17 J.Kohl rush middle for 4 yards gain to the FAU31 (#18 J.Sipp Jr.) PENALTY FIU Illegal Block in Back (#8 G.Gaines) 11 yard from FAU35 to FAU46. NO PLAY,1,10,FAU 35,35,7,Florida Atlantic Owls,Florida International Panthers,7,0,70.5,29.5,31.0,24.0,55.0,84.0,31.0,115.0,game,Total,Over,,58.5,novig,-546.0,57.6,+127,0.4407,7.0,,miss,,,,62.5,,
2026-09-19T22:48:56.970275+00:00,cfb,2026,3,401862771,401862771193,1,3:19,(03:19) Shotgun #17 J.Kohl rush middle for 4 yards gain to the FAU31 (#18 J.Sipp Jr.) PENALTY FIU Illegal Block in Back (#8 G.Gaines) 11 yard from FAU35 to FAU46. NO PLAY,1,10,FAU 35,35,7,Florida Atlantic Owls,Florida International Panthers,7,0,70.5,29.5,31.0,24.0,55.0,84.0,31.0,115.0,game,Total,,,58.5,,,—,—,,7.0,,hit,,,,—,,
2026-09-19T22:48:56.970275+00:00,cfb,2026,3,401862771,401862771193,1,3:19,(03:19) Shotgun #17 J.Kohl rush middle for 4 yards gain to the FAU31 (#18 J.Sipp Jr.) PENALTY FIU Illegal Block in Back (#8 G.Gaines) 11 yard from FAU35 to FAU46. NO PLAY,1,10,FAU 35,35,7,Florida Atlantic Owls,Florida International Panthers,7,0,70.5,29.5,31.0,24.0,55.0,84.0,31.0,115.0,game,ML,Florida Atlantic,,,polymarketus,-355.0,—,—,,Win,,hit,-3.5,,,—,,
2026-09-19T22:48:56.970275+00:00,cfb,2026,3,401862771,401862771138,1,2:46,(02:46) Shotgun #17 J.Kohl pass incomplete short middle thrown to FAU46 broken up by #7 K.Johnson,2,21,FAU 46,46,0,Florida Atlantic Owls,Florida International Panthers,0,0,70.5,29.5,31.0,24.0,55.0,84.0,31.0,115.0,game,Spread,Florida International,,8.5,kalshi,-109.0,-2.8,—,,0,,hit,,,,-3.8,,
2026-09-19T22:48:56.970275+00:00,cfb,2026,3,401862771,401862771138,1,2:46,(02:46) Shotgun #17 J.Kohl pass incomplete short middle thrown to FAU46 broken up by #7 K.Johnson,2,21,FAU 46,46,0,Florida Atlantic Owls,Florida International Panthers,0,0,70.5,29.5,31.0,24.0,55.0,84.0,31.0,115.0,game,Spread,Florida Atlantic,,-8.5,kalshi,100.0,-2.8,—,,0,,miss,,,,-3.8,,
2026-09-19T22:48:56.970275+00:00,cfb,2026,3,401862771,401862771138,1,2:46,(02:46) Shotgun #17 J.Kohl pass incomplete short middle thrown to FAU46 broken up by #7 K.Johnson,2,21,FAU 46,46,0,Florida Atlantic Owls,Florida International Panthers,0,0,70.5,29.5,31.0,24.0,55.0,84.0,31.0,115.0,game,Total,Over,,58.5,novig,-546.0,50.2,+314,0.2417,0.0,,miss,,,,62.5,,
2026-09-19T22:48:56.970275+00:00,cfb,2026,3,401862771,401862771138,1,2:46,(02:46) Shotgun #17 J.Kohl pass incomplete short middle thrown to FAU46 broken up by #7 K.Johnson,2,21,FAU 46,46,0,Florida Atlantic Owls,Florida International Panthers,0,0,70.5,29.5,31.0,24.0,55.0,84.0,31.0,115.0,game,Total,,,58.5,,,—,—,,0.0,,hit,,,,—,,
2026-09-19T22:48:56.970275+00:00,cfb,2026,3,401862771,401862771138,1,2:46,(02:46) Shotgun #17 J.Kohl pass incomplete short middle thrown to FAU46 broken up by #7 K.Johnson,2,21,FAU 46,46,0,Florida Atlantic Owls,Florida International Panthers,0,0,70.5,29.5,31.0,24.0,55.0,84.0,31.0,115.0,game,ML,Florida Atlantic,,,polymarketus,-355.0,—,—,,Loss,,miss,-26.9,,,—,,
2026-09-19T22:48:56.970275+00:00,cfb,2026,3,401862771,401862771141,1,2:35,"(02:32) Shotgun #17 J.Kohl pass intercepted by #8 C.Tooley III at FAU35 #8 C.Tooley III return 47 yards to the FIU18 (#9 J.Verdugo) PENALTY FIU Personal Foul (#3 D.Lyons) 9 yards from FIU18 to FIU09, 1ST DOWN",3,21,FAU 46,46,0,Florida Atlantic Owls,Florida International Panthers,0,0,70.5,29.5,31.0,24.0,55.0,84.0,31.0,115.0,game,Spread,Florida International,,8.5,kalshi,-109.0,-2.5,—,,0,,hit,,,,-3.8,,
2026-09-19T22:48:56.970275+00:00,cfb,2026,3,401862771,401862771141,1,2:35,"(02:32) Shotgun #17 J.Kohl pass intercepted by #8 C.Tooley III at FAU35 #8 C.Tooley III return 47 yards to the FIU18 (#9 J.Verdugo) PENALTY FIU Personal Foul (#3 D.Lyons) 9 yards from FIU18 to FIU09, 1ST DOWN",3,21,FAU 46,46,0,Florida Atlantic Owls,Florida International Panthers,0,0,70.5,29.5,31.0,24.0,55.0,84.0,31.0,115.0,game,Spread,Florida Atlantic,,-8.5,kalshi,100.0,-2.5,—,,0,,miss,,,,-3.8,,
2026-09-19T22:48:56.970275+00:00,cfb,2026,3,401862771,401862771141,1,2:35,"(02:32) Shotgun #17 J.Kohl pass intercepted by #8 C.Tooley III at FAU35 #8 C.Tooley III return 47 yards to the FIU18 (#9 J.Verdugo) PENALTY FIU Personal Foul (#3 D.Lyons) 9 yards from FIU18 to FIU09, 1ST DOWN",3,21,FAU 46,46,0,Florida Atlantic Owls,Florida International Panthers,0,0,70.5,29.5,31.0,24.0,55.0,84.0,31.0,115.0,game,Total,Over,,58.5,novig,-546.0,49.7,+317,0.24,0.0,,miss,,,,62.5,,
2026-09-19T22:48:56.970275+00:00,cfb,2026,3,401862771,401862771141,1,2:35,"(02:32) Shotgun #17 J.Kohl pass intercepted by #8 C.Tooley III at FAU35 #8 C.Tooley III return 47 yards to the FIU18 (#9 J.Verdugo) PENALTY FIU Personal Foul (#3 D.Lyons) 9 yards from FIU18 to FIU09, 1ST DOWN",3,21,FAU 46,46,0,Florida Atlantic Owls,Florida International Panthers,0,0,70.5,29.5,31.0,24.0,55.0,84.0,31.0,115.0,game,Total,,,58.5,,,—,—,,0.0,,hit,,,,—,,
2026-09-19T22:48:56.970275+00:00,cfb,2026,3,401862771,401862771141,1,2:35,"(02:32) Shotgun #17 J.Kohl pass intercepted by #8 C.Tooley III at FAU35 #8 C.Tooley III return 47 yards to the FIU18 (#9 J.Verdugo) PENALTY FIU Personal Foul (#3 D.Lyons) 9 yards from FIU18 to FIU09, 1ST DOWN",3,21,FAU 46,46,0,Florida Atlantic Owls,Florida International Panthers,0,0,70.5,29.5,31.0,24.0,55.0,84.0,31.0,115.0,game,ML,Florida Atlantic,,,polymarketus,-355.0,—,—,,Loss,,miss,-27.4,,,—,,
2026-09-19T22:48:56.970275+00:00,cfb,2026,3,401862771,401862771148,1,2:25,"(02:32) No Huddle-Shotgun #10 C.Veltkamp pass complete short right to #2 K.Valsin caught at FIU09, for 5 yards to the FIU04 (#22 B.Littlejohn; #3 D.Hill)",1,9,FIU 9,91,0,Florida Atlantic Owls,Florida International Panthers,0,0,70.5,29.5,31.0,24.0,55.0,84.0,31.0,115.0,game,Spread,Florida International,,8.5,kalshi,-109.0,-2.7,—,,0,,hit,,,,-3.8,,
2026-09-19T22:48:56.970275+00:00,cfb,2026,3,401862771,401862771148,1,2:25,"(02:32) No Huddle-Shotgun #10 C.Veltkamp pass complete short right to #2 K.Valsin caught at FIU09, for 5 yards to the FIU04 (#22 B.Littlejohn; #3 D.Hill)",1,9,FIU 9,91,0,Florida Atlantic Owls,Florida International Panthers,0,0,70.5,29.5,31.0,24.0,55.0,84.0,31.0,115.0,game,Spread,Florida Atlantic,,-8.5,kalshi,100.0,-2.7,—,,0,,miss,,,,-3.8,,
2026-09-19T22:48:56.970275+00:00,cfb,2026,3,401862771,401862771148,1,2:25,"(02:32) No Huddle-Shotgun #10 C.Veltkamp pass complete short right to #2 K.Valsin caught at FIU09, for 5 yards to the FIU04 (#22 B.Littlejohn; #3 D.Hill)",1,9,FIU 9,91,0,Florida Atlantic Owls,Florida International Panthers,0,0,70.5,29.5,31.0,24.0,55.0,84.0,31.0,115.0,game,Total,Over,,58.5,novig,-546.0,49.7,+318,0.2393,0.0,,miss,,,,62.5,,
2026-09-19T22:48:56.970275+00:00,cfb,2026,3,401862771,401862771148,1,2:25,"(02:32) No Huddle-Shotgun #10 C.Veltkamp pass complete short right to #2 K.Valsin caught at FIU09, for 5 yards to the FIU04 (#22 B.Littlejohn; #3 D.Hill)",1,9,FIU 9,91,0,Florida Atlantic Owls,Florida International Panthers,0,0,70.5,29.5,31.0,24.0,55.0,84.0,31.0,115.0,game,Total,,,58.5,,,—,—,,0.0,,hit,,,,—,,
2026-09-19T22:48:56.970275+00:00,cfb,2026,3,401862771,401862771148,1,2:25,"(02:32) No Huddle-Shotgun #10 C.Veltkamp pass complete short right to #2 K.Valsin caught at FIU09, for 5 yards to the FIU04 (#22 B.Littlejohn; #3 D.Hill)",1,9,FIU 9,91,0,Florida Atlantic Owls,Florida International Panthers,0,0,70.5,29.5,31.0,24.0,55.0,84.0,31.0,115.0,game,ML,Florida Atlantic,,,polymarketus,-355.0,—,—,,Loss,,miss,-27.1,,,—,,
2026-09-19T22:48:56.970275+00:00,cfb,2026,3,401862771,401862771153,1,2:12,"(02:12) No Huddle-Shotgun #5 L.Farrow rush right for 4 yards gain to the FIU00 TOUCHDOWN, clock 02:12 #41 C.Rogers kick attempt good (H: #91 R.Chandley, LS: #54 W.Adkinson)",2,4,FIU 4,96,7,Florida Atlantic Owls,Florida International Panthers,7,0,70.5,29.5,31.0,24.0,55.0,84.0,31.0,115.0,game,Spread,Florida International,,8.5,kalshi,-109.0,-10.3,—,,+7,,hit,,,,-3.8,,
2026-09-19T22:48:56.970275+00:00,cfb,2026,3,401862771,401862771153,1,2:12,"(02:12) No Huddle-Shotgun #5 L.Farrow rush right for 4 yards gain to the FIU00 TOUCHDOWN, clock 02:12 #41 C.Rogers kick attempt good (H: #91 R.Chandley, LS: #54 W.Adkinson)",2,4,FIU 4,96,7,Florida Atlantic Owls,Florida International Panthers,7,0,70.5,29.5,31.0,24.0,55.0,84.0,31.0,115.0,game,Spread,Florida Atlantic,,-8.5,kalshi,100.0,-10.3,—,,+7,,miss,,,,-3.8,,
2026-09-19T22:48:56.970275+00:00,cfb,2026,3,401862771,401862771153,1,2:12,"(02:12) No Huddle-Shotgun #5 L.Farrow rush right for 4 yards gain to the FIU00 TOUCHDOWN, clock 02:12 #41 C.Rogers kick attempt good (H: #91 R.Chandley, LS: #54 W.Adkinson)",2,4,FIU 4,96,7,Florida Atlantic Owls,Florida International Panthers,7,0,70.5,29.5,31.0,24.0,55.0,84.0,31.0,115.0,game,Total,Over,,58.5,novig,-546.0,56.7,+139,0.418,7.0,,miss,,,,62.5,,
2026-09-19T22:48:56.970275+00:00,cfb,2026,3,401862771,401862771153,1,2:12,"(02:12) No Huddle-Shotgun #5 L.Farrow rush right for 4 yards gain to the FIU00 TOUCHDOWN, clock 02:12 #41 C.Rogers kick attempt good (H: #91 R.Chandley, LS: #54 W.Adkinson)",2,4,FIU 4,96,7,Florida Atlantic Owls,Florida International Panthers,7,0,70.5,29.5,31.0,24.0,55.0,84.0,31.0,115.0,game,Total,,,58.5,,,—,—,,7.0,,hit,,,,—,,
2026-09-19T22:48:56.970275+00:00,cfb,2026,3,401862771,401862771153,1,2:12,"(02:12) No Huddle-Shotgun #5 L.Farrow rush right for 4 yards gain to the FIU00 TOUCHDOWN, clock 02:12 #41 C.Rogers kick attempt good (H: #91 R.Chandley, LS: #54 W.Adkinson)",2,4,FIU 4,96,7,Florida Atlantic Owls,Florida International Panthers,7,0,70.5,29.5,31.0,24.0,55.0,84.0,31.0,115.0,game,ML,Florida Atlantic,,,polymarketus,-355.0,—,—,,Win,,hit,-3.8,,,—,,
2026-09-19T22:48:56.970275+00:00,cfb,2026,3,401862771,401862771160,1,2:12,"(02:12) #41 C.Rogers kickoff 65 yards to the FIU00, Touchback",1,10,FAU 45,35,7,Florida Atlantic Owls,Florida International Panthers,7,0,70.5,29.5,31.0,24.0,55.0,84.0,31.0,115.0,game,Spread,Florida International,,8.5,kalshi,-109.0,-10.3,—,,+7,,hit,,,,-3.8,,
2026-09-19T22:48:56.970275+00:00,cfb,2026,3,401862771,401862771160,1,2:12,"(02:12) #41 C.Rogers kickoff 65 yards to the FIU00, Touchback",1,10,FAU 45,35,7,Florida Atlantic Owls,Florida International Panthers,7,0,70.5,29.5,31.0,24.0,55.0,84.0,31.0,115.0,game,Spread,Florida Atlantic,,-8.5,kalshi,100.0,-10.3,—,,+7,,miss,,,,-3.8,,
2026-09-19T22:48:56.970275+00:00,cfb,2026,3,401862771,401862771160,1,2:12,"(02:12) #41 C.Rogers kickoff 65 yards to the FIU00, Touchback",1,10,FAU 45,35,7,Florida Atlantic Owls,Florida International Panthers,7,0,70.5,29.5,31.0,24.0,55.0,84.0,31.0,115.0,game,Total,Over,,58.5,novig,-546.0,56.7,+139,0.418,7.0,,miss,,,,62.5,,
2026-09-19T22:48:56.970275+00:00,cfb,2026,3,401862771,401862771160,1,2:12,"(02:12) #41 C.Rogers kickoff 65 yards to the FIU00, Touchback",1,10,FAU 45,35,7,Florida Atlantic Owls,Florida International Panthers,7,0,70.5,29.5,31.0,24.0,55.0,84.0,31.0,115.0,game,Total,,,58.5,,,—,—,,7.0,,hit,,,,—,,
2026-09-19T22:48:56.970275+00:00,cfb,2026,3,401862771,401862771160,1,2:12,"(02:12) #41 C.Rogers kickoff 65 yards to the FIU00, Touchback",1,10,FAU 45,35,7,Florida Atlantic Owls,Florida International Panthers,7,0,70.5,29.5,31.0,24.0,55.0,84.0,31.0,115.0,game,ML,Florida Atlantic,,,polymarketus,-355.0,—,—,,Win,,hit,-3.8,,,—,,
2026-09-19T22:48:56.970275+00:00,cfb,2026,3,401862771,401862771163,1,2:05,(02:08) #0 J.Stone rush left for 3 yards gain to the FIU28 (#23 J.Johnson; #3 D.Rogers Jr.),1,10,FIU 25,75,7,Florida Atlantic Owls,Florida International Panthers,7,0,70.5,29.5,31.0,24.0,55.0,84.0,31.0,115.0,game,Spread,Florida International,,8.5,kalshi,-109.0,-10.5,—,,+7,,hit,,,,-3.8,,
2026-09-19T22:48:56.970275+00:00,cfb,2026,3,401862771,401862771163,1,2:05,(02:08) #0 J.Stone rush left for 3 yards gain to the FIU28 (#23 J.Johnson; #3 D.Rogers Jr.),1,10,FIU 25,75,7,Florida Atlantic Owls,Florida International Panthers,7,0,70.5,29.5,31.0,24.0,55.0,84.0,31.0,115.0,game,Spread,Florida Atlantic,,-8.5,kalshi,100.0,-10.5,—,,+7,,miss,,,,-3.8,,
2026-09-19T22:48:56.970275+00:00,cfb,2026,3,401862771,401862771163,1,2:05,(02:08) #0 J.Stone rush left for 3 yards gain to the FIU28 (#23 J.Johnson; #3 D.Rogers Jr.),1,10,FIU 25,75,7,Florida Atlantic Owls,Florida International Panthers,7,0,70.5,29.5,31.0,24.0,55.0,84.0,31.0,115.0,game,Total,Over,,58.5,novig,-546.0,56.5,+141,0.4157,7.0,,miss,,,,62.5,,
2026-09-19T22:48:56.970275+00:00,cfb,2026,3,401862771,401862771163,1,2:05,(02:08) #0 J.Stone rush left for 3 yards gain to the FIU28 (#23 J.Johnson; #3 D.Rogers Jr.),1,10,FIU 25,75,7,Florida Atlantic Owls,Florida International Panthers,7,0,70.5,29.5,31.0,24.0,55.0,84.0,31.0,115.0,game,Total,,,58.5,,,—,—,,7.0,,hit,,,,—,,
2026-09-19T22:48:56.970275+00:00,cfb,2026,3,401862771,401862771163,1,2:05,(02:08) #0 J.Stone rush left for 3 yards gain to the FIU28 (#23 J.Johnson; #3 D.Rogers Jr.),1,10,FIU 25,75,7,Florida Atlantic Owls,Florida International Panthers,7,0,70.5,29.5,31.0,24.0,55.0,84.0,31.0,115.0,game,ML,Florida Atlantic,,,polymarketus,-355.0,—,—,,Win,,hit,-3.4,,,—,,
2026-09-19T22:48:56.970275+00:00,cfb,2026,3,401862771,401862771167,1,1:27,(01:30) Shotgun #3 D.Lyons rush middle for 2 yards gain to the FIU30 (#1 C.Doggette Jr.),2,7,FIU 28,72,7,Florida Atlantic Owls,Florida International Panthers,7,0,70.5,29.5,31.0,24.0,55.0,84.0,31.0,115.0,game,Spread,Florida International,,8.5,kalshi,-109.0,-10.6,—,,+7,,hit,,,,-3.8,,
2026-09-19T22:48:56.970275+00:00,cfb,2026,3,401862771,401862771167,1,1:27,(01:30) Shotgun #3 D.Lyons rush middle for 2 yards gain to the FIU30 (#1 C.Doggette Jr.),2,7,FIU 28,72,7,Florida Atlantic Owls,Florida International Panthers,7,0,70.5,29.5,31.0,24.0,55.0,84.0,31.0,115.0,game,Spread,Florida Atlantic,,-8.5,kalshi,100.0,-10.6,—,,+7,,miss,,,,-3.8,,
2026-09-19T22:48:56.970275+00:00,cfb,2026,3,401862771,401862771167,1,1:27,(01:30) Shotgun #3 D.Lyons rush middle for 2 yards gain to the FIU30 (#1 C.Doggette Jr.),2,7,FIU 28,72,7,Florida Atlantic Owls,Florida International Panthers,7,0,70.5,29.5,31.0,24.0,55.0,84.0,31.0,115.0,game,Total,Over,,58.5,novig,-546.0,55.6,+157,0.3893,7.0,,miss,,,,62.5,,
2026-09-19T22:48:56.970275+00:00,cfb,2026,3,401862771,401862771167,1,1:27,(01:30) Shotgun #3 D.Lyons rush middle for 2 yards gain to the FIU30 (#1 C.Doggette Jr.),2,7,FIU 28,72,7,Florida Atlantic Owls,Florida International Panthers,7,0,70.5,29.5,31.0,24.0,55.0,84.0,31.0,115.0,game,Total,,,58.5,,,—,—,,7.0,,hit,,,,—,,
2026-09-19T22:48:56.970275+00:00,cfb,2026,3,401862771,401862771167,1,1:27,(01:30) Shotgun #3 D.Lyons rush middle for 2 yards gain to the FIU30 (#1 C.Doggette Jr.),2,7,FIU 28,72,7,Florida Atlantic Owls,Florida International Panthers,7,0,70.5,29.5,31.0,24.0,55.0,84.0,31.0,115.0,game,ML,Florida Atlantic,,,polymarketus,-355.0,—,—,,Win,,hit,-3.2,,,—,,
2026-09-19T22:48:56.970275+00:00,cfb,2026,3,401862771,401862771171,1,0:52,(00:56) Shotgun #17 J.Kohl pass intercepted by #20 B.Simpson-Nealy at FIU30 #20 B.Simpson-Nealy return 2 yards to the FIU28 (#2 M.Anderson),3,5,FIU 30,70,7,Florida Atlantic Owls,Florida International Panthers,7,0,70.5,29.5,31.0,24.0,55.0,84.0,31.0,115.0,game,Spread,Florida International,,8.5,kalshi,-109.0,-10.3,—,,+7,,hit,,,,-3.8,,
2026-09-19T22:48:56.970275+00:00,cfb,2026,3,401862771,401862771171,1,0:52,(00:56) Shotgun #17 J.Kohl pass intercepted by #20 B.Simpson-Nealy at FIU30 #20 B.Simpson-Nealy return 2 yards to the FIU28 (#2 M.Anderson),3,5,FIU 30,70,7,Florida Atlantic Owls,Florida International Panthers,7,0,70.5,29.5,31.0,24.0,55.0,84.0,31.0,115.0,game,Spread,Florida Atlantic,,-8.5,kalshi,100.0,-10.3,—,,+7,,miss,,,,-3.8,,
2026-09-19T22:48:56.970275+00:00,cfb,2026,3,401862771,401862771171,1,0:52,(00:56) Shotgun #17 J.Kohl pass intercepted by #20 B.Simpson-Nealy at FIU30 #20 B.Simpson-Nealy return 2 yards to the FIU28 (#2 M.Anderson),3,5,FIU 30,70,7,Florida Atlantic Owls,Florida International Panthers,7,0,70.5,29.5,31.0,24.0,55.0,84.0,31.0,115.0,game,Total,Over,,58.5,novig,-546.0,55.1,+171,0.3697,7.0,,miss,,,,62.5,,
2026-09-19T22:48:56.970275+00:00,cfb,2026,3,401862771,401862771171,1,0:52,(00:56) Shotgun #17 J.Kohl pass intercepted by #20 B.Simpson-Nealy at FIU30 #20 B.Simpson-Nealy return 2 yards to the FIU28 (#2 M.Anderson),3,5,FIU 30,70,7,Florida Atlantic Owls,Florida International Panthers,7,0,70.5,29.5,31.0,24.0,55.0,84.0,31.0,115.0,game,Total,,,58.5,,,—,—,,7.0,,hit,,,,—,,
2026-09-19T22:48:56.970275+00:00,cfb,2026,3,401862771,401862771171,1,0:52,(00:56) Shotgun #17 J.Kohl pass intercepted by #20 B.Simpson-Nealy at FIU30 #20 B.Simpson-Nealy return 2 yards to the FIU28 (#2 M.Anderson),3,5,FIU 30,70,7,Florida Atlantic Owls,Florida International Panthers,7,0,70.5,29.5,31.0,24.0,55.0,84.0,31.0,115.0,game,ML,Florida Atlantic,,,polymarketus,-355.0,—,—,,Win,,hit,-3.8,,,—,,
2026-09-19T22:48:56.970275+00:00,cfb,2026,3,401862771,401862771178,1,0:44,(00:48) No Huddle-Shotgun #5 L.Farrow rush right for 4 yards gain to the FIU24 (#4 W.Miller; #8 R.Gadson),1,10,FIU 28,72,7,Florida Atlantic Owls,Florida International Panthers,7,0,70.5,29.5,31.0,24.0,55.0,84.0,31.0,115.0,game,Spread,Florida International,,8.5,kalshi,-109.0,-10.4,—,,+7,,hit,,,,-3.8,,
2026-09-19T22:48:56.970275+00:00,cfb,2026,3,401862771,401862771178,1,0:44,(00:48) No Huddle-Shotgun #5 L.Farrow rush right for 4 yards gain to the FIU24 (#4 W.Miller; #8 R.Gadson),1,10,FIU 28,72,7,Florida Atlantic Owls,Florida International Panthers,7,0,70.5,29.5,31.0,24.0,55.0,84.0,31.0,115.0,game,Spread,Florida Atlantic,,-8.5,kalshi,100.0,-10.4,—,,+7,,miss,,,,-3.8,,
2026-09-19T22:48:56.970275+00:00,cfb,2026,3,401862771,401862771178,1,0:44,(00:48) No Huddle-Shotgun #5 L.Farrow rush right for 4 yards gain to the FIU24 (#4 W.Miller; #8 R.Gadson),1,10,FIU 28,72,7,Florida Atlantic Owls,Florida International Panthers,7,0,70.5,29.5,31.0,24.0,55.0,84.0,31.0,115.0,game,Total,Over,,58.5,novig,-546.0,55,+174,0.3653,7.0,,miss,,,,62.5,,
2026-09-19T22:48:56.970275+00:00,cfb,2026,3,401862771,401862771178,1,0:44,(00:48) No Huddle-Shotgun #5 L.Farrow rush right for 4 yards gain to the FIU24 (#4 W.Miller; #8 R.Gadson),1,10,FIU 28,72,7,Florida Atlantic Owls,Florida International Panthers,7,0,70.5,29.5,31.0,24.0,55.0,84.0,31.0,115.0,game,Total,,,58.5,,,—,—,,7.0,,hit,,,,—,,
2026-09-19T22:48:56.970275+00:00,cfb,2026,3,401862771,401862771178,1,0:44,(00:48) No Huddle-Shotgun #5 L.Farrow rush right for 4 yards gain to the FIU24 (#4 W.Miller; #8 R.Gadson),1,10,FIU 28,72,7,Florida Atlantic Owls,Florida International Panthers,7,0,70.5,29.5,31.0,24.0,55.0,84.0,31.0,115.0,game,ML,Florida Atlantic,,,polymarketus,-355.0,—,—,,Win,,hit,-3.5,,,—,,
2026-09-19T22:48:56.970275+00:00,cfb,2026,3,401862771,401862771182,1,0:11,(00:14) No Huddle-Shotgun #5 L.Farrow rush middle for 4 yards gain to the FIU20 (#2 D.Boykins),2,6,FIU 24,76,7,Florida Atlantic Owls,Florida International Panthers,7,0,70.5,29.5,31.0,24.0,55.0,84.0,31.0,115.0,game,Spread,Florida International,,8.5,kalshi,-109.0,-10.4,—,,+7,,hit,,,,-3.8,,
2026-09-19T22:48:56.970275+00:00,cfb,2026,3,401862771,401862771182,1,0:11,(00:14) No Huddle-Shotgun #5 L.Farrow rush middle for 4 yards gain to the FIU20 (#2 D.Boykins),2,6,FIU 24,76,7,Florida Atlantic Owls,Florida International Panthers,7,0,70.5,29.5,31.0,24.0,55.0,84.0,31.0,115.0,game,Spread,Florida Atlantic,,-8.5,kalshi,100.0,-10.4,—,,+7,,miss,,,,-3.8,,
2026-09-19T22:48:56.970275+00:00,cfb,2026,3,401862771,401862771182,1,0:11,(00:14) No Huddle-Shotgun #5 L.Farrow rush middle for 4 yards gain to the FIU20 (#2 D.Boykins),2,6,FIU 24,76,7,Florida Atlantic Owls,Florida International Panthers,7,0,70.5,29.5,31.0,24.0,55.0,84.0,31.0,115.0,game,Total,Over,,58.5,novig,-546.0,54.2,+187,0.349,7.0,,miss,,,,62.5,,
2026-09-19T22:48:56.970275+00:00,cfb,2026,3,401862771,401862771182,1,0:11,(00:14) No Huddle-Shotgun #5 L.Farrow rush middle for 4 yards gain to the FIU20 (#2 D.Boykins),2,6,FIU 24,76,7,Florida Atlantic Owls,Florida International Panthers,7,0,70.5,29.5,31.0,24.0,55.0,84.0,31.0,115.0,game,Total,,,58.5,,,—,—,,7.0,,hit,,,,—,,
2026-09-19T22:48:56.970275+00:00,cfb,2026,3,401862771,401862771182,1,0:11,(00:14) No Huddle-Shotgun #5 L.Farrow rush middle for 4 yards gain to the FIU20 (#2 D.Boykins),2,6,FIU 24,76,7,Florida Atlantic Owls,Florida International Panthers,7,0,70.5,29.5,31.0,24.0,55.0,84.0,31.0,115.0,game,ML,Florida Atlantic,,,polymarketus,-355.0,—,—,,Win,,hit,-3.2,,,—,,
2026-09-19T22:48:56.970275+00:00,cfb,2026,3,401862771,401862771186,1,0:11,"(00:00) No Huddle-Shotgun #5 L.Farrow rush middle for 2 yards gain to the FIU18 (#33 D.Holmes Jr.; #9 J.Taylor), 1ST DOWN, PENALTY FIU Face Mask (#33 D.Holmes Jr.) 9 yards from FIU18 to FIU09, 1ST DOWN",3,2,FIU 20,80,7,Florida Atlantic Owls,Florida International Panthers,7,0,70.5,29.5,31.0,24.0,55.0,84.0,31.0,115.0,game,Spread,Florida International,,8.5,kalshi,-109.0,-10.4,—,,+7,,hit,,,,-3.8,,
2026-09-19T22:48:56.970275+00:00,cfb,2026,3,401862771,401862771186,1,0:11,"(00:00) No Huddle-Shotgun #5 L.Farrow rush middle for 2 yards gain to the FIU18 (#33 D.Holmes Jr.; #9 J.Taylor), 1ST DOWN, PENALTY FIU Face Mask (#33 D.Holmes Jr.) 9 yards from FIU18 to FIU09, 1ST DOWN",3,2,FIU 20,80,7,Florida Atlantic Owls,Florida International Panthers,7,0,70.5,29.5,31.0,24.0,55.0,84.0,31.0,115.0,game,Spread,Florida Atlantic,,-8.5,kalshi,100.0,-10.4,—,,+7,,miss,,,,-3.8,,
2026-09-19T22:48:56.970275+00:00,cfb,2026,3,401862771,401862771186,1,0:11,"(00:00) No Huddle-Shotgun #5 L.Farrow rush middle for 2 yards gain to the FIU18 (#33 D.Holmes Jr.; #9 J.Taylor), 1ST DOWN, PENALTY FIU Face Mask (#33 D.Holmes Jr.) 9 yards from FIU18 to FIU09, 1ST DOWN",3,2,FIU 20,80,7,Florida Atlantic Owls,Florida International Panthers,7,0,70.5,29.5,31.0,24.0,55.0,84.0,31.0,115.0,game,Total,Over,,58.5,novig,-546.0,54.2,+187,0.349,7.0,,miss,,,,62.5,,
2026-09-19T22:48:56.970275+00:00,cfb,2026,3,401862771,401862771186,1,0:11,"(00:00) No Huddle-Shotgun #5 L.Farrow rush middle for 2 yards gain to the FIU18 (#33 D.Holmes Jr.; #9 J.Taylor), 1ST DOWN, PENALTY FIU Face Mask (#33 D.Holmes Jr.) 9 yards from FIU18 to FIU09, 1ST DOWN",3,2,FIU 20,80,7,Florida Atlantic Owls,Florida International Panthers,7,0,70.5,29.5,31.0,24.0,55.0,84.0,31.0,115.0,game,Total,,,58.5,,,—,—,,7.0,,hit,,,,—,,
2026-09-19T22:48:56.970275+00:00,cfb,2026,3,401862771,401862771186,1,0:11,"(00:00) No Huddle-Shotgun #5 L.Farrow rush middle for 2 yards gain to the FIU18 (#33 D.Holmes Jr.; #9 J.Taylor), 1ST DOWN, PENALTY FIU Face Mask (#33 D.Holmes Jr.) 9 yards from FIU18 to FIU09, 1ST DOWN",3,2,FIU 20,80,7,Florida Atlantic Owls,Florida International Panthers,7,0,70.5,29.5,31.0,24.0,55.0,84.0,31.0,115.0,game,ML,Florida Atlantic,,,polymarketus,-355.0,—,—,,Win,,hit,-3.2,,,—,,
2026-09-19T22:48:56.970275+00:00,cfb,2026,3,401862771,401862771211,1,0:00,End of 1st quarter.,4,6,FAU 45,94,10,Florida Atlantic Owls,Florida International Panthers,10,0,70.5,29.5,31.0,24.0,55.0,84.0,31.0,115.0,game,Spread,Florida International,,8.5,kalshi,-109.0,-14.0,—,,+10,,miss,,,,-3.8,,
2026-09-19T22:48:56.970275+00:00,cfb,2026,3,401862771,401862771211,1,0:00,End of 1st quarter.,4,6,FAU 45,94,10,Florida Atlantic Owls,Florida International Panthers,10,0,70.5,29.5,31.0,24.0,55.0,84.0,31.0,115.0,game,Spread,Florida Atlantic,,-8.5,kalshi,100.0,-14.0,—,,+10,,hit,,,,-3.8,,
2026-09-19T22:48:56.970275+00:00,cfb,2026,3,401862771,401862771211,1,0:00,End of 1st quarter.,4,6,FAU 45,94,10,Florida Atlantic Owls,Florida International Panthers,10,0,70.5,29.5,31.0,24.0,55.0,84.0,31.0,115.0,game,Total,Over,,58.5,novig,-546.0,65,-189,0.6537,10.0,,miss,,,,62.5,,
2026-09-19T22:48:56.970275+00:00,cfb,2026,3,401862771,401862771211,1,0:00,End of 1st quarter.,4,6,FAU 45,94,10,Florida Atlantic Owls,Florida International Panthers,10,0,70.5,29.5,31.0,24.0,55.0,84.0,31.0,115.0,game,Total,,,58.5,,,—,—,,10.0,,hit,,,,—,,
2026-09-19T22:48:56.970275+00:00,cfb,2026,3,401862771,401862771211,1,0:00,End of 1st quarter.,4,6,FAU 45,94,10,Florida Atlantic Owls,Florida International Panthers,10,0,70.5,29.5,31.0,24.0,55.0,84.0,31.0,115.0,game,ML,Florida Atlantic,,,polymarketus,-355.0,—,—,,Win,,hit,3.8,,,—,,
2026-09-19T22:48:56.970275+00:00,cfb,2026,3,401862771,401862771215,2,14:27,"(14:27) #41 C.Rogers kickoff 65 yards to the FIU00, Touchback",1,10,FAU 45,35,10,Florida Atlantic Owls,Florida International Panthers,10,0,70.5,29.5,31.0,24.0,55.0,84.0,31.0,115.0,game,Spread,Florida International,,8.5,kalshi,-109.0,-13.6,—,,+10,,miss,,,,-3.8,,
2026-09-19T22:48:56.970275+00:00,cfb,2026,3,401862771,401862771215,2,14:27,"(14:27) #41 C.Rogers kickoff 65 yards to the FIU00, Touchback",1,10,FAU 45,35,10,Florida Atlantic Owls,Florida International Panthers,10,0,70.5,29.5,31.0,24.0,55.0,84.0,31.0,115.0,game,Spread,Florida Atlantic,,-8.5,kalshi,100.0,-13.6,—,,+10,,hit,,,,-3.8,,
2026-09-19T22:48:56.970275+00:00,cfb,2026,3,401862771,401862771215,2,14:27,"(14:27) #41 C.Rogers kickoff 65 yards to the FIU00, Touchback",1,10,FAU 45,35,10,Florida Atlantic Owls,Florida International Panthers,10,0,70.5,29.5,31.0,24.0,55.0,84.0,31.0,115.0,game,Total,Over,,58.5,novig,-546.0,56.4,+149,0.402,10.0,,miss,,,,62.5,,
2026-09-19T22:48:56.970275+00:00,cfb,2026,3,401862771,401862771215,2,14:27,"(14:27) #41 C.Rogers kickoff 65 yards to the FIU00, Touchback",1,10,FAU 45,35,10,Florida Atlantic Owls,Florida International Panthers,10,0,70.5,29.5,31.0,24.0,55.0,84.0,31.0,115.0,game,Total,,,58.5,,,—,—,,10.0,,hit,,,,—,,
2026-09-19T22:48:56.970275+00:00,cfb,2026,3,401862771,401862771215,2,14:27,"(14:27) #41 C.Rogers kickoff 65 yards to the FIU00, Touchback",1,10,FAU 45,35,10,Florida Atlantic Owls,Florida International Panthers,10,0,70.5,29.5,31.0,24.0,55.0,84.0,31.0,115.0,game,ML,Florida Atlantic,,,polymarketus,-355.0,—,—,,Win,,hit,5.1,,,—,,
2026-09-19T22:48:56.970275+00:00,cfb,2026,3,401862771,401862771220,2,14:16,(14:24) Shotgun #1 A.Carrie rush left for 0 yards to the FIU25 (#19 T.Rooks),1,10,FIU 25,75,10,Florida Atlantic Owls,Florida International Panthers,10,0,70.5,29.5,31.0,24.0,55.0,84.0,31.0,115.0,game,Spread,Florida International,,8.5,kalshi,-109.0,-13.7,—,,+10,,miss,,,,-3.8,,
2026-09-19T22:48:56.970275+00:00,cfb,2026,3,401862771,401862771220,2,14:16,(14:24) Shotgun #1 A.Carrie rush left for 0 yards to the FIU25 (#19 T.Rooks),1,10,FIU 25,75,10,Florida Atlantic Owls,Florida International Panthers,10,0,70.5,29.5,31.0,24.0,55.0,84.0,31.0,115.0,game,Spread,Florida Atlantic,,-8.5,kalshi,100.0,-13.7,—,,+10,,hit,,,,-3.8,,
2026-09-19T22:48:56.970275+00:00,cfb,2026,3,401862771,401862771220,2,14:16,(14:24) Shotgun #1 A.Carrie rush left for 0 yards to the FIU25 (#19 T.Rooks),1,10,FIU 25,75,10,Florida Atlantic Owls,Florida International Panthers,10,0,70.5,29.5,31.0,24.0,55.0,84.0,31.0,115.0,game,Total,Over,,58.5,novig,-546.0,56.7,+141,0.4147,10.0,,miss,,,,62.5,,
2026-09-19T22:48:56.970275+00:00,cfb,2026,3,401862771,401862771220,2,14:16,(14:24) Shotgun #1 A.Carrie rush left for 0 yards to the FIU25 (#19 T.Rooks),1,10,FIU 25,75,10,Florida Atlantic Owls,Florida International Panthers,10,0,70.5,29.5,31.0,24.0,55.0,84.0,31.0,115.0,game,Total,,,58.5,,,—,—,,10.0,,hit,,,,—,,
2026-09-19T22:48:56.970275+00:00,cfb,2026,3,401862771,401862771220,2,14:16,(14:24) Shotgun #1 A.Carrie rush left for 0 yards to the FIU25 (#19 T.Rooks),1,10,FIU 25,75,10,Florida Atlantic Owls,Florida International Panthers,10,0,70.5,29.5,31.0,24.0,55.0,84.0,31.0,115.0,game,ML,Florida Atlantic,,,polymarketus,-355.0,—,—,,Win,,hit,5.0,,,—,,
2026-09-19T22:48:56.970275+00:00,cfb,2026,3,401862771,401862771224,2,13:42,(13:44) Shotgun #1 A.Carrie rush right for 1 yard gain to the FIU26 (#13 E.Miller Jr.),2,10,FIU 25,75,10,Florida Atlantic Owls,Florida International Panthers,10,0,70.5,29.5,31.0,24.0,55.0,84.0,31.0,115.0,game,Spread,Florida International,,8.5,kalshi,-109.0,-13.7,—,,+10,,miss,,,,-3.8,,
2026-09-19T22:48:56.970275+00:00,cfb,2026,3,401862771,401862771224,2,13:42,(13:44) Shotgun #1 A.Carrie rush right for 1 yard gain to the FIU26 (#13 E.Miller Jr.),2,10,FIU 25,75,10,Florida Atlantic Owls,Florida International Panthers,10,0,70.5,29.5,31.0,24.0,55.0,84.0,31.0,115.0,game,Spread,Florida Atlantic,,-8.5,kalshi,100.0,-13.7,—,,+10,,hit,,,,-3.8,,
2026-09-19T22:48:56.970275+00:00,cfb,2026,3,401862771,401862771224,2,13:42,(13:44) Shotgun #1 A.Carrie rush right for 1 yard gain to the FIU26 (#13 E.Miller Jr.),2,10,FIU 25,75,10,Florida Atlantic Owls,Florida International Panthers,10,0,70.5,29.5,31.0,24.0,55.0,84.0,31.0,115.0,game,Total,Over,,58.5,novig,-546.0,56.3,+158,0.3873,10.0,,miss,,,,62.5,,
2026-09-19T22:48:56.970275+00:00,cfb,2026,3,401862771,401862771224,2,13:42,(13:44) Shotgun #1 A.Carrie rush right for 1 yard gain to the FIU26 (#13 E.Miller Jr.),2,10,FIU 25,75,10,Florida Atlantic Owls,Florida International Panthers,10,0,70.5,29.5,31.0,24.0,55.0,84.0,31.0,115.0,game,Total,,,58.5,,,—,—,,10.0,,hit,,,,—,,
2026-09-19T22:48:56.970275+00:00,cfb,2026,3,401862771,401862771224,2,13:42,(13:44) Shotgun #1 A.Carrie rush right for 1 yard gain to the FIU26 (#13 E.Miller Jr.),2,10,FIU 25,75,10,Florida Atlantic Owls,Florida International Panthers,10,0,70.5,29.5,31.0,24.0,55.0,84.0,31.0,115.0,game,ML,Florida Atlantic,,,polymarketus,-355.0,—,—,,Win,,hit,5.3,,,—,,
2026-09-19T22:48:56.970275+00:00,cfb,2026,3,401862771,401862771228,2,12:55,"(13:09) Shotgun #17 J.Kohl pass complete deep left to #0 J.Stone caught at FIU47, for 29 yards to the FAU45 (#0 D.Allen; #20 B.Simpson-Nealy), 1ST DOWN",3,9,FIU 26,74,10,Florida Atlantic Owls,Florida International Panthers,10,0,70.5,29.5,31.0,24.0,55.0,84.0,31.0,115.0,game,Spread,Florida International,,8.5,kalshi,-109.0,-13.7,—,,+10,,miss,,,,-3.8,,
2026-09-19T22:48:56.970275+00:00,cfb,2026,3,401862771,401862771228,2,12:55,"(13:09) Shotgun #17 J.Kohl pass complete deep left to #0 J.Stone caught at FIU47, for 29 yards to the FAU45 (#0 D.Allen; #20 B.Simpson-Nealy), 1ST DOWN",3,9,FIU 26,74,10,Florida Atlantic Owls,Florida International Panthers,10,0,70.5,29.5,31.0,24.0,55.0,84.0,31.0,115.0,game,Spread,Florida Atlantic,,-8.5,kalshi,100.0,-13.7,—,,+10,,hit,,,,-3.8,,
2026-09-19T22:48:56.970275+00:00,cfb,2026,3,401862771,401862771228,2,12:55,"(13:09) Shotgun #17 J.Kohl pass complete deep left to #0 J.Stone caught at FIU47, for 29 yards to the FAU45 (#0 D.Allen; #20 B.Simpson-Nealy), 1ST DOWN",3,9,FIU 26,74,10,Florida Atlantic Owls,Florida International Panthers,10,0,70.5,29.5,31.0,24.0,55.0,84.0,31.0,115.0,game,Total,Over,,58.5,novig,-546.0,54.9,+184,0.3517,10.0,,miss,,,,62.5,,
2026-09-19T22:48:56.970275+00:00,cfb,2026,3,401862771,401862771228,2,12:55,"(13:09) Shotgun #17 J.Kohl pass complete deep left to #0 J.Stone caught at FIU47, for 29 yards to the FAU45 (#0 D.Allen; #20 B.Simpson-Nealy), 1ST DOWN",3,9,FIU 26,74,10,Florida Atlantic Owls,Florida International Panthers,10,0,70.5,29.5,31.0,24.0,55.0,84.0,31.0,115.0,game,Total,,,58.5,,,—,—,,10.0,,hit,,,,—,,
2026-09-19T22:48:56.970275+00:00,cfb,2026,3,401862771,401862771228,2,12:55,"(13:09) Shotgun #17 J.Kohl pass complete deep left to #0 J.Stone caught at FIU47, for 29 yards to the FAU45 (#0 D.Allen; #20 B.Simpson-Nealy), 1ST DOWN",3,9,FIU 26,74,10,Florida Atlantic Owls,Florida International Panthers,10,0,70.5,29.5,31.0,24.0,55.0,84.0,31.0,115.0,game,ML,Florida Atlantic,,,polymarketus,-355.0,—,—,,Win,,hit,5.5,,,—,,
2026-09-19T22:48:56.970275+00:00,cfb,2026,3,401862771,401862771233,2,12:35,(12:41) Shotgun #17 J.Kohl rush right for 0 yards to the FAU45 (#7 K.Johnson),1,10,FAU 45,45,10,Florida Atlantic Owls,Florida International Panthers,10,0,70.5,29.5,31.0,24.0,55.0,84.0,31.0,115.0,game,Spread,Florida International,,8.5,kalshi,-109.0,-13.6,—,,+10,,miss,,,,-3.8,,
2026-09-19T22:48:56.970275+00:00,cfb,2026,3,401862771,401862771233,2,12:35,(12:41) Shotgun #17 J.Kohl rush right for 0 yards to the FAU45 (#7 K.Johnson),1,10,FAU 45,45,10,Florida Atlantic Owls,Florida International Panthers,10,0,70.5,29.5,31.0,24.0,55.0,84.0,31.0,115.0,game,Spread,Florida Atlantic,,-8.5,kalshi,100.0,-13.6,—,,+10,,hit,,,,-3.8,,
2026-09-19T22:48:56.970275+00:00,cfb,2026,3,401862771,401862771233,2,12:35,(12:41) Shotgun #17 J.Kohl rush right for 0 yards to the FAU45 (#7 K.Johnson),1,10,FAU 45,45,10,Florida Atlantic Owls,Florida International Panthers,10,0,70.5,29.5,31.0,24.0,55.0,84.0,31.0,115.0,game,Total,Over,,58.5,novig,-546.0,54.8,+181,0.3563,10.0,,miss,,,,62.5,,
2026-09-19T22:48:56.970275+00:00,cfb,2026,3,401862771,401862771233,2,12:35,(12:41) Shotgun #17 J.Kohl rush right for 0 yards to the FAU45 (#7 K.Johnson),1,10,FAU 45,45,10,Florida Atlantic Owls,Florida International Panthers,10,0,70.5,29.5,31.0,24.0,55.0,84.0,31.0,115.0,game,Total,,,58.5,,,—,—,,10.0,,hit,,,,—,,
2026-09-19T22:48:56.970275+00:00,cfb,2026,3,401862771,401862771233,2,12:35,(12:41) Shotgun #17 J.Kohl rush right for 0 yards to the FAU45 (#7 K.Johnson),1,10,FAU 45,45,10,Florida Atlantic Owls,Florida International Panthers,10,0,70.5,29.5,31.0,24.0,55.0,84.0,31.0,115.0,game,ML,Florida Atlantic,,,polymarketus,-355.0,—,—,,Win,,hit,5.6,,,—,,
2026-09-19T22:48:56.970275+00:00,cfb,2026,3,401862771,401862771237,2,11:56,"(12:02) Shotgun #17 J.Kohl pass complete short right to #4 J.Resar caught at FAU34, for 13 yards to the FAU32 (#24 A.Ware), 1ST DOWN",2,10,FAU 45,45,10,Florida Atlantic Owls,Florida International Panthers,10,0,70.5,29.5,31.0,24.0,55.0,84.0,31.0,115.0,game,Spread,Florida International,,8.5,kalshi,-109.0,-13.4,—,,+10,,miss,,,,-3.8,,
2026-09-19T22:48:56.970275+00:00,cfb,2026,3,401862771,401862771237,2,11:56,"(12:02) Shotgun #17 J.Kohl pass complete short right to #4 J.Resar caught at FAU34, for 13 yards to the FAU32 (#24 A.Ware), 1ST DOWN",2,10,FAU 45,45,10,Florida Atlantic Owls,Florida International Panthers,10,0,70.5,29.5,31.0,24.0,55.0,84.0,31.0,115.0,game,Spread,Florida Atlantic,,-8.5,kalshi,100.0,-13.4,—,,+10,,hit,,,,-3.8,,
2026-09-19T22:48:56.970275+00:00,cfb,2026,3,401862771,401862771237,2,11:56,"(12:02) Shotgun #17 J.Kohl pass complete short right to #4 J.Resar caught at FAU34, for 13 yards to the FAU32 (#24 A.Ware), 1ST DOWN",2,10,FAU 45,45,10,Florida Atlantic Owls,Florida International Panthers,10,0,70.5,29.5,31.0,24.0,55.0,84.0,31.0,115.0,game,Total,Over,,58.5,novig,-546.0,53.8,+211,0.322,10.0,,miss,,,,62.5,,
2026-09-19T22:48:56.970275+00:00,cfb,2026,3,401862771,401862771237,2,11:56,"(12:02) Shotgun #17 J.Kohl pass complete short right to #4 J.Resar caught at FAU34, for 13 yards to the FAU32 (#24 A.Ware), 1ST DOWN",2,10,FAU 45,45,10,Florida Atlantic Owls,Florida International Panthers,10,0,70.5,29.5,31.0,24.0,55.0,84.0,31.0,115.0,game,Total,,,58.5,,,—,—,,10.0,,hit,,,,—,,
2026-09-19T22:48:56.970275+00:00,cfb,2026,3,401862771,401862771237,2,11:56,"(12:02) Shotgun #17 J.Kohl pass complete short right to #4 J.Resar caught at FAU34, for 13 yards to the FAU32 (#24 A.Ware), 1ST DOWN",2,10,FAU 45,45,10,Florida Atlantic Owls,Florida International Panthers,10,0,70.5,29.5,31.0,24.0,55.0,84.0,31.0,115.0,game,ML,Florida Atlantic,,,polymarketus,-355.0,—,—,,Win,,hit,5.4,,,—,,
