captured_at,sport,year,week,event_id,play_id,period,clock,play_text,down,distance,possession,yard_line,score_margin,home,away,home_score,away_score,home_win_prob,away_win_prob,home_pass_yds,home_rush_yds,home_total_yds,away_pass_yds,away_rush_yds,away_total_yds,market_type,market,selection,player,line,book_id,book_price,model_projection,model_price,model_prob,actual_result,actual_stat,bet_result,expected_roi_pct,pregame_line,pregame_book_price,pregame_projection,pregame_capture_at,pregame_capture_type
2026-09-20T19:22:51.890725+00:00,nfl,2026,2,401872933,4018729331,1,15:00,GAME,2,6,ATL 6,6,0,Atlanta Falcons,Carolina Panthers,0,0,0.4,99.6,83.0,110.0,193.0,260.0,53.0,313.0,game,Spread,Atlanta Falcons,,-9.5,novig,140,—,—,,0,,miss,,,,—,,
2026-09-20T19:22:51.890725+00:00,nfl,2026,2,401872933,4018729331,1,15:00,GAME,2,6,ATL 6,6,0,Atlanta Falcons,Carolina Panthers,0,0,0.4,99.6,83.0,110.0,193.0,260.0,53.0,313.0,game,Spread,Atlanta Falcons,,9.5,novig,140,—,—,,0,,hit,,,,—,,
2026-09-20T19:22:51.890725+00:00,nfl,2026,2,401872933,4018729331,1,15:00,GAME,2,6,ATL 6,6,0,Atlanta Falcons,Carolina Panthers,0,0,0.4,99.6,83.0,110.0,193.0,260.0,53.0,313.0,game,Total,Over,,43.5,polymarket,108,—,—,,0.0,,miss,,,,—,,
2026-09-20T19:22:51.890725+00:00,nfl,2026,2,401872933,4018729331,1,15:00,GAME,2,6,ATL 6,6,0,Atlanta Falcons,Carolina Panthers,0,0,0.4,99.6,83.0,110.0,193.0,260.0,53.0,313.0,game,Total,Under,,43.5,betfair,1687,—,—,,0.0,,hit,,,,—,,
2026-09-20T19:22:51.890725+00:00,nfl,2026,2,401872933,4018729331,1,15:00,GAME,2,6,ATL 6,6,0,Atlanta Falcons,Carolina Panthers,0,0,0.4,99.6,83.0,110.0,193.0,260.0,53.0,313.0,game,ML,Carolina Panthers,,,pinnacle,-7457,—,—,,Loss,,miss,,,,—,,
2026-09-20T19:22:51.890725+00:00,nfl,2026,2,401872933,4018729331,1,15:00,GAME,2,6,ATL 6,6,0,Atlanta Falcons,Carolina Panthers,0,0,0.4,99.6,83.0,110.0,193.0,260.0,53.0,313.0,game,ML,Atlanta Falcons,,,kalshi,9900,—,—,,Loss,,miss,,,,—,,
2026-09-20T19:22:51.890725+00:00,nfl,2026,2,401872933,40187293340,1,15:00,"R.Fitzgerald kicks 65 yards from CAR 35 to landing zone to end zone, Touchback to the ATL 20.",2,6,ATL 6,65,0,Atlanta Falcons,Carolina Panthers,0,0,0.4,99.6,83.0,110.0,193.0,260.0,53.0,313.0,game,Spread,Atlanta Falcons,,-9.5,novig,140,—,—,,0,,miss,,,,—,,
2026-09-20T19:22:51.890725+00:00,nfl,2026,2,401872933,40187293340,1,15:00,"R.Fitzgerald kicks 65 yards from CAR 35 to landing zone to end zone, Touchback to the ATL 20.",2,6,ATL 6,65,0,Atlanta Falcons,Carolina Panthers,0,0,0.4,99.6,83.0,110.0,193.0,260.0,53.0,313.0,game,Spread,Atlanta Falcons,,9.5,novig,140,—,—,,0,,hit,,,,—,,
2026-09-20T19:22:51.890725+00:00,nfl,2026,2,401872933,40187293340,1,15:00,"R.Fitzgerald kicks 65 yards from CAR 35 to landing zone to end zone, Touchback to the ATL 20.",2,6,ATL 6,65,0,Atlanta Falcons,Carolina Panthers,0,0,0.4,99.6,83.0,110.0,193.0,260.0,53.0,313.0,game,Total,Over,,43.5,polymarket,108,—,—,,0.0,,miss,,,,—,,
2026-09-20T19:22:51.890725+00:00,nfl,2026,2,401872933,40187293340,1,15:00,"R.Fitzgerald kicks 65 yards from CAR 35 to landing zone to end zone, Touchback to the ATL 20.",2,6,ATL 6,65,0,Atlanta Falcons,Carolina Panthers,0,0,0.4,99.6,83.0,110.0,193.0,260.0,53.0,313.0,game,Total,Under,,43.5,betfair,1687,—,—,,0.0,,hit,,,,—,,
2026-09-20T19:22:51.890725+00:00,nfl,2026,2,401872933,40187293340,1,15:00,"R.Fitzgerald kicks 65 yards from CAR 35 to landing zone to end zone, Touchback to the ATL 20.",2,6,ATL 6,65,0,Atlanta Falcons,Carolina Panthers,0,0,0.4,99.6,83.0,110.0,193.0,260.0,53.0,313.0,game,ML,Carolina Panthers,,,pinnacle,-7457,—,—,,Loss,,miss,,,,—,,
2026-09-20T19:22:51.890725+00:00,nfl,2026,2,401872933,40187293340,1,15:00,"R.Fitzgerald kicks 65 yards from CAR 35 to landing zone to end zone, Touchback to the ATL 20.",2,6,ATL 6,65,0,Atlanta Falcons,Carolina Panthers,0,0,0.4,99.6,83.0,110.0,193.0,260.0,53.0,313.0,game,ML,Atlanta Falcons,,,kalshi,9900,—,—,,Loss,,miss,,,,—,,
2026-09-20T19:22:51.890725+00:00,nfl,2026,2,401872933,40187293357,1,15:00,"C.Rush scrambles right end to ATL 29 for 9 yards (Z.Wheatley). FUMBLES (Z.Wheatley), RECOVERED by CAR-N.Scott at ATL 35. The Replay Official reviewed the runner was not down by contact ruling, and the play was Upheld. The ruling on the field stands.",1,10,ATL 20,20,0,Atlanta Falcons,Carolina Panthers,0,0,0.4,99.6,83.0,110.0,193.0,260.0,53.0,313.0,game,Spread,Atlanta Falcons,,-9.5,novig,140,—,—,,0,,miss,,,,—,,
2026-09-20T19:22:51.890725+00:00,nfl,2026,2,401872933,40187293357,1,15:00,"C.Rush scrambles right end to ATL 29 for 9 yards (Z.Wheatley). FUMBLES (Z.Wheatley), RECOVERED by CAR-N.Scott at ATL 35. The Replay Official reviewed the runner was not down by contact ruling, and the play was Upheld. The ruling on the field stands.",1,10,ATL 20,20,0,Atlanta Falcons,Carolina Panthers,0,0,0.4,99.6,83.0,110.0,193.0,260.0,53.0,313.0,game,Spread,Atlanta Falcons,,9.5,novig,140,—,—,,0,,hit,,,,—,,
2026-09-20T19:22:51.890725+00:00,nfl,2026,2,401872933,40187293357,1,15:00,"C.Rush scrambles right end to ATL 29 for 9 yards (Z.Wheatley). FUMBLES (Z.Wheatley), RECOVERED by CAR-N.Scott at ATL 35. The Replay Official reviewed the runner was not down by contact ruling, and the play was Upheld. The ruling on the field stands.",1,10,ATL 20,20,0,Atlanta Falcons,Carolina Panthers,0,0,0.4,99.6,83.0,110.0,193.0,260.0,53.0,313.0,game,Total,Over,,43.5,polymarket,108,—,—,,0.0,,miss,,,,—,,
2026-09-20T19:22:51.890725+00:00,nfl,2026,2,401872933,40187293357,1,15:00,"C.Rush scrambles right end to ATL 29 for 9 yards (Z.Wheatley). FUMBLES (Z.Wheatley), RECOVERED by CAR-N.Scott at ATL 35. The Replay Official reviewed the runner was not down by contact ruling, and the play was Upheld. The ruling on the field stands.",1,10,ATL 20,20,0,Atlanta Falcons,Carolina Panthers,0,0,0.4,99.6,83.0,110.0,193.0,260.0,53.0,313.0,game,Total,Under,,43.5,betfair,1687,—,—,,0.0,,hit,,,,—,,
2026-09-20T19:22:51.890725+00:00,nfl,2026,2,401872933,40187293357,1,15:00,"C.Rush scrambles right end to ATL 29 for 9 yards (Z.Wheatley). FUMBLES (Z.Wheatley), RECOVERED by CAR-N.Scott at ATL 35. The Replay Official reviewed the runner was not down by contact ruling, and the play was Upheld. The ruling on the field stands.",1,10,ATL 20,20,0,Atlanta Falcons,Carolina Panthers,0,0,0.4,99.6,83.0,110.0,193.0,260.0,53.0,313.0,game,ML,Carolina Panthers,,,pinnacle,-7457,—,—,,Loss,,miss,,,,—,,
2026-09-20T19:22:51.890725+00:00,nfl,2026,2,401872933,40187293357,1,15:00,"C.Rush scrambles right end to ATL 29 for 9 yards (Z.Wheatley). FUMBLES (Z.Wheatley), RECOVERED by CAR-N.Scott at ATL 35. The Replay Official reviewed the runner was not down by contact ruling, and the play was Upheld. The ruling on the field stands.",1,10,ATL 20,20,0,Atlanta Falcons,Carolina Panthers,0,0,0.4,99.6,83.0,110.0,193.0,260.0,53.0,313.0,game,ML,Atlanta Falcons,,,kalshi,9900,—,—,,Loss,,miss,,,,—,,
2026-09-20T19:22:51.890725+00:00,nfl,2026,2,401872933,401872933137,1,14:30,(Shotgun) B.Young pass short right to C.Hubbard to ATL 27 for 8 yards (M.Smith; M.Hughes).,1,10,ATL 35,35,0,Atlanta Falcons,Carolina Panthers,0,0,0.4,99.6,83.0,110.0,193.0,260.0,53.0,313.0,game,Spread,Atlanta Falcons,,-9.5,novig,140,—,—,,0,,miss,,,,—,,
2026-09-20T19:22:51.890725+00:00,nfl,2026,2,401872933,401872933137,1,14:30,(Shotgun) B.Young pass short right to C.Hubbard to ATL 27 for 8 yards (M.Smith; M.Hughes).,1,10,ATL 35,35,0,Atlanta Falcons,Carolina Panthers,0,0,0.4,99.6,83.0,110.0,193.0,260.0,53.0,313.0,game,Spread,Atlanta Falcons,,9.5,novig,140,—,—,,0,,hit,,,,—,,
2026-09-20T19:22:51.890725+00:00,nfl,2026,2,401872933,401872933137,1,14:30,(Shotgun) B.Young pass short right to C.Hubbard to ATL 27 for 8 yards (M.Smith; M.Hughes).,1,10,ATL 35,35,0,Atlanta Falcons,Carolina Panthers,0,0,0.4,99.6,83.0,110.0,193.0,260.0,53.0,313.0,game,Total,Over,,43.5,polymarket,108,—,—,,0.0,,miss,,,,—,,
2026-09-20T19:22:51.890725+00:00,nfl,2026,2,401872933,401872933137,1,14:30,(Shotgun) B.Young pass short right to C.Hubbard to ATL 27 for 8 yards (M.Smith; M.Hughes).,1,10,ATL 35,35,0,Atlanta Falcons,Carolina Panthers,0,0,0.4,99.6,83.0,110.0,193.0,260.0,53.0,313.0,game,Total,Under,,43.5,betfair,1687,—,—,,0.0,,hit,,,,—,,
2026-09-20T19:22:51.890725+00:00,nfl,2026,2,401872933,401872933137,1,14:30,(Shotgun) B.Young pass short right to C.Hubbard to ATL 27 for 8 yards (M.Smith; M.Hughes).,1,10,ATL 35,35,0,Atlanta Falcons,Carolina Panthers,0,0,0.4,99.6,83.0,110.0,193.0,260.0,53.0,313.0,game,ML,Carolina Panthers,,,pinnacle,-7457,—,—,,Loss,,miss,,,,—,,
2026-09-20T19:22:51.890725+00:00,nfl,2026,2,401872933,401872933137,1,14:30,(Shotgun) B.Young pass short right to C.Hubbard to ATL 27 for 8 yards (M.Smith; M.Hughes).,1,10,ATL 35,35,0,Atlanta Falcons,Carolina Panthers,0,0,0.4,99.6,83.0,110.0,193.0,260.0,53.0,313.0,game,ML,Atlanta Falcons,,,kalshi,9900,—,—,,Loss,,miss,,,,—,,
2026-09-20T19:22:51.890725+00:00,nfl,2026,2,401872933,401872933162,1,13:53,C.Hubbard up the middle to ATL 24 for 3 yards (L.London).,2,2,ATL 27,27,0,Atlanta Falcons,Carolina Panthers,0,0,0.4,99.6,83.0,110.0,193.0,260.0,53.0,313.0,game,Spread,Atlanta Falcons,,-9.5,novig,140,—,—,,0,,miss,,,,—,,
2026-09-20T19:22:51.890725+00:00,nfl,2026,2,401872933,401872933162,1,13:53,C.Hubbard up the middle to ATL 24 for 3 yards (L.London).,2,2,ATL 27,27,0,Atlanta Falcons,Carolina Panthers,0,0,0.4,99.6,83.0,110.0,193.0,260.0,53.0,313.0,game,Spread,Atlanta Falcons,,9.5,novig,140,—,—,,0,,hit,,,,—,,
2026-09-20T19:22:51.890725+00:00,nfl,2026,2,401872933,401872933162,1,13:53,C.Hubbard up the middle to ATL 24 for 3 yards (L.London).,2,2,ATL 27,27,0,Atlanta Falcons,Carolina Panthers,0,0,0.4,99.6,83.0,110.0,193.0,260.0,53.0,313.0,game,Total,Over,,43.5,polymarket,108,—,—,,0.0,,miss,,,,—,,
2026-09-20T19:22:51.890725+00:00,nfl,2026,2,401872933,401872933162,1,13:53,C.Hubbard up the middle to ATL 24 for 3 yards (L.London).,2,2,ATL 27,27,0,Atlanta Falcons,Carolina Panthers,0,0,0.4,99.6,83.0,110.0,193.0,260.0,53.0,313.0,game,Total,Under,,43.5,betfair,1687,—,—,,0.0,,hit,,,,—,,
2026-09-20T19:22:51.890725+00:00,nfl,2026,2,401872933,401872933162,1,13:53,C.Hubbard up the middle to ATL 24 for 3 yards (L.London).,2,2,ATL 27,27,0,Atlanta Falcons,Carolina Panthers,0,0,0.4,99.6,83.0,110.0,193.0,260.0,53.0,313.0,game,ML,Carolina Panthers,,,pinnacle,-7457,—,—,,Loss,,miss,,,,—,,
2026-09-20T19:22:51.890725+00:00,nfl,2026,2,401872933,401872933162,1,13:53,C.Hubbard up the middle to ATL 24 for 3 yards (L.London).,2,2,ATL 27,27,0,Atlanta Falcons,Carolina Panthers,0,0,0.4,99.6,83.0,110.0,193.0,260.0,53.0,313.0,game,ML,Atlanta Falcons,,,kalshi,9900,—,—,,Loss,,miss,,,,—,,
2026-09-20T19:22:51.890725+00:00,nfl,2026,2,401872933,401872933184,1,13:13,"(Shotgun) PENALTY on CAR-R.Hunt, False Start, 5 yards, enforced at ATL 24 - No Play.",1,10,ATL 24,24,0,Atlanta Falcons,Carolina Panthers,0,0,0.4,99.6,83.0,110.0,193.0,260.0,53.0,313.0,game,Spread,Atlanta Falcons,,-9.5,novig,140,—,—,,0,,miss,,,,—,,
2026-09-20T19:22:51.890725+00:00,nfl,2026,2,401872933,401872933184,1,13:13,"(Shotgun) PENALTY on CAR-R.Hunt, False Start, 5 yards, enforced at ATL 24 - No Play.",1,10,ATL 24,24,0,Atlanta Falcons,Carolina Panthers,0,0,0.4,99.6,83.0,110.0,193.0,260.0,53.0,313.0,game,Spread,Atlanta Falcons,,9.5,novig,140,—,—,,0,,hit,,,,—,,
2026-09-20T19:22:51.890725+00:00,nfl,2026,2,401872933,401872933184,1,13:13,"(Shotgun) PENALTY on CAR-R.Hunt, False Start, 5 yards, enforced at ATL 24 - No Play.",1,10,ATL 24,24,0,Atlanta Falcons,Carolina Panthers,0,0,0.4,99.6,83.0,110.0,193.0,260.0,53.0,313.0,game,Total,Over,,43.5,polymarket,108,—,—,,0.0,,miss,,,,—,,
2026-09-20T19:22:51.890725+00:00,nfl,2026,2,401872933,401872933184,1,13:13,"(Shotgun) PENALTY on CAR-R.Hunt, False Start, 5 yards, enforced at ATL 24 - No Play.",1,10,ATL 24,24,0,Atlanta Falcons,Carolina Panthers,0,0,0.4,99.6,83.0,110.0,193.0,260.0,53.0,313.0,game,Total,Under,,43.5,betfair,1687,—,—,,0.0,,hit,,,,—,,
2026-09-20T19:22:51.890725+00:00,nfl,2026,2,401872933,401872933184,1,13:13,"(Shotgun) PENALTY on CAR-R.Hunt, False Start, 5 yards, enforced at ATL 24 - No Play.",1,10,ATL 24,24,0,Atlanta Falcons,Carolina Panthers,0,0,0.4,99.6,83.0,110.0,193.0,260.0,53.0,313.0,game,ML,Carolina Panthers,,,pinnacle,-7457,—,—,,Loss,,miss,,,,—,,
2026-09-20T19:22:51.890725+00:00,nfl,2026,2,401872933,401872933184,1,13:13,"(Shotgun) PENALTY on CAR-R.Hunt, False Start, 5 yards, enforced at ATL 24 - No Play.",1,10,ATL 24,24,0,Atlanta Falcons,Carolina Panthers,0,0,0.4,99.6,83.0,110.0,193.0,260.0,53.0,313.0,game,ML,Atlanta Falcons,,,kalshi,9900,—,—,,Loss,,miss,,,,—,,
2026-09-20T19:22:51.890725+00:00,nfl,2026,2,401872933,401872933208,1,12:56,(Shotgun) B.Young pass short right to J.Coker pushed ob at ATL 21 for 8 yards (J.Bates).,1,15,ATL 29,29,0,Atlanta Falcons,Carolina Panthers,0,0,0.4,99.6,83.0,110.0,193.0,260.0,53.0,313.0,game,Spread,Atlanta Falcons,,-9.5,novig,140,—,—,,0,,miss,,,,—,,
2026-09-20T19:22:51.890725+00:00,nfl,2026,2,401872933,401872933208,1,12:56,(Shotgun) B.Young pass short right to J.Coker pushed ob at ATL 21 for 8 yards (J.Bates).,1,15,ATL 29,29,0,Atlanta Falcons,Carolina Panthers,0,0,0.4,99.6,83.0,110.0,193.0,260.0,53.0,313.0,game,Spread,Atlanta Falcons,,9.5,novig,140,—,—,,0,,hit,,,,—,,
2026-09-20T19:22:51.890725+00:00,nfl,2026,2,401872933,401872933208,1,12:56,(Shotgun) B.Young pass short right to J.Coker pushed ob at ATL 21 for 8 yards (J.Bates).,1,15,ATL 29,29,0,Atlanta Falcons,Carolina Panthers,0,0,0.4,99.6,83.0,110.0,193.0,260.0,53.0,313.0,game,Total,Over,,43.5,polymarket,108,—,—,,0.0,,miss,,,,—,,
2026-09-20T19:22:51.890725+00:00,nfl,2026,2,401872933,401872933208,1,12:56,(Shotgun) B.Young pass short right to J.Coker pushed ob at ATL 21 for 8 yards (J.Bates).,1,15,ATL 29,29,0,Atlanta Falcons,Carolina Panthers,0,0,0.4,99.6,83.0,110.0,193.0,260.0,53.0,313.0,game,Total,Under,,43.5,betfair,1687,—,—,,0.0,,hit,,,,—,,
2026-09-20T19:22:51.890725+00:00,nfl,2026,2,401872933,401872933208,1,12:56,(Shotgun) B.Young pass short right to J.Coker pushed ob at ATL 21 for 8 yards (J.Bates).,1,15,ATL 29,29,0,Atlanta Falcons,Carolina Panthers,0,0,0.4,99.6,83.0,110.0,193.0,260.0,53.0,313.0,game,ML,Carolina Panthers,,,pinnacle,-7457,—,—,,Loss,,miss,,,,—,,
2026-09-20T19:22:51.890725+00:00,nfl,2026,2,401872933,401872933208,1,12:56,(Shotgun) B.Young pass short right to J.Coker pushed ob at ATL 21 for 8 yards (J.Bates).,1,15,ATL 29,29,0,Atlanta Falcons,Carolina Panthers,0,0,0.4,99.6,83.0,110.0,193.0,260.0,53.0,313.0,game,ML,Atlanta Falcons,,,kalshi,9900,—,—,,Loss,,miss,,,,—,,
2026-09-20T19:22:51.890725+00:00,nfl,2026,2,401872933,401872933238,1,12:17,"(Shotgun) B.Young pass incomplete short middle to J.Coker (K.Daniels).PENALTY on CAR-R.Hunt, Illegal Use of Hands, 10 yards, enforced at ATL 21 - No Play.",2,7,ATL 21,21,0,Atlanta Falcons,Carolina Panthers,0,0,0.4,99.6,83.0,110.0,193.0,260.0,53.0,313.0,game,Spread,Atlanta Falcons,,-9.5,novig,140,—,—,,0,,miss,,,,—,,
2026-09-20T19:22:51.890725+00:00,nfl,2026,2,401872933,401872933238,1,12:17,"(Shotgun) B.Young pass incomplete short middle to J.Coker (K.Daniels).PENALTY on CAR-R.Hunt, Illegal Use of Hands, 10 yards, enforced at ATL 21 - No Play.",2,7,ATL 21,21,0,Atlanta Falcons,Carolina Panthers,0,0,0.4,99.6,83.0,110.0,193.0,260.0,53.0,313.0,game,Spread,Atlanta Falcons,,9.5,novig,140,—,—,,0,,hit,,,,—,,
2026-09-20T19:22:51.890725+00:00,nfl,2026,2,401872933,401872933238,1,12:17,"(Shotgun) B.Young pass incomplete short middle to J.Coker (K.Daniels).PENALTY on CAR-R.Hunt, Illegal Use of Hands, 10 yards, enforced at ATL 21 - No Play.",2,7,ATL 21,21,0,Atlanta Falcons,Carolina Panthers,0,0,0.4,99.6,83.0,110.0,193.0,260.0,53.0,313.0,game,Total,Over,,43.5,polymarket,108,—,—,,0.0,,miss,,,,—,,
2026-09-20T19:22:51.890725+00:00,nfl,2026,2,401872933,401872933238,1,12:17,"(Shotgun) B.Young pass incomplete short middle to J.Coker (K.Daniels).PENALTY on CAR-R.Hunt, Illegal Use of Hands, 10 yards, enforced at ATL 21 - No Play.",2,7,ATL 21,21,0,Atlanta Falcons,Carolina Panthers,0,0,0.4,99.6,83.0,110.0,193.0,260.0,53.0,313.0,game,Total,Under,,43.5,betfair,1687,—,—,,0.0,,hit,,,,—,,
2026-09-20T19:22:51.890725+00:00,nfl,2026,2,401872933,401872933238,1,12:17,"(Shotgun) B.Young pass incomplete short middle to J.Coker (K.Daniels).PENALTY on CAR-R.Hunt, Illegal Use of Hands, 10 yards, enforced at ATL 21 - No Play.",2,7,ATL 21,21,0,Atlanta Falcons,Carolina Panthers,0,0,0.4,99.6,83.0,110.0,193.0,260.0,53.0,313.0,game,ML,Carolina Panthers,,,pinnacle,-7457,—,—,,Loss,,miss,,,,—,,
2026-09-20T19:22:51.890725+00:00,nfl,2026,2,401872933,401872933238,1,12:17,"(Shotgun) B.Young pass incomplete short middle to J.Coker (K.Daniels).PENALTY on CAR-R.Hunt, Illegal Use of Hands, 10 yards, enforced at ATL 21 - No Play.",2,7,ATL 21,21,0,Atlanta Falcons,Carolina Panthers,0,0,0.4,99.6,83.0,110.0,193.0,260.0,53.0,313.0,game,ML,Atlanta Falcons,,,kalshi,9900,—,—,,Loss,,miss,,,,—,,
2026-09-20T19:22:51.890725+00:00,nfl,2026,2,401872933,401872933273,1,12:03,"(Shotgun) B.Young pass deep right to T.McMillan to ATL 5 for 26 yards (Aj.Terrell).PENALTY on ATL-G.Dexter, Roughing the Passer, 3 yards, enforced at ATL 5.",2,17,ATL 31,31,0,Atlanta Falcons,Carolina Panthers,0,0,0.4,99.6,83.0,110.0,193.0,260.0,53.0,313.0,game,Spread,Atlanta Falcons,,-9.5,novig,140,—,—,,0,,miss,,,,—,,
2026-09-20T19:22:51.890725+00:00,nfl,2026,2,401872933,401872933273,1,12:03,"(Shotgun) B.Young pass deep right to T.McMillan to ATL 5 for 26 yards (Aj.Terrell).PENALTY on ATL-G.Dexter, Roughing the Passer, 3 yards, enforced at ATL 5.",2,17,ATL 31,31,0,Atlanta Falcons,Carolina Panthers,0,0,0.4,99.6,83.0,110.0,193.0,260.0,53.0,313.0,game,Spread,Atlanta Falcons,,9.5,novig,140,—,—,,0,,hit,,,,—,,
2026-09-20T19:22:51.890725+00:00,nfl,2026,2,401872933,401872933273,1,12:03,"(Shotgun) B.Young pass deep right to T.McMillan to ATL 5 for 26 yards (Aj.Terrell).PENALTY on ATL-G.Dexter, Roughing the Passer, 3 yards, enforced at ATL 5.",2,17,ATL 31,31,0,Atlanta Falcons,Carolina Panthers,0,0,0.4,99.6,83.0,110.0,193.0,260.0,53.0,313.0,game,Total,Over,,43.5,polymarket,108,—,—,,0.0,,miss,,,,—,,
2026-09-20T19:22:51.890725+00:00,nfl,2026,2,401872933,401872933273,1,12:03,"(Shotgun) B.Young pass deep right to T.McMillan to ATL 5 for 26 yards (Aj.Terrell).PENALTY on ATL-G.Dexter, Roughing the Passer, 3 yards, enforced at ATL 5.",2,17,ATL 31,31,0,Atlanta Falcons,Carolina Panthers,0,0,0.4,99.6,83.0,110.0,193.0,260.0,53.0,313.0,game,Total,Under,,43.5,betfair,1687,—,—,,0.0,,hit,,,,—,,
2026-09-20T19:22:51.890725+00:00,nfl,2026,2,401872933,401872933273,1,12:03,"(Shotgun) B.Young pass deep right to T.McMillan to ATL 5 for 26 yards (Aj.Terrell).PENALTY on ATL-G.Dexter, Roughing the Passer, 3 yards, enforced at ATL 5.",2,17,ATL 31,31,0,Atlanta Falcons,Carolina Panthers,0,0,0.4,99.6,83.0,110.0,193.0,260.0,53.0,313.0,game,ML,Carolina Panthers,,,pinnacle,-7457,—,—,,Loss,,miss,,,,—,,
2026-09-20T19:22:51.890725+00:00,nfl,2026,2,401872933,401872933273,1,12:03,"(Shotgun) B.Young pass deep right to T.McMillan to ATL 5 for 26 yards (Aj.Terrell).PENALTY on ATL-G.Dexter, Roughing the Passer, 3 yards, enforced at ATL 5.",2,17,ATL 31,31,0,Atlanta Falcons,Carolina Panthers,0,0,0.4,99.6,83.0,110.0,193.0,260.0,53.0,313.0,game,ML,Atlanta Falcons,,,kalshi,9900,—,—,,Loss,,miss,,,,—,,
2026-09-20T19:22:51.890725+00:00,nfl,2026,2,401872933,401872933309,1,11:39,(Shotgun) B.Young pass incomplete short right to T.McMillan (Aj.Terrell). ATL-Aj.Terrell was injured during the play.,1,2,ATL 2,2,0,Atlanta Falcons,Carolina Panthers,0,0,0.4,99.6,83.0,110.0,193.0,260.0,53.0,313.0,game,Spread,Atlanta Falcons,,-9.5,novig,140,—,—,,0,,miss,,,,—,,
2026-09-20T19:22:51.890725+00:00,nfl,2026,2,401872933,401872933309,1,11:39,(Shotgun) B.Young pass incomplete short right to T.McMillan (Aj.Terrell). ATL-Aj.Terrell was injured during the play.,1,2,ATL 2,2,0,Atlanta Falcons,Carolina Panthers,0,0,0.4,99.6,83.0,110.0,193.0,260.0,53.0,313.0,game,Spread,Atlanta Falcons,,9.5,novig,140,—,—,,0,,hit,,,,—,,
2026-09-20T19:22:51.890725+00:00,nfl,2026,2,401872933,401872933309,1,11:39,(Shotgun) B.Young pass incomplete short right to T.McMillan (Aj.Terrell). ATL-Aj.Terrell was injured during the play.,1,2,ATL 2,2,0,Atlanta Falcons,Carolina Panthers,0,0,0.4,99.6,83.0,110.0,193.0,260.0,53.0,313.0,game,Total,Over,,43.5,polymarket,108,—,—,,0.0,,miss,,,,—,,
2026-09-20T19:22:51.890725+00:00,nfl,2026,2,401872933,401872933309,1,11:39,(Shotgun) B.Young pass incomplete short right to T.McMillan (Aj.Terrell). ATL-Aj.Terrell was injured during the play.,1,2,ATL 2,2,0,Atlanta Falcons,Carolina Panthers,0,0,0.4,99.6,83.0,110.0,193.0,260.0,53.0,313.0,game,Total,Under,,43.5,betfair,1687,—,—,,0.0,,hit,,,,—,,
2026-09-20T19:22:51.890725+00:00,nfl,2026,2,401872933,401872933309,1,11:39,(Shotgun) B.Young pass incomplete short right to T.McMillan (Aj.Terrell). ATL-Aj.Terrell was injured during the play.,1,2,ATL 2,2,0,Atlanta Falcons,Carolina Panthers,0,0,0.4,99.6,83.0,110.0,193.0,260.0,53.0,313.0,game,ML,Carolina Panthers,,,pinnacle,-7457,—,—,,Loss,,miss,,,,—,,
2026-09-20T19:22:51.890725+00:00,nfl,2026,2,401872933,401872933309,1,11:39,(Shotgun) B.Young pass incomplete short right to T.McMillan (Aj.Terrell). ATL-Aj.Terrell was injured during the play.,1,2,ATL 2,2,0,Atlanta Falcons,Carolina Panthers,0,0,0.4,99.6,83.0,110.0,193.0,260.0,53.0,313.0,game,ML,Atlanta Falcons,,,kalshi,9900,—,—,,Loss,,miss,,,,—,,
2026-09-20T19:22:51.890725+00:00,nfl,2026,2,401872933,401872933322,1,11:38,Official Timeout at 11:38.,2,2,ATL 2,2,0,Atlanta Falcons,Carolina Panthers,0,0,0.4,99.6,83.0,110.0,193.0,260.0,53.0,313.0,game,Spread,Atlanta Falcons,,-9.5,novig,140,—,—,,0,,miss,,,,—,,
2026-09-20T19:22:51.890725+00:00,nfl,2026,2,401872933,401872933322,1,11:38,Official Timeout at 11:38.,2,2,ATL 2,2,0,Atlanta Falcons,Carolina Panthers,0,0,0.4,99.6,83.0,110.0,193.0,260.0,53.0,313.0,game,Spread,Atlanta Falcons,,9.5,novig,140,—,—,,0,,hit,,,,—,,
2026-09-20T19:22:51.890725+00:00,nfl,2026,2,401872933,401872933322,1,11:38,Official Timeout at 11:38.,2,2,ATL 2,2,0,Atlanta Falcons,Carolina Panthers,0,0,0.4,99.6,83.0,110.0,193.0,260.0,53.0,313.0,game,Total,Over,,43.5,polymarket,108,—,—,,0.0,,miss,,,,—,,
2026-09-20T19:22:51.890725+00:00,nfl,2026,2,401872933,401872933322,1,11:38,Official Timeout at 11:38.,2,2,ATL 2,2,0,Atlanta Falcons,Carolina Panthers,0,0,0.4,99.6,83.0,110.0,193.0,260.0,53.0,313.0,game,Total,Under,,43.5,betfair,1687,—,—,,0.0,,hit,,,,—,,
2026-09-20T19:22:51.890725+00:00,nfl,2026,2,401872933,401872933322,1,11:38,Official Timeout at 11:38.,2,2,ATL 2,2,0,Atlanta Falcons,Carolina Panthers,0,0,0.4,99.6,83.0,110.0,193.0,260.0,53.0,313.0,game,ML,Carolina Panthers,,,pinnacle,-7457,—,—,,Loss,,miss,,,,—,,
2026-09-20T19:22:51.890725+00:00,nfl,2026,2,401872933,401872933322,1,11:38,Official Timeout at 11:38.,2,2,ATL 2,2,0,Atlanta Falcons,Carolina Panthers,0,0,0.4,99.6,83.0,110.0,193.0,260.0,53.0,313.0,game,ML,Atlanta Falcons,,,kalshi,9900,—,—,,Loss,,miss,,,,—,,
2026-09-20T19:22:51.890725+00:00,nfl,2026,2,401872933,401872933335,1,11:38,"PENALTY on CAR-R.Walker, False Start, 5 yards, enforced at ATL 2 - No Play.",2,2,ATL 2,2,0,Atlanta Falcons,Carolina Panthers,0,0,0.4,99.6,83.0,110.0,193.0,260.0,53.0,313.0,game,Spread,Atlanta Falcons,,-9.5,novig,140,—,—,,0,,miss,,,,—,,
2026-09-20T19:22:51.890725+00:00,nfl,2026,2,401872933,401872933335,1,11:38,"PENALTY on CAR-R.Walker, False Start, 5 yards, enforced at ATL 2 - No Play.",2,2,ATL 2,2,0,Atlanta Falcons,Carolina Panthers,0,0,0.4,99.6,83.0,110.0,193.0,260.0,53.0,313.0,game,Spread,Atlanta Falcons,,9.5,novig,140,—,—,,0,,hit,,,,—,,
2026-09-20T19:22:51.890725+00:00,nfl,2026,2,401872933,401872933335,1,11:38,"PENALTY on CAR-R.Walker, False Start, 5 yards, enforced at ATL 2 - No Play.",2,2,ATL 2,2,0,Atlanta Falcons,Carolina Panthers,0,0,0.4,99.6,83.0,110.0,193.0,260.0,53.0,313.0,game,Total,Over,,43.5,polymarket,108,—,—,,0.0,,miss,,,,—,,
2026-09-20T19:22:51.890725+00:00,nfl,2026,2,401872933,401872933335,1,11:38,"PENALTY on CAR-R.Walker, False Start, 5 yards, enforced at ATL 2 - No Play.",2,2,ATL 2,2,0,Atlanta Falcons,Carolina Panthers,0,0,0.4,99.6,83.0,110.0,193.0,260.0,53.0,313.0,game,Total,Under,,43.5,betfair,1687,—,—,,0.0,,hit,,,,—,,
2026-09-20T19:22:51.890725+00:00,nfl,2026,2,401872933,401872933335,1,11:38,"PENALTY on CAR-R.Walker, False Start, 5 yards, enforced at ATL 2 - No Play.",2,2,ATL 2,2,0,Atlanta Falcons,Carolina Panthers,0,0,0.4,99.6,83.0,110.0,193.0,260.0,53.0,313.0,game,ML,Carolina Panthers,,,pinnacle,-7457,—,—,,Loss,,miss,,,,—,,
2026-09-20T19:22:51.890725+00:00,nfl,2026,2,401872933,401872933335,1,11:38,"PENALTY on CAR-R.Walker, False Start, 5 yards, enforced at ATL 2 - No Play.",2,2,ATL 2,2,0,Atlanta Falcons,Carolina Panthers,0,0,0.4,99.6,83.0,110.0,193.0,260.0,53.0,313.0,game,ML,Atlanta Falcons,,,kalshi,9900,—,—,,Loss,,miss,,,,—,,
2026-09-20T19:22:51.890725+00:00,nfl,2026,2,401872933,401872933366,1,11:38,C.Hubbard up the middle to ATL 3 for 4 yards (M.Smith; L.London).,2,7,ATL 7,7,0,Atlanta Falcons,Carolina Panthers,0,0,0.4,99.6,83.0,110.0,193.0,260.0,53.0,313.0,game,Spread,Atlanta Falcons,,-9.5,novig,140,—,—,,0,,miss,,,,—,,
2026-09-20T19:22:51.890725+00:00,nfl,2026,2,401872933,401872933366,1,11:38,C.Hubbard up the middle to ATL 3 for 4 yards (M.Smith; L.London).,2,7,ATL 7,7,0,Atlanta Falcons,Carolina Panthers,0,0,0.4,99.6,83.0,110.0,193.0,260.0,53.0,313.0,game,Spread,Atlanta Falcons,,9.5,novig,140,—,—,,0,,hit,,,,—,,
2026-09-20T19:22:51.890725+00:00,nfl,2026,2,401872933,401872933366,1,11:38,C.Hubbard up the middle to ATL 3 for 4 yards (M.Smith; L.London).,2,7,ATL 7,7,0,Atlanta Falcons,Carolina Panthers,0,0,0.4,99.6,83.0,110.0,193.0,260.0,53.0,313.0,game,Total,Over,,43.5,polymarket,108,—,—,,0.0,,miss,,,,—,,
2026-09-20T19:22:51.890725+00:00,nfl,2026,2,401872933,401872933366,1,11:38,C.Hubbard up the middle to ATL 3 for 4 yards (M.Smith; L.London).,2,7,ATL 7,7,0,Atlanta Falcons,Carolina Panthers,0,0,0.4,99.6,83.0,110.0,193.0,260.0,53.0,313.0,game,Total,Under,,43.5,betfair,1687,—,—,,0.0,,hit,,,,—,,
2026-09-20T19:22:51.890725+00:00,nfl,2026,2,401872933,401872933366,1,11:38,C.Hubbard up the middle to ATL 3 for 4 yards (M.Smith; L.London).,2,7,ATL 7,7,0,Atlanta Falcons,Carolina Panthers,0,0,0.4,99.6,83.0,110.0,193.0,260.0,53.0,313.0,game,ML,Carolina Panthers,,,pinnacle,-7457,—,—,,Loss,,miss,,,,—,,
2026-09-20T19:22:51.890725+00:00,nfl,2026,2,401872933,401872933366,1,11:38,C.Hubbard up the middle to ATL 3 for 4 yards (M.Smith; L.London).,2,7,ATL 7,7,0,Atlanta Falcons,Carolina Panthers,0,0,0.4,99.6,83.0,110.0,193.0,260.0,53.0,313.0,game,ML,Atlanta Falcons,,,kalshi,9900,—,—,,Loss,,miss,,,,—,,
2026-09-20T19:22:51.890725+00:00,nfl,2026,2,401872933,401872933388,1,10:57,(Shotgun) B.Young pass incomplete short left to J.Coker (C.Henderson).,3,3,ATL 3,3,0,Atlanta Falcons,Carolina Panthers,0,0,0.4,99.6,83.0,110.0,193.0,260.0,53.0,313.0,game,Spread,Atlanta Falcons,,-9.5,novig,140,—,—,,0,,miss,,,,—,,
2026-09-20T19:22:51.890725+00:00,nfl,2026,2,401872933,401872933388,1,10:57,(Shotgun) B.Young pass incomplete short left to J.Coker (C.Henderson).,3,3,ATL 3,3,0,Atlanta Falcons,Carolina Panthers,0,0,0.4,99.6,83.0,110.0,193.0,260.0,53.0,313.0,game,Spread,Atlanta Falcons,,9.5,novig,140,—,—,,0,,hit,,,,—,,
2026-09-20T19:22:51.890725+00:00,nfl,2026,2,401872933,401872933388,1,10:57,(Shotgun) B.Young pass incomplete short left to J.Coker (C.Henderson).,3,3,ATL 3,3,0,Atlanta Falcons,Carolina Panthers,0,0,0.4,99.6,83.0,110.0,193.0,260.0,53.0,313.0,game,Total,Over,,43.5,polymarket,108,—,—,,0.0,,miss,,,,—,,
2026-09-20T19:22:51.890725+00:00,nfl,2026,2,401872933,401872933388,1,10:57,(Shotgun) B.Young pass incomplete short left to J.Coker (C.Henderson).,3,3,ATL 3,3,0,Atlanta Falcons,Carolina Panthers,0,0,0.4,99.6,83.0,110.0,193.0,260.0,53.0,313.0,game,Total,Under,,43.5,betfair,1687,—,—,,0.0,,hit,,,,—,,
2026-09-20T19:22:51.890725+00:00,nfl,2026,2,401872933,401872933388,1,10:57,(Shotgun) B.Young pass incomplete short left to J.Coker (C.Henderson).,3,3,ATL 3,3,0,Atlanta Falcons,Carolina Panthers,0,0,0.4,99.6,83.0,110.0,193.0,260.0,53.0,313.0,game,ML,Carolina Panthers,,,pinnacle,-7457,—,—,,Loss,,miss,,,,—,,
2026-09-20T19:22:51.890725+00:00,nfl,2026,2,401872933,401872933388,1,10:57,(Shotgun) B.Young pass incomplete short left to J.Coker (C.Henderson).,3,3,ATL 3,3,0,Atlanta Falcons,Carolina Panthers,0,0,0.4,99.6,83.0,110.0,193.0,260.0,53.0,313.0,game,ML,Atlanta Falcons,,,kalshi,9900,—,—,,Loss,,miss,,,,—,,
2026-09-20T19:22:51.890725+00:00,nfl,2026,2,401872933,401872933411,1,10:48,"(Shotgun) B.Young pass short left to C.Hubbard for 3 yards, TOUCHDOWN. R.Fitzgerald extra point is GOOD, Center-J.Jansen, Holder-S.Martin.",4,3,ATL 3,3,-7,Atlanta Falcons,Carolina Panthers,0,7,0.4,99.6,83.0,110.0,193.0,260.0,53.0,313.0,game,Spread,Atlanta Falcons,,-9.5,novig,140,—,—,,-7,,miss,,,,—,,
2026-09-20T19:22:51.890725+00:00,nfl,2026,2,401872933,401872933411,1,10:48,"(Shotgun) B.Young pass short left to C.Hubbard for 3 yards, TOUCHDOWN. R.Fitzgerald extra point is GOOD, Center-J.Jansen, Holder-S.Martin.",4,3,ATL 3,3,-7,Atlanta Falcons,Carolina Panthers,0,7,0.4,99.6,83.0,110.0,193.0,260.0,53.0,313.0,game,Spread,Atlanta Falcons,,9.5,novig,140,—,—,,-7,,hit,,,,—,,
2026-09-20T19:22:51.890725+00:00,nfl,2026,2,401872933,401872933411,1,10:48,"(Shotgun) B.Young pass short left to C.Hubbard for 3 yards, TOUCHDOWN. R.Fitzgerald extra point is GOOD, Center-J.Jansen, Holder-S.Martin.",4,3,ATL 3,3,-7,Atlanta Falcons,Carolina Panthers,0,7,0.4,99.6,83.0,110.0,193.0,260.0,53.0,313.0,game,Total,Over,,43.5,polymarket,108,—,—,,7.0,,miss,,,,—,,
2026-09-20T19:22:51.890725+00:00,nfl,2026,2,401872933,401872933411,1,10:48,"(Shotgun) B.Young pass short left to C.Hubbard for 3 yards, TOUCHDOWN. R.Fitzgerald extra point is GOOD, Center-J.Jansen, Holder-S.Martin.",4,3,ATL 3,3,-7,Atlanta Falcons,Carolina Panthers,0,7,0.4,99.6,83.0,110.0,193.0,260.0,53.0,313.0,game,Total,Under,,43.5,betfair,1687,—,—,,7.0,,hit,,,,—,,
2026-09-20T19:22:51.890725+00:00,nfl,2026,2,401872933,401872933411,1,10:48,"(Shotgun) B.Young pass short left to C.Hubbard for 3 yards, TOUCHDOWN. R.Fitzgerald extra point is GOOD, Center-J.Jansen, Holder-S.Martin.",4,3,ATL 3,3,-7,Atlanta Falcons,Carolina Panthers,0,7,0.4,99.6,83.0,110.0,193.0,260.0,53.0,313.0,game,ML,Carolina Panthers,,,pinnacle,-7457,—,—,,Win,,hit,,,,—,,
2026-09-20T19:22:51.890725+00:00,nfl,2026,2,401872933,401872933411,1,10:48,"(Shotgun) B.Young pass short left to C.Hubbard for 3 yards, TOUCHDOWN. R.Fitzgerald extra point is GOOD, Center-J.Jansen, Holder-S.Martin.",4,3,ATL 3,3,-7,Atlanta Falcons,Carolina Panthers,0,7,0.4,99.6,83.0,110.0,193.0,260.0,53.0,313.0,game,ML,Atlanta Falcons,,,kalshi,9900,—,—,,Loss,,miss,,,,—,,
2026-09-20T19:22:51.890725+00:00,nfl,2026,2,401872933,401872933452,1,10:48,R.Fitzgerald kicks 61 yards from CAR 35 to ATL 4. O.Zaccheaus to ATL 29 for 25 yards (F.Franks).,2,6,ATL 6,65,-7,Atlanta Falcons,Carolina Panthers,0,7,0.4,99.6,83.0,110.0,193.0,260.0,53.0,313.0,game,Spread,Atlanta Falcons,,-9.5,novig,140,—,—,,-7,,miss,,,,—,,
2026-09-20T19:22:51.890725+00:00,nfl,2026,2,401872933,401872933452,1,10:48,R.Fitzgerald kicks 61 yards from CAR 35 to ATL 4. O.Zaccheaus to ATL 29 for 25 yards (F.Franks).,2,6,ATL 6,65,-7,Atlanta Falcons,Carolina Panthers,0,7,0.4,99.6,83.0,110.0,193.0,260.0,53.0,313.0,game,Spread,Atlanta Falcons,,9.5,novig,140,—,—,,-7,,hit,,,,—,,
2026-09-20T19:22:51.890725+00:00,nfl,2026,2,401872933,401872933452,1,10:48,R.Fitzgerald kicks 61 yards from CAR 35 to ATL 4. O.Zaccheaus to ATL 29 for 25 yards (F.Franks).,2,6,ATL 6,65,-7,Atlanta Falcons,Carolina Panthers,0,7,0.4,99.6,83.0,110.0,193.0,260.0,53.0,313.0,game,Total,Over,,43.5,polymarket,108,—,—,,7.0,,miss,,,,—,,
2026-09-20T19:22:51.890725+00:00,nfl,2026,2,401872933,401872933452,1,10:48,R.Fitzgerald kicks 61 yards from CAR 35 to ATL 4. O.Zaccheaus to ATL 29 for 25 yards (F.Franks).,2,6,ATL 6,65,-7,Atlanta Falcons,Carolina Panthers,0,7,0.4,99.6,83.0,110.0,193.0,260.0,53.0,313.0,game,Total,Under,,43.5,betfair,1687,—,—,,7.0,,hit,,,,—,,
2026-09-20T19:22:51.890725+00:00,nfl,2026,2,401872933,401872933452,1,10:48,R.Fitzgerald kicks 61 yards from CAR 35 to ATL 4. O.Zaccheaus to ATL 29 for 25 yards (F.Franks).,2,6,ATL 6,65,-7,Atlanta Falcons,Carolina Panthers,0,7,0.4,99.6,83.0,110.0,193.0,260.0,53.0,313.0,game,ML,Carolina Panthers,,,pinnacle,-7457,—,—,,Win,,hit,,,,—,,
2026-09-20T19:22:51.890725+00:00,nfl,2026,2,401872933,401872933452,1,10:48,R.Fitzgerald kicks 61 yards from CAR 35 to ATL 4. O.Zaccheaus to ATL 29 for 25 yards (F.Franks).,2,6,ATL 6,65,-7,Atlanta Falcons,Carolina Panthers,0,7,0.4,99.6,83.0,110.0,193.0,260.0,53.0,313.0,game,ML,Atlanta Falcons,,,kalshi,9900,—,—,,Loss,,miss,,,,—,,
2026-09-20T19:22:51.890725+00:00,nfl,2026,2,401872933,401872933475,1,10:43,C.Rush pass short right to D.London pushed ob at ATL 43 for 14 yards (D.Lloyd).,1,10,ATL 29,29,-7,Atlanta Falcons,Carolina Panthers,0,7,0.4,99.6,83.0,110.0,193.0,260.0,53.0,313.0,game,Spread,Atlanta Falcons,,-9.5,novig,140,—,—,,-7,,miss,,,,—,,
2026-09-20T19:22:51.890725+00:00,nfl,2026,2,401872933,401872933475,1,10:43,C.Rush pass short right to D.London pushed ob at ATL 43 for 14 yards (D.Lloyd).,1,10,ATL 29,29,-7,Atlanta Falcons,Carolina Panthers,0,7,0.4,99.6,83.0,110.0,193.0,260.0,53.0,313.0,game,Spread,Atlanta Falcons,,9.5,novig,140,—,—,,-7,,hit,,,,—,,
2026-09-20T19:22:51.890725+00:00,nfl,2026,2,401872933,401872933475,1,10:43,C.Rush pass short right to D.London pushed ob at ATL 43 for 14 yards (D.Lloyd).,1,10,ATL 29,29,-7,Atlanta Falcons,Carolina Panthers,0,7,0.4,99.6,83.0,110.0,193.0,260.0,53.0,313.0,game,Total,Over,,43.5,polymarket,108,—,—,,7.0,,miss,,,,—,,
2026-09-20T19:22:51.890725+00:00,nfl,2026,2,401872933,401872933475,1,10:43,C.Rush pass short right to D.London pushed ob at ATL 43 for 14 yards (D.Lloyd).,1,10,ATL 29,29,-7,Atlanta Falcons,Carolina Panthers,0,7,0.4,99.6,83.0,110.0,193.0,260.0,53.0,313.0,game,Total,Under,,43.5,betfair,1687,—,—,,7.0,,hit,,,,—,,
2026-09-20T19:22:51.890725+00:00,nfl,2026,2,401872933,401872933475,1,10:43,C.Rush pass short right to D.London pushed ob at ATL 43 for 14 yards (D.Lloyd).,1,10,ATL 29,29,-7,Atlanta Falcons,Carolina Panthers,0,7,0.4,99.6,83.0,110.0,193.0,260.0,53.0,313.0,game,ML,Carolina Panthers,,,pinnacle,-7457,—,—,,Win,,hit,,,,—,,
2026-09-20T19:22:51.890725+00:00,nfl,2026,2,401872933,401872933475,1,10:43,C.Rush pass short right to D.London pushed ob at ATL 43 for 14 yards (D.Lloyd).,1,10,ATL 29,29,-7,Atlanta Falcons,Carolina Panthers,0,7,0.4,99.6,83.0,110.0,193.0,260.0,53.0,313.0,game,ML,Atlanta Falcons,,,kalshi,9900,—,—,,Loss,,miss,,,,—,,
2026-09-20T19:22:51.890725+00:00,nfl,2026,2,401872933,401872933505,1,10:12,(No Huddle) Bi.Robinson left guard to ATL 47 for 4 yards (N.Scott).,1,10,ATL 43,43,-7,Atlanta Falcons,Carolina Panthers,0,7,0.4,99.6,83.0,110.0,193.0,260.0,53.0,313.0,game,Spread,Atlanta Falcons,,-9.5,novig,140,—,—,,-7,,miss,,,,—,,
2026-09-20T19:22:51.890725+00:00,nfl,2026,2,401872933,401872933505,1,10:12,(No Huddle) Bi.Robinson left guard to ATL 47 for 4 yards (N.Scott).,1,10,ATL 43,43,-7,Atlanta Falcons,Carolina Panthers,0,7,0.4,99.6,83.0,110.0,193.0,260.0,53.0,313.0,game,Spread,Atlanta Falcons,,9.5,novig,140,—,—,,-7,,hit,,,,—,,
2026-09-20T19:22:51.890725+00:00,nfl,2026,2,401872933,401872933505,1,10:12,(No Huddle) Bi.Robinson left guard to ATL 47 for 4 yards (N.Scott).,1,10,ATL 43,43,-7,Atlanta Falcons,Carolina Panthers,0,7,0.4,99.6,83.0,110.0,193.0,260.0,53.0,313.0,game,Total,Over,,43.5,polymarket,108,—,—,,7.0,,miss,,,,—,,
2026-09-20T19:22:51.890725+00:00,nfl,2026,2,401872933,401872933505,1,10:12,(No Huddle) Bi.Robinson left guard to ATL 47 for 4 yards (N.Scott).,1,10,ATL 43,43,-7,Atlanta Falcons,Carolina Panthers,0,7,0.4,99.6,83.0,110.0,193.0,260.0,53.0,313.0,game,Total,Under,,43.5,betfair,1687,—,—,,7.0,,hit,,,,—,,
2026-09-20T19:22:51.890725+00:00,nfl,2026,2,401872933,401872933505,1,10:12,(No Huddle) Bi.Robinson left guard to ATL 47 for 4 yards (N.Scott).,1,10,ATL 43,43,-7,Atlanta Falcons,Carolina Panthers,0,7,0.4,99.6,83.0,110.0,193.0,260.0,53.0,313.0,game,ML,Carolina Panthers,,,pinnacle,-7457,—,—,,Win,,hit,,,,—,,
2026-09-20T19:22:51.890725+00:00,nfl,2026,2,401872933,401872933505,1,10:12,(No Huddle) Bi.Robinson left guard to ATL 47 for 4 yards (N.Scott).,1,10,ATL 43,43,-7,Atlanta Falcons,Carolina Panthers,0,7,0.4,99.6,83.0,110.0,193.0,260.0,53.0,313.0,game,ML,Atlanta Falcons,,,kalshi,9900,—,—,,Loss,,miss,,,,—,,
2026-09-20T19:22:51.890725+00:00,nfl,2026,2,401872933,401872933527,1,9:41,Bi.Robinson right tackle to ATL 48 for 1 yard (D.Lloyd).,2,6,ATL 47,47,-7,Atlanta Falcons,Carolina Panthers,0,7,0.4,99.6,83.0,110.0,193.0,260.0,53.0,313.0,game,Spread,Atlanta Falcons,,-9.5,novig,140,—,—,,-7,,miss,,,,—,,
2026-09-20T19:22:51.890725+00:00,nfl,2026,2,401872933,401872933527,1,9:41,Bi.Robinson right tackle to ATL 48 for 1 yard (D.Lloyd).,2,6,ATL 47,47,-7,Atlanta Falcons,Carolina Panthers,0,7,0.4,99.6,83.0,110.0,193.0,260.0,53.0,313.0,game,Spread,Atlanta Falcons,,9.5,novig,140,—,—,,-7,,hit,,,,—,,
2026-09-20T19:22:51.890725+00:00,nfl,2026,2,401872933,401872933527,1,9:41,Bi.Robinson right tackle to ATL 48 for 1 yard (D.Lloyd).,2,6,ATL 47,47,-7,Atlanta Falcons,Carolina Panthers,0,7,0.4,99.6,83.0,110.0,193.0,260.0,53.0,313.0,game,Total,Over,,43.5,polymarket,108,—,—,,7.0,,miss,,,,—,,
2026-09-20T19:22:51.890725+00:00,nfl,2026,2,401872933,401872933527,1,9:41,Bi.Robinson right tackle to ATL 48 for 1 yard (D.Lloyd).,2,6,ATL 47,47,-7,Atlanta Falcons,Carolina Panthers,0,7,0.4,99.6,83.0,110.0,193.0,260.0,53.0,313.0,game,Total,Under,,43.5,betfair,1687,—,—,,7.0,,hit,,,,—,,
2026-09-20T19:22:51.890725+00:00,nfl,2026,2,401872933,401872933527,1,9:41,Bi.Robinson right tackle to ATL 48 for 1 yard (D.Lloyd).,2,6,ATL 47,47,-7,Atlanta Falcons,Carolina Panthers,0,7,0.4,99.6,83.0,110.0,193.0,260.0,53.0,313.0,game,ML,Carolina Panthers,,,pinnacle,-7457,—,—,,Win,,hit,,,,—,,
2026-09-20T19:22:51.890725+00:00,nfl,2026,2,401872933,401872933527,1,9:41,Bi.Robinson right tackle to ATL 48 for 1 yard (D.Lloyd).,2,6,ATL 47,47,-7,Atlanta Falcons,Carolina Panthers,0,7,0.4,99.6,83.0,110.0,193.0,260.0,53.0,313.0,game,ML,Atlanta Falcons,,,kalshi,9900,—,—,,Loss,,miss,,,,—,,
2026-09-20T19:22:51.890725+00:00,nfl,2026,2,401872933,401872933549,1,9:07,(Shotgun) C.Rush pass short middle intended for Bi.Robinson INTERCEPTED by B.Okereke (D.Lloyd) at CAR 41. B.Okereke to CAR 44 for 3 yards (K.Pitts; D.London).,3,5,ATL 48,48,-7,Atlanta Falcons,Carolina Panthers,0,7,0.4,99.6,83.0,110.0,193.0,260.0,53.0,313.0,game,Spread,Atlanta Falcons,,-9.5,novig,140,—,—,,-7,,miss,,,,—,,
2026-09-20T19:22:51.890725+00:00,nfl,2026,2,401872933,401872933549,1,9:07,(Shotgun) C.Rush pass short middle intended for Bi.Robinson INTERCEPTED by B.Okereke (D.Lloyd) at CAR 41. B.Okereke to CAR 44 for 3 yards (K.Pitts; D.London).,3,5,ATL 48,48,-7,Atlanta Falcons,Carolina Panthers,0,7,0.4,99.6,83.0,110.0,193.0,260.0,53.0,313.0,game,Spread,Atlanta Falcons,,9.5,novig,140,—,—,,-7,,hit,,,,—,,
2026-09-20T19:22:51.890725+00:00,nfl,2026,2,401872933,401872933549,1,9:07,(Shotgun) C.Rush pass short middle intended for Bi.Robinson INTERCEPTED by B.Okereke (D.Lloyd) at CAR 41. B.Okereke to CAR 44 for 3 yards (K.Pitts; D.London).,3,5,ATL 48,48,-7,Atlanta Falcons,Carolina Panthers,0,7,0.4,99.6,83.0,110.0,193.0,260.0,53.0,313.0,game,Total,Over,,43.5,polymarket,108,—,—,,7.0,,miss,,,,—,,
2026-09-20T19:22:51.890725+00:00,nfl,2026,2,401872933,401872933549,1,9:07,(Shotgun) C.Rush pass short middle intended for Bi.Robinson INTERCEPTED by B.Okereke (D.Lloyd) at CAR 41. B.Okereke to CAR 44 for 3 yards (K.Pitts; D.London).,3,5,ATL 48,48,-7,Atlanta Falcons,Carolina Panthers,0,7,0.4,99.6,83.0,110.0,193.0,260.0,53.0,313.0,game,Total,Under,,43.5,betfair,1687,—,—,,7.0,,hit,,,,—,,
2026-09-20T19:22:51.890725+00:00,nfl,2026,2,401872933,401872933549,1,9:07,(Shotgun) C.Rush pass short middle intended for Bi.Robinson INTERCEPTED by B.Okereke (D.Lloyd) at CAR 41. B.Okereke to CAR 44 for 3 yards (K.Pitts; D.London).,3,5,ATL 48,48,-7,Atlanta Falcons,Carolina Panthers,0,7,0.4,99.6,83.0,110.0,193.0,260.0,53.0,313.0,game,ML,Carolina Panthers,,,pinnacle,-7457,—,—,,Win,,hit,,,,—,,
2026-09-20T19:22:51.890725+00:00,nfl,2026,2,401872933,401872933549,1,9:07,(Shotgun) C.Rush pass short middle intended for Bi.Robinson INTERCEPTED by B.Okereke (D.Lloyd) at CAR 41. B.Okereke to CAR 44 for 3 yards (K.Pitts; D.London).,3,5,ATL 48,48,-7,Atlanta Falcons,Carolina Panthers,0,7,0.4,99.6,83.0,110.0,193.0,260.0,53.0,313.0,game,ML,Atlanta Falcons,,,kalshi,9900,—,—,,Loss,,miss,,,,—,,
2026-09-20T19:22:51.890725+00:00,nfl,2026,2,401872933,401872933563,1,8:59,Official Timeout at 08:59.,1,10,CAR 44,56,-7,Atlanta Falcons,Carolina Panthers,0,7,0.4,99.6,83.0,110.0,193.0,260.0,53.0,313.0,game,Spread,Atlanta Falcons,,-9.5,novig,140,—,—,,-7,,miss,,,,—,,
2026-09-20T19:22:51.890725+00:00,nfl,2026,2,401872933,401872933563,1,8:59,Official Timeout at 08:59.,1,10,CAR 44,56,-7,Atlanta Falcons,Carolina Panthers,0,7,0.4,99.6,83.0,110.0,193.0,260.0,53.0,313.0,game,Spread,Atlanta Falcons,,9.5,novig,140,—,—,,-7,,hit,,,,—,,
2026-09-20T19:22:51.890725+00:00,nfl,2026,2,401872933,401872933563,1,8:59,Official Timeout at 08:59.,1,10,CAR 44,56,-7,Atlanta Falcons,Carolina Panthers,0,7,0.4,99.6,83.0,110.0,193.0,260.0,53.0,313.0,game,Total,Over,,43.5,polymarket,108,—,—,,7.0,,miss,,,,—,,
2026-09-20T19:22:51.890725+00:00,nfl,2026,2,401872933,401872933563,1,8:59,Official Timeout at 08:59.,1,10,CAR 44,56,-7,Atlanta Falcons,Carolina Panthers,0,7,0.4,99.6,83.0,110.0,193.0,260.0,53.0,313.0,game,Total,Under,,43.5,betfair,1687,—,—,,7.0,,hit,,,,—,,
2026-09-20T19:22:51.890725+00:00,nfl,2026,2,401872933,401872933563,1,8:59,Official Timeout at 08:59.,1,10,CAR 44,56,-7,Atlanta Falcons,Carolina Panthers,0,7,0.4,99.6,83.0,110.0,193.0,260.0,53.0,313.0,game,ML,Carolina Panthers,,,pinnacle,-7457,—,—,,Win,,hit,,,,—,,
2026-09-20T19:22:51.890725+00:00,nfl,2026,2,401872933,401872933563,1,8:59,Official Timeout at 08:59.,1,10,CAR 44,56,-7,Atlanta Falcons,Carolina Panthers,0,7,0.4,99.6,83.0,110.0,193.0,260.0,53.0,313.0,game,ML,Atlanta Falcons,,,kalshi,9900,—,—,,Loss,,miss,,,,—,,
2026-09-20T19:22:51.890725+00:00,nfl,2026,2,401872933,401872933576,1,8:59,"PENALTY on CAR-R.Hunt, False Start, 5 yards, enforced at CAR 44 - No Play.",1,10,CAR 44,56,-7,Atlanta Falcons,Carolina Panthers,0,7,0.4,99.6,83.0,110.0,193.0,260.0,53.0,313.0,game,Spread,Atlanta Falcons,,-9.5,novig,140,—,—,,-7,,miss,,,,—,,
2026-09-20T19:22:51.890725+00:00,nfl,2026,2,401872933,401872933576,1,8:59,"PENALTY on CAR-R.Hunt, False Start, 5 yards, enforced at CAR 44 - No Play.",1,10,CAR 44,56,-7,Atlanta Falcons,Carolina Panthers,0,7,0.4,99.6,83.0,110.0,193.0,260.0,53.0,313.0,game,Spread,Atlanta Falcons,,9.5,novig,140,—,—,,-7,,hit,,,,—,,
2026-09-20T19:22:51.890725+00:00,nfl,2026,2,401872933,401872933576,1,8:59,"PENALTY on CAR-R.Hunt, False Start, 5 yards, enforced at CAR 44 - No Play.",1,10,CAR 44,56,-7,Atlanta Falcons,Carolina Panthers,0,7,0.4,99.6,83.0,110.0,193.0,260.0,53.0,313.0,game,Total,Over,,43.5,polymarket,108,—,—,,7.0,,miss,,,,—,,
2026-09-20T19:22:51.890725+00:00,nfl,2026,2,401872933,401872933576,1,8:59,"PENALTY on CAR-R.Hunt, False Start, 5 yards, enforced at CAR 44 - No Play.",1,10,CAR 44,56,-7,Atlanta Falcons,Carolina Panthers,0,7,0.4,99.6,83.0,110.0,193.0,260.0,53.0,313.0,game,Total,Under,,43.5,betfair,1687,—,—,,7.0,,hit,,,,—,,
2026-09-20T19:22:51.890725+00:00,nfl,2026,2,401872933,401872933576,1,8:59,"PENALTY on CAR-R.Hunt, False Start, 5 yards, enforced at CAR 44 - No Play.",1,10,CAR 44,56,-7,Atlanta Falcons,Carolina Panthers,0,7,0.4,99.6,83.0,110.0,193.0,260.0,53.0,313.0,game,ML,Carolina Panthers,,,pinnacle,-7457,—,—,,Win,,hit,,,,—,,
2026-09-20T19:22:51.890725+00:00,nfl,2026,2,401872933,401872933576,1,8:59,"PENALTY on CAR-R.Hunt, False Start, 5 yards, enforced at CAR 44 - No Play.",1,10,CAR 44,56,-7,Atlanta Falcons,Carolina Panthers,0,7,0.4,99.6,83.0,110.0,193.0,260.0,53.0,313.0,game,ML,Atlanta Falcons,,,kalshi,9900,—,—,,Loss,,miss,,,,—,,
2026-09-20T19:22:51.890725+00:00,nfl,2026,2,401872933,401872933607,1,8:59,(Shotgun) B.Young pass incomplete short right to T.McMillan.,1,15,CAR 39,61,-7,Atlanta Falcons,Carolina Panthers,0,7,0.4,99.6,83.0,110.0,193.0,260.0,53.0,313.0,game,Spread,Atlanta Falcons,,-9.5,novig,140,—,—,,-7,,miss,,,,—,,
2026-09-20T19:22:51.890725+00:00,nfl,2026,2,401872933,401872933607,1,8:59,(Shotgun) B.Young pass incomplete short right to T.McMillan.,1,15,CAR 39,61,-7,Atlanta Falcons,Carolina Panthers,0,7,0.4,99.6,83.0,110.0,193.0,260.0,53.0,313.0,game,Spread,Atlanta Falcons,,9.5,novig,140,—,—,,-7,,hit,,,,—,,
2026-09-20T19:22:51.890725+00:00,nfl,2026,2,401872933,401872933607,1,8:59,(Shotgun) B.Young pass incomplete short right to T.McMillan.,1,15,CAR 39,61,-7,Atlanta Falcons,Carolina Panthers,0,7,0.4,99.6,83.0,110.0,193.0,260.0,53.0,313.0,game,Total,Over,,43.5,polymarket,108,—,—,,7.0,,miss,,,,—,,
2026-09-20T19:22:51.890725+00:00,nfl,2026,2,401872933,401872933607,1,8:59,(Shotgun) B.Young pass incomplete short right to T.McMillan.,1,15,CAR 39,61,-7,Atlanta Falcons,Carolina Panthers,0,7,0.4,99.6,83.0,110.0,193.0,260.0,53.0,313.0,game,Total,Under,,43.5,betfair,1687,—,—,,7.0,,hit,,,,—,,
2026-09-20T19:22:51.890725+00:00,nfl,2026,2,401872933,401872933607,1,8:59,(Shotgun) B.Young pass incomplete short right to T.McMillan.,1,15,CAR 39,61,-7,Atlanta Falcons,Carolina Panthers,0,7,0.4,99.6,83.0,110.0,193.0,260.0,53.0,313.0,game,ML,Carolina Panthers,,,pinnacle,-7457,—,—,,Win,,hit,,,,—,,
2026-09-20T19:22:51.890725+00:00,nfl,2026,2,401872933,401872933607,1,8:59,(Shotgun) B.Young pass incomplete short right to T.McMillan.,1,15,CAR 39,61,-7,Atlanta Falcons,Carolina Panthers,0,7,0.4,99.6,83.0,110.0,193.0,260.0,53.0,313.0,game,ML,Atlanta Falcons,,,kalshi,9900,—,—,,Loss,,miss,,,,—,,
2026-09-20T19:22:51.890725+00:00,nfl,2026,2,401872933,401872933630,1,8:53,(Shotgun) B.Young pass incomplete deep right to T.McMillan.,2,15,CAR 39,61,-7,Atlanta Falcons,Carolina Panthers,0,7,0.4,99.6,83.0,110.0,193.0,260.0,53.0,313.0,game,Spread,Atlanta Falcons,,-9.5,novig,140,—,—,,-7,,miss,,,,—,,
2026-09-20T19:22:51.890725+00:00,nfl,2026,2,401872933,401872933630,1,8:53,(Shotgun) B.Young pass incomplete deep right to T.McMillan.,2,15,CAR 39,61,-7,Atlanta Falcons,Carolina Panthers,0,7,0.4,99.6,83.0,110.0,193.0,260.0,53.0,313.0,game,Spread,Atlanta Falcons,,9.5,novig,140,—,—,,-7,,hit,,,,—,,
2026-09-20T19:22:51.890725+00:00,nfl,2026,2,401872933,401872933630,1,8:53,(Shotgun) B.Young pass incomplete deep right to T.McMillan.,2,15,CAR 39,61,-7,Atlanta Falcons,Carolina Panthers,0,7,0.4,99.6,83.0,110.0,193.0,260.0,53.0,313.0,game,Total,Over,,43.5,polymarket,108,—,—,,7.0,,miss,,,,—,,
2026-09-20T19:22:51.890725+00:00,nfl,2026,2,401872933,401872933630,1,8:53,(Shotgun) B.Young pass incomplete deep right to T.McMillan.,2,15,CAR 39,61,-7,Atlanta Falcons,Carolina Panthers,0,7,0.4,99.6,83.0,110.0,193.0,260.0,53.0,313.0,game,Total,Under,,43.5,betfair,1687,—,—,,7.0,,hit,,,,—,,
2026-09-20T19:22:51.890725+00:00,nfl,2026,2,401872933,401872933630,1,8:53,(Shotgun) B.Young pass incomplete deep right to T.McMillan.,2,15,CAR 39,61,-7,Atlanta Falcons,Carolina Panthers,0,7,0.4,99.6,83.0,110.0,193.0,260.0,53.0,313.0,game,ML,Carolina Panthers,,,pinnacle,-7457,—,—,,Win,,hit,,,,—,,
2026-09-20T19:22:51.890725+00:00,nfl,2026,2,401872933,401872933630,1,8:53,(Shotgun) B.Young pass incomplete deep right to T.McMillan.,2,15,CAR 39,61,-7,Atlanta Falcons,Carolina Panthers,0,7,0.4,99.6,83.0,110.0,193.0,260.0,53.0,313.0,game,ML,Atlanta Falcons,,,kalshi,9900,—,—,,Loss,,miss,,,,—,,
2026-09-20T19:22:51.890725+00:00,nfl,2026,2,401872933,401872933658,1,8:48,(Shotgun) B.Young pass incomplete short right to X.Legette (Z.Smith) [S.Ebukam].,3,15,CAR 39,61,-7,Atlanta Falcons,Carolina Panthers,0,7,0.4,99.6,83.0,110.0,193.0,260.0,53.0,313.0,game,Spread,Atlanta Falcons,,-9.5,novig,140,—,—,,-7,,miss,,,,—,,
2026-09-20T19:22:51.890725+00:00,nfl,2026,2,401872933,401872933658,1,8:48,(Shotgun) B.Young pass incomplete short right to X.Legette (Z.Smith) [S.Ebukam].,3,15,CAR 39,61,-7,Atlanta Falcons,Carolina Panthers,0,7,0.4,99.6,83.0,110.0,193.0,260.0,53.0,313.0,game,Spread,Atlanta Falcons,,9.5,novig,140,—,—,,-7,,hit,,,,—,,
2026-09-20T19:22:51.890725+00:00,nfl,2026,2,401872933,401872933658,1,8:48,(Shotgun) B.Young pass incomplete short right to X.Legette (Z.Smith) [S.Ebukam].,3,15,CAR 39,61,-7,Atlanta Falcons,Carolina Panthers,0,7,0.4,99.6,83.0,110.0,193.0,260.0,53.0,313.0,game,Total,Over,,43.5,polymarket,108,—,—,,7.0,,miss,,,,—,,
2026-09-20T19:22:51.890725+00:00,nfl,2026,2,401872933,401872933658,1,8:48,(Shotgun) B.Young pass incomplete short right to X.Legette (Z.Smith) [S.Ebukam].,3,15,CAR 39,61,-7,Atlanta Falcons,Carolina Panthers,0,7,0.4,99.6,83.0,110.0,193.0,260.0,53.0,313.0,game,Total,Under,,43.5,betfair,1687,—,—,,7.0,,hit,,,,—,,
2026-09-20T19:22:51.890725+00:00,nfl,2026,2,401872933,401872933658,1,8:48,(Shotgun) B.Young pass incomplete short right to X.Legette (Z.Smith) [S.Ebukam].,3,15,CAR 39,61,-7,Atlanta Falcons,Carolina Panthers,0,7,0.4,99.6,83.0,110.0,193.0,260.0,53.0,313.0,game,ML,Carolina Panthers,,,pinnacle,-7457,—,—,,Win,,hit,,,,—,,
2026-09-20T19:22:51.890725+00:00,nfl,2026,2,401872933,401872933658,1,8:48,(Shotgun) B.Young pass incomplete short right to X.Legette (Z.Smith) [S.Ebukam].,3,15,CAR 39,61,-7,Atlanta Falcons,Carolina Panthers,0,7,0.4,99.6,83.0,110.0,193.0,260.0,53.0,313.0,game,ML,Atlanta Falcons,,,kalshi,9900,—,—,,Loss,,miss,,,,—,,
2026-09-20T19:22:51.890725+00:00,nfl,2026,2,401872933,401872933681,1,8:43,"S.Martin punts 45 yards to ATL 16, Center-J.Jansen, fair catch by Z.Branch.",4,15,CAR 39,61,-7,Atlanta Falcons,Carolina Panthers,0,7,0.4,99.6,83.0,110.0,193.0,260.0,53.0,313.0,game,Spread,Atlanta Falcons,,-9.5,novig,140,—,—,,-7,,miss,,,,—,,
2026-09-20T19:22:51.890725+00:00,nfl,2026,2,401872933,401872933681,1,8:43,"S.Martin punts 45 yards to ATL 16, Center-J.Jansen, fair catch by Z.Branch.",4,15,CAR 39,61,-7,Atlanta Falcons,Carolina Panthers,0,7,0.4,99.6,83.0,110.0,193.0,260.0,53.0,313.0,game,Spread,Atlanta Falcons,,9.5,novig,140,—,—,,-7,,hit,,,,—,,
2026-09-20T19:22:51.890725+00:00,nfl,2026,2,401872933,401872933681,1,8:43,"S.Martin punts 45 yards to ATL 16, Center-J.Jansen, fair catch by Z.Branch.",4,15,CAR 39,61,-7,Atlanta Falcons,Carolina Panthers,0,7,0.4,99.6,83.0,110.0,193.0,260.0,53.0,313.0,game,Total,Over,,43.5,polymarket,108,—,—,,7.0,,miss,,,,—,,
2026-09-20T19:22:51.890725+00:00,nfl,2026,2,401872933,401872933681,1,8:43,"S.Martin punts 45 yards to ATL 16, Center-J.Jansen, fair catch by Z.Branch.",4,15,CAR 39,61,-7,Atlanta Falcons,Carolina Panthers,0,7,0.4,99.6,83.0,110.0,193.0,260.0,53.0,313.0,game,Total,Under,,43.5,betfair,1687,—,—,,7.0,,hit,,,,—,,
2026-09-20T19:22:51.890725+00:00,nfl,2026,2,401872933,401872933681,1,8:43,"S.Martin punts 45 yards to ATL 16, Center-J.Jansen, fair catch by Z.Branch.",4,15,CAR 39,61,-7,Atlanta Falcons,Carolina Panthers,0,7,0.4,99.6,83.0,110.0,193.0,260.0,53.0,313.0,game,ML,Carolina Panthers,,,pinnacle,-7457,—,—,,Win,,hit,,,,—,,
2026-09-20T19:22:51.890725+00:00,nfl,2026,2,401872933,401872933681,1,8:43,"S.Martin punts 45 yards to ATL 16, Center-J.Jansen, fair catch by Z.Branch.",4,15,CAR 39,61,-7,Atlanta Falcons,Carolina Panthers,0,7,0.4,99.6,83.0,110.0,193.0,260.0,53.0,313.0,game,ML,Atlanta Falcons,,,kalshi,9900,—,—,,Loss,,miss,,,,—,,
2026-09-20T19:22:51.890725+00:00,nfl,2026,2,401872933,401872933691,1,8:36,Official Timeout at 08:36.,1,10,ATL 16,16,-7,Atlanta Falcons,Carolina Panthers,0,7,0.4,99.6,83.0,110.0,193.0,260.0,53.0,313.0,game,Spread,Atlanta Falcons,,-9.5,novig,140,—,—,,-7,,miss,,,,—,,
2026-09-20T19:22:51.890725+00:00,nfl,2026,2,401872933,401872933691,1,8:36,Official Timeout at 08:36.,1,10,ATL 16,16,-7,Atlanta Falcons,Carolina Panthers,0,7,0.4,99.6,83.0,110.0,193.0,260.0,53.0,313.0,game,Spread,Atlanta Falcons,,9.5,novig,140,—,—,,-7,,hit,,,,—,,
2026-09-20T19:22:51.890725+00:00,nfl,2026,2,401872933,401872933691,1,8:36,Official Timeout at 08:36.,1,10,ATL 16,16,-7,Atlanta Falcons,Carolina Panthers,0,7,0.4,99.6,83.0,110.0,193.0,260.0,53.0,313.0,game,Total,Over,,43.5,polymarket,108,—,—,,7.0,,miss,,,,—,,
2026-09-20T19:22:51.890725+00:00,nfl,2026,2,401872933,401872933691,1,8:36,Official Timeout at 08:36.,1,10,ATL 16,16,-7,Atlanta Falcons,Carolina Panthers,0,7,0.4,99.6,83.0,110.0,193.0,260.0,53.0,313.0,game,Total,Under,,43.5,betfair,1687,—,—,,7.0,,hit,,,,—,,
2026-09-20T19:22:51.890725+00:00,nfl,2026,2,401872933,401872933691,1,8:36,Official Timeout at 08:36.,1,10,ATL 16,16,-7,Atlanta Falcons,Carolina Panthers,0,7,0.4,99.6,83.0,110.0,193.0,260.0,53.0,313.0,game,ML,Carolina Panthers,,,pinnacle,-7457,—,—,,Win,,hit,,,,—,,
2026-09-20T19:22:51.890725+00:00,nfl,2026,2,401872933,401872933691,1,8:36,Official Timeout at 08:36.,1,10,ATL 16,16,-7,Atlanta Falcons,Carolina Panthers,0,7,0.4,99.6,83.0,110.0,193.0,260.0,53.0,313.0,game,ML,Atlanta Falcons,,,kalshi,9900,—,—,,Loss,,miss,,,,—,,
2026-09-20T19:22:51.890725+00:00,nfl,2026,2,401872933,401872933701,1,8:36,Bi.Robinson left guard to ATL 19 for 3 yards (C.Jackson).,1,10,ATL 16,16,-7,Atlanta Falcons,Carolina Panthers,0,7,0.4,99.6,83.0,110.0,193.0,260.0,53.0,313.0,game,Spread,Atlanta Falcons,,-9.5,novig,140,—,—,,-7,,miss,,,,—,,
2026-09-20T19:22:51.890725+00:00,nfl,2026,2,401872933,401872933701,1,8:36,Bi.Robinson left guard to ATL 19 for 3 yards (C.Jackson).,1,10,ATL 16,16,-7,Atlanta Falcons,Carolina Panthers,0,7,0.4,99.6,83.0,110.0,193.0,260.0,53.0,313.0,game,Spread,Atlanta Falcons,,9.5,novig,140,—,—,,-7,,hit,,,,—,,
2026-09-20T19:22:51.890725+00:00,nfl,2026,2,401872933,401872933701,1,8:36,Bi.Robinson left guard to ATL 19 for 3 yards (C.Jackson).,1,10,ATL 16,16,-7,Atlanta Falcons,Carolina Panthers,0,7,0.4,99.6,83.0,110.0,193.0,260.0,53.0,313.0,game,Total,Over,,43.5,polymarket,108,—,—,,7.0,,miss,,,,—,,
2026-09-20T19:22:51.890725+00:00,nfl,2026,2,401872933,401872933701,1,8:36,Bi.Robinson left guard to ATL 19 for 3 yards (C.Jackson).,1,10,ATL 16,16,-7,Atlanta Falcons,Carolina Panthers,0,7,0.4,99.6,83.0,110.0,193.0,260.0,53.0,313.0,game,Total,Under,,43.5,betfair,1687,—,—,,7.0,,hit,,,,—,,
2026-09-20T19:22:51.890725+00:00,nfl,2026,2,401872933,401872933701,1,8:36,Bi.Robinson left guard to ATL 19 for 3 yards (C.Jackson).,1,10,ATL 16,16,-7,Atlanta Falcons,Carolina Panthers,0,7,0.4,99.6,83.0,110.0,193.0,260.0,53.0,313.0,game,ML,Carolina Panthers,,,pinnacle,-7457,—,—,,Win,,hit,,,,—,,
2026-09-20T19:22:51.890725+00:00,nfl,2026,2,401872933,401872933701,1,8:36,Bi.Robinson left guard to ATL 19 for 3 yards (C.Jackson).,1,10,ATL 16,16,-7,Atlanta Falcons,Carolina Panthers,0,7,0.4,99.6,83.0,110.0,193.0,260.0,53.0,313.0,game,ML,Atlanta Falcons,,,kalshi,9900,—,—,,Loss,,miss,,,,—,,
2026-09-20T19:22:51.890725+00:00,nfl,2026,2,401872933,401872933730,1,8:14,(No Huddle) Bi.Robinson up the middle to ATL 21 for 2 yards (T.Edwards; J.Phillips).,2,7,ATL 19,19,-7,Atlanta Falcons,Carolina Panthers,0,7,0.4,99.6,83.0,110.0,193.0,260.0,53.0,313.0,game,Spread,Atlanta Falcons,,-9.5,novig,140,—,—,,-7,,miss,,,,—,,
2026-09-20T19:22:51.890725+00:00,nfl,2026,2,401872933,401872933730,1,8:14,(No Huddle) Bi.Robinson up the middle to ATL 21 for 2 yards (T.Edwards; J.Phillips).,2,7,ATL 19,19,-7,Atlanta Falcons,Carolina Panthers,0,7,0.4,99.6,83.0,110.0,193.0,260.0,53.0,313.0,game,Spread,Atlanta Falcons,,9.5,novig,140,—,—,,-7,,hit,,,,—,,
2026-09-20T19:22:51.890725+00:00,nfl,2026,2,401872933,401872933730,1,8:14,(No Huddle) Bi.Robinson up the middle to ATL 21 for 2 yards (T.Edwards; J.Phillips).,2,7,ATL 19,19,-7,Atlanta Falcons,Carolina Panthers,0,7,0.4,99.6,83.0,110.0,193.0,260.0,53.0,313.0,game,Total,Over,,43.5,polymarket,108,—,—,,7.0,,miss,,,,—,,
2026-09-20T19:22:51.890725+00:00,nfl,2026,2,401872933,401872933730,1,8:14,(No Huddle) Bi.Robinson up the middle to ATL 21 for 2 yards (T.Edwards; J.Phillips).,2,7,ATL 19,19,-7,Atlanta Falcons,Carolina Panthers,0,7,0.4,99.6,83.0,110.0,193.0,260.0,53.0,313.0,game,Total,Under,,43.5,betfair,1687,—,—,,7.0,,hit,,,,—,,
2026-09-20T19:22:51.890725+00:00,nfl,2026,2,401872933,401872933730,1,8:14,(No Huddle) Bi.Robinson up the middle to ATL 21 for 2 yards (T.Edwards; J.Phillips).,2,7,ATL 19,19,-7,Atlanta Falcons,Carolina Panthers,0,7,0.4,99.6,83.0,110.0,193.0,260.0,53.0,313.0,game,ML,Carolina Panthers,,,pinnacle,-7457,—,—,,Win,,hit,,,,—,,
2026-09-20T19:22:51.890725+00:00,nfl,2026,2,401872933,401872933730,1,8:14,(No Huddle) Bi.Robinson up the middle to ATL 21 for 2 yards (T.Edwards; J.Phillips).,2,7,ATL 19,19,-7,Atlanta Falcons,Carolina Panthers,0,7,0.4,99.6,83.0,110.0,193.0,260.0,53.0,313.0,game,ML,Atlanta Falcons,,,kalshi,9900,—,—,,Loss,,miss,,,,—,,
2026-09-20T19:22:51.890725+00:00,nfl,2026,2,401872933,401872933752,1,7:34,(Shotgun) C.Rush pass incomplete short right to K.Pitts (Ja.Horn).,3,5,ATL 21,21,-7,Atlanta Falcons,Carolina Panthers,0,7,0.4,99.6,83.0,110.0,193.0,260.0,53.0,313.0,game,Spread,Atlanta Falcons,,-9.5,novig,140,—,—,,-7,,miss,,,,—,,
2026-09-20T19:22:51.890725+00:00,nfl,2026,2,401872933,401872933752,1,7:34,(Shotgun) C.Rush pass incomplete short right to K.Pitts (Ja.Horn).,3,5,ATL 21,21,-7,Atlanta Falcons,Carolina Panthers,0,7,0.4,99.6,83.0,110.0,193.0,260.0,53.0,313.0,game,Spread,Atlanta Falcons,,9.5,novig,140,—,—,,-7,,hit,,,,—,,
2026-09-20T19:22:51.890725+00:00,nfl,2026,2,401872933,401872933752,1,7:34,(Shotgun) C.Rush pass incomplete short right to K.Pitts (Ja.Horn).,3,5,ATL 21,21,-7,Atlanta Falcons,Carolina Panthers,0,7,0.4,99.6,83.0,110.0,193.0,260.0,53.0,313.0,game,Total,Over,,43.5,polymarket,108,—,—,,7.0,,miss,,,,—,,
2026-09-20T19:22:51.890725+00:00,nfl,2026,2,401872933,401872933752,1,7:34,(Shotgun) C.Rush pass incomplete short right to K.Pitts (Ja.Horn).,3,5,ATL 21,21,-7,Atlanta Falcons,Carolina Panthers,0,7,0.4,99.6,83.0,110.0,193.0,260.0,53.0,313.0,game,Total,Under,,43.5,betfair,1687,—,—,,7.0,,hit,,,,—,,
2026-09-20T19:22:51.890725+00:00,nfl,2026,2,401872933,401872933752,1,7:34,(Shotgun) C.Rush pass incomplete short right to K.Pitts (Ja.Horn).,3,5,ATL 21,21,-7,Atlanta Falcons,Carolina Panthers,0,7,0.4,99.6,83.0,110.0,193.0,260.0,53.0,313.0,game,ML,Carolina Panthers,,,pinnacle,-7457,—,—,,Win,,hit,,,,—,,
2026-09-20T19:22:51.890725+00:00,nfl,2026,2,401872933,401872933752,1,7:34,(Shotgun) C.Rush pass incomplete short right to K.Pitts (Ja.Horn).,3,5,ATL 21,21,-7,Atlanta Falcons,Carolina Panthers,0,7,0.4,99.6,83.0,110.0,193.0,260.0,53.0,313.0,game,ML,Atlanta Falcons,,,kalshi,9900,—,—,,Loss,,miss,,,,—,,
2026-09-20T19:22:51.890725+00:00,nfl,2026,2,401872933,401872933775,1,7:29,"J.Bailey punts 49 yards to CAR 30, Center-L.McCullough. J.Coker to ATL 34 for 36 yards (J.Bailey; C.Woerner).PENALTY on ATL-H.Perkins, Illegal Formation, 5 yards, enforced at ATL 34.",4,5,ATL 21,21,-7,Atlanta Falcons,Carolina Panthers,0,7,0.4,99.6,83.0,110.0,193.0,260.0,53.0,313.0,game,Spread,Atlanta Falcons,,-9.5,novig,140,—,—,,-7,,miss,,,,—,,
2026-09-20T19:22:51.890725+00:00,nfl,2026,2,401872933,401872933775,1,7:29,"J.Bailey punts 49 yards to CAR 30, Center-L.McCullough. J.Coker to ATL 34 for 36 yards (J.Bailey; C.Woerner).PENALTY on ATL-H.Perkins, Illegal Formation, 5 yards, enforced at ATL 34.",4,5,ATL 21,21,-7,Atlanta Falcons,Carolina Panthers,0,7,0.4,99.6,83.0,110.0,193.0,260.0,53.0,313.0,game,Spread,Atlanta Falcons,,9.5,novig,140,—,—,,-7,,hit,,,,—,,
2026-09-20T19:22:51.890725+00:00,nfl,2026,2,401872933,401872933775,1,7:29,"J.Bailey punts 49 yards to CAR 30, Center-L.McCullough. J.Coker to ATL 34 for 36 yards (J.Bailey; C.Woerner).PENALTY on ATL-H.Perkins, Illegal Formation, 5 yards, enforced at ATL 34.",4,5,ATL 21,21,-7,Atlanta Falcons,Carolina Panthers,0,7,0.4,99.6,83.0,110.0,193.0,260.0,53.0,313.0,game,Total,Over,,43.5,polymarket,108,—,—,,7.0,,miss,,,,—,,
2026-09-20T19:22:51.890725+00:00,nfl,2026,2,401872933,401872933775,1,7:29,"J.Bailey punts 49 yards to CAR 30, Center-L.McCullough. J.Coker to ATL 34 for 36 yards (J.Bailey; C.Woerner).PENALTY on ATL-H.Perkins, Illegal Formation, 5 yards, enforced at ATL 34.",4,5,ATL 21,21,-7,Atlanta Falcons,Carolina Panthers,0,7,0.4,99.6,83.0,110.0,193.0,260.0,53.0,313.0,game,Total,Under,,43.5,betfair,1687,—,—,,7.0,,hit,,,,—,,
2026-09-20T19:22:51.890725+00:00,nfl,2026,2,401872933,401872933775,1,7:29,"J.Bailey punts 49 yards to CAR 30, Center-L.McCullough. J.Coker to ATL 34 for 36 yards (J.Bailey; C.Woerner).PENALTY on ATL-H.Perkins, Illegal Formation, 5 yards, enforced at ATL 34.",4,5,ATL 21,21,-7,Atlanta Falcons,Carolina Panthers,0,7,0.4,99.6,83.0,110.0,193.0,260.0,53.0,313.0,game,ML,Carolina Panthers,,,pinnacle,-7457,—,—,,Win,,hit,,,,—,,
2026-09-20T19:22:51.890725+00:00,nfl,2026,2,401872933,401872933775,1,7:29,"J.Bailey punts 49 yards to CAR 30, Center-L.McCullough. J.Coker to ATL 34 for 36 yards (J.Bailey; C.Woerner).PENALTY on ATL-H.Perkins, Illegal Formation, 5 yards, enforced at ATL 34.",4,5,ATL 21,21,-7,Atlanta Falcons,Carolina Panthers,0,7,0.4,99.6,83.0,110.0,193.0,260.0,53.0,313.0,game,ML,Atlanta Falcons,,,kalshi,9900,—,—,,Loss,,miss,,,,—,,
2026-09-20T19:22:51.890725+00:00,nfl,2026,2,401872933,401872933817,1,7:15,B.Young pass short left to X.Legette to ATL 20 for 9 yards (C.Henderson).,1,10,ATL 29,29,-7,Atlanta Falcons,Carolina Panthers,0,7,0.4,99.6,83.0,110.0,193.0,260.0,53.0,313.0,game,Spread,Atlanta Falcons,,-9.5,novig,140,—,—,,-7,,miss,,,,—,,
2026-09-20T19:22:51.890725+00:00,nfl,2026,2,401872933,401872933817,1,7:15,B.Young pass short left to X.Legette to ATL 20 for 9 yards (C.Henderson).,1,10,ATL 29,29,-7,Atlanta Falcons,Carolina Panthers,0,7,0.4,99.6,83.0,110.0,193.0,260.0,53.0,313.0,game,Spread,Atlanta Falcons,,9.5,novig,140,—,—,,-7,,hit,,,,—,,
2026-09-20T19:22:51.890725+00:00,nfl,2026,2,401872933,401872933817,1,7:15,B.Young pass short left to X.Legette to ATL 20 for 9 yards (C.Henderson).,1,10,ATL 29,29,-7,Atlanta Falcons,Carolina Panthers,0,7,0.4,99.6,83.0,110.0,193.0,260.0,53.0,313.0,game,Total,Over,,43.5,polymarket,108,—,—,,7.0,,miss,,,,—,,
2026-09-20T19:22:51.890725+00:00,nfl,2026,2,401872933,401872933817,1,7:15,B.Young pass short left to X.Legette to ATL 20 for 9 yards (C.Henderson).,1,10,ATL 29,29,-7,Atlanta Falcons,Carolina Panthers,0,7,0.4,99.6,83.0,110.0,193.0,260.0,53.0,313.0,game,Total,Under,,43.5,betfair,1687,—,—,,7.0,,hit,,,,—,,
2026-09-20T19:22:51.890725+00:00,nfl,2026,2,401872933,401872933817,1,7:15,B.Young pass short left to X.Legette to ATL 20 for 9 yards (C.Henderson).,1,10,ATL 29,29,-7,Atlanta Falcons,Carolina Panthers,0,7,0.4,99.6,83.0,110.0,193.0,260.0,53.0,313.0,game,ML,Carolina Panthers,,,pinnacle,-7457,—,—,,Win,,hit,,,,—,,
2026-09-20T19:22:51.890725+00:00,nfl,2026,2,401872933,401872933817,1,7:15,B.Young pass short left to X.Legette to ATL 20 for 9 yards (C.Henderson).,1,10,ATL 29,29,-7,Atlanta Falcons,Carolina Panthers,0,7,0.4,99.6,83.0,110.0,193.0,260.0,53.0,313.0,game,ML,Atlanta Falcons,,,kalshi,9900,—,—,,Loss,,miss,,,,—,,
2026-09-20T19:22:51.890725+00:00,nfl,2026,2,401872933,401872933842,1,6:40,B.Young pass incomplete short left.,2,1,ATL 20,20,-7,Atlanta Falcons,Carolina Panthers,0,7,0.4,99.6,83.0,110.0,193.0,260.0,53.0,313.0,game,Spread,Atlanta Falcons,,-9.5,novig,140,—,—,,-7,,miss,,,,—,,
2026-09-20T19:22:51.890725+00:00,nfl,2026,2,401872933,401872933842,1,6:40,B.Young pass incomplete short left.,2,1,ATL 20,20,-7,Atlanta Falcons,Carolina Panthers,0,7,0.4,99.6,83.0,110.0,193.0,260.0,53.0,313.0,game,Spread,Atlanta Falcons,,9.5,novig,140,—,—,,-7,,hit,,,,—,,
2026-09-20T19:22:51.890725+00:00,nfl,2026,2,401872933,401872933842,1,6:40,B.Young pass incomplete short left.,2,1,ATL 20,20,-7,Atlanta Falcons,Carolina Panthers,0,7,0.4,99.6,83.0,110.0,193.0,260.0,53.0,313.0,game,Total,Over,,43.5,polymarket,108,—,—,,7.0,,miss,,,,—,,
2026-09-20T19:22:51.890725+00:00,nfl,2026,2,401872933,401872933842,1,6:40,B.Young pass incomplete short left.,2,1,ATL 20,20,-7,Atlanta Falcons,Carolina Panthers,0,7,0.4,99.6,83.0,110.0,193.0,260.0,53.0,313.0,game,Total,Under,,43.5,betfair,1687,—,—,,7.0,,hit,,,,—,,
2026-09-20T19:22:51.890725+00:00,nfl,2026,2,401872933,401872933842,1,6:40,B.Young pass incomplete short left.,2,1,ATL 20,20,-7,Atlanta Falcons,Carolina Panthers,0,7,0.4,99.6,83.0,110.0,193.0,260.0,53.0,313.0,game,ML,Carolina Panthers,,,pinnacle,-7457,—,—,,Win,,hit,,,,—,,
2026-09-20T19:22:51.890725+00:00,nfl,2026,2,401872933,401872933842,1,6:40,B.Young pass incomplete short left.,2,1,ATL 20,20,-7,Atlanta Falcons,Carolina Panthers,0,7,0.4,99.6,83.0,110.0,193.0,260.0,53.0,313.0,game,ML,Atlanta Falcons,,,kalshi,9900,—,—,,Loss,,miss,,,,—,,
2026-09-20T19:22:51.890725+00:00,nfl,2026,2,401872933,401872933865,1,6:36,(Shotgun) C.Bullock reported in as eligible.  C.Hubbard up the middle to ATL 17 for 3 yards (Z.Harrison).,3,1,ATL 20,20,-7,Atlanta Falcons,Carolina Panthers,0,7,0.4,99.6,83.0,110.0,193.0,260.0,53.0,313.0,game,Spread,Atlanta Falcons,,-9.5,novig,140,—,—,,-7,,miss,,,,—,,
2026-09-20T19:22:51.890725+00:00,nfl,2026,2,401872933,401872933865,1,6:36,(Shotgun) C.Bullock reported in as eligible.  C.Hubbard up the middle to ATL 17 for 3 yards (Z.Harrison).,3,1,ATL 20,20,-7,Atlanta Falcons,Carolina Panthers,0,7,0.4,99.6,83.0,110.0,193.0,260.0,53.0,313.0,game,Spread,Atlanta Falcons,,9.5,novig,140,—,—,,-7,,hit,,,,—,,
2026-09-20T19:22:51.890725+00:00,nfl,2026,2,401872933,401872933865,1,6:36,(Shotgun) C.Bullock reported in as eligible.  C.Hubbard up the middle to ATL 17 for 3 yards (Z.Harrison).,3,1,ATL 20,20,-7,Atlanta Falcons,Carolina Panthers,0,7,0.4,99.6,83.0,110.0,193.0,260.0,53.0,313.0,game,Total,Over,,43.5,polymarket,108,—,—,,7.0,,miss,,,,—,,
2026-09-20T19:22:51.890725+00:00,nfl,2026,2,401872933,401872933865,1,6:36,(Shotgun) C.Bullock reported in as eligible.  C.Hubbard up the middle to ATL 17 for 3 yards (Z.Harrison).,3,1,ATL 20,20,-7,Atlanta Falcons,Carolina Panthers,0,7,0.4,99.6,83.0,110.0,193.0,260.0,53.0,313.0,game,Total,Under,,43.5,betfair,1687,—,—,,7.0,,hit,,,,—,,
2026-09-20T19:22:51.890725+00:00,nfl,2026,2,401872933,401872933865,1,6:36,(Shotgun) C.Bullock reported in as eligible.  C.Hubbard up the middle to ATL 17 for 3 yards (Z.Harrison).,3,1,ATL 20,20,-7,Atlanta Falcons,Carolina Panthers,0,7,0.4,99.6,83.0,110.0,193.0,260.0,53.0,313.0,game,ML,Carolina Panthers,,,pinnacle,-7457,—,—,,Win,,hit,,,,—,,
2026-09-20T19:22:51.890725+00:00,nfl,2026,2,401872933,401872933865,1,6:36,(Shotgun) C.Bullock reported in as eligible.  C.Hubbard up the middle to ATL 17 for 3 yards (Z.Harrison).,3,1,ATL 20,20,-7,Atlanta Falcons,Carolina Panthers,0,7,0.4,99.6,83.0,110.0,193.0,260.0,53.0,313.0,game,ML,Atlanta Falcons,,,kalshi,9900,—,—,,Loss,,miss,,,,—,,
2026-09-20T19:22:51.890725+00:00,nfl,2026,2,401872933,401872933889,1,6:03,J.Brooks up the middle to ATL 14 for 3 yards (S.Ebukam; G.Dexter).,1,10,ATL 17,17,-7,Atlanta Falcons,Carolina Panthers,0,7,0.4,99.6,83.0,110.0,193.0,260.0,53.0,313.0,game,Spread,Atlanta Falcons,,-9.5,novig,140,—,—,,-7,,miss,,,,—,,
2026-09-20T19:22:51.890725+00:00,nfl,2026,2,401872933,401872933889,1,6:03,J.Brooks up the middle to ATL 14 for 3 yards (S.Ebukam; G.Dexter).,1,10,ATL 17,17,-7,Atlanta Falcons,Carolina Panthers,0,7,0.4,99.6,83.0,110.0,193.0,260.0,53.0,313.0,game,Spread,Atlanta Falcons,,9.5,novig,140,—,—,,-7,,hit,,,,—,,
2026-09-20T19:22:51.890725+00:00,nfl,2026,2,401872933,401872933889,1,6:03,J.Brooks up the middle to ATL 14 for 3 yards (S.Ebukam; G.Dexter).,1,10,ATL 17,17,-7,Atlanta Falcons,Carolina Panthers,0,7,0.4,99.6,83.0,110.0,193.0,260.0,53.0,313.0,game,Total,Over,,43.5,polymarket,108,—,—,,7.0,,miss,,,,—,,
2026-09-20T19:22:51.890725+00:00,nfl,2026,2,401872933,401872933889,1,6:03,J.Brooks up the middle to ATL 14 for 3 yards (S.Ebukam; G.Dexter).,1,10,ATL 17,17,-7,Atlanta Falcons,Carolina Panthers,0,7,0.4,99.6,83.0,110.0,193.0,260.0,53.0,313.0,game,Total,Under,,43.5,betfair,1687,—,—,,7.0,,hit,,,,—,,
2026-09-20T19:22:51.890725+00:00,nfl,2026,2,401872933,401872933889,1,6:03,J.Brooks up the middle to ATL 14 for 3 yards (S.Ebukam; G.Dexter).,1,10,ATL 17,17,-7,Atlanta Falcons,Carolina Panthers,0,7,0.4,99.6,83.0,110.0,193.0,260.0,53.0,313.0,game,ML,Carolina Panthers,,,pinnacle,-7457,—,—,,Win,,hit,,,,—,,
2026-09-20T19:22:51.890725+00:00,nfl,2026,2,401872933,401872933889,1,6:03,J.Brooks up the middle to ATL 14 for 3 yards (S.Ebukam; G.Dexter).,1,10,ATL 17,17,-7,Atlanta Falcons,Carolina Panthers,0,7,0.4,99.6,83.0,110.0,193.0,260.0,53.0,313.0,game,ML,Atlanta Falcons,,,kalshi,9900,—,—,,Loss,,miss,,,,—,,
2026-09-20T19:22:51.890725+00:00,nfl,2026,2,401872933,401872933911,1,5:24,(Shotgun) B.Young pass short left to J.Brooks to ATL 19 for -5 yards (C.Henderson).,2,7,ATL 14,14,-7,Atlanta Falcons,Carolina Panthers,0,7,0.4,99.6,83.0,110.0,193.0,260.0,53.0,313.0,game,Spread,Atlanta Falcons,,-9.5,novig,140,—,—,,-7,,miss,,,,—,,
2026-09-20T19:22:51.890725+00:00,nfl,2026,2,401872933,401872933911,1,5:24,(Shotgun) B.Young pass short left to J.Brooks to ATL 19 for -5 yards (C.Henderson).,2,7,ATL 14,14,-7,Atlanta Falcons,Carolina Panthers,0,7,0.4,99.6,83.0,110.0,193.0,260.0,53.0,313.0,game,Spread,Atlanta Falcons,,9.5,novig,140,—,—,,-7,,hit,,,,—,,
2026-09-20T19:22:51.890725+00:00,nfl,2026,2,401872933,401872933911,1,5:24,(Shotgun) B.Young pass short left to J.Brooks to ATL 19 for -5 yards (C.Henderson).,2,7,ATL 14,14,-7,Atlanta Falcons,Carolina Panthers,0,7,0.4,99.6,83.0,110.0,193.0,260.0,53.0,313.0,game,Total,Over,,43.5,polymarket,108,—,—,,7.0,,miss,,,,—,,
2026-09-20T19:22:51.890725+00:00,nfl,2026,2,401872933,401872933911,1,5:24,(Shotgun) B.Young pass short left to J.Brooks to ATL 19 for -5 yards (C.Henderson).,2,7,ATL 14,14,-7,Atlanta Falcons,Carolina Panthers,0,7,0.4,99.6,83.0,110.0,193.0,260.0,53.0,313.0,game,Total,Under,,43.5,betfair,1687,—,—,,7.0,,hit,,,,—,,
2026-09-20T19:22:51.890725+00:00,nfl,2026,2,401872933,401872933911,1,5:24,(Shotgun) B.Young pass short left to J.Brooks to ATL 19 for -5 yards (C.Henderson).,2,7,ATL 14,14,-7,Atlanta Falcons,Carolina Panthers,0,7,0.4,99.6,83.0,110.0,193.0,260.0,53.0,313.0,game,ML,Carolina Panthers,,,pinnacle,-7457,—,—,,Win,,hit,,,,—,,
2026-09-20T19:22:51.890725+00:00,nfl,2026,2,401872933,401872933911,1,5:24,(Shotgun) B.Young pass short left to J.Brooks to ATL 19 for -5 yards (C.Henderson).,2,7,ATL 14,14,-7,Atlanta Falcons,Carolina Panthers,0,7,0.4,99.6,83.0,110.0,193.0,260.0,53.0,313.0,game,ML,Atlanta Falcons,,,kalshi,9900,—,—,,Loss,,miss,,,,—,,
2026-09-20T19:22:51.890725+00:00,nfl,2026,2,401872933,401872933936,1,4:39,(Shotgun) B.Young pass incomplete deep left to X.Legette [B.Dorlus].,3,12,ATL 19,19,-7,Atlanta Falcons,Carolina Panthers,0,7,0.4,99.6,83.0,110.0,193.0,260.0,53.0,313.0,game,Spread,Atlanta Falcons,,-9.5,novig,140,—,—,,-7,,miss,,,,—,,
2026-09-20T19:22:51.890725+00:00,nfl,2026,2,401872933,401872933936,1,4:39,(Shotgun) B.Young pass incomplete deep left to X.Legette [B.Dorlus].,3,12,ATL 19,19,-7,Atlanta Falcons,Carolina Panthers,0,7,0.4,99.6,83.0,110.0,193.0,260.0,53.0,313.0,game,Spread,Atlanta Falcons,,9.5,novig,140,—,—,,-7,,hit,,,,—,,
2026-09-20T19:22:51.890725+00:00,nfl,2026,2,401872933,401872933936,1,4:39,(Shotgun) B.Young pass incomplete deep left to X.Legette [B.Dorlus].,3,12,ATL 19,19,-7,Atlanta Falcons,Carolina Panthers,0,7,0.4,99.6,83.0,110.0,193.0,260.0,53.0,313.0,game,Total,Over,,43.5,polymarket,108,—,—,,7.0,,miss,,,,—,,
2026-09-20T19:22:51.890725+00:00,nfl,2026,2,401872933,401872933936,1,4:39,(Shotgun) B.Young pass incomplete deep left to X.Legette [B.Dorlus].,3,12,ATL 19,19,-7,Atlanta Falcons,Carolina Panthers,0,7,0.4,99.6,83.0,110.0,193.0,260.0,53.0,313.0,game,Total,Under,,43.5,betfair,1687,—,—,,7.0,,hit,,,,—,,
2026-09-20T19:22:51.890725+00:00,nfl,2026,2,401872933,401872933936,1,4:39,(Shotgun) B.Young pass incomplete deep left to X.Legette [B.Dorlus].,3,12,ATL 19,19,-7,Atlanta Falcons,Carolina Panthers,0,7,0.4,99.6,83.0,110.0,193.0,260.0,53.0,313.0,game,ML,Carolina Panthers,,,pinnacle,-7457,—,—,,Win,,hit,,,,—,,
2026-09-20T19:22:51.890725+00:00,nfl,2026,2,401872933,401872933936,1,4:39,(Shotgun) B.Young pass incomplete deep left to X.Legette [B.Dorlus].,3,12,ATL 19,19,-7,Atlanta Falcons,Carolina Panthers,0,7,0.4,99.6,83.0,110.0,193.0,260.0,53.0,313.0,game,ML,Atlanta Falcons,,,kalshi,9900,—,—,,Loss,,miss,,,,—,,
2026-09-20T19:22:51.890725+00:00,nfl,2026,2,401872933,401872933969,1,4:29,Official Timeout at 04:29.,-1,6,CAR 35,65,-10,Atlanta Falcons,Carolina Panthers,0,10,0.4,99.6,83.0,110.0,193.0,260.0,53.0,313.0,game,Spread,Atlanta Falcons,,-9.5,novig,140,—,—,,-10,,miss,,,,—,,
2026-09-20T19:22:51.890725+00:00,nfl,2026,2,401872933,401872933969,1,4:29,Official Timeout at 04:29.,-1,6,CAR 35,65,-10,Atlanta Falcons,Carolina Panthers,0,10,0.4,99.6,83.0,110.0,193.0,260.0,53.0,313.0,game,Spread,Atlanta Falcons,,9.5,novig,140,—,—,,-10,,miss,,,,—,,
2026-09-20T19:22:51.890725+00:00,nfl,2026,2,401872933,401872933969,1,4:29,Official Timeout at 04:29.,-1,6,CAR 35,65,-10,Atlanta Falcons,Carolina Panthers,0,10,0.4,99.6,83.0,110.0,193.0,260.0,53.0,313.0,game,Total,Over,,43.5,polymarket,108,—,—,,10.0,,miss,,,,—,,
2026-09-20T19:22:51.890725+00:00,nfl,2026,2,401872933,401872933969,1,4:29,Official Timeout at 04:29.,-1,6,CAR 35,65,-10,Atlanta Falcons,Carolina Panthers,0,10,0.4,99.6,83.0,110.0,193.0,260.0,53.0,313.0,game,Total,Under,,43.5,betfair,1687,—,—,,10.0,,hit,,,,—,,
2026-09-20T19:22:51.890725+00:00,nfl,2026,2,401872933,401872933969,1,4:29,Official Timeout at 04:29.,-1,6,CAR 35,65,-10,Atlanta Falcons,Carolina Panthers,0,10,0.4,99.6,83.0,110.0,193.0,260.0,53.0,313.0,game,ML,Carolina Panthers,,,pinnacle,-7457,—,—,,Win,,hit,,,,—,,
2026-09-20T19:22:51.890725+00:00,nfl,2026,2,401872933,401872933969,1,4:29,Official Timeout at 04:29.,-1,6,CAR 35,65,-10,Atlanta Falcons,Carolina Panthers,0,10,0.4,99.6,83.0,110.0,193.0,260.0,53.0,313.0,game,ML,Atlanta Falcons,,,kalshi,9900,—,—,,Loss,,miss,,,,—,,
2026-09-20T19:22:51.890725+00:00,nfl,2026,2,401872933,401872933959,1,4:29,"R.Fitzgerald 37 yard field goal is GOOD, Center-J.Jansen, Holder-S.Martin.",4,12,ATL 19,19,-10,Atlanta Falcons,Carolina Panthers,0,10,0.4,99.6,83.0,110.0,193.0,260.0,53.0,313.0,game,Spread,Atlanta Falcons,,-9.5,novig,140,—,—,,-10,,miss,,,,—,,
2026-09-20T19:22:51.890725+00:00,nfl,2026,2,401872933,401872933959,1,4:29,"R.Fitzgerald 37 yard field goal is GOOD, Center-J.Jansen, Holder-S.Martin.",4,12,ATL 19,19,-10,Atlanta Falcons,Carolina Panthers,0,10,0.4,99.6,83.0,110.0,193.0,260.0,53.0,313.0,game,Spread,Atlanta Falcons,,9.5,novig,140,—,—,,-10,,miss,,,,—,,
2026-09-20T19:22:51.890725+00:00,nfl,2026,2,401872933,401872933959,1,4:29,"R.Fitzgerald 37 yard field goal is GOOD, Center-J.Jansen, Holder-S.Martin.",4,12,ATL 19,19,-10,Atlanta Falcons,Carolina Panthers,0,10,0.4,99.6,83.0,110.0,193.0,260.0,53.0,313.0,game,Total,Over,,43.5,polymarket,108,—,—,,10.0,,miss,,,,—,,
2026-09-20T19:22:51.890725+00:00,nfl,2026,2,401872933,401872933959,1,4:29,"R.Fitzgerald 37 yard field goal is GOOD, Center-J.Jansen, Holder-S.Martin.",4,12,ATL 19,19,-10,Atlanta Falcons,Carolina Panthers,0,10,0.4,99.6,83.0,110.0,193.0,260.0,53.0,313.0,game,Total,Under,,43.5,betfair,1687,—,—,,10.0,,hit,,,,—,,
2026-09-20T19:22:51.890725+00:00,nfl,2026,2,401872933,401872933959,1,4:29,"R.Fitzgerald 37 yard field goal is GOOD, Center-J.Jansen, Holder-S.Martin.",4,12,ATL 19,19,-10,Atlanta Falcons,Carolina Panthers,0,10,0.4,99.6,83.0,110.0,193.0,260.0,53.0,313.0,game,ML,Carolina Panthers,,,pinnacle,-7457,—,—,,Win,,hit,,,,—,,
2026-09-20T19:22:51.890725+00:00,nfl,2026,2,401872933,401872933959,1,4:29,"R.Fitzgerald 37 yard field goal is GOOD, Center-J.Jansen, Holder-S.Martin.",4,12,ATL 19,19,-10,Atlanta Falcons,Carolina Panthers,0,10,0.4,99.6,83.0,110.0,193.0,260.0,53.0,313.0,game,ML,Atlanta Falcons,,,kalshi,9900,—,—,,Loss,,miss,,,,—,,
2026-09-20T19:22:51.890725+00:00,nfl,2026,2,401872933,401872933979,1,4:29,R.Fitzgerald kicks 56 yards from CAR 35 to ATL 9. O.Zaccheaus to ATL 30 for 21 yards (B.Tremayne). CAR-C.Cherelus was injured during the play.,2,6,ATL 6,65,-10,Atlanta Falcons,Carolina Panthers,0,10,0.4,99.6,83.0,110.0,193.0,260.0,53.0,313.0,game,Spread,Atlanta Falcons,,-9.5,novig,140,—,—,,-10,,miss,,,,—,,
2026-09-20T19:22:51.890725+00:00,nfl,2026,2,401872933,401872933979,1,4:29,R.Fitzgerald kicks 56 yards from CAR 35 to ATL 9. O.Zaccheaus to ATL 30 for 21 yards (B.Tremayne). CAR-C.Cherelus was injured during the play.,2,6,ATL 6,65,-10,Atlanta Falcons,Carolina Panthers,0,10,0.4,99.6,83.0,110.0,193.0,260.0,53.0,313.0,game,Spread,Atlanta Falcons,,9.5,novig,140,—,—,,-10,,miss,,,,—,,
2026-09-20T19:22:51.890725+00:00,nfl,2026,2,401872933,401872933979,1,4:29,R.Fitzgerald kicks 56 yards from CAR 35 to ATL 9. O.Zaccheaus to ATL 30 for 21 yards (B.Tremayne). CAR-C.Cherelus was injured during the play.,2,6,ATL 6,65,-10,Atlanta Falcons,Carolina Panthers,0,10,0.4,99.6,83.0,110.0,193.0,260.0,53.0,313.0,game,Total,Over,,43.5,polymarket,108,—,—,,10.0,,miss,,,,—,,
2026-09-20T19:22:51.890725+00:00,nfl,2026,2,401872933,401872933979,1,4:29,R.Fitzgerald kicks 56 yards from CAR 35 to ATL 9. O.Zaccheaus to ATL 30 for 21 yards (B.Tremayne). CAR-C.Cherelus was injured during the play.,2,6,ATL 6,65,-10,Atlanta Falcons,Carolina Panthers,0,10,0.4,99.6,83.0,110.0,193.0,260.0,53.0,313.0,game,Total,Under,,43.5,betfair,1687,—,—,,10.0,,hit,,,,—,,
2026-09-20T19:22:51.890725+00:00,nfl,2026,2,401872933,401872933979,1,4:29,R.Fitzgerald kicks 56 yards from CAR 35 to ATL 9. O.Zaccheaus to ATL 30 for 21 yards (B.Tremayne). CAR-C.Cherelus was injured during the play.,2,6,ATL 6,65,-10,Atlanta Falcons,Carolina Panthers,0,10,0.4,99.6,83.0,110.0,193.0,260.0,53.0,313.0,game,ML,Carolina Panthers,,,pinnacle,-7457,—,—,,Win,,hit,,,,—,,
2026-09-20T19:22:51.890725+00:00,nfl,2026,2,401872933,401872933979,1,4:29,R.Fitzgerald kicks 56 yards from CAR 35 to ATL 9. O.Zaccheaus to ATL 30 for 21 yards (B.Tremayne). CAR-C.Cherelus was injured during the play.,2,6,ATL 6,65,-10,Atlanta Falcons,Carolina Panthers,0,10,0.4,99.6,83.0,110.0,193.0,260.0,53.0,313.0,game,ML,Atlanta Falcons,,,kalshi,9900,—,—,,Loss,,miss,,,,—,,
2026-09-20T19:22:51.890725+00:00,nfl,2026,2,401872933,4018729331012,1,4:23,(Shotgun) C.Rush pass short middle to D.London to ATL 44 for 14 yards (B.Okereke; L.Ransom).,1,10,ATL 30,30,-10,Atlanta Falcons,Carolina Panthers,0,10,0.4,99.6,83.0,110.0,193.0,260.0,53.0,313.0,game,Spread,Atlanta Falcons,,-9.5,novig,140,—,—,,-10,,miss,,,,—,,
2026-09-20T19:22:51.890725+00:00,nfl,2026,2,401872933,4018729331012,1,4:23,(Shotgun) C.Rush pass short middle to D.London to ATL 44 for 14 yards (B.Okereke; L.Ransom).,1,10,ATL 30,30,-10,Atlanta Falcons,Carolina Panthers,0,10,0.4,99.6,83.0,110.0,193.0,260.0,53.0,313.0,game,Spread,Atlanta Falcons,,9.5,novig,140,—,—,,-10,,miss,,,,—,,
2026-09-20T19:22:51.890725+00:00,nfl,2026,2,401872933,4018729331012,1,4:23,(Shotgun) C.Rush pass short middle to D.London to ATL 44 for 14 yards (B.Okereke; L.Ransom).,1,10,ATL 30,30,-10,Atlanta Falcons,Carolina Panthers,0,10,0.4,99.6,83.0,110.0,193.0,260.0,53.0,313.0,game,Total,Over,,43.5,polymarket,108,—,—,,10.0,,miss,,,,—,,
2026-09-20T19:22:51.890725+00:00,nfl,2026,2,401872933,4018729331012,1,4:23,(Shotgun) C.Rush pass short middle to D.London to ATL 44 for 14 yards (B.Okereke; L.Ransom).,1,10,ATL 30,30,-10,Atlanta Falcons,Carolina Panthers,0,10,0.4,99.6,83.0,110.0,193.0,260.0,53.0,313.0,game,Total,Under,,43.5,betfair,1687,—,—,,10.0,,hit,,,,—,,
2026-09-20T19:22:51.890725+00:00,nfl,2026,2,401872933,4018729331012,1,4:23,(Shotgun) C.Rush pass short middle to D.London to ATL 44 for 14 yards (B.Okereke; L.Ransom).,1,10,ATL 30,30,-10,Atlanta Falcons,Carolina Panthers,0,10,0.4,99.6,83.0,110.0,193.0,260.0,53.0,313.0,game,ML,Carolina Panthers,,,pinnacle,-7457,—,—,,Win,,hit,,,,—,,
2026-09-20T19:22:51.890725+00:00,nfl,2026,2,401872933,4018729331012,1,4:23,(Shotgun) C.Rush pass short middle to D.London to ATL 44 for 14 yards (B.Okereke; L.Ransom).,1,10,ATL 30,30,-10,Atlanta Falcons,Carolina Panthers,0,10,0.4,99.6,83.0,110.0,193.0,260.0,53.0,313.0,game,ML,Atlanta Falcons,,,kalshi,9900,—,—,,Loss,,miss,,,,—,,
2026-09-20T19:22:51.890725+00:00,nfl,2026,2,401872933,4018729331042,1,3:49,Br.Robinson left guard to CAR 47 for 9 yards (D.Lloyd).,1,10,ATL 44,44,-10,Atlanta Falcons,Carolina Panthers,0,10,0.4,99.6,83.0,110.0,193.0,260.0,53.0,313.0,game,Spread,Atlanta Falcons,,-9.5,novig,140,—,—,,-10,,miss,,,,—,,
2026-09-20T19:22:51.890725+00:00,nfl,2026,2,401872933,4018729331042,1,3:49,Br.Robinson left guard to CAR 47 for 9 yards (D.Lloyd).,1,10,ATL 44,44,-10,Atlanta Falcons,Carolina Panthers,0,10,0.4,99.6,83.0,110.0,193.0,260.0,53.0,313.0,game,Spread,Atlanta Falcons,,9.5,novig,140,—,—,,-10,,miss,,,,—,,
2026-09-20T19:22:51.890725+00:00,nfl,2026,2,401872933,4018729331042,1,3:49,Br.Robinson left guard to CAR 47 for 9 yards (D.Lloyd).,1,10,ATL 44,44,-10,Atlanta Falcons,Carolina Panthers,0,10,0.4,99.6,83.0,110.0,193.0,260.0,53.0,313.0,game,Total,Over,,43.5,polymarket,108,—,—,,10.0,,miss,,,,—,,
2026-09-20T19:22:51.890725+00:00,nfl,2026,2,401872933,4018729331042,1,3:49,Br.Robinson left guard to CAR 47 for 9 yards (D.Lloyd).,1,10,ATL 44,44,-10,Atlanta Falcons,Carolina Panthers,0,10,0.4,99.6,83.0,110.0,193.0,260.0,53.0,313.0,game,Total,Under,,43.5,betfair,1687,—,—,,10.0,,hit,,,,—,,
2026-09-20T19:22:51.890725+00:00,nfl,2026,2,401872933,4018729331042,1,3:49,Br.Robinson left guard to CAR 47 for 9 yards (D.Lloyd).,1,10,ATL 44,44,-10,Atlanta Falcons,Carolina Panthers,0,10,0.4,99.6,83.0,110.0,193.0,260.0,53.0,313.0,game,ML,Carolina Panthers,,,pinnacle,-7457,—,—,,Win,,hit,,,,—,,
2026-09-20T19:22:51.890725+00:00,nfl,2026,2,401872933,4018729331042,1,3:49,Br.Robinson left guard to CAR 47 for 9 yards (D.Lloyd).,1,10,ATL 44,44,-10,Atlanta Falcons,Carolina Panthers,0,10,0.4,99.6,83.0,110.0,193.0,260.0,53.0,313.0,game,ML,Atlanta Falcons,,,kalshi,9900,—,—,,Loss,,miss,,,,—,,
2026-09-20T19:22:51.890725+00:00,nfl,2026,2,401872933,4018729331064,1,3:10,Br.Robinson left guard to CAR 40 for 7 yards (A.Hall; J.Moon).,2,1,CAR 47,53,-10,Atlanta Falcons,Carolina Panthers,0,10,0.4,99.6,83.0,110.0,193.0,260.0,53.0,313.0,game,Spread,Atlanta Falcons,,-9.5,novig,140,—,—,,-10,,miss,,,,—,,
2026-09-20T19:22:51.890725+00:00,nfl,2026,2,401872933,4018729331064,1,3:10,Br.Robinson left guard to CAR 40 for 7 yards (A.Hall; J.Moon).,2,1,CAR 47,53,-10,Atlanta Falcons,Carolina Panthers,0,10,0.4,99.6,83.0,110.0,193.0,260.0,53.0,313.0,game,Spread,Atlanta Falcons,,9.5,novig,140,—,—,,-10,,miss,,,,—,,
2026-09-20T19:22:51.890725+00:00,nfl,2026,2,401872933,4018729331064,1,3:10,Br.Robinson left guard to CAR 40 for 7 yards (A.Hall; J.Moon).,2,1,CAR 47,53,-10,Atlanta Falcons,Carolina Panthers,0,10,0.4,99.6,83.0,110.0,193.0,260.0,53.0,313.0,game,Total,Over,,43.5,polymarket,108,—,—,,10.0,,miss,,,,—,,
2026-09-20T19:22:51.890725+00:00,nfl,2026,2,401872933,4018729331064,1,3:10,Br.Robinson left guard to CAR 40 for 7 yards (A.Hall; J.Moon).,2,1,CAR 47,53,-10,Atlanta Falcons,Carolina Panthers,0,10,0.4,99.6,83.0,110.0,193.0,260.0,53.0,313.0,game,Total,Under,,43.5,betfair,1687,—,—,,10.0,,hit,,,,—,,
2026-09-20T19:22:51.890725+00:00,nfl,2026,2,401872933,4018729331064,1,3:10,Br.Robinson left guard to CAR 40 for 7 yards (A.Hall; J.Moon).,2,1,CAR 47,53,-10,Atlanta Falcons,Carolina Panthers,0,10,0.4,99.6,83.0,110.0,193.0,260.0,53.0,313.0,game,ML,Carolina Panthers,,,pinnacle,-7457,—,—,,Win,,hit,,,,—,,
2026-09-20T19:22:51.890725+00:00,nfl,2026,2,401872933,4018729331064,1,3:10,Br.Robinson left guard to CAR 40 for 7 yards (A.Hall; J.Moon).,2,1,CAR 47,53,-10,Atlanta Falcons,Carolina Panthers,0,10,0.4,99.6,83.0,110.0,193.0,260.0,53.0,313.0,game,ML,Atlanta Falcons,,,kalshi,9900,—,—,,Loss,,miss,,,,—,,
2026-09-20T19:22:51.890725+00:00,nfl,2026,2,401872933,4018729331086,1,2:31,(Shotgun) C.Rush pass short right to Z.Branch to CAR 37 for 3 yards (Z.Wheatley).,1,10,CAR 40,60,-10,Atlanta Falcons,Carolina Panthers,0,10,0.4,99.6,83.0,110.0,193.0,260.0,53.0,313.0,game,Spread,Atlanta Falcons,,-9.5,novig,140,—,—,,-10,,miss,,,,—,,
2026-09-20T19:22:51.890725+00:00,nfl,2026,2,401872933,4018729331086,1,2:31,(Shotgun) C.Rush pass short right to Z.Branch to CAR 37 for 3 yards (Z.Wheatley).,1,10,CAR 40,60,-10,Atlanta Falcons,Carolina Panthers,0,10,0.4,99.6,83.0,110.0,193.0,260.0,53.0,313.0,game,Spread,Atlanta Falcons,,9.5,novig,140,—,—,,-10,,miss,,,,—,,
2026-09-20T19:22:51.890725+00:00,nfl,2026,2,401872933,4018729331086,1,2:31,(Shotgun) C.Rush pass short right to Z.Branch to CAR 37 for 3 yards (Z.Wheatley).,1,10,CAR 40,60,-10,Atlanta Falcons,Carolina Panthers,0,10,0.4,99.6,83.0,110.0,193.0,260.0,53.0,313.0,game,Total,Over,,43.5,polymarket,108,—,—,,10.0,,miss,,,,—,,
2026-09-20T19:22:51.890725+00:00,nfl,2026,2,401872933,4018729331086,1,2:31,(Shotgun) C.Rush pass short right to Z.Branch to CAR 37 for 3 yards (Z.Wheatley).,1,10,CAR 40,60,-10,Atlanta Falcons,Carolina Panthers,0,10,0.4,99.6,83.0,110.0,193.0,260.0,53.0,313.0,game,Total,Under,,43.5,betfair,1687,—,—,,10.0,,hit,,,,—,,
2026-09-20T19:22:51.890725+00:00,nfl,2026,2,401872933,4018729331086,1,2:31,(Shotgun) C.Rush pass short right to Z.Branch to CAR 37 for 3 yards (Z.Wheatley).,1,10,CAR 40,60,-10,Atlanta Falcons,Carolina Panthers,0,10,0.4,99.6,83.0,110.0,193.0,260.0,53.0,313.0,game,ML,Carolina Panthers,,,pinnacle,-7457,—,—,,Win,,hit,,,,—,,
2026-09-20T19:22:51.890725+00:00,nfl,2026,2,401872933,4018729331086,1,2:31,(Shotgun) C.Rush pass short right to Z.Branch to CAR 37 for 3 yards (Z.Wheatley).,1,10,CAR 40,60,-10,Atlanta Falcons,Carolina Panthers,0,10,0.4,99.6,83.0,110.0,193.0,260.0,53.0,313.0,game,ML,Atlanta Falcons,,,kalshi,9900,—,—,,Loss,,miss,,,,—,,
2026-09-20T19:22:51.890725+00:00,nfl,2026,2,401872933,4018729331111,1,1:56,(Shotgun) Bi.Robinson right guard to CAR 32 for 5 yards (A.Hall; D.Brown).,2,7,CAR 37,63,-10,Atlanta Falcons,Carolina Panthers,0,10,0.4,99.6,83.0,110.0,193.0,260.0,53.0,313.0,game,Spread,Atlanta Falcons,,-9.5,novig,140,—,—,,-10,,miss,,,,—,,
2026-09-20T19:22:51.890725+00:00,nfl,2026,2,401872933,4018729331111,1,1:56,(Shotgun) Bi.Robinson right guard to CAR 32 for 5 yards (A.Hall; D.Brown).,2,7,CAR 37,63,-10,Atlanta Falcons,Carolina Panthers,0,10,0.4,99.6,83.0,110.0,193.0,260.0,53.0,313.0,game,Spread,Atlanta Falcons,,9.5,novig,140,—,—,,-10,,miss,,,,—,,
2026-09-20T19:22:51.890725+00:00,nfl,2026,2,401872933,4018729331111,1,1:56,(Shotgun) Bi.Robinson right guard to CAR 32 for 5 yards (A.Hall; D.Brown).,2,7,CAR 37,63,-10,Atlanta Falcons,Carolina Panthers,0,10,0.4,99.6,83.0,110.0,193.0,260.0,53.0,313.0,game,Total,Over,,43.5,polymarket,108,—,—,,10.0,,miss,,,,—,,
2026-09-20T19:22:51.890725+00:00,nfl,2026,2,401872933,4018729331111,1,1:56,(Shotgun) Bi.Robinson right guard to CAR 32 for 5 yards (A.Hall; D.Brown).,2,7,CAR 37,63,-10,Atlanta Falcons,Carolina Panthers,0,10,0.4,99.6,83.0,110.0,193.0,260.0,53.0,313.0,game,Total,Under,,43.5,betfair,1687,—,—,,10.0,,hit,,,,—,,
2026-09-20T19:22:51.890725+00:00,nfl,2026,2,401872933,4018729331111,1,1:56,(Shotgun) Bi.Robinson right guard to CAR 32 for 5 yards (A.Hall; D.Brown).,2,7,CAR 37,63,-10,Atlanta Falcons,Carolina Panthers,0,10,0.4,99.6,83.0,110.0,193.0,260.0,53.0,313.0,game,ML,Carolina Panthers,,,pinnacle,-7457,—,—,,Win,,hit,,,,—,,
2026-09-20T19:22:51.890725+00:00,nfl,2026,2,401872933,4018729331111,1,1:56,(Shotgun) Bi.Robinson right guard to CAR 32 for 5 yards (A.Hall; D.Brown).,2,7,CAR 37,63,-10,Atlanta Falcons,Carolina Panthers,0,10,0.4,99.6,83.0,110.0,193.0,260.0,53.0,313.0,game,ML,Atlanta Falcons,,,kalshi,9900,—,—,,Loss,,miss,,,,—,,
2026-09-20T19:22:51.890725+00:00,nfl,2026,2,401872933,4018729331133,1,1:20,Bi.Robinson right guard to CAR 31 for 1 yard (D.Lloyd; B.Okereke).,3,2,CAR 32,68,-10,Atlanta Falcons,Carolina Panthers,0,10,0.4,99.6,83.0,110.0,193.0,260.0,53.0,313.0,game,Spread,Atlanta Falcons,,-9.5,novig,140,—,—,,-10,,miss,,,,—,,
2026-09-20T19:22:51.890725+00:00,nfl,2026,2,401872933,4018729331133,1,1:20,Bi.Robinson right guard to CAR 31 for 1 yard (D.Lloyd; B.Okereke).,3,2,CAR 32,68,-10,Atlanta Falcons,Carolina Panthers,0,10,0.4,99.6,83.0,110.0,193.0,260.0,53.0,313.0,game,Spread,Atlanta Falcons,,9.5,novig,140,—,—,,-10,,miss,,,,—,,
2026-09-20T19:22:51.890725+00:00,nfl,2026,2,401872933,4018729331133,1,1:20,Bi.Robinson right guard to CAR 31 for 1 yard (D.Lloyd; B.Okereke).,3,2,CAR 32,68,-10,Atlanta Falcons,Carolina Panthers,0,10,0.4,99.6,83.0,110.0,193.0,260.0,53.0,313.0,game,Total,Over,,43.5,polymarket,108,—,—,,10.0,,miss,,,,—,,
2026-09-20T19:22:51.890725+00:00,nfl,2026,2,401872933,4018729331133,1,1:20,Bi.Robinson right guard to CAR 31 for 1 yard (D.Lloyd; B.Okereke).,3,2,CAR 32,68,-10,Atlanta Falcons,Carolina Panthers,0,10,0.4,99.6,83.0,110.0,193.0,260.0,53.0,313.0,game,Total,Under,,43.5,betfair,1687,—,—,,10.0,,hit,,,,—,,
2026-09-20T19:22:51.890725+00:00,nfl,2026,2,401872933,4018729331133,1,1:20,Bi.Robinson right guard to CAR 31 for 1 yard (D.Lloyd; B.Okereke).,3,2,CAR 32,68,-10,Atlanta Falcons,Carolina Panthers,0,10,0.4,99.6,83.0,110.0,193.0,260.0,53.0,313.0,game,ML,Carolina Panthers,,,pinnacle,-7457,—,—,,Win,,hit,,,,—,,
2026-09-20T19:22:51.890725+00:00,nfl,2026,2,401872933,4018729331133,1,1:20,Bi.Robinson right guard to CAR 31 for 1 yard (D.Lloyd; B.Okereke).,3,2,CAR 32,68,-10,Atlanta Falcons,Carolina Panthers,0,10,0.4,99.6,83.0,110.0,193.0,260.0,53.0,313.0,game,ML,Atlanta Falcons,,,kalshi,9900,—,—,,Loss,,miss,,,,—,,
2026-09-20T19:22:51.890725+00:00,nfl,2026,2,401872933,4018729331155,1,0:46,D.London left end to CAR 33 for -2 yards (D.Lloyd).,4,1,CAR 31,69,-10,Atlanta Falcons,Carolina Panthers,0,10,0.4,99.6,83.0,110.0,193.0,260.0,53.0,313.0,game,Spread,Atlanta Falcons,,-9.5,novig,140,—,—,,-10,,miss,,,,—,,
2026-09-20T19:22:51.890725+00:00,nfl,2026,2,401872933,4018729331155,1,0:46,D.London left end to CAR 33 for -2 yards (D.Lloyd).,4,1,CAR 31,69,-10,Atlanta Falcons,Carolina Panthers,0,10,0.4,99.6,83.0,110.0,193.0,260.0,53.0,313.0,game,Spread,Atlanta Falcons,,9.5,novig,140,—,—,,-10,,miss,,,,—,,
2026-09-20T19:22:51.890725+00:00,nfl,2026,2,401872933,4018729331155,1,0:46,D.London left end to CAR 33 for -2 yards (D.Lloyd).,4,1,CAR 31,69,-10,Atlanta Falcons,Carolina Panthers,0,10,0.4,99.6,83.0,110.0,193.0,260.0,53.0,313.0,game,Total,Over,,43.5,polymarket,108,—,—,,10.0,,miss,,,,—,,
2026-09-20T19:22:51.890725+00:00,nfl,2026,2,401872933,4018729331155,1,0:46,D.London left end to CAR 33 for -2 yards (D.Lloyd).,4,1,CAR 31,69,-10,Atlanta Falcons,Carolina Panthers,0,10,0.4,99.6,83.0,110.0,193.0,260.0,53.0,313.0,game,Total,Under,,43.5,betfair,1687,—,—,,10.0,,hit,,,,—,,
2026-09-20T19:22:51.890725+00:00,nfl,2026,2,401872933,4018729331155,1,0:46,D.London left end to CAR 33 for -2 yards (D.Lloyd).,4,1,CAR 31,69,-10,Atlanta Falcons,Carolina Panthers,0,10,0.4,99.6,83.0,110.0,193.0,260.0,53.0,313.0,game,ML,Carolina Panthers,,,pinnacle,-7457,—,—,,Win,,hit,,,,—,,
2026-09-20T19:22:51.890725+00:00,nfl,2026,2,401872933,4018729331155,1,0:46,D.London left end to CAR 33 for -2 yards (D.Lloyd).,4,1,CAR 31,69,-10,Atlanta Falcons,Carolina Panthers,0,10,0.4,99.6,83.0,110.0,193.0,260.0,53.0,313.0,game,ML,Atlanta Falcons,,,kalshi,9900,—,—,,Loss,,miss,,,,—,,
2026-09-20T19:22:51.890725+00:00,nfl,2026,2,401872933,4018729331177,1,0:40,(Shotgun) B.Young pass short left to T.McMillan to CAR 41 for 8 yards (D.Deablo).,1,10,CAR 33,67,-10,Atlanta Falcons,Carolina Panthers,0,10,0.4,99.6,83.0,110.0,193.0,260.0,53.0,313.0,game,Spread,Atlanta Falcons,,-9.5,novig,140,—,—,,-10,,miss,,,,—,,
2026-09-20T19:22:51.890725+00:00,nfl,2026,2,401872933,4018729331177,1,0:40,(Shotgun) B.Young pass short left to T.McMillan to CAR 41 for 8 yards (D.Deablo).,1,10,CAR 33,67,-10,Atlanta Falcons,Carolina Panthers,0,10,0.4,99.6,83.0,110.0,193.0,260.0,53.0,313.0,game,Spread,Atlanta Falcons,,9.5,novig,140,—,—,,-10,,miss,,,,—,,
2026-09-20T19:22:51.890725+00:00,nfl,2026,2,401872933,4018729331177,1,0:40,(Shotgun) B.Young pass short left to T.McMillan to CAR 41 for 8 yards (D.Deablo).,1,10,CAR 33,67,-10,Atlanta Falcons,Carolina Panthers,0,10,0.4,99.6,83.0,110.0,193.0,260.0,53.0,313.0,game,Total,Over,,43.5,polymarket,108,—,—,,10.0,,miss,,,,—,,
2026-09-20T19:22:51.890725+00:00,nfl,2026,2,401872933,4018729331177,1,0:40,(Shotgun) B.Young pass short left to T.McMillan to CAR 41 for 8 yards (D.Deablo).,1,10,CAR 33,67,-10,Atlanta Falcons,Carolina Panthers,0,10,0.4,99.6,83.0,110.0,193.0,260.0,53.0,313.0,game,Total,Under,,43.5,betfair,1687,—,—,,10.0,,hit,,,,—,,
2026-09-20T19:22:51.890725+00:00,nfl,2026,2,401872933,4018729331177,1,0:40,(Shotgun) B.Young pass short left to T.McMillan to CAR 41 for 8 yards (D.Deablo).,1,10,CAR 33,67,-10,Atlanta Falcons,Carolina Panthers,0,10,0.4,99.6,83.0,110.0,193.0,260.0,53.0,313.0,game,ML,Carolina Panthers,,,pinnacle,-7457,—,—,,Win,,hit,,,,—,,
2026-09-20T19:22:51.890725+00:00,nfl,2026,2,401872933,4018729331177,1,0:40,(Shotgun) B.Young pass short left to T.McMillan to CAR 41 for 8 yards (D.Deablo).,1,10,CAR 33,67,-10,Atlanta Falcons,Carolina Panthers,0,10,0.4,99.6,83.0,110.0,193.0,260.0,53.0,313.0,game,ML,Atlanta Falcons,,,kalshi,9900,—,—,,Loss,,miss,,,,—,,
2026-09-20T19:22:51.890725+00:00,nfl,2026,2,401872933,4018729331202,1,0:00,END QUARTER 1,2,2,ATL 6,59,-10,Atlanta Falcons,Carolina Panthers,0,10,0.4,99.6,83.0,110.0,193.0,260.0,53.0,313.0,game,Spread,Atlanta Falcons,,-9.5,novig,140,—,—,,-10,,miss,,,,—,,
2026-09-20T19:22:51.890725+00:00,nfl,2026,2,401872933,4018729331202,1,0:00,END QUARTER 1,2,2,ATL 6,59,-10,Atlanta Falcons,Carolina Panthers,0,10,0.4,99.6,83.0,110.0,193.0,260.0,53.0,313.0,game,Spread,Atlanta Falcons,,9.5,novig,140,—,—,,-10,,miss,,,,—,,
2026-09-20T19:22:51.890725+00:00,nfl,2026,2,401872933,4018729331202,1,0:00,END QUARTER 1,2,2,ATL 6,59,-10,Atlanta Falcons,Carolina Panthers,0,10,0.4,99.6,83.0,110.0,193.0,260.0,53.0,313.0,game,Total,Over,,43.5,polymarket,108,—,—,,10.0,,miss,,,,—,,
2026-09-20T19:22:51.890725+00:00,nfl,2026,2,401872933,4018729331202,1,0:00,END QUARTER 1,2,2,ATL 6,59,-10,Atlanta Falcons,Carolina Panthers,0,10,0.4,99.6,83.0,110.0,193.0,260.0,53.0,313.0,game,Total,Under,,43.5,betfair,1687,—,—,,10.0,,hit,,,,—,,
2026-09-20T19:22:51.890725+00:00,nfl,2026,2,401872933,4018729331202,1,0:00,END QUARTER 1,2,2,ATL 6,59,-10,Atlanta Falcons,Carolina Panthers,0,10,0.4,99.6,83.0,110.0,193.0,260.0,53.0,313.0,game,ML,Carolina Panthers,,,pinnacle,-7457,—,—,,Win,,hit,,,,—,,
2026-09-20T19:22:51.890725+00:00,nfl,2026,2,401872933,4018729331202,1,0:00,END QUARTER 1,2,2,ATL 6,59,-10,Atlanta Falcons,Carolina Panthers,0,10,0.4,99.6,83.0,110.0,193.0,260.0,53.0,313.0,game,ML,Atlanta Falcons,,,kalshi,9900,—,—,,Loss,,miss,,,,—,,
2026-09-20T19:22:51.890725+00:00,nfl,2026,2,401872933,4018729331222,2,15:00,"(Shotgun) C.Hubbard left guard to CAR 47 for 6 yards (D.Deablo).PENALTY on CAR-L.Fortner, Offensive Holding, 10 yards, enforced at CAR 41 - No Play.",2,2,CAR 41,59,-10,Atlanta Falcons,Carolina Panthers,0,10,0.4,99.6,83.0,110.0,193.0,260.0,53.0,313.0,game,Spread,Atlanta Falcons,,-9.5,novig,140,—,—,,-10,,miss,,,,—,,
2026-09-20T19:22:51.890725+00:00,nfl,2026,2,401872933,4018729331222,2,15:00,"(Shotgun) C.Hubbard left guard to CAR 47 for 6 yards (D.Deablo).PENALTY on CAR-L.Fortner, Offensive Holding, 10 yards, enforced at CAR 41 - No Play.",2,2,CAR 41,59,-10,Atlanta Falcons,Carolina Panthers,0,10,0.4,99.6,83.0,110.0,193.0,260.0,53.0,313.0,game,Spread,Atlanta Falcons,,9.5,novig,140,—,—,,-10,,miss,,,,—,,
2026-09-20T19:22:51.890725+00:00,nfl,2026,2,401872933,4018729331222,2,15:00,"(Shotgun) C.Hubbard left guard to CAR 47 for 6 yards (D.Deablo).PENALTY on CAR-L.Fortner, Offensive Holding, 10 yards, enforced at CAR 41 - No Play.",2,2,CAR 41,59,-10,Atlanta Falcons,Carolina Panthers,0,10,0.4,99.6,83.0,110.0,193.0,260.0,53.0,313.0,game,Total,Over,,43.5,polymarket,108,—,—,,10.0,,miss,,,,—,,
2026-09-20T19:22:51.890725+00:00,nfl,2026,2,401872933,4018729331222,2,15:00,"(Shotgun) C.Hubbard left guard to CAR 47 for 6 yards (D.Deablo).PENALTY on CAR-L.Fortner, Offensive Holding, 10 yards, enforced at CAR 41 - No Play.",2,2,CAR 41,59,-10,Atlanta Falcons,Carolina Panthers,0,10,0.4,99.6,83.0,110.0,193.0,260.0,53.0,313.0,game,Total,Under,,43.5,betfair,1687,—,—,,10.0,,hit,,,,—,,
2026-09-20T19:22:51.890725+00:00,nfl,2026,2,401872933,4018729331222,2,15:00,"(Shotgun) C.Hubbard left guard to CAR 47 for 6 yards (D.Deablo).PENALTY on CAR-L.Fortner, Offensive Holding, 10 yards, enforced at CAR 41 - No Play.",2,2,CAR 41,59,-10,Atlanta Falcons,Carolina Panthers,0,10,0.4,99.6,83.0,110.0,193.0,260.0,53.0,313.0,game,ML,Carolina Panthers,,,pinnacle,-7457,—,—,,Win,,hit,,,,—,,
2026-09-20T19:22:51.890725+00:00,nfl,2026,2,401872933,4018729331222,2,15:00,"(Shotgun) C.Hubbard left guard to CAR 47 for 6 yards (D.Deablo).PENALTY on CAR-L.Fortner, Offensive Holding, 10 yards, enforced at CAR 41 - No Play.",2,2,CAR 41,59,-10,Atlanta Falcons,Carolina Panthers,0,10,0.4,99.6,83.0,110.0,193.0,260.0,53.0,313.0,game,ML,Atlanta Falcons,,,kalshi,9900,—,—,,Loss,,miss,,,,—,,
2026-09-20T19:22:51.890725+00:00,nfl,2026,2,401872933,4018729331255,2,14:36,(Shotgun) B.Young sacked at CAR 22 for -9 yards (sack split by S.Ebukam and G.Dexter).,2,12,CAR 31,69,-10,Atlanta Falcons,Carolina Panthers,0,10,0.4,99.6,83.0,110.0,193.0,260.0,53.0,313.0,game,Spread,Atlanta Falcons,,-9.5,novig,140,—,—,,-10,,miss,,,,—,,
2026-09-20T19:22:51.890725+00:00,nfl,2026,2,401872933,4018729331255,2,14:36,(Shotgun) B.Young sacked at CAR 22 for -9 yards (sack split by S.Ebukam and G.Dexter).,2,12,CAR 31,69,-10,Atlanta Falcons,Carolina Panthers,0,10,0.4,99.6,83.0,110.0,193.0,260.0,53.0,313.0,game,Spread,Atlanta Falcons,,9.5,novig,140,—,—,,-10,,miss,,,,—,,
2026-09-20T19:22:51.890725+00:00,nfl,2026,2,401872933,4018729331255,2,14:36,(Shotgun) B.Young sacked at CAR 22 for -9 yards (sack split by S.Ebukam and G.Dexter).,2,12,CAR 31,69,-10,Atlanta Falcons,Carolina Panthers,0,10,0.4,99.6,83.0,110.0,193.0,260.0,53.0,313.0,game,Total,Over,,43.5,polymarket,108,—,—,,10.0,,miss,,,,—,,
2026-09-20T19:22:51.890725+00:00,nfl,2026,2,401872933,4018729331255,2,14:36,(Shotgun) B.Young sacked at CAR 22 for -9 yards (sack split by S.Ebukam and G.Dexter).,2,12,CAR 31,69,-10,Atlanta Falcons,Carolina Panthers,0,10,0.4,99.6,83.0,110.0,193.0,260.0,53.0,313.0,game,Total,Under,,43.5,betfair,1687,—,—,,10.0,,hit,,,,—,,
2026-09-20T19:22:51.890725+00:00,nfl,2026,2,401872933,4018729331255,2,14:36,(Shotgun) B.Young sacked at CAR 22 for -9 yards (sack split by S.Ebukam and G.Dexter).,2,12,CAR 31,69,-10,Atlanta Falcons,Carolina Panthers,0,10,0.4,99.6,83.0,110.0,193.0,260.0,53.0,313.0,game,ML,Carolina Panthers,,,pinnacle,-7457,—,—,,Win,,hit,,,,—,,
2026-09-20T19:22:51.890725+00:00,nfl,2026,2,401872933,4018729331255,2,14:36,(Shotgun) B.Young sacked at CAR 22 for -9 yards (sack split by S.Ebukam and G.Dexter).,2,12,CAR 31,69,-10,Atlanta Falcons,Carolina Panthers,0,10,0.4,99.6,83.0,110.0,193.0,260.0,53.0,313.0,game,ML,Atlanta Falcons,,,kalshi,9900,—,—,,Loss,,miss,,,,—,,
2026-09-20T19:22:51.890725+00:00,nfl,2026,2,401872933,4018729331275,2,13:52,(Shotgun) C.Hubbard up the middle to CAR 27 for 5 yards (B.Dorlus; H.Perkins).,3,21,CAR 22,78,-10,Atlanta Falcons,Carolina Panthers,0,10,0.4,99.6,83.0,110.0,193.0,260.0,53.0,313.0,game,Spread,Atlanta Falcons,,-9.5,novig,140,—,—,,-10,,miss,,,,—,,
2026-09-20T19:22:51.890725+00:00,nfl,2026,2,401872933,4018729331275,2,13:52,(Shotgun) C.Hubbard up the middle to CAR 27 for 5 yards (B.Dorlus; H.Perkins).,3,21,CAR 22,78,-10,Atlanta Falcons,Carolina Panthers,0,10,0.4,99.6,83.0,110.0,193.0,260.0,53.0,313.0,game,Spread,Atlanta Falcons,,9.5,novig,140,—,—,,-10,,miss,,,,—,,
2026-09-20T19:22:51.890725+00:00,nfl,2026,2,401872933,4018729331275,2,13:52,(Shotgun) C.Hubbard up the middle to CAR 27 for 5 yards (B.Dorlus; H.Perkins).,3,21,CAR 22,78,-10,Atlanta Falcons,Carolina Panthers,0,10,0.4,99.6,83.0,110.0,193.0,260.0,53.0,313.0,game,Total,Over,,43.5,polymarket,108,—,—,,10.0,,miss,,,,—,,
2026-09-20T19:22:51.890725+00:00,nfl,2026,2,401872933,4018729331275,2,13:52,(Shotgun) C.Hubbard up the middle to CAR 27 for 5 yards (B.Dorlus; H.Perkins).,3,21,CAR 22,78,-10,Atlanta Falcons,Carolina Panthers,0,10,0.4,99.6,83.0,110.0,193.0,260.0,53.0,313.0,game,Total,Under,,43.5,betfair,1687,—,—,,10.0,,hit,,,,—,,
2026-09-20T19:22:51.890725+00:00,nfl,2026,2,401872933,4018729331275,2,13:52,(Shotgun) C.Hubbard up the middle to CAR 27 for 5 yards (B.Dorlus; H.Perkins).,3,21,CAR 22,78,-10,Atlanta Falcons,Carolina Panthers,0,10,0.4,99.6,83.0,110.0,193.0,260.0,53.0,313.0,game,ML,Carolina Panthers,,,pinnacle,-7457,—,—,,Win,,hit,,,,—,,
2026-09-20T19:22:51.890725+00:00,nfl,2026,2,401872933,4018729331275,2,13:52,(Shotgun) C.Hubbard up the middle to CAR 27 for 5 yards (B.Dorlus; H.Perkins).,3,21,CAR 22,78,-10,Atlanta Falcons,Carolina Panthers,0,10,0.4,99.6,83.0,110.0,193.0,260.0,53.0,313.0,game,ML,Atlanta Falcons,,,kalshi,9900,—,—,,Loss,,miss,,,,—,,
2026-09-20T19:22:51.890725+00:00,nfl,2026,2,401872933,4018729331297,2,13:12,"S.Martin punts 54 yards to ATL 19, Center-J.Jansen, fair catch by Z.Branch.",4,16,CAR 27,73,-10,Atlanta Falcons,Carolina Panthers,0,10,0.4,99.6,83.0,110.0,193.0,260.0,53.0,313.0,game,Spread,Atlanta Falcons,,-9.5,novig,140,—,—,,-10,,miss,,,,—,,
2026-09-20T19:22:51.890725+00:00,nfl,2026,2,401872933,4018729331297,2,13:12,"S.Martin punts 54 yards to ATL 19, Center-J.Jansen, fair catch by Z.Branch.",4,16,CAR 27,73,-10,Atlanta Falcons,Carolina Panthers,0,10,0.4,99.6,83.0,110.0,193.0,260.0,53.0,313.0,game,Spread,Atlanta Falcons,,9.5,novig,140,—,—,,-10,,miss,,,,—,,
2026-09-20T19:22:51.890725+00:00,nfl,2026,2,401872933,4018729331297,2,13:12,"S.Martin punts 54 yards to ATL 19, Center-J.Jansen, fair catch by Z.Branch.",4,16,CAR 27,73,-10,Atlanta Falcons,Carolina Panthers,0,10,0.4,99.6,83.0,110.0,193.0,260.0,53.0,313.0,game,Total,Over,,43.5,polymarket,108,—,—,,10.0,,miss,,,,—,,
2026-09-20T19:22:51.890725+00:00,nfl,2026,2,401872933,4018729331297,2,13:12,"S.Martin punts 54 yards to ATL 19, Center-J.Jansen, fair catch by Z.Branch.",4,16,CAR 27,73,-10,Atlanta Falcons,Carolina Panthers,0,10,0.4,99.6,83.0,110.0,193.0,260.0,53.0,313.0,game,Total,Under,,43.5,betfair,1687,—,—,,10.0,,hit,,,,—,,
2026-09-20T19:22:51.890725+00:00,nfl,2026,2,401872933,4018729331297,2,13:12,"S.Martin punts 54 yards to ATL 19, Center-J.Jansen, fair catch by Z.Branch.",4,16,CAR 27,73,-10,Atlanta Falcons,Carolina Panthers,0,10,0.4,99.6,83.0,110.0,193.0,260.0,53.0,313.0,game,ML,Carolina Panthers,,,pinnacle,-7457,—,—,,Win,,hit,,,,—,,
2026-09-20T19:22:51.890725+00:00,nfl,2026,2,401872933,4018729331297,2,13:12,"S.Martin punts 54 yards to ATL 19, Center-J.Jansen, fair catch by Z.Branch.",4,16,CAR 27,73,-10,Atlanta Falcons,Carolina Panthers,0,10,0.4,99.6,83.0,110.0,193.0,260.0,53.0,313.0,game,ML,Atlanta Falcons,,,kalshi,9900,—,—,,Loss,,miss,,,,—,,
2026-09-20T19:22:51.890725+00:00,nfl,2026,2,401872933,4018729331307,2,13:05,Official Timeout at 13:05.,1,10,ATL 19,19,-10,Atlanta Falcons,Carolina Panthers,0,10,0.4,99.6,83.0,110.0,193.0,260.0,53.0,313.0,game,Spread,Atlanta Falcons,,-9.5,novig,140,—,—,,-10,,miss,,,,—,,
2026-09-20T19:22:51.890725+00:00,nfl,2026,2,401872933,4018729331307,2,13:05,Official Timeout at 13:05.,1,10,ATL 19,19,-10,Atlanta Falcons,Carolina Panthers,0,10,0.4,99.6,83.0,110.0,193.0,260.0,53.0,313.0,game,Spread,Atlanta Falcons,,9.5,novig,140,—,—,,-10,,miss,,,,—,,
2026-09-20T19:22:51.890725+00:00,nfl,2026,2,401872933,4018729331307,2,13:05,Official Timeout at 13:05.,1,10,ATL 19,19,-10,Atlanta Falcons,Carolina Panthers,0,10,0.4,99.6,83.0,110.0,193.0,260.0,53.0,313.0,game,Total,Over,,43.5,polymarket,108,—,—,,10.0,,miss,,,,—,,
2026-09-20T19:22:51.890725+00:00,nfl,2026,2,401872933,4018729331307,2,13:05,Official Timeout at 13:05.,1,10,ATL 19,19,-10,Atlanta Falcons,Carolina Panthers,0,10,0.4,99.6,83.0,110.0,193.0,260.0,53.0,313.0,game,Total,Under,,43.5,betfair,1687,—,—,,10.0,,hit,,,,—,,
2026-09-20T19:22:51.890725+00:00,nfl,2026,2,401872933,4018729331307,2,13:05,Official Timeout at 13:05.,1,10,ATL 19,19,-10,Atlanta Falcons,Carolina Panthers,0,10,0.4,99.6,83.0,110.0,193.0,260.0,53.0,313.0,game,ML,Carolina Panthers,,,pinnacle,-7457,—,—,,Win,,hit,,,,—,,
2026-09-20T19:22:51.890725+00:00,nfl,2026,2,401872933,4018729331307,2,13:05,Official Timeout at 13:05.,1,10,ATL 19,19,-10,Atlanta Falcons,Carolina Panthers,0,10,0.4,99.6,83.0,110.0,193.0,260.0,53.0,313.0,game,ML,Atlanta Falcons,,,kalshi,9900,—,—,,Loss,,miss,,,,—,,
2026-09-20T19:22:51.890725+00:00,nfl,2026,2,401872933,4018729331317,2,13:05,Bi.Robinson left tackle to ATL 21 for 2 yards (T.Edwards).,1,10,ATL 19,19,-10,Atlanta Falcons,Carolina Panthers,0,10,0.4,99.6,83.0,110.0,193.0,260.0,53.0,313.0,game,Spread,Atlanta Falcons,,-9.5,novig,140,—,—,,-10,,miss,,,,—,,
2026-09-20T19:22:51.890725+00:00,nfl,2026,2,401872933,4018729331317,2,13:05,Bi.Robinson left tackle to ATL 21 for 2 yards (T.Edwards).,1,10,ATL 19,19,-10,Atlanta Falcons,Carolina Panthers,0,10,0.4,99.6,83.0,110.0,193.0,260.0,53.0,313.0,game,Spread,Atlanta Falcons,,9.5,novig,140,—,—,,-10,,miss,,,,—,,
2026-09-20T19:22:51.890725+00:00,nfl,2026,2,401872933,4018729331317,2,13:05,Bi.Robinson left tackle to ATL 21 for 2 yards (T.Edwards).,1,10,ATL 19,19,-10,Atlanta Falcons,Carolina Panthers,0,10,0.4,99.6,83.0,110.0,193.0,260.0,53.0,313.0,game,Total,Over,,43.5,polymarket,108,—,—,,10.0,,miss,,,,—,,
2026-09-20T19:22:51.890725+00:00,nfl,2026,2,401872933,4018729331317,2,13:05,Bi.Robinson left tackle to ATL 21 for 2 yards (T.Edwards).,1,10,ATL 19,19,-10,Atlanta Falcons,Carolina Panthers,0,10,0.4,99.6,83.0,110.0,193.0,260.0,53.0,313.0,game,Total,Under,,43.5,betfair,1687,—,—,,10.0,,hit,,,,—,,
2026-09-20T19:22:51.890725+00:00,nfl,2026,2,401872933,4018729331317,2,13:05,Bi.Robinson left tackle to ATL 21 for 2 yards (T.Edwards).,1,10,ATL 19,19,-10,Atlanta Falcons,Carolina Panthers,0,10,0.4,99.6,83.0,110.0,193.0,260.0,53.0,313.0,game,ML,Carolina Panthers,,,pinnacle,-7457,—,—,,Win,,hit,,,,—,,
2026-09-20T19:22:51.890725+00:00,nfl,2026,2,401872933,4018729331317,2,13:05,Bi.Robinson left tackle to ATL 21 for 2 yards (T.Edwards).,1,10,ATL 19,19,-10,Atlanta Falcons,Carolina Panthers,0,10,0.4,99.6,83.0,110.0,193.0,260.0,53.0,313.0,game,ML,Atlanta Falcons,,,kalshi,9900,—,—,,Loss,,miss,,,,—,,
2026-09-20T19:22:51.890725+00:00,nfl,2026,2,401872933,4018729331346,2,12:30,(Shotgun) C.Rush pass short right to J.Dotson to ATL 29 for 8 yards (D.Lloyd).,2,8,ATL 21,21,-10,Atlanta Falcons,Carolina Panthers,0,10,0.4,99.6,83.0,110.0,193.0,260.0,53.0,313.0,game,Spread,Atlanta Falcons,,-9.5,novig,140,—,—,,-10,,miss,,,,—,,
2026-09-20T19:22:51.890725+00:00,nfl,2026,2,401872933,4018729331346,2,12:30,(Shotgun) C.Rush pass short right to J.Dotson to ATL 29 for 8 yards (D.Lloyd).,2,8,ATL 21,21,-10,Atlanta Falcons,Carolina Panthers,0,10,0.4,99.6,83.0,110.0,193.0,260.0,53.0,313.0,game,Spread,Atlanta Falcons,,9.5,novig,140,—,—,,-10,,miss,,,,—,,
2026-09-20T19:22:51.890725+00:00,nfl,2026,2,401872933,4018729331346,2,12:30,(Shotgun) C.Rush pass short right to J.Dotson to ATL 29 for 8 yards (D.Lloyd).,2,8,ATL 21,21,-10,Atlanta Falcons,Carolina Panthers,0,10,0.4,99.6,83.0,110.0,193.0,260.0,53.0,313.0,game,Total,Over,,43.5,polymarket,108,—,—,,10.0,,miss,,,,—,,
2026-09-20T19:22:51.890725+00:00,nfl,2026,2,401872933,4018729331346,2,12:30,(Shotgun) C.Rush pass short right to J.Dotson to ATL 29 for 8 yards (D.Lloyd).,2,8,ATL 21,21,-10,Atlanta Falcons,Carolina Panthers,0,10,0.4,99.6,83.0,110.0,193.0,260.0,53.0,313.0,game,Total,Under,,43.5,betfair,1687,—,—,,10.0,,hit,,,,—,,
2026-09-20T19:22:51.890725+00:00,nfl,2026,2,401872933,4018729331346,2,12:30,(Shotgun) C.Rush pass short right to J.Dotson to ATL 29 for 8 yards (D.Lloyd).,2,8,ATL 21,21,-10,Atlanta Falcons,Carolina Panthers,0,10,0.4,99.6,83.0,110.0,193.0,260.0,53.0,313.0,game,ML,Carolina Panthers,,,pinnacle,-7457,—,—,,Win,,hit,,,,—,,
2026-09-20T19:22:51.890725+00:00,nfl,2026,2,401872933,4018729331346,2,12:30,(Shotgun) C.Rush pass short right to J.Dotson to ATL 29 for 8 yards (D.Lloyd).,2,8,ATL 21,21,-10,Atlanta Falcons,Carolina Panthers,0,10,0.4,99.6,83.0,110.0,193.0,260.0,53.0,313.0,game,ML,Atlanta Falcons,,,kalshi,9900,—,—,,Loss,,miss,,,,—,,
2026-09-20T19:22:51.890725+00:00,nfl,2026,2,401872933,4018729331371,2,11:36,Bi.Robinson up the middle to ATL 31 for 2 yards (D.Brown; M.Jackson).,1,10,ATL 29,29,-10,Atlanta Falcons,Carolina Panthers,0,10,0.4,99.6,83.0,110.0,193.0,260.0,53.0,313.0,game,Spread,Atlanta Falcons,,-9.5,novig,140,—,—,,-10,,miss,,,,—,,
2026-09-20T19:22:51.890725+00:00,nfl,2026,2,401872933,4018729331371,2,11:36,Bi.Robinson up the middle to ATL 31 for 2 yards (D.Brown; M.Jackson).,1,10,ATL 29,29,-10,Atlanta Falcons,Carolina Panthers,0,10,0.4,99.6,83.0,110.0,193.0,260.0,53.0,313.0,game,Spread,Atlanta Falcons,,9.5,novig,140,—,—,,-10,,miss,,,,—,,
2026-09-20T19:22:51.890725+00:00,nfl,2026,2,401872933,4018729331371,2,11:36,Bi.Robinson up the middle to ATL 31 for 2 yards (D.Brown; M.Jackson).,1,10,ATL 29,29,-10,Atlanta Falcons,Carolina Panthers,0,10,0.4,99.6,83.0,110.0,193.0,260.0,53.0,313.0,game,Total,Over,,43.5,polymarket,108,—,—,,10.0,,miss,,,,—,,
2026-09-20T19:22:51.890725+00:00,nfl,2026,2,401872933,4018729331371,2,11:36,Bi.Robinson up the middle to ATL 31 for 2 yards (D.Brown; M.Jackson).,1,10,ATL 29,29,-10,Atlanta Falcons,Carolina Panthers,0,10,0.4,99.6,83.0,110.0,193.0,260.0,53.0,313.0,game,Total,Under,,43.5,betfair,1687,—,—,,10.0,,hit,,,,—,,
2026-09-20T19:22:51.890725+00:00,nfl,2026,2,401872933,4018729331371,2,11:36,Bi.Robinson up the middle to ATL 31 for 2 yards (D.Brown; M.Jackson).,1,10,ATL 29,29,-10,Atlanta Falcons,Carolina Panthers,0,10,0.4,99.6,83.0,110.0,193.0,260.0,53.0,313.0,game,ML,Carolina Panthers,,,pinnacle,-7457,—,—,,Win,,hit,,,,—,,
2026-09-20T19:22:51.890725+00:00,nfl,2026,2,401872933,4018729331371,2,11:36,Bi.Robinson up the middle to ATL 31 for 2 yards (D.Brown; M.Jackson).,1,10,ATL 29,29,-10,Atlanta Falcons,Carolina Panthers,0,10,0.4,99.6,83.0,110.0,193.0,260.0,53.0,313.0,game,ML,Atlanta Falcons,,,kalshi,9900,—,—,,Loss,,miss,,,,—,,
2026-09-20T19:22:51.890725+00:00,nfl,2026,2,401872933,4018729331393,2,10:58,(Shotgun) C.Rush pass short right to Bi.Robinson to ATL 34 for 3 yards (B.Okereke).,2,8,ATL 31,31,-10,Atlanta Falcons,Carolina Panthers,0,10,0.4,99.6,83.0,110.0,193.0,260.0,53.0,313.0,game,Spread,Atlanta Falcons,,-9.5,novig,140,—,—,,-10,,miss,,,,—,,
2026-09-20T19:22:51.890725+00:00,nfl,2026,2,401872933,4018729331393,2,10:58,(Shotgun) C.Rush pass short right to Bi.Robinson to ATL 34 for 3 yards (B.Okereke).,2,8,ATL 31,31,-10,Atlanta Falcons,Carolina Panthers,0,10,0.4,99.6,83.0,110.0,193.0,260.0,53.0,313.0,game,Spread,Atlanta Falcons,,9.5,novig,140,—,—,,-10,,miss,,,,—,,
2026-09-20T19:22:51.890725+00:00,nfl,2026,2,401872933,4018729331393,2,10:58,(Shotgun) C.Rush pass short right to Bi.Robinson to ATL 34 for 3 yards (B.Okereke).,2,8,ATL 31,31,-10,Atlanta Falcons,Carolina Panthers,0,10,0.4,99.6,83.0,110.0,193.0,260.0,53.0,313.0,game,Total,Over,,43.5,polymarket,108,—,—,,10.0,,miss,,,,—,,
2026-09-20T19:22:51.890725+00:00,nfl,2026,2,401872933,4018729331393,2,10:58,(Shotgun) C.Rush pass short right to Bi.Robinson to ATL 34 for 3 yards (B.Okereke).,2,8,ATL 31,31,-10,Atlanta Falcons,Carolina Panthers,0,10,0.4,99.6,83.0,110.0,193.0,260.0,53.0,313.0,game,Total,Under,,43.5,betfair,1687,—,—,,10.0,,hit,,,,—,,
2026-09-20T19:22:51.890725+00:00,nfl,2026,2,401872933,4018729331393,2,10:58,(Shotgun) C.Rush pass short right to Bi.Robinson to ATL 34 for 3 yards (B.Okereke).,2,8,ATL 31,31,-10,Atlanta Falcons,Carolina Panthers,0,10,0.4,99.6,83.0,110.0,193.0,260.0,53.0,313.0,game,ML,Carolina Panthers,,,pinnacle,-7457,—,—,,Win,,hit,,,,—,,
2026-09-20T19:22:51.890725+00:00,nfl,2026,2,401872933,4018729331393,2,10:58,(Shotgun) C.Rush pass short right to Bi.Robinson to ATL 34 for 3 yards (B.Okereke).,2,8,ATL 31,31,-10,Atlanta Falcons,Carolina Panthers,0,10,0.4,99.6,83.0,110.0,193.0,260.0,53.0,313.0,game,ML,Atlanta Falcons,,,kalshi,9900,—,—,,Loss,,miss,,,,—,,
2026-09-20T19:22:51.890725+00:00,nfl,2026,2,401872933,4018729331418,2,10:16,(Shotgun) C.Rush sacked at ATL 31 for -3 yards (D.Lloyd).,3,5,ATL 34,34,-10,Atlanta Falcons,Carolina Panthers,0,10,0.4,99.6,83.0,110.0,193.0,260.0,53.0,313.0,game,Spread,Atlanta Falcons,,-9.5,novig,140,—,—,,-10,,miss,,,,—,,
2026-09-20T19:22:51.890725+00:00,nfl,2026,2,401872933,4018729331418,2,10:16,(Shotgun) C.Rush sacked at ATL 31 for -3 yards (D.Lloyd).,3,5,ATL 34,34,-10,Atlanta Falcons,Carolina Panthers,0,10,0.4,99.6,83.0,110.0,193.0,260.0,53.0,313.0,game,Spread,Atlanta Falcons,,9.5,novig,140,—,—,,-10,,miss,,,,—,,
2026-09-20T19:22:51.890725+00:00,nfl,2026,2,401872933,4018729331418,2,10:16,(Shotgun) C.Rush sacked at ATL 31 for -3 yards (D.Lloyd).,3,5,ATL 34,34,-10,Atlanta Falcons,Carolina Panthers,0,10,0.4,99.6,83.0,110.0,193.0,260.0,53.0,313.0,game,Total,Over,,43.5,polymarket,108,—,—,,10.0,,miss,,,,—,,
2026-09-20T19:22:51.890725+00:00,nfl,2026,2,401872933,4018729331418,2,10:16,(Shotgun) C.Rush sacked at ATL 31 for -3 yards (D.Lloyd).,3,5,ATL 34,34,-10,Atlanta Falcons,Carolina Panthers,0,10,0.4,99.6,83.0,110.0,193.0,260.0,53.0,313.0,game,Total,Under,,43.5,betfair,1687,—,—,,10.0,,hit,,,,—,,
2026-09-20T19:22:51.890725+00:00,nfl,2026,2,401872933,4018729331418,2,10:16,(Shotgun) C.Rush sacked at ATL 31 for -3 yards (D.Lloyd).,3,5,ATL 34,34,-10,Atlanta Falcons,Carolina Panthers,0,10,0.4,99.6,83.0,110.0,193.0,260.0,53.0,313.0,game,ML,Carolina Panthers,,,pinnacle,-7457,—,—,,Win,,hit,,,,—,,
2026-09-20T19:22:51.890725+00:00,nfl,2026,2,401872933,4018729331418,2,10:16,(Shotgun) C.Rush sacked at ATL 31 for -3 yards (D.Lloyd).,3,5,ATL 34,34,-10,Atlanta Falcons,Carolina Panthers,0,10,0.4,99.6,83.0,110.0,193.0,260.0,53.0,313.0,game,ML,Atlanta Falcons,,,kalshi,9900,—,—,,Loss,,miss,,,,—,,
2026-09-20T19:22:51.890725+00:00,nfl,2026,2,401872933,4018729331438,2,9:40,"J.Bailey punts 62 yards to CAR 7, Center-L.McCullough. J.Coker ran ob at CAR 20 for 13 yards (Y.Abdullah).",4,8,ATL 31,31,-10,Atlanta Falcons,Carolina Panthers,0,10,0.4,99.6,83.0,110.0,193.0,260.0,53.0,313.0,game,Spread,Atlanta Falcons,,-9.5,novig,140,—,—,,-10,,miss,,,,—,,
2026-09-20T19:22:51.890725+00:00,nfl,2026,2,401872933,4018729331438,2,9:40,"J.Bailey punts 62 yards to CAR 7, Center-L.McCullough. J.Coker ran ob at CAR 20 for 13 yards (Y.Abdullah).",4,8,ATL 31,31,-10,Atlanta Falcons,Carolina Panthers,0,10,0.4,99.6,83.0,110.0,193.0,260.0,53.0,313.0,game,Spread,Atlanta Falcons,,9.5,novig,140,—,—,,-10,,miss,,,,—,,
2026-09-20T19:22:51.890725+00:00,nfl,2026,2,401872933,4018729331438,2,9:40,"J.Bailey punts 62 yards to CAR 7, Center-L.McCullough. J.Coker ran ob at CAR 20 for 13 yards (Y.Abdullah).",4,8,ATL 31,31,-10,Atlanta Falcons,Carolina Panthers,0,10,0.4,99.6,83.0,110.0,193.0,260.0,53.0,313.0,game,Total,Over,,43.5,polymarket,108,—,—,,10.0,,miss,,,,—,,
2026-09-20T19:22:51.890725+00:00,nfl,2026,2,401872933,4018729331438,2,9:40,"J.Bailey punts 62 yards to CAR 7, Center-L.McCullough. J.Coker ran ob at CAR 20 for 13 yards (Y.Abdullah).",4,8,ATL 31,31,-10,Atlanta Falcons,Carolina Panthers,0,10,0.4,99.6,83.0,110.0,193.0,260.0,53.0,313.0,game,Total,Under,,43.5,betfair,1687,—,—,,10.0,,hit,,,,—,,
2026-09-20T19:22:51.890725+00:00,nfl,2026,2,401872933,4018729331438,2,9:40,"J.Bailey punts 62 yards to CAR 7, Center-L.McCullough. J.Coker ran ob at CAR 20 for 13 yards (Y.Abdullah).",4,8,ATL 31,31,-10,Atlanta Falcons,Carolina Panthers,0,10,0.4,99.6,83.0,110.0,193.0,260.0,53.0,313.0,game,ML,Carolina Panthers,,,pinnacle,-7457,—,—,,Win,,hit,,,,—,,
2026-09-20T19:22:51.890725+00:00,nfl,2026,2,401872933,4018729331438,2,9:40,"J.Bailey punts 62 yards to CAR 7, Center-L.McCullough. J.Coker ran ob at CAR 20 for 13 yards (Y.Abdullah).",4,8,ATL 31,31,-10,Atlanta Falcons,Carolina Panthers,0,10,0.4,99.6,83.0,110.0,193.0,260.0,53.0,313.0,game,ML,Atlanta Falcons,,,kalshi,9900,—,—,,Loss,,miss,,,,—,,
2026-09-20T19:22:51.890725+00:00,nfl,2026,2,401872933,4018729331454,2,9:30,Official Timeout at 09:30.,1,10,CAR 20,80,-10,Atlanta Falcons,Carolina Panthers,0,10,0.4,99.6,83.0,110.0,193.0,260.0,53.0,313.0,game,Spread,Atlanta Falcons,,-9.5,novig,140,—,—,,-10,,miss,,,,—,,
2026-09-20T19:22:51.890725+00:00,nfl,2026,2,401872933,4018729331454,2,9:30,Official Timeout at 09:30.,1,10,CAR 20,80,-10,Atlanta Falcons,Carolina Panthers,0,10,0.4,99.6,83.0,110.0,193.0,260.0,53.0,313.0,game,Spread,Atlanta Falcons,,9.5,novig,140,—,—,,-10,,miss,,,,—,,
2026-09-20T19:22:51.890725+00:00,nfl,2026,2,401872933,4018729331454,2,9:30,Official Timeout at 09:30.,1,10,CAR 20,80,-10,Atlanta Falcons,Carolina Panthers,0,10,0.4,99.6,83.0,110.0,193.0,260.0,53.0,313.0,game,Total,Over,,43.5,polymarket,108,—,—,,10.0,,miss,,,,—,,
2026-09-20T19:22:51.890725+00:00,nfl,2026,2,401872933,4018729331454,2,9:30,Official Timeout at 09:30.,1,10,CAR 20,80,-10,Atlanta Falcons,Carolina Panthers,0,10,0.4,99.6,83.0,110.0,193.0,260.0,53.0,313.0,game,Total,Under,,43.5,betfair,1687,—,—,,10.0,,hit,,,,—,,
2026-09-20T19:22:51.890725+00:00,nfl,2026,2,401872933,4018729331454,2,9:30,Official Timeout at 09:30.,1,10,CAR 20,80,-10,Atlanta Falcons,Carolina Panthers,0,10,0.4,99.6,83.0,110.0,193.0,260.0,53.0,313.0,game,ML,Carolina Panthers,,,pinnacle,-7457,—,—,,Win,,hit,,,,—,,
2026-09-20T19:22:51.890725+00:00,nfl,2026,2,401872933,4018729331454,2,9:30,Official Timeout at 09:30.,1,10,CAR 20,80,-10,Atlanta Falcons,Carolina Panthers,0,10,0.4,99.6,83.0,110.0,193.0,260.0,53.0,313.0,game,ML,Atlanta Falcons,,,kalshi,9900,—,—,,Loss,,miss,,,,—,,
2026-09-20T19:22:51.890725+00:00,nfl,2026,2,401872933,4018729331469,2,9:30,C.Hubbard up the middle to CAR 25 for 5 yards (Y.Abdullah).,1,10,CAR 20,80,-10,Atlanta Falcons,Carolina Panthers,0,10,0.4,99.6,83.0,110.0,193.0,260.0,53.0,313.0,game,Spread,Atlanta Falcons,,-9.5,novig,140,—,—,,-10,,miss,,,,—,,
2026-09-20T19:22:51.890725+00:00,nfl,2026,2,401872933,4018729331469,2,9:30,C.Hubbard up the middle to CAR 25 for 5 yards (Y.Abdullah).,1,10,CAR 20,80,-10,Atlanta Falcons,Carolina Panthers,0,10,0.4,99.6,83.0,110.0,193.0,260.0,53.0,313.0,game,Spread,Atlanta Falcons,,9.5,novig,140,—,—,,-10,,miss,,,,—,,
2026-09-20T19:22:51.890725+00:00,nfl,2026,2,401872933,4018729331469,2,9:30,C.Hubbard up the middle to CAR 25 for 5 yards (Y.Abdullah).,1,10,CAR 20,80,-10,Atlanta Falcons,Carolina Panthers,0,10,0.4,99.6,83.0,110.0,193.0,260.0,53.0,313.0,game,Total,Over,,43.5,polymarket,108,—,—,,10.0,,miss,,,,—,,
2026-09-20T19:22:51.890725+00:00,nfl,2026,2,401872933,4018729331469,2,9:30,C.Hubbard up the middle to CAR 25 for 5 yards (Y.Abdullah).,1,10,CAR 20,80,-10,Atlanta Falcons,Carolina Panthers,0,10,0.4,99.6,83.0,110.0,193.0,260.0,53.0,313.0,game,Total,Under,,43.5,betfair,1687,—,—,,10.0,,hit,,,,—,,
2026-09-20T19:22:51.890725+00:00,nfl,2026,2,401872933,4018729331469,2,9:30,C.Hubbard up the middle to CAR 25 for 5 yards (Y.Abdullah).,1,10,CAR 20,80,-10,Atlanta Falcons,Carolina Panthers,0,10,0.4,99.6,83.0,110.0,193.0,260.0,53.0,313.0,game,ML,Carolina Panthers,,,pinnacle,-7457,—,—,,Win,,hit,,,,—,,
2026-09-20T19:22:51.890725+00:00,nfl,2026,2,401872933,4018729331469,2,9:30,C.Hubbard up the middle to CAR 25 for 5 yards (Y.Abdullah).,1,10,CAR 20,80,-10,Atlanta Falcons,Carolina Panthers,0,10,0.4,99.6,83.0,110.0,193.0,260.0,53.0,313.0,game,ML,Atlanta Falcons,,,kalshi,9900,—,—,,Loss,,miss,,,,—,,
2026-09-20T19:22:51.890725+00:00,nfl,2026,2,401872933,4018729331503,2,8:55,B.Young pass incomplete deep left to T.Tremble.,2,5,CAR 25,75,-10,Atlanta Falcons,Carolina Panthers,0,10,0.4,99.6,83.0,110.0,193.0,260.0,53.0,313.0,game,Spread,Atlanta Falcons,,-9.5,novig,140,—,—,,-10,,miss,,,,—,,
2026-09-20T19:22:51.890725+00:00,nfl,2026,2,401872933,4018729331503,2,8:55,B.Young pass incomplete deep left to T.Tremble.,2,5,CAR 25,75,-10,Atlanta Falcons,Carolina Panthers,0,10,0.4,99.6,83.0,110.0,193.0,260.0,53.0,313.0,game,Spread,Atlanta Falcons,,9.5,novig,140,—,—,,-10,,miss,,,,—,,
2026-09-20T19:22:51.890725+00:00,nfl,2026,2,401872933,4018729331503,2,8:55,B.Young pass incomplete deep left to T.Tremble.,2,5,CAR 25,75,-10,Atlanta Falcons,Carolina Panthers,0,10,0.4,99.6,83.0,110.0,193.0,260.0,53.0,313.0,game,Total,Over,,43.5,polymarket,108,—,—,,10.0,,miss,,,,—,,
2026-09-20T19:22:51.890725+00:00,nfl,2026,2,401872933,4018729331503,2,8:55,B.Young pass incomplete deep left to T.Tremble.,2,5,CAR 25,75,-10,Atlanta Falcons,Carolina Panthers,0,10,0.4,99.6,83.0,110.0,193.0,260.0,53.0,313.0,game,Total,Under,,43.5,betfair,1687,—,—,,10.0,,hit,,,,—,,
2026-09-20T19:22:51.890725+00:00,nfl,2026,2,401872933,4018729331503,2,8:55,B.Young pass incomplete deep left to T.Tremble.,2,5,CAR 25,75,-10,Atlanta Falcons,Carolina Panthers,0,10,0.4,99.6,83.0,110.0,193.0,260.0,53.0,313.0,game,ML,Carolina Panthers,,,pinnacle,-7457,—,—,,Win,,hit,,,,—,,
2026-09-20T19:22:51.890725+00:00,nfl,2026,2,401872933,4018729331503,2,8:55,B.Young pass incomplete deep left to T.Tremble.,2,5,CAR 25,75,-10,Atlanta Falcons,Carolina Panthers,0,10,0.4,99.6,83.0,110.0,193.0,260.0,53.0,313.0,game,ML,Atlanta Falcons,,,kalshi,9900,—,—,,Loss,,miss,,,,—,,
2026-09-20T19:22:51.890725+00:00,nfl,2026,2,401872933,4018729331526,2,8:50,(Shotgun) B.Young pass short right to T.McMillan to CAR 37 for 12 yards (M.Hughes).,3,5,CAR 25,75,-10,Atlanta Falcons,Carolina Panthers,0,10,0.4,99.6,83.0,110.0,193.0,260.0,53.0,313.0,game,Spread,Atlanta Falcons,,-9.5,novig,140,—,—,,-10,,miss,,,,—,,
2026-09-20T19:22:51.890725+00:00,nfl,2026,2,401872933,4018729331526,2,8:50,(Shotgun) B.Young pass short right to T.McMillan to CAR 37 for 12 yards (M.Hughes).,3,5,CAR 25,75,-10,Atlanta Falcons,Carolina Panthers,0,10,0.4,99.6,83.0,110.0,193.0,260.0,53.0,313.0,game,Spread,Atlanta Falcons,,9.5,novig,140,—,—,,-10,,miss,,,,—,,
2026-09-20T19:22:51.890725+00:00,nfl,2026,2,401872933,4018729331526,2,8:50,(Shotgun) B.Young pass short right to T.McMillan to CAR 37 for 12 yards (M.Hughes).,3,5,CAR 25,75,-10,Atlanta Falcons,Carolina Panthers,0,10,0.4,99.6,83.0,110.0,193.0,260.0,53.0,313.0,game,Total,Over,,43.5,polymarket,108,—,—,,10.0,,miss,,,,—,,
2026-09-20T19:22:51.890725+00:00,nfl,2026,2,401872933,4018729331526,2,8:50,(Shotgun) B.Young pass short right to T.McMillan to CAR 37 for 12 yards (M.Hughes).,3,5,CAR 25,75,-10,Atlanta Falcons,Carolina Panthers,0,10,0.4,99.6,83.0,110.0,193.0,260.0,53.0,313.0,game,Total,Under,,43.5,betfair,1687,—,—,,10.0,,hit,,,,—,,
2026-09-20T19:22:51.890725+00:00,nfl,2026,2,401872933,4018729331526,2,8:50,(Shotgun) B.Young pass short right to T.McMillan to CAR 37 for 12 yards (M.Hughes).,3,5,CAR 25,75,-10,Atlanta Falcons,Carolina Panthers,0,10,0.4,99.6,83.0,110.0,193.0,260.0,53.0,313.0,game,ML,Carolina Panthers,,,pinnacle,-7457,—,—,,Win,,hit,,,,—,,
2026-09-20T19:22:51.890725+00:00,nfl,2026,2,401872933,4018729331526,2,8:50,(Shotgun) B.Young pass short right to T.McMillan to CAR 37 for 12 yards (M.Hughes).,3,5,CAR 25,75,-10,Atlanta Falcons,Carolina Panthers,0,10,0.4,99.6,83.0,110.0,193.0,260.0,53.0,313.0,game,ML,Atlanta Falcons,,,kalshi,9900,—,—,,Loss,,miss,,,,—,,
2026-09-20T19:22:51.890725+00:00,nfl,2026,2,401872933,4018729331551,2,8:17,B.Young pass deep left to T.McMillan to ATL 36 for 27 yards (X.Watts).,1,10,CAR 37,63,-10,Atlanta Falcons,Carolina Panthers,0,10,0.4,99.6,83.0,110.0,193.0,260.0,53.0,313.0,game,Spread,Atlanta Falcons,,-9.5,novig,140,—,—,,-10,,miss,,,,—,,
2026-09-20T19:22:51.890725+00:00,nfl,2026,2,401872933,4018729331551,2,8:17,B.Young pass deep left to T.McMillan to ATL 36 for 27 yards (X.Watts).,1,10,CAR 37,63,-10,Atlanta Falcons,Carolina Panthers,0,10,0.4,99.6,83.0,110.0,193.0,260.0,53.0,313.0,game,Spread,Atlanta Falcons,,9.5,novig,140,—,—,,-10,,miss,,,,—,,
2026-09-20T19:22:51.890725+00:00,nfl,2026,2,401872933,4018729331551,2,8:17,B.Young pass deep left to T.McMillan to ATL 36 for 27 yards (X.Watts).,1,10,CAR 37,63,-10,Atlanta Falcons,Carolina Panthers,0,10,0.4,99.6,83.0,110.0,193.0,260.0,53.0,313.0,game,Total,Over,,43.5,polymarket,108,—,—,,10.0,,miss,,,,—,,
2026-09-20T19:22:51.890725+00:00,nfl,2026,2,401872933,4018729331551,2,8:17,B.Young pass deep left to T.McMillan to ATL 36 for 27 yards (X.Watts).,1,10,CAR 37,63,-10,Atlanta Falcons,Carolina Panthers,0,10,0.4,99.6,83.0,110.0,193.0,260.0,53.0,313.0,game,Total,Under,,43.5,betfair,1687,—,—,,10.0,,hit,,,,—,,
2026-09-20T19:22:51.890725+00:00,nfl,2026,2,401872933,4018729331551,2,8:17,B.Young pass deep left to T.McMillan to ATL 36 for 27 yards (X.Watts).,1,10,CAR 37,63,-10,Atlanta Falcons,Carolina Panthers,0,10,0.4,99.6,83.0,110.0,193.0,260.0,53.0,313.0,game,ML,Carolina Panthers,,,pinnacle,-7457,—,—,,Win,,hit,,,,—,,
2026-09-20T19:22:51.890725+00:00,nfl,2026,2,401872933,4018729331551,2,8:17,B.Young pass deep left to T.McMillan to ATL 36 for 27 yards (X.Watts).,1,10,CAR 37,63,-10,Atlanta Falcons,Carolina Panthers,0,10,0.4,99.6,83.0,110.0,193.0,260.0,53.0,313.0,game,ML,Atlanta Falcons,,,kalshi,9900,—,—,,Loss,,miss,,,,—,,
2026-09-20T19:22:51.890725+00:00,nfl,2026,2,401872933,4018729331576,2,7:37,(No Huddle) B.Young pass deep right to J.Coker to ATL 11 for 25 yards.,1,10,ATL 36,36,-10,Atlanta Falcons,Carolina Panthers,0,10,0.4,99.6,83.0,110.0,193.0,260.0,53.0,313.0,game,Spread,Atlanta Falcons,,-9.5,novig,140,—,—,,-10,,miss,,,,—,,
2026-09-20T19:22:51.890725+00:00,nfl,2026,2,401872933,4018729331576,2,7:37,(No Huddle) B.Young pass deep right to J.Coker to ATL 11 for 25 yards.,1,10,ATL 36,36,-10,Atlanta Falcons,Carolina Panthers,0,10,0.4,99.6,83.0,110.0,193.0,260.0,53.0,313.0,game,Spread,Atlanta Falcons,,9.5,novig,140,—,—,,-10,,miss,,,,—,,
2026-09-20T19:22:51.890725+00:00,nfl,2026,2,401872933,4018729331576,2,7:37,(No Huddle) B.Young pass deep right to J.Coker to ATL 11 for 25 yards.,1,10,ATL 36,36,-10,Atlanta Falcons,Carolina Panthers,0,10,0.4,99.6,83.0,110.0,193.0,260.0,53.0,313.0,game,Total,Over,,43.5,polymarket,108,—,—,,10.0,,miss,,,,—,,
2026-09-20T19:22:51.890725+00:00,nfl,2026,2,401872933,4018729331576,2,7:37,(No Huddle) B.Young pass deep right to J.Coker to ATL 11 for 25 yards.,1,10,ATL 36,36,-10,Atlanta Falcons,Carolina Panthers,0,10,0.4,99.6,83.0,110.0,193.0,260.0,53.0,313.0,game,Total,Under,,43.5,betfair,1687,—,—,,10.0,,hit,,,,—,,
2026-09-20T19:22:51.890725+00:00,nfl,2026,2,401872933,4018729331576,2,7:37,(No Huddle) B.Young pass deep right to J.Coker to ATL 11 for 25 yards.,1,10,ATL 36,36,-10,Atlanta Falcons,Carolina Panthers,0,10,0.4,99.6,83.0,110.0,193.0,260.0,53.0,313.0,game,ML,Carolina Panthers,,,pinnacle,-7457,—,—,,Win,,hit,,,,—,,
2026-09-20T19:22:51.890725+00:00,nfl,2026,2,401872933,4018729331576,2,7:37,(No Huddle) B.Young pass deep right to J.Coker to ATL 11 for 25 yards.,1,10,ATL 36,36,-10,Atlanta Falcons,Carolina Panthers,0,10,0.4,99.6,83.0,110.0,193.0,260.0,53.0,313.0,game,ML,Atlanta Falcons,,,kalshi,9900,—,—,,Loss,,miss,,,,—,,
2026-09-20T19:22:51.890725+00:00,nfl,2026,2,401872933,4018729331601,2,7:17,"(No Huddle, Shotgun) B.Young pass short left to T.Tremble to ATL 11 for no gain (X.Watts). FUMBLES (X.Watts), and recovers at ATL 9. T.Tremble to ATL 7 for 2 yards (X.Watts).",1,10,ATL 11,11,-10,Atlanta Falcons,Carolina Panthers,0,10,0.4,99.6,83.0,110.0,193.0,260.0,53.0,313.0,game,Spread,Atlanta Falcons,,-9.5,novig,140,—,—,,-10,,miss,,,,—,,
2026-09-20T19:22:51.890725+00:00,nfl,2026,2,401872933,4018729331601,2,7:17,"(No Huddle, Shotgun) B.Young pass short left to T.Tremble to ATL 11 for no gain (X.Watts). FUMBLES (X.Watts), and recovers at ATL 9. T.Tremble to ATL 7 for 2 yards (X.Watts).",1,10,ATL 11,11,-10,Atlanta Falcons,Carolina Panthers,0,10,0.4,99.6,83.0,110.0,193.0,260.0,53.0,313.0,game,Spread,Atlanta Falcons,,9.5,novig,140,—,—,,-10,,miss,,,,—,,
2026-09-20T19:22:51.890725+00:00,nfl,2026,2,401872933,4018729331601,2,7:17,"(No Huddle, Shotgun) B.Young pass short left to T.Tremble to ATL 11 for no gain (X.Watts). FUMBLES (X.Watts), and recovers at ATL 9. T.Tremble to ATL 7 for 2 yards (X.Watts).",1,10,ATL 11,11,-10,Atlanta Falcons,Carolina Panthers,0,10,0.4,99.6,83.0,110.0,193.0,260.0,53.0,313.0,game,Total,Over,,43.5,polymarket,108,—,—,,10.0,,miss,,,,—,,
2026-09-20T19:22:51.890725+00:00,nfl,2026,2,401872933,4018729331601,2,7:17,"(No Huddle, Shotgun) B.Young pass short left to T.Tremble to ATL 11 for no gain (X.Watts). FUMBLES (X.Watts), and recovers at ATL 9. T.Tremble to ATL 7 for 2 yards (X.Watts).",1,10,ATL 11,11,-10,Atlanta Falcons,Carolina Panthers,0,10,0.4,99.6,83.0,110.0,193.0,260.0,53.0,313.0,game,Total,Under,,43.5,betfair,1687,—,—,,10.0,,hit,,,,—,,
2026-09-20T19:22:51.890725+00:00,nfl,2026,2,401872933,4018729331601,2,7:17,"(No Huddle, Shotgun) B.Young pass short left to T.Tremble to ATL 11 for no gain (X.Watts). FUMBLES (X.Watts), and recovers at ATL 9. T.Tremble to ATL 7 for 2 yards (X.Watts).",1,10,ATL 11,11,-10,Atlanta Falcons,Carolina Panthers,0,10,0.4,99.6,83.0,110.0,193.0,260.0,53.0,313.0,game,ML,Carolina Panthers,,,pinnacle,-7457,—,—,,Win,,hit,,,,—,,
2026-09-20T19:22:51.890725+00:00,nfl,2026,2,401872933,4018729331601,2,7:17,"(No Huddle, Shotgun) B.Young pass short left to T.Tremble to ATL 11 for no gain (X.Watts). FUMBLES (X.Watts), and recovers at ATL 9. T.Tremble to ATL 7 for 2 yards (X.Watts).",1,10,ATL 11,11,-10,Atlanta Falcons,Carolina Panthers,0,10,0.4,99.6,83.0,110.0,193.0,260.0,53.0,313.0,game,ML,Atlanta Falcons,,,kalshi,9900,—,—,,Loss,,miss,,,,—,,
2026-09-20T19:22:51.890725+00:00,nfl,2026,2,401872933,4018729331626,2,6:43,C.Hubbard right end to ATL 7 for no gain (J.Bates; M.Hughes).,2,6,ATL 7,7,-10,Atlanta Falcons,Carolina Panthers,0,10,0.4,99.6,83.0,110.0,193.0,260.0,53.0,313.0,game,Spread,Atlanta Falcons,,-9.5,novig,140,—,—,,-10,,miss,,,,—,,
2026-09-20T19:22:51.890725+00:00,nfl,2026,2,401872933,4018729331626,2,6:43,C.Hubbard right end to ATL 7 for no gain (J.Bates; M.Hughes).,2,6,ATL 7,7,-10,Atlanta Falcons,Carolina Panthers,0,10,0.4,99.6,83.0,110.0,193.0,260.0,53.0,313.0,game,Spread,Atlanta Falcons,,9.5,novig,140,—,—,,-10,,miss,,,,—,,
2026-09-20T19:22:51.890725+00:00,nfl,2026,2,401872933,4018729331626,2,6:43,C.Hubbard right end to ATL 7 for no gain (J.Bates; M.Hughes).,2,6,ATL 7,7,-10,Atlanta Falcons,Carolina Panthers,0,10,0.4,99.6,83.0,110.0,193.0,260.0,53.0,313.0,game,Total,Over,,43.5,polymarket,108,—,—,,10.0,,miss,,,,—,,
2026-09-20T19:22:51.890725+00:00,nfl,2026,2,401872933,4018729331626,2,6:43,C.Hubbard right end to ATL 7 for no gain (J.Bates; M.Hughes).,2,6,ATL 7,7,-10,Atlanta Falcons,Carolina Panthers,0,10,0.4,99.6,83.0,110.0,193.0,260.0,53.0,313.0,game,Total,Under,,43.5,betfair,1687,—,—,,10.0,,hit,,,,—,,
2026-09-20T19:22:51.890725+00:00,nfl,2026,2,401872933,4018729331626,2,6:43,C.Hubbard right end to ATL 7 for no gain (J.Bates; M.Hughes).,2,6,ATL 7,7,-10,Atlanta Falcons,Carolina Panthers,0,10,0.4,99.6,83.0,110.0,193.0,260.0,53.0,313.0,game,ML,Carolina Panthers,,,pinnacle,-7457,—,—,,Win,,hit,,,,—,,
2026-09-20T19:22:51.890725+00:00,nfl,2026,2,401872933,4018729331626,2,6:43,C.Hubbard right end to ATL 7 for no gain (J.Bates; M.Hughes).,2,6,ATL 7,7,-10,Atlanta Falcons,Carolina Panthers,0,10,0.4,99.6,83.0,110.0,193.0,260.0,53.0,313.0,game,ML,Atlanta Falcons,,,kalshi,9900,—,—,,Loss,,miss,,,,—,,
2026-09-20T19:22:51.890725+00:00,nfl,2026,2,401872933,4018729331648,2,6:04,(Shotgun) B.Young pass incomplete short left to T.McMillan.,3,6,ATL 7,7,-10,Atlanta Falcons,Carolina Panthers,0,10,0.4,99.6,83.0,110.0,193.0,260.0,53.0,313.0,game,Spread,Atlanta Falcons,,-9.5,novig,140,—,—,,-10,,miss,,,,—,,
2026-09-20T19:22:51.890725+00:00,nfl,2026,2,401872933,4018729331648,2,6:04,(Shotgun) B.Young pass incomplete short left to T.McMillan.,3,6,ATL 7,7,-10,Atlanta Falcons,Carolina Panthers,0,10,0.4,99.6,83.0,110.0,193.0,260.0,53.0,313.0,game,Spread,Atlanta Falcons,,9.5,novig,140,—,—,,-10,,miss,,,,—,,
2026-09-20T19:22:51.890725+00:00,nfl,2026,2,401872933,4018729331648,2,6:04,(Shotgun) B.Young pass incomplete short left to T.McMillan.,3,6,ATL 7,7,-10,Atlanta Falcons,Carolina Panthers,0,10,0.4,99.6,83.0,110.0,193.0,260.0,53.0,313.0,game,Total,Over,,43.5,polymarket,108,—,—,,10.0,,miss,,,,—,,
2026-09-20T19:22:51.890725+00:00,nfl,2026,2,401872933,4018729331648,2,6:04,(Shotgun) B.Young pass incomplete short left to T.McMillan.,3,6,ATL 7,7,-10,Atlanta Falcons,Carolina Panthers,0,10,0.4,99.6,83.0,110.0,193.0,260.0,53.0,313.0,game,Total,Under,,43.5,betfair,1687,—,—,,10.0,,hit,,,,—,,
2026-09-20T19:22:51.890725+00:00,nfl,2026,2,401872933,4018729331648,2,6:04,(Shotgun) B.Young pass incomplete short left to T.McMillan.,3,6,ATL 7,7,-10,Atlanta Falcons,Carolina Panthers,0,10,0.4,99.6,83.0,110.0,193.0,260.0,53.0,313.0,game,ML,Carolina Panthers,,,pinnacle,-7457,—,—,,Win,,hit,,,,—,,
2026-09-20T19:22:51.890725+00:00,nfl,2026,2,401872933,4018729331648,2,6:04,(Shotgun) B.Young pass incomplete short left to T.McMillan.,3,6,ATL 7,7,-10,Atlanta Falcons,Carolina Panthers,0,10,0.4,99.6,83.0,110.0,193.0,260.0,53.0,313.0,game,ML,Atlanta Falcons,,,kalshi,9900,—,—,,Loss,,miss,,,,—,,
2026-09-20T19:22:51.890725+00:00,nfl,2026,2,401872933,4018729331698,2,5:54,Official Timeout at 05:54.,-1,6,CAR 35,65,-13,Atlanta Falcons,Carolina Panthers,0,13,0.4,99.6,83.0,110.0,193.0,260.0,53.0,313.0,game,Spread,Atlanta Falcons,,-9.5,novig,140,—,—,,-13,,miss,,,,—,,
2026-09-20T19:22:51.890725+00:00,nfl,2026,2,401872933,4018729331698,2,5:54,Official Timeout at 05:54.,-1,6,CAR 35,65,-13,Atlanta Falcons,Carolina Panthers,0,13,0.4,99.6,83.0,110.0,193.0,260.0,53.0,313.0,game,Spread,Atlanta Falcons,,9.5,novig,140,—,—,,-13,,miss,,,,—,,
2026-09-20T19:22:51.890725+00:00,nfl,2026,2,401872933,4018729331698,2,5:54,Official Timeout at 05:54.,-1,6,CAR 35,65,-13,Atlanta Falcons,Carolina Panthers,0,13,0.4,99.6,83.0,110.0,193.0,260.0,53.0,313.0,game,Total,Over,,43.5,polymarket,108,—,—,,13.0,,miss,,,,—,,
2026-09-20T19:22:51.890725+00:00,nfl,2026,2,401872933,4018729331698,2,5:54,Official Timeout at 05:54.,-1,6,CAR 35,65,-13,Atlanta Falcons,Carolina Panthers,0,13,0.4,99.6,83.0,110.0,193.0,260.0,53.0,313.0,game,Total,Under,,43.5,betfair,1687,—,—,,13.0,,hit,,,,—,,
2026-09-20T19:22:51.890725+00:00,nfl,2026,2,401872933,4018729331698,2,5:54,Official Timeout at 05:54.,-1,6,CAR 35,65,-13,Atlanta Falcons,Carolina Panthers,0,13,0.4,99.6,83.0,110.0,193.0,260.0,53.0,313.0,game,ML,Carolina Panthers,,,pinnacle,-7457,—,—,,Win,,hit,,,,—,,
2026-09-20T19:22:51.890725+00:00,nfl,2026,2,401872933,4018729331698,2,5:54,Official Timeout at 05:54.,-1,6,CAR 35,65,-13,Atlanta Falcons,Carolina Panthers,0,13,0.4,99.6,83.0,110.0,193.0,260.0,53.0,313.0,game,ML,Atlanta Falcons,,,kalshi,9900,—,—,,Loss,,miss,,,,—,,
2026-09-20T19:22:51.890725+00:00,nfl,2026,2,401872933,4018729331688,2,5:54,"R.Fitzgerald 25 yard field goal is GOOD, Center-J.Jansen, Holder-S.Martin.",4,6,ATL 7,7,-13,Atlanta Falcons,Carolina Panthers,0,13,0.4,99.6,83.0,110.0,193.0,260.0,53.0,313.0,game,Spread,Atlanta Falcons,,-9.5,novig,140,—,—,,-13,,miss,,,,—,,
2026-09-20T19:22:51.890725+00:00,nfl,2026,2,401872933,4018729331688,2,5:54,"R.Fitzgerald 25 yard field goal is GOOD, Center-J.Jansen, Holder-S.Martin.",4,6,ATL 7,7,-13,Atlanta Falcons,Carolina Panthers,0,13,0.4,99.6,83.0,110.0,193.0,260.0,53.0,313.0,game,Spread,Atlanta Falcons,,9.5,novig,140,—,—,,-13,,miss,,,,—,,
2026-09-20T19:22:51.890725+00:00,nfl,2026,2,401872933,4018729331688,2,5:54,"R.Fitzgerald 25 yard field goal is GOOD, Center-J.Jansen, Holder-S.Martin.",4,6,ATL 7,7,-13,Atlanta Falcons,Carolina Panthers,0,13,0.4,99.6,83.0,110.0,193.0,260.0,53.0,313.0,game,Total,Over,,43.5,polymarket,108,—,—,,13.0,,miss,,,,—,,
2026-09-20T19:22:51.890725+00:00,nfl,2026,2,401872933,4018729331688,2,5:54,"R.Fitzgerald 25 yard field goal is GOOD, Center-J.Jansen, Holder-S.Martin.",4,6,ATL 7,7,-13,Atlanta Falcons,Carolina Panthers,0,13,0.4,99.6,83.0,110.0,193.0,260.0,53.0,313.0,game,Total,Under,,43.5,betfair,1687,—,—,,13.0,,hit,,,,—,,
2026-09-20T19:22:51.890725+00:00,nfl,2026,2,401872933,4018729331688,2,5:54,"R.Fitzgerald 25 yard field goal is GOOD, Center-J.Jansen, Holder-S.Martin.",4,6,ATL 7,7,-13,Atlanta Falcons,Carolina Panthers,0,13,0.4,99.6,83.0,110.0,193.0,260.0,53.0,313.0,game,ML,Carolina Panthers,,,pinnacle,-7457,—,—,,Win,,hit,,,,—,,
2026-09-20T19:22:51.890725+00:00,nfl,2026,2,401872933,4018729331688,2,5:54,"R.Fitzgerald 25 yard field goal is GOOD, Center-J.Jansen, Holder-S.Martin.",4,6,ATL 7,7,-13,Atlanta Falcons,Carolina Panthers,0,13,0.4,99.6,83.0,110.0,193.0,260.0,53.0,313.0,game,ML,Atlanta Falcons,,,kalshi,9900,—,—,,Loss,,miss,,,,—,,
2026-09-20T19:22:51.890725+00:00,nfl,2026,2,401872933,4018729331708,2,5:54,"R.Fitzgerald kicks 61 yards from CAR 35 to ATL 4. O.Zaccheaus to ATL 26 for 22 yards (Z.Wheatley).PENALTY on ATL-K.Daniels, Offensive Holding, 10 yards, enforced at ATL 22.",2,6,ATL 6,65,-13,Atlanta Falcons,Carolina Panthers,0,13,0.4,99.6,83.0,110.0,193.0,260.0,53.0,313.0,game,Spread,Atlanta Falcons,,-9.5,novig,140,—,—,,-13,,miss,,,,—,,
2026-09-20T19:22:51.890725+00:00,nfl,2026,2,401872933,4018729331708,2,5:54,"R.Fitzgerald kicks 61 yards from CAR 35 to ATL 4. O.Zaccheaus to ATL 26 for 22 yards (Z.Wheatley).PENALTY on ATL-K.Daniels, Offensive Holding, 10 yards, enforced at ATL 22.",2,6,ATL 6,65,-13,Atlanta Falcons,Carolina Panthers,0,13,0.4,99.6,83.0,110.0,193.0,260.0,53.0,313.0,game,Spread,Atlanta Falcons,,9.5,novig,140,—,—,,-13,,miss,,,,—,,
2026-09-20T19:22:51.890725+00:00,nfl,2026,2,401872933,4018729331708,2,5:54,"R.Fitzgerald kicks 61 yards from CAR 35 to ATL 4. O.Zaccheaus to ATL 26 for 22 yards (Z.Wheatley).PENALTY on ATL-K.Daniels, Offensive Holding, 10 yards, enforced at ATL 22.",2,6,ATL 6,65,-13,Atlanta Falcons,Carolina Panthers,0,13,0.4,99.6,83.0,110.0,193.0,260.0,53.0,313.0,game,Total,Over,,43.5,polymarket,108,—,—,,13.0,,miss,,,,—,,
2026-09-20T19:22:51.890725+00:00,nfl,2026,2,401872933,4018729331708,2,5:54,"R.Fitzgerald kicks 61 yards from CAR 35 to ATL 4. O.Zaccheaus to ATL 26 for 22 yards (Z.Wheatley).PENALTY on ATL-K.Daniels, Offensive Holding, 10 yards, enforced at ATL 22.",2,6,ATL 6,65,-13,Atlanta Falcons,Carolina Panthers,0,13,0.4,99.6,83.0,110.0,193.0,260.0,53.0,313.0,game,Total,Under,,43.5,betfair,1687,—,—,,13.0,,hit,,,,—,,
2026-09-20T19:22:51.890725+00:00,nfl,2026,2,401872933,4018729331708,2,5:54,"R.Fitzgerald kicks 61 yards from CAR 35 to ATL 4. O.Zaccheaus to ATL 26 for 22 yards (Z.Wheatley).PENALTY on ATL-K.Daniels, Offensive Holding, 10 yards, enforced at ATL 22.",2,6,ATL 6,65,-13,Atlanta Falcons,Carolina Panthers,0,13,0.4,99.6,83.0,110.0,193.0,260.0,53.0,313.0,game,ML,Carolina Panthers,,,pinnacle,-7457,—,—,,Win,,hit,,,,—,,
2026-09-20T19:22:51.890725+00:00,nfl,2026,2,401872933,4018729331708,2,5:54,"R.Fitzgerald kicks 61 yards from CAR 35 to ATL 4. O.Zaccheaus to ATL 26 for 22 yards (Z.Wheatley).PENALTY on ATL-K.Daniels, Offensive Holding, 10 yards, enforced at ATL 22.",2,6,ATL 6,65,-13,Atlanta Falcons,Carolina Panthers,0,13,0.4,99.6,83.0,110.0,193.0,260.0,53.0,313.0,game,ML,Atlanta Falcons,,,kalshi,9900,—,—,,Loss,,miss,,,,—,,
2026-09-20T19:22:51.890725+00:00,nfl,2026,2,401872933,4018729331749,2,5:48,"C.Rush pass deep right to D.London to ATL 37 for 25 yards (Ja.Horn; L.Ransom) [P.Umanmielen].PENALTY on ATL-J.Matthews, Face Mask, 6 yards, enforced at ATL 12 - No Play.",1,10,ATL 12,12,-13,Atlanta Falcons,Carolina Panthers,0,13,0.4,99.6,83.0,110.0,193.0,260.0,53.0,313.0,game,Spread,Atlanta Falcons,,-9.5,novig,140,—,—,,-13,,miss,,,,—,,
2026-09-20T19:22:51.890725+00:00,nfl,2026,2,401872933,4018729331749,2,5:48,"C.Rush pass deep right to D.London to ATL 37 for 25 yards (Ja.Horn; L.Ransom) [P.Umanmielen].PENALTY on ATL-J.Matthews, Face Mask, 6 yards, enforced at ATL 12 - No Play.",1,10,ATL 12,12,-13,Atlanta Falcons,Carolina Panthers,0,13,0.4,99.6,83.0,110.0,193.0,260.0,53.0,313.0,game,Spread,Atlanta Falcons,,9.5,novig,140,—,—,,-13,,miss,,,,—,,
2026-09-20T19:22:51.890725+00:00,nfl,2026,2,401872933,4018729331749,2,5:48,"C.Rush pass deep right to D.London to ATL 37 for 25 yards (Ja.Horn; L.Ransom) [P.Umanmielen].PENALTY on ATL-J.Matthews, Face Mask, 6 yards, enforced at ATL 12 - No Play.",1,10,ATL 12,12,-13,Atlanta Falcons,Carolina Panthers,0,13,0.4,99.6,83.0,110.0,193.0,260.0,53.0,313.0,game,Total,Over,,43.5,polymarket,108,—,—,,13.0,,miss,,,,—,,
2026-09-20T19:22:51.890725+00:00,nfl,2026,2,401872933,4018729331749,2,5:48,"C.Rush pass deep right to D.London to ATL 37 for 25 yards (Ja.Horn; L.Ransom) [P.Umanmielen].PENALTY on ATL-J.Matthews, Face Mask, 6 yards, enforced at ATL 12 - No Play.",1,10,ATL 12,12,-13,Atlanta Falcons,Carolina Panthers,0,13,0.4,99.6,83.0,110.0,193.0,260.0,53.0,313.0,game,Total,Under,,43.5,betfair,1687,—,—,,13.0,,hit,,,,—,,
2026-09-20T19:22:51.890725+00:00,nfl,2026,2,401872933,4018729331749,2,5:48,"C.Rush pass deep right to D.London to ATL 37 for 25 yards (Ja.Horn; L.Ransom) [P.Umanmielen].PENALTY on ATL-J.Matthews, Face Mask, 6 yards, enforced at ATL 12 - No Play.",1,10,ATL 12,12,-13,Atlanta Falcons,Carolina Panthers,0,13,0.4,99.6,83.0,110.0,193.0,260.0,53.0,313.0,game,ML,Carolina Panthers,,,pinnacle,-7457,—,—,,Win,,hit,,,,—,,
2026-09-20T19:22:51.890725+00:00,nfl,2026,2,401872933,4018729331749,2,5:48,"C.Rush pass deep right to D.London to ATL 37 for 25 yards (Ja.Horn; L.Ransom) [P.Umanmielen].PENALTY on ATL-J.Matthews, Face Mask, 6 yards, enforced at ATL 12 - No Play.",1,10,ATL 12,12,-13,Atlanta Falcons,Carolina Panthers,0,13,0.4,99.6,83.0,110.0,193.0,260.0,53.0,313.0,game,ML,Atlanta Falcons,,,kalshi,9900,—,—,,Loss,,miss,,,,—,,
2026-09-20T19:22:51.890725+00:00,nfl,2026,2,401872933,4018729331785,2,5:35,Bi.Robinson right guard to ATL 12 for 6 yards (L.Ransom).,1,16,ATL 6,6,-13,Atlanta Falcons,Carolina Panthers,0,13,0.4,99.6,83.0,110.0,193.0,260.0,53.0,313.0,game,Spread,Atlanta Falcons,,-9.5,novig,140,—,—,,-13,,miss,,,,—,,
2026-09-20T19:22:51.890725+00:00,nfl,2026,2,401872933,4018729331785,2,5:35,Bi.Robinson right guard to ATL 12 for 6 yards (L.Ransom).,1,16,ATL 6,6,-13,Atlanta Falcons,Carolina Panthers,0,13,0.4,99.6,83.0,110.0,193.0,260.0,53.0,313.0,game,Spread,Atlanta Falcons,,9.5,novig,140,—,—,,-13,,miss,,,,—,,
2026-09-20T19:22:51.890725+00:00,nfl,2026,2,401872933,4018729331785,2,5:35,Bi.Robinson right guard to ATL 12 for 6 yards (L.Ransom).,1,16,ATL 6,6,-13,Atlanta Falcons,Carolina Panthers,0,13,0.4,99.6,83.0,110.0,193.0,260.0,53.0,313.0,game,Total,Over,,43.5,polymarket,108,—,—,,13.0,,miss,,,,—,,
2026-09-20T19:22:51.890725+00:00,nfl,2026,2,401872933,4018729331785,2,5:35,Bi.Robinson right guard to ATL 12 for 6 yards (L.Ransom).,1,16,ATL 6,6,-13,Atlanta Falcons,Carolina Panthers,0,13,0.4,99.6,83.0,110.0,193.0,260.0,53.0,313.0,game,Total,Under,,43.5,betfair,1687,—,—,,13.0,,hit,,,,—,,
2026-09-20T19:22:51.890725+00:00,nfl,2026,2,401872933,4018729331785,2,5:35,Bi.Robinson right guard to ATL 12 for 6 yards (L.Ransom).,1,16,ATL 6,6,-13,Atlanta Falcons,Carolina Panthers,0,13,0.4,99.6,83.0,110.0,193.0,260.0,53.0,313.0,game,ML,Carolina Panthers,,,pinnacle,-7457,—,—,,Win,,hit,,,,—,,
2026-09-20T19:22:51.890725+00:00,nfl,2026,2,401872933,4018729331785,2,5:35,Bi.Robinson right guard to ATL 12 for 6 yards (L.Ransom).,1,16,ATL 6,6,-13,Atlanta Falcons,Carolina Panthers,0,13,0.4,99.6,83.0,110.0,193.0,260.0,53.0,313.0,game,ML,Atlanta Falcons,,,kalshi,9900,—,—,,Loss,,miss,,,,—,,
2026-09-20T19:22:51.890725+00:00,nfl,2026,2,401872933,4018729331807,2,5:00,(Shotgun) C.Rush pass incomplete short left to O.Zaccheaus.,2,10,ATL 12,12,-13,Atlanta Falcons,Carolina Panthers,0,13,0.4,99.6,83.0,110.0,193.0,260.0,53.0,313.0,game,Spread,Atlanta Falcons,,-9.5,novig,140,—,—,,-13,,miss,,,,—,,
2026-09-20T19:22:51.890725+00:00,nfl,2026,2,401872933,4018729331807,2,5:00,(Shotgun) C.Rush pass incomplete short left to O.Zaccheaus.,2,10,ATL 12,12,-13,Atlanta Falcons,Carolina Panthers,0,13,0.4,99.6,83.0,110.0,193.0,260.0,53.0,313.0,game,Spread,Atlanta Falcons,,9.5,novig,140,—,—,,-13,,miss,,,,—,,
2026-09-20T19:22:51.890725+00:00,nfl,2026,2,401872933,4018729331807,2,5:00,(Shotgun) C.Rush pass incomplete short left to O.Zaccheaus.,2,10,ATL 12,12,-13,Atlanta Falcons,Carolina Panthers,0,13,0.4,99.6,83.0,110.0,193.0,260.0,53.0,313.0,game,Total,Over,,43.5,polymarket,108,—,—,,13.0,,miss,,,,—,,
2026-09-20T19:22:51.890725+00:00,nfl,2026,2,401872933,4018729331807,2,5:00,(Shotgun) C.Rush pass incomplete short left to O.Zaccheaus.,2,10,ATL 12,12,-13,Atlanta Falcons,Carolina Panthers,0,13,0.4,99.6,83.0,110.0,193.0,260.0,53.0,313.0,game,Total,Under,,43.5,betfair,1687,—,—,,13.0,,hit,,,,—,,
2026-09-20T19:22:51.890725+00:00,nfl,2026,2,401872933,4018729331807,2,5:00,(Shotgun) C.Rush pass incomplete short left to O.Zaccheaus.,2,10,ATL 12,12,-13,Atlanta Falcons,Carolina Panthers,0,13,0.4,99.6,83.0,110.0,193.0,260.0,53.0,313.0,game,ML,Carolina Panthers,,,pinnacle,-7457,—,—,,Win,,hit,,,,—,,
2026-09-20T19:22:51.890725+00:00,nfl,2026,2,401872933,4018729331807,2,5:00,(Shotgun) C.Rush pass incomplete short left to O.Zaccheaus.,2,10,ATL 12,12,-13,Atlanta Falcons,Carolina Panthers,0,13,0.4,99.6,83.0,110.0,193.0,260.0,53.0,313.0,game,ML,Atlanta Falcons,,,kalshi,9900,—,—,,Loss,,miss,,,,—,,
2026-09-20T19:22:51.890725+00:00,nfl,2026,2,401872933,4018729331830,2,4:56,(Shotgun) C.Rush scrambles right end ran ob at ATL 23 for 11 yards (P.Umanmielen).,3,10,ATL 12,12,-13,Atlanta Falcons,Carolina Panthers,0,13,0.4,99.6,83.0,110.0,193.0,260.0,53.0,313.0,game,Spread,Atlanta Falcons,,-9.5,novig,140,—,—,,-13,,miss,,,,—,,
2026-09-20T19:22:51.890725+00:00,nfl,2026,2,401872933,4018729331830,2,4:56,(Shotgun) C.Rush scrambles right end ran ob at ATL 23 for 11 yards (P.Umanmielen).,3,10,ATL 12,12,-13,Atlanta Falcons,Carolina Panthers,0,13,0.4,99.6,83.0,110.0,193.0,260.0,53.0,313.0,game,Spread,Atlanta Falcons,,9.5,novig,140,—,—,,-13,,miss,,,,—,,
2026-09-20T19:22:51.890725+00:00,nfl,2026,2,401872933,4018729331830,2,4:56,(Shotgun) C.Rush scrambles right end ran ob at ATL 23 for 11 yards (P.Umanmielen).,3,10,ATL 12,12,-13,Atlanta Falcons,Carolina Panthers,0,13,0.4,99.6,83.0,110.0,193.0,260.0,53.0,313.0,game,Total,Over,,43.5,polymarket,108,—,—,,13.0,,miss,,,,—,,
2026-09-20T19:22:51.890725+00:00,nfl,2026,2,401872933,4018729331830,2,4:56,(Shotgun) C.Rush scrambles right end ran ob at ATL 23 for 11 yards (P.Umanmielen).,3,10,ATL 12,12,-13,Atlanta Falcons,Carolina Panthers,0,13,0.4,99.6,83.0,110.0,193.0,260.0,53.0,313.0,game,Total,Under,,43.5,betfair,1687,—,—,,13.0,,hit,,,,—,,
2026-09-20T19:22:51.890725+00:00,nfl,2026,2,401872933,4018729331830,2,4:56,(Shotgun) C.Rush scrambles right end ran ob at ATL 23 for 11 yards (P.Umanmielen).,3,10,ATL 12,12,-13,Atlanta Falcons,Carolina Panthers,0,13,0.4,99.6,83.0,110.0,193.0,260.0,53.0,313.0,game,ML,Carolina Panthers,,,pinnacle,-7457,—,—,,Win,,hit,,,,—,,
2026-09-20T19:22:51.890725+00:00,nfl,2026,2,401872933,4018729331830,2,4:56,(Shotgun) C.Rush scrambles right end ran ob at ATL 23 for 11 yards (P.Umanmielen).,3,10,ATL 12,12,-13,Atlanta Falcons,Carolina Panthers,0,13,0.4,99.6,83.0,110.0,193.0,260.0,53.0,313.0,game,ML,Atlanta Falcons,,,kalshi,9900,—,—,,Loss,,miss,,,,—,,
2026-09-20T19:22:51.890725+00:00,nfl,2026,2,401872933,4018729331857,2,4:14,"PENALTY on ATL-K.Pitts, False Start, 5 yards, enforced at ATL 23 - No Play.",1,10,ATL 23,23,-13,Atlanta Falcons,Carolina Panthers,0,13,0.4,99.6,83.0,110.0,193.0,260.0,53.0,313.0,game,Spread,Atlanta Falcons,,-9.5,novig,140,—,—,,-13,,miss,,,,—,,
2026-09-20T19:22:51.890725+00:00,nfl,2026,2,401872933,4018729331857,2,4:14,"PENALTY on ATL-K.Pitts, False Start, 5 yards, enforced at ATL 23 - No Play.",1,10,ATL 23,23,-13,Atlanta Falcons,Carolina Panthers,0,13,0.4,99.6,83.0,110.0,193.0,260.0,53.0,313.0,game,Spread,Atlanta Falcons,,9.5,novig,140,—,—,,-13,,miss,,,,—,,
2026-09-20T19:22:51.890725+00:00,nfl,2026,2,401872933,4018729331857,2,4:14,"PENALTY on ATL-K.Pitts, False Start, 5 yards, enforced at ATL 23 - No Play.",1,10,ATL 23,23,-13,Atlanta Falcons,Carolina Panthers,0,13,0.4,99.6,83.0,110.0,193.0,260.0,53.0,313.0,game,Total,Over,,43.5,polymarket,108,—,—,,13.0,,miss,,,,—,,
2026-09-20T19:22:51.890725+00:00,nfl,2026,2,401872933,4018729331857,2,4:14,"PENALTY on ATL-K.Pitts, False Start, 5 yards, enforced at ATL 23 - No Play.",1,10,ATL 23,23,-13,Atlanta Falcons,Carolina Panthers,0,13,0.4,99.6,83.0,110.0,193.0,260.0,53.0,313.0,game,Total,Under,,43.5,betfair,1687,—,—,,13.0,,hit,,,,—,,
2026-09-20T19:22:51.890725+00:00,nfl,2026,2,401872933,4018729331857,2,4:14,"PENALTY on ATL-K.Pitts, False Start, 5 yards, enforced at ATL 23 - No Play.",1,10,ATL 23,23,-13,Atlanta Falcons,Carolina Panthers,0,13,0.4,99.6,83.0,110.0,193.0,260.0,53.0,313.0,game,ML,Carolina Panthers,,,pinnacle,-7457,—,—,,Win,,hit,,,,—,,
2026-09-20T19:22:51.890725+00:00,nfl,2026,2,401872933,4018729331857,2,4:14,"PENALTY on ATL-K.Pitts, False Start, 5 yards, enforced at ATL 23 - No Play.",1,10,ATL 23,23,-13,Atlanta Falcons,Carolina Panthers,0,13,0.4,99.6,83.0,110.0,193.0,260.0,53.0,313.0,game,ML,Atlanta Falcons,,,kalshi,9900,—,—,,Loss,,miss,,,,—,,
2026-09-20T19:22:51.890725+00:00,nfl,2026,2,401872933,4018729331881,2,3:53,(Shotgun) C.Rush pass short right to K.Pitts pushed ob at ATL 33 for 15 yards.,1,15,ATL 18,18,-13,Atlanta Falcons,Carolina Panthers,0,13,0.4,99.6,83.0,110.0,193.0,260.0,53.0,313.0,game,Spread,Atlanta Falcons,,-9.5,novig,140,—,—,,-13,,miss,,,,—,,
2026-09-20T19:22:51.890725+00:00,nfl,2026,2,401872933,4018729331881,2,3:53,(Shotgun) C.Rush pass short right to K.Pitts pushed ob at ATL 33 for 15 yards.,1,15,ATL 18,18,-13,Atlanta Falcons,Carolina Panthers,0,13,0.4,99.6,83.0,110.0,193.0,260.0,53.0,313.0,game,Spread,Atlanta Falcons,,9.5,novig,140,—,—,,-13,,miss,,,,—,,
2026-09-20T19:22:51.890725+00:00,nfl,2026,2,401872933,4018729331881,2,3:53,(Shotgun) C.Rush pass short right to K.Pitts pushed ob at ATL 33 for 15 yards.,1,15,ATL 18,18,-13,Atlanta Falcons,Carolina Panthers,0,13,0.4,99.6,83.0,110.0,193.0,260.0,53.0,313.0,game,Total,Over,,43.5,polymarket,108,—,—,,13.0,,miss,,,,—,,
2026-09-20T19:22:51.890725+00:00,nfl,2026,2,401872933,4018729331881,2,3:53,(Shotgun) C.Rush pass short right to K.Pitts pushed ob at ATL 33 for 15 yards.,1,15,ATL 18,18,-13,Atlanta Falcons,Carolina Panthers,0,13,0.4,99.6,83.0,110.0,193.0,260.0,53.0,313.0,game,Total,Under,,43.5,betfair,1687,—,—,,13.0,,hit,,,,—,,
2026-09-20T19:22:51.890725+00:00,nfl,2026,2,401872933,4018729331881,2,3:53,(Shotgun) C.Rush pass short right to K.Pitts pushed ob at ATL 33 for 15 yards.,1,15,ATL 18,18,-13,Atlanta Falcons,Carolina Panthers,0,13,0.4,99.6,83.0,110.0,193.0,260.0,53.0,313.0,game,ML,Carolina Panthers,,,pinnacle,-7457,—,—,,Win,,hit,,,,—,,
2026-09-20T19:22:51.890725+00:00,nfl,2026,2,401872933,4018729331881,2,3:53,(Shotgun) C.Rush pass short right to K.Pitts pushed ob at ATL 33 for 15 yards.,1,15,ATL 18,18,-13,Atlanta Falcons,Carolina Panthers,0,13,0.4,99.6,83.0,110.0,193.0,260.0,53.0,313.0,game,ML,Atlanta Falcons,,,kalshi,9900,—,—,,Loss,,miss,,,,—,,
2026-09-20T19:22:51.890725+00:00,nfl,2026,2,401872933,4018729331911,2,3:21,Bi.Robinson left tackle to ATL 41 for 8 yards (T.Moehrig).,1,10,ATL 33,33,-13,Atlanta Falcons,Carolina Panthers,0,13,0.4,99.6,83.0,110.0,193.0,260.0,53.0,313.0,game,Spread,Atlanta Falcons,,-9.5,novig,140,—,—,,-13,,miss,,,,—,,
2026-09-20T19:22:51.890725+00:00,nfl,2026,2,401872933,4018729331911,2,3:21,Bi.Robinson left tackle to ATL 41 for 8 yards (T.Moehrig).,1,10,ATL 33,33,-13,Atlanta Falcons,Carolina Panthers,0,13,0.4,99.6,83.0,110.0,193.0,260.0,53.0,313.0,game,Spread,Atlanta Falcons,,9.5,novig,140,—,—,,-13,,miss,,,,—,,
2026-09-20T19:22:51.890725+00:00,nfl,2026,2,401872933,4018729331911,2,3:21,Bi.Robinson left tackle to ATL 41 for 8 yards (T.Moehrig).,1,10,ATL 33,33,-13,Atlanta Falcons,Carolina Panthers,0,13,0.4,99.6,83.0,110.0,193.0,260.0,53.0,313.0,game,Total,Over,,43.5,polymarket,108,—,—,,13.0,,miss,,,,—,,
2026-09-20T19:22:51.890725+00:00,nfl,2026,2,401872933,4018729331911,2,3:21,Bi.Robinson left tackle to ATL 41 for 8 yards (T.Moehrig).,1,10,ATL 33,33,-13,Atlanta Falcons,Carolina Panthers,0,13,0.4,99.6,83.0,110.0,193.0,260.0,53.0,313.0,game,Total,Under,,43.5,betfair,1687,—,—,,13.0,,hit,,,,—,,
2026-09-20T19:22:51.890725+00:00,nfl,2026,2,401872933,4018729331911,2,3:21,Bi.Robinson left tackle to ATL 41 for 8 yards (T.Moehrig).,1,10,ATL 33,33,-13,Atlanta Falcons,Carolina Panthers,0,13,0.4,99.6,83.0,110.0,193.0,260.0,53.0,313.0,game,ML,Carolina Panthers,,,pinnacle,-7457,—,—,,Win,,hit,,,,—,,
2026-09-20T19:22:51.890725+00:00,nfl,2026,2,401872933,4018729331911,2,3:21,Bi.Robinson left tackle to ATL 41 for 8 yards (T.Moehrig).,1,10,ATL 33,33,-13,Atlanta Falcons,Carolina Panthers,0,13,0.4,99.6,83.0,110.0,193.0,260.0,53.0,313.0,game,ML,Atlanta Falcons,,,kalshi,9900,—,—,,Loss,,miss,,,,—,,
2026-09-20T19:22:51.890725+00:00,nfl,2026,2,401872933,4018729331933,2,2:46,(Shotgun) C.Rush pass incomplete short left to D.London.,2,2,ATL 41,41,-13,Atlanta Falcons,Carolina Panthers,0,13,0.4,99.6,83.0,110.0,193.0,260.0,53.0,313.0,game,Spread,Atlanta Falcons,,-9.5,novig,140,—,—,,-13,,miss,,,,—,,
2026-09-20T19:22:51.890725+00:00,nfl,2026,2,401872933,4018729331933,2,2:46,(Shotgun) C.Rush pass incomplete short left to D.London.,2,2,ATL 41,41,-13,Atlanta Falcons,Carolina Panthers,0,13,0.4,99.6,83.0,110.0,193.0,260.0,53.0,313.0,game,Spread,Atlanta Falcons,,9.5,novig,140,—,—,,-13,,miss,,,,—,,
2026-09-20T19:22:51.890725+00:00,nfl,2026,2,401872933,4018729331933,2,2:46,(Shotgun) C.Rush pass incomplete short left to D.London.,2,2,ATL 41,41,-13,Atlanta Falcons,Carolina Panthers,0,13,0.4,99.6,83.0,110.0,193.0,260.0,53.0,313.0,game,Total,Over,,43.5,polymarket,108,—,—,,13.0,,miss,,,,—,,
2026-09-20T19:22:51.890725+00:00,nfl,2026,2,401872933,4018729331933,2,2:46,(Shotgun) C.Rush pass incomplete short left to D.London.,2,2,ATL 41,41,-13,Atlanta Falcons,Carolina Panthers,0,13,0.4,99.6,83.0,110.0,193.0,260.0,53.0,313.0,game,Total,Under,,43.5,betfair,1687,—,—,,13.0,,hit,,,,—,,
2026-09-20T19:22:51.890725+00:00,nfl,2026,2,401872933,4018729331933,2,2:46,(Shotgun) C.Rush pass incomplete short left to D.London.,2,2,ATL 41,41,-13,Atlanta Falcons,Carolina Panthers,0,13,0.4,99.6,83.0,110.0,193.0,260.0,53.0,313.0,game,ML,Carolina Panthers,,,pinnacle,-7457,—,—,,Win,,hit,,,,—,,
2026-09-20T19:22:51.890725+00:00,nfl,2026,2,401872933,4018729331933,2,2:46,(Shotgun) C.Rush pass incomplete short left to D.London.,2,2,ATL 41,41,-13,Atlanta Falcons,Carolina Panthers,0,13,0.4,99.6,83.0,110.0,193.0,260.0,53.0,313.0,game,ML,Atlanta Falcons,,,kalshi,9900,—,—,,Loss,,miss,,,,—,,
2026-09-20T19:22:51.890725+00:00,nfl,2026,2,401872933,4018729331961,2,2:42,(Shotgun) C.Rush pass short middle to D.London to CAR 42 for 17 yards (D.Lloyd).,3,2,ATL 41,41,-13,Atlanta Falcons,Carolina Panthers,0,13,0.4,99.6,83.0,110.0,193.0,260.0,53.0,313.0,game,Spread,Atlanta Falcons,,-9.5,novig,140,—,—,,-13,,miss,,,,—,,
2026-09-20T19:22:51.890725+00:00,nfl,2026,2,401872933,4018729331961,2,2:42,(Shotgun) C.Rush pass short middle to D.London to CAR 42 for 17 yards (D.Lloyd).,3,2,ATL 41,41,-13,Atlanta Falcons,Carolina Panthers,0,13,0.4,99.6,83.0,110.0,193.0,260.0,53.0,313.0,game,Spread,Atlanta Falcons,,9.5,novig,140,—,—,,-13,,miss,,,,—,,
2026-09-20T19:22:51.890725+00:00,nfl,2026,2,401872933,4018729331961,2,2:42,(Shotgun) C.Rush pass short middle to D.London to CAR 42 for 17 yards (D.Lloyd).,3,2,ATL 41,41,-13,Atlanta Falcons,Carolina Panthers,0,13,0.4,99.6,83.0,110.0,193.0,260.0,53.0,313.0,game,Total,Over,,43.5,polymarket,108,—,—,,13.0,,miss,,,,—,,
2026-09-20T19:22:51.890725+00:00,nfl,2026,2,401872933,4018729331961,2,2:42,(Shotgun) C.Rush pass short middle to D.London to CAR 42 for 17 yards (D.Lloyd).,3,2,ATL 41,41,-13,Atlanta Falcons,Carolina Panthers,0,13,0.4,99.6,83.0,110.0,193.0,260.0,53.0,313.0,game,Total,Under,,43.5,betfair,1687,—,—,,13.0,,hit,,,,—,,
2026-09-20T19:22:51.890725+00:00,nfl,2026,2,401872933,4018729331961,2,2:42,(Shotgun) C.Rush pass short middle to D.London to CAR 42 for 17 yards (D.Lloyd).,3,2,ATL 41,41,-13,Atlanta Falcons,Carolina Panthers,0,13,0.4,99.6,83.0,110.0,193.0,260.0,53.0,313.0,game,ML,Carolina Panthers,,,pinnacle,-7457,—,—,,Win,,hit,,,,—,,
2026-09-20T19:22:51.890725+00:00,nfl,2026,2,401872933,4018729331961,2,2:42,(Shotgun) C.Rush pass short middle to D.London to CAR 42 for 17 yards (D.Lloyd).,3,2,ATL 41,41,-13,Atlanta Falcons,Carolina Panthers,0,13,0.4,99.6,83.0,110.0,193.0,260.0,53.0,313.0,game,ML,Atlanta Falcons,,,kalshi,9900,—,—,,Loss,,miss,,,,—,,
2026-09-20T19:22:51.890725+00:00,nfl,2026,2,401872933,4018729331986,2,2:03,Bi.Robinson up the middle to CAR 40 for 2 yards (A.Hall).,1,10,CAR 42,58,-13,Atlanta Falcons,Carolina Panthers,0,13,0.4,99.6,83.0,110.0,193.0,260.0,53.0,313.0,game,Spread,Atlanta Falcons,,-9.5,novig,140,—,—,,-13,,miss,,,,—,,
2026-09-20T19:22:51.890725+00:00,nfl,2026,2,401872933,4018729331986,2,2:03,Bi.Robinson up the middle to CAR 40 for 2 yards (A.Hall).,1,10,CAR 42,58,-13,Atlanta Falcons,Carolina Panthers,0,13,0.4,99.6,83.0,110.0,193.0,260.0,53.0,313.0,game,Spread,Atlanta Falcons,,9.5,novig,140,—,—,,-13,,miss,,,,—,,
2026-09-20T19:22:51.890725+00:00,nfl,2026,2,401872933,4018729331986,2,2:03,Bi.Robinson up the middle to CAR 40 for 2 yards (A.Hall).,1,10,CAR 42,58,-13,Atlanta Falcons,Carolina Panthers,0,13,0.4,99.6,83.0,110.0,193.0,260.0,53.0,313.0,game,Total,Over,,43.5,polymarket,108,—,—,,13.0,,miss,,,,—,,
2026-09-20T19:22:51.890725+00:00,nfl,2026,2,401872933,4018729331986,2,2:03,Bi.Robinson up the middle to CAR 40 for 2 yards (A.Hall).,1,10,CAR 42,58,-13,Atlanta Falcons,Carolina Panthers,0,13,0.4,99.6,83.0,110.0,193.0,260.0,53.0,313.0,game,Total,Under,,43.5,betfair,1687,—,—,,13.0,,hit,,,,—,,
2026-09-20T19:22:51.890725+00:00,nfl,2026,2,401872933,4018729331986,2,2:03,Bi.Robinson up the middle to CAR 40 for 2 yards (A.Hall).,1,10,CAR 42,58,-13,Atlanta Falcons,Carolina Panthers,0,13,0.4,99.6,83.0,110.0,193.0,260.0,53.0,313.0,game,ML,Carolina Panthers,,,pinnacle,-7457,—,—,,Win,,hit,,,,—,,
2026-09-20T19:22:51.890725+00:00,nfl,2026,2,401872933,4018729331986,2,2:03,Bi.Robinson up the middle to CAR 40 for 2 yards (A.Hall).,1,10,CAR 42,58,-13,Atlanta Falcons,Carolina Panthers,0,13,0.4,99.6,83.0,110.0,193.0,260.0,53.0,313.0,game,ML,Atlanta Falcons,,,kalshi,9900,—,—,,Loss,,miss,,,,—,,
2026-09-20T19:22:51.890725+00:00,nfl,2026,2,401872933,4018729331997,2,1:57,Two-Minute Warning,2,8,CAR 40,60,-13,Atlanta Falcons,Carolina Panthers,0,13,0.4,99.6,83.0,110.0,193.0,260.0,53.0,313.0,game,Spread,Atlanta Falcons,,-9.5,novig,140,—,—,,-13,,miss,,,,—,,
2026-09-20T19:22:51.890725+00:00,nfl,2026,2,401872933,4018729331997,2,1:57,Two-Minute Warning,2,8,CAR 40,60,-13,Atlanta Falcons,Carolina Panthers,0,13,0.4,99.6,83.0,110.0,193.0,260.0,53.0,313.0,game,Spread,Atlanta Falcons,,9.5,novig,140,—,—,,-13,,miss,,,,—,,
2026-09-20T19:22:51.890725+00:00,nfl,2026,2,401872933,4018729331997,2,1:57,Two-Minute Warning,2,8,CAR 40,60,-13,Atlanta Falcons,Carolina Panthers,0,13,0.4,99.6,83.0,110.0,193.0,260.0,53.0,313.0,game,Total,Over,,43.5,polymarket,108,—,—,,13.0,,miss,,,,—,,
2026-09-20T19:22:51.890725+00:00,nfl,2026,2,401872933,4018729331997,2,1:57,Two-Minute Warning,2,8,CAR 40,60,-13,Atlanta Falcons,Carolina Panthers,0,13,0.4,99.6,83.0,110.0,193.0,260.0,53.0,313.0,game,Total,Under,,43.5,betfair,1687,—,—,,13.0,,hit,,,,—,,
2026-09-20T19:22:51.890725+00:00,nfl,2026,2,401872933,4018729331997,2,1:57,Two-Minute Warning,2,8,CAR 40,60,-13,Atlanta Falcons,Carolina Panthers,0,13,0.4,99.6,83.0,110.0,193.0,260.0,53.0,313.0,game,ML,Carolina Panthers,,,pinnacle,-7457,—,—,,Win,,hit,,,,—,,
2026-09-20T19:22:51.890725+00:00,nfl,2026,2,401872933,4018729331997,2,1:57,Two-Minute Warning,2,8,CAR 40,60,-13,Atlanta Falcons,Carolina Panthers,0,13,0.4,99.6,83.0,110.0,193.0,260.0,53.0,313.0,game,ML,Atlanta Falcons,,,kalshi,9900,—,—,,Loss,,miss,,,,—,,
2026-09-20T19:22:51.890725+00:00,nfl,2026,2,401872933,4018729332008,2,1:57,Bi.Robinson left tackle to CAR 29 for 11 yards (B.Okereke).,2,8,CAR 40,60,-13,Atlanta Falcons,Carolina Panthers,0,13,0.4,99.6,83.0,110.0,193.0,260.0,53.0,313.0,game,Spread,Atlanta Falcons,,-9.5,novig,140,—,—,,-13,,miss,,,,—,,
2026-09-20T19:22:51.890725+00:00,nfl,2026,2,401872933,4018729332008,2,1:57,Bi.Robinson left tackle to CAR 29 for 11 yards (B.Okereke).,2,8,CAR 40,60,-13,Atlanta Falcons,Carolina Panthers,0,13,0.4,99.6,83.0,110.0,193.0,260.0,53.0,313.0,game,Spread,Atlanta Falcons,,9.5,novig,140,—,—,,-13,,miss,,,,—,,
2026-09-20T19:22:51.890725+00:00,nfl,2026,2,401872933,4018729332008,2,1:57,Bi.Robinson left tackle to CAR 29 for 11 yards (B.Okereke).,2,8,CAR 40,60,-13,Atlanta Falcons,Carolina Panthers,0,13,0.4,99.6,83.0,110.0,193.0,260.0,53.0,313.0,game,Total,Over,,43.5,polymarket,108,—,—,,13.0,,miss,,,,—,,
2026-09-20T19:22:51.890725+00:00,nfl,2026,2,401872933,4018729332008,2,1:57,Bi.Robinson left tackle to CAR 29 for 11 yards (B.Okereke).,2,8,CAR 40,60,-13,Atlanta Falcons,Carolina Panthers,0,13,0.4,99.6,83.0,110.0,193.0,260.0,53.0,313.0,game,Total,Under,,43.5,betfair,1687,—,—,,13.0,,hit,,,,—,,
2026-09-20T19:22:51.890725+00:00,nfl,2026,2,401872933,4018729332008,2,1:57,Bi.Robinson left tackle to CAR 29 for 11 yards (B.Okereke).,2,8,CAR 40,60,-13,Atlanta Falcons,Carolina Panthers,0,13,0.4,99.6,83.0,110.0,193.0,260.0,53.0,313.0,game,ML,Carolina Panthers,,,pinnacle,-7457,—,—,,Win,,hit,,,,—,,
2026-09-20T19:22:51.890725+00:00,nfl,2026,2,401872933,4018729332008,2,1:57,Bi.Robinson left tackle to CAR 29 for 11 yards (B.Okereke).,2,8,CAR 40,60,-13,Atlanta Falcons,Carolina Panthers,0,13,0.4,99.6,83.0,110.0,193.0,260.0,53.0,313.0,game,ML,Atlanta Falcons,,,kalshi,9900,—,—,,Loss,,miss,,,,—,,
2026-09-20T19:22:51.890725+00:00,nfl,2026,2,401872933,4018729332052,2,1:24,(Shotgun) C.Rush pass short left to Bi.Robinson pushed ob at CAR 27 for 2 yards (W.Lee).,1,10,CAR 29,71,-13,Atlanta Falcons,Carolina Panthers,0,13,0.4,99.6,83.0,110.0,193.0,260.0,53.0,313.0,game,Spread,Atlanta Falcons,,-9.5,novig,140,—,—,,-13,,miss,,,,—,,
2026-09-20T19:22:51.890725+00:00,nfl,2026,2,401872933,4018729332052,2,1:24,(Shotgun) C.Rush pass short left to Bi.Robinson pushed ob at CAR 27 for 2 yards (W.Lee).,1,10,CAR 29,71,-13,Atlanta Falcons,Carolina Panthers,0,13,0.4,99.6,83.0,110.0,193.0,260.0,53.0,313.0,game,Spread,Atlanta Falcons,,9.5,novig,140,—,—,,-13,,miss,,,,—,,
2026-09-20T19:22:51.890725+00:00,nfl,2026,2,401872933,4018729332052,2,1:24,(Shotgun) C.Rush pass short left to Bi.Robinson pushed ob at CAR 27 for 2 yards (W.Lee).,1,10,CAR 29,71,-13,Atlanta Falcons,Carolina Panthers,0,13,0.4,99.6,83.0,110.0,193.0,260.0,53.0,313.0,game,Total,Over,,43.5,polymarket,108,—,—,,13.0,,miss,,,,—,,
2026-09-20T19:22:51.890725+00:00,nfl,2026,2,401872933,4018729332052,2,1:24,(Shotgun) C.Rush pass short left to Bi.Robinson pushed ob at CAR 27 for 2 yards (W.Lee).,1,10,CAR 29,71,-13,Atlanta Falcons,Carolina Panthers,0,13,0.4,99.6,83.0,110.0,193.0,260.0,53.0,313.0,game,Total,Under,,43.5,betfair,1687,—,—,,13.0,,hit,,,,—,,
2026-09-20T19:22:51.890725+00:00,nfl,2026,2,401872933,4018729332052,2,1:24,(Shotgun) C.Rush pass short left to Bi.Robinson pushed ob at CAR 27 for 2 yards (W.Lee).,1,10,CAR 29,71,-13,Atlanta Falcons,Carolina Panthers,0,13,0.4,99.6,83.0,110.0,193.0,260.0,53.0,313.0,game,ML,Carolina Panthers,,,pinnacle,-7457,—,—,,Win,,hit,,,,—,,
2026-09-20T19:22:51.890725+00:00,nfl,2026,2,401872933,4018729332052,2,1:24,(Shotgun) C.Rush pass short left to Bi.Robinson pushed ob at CAR 27 for 2 yards (W.Lee).,1,10,CAR 29,71,-13,Atlanta Falcons,Carolina Panthers,0,13,0.4,99.6,83.0,110.0,193.0,260.0,53.0,313.0,game,ML,Atlanta Falcons,,,kalshi,9900,—,—,,Loss,,miss,,,,—,,
2026-09-20T19:22:51.890725+00:00,nfl,2026,2,401872933,4018729332087,2,1:18,"(No Huddle, Shotgun) C.Rush pass short left to Bi.Robinson pushed ob at CAR 23 for 4 yards (B.Okereke).",2,8,CAR 27,73,-13,Atlanta Falcons,Carolina Panthers,0,13,0.4,99.6,83.0,110.0,193.0,260.0,53.0,313.0,game,Spread,Atlanta Falcons,,-9.5,novig,140,—,—,,-13,,miss,,,,—,,
2026-09-20T19:22:51.890725+00:00,nfl,2026,2,401872933,4018729332087,2,1:18,"(No Huddle, Shotgun) C.Rush pass short left to Bi.Robinson pushed ob at CAR 23 for 4 yards (B.Okereke).",2,8,CAR 27,73,-13,Atlanta Falcons,Carolina Panthers,0,13,0.4,99.6,83.0,110.0,193.0,260.0,53.0,313.0,game,Spread,Atlanta Falcons,,9.5,novig,140,—,—,,-13,,miss,,,,—,,
2026-09-20T19:22:51.890725+00:00,nfl,2026,2,401872933,4018729332087,2,1:18,"(No Huddle, Shotgun) C.Rush pass short left to Bi.Robinson pushed ob at CAR 23 for 4 yards (B.Okereke).",2,8,CAR 27,73,-13,Atlanta Falcons,Carolina Panthers,0,13,0.4,99.6,83.0,110.0,193.0,260.0,53.0,313.0,game,Total,Over,,43.5,polymarket,108,—,—,,13.0,,miss,,,,—,,
2026-09-20T19:22:51.890725+00:00,nfl,2026,2,401872933,4018729332087,2,1:18,"(No Huddle, Shotgun) C.Rush pass short left to Bi.Robinson pushed ob at CAR 23 for 4 yards (B.Okereke).",2,8,CAR 27,73,-13,Atlanta Falcons,Carolina Panthers,0,13,0.4,99.6,83.0,110.0,193.0,260.0,53.0,313.0,game,Total,Under,,43.5,betfair,1687,—,—,,13.0,,hit,,,,—,,
2026-09-20T19:22:51.890725+00:00,nfl,2026,2,401872933,4018729332087,2,1:18,"(No Huddle, Shotgun) C.Rush pass short left to Bi.Robinson pushed ob at CAR 23 for 4 yards (B.Okereke).",2,8,CAR 27,73,-13,Atlanta Falcons,Carolina Panthers,0,13,0.4,99.6,83.0,110.0,193.0,260.0,53.0,313.0,game,ML,Carolina Panthers,,,pinnacle,-7457,—,—,,Win,,hit,,,,—,,
2026-09-20T19:22:51.890725+00:00,nfl,2026,2,401872933,4018729332087,2,1:18,"(No Huddle, Shotgun) C.Rush pass short left to Bi.Robinson pushed ob at CAR 23 for 4 yards (B.Okereke).",2,8,CAR 27,73,-13,Atlanta Falcons,Carolina Panthers,0,13,0.4,99.6,83.0,110.0,193.0,260.0,53.0,313.0,game,ML,Atlanta Falcons,,,kalshi,9900,—,—,,Loss,,miss,,,,—,,
2026-09-20T19:22:51.890725+00:00,nfl,2026,2,401872933,4018729332102,2,1:14,Timeout #1 by ATL at 01:14.,3,4,CAR 23,77,-13,Atlanta Falcons,Carolina Panthers,0,13,0.4,99.6,83.0,110.0,193.0,260.0,53.0,313.0,game,Spread,Atlanta Falcons,,-9.5,novig,140,—,—,,-13,,miss,,,,—,,
2026-09-20T19:22:51.890725+00:00,nfl,2026,2,401872933,4018729332102,2,1:14,Timeout #1 by ATL at 01:14.,3,4,CAR 23,77,-13,Atlanta Falcons,Carolina Panthers,0,13,0.4,99.6,83.0,110.0,193.0,260.0,53.0,313.0,game,Spread,Atlanta Falcons,,9.5,novig,140,—,—,,-13,,miss,,,,—,,
2026-09-20T19:22:51.890725+00:00,nfl,2026,2,401872933,4018729332102,2,1:14,Timeout #1 by ATL at 01:14.,3,4,CAR 23,77,-13,Atlanta Falcons,Carolina Panthers,0,13,0.4,99.6,83.0,110.0,193.0,260.0,53.0,313.0,game,Total,Over,,43.5,polymarket,108,—,—,,13.0,,miss,,,,—,,
2026-09-20T19:22:51.890725+00:00,nfl,2026,2,401872933,4018729332102,2,1:14,Timeout #1 by ATL at 01:14.,3,4,CAR 23,77,-13,Atlanta Falcons,Carolina Panthers,0,13,0.4,99.6,83.0,110.0,193.0,260.0,53.0,313.0,game,Total,Under,,43.5,betfair,1687,—,—,,13.0,,hit,,,,—,,
2026-09-20T19:22:51.890725+00:00,nfl,2026,2,401872933,4018729332102,2,1:14,Timeout #1 by ATL at 01:14.,3,4,CAR 23,77,-13,Atlanta Falcons,Carolina Panthers,0,13,0.4,99.6,83.0,110.0,193.0,260.0,53.0,313.0,game,ML,Carolina Panthers,,,pinnacle,-7457,—,—,,Win,,hit,,,,—,,
2026-09-20T19:22:51.890725+00:00,nfl,2026,2,401872933,4018729332102,2,1:14,Timeout #1 by ATL at 01:14.,3,4,CAR 23,77,-13,Atlanta Falcons,Carolina Panthers,0,13,0.4,99.6,83.0,110.0,193.0,260.0,53.0,313.0,game,ML,Atlanta Falcons,,,kalshi,9900,—,—,,Loss,,miss,,,,—,,
2026-09-20T19:22:51.890725+00:00,nfl,2026,2,401872933,4018729332117,2,1:14,"(1:14) (Shotgun) C.Rush pass short middle intended for O.Zaccheaus INTERCEPTED by [] at CAR 19. [] to CAR 19 for no gain (O.Zaccheaus).
The Replay Official reviewed the interception ruling, and the play was REVERSED.
(Shotgun) C.Rush pass incomplete short middle to O.Zaccheaus.",3,4,CAR 23,77,-13,Atlanta Falcons,Carolina Panthers,0,13,0.4,99.6,83.0,110.0,193.0,260.0,53.0,313.0,game,Spread,Atlanta Falcons,,-9.5,novig,140,—,—,,-13,,miss,,,,—,,
2026-09-20T19:22:51.890725+00:00,nfl,2026,2,401872933,4018729332117,2,1:14,"(1:14) (Shotgun) C.Rush pass short middle intended for O.Zaccheaus INTERCEPTED by [] at CAR 19. [] to CAR 19 for no gain (O.Zaccheaus).
The Replay Official reviewed the interception ruling, and the play was REVERSED.
(Shotgun) C.Rush pass incomplete short middle to O.Zaccheaus.",3,4,CAR 23,77,-13,Atlanta Falcons,Carolina Panthers,0,13,0.4,99.6,83.0,110.0,193.0,260.0,53.0,313.0,game,Spread,Atlanta Falcons,,9.5,novig,140,—,—,,-13,,miss,,,,—,,
2026-09-20T19:22:51.890725+00:00,nfl,2026,2,401872933,4018729332117,2,1:14,"(1:14) (Shotgun) C.Rush pass short middle intended for O.Zaccheaus INTERCEPTED by [] at CAR 19. [] to CAR 19 for no gain (O.Zaccheaus).
The Replay Official reviewed the interception ruling, and the play was REVERSED.
(Shotgun) C.Rush pass incomplete short middle to O.Zaccheaus.",3,4,CAR 23,77,-13,Atlanta Falcons,Carolina Panthers,0,13,0.4,99.6,83.0,110.0,193.0,260.0,53.0,313.0,game,Total,Over,,43.5,polymarket,108,—,—,,13.0,,miss,,,,—,,
2026-09-20T19:22:51.890725+00:00,nfl,2026,2,401872933,4018729332117,2,1:14,"(1:14) (Shotgun) C.Rush pass short middle intended for O.Zaccheaus INTERCEPTED by [] at CAR 19. [] to CAR 19 for no gain (O.Zaccheaus).
The Replay Official reviewed the interception ruling, and the play was REVERSED.
(Shotgun) C.Rush pass incomplete short middle to O.Zaccheaus.",3,4,CAR 23,77,-13,Atlanta Falcons,Carolina Panthers,0,13,0.4,99.6,83.0,110.0,193.0,260.0,53.0,313.0,game,Total,Under,,43.5,betfair,1687,—,—,,13.0,,hit,,,,—,,
2026-09-20T19:22:51.890725+00:00,nfl,2026,2,401872933,4018729332117,2,1:14,"(1:14) (Shotgun) C.Rush pass short middle intended for O.Zaccheaus INTERCEPTED by [] at CAR 19. [] to CAR 19 for no gain (O.Zaccheaus).
The Replay Official reviewed the interception ruling, and the play was REVERSED.
(Shotgun) C.Rush pass incomplete short middle to O.Zaccheaus.",3,4,CAR 23,77,-13,Atlanta Falcons,Carolina Panthers,0,13,0.4,99.6,83.0,110.0,193.0,260.0,53.0,313.0,game,ML,Carolina Panthers,,,pinnacle,-7457,—,—,,Win,,hit,,,,—,,
2026-09-20T19:22:51.890725+00:00,nfl,2026,2,401872933,4018729332117,2,1:14,"(1:14) (Shotgun) C.Rush pass short middle intended for O.Zaccheaus INTERCEPTED by [] at CAR 19. [] to CAR 19 for no gain (O.Zaccheaus).
The Replay Official reviewed the interception ruling, and the play was REVERSED.
(Shotgun) C.Rush pass incomplete short middle to O.Zaccheaus.",3,4,CAR 23,77,-13,Atlanta Falcons,Carolina Panthers,0,13,0.4,99.6,83.0,110.0,193.0,260.0,53.0,313.0,game,ML,Atlanta Falcons,,,kalshi,9900,—,—,,Loss,,miss,,,,—,,
2026-09-20T19:22:51.890725+00:00,nfl,2026,2,401872933,4018729332163,2,1:07,"N.Folk 41 yard field goal is GOOD, Center-L.McCullough, Holder-J.Bailey.",4,4,CAR 23,77,-10,Atlanta Falcons,Carolina Panthers,3,13,0.4,99.6,83.0,110.0,193.0,260.0,53.0,313.0,game,Spread,Atlanta Falcons,,-9.5,novig,140,—,—,,-10,,miss,,,,—,,
2026-09-20T19:22:51.890725+00:00,nfl,2026,2,401872933,4018729332163,2,1:07,"N.Folk 41 yard field goal is GOOD, Center-L.McCullough, Holder-J.Bailey.",4,4,CAR 23,77,-10,Atlanta Falcons,Carolina Panthers,3,13,0.4,99.6,83.0,110.0,193.0,260.0,53.0,313.0,game,Spread,Atlanta Falcons,,9.5,novig,140,—,—,,-10,,miss,,,,—,,
2026-09-20T19:22:51.890725+00:00,nfl,2026,2,401872933,4018729332163,2,1:07,"N.Folk 41 yard field goal is GOOD, Center-L.McCullough, Holder-J.Bailey.",4,4,CAR 23,77,-10,Atlanta Falcons,Carolina Panthers,3,13,0.4,99.6,83.0,110.0,193.0,260.0,53.0,313.0,game,Total,Over,,43.5,polymarket,108,—,—,,16.0,,miss,,,,—,,
2026-09-20T19:22:51.890725+00:00,nfl,2026,2,401872933,4018729332163,2,1:07,"N.Folk 41 yard field goal is GOOD, Center-L.McCullough, Holder-J.Bailey.",4,4,CAR 23,77,-10,Atlanta Falcons,Carolina Panthers,3,13,0.4,99.6,83.0,110.0,193.0,260.0,53.0,313.0,game,Total,Under,,43.5,betfair,1687,—,—,,16.0,,hit,,,,—,,
2026-09-20T19:22:51.890725+00:00,nfl,2026,2,401872933,4018729332163,2,1:07,"N.Folk 41 yard field goal is GOOD, Center-L.McCullough, Holder-J.Bailey.",4,4,CAR 23,77,-10,Atlanta Falcons,Carolina Panthers,3,13,0.4,99.6,83.0,110.0,193.0,260.0,53.0,313.0,game,ML,Carolina Panthers,,,pinnacle,-7457,—,—,,Win,,hit,,,,—,,
2026-09-20T19:22:51.890725+00:00,nfl,2026,2,401872933,4018729332163,2,1:07,"N.Folk 41 yard field goal is GOOD, Center-L.McCullough, Holder-J.Bailey.",4,4,CAR 23,77,-10,Atlanta Falcons,Carolina Panthers,3,13,0.4,99.6,83.0,110.0,193.0,260.0,53.0,313.0,game,ML,Atlanta Falcons,,,kalshi,9900,—,—,,Loss,,miss,,,,—,,
2026-09-20T19:22:51.890725+00:00,nfl,2026,2,401872933,4018729332183,2,1:07,N.Folk kicks 64 yards from ATL 35 to CAR 1. J.Metchie ran ob at CAR 27 for 26 yards (S.Brown).,2,6,ATL 6,35,-10,Atlanta Falcons,Carolina Panthers,3,13,0.4,99.6,83.0,110.0,193.0,260.0,53.0,313.0,game,Spread,Atlanta Falcons,,-9.5,novig,140,—,—,,-10,,miss,,,,—,,
2026-09-20T19:22:51.890725+00:00,nfl,2026,2,401872933,4018729332183,2,1:07,N.Folk kicks 64 yards from ATL 35 to CAR 1. J.Metchie ran ob at CAR 27 for 26 yards (S.Brown).,2,6,ATL 6,35,-10,Atlanta Falcons,Carolina Panthers,3,13,0.4,99.6,83.0,110.0,193.0,260.0,53.0,313.0,game,Spread,Atlanta Falcons,,9.5,novig,140,—,—,,-10,,miss,,,,—,,
2026-09-20T19:22:51.890725+00:00,nfl,2026,2,401872933,4018729332183,2,1:07,N.Folk kicks 64 yards from ATL 35 to CAR 1. J.Metchie ran ob at CAR 27 for 26 yards (S.Brown).,2,6,ATL 6,35,-10,Atlanta Falcons,Carolina Panthers,3,13,0.4,99.6,83.0,110.0,193.0,260.0,53.0,313.0,game,Total,Over,,43.5,polymarket,108,—,—,,16.0,,miss,,,,—,,
2026-09-20T19:22:51.890725+00:00,nfl,2026,2,401872933,4018729332183,2,1:07,N.Folk kicks 64 yards from ATL 35 to CAR 1. J.Metchie ran ob at CAR 27 for 26 yards (S.Brown).,2,6,ATL 6,35,-10,Atlanta Falcons,Carolina Panthers,3,13,0.4,99.6,83.0,110.0,193.0,260.0,53.0,313.0,game,Total,Under,,43.5,betfair,1687,—,—,,16.0,,hit,,,,—,,
2026-09-20T19:22:51.890725+00:00,nfl,2026,2,401872933,4018729332183,2,1:07,N.Folk kicks 64 yards from ATL 35 to CAR 1. J.Metchie ran ob at CAR 27 for 26 yards (S.Brown).,2,6,ATL 6,35,-10,Atlanta Falcons,Carolina Panthers,3,13,0.4,99.6,83.0,110.0,193.0,260.0,53.0,313.0,game,ML,Carolina Panthers,,,pinnacle,-7457,—,—,,Win,,hit,,,,—,,
2026-09-20T19:22:51.890725+00:00,nfl,2026,2,401872933,4018729332183,2,1:07,N.Folk kicks 64 yards from ATL 35 to CAR 1. J.Metchie ran ob at CAR 27 for 26 yards (S.Brown).,2,6,ATL 6,35,-10,Atlanta Falcons,Carolina Panthers,3,13,0.4,99.6,83.0,110.0,193.0,260.0,53.0,313.0,game,ML,Atlanta Falcons,,,kalshi,9900,—,—,,Loss,,miss,,,,—,,
2026-09-20T19:22:51.890725+00:00,nfl,2026,2,401872933,4018729332253,2,1:02,"(1:02) (Shotgun) B.Young pass short middle to D.Waller to CAR 41 for 14 yards (C.Thomas).
Penalty on ATL-Z.Smith, Illegal Use of Hands, declined.",1,10,CAR 27,73,-10,Atlanta Falcons,Carolina Panthers,3,13,0.4,99.6,83.0,110.0,193.0,260.0,53.0,313.0,game,Spread,Atlanta Falcons,,-9.5,novig,140,—,—,,-10,,miss,,,,—,,
2026-09-20T19:22:51.890725+00:00,nfl,2026,2,401872933,4018729332253,2,1:02,"(1:02) (Shotgun) B.Young pass short middle to D.Waller to CAR 41 for 14 yards (C.Thomas).
Penalty on ATL-Z.Smith, Illegal Use of Hands, declined.",1,10,CAR 27,73,-10,Atlanta Falcons,Carolina Panthers,3,13,0.4,99.6,83.0,110.0,193.0,260.0,53.0,313.0,game,Spread,Atlanta Falcons,,9.5,novig,140,—,—,,-10,,miss,,,,—,,
2026-09-20T19:22:51.890725+00:00,nfl,2026,2,401872933,4018729332253,2,1:02,"(1:02) (Shotgun) B.Young pass short middle to D.Waller to CAR 41 for 14 yards (C.Thomas).
Penalty on ATL-Z.Smith, Illegal Use of Hands, declined.",1,10,CAR 27,73,-10,Atlanta Falcons,Carolina Panthers,3,13,0.4,99.6,83.0,110.0,193.0,260.0,53.0,313.0,game,Total,Over,,43.5,polymarket,108,—,—,,16.0,,miss,,,,—,,
2026-09-20T19:22:51.890725+00:00,nfl,2026,2,401872933,4018729332253,2,1:02,"(1:02) (Shotgun) B.Young pass short middle to D.Waller to CAR 41 for 14 yards (C.Thomas).
Penalty on ATL-Z.Smith, Illegal Use of Hands, declined.",1,10,CAR 27,73,-10,Atlanta Falcons,Carolina Panthers,3,13,0.4,99.6,83.0,110.0,193.0,260.0,53.0,313.0,game,Total,Under,,43.5,betfair,1687,—,—,,16.0,,hit,,,,—,,
2026-09-20T19:22:51.890725+00:00,nfl,2026,2,401872933,4018729332253,2,1:02,"(1:02) (Shotgun) B.Young pass short middle to D.Waller to CAR 41 for 14 yards (C.Thomas).
Penalty on ATL-Z.Smith, Illegal Use of Hands, declined.",1,10,CAR 27,73,-10,Atlanta Falcons,Carolina Panthers,3,13,0.4,99.6,83.0,110.0,193.0,260.0,53.0,313.0,game,ML,Carolina Panthers,,,pinnacle,-7457,—,—,,Win,,hit,,,,—,,
2026-09-20T19:22:51.890725+00:00,nfl,2026,2,401872933,4018729332253,2,1:02,"(1:02) (Shotgun) B.Young pass short middle to D.Waller to CAR 41 for 14 yards (C.Thomas).
Penalty on ATL-Z.Smith, Illegal Use of Hands, declined.",1,10,CAR 27,73,-10,Atlanta Falcons,Carolina Panthers,3,13,0.4,99.6,83.0,110.0,193.0,260.0,53.0,313.0,game,ML,Atlanta Falcons,,,kalshi,9900,—,—,,Loss,,miss,,,,—,,
2026-09-20T19:22:51.890725+00:00,nfl,2026,2,401872933,4018729332289,2,0:55,"(:55) (Shotgun) B.Young sacked at CAR 35 for -6 yards (sack split by Z.Smith and C.Thomas).
Penalty on CAR-J.Coker, Illegal Shift, declined.",1,10,CAR 41,59,-10,Atlanta Falcons,Carolina Panthers,3,13,0.4,99.6,83.0,110.0,193.0,260.0,53.0,313.0,game,Spread,Atlanta Falcons,,-9.5,novig,140,—,—,,-10,,miss,,,,—,,
2026-09-20T19:22:51.890725+00:00,nfl,2026,2,401872933,4018729332289,2,0:55,"(:55) (Shotgun) B.Young sacked at CAR 35 for -6 yards (sack split by Z.Smith and C.Thomas).
Penalty on CAR-J.Coker, Illegal Shift, declined.",1,10,CAR 41,59,-10,Atlanta Falcons,Carolina Panthers,3,13,0.4,99.6,83.0,110.0,193.0,260.0,53.0,313.0,game,Spread,Atlanta Falcons,,9.5,novig,140,—,—,,-10,,miss,,,,—,,
2026-09-20T19:22:51.890725+00:00,nfl,2026,2,401872933,4018729332289,2,0:55,"(:55) (Shotgun) B.Young sacked at CAR 35 for -6 yards (sack split by Z.Smith and C.Thomas).
Penalty on CAR-J.Coker, Illegal Shift, declined.",1,10,CAR 41,59,-10,Atlanta Falcons,Carolina Panthers,3,13,0.4,99.6,83.0,110.0,193.0,260.0,53.0,313.0,game,Total,Over,,43.5,polymarket,108,—,—,,16.0,,miss,,,,—,,
2026-09-20T19:22:51.890725+00:00,nfl,2026,2,401872933,4018729332289,2,0:55,"(:55) (Shotgun) B.Young sacked at CAR 35 for -6 yards (sack split by Z.Smith and C.Thomas).
Penalty on CAR-J.Coker, Illegal Shift, declined.",1,10,CAR 41,59,-10,Atlanta Falcons,Carolina Panthers,3,13,0.4,99.6,83.0,110.0,193.0,260.0,53.0,313.0,game,Total,Under,,43.5,betfair,1687,—,—,,16.0,,hit,,,,—,,
2026-09-20T19:22:51.890725+00:00,nfl,2026,2,401872933,4018729332289,2,0:55,"(:55) (Shotgun) B.Young sacked at CAR 35 for -6 yards (sack split by Z.Smith and C.Thomas).
Penalty on CAR-J.Coker, Illegal Shift, declined.",1,10,CAR 41,59,-10,Atlanta Falcons,Carolina Panthers,3,13,0.4,99.6,83.0,110.0,193.0,260.0,53.0,313.0,game,ML,Carolina Panthers,,,pinnacle,-7457,—,—,,Win,,hit,,,,—,,
2026-09-20T19:22:51.890725+00:00,nfl,2026,2,401872933,4018729332289,2,0:55,"(:55) (Shotgun) B.Young sacked at CAR 35 for -6 yards (sack split by Z.Smith and C.Thomas).
Penalty on CAR-J.Coker, Illegal Shift, declined.",1,10,CAR 41,59,-10,Atlanta Falcons,Carolina Panthers,3,13,0.4,99.6,83.0,110.0,193.0,260.0,53.0,313.0,game,ML,Atlanta Falcons,,,kalshi,9900,—,—,,Loss,,miss,,,,—,,
2026-09-20T19:22:51.890725+00:00,nfl,2026,2,401872933,4018729332327,2,0:48,(Shotgun) B.Young pass deep middle to X.Legette to ATL 10 for 55 yards (M.Hughes).,2,16,CAR 35,65,-10,Atlanta Falcons,Carolina Panthers,3,13,0.4,99.6,83.0,110.0,193.0,260.0,53.0,313.0,game,Spread,Atlanta Falcons,,-9.5,novig,140,—,—,,-10,,miss,,,,—,,
2026-09-20T19:22:51.890725+00:00,nfl,2026,2,401872933,4018729332327,2,0:48,(Shotgun) B.Young pass deep middle to X.Legette to ATL 10 for 55 yards (M.Hughes).,2,16,CAR 35,65,-10,Atlanta Falcons,Carolina Panthers,3,13,0.4,99.6,83.0,110.0,193.0,260.0,53.0,313.0,game,Spread,Atlanta Falcons,,9.5,novig,140,—,—,,-10,,miss,,,,—,,
2026-09-20T19:22:51.890725+00:00,nfl,2026,2,401872933,4018729332327,2,0:48,(Shotgun) B.Young pass deep middle to X.Legette to ATL 10 for 55 yards (M.Hughes).,2,16,CAR 35,65,-10,Atlanta Falcons,Carolina Panthers,3,13,0.4,99.6,83.0,110.0,193.0,260.0,53.0,313.0,game,Total,Over,,43.5,polymarket,108,—,—,,16.0,,miss,,,,—,,
2026-09-20T19:22:51.890725+00:00,nfl,2026,2,401872933,4018729332327,2,0:48,(Shotgun) B.Young pass deep middle to X.Legette to ATL 10 for 55 yards (M.Hughes).,2,16,CAR 35,65,-10,Atlanta Falcons,Carolina Panthers,3,13,0.4,99.6,83.0,110.0,193.0,260.0,53.0,313.0,game,Total,Under,,43.5,betfair,1687,—,—,,16.0,,hit,,,,—,,
2026-09-20T19:22:51.890725+00:00,nfl,2026,2,401872933,4018729332327,2,0:48,(Shotgun) B.Young pass deep middle to X.Legette to ATL 10 for 55 yards (M.Hughes).,2,16,CAR 35,65,-10,Atlanta Falcons,Carolina Panthers,3,13,0.4,99.6,83.0,110.0,193.0,260.0,53.0,313.0,game,ML,Carolina Panthers,,,pinnacle,-7457,—,—,,Win,,hit,,,,—,,
2026-09-20T19:22:51.890725+00:00,nfl,2026,2,401872933,4018729332327,2,0:48,(Shotgun) B.Young pass deep middle to X.Legette to ATL 10 for 55 yards (M.Hughes).,2,16,CAR 35,65,-10,Atlanta Falcons,Carolina Panthers,3,13,0.4,99.6,83.0,110.0,193.0,260.0,53.0,313.0,game,ML,Atlanta Falcons,,,kalshi,9900,—,—,,Loss,,miss,,,,—,,
2026-09-20T19:22:51.890725+00:00,nfl,2026,2,401872933,4018729332340,2,0:37,Timeout #1 by CAR at 00:37.,1,10,ATL 10,10,-10,Atlanta Falcons,Carolina Panthers,3,13,0.4,99.6,83.0,110.0,193.0,260.0,53.0,313.0,game,Spread,Atlanta Falcons,,-9.5,novig,140,—,—,,-10,,miss,,,,—,,
2026-09-20T19:22:51.890725+00:00,nfl,2026,2,401872933,4018729332340,2,0:37,Timeout #1 by CAR at 00:37.,1,10,ATL 10,10,-10,Atlanta Falcons,Carolina Panthers,3,13,0.4,99.6,83.0,110.0,193.0,260.0,53.0,313.0,game,Spread,Atlanta Falcons,,9.5,novig,140,—,—,,-10,,miss,,,,—,,
2026-09-20T19:22:51.890725+00:00,nfl,2026,2,401872933,4018729332340,2,0:37,Timeout #1 by CAR at 00:37.,1,10,ATL 10,10,-10,Atlanta Falcons,Carolina Panthers,3,13,0.4,99.6,83.0,110.0,193.0,260.0,53.0,313.0,game,Total,Over,,43.5,polymarket,108,—,—,,16.0,,miss,,,,—,,
2026-09-20T19:22:51.890725+00:00,nfl,2026,2,401872933,4018729332340,2,0:37,Timeout #1 by CAR at 00:37.,1,10,ATL 10,10,-10,Atlanta Falcons,Carolina Panthers,3,13,0.4,99.6,83.0,110.0,193.0,260.0,53.0,313.0,game,Total,Under,,43.5,betfair,1687,—,—,,16.0,,hit,,,,—,,
2026-09-20T19:22:51.890725+00:00,nfl,2026,2,401872933,4018729332340,2,0:37,Timeout #1 by CAR at 00:37.,1,10,ATL 10,10,-10,Atlanta Falcons,Carolina Panthers,3,13,0.4,99.6,83.0,110.0,193.0,260.0,53.0,313.0,game,ML,Carolina Panthers,,,pinnacle,-7457,—,—,,Win,,hit,,,,—,,
2026-09-20T19:22:51.890725+00:00,nfl,2026,2,401872933,4018729332340,2,0:37,Timeout #1 by CAR at 00:37.,1,10,ATL 10,10,-10,Atlanta Falcons,Carolina Panthers,3,13,0.4,99.6,83.0,110.0,193.0,260.0,53.0,313.0,game,ML,Atlanta Falcons,,,kalshi,9900,—,—,,Loss,,miss,,,,—,,
2026-09-20T19:22:51.890725+00:00,nfl,2026,2,401872933,4018729332352,2,0:37,(Shotgun) B.Young pass incomplete short right.,1,10,ATL 10,10,-10,Atlanta Falcons,Carolina Panthers,3,13,0.4,99.6,83.0,110.0,193.0,260.0,53.0,313.0,game,Spread,Atlanta Falcons,,-9.5,novig,140,—,—,,-10,,miss,,,,—,,
2026-09-20T19:22:51.890725+00:00,nfl,2026,2,401872933,4018729332352,2,0:37,(Shotgun) B.Young pass incomplete short right.,1,10,ATL 10,10,-10,Atlanta Falcons,Carolina Panthers,3,13,0.4,99.6,83.0,110.0,193.0,260.0,53.0,313.0,game,Spread,Atlanta Falcons,,9.5,novig,140,—,—,,-10,,miss,,,,—,,
2026-09-20T19:22:51.890725+00:00,nfl,2026,2,401872933,4018729332352,2,0:37,(Shotgun) B.Young pass incomplete short right.,1,10,ATL 10,10,-10,Atlanta Falcons,Carolina Panthers,3,13,0.4,99.6,83.0,110.0,193.0,260.0,53.0,313.0,game,Total,Over,,43.5,polymarket,108,—,—,,16.0,,miss,,,,—,,
2026-09-20T19:22:51.890725+00:00,nfl,2026,2,401872933,4018729332352,2,0:37,(Shotgun) B.Young pass incomplete short right.,1,10,ATL 10,10,-10,Atlanta Falcons,Carolina Panthers,3,13,0.4,99.6,83.0,110.0,193.0,260.0,53.0,313.0,game,Total,Under,,43.5,betfair,1687,—,—,,16.0,,hit,,,,—,,
2026-09-20T19:22:51.890725+00:00,nfl,2026,2,401872933,4018729332352,2,0:37,(Shotgun) B.Young pass incomplete short right.,1,10,ATL 10,10,-10,Atlanta Falcons,Carolina Panthers,3,13,0.4,99.6,83.0,110.0,193.0,260.0,53.0,313.0,game,ML,Carolina Panthers,,,pinnacle,-7457,—,—,,Win,,hit,,,,—,,
2026-09-20T19:22:51.890725+00:00,nfl,2026,2,401872933,4018729332352,2,0:37,(Shotgun) B.Young pass incomplete short right.,1,10,ATL 10,10,-10,Atlanta Falcons,Carolina Panthers,3,13,0.4,99.6,83.0,110.0,193.0,260.0,53.0,313.0,game,ML,Atlanta Falcons,,,kalshi,9900,—,—,,Loss,,miss,,,,—,,
2026-09-20T19:22:51.890725+00:00,nfl,2026,2,401872933,4018729332382,2,0:33,(Shotgun) B.Young pass short right to J.Coker to ATL 7 for 3 yards (J.Bates).,2,10,ATL 10,10,-10,Atlanta Falcons,Carolina Panthers,3,13,0.4,99.6,83.0,110.0,193.0,260.0,53.0,313.0,game,Spread,Atlanta Falcons,,-9.5,novig,140,—,—,,-10,,miss,,,,—,,
2026-09-20T19:22:51.890725+00:00,nfl,2026,2,401872933,4018729332382,2,0:33,(Shotgun) B.Young pass short right to J.Coker to ATL 7 for 3 yards (J.Bates).,2,10,ATL 10,10,-10,Atlanta Falcons,Carolina Panthers,3,13,0.4,99.6,83.0,110.0,193.0,260.0,53.0,313.0,game,Spread,Atlanta Falcons,,9.5,novig,140,—,—,,-10,,miss,,,,—,,
2026-09-20T19:22:51.890725+00:00,nfl,2026,2,401872933,4018729332382,2,0:33,(Shotgun) B.Young pass short right to J.Coker to ATL 7 for 3 yards (J.Bates).,2,10,ATL 10,10,-10,Atlanta Falcons,Carolina Panthers,3,13,0.4,99.6,83.0,110.0,193.0,260.0,53.0,313.0,game,Total,Over,,43.5,polymarket,108,—,—,,16.0,,miss,,,,—,,
2026-09-20T19:22:51.890725+00:00,nfl,2026,2,401872933,4018729332382,2,0:33,(Shotgun) B.Young pass short right to J.Coker to ATL 7 for 3 yards (J.Bates).,2,10,ATL 10,10,-10,Atlanta Falcons,Carolina Panthers,3,13,0.4,99.6,83.0,110.0,193.0,260.0,53.0,313.0,game,Total,Under,,43.5,betfair,1687,—,—,,16.0,,hit,,,,—,,
2026-09-20T19:22:51.890725+00:00,nfl,2026,2,401872933,4018729332382,2,0:33,(Shotgun) B.Young pass short right to J.Coker to ATL 7 for 3 yards (J.Bates).,2,10,ATL 10,10,-10,Atlanta Falcons,Carolina Panthers,3,13,0.4,99.6,83.0,110.0,193.0,260.0,53.0,313.0,game,ML,Carolina Panthers,,,pinnacle,-7457,—,—,,Win,,hit,,,,—,,
2026-09-20T19:22:51.890725+00:00,nfl,2026,2,401872933,4018729332382,2,0:33,(Shotgun) B.Young pass short right to J.Coker to ATL 7 for 3 yards (J.Bates).,2,10,ATL 10,10,-10,Atlanta Falcons,Carolina Panthers,3,13,0.4,99.6,83.0,110.0,193.0,260.0,53.0,313.0,game,ML,Atlanta Falcons,,,kalshi,9900,—,—,,Loss,,miss,,,,—,,
2026-09-20T19:22:51.890725+00:00,nfl,2026,2,401872933,4018729332395,2,0:24,Timeout #2 by CAR at 00:24.,3,7,ATL 7,7,-10,Atlanta Falcons,Carolina Panthers,3,13,0.4,99.6,83.0,110.0,193.0,260.0,53.0,313.0,game,Spread,Atlanta Falcons,,-9.5,novig,140,—,—,,-10,,miss,,,,—,,
2026-09-20T19:22:51.890725+00:00,nfl,2026,2,401872933,4018729332395,2,0:24,Timeout #2 by CAR at 00:24.,3,7,ATL 7,7,-10,Atlanta Falcons,Carolina Panthers,3,13,0.4,99.6,83.0,110.0,193.0,260.0,53.0,313.0,game,Spread,Atlanta Falcons,,9.5,novig,140,—,—,,-10,,miss,,,,—,,
2026-09-20T19:22:51.890725+00:00,nfl,2026,2,401872933,4018729332395,2,0:24,Timeout #2 by CAR at 00:24.,3,7,ATL 7,7,-10,Atlanta Falcons,Carolina Panthers,3,13,0.4,99.6,83.0,110.0,193.0,260.0,53.0,313.0,game,Total,Over,,43.5,polymarket,108,—,—,,16.0,,miss,,,,—,,
2026-09-20T19:22:51.890725+00:00,nfl,2026,2,401872933,4018729332395,2,0:24,Timeout #2 by CAR at 00:24.,3,7,ATL 7,7,-10,Atlanta Falcons,Carolina Panthers,3,13,0.4,99.6,83.0,110.0,193.0,260.0,53.0,313.0,game,Total,Under,,43.5,betfair,1687,—,—,,16.0,,hit,,,,—,,
2026-09-20T19:22:51.890725+00:00,nfl,2026,2,401872933,4018729332395,2,0:24,Timeout #2 by CAR at 00:24.,3,7,ATL 7,7,-10,Atlanta Falcons,Carolina Panthers,3,13,0.4,99.6,83.0,110.0,193.0,260.0,53.0,313.0,game,ML,Carolina Panthers,,,pinnacle,-7457,—,—,,Win,,hit,,,,—,,
2026-09-20T19:22:51.890725+00:00,nfl,2026,2,401872933,4018729332395,2,0:24,Timeout #2 by CAR at 00:24.,3,7,ATL 7,7,-10,Atlanta Falcons,Carolina Panthers,3,13,0.4,99.6,83.0,110.0,193.0,260.0,53.0,313.0,game,ML,Atlanta Falcons,,,kalshi,9900,—,—,,Loss,,miss,,,,—,,
2026-09-20T19:22:51.890725+00:00,nfl,2026,2,401872933,4018729332407,2,0:20,"(Shotgun) B.Young pass short right to D.Waller for 7 yards, TOUCHDOWN. R.Fitzgerald extra point is GOOD, Center-J.Jansen, Holder-S.Martin.",3,7,ATL 7,7,-17,Atlanta Falcons,Carolina Panthers,3,20,0.4,99.6,83.0,110.0,193.0,260.0,53.0,313.0,game,Spread,Atlanta Falcons,,-9.5,novig,140,—,—,,-17,,miss,,,,—,,
2026-09-20T19:22:51.890725+00:00,nfl,2026,2,401872933,4018729332407,2,0:20,"(Shotgun) B.Young pass short right to D.Waller for 7 yards, TOUCHDOWN. R.Fitzgerald extra point is GOOD, Center-J.Jansen, Holder-S.Martin.",3,7,ATL 7,7,-17,Atlanta Falcons,Carolina Panthers,3,20,0.4,99.6,83.0,110.0,193.0,260.0,53.0,313.0,game,Spread,Atlanta Falcons,,9.5,novig,140,—,—,,-17,,miss,,,,—,,
2026-09-20T19:22:51.890725+00:00,nfl,2026,2,401872933,4018729332407,2,0:20,"(Shotgun) B.Young pass short right to D.Waller for 7 yards, TOUCHDOWN. R.Fitzgerald extra point is GOOD, Center-J.Jansen, Holder-S.Martin.",3,7,ATL 7,7,-17,Atlanta Falcons,Carolina Panthers,3,20,0.4,99.6,83.0,110.0,193.0,260.0,53.0,313.0,game,Total,Over,,43.5,polymarket,108,—,—,,23.0,,miss,,,,—,,
2026-09-20T19:22:51.890725+00:00,nfl,2026,2,401872933,4018729332407,2,0:20,"(Shotgun) B.Young pass short right to D.Waller for 7 yards, TOUCHDOWN. R.Fitzgerald extra point is GOOD, Center-J.Jansen, Holder-S.Martin.",3,7,ATL 7,7,-17,Atlanta Falcons,Carolina Panthers,3,20,0.4,99.6,83.0,110.0,193.0,260.0,53.0,313.0,game,Total,Under,,43.5,betfair,1687,—,—,,23.0,,hit,,,,—,,
2026-09-20T19:22:51.890725+00:00,nfl,2026,2,401872933,4018729332407,2,0:20,"(Shotgun) B.Young pass short right to D.Waller for 7 yards, TOUCHDOWN. R.Fitzgerald extra point is GOOD, Center-J.Jansen, Holder-S.Martin.",3,7,ATL 7,7,-17,Atlanta Falcons,Carolina Panthers,3,20,0.4,99.6,83.0,110.0,193.0,260.0,53.0,313.0,game,ML,Carolina Panthers,,,pinnacle,-7457,—,—,,Win,,hit,,,,—,,
2026-09-20T19:22:51.890725+00:00,nfl,2026,2,401872933,4018729332407,2,0:20,"(Shotgun) B.Young pass short right to D.Waller for 7 yards, TOUCHDOWN. R.Fitzgerald extra point is GOOD, Center-J.Jansen, Holder-S.Martin.",3,7,ATL 7,7,-17,Atlanta Falcons,Carolina Panthers,3,20,0.4,99.6,83.0,110.0,193.0,260.0,53.0,313.0,game,ML,Atlanta Falcons,,,kalshi,9900,—,—,,Loss,,miss,,,,—,,
2026-09-20T19:22:51.890725+00:00,nfl,2026,2,401872933,4018729332455,2,0:20,R.Fitzgerald kicks 58 yards from CAR 35 to ATL 7. O.Zaccheaus to ATL 22 for 15 yards (A.Evans).,2,6,ATL 6,65,-17,Atlanta Falcons,Carolina Panthers,3,20,0.4,99.6,83.0,110.0,193.0,260.0,53.0,313.0,game,Spread,Atlanta Falcons,,-9.5,novig,140,—,—,,-17,,miss,,,,—,,
2026-09-20T19:22:51.890725+00:00,nfl,2026,2,401872933,4018729332455,2,0:20,R.Fitzgerald kicks 58 yards from CAR 35 to ATL 7. O.Zaccheaus to ATL 22 for 15 yards (A.Evans).,2,6,ATL 6,65,-17,Atlanta Falcons,Carolina Panthers,3,20,0.4,99.6,83.0,110.0,193.0,260.0,53.0,313.0,game,Spread,Atlanta Falcons,,9.5,novig,140,—,—,,-17,,miss,,,,—,,
2026-09-20T19:22:51.890725+00:00,nfl,2026,2,401872933,4018729332455,2,0:20,R.Fitzgerald kicks 58 yards from CAR 35 to ATL 7. O.Zaccheaus to ATL 22 for 15 yards (A.Evans).,2,6,ATL 6,65,-17,Atlanta Falcons,Carolina Panthers,3,20,0.4,99.6,83.0,110.0,193.0,260.0,53.0,313.0,game,Total,Over,,43.5,polymarket,108,—,—,,23.0,,miss,,,,—,,
2026-09-20T19:22:51.890725+00:00,nfl,2026,2,401872933,4018729332455,2,0:20,R.Fitzgerald kicks 58 yards from CAR 35 to ATL 7. O.Zaccheaus to ATL 22 for 15 yards (A.Evans).,2,6,ATL 6,65,-17,Atlanta Falcons,Carolina Panthers,3,20,0.4,99.6,83.0,110.0,193.0,260.0,53.0,313.0,game,Total,Under,,43.5,betfair,1687,—,—,,23.0,,hit,,,,—,,
2026-09-20T19:22:51.890725+00:00,nfl,2026,2,401872933,4018729332455,2,0:20,R.Fitzgerald kicks 58 yards from CAR 35 to ATL 7. O.Zaccheaus to ATL 22 for 15 yards (A.Evans).,2,6,ATL 6,65,-17,Atlanta Falcons,Carolina Panthers,3,20,0.4,99.6,83.0,110.0,193.0,260.0,53.0,313.0,game,ML,Carolina Panthers,,,pinnacle,-7457,—,—,,Win,,hit,,,,—,,
2026-09-20T19:22:51.890725+00:00,nfl,2026,2,401872933,4018729332455,2,0:20,R.Fitzgerald kicks 58 yards from CAR 35 to ATL 7. O.Zaccheaus to ATL 22 for 15 yards (A.Evans).,2,6,ATL 6,65,-17,Atlanta Falcons,Carolina Panthers,3,20,0.4,99.6,83.0,110.0,193.0,260.0,53.0,313.0,game,ML,Atlanta Falcons,,,kalshi,9900,—,—,,Loss,,miss,,,,—,,
2026-09-20T19:22:51.890725+00:00,nfl,2026,2,401872933,4018729332478,2,0:14,(Shotgun) C.Rush pass incomplete deep right to J.Dotson (W.Lee) [J.Phillips].,1,10,ATL 22,22,-17,Atlanta Falcons,Carolina Panthers,3,20,0.4,99.6,83.0,110.0,193.0,260.0,53.0,313.0,game,Spread,Atlanta Falcons,,-9.5,novig,140,—,—,,-17,,miss,,,,—,,
2026-09-20T19:22:51.890725+00:00,nfl,2026,2,401872933,4018729332478,2,0:14,(Shotgun) C.Rush pass incomplete deep right to J.Dotson (W.Lee) [J.Phillips].,1,10,ATL 22,22,-17,Atlanta Falcons,Carolina Panthers,3,20,0.4,99.6,83.0,110.0,193.0,260.0,53.0,313.0,game,Spread,Atlanta Falcons,,9.5,novig,140,—,—,,-17,,miss,,,,—,,
2026-09-20T19:22:51.890725+00:00,nfl,2026,2,401872933,4018729332478,2,0:14,(Shotgun) C.Rush pass incomplete deep right to J.Dotson (W.Lee) [J.Phillips].,1,10,ATL 22,22,-17,Atlanta Falcons,Carolina Panthers,3,20,0.4,99.6,83.0,110.0,193.0,260.0,53.0,313.0,game,Total,Over,,43.5,polymarket,108,—,—,,23.0,,miss,,,,—,,
2026-09-20T19:22:51.890725+00:00,nfl,2026,2,401872933,4018729332478,2,0:14,(Shotgun) C.Rush pass incomplete deep right to J.Dotson (W.Lee) [J.Phillips].,1,10,ATL 22,22,-17,Atlanta Falcons,Carolina Panthers,3,20,0.4,99.6,83.0,110.0,193.0,260.0,53.0,313.0,game,Total,Under,,43.5,betfair,1687,—,—,,23.0,,hit,,,,—,,
2026-09-20T19:22:51.890725+00:00,nfl,2026,2,401872933,4018729332478,2,0:14,(Shotgun) C.Rush pass incomplete deep right to J.Dotson (W.Lee) [J.Phillips].,1,10,ATL 22,22,-17,Atlanta Falcons,Carolina Panthers,3,20,0.4,99.6,83.0,110.0,193.0,260.0,53.0,313.0,game,ML,Carolina Panthers,,,pinnacle,-7457,—,—,,Win,,hit,,,,—,,
2026-09-20T19:22:51.890725+00:00,nfl,2026,2,401872933,4018729332478,2,0:14,(Shotgun) C.Rush pass incomplete deep right to J.Dotson (W.Lee) [J.Phillips].,1,10,ATL 22,22,-17,Atlanta Falcons,Carolina Panthers,3,20,0.4,99.6,83.0,110.0,193.0,260.0,53.0,313.0,game,ML,Atlanta Falcons,,,kalshi,9900,—,—,,Loss,,miss,,,,—,,
2026-09-20T19:22:51.890725+00:00,nfl,2026,2,401872933,4018729332501,2,0:08,(Shotgun) Br.Robinson up the middle to ATL 26 for 4 yards (T.Gipson; P.Umanmielen).,2,10,ATL 22,22,-17,Atlanta Falcons,Carolina Panthers,3,20,0.4,99.6,83.0,110.0,193.0,260.0,53.0,313.0,game,Spread,Atlanta Falcons,,-9.5,novig,140,—,—,,-17,,miss,,,,—,,
2026-09-20T19:22:51.890725+00:00,nfl,2026,2,401872933,4018729332501,2,0:08,(Shotgun) Br.Robinson up the middle to ATL 26 for 4 yards (T.Gipson; P.Umanmielen).,2,10,ATL 22,22,-17,Atlanta Falcons,Carolina Panthers,3,20,0.4,99.6,83.0,110.0,193.0,260.0,53.0,313.0,game,Spread,Atlanta Falcons,,9.5,novig,140,—,—,,-17,,miss,,,,—,,
2026-09-20T19:22:51.890725+00:00,nfl,2026,2,401872933,4018729332501,2,0:08,(Shotgun) Br.Robinson up the middle to ATL 26 for 4 yards (T.Gipson; P.Umanmielen).,2,10,ATL 22,22,-17,Atlanta Falcons,Carolina Panthers,3,20,0.4,99.6,83.0,110.0,193.0,260.0,53.0,313.0,game,Total,Over,,43.5,polymarket,108,—,—,,23.0,,miss,,,,—,,
2026-09-20T19:22:51.890725+00:00,nfl,2026,2,401872933,4018729332501,2,0:08,(Shotgun) Br.Robinson up the middle to ATL 26 for 4 yards (T.Gipson; P.Umanmielen).,2,10,ATL 22,22,-17,Atlanta Falcons,Carolina Panthers,3,20,0.4,99.6,83.0,110.0,193.0,260.0,53.0,313.0,game,Total,Under,,43.5,betfair,1687,—,—,,23.0,,hit,,,,—,,
2026-09-20T19:22:51.890725+00:00,nfl,2026,2,401872933,4018729332501,2,0:08,(Shotgun) Br.Robinson up the middle to ATL 26 for 4 yards (T.Gipson; P.Umanmielen).,2,10,ATL 22,22,-17,Atlanta Falcons,Carolina Panthers,3,20,0.4,99.6,83.0,110.0,193.0,260.0,53.0,313.0,game,ML,Carolina Panthers,,,pinnacle,-7457,—,—,,Win,,hit,,,,—,,
2026-09-20T19:22:51.890725+00:00,nfl,2026,2,401872933,4018729332501,2,0:08,(Shotgun) Br.Robinson up the middle to ATL 26 for 4 yards (T.Gipson; P.Umanmielen).,2,10,ATL 22,22,-17,Atlanta Falcons,Carolina Panthers,3,20,0.4,99.6,83.0,110.0,193.0,260.0,53.0,313.0,game,ML,Atlanta Falcons,,,kalshi,9900,—,—,,Loss,,miss,,,,—,,
2026-09-20T19:22:51.890725+00:00,nfl,2026,2,401872933,4018729332523,2,0:00,END QUARTER 2,2,6,ATL 6,26,-17,Atlanta Falcons,Carolina Panthers,3,20,0.4,99.6,83.0,110.0,193.0,260.0,53.0,313.0,game,Spread,Atlanta Falcons,,-9.5,novig,140,—,—,,-17,,miss,,,,—,,
2026-09-20T19:22:51.890725+00:00,nfl,2026,2,401872933,4018729332523,2,0:00,END QUARTER 2,2,6,ATL 6,26,-17,Atlanta Falcons,Carolina Panthers,3,20,0.4,99.6,83.0,110.0,193.0,260.0,53.0,313.0,game,Spread,Atlanta Falcons,,9.5,novig,140,—,—,,-17,,miss,,,,—,,
2026-09-20T19:22:51.890725+00:00,nfl,2026,2,401872933,4018729332523,2,0:00,END QUARTER 2,2,6,ATL 6,26,-17,Atlanta Falcons,Carolina Panthers,3,20,0.4,99.6,83.0,110.0,193.0,260.0,53.0,313.0,game,Total,Over,,43.5,polymarket,108,—,—,,23.0,,miss,,,,—,,
2026-09-20T19:22:51.890725+00:00,nfl,2026,2,401872933,4018729332523,2,0:00,END QUARTER 2,2,6,ATL 6,26,-17,Atlanta Falcons,Carolina Panthers,3,20,0.4,99.6,83.0,110.0,193.0,260.0,53.0,313.0,game,Total,Under,,43.5,betfair,1687,—,—,,23.0,,hit,,,,—,,
2026-09-20T19:22:51.890725+00:00,nfl,2026,2,401872933,4018729332523,2,0:00,END QUARTER 2,2,6,ATL 6,26,-17,Atlanta Falcons,Carolina Panthers,3,20,0.4,99.6,83.0,110.0,193.0,260.0,53.0,313.0,game,ML,Carolina Panthers,,,pinnacle,-7457,—,—,,Win,,hit,,,,—,,
2026-09-20T19:22:51.890725+00:00,nfl,2026,2,401872933,4018729332523,2,0:00,END QUARTER 2,2,6,ATL 6,26,-17,Atlanta Falcons,Carolina Panthers,3,20,0.4,99.6,83.0,110.0,193.0,260.0,53.0,313.0,game,ML,Atlanta Falcons,,,kalshi,9900,—,—,,Loss,,miss,,,,—,,
2026-09-20T19:22:51.890725+00:00,nfl,2026,2,401872933,4018729332543,3,15:00,N.Folk kicks 65 yards from ATL 35 to CAR 0. J.Metchie to CAR 27 for 27 yards (S.Brown).,2,6,ATL 6,35,-17,Atlanta Falcons,Carolina Panthers,3,20,0.4,99.6,83.0,110.0,193.0,260.0,53.0,313.0,game,Spread,Atlanta Falcons,,-9.5,novig,140,—,—,,-17,,miss,,,,—,,
2026-09-20T19:22:51.890725+00:00,nfl,2026,2,401872933,4018729332543,3,15:00,N.Folk kicks 65 yards from ATL 35 to CAR 0. J.Metchie to CAR 27 for 27 yards (S.Brown).,2,6,ATL 6,35,-17,Atlanta Falcons,Carolina Panthers,3,20,0.4,99.6,83.0,110.0,193.0,260.0,53.0,313.0,game,Spread,Atlanta Falcons,,9.5,novig,140,—,—,,-17,,miss,,,,—,,
2026-09-20T19:22:51.890725+00:00,nfl,2026,2,401872933,4018729332543,3,15:00,N.Folk kicks 65 yards from ATL 35 to CAR 0. J.Metchie to CAR 27 for 27 yards (S.Brown).,2,6,ATL 6,35,-17,Atlanta Falcons,Carolina Panthers,3,20,0.4,99.6,83.0,110.0,193.0,260.0,53.0,313.0,game,Total,Over,,43.5,polymarket,108,—,—,,23.0,,miss,,,,—,,
2026-09-20T19:22:51.890725+00:00,nfl,2026,2,401872933,4018729332543,3,15:00,N.Folk kicks 65 yards from ATL 35 to CAR 0. J.Metchie to CAR 27 for 27 yards (S.Brown).,2,6,ATL 6,35,-17,Atlanta Falcons,Carolina Panthers,3,20,0.4,99.6,83.0,110.0,193.0,260.0,53.0,313.0,game,Total,Under,,43.5,betfair,1687,—,—,,23.0,,hit,,,,—,,
2026-09-20T19:22:51.890725+00:00,nfl,2026,2,401872933,4018729332543,3,15:00,N.Folk kicks 65 yards from ATL 35 to CAR 0. J.Metchie to CAR 27 for 27 yards (S.Brown).,2,6,ATL 6,35,-17,Atlanta Falcons,Carolina Panthers,3,20,0.4,99.6,83.0,110.0,193.0,260.0,53.0,313.0,game,ML,Carolina Panthers,,,pinnacle,-7457,—,—,,Win,,hit,,,,—,,
2026-09-20T19:22:51.890725+00:00,nfl,2026,2,401872933,4018729332543,3,15:00,N.Folk kicks 65 yards from ATL 35 to CAR 0. J.Metchie to CAR 27 for 27 yards (S.Brown).,2,6,ATL 6,35,-17,Atlanta Falcons,Carolina Panthers,3,20,0.4,99.6,83.0,110.0,193.0,260.0,53.0,313.0,game,ML,Atlanta Falcons,,,kalshi,9900,—,—,,Loss,,miss,,,,—,,
2026-09-20T19:22:51.890725+00:00,nfl,2026,2,401872933,4018729332566,3,14:53,C.Hubbard up the middle to CAR 28 for 1 yard (D.Deablo; J.Bates).,1,10,CAR 27,73,-17,Atlanta Falcons,Carolina Panthers,3,20,0.4,99.6,83.0,110.0,193.0,260.0,53.0,313.0,game,Spread,Atlanta Falcons,,-9.5,novig,140,—,—,,-17,,miss,,,,—,,
2026-09-20T19:22:51.890725+00:00,nfl,2026,2,401872933,4018729332566,3,14:53,C.Hubbard up the middle to CAR 28 for 1 yard (D.Deablo; J.Bates).,1,10,CAR 27,73,-17,Atlanta Falcons,Carolina Panthers,3,20,0.4,99.6,83.0,110.0,193.0,260.0,53.0,313.0,game,Spread,Atlanta Falcons,,9.5,novig,140,—,—,,-17,,miss,,,,—,,
2026-09-20T19:22:51.890725+00:00,nfl,2026,2,401872933,4018729332566,3,14:53,C.Hubbard up the middle to CAR 28 for 1 yard (D.Deablo; J.Bates).,1,10,CAR 27,73,-17,Atlanta Falcons,Carolina Panthers,3,20,0.4,99.6,83.0,110.0,193.0,260.0,53.0,313.0,game,Total,Over,,43.5,polymarket,108,—,—,,23.0,,miss,,,,—,,
2026-09-20T19:22:51.890725+00:00,nfl,2026,2,401872933,4018729332566,3,14:53,C.Hubbard up the middle to CAR 28 for 1 yard (D.Deablo; J.Bates).,1,10,CAR 27,73,-17,Atlanta Falcons,Carolina Panthers,3,20,0.4,99.6,83.0,110.0,193.0,260.0,53.0,313.0,game,Total,Under,,43.5,betfair,1687,—,—,,23.0,,hit,,,,—,,
2026-09-20T19:22:51.890725+00:00,nfl,2026,2,401872933,4018729332566,3,14:53,C.Hubbard up the middle to CAR 28 for 1 yard (D.Deablo; J.Bates).,1,10,CAR 27,73,-17,Atlanta Falcons,Carolina Panthers,3,20,0.4,99.6,83.0,110.0,193.0,260.0,53.0,313.0,game,ML,Carolina Panthers,,,pinnacle,-7457,—,—,,Win,,hit,,,,—,,
2026-09-20T19:22:51.890725+00:00,nfl,2026,2,401872933,4018729332566,3,14:53,C.Hubbard up the middle to CAR 28 for 1 yard (D.Deablo; J.Bates).,1,10,CAR 27,73,-17,Atlanta Falcons,Carolina Panthers,3,20,0.4,99.6,83.0,110.0,193.0,260.0,53.0,313.0,game,ML,Atlanta Falcons,,,kalshi,9900,—,—,,Loss,,miss,,,,—,,
2026-09-20T19:22:51.890725+00:00,nfl,2026,2,401872933,4018729332588,3,14:16,"(Shotgun) C.Hubbard up the middle to CAR 36 for 8 yards (J.Bates).PENALTY on CAR-T.Tremble, Offensive Holding, 10 yards, enforced at CAR 28 - No Play.",2,9,CAR 28,72,-17,Atlanta Falcons,Carolina Panthers,3,20,0.4,99.6,83.0,110.0,193.0,260.0,53.0,313.0,game,Spread,Atlanta Falcons,,-9.5,novig,140,—,—,,-17,,miss,,,,—,,
2026-09-20T19:22:51.890725+00:00,nfl,2026,2,401872933,4018729332588,3,14:16,"(Shotgun) C.Hubbard up the middle to CAR 36 for 8 yards (J.Bates).PENALTY on CAR-T.Tremble, Offensive Holding, 10 yards, enforced at CAR 28 - No Play.",2,9,CAR 28,72,-17,Atlanta Falcons,Carolina Panthers,3,20,0.4,99.6,83.0,110.0,193.0,260.0,53.0,313.0,game,Spread,Atlanta Falcons,,9.5,novig,140,—,—,,-17,,miss,,,,—,,
2026-09-20T19:22:51.890725+00:00,nfl,2026,2,401872933,4018729332588,3,14:16,"(Shotgun) C.Hubbard up the middle to CAR 36 for 8 yards (J.Bates).PENALTY on CAR-T.Tremble, Offensive Holding, 10 yards, enforced at CAR 28 - No Play.",2,9,CAR 28,72,-17,Atlanta Falcons,Carolina Panthers,3,20,0.4,99.6,83.0,110.0,193.0,260.0,53.0,313.0,game,Total,Over,,43.5,polymarket,108,—,—,,23.0,,miss,,,,—,,
2026-09-20T19:22:51.890725+00:00,nfl,2026,2,401872933,4018729332588,3,14:16,"(Shotgun) C.Hubbard up the middle to CAR 36 for 8 yards (J.Bates).PENALTY on CAR-T.Tremble, Offensive Holding, 10 yards, enforced at CAR 28 - No Play.",2,9,CAR 28,72,-17,Atlanta Falcons,Carolina Panthers,3,20,0.4,99.6,83.0,110.0,193.0,260.0,53.0,313.0,game,Total,Under,,43.5,betfair,1687,—,—,,23.0,,hit,,,,—,,
2026-09-20T19:22:51.890725+00:00,nfl,2026,2,401872933,4018729332588,3,14:16,"(Shotgun) C.Hubbard up the middle to CAR 36 for 8 yards (J.Bates).PENALTY on CAR-T.Tremble, Offensive Holding, 10 yards, enforced at CAR 28 - No Play.",2,9,CAR 28,72,-17,Atlanta Falcons,Carolina Panthers,3,20,0.4,99.6,83.0,110.0,193.0,260.0,53.0,313.0,game,ML,Carolina Panthers,,,pinnacle,-7457,—,—,,Win,,hit,,,,—,,
2026-09-20T19:22:51.890725+00:00,nfl,2026,2,401872933,4018729332588,3,14:16,"(Shotgun) C.Hubbard up the middle to CAR 36 for 8 yards (J.Bates).PENALTY on CAR-T.Tremble, Offensive Holding, 10 yards, enforced at CAR 28 - No Play.",2,9,CAR 28,72,-17,Atlanta Falcons,Carolina Panthers,3,20,0.4,99.6,83.0,110.0,193.0,260.0,53.0,313.0,game,ML,Atlanta Falcons,,,kalshi,9900,—,—,,Loss,,miss,,,,—,,
2026-09-20T19:22:51.890725+00:00,nfl,2026,2,401872933,4018729332621,3,13:55,(Shotgun) B.Young pass short left to J.Coker to CAR 25 for 7 yards (X.Watts).,2,19,CAR 18,82,-17,Atlanta Falcons,Carolina Panthers,3,20,0.4,99.6,83.0,110.0,193.0,260.0,53.0,313.0,game,Spread,Atlanta Falcons,,-9.5,novig,140,—,—,,-17,,miss,,,,—,,
2026-09-20T19:22:51.890725+00:00,nfl,2026,2,401872933,4018729332621,3,13:55,(Shotgun) B.Young pass short left to J.Coker to CAR 25 for 7 yards (X.Watts).,2,19,CAR 18,82,-17,Atlanta Falcons,Carolina Panthers,3,20,0.4,99.6,83.0,110.0,193.0,260.0,53.0,313.0,game,Spread,Atlanta Falcons,,9.5,novig,140,—,—,,-17,,miss,,,,—,,
2026-09-20T19:22:51.890725+00:00,nfl,2026,2,401872933,4018729332621,3,13:55,(Shotgun) B.Young pass short left to J.Coker to CAR 25 for 7 yards (X.Watts).,2,19,CAR 18,82,-17,Atlanta Falcons,Carolina Panthers,3,20,0.4,99.6,83.0,110.0,193.0,260.0,53.0,313.0,game,Total,Over,,43.5,polymarket,108,—,—,,23.0,,miss,,,,—,,
2026-09-20T19:22:51.890725+00:00,nfl,2026,2,401872933,4018729332621,3,13:55,(Shotgun) B.Young pass short left to J.Coker to CAR 25 for 7 yards (X.Watts).,2,19,CAR 18,82,-17,Atlanta Falcons,Carolina Panthers,3,20,0.4,99.6,83.0,110.0,193.0,260.0,53.0,313.0,game,Total,Under,,43.5,betfair,1687,—,—,,23.0,,hit,,,,—,,
2026-09-20T19:22:51.890725+00:00,nfl,2026,2,401872933,4018729332621,3,13:55,(Shotgun) B.Young pass short left to J.Coker to CAR 25 for 7 yards (X.Watts).,2,19,CAR 18,82,-17,Atlanta Falcons,Carolina Panthers,3,20,0.4,99.6,83.0,110.0,193.0,260.0,53.0,313.0,game,ML,Carolina Panthers,,,pinnacle,-7457,—,—,,Win,,hit,,,,—,,
2026-09-20T19:22:51.890725+00:00,nfl,2026,2,401872933,4018729332621,3,13:55,(Shotgun) B.Young pass short left to J.Coker to CAR 25 for 7 yards (X.Watts).,2,19,CAR 18,82,-17,Atlanta Falcons,Carolina Panthers,3,20,0.4,99.6,83.0,110.0,193.0,260.0,53.0,313.0,game,ML,Atlanta Falcons,,,kalshi,9900,—,—,,Loss,,miss,,,,—,,
2026-09-20T19:22:51.890725+00:00,nfl,2026,2,401872933,4018729332646,3,13:14,*** play under review ***,3,12,CAR 25,75,-17,Atlanta Falcons,Carolina Panthers,3,20,0.4,99.6,83.0,110.0,193.0,260.0,53.0,313.0,game,Spread,Atlanta Falcons,,-9.5,novig,140,—,—,,-17,,miss,,,,—,,
2026-09-20T19:22:51.890725+00:00,nfl,2026,2,401872933,4018729332646,3,13:14,*** play under review ***,3,12,CAR 25,75,-17,Atlanta Falcons,Carolina Panthers,3,20,0.4,99.6,83.0,110.0,193.0,260.0,53.0,313.0,game,Spread,Atlanta Falcons,,9.5,novig,140,—,—,,-17,,miss,,,,—,,
2026-09-20T19:22:51.890725+00:00,nfl,2026,2,401872933,4018729332646,3,13:14,*** play under review ***,3,12,CAR 25,75,-17,Atlanta Falcons,Carolina Panthers,3,20,0.4,99.6,83.0,110.0,193.0,260.0,53.0,313.0,game,Total,Over,,43.5,polymarket,117,—,—,,23.0,,miss,,,,—,,
2026-09-20T19:22:51.890725+00:00,nfl,2026,2,401872933,4018729332646,3,13:14,*** play under review ***,3,12,CAR 25,75,-17,Atlanta Falcons,Carolina Panthers,3,20,0.4,99.6,83.0,110.0,193.0,260.0,53.0,313.0,game,Total,Under,,43.5,polymarket,-128,—,—,,23.0,,hit,,,,—,,
2026-09-20T19:22:51.890725+00:00,nfl,2026,2,401872933,4018729332646,3,13:14,*** play under review ***,3,12,CAR 25,75,-17,Atlanta Falcons,Carolina Panthers,3,20,0.4,99.6,83.0,110.0,193.0,260.0,53.0,313.0,game,ML,Carolina Panthers,,,pinnacle,-7457,—,—,,Win,,hit,,,,—,,
2026-09-20T19:22:51.890725+00:00,nfl,2026,2,401872933,4018729332646,3,13:14,*** play under review ***,3,12,CAR 25,75,-17,Atlanta Falcons,Carolina Panthers,3,20,0.4,99.6,83.0,110.0,193.0,260.0,53.0,313.0,game,ML,Atlanta Falcons,,,kalshi,9900,—,—,,Loss,,miss,,,,—,,
2026-09-20T19:22:51.890725+00:00,nfl,2026,2,401872933,4018729332671,3,13:04,C.Hubbard left tackle to CAR 49 for 12 yards (X.Watts; M.Hughes).,1,10,CAR 37,63,-17,Atlanta Falcons,Carolina Panthers,3,20,0.4,99.6,83.0,110.0,193.0,260.0,53.0,313.0,game,Spread,Atlanta Falcons,,-9.5,novig,140,—,—,,-17,,miss,,,,—,,
2026-09-20T19:22:51.890725+00:00,nfl,2026,2,401872933,4018729332671,3,13:04,C.Hubbard left tackle to CAR 49 for 12 yards (X.Watts; M.Hughes).,1,10,CAR 37,63,-17,Atlanta Falcons,Carolina Panthers,3,20,0.4,99.6,83.0,110.0,193.0,260.0,53.0,313.0,game,Spread,Atlanta Falcons,,9.5,novig,140,—,—,,-17,,miss,,,,—,,
2026-09-20T19:22:51.890725+00:00,nfl,2026,2,401872933,4018729332671,3,13:04,C.Hubbard left tackle to CAR 49 for 12 yards (X.Watts; M.Hughes).,1,10,CAR 37,63,-17,Atlanta Falcons,Carolina Panthers,3,20,0.4,99.6,83.0,110.0,193.0,260.0,53.0,313.0,game,Total,Over,,43.5,polymarket,117,—,—,,23.0,,miss,,,,—,,
2026-09-20T19:22:51.890725+00:00,nfl,2026,2,401872933,4018729332671,3,13:04,C.Hubbard left tackle to CAR 49 for 12 yards (X.Watts; M.Hughes).,1,10,CAR 37,63,-17,Atlanta Falcons,Carolina Panthers,3,20,0.4,99.6,83.0,110.0,193.0,260.0,53.0,313.0,game,Total,Under,,43.5,polymarket,-128,—,—,,23.0,,hit,,,,—,,
2026-09-20T19:22:51.890725+00:00,nfl,2026,2,401872933,4018729332671,3,13:04,C.Hubbard left tackle to CAR 49 for 12 yards (X.Watts; M.Hughes).,1,10,CAR 37,63,-17,Atlanta Falcons,Carolina Panthers,3,20,0.4,99.6,83.0,110.0,193.0,260.0,53.0,313.0,game,ML,Carolina Panthers,,,pinnacle,-7457,—,—,,Win,,hit,,,,—,,
2026-09-20T19:22:51.890725+00:00,nfl,2026,2,401872933,4018729332671,3,13:04,C.Hubbard left tackle to CAR 49 for 12 yards (X.Watts; M.Hughes).,1,10,CAR 37,63,-17,Atlanta Falcons,Carolina Panthers,3,20,0.4,99.6,83.0,110.0,193.0,260.0,53.0,313.0,game,ML,Atlanta Falcons,,,kalshi,9900,—,—,,Loss,,miss,,,,—,,
2026-09-20T19:22:51.890725+00:00,nfl,2026,2,401872933,4018729332723,3,12:22,J.Brooks left tackle to CAR 47 for -2 yards (K.Daniels).,1,10,CAR 49,51,-17,Atlanta Falcons,Carolina Panthers,3,20,0.4,99.6,83.0,110.0,193.0,260.0,53.0,313.0,game,Spread,Atlanta Falcons,,-9.5,novig,140,—,—,,-17,,miss,,,,—,,
2026-09-20T19:22:51.890725+00:00,nfl,2026,2,401872933,4018729332723,3,12:22,J.Brooks left tackle to CAR 47 for -2 yards (K.Daniels).,1,10,CAR 49,51,-17,Atlanta Falcons,Carolina Panthers,3,20,0.4,99.6,83.0,110.0,193.0,260.0,53.0,313.0,game,Spread,Atlanta Falcons,,9.5,novig,140,—,—,,-17,,miss,,,,—,,
2026-09-20T19:22:51.890725+00:00,nfl,2026,2,401872933,4018729332723,3,12:22,J.Brooks left tackle to CAR 47 for -2 yards (K.Daniels).,1,10,CAR 49,51,-17,Atlanta Falcons,Carolina Panthers,3,20,0.4,99.6,83.0,110.0,193.0,260.0,53.0,313.0,game,Total,Over,,43.5,polymarket,117,—,—,,23.0,,miss,,,,—,,
2026-09-20T19:22:51.890725+00:00,nfl,2026,2,401872933,4018729332723,3,12:22,J.Brooks left tackle to CAR 47 for -2 yards (K.Daniels).,1,10,CAR 49,51,-17,Atlanta Falcons,Carolina Panthers,3,20,0.4,99.6,83.0,110.0,193.0,260.0,53.0,313.0,game,Total,Under,,43.5,polymarket,-128,—,—,,23.0,,hit,,,,—,,
2026-09-20T19:22:51.890725+00:00,nfl,2026,2,401872933,4018729332723,3,12:22,J.Brooks left tackle to CAR 47 for -2 yards (K.Daniels).,1,10,CAR 49,51,-17,Atlanta Falcons,Carolina Panthers,3,20,0.4,99.6,83.0,110.0,193.0,260.0,53.0,313.0,game,ML,Carolina Panthers,,,pinnacle,-7457,—,—,,Win,,hit,,,,—,,
2026-09-20T19:22:51.890725+00:00,nfl,2026,2,401872933,4018729332723,3,12:22,J.Brooks left tackle to CAR 47 for -2 yards (K.Daniels).,1,10,CAR 49,51,-17,Atlanta Falcons,Carolina Panthers,3,20,0.4,99.6,83.0,110.0,193.0,260.0,53.0,313.0,game,ML,Atlanta Falcons,,,kalshi,9900,—,—,,Loss,,miss,,,,—,,
2026-09-20T19:22:51.890725+00:00,nfl,2026,2,401872933,4018729332745,3,11:43,(Shotgun) B.Young pass deep left to T.McMillan pushed ob at ATL 24 for 29 yards (C.Henderson).,2,12,CAR 47,53,-17,Atlanta Falcons,Carolina Panthers,3,20,0.4,99.6,83.0,110.0,193.0,260.0,53.0,313.0,game,Spread,Atlanta Falcons,,-9.5,novig,140,—,—,,-17,,miss,,,,—,,
2026-09-20T19:22:51.890725+00:00,nfl,2026,2,401872933,4018729332745,3,11:43,(Shotgun) B.Young pass deep left to T.McMillan pushed ob at ATL 24 for 29 yards (C.Henderson).,2,12,CAR 47,53,-17,Atlanta Falcons,Carolina Panthers,3,20,0.4,99.6,83.0,110.0,193.0,260.0,53.0,313.0,game,Spread,Atlanta Falcons,,9.5,novig,140,—,—,,-17,,miss,,,,—,,
2026-09-20T19:22:51.890725+00:00,nfl,2026,2,401872933,4018729332745,3,11:43,(Shotgun) B.Young pass deep left to T.McMillan pushed ob at ATL 24 for 29 yards (C.Henderson).,2,12,CAR 47,53,-17,Atlanta Falcons,Carolina Panthers,3,20,0.4,99.6,83.0,110.0,193.0,260.0,53.0,313.0,game,Total,Over,,43.5,polymarket,117,—,—,,23.0,,miss,,,,—,,
2026-09-20T19:22:51.890725+00:00,nfl,2026,2,401872933,4018729332745,3,11:43,(Shotgun) B.Young pass deep left to T.McMillan pushed ob at ATL 24 for 29 yards (C.Henderson).,2,12,CAR 47,53,-17,Atlanta Falcons,Carolina Panthers,3,20,0.4,99.6,83.0,110.0,193.0,260.0,53.0,313.0,game,Total,Under,,43.5,polymarket,-128,—,—,,23.0,,hit,,,,—,,
2026-09-20T19:22:51.890725+00:00,nfl,2026,2,401872933,4018729332745,3,11:43,(Shotgun) B.Young pass deep left to T.McMillan pushed ob at ATL 24 for 29 yards (C.Henderson).,2,12,CAR 47,53,-17,Atlanta Falcons,Carolina Panthers,3,20,0.4,99.6,83.0,110.0,193.0,260.0,53.0,313.0,game,ML,Carolina Panthers,,,pinnacle,-7457,—,—,,Win,,hit,,,,—,,
2026-09-20T19:22:51.890725+00:00,nfl,2026,2,401872933,4018729332745,3,11:43,(Shotgun) B.Young pass deep left to T.McMillan pushed ob at ATL 24 for 29 yards (C.Henderson).,2,12,CAR 47,53,-17,Atlanta Falcons,Carolina Panthers,3,20,0.4,99.6,83.0,110.0,193.0,260.0,53.0,313.0,game,ML,Atlanta Falcons,,,kalshi,9900,—,—,,Loss,,miss,,,,—,,
2026-09-20T19:22:51.890725+00:00,nfl,2026,2,401872933,4018729332785,3,11:38,"(No Huddle, Shotgun) B.Young pass short left to J.Coker pushed ob at ATL 21 for 3 yards (C.Henderson).",1,10,ATL 24,24,-17,Atlanta Falcons,Carolina Panthers,3,20,0.4,99.6,83.0,110.0,193.0,260.0,53.0,313.0,game,Spread,Atlanta Falcons,,-9.5,novig,140,—,—,,-17,,miss,,,,—,,
2026-09-20T19:22:51.890725+00:00,nfl,2026,2,401872933,4018729332785,3,11:38,"(No Huddle, Shotgun) B.Young pass short left to J.Coker pushed ob at ATL 21 for 3 yards (C.Henderson).",1,10,ATL 24,24,-17,Atlanta Falcons,Carolina Panthers,3,20,0.4,99.6,83.0,110.0,193.0,260.0,53.0,313.0,game,Spread,Atlanta Falcons,,9.5,novig,140,—,—,,-17,,miss,,,,—,,
2026-09-20T19:22:51.890725+00:00,nfl,2026,2,401872933,4018729332785,3,11:38,"(No Huddle, Shotgun) B.Young pass short left to J.Coker pushed ob at ATL 21 for 3 yards (C.Henderson).",1,10,ATL 24,24,-17,Atlanta Falcons,Carolina Panthers,3,20,0.4,99.6,83.0,110.0,193.0,260.0,53.0,313.0,game,Total,Over,,43.5,polymarket,117,—,—,,23.0,,miss,,,,—,,
2026-09-20T19:22:51.890725+00:00,nfl,2026,2,401872933,4018729332785,3,11:38,"(No Huddle, Shotgun) B.Young pass short left to J.Coker pushed ob at ATL 21 for 3 yards (C.Henderson).",1,10,ATL 24,24,-17,Atlanta Falcons,Carolina Panthers,3,20,0.4,99.6,83.0,110.0,193.0,260.0,53.0,313.0,game,Total,Under,,43.5,polymarket,-128,—,—,,23.0,,hit,,,,—,,
2026-09-20T19:22:51.890725+00:00,nfl,2026,2,401872933,4018729332785,3,11:38,"(No Huddle, Shotgun) B.Young pass short left to J.Coker pushed ob at ATL 21 for 3 yards (C.Henderson).",1,10,ATL 24,24,-17,Atlanta Falcons,Carolina Panthers,3,20,0.4,99.6,83.0,110.0,193.0,260.0,53.0,313.0,game,ML,Carolina Panthers,,,pinnacle,-7457,—,—,,Win,,hit,,,,—,,
2026-09-20T19:22:51.890725+00:00,nfl,2026,2,401872933,4018729332785,3,11:38,"(No Huddle, Shotgun) B.Young pass short left to J.Coker pushed ob at ATL 21 for 3 yards (C.Henderson).",1,10,ATL 24,24,-17,Atlanta Falcons,Carolina Panthers,3,20,0.4,99.6,83.0,110.0,193.0,260.0,53.0,313.0,game,ML,Atlanta Falcons,,,kalshi,9900,—,—,,Loss,,miss,,,,—,,
2026-09-20T19:22:51.890725+00:00,nfl,2026,2,401872933,4018729332815,3,11:07,C.Hubbard up the middle to ATL 18 for 3 yards (C.Thomas).,2,7,ATL 21,21,-17,Atlanta Falcons,Carolina Panthers,3,20,0.4,99.6,83.0,110.0,193.0,260.0,53.0,313.0,game,Spread,Atlanta Falcons,,-9.5,novig,140,—,—,,-17,,miss,,,,—,,
2026-09-20T19:22:51.890725+00:00,nfl,2026,2,401872933,4018729332815,3,11:07,C.Hubbard up the middle to ATL 18 for 3 yards (C.Thomas).,2,7,ATL 21,21,-17,Atlanta Falcons,Carolina Panthers,3,20,0.4,99.6,83.0,110.0,193.0,260.0,53.0,313.0,game,Spread,Atlanta Falcons,,9.5,novig,140,—,—,,-17,,miss,,,,—,,
2026-09-20T19:22:51.890725+00:00,nfl,2026,2,401872933,4018729332815,3,11:07,C.Hubbard up the middle to ATL 18 for 3 yards (C.Thomas).,2,7,ATL 21,21,-17,Atlanta Falcons,Carolina Panthers,3,20,0.4,99.6,83.0,110.0,193.0,260.0,53.0,313.0,game,Total,Over,,43.5,polymarket,117,—,—,,23.0,,miss,,,,—,,
2026-09-20T19:22:51.890725+00:00,nfl,2026,2,401872933,4018729332815,3,11:07,C.Hubbard up the middle to ATL 18 for 3 yards (C.Thomas).,2,7,ATL 21,21,-17,Atlanta Falcons,Carolina Panthers,3,20,0.4,99.6,83.0,110.0,193.0,260.0,53.0,313.0,game,Total,Under,,43.5,polymarket,-128,—,—,,23.0,,hit,,,,—,,
2026-09-20T19:22:51.890725+00:00,nfl,2026,2,401872933,4018729332815,3,11:07,C.Hubbard up the middle to ATL 18 for 3 yards (C.Thomas).,2,7,ATL 21,21,-17,Atlanta Falcons,Carolina Panthers,3,20,0.4,99.6,83.0,110.0,193.0,260.0,53.0,313.0,game,ML,Carolina Panthers,,,pinnacle,-7457,—,—,,Win,,hit,,,,—,,
2026-09-20T19:22:51.890725+00:00,nfl,2026,2,401872933,4018729332815,3,11:07,C.Hubbard up the middle to ATL 18 for 3 yards (C.Thomas).,2,7,ATL 21,21,-17,Atlanta Falcons,Carolina Panthers,3,20,0.4,99.6,83.0,110.0,193.0,260.0,53.0,313.0,game,ML,Atlanta Falcons,,,kalshi,9900,—,—,,Loss,,miss,,,,—,,
2026-09-20T19:22:51.890725+00:00,nfl,2026,2,401872933,4018729332837,3,10:26,(Shotgun) B.Young scrambles up the middle to ATL 12 for 6 yards (J.Bates).,3,4,ATL 18,18,-17,Atlanta Falcons,Carolina Panthers,3,20,0.4,99.6,83.0,110.0,193.0,260.0,53.0,313.0,game,Spread,Atlanta Falcons,,-9.5,novig,140,—,—,,-17,,miss,,,,—,,
2026-09-20T19:22:51.890725+00:00,nfl,2026,2,401872933,4018729332837,3,10:26,(Shotgun) B.Young scrambles up the middle to ATL 12 for 6 yards (J.Bates).,3,4,ATL 18,18,-17,Atlanta Falcons,Carolina Panthers,3,20,0.4,99.6,83.0,110.0,193.0,260.0,53.0,313.0,game,Spread,Atlanta Falcons,,9.5,novig,140,—,—,,-17,,miss,,,,—,,
2026-09-20T19:22:51.890725+00:00,nfl,2026,2,401872933,4018729332837,3,10:26,(Shotgun) B.Young scrambles up the middle to ATL 12 for 6 yards (J.Bates).,3,4,ATL 18,18,-17,Atlanta Falcons,Carolina Panthers,3,20,0.4,99.6,83.0,110.0,193.0,260.0,53.0,313.0,game,Total,Over,,43.5,polymarket,117,—,—,,23.0,,miss,,,,—,,
2026-09-20T19:22:51.890725+00:00,nfl,2026,2,401872933,4018729332837,3,10:26,(Shotgun) B.Young scrambles up the middle to ATL 12 for 6 yards (J.Bates).,3,4,ATL 18,18,-17,Atlanta Falcons,Carolina Panthers,3,20,0.4,99.6,83.0,110.0,193.0,260.0,53.0,313.0,game,Total,Under,,43.5,polymarket,-128,—,—,,23.0,,hit,,,,—,,
2026-09-20T19:22:51.890725+00:00,nfl,2026,2,401872933,4018729332837,3,10:26,(Shotgun) B.Young scrambles up the middle to ATL 12 for 6 yards (J.Bates).,3,4,ATL 18,18,-17,Atlanta Falcons,Carolina Panthers,3,20,0.4,99.6,83.0,110.0,193.0,260.0,53.0,313.0,game,ML,Carolina Panthers,,,pinnacle,-7457,—,—,,Win,,hit,,,,—,,
2026-09-20T19:22:51.890725+00:00,nfl,2026,2,401872933,4018729332837,3,10:26,(Shotgun) B.Young scrambles up the middle to ATL 12 for 6 yards (J.Bates).,3,4,ATL 18,18,-17,Atlanta Falcons,Carolina Panthers,3,20,0.4,99.6,83.0,110.0,193.0,260.0,53.0,313.0,game,ML,Atlanta Falcons,,,kalshi,9900,—,—,,Loss,,miss,,,,—,,
2026-09-20T19:22:51.890725+00:00,nfl,2026,2,401872933,4018729332893,3,9:38,Official Timeout at 09:38.,-1,6,ATL 15,15,-24,Atlanta Falcons,Carolina Panthers,3,27,0.4,99.6,83.0,110.0,193.0,260.0,53.0,313.0,game,Spread,Atlanta Falcons,,-9.5,novig,140,—,—,,-24,,miss,,,,—,,
2026-09-20T19:22:51.890725+00:00,nfl,2026,2,401872933,4018729332893,3,9:38,Official Timeout at 09:38.,-1,6,ATL 15,15,-24,Atlanta Falcons,Carolina Panthers,3,27,0.4,99.6,83.0,110.0,193.0,260.0,53.0,313.0,game,Spread,Atlanta Falcons,,9.5,novig,140,—,—,,-24,,miss,,,,—,,
2026-09-20T19:22:51.890725+00:00,nfl,2026,2,401872933,4018729332893,3,9:38,Official Timeout at 09:38.,-1,6,ATL 15,15,-24,Atlanta Falcons,Carolina Panthers,3,27,0.4,99.6,83.0,110.0,193.0,260.0,53.0,313.0,game,Total,Over,,43.5,polymarket,117,—,—,,30.0,,miss,,,,—,,
2026-09-20T19:22:51.890725+00:00,nfl,2026,2,401872933,4018729332893,3,9:38,Official Timeout at 09:38.,-1,6,ATL 15,15,-24,Atlanta Falcons,Carolina Panthers,3,27,0.4,99.6,83.0,110.0,193.0,260.0,53.0,313.0,game,Total,Under,,43.5,polymarket,-128,—,—,,30.0,,hit,,,,—,,
2026-09-20T19:22:51.890725+00:00,nfl,2026,2,401872933,4018729332893,3,9:38,Official Timeout at 09:38.,-1,6,ATL 15,15,-24,Atlanta Falcons,Carolina Panthers,3,27,0.4,99.6,83.0,110.0,193.0,260.0,53.0,313.0,game,ML,Carolina Panthers,,,pinnacle,-7457,—,—,,Win,,hit,,,,—,,
2026-09-20T19:22:51.890725+00:00,nfl,2026,2,401872933,4018729332893,3,9:38,Official Timeout at 09:38.,-1,6,ATL 15,15,-24,Atlanta Falcons,Carolina Panthers,3,27,0.4,99.6,83.0,110.0,193.0,260.0,53.0,313.0,game,ML,Atlanta Falcons,,,kalshi,9900,—,—,,Loss,,miss,,,,—,,
2026-09-20T19:22:51.890725+00:00,nfl,2026,2,401872933,4018729332859,3,9:38,"(Shotgun) B.Young pass short right to D.Waller for 12 yards, TOUCHDOWN. R.Fitzgerald extra point is GOOD, Center-J.Jansen, Holder-S.Martin.",1,10,ATL 12,12,-24,Atlanta Falcons,Carolina Panthers,3,27,0.4,99.6,83.0,110.0,193.0,260.0,53.0,313.0,game,Spread,Atlanta Falcons,,-9.5,novig,140,—,—,,-24,,miss,,,,—,,
2026-09-20T19:22:51.890725+00:00,nfl,2026,2,401872933,4018729332859,3,9:38,"(Shotgun) B.Young pass short right to D.Waller for 12 yards, TOUCHDOWN. R.Fitzgerald extra point is GOOD, Center-J.Jansen, Holder-S.Martin.",1,10,ATL 12,12,-24,Atlanta Falcons,Carolina Panthers,3,27,0.4,99.6,83.0,110.0,193.0,260.0,53.0,313.0,game,Spread,Atlanta Falcons,,9.5,novig,140,—,—,,-24,,miss,,,,—,,
2026-09-20T19:22:51.890725+00:00,nfl,2026,2,401872933,4018729332859,3,9:38,"(Shotgun) B.Young pass short right to D.Waller for 12 yards, TOUCHDOWN. R.Fitzgerald extra point is GOOD, Center-J.Jansen, Holder-S.Martin.",1,10,ATL 12,12,-24,Atlanta Falcons,Carolina Panthers,3,27,0.4,99.6,83.0,110.0,193.0,260.0,53.0,313.0,game,Total,Over,,43.5,polymarket,117,—,—,,30.0,,miss,,,,—,,
2026-09-20T19:22:51.890725+00:00,nfl,2026,2,401872933,4018729332859,3,9:38,"(Shotgun) B.Young pass short right to D.Waller for 12 yards, TOUCHDOWN. R.Fitzgerald extra point is GOOD, Center-J.Jansen, Holder-S.Martin.",1,10,ATL 12,12,-24,Atlanta Falcons,Carolina Panthers,3,27,0.4,99.6,83.0,110.0,193.0,260.0,53.0,313.0,game,Total,Under,,43.5,polymarket,-128,—,—,,30.0,,hit,,,,—,,
2026-09-20T19:22:51.890725+00:00,nfl,2026,2,401872933,4018729332859,3,9:38,"(Shotgun) B.Young pass short right to D.Waller for 12 yards, TOUCHDOWN. R.Fitzgerald extra point is GOOD, Center-J.Jansen, Holder-S.Martin.",1,10,ATL 12,12,-24,Atlanta Falcons,Carolina Panthers,3,27,0.4,99.6,83.0,110.0,193.0,260.0,53.0,313.0,game,ML,Carolina Panthers,,,pinnacle,-7457,—,—,,Win,,hit,,,,—,,
2026-09-20T19:22:51.890725+00:00,nfl,2026,2,401872933,4018729332859,3,9:38,"(Shotgun) B.Young pass short right to D.Waller for 12 yards, TOUCHDOWN. R.Fitzgerald extra point is GOOD, Center-J.Jansen, Holder-S.Martin.",1,10,ATL 12,12,-24,Atlanta Falcons,Carolina Panthers,3,27,0.4,99.6,83.0,110.0,193.0,260.0,53.0,313.0,game,ML,Atlanta Falcons,,,kalshi,9900,—,—,,Loss,,miss,,,,—,,
2026-09-20T19:22:51.890725+00:00,nfl,2026,2,401872933,4018729332900,3,9:38,"R.Fitzgerald kicks 65 yards from CAR 35 to end zone, Touchback to the ATL 35.",2,6,ATL 6,65,-24,Atlanta Falcons,Carolina Panthers,3,27,0.4,99.6,83.0,110.0,193.0,260.0,53.0,313.0,game,Spread,Atlanta Falcons,,-9.5,novig,140,—,—,,-24,,miss,,,,—,,
2026-09-20T19:22:51.890725+00:00,nfl,2026,2,401872933,4018729332900,3,9:38,"R.Fitzgerald kicks 65 yards from CAR 35 to end zone, Touchback to the ATL 35.",2,6,ATL 6,65,-24,Atlanta Falcons,Carolina Panthers,3,27,0.4,99.6,83.0,110.0,193.0,260.0,53.0,313.0,game,Spread,Atlanta Falcons,,9.5,novig,140,—,—,,-24,,miss,,,,—,,
2026-09-20T19:22:51.890725+00:00,nfl,2026,2,401872933,4018729332900,3,9:38,"R.Fitzgerald kicks 65 yards from CAR 35 to end zone, Touchback to the ATL 35.",2,6,ATL 6,65,-24,Atlanta Falcons,Carolina Panthers,3,27,0.4,99.6,83.0,110.0,193.0,260.0,53.0,313.0,game,Total,Over,,43.5,polymarket,117,—,—,,30.0,,miss,,,,—,,
2026-09-20T19:22:51.890725+00:00,nfl,2026,2,401872933,4018729332900,3,9:38,"R.Fitzgerald kicks 65 yards from CAR 35 to end zone, Touchback to the ATL 35.",2,6,ATL 6,65,-24,Atlanta Falcons,Carolina Panthers,3,27,0.4,99.6,83.0,110.0,193.0,260.0,53.0,313.0,game,Total,Under,,43.5,polymarket,-128,—,—,,30.0,,hit,,,,—,,
2026-09-20T19:22:51.890725+00:00,nfl,2026,2,401872933,4018729332900,3,9:38,"R.Fitzgerald kicks 65 yards from CAR 35 to end zone, Touchback to the ATL 35.",2,6,ATL 6,65,-24,Atlanta Falcons,Carolina Panthers,3,27,0.4,99.6,83.0,110.0,193.0,260.0,53.0,313.0,game,ML,Carolina Panthers,,,pinnacle,-7457,—,—,,Win,,hit,,,,—,,
2026-09-20T19:22:51.890725+00:00,nfl,2026,2,401872933,4018729332900,3,9:38,"R.Fitzgerald kicks 65 yards from CAR 35 to end zone, Touchback to the ATL 35.",2,6,ATL 6,65,-24,Atlanta Falcons,Carolina Panthers,3,27,0.4,99.6,83.0,110.0,193.0,260.0,53.0,313.0,game,ML,Atlanta Falcons,,,kalshi,9900,—,—,,Loss,,miss,,,,—,,
2026-09-20T19:22:51.890725+00:00,nfl,2026,2,401872933,4018729332924,3,9:38,Bi.Robinson left guard to ATL 41 for 6 yards (A.Hall; B.Okereke).,1,10,ATL 35,35,-24,Atlanta Falcons,Carolina Panthers,3,27,0.4,99.6,83.0,110.0,193.0,260.0,53.0,313.0,game,Spread,Atlanta Falcons,,-9.5,novig,140,—,—,,-24,,miss,,,,—,,
2026-09-20T19:22:51.890725+00:00,nfl,2026,2,401872933,4018729332924,3,9:38,Bi.Robinson left guard to ATL 41 for 6 yards (A.Hall; B.Okereke).,1,10,ATL 35,35,-24,Atlanta Falcons,Carolina Panthers,3,27,0.4,99.6,83.0,110.0,193.0,260.0,53.0,313.0,game,Spread,Atlanta Falcons,,9.5,novig,140,—,—,,-24,,miss,,,,—,,
2026-09-20T19:22:51.890725+00:00,nfl,2026,2,401872933,4018729332924,3,9:38,Bi.Robinson left guard to ATL 41 for 6 yards (A.Hall; B.Okereke).,1,10,ATL 35,35,-24,Atlanta Falcons,Carolina Panthers,3,27,0.4,99.6,83.0,110.0,193.0,260.0,53.0,313.0,game,Total,Over,,43.5,polymarket,117,—,—,,30.0,,miss,,,,—,,
2026-09-20T19:22:51.890725+00:00,nfl,2026,2,401872933,4018729332924,3,9:38,Bi.Robinson left guard to ATL 41 for 6 yards (A.Hall; B.Okereke).,1,10,ATL 35,35,-24,Atlanta Falcons,Carolina Panthers,3,27,0.4,99.6,83.0,110.0,193.0,260.0,53.0,313.0,game,Total,Under,,43.5,polymarket,-128,—,—,,30.0,,hit,,,,—,,
2026-09-20T19:22:51.890725+00:00,nfl,2026,2,401872933,4018729332924,3,9:38,Bi.Robinson left guard to ATL 41 for 6 yards (A.Hall; B.Okereke).,1,10,ATL 35,35,-24,Atlanta Falcons,Carolina Panthers,3,27,0.4,99.6,83.0,110.0,193.0,260.0,53.0,313.0,game,ML,Carolina Panthers,,,pinnacle,-7457,—,—,,Win,,hit,,,,—,,
2026-09-20T19:22:51.890725+00:00,nfl,2026,2,401872933,4018729332924,3,9:38,Bi.Robinson left guard to ATL 41 for 6 yards (A.Hall; B.Okereke).,1,10,ATL 35,35,-24,Atlanta Falcons,Carolina Panthers,3,27,0.4,99.6,83.0,110.0,193.0,260.0,53.0,313.0,game,ML,Atlanta Falcons,,,kalshi,9900,—,—,,Loss,,miss,,,,—,,
2026-09-20T19:22:51.890725+00:00,nfl,2026,2,401872933,4018729332946,3,9:04,(Shotgun) C.Rush pass short left to D.London to ATL 47 for 6 yards (Ja.Horn).,2,4,ATL 41,41,-24,Atlanta Falcons,Carolina Panthers,3,27,0.4,99.6,83.0,110.0,193.0,260.0,53.0,313.0,game,Spread,Atlanta Falcons,,-9.5,novig,140,—,—,,-24,,miss,,,,—,,
2026-09-20T19:22:51.890725+00:00,nfl,2026,2,401872933,4018729332946,3,9:04,(Shotgun) C.Rush pass short left to D.London to ATL 47 for 6 yards (Ja.Horn).,2,4,ATL 41,41,-24,Atlanta Falcons,Carolina Panthers,3,27,0.4,99.6,83.0,110.0,193.0,260.0,53.0,313.0,game,Spread,Atlanta Falcons,,9.5,novig,140,—,—,,-24,,miss,,,,—,,
2026-09-20T19:22:51.890725+00:00,nfl,2026,2,401872933,4018729332946,3,9:04,(Shotgun) C.Rush pass short left to D.London to ATL 47 for 6 yards (Ja.Horn).,2,4,ATL 41,41,-24,Atlanta Falcons,Carolina Panthers,3,27,0.4,99.6,83.0,110.0,193.0,260.0,53.0,313.0,game,Total,Over,,43.5,polymarket,117,—,—,,30.0,,miss,,,,—,,
2026-09-20T19:22:51.890725+00:00,nfl,2026,2,401872933,4018729332946,3,9:04,(Shotgun) C.Rush pass short left to D.London to ATL 47 for 6 yards (Ja.Horn).,2,4,ATL 41,41,-24,Atlanta Falcons,Carolina Panthers,3,27,0.4,99.6,83.0,110.0,193.0,260.0,53.0,313.0,game,Total,Under,,43.5,polymarket,-128,—,—,,30.0,,hit,,,,—,,
2026-09-20T19:22:51.890725+00:00,nfl,2026,2,401872933,4018729332946,3,9:04,(Shotgun) C.Rush pass short left to D.London to ATL 47 for 6 yards (Ja.Horn).,2,4,ATL 41,41,-24,Atlanta Falcons,Carolina Panthers,3,27,0.4,99.6,83.0,110.0,193.0,260.0,53.0,313.0,game,ML,Carolina Panthers,,,pinnacle,-7457,—,—,,Win,,hit,,,,—,,
2026-09-20T19:22:51.890725+00:00,nfl,2026,2,401872933,4018729332946,3,9:04,(Shotgun) C.Rush pass short left to D.London to ATL 47 for 6 yards (Ja.Horn).,2,4,ATL 41,41,-24,Atlanta Falcons,Carolina Panthers,3,27,0.4,99.6,83.0,110.0,193.0,260.0,53.0,313.0,game,ML,Atlanta Falcons,,,kalshi,9900,—,—,,Loss,,miss,,,,—,,
2026-09-20T19:22:51.890725+00:00,nfl,2026,2,401872933,4018729332971,3,8:29, Bi.Robinson up the middle to CAR 42 for 11 yards (Z.Wheatley).,1,10,ATL 47,47,-24,Atlanta Falcons,Carolina Panthers,3,27,0.4,99.6,83.0,110.0,193.0,260.0,53.0,313.0,game,Spread,Atlanta Falcons,,-9.5,novig,140,—,—,,-24,,miss,,,,—,,
2026-09-20T19:22:51.890725+00:00,nfl,2026,2,401872933,4018729332971,3,8:29, Bi.Robinson up the middle to CAR 42 for 11 yards (Z.Wheatley).,1,10,ATL 47,47,-24,Atlanta Falcons,Carolina Panthers,3,27,0.4,99.6,83.0,110.0,193.0,260.0,53.0,313.0,game,Spread,Atlanta Falcons,,9.5,novig,140,—,—,,-24,,miss,,,,—,,
2026-09-20T19:22:51.890725+00:00,nfl,2026,2,401872933,4018729332971,3,8:29, Bi.Robinson up the middle to CAR 42 for 11 yards (Z.Wheatley).,1,10,ATL 47,47,-24,Atlanta Falcons,Carolina Panthers,3,27,0.4,99.6,83.0,110.0,193.0,260.0,53.0,313.0,game,Total,Over,,43.5,polymarket,117,—,—,,30.0,,miss,,,,—,,
2026-09-20T19:22:51.890725+00:00,nfl,2026,2,401872933,4018729332971,3,8:29, Bi.Robinson up the middle to CAR 42 for 11 yards (Z.Wheatley).,1,10,ATL 47,47,-24,Atlanta Falcons,Carolina Panthers,3,27,0.4,99.6,83.0,110.0,193.0,260.0,53.0,313.0,game,Total,Under,,43.5,polymarket,-128,—,—,,30.0,,hit,,,,—,,
2026-09-20T19:22:51.890725+00:00,nfl,2026,2,401872933,4018729332971,3,8:29, Bi.Robinson up the middle to CAR 42 for 11 yards (Z.Wheatley).,1,10,ATL 47,47,-24,Atlanta Falcons,Carolina Panthers,3,27,0.4,99.6,83.0,110.0,193.0,260.0,53.0,313.0,game,ML,Carolina Panthers,,,pinnacle,-7457,—,—,,Win,,hit,,,,—,,
2026-09-20T19:22:51.890725+00:00,nfl,2026,2,401872933,4018729332971,3,8:29, Bi.Robinson up the middle to CAR 42 for 11 yards (Z.Wheatley).,1,10,ATL 47,47,-24,Atlanta Falcons,Carolina Panthers,3,27,0.4,99.6,83.0,110.0,193.0,260.0,53.0,313.0,game,ML,Atlanta Falcons,,,kalshi,9900,—,—,,Loss,,miss,,,,—,,
2026-09-20T19:22:51.890725+00:00,nfl,2026,2,401872933,4018729332998,3,7:55,Bi.Robinson left tackle to CAR 38 for 4 yards (L.Ransom; T.Moehrig).,1,10,CAR 42,58,-24,Atlanta Falcons,Carolina Panthers,3,27,0.4,99.6,83.0,110.0,193.0,260.0,53.0,313.0,game,Spread,Atlanta Falcons,,-9.5,novig,140,—,—,,-24,,miss,,,,—,,
2026-09-20T19:22:51.890725+00:00,nfl,2026,2,401872933,4018729332998,3,7:55,Bi.Robinson left tackle to CAR 38 for 4 yards (L.Ransom; T.Moehrig).,1,10,CAR 42,58,-24,Atlanta Falcons,Carolina Panthers,3,27,0.4,99.6,83.0,110.0,193.0,260.0,53.0,313.0,game,Spread,Atlanta Falcons,,9.5,novig,140,—,—,,-24,,miss,,,,—,,
2026-09-20T19:22:51.890725+00:00,nfl,2026,2,401872933,4018729332998,3,7:55,Bi.Robinson left tackle to CAR 38 for 4 yards (L.Ransom; T.Moehrig).,1,10,CAR 42,58,-24,Atlanta Falcons,Carolina Panthers,3,27,0.4,99.6,83.0,110.0,193.0,260.0,53.0,313.0,game,Total,Over,,43.5,polymarket,117,—,—,,30.0,,miss,,,,—,,
2026-09-20T19:22:51.890725+00:00,nfl,2026,2,401872933,4018729332998,3,7:55,Bi.Robinson left tackle to CAR 38 for 4 yards (L.Ransom; T.Moehrig).,1,10,CAR 42,58,-24,Atlanta Falcons,Carolina Panthers,3,27,0.4,99.6,83.0,110.0,193.0,260.0,53.0,313.0,game,Total,Under,,43.5,polymarket,-128,—,—,,30.0,,hit,,,,—,,
2026-09-20T19:22:51.890725+00:00,nfl,2026,2,401872933,4018729332998,3,7:55,Bi.Robinson left tackle to CAR 38 for 4 yards (L.Ransom; T.Moehrig).,1,10,CAR 42,58,-24,Atlanta Falcons,Carolina Panthers,3,27,0.4,99.6,83.0,110.0,193.0,260.0,53.0,313.0,game,ML,Carolina Panthers,,,pinnacle,-7457,—,—,,Win,,hit,,,,—,,
2026-09-20T19:22:51.890725+00:00,nfl,2026,2,401872933,4018729332998,3,7:55,Bi.Robinson left tackle to CAR 38 for 4 yards (L.Ransom; T.Moehrig).,1,10,CAR 42,58,-24,Atlanta Falcons,Carolina Panthers,3,27,0.4,99.6,83.0,110.0,193.0,260.0,53.0,313.0,game,ML,Atlanta Falcons,,,kalshi,9900,—,—,,Loss,,miss,,,,—,,
2026-09-20T19:22:51.890725+00:00,nfl,2026,2,401872933,4018729333020,3,7:13,(Shotgun) C.Rush pass short right intended for K.Pitts INTERCEPTED by D.Lloyd at CAR 27. D.Lloyd to ATL 20 for 53 yards (D.London).,2,6,CAR 38,62,-24,Atlanta Falcons,Carolina Panthers,3,27,0.4,99.6,83.0,110.0,193.0,260.0,53.0,313.0,game,Spread,Atlanta Falcons,,-9.5,novig,140,—,—,,-24,,miss,,,,—,,
2026-09-20T19:22:51.890725+00:00,nfl,2026,2,401872933,4018729333020,3,7:13,(Shotgun) C.Rush pass short right intended for K.Pitts INTERCEPTED by D.Lloyd at CAR 27. D.Lloyd to ATL 20 for 53 yards (D.London).,2,6,CAR 38,62,-24,Atlanta Falcons,Carolina Panthers,3,27,0.4,99.6,83.0,110.0,193.0,260.0,53.0,313.0,game,Spread,Atlanta Falcons,,9.5,novig,140,—,—,,-24,,miss,,,,—,,
2026-09-20T19:22:51.890725+00:00,nfl,2026,2,401872933,4018729333020,3,7:13,(Shotgun) C.Rush pass short right intended for K.Pitts INTERCEPTED by D.Lloyd at CAR 27. D.Lloyd to ATL 20 for 53 yards (D.London).,2,6,CAR 38,62,-24,Atlanta Falcons,Carolina Panthers,3,27,0.4,99.6,83.0,110.0,193.0,260.0,53.0,313.0,game,Total,Over,,43.5,polymarket,117,—,—,,30.0,,miss,,,,—,,
2026-09-20T19:22:51.890725+00:00,nfl,2026,2,401872933,4018729333020,3,7:13,(Shotgun) C.Rush pass short right intended for K.Pitts INTERCEPTED by D.Lloyd at CAR 27. D.Lloyd to ATL 20 for 53 yards (D.London).,2,6,CAR 38,62,-24,Atlanta Falcons,Carolina Panthers,3,27,0.4,99.6,83.0,110.0,193.0,260.0,53.0,313.0,game,Total,Under,,43.5,polymarket,-128,—,—,,30.0,,hit,,,,—,,
2026-09-20T19:22:51.890725+00:00,nfl,2026,2,401872933,4018729333020,3,7:13,(Shotgun) C.Rush pass short right intended for K.Pitts INTERCEPTED by D.Lloyd at CAR 27. D.Lloyd to ATL 20 for 53 yards (D.London).,2,6,CAR 38,62,-24,Atlanta Falcons,Carolina Panthers,3,27,0.4,99.6,83.0,110.0,193.0,260.0,53.0,313.0,game,ML,Carolina Panthers,,,pinnacle,-7457,—,—,,Win,,hit,,,,—,,
2026-09-20T19:22:51.890725+00:00,nfl,2026,2,401872933,4018729333020,3,7:13,(Shotgun) C.Rush pass short right intended for K.Pitts INTERCEPTED by D.Lloyd at CAR 27. D.Lloyd to ATL 20 for 53 yards (D.London).,2,6,CAR 38,62,-24,Atlanta Falcons,Carolina Panthers,3,27,0.4,99.6,83.0,110.0,193.0,260.0,53.0,313.0,game,ML,Atlanta Falcons,,,kalshi,9900,—,—,,Loss,,miss,,,,—,,
2026-09-20T19:22:51.890725+00:00,nfl,2026,2,401872933,4018729333047,3,6:57, J.Brooks left end to ATL 13 for 7 yards (L.London).,1,10,ATL 20,20,-24,Atlanta Falcons,Carolina Panthers,3,27,0.4,99.6,83.0,110.0,193.0,260.0,53.0,313.0,game,Spread,Atlanta Falcons,,-9.5,novig,140,—,—,,-24,,miss,,,,—,,
2026-09-20T19:22:51.890725+00:00,nfl,2026,2,401872933,4018729333047,3,6:57, J.Brooks left end to ATL 13 for 7 yards (L.London).,1,10,ATL 20,20,-24,Atlanta Falcons,Carolina Panthers,3,27,0.4,99.6,83.0,110.0,193.0,260.0,53.0,313.0,game,Spread,Atlanta Falcons,,9.5,novig,140,—,—,,-24,,miss,,,,—,,
2026-09-20T19:22:51.890725+00:00,nfl,2026,2,401872933,4018729333047,3,6:57, J.Brooks left end to ATL 13 for 7 yards (L.London).,1,10,ATL 20,20,-24,Atlanta Falcons,Carolina Panthers,3,27,0.4,99.6,83.0,110.0,193.0,260.0,53.0,313.0,game,Total,Over,,43.5,polymarket,117,—,—,,30.0,,miss,,,,—,,
2026-09-20T19:22:51.890725+00:00,nfl,2026,2,401872933,4018729333047,3,6:57, J.Brooks left end to ATL 13 for 7 yards (L.London).,1,10,ATL 20,20,-24,Atlanta Falcons,Carolina Panthers,3,27,0.4,99.6,83.0,110.0,193.0,260.0,53.0,313.0,game,Total,Under,,43.5,polymarket,-128,—,—,,30.0,,hit,,,,—,,
2026-09-20T19:22:51.890725+00:00,nfl,2026,2,401872933,4018729333047,3,6:57, J.Brooks left end to ATL 13 for 7 yards (L.London).,1,10,ATL 20,20,-24,Atlanta Falcons,Carolina Panthers,3,27,0.4,99.6,83.0,110.0,193.0,260.0,53.0,313.0,game,ML,Carolina Panthers,,,pinnacle,-7457,—,—,,Win,,hit,,,,—,,
2026-09-20T19:22:51.890725+00:00,nfl,2026,2,401872933,4018729333047,3,6:57, J.Brooks left end to ATL 13 for 7 yards (L.London).,1,10,ATL 20,20,-24,Atlanta Falcons,Carolina Panthers,3,27,0.4,99.6,83.0,110.0,193.0,260.0,53.0,313.0,game,ML,Atlanta Falcons,,,kalshi,9900,—,—,,Loss,,miss,,,,—,,
2026-09-20T19:22:51.890725+00:00,nfl,2026,2,401872933,4018729333069,3,6:22,B.Young pass incomplete short right [C.Thomas].,2,3,ATL 13,13,-24,Atlanta Falcons,Carolina Panthers,3,27,0.4,99.6,83.0,110.0,193.0,260.0,53.0,313.0,game,Spread,Atlanta Falcons,,-9.5,novig,140,—,—,,-24,,miss,,,,—,,
2026-09-20T19:22:51.890725+00:00,nfl,2026,2,401872933,4018729333069,3,6:22,B.Young pass incomplete short right [C.Thomas].,2,3,ATL 13,13,-24,Atlanta Falcons,Carolina Panthers,3,27,0.4,99.6,83.0,110.0,193.0,260.0,53.0,313.0,game,Spread,Atlanta Falcons,,9.5,novig,140,—,—,,-24,,miss,,,,—,,
2026-09-20T19:22:51.890725+00:00,nfl,2026,2,401872933,4018729333069,3,6:22,B.Young pass incomplete short right [C.Thomas].,2,3,ATL 13,13,-24,Atlanta Falcons,Carolina Panthers,3,27,0.4,99.6,83.0,110.0,193.0,260.0,53.0,313.0,game,Total,Over,,43.5,polymarket,117,—,—,,30.0,,miss,,,,—,,
2026-09-20T19:22:51.890725+00:00,nfl,2026,2,401872933,4018729333069,3,6:22,B.Young pass incomplete short right [C.Thomas].,2,3,ATL 13,13,-24,Atlanta Falcons,Carolina Panthers,3,27,0.4,99.6,83.0,110.0,193.0,260.0,53.0,313.0,game,Total,Under,,43.5,polymarket,-128,—,—,,30.0,,hit,,,,—,,
2026-09-20T19:22:51.890725+00:00,nfl,2026,2,401872933,4018729333069,3,6:22,B.Young pass incomplete short right [C.Thomas].,2,3,ATL 13,13,-24,Atlanta Falcons,Carolina Panthers,3,27,0.4,99.6,83.0,110.0,193.0,260.0,53.0,313.0,game,ML,Carolina Panthers,,,pinnacle,-7457,—,—,,Win,,hit,,,,—,,
2026-09-20T19:22:51.890725+00:00,nfl,2026,2,401872933,4018729333069,3,6:22,B.Young pass incomplete short right [C.Thomas].,2,3,ATL 13,13,-24,Atlanta Falcons,Carolina Panthers,3,27,0.4,99.6,83.0,110.0,193.0,260.0,53.0,313.0,game,ML,Atlanta Falcons,,,kalshi,9900,—,—,,Loss,,miss,,,,—,,
2026-09-20T19:22:51.890725+00:00,nfl,2026,2,401872933,4018729333092,3,6:16, (Shotgun) B.Young pass short left to J.Coker to ATL 10 for 3 yards.,3,3,ATL 13,13,-24,Atlanta Falcons,Carolina Panthers,3,27,0.4,99.6,83.0,110.0,193.0,260.0,53.0,313.0,game,Spread,Atlanta Falcons,,-9.5,novig,140,—,—,,-24,,miss,,,,—,,
2026-09-20T19:22:51.890725+00:00,nfl,2026,2,401872933,4018729333092,3,6:16, (Shotgun) B.Young pass short left to J.Coker to ATL 10 for 3 yards.,3,3,ATL 13,13,-24,Atlanta Falcons,Carolina Panthers,3,27,0.4,99.6,83.0,110.0,193.0,260.0,53.0,313.0,game,Spread,Atlanta Falcons,,9.5,novig,140,—,—,,-24,,miss,,,,—,,
2026-09-20T19:22:51.890725+00:00,nfl,2026,2,401872933,4018729333092,3,6:16, (Shotgun) B.Young pass short left to J.Coker to ATL 10 for 3 yards.,3,3,ATL 13,13,-24,Atlanta Falcons,Carolina Panthers,3,27,0.4,99.6,83.0,110.0,193.0,260.0,53.0,313.0,game,Total,Over,,43.5,polymarket,117,—,—,,30.0,,miss,,,,—,,
2026-09-20T19:22:51.890725+00:00,nfl,2026,2,401872933,4018729333092,3,6:16, (Shotgun) B.Young pass short left to J.Coker to ATL 10 for 3 yards.,3,3,ATL 13,13,-24,Atlanta Falcons,Carolina Panthers,3,27,0.4,99.6,83.0,110.0,193.0,260.0,53.0,313.0,game,Total,Under,,43.5,polymarket,-128,—,—,,30.0,,hit,,,,—,,
2026-09-20T19:22:51.890725+00:00,nfl,2026,2,401872933,4018729333092,3,6:16, (Shotgun) B.Young pass short left to J.Coker to ATL 10 for 3 yards.,3,3,ATL 13,13,-24,Atlanta Falcons,Carolina Panthers,3,27,0.4,99.6,83.0,110.0,193.0,260.0,53.0,313.0,game,ML,Carolina Panthers,,,pinnacle,-7457,—,—,,Win,,hit,,,,—,,
2026-09-20T19:22:51.890725+00:00,nfl,2026,2,401872933,4018729333092,3,6:16, (Shotgun) B.Young pass short left to J.Coker to ATL 10 for 3 yards.,3,3,ATL 13,13,-24,Atlanta Falcons,Carolina Panthers,3,27,0.4,99.6,83.0,110.0,193.0,260.0,53.0,313.0,game,ML,Atlanta Falcons,,,kalshi,9900,—,—,,Loss,,miss,,,,—,,
2026-09-20T19:22:51.890725+00:00,nfl,2026,2,401872933,4018729333117,3,5:45, J.Brooks left guard to ATL 7 for 3 yards (J.Bates).,1,10,ATL 10,10,-24,Atlanta Falcons,Carolina Panthers,3,27,0.4,99.6,83.0,110.0,193.0,260.0,53.0,313.0,game,Spread,Atlanta Falcons,,-9.5,novig,140,—,—,,-24,,miss,,,,—,,
2026-09-20T19:22:51.890725+00:00,nfl,2026,2,401872933,4018729333117,3,5:45, J.Brooks left guard to ATL 7 for 3 yards (J.Bates).,1,10,ATL 10,10,-24,Atlanta Falcons,Carolina Panthers,3,27,0.4,99.6,83.0,110.0,193.0,260.0,53.0,313.0,game,Spread,Atlanta Falcons,,9.5,novig,140,—,—,,-24,,miss,,,,—,,
2026-09-20T19:22:51.890725+00:00,nfl,2026,2,401872933,4018729333117,3,5:45, J.Brooks left guard to ATL 7 for 3 yards (J.Bates).,1,10,ATL 10,10,-24,Atlanta Falcons,Carolina Panthers,3,27,0.4,99.6,83.0,110.0,193.0,260.0,53.0,313.0,game,Total,Over,,43.5,polymarket,117,—,—,,30.0,,miss,,,,—,,
2026-09-20T19:22:51.890725+00:00,nfl,2026,2,401872933,4018729333117,3,5:45, J.Brooks left guard to ATL 7 for 3 yards (J.Bates).,1,10,ATL 10,10,-24,Atlanta Falcons,Carolina Panthers,3,27,0.4,99.6,83.0,110.0,193.0,260.0,53.0,313.0,game,Total,Under,,43.5,polymarket,-128,—,—,,30.0,,hit,,,,—,,
2026-09-20T19:22:51.890725+00:00,nfl,2026,2,401872933,4018729333117,3,5:45, J.Brooks left guard to ATL 7 for 3 yards (J.Bates).,1,10,ATL 10,10,-24,Atlanta Falcons,Carolina Panthers,3,27,0.4,99.6,83.0,110.0,193.0,260.0,53.0,313.0,game,ML,Carolina Panthers,,,pinnacle,-7457,—,—,,Win,,hit,,,,—,,
2026-09-20T19:22:51.890725+00:00,nfl,2026,2,401872933,4018729333117,3,5:45, J.Brooks left guard to ATL 7 for 3 yards (J.Bates).,1,10,ATL 10,10,-24,Atlanta Falcons,Carolina Panthers,3,27,0.4,99.6,83.0,110.0,193.0,260.0,53.0,313.0,game,ML,Atlanta Falcons,,,kalshi,9900,—,—,,Loss,,miss,,,,—,,
2026-09-20T19:22:51.890725+00:00,nfl,2026,2,401872933,4018729333139,3,5:16, B.Young pass incomplete short left.,2,7,ATL 7,7,-24,Atlanta Falcons,Carolina Panthers,3,27,0.4,99.6,83.0,110.0,193.0,260.0,53.0,313.0,game,Spread,Atlanta Falcons,,-9.5,novig,140,—,—,,-24,,miss,,,,—,,
2026-09-20T19:22:51.890725+00:00,nfl,2026,2,401872933,4018729333139,3,5:16, B.Young pass incomplete short left.,2,7,ATL 7,7,-24,Atlanta Falcons,Carolina Panthers,3,27,0.4,99.6,83.0,110.0,193.0,260.0,53.0,313.0,game,Spread,Atlanta Falcons,,9.5,novig,140,—,—,,-24,,miss,,,,—,,
2026-09-20T19:22:51.890725+00:00,nfl,2026,2,401872933,4018729333139,3,5:16, B.Young pass incomplete short left.,2,7,ATL 7,7,-24,Atlanta Falcons,Carolina Panthers,3,27,0.4,99.6,83.0,110.0,193.0,260.0,53.0,313.0,game,Total,Over,,43.5,polymarket,117,—,—,,30.0,,miss,,,,—,,
2026-09-20T19:22:51.890725+00:00,nfl,2026,2,401872933,4018729333139,3,5:16, B.Young pass incomplete short left.,2,7,ATL 7,7,-24,Atlanta Falcons,Carolina Panthers,3,27,0.4,99.6,83.0,110.0,193.0,260.0,53.0,313.0,game,Total,Under,,43.5,polymarket,-128,—,—,,30.0,,hit,,,,—,,
2026-09-20T19:22:51.890725+00:00,nfl,2026,2,401872933,4018729333139,3,5:16, B.Young pass incomplete short left.,2,7,ATL 7,7,-24,Atlanta Falcons,Carolina Panthers,3,27,0.4,99.6,83.0,110.0,193.0,260.0,53.0,313.0,game,ML,Carolina Panthers,,,pinnacle,-7457,—,—,,Win,,hit,,,,—,,
2026-09-20T19:22:51.890725+00:00,nfl,2026,2,401872933,4018729333139,3,5:16, B.Young pass incomplete short left.,2,7,ATL 7,7,-24,Atlanta Falcons,Carolina Panthers,3,27,0.4,99.6,83.0,110.0,193.0,260.0,53.0,313.0,game,ML,Atlanta Falcons,,,kalshi,9900,—,—,,Loss,,miss,,,,—,,
2026-09-20T19:22:51.890725+00:00,nfl,2026,2,401872933,4018729333162,3,5:10, (Shotgun) B.Young pass short middle to J.Coker to ATL 2 for 5 yards (X.Watts).,3,7,ATL 7,7,-24,Atlanta Falcons,Carolina Panthers,3,27,0.4,99.6,83.0,110.0,193.0,260.0,53.0,313.0,game,Spread,Atlanta Falcons,,-9.5,novig,140,—,—,,-24,,miss,,,,—,,
2026-09-20T19:22:51.890725+00:00,nfl,2026,2,401872933,4018729333162,3,5:10, (Shotgun) B.Young pass short middle to J.Coker to ATL 2 for 5 yards (X.Watts).,3,7,ATL 7,7,-24,Atlanta Falcons,Carolina Panthers,3,27,0.4,99.6,83.0,110.0,193.0,260.0,53.0,313.0,game,Spread,Atlanta Falcons,,9.5,novig,140,—,—,,-24,,miss,,,,—,,
2026-09-20T19:22:51.890725+00:00,nfl,2026,2,401872933,4018729333162,3,5:10, (Shotgun) B.Young pass short middle to J.Coker to ATL 2 for 5 yards (X.Watts).,3,7,ATL 7,7,-24,Atlanta Falcons,Carolina Panthers,3,27,0.4,99.6,83.0,110.0,193.0,260.0,53.0,313.0,game,Total,Over,,43.5,polymarket,117,—,—,,30.0,,miss,,,,—,,
2026-09-20T19:22:51.890725+00:00,nfl,2026,2,401872933,4018729333162,3,5:10, (Shotgun) B.Young pass short middle to J.Coker to ATL 2 for 5 yards (X.Watts).,3,7,ATL 7,7,-24,Atlanta Falcons,Carolina Panthers,3,27,0.4,99.6,83.0,110.0,193.0,260.0,53.0,313.0,game,Total,Under,,43.5,polymarket,-128,—,—,,30.0,,hit,,,,—,,
2026-09-20T19:22:51.890725+00:00,nfl,2026,2,401872933,4018729333162,3,5:10, (Shotgun) B.Young pass short middle to J.Coker to ATL 2 for 5 yards (X.Watts).,3,7,ATL 7,7,-24,Atlanta Falcons,Carolina Panthers,3,27,0.4,99.6,83.0,110.0,193.0,260.0,53.0,313.0,game,ML,Carolina Panthers,,,pinnacle,-7457,—,—,,Win,,hit,,,,—,,
2026-09-20T19:22:51.890725+00:00,nfl,2026,2,401872933,4018729333162,3,5:10, (Shotgun) B.Young pass short middle to J.Coker to ATL 2 for 5 yards (X.Watts).,3,7,ATL 7,7,-24,Atlanta Falcons,Carolina Panthers,3,27,0.4,99.6,83.0,110.0,193.0,260.0,53.0,313.0,game,ML,Atlanta Falcons,,,kalshi,9900,—,—,,Loss,,miss,,,,—,,
2026-09-20T19:22:51.890725+00:00,nfl,2026,2,401872933,4018729333187,3,4:34,(Shotgun) B.Young pass incomplete short left to T.McMillan (G.Dexter) [D.Deablo].,4,2,ATL 2,2,-24,Atlanta Falcons,Carolina Panthers,3,27,0.4,99.6,83.0,110.0,193.0,260.0,53.0,313.0,game,Spread,Atlanta Falcons,,-9.5,novig,140,—,—,,-24,,miss,,,,—,,
2026-09-20T19:22:51.890725+00:00,nfl,2026,2,401872933,4018729333187,3,4:34,(Shotgun) B.Young pass incomplete short left to T.McMillan (G.Dexter) [D.Deablo].,4,2,ATL 2,2,-24,Atlanta Falcons,Carolina Panthers,3,27,0.4,99.6,83.0,110.0,193.0,260.0,53.0,313.0,game,Spread,Atlanta Falcons,,9.5,novig,140,—,—,,-24,,miss,,,,—,,
2026-09-20T19:22:51.890725+00:00,nfl,2026,2,401872933,4018729333187,3,4:34,(Shotgun) B.Young pass incomplete short left to T.McMillan (G.Dexter) [D.Deablo].,4,2,ATL 2,2,-24,Atlanta Falcons,Carolina Panthers,3,27,0.4,99.6,83.0,110.0,193.0,260.0,53.0,313.0,game,Total,Over,,43.5,polymarket,117,—,—,,30.0,,miss,,,,—,,
2026-09-20T19:22:51.890725+00:00,nfl,2026,2,401872933,4018729333187,3,4:34,(Shotgun) B.Young pass incomplete short left to T.McMillan (G.Dexter) [D.Deablo].,4,2,ATL 2,2,-24,Atlanta Falcons,Carolina Panthers,3,27,0.4,99.6,83.0,110.0,193.0,260.0,53.0,313.0,game,Total,Under,,43.5,polymarket,-128,—,—,,30.0,,hit,,,,—,,
2026-09-20T19:22:51.890725+00:00,nfl,2026,2,401872933,4018729333187,3,4:34,(Shotgun) B.Young pass incomplete short left to T.McMillan (G.Dexter) [D.Deablo].,4,2,ATL 2,2,-24,Atlanta Falcons,Carolina Panthers,3,27,0.4,99.6,83.0,110.0,193.0,260.0,53.0,313.0,game,ML,Carolina Panthers,,,pinnacle,-7457,—,—,,Win,,hit,,,,—,,
2026-09-20T19:22:51.890725+00:00,nfl,2026,2,401872933,4018729333187,3,4:34,(Shotgun) B.Young pass incomplete short left to T.McMillan (G.Dexter) [D.Deablo].,4,2,ATL 2,2,-24,Atlanta Falcons,Carolina Panthers,3,27,0.4,99.6,83.0,110.0,193.0,260.0,53.0,313.0,game,ML,Atlanta Falcons,,,kalshi,9900,—,—,,Loss,,miss,,,,—,,
2026-09-20T19:22:51.890725+00:00,nfl,2026,2,401872933,4018729333199,3,4:27,Official Timeout at 04:27.,1,10,ATL 2,2,-24,Atlanta Falcons,Carolina Panthers,3,27,0.4,99.6,83.0,110.0,193.0,260.0,53.0,313.0,game,Spread,Atlanta Falcons,,-9.5,novig,140,—,—,,-24,,miss,,,,—,,
2026-09-20T19:22:51.890725+00:00,nfl,2026,2,401872933,4018729333199,3,4:27,Official Timeout at 04:27.,1,10,ATL 2,2,-24,Atlanta Falcons,Carolina Panthers,3,27,0.4,99.6,83.0,110.0,193.0,260.0,53.0,313.0,game,Spread,Atlanta Falcons,,9.5,novig,140,—,—,,-24,,miss,,,,—,,
2026-09-20T19:22:51.890725+00:00,nfl,2026,2,401872933,4018729333199,3,4:27,Official Timeout at 04:27.,1,10,ATL 2,2,-24,Atlanta Falcons,Carolina Panthers,3,27,0.4,99.6,83.0,110.0,193.0,260.0,53.0,313.0,game,Total,Over,,43.5,polymarket,117,—,—,,30.0,,miss,,,,—,,
2026-09-20T19:22:51.890725+00:00,nfl,2026,2,401872933,4018729333199,3,4:27,Official Timeout at 04:27.,1,10,ATL 2,2,-24,Atlanta Falcons,Carolina Panthers,3,27,0.4,99.6,83.0,110.0,193.0,260.0,53.0,313.0,game,Total,Under,,43.5,polymarket,-128,—,—,,30.0,,hit,,,,—,,
2026-09-20T19:22:51.890725+00:00,nfl,2026,2,401872933,4018729333199,3,4:27,Official Timeout at 04:27.,1,10,ATL 2,2,-24,Atlanta Falcons,Carolina Panthers,3,27,0.4,99.6,83.0,110.0,193.0,260.0,53.0,313.0,game,ML,Carolina Panthers,,,pinnacle,-7457,—,—,,Win,,hit,,,,—,,
2026-09-20T19:22:51.890725+00:00,nfl,2026,2,401872933,4018729333199,3,4:27,Official Timeout at 04:27.,1,10,ATL 2,2,-24,Atlanta Falcons,Carolina Panthers,3,27,0.4,99.6,83.0,110.0,193.0,260.0,53.0,313.0,game,ML,Atlanta Falcons,,,kalshi,9900,—,—,,Loss,,miss,,,,—,,
2026-09-20T19:22:51.890725+00:00,nfl,2026,2,401872933,4018729333210,3,4:27, Br.Robinson left guard to ATL 6 for 4 yards (M.Jackson; T.Edwards).,1,10,ATL 2,2,-24,Atlanta Falcons,Carolina Panthers,3,27,0.4,99.6,83.0,110.0,193.0,260.0,53.0,313.0,game,Spread,Atlanta Falcons,,-9.5,novig,140,—,—,,-24,,miss,,,,—,,
2026-09-20T19:22:51.890725+00:00,nfl,2026,2,401872933,4018729333210,3,4:27, Br.Robinson left guard to ATL 6 for 4 yards (M.Jackson; T.Edwards).,1,10,ATL 2,2,-24,Atlanta Falcons,Carolina Panthers,3,27,0.4,99.6,83.0,110.0,193.0,260.0,53.0,313.0,game,Spread,Atlanta Falcons,,9.5,novig,140,—,—,,-24,,miss,,,,—,,
2026-09-20T19:22:51.890725+00:00,nfl,2026,2,401872933,4018729333210,3,4:27, Br.Robinson left guard to ATL 6 for 4 yards (M.Jackson; T.Edwards).,1,10,ATL 2,2,-24,Atlanta Falcons,Carolina Panthers,3,27,0.4,99.6,83.0,110.0,193.0,260.0,53.0,313.0,game,Total,Over,,43.5,polymarket,117,—,—,,30.0,,miss,,,,—,,
2026-09-20T19:22:51.890725+00:00,nfl,2026,2,401872933,4018729333210,3,4:27, Br.Robinson left guard to ATL 6 for 4 yards (M.Jackson; T.Edwards).,1,10,ATL 2,2,-24,Atlanta Falcons,Carolina Panthers,3,27,0.4,99.6,83.0,110.0,193.0,260.0,53.0,313.0,game,Total,Under,,43.5,polymarket,-128,—,—,,30.0,,hit,,,,—,,
2026-09-20T19:22:51.890725+00:00,nfl,2026,2,401872933,4018729333210,3,4:27, Br.Robinson left guard to ATL 6 for 4 yards (M.Jackson; T.Edwards).,1,10,ATL 2,2,-24,Atlanta Falcons,Carolina Panthers,3,27,0.4,99.6,83.0,110.0,193.0,260.0,53.0,313.0,game,ML,Carolina Panthers,,,pinnacle,-7457,—,—,,Win,,hit,,,,—,,
2026-09-20T19:22:51.890725+00:00,nfl,2026,2,401872933,4018729333210,3,4:27, Br.Robinson left guard to ATL 6 for 4 yards (M.Jackson; T.Edwards).,1,10,ATL 2,2,-24,Atlanta Falcons,Carolina Panthers,3,27,0.4,99.6,83.0,110.0,193.0,260.0,53.0,313.0,game,ML,Atlanta Falcons,,,kalshi,9900,—,—,,Loss,,miss,,,,—,,
2026-09-20T19:22:51.890725+00:00,nfl,2026,2,401872933,4018729333239,3,3:46, Br.Robinson right guard to ATL 10 for 4 yards (B.Okereke).,2,6,ATL 6,6,-24,Atlanta Falcons,Carolina Panthers,3,27,0.4,99.6,83.0,110.0,193.0,260.0,53.0,313.0,game,Spread,Atlanta Falcons,,-9.5,novig,140,—,—,,-24,,miss,,,,—,,
2026-09-20T19:22:51.890725+00:00,nfl,2026,2,401872933,4018729333239,3,3:46, Br.Robinson right guard to ATL 10 for 4 yards (B.Okereke).,2,6,ATL 6,6,-24,Atlanta Falcons,Carolina Panthers,3,27,0.4,99.6,83.0,110.0,193.0,260.0,53.0,313.0,game,Spread,Atlanta Falcons,,9.5,novig,140,—,—,,-24,,miss,,,,—,,
2026-09-20T19:22:51.890725+00:00,nfl,2026,2,401872933,4018729333239,3,3:46, Br.Robinson right guard to ATL 10 for 4 yards (B.Okereke).,2,6,ATL 6,6,-24,Atlanta Falcons,Carolina Panthers,3,27,0.4,99.6,83.0,110.0,193.0,260.0,53.0,313.0,game,Total,Over,,43.5,polymarket,117,—,—,,30.0,,miss,,,,—,,
2026-09-20T19:22:51.890725+00:00,nfl,2026,2,401872933,4018729333239,3,3:46, Br.Robinson right guard to ATL 10 for 4 yards (B.Okereke).,2,6,ATL 6,6,-24,Atlanta Falcons,Carolina Panthers,3,27,0.4,99.6,83.0,110.0,193.0,260.0,53.0,313.0,game,Total,Under,,43.5,polymarket,-128,—,—,,30.0,,hit,,,,—,,
2026-09-20T19:22:51.890725+00:00,nfl,2026,2,401872933,4018729333239,3,3:46, Br.Robinson right guard to ATL 10 for 4 yards (B.Okereke).,2,6,ATL 6,6,-24,Atlanta Falcons,Carolina Panthers,3,27,0.4,99.6,83.0,110.0,193.0,260.0,53.0,313.0,game,ML,Carolina Panthers,,,pinnacle,-7457,—,—,,Win,,hit,,,,—,,
2026-09-20T19:22:51.890725+00:00,nfl,2026,2,401872933,4018729333239,3,3:46, Br.Robinson right guard to ATL 10 for 4 yards (B.Okereke).,2,6,ATL 6,6,-24,Atlanta Falcons,Carolina Panthers,3,27,0.4,99.6,83.0,110.0,193.0,260.0,53.0,313.0,game,ML,Atlanta Falcons,,,kalshi,9900,—,—,,Loss,,miss,,,,—,,
