captured_at,sport,year,week,event_id,play_id,period,clock,play_text,down,distance,possession,yard_line,score_margin,home,away,home_score,away_score,home_win_prob,away_win_prob,home_pass_yds,home_rush_yds,home_total_yds,away_pass_yds,away_rush_yds,away_total_yds,market_type,market,selection,player,line,book_id,book_price,model_projection,model_price,model_prob,actual_result,actual_stat,bet_result,expected_roi_pct,pregame_line,pregame_book_price,pregame_projection,pregame_capture_at,pregame_capture_type
2026-09-20T19:22:51.890725+00:00,nfl,2026,2,401872937,4018729371,1,15:00,GAME,4,1,MIN 21,79,0,Chicago Bears,Minnesota Vikings,0,0,52.7,47.3,64.0,127.0,191.0,90.0,94.0,184.0,game,Spread,Minnesota Vikings,,-2.5,kalshi,-113,—,—,,0,,miss,,,,—,,
2026-09-20T19:22:51.890725+00:00,nfl,2026,2,401872937,4018729371,1,15:00,GAME,4,1,MIN 21,79,0,Chicago Bears,Minnesota Vikings,0,0,52.7,47.3,64.0,127.0,191.0,90.0,94.0,184.0,game,Spread,Chicago Bears,,2.5,kalshi,-271,—,—,,0,,hit,,,,—,,
2026-09-20T19:22:51.890725+00:00,nfl,2026,2,401872937,4018729371,1,15:00,GAME,4,1,MIN 21,79,0,Chicago Bears,Minnesota Vikings,0,0,52.7,47.3,64.0,127.0,191.0,90.0,94.0,184.0,game,Total,Over,,21.5,kalshi,-525,—,—,,0.0,,miss,,,,—,,
2026-09-20T19:22:51.890725+00:00,nfl,2026,2,401872937,4018729371,1,15:00,GAME,4,1,MIN 21,79,0,Chicago Bears,Minnesota Vikings,0,0,52.7,47.3,64.0,127.0,191.0,90.0,94.0,184.0,game,Total,Under,,21.5,kalshi,-300,—,—,,0.0,,hit,,,,—,,
2026-09-20T19:22:51.890725+00:00,nfl,2026,2,401872937,4018729371,1,15:00,GAME,4,1,MIN 21,79,0,Chicago Bears,Minnesota Vikings,0,0,52.7,47.3,64.0,127.0,191.0,90.0,94.0,184.0,game,ML,Minnesota Vikings,,,polymarket,108,—,—,,Loss,,miss,,,,—,,
2026-09-20T19:22:51.890725+00:00,nfl,2026,2,401872937,4018729371,1,15:00,GAME,4,1,MIN 21,79,0,Chicago Bears,Minnesota Vikings,0,0,52.7,47.3,64.0,127.0,191.0,90.0,94.0,184.0,game,ML,Chicago Bears,,,bet365,-115,—,—,,Loss,,miss,,,,—,,
2026-09-20T19:22:51.890725+00:00,nfl,2026,2,401872937,40187293740,1,15:00,C.Santos kicks 58 yards from CHI 35 to MIN 7. M.Price to MIN 28 for 21 yards (J.Sanborn; S.Thomas).,4,1,MIN 21,35,0,Chicago Bears,Minnesota Vikings,0,0,52.7,47.3,64.0,127.0,191.0,90.0,94.0,184.0,game,Spread,Minnesota Vikings,,-2.5,kalshi,-113,—,—,,0,,miss,,,,—,,
2026-09-20T19:22:51.890725+00:00,nfl,2026,2,401872937,40187293740,1,15:00,C.Santos kicks 58 yards from CHI 35 to MIN 7. M.Price to MIN 28 for 21 yards (J.Sanborn; S.Thomas).,4,1,MIN 21,35,0,Chicago Bears,Minnesota Vikings,0,0,52.7,47.3,64.0,127.0,191.0,90.0,94.0,184.0,game,Spread,Chicago Bears,,2.5,kalshi,-271,—,—,,0,,hit,,,,—,,
2026-09-20T19:22:51.890725+00:00,nfl,2026,2,401872937,40187293740,1,15:00,C.Santos kicks 58 yards from CHI 35 to MIN 7. M.Price to MIN 28 for 21 yards (J.Sanborn; S.Thomas).,4,1,MIN 21,35,0,Chicago Bears,Minnesota Vikings,0,0,52.7,47.3,64.0,127.0,191.0,90.0,94.0,184.0,game,Total,Over,,21.5,kalshi,-525,—,—,,0.0,,miss,,,,—,,
2026-09-20T19:22:51.890725+00:00,nfl,2026,2,401872937,40187293740,1,15:00,C.Santos kicks 58 yards from CHI 35 to MIN 7. M.Price to MIN 28 for 21 yards (J.Sanborn; S.Thomas).,4,1,MIN 21,35,0,Chicago Bears,Minnesota Vikings,0,0,52.7,47.3,64.0,127.0,191.0,90.0,94.0,184.0,game,Total,Under,,21.5,kalshi,-300,—,—,,0.0,,hit,,,,—,,
2026-09-20T19:22:51.890725+00:00,nfl,2026,2,401872937,40187293740,1,15:00,C.Santos kicks 58 yards from CHI 35 to MIN 7. M.Price to MIN 28 for 21 yards (J.Sanborn; S.Thomas).,4,1,MIN 21,35,0,Chicago Bears,Minnesota Vikings,0,0,52.7,47.3,64.0,127.0,191.0,90.0,94.0,184.0,game,ML,Minnesota Vikings,,,polymarket,108,—,—,,Loss,,miss,,,,—,,
2026-09-20T19:22:51.890725+00:00,nfl,2026,2,401872937,40187293740,1,15:00,C.Santos kicks 58 yards from CHI 35 to MIN 7. M.Price to MIN 28 for 21 yards (J.Sanborn; S.Thomas).,4,1,MIN 21,35,0,Chicago Bears,Minnesota Vikings,0,0,52.7,47.3,64.0,127.0,191.0,90.0,94.0,184.0,game,ML,Chicago Bears,,,bet365,-115,—,—,,Loss,,miss,,,,—,,
2026-09-20T19:22:51.890725+00:00,nfl,2026,2,401872937,40187293763,1,14:54,(Shotgun) A.Jones left tackle to MIN 36 for 8 yards (C.Lewis; T.Stevenson).,1,10,MIN 28,72,0,Chicago Bears,Minnesota Vikings,0,0,52.7,47.3,64.0,127.0,191.0,90.0,94.0,184.0,game,Spread,Minnesota Vikings,,-2.5,kalshi,-113,—,—,,0,,miss,,,,—,,
2026-09-20T19:22:51.890725+00:00,nfl,2026,2,401872937,40187293763,1,14:54,(Shotgun) A.Jones left tackle to MIN 36 for 8 yards (C.Lewis; T.Stevenson).,1,10,MIN 28,72,0,Chicago Bears,Minnesota Vikings,0,0,52.7,47.3,64.0,127.0,191.0,90.0,94.0,184.0,game,Spread,Chicago Bears,,2.5,kalshi,-271,—,—,,0,,hit,,,,—,,
2026-09-20T19:22:51.890725+00:00,nfl,2026,2,401872937,40187293763,1,14:54,(Shotgun) A.Jones left tackle to MIN 36 for 8 yards (C.Lewis; T.Stevenson).,1,10,MIN 28,72,0,Chicago Bears,Minnesota Vikings,0,0,52.7,47.3,64.0,127.0,191.0,90.0,94.0,184.0,game,Total,Over,,21.5,kalshi,-525,—,—,,0.0,,miss,,,,—,,
2026-09-20T19:22:51.890725+00:00,nfl,2026,2,401872937,40187293763,1,14:54,(Shotgun) A.Jones left tackle to MIN 36 for 8 yards (C.Lewis; T.Stevenson).,1,10,MIN 28,72,0,Chicago Bears,Minnesota Vikings,0,0,52.7,47.3,64.0,127.0,191.0,90.0,94.0,184.0,game,Total,Under,,21.5,kalshi,-300,—,—,,0.0,,hit,,,,—,,
2026-09-20T19:22:51.890725+00:00,nfl,2026,2,401872937,40187293763,1,14:54,(Shotgun) A.Jones left tackle to MIN 36 for 8 yards (C.Lewis; T.Stevenson).,1,10,MIN 28,72,0,Chicago Bears,Minnesota Vikings,0,0,52.7,47.3,64.0,127.0,191.0,90.0,94.0,184.0,game,ML,Minnesota Vikings,,,polymarket,108,—,—,,Loss,,miss,,,,—,,
2026-09-20T19:22:51.890725+00:00,nfl,2026,2,401872937,40187293763,1,14:54,(Shotgun) A.Jones left tackle to MIN 36 for 8 yards (C.Lewis; T.Stevenson).,1,10,MIN 28,72,0,Chicago Bears,Minnesota Vikings,0,0,52.7,47.3,64.0,127.0,191.0,90.0,94.0,184.0,game,ML,Chicago Bears,,,bet365,-115,—,—,,Loss,,miss,,,,—,,
2026-09-20T19:22:51.890725+00:00,nfl,2026,2,401872937,40187293785,1,14:04,(Shotgun) C.Wentz pass deep left to J.Jefferson pushed ob at CHI 34 for 30 yards (T.Stevenson).,2,2,MIN 36,64,0,Chicago Bears,Minnesota Vikings,0,0,52.7,47.3,64.0,127.0,191.0,90.0,94.0,184.0,game,Spread,Minnesota Vikings,,-2.5,kalshi,-113,—,—,,0,,miss,,,,—,,
2026-09-20T19:22:51.890725+00:00,nfl,2026,2,401872937,40187293785,1,14:04,(Shotgun) C.Wentz pass deep left to J.Jefferson pushed ob at CHI 34 for 30 yards (T.Stevenson).,2,2,MIN 36,64,0,Chicago Bears,Minnesota Vikings,0,0,52.7,47.3,64.0,127.0,191.0,90.0,94.0,184.0,game,Spread,Chicago Bears,,2.5,kalshi,-271,—,—,,0,,hit,,,,—,,
2026-09-20T19:22:51.890725+00:00,nfl,2026,2,401872937,40187293785,1,14:04,(Shotgun) C.Wentz pass deep left to J.Jefferson pushed ob at CHI 34 for 30 yards (T.Stevenson).,2,2,MIN 36,64,0,Chicago Bears,Minnesota Vikings,0,0,52.7,47.3,64.0,127.0,191.0,90.0,94.0,184.0,game,Total,Over,,21.5,kalshi,-525,—,—,,0.0,,miss,,,,—,,
2026-09-20T19:22:51.890725+00:00,nfl,2026,2,401872937,40187293785,1,14:04,(Shotgun) C.Wentz pass deep left to J.Jefferson pushed ob at CHI 34 for 30 yards (T.Stevenson).,2,2,MIN 36,64,0,Chicago Bears,Minnesota Vikings,0,0,52.7,47.3,64.0,127.0,191.0,90.0,94.0,184.0,game,Total,Under,,21.5,kalshi,-300,—,—,,0.0,,hit,,,,—,,
2026-09-20T19:22:51.890725+00:00,nfl,2026,2,401872937,40187293785,1,14:04,(Shotgun) C.Wentz pass deep left to J.Jefferson pushed ob at CHI 34 for 30 yards (T.Stevenson).,2,2,MIN 36,64,0,Chicago Bears,Minnesota Vikings,0,0,52.7,47.3,64.0,127.0,191.0,90.0,94.0,184.0,game,ML,Minnesota Vikings,,,polymarket,108,—,—,,Loss,,miss,,,,—,,
2026-09-20T19:22:51.890725+00:00,nfl,2026,2,401872937,40187293785,1,14:04,(Shotgun) C.Wentz pass deep left to J.Jefferson pushed ob at CHI 34 for 30 yards (T.Stevenson).,2,2,MIN 36,64,0,Chicago Bears,Minnesota Vikings,0,0,52.7,47.3,64.0,127.0,191.0,90.0,94.0,184.0,game,ML,Chicago Bears,,,bet365,-115,—,—,,Loss,,miss,,,,—,,
2026-09-20T19:22:51.890725+00:00,nfl,2026,2,401872937,401872937115,1,13:32,C.Wentz pass incomplete short left.,1,10,CHI 34,34,0,Chicago Bears,Minnesota Vikings,0,0,52.7,47.3,64.0,127.0,191.0,90.0,94.0,184.0,game,Spread,Minnesota Vikings,,-2.5,kalshi,-113,—,—,,0,,miss,,,,—,,
2026-09-20T19:22:51.890725+00:00,nfl,2026,2,401872937,401872937115,1,13:32,C.Wentz pass incomplete short left.,1,10,CHI 34,34,0,Chicago Bears,Minnesota Vikings,0,0,52.7,47.3,64.0,127.0,191.0,90.0,94.0,184.0,game,Spread,Chicago Bears,,2.5,kalshi,-271,—,—,,0,,hit,,,,—,,
2026-09-20T19:22:51.890725+00:00,nfl,2026,2,401872937,401872937115,1,13:32,C.Wentz pass incomplete short left.,1,10,CHI 34,34,0,Chicago Bears,Minnesota Vikings,0,0,52.7,47.3,64.0,127.0,191.0,90.0,94.0,184.0,game,Total,Over,,21.5,kalshi,-525,—,—,,0.0,,miss,,,,—,,
2026-09-20T19:22:51.890725+00:00,nfl,2026,2,401872937,401872937115,1,13:32,C.Wentz pass incomplete short left.,1,10,CHI 34,34,0,Chicago Bears,Minnesota Vikings,0,0,52.7,47.3,64.0,127.0,191.0,90.0,94.0,184.0,game,Total,Under,,21.5,kalshi,-300,—,—,,0.0,,hit,,,,—,,
2026-09-20T19:22:51.890725+00:00,nfl,2026,2,401872937,401872937115,1,13:32,C.Wentz pass incomplete short left.,1,10,CHI 34,34,0,Chicago Bears,Minnesota Vikings,0,0,52.7,47.3,64.0,127.0,191.0,90.0,94.0,184.0,game,ML,Minnesota Vikings,,,polymarket,108,—,—,,Loss,,miss,,,,—,,
2026-09-20T19:22:51.890725+00:00,nfl,2026,2,401872937,401872937115,1,13:32,C.Wentz pass incomplete short left.,1,10,CHI 34,34,0,Chicago Bears,Minnesota Vikings,0,0,52.7,47.3,64.0,127.0,191.0,90.0,94.0,184.0,game,ML,Chicago Bears,,,bet365,-115,—,—,,Loss,,miss,,,,—,,
2026-09-20T19:22:51.890725+00:00,nfl,2026,2,401872937,401872937138,1,13:29,(Shotgun) C.Wentz pass short left to J.Addison pushed ob at CHI 28 for 6 yards (J.Johnson).,2,10,CHI 34,34,0,Chicago Bears,Minnesota Vikings,0,0,52.7,47.3,64.0,127.0,191.0,90.0,94.0,184.0,game,Spread,Minnesota Vikings,,-2.5,kalshi,-113,—,—,,0,,miss,,,,—,,
2026-09-20T19:22:51.890725+00:00,nfl,2026,2,401872937,401872937138,1,13:29,(Shotgun) C.Wentz pass short left to J.Addison pushed ob at CHI 28 for 6 yards (J.Johnson).,2,10,CHI 34,34,0,Chicago Bears,Minnesota Vikings,0,0,52.7,47.3,64.0,127.0,191.0,90.0,94.0,184.0,game,Spread,Chicago Bears,,2.5,kalshi,-271,—,—,,0,,hit,,,,—,,
2026-09-20T19:22:51.890725+00:00,nfl,2026,2,401872937,401872937138,1,13:29,(Shotgun) C.Wentz pass short left to J.Addison pushed ob at CHI 28 for 6 yards (J.Johnson).,2,10,CHI 34,34,0,Chicago Bears,Minnesota Vikings,0,0,52.7,47.3,64.0,127.0,191.0,90.0,94.0,184.0,game,Total,Over,,21.5,kalshi,-525,—,—,,0.0,,miss,,,,—,,
2026-09-20T19:22:51.890725+00:00,nfl,2026,2,401872937,401872937138,1,13:29,(Shotgun) C.Wentz pass short left to J.Addison pushed ob at CHI 28 for 6 yards (J.Johnson).,2,10,CHI 34,34,0,Chicago Bears,Minnesota Vikings,0,0,52.7,47.3,64.0,127.0,191.0,90.0,94.0,184.0,game,Total,Under,,21.5,kalshi,-300,—,—,,0.0,,hit,,,,—,,
2026-09-20T19:22:51.890725+00:00,nfl,2026,2,401872937,401872937138,1,13:29,(Shotgun) C.Wentz pass short left to J.Addison pushed ob at CHI 28 for 6 yards (J.Johnson).,2,10,CHI 34,34,0,Chicago Bears,Minnesota Vikings,0,0,52.7,47.3,64.0,127.0,191.0,90.0,94.0,184.0,game,ML,Minnesota Vikings,,,polymarket,108,—,—,,Loss,,miss,,,,—,,
2026-09-20T19:22:51.890725+00:00,nfl,2026,2,401872937,401872937138,1,13:29,(Shotgun) C.Wentz pass short left to J.Addison pushed ob at CHI 28 for 6 yards (J.Johnson).,2,10,CHI 34,34,0,Chicago Bears,Minnesota Vikings,0,0,52.7,47.3,64.0,127.0,191.0,90.0,94.0,184.0,game,ML,Chicago Bears,,,bet365,-115,—,—,,Loss,,miss,,,,—,,
2026-09-20T19:22:51.890725+00:00,nfl,2026,2,401872937,401872937168,1,12:51,(Shotgun) C.Wentz pass short middle to T.Hockenson to CHI 21 for 7 yards (D.Bush).,3,4,CHI 28,28,0,Chicago Bears,Minnesota Vikings,0,0,52.7,47.3,64.0,127.0,191.0,90.0,94.0,184.0,game,Spread,Minnesota Vikings,,-2.5,kalshi,-113,—,—,,0,,miss,,,,—,,
2026-09-20T19:22:51.890725+00:00,nfl,2026,2,401872937,401872937168,1,12:51,(Shotgun) C.Wentz pass short middle to T.Hockenson to CHI 21 for 7 yards (D.Bush).,3,4,CHI 28,28,0,Chicago Bears,Minnesota Vikings,0,0,52.7,47.3,64.0,127.0,191.0,90.0,94.0,184.0,game,Spread,Chicago Bears,,2.5,kalshi,-271,—,—,,0,,hit,,,,—,,
2026-09-20T19:22:51.890725+00:00,nfl,2026,2,401872937,401872937168,1,12:51,(Shotgun) C.Wentz pass short middle to T.Hockenson to CHI 21 for 7 yards (D.Bush).,3,4,CHI 28,28,0,Chicago Bears,Minnesota Vikings,0,0,52.7,47.3,64.0,127.0,191.0,90.0,94.0,184.0,game,Total,Over,,21.5,kalshi,-525,—,—,,0.0,,miss,,,,—,,
2026-09-20T19:22:51.890725+00:00,nfl,2026,2,401872937,401872937168,1,12:51,(Shotgun) C.Wentz pass short middle to T.Hockenson to CHI 21 for 7 yards (D.Bush).,3,4,CHI 28,28,0,Chicago Bears,Minnesota Vikings,0,0,52.7,47.3,64.0,127.0,191.0,90.0,94.0,184.0,game,Total,Under,,21.5,kalshi,-300,—,—,,0.0,,hit,,,,—,,
2026-09-20T19:22:51.890725+00:00,nfl,2026,2,401872937,401872937168,1,12:51,(Shotgun) C.Wentz pass short middle to T.Hockenson to CHI 21 for 7 yards (D.Bush).,3,4,CHI 28,28,0,Chicago Bears,Minnesota Vikings,0,0,52.7,47.3,64.0,127.0,191.0,90.0,94.0,184.0,game,ML,Minnesota Vikings,,,polymarket,108,—,—,,Loss,,miss,,,,—,,
2026-09-20T19:22:51.890725+00:00,nfl,2026,2,401872937,401872937168,1,12:51,(Shotgun) C.Wentz pass short middle to T.Hockenson to CHI 21 for 7 yards (D.Bush).,3,4,CHI 28,28,0,Chicago Bears,Minnesota Vikings,0,0,52.7,47.3,64.0,127.0,191.0,90.0,94.0,184.0,game,ML,Chicago Bears,,,bet365,-115,—,—,,Loss,,miss,,,,—,,
2026-09-20T19:22:51.890725+00:00,nfl,2026,2,401872937,401872937193,1,12:06,(Shotgun) C.Wentz pass incomplete short right to J.Addison (D.Bush).,1,10,CHI 21,21,0,Chicago Bears,Minnesota Vikings,0,0,52.7,47.3,64.0,127.0,191.0,90.0,94.0,184.0,game,Spread,Minnesota Vikings,,-2.5,kalshi,-113,—,—,,0,,miss,,,,—,,
2026-09-20T19:22:51.890725+00:00,nfl,2026,2,401872937,401872937193,1,12:06,(Shotgun) C.Wentz pass incomplete short right to J.Addison (D.Bush).,1,10,CHI 21,21,0,Chicago Bears,Minnesota Vikings,0,0,52.7,47.3,64.0,127.0,191.0,90.0,94.0,184.0,game,Spread,Chicago Bears,,2.5,kalshi,-271,—,—,,0,,hit,,,,—,,
2026-09-20T19:22:51.890725+00:00,nfl,2026,2,401872937,401872937193,1,12:06,(Shotgun) C.Wentz pass incomplete short right to J.Addison (D.Bush).,1,10,CHI 21,21,0,Chicago Bears,Minnesota Vikings,0,0,52.7,47.3,64.0,127.0,191.0,90.0,94.0,184.0,game,Total,Over,,21.5,kalshi,-525,—,—,,0.0,,miss,,,,—,,
2026-09-20T19:22:51.890725+00:00,nfl,2026,2,401872937,401872937193,1,12:06,(Shotgun) C.Wentz pass incomplete short right to J.Addison (D.Bush).,1,10,CHI 21,21,0,Chicago Bears,Minnesota Vikings,0,0,52.7,47.3,64.0,127.0,191.0,90.0,94.0,184.0,game,Total,Under,,21.5,kalshi,-300,—,—,,0.0,,hit,,,,—,,
2026-09-20T19:22:51.890725+00:00,nfl,2026,2,401872937,401872937193,1,12:06,(Shotgun) C.Wentz pass incomplete short right to J.Addison (D.Bush).,1,10,CHI 21,21,0,Chicago Bears,Minnesota Vikings,0,0,52.7,47.3,64.0,127.0,191.0,90.0,94.0,184.0,game,ML,Minnesota Vikings,,,polymarket,108,—,—,,Loss,,miss,,,,—,,
2026-09-20T19:22:51.890725+00:00,nfl,2026,2,401872937,401872937193,1,12:06,(Shotgun) C.Wentz pass incomplete short right to J.Addison (D.Bush).,1,10,CHI 21,21,0,Chicago Bears,Minnesota Vikings,0,0,52.7,47.3,64.0,127.0,191.0,90.0,94.0,184.0,game,ML,Chicago Bears,,,bet365,-115,—,—,,Loss,,miss,,,,—,,
2026-09-20T19:22:51.890725+00:00,nfl,2026,2,401872937,401872937216,1,12:03,(Shotgun) C.Wentz scrambles right end to CHI 17 for 4 yards (D.Thieneman).,2,10,CHI 21,21,0,Chicago Bears,Minnesota Vikings,0,0,52.7,47.3,64.0,127.0,191.0,90.0,94.0,184.0,game,Spread,Minnesota Vikings,,-2.5,kalshi,-113,—,—,,0,,miss,,,,—,,
2026-09-20T19:22:51.890725+00:00,nfl,2026,2,401872937,401872937216,1,12:03,(Shotgun) C.Wentz scrambles right end to CHI 17 for 4 yards (D.Thieneman).,2,10,CHI 21,21,0,Chicago Bears,Minnesota Vikings,0,0,52.7,47.3,64.0,127.0,191.0,90.0,94.0,184.0,game,Spread,Chicago Bears,,2.5,kalshi,-271,—,—,,0,,hit,,,,—,,
2026-09-20T19:22:51.890725+00:00,nfl,2026,2,401872937,401872937216,1,12:03,(Shotgun) C.Wentz scrambles right end to CHI 17 for 4 yards (D.Thieneman).,2,10,CHI 21,21,0,Chicago Bears,Minnesota Vikings,0,0,52.7,47.3,64.0,127.0,191.0,90.0,94.0,184.0,game,Total,Over,,21.5,kalshi,-525,—,—,,0.0,,miss,,,,—,,
2026-09-20T19:22:51.890725+00:00,nfl,2026,2,401872937,401872937216,1,12:03,(Shotgun) C.Wentz scrambles right end to CHI 17 for 4 yards (D.Thieneman).,2,10,CHI 21,21,0,Chicago Bears,Minnesota Vikings,0,0,52.7,47.3,64.0,127.0,191.0,90.0,94.0,184.0,game,Total,Under,,21.5,kalshi,-300,—,—,,0.0,,hit,,,,—,,
2026-09-20T19:22:51.890725+00:00,nfl,2026,2,401872937,401872937216,1,12:03,(Shotgun) C.Wentz scrambles right end to CHI 17 for 4 yards (D.Thieneman).,2,10,CHI 21,21,0,Chicago Bears,Minnesota Vikings,0,0,52.7,47.3,64.0,127.0,191.0,90.0,94.0,184.0,game,ML,Minnesota Vikings,,,polymarket,108,—,—,,Loss,,miss,,,,—,,
2026-09-20T19:22:51.890725+00:00,nfl,2026,2,401872937,401872937216,1,12:03,(Shotgun) C.Wentz scrambles right end to CHI 17 for 4 yards (D.Thieneman).,2,10,CHI 21,21,0,Chicago Bears,Minnesota Vikings,0,0,52.7,47.3,64.0,127.0,191.0,90.0,94.0,184.0,game,ML,Chicago Bears,,,bet365,-115,—,—,,Loss,,miss,,,,—,,
2026-09-20T19:22:51.890725+00:00,nfl,2026,2,401872937,401872937238,1,11:13,(Shotgun) C.Wentz pass incomplete deep middle to J.Jefferson (D.Thieneman).,3,6,CHI 17,17,0,Chicago Bears,Minnesota Vikings,0,0,52.7,47.3,64.0,127.0,191.0,90.0,94.0,184.0,game,Spread,Minnesota Vikings,,-2.5,kalshi,-113,—,—,,0,,miss,,,,—,,
2026-09-20T19:22:51.890725+00:00,nfl,2026,2,401872937,401872937238,1,11:13,(Shotgun) C.Wentz pass incomplete deep middle to J.Jefferson (D.Thieneman).,3,6,CHI 17,17,0,Chicago Bears,Minnesota Vikings,0,0,52.7,47.3,64.0,127.0,191.0,90.0,94.0,184.0,game,Spread,Chicago Bears,,2.5,kalshi,-271,—,—,,0,,hit,,,,—,,
2026-09-20T19:22:51.890725+00:00,nfl,2026,2,401872937,401872937238,1,11:13,(Shotgun) C.Wentz pass incomplete deep middle to J.Jefferson (D.Thieneman).,3,6,CHI 17,17,0,Chicago Bears,Minnesota Vikings,0,0,52.7,47.3,64.0,127.0,191.0,90.0,94.0,184.0,game,Total,Over,,21.5,kalshi,-525,—,—,,0.0,,miss,,,,—,,
2026-09-20T19:22:51.890725+00:00,nfl,2026,2,401872937,401872937238,1,11:13,(Shotgun) C.Wentz pass incomplete deep middle to J.Jefferson (D.Thieneman).,3,6,CHI 17,17,0,Chicago Bears,Minnesota Vikings,0,0,52.7,47.3,64.0,127.0,191.0,90.0,94.0,184.0,game,Total,Under,,21.5,kalshi,-300,—,—,,0.0,,hit,,,,—,,
2026-09-20T19:22:51.890725+00:00,nfl,2026,2,401872937,401872937238,1,11:13,(Shotgun) C.Wentz pass incomplete deep middle to J.Jefferson (D.Thieneman).,3,6,CHI 17,17,0,Chicago Bears,Minnesota Vikings,0,0,52.7,47.3,64.0,127.0,191.0,90.0,94.0,184.0,game,ML,Minnesota Vikings,,,polymarket,108,—,—,,Loss,,miss,,,,—,,
2026-09-20T19:22:51.890725+00:00,nfl,2026,2,401872937,401872937238,1,11:13,(Shotgun) C.Wentz pass incomplete deep middle to J.Jefferson (D.Thieneman).,3,6,CHI 17,17,0,Chicago Bears,Minnesota Vikings,0,0,52.7,47.3,64.0,127.0,191.0,90.0,94.0,184.0,game,ML,Chicago Bears,,,bet365,-115,—,—,,Loss,,miss,,,,—,,
2026-09-20T19:22:51.890725+00:00,nfl,2026,2,401872937,401872937271,1,11:03,Official Timeout at 11:03.,-1,1,MIN 35,65,-3,Chicago Bears,Minnesota Vikings,0,3,52.7,47.3,64.0,127.0,191.0,90.0,94.0,184.0,game,Spread,Minnesota Vikings,,-2.5,kalshi,-113,—,—,,-3,,hit,,,,—,,
2026-09-20T19:22:51.890725+00:00,nfl,2026,2,401872937,401872937271,1,11:03,Official Timeout at 11:03.,-1,1,MIN 35,65,-3,Chicago Bears,Minnesota Vikings,0,3,52.7,47.3,64.0,127.0,191.0,90.0,94.0,184.0,game,Spread,Chicago Bears,,2.5,kalshi,-271,—,—,,-3,,miss,,,,—,,
2026-09-20T19:22:51.890725+00:00,nfl,2026,2,401872937,401872937271,1,11:03,Official Timeout at 11:03.,-1,1,MIN 35,65,-3,Chicago Bears,Minnesota Vikings,0,3,52.7,47.3,64.0,127.0,191.0,90.0,94.0,184.0,game,Total,Over,,21.5,kalshi,-525,—,—,,3.0,,miss,,,,—,,
2026-09-20T19:22:51.890725+00:00,nfl,2026,2,401872937,401872937271,1,11:03,Official Timeout at 11:03.,-1,1,MIN 35,65,-3,Chicago Bears,Minnesota Vikings,0,3,52.7,47.3,64.0,127.0,191.0,90.0,94.0,184.0,game,Total,Under,,21.5,kalshi,-300,—,—,,3.0,,hit,,,,—,,
2026-09-20T19:22:51.890725+00:00,nfl,2026,2,401872937,401872937271,1,11:03,Official Timeout at 11:03.,-1,1,MIN 35,65,-3,Chicago Bears,Minnesota Vikings,0,3,52.7,47.3,64.0,127.0,191.0,90.0,94.0,184.0,game,ML,Minnesota Vikings,,,polymarket,108,—,—,,Win,,hit,,,,—,,
2026-09-20T19:22:51.890725+00:00,nfl,2026,2,401872937,401872937271,1,11:03,Official Timeout at 11:03.,-1,1,MIN 35,65,-3,Chicago Bears,Minnesota Vikings,0,3,52.7,47.3,64.0,127.0,191.0,90.0,94.0,184.0,game,ML,Chicago Bears,,,bet365,-115,—,—,,Loss,,miss,,,,—,,
2026-09-20T19:22:51.890725+00:00,nfl,2026,2,401872937,401872937261,1,11:03," W.Reichard 35 yard field goal is GOOD, Center-A.DePaola, Holder-B.Thorson.",4,6,CHI 17,17,-3,Chicago Bears,Minnesota Vikings,0,3,52.7,47.3,64.0,127.0,191.0,90.0,94.0,184.0,game,Spread,Minnesota Vikings,,-2.5,kalshi,-113,—,—,,-3,,hit,,,,—,,
2026-09-20T19:22:51.890725+00:00,nfl,2026,2,401872937,401872937261,1,11:03," W.Reichard 35 yard field goal is GOOD, Center-A.DePaola, Holder-B.Thorson.",4,6,CHI 17,17,-3,Chicago Bears,Minnesota Vikings,0,3,52.7,47.3,64.0,127.0,191.0,90.0,94.0,184.0,game,Spread,Chicago Bears,,2.5,kalshi,-271,—,—,,-3,,miss,,,,—,,
2026-09-20T19:22:51.890725+00:00,nfl,2026,2,401872937,401872937261,1,11:03," W.Reichard 35 yard field goal is GOOD, Center-A.DePaola, Holder-B.Thorson.",4,6,CHI 17,17,-3,Chicago Bears,Minnesota Vikings,0,3,52.7,47.3,64.0,127.0,191.0,90.0,94.0,184.0,game,Total,Over,,21.5,kalshi,-525,—,—,,3.0,,miss,,,,—,,
2026-09-20T19:22:51.890725+00:00,nfl,2026,2,401872937,401872937261,1,11:03," W.Reichard 35 yard field goal is GOOD, Center-A.DePaola, Holder-B.Thorson.",4,6,CHI 17,17,-3,Chicago Bears,Minnesota Vikings,0,3,52.7,47.3,64.0,127.0,191.0,90.0,94.0,184.0,game,Total,Under,,21.5,kalshi,-300,—,—,,3.0,,hit,,,,—,,
2026-09-20T19:22:51.890725+00:00,nfl,2026,2,401872937,401872937261,1,11:03," W.Reichard 35 yard field goal is GOOD, Center-A.DePaola, Holder-B.Thorson.",4,6,CHI 17,17,-3,Chicago Bears,Minnesota Vikings,0,3,52.7,47.3,64.0,127.0,191.0,90.0,94.0,184.0,game,ML,Minnesota Vikings,,,polymarket,108,—,—,,Win,,hit,,,,—,,
2026-09-20T19:22:51.890725+00:00,nfl,2026,2,401872937,401872937261,1,11:03," W.Reichard 35 yard field goal is GOOD, Center-A.DePaola, Holder-B.Thorson.",4,6,CHI 17,17,-3,Chicago Bears,Minnesota Vikings,0,3,52.7,47.3,64.0,127.0,191.0,90.0,94.0,184.0,game,ML,Chicago Bears,,,bet365,-115,—,—,,Loss,,miss,,,,—,,
2026-09-20T19:22:51.890725+00:00,nfl,2026,2,401872937,401872937281,1,11:03,W.Reichard kicks 55 yards from MIN 35 to CHI 10. Z.Thomas to CHI 31 for 21 yards (T.Ingram-Dawkins).,4,1,MIN 21,65,-3,Chicago Bears,Minnesota Vikings,0,3,52.7,47.3,64.0,127.0,191.0,90.0,94.0,184.0,game,Spread,Minnesota Vikings,,-2.5,kalshi,-113,—,—,,-3,,hit,,,,—,,
2026-09-20T19:22:51.890725+00:00,nfl,2026,2,401872937,401872937281,1,11:03,W.Reichard kicks 55 yards from MIN 35 to CHI 10. Z.Thomas to CHI 31 for 21 yards (T.Ingram-Dawkins).,4,1,MIN 21,65,-3,Chicago Bears,Minnesota Vikings,0,3,52.7,47.3,64.0,127.0,191.0,90.0,94.0,184.0,game,Spread,Chicago Bears,,2.5,kalshi,-271,—,—,,-3,,miss,,,,—,,
2026-09-20T19:22:51.890725+00:00,nfl,2026,2,401872937,401872937281,1,11:03,W.Reichard kicks 55 yards from MIN 35 to CHI 10. Z.Thomas to CHI 31 for 21 yards (T.Ingram-Dawkins).,4,1,MIN 21,65,-3,Chicago Bears,Minnesota Vikings,0,3,52.7,47.3,64.0,127.0,191.0,90.0,94.0,184.0,game,Total,Over,,21.5,kalshi,-525,—,—,,3.0,,miss,,,,—,,
2026-09-20T19:22:51.890725+00:00,nfl,2026,2,401872937,401872937281,1,11:03,W.Reichard kicks 55 yards from MIN 35 to CHI 10. Z.Thomas to CHI 31 for 21 yards (T.Ingram-Dawkins).,4,1,MIN 21,65,-3,Chicago Bears,Minnesota Vikings,0,3,52.7,47.3,64.0,127.0,191.0,90.0,94.0,184.0,game,Total,Under,,21.5,kalshi,-300,—,—,,3.0,,hit,,,,—,,
2026-09-20T19:22:51.890725+00:00,nfl,2026,2,401872937,401872937281,1,11:03,W.Reichard kicks 55 yards from MIN 35 to CHI 10. Z.Thomas to CHI 31 for 21 yards (T.Ingram-Dawkins).,4,1,MIN 21,65,-3,Chicago Bears,Minnesota Vikings,0,3,52.7,47.3,64.0,127.0,191.0,90.0,94.0,184.0,game,ML,Minnesota Vikings,,,polymarket,108,—,—,,Win,,hit,,,,—,,
2026-09-20T19:22:51.890725+00:00,nfl,2026,2,401872937,401872937281,1,11:03,W.Reichard kicks 55 yards from MIN 35 to CHI 10. Z.Thomas to CHI 31 for 21 yards (T.Ingram-Dawkins).,4,1,MIN 21,65,-3,Chicago Bears,Minnesota Vikings,0,3,52.7,47.3,64.0,127.0,191.0,90.0,94.0,184.0,game,ML,Chicago Bears,,,bet365,-115,—,—,,Loss,,miss,,,,—,,
2026-09-20T19:22:51.890725+00:00,nfl,2026,2,401872937,401872937311,1,10:57,(Shotgun) C.Williams pass short right to D.Swift to CHI 38 for 7 yards (B.Murphy).,1,10,CHI 31,31,-3,Chicago Bears,Minnesota Vikings,0,3,52.7,47.3,64.0,127.0,191.0,90.0,94.0,184.0,game,Spread,Minnesota Vikings,,-2.5,kalshi,-113,—,—,,-3,,hit,,,,—,,
2026-09-20T19:22:51.890725+00:00,nfl,2026,2,401872937,401872937311,1,10:57,(Shotgun) C.Williams pass short right to D.Swift to CHI 38 for 7 yards (B.Murphy).,1,10,CHI 31,31,-3,Chicago Bears,Minnesota Vikings,0,3,52.7,47.3,64.0,127.0,191.0,90.0,94.0,184.0,game,Spread,Chicago Bears,,2.5,kalshi,-271,—,—,,-3,,miss,,,,—,,
2026-09-20T19:22:51.890725+00:00,nfl,2026,2,401872937,401872937311,1,10:57,(Shotgun) C.Williams pass short right to D.Swift to CHI 38 for 7 yards (B.Murphy).,1,10,CHI 31,31,-3,Chicago Bears,Minnesota Vikings,0,3,52.7,47.3,64.0,127.0,191.0,90.0,94.0,184.0,game,Total,Over,,21.5,kalshi,-525,—,—,,3.0,,miss,,,,—,,
2026-09-20T19:22:51.890725+00:00,nfl,2026,2,401872937,401872937311,1,10:57,(Shotgun) C.Williams pass short right to D.Swift to CHI 38 for 7 yards (B.Murphy).,1,10,CHI 31,31,-3,Chicago Bears,Minnesota Vikings,0,3,52.7,47.3,64.0,127.0,191.0,90.0,94.0,184.0,game,Total,Under,,21.5,kalshi,-300,—,—,,3.0,,hit,,,,—,,
2026-09-20T19:22:51.890725+00:00,nfl,2026,2,401872937,401872937311,1,10:57,(Shotgun) C.Williams pass short right to D.Swift to CHI 38 for 7 yards (B.Murphy).,1,10,CHI 31,31,-3,Chicago Bears,Minnesota Vikings,0,3,52.7,47.3,64.0,127.0,191.0,90.0,94.0,184.0,game,ML,Minnesota Vikings,,,polymarket,108,—,—,,Win,,hit,,,,—,,
2026-09-20T19:22:51.890725+00:00,nfl,2026,2,401872937,401872937311,1,10:57,(Shotgun) C.Williams pass short right to D.Swift to CHI 38 for 7 yards (B.Murphy).,1,10,CHI 31,31,-3,Chicago Bears,Minnesota Vikings,0,3,52.7,47.3,64.0,127.0,191.0,90.0,94.0,184.0,game,ML,Chicago Bears,,,bet365,-115,—,—,,Loss,,miss,,,,—,,
2026-09-20T19:22:51.890725+00:00,nfl,2026,2,401872937,401872937336,1,10:24,"C.Williams FUMBLES (Aborted) at CHI 37, and recovers at CHI 36. C.Williams to MIN 45 for 19 yards (J.Metellus).",2,3,CHI 38,38,-3,Chicago Bears,Minnesota Vikings,0,3,52.7,47.3,64.0,127.0,191.0,90.0,94.0,184.0,game,Spread,Minnesota Vikings,,-2.5,kalshi,-113,—,—,,-3,,hit,,,,—,,
2026-09-20T19:22:51.890725+00:00,nfl,2026,2,401872937,401872937336,1,10:24,"C.Williams FUMBLES (Aborted) at CHI 37, and recovers at CHI 36. C.Williams to MIN 45 for 19 yards (J.Metellus).",2,3,CHI 38,38,-3,Chicago Bears,Minnesota Vikings,0,3,52.7,47.3,64.0,127.0,191.0,90.0,94.0,184.0,game,Spread,Chicago Bears,,2.5,kalshi,-271,—,—,,-3,,miss,,,,—,,
2026-09-20T19:22:51.890725+00:00,nfl,2026,2,401872937,401872937336,1,10:24,"C.Williams FUMBLES (Aborted) at CHI 37, and recovers at CHI 36. C.Williams to MIN 45 for 19 yards (J.Metellus).",2,3,CHI 38,38,-3,Chicago Bears,Minnesota Vikings,0,3,52.7,47.3,64.0,127.0,191.0,90.0,94.0,184.0,game,Total,Over,,21.5,kalshi,-525,—,—,,3.0,,miss,,,,—,,
2026-09-20T19:22:51.890725+00:00,nfl,2026,2,401872937,401872937336,1,10:24,"C.Williams FUMBLES (Aborted) at CHI 37, and recovers at CHI 36. C.Williams to MIN 45 for 19 yards (J.Metellus).",2,3,CHI 38,38,-3,Chicago Bears,Minnesota Vikings,0,3,52.7,47.3,64.0,127.0,191.0,90.0,94.0,184.0,game,Total,Under,,21.5,kalshi,-300,—,—,,3.0,,hit,,,,—,,
2026-09-20T19:22:51.890725+00:00,nfl,2026,2,401872937,401872937336,1,10:24,"C.Williams FUMBLES (Aborted) at CHI 37, and recovers at CHI 36. C.Williams to MIN 45 for 19 yards (J.Metellus).",2,3,CHI 38,38,-3,Chicago Bears,Minnesota Vikings,0,3,52.7,47.3,64.0,127.0,191.0,90.0,94.0,184.0,game,ML,Minnesota Vikings,,,polymarket,108,—,—,,Win,,hit,,,,—,,
2026-09-20T19:22:51.890725+00:00,nfl,2026,2,401872937,401872937336,1,10:24,"C.Williams FUMBLES (Aborted) at CHI 37, and recovers at CHI 36. C.Williams to MIN 45 for 19 yards (J.Metellus).",2,3,CHI 38,38,-3,Chicago Bears,Minnesota Vikings,0,3,52.7,47.3,64.0,127.0,191.0,90.0,94.0,184.0,game,ML,Chicago Bears,,,bet365,-115,—,—,,Loss,,miss,,,,—,,
2026-09-20T19:22:51.890725+00:00,nfl,2026,2,401872937,401872937363,1,9:42,(Shotgun) D.Swift left tackle to MIN 38 for 7 yards (T.Ingram-Dawkins; J.Metellus).,1,10,MIN 45,55,-3,Chicago Bears,Minnesota Vikings,0,3,52.7,47.3,64.0,127.0,191.0,90.0,94.0,184.0,game,Spread,Minnesota Vikings,,-2.5,kalshi,-113,—,—,,-3,,hit,,,,—,,
2026-09-20T19:22:51.890725+00:00,nfl,2026,2,401872937,401872937363,1,9:42,(Shotgun) D.Swift left tackle to MIN 38 for 7 yards (T.Ingram-Dawkins; J.Metellus).,1,10,MIN 45,55,-3,Chicago Bears,Minnesota Vikings,0,3,52.7,47.3,64.0,127.0,191.0,90.0,94.0,184.0,game,Spread,Chicago Bears,,2.5,kalshi,-271,—,—,,-3,,miss,,,,—,,
2026-09-20T19:22:51.890725+00:00,nfl,2026,2,401872937,401872937363,1,9:42,(Shotgun) D.Swift left tackle to MIN 38 for 7 yards (T.Ingram-Dawkins; J.Metellus).,1,10,MIN 45,55,-3,Chicago Bears,Minnesota Vikings,0,3,52.7,47.3,64.0,127.0,191.0,90.0,94.0,184.0,game,Total,Over,,21.5,kalshi,-525,—,—,,3.0,,miss,,,,—,,
2026-09-20T19:22:51.890725+00:00,nfl,2026,2,401872937,401872937363,1,9:42,(Shotgun) D.Swift left tackle to MIN 38 for 7 yards (T.Ingram-Dawkins; J.Metellus).,1,10,MIN 45,55,-3,Chicago Bears,Minnesota Vikings,0,3,52.7,47.3,64.0,127.0,191.0,90.0,94.0,184.0,game,Total,Under,,21.5,kalshi,-300,—,—,,3.0,,hit,,,,—,,
2026-09-20T19:22:51.890725+00:00,nfl,2026,2,401872937,401872937363,1,9:42,(Shotgun) D.Swift left tackle to MIN 38 for 7 yards (T.Ingram-Dawkins; J.Metellus).,1,10,MIN 45,55,-3,Chicago Bears,Minnesota Vikings,0,3,52.7,47.3,64.0,127.0,191.0,90.0,94.0,184.0,game,ML,Minnesota Vikings,,,polymarket,108,—,—,,Win,,hit,,,,—,,
2026-09-20T19:22:51.890725+00:00,nfl,2026,2,401872937,401872937363,1,9:42,(Shotgun) D.Swift left tackle to MIN 38 for 7 yards (T.Ingram-Dawkins; J.Metellus).,1,10,MIN 45,55,-3,Chicago Bears,Minnesota Vikings,0,3,52.7,47.3,64.0,127.0,191.0,90.0,94.0,184.0,game,ML,Chicago Bears,,,bet365,-115,—,—,,Loss,,miss,,,,—,,
2026-09-20T19:22:51.890725+00:00,nfl,2026,2,401872937,401872937385,1,9:07,D.Swift right tackle to MIN 36 for 2 yards (B.Cashman).,2,3,MIN 38,62,-3,Chicago Bears,Minnesota Vikings,0,3,52.7,47.3,64.0,127.0,191.0,90.0,94.0,184.0,game,Spread,Minnesota Vikings,,-2.5,kalshi,-113,—,—,,-3,,hit,,,,—,,
2026-09-20T19:22:51.890725+00:00,nfl,2026,2,401872937,401872937385,1,9:07,D.Swift right tackle to MIN 36 for 2 yards (B.Cashman).,2,3,MIN 38,62,-3,Chicago Bears,Minnesota Vikings,0,3,52.7,47.3,64.0,127.0,191.0,90.0,94.0,184.0,game,Spread,Chicago Bears,,2.5,kalshi,-271,—,—,,-3,,miss,,,,—,,
2026-09-20T19:22:51.890725+00:00,nfl,2026,2,401872937,401872937385,1,9:07,D.Swift right tackle to MIN 36 for 2 yards (B.Cashman).,2,3,MIN 38,62,-3,Chicago Bears,Minnesota Vikings,0,3,52.7,47.3,64.0,127.0,191.0,90.0,94.0,184.0,game,Total,Over,,21.5,kalshi,-525,—,—,,3.0,,miss,,,,—,,
2026-09-20T19:22:51.890725+00:00,nfl,2026,2,401872937,401872937385,1,9:07,D.Swift right tackle to MIN 36 for 2 yards (B.Cashman).,2,3,MIN 38,62,-3,Chicago Bears,Minnesota Vikings,0,3,52.7,47.3,64.0,127.0,191.0,90.0,94.0,184.0,game,Total,Under,,21.5,kalshi,-300,—,—,,3.0,,hit,,,,—,,
2026-09-20T19:22:51.890725+00:00,nfl,2026,2,401872937,401872937385,1,9:07,D.Swift right tackle to MIN 36 for 2 yards (B.Cashman).,2,3,MIN 38,62,-3,Chicago Bears,Minnesota Vikings,0,3,52.7,47.3,64.0,127.0,191.0,90.0,94.0,184.0,game,ML,Minnesota Vikings,,,polymarket,108,—,—,,Win,,hit,,,,—,,
2026-09-20T19:22:51.890725+00:00,nfl,2026,2,401872937,401872937385,1,9:07,D.Swift right tackle to MIN 36 for 2 yards (B.Cashman).,2,3,MIN 38,62,-3,Chicago Bears,Minnesota Vikings,0,3,52.7,47.3,64.0,127.0,191.0,90.0,94.0,184.0,game,ML,Chicago Bears,,,bet365,-115,—,—,,Loss,,miss,,,,—,,
2026-09-20T19:22:51.890725+00:00,nfl,2026,2,401872937,401872937407,1,8:21,D.Swift right end to MIN 35 for 1 yard (L.Rodriguez; D.Orange).,3,1,MIN 36,64,-3,Chicago Bears,Minnesota Vikings,0,3,52.7,47.3,64.0,127.0,191.0,90.0,94.0,184.0,game,Spread,Minnesota Vikings,,-2.5,kalshi,-113,—,—,,-3,,hit,,,,—,,
2026-09-20T19:22:51.890725+00:00,nfl,2026,2,401872937,401872937407,1,8:21,D.Swift right end to MIN 35 for 1 yard (L.Rodriguez; D.Orange).,3,1,MIN 36,64,-3,Chicago Bears,Minnesota Vikings,0,3,52.7,47.3,64.0,127.0,191.0,90.0,94.0,184.0,game,Spread,Chicago Bears,,2.5,kalshi,-271,—,—,,-3,,miss,,,,—,,
2026-09-20T19:22:51.890725+00:00,nfl,2026,2,401872937,401872937407,1,8:21,D.Swift right end to MIN 35 for 1 yard (L.Rodriguez; D.Orange).,3,1,MIN 36,64,-3,Chicago Bears,Minnesota Vikings,0,3,52.7,47.3,64.0,127.0,191.0,90.0,94.0,184.0,game,Total,Over,,21.5,kalshi,-525,—,—,,3.0,,miss,,,,—,,
2026-09-20T19:22:51.890725+00:00,nfl,2026,2,401872937,401872937407,1,8:21,D.Swift right end to MIN 35 for 1 yard (L.Rodriguez; D.Orange).,3,1,MIN 36,64,-3,Chicago Bears,Minnesota Vikings,0,3,52.7,47.3,64.0,127.0,191.0,90.0,94.0,184.0,game,Total,Under,,21.5,kalshi,-300,—,—,,3.0,,hit,,,,—,,
2026-09-20T19:22:51.890725+00:00,nfl,2026,2,401872937,401872937407,1,8:21,D.Swift right end to MIN 35 for 1 yard (L.Rodriguez; D.Orange).,3,1,MIN 36,64,-3,Chicago Bears,Minnesota Vikings,0,3,52.7,47.3,64.0,127.0,191.0,90.0,94.0,184.0,game,ML,Minnesota Vikings,,,polymarket,108,—,—,,Win,,hit,,,,—,,
2026-09-20T19:22:51.890725+00:00,nfl,2026,2,401872937,401872937407,1,8:21,D.Swift right end to MIN 35 for 1 yard (L.Rodriguez; D.Orange).,3,1,MIN 36,64,-3,Chicago Bears,Minnesota Vikings,0,3,52.7,47.3,64.0,127.0,191.0,90.0,94.0,184.0,game,ML,Chicago Bears,,,bet365,-115,—,—,,Loss,,miss,,,,—,,
2026-09-20T19:22:51.890725+00:00,nfl,2026,2,401872937,401872937429,1,7:42,"(7:42) C.Williams pass incomplete short right [L.Rodriguez].
Penalty on CHI-G.Bradbury, Offensive Holding, offsetting, enforced at MIN 35 - No Play.
Penalty on MIN-L.Rodriguez, Roughing the Passer, offsetting.",1,10,MIN 35,65,-3,Chicago Bears,Minnesota Vikings,0,3,52.7,47.3,64.0,127.0,191.0,90.0,94.0,184.0,game,Spread,Minnesota Vikings,,-2.5,kalshi,-113,—,—,,-3,,hit,,,,—,,
2026-09-20T19:22:51.890725+00:00,nfl,2026,2,401872937,401872937429,1,7:42,"(7:42) C.Williams pass incomplete short right [L.Rodriguez].
Penalty on CHI-G.Bradbury, Offensive Holding, offsetting, enforced at MIN 35 - No Play.
Penalty on MIN-L.Rodriguez, Roughing the Passer, offsetting.",1,10,MIN 35,65,-3,Chicago Bears,Minnesota Vikings,0,3,52.7,47.3,64.0,127.0,191.0,90.0,94.0,184.0,game,Spread,Chicago Bears,,2.5,kalshi,-271,—,—,,-3,,miss,,,,—,,
2026-09-20T19:22:51.890725+00:00,nfl,2026,2,401872937,401872937429,1,7:42,"(7:42) C.Williams pass incomplete short right [L.Rodriguez].
Penalty on CHI-G.Bradbury, Offensive Holding, offsetting, enforced at MIN 35 - No Play.
Penalty on MIN-L.Rodriguez, Roughing the Passer, offsetting.",1,10,MIN 35,65,-3,Chicago Bears,Minnesota Vikings,0,3,52.7,47.3,64.0,127.0,191.0,90.0,94.0,184.0,game,Total,Over,,21.5,kalshi,-525,—,—,,3.0,,miss,,,,—,,
2026-09-20T19:22:51.890725+00:00,nfl,2026,2,401872937,401872937429,1,7:42,"(7:42) C.Williams pass incomplete short right [L.Rodriguez].
Penalty on CHI-G.Bradbury, Offensive Holding, offsetting, enforced at MIN 35 - No Play.
Penalty on MIN-L.Rodriguez, Roughing the Passer, offsetting.",1,10,MIN 35,65,-3,Chicago Bears,Minnesota Vikings,0,3,52.7,47.3,64.0,127.0,191.0,90.0,94.0,184.0,game,Total,Under,,21.5,kalshi,-300,—,—,,3.0,,hit,,,,—,,
2026-09-20T19:22:51.890725+00:00,nfl,2026,2,401872937,401872937429,1,7:42,"(7:42) C.Williams pass incomplete short right [L.Rodriguez].
Penalty on CHI-G.Bradbury, Offensive Holding, offsetting, enforced at MIN 35 - No Play.
Penalty on MIN-L.Rodriguez, Roughing the Passer, offsetting.",1,10,MIN 35,65,-3,Chicago Bears,Minnesota Vikings,0,3,52.7,47.3,64.0,127.0,191.0,90.0,94.0,184.0,game,ML,Minnesota Vikings,,,polymarket,108,—,—,,Win,,hit,,,,—,,
2026-09-20T19:22:51.890725+00:00,nfl,2026,2,401872937,401872937429,1,7:42,"(7:42) C.Williams pass incomplete short right [L.Rodriguez].
Penalty on CHI-G.Bradbury, Offensive Holding, offsetting, enforced at MIN 35 - No Play.
Penalty on MIN-L.Rodriguez, Roughing the Passer, offsetting.",1,10,MIN 35,65,-3,Chicago Bears,Minnesota Vikings,0,3,52.7,47.3,64.0,127.0,191.0,90.0,94.0,184.0,game,ML,Chicago Bears,,,bet365,-115,—,—,,Loss,,miss,,,,—,,
2026-09-20T19:22:51.890725+00:00,nfl,2026,2,401872937,401872937463,1,7:36,K.Monangai right tackle to MIN 32 for 3 yards (J.Metellus; D.Turner).,1,10,MIN 35,65,-3,Chicago Bears,Minnesota Vikings,0,3,52.7,47.3,64.0,127.0,191.0,90.0,94.0,184.0,game,Spread,Minnesota Vikings,,-2.5,kalshi,-113,—,—,,-3,,hit,,,,—,,
2026-09-20T19:22:51.890725+00:00,nfl,2026,2,401872937,401872937463,1,7:36,K.Monangai right tackle to MIN 32 for 3 yards (J.Metellus; D.Turner).,1,10,MIN 35,65,-3,Chicago Bears,Minnesota Vikings,0,3,52.7,47.3,64.0,127.0,191.0,90.0,94.0,184.0,game,Spread,Chicago Bears,,2.5,kalshi,-271,—,—,,-3,,miss,,,,—,,
2026-09-20T19:22:51.890725+00:00,nfl,2026,2,401872937,401872937463,1,7:36,K.Monangai right tackle to MIN 32 for 3 yards (J.Metellus; D.Turner).,1,10,MIN 35,65,-3,Chicago Bears,Minnesota Vikings,0,3,52.7,47.3,64.0,127.0,191.0,90.0,94.0,184.0,game,Total,Over,,21.5,kalshi,-525,—,—,,3.0,,miss,,,,—,,
2026-09-20T19:22:51.890725+00:00,nfl,2026,2,401872937,401872937463,1,7:36,K.Monangai right tackle to MIN 32 for 3 yards (J.Metellus; D.Turner).,1,10,MIN 35,65,-3,Chicago Bears,Minnesota Vikings,0,3,52.7,47.3,64.0,127.0,191.0,90.0,94.0,184.0,game,Total,Under,,21.5,kalshi,-300,—,—,,3.0,,hit,,,,—,,
2026-09-20T19:22:51.890725+00:00,nfl,2026,2,401872937,401872937463,1,7:36,K.Monangai right tackle to MIN 32 for 3 yards (J.Metellus; D.Turner).,1,10,MIN 35,65,-3,Chicago Bears,Minnesota Vikings,0,3,52.7,47.3,64.0,127.0,191.0,90.0,94.0,184.0,game,ML,Minnesota Vikings,,,polymarket,108,—,—,,Win,,hit,,,,—,,
2026-09-20T19:22:51.890725+00:00,nfl,2026,2,401872937,401872937463,1,7:36,K.Monangai right tackle to MIN 32 for 3 yards (J.Metellus; D.Turner).,1,10,MIN 35,65,-3,Chicago Bears,Minnesota Vikings,0,3,52.7,47.3,64.0,127.0,191.0,90.0,94.0,184.0,game,ML,Chicago Bears,,,bet365,-115,—,—,,Loss,,miss,,,,—,,
2026-09-20T19:22:51.890725+00:00,nfl,2026,2,401872937,401872937485,1,7:00,"K.Monangai left tackle to MIN 24 for 8 yards (I.Rodgers, J.Metellus).PENALTY on CHI-B.Jones, Offensive Holding, 10 yards, enforced at MIN 32 - No Play.",2,7,MIN 32,68,-3,Chicago Bears,Minnesota Vikings,0,3,52.7,47.3,64.0,127.0,191.0,90.0,94.0,184.0,game,Spread,Minnesota Vikings,,-2.5,kalshi,-113,—,—,,-3,,hit,,,,—,,
2026-09-20T19:22:51.890725+00:00,nfl,2026,2,401872937,401872937485,1,7:00,"K.Monangai left tackle to MIN 24 for 8 yards (I.Rodgers, J.Metellus).PENALTY on CHI-B.Jones, Offensive Holding, 10 yards, enforced at MIN 32 - No Play.",2,7,MIN 32,68,-3,Chicago Bears,Minnesota Vikings,0,3,52.7,47.3,64.0,127.0,191.0,90.0,94.0,184.0,game,Spread,Chicago Bears,,2.5,kalshi,-271,—,—,,-3,,miss,,,,—,,
2026-09-20T19:22:51.890725+00:00,nfl,2026,2,401872937,401872937485,1,7:00,"K.Monangai left tackle to MIN 24 for 8 yards (I.Rodgers, J.Metellus).PENALTY on CHI-B.Jones, Offensive Holding, 10 yards, enforced at MIN 32 - No Play.",2,7,MIN 32,68,-3,Chicago Bears,Minnesota Vikings,0,3,52.7,47.3,64.0,127.0,191.0,90.0,94.0,184.0,game,Total,Over,,21.5,kalshi,-525,—,—,,3.0,,miss,,,,—,,
2026-09-20T19:22:51.890725+00:00,nfl,2026,2,401872937,401872937485,1,7:00,"K.Monangai left tackle to MIN 24 for 8 yards (I.Rodgers, J.Metellus).PENALTY on CHI-B.Jones, Offensive Holding, 10 yards, enforced at MIN 32 - No Play.",2,7,MIN 32,68,-3,Chicago Bears,Minnesota Vikings,0,3,52.7,47.3,64.0,127.0,191.0,90.0,94.0,184.0,game,Total,Under,,21.5,kalshi,-300,—,—,,3.0,,hit,,,,—,,
2026-09-20T19:22:51.890725+00:00,nfl,2026,2,401872937,401872937485,1,7:00,"K.Monangai left tackle to MIN 24 for 8 yards (I.Rodgers, J.Metellus).PENALTY on CHI-B.Jones, Offensive Holding, 10 yards, enforced at MIN 32 - No Play.",2,7,MIN 32,68,-3,Chicago Bears,Minnesota Vikings,0,3,52.7,47.3,64.0,127.0,191.0,90.0,94.0,184.0,game,ML,Minnesota Vikings,,,polymarket,108,—,—,,Win,,hit,,,,—,,
2026-09-20T19:22:51.890725+00:00,nfl,2026,2,401872937,401872937485,1,7:00,"K.Monangai left tackle to MIN 24 for 8 yards (I.Rodgers, J.Metellus).PENALTY on CHI-B.Jones, Offensive Holding, 10 yards, enforced at MIN 32 - No Play.",2,7,MIN 32,68,-3,Chicago Bears,Minnesota Vikings,0,3,52.7,47.3,64.0,127.0,191.0,90.0,94.0,184.0,game,ML,Chicago Bears,,,bet365,-115,—,—,,Loss,,miss,,,,—,,
2026-09-20T19:22:51.890725+00:00,nfl,2026,2,401872937,401872937518,1,6:32,(Shotgun) C.Williams pass short left to K.Monangai to MIN 38 for 4 yards (B.Murphy; E.Wilson).,2,17,MIN 42,58,-3,Chicago Bears,Minnesota Vikings,0,3,52.7,47.3,64.0,127.0,191.0,90.0,94.0,184.0,game,Spread,Minnesota Vikings,,-2.5,kalshi,-113,—,—,,-3,,hit,,,,—,,
2026-09-20T19:22:51.890725+00:00,nfl,2026,2,401872937,401872937518,1,6:32,(Shotgun) C.Williams pass short left to K.Monangai to MIN 38 for 4 yards (B.Murphy; E.Wilson).,2,17,MIN 42,58,-3,Chicago Bears,Minnesota Vikings,0,3,52.7,47.3,64.0,127.0,191.0,90.0,94.0,184.0,game,Spread,Chicago Bears,,2.5,kalshi,-271,—,—,,-3,,miss,,,,—,,
2026-09-20T19:22:51.890725+00:00,nfl,2026,2,401872937,401872937518,1,6:32,(Shotgun) C.Williams pass short left to K.Monangai to MIN 38 for 4 yards (B.Murphy; E.Wilson).,2,17,MIN 42,58,-3,Chicago Bears,Minnesota Vikings,0,3,52.7,47.3,64.0,127.0,191.0,90.0,94.0,184.0,game,Total,Over,,21.5,kalshi,-525,—,—,,3.0,,miss,,,,—,,
2026-09-20T19:22:51.890725+00:00,nfl,2026,2,401872937,401872937518,1,6:32,(Shotgun) C.Williams pass short left to K.Monangai to MIN 38 for 4 yards (B.Murphy; E.Wilson).,2,17,MIN 42,58,-3,Chicago Bears,Minnesota Vikings,0,3,52.7,47.3,64.0,127.0,191.0,90.0,94.0,184.0,game,Total,Under,,21.5,kalshi,-300,—,—,,3.0,,hit,,,,—,,
2026-09-20T19:22:51.890725+00:00,nfl,2026,2,401872937,401872937518,1,6:32,(Shotgun) C.Williams pass short left to K.Monangai to MIN 38 for 4 yards (B.Murphy; E.Wilson).,2,17,MIN 42,58,-3,Chicago Bears,Minnesota Vikings,0,3,52.7,47.3,64.0,127.0,191.0,90.0,94.0,184.0,game,ML,Minnesota Vikings,,,polymarket,108,—,—,,Win,,hit,,,,—,,
2026-09-20T19:22:51.890725+00:00,nfl,2026,2,401872937,401872937518,1,6:32,(Shotgun) C.Williams pass short left to K.Monangai to MIN 38 for 4 yards (B.Murphy; E.Wilson).,2,17,MIN 42,58,-3,Chicago Bears,Minnesota Vikings,0,3,52.7,47.3,64.0,127.0,191.0,90.0,94.0,184.0,game,ML,Chicago Bears,,,bet365,-115,—,—,,Loss,,miss,,,,—,,
2026-09-20T19:22:51.890725+00:00,nfl,2026,2,401872937,401872937543,1,5:53,(Shotgun) C.Williams scrambles right end pushed ob at MIN 32 for 6 yards (A.Van Ginkel).,3,13,MIN 38,62,-3,Chicago Bears,Minnesota Vikings,0,3,52.7,47.3,64.0,127.0,191.0,90.0,94.0,184.0,game,Spread,Minnesota Vikings,,-2.5,kalshi,-113,—,—,,-3,,hit,,,,—,,
2026-09-20T19:22:51.890725+00:00,nfl,2026,2,401872937,401872937543,1,5:53,(Shotgun) C.Williams scrambles right end pushed ob at MIN 32 for 6 yards (A.Van Ginkel).,3,13,MIN 38,62,-3,Chicago Bears,Minnesota Vikings,0,3,52.7,47.3,64.0,127.0,191.0,90.0,94.0,184.0,game,Spread,Chicago Bears,,2.5,kalshi,-271,—,—,,-3,,miss,,,,—,,
2026-09-20T19:22:51.890725+00:00,nfl,2026,2,401872937,401872937543,1,5:53,(Shotgun) C.Williams scrambles right end pushed ob at MIN 32 for 6 yards (A.Van Ginkel).,3,13,MIN 38,62,-3,Chicago Bears,Minnesota Vikings,0,3,52.7,47.3,64.0,127.0,191.0,90.0,94.0,184.0,game,Total,Over,,21.5,kalshi,-525,—,—,,3.0,,miss,,,,—,,
2026-09-20T19:22:51.890725+00:00,nfl,2026,2,401872937,401872937543,1,5:53,(Shotgun) C.Williams scrambles right end pushed ob at MIN 32 for 6 yards (A.Van Ginkel).,3,13,MIN 38,62,-3,Chicago Bears,Minnesota Vikings,0,3,52.7,47.3,64.0,127.0,191.0,90.0,94.0,184.0,game,Total,Under,,21.5,kalshi,-300,—,—,,3.0,,hit,,,,—,,
2026-09-20T19:22:51.890725+00:00,nfl,2026,2,401872937,401872937543,1,5:53,(Shotgun) C.Williams scrambles right end pushed ob at MIN 32 for 6 yards (A.Van Ginkel).,3,13,MIN 38,62,-3,Chicago Bears,Minnesota Vikings,0,3,52.7,47.3,64.0,127.0,191.0,90.0,94.0,184.0,game,ML,Minnesota Vikings,,,polymarket,108,—,—,,Win,,hit,,,,—,,
2026-09-20T19:22:51.890725+00:00,nfl,2026,2,401872937,401872937543,1,5:53,(Shotgun) C.Williams scrambles right end pushed ob at MIN 32 for 6 yards (A.Van Ginkel).,3,13,MIN 38,62,-3,Chicago Bears,Minnesota Vikings,0,3,52.7,47.3,64.0,127.0,191.0,90.0,94.0,184.0,game,ML,Chicago Bears,,,bet365,-115,—,—,,Loss,,miss,,,,—,,
2026-09-20T19:22:51.890725+00:00,nfl,2026,2,401872937,401872937580,1,5:03,Official Timeout at 05:03.,-1,1,CHI 35,35,0,Chicago Bears,Minnesota Vikings,3,3,52.7,47.3,64.0,127.0,191.0,90.0,94.0,184.0,game,Spread,Minnesota Vikings,,-2.5,kalshi,-113,—,—,,0,,miss,,,,—,,
2026-09-20T19:22:51.890725+00:00,nfl,2026,2,401872937,401872937580,1,5:03,Official Timeout at 05:03.,-1,1,CHI 35,35,0,Chicago Bears,Minnesota Vikings,3,3,52.7,47.3,64.0,127.0,191.0,90.0,94.0,184.0,game,Spread,Chicago Bears,,2.5,kalshi,-271,—,—,,0,,hit,,,,—,,
2026-09-20T19:22:51.890725+00:00,nfl,2026,2,401872937,401872937580,1,5:03,Official Timeout at 05:03.,-1,1,CHI 35,35,0,Chicago Bears,Minnesota Vikings,3,3,52.7,47.3,64.0,127.0,191.0,90.0,94.0,184.0,game,Total,Over,,21.5,kalshi,-525,—,—,,6.0,,miss,,,,—,,
2026-09-20T19:22:51.890725+00:00,nfl,2026,2,401872937,401872937580,1,5:03,Official Timeout at 05:03.,-1,1,CHI 35,35,0,Chicago Bears,Minnesota Vikings,3,3,52.7,47.3,64.0,127.0,191.0,90.0,94.0,184.0,game,Total,Under,,21.5,kalshi,-300,—,—,,6.0,,hit,,,,—,,
2026-09-20T19:22:51.890725+00:00,nfl,2026,2,401872937,401872937580,1,5:03,Official Timeout at 05:03.,-1,1,CHI 35,35,0,Chicago Bears,Minnesota Vikings,3,3,52.7,47.3,64.0,127.0,191.0,90.0,94.0,184.0,game,ML,Minnesota Vikings,,,polymarket,108,—,—,,Loss,,miss,,,,—,,
2026-09-20T19:22:51.890725+00:00,nfl,2026,2,401872937,401872937580,1,5:03,Official Timeout at 05:03.,-1,1,CHI 35,35,0,Chicago Bears,Minnesota Vikings,3,3,52.7,47.3,64.0,127.0,191.0,90.0,94.0,184.0,game,ML,Chicago Bears,,,bet365,-115,—,—,,Loss,,miss,,,,—,,
2026-09-20T19:22:51.890725+00:00,nfl,2026,2,401872937,401872937570,1,5:03,"C.Santos 50 yard field goal is GOOD, Center-B.Gardner, Holder-T.Taylor.",4,7,MIN 32,68,0,Chicago Bears,Minnesota Vikings,3,3,52.7,47.3,64.0,127.0,191.0,90.0,94.0,184.0,game,Spread,Minnesota Vikings,,-2.5,kalshi,-113,—,—,,0,,miss,,,,—,,
2026-09-20T19:22:51.890725+00:00,nfl,2026,2,401872937,401872937570,1,5:03,"C.Santos 50 yard field goal is GOOD, Center-B.Gardner, Holder-T.Taylor.",4,7,MIN 32,68,0,Chicago Bears,Minnesota Vikings,3,3,52.7,47.3,64.0,127.0,191.0,90.0,94.0,184.0,game,Spread,Chicago Bears,,2.5,kalshi,-271,—,—,,0,,hit,,,,—,,
2026-09-20T19:22:51.890725+00:00,nfl,2026,2,401872937,401872937570,1,5:03,"C.Santos 50 yard field goal is GOOD, Center-B.Gardner, Holder-T.Taylor.",4,7,MIN 32,68,0,Chicago Bears,Minnesota Vikings,3,3,52.7,47.3,64.0,127.0,191.0,90.0,94.0,184.0,game,Total,Over,,21.5,kalshi,-525,—,—,,6.0,,miss,,,,—,,
2026-09-20T19:22:51.890725+00:00,nfl,2026,2,401872937,401872937570,1,5:03,"C.Santos 50 yard field goal is GOOD, Center-B.Gardner, Holder-T.Taylor.",4,7,MIN 32,68,0,Chicago Bears,Minnesota Vikings,3,3,52.7,47.3,64.0,127.0,191.0,90.0,94.0,184.0,game,Total,Under,,21.5,kalshi,-300,—,—,,6.0,,hit,,,,—,,
2026-09-20T19:22:51.890725+00:00,nfl,2026,2,401872937,401872937570,1,5:03,"C.Santos 50 yard field goal is GOOD, Center-B.Gardner, Holder-T.Taylor.",4,7,MIN 32,68,0,Chicago Bears,Minnesota Vikings,3,3,52.7,47.3,64.0,127.0,191.0,90.0,94.0,184.0,game,ML,Minnesota Vikings,,,polymarket,108,—,—,,Loss,,miss,,,,—,,
2026-09-20T19:22:51.890725+00:00,nfl,2026,2,401872937,401872937570,1,5:03,"C.Santos 50 yard field goal is GOOD, Center-B.Gardner, Holder-T.Taylor.",4,7,MIN 32,68,0,Chicago Bears,Minnesota Vikings,3,3,52.7,47.3,64.0,127.0,191.0,90.0,94.0,184.0,game,ML,Chicago Bears,,,bet365,-115,—,—,,Loss,,miss,,,,—,,
2026-09-20T19:22:51.890725+00:00,nfl,2026,2,401872937,401872937590,1,5:03,C.Santos kicks 60 yards from CHI 35 to MIN 5. M.Price pushed ob at MIN 26 for 21 yards (E.Hicks).,4,1,MIN 21,35,0,Chicago Bears,Minnesota Vikings,3,3,52.7,47.3,64.0,127.0,191.0,90.0,94.0,184.0,game,Spread,Minnesota Vikings,,-2.5,kalshi,-113,—,—,,0,,miss,,,,—,,
2026-09-20T19:22:51.890725+00:00,nfl,2026,2,401872937,401872937590,1,5:03,C.Santos kicks 60 yards from CHI 35 to MIN 5. M.Price pushed ob at MIN 26 for 21 yards (E.Hicks).,4,1,MIN 21,35,0,Chicago Bears,Minnesota Vikings,3,3,52.7,47.3,64.0,127.0,191.0,90.0,94.0,184.0,game,Spread,Chicago Bears,,2.5,kalshi,-271,—,—,,0,,hit,,,,—,,
2026-09-20T19:22:51.890725+00:00,nfl,2026,2,401872937,401872937590,1,5:03,C.Santos kicks 60 yards from CHI 35 to MIN 5. M.Price pushed ob at MIN 26 for 21 yards (E.Hicks).,4,1,MIN 21,35,0,Chicago Bears,Minnesota Vikings,3,3,52.7,47.3,64.0,127.0,191.0,90.0,94.0,184.0,game,Total,Over,,21.5,kalshi,-525,—,—,,6.0,,miss,,,,—,,
2026-09-20T19:22:51.890725+00:00,nfl,2026,2,401872937,401872937590,1,5:03,C.Santos kicks 60 yards from CHI 35 to MIN 5. M.Price pushed ob at MIN 26 for 21 yards (E.Hicks).,4,1,MIN 21,35,0,Chicago Bears,Minnesota Vikings,3,3,52.7,47.3,64.0,127.0,191.0,90.0,94.0,184.0,game,Total,Under,,21.5,kalshi,-300,—,—,,6.0,,hit,,,,—,,
2026-09-20T19:22:51.890725+00:00,nfl,2026,2,401872937,401872937590,1,5:03,C.Santos kicks 60 yards from CHI 35 to MIN 5. M.Price pushed ob at MIN 26 for 21 yards (E.Hicks).,4,1,MIN 21,35,0,Chicago Bears,Minnesota Vikings,3,3,52.7,47.3,64.0,127.0,191.0,90.0,94.0,184.0,game,ML,Minnesota Vikings,,,polymarket,108,—,—,,Loss,,miss,,,,—,,
2026-09-20T19:22:51.890725+00:00,nfl,2026,2,401872937,401872937590,1,5:03,C.Santos kicks 60 yards from CHI 35 to MIN 5. M.Price pushed ob at MIN 26 for 21 yards (E.Hicks).,4,1,MIN 21,35,0,Chicago Bears,Minnesota Vikings,3,3,52.7,47.3,64.0,127.0,191.0,90.0,94.0,184.0,game,ML,Chicago Bears,,,bet365,-115,—,—,,Loss,,miss,,,,—,,
2026-09-20T19:22:51.890725+00:00,nfl,2026,2,401872937,401872937625,1,4:58,A.Jones right guard to MIN 30 for 4 yards (J.Lynch; C.Lewis).,1,10,MIN 26,74,0,Chicago Bears,Minnesota Vikings,3,3,52.7,47.3,64.0,127.0,191.0,90.0,94.0,184.0,game,Spread,Minnesota Vikings,,-2.5,kalshi,-113,—,—,,0,,miss,,,,—,,
2026-09-20T19:22:51.890725+00:00,nfl,2026,2,401872937,401872937625,1,4:58,A.Jones right guard to MIN 30 for 4 yards (J.Lynch; C.Lewis).,1,10,MIN 26,74,0,Chicago Bears,Minnesota Vikings,3,3,52.7,47.3,64.0,127.0,191.0,90.0,94.0,184.0,game,Spread,Chicago Bears,,2.5,kalshi,-271,—,—,,0,,hit,,,,—,,
2026-09-20T19:22:51.890725+00:00,nfl,2026,2,401872937,401872937625,1,4:58,A.Jones right guard to MIN 30 for 4 yards (J.Lynch; C.Lewis).,1,10,MIN 26,74,0,Chicago Bears,Minnesota Vikings,3,3,52.7,47.3,64.0,127.0,191.0,90.0,94.0,184.0,game,Total,Over,,21.5,kalshi,-525,—,—,,6.0,,miss,,,,—,,
2026-09-20T19:22:51.890725+00:00,nfl,2026,2,401872937,401872937625,1,4:58,A.Jones right guard to MIN 30 for 4 yards (J.Lynch; C.Lewis).,1,10,MIN 26,74,0,Chicago Bears,Minnesota Vikings,3,3,52.7,47.3,64.0,127.0,191.0,90.0,94.0,184.0,game,Total,Under,,21.5,kalshi,-300,—,—,,6.0,,hit,,,,—,,
2026-09-20T19:22:51.890725+00:00,nfl,2026,2,401872937,401872937625,1,4:58,A.Jones right guard to MIN 30 for 4 yards (J.Lynch; C.Lewis).,1,10,MIN 26,74,0,Chicago Bears,Minnesota Vikings,3,3,52.7,47.3,64.0,127.0,191.0,90.0,94.0,184.0,game,ML,Minnesota Vikings,,,polymarket,108,—,—,,Loss,,miss,,,,—,,
2026-09-20T19:22:51.890725+00:00,nfl,2026,2,401872937,401872937625,1,4:58,A.Jones right guard to MIN 30 for 4 yards (J.Lynch; C.Lewis).,1,10,MIN 26,74,0,Chicago Bears,Minnesota Vikings,3,3,52.7,47.3,64.0,127.0,191.0,90.0,94.0,184.0,game,ML,Chicago Bears,,,bet365,-115,—,—,,Loss,,miss,,,,—,,
2026-09-20T19:22:51.890725+00:00,nfl,2026,2,401872937,401872937647,1,4:33,A.Jones left tackle to MIN 34 for 4 yards (D.Bush; J.Lynch).,2,6,MIN 30,70,0,Chicago Bears,Minnesota Vikings,3,3,52.7,47.3,64.0,127.0,191.0,90.0,94.0,184.0,game,Spread,Minnesota Vikings,,-2.5,kalshi,-113,—,—,,0,,miss,,,,—,,
2026-09-20T19:22:51.890725+00:00,nfl,2026,2,401872937,401872937647,1,4:33,A.Jones left tackle to MIN 34 for 4 yards (D.Bush; J.Lynch).,2,6,MIN 30,70,0,Chicago Bears,Minnesota Vikings,3,3,52.7,47.3,64.0,127.0,191.0,90.0,94.0,184.0,game,Spread,Chicago Bears,,2.5,kalshi,-271,—,—,,0,,hit,,,,—,,
2026-09-20T19:22:51.890725+00:00,nfl,2026,2,401872937,401872937647,1,4:33,A.Jones left tackle to MIN 34 for 4 yards (D.Bush; J.Lynch).,2,6,MIN 30,70,0,Chicago Bears,Minnesota Vikings,3,3,52.7,47.3,64.0,127.0,191.0,90.0,94.0,184.0,game,Total,Over,,21.5,kalshi,-525,—,—,,6.0,,miss,,,,—,,
2026-09-20T19:22:51.890725+00:00,nfl,2026,2,401872937,401872937647,1,4:33,A.Jones left tackle to MIN 34 for 4 yards (D.Bush; J.Lynch).,2,6,MIN 30,70,0,Chicago Bears,Minnesota Vikings,3,3,52.7,47.3,64.0,127.0,191.0,90.0,94.0,184.0,game,Total,Under,,21.5,kalshi,-300,—,—,,6.0,,hit,,,,—,,
2026-09-20T19:22:51.890725+00:00,nfl,2026,2,401872937,401872937647,1,4:33,A.Jones left tackle to MIN 34 for 4 yards (D.Bush; J.Lynch).,2,6,MIN 30,70,0,Chicago Bears,Minnesota Vikings,3,3,52.7,47.3,64.0,127.0,191.0,90.0,94.0,184.0,game,ML,Minnesota Vikings,,,polymarket,108,—,—,,Loss,,miss,,,,—,,
2026-09-20T19:22:51.890725+00:00,nfl,2026,2,401872937,401872937647,1,4:33,A.Jones left tackle to MIN 34 for 4 yards (D.Bush; J.Lynch).,2,6,MIN 30,70,0,Chicago Bears,Minnesota Vikings,3,3,52.7,47.3,64.0,127.0,191.0,90.0,94.0,184.0,game,ML,Chicago Bears,,,bet365,-115,—,—,,Loss,,miss,,,,—,,
2026-09-20T19:22:51.890725+00:00,nfl,2026,2,401872937,401872937669,1,3:47,"(Shotgun) C.Wentz FUMBLES (Aborted) at MIN 29, and recovers at MIN 12. C.Wentz to MIN 12 for no gain (D.Bush).",3,2,MIN 34,66,0,Chicago Bears,Minnesota Vikings,3,3,52.7,47.3,64.0,127.0,191.0,90.0,94.0,184.0,game,Spread,Minnesota Vikings,,-2.5,kalshi,-113,—,—,,0,,miss,,,,—,,
2026-09-20T19:22:51.890725+00:00,nfl,2026,2,401872937,401872937669,1,3:47,"(Shotgun) C.Wentz FUMBLES (Aborted) at MIN 29, and recovers at MIN 12. C.Wentz to MIN 12 for no gain (D.Bush).",3,2,MIN 34,66,0,Chicago Bears,Minnesota Vikings,3,3,52.7,47.3,64.0,127.0,191.0,90.0,94.0,184.0,game,Spread,Chicago Bears,,2.5,kalshi,-271,—,—,,0,,hit,,,,—,,
2026-09-20T19:22:51.890725+00:00,nfl,2026,2,401872937,401872937669,1,3:47,"(Shotgun) C.Wentz FUMBLES (Aborted) at MIN 29, and recovers at MIN 12. C.Wentz to MIN 12 for no gain (D.Bush).",3,2,MIN 34,66,0,Chicago Bears,Minnesota Vikings,3,3,52.7,47.3,64.0,127.0,191.0,90.0,94.0,184.0,game,Total,Over,,21.5,kalshi,-525,—,—,,6.0,,miss,,,,—,,
2026-09-20T19:22:51.890725+00:00,nfl,2026,2,401872937,401872937669,1,3:47,"(Shotgun) C.Wentz FUMBLES (Aborted) at MIN 29, and recovers at MIN 12. C.Wentz to MIN 12 for no gain (D.Bush).",3,2,MIN 34,66,0,Chicago Bears,Minnesota Vikings,3,3,52.7,47.3,64.0,127.0,191.0,90.0,94.0,184.0,game,Total,Under,,21.5,kalshi,-300,—,—,,6.0,,hit,,,,—,,
2026-09-20T19:22:51.890725+00:00,nfl,2026,2,401872937,401872937669,1,3:47,"(Shotgun) C.Wentz FUMBLES (Aborted) at MIN 29, and recovers at MIN 12. C.Wentz to MIN 12 for no gain (D.Bush).",3,2,MIN 34,66,0,Chicago Bears,Minnesota Vikings,3,3,52.7,47.3,64.0,127.0,191.0,90.0,94.0,184.0,game,ML,Minnesota Vikings,,,polymarket,108,—,—,,Loss,,miss,,,,—,,
2026-09-20T19:22:51.890725+00:00,nfl,2026,2,401872937,401872937669,1,3:47,"(Shotgun) C.Wentz FUMBLES (Aborted) at MIN 29, and recovers at MIN 12. C.Wentz to MIN 12 for no gain (D.Bush).",3,2,MIN 34,66,0,Chicago Bears,Minnesota Vikings,3,3,52.7,47.3,64.0,127.0,191.0,90.0,94.0,184.0,game,ML,Chicago Bears,,,bet365,-115,—,—,,Loss,,miss,,,,—,,
2026-09-20T19:22:51.890725+00:00,nfl,2026,2,401872937,401872937696,1,3:03,"B.Thorson punts 46 yards to CHI 42, Center-A.DePaola, fair catch by K.Raymond.",4,24,MIN 12,88,0,Chicago Bears,Minnesota Vikings,3,3,52.7,47.3,64.0,127.0,191.0,90.0,94.0,184.0,game,Spread,Minnesota Vikings,,-2.5,kalshi,-113,—,—,,0,,miss,,,,—,,
2026-09-20T19:22:51.890725+00:00,nfl,2026,2,401872937,401872937696,1,3:03,"B.Thorson punts 46 yards to CHI 42, Center-A.DePaola, fair catch by K.Raymond.",4,24,MIN 12,88,0,Chicago Bears,Minnesota Vikings,3,3,52.7,47.3,64.0,127.0,191.0,90.0,94.0,184.0,game,Spread,Chicago Bears,,2.5,kalshi,-271,—,—,,0,,hit,,,,—,,
2026-09-20T19:22:51.890725+00:00,nfl,2026,2,401872937,401872937696,1,3:03,"B.Thorson punts 46 yards to CHI 42, Center-A.DePaola, fair catch by K.Raymond.",4,24,MIN 12,88,0,Chicago Bears,Minnesota Vikings,3,3,52.7,47.3,64.0,127.0,191.0,90.0,94.0,184.0,game,Total,Over,,21.5,kalshi,-525,—,—,,6.0,,miss,,,,—,,
2026-09-20T19:22:51.890725+00:00,nfl,2026,2,401872937,401872937696,1,3:03,"B.Thorson punts 46 yards to CHI 42, Center-A.DePaola, fair catch by K.Raymond.",4,24,MIN 12,88,0,Chicago Bears,Minnesota Vikings,3,3,52.7,47.3,64.0,127.0,191.0,90.0,94.0,184.0,game,Total,Under,,21.5,kalshi,-300,—,—,,6.0,,hit,,,,—,,
2026-09-20T19:22:51.890725+00:00,nfl,2026,2,401872937,401872937696,1,3:03,"B.Thorson punts 46 yards to CHI 42, Center-A.DePaola, fair catch by K.Raymond.",4,24,MIN 12,88,0,Chicago Bears,Minnesota Vikings,3,3,52.7,47.3,64.0,127.0,191.0,90.0,94.0,184.0,game,ML,Minnesota Vikings,,,polymarket,108,—,—,,Loss,,miss,,,,—,,
2026-09-20T19:22:51.890725+00:00,nfl,2026,2,401872937,401872937696,1,3:03,"B.Thorson punts 46 yards to CHI 42, Center-A.DePaola, fair catch by K.Raymond.",4,24,MIN 12,88,0,Chicago Bears,Minnesota Vikings,3,3,52.7,47.3,64.0,127.0,191.0,90.0,94.0,184.0,game,ML,Chicago Bears,,,bet365,-115,—,—,,Loss,,miss,,,,—,,
2026-09-20T19:22:51.890725+00:00,nfl,2026,2,401872937,401872937706,1,2:57,Official Timeout at 02:57.,1,10,CHI 42,42,0,Chicago Bears,Minnesota Vikings,3,3,52.7,47.3,64.0,127.0,191.0,90.0,94.0,184.0,game,Spread,Minnesota Vikings,,-2.5,kalshi,-113,—,—,,0,,miss,,,,—,,
2026-09-20T19:22:51.890725+00:00,nfl,2026,2,401872937,401872937706,1,2:57,Official Timeout at 02:57.,1,10,CHI 42,42,0,Chicago Bears,Minnesota Vikings,3,3,52.7,47.3,64.0,127.0,191.0,90.0,94.0,184.0,game,Spread,Chicago Bears,,2.5,kalshi,-271,—,—,,0,,hit,,,,—,,
2026-09-20T19:22:51.890725+00:00,nfl,2026,2,401872937,401872937706,1,2:57,Official Timeout at 02:57.,1,10,CHI 42,42,0,Chicago Bears,Minnesota Vikings,3,3,52.7,47.3,64.0,127.0,191.0,90.0,94.0,184.0,game,Total,Over,,21.5,kalshi,-525,—,—,,6.0,,miss,,,,—,,
2026-09-20T19:22:51.890725+00:00,nfl,2026,2,401872937,401872937706,1,2:57,Official Timeout at 02:57.,1,10,CHI 42,42,0,Chicago Bears,Minnesota Vikings,3,3,52.7,47.3,64.0,127.0,191.0,90.0,94.0,184.0,game,Total,Under,,21.5,kalshi,-300,—,—,,6.0,,hit,,,,—,,
2026-09-20T19:22:51.890725+00:00,nfl,2026,2,401872937,401872937706,1,2:57,Official Timeout at 02:57.,1,10,CHI 42,42,0,Chicago Bears,Minnesota Vikings,3,3,52.7,47.3,64.0,127.0,191.0,90.0,94.0,184.0,game,ML,Minnesota Vikings,,,polymarket,108,—,—,,Loss,,miss,,,,—,,
2026-09-20T19:22:51.890725+00:00,nfl,2026,2,401872937,401872937706,1,2:57,Official Timeout at 02:57.,1,10,CHI 42,42,0,Chicago Bears,Minnesota Vikings,3,3,52.7,47.3,64.0,127.0,191.0,90.0,94.0,184.0,game,ML,Chicago Bears,,,bet365,-115,—,—,,Loss,,miss,,,,—,,
2026-09-20T19:22:51.890725+00:00,nfl,2026,2,401872937,401872937716,1,2:57,"PENALTY on CHI-G.Bradbury, False Start, 5 yards, enforced at CHI 42 - No Play.",1,10,CHI 42,42,0,Chicago Bears,Minnesota Vikings,3,3,52.7,47.3,64.0,127.0,191.0,90.0,94.0,184.0,game,Spread,Minnesota Vikings,,-2.5,kalshi,-113,—,—,,0,,miss,,,,—,,
2026-09-20T19:22:51.890725+00:00,nfl,2026,2,401872937,401872937716,1,2:57,"PENALTY on CHI-G.Bradbury, False Start, 5 yards, enforced at CHI 42 - No Play.",1,10,CHI 42,42,0,Chicago Bears,Minnesota Vikings,3,3,52.7,47.3,64.0,127.0,191.0,90.0,94.0,184.0,game,Spread,Chicago Bears,,2.5,kalshi,-271,—,—,,0,,hit,,,,—,,
2026-09-20T19:22:51.890725+00:00,nfl,2026,2,401872937,401872937716,1,2:57,"PENALTY on CHI-G.Bradbury, False Start, 5 yards, enforced at CHI 42 - No Play.",1,10,CHI 42,42,0,Chicago Bears,Minnesota Vikings,3,3,52.7,47.3,64.0,127.0,191.0,90.0,94.0,184.0,game,Total,Over,,21.5,kalshi,-525,—,—,,6.0,,miss,,,,—,,
2026-09-20T19:22:51.890725+00:00,nfl,2026,2,401872937,401872937716,1,2:57,"PENALTY on CHI-G.Bradbury, False Start, 5 yards, enforced at CHI 42 - No Play.",1,10,CHI 42,42,0,Chicago Bears,Minnesota Vikings,3,3,52.7,47.3,64.0,127.0,191.0,90.0,94.0,184.0,game,Total,Under,,21.5,kalshi,-300,—,—,,6.0,,hit,,,,—,,
2026-09-20T19:22:51.890725+00:00,nfl,2026,2,401872937,401872937716,1,2:57,"PENALTY on CHI-G.Bradbury, False Start, 5 yards, enforced at CHI 42 - No Play.",1,10,CHI 42,42,0,Chicago Bears,Minnesota Vikings,3,3,52.7,47.3,64.0,127.0,191.0,90.0,94.0,184.0,game,ML,Minnesota Vikings,,,polymarket,108,—,—,,Loss,,miss,,,,—,,
2026-09-20T19:22:51.890725+00:00,nfl,2026,2,401872937,401872937716,1,2:57,"PENALTY on CHI-G.Bradbury, False Start, 5 yards, enforced at CHI 42 - No Play.",1,10,CHI 42,42,0,Chicago Bears,Minnesota Vikings,3,3,52.7,47.3,64.0,127.0,191.0,90.0,94.0,184.0,game,ML,Chicago Bears,,,bet365,-115,—,—,,Loss,,miss,,,,—,,
2026-09-20T19:22:51.890725+00:00,nfl,2026,2,401872937,401872937747,1,2:57,D.Swift right guard to CHI 37 for no gain (A.Van Ginkel).,1,15,CHI 37,37,0,Chicago Bears,Minnesota Vikings,3,3,52.7,47.3,64.0,127.0,191.0,90.0,94.0,184.0,game,Spread,Minnesota Vikings,,-2.5,kalshi,-113,—,—,,0,,miss,,,,—,,
2026-09-20T19:22:51.890725+00:00,nfl,2026,2,401872937,401872937747,1,2:57,D.Swift right guard to CHI 37 for no gain (A.Van Ginkel).,1,15,CHI 37,37,0,Chicago Bears,Minnesota Vikings,3,3,52.7,47.3,64.0,127.0,191.0,90.0,94.0,184.0,game,Spread,Chicago Bears,,2.5,kalshi,-271,—,—,,0,,hit,,,,—,,
2026-09-20T19:22:51.890725+00:00,nfl,2026,2,401872937,401872937747,1,2:57,D.Swift right guard to CHI 37 for no gain (A.Van Ginkel).,1,15,CHI 37,37,0,Chicago Bears,Minnesota Vikings,3,3,52.7,47.3,64.0,127.0,191.0,90.0,94.0,184.0,game,Total,Over,,21.5,kalshi,-525,—,—,,6.0,,miss,,,,—,,
2026-09-20T19:22:51.890725+00:00,nfl,2026,2,401872937,401872937747,1,2:57,D.Swift right guard to CHI 37 for no gain (A.Van Ginkel).,1,15,CHI 37,37,0,Chicago Bears,Minnesota Vikings,3,3,52.7,47.3,64.0,127.0,191.0,90.0,94.0,184.0,game,Total,Under,,21.5,kalshi,-300,—,—,,6.0,,hit,,,,—,,
2026-09-20T19:22:51.890725+00:00,nfl,2026,2,401872937,401872937747,1,2:57,D.Swift right guard to CHI 37 for no gain (A.Van Ginkel).,1,15,CHI 37,37,0,Chicago Bears,Minnesota Vikings,3,3,52.7,47.3,64.0,127.0,191.0,90.0,94.0,184.0,game,ML,Minnesota Vikings,,,polymarket,108,—,—,,Loss,,miss,,,,—,,
2026-09-20T19:22:51.890725+00:00,nfl,2026,2,401872937,401872937747,1,2:57,D.Swift right guard to CHI 37 for no gain (A.Van Ginkel).,1,15,CHI 37,37,0,Chicago Bears,Minnesota Vikings,3,3,52.7,47.3,64.0,127.0,191.0,90.0,94.0,184.0,game,ML,Chicago Bears,,,bet365,-115,—,—,,Loss,,miss,,,,—,,
2026-09-20T19:22:51.890725+00:00,nfl,2026,2,401872937,401872937769,1,2:17,(Shotgun) C.Williams pass short right to C.Loveland pushed ob at CHI 40 for 3 yards (D.Turner). MIN-T.Ingram-Dawkins was injured during the play.,2,15,CHI 37,37,0,Chicago Bears,Minnesota Vikings,3,3,52.7,47.3,64.0,127.0,191.0,90.0,94.0,184.0,game,Spread,Minnesota Vikings,,-2.5,kalshi,-113,—,—,,0,,miss,,,,—,,
2026-09-20T19:22:51.890725+00:00,nfl,2026,2,401872937,401872937769,1,2:17,(Shotgun) C.Williams pass short right to C.Loveland pushed ob at CHI 40 for 3 yards (D.Turner). MIN-T.Ingram-Dawkins was injured during the play.,2,15,CHI 37,37,0,Chicago Bears,Minnesota Vikings,3,3,52.7,47.3,64.0,127.0,191.0,90.0,94.0,184.0,game,Spread,Chicago Bears,,2.5,kalshi,-271,—,—,,0,,hit,,,,—,,
2026-09-20T19:22:51.890725+00:00,nfl,2026,2,401872937,401872937769,1,2:17,(Shotgun) C.Williams pass short right to C.Loveland pushed ob at CHI 40 for 3 yards (D.Turner). MIN-T.Ingram-Dawkins was injured during the play.,2,15,CHI 37,37,0,Chicago Bears,Minnesota Vikings,3,3,52.7,47.3,64.0,127.0,191.0,90.0,94.0,184.0,game,Total,Over,,21.5,kalshi,-525,—,—,,6.0,,miss,,,,—,,
2026-09-20T19:22:51.890725+00:00,nfl,2026,2,401872937,401872937769,1,2:17,(Shotgun) C.Williams pass short right to C.Loveland pushed ob at CHI 40 for 3 yards (D.Turner). MIN-T.Ingram-Dawkins was injured during the play.,2,15,CHI 37,37,0,Chicago Bears,Minnesota Vikings,3,3,52.7,47.3,64.0,127.0,191.0,90.0,94.0,184.0,game,Total,Under,,21.5,kalshi,-300,—,—,,6.0,,hit,,,,—,,
2026-09-20T19:22:51.890725+00:00,nfl,2026,2,401872937,401872937769,1,2:17,(Shotgun) C.Williams pass short right to C.Loveland pushed ob at CHI 40 for 3 yards (D.Turner). MIN-T.Ingram-Dawkins was injured during the play.,2,15,CHI 37,37,0,Chicago Bears,Minnesota Vikings,3,3,52.7,47.3,64.0,127.0,191.0,90.0,94.0,184.0,game,ML,Minnesota Vikings,,,polymarket,108,—,—,,Loss,,miss,,,,—,,
2026-09-20T19:22:51.890725+00:00,nfl,2026,2,401872937,401872937769,1,2:17,(Shotgun) C.Williams pass short right to C.Loveland pushed ob at CHI 40 for 3 yards (D.Turner). MIN-T.Ingram-Dawkins was injured during the play.,2,15,CHI 37,37,0,Chicago Bears,Minnesota Vikings,3,3,52.7,47.3,64.0,127.0,191.0,90.0,94.0,184.0,game,ML,Chicago Bears,,,bet365,-115,—,—,,Loss,,miss,,,,—,,
2026-09-20T19:22:51.890725+00:00,nfl,2026,2,401872937,401872937802,1,1:53,"(Shotgun) C.Williams pass incomplete deep left to R.Odunze.PENALTY on MIN-A.Van Ginkel, Defensive Offside, 5 yards, enforced at CHI 40 - No Play.",3,12,CHI 40,40,0,Chicago Bears,Minnesota Vikings,3,3,52.7,47.3,64.0,127.0,191.0,90.0,94.0,184.0,game,Spread,Minnesota Vikings,,-2.5,kalshi,-113,—,—,,0,,miss,,,,—,,
2026-09-20T19:22:51.890725+00:00,nfl,2026,2,401872937,401872937802,1,1:53,"(Shotgun) C.Williams pass incomplete deep left to R.Odunze.PENALTY on MIN-A.Van Ginkel, Defensive Offside, 5 yards, enforced at CHI 40 - No Play.",3,12,CHI 40,40,0,Chicago Bears,Minnesota Vikings,3,3,52.7,47.3,64.0,127.0,191.0,90.0,94.0,184.0,game,Spread,Chicago Bears,,2.5,kalshi,-271,—,—,,0,,hit,,,,—,,
2026-09-20T19:22:51.890725+00:00,nfl,2026,2,401872937,401872937802,1,1:53,"(Shotgun) C.Williams pass incomplete deep left to R.Odunze.PENALTY on MIN-A.Van Ginkel, Defensive Offside, 5 yards, enforced at CHI 40 - No Play.",3,12,CHI 40,40,0,Chicago Bears,Minnesota Vikings,3,3,52.7,47.3,64.0,127.0,191.0,90.0,94.0,184.0,game,Total,Over,,21.5,kalshi,-525,—,—,,6.0,,miss,,,,—,,
2026-09-20T19:22:51.890725+00:00,nfl,2026,2,401872937,401872937802,1,1:53,"(Shotgun) C.Williams pass incomplete deep left to R.Odunze.PENALTY on MIN-A.Van Ginkel, Defensive Offside, 5 yards, enforced at CHI 40 - No Play.",3,12,CHI 40,40,0,Chicago Bears,Minnesota Vikings,3,3,52.7,47.3,64.0,127.0,191.0,90.0,94.0,184.0,game,Total,Under,,21.5,kalshi,-300,—,—,,6.0,,hit,,,,—,,
2026-09-20T19:22:51.890725+00:00,nfl,2026,2,401872937,401872937802,1,1:53,"(Shotgun) C.Williams pass incomplete deep left to R.Odunze.PENALTY on MIN-A.Van Ginkel, Defensive Offside, 5 yards, enforced at CHI 40 - No Play.",3,12,CHI 40,40,0,Chicago Bears,Minnesota Vikings,3,3,52.7,47.3,64.0,127.0,191.0,90.0,94.0,184.0,game,ML,Minnesota Vikings,,,polymarket,108,—,—,,Loss,,miss,,,,—,,
2026-09-20T19:22:51.890725+00:00,nfl,2026,2,401872937,401872937802,1,1:53,"(Shotgun) C.Williams pass incomplete deep left to R.Odunze.PENALTY on MIN-A.Van Ginkel, Defensive Offside, 5 yards, enforced at CHI 40 - No Play.",3,12,CHI 40,40,0,Chicago Bears,Minnesota Vikings,3,3,52.7,47.3,64.0,127.0,191.0,90.0,94.0,184.0,game,ML,Chicago Bears,,,bet365,-115,—,—,,Loss,,miss,,,,—,,
2026-09-20T19:22:51.890725+00:00,nfl,2026,2,401872937,401872937836,1,1:47,"(Shotgun) PENALTY on CHI, Delay of Game, 5 yards, enforced at CHI 45 - No Play.",3,7,CHI 45,45,0,Chicago Bears,Minnesota Vikings,3,3,52.7,47.3,64.0,127.0,191.0,90.0,94.0,184.0,game,Spread,Minnesota Vikings,,-2.5,kalshi,-113,—,—,,0,,miss,,,,—,,
2026-09-20T19:22:51.890725+00:00,nfl,2026,2,401872937,401872937836,1,1:47,"(Shotgun) PENALTY on CHI, Delay of Game, 5 yards, enforced at CHI 45 - No Play.",3,7,CHI 45,45,0,Chicago Bears,Minnesota Vikings,3,3,52.7,47.3,64.0,127.0,191.0,90.0,94.0,184.0,game,Spread,Chicago Bears,,2.5,kalshi,-271,—,—,,0,,hit,,,,—,,
2026-09-20T19:22:51.890725+00:00,nfl,2026,2,401872937,401872937836,1,1:47,"(Shotgun) PENALTY on CHI, Delay of Game, 5 yards, enforced at CHI 45 - No Play.",3,7,CHI 45,45,0,Chicago Bears,Minnesota Vikings,3,3,52.7,47.3,64.0,127.0,191.0,90.0,94.0,184.0,game,Total,Over,,21.5,kalshi,-525,—,—,,6.0,,miss,,,,—,,
2026-09-20T19:22:51.890725+00:00,nfl,2026,2,401872937,401872937836,1,1:47,"(Shotgun) PENALTY on CHI, Delay of Game, 5 yards, enforced at CHI 45 - No Play.",3,7,CHI 45,45,0,Chicago Bears,Minnesota Vikings,3,3,52.7,47.3,64.0,127.0,191.0,90.0,94.0,184.0,game,Total,Under,,21.5,kalshi,-300,—,—,,6.0,,hit,,,,—,,
2026-09-20T19:22:51.890725+00:00,nfl,2026,2,401872937,401872937836,1,1:47,"(Shotgun) PENALTY on CHI, Delay of Game, 5 yards, enforced at CHI 45 - No Play.",3,7,CHI 45,45,0,Chicago Bears,Minnesota Vikings,3,3,52.7,47.3,64.0,127.0,191.0,90.0,94.0,184.0,game,ML,Minnesota Vikings,,,polymarket,108,—,—,,Loss,,miss,,,,—,,
2026-09-20T19:22:51.890725+00:00,nfl,2026,2,401872937,401872937836,1,1:47,"(Shotgun) PENALTY on CHI, Delay of Game, 5 yards, enforced at CHI 45 - No Play.",3,7,CHI 45,45,0,Chicago Bears,Minnesota Vikings,3,3,52.7,47.3,64.0,127.0,191.0,90.0,94.0,184.0,game,ML,Chicago Bears,,,bet365,-115,—,—,,Loss,,miss,,,,—,,
2026-09-20T19:22:51.890725+00:00,nfl,2026,2,401872937,401872937860,1,1:47,(Shotgun) C.Williams pass deep middle intended for L.Burden INTERCEPTED by B.Murphy [Jac.Thomas] at MIN 36. B.Murphy pushed ob at MIN 35 for -1 yards (R.Odunze).,3,12,CHI 40,40,0,Chicago Bears,Minnesota Vikings,3,3,52.7,47.3,64.0,127.0,191.0,90.0,94.0,184.0,game,Spread,Minnesota Vikings,,-2.5,kalshi,-113,—,—,,0,,miss,,,,—,,
2026-09-20T19:22:51.890725+00:00,nfl,2026,2,401872937,401872937860,1,1:47,(Shotgun) C.Williams pass deep middle intended for L.Burden INTERCEPTED by B.Murphy [Jac.Thomas] at MIN 36. B.Murphy pushed ob at MIN 35 for -1 yards (R.Odunze).,3,12,CHI 40,40,0,Chicago Bears,Minnesota Vikings,3,3,52.7,47.3,64.0,127.0,191.0,90.0,94.0,184.0,game,Spread,Chicago Bears,,2.5,kalshi,-271,—,—,,0,,hit,,,,—,,
2026-09-20T19:22:51.890725+00:00,nfl,2026,2,401872937,401872937860,1,1:47,(Shotgun) C.Williams pass deep middle intended for L.Burden INTERCEPTED by B.Murphy [Jac.Thomas] at MIN 36. B.Murphy pushed ob at MIN 35 for -1 yards (R.Odunze).,3,12,CHI 40,40,0,Chicago Bears,Minnesota Vikings,3,3,52.7,47.3,64.0,127.0,191.0,90.0,94.0,184.0,game,Total,Over,,21.5,kalshi,-525,—,—,,6.0,,miss,,,,—,,
2026-09-20T19:22:51.890725+00:00,nfl,2026,2,401872937,401872937860,1,1:47,(Shotgun) C.Williams pass deep middle intended for L.Burden INTERCEPTED by B.Murphy [Jac.Thomas] at MIN 36. B.Murphy pushed ob at MIN 35 for -1 yards (R.Odunze).,3,12,CHI 40,40,0,Chicago Bears,Minnesota Vikings,3,3,52.7,47.3,64.0,127.0,191.0,90.0,94.0,184.0,game,Total,Under,,21.5,kalshi,-300,—,—,,6.0,,hit,,,,—,,
2026-09-20T19:22:51.890725+00:00,nfl,2026,2,401872937,401872937860,1,1:47,(Shotgun) C.Williams pass deep middle intended for L.Burden INTERCEPTED by B.Murphy [Jac.Thomas] at MIN 36. B.Murphy pushed ob at MIN 35 for -1 yards (R.Odunze).,3,12,CHI 40,40,0,Chicago Bears,Minnesota Vikings,3,3,52.7,47.3,64.0,127.0,191.0,90.0,94.0,184.0,game,ML,Minnesota Vikings,,,polymarket,108,—,—,,Loss,,miss,,,,—,,
2026-09-20T19:22:51.890725+00:00,nfl,2026,2,401872937,401872937860,1,1:47,(Shotgun) C.Williams pass deep middle intended for L.Burden INTERCEPTED by B.Murphy [Jac.Thomas] at MIN 36. B.Murphy pushed ob at MIN 35 for -1 yards (R.Odunze).,3,12,CHI 40,40,0,Chicago Bears,Minnesota Vikings,3,3,52.7,47.3,64.0,127.0,191.0,90.0,94.0,184.0,game,ML,Chicago Bears,,,bet365,-115,—,—,,Loss,,miss,,,,—,,
2026-09-20T19:22:51.890725+00:00,nfl,2026,2,401872937,401872937876,1,1:35,Official Timeout at 01:35.,1,10,MIN 35,65,0,Chicago Bears,Minnesota Vikings,3,3,52.7,47.3,64.0,127.0,191.0,90.0,94.0,184.0,game,Spread,Minnesota Vikings,,-2.5,kalshi,-113,—,—,,0,,miss,,,,—,,
2026-09-20T19:22:51.890725+00:00,nfl,2026,2,401872937,401872937876,1,1:35,Official Timeout at 01:35.,1,10,MIN 35,65,0,Chicago Bears,Minnesota Vikings,3,3,52.7,47.3,64.0,127.0,191.0,90.0,94.0,184.0,game,Spread,Chicago Bears,,2.5,kalshi,-271,—,—,,0,,hit,,,,—,,
2026-09-20T19:22:51.890725+00:00,nfl,2026,2,401872937,401872937876,1,1:35,Official Timeout at 01:35.,1,10,MIN 35,65,0,Chicago Bears,Minnesota Vikings,3,3,52.7,47.3,64.0,127.0,191.0,90.0,94.0,184.0,game,Total,Over,,21.5,kalshi,-525,—,—,,6.0,,miss,,,,—,,
2026-09-20T19:22:51.890725+00:00,nfl,2026,2,401872937,401872937876,1,1:35,Official Timeout at 01:35.,1,10,MIN 35,65,0,Chicago Bears,Minnesota Vikings,3,3,52.7,47.3,64.0,127.0,191.0,90.0,94.0,184.0,game,Total,Under,,21.5,kalshi,-300,—,—,,6.0,,hit,,,,—,,
2026-09-20T19:22:51.890725+00:00,nfl,2026,2,401872937,401872937876,1,1:35,Official Timeout at 01:35.,1,10,MIN 35,65,0,Chicago Bears,Minnesota Vikings,3,3,52.7,47.3,64.0,127.0,191.0,90.0,94.0,184.0,game,ML,Minnesota Vikings,,,polymarket,108,—,—,,Loss,,miss,,,,—,,
2026-09-20T19:22:51.890725+00:00,nfl,2026,2,401872937,401872937876,1,1:35,Official Timeout at 01:35.,1,10,MIN 35,65,0,Chicago Bears,Minnesota Vikings,3,3,52.7,47.3,64.0,127.0,191.0,90.0,94.0,184.0,game,ML,Chicago Bears,,,bet365,-115,—,—,,Loss,,miss,,,,—,,
2026-09-20T19:22:51.890725+00:00,nfl,2026,2,401872937,401872937892,1,1:35,A.Jones right end to MIN 38 for 3 yards (K.Street; D.Jackson).,1,10,MIN 35,65,0,Chicago Bears,Minnesota Vikings,3,3,52.7,47.3,64.0,127.0,191.0,90.0,94.0,184.0,game,Spread,Minnesota Vikings,,-2.5,kalshi,-113,—,—,,0,,miss,,,,—,,
2026-09-20T19:22:51.890725+00:00,nfl,2026,2,401872937,401872937892,1,1:35,A.Jones right end to MIN 38 for 3 yards (K.Street; D.Jackson).,1,10,MIN 35,65,0,Chicago Bears,Minnesota Vikings,3,3,52.7,47.3,64.0,127.0,191.0,90.0,94.0,184.0,game,Spread,Chicago Bears,,2.5,kalshi,-271,—,—,,0,,hit,,,,—,,
2026-09-20T19:22:51.890725+00:00,nfl,2026,2,401872937,401872937892,1,1:35,A.Jones right end to MIN 38 for 3 yards (K.Street; D.Jackson).,1,10,MIN 35,65,0,Chicago Bears,Minnesota Vikings,3,3,52.7,47.3,64.0,127.0,191.0,90.0,94.0,184.0,game,Total,Over,,21.5,kalshi,-525,—,—,,6.0,,miss,,,,—,,
2026-09-20T19:22:51.890725+00:00,nfl,2026,2,401872937,401872937892,1,1:35,A.Jones right end to MIN 38 for 3 yards (K.Street; D.Jackson).,1,10,MIN 35,65,0,Chicago Bears,Minnesota Vikings,3,3,52.7,47.3,64.0,127.0,191.0,90.0,94.0,184.0,game,Total,Under,,21.5,kalshi,-300,—,—,,6.0,,hit,,,,—,,
2026-09-20T19:22:51.890725+00:00,nfl,2026,2,401872937,401872937892,1,1:35,A.Jones right end to MIN 38 for 3 yards (K.Street; D.Jackson).,1,10,MIN 35,65,0,Chicago Bears,Minnesota Vikings,3,3,52.7,47.3,64.0,127.0,191.0,90.0,94.0,184.0,game,ML,Minnesota Vikings,,,polymarket,108,—,—,,Loss,,miss,,,,—,,
2026-09-20T19:22:51.890725+00:00,nfl,2026,2,401872937,401872937892,1,1:35,A.Jones right end to MIN 38 for 3 yards (K.Street; D.Jackson).,1,10,MIN 35,65,0,Chicago Bears,Minnesota Vikings,3,3,52.7,47.3,64.0,127.0,191.0,90.0,94.0,184.0,game,ML,Chicago Bears,,,bet365,-115,—,—,,Loss,,miss,,,,—,,
2026-09-20T19:22:51.890725+00:00,nfl,2026,2,401872937,401872937921,1,0:57,A.Jones right guard to MIN 42 for 4 yards (K.Street).,2,7,MIN 38,62,0,Chicago Bears,Minnesota Vikings,3,3,52.7,47.3,64.0,127.0,191.0,90.0,94.0,184.0,game,Spread,Minnesota Vikings,,-2.5,kalshi,-113,—,—,,0,,miss,,,,—,,
2026-09-20T19:22:51.890725+00:00,nfl,2026,2,401872937,401872937921,1,0:57,A.Jones right guard to MIN 42 for 4 yards (K.Street).,2,7,MIN 38,62,0,Chicago Bears,Minnesota Vikings,3,3,52.7,47.3,64.0,127.0,191.0,90.0,94.0,184.0,game,Spread,Chicago Bears,,2.5,kalshi,-271,—,—,,0,,hit,,,,—,,
2026-09-20T19:22:51.890725+00:00,nfl,2026,2,401872937,401872937921,1,0:57,A.Jones right guard to MIN 42 for 4 yards (K.Street).,2,7,MIN 38,62,0,Chicago Bears,Minnesota Vikings,3,3,52.7,47.3,64.0,127.0,191.0,90.0,94.0,184.0,game,Total,Over,,21.5,kalshi,-525,—,—,,6.0,,miss,,,,—,,
2026-09-20T19:22:51.890725+00:00,nfl,2026,2,401872937,401872937921,1,0:57,A.Jones right guard to MIN 42 for 4 yards (K.Street).,2,7,MIN 38,62,0,Chicago Bears,Minnesota Vikings,3,3,52.7,47.3,64.0,127.0,191.0,90.0,94.0,184.0,game,Total,Under,,21.5,kalshi,-300,—,—,,6.0,,hit,,,,—,,
2026-09-20T19:22:51.890725+00:00,nfl,2026,2,401872937,401872937921,1,0:57,A.Jones right guard to MIN 42 for 4 yards (K.Street).,2,7,MIN 38,62,0,Chicago Bears,Minnesota Vikings,3,3,52.7,47.3,64.0,127.0,191.0,90.0,94.0,184.0,game,ML,Minnesota Vikings,,,polymarket,108,—,—,,Loss,,miss,,,,—,,
2026-09-20T19:22:51.890725+00:00,nfl,2026,2,401872937,401872937921,1,0:57,A.Jones right guard to MIN 42 for 4 yards (K.Street).,2,7,MIN 38,62,0,Chicago Bears,Minnesota Vikings,3,3,52.7,47.3,64.0,127.0,191.0,90.0,94.0,184.0,game,ML,Chicago Bears,,,bet365,-115,—,—,,Loss,,miss,,,,—,,
2026-09-20T19:22:51.890725+00:00,nfl,2026,2,401872937,401872937943,1,0:16,(Shotgun) C.Wentz pass incomplete deep left to J.Addison.,3,3,MIN 42,58,0,Chicago Bears,Minnesota Vikings,3,3,52.7,47.3,64.0,127.0,191.0,90.0,94.0,184.0,game,Spread,Minnesota Vikings,,-2.5,kalshi,-113,—,—,,0,,miss,,,,—,,
2026-09-20T19:22:51.890725+00:00,nfl,2026,2,401872937,401872937943,1,0:16,(Shotgun) C.Wentz pass incomplete deep left to J.Addison.,3,3,MIN 42,58,0,Chicago Bears,Minnesota Vikings,3,3,52.7,47.3,64.0,127.0,191.0,90.0,94.0,184.0,game,Spread,Chicago Bears,,2.5,kalshi,-271,—,—,,0,,hit,,,,—,,
2026-09-20T19:22:51.890725+00:00,nfl,2026,2,401872937,401872937943,1,0:16,(Shotgun) C.Wentz pass incomplete deep left to J.Addison.,3,3,MIN 42,58,0,Chicago Bears,Minnesota Vikings,3,3,52.7,47.3,64.0,127.0,191.0,90.0,94.0,184.0,game,Total,Over,,21.5,kalshi,-525,—,—,,6.0,,miss,,,,—,,
2026-09-20T19:22:51.890725+00:00,nfl,2026,2,401872937,401872937943,1,0:16,(Shotgun) C.Wentz pass incomplete deep left to J.Addison.,3,3,MIN 42,58,0,Chicago Bears,Minnesota Vikings,3,3,52.7,47.3,64.0,127.0,191.0,90.0,94.0,184.0,game,Total,Under,,21.5,kalshi,-300,—,—,,6.0,,hit,,,,—,,
2026-09-20T19:22:51.890725+00:00,nfl,2026,2,401872937,401872937943,1,0:16,(Shotgun) C.Wentz pass incomplete deep left to J.Addison.,3,3,MIN 42,58,0,Chicago Bears,Minnesota Vikings,3,3,52.7,47.3,64.0,127.0,191.0,90.0,94.0,184.0,game,ML,Minnesota Vikings,,,polymarket,108,—,—,,Loss,,miss,,,,—,,
2026-09-20T19:22:51.890725+00:00,nfl,2026,2,401872937,401872937943,1,0:16,(Shotgun) C.Wentz pass incomplete deep left to J.Addison.,3,3,MIN 42,58,0,Chicago Bears,Minnesota Vikings,3,3,52.7,47.3,64.0,127.0,191.0,90.0,94.0,184.0,game,ML,Chicago Bears,,,bet365,-115,—,—,,Loss,,miss,,,,—,,
2026-09-20T19:22:51.890725+00:00,nfl,2026,2,401872937,401872937966,1,0:11," B.Thorson punts 46 yards to CHI 12, Center-A.DePaola, fair catch by K.Raymond.",4,3,MIN 42,58,0,Chicago Bears,Minnesota Vikings,3,3,52.7,47.3,64.0,127.0,191.0,90.0,94.0,184.0,game,Spread,Minnesota Vikings,,-2.5,kalshi,-113,—,—,,0,,miss,,,,—,,
2026-09-20T19:22:51.890725+00:00,nfl,2026,2,401872937,401872937966,1,0:11," B.Thorson punts 46 yards to CHI 12, Center-A.DePaola, fair catch by K.Raymond.",4,3,MIN 42,58,0,Chicago Bears,Minnesota Vikings,3,3,52.7,47.3,64.0,127.0,191.0,90.0,94.0,184.0,game,Spread,Chicago Bears,,2.5,kalshi,-271,—,—,,0,,hit,,,,—,,
2026-09-20T19:22:51.890725+00:00,nfl,2026,2,401872937,401872937966,1,0:11," B.Thorson punts 46 yards to CHI 12, Center-A.DePaola, fair catch by K.Raymond.",4,3,MIN 42,58,0,Chicago Bears,Minnesota Vikings,3,3,52.7,47.3,64.0,127.0,191.0,90.0,94.0,184.0,game,Total,Over,,21.5,kalshi,-525,—,—,,6.0,,miss,,,,—,,
2026-09-20T19:22:51.890725+00:00,nfl,2026,2,401872937,401872937966,1,0:11," B.Thorson punts 46 yards to CHI 12, Center-A.DePaola, fair catch by K.Raymond.",4,3,MIN 42,58,0,Chicago Bears,Minnesota Vikings,3,3,52.7,47.3,64.0,127.0,191.0,90.0,94.0,184.0,game,Total,Under,,21.5,kalshi,-300,—,—,,6.0,,hit,,,,—,,
2026-09-20T19:22:51.890725+00:00,nfl,2026,2,401872937,401872937966,1,0:11," B.Thorson punts 46 yards to CHI 12, Center-A.DePaola, fair catch by K.Raymond.",4,3,MIN 42,58,0,Chicago Bears,Minnesota Vikings,3,3,52.7,47.3,64.0,127.0,191.0,90.0,94.0,184.0,game,ML,Minnesota Vikings,,,polymarket,108,—,—,,Loss,,miss,,,,—,,
2026-09-20T19:22:51.890725+00:00,nfl,2026,2,401872937,401872937966,1,0:11," B.Thorson punts 46 yards to CHI 12, Center-A.DePaola, fair catch by K.Raymond.",4,3,MIN 42,58,0,Chicago Bears,Minnesota Vikings,3,3,52.7,47.3,64.0,127.0,191.0,90.0,94.0,184.0,game,ML,Chicago Bears,,,bet365,-115,—,—,,Loss,,miss,,,,—,,
2026-09-20T19:22:51.890725+00:00,nfl,2026,2,401872937,401872937986,1,0:03,K.Monangai right tackle to CHI 14 for 2 yards (J.Redmond).,1,10,CHI 12,12,0,Chicago Bears,Minnesota Vikings,3,3,52.7,47.3,64.0,127.0,191.0,90.0,94.0,184.0,game,Spread,Minnesota Vikings,,-2.5,kalshi,-113,—,—,,0,,miss,,,,—,,
2026-09-20T19:22:51.890725+00:00,nfl,2026,2,401872937,401872937986,1,0:03,K.Monangai right tackle to CHI 14 for 2 yards (J.Redmond).,1,10,CHI 12,12,0,Chicago Bears,Minnesota Vikings,3,3,52.7,47.3,64.0,127.0,191.0,90.0,94.0,184.0,game,Spread,Chicago Bears,,2.5,kalshi,-271,—,—,,0,,hit,,,,—,,
2026-09-20T19:22:51.890725+00:00,nfl,2026,2,401872937,401872937986,1,0:03,K.Monangai right tackle to CHI 14 for 2 yards (J.Redmond).,1,10,CHI 12,12,0,Chicago Bears,Minnesota Vikings,3,3,52.7,47.3,64.0,127.0,191.0,90.0,94.0,184.0,game,Total,Over,,21.5,kalshi,-525,—,—,,6.0,,miss,,,,—,,
2026-09-20T19:22:51.890725+00:00,nfl,2026,2,401872937,401872937986,1,0:03,K.Monangai right tackle to CHI 14 for 2 yards (J.Redmond).,1,10,CHI 12,12,0,Chicago Bears,Minnesota Vikings,3,3,52.7,47.3,64.0,127.0,191.0,90.0,94.0,184.0,game,Total,Under,,21.5,kalshi,-300,—,—,,6.0,,hit,,,,—,,
2026-09-20T19:22:51.890725+00:00,nfl,2026,2,401872937,401872937986,1,0:03,K.Monangai right tackle to CHI 14 for 2 yards (J.Redmond).,1,10,CHI 12,12,0,Chicago Bears,Minnesota Vikings,3,3,52.7,47.3,64.0,127.0,191.0,90.0,94.0,184.0,game,ML,Minnesota Vikings,,,polymarket,108,—,—,,Loss,,miss,,,,—,,
2026-09-20T19:22:51.890725+00:00,nfl,2026,2,401872937,401872937986,1,0:03,K.Monangai right tackle to CHI 14 for 2 yards (J.Redmond).,1,10,CHI 12,12,0,Chicago Bears,Minnesota Vikings,3,3,52.7,47.3,64.0,127.0,191.0,90.0,94.0,184.0,game,ML,Chicago Bears,,,bet365,-115,—,—,,Loss,,miss,,,,—,,
2026-09-20T19:22:51.890725+00:00,nfl,2026,2,401872937,4018729371018,1,0:00,END QUARTER 1,2,8,MIN 21,14,0,Chicago Bears,Minnesota Vikings,3,3,52.7,47.3,64.0,127.0,191.0,90.0,94.0,184.0,game,Spread,Minnesota Vikings,,-2.5,kalshi,-113,—,—,,0,,miss,,,,—,,
2026-09-20T19:22:51.890725+00:00,nfl,2026,2,401872937,4018729371018,1,0:00,END QUARTER 1,2,8,MIN 21,14,0,Chicago Bears,Minnesota Vikings,3,3,52.7,47.3,64.0,127.0,191.0,90.0,94.0,184.0,game,Spread,Chicago Bears,,2.5,kalshi,-271,—,—,,0,,hit,,,,—,,
2026-09-20T19:22:51.890725+00:00,nfl,2026,2,401872937,4018729371018,1,0:00,END QUARTER 1,2,8,MIN 21,14,0,Chicago Bears,Minnesota Vikings,3,3,52.7,47.3,64.0,127.0,191.0,90.0,94.0,184.0,game,Total,Over,,21.5,kalshi,-525,—,—,,6.0,,miss,,,,—,,
2026-09-20T19:22:51.890725+00:00,nfl,2026,2,401872937,4018729371018,1,0:00,END QUARTER 1,2,8,MIN 21,14,0,Chicago Bears,Minnesota Vikings,3,3,52.7,47.3,64.0,127.0,191.0,90.0,94.0,184.0,game,Total,Under,,21.5,kalshi,-300,—,—,,6.0,,hit,,,,—,,
2026-09-20T19:22:51.890725+00:00,nfl,2026,2,401872937,4018729371018,1,0:00,END QUARTER 1,2,8,MIN 21,14,0,Chicago Bears,Minnesota Vikings,3,3,52.7,47.3,64.0,127.0,191.0,90.0,94.0,184.0,game,ML,Minnesota Vikings,,,polymarket,108,—,—,,Loss,,miss,,,,—,,
2026-09-20T19:22:51.890725+00:00,nfl,2026,2,401872937,4018729371018,1,0:00,END QUARTER 1,2,8,MIN 21,14,0,Chicago Bears,Minnesota Vikings,3,3,52.7,47.3,64.0,127.0,191.0,90.0,94.0,184.0,game,ML,Chicago Bears,,,bet365,-115,—,—,,Loss,,miss,,,,—,,
2026-09-20T19:22:51.890725+00:00,nfl,2026,2,401872937,4018729371038,2,15:00,K.Monangai left tackle to CHI 14 for no gain (B.Cashman).,2,8,CHI 14,14,0,Chicago Bears,Minnesota Vikings,3,3,52.7,47.3,64.0,127.0,191.0,90.0,94.0,184.0,game,Spread,Minnesota Vikings,,-2.5,kalshi,-113,—,—,,0,,miss,,,,—,,
2026-09-20T19:22:51.890725+00:00,nfl,2026,2,401872937,4018729371038,2,15:00,K.Monangai left tackle to CHI 14 for no gain (B.Cashman).,2,8,CHI 14,14,0,Chicago Bears,Minnesota Vikings,3,3,52.7,47.3,64.0,127.0,191.0,90.0,94.0,184.0,game,Spread,Chicago Bears,,2.5,kalshi,-271,—,—,,0,,hit,,,,—,,
2026-09-20T19:22:51.890725+00:00,nfl,2026,2,401872937,4018729371038,2,15:00,K.Monangai left tackle to CHI 14 for no gain (B.Cashman).,2,8,CHI 14,14,0,Chicago Bears,Minnesota Vikings,3,3,52.7,47.3,64.0,127.0,191.0,90.0,94.0,184.0,game,Total,Over,,21.5,kalshi,-525,—,—,,6.0,,miss,,,,—,,
2026-09-20T19:22:51.890725+00:00,nfl,2026,2,401872937,4018729371038,2,15:00,K.Monangai left tackle to CHI 14 for no gain (B.Cashman).,2,8,CHI 14,14,0,Chicago Bears,Minnesota Vikings,3,3,52.7,47.3,64.0,127.0,191.0,90.0,94.0,184.0,game,Total,Under,,21.5,kalshi,-300,—,—,,6.0,,hit,,,,—,,
2026-09-20T19:22:51.890725+00:00,nfl,2026,2,401872937,4018729371038,2,15:00,K.Monangai left tackle to CHI 14 for no gain (B.Cashman).,2,8,CHI 14,14,0,Chicago Bears,Minnesota Vikings,3,3,52.7,47.3,64.0,127.0,191.0,90.0,94.0,184.0,game,ML,Minnesota Vikings,,,polymarket,108,—,—,,Loss,,miss,,,,—,,
2026-09-20T19:22:51.890725+00:00,nfl,2026,2,401872937,4018729371038,2,15:00,K.Monangai left tackle to CHI 14 for no gain (B.Cashman).,2,8,CHI 14,14,0,Chicago Bears,Minnesota Vikings,3,3,52.7,47.3,64.0,127.0,191.0,90.0,94.0,184.0,game,ML,Chicago Bears,,,bet365,-115,—,—,,Loss,,miss,,,,—,,
2026-09-20T19:22:51.890725+00:00,nfl,2026,2,401872937,4018729371060,2,14:18,(Shotgun) C.Williams pass incomplete short left to R.Odunze (J.Pierre).,3,8,CHI 14,14,0,Chicago Bears,Minnesota Vikings,3,3,52.7,47.3,64.0,127.0,191.0,90.0,94.0,184.0,game,Spread,Minnesota Vikings,,-2.5,kalshi,-113,—,—,,0,,miss,,,,—,,
2026-09-20T19:22:51.890725+00:00,nfl,2026,2,401872937,4018729371060,2,14:18,(Shotgun) C.Williams pass incomplete short left to R.Odunze (J.Pierre).,3,8,CHI 14,14,0,Chicago Bears,Minnesota Vikings,3,3,52.7,47.3,64.0,127.0,191.0,90.0,94.0,184.0,game,Spread,Chicago Bears,,2.5,kalshi,-271,—,—,,0,,hit,,,,—,,
2026-09-20T19:22:51.890725+00:00,nfl,2026,2,401872937,4018729371060,2,14:18,(Shotgun) C.Williams pass incomplete short left to R.Odunze (J.Pierre).,3,8,CHI 14,14,0,Chicago Bears,Minnesota Vikings,3,3,52.7,47.3,64.0,127.0,191.0,90.0,94.0,184.0,game,Total,Over,,21.5,kalshi,-525,—,—,,6.0,,miss,,,,—,,
2026-09-20T19:22:51.890725+00:00,nfl,2026,2,401872937,4018729371060,2,14:18,(Shotgun) C.Williams pass incomplete short left to R.Odunze (J.Pierre).,3,8,CHI 14,14,0,Chicago Bears,Minnesota Vikings,3,3,52.7,47.3,64.0,127.0,191.0,90.0,94.0,184.0,game,Total,Under,,21.5,kalshi,-300,—,—,,6.0,,hit,,,,—,,
2026-09-20T19:22:51.890725+00:00,nfl,2026,2,401872937,4018729371060,2,14:18,(Shotgun) C.Williams pass incomplete short left to R.Odunze (J.Pierre).,3,8,CHI 14,14,0,Chicago Bears,Minnesota Vikings,3,3,52.7,47.3,64.0,127.0,191.0,90.0,94.0,184.0,game,ML,Minnesota Vikings,,,polymarket,108,—,—,,Loss,,miss,,,,—,,
2026-09-20T19:22:51.890725+00:00,nfl,2026,2,401872937,4018729371060,2,14:18,(Shotgun) C.Williams pass incomplete short left to R.Odunze (J.Pierre).,3,8,CHI 14,14,0,Chicago Bears,Minnesota Vikings,3,3,52.7,47.3,64.0,127.0,191.0,90.0,94.0,184.0,game,ML,Chicago Bears,,,bet365,-115,—,—,,Loss,,miss,,,,—,,
2026-09-20T19:22:51.890725+00:00,nfl,2026,2,401872937,4018729371083,2,14:14,"T.Taylor punts 50 yards to MIN 36, Center-B.Gardner, downed by CHI-S.Thomas.",4,8,CHI 14,14,0,Chicago Bears,Minnesota Vikings,3,3,52.7,47.3,64.0,127.0,191.0,90.0,94.0,184.0,game,Spread,Minnesota Vikings,,-2.5,kalshi,-113,—,—,,0,,miss,,,,—,,
2026-09-20T19:22:51.890725+00:00,nfl,2026,2,401872937,4018729371083,2,14:14,"T.Taylor punts 50 yards to MIN 36, Center-B.Gardner, downed by CHI-S.Thomas.",4,8,CHI 14,14,0,Chicago Bears,Minnesota Vikings,3,3,52.7,47.3,64.0,127.0,191.0,90.0,94.0,184.0,game,Spread,Chicago Bears,,2.5,kalshi,-271,—,—,,0,,hit,,,,—,,
2026-09-20T19:22:51.890725+00:00,nfl,2026,2,401872937,4018729371083,2,14:14,"T.Taylor punts 50 yards to MIN 36, Center-B.Gardner, downed by CHI-S.Thomas.",4,8,CHI 14,14,0,Chicago Bears,Minnesota Vikings,3,3,52.7,47.3,64.0,127.0,191.0,90.0,94.0,184.0,game,Total,Over,,21.5,kalshi,-525,—,—,,6.0,,miss,,,,—,,
2026-09-20T19:22:51.890725+00:00,nfl,2026,2,401872937,4018729371083,2,14:14,"T.Taylor punts 50 yards to MIN 36, Center-B.Gardner, downed by CHI-S.Thomas.",4,8,CHI 14,14,0,Chicago Bears,Minnesota Vikings,3,3,52.7,47.3,64.0,127.0,191.0,90.0,94.0,184.0,game,Total,Under,,21.5,kalshi,-300,—,—,,6.0,,hit,,,,—,,
2026-09-20T19:22:51.890725+00:00,nfl,2026,2,401872937,4018729371083,2,14:14,"T.Taylor punts 50 yards to MIN 36, Center-B.Gardner, downed by CHI-S.Thomas.",4,8,CHI 14,14,0,Chicago Bears,Minnesota Vikings,3,3,52.7,47.3,64.0,127.0,191.0,90.0,94.0,184.0,game,ML,Minnesota Vikings,,,polymarket,108,—,—,,Loss,,miss,,,,—,,
2026-09-20T19:22:51.890725+00:00,nfl,2026,2,401872937,4018729371083,2,14:14,"T.Taylor punts 50 yards to MIN 36, Center-B.Gardner, downed by CHI-S.Thomas.",4,8,CHI 14,14,0,Chicago Bears,Minnesota Vikings,3,3,52.7,47.3,64.0,127.0,191.0,90.0,94.0,184.0,game,ML,Chicago Bears,,,bet365,-115,—,—,,Loss,,miss,,,,—,,
2026-09-20T19:22:51.890725+00:00,nfl,2026,2,401872937,4018729371103,2,14:03,(Shotgun) C.Wentz pass incomplete short left to T.Hockenson.,1,10,MIN 36,64,0,Chicago Bears,Minnesota Vikings,3,3,52.7,47.3,64.0,127.0,191.0,90.0,94.0,184.0,game,Spread,Minnesota Vikings,,-2.5,kalshi,-113,—,—,,0,,miss,,,,—,,
2026-09-20T19:22:51.890725+00:00,nfl,2026,2,401872937,4018729371103,2,14:03,(Shotgun) C.Wentz pass incomplete short left to T.Hockenson.,1,10,MIN 36,64,0,Chicago Bears,Minnesota Vikings,3,3,52.7,47.3,64.0,127.0,191.0,90.0,94.0,184.0,game,Spread,Chicago Bears,,2.5,kalshi,-271,—,—,,0,,hit,,,,—,,
2026-09-20T19:22:51.890725+00:00,nfl,2026,2,401872937,4018729371103,2,14:03,(Shotgun) C.Wentz pass incomplete short left to T.Hockenson.,1,10,MIN 36,64,0,Chicago Bears,Minnesota Vikings,3,3,52.7,47.3,64.0,127.0,191.0,90.0,94.0,184.0,game,Total,Over,,21.5,kalshi,-525,—,—,,6.0,,miss,,,,—,,
2026-09-20T19:22:51.890725+00:00,nfl,2026,2,401872937,4018729371103,2,14:03,(Shotgun) C.Wentz pass incomplete short left to T.Hockenson.,1,10,MIN 36,64,0,Chicago Bears,Minnesota Vikings,3,3,52.7,47.3,64.0,127.0,191.0,90.0,94.0,184.0,game,Total,Under,,21.5,kalshi,-300,—,—,,6.0,,hit,,,,—,,
2026-09-20T19:22:51.890725+00:00,nfl,2026,2,401872937,4018729371103,2,14:03,(Shotgun) C.Wentz pass incomplete short left to T.Hockenson.,1,10,MIN 36,64,0,Chicago Bears,Minnesota Vikings,3,3,52.7,47.3,64.0,127.0,191.0,90.0,94.0,184.0,game,ML,Minnesota Vikings,,,polymarket,108,—,—,,Loss,,miss,,,,—,,
2026-09-20T19:22:51.890725+00:00,nfl,2026,2,401872937,4018729371103,2,14:03,(Shotgun) C.Wentz pass incomplete short left to T.Hockenson.,1,10,MIN 36,64,0,Chicago Bears,Minnesota Vikings,3,3,52.7,47.3,64.0,127.0,191.0,90.0,94.0,184.0,game,ML,Chicago Bears,,,bet365,-115,—,—,,Loss,,miss,,,,—,,
2026-09-20T19:22:51.890725+00:00,nfl,2026,2,401872937,4018729371126,2,13:59,A.Jones right guard to MIN 42 for 6 yards (T.Edwards; D.Thieneman).,2,10,MIN 36,64,0,Chicago Bears,Minnesota Vikings,3,3,52.7,47.3,64.0,127.0,191.0,90.0,94.0,184.0,game,Spread,Minnesota Vikings,,-2.5,kalshi,-113,—,—,,0,,miss,,,,—,,
2026-09-20T19:22:51.890725+00:00,nfl,2026,2,401872937,4018729371126,2,13:59,A.Jones right guard to MIN 42 for 6 yards (T.Edwards; D.Thieneman).,2,10,MIN 36,64,0,Chicago Bears,Minnesota Vikings,3,3,52.7,47.3,64.0,127.0,191.0,90.0,94.0,184.0,game,Spread,Chicago Bears,,2.5,kalshi,-271,—,—,,0,,hit,,,,—,,
2026-09-20T19:22:51.890725+00:00,nfl,2026,2,401872937,4018729371126,2,13:59,A.Jones right guard to MIN 42 for 6 yards (T.Edwards; D.Thieneman).,2,10,MIN 36,64,0,Chicago Bears,Minnesota Vikings,3,3,52.7,47.3,64.0,127.0,191.0,90.0,94.0,184.0,game,Total,Over,,21.5,kalshi,-525,—,—,,6.0,,miss,,,,—,,
2026-09-20T19:22:51.890725+00:00,nfl,2026,2,401872937,4018729371126,2,13:59,A.Jones right guard to MIN 42 for 6 yards (T.Edwards; D.Thieneman).,2,10,MIN 36,64,0,Chicago Bears,Minnesota Vikings,3,3,52.7,47.3,64.0,127.0,191.0,90.0,94.0,184.0,game,Total,Under,,21.5,kalshi,-300,—,—,,6.0,,hit,,,,—,,
2026-09-20T19:22:51.890725+00:00,nfl,2026,2,401872937,4018729371126,2,13:59,A.Jones right guard to MIN 42 for 6 yards (T.Edwards; D.Thieneman).,2,10,MIN 36,64,0,Chicago Bears,Minnesota Vikings,3,3,52.7,47.3,64.0,127.0,191.0,90.0,94.0,184.0,game,ML,Minnesota Vikings,,,polymarket,108,—,—,,Loss,,miss,,,,—,,
2026-09-20T19:22:51.890725+00:00,nfl,2026,2,401872937,4018729371126,2,13:59,A.Jones right guard to MIN 42 for 6 yards (T.Edwards; D.Thieneman).,2,10,MIN 36,64,0,Chicago Bears,Minnesota Vikings,3,3,52.7,47.3,64.0,127.0,191.0,90.0,94.0,184.0,game,ML,Chicago Bears,,,bet365,-115,—,—,,Loss,,miss,,,,—,,
2026-09-20T19:22:51.890725+00:00,nfl,2026,2,401872937,4018729371148,2,13:15,"(13:15) (Shotgun) C.Wentz pass short middle to J.Jefferson to CHI 42 for 16 yards (C.Lewis) [D.Odeyingbo].
Penalty on CHI-J.Johnson, Illegal Use of Hands, declined.",3,4,MIN 42,58,0,Chicago Bears,Minnesota Vikings,3,3,52.7,47.3,64.0,127.0,191.0,90.0,94.0,184.0,game,Spread,Minnesota Vikings,,-2.5,kalshi,-113,—,—,,0,,miss,,,,—,,
2026-09-20T19:22:51.890725+00:00,nfl,2026,2,401872937,4018729371148,2,13:15,"(13:15) (Shotgun) C.Wentz pass short middle to J.Jefferson to CHI 42 for 16 yards (C.Lewis) [D.Odeyingbo].
Penalty on CHI-J.Johnson, Illegal Use of Hands, declined.",3,4,MIN 42,58,0,Chicago Bears,Minnesota Vikings,3,3,52.7,47.3,64.0,127.0,191.0,90.0,94.0,184.0,game,Spread,Chicago Bears,,2.5,kalshi,-271,—,—,,0,,hit,,,,—,,
2026-09-20T19:22:51.890725+00:00,nfl,2026,2,401872937,4018729371148,2,13:15,"(13:15) (Shotgun) C.Wentz pass short middle to J.Jefferson to CHI 42 for 16 yards (C.Lewis) [D.Odeyingbo].
Penalty on CHI-J.Johnson, Illegal Use of Hands, declined.",3,4,MIN 42,58,0,Chicago Bears,Minnesota Vikings,3,3,52.7,47.3,64.0,127.0,191.0,90.0,94.0,184.0,game,Total,Over,,21.5,kalshi,-525,—,—,,6.0,,miss,,,,—,,
2026-09-20T19:22:51.890725+00:00,nfl,2026,2,401872937,4018729371148,2,13:15,"(13:15) (Shotgun) C.Wentz pass short middle to J.Jefferson to CHI 42 for 16 yards (C.Lewis) [D.Odeyingbo].
Penalty on CHI-J.Johnson, Illegal Use of Hands, declined.",3,4,MIN 42,58,0,Chicago Bears,Minnesota Vikings,3,3,52.7,47.3,64.0,127.0,191.0,90.0,94.0,184.0,game,Total,Under,,21.5,kalshi,-300,—,—,,6.0,,hit,,,,—,,
2026-09-20T19:22:51.890725+00:00,nfl,2026,2,401872937,4018729371148,2,13:15,"(13:15) (Shotgun) C.Wentz pass short middle to J.Jefferson to CHI 42 for 16 yards (C.Lewis) [D.Odeyingbo].
Penalty on CHI-J.Johnson, Illegal Use of Hands, declined.",3,4,MIN 42,58,0,Chicago Bears,Minnesota Vikings,3,3,52.7,47.3,64.0,127.0,191.0,90.0,94.0,184.0,game,ML,Minnesota Vikings,,,polymarket,108,—,—,,Loss,,miss,,,,—,,
2026-09-20T19:22:51.890725+00:00,nfl,2026,2,401872937,4018729371148,2,13:15,"(13:15) (Shotgun) C.Wentz pass short middle to J.Jefferson to CHI 42 for 16 yards (C.Lewis) [D.Odeyingbo].
Penalty on CHI-J.Johnson, Illegal Use of Hands, declined.",3,4,MIN 42,58,0,Chicago Bears,Minnesota Vikings,3,3,52.7,47.3,64.0,127.0,191.0,90.0,94.0,184.0,game,ML,Chicago Bears,,,bet365,-115,—,—,,Loss,,miss,,,,—,,
2026-09-20T19:22:51.890725+00:00,nfl,2026,2,401872937,4018729371184,2,12:47,(Shotgun) A.Jones left tackle to CHI 35 for 7 yards (D.Thieneman; J.Lynch).,1,10,CHI 42,42,0,Chicago Bears,Minnesota Vikings,3,3,52.7,47.3,64.0,127.0,191.0,90.0,94.0,184.0,game,Spread,Minnesota Vikings,,-2.5,kalshi,-113,—,—,,0,,miss,,,,—,,
2026-09-20T19:22:51.890725+00:00,nfl,2026,2,401872937,4018729371184,2,12:47,(Shotgun) A.Jones left tackle to CHI 35 for 7 yards (D.Thieneman; J.Lynch).,1,10,CHI 42,42,0,Chicago Bears,Minnesota Vikings,3,3,52.7,47.3,64.0,127.0,191.0,90.0,94.0,184.0,game,Spread,Chicago Bears,,2.5,kalshi,-271,—,—,,0,,hit,,,,—,,
2026-09-20T19:22:51.890725+00:00,nfl,2026,2,401872937,4018729371184,2,12:47,(Shotgun) A.Jones left tackle to CHI 35 for 7 yards (D.Thieneman; J.Lynch).,1,10,CHI 42,42,0,Chicago Bears,Minnesota Vikings,3,3,52.7,47.3,64.0,127.0,191.0,90.0,94.0,184.0,game,Total,Over,,21.5,kalshi,-525,—,—,,6.0,,miss,,,,—,,
2026-09-20T19:22:51.890725+00:00,nfl,2026,2,401872937,4018729371184,2,12:47,(Shotgun) A.Jones left tackle to CHI 35 for 7 yards (D.Thieneman; J.Lynch).,1,10,CHI 42,42,0,Chicago Bears,Minnesota Vikings,3,3,52.7,47.3,64.0,127.0,191.0,90.0,94.0,184.0,game,Total,Under,,21.5,kalshi,-300,—,—,,6.0,,hit,,,,—,,
2026-09-20T19:22:51.890725+00:00,nfl,2026,2,401872937,4018729371184,2,12:47,(Shotgun) A.Jones left tackle to CHI 35 for 7 yards (D.Thieneman; J.Lynch).,1,10,CHI 42,42,0,Chicago Bears,Minnesota Vikings,3,3,52.7,47.3,64.0,127.0,191.0,90.0,94.0,184.0,game,ML,Minnesota Vikings,,,polymarket,108,—,—,,Loss,,miss,,,,—,,
2026-09-20T19:22:51.890725+00:00,nfl,2026,2,401872937,4018729371184,2,12:47,(Shotgun) A.Jones left tackle to CHI 35 for 7 yards (D.Thieneman; J.Lynch).,1,10,CHI 42,42,0,Chicago Bears,Minnesota Vikings,3,3,52.7,47.3,64.0,127.0,191.0,90.0,94.0,184.0,game,ML,Chicago Bears,,,bet365,-115,—,—,,Loss,,miss,,,,—,,
2026-09-20T19:22:51.890725+00:00,nfl,2026,2,401872937,4018729371206,2,12:06,(Shotgun) A.Jones right tackle to CHI 34 for 1 yard (D.Jackson; J.Lynch).,2,3,CHI 35,35,0,Chicago Bears,Minnesota Vikings,3,3,52.7,47.3,64.0,127.0,191.0,90.0,94.0,184.0,game,Spread,Minnesota Vikings,,-2.5,kalshi,-113,—,—,,0,,miss,,,,—,,
2026-09-20T19:22:51.890725+00:00,nfl,2026,2,401872937,4018729371206,2,12:06,(Shotgun) A.Jones right tackle to CHI 34 for 1 yard (D.Jackson; J.Lynch).,2,3,CHI 35,35,0,Chicago Bears,Minnesota Vikings,3,3,52.7,47.3,64.0,127.0,191.0,90.0,94.0,184.0,game,Spread,Chicago Bears,,2.5,kalshi,-271,—,—,,0,,hit,,,,—,,
2026-09-20T19:22:51.890725+00:00,nfl,2026,2,401872937,4018729371206,2,12:06,(Shotgun) A.Jones right tackle to CHI 34 for 1 yard (D.Jackson; J.Lynch).,2,3,CHI 35,35,0,Chicago Bears,Minnesota Vikings,3,3,52.7,47.3,64.0,127.0,191.0,90.0,94.0,184.0,game,Total,Over,,21.5,kalshi,-525,—,—,,6.0,,miss,,,,—,,
2026-09-20T19:22:51.890725+00:00,nfl,2026,2,401872937,4018729371206,2,12:06,(Shotgun) A.Jones right tackle to CHI 34 for 1 yard (D.Jackson; J.Lynch).,2,3,CHI 35,35,0,Chicago Bears,Minnesota Vikings,3,3,52.7,47.3,64.0,127.0,191.0,90.0,94.0,184.0,game,Total,Under,,21.5,kalshi,-300,—,—,,6.0,,hit,,,,—,,
2026-09-20T19:22:51.890725+00:00,nfl,2026,2,401872937,4018729371206,2,12:06,(Shotgun) A.Jones right tackle to CHI 34 for 1 yard (D.Jackson; J.Lynch).,2,3,CHI 35,35,0,Chicago Bears,Minnesota Vikings,3,3,52.7,47.3,64.0,127.0,191.0,90.0,94.0,184.0,game,ML,Minnesota Vikings,,,polymarket,108,—,—,,Loss,,miss,,,,—,,
2026-09-20T19:22:51.890725+00:00,nfl,2026,2,401872937,4018729371206,2,12:06,(Shotgun) A.Jones right tackle to CHI 34 for 1 yard (D.Jackson; J.Lynch).,2,3,CHI 35,35,0,Chicago Bears,Minnesota Vikings,3,3,52.7,47.3,64.0,127.0,191.0,90.0,94.0,184.0,game,ML,Chicago Bears,,,bet365,-115,—,—,,Loss,,miss,,,,—,,
2026-09-20T19:22:51.890725+00:00,nfl,2026,2,401872937,4018729371228,2,11:23,(Shotgun) A.Jones right guard to CHI 33 for 1 yard (J.Lynch).,3,2,CHI 34,34,0,Chicago Bears,Minnesota Vikings,3,3,52.7,47.3,64.0,127.0,191.0,90.0,94.0,184.0,game,Spread,Minnesota Vikings,,-2.5,kalshi,-113,—,—,,0,,miss,,,,—,,
2026-09-20T19:22:51.890725+00:00,nfl,2026,2,401872937,4018729371228,2,11:23,(Shotgun) A.Jones right guard to CHI 33 for 1 yard (J.Lynch).,3,2,CHI 34,34,0,Chicago Bears,Minnesota Vikings,3,3,52.7,47.3,64.0,127.0,191.0,90.0,94.0,184.0,game,Spread,Chicago Bears,,2.5,kalshi,-271,—,—,,0,,hit,,,,—,,
2026-09-20T19:22:51.890725+00:00,nfl,2026,2,401872937,4018729371228,2,11:23,(Shotgun) A.Jones right guard to CHI 33 for 1 yard (J.Lynch).,3,2,CHI 34,34,0,Chicago Bears,Minnesota Vikings,3,3,52.7,47.3,64.0,127.0,191.0,90.0,94.0,184.0,game,Total,Over,,21.5,kalshi,-525,—,—,,6.0,,miss,,,,—,,
2026-09-20T19:22:51.890725+00:00,nfl,2026,2,401872937,4018729371228,2,11:23,(Shotgun) A.Jones right guard to CHI 33 for 1 yard (J.Lynch).,3,2,CHI 34,34,0,Chicago Bears,Minnesota Vikings,3,3,52.7,47.3,64.0,127.0,191.0,90.0,94.0,184.0,game,Total,Under,,21.5,kalshi,-300,—,—,,6.0,,hit,,,,—,,
2026-09-20T19:22:51.890725+00:00,nfl,2026,2,401872937,4018729371228,2,11:23,(Shotgun) A.Jones right guard to CHI 33 for 1 yard (J.Lynch).,3,2,CHI 34,34,0,Chicago Bears,Minnesota Vikings,3,3,52.7,47.3,64.0,127.0,191.0,90.0,94.0,184.0,game,ML,Minnesota Vikings,,,polymarket,108,—,—,,Loss,,miss,,,,—,,
2026-09-20T19:22:51.890725+00:00,nfl,2026,2,401872937,4018729371228,2,11:23,(Shotgun) A.Jones right guard to CHI 33 for 1 yard (J.Lynch).,3,2,CHI 34,34,0,Chicago Bears,Minnesota Vikings,3,3,52.7,47.3,64.0,127.0,191.0,90.0,94.0,184.0,game,ML,Chicago Bears,,,bet365,-115,—,—,,Loss,,miss,,,,—,,
2026-09-20T19:22:51.890725+00:00,nfl,2026,2,401872937,4018729371250,2,10:40,C.Wentz right guard to CHI 31 for 2 yards (N.Gallimore).,4,1,CHI 33,33,0,Chicago Bears,Minnesota Vikings,3,3,52.7,47.3,64.0,127.0,191.0,90.0,94.0,184.0,game,Spread,Minnesota Vikings,,-2.5,kalshi,-113,—,—,,0,,miss,,,,—,,
2026-09-20T19:22:51.890725+00:00,nfl,2026,2,401872937,4018729371250,2,10:40,C.Wentz right guard to CHI 31 for 2 yards (N.Gallimore).,4,1,CHI 33,33,0,Chicago Bears,Minnesota Vikings,3,3,52.7,47.3,64.0,127.0,191.0,90.0,94.0,184.0,game,Spread,Chicago Bears,,2.5,kalshi,-271,—,—,,0,,hit,,,,—,,
2026-09-20T19:22:51.890725+00:00,nfl,2026,2,401872937,4018729371250,2,10:40,C.Wentz right guard to CHI 31 for 2 yards (N.Gallimore).,4,1,CHI 33,33,0,Chicago Bears,Minnesota Vikings,3,3,52.7,47.3,64.0,127.0,191.0,90.0,94.0,184.0,game,Total,Over,,21.5,kalshi,-525,—,—,,6.0,,miss,,,,—,,
2026-09-20T19:22:51.890725+00:00,nfl,2026,2,401872937,4018729371250,2,10:40,C.Wentz right guard to CHI 31 for 2 yards (N.Gallimore).,4,1,CHI 33,33,0,Chicago Bears,Minnesota Vikings,3,3,52.7,47.3,64.0,127.0,191.0,90.0,94.0,184.0,game,Total,Under,,21.5,kalshi,-300,—,—,,6.0,,hit,,,,—,,
2026-09-20T19:22:51.890725+00:00,nfl,2026,2,401872937,4018729371250,2,10:40,C.Wentz right guard to CHI 31 for 2 yards (N.Gallimore).,4,1,CHI 33,33,0,Chicago Bears,Minnesota Vikings,3,3,52.7,47.3,64.0,127.0,191.0,90.0,94.0,184.0,game,ML,Minnesota Vikings,,,polymarket,108,—,—,,Loss,,miss,,,,—,,
2026-09-20T19:22:51.890725+00:00,nfl,2026,2,401872937,4018729371250,2,10:40,C.Wentz right guard to CHI 31 for 2 yards (N.Gallimore).,4,1,CHI 33,33,0,Chicago Bears,Minnesota Vikings,3,3,52.7,47.3,64.0,127.0,191.0,90.0,94.0,184.0,game,ML,Chicago Bears,,,bet365,-115,—,—,,Loss,,miss,,,,—,,
2026-09-20T19:22:51.890725+00:00,nfl,2026,2,401872937,4018729371272,2,9:56,"A.Jones left end to CHI 33 for -2 yards (T.Stevenson, D.Thieneman).",1,10,CHI 31,31,0,Chicago Bears,Minnesota Vikings,3,3,52.7,47.3,64.0,127.0,191.0,90.0,94.0,184.0,game,Spread,Minnesota Vikings,,-2.5,kalshi,-113,—,—,,0,,miss,,,,—,,
2026-09-20T19:22:51.890725+00:00,nfl,2026,2,401872937,4018729371272,2,9:56,"A.Jones left end to CHI 33 for -2 yards (T.Stevenson, D.Thieneman).",1,10,CHI 31,31,0,Chicago Bears,Minnesota Vikings,3,3,52.7,47.3,64.0,127.0,191.0,90.0,94.0,184.0,game,Spread,Chicago Bears,,2.5,kalshi,-271,—,—,,0,,hit,,,,—,,
2026-09-20T19:22:51.890725+00:00,nfl,2026,2,401872937,4018729371272,2,9:56,"A.Jones left end to CHI 33 for -2 yards (T.Stevenson, D.Thieneman).",1,10,CHI 31,31,0,Chicago Bears,Minnesota Vikings,3,3,52.7,47.3,64.0,127.0,191.0,90.0,94.0,184.0,game,Total,Over,,21.5,kalshi,-525,—,—,,6.0,,miss,,,,—,,
2026-09-20T19:22:51.890725+00:00,nfl,2026,2,401872937,4018729371272,2,9:56,"A.Jones left end to CHI 33 for -2 yards (T.Stevenson, D.Thieneman).",1,10,CHI 31,31,0,Chicago Bears,Minnesota Vikings,3,3,52.7,47.3,64.0,127.0,191.0,90.0,94.0,184.0,game,Total,Under,,21.5,kalshi,-300,—,—,,6.0,,hit,,,,—,,
2026-09-20T19:22:51.890725+00:00,nfl,2026,2,401872937,4018729371272,2,9:56,"A.Jones left end to CHI 33 for -2 yards (T.Stevenson, D.Thieneman).",1,10,CHI 31,31,0,Chicago Bears,Minnesota Vikings,3,3,52.7,47.3,64.0,127.0,191.0,90.0,94.0,184.0,game,ML,Minnesota Vikings,,,polymarket,108,—,—,,Loss,,miss,,,,—,,
2026-09-20T19:22:51.890725+00:00,nfl,2026,2,401872937,4018729371272,2,9:56,"A.Jones left end to CHI 33 for -2 yards (T.Stevenson, D.Thieneman).",1,10,CHI 31,31,0,Chicago Bears,Minnesota Vikings,3,3,52.7,47.3,64.0,127.0,191.0,90.0,94.0,184.0,game,ML,Chicago Bears,,,bet365,-115,—,—,,Loss,,miss,,,,—,,
2026-09-20T19:22:51.890725+00:00,nfl,2026,2,401872937,4018729371294,2,9:11,(Shotgun) C.Wentz pass incomplete short left to J.Jefferson.,2,12,CHI 33,33,0,Chicago Bears,Minnesota Vikings,3,3,52.7,47.3,64.0,127.0,191.0,90.0,94.0,184.0,game,Spread,Minnesota Vikings,,-2.5,kalshi,-113,—,—,,0,,miss,,,,—,,
2026-09-20T19:22:51.890725+00:00,nfl,2026,2,401872937,4018729371294,2,9:11,(Shotgun) C.Wentz pass incomplete short left to J.Jefferson.,2,12,CHI 33,33,0,Chicago Bears,Minnesota Vikings,3,3,52.7,47.3,64.0,127.0,191.0,90.0,94.0,184.0,game,Spread,Chicago Bears,,2.5,kalshi,-271,—,—,,0,,hit,,,,—,,
2026-09-20T19:22:51.890725+00:00,nfl,2026,2,401872937,4018729371294,2,9:11,(Shotgun) C.Wentz pass incomplete short left to J.Jefferson.,2,12,CHI 33,33,0,Chicago Bears,Minnesota Vikings,3,3,52.7,47.3,64.0,127.0,191.0,90.0,94.0,184.0,game,Total,Over,,21.5,kalshi,-525,—,—,,6.0,,miss,,,,—,,
2026-09-20T19:22:51.890725+00:00,nfl,2026,2,401872937,4018729371294,2,9:11,(Shotgun) C.Wentz pass incomplete short left to J.Jefferson.,2,12,CHI 33,33,0,Chicago Bears,Minnesota Vikings,3,3,52.7,47.3,64.0,127.0,191.0,90.0,94.0,184.0,game,Total,Under,,21.5,kalshi,-300,—,—,,6.0,,hit,,,,—,,
2026-09-20T19:22:51.890725+00:00,nfl,2026,2,401872937,4018729371294,2,9:11,(Shotgun) C.Wentz pass incomplete short left to J.Jefferson.,2,12,CHI 33,33,0,Chicago Bears,Minnesota Vikings,3,3,52.7,47.3,64.0,127.0,191.0,90.0,94.0,184.0,game,ML,Minnesota Vikings,,,polymarket,108,—,—,,Loss,,miss,,,,—,,
2026-09-20T19:22:51.890725+00:00,nfl,2026,2,401872937,4018729371294,2,9:11,(Shotgun) C.Wentz pass incomplete short left to J.Jefferson.,2,12,CHI 33,33,0,Chicago Bears,Minnesota Vikings,3,3,52.7,47.3,64.0,127.0,191.0,90.0,94.0,184.0,game,ML,Chicago Bears,,,bet365,-115,—,—,,Loss,,miss,,,,—,,
2026-09-20T19:22:51.890725+00:00,nfl,2026,2,401872937,4018729371317,2,9:08,(Shotgun) C.Wentz pass short right to D.Claiborne to CHI 31 for 2 yards (T.Edwards).,3,12,CHI 33,33,0,Chicago Bears,Minnesota Vikings,3,3,52.7,47.3,64.0,127.0,191.0,90.0,94.0,184.0,game,Spread,Minnesota Vikings,,-2.5,kalshi,-113,—,—,,0,,miss,,,,—,,
2026-09-20T19:22:51.890725+00:00,nfl,2026,2,401872937,4018729371317,2,9:08,(Shotgun) C.Wentz pass short right to D.Claiborne to CHI 31 for 2 yards (T.Edwards).,3,12,CHI 33,33,0,Chicago Bears,Minnesota Vikings,3,3,52.7,47.3,64.0,127.0,191.0,90.0,94.0,184.0,game,Spread,Chicago Bears,,2.5,kalshi,-271,—,—,,0,,hit,,,,—,,
2026-09-20T19:22:51.890725+00:00,nfl,2026,2,401872937,4018729371317,2,9:08,(Shotgun) C.Wentz pass short right to D.Claiborne to CHI 31 for 2 yards (T.Edwards).,3,12,CHI 33,33,0,Chicago Bears,Minnesota Vikings,3,3,52.7,47.3,64.0,127.0,191.0,90.0,94.0,184.0,game,Total,Over,,21.5,kalshi,-525,—,—,,6.0,,miss,,,,—,,
2026-09-20T19:22:51.890725+00:00,nfl,2026,2,401872937,4018729371317,2,9:08,(Shotgun) C.Wentz pass short right to D.Claiborne to CHI 31 for 2 yards (T.Edwards).,3,12,CHI 33,33,0,Chicago Bears,Minnesota Vikings,3,3,52.7,47.3,64.0,127.0,191.0,90.0,94.0,184.0,game,Total,Under,,21.5,kalshi,-300,—,—,,6.0,,hit,,,,—,,
2026-09-20T19:22:51.890725+00:00,nfl,2026,2,401872937,4018729371317,2,9:08,(Shotgun) C.Wentz pass short right to D.Claiborne to CHI 31 for 2 yards (T.Edwards).,3,12,CHI 33,33,0,Chicago Bears,Minnesota Vikings,3,3,52.7,47.3,64.0,127.0,191.0,90.0,94.0,184.0,game,ML,Minnesota Vikings,,,polymarket,108,—,—,,Loss,,miss,,,,—,,
2026-09-20T19:22:51.890725+00:00,nfl,2026,2,401872937,4018729371317,2,9:08,(Shotgun) C.Wentz pass short right to D.Claiborne to CHI 31 for 2 yards (T.Edwards).,3,12,CHI 33,33,0,Chicago Bears,Minnesota Vikings,3,3,52.7,47.3,64.0,127.0,191.0,90.0,94.0,184.0,game,ML,Chicago Bears,,,bet365,-115,—,—,,Loss,,miss,,,,—,,
2026-09-20T19:22:51.890725+00:00,nfl,2026,2,401872937,4018729371352,2,8:18,Official Timeout at 08:18.,-1,1,MIN 35,65,-3,Chicago Bears,Minnesota Vikings,3,6,52.7,47.3,64.0,127.0,191.0,90.0,94.0,184.0,game,Spread,Minnesota Vikings,,-2.5,kalshi,-113,—,—,,-3,,hit,,,,—,,
2026-09-20T19:22:51.890725+00:00,nfl,2026,2,401872937,4018729371352,2,8:18,Official Timeout at 08:18.,-1,1,MIN 35,65,-3,Chicago Bears,Minnesota Vikings,3,6,52.7,47.3,64.0,127.0,191.0,90.0,94.0,184.0,game,Spread,Chicago Bears,,2.5,kalshi,-271,—,—,,-3,,miss,,,,—,,
2026-09-20T19:22:51.890725+00:00,nfl,2026,2,401872937,4018729371352,2,8:18,Official Timeout at 08:18.,-1,1,MIN 35,65,-3,Chicago Bears,Minnesota Vikings,3,6,52.7,47.3,64.0,127.0,191.0,90.0,94.0,184.0,game,Total,Over,,21.5,kalshi,-525,—,—,,9.0,,miss,,,,—,,
2026-09-20T19:22:51.890725+00:00,nfl,2026,2,401872937,4018729371352,2,8:18,Official Timeout at 08:18.,-1,1,MIN 35,65,-3,Chicago Bears,Minnesota Vikings,3,6,52.7,47.3,64.0,127.0,191.0,90.0,94.0,184.0,game,Total,Under,,21.5,kalshi,-300,—,—,,9.0,,hit,,,,—,,
2026-09-20T19:22:51.890725+00:00,nfl,2026,2,401872937,4018729371352,2,8:18,Official Timeout at 08:18.,-1,1,MIN 35,65,-3,Chicago Bears,Minnesota Vikings,3,6,52.7,47.3,64.0,127.0,191.0,90.0,94.0,184.0,game,ML,Minnesota Vikings,,,polymarket,108,—,—,,Win,,hit,,,,—,,
2026-09-20T19:22:51.890725+00:00,nfl,2026,2,401872937,4018729371352,2,8:18,Official Timeout at 08:18.,-1,1,MIN 35,65,-3,Chicago Bears,Minnesota Vikings,3,6,52.7,47.3,64.0,127.0,191.0,90.0,94.0,184.0,game,ML,Chicago Bears,,,bet365,-115,—,—,,Loss,,miss,,,,—,,
2026-09-20T19:22:51.890725+00:00,nfl,2026,2,401872937,4018729371342,2,8:18,"W.Reichard 49 yard field goal is GOOD, Center-A.DePaola, Holder-B.Thorson.",4,10,CHI 31,31,-3,Chicago Bears,Minnesota Vikings,3,6,52.7,47.3,64.0,127.0,191.0,90.0,94.0,184.0,game,Spread,Minnesota Vikings,,-2.5,kalshi,-113,—,—,,-3,,hit,,,,—,,
2026-09-20T19:22:51.890725+00:00,nfl,2026,2,401872937,4018729371342,2,8:18,"W.Reichard 49 yard field goal is GOOD, Center-A.DePaola, Holder-B.Thorson.",4,10,CHI 31,31,-3,Chicago Bears,Minnesota Vikings,3,6,52.7,47.3,64.0,127.0,191.0,90.0,94.0,184.0,game,Spread,Chicago Bears,,2.5,kalshi,-271,—,—,,-3,,miss,,,,—,,
2026-09-20T19:22:51.890725+00:00,nfl,2026,2,401872937,4018729371342,2,8:18,"W.Reichard 49 yard field goal is GOOD, Center-A.DePaola, Holder-B.Thorson.",4,10,CHI 31,31,-3,Chicago Bears,Minnesota Vikings,3,6,52.7,47.3,64.0,127.0,191.0,90.0,94.0,184.0,game,Total,Over,,21.5,kalshi,-525,—,—,,9.0,,miss,,,,—,,
2026-09-20T19:22:51.890725+00:00,nfl,2026,2,401872937,4018729371342,2,8:18,"W.Reichard 49 yard field goal is GOOD, Center-A.DePaola, Holder-B.Thorson.",4,10,CHI 31,31,-3,Chicago Bears,Minnesota Vikings,3,6,52.7,47.3,64.0,127.0,191.0,90.0,94.0,184.0,game,Total,Under,,21.5,kalshi,-300,—,—,,9.0,,hit,,,,—,,
2026-09-20T19:22:51.890725+00:00,nfl,2026,2,401872937,4018729371342,2,8:18,"W.Reichard 49 yard field goal is GOOD, Center-A.DePaola, Holder-B.Thorson.",4,10,CHI 31,31,-3,Chicago Bears,Minnesota Vikings,3,6,52.7,47.3,64.0,127.0,191.0,90.0,94.0,184.0,game,ML,Minnesota Vikings,,,polymarket,108,—,—,,Win,,hit,,,,—,,
2026-09-20T19:22:51.890725+00:00,nfl,2026,2,401872937,4018729371342,2,8:18,"W.Reichard 49 yard field goal is GOOD, Center-A.DePaola, Holder-B.Thorson.",4,10,CHI 31,31,-3,Chicago Bears,Minnesota Vikings,3,6,52.7,47.3,64.0,127.0,191.0,90.0,94.0,184.0,game,ML,Chicago Bears,,,bet365,-115,—,—,,Loss,,miss,,,,—,,
2026-09-20T19:22:51.890725+00:00,nfl,2026,2,401872937,4018729371362,2,8:18,W.Reichard kicks 64 yards from MIN 35 to CHI 1. Z.Thomas to CHI 18 for 17 yards (B.Richter).,4,1,MIN 21,65,-3,Chicago Bears,Minnesota Vikings,3,6,52.7,47.3,64.0,127.0,191.0,90.0,94.0,184.0,game,Spread,Minnesota Vikings,,-2.5,kalshi,-113,—,—,,-3,,hit,,,,—,,
2026-09-20T19:22:51.890725+00:00,nfl,2026,2,401872937,4018729371362,2,8:18,W.Reichard kicks 64 yards from MIN 35 to CHI 1. Z.Thomas to CHI 18 for 17 yards (B.Richter).,4,1,MIN 21,65,-3,Chicago Bears,Minnesota Vikings,3,6,52.7,47.3,64.0,127.0,191.0,90.0,94.0,184.0,game,Spread,Chicago Bears,,2.5,kalshi,-271,—,—,,-3,,miss,,,,—,,
2026-09-20T19:22:51.890725+00:00,nfl,2026,2,401872937,4018729371362,2,8:18,W.Reichard kicks 64 yards from MIN 35 to CHI 1. Z.Thomas to CHI 18 for 17 yards (B.Richter).,4,1,MIN 21,65,-3,Chicago Bears,Minnesota Vikings,3,6,52.7,47.3,64.0,127.0,191.0,90.0,94.0,184.0,game,Total,Over,,21.5,kalshi,-525,—,—,,9.0,,miss,,,,—,,
2026-09-20T19:22:51.890725+00:00,nfl,2026,2,401872937,4018729371362,2,8:18,W.Reichard kicks 64 yards from MIN 35 to CHI 1. Z.Thomas to CHI 18 for 17 yards (B.Richter).,4,1,MIN 21,65,-3,Chicago Bears,Minnesota Vikings,3,6,52.7,47.3,64.0,127.0,191.0,90.0,94.0,184.0,game,Total,Under,,21.5,kalshi,-300,—,—,,9.0,,hit,,,,—,,
2026-09-20T19:22:51.890725+00:00,nfl,2026,2,401872937,4018729371362,2,8:18,W.Reichard kicks 64 yards from MIN 35 to CHI 1. Z.Thomas to CHI 18 for 17 yards (B.Richter).,4,1,MIN 21,65,-3,Chicago Bears,Minnesota Vikings,3,6,52.7,47.3,64.0,127.0,191.0,90.0,94.0,184.0,game,ML,Minnesota Vikings,,,polymarket,108,—,—,,Win,,hit,,,,—,,
2026-09-20T19:22:51.890725+00:00,nfl,2026,2,401872937,4018729371362,2,8:18,W.Reichard kicks 64 yards from MIN 35 to CHI 1. Z.Thomas to CHI 18 for 17 yards (B.Richter).,4,1,MIN 21,65,-3,Chicago Bears,Minnesota Vikings,3,6,52.7,47.3,64.0,127.0,191.0,90.0,94.0,184.0,game,ML,Chicago Bears,,,bet365,-115,—,—,,Loss,,miss,,,,—,,
2026-09-20T19:22:51.890725+00:00,nfl,2026,2,401872937,4018729371392,2,8:11,D.Swift right guard to CHI 20 for 2 yards (J.Redmond; C.Banks).,1,10,CHI 18,18,-3,Chicago Bears,Minnesota Vikings,3,6,52.7,47.3,64.0,127.0,191.0,90.0,94.0,184.0,game,Spread,Minnesota Vikings,,-2.5,kalshi,-113,—,—,,-3,,hit,,,,—,,
2026-09-20T19:22:51.890725+00:00,nfl,2026,2,401872937,4018729371392,2,8:11,D.Swift right guard to CHI 20 for 2 yards (J.Redmond; C.Banks).,1,10,CHI 18,18,-3,Chicago Bears,Minnesota Vikings,3,6,52.7,47.3,64.0,127.0,191.0,90.0,94.0,184.0,game,Spread,Chicago Bears,,2.5,kalshi,-271,—,—,,-3,,miss,,,,—,,
2026-09-20T19:22:51.890725+00:00,nfl,2026,2,401872937,4018729371392,2,8:11,D.Swift right guard to CHI 20 for 2 yards (J.Redmond; C.Banks).,1,10,CHI 18,18,-3,Chicago Bears,Minnesota Vikings,3,6,52.7,47.3,64.0,127.0,191.0,90.0,94.0,184.0,game,Total,Over,,21.5,kalshi,-525,—,—,,9.0,,miss,,,,—,,
2026-09-20T19:22:51.890725+00:00,nfl,2026,2,401872937,4018729371392,2,8:11,D.Swift right guard to CHI 20 for 2 yards (J.Redmond; C.Banks).,1,10,CHI 18,18,-3,Chicago Bears,Minnesota Vikings,3,6,52.7,47.3,64.0,127.0,191.0,90.0,94.0,184.0,game,Total,Under,,21.5,kalshi,-300,—,—,,9.0,,hit,,,,—,,
2026-09-20T19:22:51.890725+00:00,nfl,2026,2,401872937,4018729371392,2,8:11,D.Swift right guard to CHI 20 for 2 yards (J.Redmond; C.Banks).,1,10,CHI 18,18,-3,Chicago Bears,Minnesota Vikings,3,6,52.7,47.3,64.0,127.0,191.0,90.0,94.0,184.0,game,ML,Minnesota Vikings,,,polymarket,108,—,—,,Win,,hit,,,,—,,
2026-09-20T19:22:51.890725+00:00,nfl,2026,2,401872937,4018729371392,2,8:11,D.Swift right guard to CHI 20 for 2 yards (J.Redmond; C.Banks).,1,10,CHI 18,18,-3,Chicago Bears,Minnesota Vikings,3,6,52.7,47.3,64.0,127.0,191.0,90.0,94.0,184.0,game,ML,Chicago Bears,,,bet365,-115,—,—,,Loss,,miss,,,,—,,
2026-09-20T19:22:51.890725+00:00,nfl,2026,2,401872937,4018729371414,2,7:30,(Shotgun) C.Williams pass short right to K.Raymond to CHI 24 for 4 yards (B.Cashman).,2,8,CHI 20,20,-3,Chicago Bears,Minnesota Vikings,3,6,52.7,47.3,64.0,127.0,191.0,90.0,94.0,184.0,game,Spread,Minnesota Vikings,,-2.5,kalshi,-113,—,—,,-3,,hit,,,,—,,
2026-09-20T19:22:51.890725+00:00,nfl,2026,2,401872937,4018729371414,2,7:30,(Shotgun) C.Williams pass short right to K.Raymond to CHI 24 for 4 yards (B.Cashman).,2,8,CHI 20,20,-3,Chicago Bears,Minnesota Vikings,3,6,52.7,47.3,64.0,127.0,191.0,90.0,94.0,184.0,game,Spread,Chicago Bears,,2.5,kalshi,-271,—,—,,-3,,miss,,,,—,,
2026-09-20T19:22:51.890725+00:00,nfl,2026,2,401872937,4018729371414,2,7:30,(Shotgun) C.Williams pass short right to K.Raymond to CHI 24 for 4 yards (B.Cashman).,2,8,CHI 20,20,-3,Chicago Bears,Minnesota Vikings,3,6,52.7,47.3,64.0,127.0,191.0,90.0,94.0,184.0,game,Total,Over,,21.5,kalshi,-525,—,—,,9.0,,miss,,,,—,,
2026-09-20T19:22:51.890725+00:00,nfl,2026,2,401872937,4018729371414,2,7:30,(Shotgun) C.Williams pass short right to K.Raymond to CHI 24 for 4 yards (B.Cashman).,2,8,CHI 20,20,-3,Chicago Bears,Minnesota Vikings,3,6,52.7,47.3,64.0,127.0,191.0,90.0,94.0,184.0,game,Total,Under,,21.5,kalshi,-300,—,—,,9.0,,hit,,,,—,,
2026-09-20T19:22:51.890725+00:00,nfl,2026,2,401872937,4018729371414,2,7:30,(Shotgun) C.Williams pass short right to K.Raymond to CHI 24 for 4 yards (B.Cashman).,2,8,CHI 20,20,-3,Chicago Bears,Minnesota Vikings,3,6,52.7,47.3,64.0,127.0,191.0,90.0,94.0,184.0,game,ML,Minnesota Vikings,,,polymarket,108,—,—,,Win,,hit,,,,—,,
2026-09-20T19:22:51.890725+00:00,nfl,2026,2,401872937,4018729371414,2,7:30,(Shotgun) C.Williams pass short right to K.Raymond to CHI 24 for 4 yards (B.Cashman).,2,8,CHI 20,20,-3,Chicago Bears,Minnesota Vikings,3,6,52.7,47.3,64.0,127.0,191.0,90.0,94.0,184.0,game,ML,Chicago Bears,,,bet365,-115,—,—,,Loss,,miss,,,,—,,
2026-09-20T19:22:51.890725+00:00,nfl,2026,2,401872937,4018729371439,2,6:55,(Shotgun) C.Williams pass short middle to K.Raymond to CHI 40 for 16 yards (H.Smith).,3,4,CHI 24,24,-3,Chicago Bears,Minnesota Vikings,3,6,52.7,47.3,64.0,127.0,191.0,90.0,94.0,184.0,game,Spread,Minnesota Vikings,,-2.5,kalshi,-113,—,—,,-3,,hit,,,,—,,
2026-09-20T19:22:51.890725+00:00,nfl,2026,2,401872937,4018729371439,2,6:55,(Shotgun) C.Williams pass short middle to K.Raymond to CHI 40 for 16 yards (H.Smith).,3,4,CHI 24,24,-3,Chicago Bears,Minnesota Vikings,3,6,52.7,47.3,64.0,127.0,191.0,90.0,94.0,184.0,game,Spread,Chicago Bears,,2.5,kalshi,-271,—,—,,-3,,miss,,,,—,,
2026-09-20T19:22:51.890725+00:00,nfl,2026,2,401872937,4018729371439,2,6:55,(Shotgun) C.Williams pass short middle to K.Raymond to CHI 40 for 16 yards (H.Smith).,3,4,CHI 24,24,-3,Chicago Bears,Minnesota Vikings,3,6,52.7,47.3,64.0,127.0,191.0,90.0,94.0,184.0,game,Total,Over,,21.5,kalshi,-525,—,—,,9.0,,miss,,,,—,,
2026-09-20T19:22:51.890725+00:00,nfl,2026,2,401872937,4018729371439,2,6:55,(Shotgun) C.Williams pass short middle to K.Raymond to CHI 40 for 16 yards (H.Smith).,3,4,CHI 24,24,-3,Chicago Bears,Minnesota Vikings,3,6,52.7,47.3,64.0,127.0,191.0,90.0,94.0,184.0,game,Total,Under,,21.5,kalshi,-300,—,—,,9.0,,hit,,,,—,,
2026-09-20T19:22:51.890725+00:00,nfl,2026,2,401872937,4018729371439,2,6:55,(Shotgun) C.Williams pass short middle to K.Raymond to CHI 40 for 16 yards (H.Smith).,3,4,CHI 24,24,-3,Chicago Bears,Minnesota Vikings,3,6,52.7,47.3,64.0,127.0,191.0,90.0,94.0,184.0,game,ML,Minnesota Vikings,,,polymarket,108,—,—,,Win,,hit,,,,—,,
2026-09-20T19:22:51.890725+00:00,nfl,2026,2,401872937,4018729371439,2,6:55,(Shotgun) C.Williams pass short middle to K.Raymond to CHI 40 for 16 yards (H.Smith).,3,4,CHI 24,24,-3,Chicago Bears,Minnesota Vikings,3,6,52.7,47.3,64.0,127.0,191.0,90.0,94.0,184.0,game,ML,Chicago Bears,,,bet365,-115,—,—,,Loss,,miss,,,,—,,
2026-09-20T19:22:51.890725+00:00,nfl,2026,2,401872937,4018729371464,2,6:26,"(No Huddle, Shotgun) C.Williams pass incomplete short right.",1,10,CHI 40,40,-3,Chicago Bears,Minnesota Vikings,3,6,52.7,47.3,64.0,127.0,191.0,90.0,94.0,184.0,game,Spread,Minnesota Vikings,,-2.5,kalshi,-113,—,—,,-3,,hit,,,,—,,
2026-09-20T19:22:51.890725+00:00,nfl,2026,2,401872937,4018729371464,2,6:26,"(No Huddle, Shotgun) C.Williams pass incomplete short right.",1,10,CHI 40,40,-3,Chicago Bears,Minnesota Vikings,3,6,52.7,47.3,64.0,127.0,191.0,90.0,94.0,184.0,game,Spread,Chicago Bears,,2.5,kalshi,-271,—,—,,-3,,miss,,,,—,,
2026-09-20T19:22:51.890725+00:00,nfl,2026,2,401872937,4018729371464,2,6:26,"(No Huddle, Shotgun) C.Williams pass incomplete short right.",1,10,CHI 40,40,-3,Chicago Bears,Minnesota Vikings,3,6,52.7,47.3,64.0,127.0,191.0,90.0,94.0,184.0,game,Total,Over,,21.5,kalshi,-525,—,—,,9.0,,miss,,,,—,,
2026-09-20T19:22:51.890725+00:00,nfl,2026,2,401872937,4018729371464,2,6:26,"(No Huddle, Shotgun) C.Williams pass incomplete short right.",1,10,CHI 40,40,-3,Chicago Bears,Minnesota Vikings,3,6,52.7,47.3,64.0,127.0,191.0,90.0,94.0,184.0,game,Total,Under,,21.5,kalshi,-300,—,—,,9.0,,hit,,,,—,,
2026-09-20T19:22:51.890725+00:00,nfl,2026,2,401872937,4018729371464,2,6:26,"(No Huddle, Shotgun) C.Williams pass incomplete short right.",1,10,CHI 40,40,-3,Chicago Bears,Minnesota Vikings,3,6,52.7,47.3,64.0,127.0,191.0,90.0,94.0,184.0,game,ML,Minnesota Vikings,,,polymarket,108,—,—,,Win,,hit,,,,—,,
2026-09-20T19:22:51.890725+00:00,nfl,2026,2,401872937,4018729371464,2,6:26,"(No Huddle, Shotgun) C.Williams pass incomplete short right.",1,10,CHI 40,40,-3,Chicago Bears,Minnesota Vikings,3,6,52.7,47.3,64.0,127.0,191.0,90.0,94.0,184.0,game,ML,Chicago Bears,,,bet365,-115,—,—,,Loss,,miss,,,,—,,
2026-09-20T19:22:51.890725+00:00,nfl,2026,2,401872937,4018729371487,2,6:18,"C.Williams pass short right to K.Raymond to CHI 45 for 5 yards (B.Murphy).PENALTY on MIN-D.Turner, Roughing the Passer, 15 yards, enforced at CHI 45.",2,10,CHI 40,40,-3,Chicago Bears,Minnesota Vikings,3,6,52.7,47.3,64.0,127.0,191.0,90.0,94.0,184.0,game,Spread,Minnesota Vikings,,-2.5,kalshi,-113,—,—,,-3,,hit,,,,—,,
2026-09-20T19:22:51.890725+00:00,nfl,2026,2,401872937,4018729371487,2,6:18,"C.Williams pass short right to K.Raymond to CHI 45 for 5 yards (B.Murphy).PENALTY on MIN-D.Turner, Roughing the Passer, 15 yards, enforced at CHI 45.",2,10,CHI 40,40,-3,Chicago Bears,Minnesota Vikings,3,6,52.7,47.3,64.0,127.0,191.0,90.0,94.0,184.0,game,Spread,Chicago Bears,,2.5,kalshi,-271,—,—,,-3,,miss,,,,—,,
2026-09-20T19:22:51.890725+00:00,nfl,2026,2,401872937,4018729371487,2,6:18,"C.Williams pass short right to K.Raymond to CHI 45 for 5 yards (B.Murphy).PENALTY on MIN-D.Turner, Roughing the Passer, 15 yards, enforced at CHI 45.",2,10,CHI 40,40,-3,Chicago Bears,Minnesota Vikings,3,6,52.7,47.3,64.0,127.0,191.0,90.0,94.0,184.0,game,Total,Over,,21.5,kalshi,-525,—,—,,9.0,,miss,,,,—,,
2026-09-20T19:22:51.890725+00:00,nfl,2026,2,401872937,4018729371487,2,6:18,"C.Williams pass short right to K.Raymond to CHI 45 for 5 yards (B.Murphy).PENALTY on MIN-D.Turner, Roughing the Passer, 15 yards, enforced at CHI 45.",2,10,CHI 40,40,-3,Chicago Bears,Minnesota Vikings,3,6,52.7,47.3,64.0,127.0,191.0,90.0,94.0,184.0,game,Total,Under,,21.5,kalshi,-300,—,—,,9.0,,hit,,,,—,,
2026-09-20T19:22:51.890725+00:00,nfl,2026,2,401872937,4018729371487,2,6:18,"C.Williams pass short right to K.Raymond to CHI 45 for 5 yards (B.Murphy).PENALTY on MIN-D.Turner, Roughing the Passer, 15 yards, enforced at CHI 45.",2,10,CHI 40,40,-3,Chicago Bears,Minnesota Vikings,3,6,52.7,47.3,64.0,127.0,191.0,90.0,94.0,184.0,game,ML,Minnesota Vikings,,,polymarket,108,—,—,,Win,,hit,,,,—,,
2026-09-20T19:22:51.890725+00:00,nfl,2026,2,401872937,4018729371487,2,6:18,"C.Williams pass short right to K.Raymond to CHI 45 for 5 yards (B.Murphy).PENALTY on MIN-D.Turner, Roughing the Passer, 15 yards, enforced at CHI 45.",2,10,CHI 40,40,-3,Chicago Bears,Minnesota Vikings,3,6,52.7,47.3,64.0,127.0,191.0,90.0,94.0,184.0,game,ML,Chicago Bears,,,bet365,-115,—,—,,Loss,,miss,,,,—,,
2026-09-20T19:22:51.890725+00:00,nfl,2026,2,401872937,4018729371523,2,5:40,D.Swift left guard to MIN 42 for -2 yards (C.Banks).,1,10,MIN 40,60,-3,Chicago Bears,Minnesota Vikings,3,6,52.7,47.3,64.0,127.0,191.0,90.0,94.0,184.0,game,Spread,Minnesota Vikings,,-2.5,kalshi,-113,—,—,,-3,,hit,,,,—,,
2026-09-20T19:22:51.890725+00:00,nfl,2026,2,401872937,4018729371523,2,5:40,D.Swift left guard to MIN 42 for -2 yards (C.Banks).,1,10,MIN 40,60,-3,Chicago Bears,Minnesota Vikings,3,6,52.7,47.3,64.0,127.0,191.0,90.0,94.0,184.0,game,Spread,Chicago Bears,,2.5,kalshi,-271,—,—,,-3,,miss,,,,—,,
2026-09-20T19:22:51.890725+00:00,nfl,2026,2,401872937,4018729371523,2,5:40,D.Swift left guard to MIN 42 for -2 yards (C.Banks).,1,10,MIN 40,60,-3,Chicago Bears,Minnesota Vikings,3,6,52.7,47.3,64.0,127.0,191.0,90.0,94.0,184.0,game,Total,Over,,21.5,kalshi,-525,—,—,,9.0,,miss,,,,—,,
2026-09-20T19:22:51.890725+00:00,nfl,2026,2,401872937,4018729371523,2,5:40,D.Swift left guard to MIN 42 for -2 yards (C.Banks).,1,10,MIN 40,60,-3,Chicago Bears,Minnesota Vikings,3,6,52.7,47.3,64.0,127.0,191.0,90.0,94.0,184.0,game,Total,Under,,21.5,kalshi,-300,—,—,,9.0,,hit,,,,—,,
2026-09-20T19:22:51.890725+00:00,nfl,2026,2,401872937,4018729371523,2,5:40,D.Swift left guard to MIN 42 for -2 yards (C.Banks).,1,10,MIN 40,60,-3,Chicago Bears,Minnesota Vikings,3,6,52.7,47.3,64.0,127.0,191.0,90.0,94.0,184.0,game,ML,Minnesota Vikings,,,polymarket,108,—,—,,Win,,hit,,,,—,,
2026-09-20T19:22:51.890725+00:00,nfl,2026,2,401872937,4018729371523,2,5:40,D.Swift left guard to MIN 42 for -2 yards (C.Banks).,1,10,MIN 40,60,-3,Chicago Bears,Minnesota Vikings,3,6,52.7,47.3,64.0,127.0,191.0,90.0,94.0,184.0,game,ML,Chicago Bears,,,bet365,-115,—,—,,Loss,,miss,,,,—,,
2026-09-20T19:22:51.890725+00:00,nfl,2026,2,401872937,4018729371545,2,4:59,D.Swift left tackle to MIN 36 for 6 yards (E.Wilson).,2,12,MIN 42,58,-3,Chicago Bears,Minnesota Vikings,3,6,52.7,47.3,64.0,127.0,191.0,90.0,94.0,184.0,game,Spread,Minnesota Vikings,,-2.5,kalshi,-113,—,—,,-3,,hit,,,,—,,
2026-09-20T19:22:51.890725+00:00,nfl,2026,2,401872937,4018729371545,2,4:59,D.Swift left tackle to MIN 36 for 6 yards (E.Wilson).,2,12,MIN 42,58,-3,Chicago Bears,Minnesota Vikings,3,6,52.7,47.3,64.0,127.0,191.0,90.0,94.0,184.0,game,Spread,Chicago Bears,,2.5,kalshi,-271,—,—,,-3,,miss,,,,—,,
2026-09-20T19:22:51.890725+00:00,nfl,2026,2,401872937,4018729371545,2,4:59,D.Swift left tackle to MIN 36 for 6 yards (E.Wilson).,2,12,MIN 42,58,-3,Chicago Bears,Minnesota Vikings,3,6,52.7,47.3,64.0,127.0,191.0,90.0,94.0,184.0,game,Total,Over,,21.5,kalshi,-525,—,—,,9.0,,miss,,,,—,,
2026-09-20T19:22:51.890725+00:00,nfl,2026,2,401872937,4018729371545,2,4:59,D.Swift left tackle to MIN 36 for 6 yards (E.Wilson).,2,12,MIN 42,58,-3,Chicago Bears,Minnesota Vikings,3,6,52.7,47.3,64.0,127.0,191.0,90.0,94.0,184.0,game,Total,Under,,21.5,kalshi,-300,—,—,,9.0,,hit,,,,—,,
2026-09-20T19:22:51.890725+00:00,nfl,2026,2,401872937,4018729371545,2,4:59,D.Swift left tackle to MIN 36 for 6 yards (E.Wilson).,2,12,MIN 42,58,-3,Chicago Bears,Minnesota Vikings,3,6,52.7,47.3,64.0,127.0,191.0,90.0,94.0,184.0,game,ML,Minnesota Vikings,,,polymarket,108,—,—,,Win,,hit,,,,—,,
2026-09-20T19:22:51.890725+00:00,nfl,2026,2,401872937,4018729371545,2,4:59,D.Swift left tackle to MIN 36 for 6 yards (E.Wilson).,2,12,MIN 42,58,-3,Chicago Bears,Minnesota Vikings,3,6,52.7,47.3,64.0,127.0,191.0,90.0,94.0,184.0,game,ML,Chicago Bears,,,bet365,-115,—,—,,Loss,,miss,,,,—,,
2026-09-20T19:22:51.890725+00:00,nfl,2026,2,401872937,4018729371567,2,4:12,D.Swift right tackle to MIN 33 for 3 yards (B.Murphy).,3,6,MIN 36,64,-3,Chicago Bears,Minnesota Vikings,3,6,52.7,47.3,64.0,127.0,191.0,90.0,94.0,184.0,game,Spread,Minnesota Vikings,,-2.5,kalshi,-113,—,—,,-3,,hit,,,,—,,
2026-09-20T19:22:51.890725+00:00,nfl,2026,2,401872937,4018729371567,2,4:12,D.Swift right tackle to MIN 33 for 3 yards (B.Murphy).,3,6,MIN 36,64,-3,Chicago Bears,Minnesota Vikings,3,6,52.7,47.3,64.0,127.0,191.0,90.0,94.0,184.0,game,Spread,Chicago Bears,,2.5,kalshi,-271,—,—,,-3,,miss,,,,—,,
2026-09-20T19:22:51.890725+00:00,nfl,2026,2,401872937,4018729371567,2,4:12,D.Swift right tackle to MIN 33 for 3 yards (B.Murphy).,3,6,MIN 36,64,-3,Chicago Bears,Minnesota Vikings,3,6,52.7,47.3,64.0,127.0,191.0,90.0,94.0,184.0,game,Total,Over,,21.5,kalshi,-525,—,—,,9.0,,miss,,,,—,,
2026-09-20T19:22:51.890725+00:00,nfl,2026,2,401872937,4018729371567,2,4:12,D.Swift right tackle to MIN 33 for 3 yards (B.Murphy).,3,6,MIN 36,64,-3,Chicago Bears,Minnesota Vikings,3,6,52.7,47.3,64.0,127.0,191.0,90.0,94.0,184.0,game,Total,Under,,21.5,kalshi,-300,—,—,,9.0,,hit,,,,—,,
2026-09-20T19:22:51.890725+00:00,nfl,2026,2,401872937,4018729371567,2,4:12,D.Swift right tackle to MIN 33 for 3 yards (B.Murphy).,3,6,MIN 36,64,-3,Chicago Bears,Minnesota Vikings,3,6,52.7,47.3,64.0,127.0,191.0,90.0,94.0,184.0,game,ML,Minnesota Vikings,,,polymarket,108,—,—,,Win,,hit,,,,—,,
2026-09-20T19:22:51.890725+00:00,nfl,2026,2,401872937,4018729371567,2,4:12,D.Swift right tackle to MIN 33 for 3 yards (B.Murphy).,3,6,MIN 36,64,-3,Chicago Bears,Minnesota Vikings,3,6,52.7,47.3,64.0,127.0,191.0,90.0,94.0,184.0,game,ML,Chicago Bears,,,bet365,-115,—,—,,Loss,,miss,,,,—,,
2026-09-20T19:22:51.890725+00:00,nfl,2026,2,401872937,4018729371589,2,3:31,"(Shotgun) C.Williams pass short right to D.Swift to MIN 30 for 3 yards (H.Smith).Minnesota challenged the first down ruling, and the play was Upheld. (Timeout #1.)",4,3,MIN 33,67,-3,Chicago Bears,Minnesota Vikings,3,6,52.7,47.3,64.0,127.0,191.0,90.0,94.0,184.0,game,Spread,Minnesota Vikings,,-2.5,kalshi,-113,—,—,,-3,,hit,,,,—,,
2026-09-20T19:22:51.890725+00:00,nfl,2026,2,401872937,4018729371589,2,3:31,"(Shotgun) C.Williams pass short right to D.Swift to MIN 30 for 3 yards (H.Smith).Minnesota challenged the first down ruling, and the play was Upheld. (Timeout #1.)",4,3,MIN 33,67,-3,Chicago Bears,Minnesota Vikings,3,6,52.7,47.3,64.0,127.0,191.0,90.0,94.0,184.0,game,Spread,Chicago Bears,,2.5,kalshi,-271,—,—,,-3,,miss,,,,—,,
2026-09-20T19:22:51.890725+00:00,nfl,2026,2,401872937,4018729371589,2,3:31,"(Shotgun) C.Williams pass short right to D.Swift to MIN 30 for 3 yards (H.Smith).Minnesota challenged the first down ruling, and the play was Upheld. (Timeout #1.)",4,3,MIN 33,67,-3,Chicago Bears,Minnesota Vikings,3,6,52.7,47.3,64.0,127.0,191.0,90.0,94.0,184.0,game,Total,Over,,21.5,kalshi,-525,—,—,,9.0,,miss,,,,—,,
2026-09-20T19:22:51.890725+00:00,nfl,2026,2,401872937,4018729371589,2,3:31,"(Shotgun) C.Williams pass short right to D.Swift to MIN 30 for 3 yards (H.Smith).Minnesota challenged the first down ruling, and the play was Upheld. (Timeout #1.)",4,3,MIN 33,67,-3,Chicago Bears,Minnesota Vikings,3,6,52.7,47.3,64.0,127.0,191.0,90.0,94.0,184.0,game,Total,Under,,21.5,kalshi,-300,—,—,,9.0,,hit,,,,—,,
2026-09-20T19:22:51.890725+00:00,nfl,2026,2,401872937,4018729371589,2,3:31,"(Shotgun) C.Williams pass short right to D.Swift to MIN 30 for 3 yards (H.Smith).Minnesota challenged the first down ruling, and the play was Upheld. (Timeout #1.)",4,3,MIN 33,67,-3,Chicago Bears,Minnesota Vikings,3,6,52.7,47.3,64.0,127.0,191.0,90.0,94.0,184.0,game,ML,Minnesota Vikings,,,polymarket,108,—,—,,Win,,hit,,,,—,,
2026-09-20T19:22:51.890725+00:00,nfl,2026,2,401872937,4018729371589,2,3:31,"(Shotgun) C.Williams pass short right to D.Swift to MIN 30 for 3 yards (H.Smith).Minnesota challenged the first down ruling, and the play was Upheld. (Timeout #1.)",4,3,MIN 33,67,-3,Chicago Bears,Minnesota Vikings,3,6,52.7,47.3,64.0,127.0,191.0,90.0,94.0,184.0,game,ML,Chicago Bears,,,bet365,-115,—,—,,Loss,,miss,,,,—,,
2026-09-20T19:22:51.890725+00:00,nfl,2026,2,401872937,4018729371614,2,3:02,"(Shotgun) C.Williams pass short middle to C.Loveland to MIN 16 for 14 yards (J.Metellus).PENALTY on CHI-S.Roush, Illegal Shift, 5 yards, enforced at MIN 30 - No Play.",1,10,MIN 30,70,-3,Chicago Bears,Minnesota Vikings,3,6,52.7,47.3,64.0,127.0,191.0,90.0,94.0,184.0,game,Spread,Minnesota Vikings,,-2.5,kalshi,-113,—,—,,-3,,hit,,,,—,,
2026-09-20T19:22:51.890725+00:00,nfl,2026,2,401872937,4018729371614,2,3:02,"(Shotgun) C.Williams pass short middle to C.Loveland to MIN 16 for 14 yards (J.Metellus).PENALTY on CHI-S.Roush, Illegal Shift, 5 yards, enforced at MIN 30 - No Play.",1,10,MIN 30,70,-3,Chicago Bears,Minnesota Vikings,3,6,52.7,47.3,64.0,127.0,191.0,90.0,94.0,184.0,game,Spread,Chicago Bears,,2.5,kalshi,-271,—,—,,-3,,miss,,,,—,,
2026-09-20T19:22:51.890725+00:00,nfl,2026,2,401872937,4018729371614,2,3:02,"(Shotgun) C.Williams pass short middle to C.Loveland to MIN 16 for 14 yards (J.Metellus).PENALTY on CHI-S.Roush, Illegal Shift, 5 yards, enforced at MIN 30 - No Play.",1,10,MIN 30,70,-3,Chicago Bears,Minnesota Vikings,3,6,52.7,47.3,64.0,127.0,191.0,90.0,94.0,184.0,game,Total,Over,,21.5,kalshi,-525,—,—,,9.0,,miss,,,,—,,
2026-09-20T19:22:51.890725+00:00,nfl,2026,2,401872937,4018729371614,2,3:02,"(Shotgun) C.Williams pass short middle to C.Loveland to MIN 16 for 14 yards (J.Metellus).PENALTY on CHI-S.Roush, Illegal Shift, 5 yards, enforced at MIN 30 - No Play.",1,10,MIN 30,70,-3,Chicago Bears,Minnesota Vikings,3,6,52.7,47.3,64.0,127.0,191.0,90.0,94.0,184.0,game,Total,Under,,21.5,kalshi,-300,—,—,,9.0,,hit,,,,—,,
2026-09-20T19:22:51.890725+00:00,nfl,2026,2,401872937,4018729371614,2,3:02,"(Shotgun) C.Williams pass short middle to C.Loveland to MIN 16 for 14 yards (J.Metellus).PENALTY on CHI-S.Roush, Illegal Shift, 5 yards, enforced at MIN 30 - No Play.",1,10,MIN 30,70,-3,Chicago Bears,Minnesota Vikings,3,6,52.7,47.3,64.0,127.0,191.0,90.0,94.0,184.0,game,ML,Minnesota Vikings,,,polymarket,108,—,—,,Win,,hit,,,,—,,
2026-09-20T19:22:51.890725+00:00,nfl,2026,2,401872937,4018729371614,2,3:02,"(Shotgun) C.Williams pass short middle to C.Loveland to MIN 16 for 14 yards (J.Metellus).PENALTY on CHI-S.Roush, Illegal Shift, 5 yards, enforced at MIN 30 - No Play.",1,10,MIN 30,70,-3,Chicago Bears,Minnesota Vikings,3,6,52.7,47.3,64.0,127.0,191.0,90.0,94.0,184.0,game,ML,Chicago Bears,,,bet365,-115,—,—,,Loss,,miss,,,,—,,
2026-09-20T19:22:51.890725+00:00,nfl,2026,2,401872937,4018729371680,2,2:35,"D.Swift right guard to MIN 32 for 3 yards (E.Wilson; B.Murphy).PENALTY on CHI-G.Bradbury, Offensive Holding, 10 yards, enforced at MIN 32.",1,15,MIN 35,65,-3,Chicago Bears,Minnesota Vikings,3,6,52.7,47.3,64.0,127.0,191.0,90.0,94.0,184.0,game,Spread,Minnesota Vikings,,-2.5,kalshi,-113,—,—,,-3,,hit,,,,—,,
2026-09-20T19:22:51.890725+00:00,nfl,2026,2,401872937,4018729371680,2,2:35,"D.Swift right guard to MIN 32 for 3 yards (E.Wilson; B.Murphy).PENALTY on CHI-G.Bradbury, Offensive Holding, 10 yards, enforced at MIN 32.",1,15,MIN 35,65,-3,Chicago Bears,Minnesota Vikings,3,6,52.7,47.3,64.0,127.0,191.0,90.0,94.0,184.0,game,Spread,Chicago Bears,,2.5,kalshi,-271,—,—,,-3,,miss,,,,—,,
2026-09-20T19:22:51.890725+00:00,nfl,2026,2,401872937,4018729371680,2,2:35,"D.Swift right guard to MIN 32 for 3 yards (E.Wilson; B.Murphy).PENALTY on CHI-G.Bradbury, Offensive Holding, 10 yards, enforced at MIN 32.",1,15,MIN 35,65,-3,Chicago Bears,Minnesota Vikings,3,6,52.7,47.3,64.0,127.0,191.0,90.0,94.0,184.0,game,Total,Over,,21.5,kalshi,-525,—,—,,9.0,,miss,,,,—,,
2026-09-20T19:22:51.890725+00:00,nfl,2026,2,401872937,4018729371680,2,2:35,"D.Swift right guard to MIN 32 for 3 yards (E.Wilson; B.Murphy).PENALTY on CHI-G.Bradbury, Offensive Holding, 10 yards, enforced at MIN 32.",1,15,MIN 35,65,-3,Chicago Bears,Minnesota Vikings,3,6,52.7,47.3,64.0,127.0,191.0,90.0,94.0,184.0,game,Total,Under,,21.5,kalshi,-300,—,—,,9.0,,hit,,,,—,,
2026-09-20T19:22:51.890725+00:00,nfl,2026,2,401872937,4018729371680,2,2:35,"D.Swift right guard to MIN 32 for 3 yards (E.Wilson; B.Murphy).PENALTY on CHI-G.Bradbury, Offensive Holding, 10 yards, enforced at MIN 32.",1,15,MIN 35,65,-3,Chicago Bears,Minnesota Vikings,3,6,52.7,47.3,64.0,127.0,191.0,90.0,94.0,184.0,game,ML,Minnesota Vikings,,,polymarket,108,—,—,,Win,,hit,,,,—,,
2026-09-20T19:22:51.890725+00:00,nfl,2026,2,401872937,4018729371680,2,2:35,"D.Swift right guard to MIN 32 for 3 yards (E.Wilson; B.Murphy).PENALTY on CHI-G.Bradbury, Offensive Holding, 10 yards, enforced at MIN 32.",1,15,MIN 35,65,-3,Chicago Bears,Minnesota Vikings,3,6,52.7,47.3,64.0,127.0,191.0,90.0,94.0,184.0,game,ML,Chicago Bears,,,bet365,-115,—,—,,Loss,,miss,,,,—,,
2026-09-20T19:22:51.890725+00:00,nfl,2026,2,401872937,4018729371713,2,2:13,"(Shotgun) C.Williams pass incomplete short right [E.Wilson].PENALTY on CHI-C.Williams, Intentional Grounding, 13 yards, enforced at MIN 42.",1,22,MIN 42,58,-3,Chicago Bears,Minnesota Vikings,3,6,52.7,47.3,64.0,127.0,191.0,90.0,94.0,184.0,game,Spread,Minnesota Vikings,,-2.5,kalshi,-113,—,—,,-3,,hit,,,,—,,
2026-09-20T19:22:51.890725+00:00,nfl,2026,2,401872937,4018729371713,2,2:13,"(Shotgun) C.Williams pass incomplete short right [E.Wilson].PENALTY on CHI-C.Williams, Intentional Grounding, 13 yards, enforced at MIN 42.",1,22,MIN 42,58,-3,Chicago Bears,Minnesota Vikings,3,6,52.7,47.3,64.0,127.0,191.0,90.0,94.0,184.0,game,Spread,Chicago Bears,,2.5,kalshi,-271,—,—,,-3,,miss,,,,—,,
2026-09-20T19:22:51.890725+00:00,nfl,2026,2,401872937,4018729371713,2,2:13,"(Shotgun) C.Williams pass incomplete short right [E.Wilson].PENALTY on CHI-C.Williams, Intentional Grounding, 13 yards, enforced at MIN 42.",1,22,MIN 42,58,-3,Chicago Bears,Minnesota Vikings,3,6,52.7,47.3,64.0,127.0,191.0,90.0,94.0,184.0,game,Total,Over,,21.5,kalshi,-525,—,—,,9.0,,miss,,,,—,,
2026-09-20T19:22:51.890725+00:00,nfl,2026,2,401872937,4018729371713,2,2:13,"(Shotgun) C.Williams pass incomplete short right [E.Wilson].PENALTY on CHI-C.Williams, Intentional Grounding, 13 yards, enforced at MIN 42.",1,22,MIN 42,58,-3,Chicago Bears,Minnesota Vikings,3,6,52.7,47.3,64.0,127.0,191.0,90.0,94.0,184.0,game,Total,Under,,21.5,kalshi,-300,—,—,,9.0,,hit,,,,—,,
2026-09-20T19:22:51.890725+00:00,nfl,2026,2,401872937,4018729371713,2,2:13,"(Shotgun) C.Williams pass incomplete short right [E.Wilson].PENALTY on CHI-C.Williams, Intentional Grounding, 13 yards, enforced at MIN 42.",1,22,MIN 42,58,-3,Chicago Bears,Minnesota Vikings,3,6,52.7,47.3,64.0,127.0,191.0,90.0,94.0,184.0,game,ML,Minnesota Vikings,,,polymarket,108,—,—,,Win,,hit,,,,—,,
2026-09-20T19:22:51.890725+00:00,nfl,2026,2,401872937,4018729371713,2,2:13,"(Shotgun) C.Williams pass incomplete short right [E.Wilson].PENALTY on CHI-C.Williams, Intentional Grounding, 13 yards, enforced at MIN 42.",1,22,MIN 42,58,-3,Chicago Bears,Minnesota Vikings,3,6,52.7,47.3,64.0,127.0,191.0,90.0,94.0,184.0,game,ML,Chicago Bears,,,bet365,-115,—,—,,Loss,,miss,,,,—,,
2026-09-20T19:22:51.890725+00:00,nfl,2026,2,401872937,4018729371747,2,2:09,(Shotgun) C.Williams pass short left to D.Swift to MIN 44 for 11 yards (J.Metellus).,2,35,CHI 45,45,-3,Chicago Bears,Minnesota Vikings,3,6,52.7,47.3,64.0,127.0,191.0,90.0,94.0,184.0,game,Spread,Minnesota Vikings,,-2.5,kalshi,-113,—,—,,-3,,hit,,,,—,,
2026-09-20T19:22:51.890725+00:00,nfl,2026,2,401872937,4018729371747,2,2:09,(Shotgun) C.Williams pass short left to D.Swift to MIN 44 for 11 yards (J.Metellus).,2,35,CHI 45,45,-3,Chicago Bears,Minnesota Vikings,3,6,52.7,47.3,64.0,127.0,191.0,90.0,94.0,184.0,game,Spread,Chicago Bears,,2.5,kalshi,-271,—,—,,-3,,miss,,,,—,,
2026-09-20T19:22:51.890725+00:00,nfl,2026,2,401872937,4018729371747,2,2:09,(Shotgun) C.Williams pass short left to D.Swift to MIN 44 for 11 yards (J.Metellus).,2,35,CHI 45,45,-3,Chicago Bears,Minnesota Vikings,3,6,52.7,47.3,64.0,127.0,191.0,90.0,94.0,184.0,game,Total,Over,,21.5,kalshi,-525,—,—,,9.0,,miss,,,,—,,
2026-09-20T19:22:51.890725+00:00,nfl,2026,2,401872937,4018729371747,2,2:09,(Shotgun) C.Williams pass short left to D.Swift to MIN 44 for 11 yards (J.Metellus).,2,35,CHI 45,45,-3,Chicago Bears,Minnesota Vikings,3,6,52.7,47.3,64.0,127.0,191.0,90.0,94.0,184.0,game,Total,Under,,21.5,kalshi,-300,—,—,,9.0,,hit,,,,—,,
2026-09-20T19:22:51.890725+00:00,nfl,2026,2,401872937,4018729371747,2,2:09,(Shotgun) C.Williams pass short left to D.Swift to MIN 44 for 11 yards (J.Metellus).,2,35,CHI 45,45,-3,Chicago Bears,Minnesota Vikings,3,6,52.7,47.3,64.0,127.0,191.0,90.0,94.0,184.0,game,ML,Minnesota Vikings,,,polymarket,108,—,—,,Win,,hit,,,,—,,
2026-09-20T19:22:51.890725+00:00,nfl,2026,2,401872937,4018729371747,2,2:09,(Shotgun) C.Williams pass short left to D.Swift to MIN 44 for 11 yards (J.Metellus).,2,35,CHI 45,45,-3,Chicago Bears,Minnesota Vikings,3,6,52.7,47.3,64.0,127.0,191.0,90.0,94.0,184.0,game,ML,Chicago Bears,,,bet365,-115,—,—,,Loss,,miss,,,,—,,
2026-09-20T19:22:51.890725+00:00,nfl,2026,2,401872937,4018729371760,2,2:00,Two-Minute Warning,3,23,MIN 43,57,-3,Chicago Bears,Minnesota Vikings,3,6,52.7,47.3,64.0,127.0,191.0,90.0,94.0,184.0,game,Spread,Minnesota Vikings,,-2.5,kalshi,-113,—,—,,-3,,hit,,,,—,,
2026-09-20T19:22:51.890725+00:00,nfl,2026,2,401872937,4018729371760,2,2:00,Two-Minute Warning,3,23,MIN 43,57,-3,Chicago Bears,Minnesota Vikings,3,6,52.7,47.3,64.0,127.0,191.0,90.0,94.0,184.0,game,Spread,Chicago Bears,,2.5,kalshi,-271,—,—,,-3,,miss,,,,—,,
2026-09-20T19:22:51.890725+00:00,nfl,2026,2,401872937,4018729371760,2,2:00,Two-Minute Warning,3,23,MIN 43,57,-3,Chicago Bears,Minnesota Vikings,3,6,52.7,47.3,64.0,127.0,191.0,90.0,94.0,184.0,game,Total,Over,,21.5,kalshi,-525,—,—,,9.0,,miss,,,,—,,
2026-09-20T19:22:51.890725+00:00,nfl,2026,2,401872937,4018729371760,2,2:00,Two-Minute Warning,3,23,MIN 43,57,-3,Chicago Bears,Minnesota Vikings,3,6,52.7,47.3,64.0,127.0,191.0,90.0,94.0,184.0,game,Total,Under,,21.5,kalshi,-300,—,—,,9.0,,hit,,,,—,,
2026-09-20T19:22:51.890725+00:00,nfl,2026,2,401872937,4018729371760,2,2:00,Two-Minute Warning,3,23,MIN 43,57,-3,Chicago Bears,Minnesota Vikings,3,6,52.7,47.3,64.0,127.0,191.0,90.0,94.0,184.0,game,ML,Minnesota Vikings,,,polymarket,108,—,—,,Win,,hit,,,,—,,
2026-09-20T19:22:51.890725+00:00,nfl,2026,2,401872937,4018729371760,2,2:00,Two-Minute Warning,3,23,MIN 43,57,-3,Chicago Bears,Minnesota Vikings,3,6,52.7,47.3,64.0,127.0,191.0,90.0,94.0,184.0,game,ML,Chicago Bears,,,bet365,-115,—,—,,Loss,,miss,,,,—,,
2026-09-20T19:22:51.890725+00:00,nfl,2026,2,401872937,4018729371772,2,2:00,"(Shotgun) PENALTY on CHI-G.Bradbury, False Start, 5 yards, enforced at MIN 44 - No Play.",3,24,MIN 44,56,-3,Chicago Bears,Minnesota Vikings,3,6,52.7,47.3,64.0,127.0,191.0,90.0,94.0,184.0,game,Spread,Minnesota Vikings,,-2.5,kalshi,-113,—,—,,-3,,hit,,,,—,,
2026-09-20T19:22:51.890725+00:00,nfl,2026,2,401872937,4018729371772,2,2:00,"(Shotgun) PENALTY on CHI-G.Bradbury, False Start, 5 yards, enforced at MIN 44 - No Play.",3,24,MIN 44,56,-3,Chicago Bears,Minnesota Vikings,3,6,52.7,47.3,64.0,127.0,191.0,90.0,94.0,184.0,game,Spread,Chicago Bears,,2.5,kalshi,-271,—,—,,-3,,miss,,,,—,,
2026-09-20T19:22:51.890725+00:00,nfl,2026,2,401872937,4018729371772,2,2:00,"(Shotgun) PENALTY on CHI-G.Bradbury, False Start, 5 yards, enforced at MIN 44 - No Play.",3,24,MIN 44,56,-3,Chicago Bears,Minnesota Vikings,3,6,52.7,47.3,64.0,127.0,191.0,90.0,94.0,184.0,game,Total,Over,,21.5,kalshi,-525,—,—,,9.0,,miss,,,,—,,
2026-09-20T19:22:51.890725+00:00,nfl,2026,2,401872937,4018729371772,2,2:00,"(Shotgun) PENALTY on CHI-G.Bradbury, False Start, 5 yards, enforced at MIN 44 - No Play.",3,24,MIN 44,56,-3,Chicago Bears,Minnesota Vikings,3,6,52.7,47.3,64.0,127.0,191.0,90.0,94.0,184.0,game,Total,Under,,21.5,kalshi,-300,—,—,,9.0,,hit,,,,—,,
2026-09-20T19:22:51.890725+00:00,nfl,2026,2,401872937,4018729371772,2,2:00,"(Shotgun) PENALTY on CHI-G.Bradbury, False Start, 5 yards, enforced at MIN 44 - No Play.",3,24,MIN 44,56,-3,Chicago Bears,Minnesota Vikings,3,6,52.7,47.3,64.0,127.0,191.0,90.0,94.0,184.0,game,ML,Minnesota Vikings,,,polymarket,108,—,—,,Win,,hit,,,,—,,
2026-09-20T19:22:51.890725+00:00,nfl,2026,2,401872937,4018729371772,2,2:00,"(Shotgun) PENALTY on CHI-G.Bradbury, False Start, 5 yards, enforced at MIN 44 - No Play.",3,24,MIN 44,56,-3,Chicago Bears,Minnesota Vikings,3,6,52.7,47.3,64.0,127.0,191.0,90.0,94.0,184.0,game,ML,Chicago Bears,,,bet365,-115,—,—,,Loss,,miss,,,,—,,
2026-09-20T19:22:51.890725+00:00,nfl,2026,2,401872937,4018729371803,2,2:00,(Shotgun) C.Williams pass incomplete short left to C.Kmet [D.Turner].,3,29,MIN 49,51,-3,Chicago Bears,Minnesota Vikings,3,6,52.7,47.3,64.0,127.0,191.0,90.0,94.0,184.0,game,Spread,Minnesota Vikings,,-2.5,kalshi,-113,—,—,,-3,,hit,,,,—,,
2026-09-20T19:22:51.890725+00:00,nfl,2026,2,401872937,4018729371803,2,2:00,(Shotgun) C.Williams pass incomplete short left to C.Kmet [D.Turner].,3,29,MIN 49,51,-3,Chicago Bears,Minnesota Vikings,3,6,52.7,47.3,64.0,127.0,191.0,90.0,94.0,184.0,game,Spread,Chicago Bears,,2.5,kalshi,-271,—,—,,-3,,miss,,,,—,,
2026-09-20T19:22:51.890725+00:00,nfl,2026,2,401872937,4018729371803,2,2:00,(Shotgun) C.Williams pass incomplete short left to C.Kmet [D.Turner].,3,29,MIN 49,51,-3,Chicago Bears,Minnesota Vikings,3,6,52.7,47.3,64.0,127.0,191.0,90.0,94.0,184.0,game,Total,Over,,21.5,kalshi,-525,—,—,,9.0,,miss,,,,—,,
2026-09-20T19:22:51.890725+00:00,nfl,2026,2,401872937,4018729371803,2,2:00,(Shotgun) C.Williams pass incomplete short left to C.Kmet [D.Turner].,3,29,MIN 49,51,-3,Chicago Bears,Minnesota Vikings,3,6,52.7,47.3,64.0,127.0,191.0,90.0,94.0,184.0,game,Total,Under,,21.5,kalshi,-300,—,—,,9.0,,hit,,,,—,,
2026-09-20T19:22:51.890725+00:00,nfl,2026,2,401872937,4018729371803,2,2:00,(Shotgun) C.Williams pass incomplete short left to C.Kmet [D.Turner].,3,29,MIN 49,51,-3,Chicago Bears,Minnesota Vikings,3,6,52.7,47.3,64.0,127.0,191.0,90.0,94.0,184.0,game,ML,Minnesota Vikings,,,polymarket,108,—,—,,Win,,hit,,,,—,,
2026-09-20T19:22:51.890725+00:00,nfl,2026,2,401872937,4018729371803,2,2:00,(Shotgun) C.Williams pass incomplete short left to C.Kmet [D.Turner].,3,29,MIN 49,51,-3,Chicago Bears,Minnesota Vikings,3,6,52.7,47.3,64.0,127.0,191.0,90.0,94.0,184.0,game,ML,Chicago Bears,,,bet365,-115,—,—,,Loss,,miss,,,,—,,
2026-09-20T19:22:51.890725+00:00,nfl,2026,2,401872937,4018729371826,2,1:52,"T.Taylor punts 37 yards to MIN 12, Center-B.Gardner, fair catch by M.Price.",4,29,MIN 49,51,-3,Chicago Bears,Minnesota Vikings,3,6,52.7,47.3,64.0,127.0,191.0,90.0,94.0,184.0,game,Spread,Minnesota Vikings,,-2.5,kalshi,-113,—,—,,-3,,hit,,,,—,,
2026-09-20T19:22:51.890725+00:00,nfl,2026,2,401872937,4018729371826,2,1:52,"T.Taylor punts 37 yards to MIN 12, Center-B.Gardner, fair catch by M.Price.",4,29,MIN 49,51,-3,Chicago Bears,Minnesota Vikings,3,6,52.7,47.3,64.0,127.0,191.0,90.0,94.0,184.0,game,Spread,Chicago Bears,,2.5,kalshi,-271,—,—,,-3,,miss,,,,—,,
2026-09-20T19:22:51.890725+00:00,nfl,2026,2,401872937,4018729371826,2,1:52,"T.Taylor punts 37 yards to MIN 12, Center-B.Gardner, fair catch by M.Price.",4,29,MIN 49,51,-3,Chicago Bears,Minnesota Vikings,3,6,52.7,47.3,64.0,127.0,191.0,90.0,94.0,184.0,game,Total,Over,,21.5,kalshi,-525,—,—,,9.0,,miss,,,,—,,
2026-09-20T19:22:51.890725+00:00,nfl,2026,2,401872937,4018729371826,2,1:52,"T.Taylor punts 37 yards to MIN 12, Center-B.Gardner, fair catch by M.Price.",4,29,MIN 49,51,-3,Chicago Bears,Minnesota Vikings,3,6,52.7,47.3,64.0,127.0,191.0,90.0,94.0,184.0,game,Total,Under,,21.5,kalshi,-300,—,—,,9.0,,hit,,,,—,,
2026-09-20T19:22:51.890725+00:00,nfl,2026,2,401872937,4018729371826,2,1:52,"T.Taylor punts 37 yards to MIN 12, Center-B.Gardner, fair catch by M.Price.",4,29,MIN 49,51,-3,Chicago Bears,Minnesota Vikings,3,6,52.7,47.3,64.0,127.0,191.0,90.0,94.0,184.0,game,ML,Minnesota Vikings,,,polymarket,108,—,—,,Win,,hit,,,,—,,
2026-09-20T19:22:51.890725+00:00,nfl,2026,2,401872937,4018729371826,2,1:52,"T.Taylor punts 37 yards to MIN 12, Center-B.Gardner, fair catch by M.Price.",4,29,MIN 49,51,-3,Chicago Bears,Minnesota Vikings,3,6,52.7,47.3,64.0,127.0,191.0,90.0,94.0,184.0,game,ML,Chicago Bears,,,bet365,-115,—,—,,Loss,,miss,,,,—,,
2026-09-20T19:22:51.890725+00:00,nfl,2026,2,401872937,4018729371836,2,1:45,Official Timeout at 01:45.,1,10,MIN 12,88,-3,Chicago Bears,Minnesota Vikings,3,6,52.7,47.3,64.0,127.0,191.0,90.0,94.0,184.0,game,Spread,Minnesota Vikings,,-2.5,kalshi,-113,—,—,,-3,,hit,,,,—,,
2026-09-20T19:22:51.890725+00:00,nfl,2026,2,401872937,4018729371836,2,1:45,Official Timeout at 01:45.,1,10,MIN 12,88,-3,Chicago Bears,Minnesota Vikings,3,6,52.7,47.3,64.0,127.0,191.0,90.0,94.0,184.0,game,Spread,Chicago Bears,,2.5,kalshi,-271,—,—,,-3,,miss,,,,—,,
2026-09-20T19:22:51.890725+00:00,nfl,2026,2,401872937,4018729371836,2,1:45,Official Timeout at 01:45.,1,10,MIN 12,88,-3,Chicago Bears,Minnesota Vikings,3,6,52.7,47.3,64.0,127.0,191.0,90.0,94.0,184.0,game,Total,Over,,21.5,kalshi,-525,—,—,,9.0,,miss,,,,—,,
2026-09-20T19:22:51.890725+00:00,nfl,2026,2,401872937,4018729371836,2,1:45,Official Timeout at 01:45.,1,10,MIN 12,88,-3,Chicago Bears,Minnesota Vikings,3,6,52.7,47.3,64.0,127.0,191.0,90.0,94.0,184.0,game,Total,Under,,21.5,kalshi,-300,—,—,,9.0,,hit,,,,—,,
2026-09-20T19:22:51.890725+00:00,nfl,2026,2,401872937,4018729371836,2,1:45,Official Timeout at 01:45.,1,10,MIN 12,88,-3,Chicago Bears,Minnesota Vikings,3,6,52.7,47.3,64.0,127.0,191.0,90.0,94.0,184.0,game,ML,Minnesota Vikings,,,polymarket,108,—,—,,Win,,hit,,,,—,,
2026-09-20T19:22:51.890725+00:00,nfl,2026,2,401872937,4018729371836,2,1:45,Official Timeout at 01:45.,1,10,MIN 12,88,-3,Chicago Bears,Minnesota Vikings,3,6,52.7,47.3,64.0,127.0,191.0,90.0,94.0,184.0,game,ML,Chicago Bears,,,bet365,-115,—,—,,Loss,,miss,,,,—,,
2026-09-20T19:22:51.890725+00:00,nfl,2026,2,401872937,4018729371846,2,1:45,A.Jones right tackle to MIN 20 for 8 yards (D.Thieneman; M.Sweat).,1,10,MIN 12,88,-3,Chicago Bears,Minnesota Vikings,3,6,52.7,47.3,64.0,127.0,191.0,90.0,94.0,184.0,game,Spread,Minnesota Vikings,,-2.5,kalshi,-113,—,—,,-3,,hit,,,,—,,
2026-09-20T19:22:51.890725+00:00,nfl,2026,2,401872937,4018729371846,2,1:45,A.Jones right tackle to MIN 20 for 8 yards (D.Thieneman; M.Sweat).,1,10,MIN 12,88,-3,Chicago Bears,Minnesota Vikings,3,6,52.7,47.3,64.0,127.0,191.0,90.0,94.0,184.0,game,Spread,Chicago Bears,,2.5,kalshi,-271,—,—,,-3,,miss,,,,—,,
2026-09-20T19:22:51.890725+00:00,nfl,2026,2,401872937,4018729371846,2,1:45,A.Jones right tackle to MIN 20 for 8 yards (D.Thieneman; M.Sweat).,1,10,MIN 12,88,-3,Chicago Bears,Minnesota Vikings,3,6,52.7,47.3,64.0,127.0,191.0,90.0,94.0,184.0,game,Total,Over,,21.5,kalshi,-525,—,—,,9.0,,miss,,,,—,,
2026-09-20T19:22:51.890725+00:00,nfl,2026,2,401872937,4018729371846,2,1:45,A.Jones right tackle to MIN 20 for 8 yards (D.Thieneman; M.Sweat).,1,10,MIN 12,88,-3,Chicago Bears,Minnesota Vikings,3,6,52.7,47.3,64.0,127.0,191.0,90.0,94.0,184.0,game,Total,Under,,21.5,kalshi,-300,—,—,,9.0,,hit,,,,—,,
2026-09-20T19:22:51.890725+00:00,nfl,2026,2,401872937,4018729371846,2,1:45,A.Jones right tackle to MIN 20 for 8 yards (D.Thieneman; M.Sweat).,1,10,MIN 12,88,-3,Chicago Bears,Minnesota Vikings,3,6,52.7,47.3,64.0,127.0,191.0,90.0,94.0,184.0,game,ML,Minnesota Vikings,,,polymarket,108,—,—,,Win,,hit,,,,—,,
2026-09-20T19:22:51.890725+00:00,nfl,2026,2,401872937,4018729371846,2,1:45,A.Jones right tackle to MIN 20 for 8 yards (D.Thieneman; M.Sweat).,1,10,MIN 12,88,-3,Chicago Bears,Minnesota Vikings,3,6,52.7,47.3,64.0,127.0,191.0,90.0,94.0,184.0,game,ML,Chicago Bears,,,bet365,-115,—,—,,Loss,,miss,,,,—,,
2026-09-20T19:22:51.890725+00:00,nfl,2026,2,401872937,4018729371875,2,1:17,(Shotgun) A.Jones right guard to MIN 28 for 8 yards (D.Thieneman).,2,2,MIN 20,80,-3,Chicago Bears,Minnesota Vikings,3,6,52.7,47.3,64.0,127.0,191.0,90.0,94.0,184.0,game,Spread,Minnesota Vikings,,-2.5,kalshi,-113,—,—,,-3,,hit,,,,—,,
2026-09-20T19:22:51.890725+00:00,nfl,2026,2,401872937,4018729371875,2,1:17,(Shotgun) A.Jones right guard to MIN 28 for 8 yards (D.Thieneman).,2,2,MIN 20,80,-3,Chicago Bears,Minnesota Vikings,3,6,52.7,47.3,64.0,127.0,191.0,90.0,94.0,184.0,game,Spread,Chicago Bears,,2.5,kalshi,-271,—,—,,-3,,miss,,,,—,,
2026-09-20T19:22:51.890725+00:00,nfl,2026,2,401872937,4018729371875,2,1:17,(Shotgun) A.Jones right guard to MIN 28 for 8 yards (D.Thieneman).,2,2,MIN 20,80,-3,Chicago Bears,Minnesota Vikings,3,6,52.7,47.3,64.0,127.0,191.0,90.0,94.0,184.0,game,Total,Over,,21.5,kalshi,-525,—,—,,9.0,,miss,,,,—,,
2026-09-20T19:22:51.890725+00:00,nfl,2026,2,401872937,4018729371875,2,1:17,(Shotgun) A.Jones right guard to MIN 28 for 8 yards (D.Thieneman).,2,2,MIN 20,80,-3,Chicago Bears,Minnesota Vikings,3,6,52.7,47.3,64.0,127.0,191.0,90.0,94.0,184.0,game,Total,Under,,21.5,kalshi,-300,—,—,,9.0,,hit,,,,—,,
2026-09-20T19:22:51.890725+00:00,nfl,2026,2,401872937,4018729371875,2,1:17,(Shotgun) A.Jones right guard to MIN 28 for 8 yards (D.Thieneman).,2,2,MIN 20,80,-3,Chicago Bears,Minnesota Vikings,3,6,52.7,47.3,64.0,127.0,191.0,90.0,94.0,184.0,game,ML,Minnesota Vikings,,,polymarket,108,—,—,,Win,,hit,,,,—,,
2026-09-20T19:22:51.890725+00:00,nfl,2026,2,401872937,4018729371875,2,1:17,(Shotgun) A.Jones right guard to MIN 28 for 8 yards (D.Thieneman).,2,2,MIN 20,80,-3,Chicago Bears,Minnesota Vikings,3,6,52.7,47.3,64.0,127.0,191.0,90.0,94.0,184.0,game,ML,Chicago Bears,,,bet365,-115,—,—,,Loss,,miss,,,,—,,
2026-09-20T19:22:51.890725+00:00,nfl,2026,2,401872937,4018729371897,2,0:51,(Shotgun) C.Wentz pass incomplete short left to M.Price.,1,10,MIN 28,72,-3,Chicago Bears,Minnesota Vikings,3,6,52.7,47.3,64.0,127.0,191.0,90.0,94.0,184.0,game,Spread,Minnesota Vikings,,-2.5,kalshi,-113,—,—,,-3,,hit,,,,—,,
2026-09-20T19:22:51.890725+00:00,nfl,2026,2,401872937,4018729371897,2,0:51,(Shotgun) C.Wentz pass incomplete short left to M.Price.,1,10,MIN 28,72,-3,Chicago Bears,Minnesota Vikings,3,6,52.7,47.3,64.0,127.0,191.0,90.0,94.0,184.0,game,Spread,Chicago Bears,,2.5,kalshi,-271,—,—,,-3,,miss,,,,—,,
2026-09-20T19:22:51.890725+00:00,nfl,2026,2,401872937,4018729371897,2,0:51,(Shotgun) C.Wentz pass incomplete short left to M.Price.,1,10,MIN 28,72,-3,Chicago Bears,Minnesota Vikings,3,6,52.7,47.3,64.0,127.0,191.0,90.0,94.0,184.0,game,Total,Over,,21.5,kalshi,-525,—,—,,9.0,,miss,,,,—,,
2026-09-20T19:22:51.890725+00:00,nfl,2026,2,401872937,4018729371897,2,0:51,(Shotgun) C.Wentz pass incomplete short left to M.Price.,1,10,MIN 28,72,-3,Chicago Bears,Minnesota Vikings,3,6,52.7,47.3,64.0,127.0,191.0,90.0,94.0,184.0,game,Total,Under,,21.5,kalshi,-300,—,—,,9.0,,hit,,,,—,,
2026-09-20T19:22:51.890725+00:00,nfl,2026,2,401872937,4018729371897,2,0:51,(Shotgun) C.Wentz pass incomplete short left to M.Price.,1,10,MIN 28,72,-3,Chicago Bears,Minnesota Vikings,3,6,52.7,47.3,64.0,127.0,191.0,90.0,94.0,184.0,game,ML,Minnesota Vikings,,,polymarket,108,—,—,,Win,,hit,,,,—,,
2026-09-20T19:22:51.890725+00:00,nfl,2026,2,401872937,4018729371897,2,0:51,(Shotgun) C.Wentz pass incomplete short left to M.Price.,1,10,MIN 28,72,-3,Chicago Bears,Minnesota Vikings,3,6,52.7,47.3,64.0,127.0,191.0,90.0,94.0,184.0,game,ML,Chicago Bears,,,bet365,-115,—,—,,Loss,,miss,,,,—,,
2026-09-20T19:22:51.890725+00:00,nfl,2026,2,401872937,4018729371932,2,0:47,(Shotgun) C.Wentz sacked at MIN 19 for -9 yards (A.Booker).,2,10,MIN 28,72,-3,Chicago Bears,Minnesota Vikings,3,6,52.7,47.3,64.0,127.0,191.0,90.0,94.0,184.0,game,Spread,Minnesota Vikings,,-2.5,kalshi,-113,—,—,,-3,,hit,,,,—,,
2026-09-20T19:22:51.890725+00:00,nfl,2026,2,401872937,4018729371932,2,0:47,(Shotgun) C.Wentz sacked at MIN 19 for -9 yards (A.Booker).,2,10,MIN 28,72,-3,Chicago Bears,Minnesota Vikings,3,6,52.7,47.3,64.0,127.0,191.0,90.0,94.0,184.0,game,Spread,Chicago Bears,,2.5,kalshi,-271,—,—,,-3,,miss,,,,—,,
2026-09-20T19:22:51.890725+00:00,nfl,2026,2,401872937,4018729371932,2,0:47,(Shotgun) C.Wentz sacked at MIN 19 for -9 yards (A.Booker).,2,10,MIN 28,72,-3,Chicago Bears,Minnesota Vikings,3,6,52.7,47.3,64.0,127.0,191.0,90.0,94.0,184.0,game,Total,Over,,21.5,kalshi,-525,—,—,,9.0,,miss,,,,—,,
2026-09-20T19:22:51.890725+00:00,nfl,2026,2,401872937,4018729371932,2,0:47,(Shotgun) C.Wentz sacked at MIN 19 for -9 yards (A.Booker).,2,10,MIN 28,72,-3,Chicago Bears,Minnesota Vikings,3,6,52.7,47.3,64.0,127.0,191.0,90.0,94.0,184.0,game,Total,Under,,21.5,kalshi,-300,—,—,,9.0,,hit,,,,—,,
2026-09-20T19:22:51.890725+00:00,nfl,2026,2,401872937,4018729371932,2,0:47,(Shotgun) C.Wentz sacked at MIN 19 for -9 yards (A.Booker).,2,10,MIN 28,72,-3,Chicago Bears,Minnesota Vikings,3,6,52.7,47.3,64.0,127.0,191.0,90.0,94.0,184.0,game,ML,Minnesota Vikings,,,polymarket,108,—,—,,Win,,hit,,,,—,,
2026-09-20T19:22:51.890725+00:00,nfl,2026,2,401872937,4018729371932,2,0:47,(Shotgun) C.Wentz sacked at MIN 19 for -9 yards (A.Booker).,2,10,MIN 28,72,-3,Chicago Bears,Minnesota Vikings,3,6,52.7,47.3,64.0,127.0,191.0,90.0,94.0,184.0,game,ML,Chicago Bears,,,bet365,-115,—,—,,Loss,,miss,,,,—,,
2026-09-20T19:22:51.890725+00:00,nfl,2026,2,401872937,4018729371942,2,0:41,Timeout #1 by CHI at 00:41.,3,19,MIN 19,81,-3,Chicago Bears,Minnesota Vikings,3,6,52.7,47.3,64.0,127.0,191.0,90.0,94.0,184.0,game,Spread,Minnesota Vikings,,-2.5,kalshi,-113,—,—,,-3,,hit,,,,—,,
2026-09-20T19:22:51.890725+00:00,nfl,2026,2,401872937,4018729371942,2,0:41,Timeout #1 by CHI at 00:41.,3,19,MIN 19,81,-3,Chicago Bears,Minnesota Vikings,3,6,52.7,47.3,64.0,127.0,191.0,90.0,94.0,184.0,game,Spread,Chicago Bears,,2.5,kalshi,-271,—,—,,-3,,miss,,,,—,,
2026-09-20T19:22:51.890725+00:00,nfl,2026,2,401872937,4018729371942,2,0:41,Timeout #1 by CHI at 00:41.,3,19,MIN 19,81,-3,Chicago Bears,Minnesota Vikings,3,6,52.7,47.3,64.0,127.0,191.0,90.0,94.0,184.0,game,Total,Over,,21.5,kalshi,-525,—,—,,9.0,,miss,,,,—,,
2026-09-20T19:22:51.890725+00:00,nfl,2026,2,401872937,4018729371942,2,0:41,Timeout #1 by CHI at 00:41.,3,19,MIN 19,81,-3,Chicago Bears,Minnesota Vikings,3,6,52.7,47.3,64.0,127.0,191.0,90.0,94.0,184.0,game,Total,Under,,21.5,kalshi,-300,—,—,,9.0,,hit,,,,—,,
2026-09-20T19:22:51.890725+00:00,nfl,2026,2,401872937,4018729371942,2,0:41,Timeout #1 by CHI at 00:41.,3,19,MIN 19,81,-3,Chicago Bears,Minnesota Vikings,3,6,52.7,47.3,64.0,127.0,191.0,90.0,94.0,184.0,game,ML,Minnesota Vikings,,,polymarket,108,—,—,,Win,,hit,,,,—,,
2026-09-20T19:22:51.890725+00:00,nfl,2026,2,401872937,4018729371942,2,0:41,Timeout #1 by CHI at 00:41.,3,19,MIN 19,81,-3,Chicago Bears,Minnesota Vikings,3,6,52.7,47.3,64.0,127.0,191.0,90.0,94.0,184.0,game,ML,Chicago Bears,,,bet365,-115,—,—,,Loss,,miss,,,,—,,
2026-09-20T19:22:51.890725+00:00,nfl,2026,2,401872937,4018729371952,2,0:41,(Shotgun) C.Wentz pass short middle to J.Jefferson to MIN 28 for 9 yards (M.Muhammad).,3,19,MIN 19,81,-3,Chicago Bears,Minnesota Vikings,3,6,52.7,47.3,64.0,127.0,191.0,90.0,94.0,184.0,game,Spread,Minnesota Vikings,,-2.5,kalshi,-113,—,—,,-3,,hit,,,,—,,
2026-09-20T19:22:51.890725+00:00,nfl,2026,2,401872937,4018729371952,2,0:41,(Shotgun) C.Wentz pass short middle to J.Jefferson to MIN 28 for 9 yards (M.Muhammad).,3,19,MIN 19,81,-3,Chicago Bears,Minnesota Vikings,3,6,52.7,47.3,64.0,127.0,191.0,90.0,94.0,184.0,game,Spread,Chicago Bears,,2.5,kalshi,-271,—,—,,-3,,miss,,,,—,,
2026-09-20T19:22:51.890725+00:00,nfl,2026,2,401872937,4018729371952,2,0:41,(Shotgun) C.Wentz pass short middle to J.Jefferson to MIN 28 for 9 yards (M.Muhammad).,3,19,MIN 19,81,-3,Chicago Bears,Minnesota Vikings,3,6,52.7,47.3,64.0,127.0,191.0,90.0,94.0,184.0,game,Total,Over,,21.5,kalshi,-525,—,—,,9.0,,miss,,,,—,,
2026-09-20T19:22:51.890725+00:00,nfl,2026,2,401872937,4018729371952,2,0:41,(Shotgun) C.Wentz pass short middle to J.Jefferson to MIN 28 for 9 yards (M.Muhammad).,3,19,MIN 19,81,-3,Chicago Bears,Minnesota Vikings,3,6,52.7,47.3,64.0,127.0,191.0,90.0,94.0,184.0,game,Total,Under,,21.5,kalshi,-300,—,—,,9.0,,hit,,,,—,,
2026-09-20T19:22:51.890725+00:00,nfl,2026,2,401872937,4018729371952,2,0:41,(Shotgun) C.Wentz pass short middle to J.Jefferson to MIN 28 for 9 yards (M.Muhammad).,3,19,MIN 19,81,-3,Chicago Bears,Minnesota Vikings,3,6,52.7,47.3,64.0,127.0,191.0,90.0,94.0,184.0,game,ML,Minnesota Vikings,,,polymarket,108,—,—,,Win,,hit,,,,—,,
2026-09-20T19:22:51.890725+00:00,nfl,2026,2,401872937,4018729371952,2,0:41,(Shotgun) C.Wentz pass short middle to J.Jefferson to MIN 28 for 9 yards (M.Muhammad).,3,19,MIN 19,81,-3,Chicago Bears,Minnesota Vikings,3,6,52.7,47.3,64.0,127.0,191.0,90.0,94.0,184.0,game,ML,Chicago Bears,,,bet365,-115,—,—,,Loss,,miss,,,,—,,
2026-09-20T19:22:51.890725+00:00,nfl,2026,2,401872937,4018729371968,2,0:34,Timeout #2 by CHI at 00:34.,4,10,MIN 28,72,-3,Chicago Bears,Minnesota Vikings,3,6,52.7,47.3,64.0,127.0,191.0,90.0,94.0,184.0,game,Spread,Minnesota Vikings,,-2.5,kalshi,-113,—,—,,-3,,hit,,,,—,,
2026-09-20T19:22:51.890725+00:00,nfl,2026,2,401872937,4018729371968,2,0:34,Timeout #2 by CHI at 00:34.,4,10,MIN 28,72,-3,Chicago Bears,Minnesota Vikings,3,6,52.7,47.3,64.0,127.0,191.0,90.0,94.0,184.0,game,Spread,Chicago Bears,,2.5,kalshi,-271,—,—,,-3,,miss,,,,—,,
2026-09-20T19:22:51.890725+00:00,nfl,2026,2,401872937,4018729371968,2,0:34,Timeout #2 by CHI at 00:34.,4,10,MIN 28,72,-3,Chicago Bears,Minnesota Vikings,3,6,52.7,47.3,64.0,127.0,191.0,90.0,94.0,184.0,game,Total,Over,,21.5,kalshi,-525,—,—,,9.0,,miss,,,,—,,
2026-09-20T19:22:51.890725+00:00,nfl,2026,2,401872937,4018729371968,2,0:34,Timeout #2 by CHI at 00:34.,4,10,MIN 28,72,-3,Chicago Bears,Minnesota Vikings,3,6,52.7,47.3,64.0,127.0,191.0,90.0,94.0,184.0,game,Total,Under,,21.5,kalshi,-300,—,—,,9.0,,hit,,,,—,,
2026-09-20T19:22:51.890725+00:00,nfl,2026,2,401872937,4018729371968,2,0:34,Timeout #2 by CHI at 00:34.,4,10,MIN 28,72,-3,Chicago Bears,Minnesota Vikings,3,6,52.7,47.3,64.0,127.0,191.0,90.0,94.0,184.0,game,ML,Minnesota Vikings,,,polymarket,108,—,—,,Win,,hit,,,,—,,
2026-09-20T19:22:51.890725+00:00,nfl,2026,2,401872937,4018729371968,2,0:34,Timeout #2 by CHI at 00:34.,4,10,MIN 28,72,-3,Chicago Bears,Minnesota Vikings,3,6,52.7,47.3,64.0,127.0,191.0,90.0,94.0,184.0,game,ML,Chicago Bears,,,bet365,-115,—,—,,Loss,,miss,,,,—,,
2026-09-20T19:22:51.890725+00:00,nfl,2026,2,401872937,4018729371984,2,0:34,"B.Thorson punts 62 yards to CHI 10, Center-A.DePaola. K.Raymond ran ob at CHI 34 for 24 yards (A.DePaola).",4,10,MIN 28,72,-3,Chicago Bears,Minnesota Vikings,3,6,52.7,47.3,64.0,127.0,191.0,90.0,94.0,184.0,game,Spread,Minnesota Vikings,,-2.5,kalshi,-113,—,—,,-3,,hit,,,,—,,
2026-09-20T19:22:51.890725+00:00,nfl,2026,2,401872937,4018729371984,2,0:34,"B.Thorson punts 62 yards to CHI 10, Center-A.DePaola. K.Raymond ran ob at CHI 34 for 24 yards (A.DePaola).",4,10,MIN 28,72,-3,Chicago Bears,Minnesota Vikings,3,6,52.7,47.3,64.0,127.0,191.0,90.0,94.0,184.0,game,Spread,Chicago Bears,,2.5,kalshi,-258,—,—,,-3,,miss,,,,—,,
2026-09-20T19:22:51.890725+00:00,nfl,2026,2,401872937,4018729371984,2,0:34,"B.Thorson punts 62 yards to CHI 10, Center-A.DePaola. K.Raymond ran ob at CHI 34 for 24 yards (A.DePaola).",4,10,MIN 28,72,-3,Chicago Bears,Minnesota Vikings,3,6,52.7,47.3,64.0,127.0,191.0,90.0,94.0,184.0,game,Total,Over,,21.5,kalshi,-525,—,—,,9.0,,miss,,,,—,,
2026-09-20T19:22:51.890725+00:00,nfl,2026,2,401872937,4018729371984,2,0:34,"B.Thorson punts 62 yards to CHI 10, Center-A.DePaola. K.Raymond ran ob at CHI 34 for 24 yards (A.DePaola).",4,10,MIN 28,72,-3,Chicago Bears,Minnesota Vikings,3,6,52.7,47.3,64.0,127.0,191.0,90.0,94.0,184.0,game,Total,Under,,21.5,kalshi,-317,—,—,,9.0,,hit,,,,—,,
2026-09-20T19:22:51.890725+00:00,nfl,2026,2,401872937,4018729371984,2,0:34,"B.Thorson punts 62 yards to CHI 10, Center-A.DePaola. K.Raymond ran ob at CHI 34 for 24 yards (A.DePaola).",4,10,MIN 28,72,-3,Chicago Bears,Minnesota Vikings,3,6,52.7,47.3,64.0,127.0,191.0,90.0,94.0,184.0,game,ML,Minnesota Vikings,,,polymarket,108,—,—,,Win,,hit,,,,—,,
2026-09-20T19:22:51.890725+00:00,nfl,2026,2,401872937,4018729371984,2,0:34,"B.Thorson punts 62 yards to CHI 10, Center-A.DePaola. K.Raymond ran ob at CHI 34 for 24 yards (A.DePaola).",4,10,MIN 28,72,-3,Chicago Bears,Minnesota Vikings,3,6,52.7,47.3,64.0,127.0,191.0,90.0,94.0,184.0,game,ML,Chicago Bears,,,bet365,-115,—,—,,Loss,,miss,,,,—,,
2026-09-20T19:22:51.890725+00:00,nfl,2026,2,401872937,4018729372022,2,0:20,(Shotgun) C.Williams pass short middle to R.Odunze to CHI 41 for 7 yards (H.Smith).,1,10,CHI 34,34,-3,Chicago Bears,Minnesota Vikings,3,6,52.7,47.3,64.0,127.0,191.0,90.0,94.0,184.0,game,Spread,Minnesota Vikings,,-2.5,kalshi,-113,—,—,,-3,,hit,,,,—,,
2026-09-20T19:22:51.890725+00:00,nfl,2026,2,401872937,4018729372022,2,0:20,(Shotgun) C.Williams pass short middle to R.Odunze to CHI 41 for 7 yards (H.Smith).,1,10,CHI 34,34,-3,Chicago Bears,Minnesota Vikings,3,6,52.7,47.3,64.0,127.0,191.0,90.0,94.0,184.0,game,Spread,Chicago Bears,,2.5,kalshi,-258,—,—,,-3,,miss,,,,—,,
2026-09-20T19:22:51.890725+00:00,nfl,2026,2,401872937,4018729372022,2,0:20,(Shotgun) C.Williams pass short middle to R.Odunze to CHI 41 for 7 yards (H.Smith).,1,10,CHI 34,34,-3,Chicago Bears,Minnesota Vikings,3,6,52.7,47.3,64.0,127.0,191.0,90.0,94.0,184.0,game,Total,Over,,21.5,kalshi,-525,—,—,,9.0,,miss,,,,—,,
2026-09-20T19:22:51.890725+00:00,nfl,2026,2,401872937,4018729372022,2,0:20,(Shotgun) C.Williams pass short middle to R.Odunze to CHI 41 for 7 yards (H.Smith).,1,10,CHI 34,34,-3,Chicago Bears,Minnesota Vikings,3,6,52.7,47.3,64.0,127.0,191.0,90.0,94.0,184.0,game,Total,Under,,21.5,kalshi,-317,—,—,,9.0,,hit,,,,—,,
2026-09-20T19:22:51.890725+00:00,nfl,2026,2,401872937,4018729372022,2,0:20,(Shotgun) C.Williams pass short middle to R.Odunze to CHI 41 for 7 yards (H.Smith).,1,10,CHI 34,34,-3,Chicago Bears,Minnesota Vikings,3,6,52.7,47.3,64.0,127.0,191.0,90.0,94.0,184.0,game,ML,Minnesota Vikings,,,polymarket,108,—,—,,Win,,hit,,,,—,,
2026-09-20T19:22:51.890725+00:00,nfl,2026,2,401872937,4018729372022,2,0:20,(Shotgun) C.Williams pass short middle to R.Odunze to CHI 41 for 7 yards (H.Smith).,1,10,CHI 34,34,-3,Chicago Bears,Minnesota Vikings,3,6,52.7,47.3,64.0,127.0,191.0,90.0,94.0,184.0,game,ML,Chicago Bears,,,bet365,-115,—,—,,Loss,,miss,,,,—,,
2026-09-20T19:22:51.890725+00:00,nfl,2026,2,401872937,4018729372035,2,0:15,Timeout #3 by CHI at 00:15.,2,3,CHI 41,41,-3,Chicago Bears,Minnesota Vikings,3,6,52.7,47.3,64.0,127.0,191.0,90.0,94.0,184.0,game,Spread,Minnesota Vikings,,-2.5,kalshi,-113,—,—,,-3,,hit,,,,—,,
2026-09-20T19:22:51.890725+00:00,nfl,2026,2,401872937,4018729372035,2,0:15,Timeout #3 by CHI at 00:15.,2,3,CHI 41,41,-3,Chicago Bears,Minnesota Vikings,3,6,52.7,47.3,64.0,127.0,191.0,90.0,94.0,184.0,game,Spread,Chicago Bears,,2.5,kalshi,-258,—,—,,-3,,miss,,,,—,,
2026-09-20T19:22:51.890725+00:00,nfl,2026,2,401872937,4018729372035,2,0:15,Timeout #3 by CHI at 00:15.,2,3,CHI 41,41,-3,Chicago Bears,Minnesota Vikings,3,6,52.7,47.3,64.0,127.0,191.0,90.0,94.0,184.0,game,Total,Over,,21.5,kalshi,-525,—,—,,9.0,,miss,,,,—,,
2026-09-20T19:22:51.890725+00:00,nfl,2026,2,401872937,4018729372035,2,0:15,Timeout #3 by CHI at 00:15.,2,3,CHI 41,41,-3,Chicago Bears,Minnesota Vikings,3,6,52.7,47.3,64.0,127.0,191.0,90.0,94.0,184.0,game,Total,Under,,21.5,kalshi,-317,—,—,,9.0,,hit,,,,—,,
2026-09-20T19:22:51.890725+00:00,nfl,2026,2,401872937,4018729372035,2,0:15,Timeout #3 by CHI at 00:15.,2,3,CHI 41,41,-3,Chicago Bears,Minnesota Vikings,3,6,52.7,47.3,64.0,127.0,191.0,90.0,94.0,184.0,game,ML,Minnesota Vikings,,,polymarket,108,—,—,,Win,,hit,,,,—,,
2026-09-20T19:22:51.890725+00:00,nfl,2026,2,401872937,4018729372035,2,0:15,Timeout #3 by CHI at 00:15.,2,3,CHI 41,41,-3,Chicago Bears,Minnesota Vikings,3,6,52.7,47.3,64.0,127.0,191.0,90.0,94.0,184.0,game,ML,Chicago Bears,,,bet365,-115,—,—,,Loss,,miss,,,,—,,
2026-09-20T19:22:51.890725+00:00,nfl,2026,2,401872937,4018729372047,2,0:15,(Shotgun) C.Williams sacked at CHI 24 for -17 yards (A.Van Ginkel).,2,3,CHI 41,41,-3,Chicago Bears,Minnesota Vikings,3,6,52.7,47.3,64.0,127.0,191.0,90.0,94.0,184.0,game,Spread,Minnesota Vikings,,-2.5,kalshi,-113,—,—,,-3,,hit,,,,—,,
2026-09-20T19:22:51.890725+00:00,nfl,2026,2,401872937,4018729372047,2,0:15,(Shotgun) C.Williams sacked at CHI 24 for -17 yards (A.Van Ginkel).,2,3,CHI 41,41,-3,Chicago Bears,Minnesota Vikings,3,6,52.7,47.3,64.0,127.0,191.0,90.0,94.0,184.0,game,Spread,Chicago Bears,,2.5,kalshi,-258,—,—,,-3,,miss,,,,—,,
2026-09-20T19:22:51.890725+00:00,nfl,2026,2,401872937,4018729372047,2,0:15,(Shotgun) C.Williams sacked at CHI 24 for -17 yards (A.Van Ginkel).,2,3,CHI 41,41,-3,Chicago Bears,Minnesota Vikings,3,6,52.7,47.3,64.0,127.0,191.0,90.0,94.0,184.0,game,Total,Over,,21.5,kalshi,-525,—,—,,9.0,,miss,,,,—,,
2026-09-20T19:22:51.890725+00:00,nfl,2026,2,401872937,4018729372047,2,0:15,(Shotgun) C.Williams sacked at CHI 24 for -17 yards (A.Van Ginkel).,2,3,CHI 41,41,-3,Chicago Bears,Minnesota Vikings,3,6,52.7,47.3,64.0,127.0,191.0,90.0,94.0,184.0,game,Total,Under,,21.5,kalshi,-317,—,—,,9.0,,hit,,,,—,,
2026-09-20T19:22:51.890725+00:00,nfl,2026,2,401872937,4018729372047,2,0:15,(Shotgun) C.Williams sacked at CHI 24 for -17 yards (A.Van Ginkel).,2,3,CHI 41,41,-3,Chicago Bears,Minnesota Vikings,3,6,52.7,47.3,64.0,127.0,191.0,90.0,94.0,184.0,game,ML,Minnesota Vikings,,,polymarket,108,—,—,,Win,,hit,,,,—,,
2026-09-20T19:22:51.890725+00:00,nfl,2026,2,401872937,4018729372047,2,0:15,(Shotgun) C.Williams sacked at CHI 24 for -17 yards (A.Van Ginkel).,2,3,CHI 41,41,-3,Chicago Bears,Minnesota Vikings,3,6,52.7,47.3,64.0,127.0,191.0,90.0,94.0,184.0,game,ML,Chicago Bears,,,bet365,-115,—,—,,Loss,,miss,,,,—,,
2026-09-20T19:22:51.890725+00:00,nfl,2026,2,401872937,4018729372074,2,0:00,END QUARTER 2,4,1,MIN 21,24,-3,Chicago Bears,Minnesota Vikings,3,6,52.7,47.3,64.0,127.0,191.0,90.0,94.0,184.0,game,Spread,Minnesota Vikings,,-2.5,kalshi,-113,—,—,,-3,,hit,,,,—,,
2026-09-20T19:22:51.890725+00:00,nfl,2026,2,401872937,4018729372074,2,0:00,END QUARTER 2,4,1,MIN 21,24,-3,Chicago Bears,Minnesota Vikings,3,6,52.7,47.3,64.0,127.0,191.0,90.0,94.0,184.0,game,Spread,Chicago Bears,,2.5,kalshi,-258,—,—,,-3,,miss,,,,—,,
2026-09-20T19:22:51.890725+00:00,nfl,2026,2,401872937,4018729372074,2,0:00,END QUARTER 2,4,1,MIN 21,24,-3,Chicago Bears,Minnesota Vikings,3,6,52.7,47.3,64.0,127.0,191.0,90.0,94.0,184.0,game,Total,Over,,21.5,kalshi,-525,—,—,,9.0,,miss,,,,—,,
2026-09-20T19:22:51.890725+00:00,nfl,2026,2,401872937,4018729372074,2,0:00,END QUARTER 2,4,1,MIN 21,24,-3,Chicago Bears,Minnesota Vikings,3,6,52.7,47.3,64.0,127.0,191.0,90.0,94.0,184.0,game,Total,Under,,21.5,kalshi,-317,—,—,,9.0,,hit,,,,—,,
2026-09-20T19:22:51.890725+00:00,nfl,2026,2,401872937,4018729372074,2,0:00,END QUARTER 2,4,1,MIN 21,24,-3,Chicago Bears,Minnesota Vikings,3,6,52.7,47.3,64.0,127.0,191.0,90.0,94.0,184.0,game,ML,Minnesota Vikings,,,polymarket,108,—,—,,Win,,hit,,,,—,,
2026-09-20T19:22:51.890725+00:00,nfl,2026,2,401872937,4018729372074,2,0:00,END QUARTER 2,4,1,MIN 21,24,-3,Chicago Bears,Minnesota Vikings,3,6,52.7,47.3,64.0,127.0,191.0,90.0,94.0,184.0,game,ML,Chicago Bears,,,bet365,-115,—,—,,Loss,,miss,,,,—,,
2026-09-20T19:22:51.890725+00:00,nfl,2026,2,401872937,4018729372094,3,15:00,"W.Reichard kicks 65 yards from MIN 35 to end zone, Touchback to the CHI 35.",4,1,MIN 21,65,-3,Chicago Bears,Minnesota Vikings,3,6,52.7,47.3,64.0,127.0,191.0,90.0,94.0,184.0,game,Spread,Minnesota Vikings,,-2.5,kalshi,-113,—,—,,-3,,hit,,,,—,,
2026-09-20T19:22:51.890725+00:00,nfl,2026,2,401872937,4018729372094,3,15:00,"W.Reichard kicks 65 yards from MIN 35 to end zone, Touchback to the CHI 35.",4,1,MIN 21,65,-3,Chicago Bears,Minnesota Vikings,3,6,52.7,47.3,64.0,127.0,191.0,90.0,94.0,184.0,game,Spread,Chicago Bears,,2.5,kalshi,-258,—,—,,-3,,miss,,,,—,,
2026-09-20T19:22:51.890725+00:00,nfl,2026,2,401872937,4018729372094,3,15:00,"W.Reichard kicks 65 yards from MIN 35 to end zone, Touchback to the CHI 35.",4,1,MIN 21,65,-3,Chicago Bears,Minnesota Vikings,3,6,52.7,47.3,64.0,127.0,191.0,90.0,94.0,184.0,game,Total,Over,,21.5,kalshi,-525,—,—,,9.0,,miss,,,,—,,
2026-09-20T19:22:51.890725+00:00,nfl,2026,2,401872937,4018729372094,3,15:00,"W.Reichard kicks 65 yards from MIN 35 to end zone, Touchback to the CHI 35.",4,1,MIN 21,65,-3,Chicago Bears,Minnesota Vikings,3,6,52.7,47.3,64.0,127.0,191.0,90.0,94.0,184.0,game,Total,Under,,21.5,kalshi,-317,—,—,,9.0,,hit,,,,—,,
2026-09-20T19:22:51.890725+00:00,nfl,2026,2,401872937,4018729372094,3,15:00,"W.Reichard kicks 65 yards from MIN 35 to end zone, Touchback to the CHI 35.",4,1,MIN 21,65,-3,Chicago Bears,Minnesota Vikings,3,6,52.7,47.3,64.0,127.0,191.0,90.0,94.0,184.0,game,ML,Minnesota Vikings,,,polymarket,108,—,—,,Win,,hit,,,,—,,
2026-09-20T19:22:51.890725+00:00,nfl,2026,2,401872937,4018729372094,3,15:00,"W.Reichard kicks 65 yards from MIN 35 to end zone, Touchback to the CHI 35.",4,1,MIN 21,65,-3,Chicago Bears,Minnesota Vikings,3,6,52.7,47.3,64.0,127.0,191.0,90.0,94.0,184.0,game,ML,Chicago Bears,,,bet365,-115,—,—,,Loss,,miss,,,,—,,
2026-09-20T19:22:51.890725+00:00,nfl,2026,2,401872937,4018729372111,3,15:00,(Shotgun) C.Williams pass incomplete deep right.,1,10,CHI 35,35,-3,Chicago Bears,Minnesota Vikings,3,6,52.7,47.3,64.0,127.0,191.0,90.0,94.0,184.0,game,Spread,Minnesota Vikings,,-2.5,kalshi,-113,—,—,,-3,,hit,,,,—,,
2026-09-20T19:22:51.890725+00:00,nfl,2026,2,401872937,4018729372111,3,15:00,(Shotgun) C.Williams pass incomplete deep right.,1,10,CHI 35,35,-3,Chicago Bears,Minnesota Vikings,3,6,52.7,47.3,64.0,127.0,191.0,90.0,94.0,184.0,game,Spread,Chicago Bears,,2.5,kalshi,-258,—,—,,-3,,miss,,,,—,,
2026-09-20T19:22:51.890725+00:00,nfl,2026,2,401872937,4018729372111,3,15:00,(Shotgun) C.Williams pass incomplete deep right.,1,10,CHI 35,35,-3,Chicago Bears,Minnesota Vikings,3,6,52.7,47.3,64.0,127.0,191.0,90.0,94.0,184.0,game,Total,Over,,21.5,kalshi,-525,—,—,,9.0,,miss,,,,—,,
2026-09-20T19:22:51.890725+00:00,nfl,2026,2,401872937,4018729372111,3,15:00,(Shotgun) C.Williams pass incomplete deep right.,1,10,CHI 35,35,-3,Chicago Bears,Minnesota Vikings,3,6,52.7,47.3,64.0,127.0,191.0,90.0,94.0,184.0,game,Total,Under,,21.5,kalshi,-317,—,—,,9.0,,hit,,,,—,,
2026-09-20T19:22:51.890725+00:00,nfl,2026,2,401872937,4018729372111,3,15:00,(Shotgun) C.Williams pass incomplete deep right.,1,10,CHI 35,35,-3,Chicago Bears,Minnesota Vikings,3,6,52.7,47.3,64.0,127.0,191.0,90.0,94.0,184.0,game,ML,Minnesota Vikings,,,polymarket,108,—,—,,Win,,hit,,,,—,,
2026-09-20T19:22:51.890725+00:00,nfl,2026,2,401872937,4018729372111,3,15:00,(Shotgun) C.Williams pass incomplete deep right.,1,10,CHI 35,35,-3,Chicago Bears,Minnesota Vikings,3,6,52.7,47.3,64.0,127.0,191.0,90.0,94.0,184.0,game,ML,Chicago Bears,,,bet365,-115,—,—,,Loss,,miss,,,,—,,
2026-09-20T19:22:51.890725+00:00,nfl,2026,2,401872937,4018729372134,3,14:50,D.Swift left tackle ran ob at CHI 47 for 12 yards (T.Jackson).,2,10,CHI 35,35,-3,Chicago Bears,Minnesota Vikings,3,6,52.7,47.3,64.0,127.0,191.0,90.0,94.0,184.0,game,Spread,Minnesota Vikings,,-2.5,kalshi,-113,—,—,,-3,,hit,,,,—,,
2026-09-20T19:22:51.890725+00:00,nfl,2026,2,401872937,4018729372134,3,14:50,D.Swift left tackle ran ob at CHI 47 for 12 yards (T.Jackson).,2,10,CHI 35,35,-3,Chicago Bears,Minnesota Vikings,3,6,52.7,47.3,64.0,127.0,191.0,90.0,94.0,184.0,game,Spread,Chicago Bears,,2.5,kalshi,-258,—,—,,-3,,miss,,,,—,,
2026-09-20T19:22:51.890725+00:00,nfl,2026,2,401872937,4018729372134,3,14:50,D.Swift left tackle ran ob at CHI 47 for 12 yards (T.Jackson).,2,10,CHI 35,35,-3,Chicago Bears,Minnesota Vikings,3,6,52.7,47.3,64.0,127.0,191.0,90.0,94.0,184.0,game,Total,Over,,21.5,kalshi,-525,—,—,,9.0,,miss,,,,—,,
2026-09-20T19:22:51.890725+00:00,nfl,2026,2,401872937,4018729372134,3,14:50,D.Swift left tackle ran ob at CHI 47 for 12 yards (T.Jackson).,2,10,CHI 35,35,-3,Chicago Bears,Minnesota Vikings,3,6,52.7,47.3,64.0,127.0,191.0,90.0,94.0,184.0,game,Total,Under,,21.5,kalshi,-317,—,—,,9.0,,hit,,,,—,,
2026-09-20T19:22:51.890725+00:00,nfl,2026,2,401872937,4018729372134,3,14:50,D.Swift left tackle ran ob at CHI 47 for 12 yards (T.Jackson).,2,10,CHI 35,35,-3,Chicago Bears,Minnesota Vikings,3,6,52.7,47.3,64.0,127.0,191.0,90.0,94.0,184.0,game,ML,Minnesota Vikings,,,polymarket,108,—,—,,Win,,hit,,,,—,,
2026-09-20T19:22:51.890725+00:00,nfl,2026,2,401872937,4018729372134,3,14:50,D.Swift left tackle ran ob at CHI 47 for 12 yards (T.Jackson).,2,10,CHI 35,35,-3,Chicago Bears,Minnesota Vikings,3,6,52.7,47.3,64.0,127.0,191.0,90.0,94.0,184.0,game,ML,Chicago Bears,,,bet365,-115,—,—,,Loss,,miss,,,,—,,
2026-09-20T19:22:51.890725+00:00,nfl,2026,2,401872937,4018729372161,3,14:15,C.Williams pass incomplete short middle to S.Roush.,1,10,CHI 47,47,-3,Chicago Bears,Minnesota Vikings,3,6,52.7,47.3,64.0,127.0,191.0,90.0,94.0,184.0,game,Spread,Minnesota Vikings,,-2.5,kalshi,-113,—,—,,-3,,hit,,,,—,,
2026-09-20T19:22:51.890725+00:00,nfl,2026,2,401872937,4018729372161,3,14:15,C.Williams pass incomplete short middle to S.Roush.,1,10,CHI 47,47,-3,Chicago Bears,Minnesota Vikings,3,6,52.7,47.3,64.0,127.0,191.0,90.0,94.0,184.0,game,Spread,Chicago Bears,,2.5,kalshi,-258,—,—,,-3,,miss,,,,—,,
2026-09-20T19:22:51.890725+00:00,nfl,2026,2,401872937,4018729372161,3,14:15,C.Williams pass incomplete short middle to S.Roush.,1,10,CHI 47,47,-3,Chicago Bears,Minnesota Vikings,3,6,52.7,47.3,64.0,127.0,191.0,90.0,94.0,184.0,game,Total,Over,,21.5,kalshi,-525,—,—,,9.0,,miss,,,,—,,
2026-09-20T19:22:51.890725+00:00,nfl,2026,2,401872937,4018729372161,3,14:15,C.Williams pass incomplete short middle to S.Roush.,1,10,CHI 47,47,-3,Chicago Bears,Minnesota Vikings,3,6,52.7,47.3,64.0,127.0,191.0,90.0,94.0,184.0,game,Total,Under,,21.5,kalshi,-317,—,—,,9.0,,hit,,,,—,,
2026-09-20T19:22:51.890725+00:00,nfl,2026,2,401872937,4018729372161,3,14:15,C.Williams pass incomplete short middle to S.Roush.,1,10,CHI 47,47,-3,Chicago Bears,Minnesota Vikings,3,6,52.7,47.3,64.0,127.0,191.0,90.0,94.0,184.0,game,ML,Minnesota Vikings,,,polymarket,108,—,—,,Win,,hit,,,,—,,
2026-09-20T19:22:51.890725+00:00,nfl,2026,2,401872937,4018729372161,3,14:15,C.Williams pass incomplete short middle to S.Roush.,1,10,CHI 47,47,-3,Chicago Bears,Minnesota Vikings,3,6,52.7,47.3,64.0,127.0,191.0,90.0,94.0,184.0,game,ML,Chicago Bears,,,bet365,-115,—,—,,Loss,,miss,,,,—,,
2026-09-20T19:22:51.890725+00:00,nfl,2026,2,401872937,4018729372189,3,14:10,(Shotgun) C.Williams scrambles right tackle to MIN 42 for 11 yards (B.Cashman).,2,10,CHI 47,47,-3,Chicago Bears,Minnesota Vikings,3,6,52.7,47.3,64.0,127.0,191.0,90.0,94.0,184.0,game,Spread,Minnesota Vikings,,-2.5,kalshi,-113,—,—,,-3,,hit,,,,—,,
2026-09-20T19:22:51.890725+00:00,nfl,2026,2,401872937,4018729372189,3,14:10,(Shotgun) C.Williams scrambles right tackle to MIN 42 for 11 yards (B.Cashman).,2,10,CHI 47,47,-3,Chicago Bears,Minnesota Vikings,3,6,52.7,47.3,64.0,127.0,191.0,90.0,94.0,184.0,game,Spread,Chicago Bears,,2.5,kalshi,-258,—,—,,-3,,miss,,,,—,,
2026-09-20T19:22:51.890725+00:00,nfl,2026,2,401872937,4018729372189,3,14:10,(Shotgun) C.Williams scrambles right tackle to MIN 42 for 11 yards (B.Cashman).,2,10,CHI 47,47,-3,Chicago Bears,Minnesota Vikings,3,6,52.7,47.3,64.0,127.0,191.0,90.0,94.0,184.0,game,Total,Over,,21.5,kalshi,-525,—,—,,9.0,,miss,,,,—,,
2026-09-20T19:22:51.890725+00:00,nfl,2026,2,401872937,4018729372189,3,14:10,(Shotgun) C.Williams scrambles right tackle to MIN 42 for 11 yards (B.Cashman).,2,10,CHI 47,47,-3,Chicago Bears,Minnesota Vikings,3,6,52.7,47.3,64.0,127.0,191.0,90.0,94.0,184.0,game,Total,Under,,21.5,kalshi,-317,—,—,,9.0,,hit,,,,—,,
2026-09-20T19:22:51.890725+00:00,nfl,2026,2,401872937,4018729372189,3,14:10,(Shotgun) C.Williams scrambles right tackle to MIN 42 for 11 yards (B.Cashman).,2,10,CHI 47,47,-3,Chicago Bears,Minnesota Vikings,3,6,52.7,47.3,64.0,127.0,191.0,90.0,94.0,184.0,game,ML,Minnesota Vikings,,,polymarket,108,—,—,,Win,,hit,,,,—,,
2026-09-20T19:22:51.890725+00:00,nfl,2026,2,401872937,4018729372189,3,14:10,(Shotgun) C.Williams scrambles right tackle to MIN 42 for 11 yards (B.Cashman).,2,10,CHI 47,47,-3,Chicago Bears,Minnesota Vikings,3,6,52.7,47.3,64.0,127.0,191.0,90.0,94.0,184.0,game,ML,Chicago Bears,,,bet365,-115,—,—,,Loss,,miss,,,,—,,
2026-09-20T19:22:51.890725+00:00,nfl,2026,2,401872937,4018729372211,3,13:27,K.Monangai right end to MIN 27 for 15 yards (I.Rodgers).,1,10,MIN 42,58,-3,Chicago Bears,Minnesota Vikings,3,6,52.7,47.3,64.0,127.0,191.0,90.0,94.0,184.0,game,Spread,Minnesota Vikings,,-2.5,kalshi,-113,—,—,,-3,,hit,,,,—,,
2026-09-20T19:22:51.890725+00:00,nfl,2026,2,401872937,4018729372211,3,13:27,K.Monangai right end to MIN 27 for 15 yards (I.Rodgers).,1,10,MIN 42,58,-3,Chicago Bears,Minnesota Vikings,3,6,52.7,47.3,64.0,127.0,191.0,90.0,94.0,184.0,game,Spread,Chicago Bears,,2.5,kalshi,-258,—,—,,-3,,miss,,,,—,,
2026-09-20T19:22:51.890725+00:00,nfl,2026,2,401872937,4018729372211,3,13:27,K.Monangai right end to MIN 27 for 15 yards (I.Rodgers).,1,10,MIN 42,58,-3,Chicago Bears,Minnesota Vikings,3,6,52.7,47.3,64.0,127.0,191.0,90.0,94.0,184.0,game,Total,Over,,21.5,kalshi,-525,—,—,,9.0,,miss,,,,—,,
2026-09-20T19:22:51.890725+00:00,nfl,2026,2,401872937,4018729372211,3,13:27,K.Monangai right end to MIN 27 for 15 yards (I.Rodgers).,1,10,MIN 42,58,-3,Chicago Bears,Minnesota Vikings,3,6,52.7,47.3,64.0,127.0,191.0,90.0,94.0,184.0,game,Total,Under,,21.5,kalshi,-317,—,—,,9.0,,hit,,,,—,,
2026-09-20T19:22:51.890725+00:00,nfl,2026,2,401872937,4018729372211,3,13:27,K.Monangai right end to MIN 27 for 15 yards (I.Rodgers).,1,10,MIN 42,58,-3,Chicago Bears,Minnesota Vikings,3,6,52.7,47.3,64.0,127.0,191.0,90.0,94.0,184.0,game,ML,Minnesota Vikings,,,polymarket,108,—,—,,Win,,hit,,,,—,,
2026-09-20T19:22:51.890725+00:00,nfl,2026,2,401872937,4018729372211,3,13:27,K.Monangai right end to MIN 27 for 15 yards (I.Rodgers).,1,10,MIN 42,58,-3,Chicago Bears,Minnesota Vikings,3,6,52.7,47.3,64.0,127.0,191.0,90.0,94.0,184.0,game,ML,Chicago Bears,,,bet365,-115,—,—,,Loss,,miss,,,,—,,
2026-09-20T19:22:51.890725+00:00,nfl,2026,2,401872937,4018729372233,3,12:46,K.Monangai right guard to MIN 23 for 4 yards (I.Pace; C.Banks).,1,10,MIN 27,73,-3,Chicago Bears,Minnesota Vikings,3,6,52.7,47.3,64.0,127.0,191.0,90.0,94.0,184.0,game,Spread,Minnesota Vikings,,-2.5,kalshi,-113,—,—,,-3,,hit,,,,—,,
2026-09-20T19:22:51.890725+00:00,nfl,2026,2,401872937,4018729372233,3,12:46,K.Monangai right guard to MIN 23 for 4 yards (I.Pace; C.Banks).,1,10,MIN 27,73,-3,Chicago Bears,Minnesota Vikings,3,6,52.7,47.3,64.0,127.0,191.0,90.0,94.0,184.0,game,Spread,Chicago Bears,,2.5,kalshi,-258,—,—,,-3,,miss,,,,—,,
2026-09-20T19:22:51.890725+00:00,nfl,2026,2,401872937,4018729372233,3,12:46,K.Monangai right guard to MIN 23 for 4 yards (I.Pace; C.Banks).,1,10,MIN 27,73,-3,Chicago Bears,Minnesota Vikings,3,6,52.7,47.3,64.0,127.0,191.0,90.0,94.0,184.0,game,Total,Over,,21.5,kalshi,-525,—,—,,9.0,,miss,,,,—,,
2026-09-20T19:22:51.890725+00:00,nfl,2026,2,401872937,4018729372233,3,12:46,K.Monangai right guard to MIN 23 for 4 yards (I.Pace; C.Banks).,1,10,MIN 27,73,-3,Chicago Bears,Minnesota Vikings,3,6,52.7,47.3,64.0,127.0,191.0,90.0,94.0,184.0,game,Total,Under,,21.5,kalshi,-317,—,—,,9.0,,hit,,,,—,,
2026-09-20T19:22:51.890725+00:00,nfl,2026,2,401872937,4018729372233,3,12:46,K.Monangai right guard to MIN 23 for 4 yards (I.Pace; C.Banks).,1,10,MIN 27,73,-3,Chicago Bears,Minnesota Vikings,3,6,52.7,47.3,64.0,127.0,191.0,90.0,94.0,184.0,game,ML,Minnesota Vikings,,,polymarket,108,—,—,,Win,,hit,,,,—,,
2026-09-20T19:22:51.890725+00:00,nfl,2026,2,401872937,4018729372233,3,12:46,K.Monangai right guard to MIN 23 for 4 yards (I.Pace; C.Banks).,1,10,MIN 27,73,-3,Chicago Bears,Minnesota Vikings,3,6,52.7,47.3,64.0,127.0,191.0,90.0,94.0,184.0,game,ML,Chicago Bears,,,bet365,-115,—,—,,Loss,,miss,,,,—,,
2026-09-20T19:22:51.890725+00:00,nfl,2026,2,401872937,4018729372255,3,12:13,K.Monangai right guard to MIN 11 for 12 yards (J.Metellus).,2,6,MIN 23,77,-3,Chicago Bears,Minnesota Vikings,3,6,52.7,47.3,64.0,127.0,191.0,90.0,94.0,184.0,game,Spread,Minnesota Vikings,,-2.5,kalshi,-113,—,—,,-3,,hit,,,,—,,
2026-09-20T19:22:51.890725+00:00,nfl,2026,2,401872937,4018729372255,3,12:13,K.Monangai right guard to MIN 11 for 12 yards (J.Metellus).,2,6,MIN 23,77,-3,Chicago Bears,Minnesota Vikings,3,6,52.7,47.3,64.0,127.0,191.0,90.0,94.0,184.0,game,Spread,Chicago Bears,,2.5,kalshi,-258,—,—,,-3,,miss,,,,—,,
2026-09-20T19:22:51.890725+00:00,nfl,2026,2,401872937,4018729372255,3,12:13,K.Monangai right guard to MIN 11 for 12 yards (J.Metellus).,2,6,MIN 23,77,-3,Chicago Bears,Minnesota Vikings,3,6,52.7,47.3,64.0,127.0,191.0,90.0,94.0,184.0,game,Total,Over,,21.5,kalshi,-525,—,—,,9.0,,miss,,,,—,,
2026-09-20T19:22:51.890725+00:00,nfl,2026,2,401872937,4018729372255,3,12:13,K.Monangai right guard to MIN 11 for 12 yards (J.Metellus).,2,6,MIN 23,77,-3,Chicago Bears,Minnesota Vikings,3,6,52.7,47.3,64.0,127.0,191.0,90.0,94.0,184.0,game,Total,Under,,21.5,kalshi,-317,—,—,,9.0,,hit,,,,—,,
2026-09-20T19:22:51.890725+00:00,nfl,2026,2,401872937,4018729372255,3,12:13,K.Monangai right guard to MIN 11 for 12 yards (J.Metellus).,2,6,MIN 23,77,-3,Chicago Bears,Minnesota Vikings,3,6,52.7,47.3,64.0,127.0,191.0,90.0,94.0,184.0,game,ML,Minnesota Vikings,,,polymarket,108,—,—,,Win,,hit,,,,—,,
2026-09-20T19:22:51.890725+00:00,nfl,2026,2,401872937,4018729372255,3,12:13,K.Monangai right guard to MIN 11 for 12 yards (J.Metellus).,2,6,MIN 23,77,-3,Chicago Bears,Minnesota Vikings,3,6,52.7,47.3,64.0,127.0,191.0,90.0,94.0,184.0,game,ML,Chicago Bears,,,bet365,-115,—,—,,Loss,,miss,,,,—,,
2026-09-20T19:22:51.890725+00:00,nfl,2026,2,401872937,4018729372277,3,11:28,C.Williams right end pushed ob at MIN 13 for -2 yards (K.Van Noy).,1,10,MIN 11,89,-3,Chicago Bears,Minnesota Vikings,3,6,52.7,47.3,64.0,127.0,191.0,90.0,94.0,184.0,game,Spread,Minnesota Vikings,,-2.5,kalshi,-113,—,—,,-3,,hit,,,,—,,
2026-09-20T19:22:51.890725+00:00,nfl,2026,2,401872937,4018729372277,3,11:28,C.Williams right end pushed ob at MIN 13 for -2 yards (K.Van Noy).,1,10,MIN 11,89,-3,Chicago Bears,Minnesota Vikings,3,6,52.7,47.3,64.0,127.0,191.0,90.0,94.0,184.0,game,Spread,Chicago Bears,,2.5,kalshi,-258,—,—,,-3,,miss,,,,—,,
2026-09-20T19:22:51.890725+00:00,nfl,2026,2,401872937,4018729372277,3,11:28,C.Williams right end pushed ob at MIN 13 for -2 yards (K.Van Noy).,1,10,MIN 11,89,-3,Chicago Bears,Minnesota Vikings,3,6,52.7,47.3,64.0,127.0,191.0,90.0,94.0,184.0,game,Total,Over,,21.5,kalshi,-525,—,—,,9.0,,miss,,,,—,,
2026-09-20T19:22:51.890725+00:00,nfl,2026,2,401872937,4018729372277,3,11:28,C.Williams right end pushed ob at MIN 13 for -2 yards (K.Van Noy).,1,10,MIN 11,89,-3,Chicago Bears,Minnesota Vikings,3,6,52.7,47.3,64.0,127.0,191.0,90.0,94.0,184.0,game,Total,Under,,21.5,kalshi,-317,—,—,,9.0,,hit,,,,—,,
2026-09-20T19:22:51.890725+00:00,nfl,2026,2,401872937,4018729372277,3,11:28,C.Williams right end pushed ob at MIN 13 for -2 yards (K.Van Noy).,1,10,MIN 11,89,-3,Chicago Bears,Minnesota Vikings,3,6,52.7,47.3,64.0,127.0,191.0,90.0,94.0,184.0,game,ML,Minnesota Vikings,,,polymarket,108,—,—,,Win,,hit,,,,—,,
2026-09-20T19:22:51.890725+00:00,nfl,2026,2,401872937,4018729372277,3,11:28,C.Williams right end pushed ob at MIN 13 for -2 yards (K.Van Noy).,1,10,MIN 11,89,-3,Chicago Bears,Minnesota Vikings,3,6,52.7,47.3,64.0,127.0,191.0,90.0,94.0,184.0,game,ML,Chicago Bears,,,bet365,-115,—,—,,Loss,,miss,,,,—,,
2026-09-20T19:22:51.890725+00:00,nfl,2026,2,401872937,4018729372311,3,10:55,D.Swift right tackle to MIN 9 for 4 yards (B.Cashman). MIN-B.Cashman was injured during the play.,2,12,MIN 13,87,-3,Chicago Bears,Minnesota Vikings,3,6,52.7,47.3,64.0,127.0,191.0,90.0,94.0,184.0,game,Spread,Minnesota Vikings,,-2.5,kalshi,-113,—,—,,-3,,hit,,,,—,,
2026-09-20T19:22:51.890725+00:00,nfl,2026,2,401872937,4018729372311,3,10:55,D.Swift right tackle to MIN 9 for 4 yards (B.Cashman). MIN-B.Cashman was injured during the play.,2,12,MIN 13,87,-3,Chicago Bears,Minnesota Vikings,3,6,52.7,47.3,64.0,127.0,191.0,90.0,94.0,184.0,game,Spread,Chicago Bears,,2.5,kalshi,-258,—,—,,-3,,miss,,,,—,,
2026-09-20T19:22:51.890725+00:00,nfl,2026,2,401872937,4018729372311,3,10:55,D.Swift right tackle to MIN 9 for 4 yards (B.Cashman). MIN-B.Cashman was injured during the play.,2,12,MIN 13,87,-3,Chicago Bears,Minnesota Vikings,3,6,52.7,47.3,64.0,127.0,191.0,90.0,94.0,184.0,game,Total,Over,,21.5,kalshi,-525,—,—,,9.0,,miss,,,,—,,
2026-09-20T19:22:51.890725+00:00,nfl,2026,2,401872937,4018729372311,3,10:55,D.Swift right tackle to MIN 9 for 4 yards (B.Cashman). MIN-B.Cashman was injured during the play.,2,12,MIN 13,87,-3,Chicago Bears,Minnesota Vikings,3,6,52.7,47.3,64.0,127.0,191.0,90.0,94.0,184.0,game,Total,Under,,21.5,kalshi,-317,—,—,,9.0,,hit,,,,—,,
2026-09-20T19:22:51.890725+00:00,nfl,2026,2,401872937,4018729372311,3,10:55,D.Swift right tackle to MIN 9 for 4 yards (B.Cashman). MIN-B.Cashman was injured during the play.,2,12,MIN 13,87,-3,Chicago Bears,Minnesota Vikings,3,6,52.7,47.3,64.0,127.0,191.0,90.0,94.0,184.0,game,ML,Minnesota Vikings,,,polymarket,108,—,—,,Win,,hit,,,,—,,
2026-09-20T19:22:51.890725+00:00,nfl,2026,2,401872937,4018729372311,3,10:55,D.Swift right tackle to MIN 9 for 4 yards (B.Cashman). MIN-B.Cashman was injured during the play.,2,12,MIN 13,87,-3,Chicago Bears,Minnesota Vikings,3,6,52.7,47.3,64.0,127.0,191.0,90.0,94.0,184.0,game,ML,Chicago Bears,,,bet365,-115,—,—,,Loss,,miss,,,,—,,
2026-09-20T19:22:51.890725+00:00,nfl,2026,2,401872937,4018729372324,3,10:35,Official Timeout at 10:35.,3,8,MIN 9,91,-3,Chicago Bears,Minnesota Vikings,3,6,52.7,47.3,64.0,127.0,191.0,90.0,94.0,184.0,game,Spread,Minnesota Vikings,,-2.5,kalshi,-113,—,—,,-3,,hit,,,,—,,
2026-09-20T19:22:51.890725+00:00,nfl,2026,2,401872937,4018729372324,3,10:35,Official Timeout at 10:35.,3,8,MIN 9,91,-3,Chicago Bears,Minnesota Vikings,3,6,52.7,47.3,64.0,127.0,191.0,90.0,94.0,184.0,game,Spread,Chicago Bears,,2.5,kalshi,-258,—,—,,-3,,miss,,,,—,,
2026-09-20T19:22:51.890725+00:00,nfl,2026,2,401872937,4018729372324,3,10:35,Official Timeout at 10:35.,3,8,MIN 9,91,-3,Chicago Bears,Minnesota Vikings,3,6,52.7,47.3,64.0,127.0,191.0,90.0,94.0,184.0,game,Total,Over,,21.5,kalshi,-525,—,—,,9.0,,miss,,,,—,,
2026-09-20T19:22:51.890725+00:00,nfl,2026,2,401872937,4018729372324,3,10:35,Official Timeout at 10:35.,3,8,MIN 9,91,-3,Chicago Bears,Minnesota Vikings,3,6,52.7,47.3,64.0,127.0,191.0,90.0,94.0,184.0,game,Total,Under,,21.5,kalshi,-317,—,—,,9.0,,hit,,,,—,,
2026-09-20T19:22:51.890725+00:00,nfl,2026,2,401872937,4018729372324,3,10:35,Official Timeout at 10:35.,3,8,MIN 9,91,-3,Chicago Bears,Minnesota Vikings,3,6,52.7,47.3,64.0,127.0,191.0,90.0,94.0,184.0,game,ML,Minnesota Vikings,,,polymarket,108,—,—,,Win,,hit,,,,—,,
2026-09-20T19:22:51.890725+00:00,nfl,2026,2,401872937,4018729372324,3,10:35,Official Timeout at 10:35.,3,8,MIN 9,91,-3,Chicago Bears,Minnesota Vikings,3,6,52.7,47.3,64.0,127.0,191.0,90.0,94.0,184.0,game,ML,Chicago Bears,,,bet365,-115,—,—,,Loss,,miss,,,,—,,
2026-09-20T19:22:51.890725+00:00,nfl,2026,2,401872937,4018729372336,3,10:19,(Shotgun) C.Williams pass short left to K.Raymond ran ob at MIN 1 for 8 yards.,3,8,MIN 9,91,-3,Chicago Bears,Minnesota Vikings,3,6,52.7,47.3,64.0,127.0,191.0,90.0,94.0,184.0,game,Spread,Minnesota Vikings,,-2.5,kalshi,-113,—,—,,-3,,hit,,,,—,,
2026-09-20T19:22:51.890725+00:00,nfl,2026,2,401872937,4018729372336,3,10:19,(Shotgun) C.Williams pass short left to K.Raymond ran ob at MIN 1 for 8 yards.,3,8,MIN 9,91,-3,Chicago Bears,Minnesota Vikings,3,6,52.7,47.3,64.0,127.0,191.0,90.0,94.0,184.0,game,Spread,Chicago Bears,,2.5,kalshi,-258,—,—,,-3,,miss,,,,—,,
2026-09-20T19:22:51.890725+00:00,nfl,2026,2,401872937,4018729372336,3,10:19,(Shotgun) C.Williams pass short left to K.Raymond ran ob at MIN 1 for 8 yards.,3,8,MIN 9,91,-3,Chicago Bears,Minnesota Vikings,3,6,52.7,47.3,64.0,127.0,191.0,90.0,94.0,184.0,game,Total,Over,,21.5,kalshi,-525,—,—,,9.0,,miss,,,,—,,
2026-09-20T19:22:51.890725+00:00,nfl,2026,2,401872937,4018729372336,3,10:19,(Shotgun) C.Williams pass short left to K.Raymond ran ob at MIN 1 for 8 yards.,3,8,MIN 9,91,-3,Chicago Bears,Minnesota Vikings,3,6,52.7,47.3,64.0,127.0,191.0,90.0,94.0,184.0,game,Total,Under,,21.5,kalshi,-317,—,—,,9.0,,hit,,,,—,,
2026-09-20T19:22:51.890725+00:00,nfl,2026,2,401872937,4018729372336,3,10:19,(Shotgun) C.Williams pass short left to K.Raymond ran ob at MIN 1 for 8 yards.,3,8,MIN 9,91,-3,Chicago Bears,Minnesota Vikings,3,6,52.7,47.3,64.0,127.0,191.0,90.0,94.0,184.0,game,ML,Minnesota Vikings,,,polymarket,108,—,—,,Win,,hit,,,,—,,
2026-09-20T19:22:51.890725+00:00,nfl,2026,2,401872937,4018729372336,3,10:19,(Shotgun) C.Williams pass short left to K.Raymond ran ob at MIN 1 for 8 yards.,3,8,MIN 9,91,-3,Chicago Bears,Minnesota Vikings,3,6,52.7,47.3,64.0,127.0,191.0,90.0,94.0,184.0,game,ML,Chicago Bears,,,bet365,-115,—,—,,Loss,,miss,,,,—,,
2026-09-20T19:22:51.890725+00:00,nfl,2026,2,401872937,4018729372383,3,9:42,"D.Swift right tackle to MIN 1 for no gain (J.Redmond; I.Pace). FUMBLES (J.Redmond), RECOVERED by MIN-I.Rodgers at MIN 1. CHI-C.Kmet was injured during the play.",1,1,MIN 1,99,-3,Chicago Bears,Minnesota Vikings,3,6,52.7,47.3,64.0,127.0,191.0,90.0,94.0,184.0,game,Spread,Minnesota Vikings,,-2.5,kalshi,-113,—,—,,-3,,hit,,,,—,,
2026-09-20T19:22:51.890725+00:00,nfl,2026,2,401872937,4018729372383,3,9:42,"D.Swift right tackle to MIN 1 for no gain (J.Redmond; I.Pace). FUMBLES (J.Redmond), RECOVERED by MIN-I.Rodgers at MIN 1. CHI-C.Kmet was injured during the play.",1,1,MIN 1,99,-3,Chicago Bears,Minnesota Vikings,3,6,52.7,47.3,64.0,127.0,191.0,90.0,94.0,184.0,game,Spread,Chicago Bears,,2.5,kalshi,-258,—,—,,-3,,miss,,,,—,,
2026-09-20T19:22:51.890725+00:00,nfl,2026,2,401872937,4018729372383,3,9:42,"D.Swift right tackle to MIN 1 for no gain (J.Redmond; I.Pace). FUMBLES (J.Redmond), RECOVERED by MIN-I.Rodgers at MIN 1. CHI-C.Kmet was injured during the play.",1,1,MIN 1,99,-3,Chicago Bears,Minnesota Vikings,3,6,52.7,47.3,64.0,127.0,191.0,90.0,94.0,184.0,game,Total,Over,,21.5,kalshi,-525,—,—,,9.0,,miss,,,,—,,
2026-09-20T19:22:51.890725+00:00,nfl,2026,2,401872937,4018729372383,3,9:42,"D.Swift right tackle to MIN 1 for no gain (J.Redmond; I.Pace). FUMBLES (J.Redmond), RECOVERED by MIN-I.Rodgers at MIN 1. CHI-C.Kmet was injured during the play.",1,1,MIN 1,99,-3,Chicago Bears,Minnesota Vikings,3,6,52.7,47.3,64.0,127.0,191.0,90.0,94.0,184.0,game,Total,Under,,21.5,kalshi,-317,—,—,,9.0,,hit,,,,—,,
2026-09-20T19:22:51.890725+00:00,nfl,2026,2,401872937,4018729372383,3,9:42,"D.Swift right tackle to MIN 1 for no gain (J.Redmond; I.Pace). FUMBLES (J.Redmond), RECOVERED by MIN-I.Rodgers at MIN 1. CHI-C.Kmet was injured during the play.",1,1,MIN 1,99,-3,Chicago Bears,Minnesota Vikings,3,6,52.7,47.3,64.0,127.0,191.0,90.0,94.0,184.0,game,ML,Minnesota Vikings,,,polymarket,108,—,—,,Win,,hit,,,,—,,
2026-09-20T19:22:51.890725+00:00,nfl,2026,2,401872937,4018729372383,3,9:42,"D.Swift right tackle to MIN 1 for no gain (J.Redmond; I.Pace). FUMBLES (J.Redmond), RECOVERED by MIN-I.Rodgers at MIN 1. CHI-C.Kmet was injured during the play.",1,1,MIN 1,99,-3,Chicago Bears,Minnesota Vikings,3,6,52.7,47.3,64.0,127.0,191.0,90.0,94.0,184.0,game,ML,Chicago Bears,,,bet365,-115,—,—,,Loss,,miss,,,,—,,
2026-09-20T19:22:51.890725+00:00,nfl,2026,2,401872937,4018729372404,3,9:38,Official Timeout at 09:38.,1,10,MIN 1,99,-3,Chicago Bears,Minnesota Vikings,3,6,52.7,47.3,64.0,127.0,191.0,90.0,94.0,184.0,game,Spread,Minnesota Vikings,,-2.5,kalshi,-113,—,—,,-3,,hit,,,,—,,
2026-09-20T19:22:51.890725+00:00,nfl,2026,2,401872937,4018729372404,3,9:38,Official Timeout at 09:38.,1,10,MIN 1,99,-3,Chicago Bears,Minnesota Vikings,3,6,52.7,47.3,64.0,127.0,191.0,90.0,94.0,184.0,game,Spread,Chicago Bears,,2.5,kalshi,-258,—,—,,-3,,miss,,,,—,,
2026-09-20T19:22:51.890725+00:00,nfl,2026,2,401872937,4018729372404,3,9:38,Official Timeout at 09:38.,1,10,MIN 1,99,-3,Chicago Bears,Minnesota Vikings,3,6,52.7,47.3,64.0,127.0,191.0,90.0,94.0,184.0,game,Total,Over,,21.5,kalshi,-525,—,—,,9.0,,miss,,,,—,,
2026-09-20T19:22:51.890725+00:00,nfl,2026,2,401872937,4018729372404,3,9:38,Official Timeout at 09:38.,1,10,MIN 1,99,-3,Chicago Bears,Minnesota Vikings,3,6,52.7,47.3,64.0,127.0,191.0,90.0,94.0,184.0,game,Total,Under,,21.5,kalshi,-317,—,—,,9.0,,hit,,,,—,,
2026-09-20T19:22:51.890725+00:00,nfl,2026,2,401872937,4018729372404,3,9:38,Official Timeout at 09:38.,1,10,MIN 1,99,-3,Chicago Bears,Minnesota Vikings,3,6,52.7,47.3,64.0,127.0,191.0,90.0,94.0,184.0,game,ML,Minnesota Vikings,,,polymarket,108,—,—,,Win,,hit,,,,—,,
2026-09-20T19:22:51.890725+00:00,nfl,2026,2,401872937,4018729372404,3,9:38,Official Timeout at 09:38.,1,10,MIN 1,99,-3,Chicago Bears,Minnesota Vikings,3,6,52.7,47.3,64.0,127.0,191.0,90.0,94.0,184.0,game,ML,Chicago Bears,,,bet365,-115,—,—,,Loss,,miss,,,,—,,
2026-09-20T19:22:51.890725+00:00,nfl,2026,2,401872937,4018729372424,3,9:38,A.Jones right guard to MIN 4 for 3 yards (D.Bush).,1,10,MIN 1,99,-3,Chicago Bears,Minnesota Vikings,3,6,52.7,47.3,64.0,127.0,191.0,90.0,94.0,184.0,game,Spread,Minnesota Vikings,,-2.5,kalshi,-113,—,—,,-3,,hit,,,,—,,
2026-09-20T19:22:51.890725+00:00,nfl,2026,2,401872937,4018729372424,3,9:38,A.Jones right guard to MIN 4 for 3 yards (D.Bush).,1,10,MIN 1,99,-3,Chicago Bears,Minnesota Vikings,3,6,52.7,47.3,64.0,127.0,191.0,90.0,94.0,184.0,game,Spread,Chicago Bears,,2.5,kalshi,-258,—,—,,-3,,miss,,,,—,,
2026-09-20T19:22:51.890725+00:00,nfl,2026,2,401872937,4018729372424,3,9:38,A.Jones right guard to MIN 4 for 3 yards (D.Bush).,1,10,MIN 1,99,-3,Chicago Bears,Minnesota Vikings,3,6,52.7,47.3,64.0,127.0,191.0,90.0,94.0,184.0,game,Total,Over,,21.5,kalshi,-525,—,—,,9.0,,miss,,,,—,,
2026-09-20T19:22:51.890725+00:00,nfl,2026,2,401872937,4018729372424,3,9:38,A.Jones right guard to MIN 4 for 3 yards (D.Bush).,1,10,MIN 1,99,-3,Chicago Bears,Minnesota Vikings,3,6,52.7,47.3,64.0,127.0,191.0,90.0,94.0,184.0,game,Total,Under,,21.5,kalshi,-317,—,—,,9.0,,hit,,,,—,,
2026-09-20T19:22:51.890725+00:00,nfl,2026,2,401872937,4018729372424,3,9:38,A.Jones right guard to MIN 4 for 3 yards (D.Bush).,1,10,MIN 1,99,-3,Chicago Bears,Minnesota Vikings,3,6,52.7,47.3,64.0,127.0,191.0,90.0,94.0,184.0,game,ML,Minnesota Vikings,,,polymarket,108,—,—,,Win,,hit,,,,—,,
2026-09-20T19:22:51.890725+00:00,nfl,2026,2,401872937,4018729372424,3,9:38,A.Jones right guard to MIN 4 for 3 yards (D.Bush).,1,10,MIN 1,99,-3,Chicago Bears,Minnesota Vikings,3,6,52.7,47.3,64.0,127.0,191.0,90.0,94.0,184.0,game,ML,Chicago Bears,,,bet365,-115,—,—,,Loss,,miss,,,,—,,
2026-09-20T19:22:51.890725+00:00,nfl,2026,2,401872937,4018729372453,3,9:03,A.Jones right tackle to MIN 24 for 20 yards (T.Stevenson; X.Woods).,2,7,MIN 4,96,-3,Chicago Bears,Minnesota Vikings,3,6,52.7,47.3,64.0,127.0,191.0,90.0,94.0,184.0,game,Spread,Minnesota Vikings,,-2.5,kalshi,-113,—,—,,-3,,hit,,,,—,,
2026-09-20T19:22:51.890725+00:00,nfl,2026,2,401872937,4018729372453,3,9:03,A.Jones right tackle to MIN 24 for 20 yards (T.Stevenson; X.Woods).,2,7,MIN 4,96,-3,Chicago Bears,Minnesota Vikings,3,6,52.7,47.3,64.0,127.0,191.0,90.0,94.0,184.0,game,Spread,Chicago Bears,,2.5,kalshi,-258,—,—,,-3,,miss,,,,—,,
2026-09-20T19:22:51.890725+00:00,nfl,2026,2,401872937,4018729372453,3,9:03,A.Jones right tackle to MIN 24 for 20 yards (T.Stevenson; X.Woods).,2,7,MIN 4,96,-3,Chicago Bears,Minnesota Vikings,3,6,52.7,47.3,64.0,127.0,191.0,90.0,94.0,184.0,game,Total,Over,,21.5,kalshi,-525,—,—,,9.0,,miss,,,,—,,
2026-09-20T19:22:51.890725+00:00,nfl,2026,2,401872937,4018729372453,3,9:03,A.Jones right tackle to MIN 24 for 20 yards (T.Stevenson; X.Woods).,2,7,MIN 4,96,-3,Chicago Bears,Minnesota Vikings,3,6,52.7,47.3,64.0,127.0,191.0,90.0,94.0,184.0,game,Total,Under,,21.5,kalshi,-317,—,—,,9.0,,hit,,,,—,,
2026-09-20T19:22:51.890725+00:00,nfl,2026,2,401872937,4018729372453,3,9:03,A.Jones right tackle to MIN 24 for 20 yards (T.Stevenson; X.Woods).,2,7,MIN 4,96,-3,Chicago Bears,Minnesota Vikings,3,6,52.7,47.3,64.0,127.0,191.0,90.0,94.0,184.0,game,ML,Minnesota Vikings,,,polymarket,108,—,—,,Win,,hit,,,,—,,
2026-09-20T19:22:51.890725+00:00,nfl,2026,2,401872937,4018729372453,3,9:03,A.Jones right tackle to MIN 24 for 20 yards (T.Stevenson; X.Woods).,2,7,MIN 4,96,-3,Chicago Bears,Minnesota Vikings,3,6,52.7,47.3,64.0,127.0,191.0,90.0,94.0,184.0,game,ML,Chicago Bears,,,bet365,-115,—,—,,Loss,,miss,,,,—,,
2026-09-20T19:22:51.890725+00:00,nfl,2026,2,401872937,4018729372475,3,8:20,(Shotgun) D.Dallas up the middle to MIN 28 for 4 yards (N.Gallimore).,1,10,MIN 24,76,-3,Chicago Bears,Minnesota Vikings,3,6,52.7,47.3,64.0,127.0,191.0,90.0,94.0,184.0,game,Spread,Minnesota Vikings,,-2.5,kalshi,-113,—,—,,-3,,hit,,,,—,,
2026-09-20T19:22:51.890725+00:00,nfl,2026,2,401872937,4018729372475,3,8:20,(Shotgun) D.Dallas up the middle to MIN 28 for 4 yards (N.Gallimore).,1,10,MIN 24,76,-3,Chicago Bears,Minnesota Vikings,3,6,52.7,47.3,64.0,127.0,191.0,90.0,94.0,184.0,game,Spread,Chicago Bears,,2.5,kalshi,-258,—,—,,-3,,miss,,,,—,,
2026-09-20T19:22:51.890725+00:00,nfl,2026,2,401872937,4018729372475,3,8:20,(Shotgun) D.Dallas up the middle to MIN 28 for 4 yards (N.Gallimore).,1,10,MIN 24,76,-3,Chicago Bears,Minnesota Vikings,3,6,52.7,47.3,64.0,127.0,191.0,90.0,94.0,184.0,game,Total,Over,,21.5,kalshi,-525,—,—,,9.0,,miss,,,,—,,
2026-09-20T19:22:51.890725+00:00,nfl,2026,2,401872937,4018729372475,3,8:20,(Shotgun) D.Dallas up the middle to MIN 28 for 4 yards (N.Gallimore).,1,10,MIN 24,76,-3,Chicago Bears,Minnesota Vikings,3,6,52.7,47.3,64.0,127.0,191.0,90.0,94.0,184.0,game,Total,Under,,21.5,kalshi,-317,—,—,,9.0,,hit,,,,—,,
2026-09-20T19:22:51.890725+00:00,nfl,2026,2,401872937,4018729372475,3,8:20,(Shotgun) D.Dallas up the middle to MIN 28 for 4 yards (N.Gallimore).,1,10,MIN 24,76,-3,Chicago Bears,Minnesota Vikings,3,6,52.7,47.3,64.0,127.0,191.0,90.0,94.0,184.0,game,ML,Minnesota Vikings,,,polymarket,108,—,—,,Win,,hit,,,,—,,
2026-09-20T19:22:51.890725+00:00,nfl,2026,2,401872937,4018729372475,3,8:20,(Shotgun) D.Dallas up the middle to MIN 28 for 4 yards (N.Gallimore).,1,10,MIN 24,76,-3,Chicago Bears,Minnesota Vikings,3,6,52.7,47.3,64.0,127.0,191.0,90.0,94.0,184.0,game,ML,Chicago Bears,,,bet365,-115,—,—,,Loss,,miss,,,,—,,
2026-09-20T19:22:51.890725+00:00,nfl,2026,2,401872937,4018729372497,3,7:35,(Shotgun) D.Dallas left guard to MIN 32 for 4 yards (M.Sweat; J.Lynch).,2,6,MIN 28,72,-3,Chicago Bears,Minnesota Vikings,3,6,52.7,47.3,64.0,127.0,191.0,90.0,94.0,184.0,game,Spread,Minnesota Vikings,,-2.5,kalshi,-113,—,—,,-3,,hit,,,,—,,
2026-09-20T19:22:51.890725+00:00,nfl,2026,2,401872937,4018729372497,3,7:35,(Shotgun) D.Dallas left guard to MIN 32 for 4 yards (M.Sweat; J.Lynch).,2,6,MIN 28,72,-3,Chicago Bears,Minnesota Vikings,3,6,52.7,47.3,64.0,127.0,191.0,90.0,94.0,184.0,game,Spread,Chicago Bears,,2.5,kalshi,-258,—,—,,-3,,miss,,,,—,,
2026-09-20T19:22:51.890725+00:00,nfl,2026,2,401872937,4018729372497,3,7:35,(Shotgun) D.Dallas left guard to MIN 32 for 4 yards (M.Sweat; J.Lynch).,2,6,MIN 28,72,-3,Chicago Bears,Minnesota Vikings,3,6,52.7,47.3,64.0,127.0,191.0,90.0,94.0,184.0,game,Total,Over,,21.5,kalshi,-525,—,—,,9.0,,miss,,,,—,,
2026-09-20T19:22:51.890725+00:00,nfl,2026,2,401872937,4018729372497,3,7:35,(Shotgun) D.Dallas left guard to MIN 32 for 4 yards (M.Sweat; J.Lynch).,2,6,MIN 28,72,-3,Chicago Bears,Minnesota Vikings,3,6,52.7,47.3,64.0,127.0,191.0,90.0,94.0,184.0,game,Total,Under,,21.5,kalshi,-317,—,—,,9.0,,hit,,,,—,,
2026-09-20T19:22:51.890725+00:00,nfl,2026,2,401872937,4018729372497,3,7:35,(Shotgun) D.Dallas left guard to MIN 32 for 4 yards (M.Sweat; J.Lynch).,2,6,MIN 28,72,-3,Chicago Bears,Minnesota Vikings,3,6,52.7,47.3,64.0,127.0,191.0,90.0,94.0,184.0,game,ML,Minnesota Vikings,,,polymarket,108,—,—,,Win,,hit,,,,—,,
2026-09-20T19:22:51.890725+00:00,nfl,2026,2,401872937,4018729372497,3,7:35,(Shotgun) D.Dallas left guard to MIN 32 for 4 yards (M.Sweat; J.Lynch).,2,6,MIN 28,72,-3,Chicago Bears,Minnesota Vikings,3,6,52.7,47.3,64.0,127.0,191.0,90.0,94.0,184.0,game,ML,Chicago Bears,,,bet365,-115,—,—,,Loss,,miss,,,,—,,
2026-09-20T19:22:51.890725+00:00,nfl,2026,2,401872937,4018729372519,3,6:49,"(6:49) (Shotgun) C.Wentz sacked at MIN 31 for -1 yards (D.Odeyingbo).
Penalty on MIN-C.Darrisaw, Illegal Formation, declined.",3,2,MIN 32,68,-3,Chicago Bears,Minnesota Vikings,3,6,52.7,47.3,64.0,127.0,191.0,90.0,94.0,184.0,game,Spread,Minnesota Vikings,,-2.5,kalshi,-113,—,—,,-3,,hit,,,,—,,
2026-09-20T19:22:51.890725+00:00,nfl,2026,2,401872937,4018729372519,3,6:49,"(6:49) (Shotgun) C.Wentz sacked at MIN 31 for -1 yards (D.Odeyingbo).
Penalty on MIN-C.Darrisaw, Illegal Formation, declined.",3,2,MIN 32,68,-3,Chicago Bears,Minnesota Vikings,3,6,52.7,47.3,64.0,127.0,191.0,90.0,94.0,184.0,game,Spread,Chicago Bears,,2.5,kalshi,-258,—,—,,-3,,miss,,,,—,,
2026-09-20T19:22:51.890725+00:00,nfl,2026,2,401872937,4018729372519,3,6:49,"(6:49) (Shotgun) C.Wentz sacked at MIN 31 for -1 yards (D.Odeyingbo).
Penalty on MIN-C.Darrisaw, Illegal Formation, declined.",3,2,MIN 32,68,-3,Chicago Bears,Minnesota Vikings,3,6,52.7,47.3,64.0,127.0,191.0,90.0,94.0,184.0,game,Total,Over,,21.5,kalshi,-525,—,—,,9.0,,miss,,,,—,,
2026-09-20T19:22:51.890725+00:00,nfl,2026,2,401872937,4018729372519,3,6:49,"(6:49) (Shotgun) C.Wentz sacked at MIN 31 for -1 yards (D.Odeyingbo).
Penalty on MIN-C.Darrisaw, Illegal Formation, declined.",3,2,MIN 32,68,-3,Chicago Bears,Minnesota Vikings,3,6,52.7,47.3,64.0,127.0,191.0,90.0,94.0,184.0,game,Total,Under,,21.5,kalshi,-317,—,—,,9.0,,hit,,,,—,,
2026-09-20T19:22:51.890725+00:00,nfl,2026,2,401872937,4018729372519,3,6:49,"(6:49) (Shotgun) C.Wentz sacked at MIN 31 for -1 yards (D.Odeyingbo).
Penalty on MIN-C.Darrisaw, Illegal Formation, declined.",3,2,MIN 32,68,-3,Chicago Bears,Minnesota Vikings,3,6,52.7,47.3,64.0,127.0,191.0,90.0,94.0,184.0,game,ML,Minnesota Vikings,,,polymarket,108,—,—,,Win,,hit,,,,—,,
2026-09-20T19:22:51.890725+00:00,nfl,2026,2,401872937,4018729372519,3,6:49,"(6:49) (Shotgun) C.Wentz sacked at MIN 31 for -1 yards (D.Odeyingbo).
Penalty on MIN-C.Darrisaw, Illegal Formation, declined.",3,2,MIN 32,68,-3,Chicago Bears,Minnesota Vikings,3,6,52.7,47.3,64.0,127.0,191.0,90.0,94.0,184.0,game,ML,Chicago Bears,,,bet365,-115,—,—,,Loss,,miss,,,,—,,
2026-09-20T19:22:51.890725+00:00,nfl,2026,2,401872937,4018729372550,3,6:40," B.Thorson punts 56 yards to CHI 13, Center-A.DePaola, downed by MIN-T.Felton.",4,3,MIN 31,69,-3,Chicago Bears,Minnesota Vikings,3,6,52.7,47.3,64.0,127.0,191.0,90.0,94.0,184.0,game,Spread,Minnesota Vikings,,-2.5,kalshi,-113,—,—,,-3,,hit,,,,—,,
2026-09-20T19:22:51.890725+00:00,nfl,2026,2,401872937,4018729372550,3,6:40," B.Thorson punts 56 yards to CHI 13, Center-A.DePaola, downed by MIN-T.Felton.",4,3,MIN 31,69,-3,Chicago Bears,Minnesota Vikings,3,6,52.7,47.3,64.0,127.0,191.0,90.0,94.0,184.0,game,Spread,Chicago Bears,,2.5,kalshi,-258,—,—,,-3,,miss,,,,—,,
2026-09-20T19:22:51.890725+00:00,nfl,2026,2,401872937,4018729372550,3,6:40," B.Thorson punts 56 yards to CHI 13, Center-A.DePaola, downed by MIN-T.Felton.",4,3,MIN 31,69,-3,Chicago Bears,Minnesota Vikings,3,6,52.7,47.3,64.0,127.0,191.0,90.0,94.0,184.0,game,Total,Over,,21.5,kalshi,-525,—,—,,9.0,,miss,,,,—,,
2026-09-20T19:22:51.890725+00:00,nfl,2026,2,401872937,4018729372550,3,6:40," B.Thorson punts 56 yards to CHI 13, Center-A.DePaola, downed by MIN-T.Felton.",4,3,MIN 31,69,-3,Chicago Bears,Minnesota Vikings,3,6,52.7,47.3,64.0,127.0,191.0,90.0,94.0,184.0,game,Total,Under,,21.5,kalshi,-317,—,—,,9.0,,hit,,,,—,,
2026-09-20T19:22:51.890725+00:00,nfl,2026,2,401872937,4018729372550,3,6:40," B.Thorson punts 56 yards to CHI 13, Center-A.DePaola, downed by MIN-T.Felton.",4,3,MIN 31,69,-3,Chicago Bears,Minnesota Vikings,3,6,52.7,47.3,64.0,127.0,191.0,90.0,94.0,184.0,game,ML,Minnesota Vikings,,,polymarket,108,—,—,,Win,,hit,,,,—,,
2026-09-20T19:22:51.890725+00:00,nfl,2026,2,401872937,4018729372550,3,6:40," B.Thorson punts 56 yards to CHI 13, Center-A.DePaola, downed by MIN-T.Felton.",4,3,MIN 31,69,-3,Chicago Bears,Minnesota Vikings,3,6,52.7,47.3,64.0,127.0,191.0,90.0,94.0,184.0,game,ML,Chicago Bears,,,bet365,-115,—,—,,Loss,,miss,,,,—,,
2026-09-20T19:22:51.890725+00:00,nfl,2026,2,401872937,4018729372560,3,6:30,Official Timeout at 06:30.,1,10,CHI 13,13,-3,Chicago Bears,Minnesota Vikings,3,6,52.7,47.3,64.0,127.0,191.0,90.0,94.0,184.0,game,Spread,Minnesota Vikings,,-2.5,kalshi,-113,—,—,,-3,,hit,,,,—,,
2026-09-20T19:22:51.890725+00:00,nfl,2026,2,401872937,4018729372560,3,6:30,Official Timeout at 06:30.,1,10,CHI 13,13,-3,Chicago Bears,Minnesota Vikings,3,6,52.7,47.3,64.0,127.0,191.0,90.0,94.0,184.0,game,Spread,Chicago Bears,,2.5,kalshi,-258,—,—,,-3,,miss,,,,—,,
2026-09-20T19:22:51.890725+00:00,nfl,2026,2,401872937,4018729372560,3,6:30,Official Timeout at 06:30.,1,10,CHI 13,13,-3,Chicago Bears,Minnesota Vikings,3,6,52.7,47.3,64.0,127.0,191.0,90.0,94.0,184.0,game,Total,Over,,21.5,kalshi,-525,—,—,,9.0,,miss,,,,—,,
2026-09-20T19:22:51.890725+00:00,nfl,2026,2,401872937,4018729372560,3,6:30,Official Timeout at 06:30.,1,10,CHI 13,13,-3,Chicago Bears,Minnesota Vikings,3,6,52.7,47.3,64.0,127.0,191.0,90.0,94.0,184.0,game,Total,Under,,21.5,kalshi,-317,—,—,,9.0,,hit,,,,—,,
2026-09-20T19:22:51.890725+00:00,nfl,2026,2,401872937,4018729372560,3,6:30,Official Timeout at 06:30.,1,10,CHI 13,13,-3,Chicago Bears,Minnesota Vikings,3,6,52.7,47.3,64.0,127.0,191.0,90.0,94.0,184.0,game,ML,Minnesota Vikings,,,polymarket,108,—,—,,Win,,hit,,,,—,,
2026-09-20T19:22:51.890725+00:00,nfl,2026,2,401872937,4018729372560,3,6:30,Official Timeout at 06:30.,1,10,CHI 13,13,-3,Chicago Bears,Minnesota Vikings,3,6,52.7,47.3,64.0,127.0,191.0,90.0,94.0,184.0,game,ML,Chicago Bears,,,bet365,-115,—,—,,Loss,,miss,,,,—,,
2026-09-20T19:22:51.890725+00:00,nfl,2026,2,401872937,4018729372570,3,6:30,C.Williams sacked at CHI 10 for -3 yards (D.Turner). ** Injury Update: MIN-B.Cashman has returned to the game. ** Injury Update: CHI-C.Kmet has returned to the game.,1,10,CHI 13,13,-3,Chicago Bears,Minnesota Vikings,3,6,52.7,47.3,64.0,127.0,191.0,90.0,94.0,184.0,game,Spread,Minnesota Vikings,,-2.5,kalshi,-113,—,—,,-3,,hit,,,,—,,
2026-09-20T19:22:51.890725+00:00,nfl,2026,2,401872937,4018729372570,3,6:30,C.Williams sacked at CHI 10 for -3 yards (D.Turner). ** Injury Update: MIN-B.Cashman has returned to the game. ** Injury Update: CHI-C.Kmet has returned to the game.,1,10,CHI 13,13,-3,Chicago Bears,Minnesota Vikings,3,6,52.7,47.3,64.0,127.0,191.0,90.0,94.0,184.0,game,Spread,Chicago Bears,,2.5,kalshi,-258,—,—,,-3,,miss,,,,—,,
2026-09-20T19:22:51.890725+00:00,nfl,2026,2,401872937,4018729372570,3,6:30,C.Williams sacked at CHI 10 for -3 yards (D.Turner). ** Injury Update: MIN-B.Cashman has returned to the game. ** Injury Update: CHI-C.Kmet has returned to the game.,1,10,CHI 13,13,-3,Chicago Bears,Minnesota Vikings,3,6,52.7,47.3,64.0,127.0,191.0,90.0,94.0,184.0,game,Total,Over,,21.5,kalshi,-525,—,—,,9.0,,miss,,,,—,,
2026-09-20T19:22:51.890725+00:00,nfl,2026,2,401872937,4018729372570,3,6:30,C.Williams sacked at CHI 10 for -3 yards (D.Turner). ** Injury Update: MIN-B.Cashman has returned to the game. ** Injury Update: CHI-C.Kmet has returned to the game.,1,10,CHI 13,13,-3,Chicago Bears,Minnesota Vikings,3,6,52.7,47.3,64.0,127.0,191.0,90.0,94.0,184.0,game,Total,Under,,21.5,kalshi,-317,—,—,,9.0,,hit,,,,—,,
2026-09-20T19:22:51.890725+00:00,nfl,2026,2,401872937,4018729372570,3,6:30,C.Williams sacked at CHI 10 for -3 yards (D.Turner). ** Injury Update: MIN-B.Cashman has returned to the game. ** Injury Update: CHI-C.Kmet has returned to the game.,1,10,CHI 13,13,-3,Chicago Bears,Minnesota Vikings,3,6,52.7,47.3,64.0,127.0,191.0,90.0,94.0,184.0,game,ML,Minnesota Vikings,,,polymarket,108,—,—,,Win,,hit,,,,—,,
2026-09-20T19:22:51.890725+00:00,nfl,2026,2,401872937,4018729372570,3,6:30,C.Williams sacked at CHI 10 for -3 yards (D.Turner). ** Injury Update: MIN-B.Cashman has returned to the game. ** Injury Update: CHI-C.Kmet has returned to the game.,1,10,CHI 13,13,-3,Chicago Bears,Minnesota Vikings,3,6,52.7,47.3,64.0,127.0,191.0,90.0,94.0,184.0,game,ML,Chicago Bears,,,bet365,-115,—,—,,Loss,,miss,,,,—,,
2026-09-20T19:22:51.890725+00:00,nfl,2026,2,401872937,4018729372597,3,5:49,K.Monangai right tackle to CHI 17 for 7 yards (B.Cashman; J.Metellus).,2,13,CHI 10,10,-3,Chicago Bears,Minnesota Vikings,3,6,52.7,47.3,64.0,127.0,191.0,90.0,94.0,184.0,game,Spread,Minnesota Vikings,,-2.5,kalshi,-113,—,—,,-3,,hit,,,,—,,
2026-09-20T19:22:51.890725+00:00,nfl,2026,2,401872937,4018729372597,3,5:49,K.Monangai right tackle to CHI 17 for 7 yards (B.Cashman; J.Metellus).,2,13,CHI 10,10,-3,Chicago Bears,Minnesota Vikings,3,6,52.7,47.3,64.0,127.0,191.0,90.0,94.0,184.0,game,Spread,Chicago Bears,,2.5,kalshi,-258,—,—,,-3,,miss,,,,—,,
2026-09-20T19:22:51.890725+00:00,nfl,2026,2,401872937,4018729372597,3,5:49,K.Monangai right tackle to CHI 17 for 7 yards (B.Cashman; J.Metellus).,2,13,CHI 10,10,-3,Chicago Bears,Minnesota Vikings,3,6,52.7,47.3,64.0,127.0,191.0,90.0,94.0,184.0,game,Total,Over,,21.5,kalshi,-525,—,—,,9.0,,miss,,,,—,,
2026-09-20T19:22:51.890725+00:00,nfl,2026,2,401872937,4018729372597,3,5:49,K.Monangai right tackle to CHI 17 for 7 yards (B.Cashman; J.Metellus).,2,13,CHI 10,10,-3,Chicago Bears,Minnesota Vikings,3,6,52.7,47.3,64.0,127.0,191.0,90.0,94.0,184.0,game,Total,Under,,21.5,kalshi,-317,—,—,,9.0,,hit,,,,—,,
2026-09-20T19:22:51.890725+00:00,nfl,2026,2,401872937,4018729372597,3,5:49,K.Monangai right tackle to CHI 17 for 7 yards (B.Cashman; J.Metellus).,2,13,CHI 10,10,-3,Chicago Bears,Minnesota Vikings,3,6,52.7,47.3,64.0,127.0,191.0,90.0,94.0,184.0,game,ML,Minnesota Vikings,,,polymarket,108,—,—,,Win,,hit,,,,—,,
2026-09-20T19:22:51.890725+00:00,nfl,2026,2,401872937,4018729372597,3,5:49,K.Monangai right tackle to CHI 17 for 7 yards (B.Cashman; J.Metellus).,2,13,CHI 10,10,-3,Chicago Bears,Minnesota Vikings,3,6,52.7,47.3,64.0,127.0,191.0,90.0,94.0,184.0,game,ML,Chicago Bears,,,bet365,-115,—,—,,Loss,,miss,,,,—,,
2026-09-20T19:22:51.890725+00:00,nfl,2026,2,401872937,4018729372622,3,5:16,(Shotgun) C.Williams scrambles left end ran ob at CHI 27 for 10 yards (E.Wilson).,3,6,CHI 17,17,-3,Chicago Bears,Minnesota Vikings,3,6,52.7,47.3,64.0,127.0,191.0,90.0,94.0,184.0,game,Spread,Minnesota Vikings,,-2.5,kalshi,-113,—,—,,-3,,hit,,,,—,,
2026-09-20T19:22:51.890725+00:00,nfl,2026,2,401872937,4018729372622,3,5:16,(Shotgun) C.Williams scrambles left end ran ob at CHI 27 for 10 yards (E.Wilson).,3,6,CHI 17,17,-3,Chicago Bears,Minnesota Vikings,3,6,52.7,47.3,64.0,127.0,191.0,90.0,94.0,184.0,game,Spread,Chicago Bears,,2.5,kalshi,-258,—,—,,-3,,miss,,,,—,,
2026-09-20T19:22:51.890725+00:00,nfl,2026,2,401872937,4018729372622,3,5:16,(Shotgun) C.Williams scrambles left end ran ob at CHI 27 for 10 yards (E.Wilson).,3,6,CHI 17,17,-3,Chicago Bears,Minnesota Vikings,3,6,52.7,47.3,64.0,127.0,191.0,90.0,94.0,184.0,game,Total,Over,,21.5,kalshi,-525,—,—,,9.0,,miss,,,,—,,
2026-09-20T19:22:51.890725+00:00,nfl,2026,2,401872937,4018729372622,3,5:16,(Shotgun) C.Williams scrambles left end ran ob at CHI 27 for 10 yards (E.Wilson).,3,6,CHI 17,17,-3,Chicago Bears,Minnesota Vikings,3,6,52.7,47.3,64.0,127.0,191.0,90.0,94.0,184.0,game,Total,Under,,21.5,kalshi,-317,—,—,,9.0,,hit,,,,—,,
2026-09-20T19:22:51.890725+00:00,nfl,2026,2,401872937,4018729372622,3,5:16,(Shotgun) C.Williams scrambles left end ran ob at CHI 27 for 10 yards (E.Wilson).,3,6,CHI 17,17,-3,Chicago Bears,Minnesota Vikings,3,6,52.7,47.3,64.0,127.0,191.0,90.0,94.0,184.0,game,ML,Minnesota Vikings,,,polymarket,108,—,—,,Win,,hit,,,,—,,
2026-09-20T19:22:51.890725+00:00,nfl,2026,2,401872937,4018729372622,3,5:16,(Shotgun) C.Williams scrambles left end ran ob at CHI 27 for 10 yards (E.Wilson).,3,6,CHI 17,17,-3,Chicago Bears,Minnesota Vikings,3,6,52.7,47.3,64.0,127.0,191.0,90.0,94.0,184.0,game,ML,Chicago Bears,,,bet365,-115,—,—,,Loss,,miss,,,,—,,
2026-09-20T19:22:51.890725+00:00,nfl,2026,2,401872937,4018729372652,3,4:55,"(No Huddle, Shotgun) C.Williams pass incomplete short left to C.Loveland (J.Redmond).",1,10,CHI 27,27,-3,Chicago Bears,Minnesota Vikings,3,6,52.7,47.3,64.0,127.0,191.0,90.0,94.0,184.0,game,Spread,Minnesota Vikings,,-2.5,kalshi,-113,—,—,,-3,,hit,,,,—,,
2026-09-20T19:22:51.890725+00:00,nfl,2026,2,401872937,4018729372652,3,4:55,"(No Huddle, Shotgun) C.Williams pass incomplete short left to C.Loveland (J.Redmond).",1,10,CHI 27,27,-3,Chicago Bears,Minnesota Vikings,3,6,52.7,47.3,64.0,127.0,191.0,90.0,94.0,184.0,game,Spread,Chicago Bears,,2.5,kalshi,-258,—,—,,-3,,miss,,,,—,,
2026-09-20T19:22:51.890725+00:00,nfl,2026,2,401872937,4018729372652,3,4:55,"(No Huddle, Shotgun) C.Williams pass incomplete short left to C.Loveland (J.Redmond).",1,10,CHI 27,27,-3,Chicago Bears,Minnesota Vikings,3,6,52.7,47.3,64.0,127.0,191.0,90.0,94.0,184.0,game,Total,Over,,21.5,kalshi,-525,—,—,,9.0,,miss,,,,—,,
2026-09-20T19:22:51.890725+00:00,nfl,2026,2,401872937,4018729372652,3,4:55,"(No Huddle, Shotgun) C.Williams pass incomplete short left to C.Loveland (J.Redmond).",1,10,CHI 27,27,-3,Chicago Bears,Minnesota Vikings,3,6,52.7,47.3,64.0,127.0,191.0,90.0,94.0,184.0,game,Total,Under,,21.5,kalshi,-317,—,—,,9.0,,hit,,,,—,,
2026-09-20T19:22:51.890725+00:00,nfl,2026,2,401872937,4018729372652,3,4:55,"(No Huddle, Shotgun) C.Williams pass incomplete short left to C.Loveland (J.Redmond).",1,10,CHI 27,27,-3,Chicago Bears,Minnesota Vikings,3,6,52.7,47.3,64.0,127.0,191.0,90.0,94.0,184.0,game,ML,Minnesota Vikings,,,polymarket,108,—,—,,Win,,hit,,,,—,,
2026-09-20T19:22:51.890725+00:00,nfl,2026,2,401872937,4018729372652,3,4:55,"(No Huddle, Shotgun) C.Williams pass incomplete short left to C.Loveland (J.Redmond).",1,10,CHI 27,27,-3,Chicago Bears,Minnesota Vikings,3,6,52.7,47.3,64.0,127.0,191.0,90.0,94.0,184.0,game,ML,Chicago Bears,,,bet365,-115,—,—,,Loss,,miss,,,,—,,
2026-09-20T19:22:51.890725+00:00,nfl,2026,2,401872937,4018729372675,3,4:54,K.Monangai right tackle to CHI 27 for no gain (J.Redmond).,2,10,CHI 27,27,-3,Chicago Bears,Minnesota Vikings,3,6,52.7,47.3,64.0,127.0,191.0,90.0,94.0,184.0,game,Spread,Minnesota Vikings,,-2.5,kalshi,-113,—,—,,-3,,hit,,,,—,,
2026-09-20T19:22:51.890725+00:00,nfl,2026,2,401872937,4018729372675,3,4:54,K.Monangai right tackle to CHI 27 for no gain (J.Redmond).,2,10,CHI 27,27,-3,Chicago Bears,Minnesota Vikings,3,6,52.7,47.3,64.0,127.0,191.0,90.0,94.0,184.0,game,Spread,Chicago Bears,,2.5,kalshi,-258,—,—,,-3,,miss,,,,—,,
2026-09-20T19:22:51.890725+00:00,nfl,2026,2,401872937,4018729372675,3,4:54,K.Monangai right tackle to CHI 27 for no gain (J.Redmond).,2,10,CHI 27,27,-3,Chicago Bears,Minnesota Vikings,3,6,52.7,47.3,64.0,127.0,191.0,90.0,94.0,184.0,game,Total,Over,,21.5,kalshi,-525,—,—,,9.0,,miss,,,,—,,
2026-09-20T19:22:51.890725+00:00,nfl,2026,2,401872937,4018729372675,3,4:54,K.Monangai right tackle to CHI 27 for no gain (J.Redmond).,2,10,CHI 27,27,-3,Chicago Bears,Minnesota Vikings,3,6,52.7,47.3,64.0,127.0,191.0,90.0,94.0,184.0,game,Total,Under,,21.5,kalshi,-317,—,—,,9.0,,hit,,,,—,,
2026-09-20T19:22:51.890725+00:00,nfl,2026,2,401872937,4018729372675,3,4:54,K.Monangai right tackle to CHI 27 for no gain (J.Redmond).,2,10,CHI 27,27,-3,Chicago Bears,Minnesota Vikings,3,6,52.7,47.3,64.0,127.0,191.0,90.0,94.0,184.0,game,ML,Minnesota Vikings,,,polymarket,108,—,—,,Win,,hit,,,,—,,
2026-09-20T19:22:51.890725+00:00,nfl,2026,2,401872937,4018729372675,3,4:54,K.Monangai right tackle to CHI 27 for no gain (J.Redmond).,2,10,CHI 27,27,-3,Chicago Bears,Minnesota Vikings,3,6,52.7,47.3,64.0,127.0,191.0,90.0,94.0,184.0,game,ML,Chicago Bears,,,bet365,-115,—,—,,Loss,,miss,,,,—,,
2026-09-20T19:22:51.890725+00:00,nfl,2026,2,401872937,4018729372697,3,4:20,"(4:20) (Shotgun) C.Williams pass short right to K.Raymond to CHI 34 for 7 yards (J.Metellus).
Penalty on CHI, Illegal Formation, declined.",3,10,CHI 27,27,-3,Chicago Bears,Minnesota Vikings,3,6,52.7,47.3,64.0,127.0,191.0,90.0,94.0,184.0,game,Spread,Minnesota Vikings,,-2.5,kalshi,-113,—,—,,-3,,hit,,,,—,,
2026-09-20T19:22:51.890725+00:00,nfl,2026,2,401872937,4018729372697,3,4:20,"(4:20) (Shotgun) C.Williams pass short right to K.Raymond to CHI 34 for 7 yards (J.Metellus).
Penalty on CHI, Illegal Formation, declined.",3,10,CHI 27,27,-3,Chicago Bears,Minnesota Vikings,3,6,52.7,47.3,64.0,127.0,191.0,90.0,94.0,184.0,game,Spread,Chicago Bears,,2.5,kalshi,-258,—,—,,-3,,miss,,,,—,,
2026-09-20T19:22:51.890725+00:00,nfl,2026,2,401872937,4018729372697,3,4:20,"(4:20) (Shotgun) C.Williams pass short right to K.Raymond to CHI 34 for 7 yards (J.Metellus).
Penalty on CHI, Illegal Formation, declined.",3,10,CHI 27,27,-3,Chicago Bears,Minnesota Vikings,3,6,52.7,47.3,64.0,127.0,191.0,90.0,94.0,184.0,game,Total,Over,,21.5,kalshi,-525,—,—,,9.0,,miss,,,,—,,
2026-09-20T19:22:51.890725+00:00,nfl,2026,2,401872937,4018729372697,3,4:20,"(4:20) (Shotgun) C.Williams pass short right to K.Raymond to CHI 34 for 7 yards (J.Metellus).
Penalty on CHI, Illegal Formation, declined.",3,10,CHI 27,27,-3,Chicago Bears,Minnesota Vikings,3,6,52.7,47.3,64.0,127.0,191.0,90.0,94.0,184.0,game,Total,Under,,21.5,kalshi,-317,—,—,,9.0,,hit,,,,—,,
2026-09-20T19:22:51.890725+00:00,nfl,2026,2,401872937,4018729372697,3,4:20,"(4:20) (Shotgun) C.Williams pass short right to K.Raymond to CHI 34 for 7 yards (J.Metellus).
Penalty on CHI, Illegal Formation, declined.",3,10,CHI 27,27,-3,Chicago Bears,Minnesota Vikings,3,6,52.7,47.3,64.0,127.0,191.0,90.0,94.0,184.0,game,ML,Minnesota Vikings,,,polymarket,108,—,—,,Win,,hit,,,,—,,
2026-09-20T19:22:51.890725+00:00,nfl,2026,2,401872937,4018729372697,3,4:20,"(4:20) (Shotgun) C.Williams pass short right to K.Raymond to CHI 34 for 7 yards (J.Metellus).
Penalty on CHI, Illegal Formation, declined.",3,10,CHI 27,27,-3,Chicago Bears,Minnesota Vikings,3,6,52.7,47.3,64.0,127.0,191.0,90.0,94.0,184.0,game,ML,Chicago Bears,,,bet365,-115,—,—,,Loss,,miss,,,,—,,
2026-09-20T19:22:51.890725+00:00,nfl,2026,2,401872937,4018729372733,3,4:15," T.Taylor punts 63 yards to MIN 3, Center-B.Gardner. M.Price ran ob at MIN 14 for 11 yards (J.Sanborn).",4,3,CHI 34,34,-3,Chicago Bears,Minnesota Vikings,3,6,52.7,47.3,64.0,127.0,191.0,90.0,94.0,184.0,game,Spread,Minnesota Vikings,,-2.5,kalshi,-113,—,—,,-3,,hit,,,,—,,
2026-09-20T19:22:51.890725+00:00,nfl,2026,2,401872937,4018729372733,3,4:15," T.Taylor punts 63 yards to MIN 3, Center-B.Gardner. M.Price ran ob at MIN 14 for 11 yards (J.Sanborn).",4,3,CHI 34,34,-3,Chicago Bears,Minnesota Vikings,3,6,52.7,47.3,64.0,127.0,191.0,90.0,94.0,184.0,game,Spread,Chicago Bears,,2.5,kalshi,-258,—,—,,-3,,miss,,,,—,,
2026-09-20T19:22:51.890725+00:00,nfl,2026,2,401872937,4018729372733,3,4:15," T.Taylor punts 63 yards to MIN 3, Center-B.Gardner. M.Price ran ob at MIN 14 for 11 yards (J.Sanborn).",4,3,CHI 34,34,-3,Chicago Bears,Minnesota Vikings,3,6,52.7,47.3,64.0,127.0,191.0,90.0,94.0,184.0,game,Total,Over,,21.5,kalshi,-525,—,—,,9.0,,miss,,,,—,,
2026-09-20T19:22:51.890725+00:00,nfl,2026,2,401872937,4018729372733,3,4:15," T.Taylor punts 63 yards to MIN 3, Center-B.Gardner. M.Price ran ob at MIN 14 for 11 yards (J.Sanborn).",4,3,CHI 34,34,-3,Chicago Bears,Minnesota Vikings,3,6,52.7,47.3,64.0,127.0,191.0,90.0,94.0,184.0,game,Total,Under,,21.5,kalshi,-317,—,—,,9.0,,hit,,,,—,,
2026-09-20T19:22:51.890725+00:00,nfl,2026,2,401872937,4018729372733,3,4:15," T.Taylor punts 63 yards to MIN 3, Center-B.Gardner. M.Price ran ob at MIN 14 for 11 yards (J.Sanborn).",4,3,CHI 34,34,-3,Chicago Bears,Minnesota Vikings,3,6,52.7,47.3,64.0,127.0,191.0,90.0,94.0,184.0,game,ML,Minnesota Vikings,,,polymarket,108,—,—,,Win,,hit,,,,—,,
2026-09-20T19:22:51.890725+00:00,nfl,2026,2,401872937,4018729372733,3,4:15," T.Taylor punts 63 yards to MIN 3, Center-B.Gardner. M.Price ran ob at MIN 14 for 11 yards (J.Sanborn).",4,3,CHI 34,34,-3,Chicago Bears,Minnesota Vikings,3,6,52.7,47.3,64.0,127.0,191.0,90.0,94.0,184.0,game,ML,Chicago Bears,,,bet365,-115,—,—,,Loss,,miss,,,,—,,
2026-09-20T19:22:51.890725+00:00,nfl,2026,2,401872937,4018729372751,3,4:01,Official Timeout at 04:01.,1,10,MIN 14,86,-3,Chicago Bears,Minnesota Vikings,3,6,52.7,47.3,64.0,127.0,191.0,90.0,94.0,184.0,game,Spread,Minnesota Vikings,,-2.5,kalshi,-113,—,—,,-3,,hit,,,,—,,
2026-09-20T19:22:51.890725+00:00,nfl,2026,2,401872937,4018729372751,3,4:01,Official Timeout at 04:01.,1,10,MIN 14,86,-3,Chicago Bears,Minnesota Vikings,3,6,52.7,47.3,64.0,127.0,191.0,90.0,94.0,184.0,game,Spread,Chicago Bears,,2.5,kalshi,-258,—,—,,-3,,miss,,,,—,,
2026-09-20T19:22:51.890725+00:00,nfl,2026,2,401872937,4018729372751,3,4:01,Official Timeout at 04:01.,1,10,MIN 14,86,-3,Chicago Bears,Minnesota Vikings,3,6,52.7,47.3,64.0,127.0,191.0,90.0,94.0,184.0,game,Total,Over,,21.5,kalshi,-525,—,—,,9.0,,miss,,,,—,,
2026-09-20T19:22:51.890725+00:00,nfl,2026,2,401872937,4018729372751,3,4:01,Official Timeout at 04:01.,1,10,MIN 14,86,-3,Chicago Bears,Minnesota Vikings,3,6,52.7,47.3,64.0,127.0,191.0,90.0,94.0,184.0,game,Total,Under,,21.5,kalshi,-317,—,—,,9.0,,hit,,,,—,,
2026-09-20T19:22:51.890725+00:00,nfl,2026,2,401872937,4018729372751,3,4:01,Official Timeout at 04:01.,1,10,MIN 14,86,-3,Chicago Bears,Minnesota Vikings,3,6,52.7,47.3,64.0,127.0,191.0,90.0,94.0,184.0,game,ML,Minnesota Vikings,,,polymarket,108,—,—,,Win,,hit,,,,—,,
2026-09-20T19:22:51.890725+00:00,nfl,2026,2,401872937,4018729372751,3,4:01,Official Timeout at 04:01.,1,10,MIN 14,86,-3,Chicago Bears,Minnesota Vikings,3,6,52.7,47.3,64.0,127.0,191.0,90.0,94.0,184.0,game,ML,Chicago Bears,,,bet365,-115,—,—,,Loss,,miss,,,,—,,
2026-09-20T19:22:51.890725+00:00,nfl,2026,2,401872937,4018729372769,3,4:01,(Shotgun) C.Wentz pass short right to J.Oliver to MIN 38 for 24 yards (D.Thieneman).,1,10,MIN 14,86,-3,Chicago Bears,Minnesota Vikings,3,6,52.7,47.3,64.0,127.0,191.0,90.0,94.0,184.0,game,Spread,Minnesota Vikings,,-2.5,kalshi,-113,—,—,,-3,,hit,,,,—,,
2026-09-20T19:22:51.890725+00:00,nfl,2026,2,401872937,4018729372769,3,4:01,(Shotgun) C.Wentz pass short right to J.Oliver to MIN 38 for 24 yards (D.Thieneman).,1,10,MIN 14,86,-3,Chicago Bears,Minnesota Vikings,3,6,52.7,47.3,64.0,127.0,191.0,90.0,94.0,184.0,game,Spread,Chicago Bears,,2.5,kalshi,-258,—,—,,-3,,miss,,,,—,,
2026-09-20T19:22:51.890725+00:00,nfl,2026,2,401872937,4018729372769,3,4:01,(Shotgun) C.Wentz pass short right to J.Oliver to MIN 38 for 24 yards (D.Thieneman).,1,10,MIN 14,86,-3,Chicago Bears,Minnesota Vikings,3,6,52.7,47.3,64.0,127.0,191.0,90.0,94.0,184.0,game,Total,Over,,21.5,kalshi,-525,—,—,,9.0,,miss,,,,—,,
2026-09-20T19:22:51.890725+00:00,nfl,2026,2,401872937,4018729372769,3,4:01,(Shotgun) C.Wentz pass short right to J.Oliver to MIN 38 for 24 yards (D.Thieneman).,1,10,MIN 14,86,-3,Chicago Bears,Minnesota Vikings,3,6,52.7,47.3,64.0,127.0,191.0,90.0,94.0,184.0,game,Total,Under,,21.5,kalshi,-317,—,—,,9.0,,hit,,,,—,,
2026-09-20T19:22:51.890725+00:00,nfl,2026,2,401872937,4018729372769,3,4:01,(Shotgun) C.Wentz pass short right to J.Oliver to MIN 38 for 24 yards (D.Thieneman).,1,10,MIN 14,86,-3,Chicago Bears,Minnesota Vikings,3,6,52.7,47.3,64.0,127.0,191.0,90.0,94.0,184.0,game,ML,Minnesota Vikings,,,polymarket,108,—,—,,Win,,hit,,,,—,,
2026-09-20T19:22:51.890725+00:00,nfl,2026,2,401872937,4018729372769,3,4:01,(Shotgun) C.Wentz pass short right to J.Oliver to MIN 38 for 24 yards (D.Thieneman).,1,10,MIN 14,86,-3,Chicago Bears,Minnesota Vikings,3,6,52.7,47.3,64.0,127.0,191.0,90.0,94.0,184.0,game,ML,Chicago Bears,,,bet365,-115,—,—,,Loss,,miss,,,,—,,
2026-09-20T19:22:51.890725+00:00,nfl,2026,2,401872937,4018729372801,3,3:17,A.Jones right guard to MIN 41 for 3 yards (J.van den Berg).,1,10,MIN 38,62,-3,Chicago Bears,Minnesota Vikings,3,6,52.7,47.3,64.0,127.0,191.0,90.0,94.0,184.0,game,Spread,Minnesota Vikings,,-2.5,kalshi,-113,—,—,,-3,,hit,,,,—,,
2026-09-20T19:22:51.890725+00:00,nfl,2026,2,401872937,4018729372801,3,3:17,A.Jones right guard to MIN 41 for 3 yards (J.van den Berg).,1,10,MIN 38,62,-3,Chicago Bears,Minnesota Vikings,3,6,52.7,47.3,64.0,127.0,191.0,90.0,94.0,184.0,game,Spread,Chicago Bears,,2.5,kalshi,-258,—,—,,-3,,miss,,,,—,,
2026-09-20T19:22:51.890725+00:00,nfl,2026,2,401872937,4018729372801,3,3:17,A.Jones right guard to MIN 41 for 3 yards (J.van den Berg).,1,10,MIN 38,62,-3,Chicago Bears,Minnesota Vikings,3,6,52.7,47.3,64.0,127.0,191.0,90.0,94.0,184.0,game,Total,Over,,21.5,kalshi,-525,—,—,,9.0,,miss,,,,—,,
2026-09-20T19:22:51.890725+00:00,nfl,2026,2,401872937,4018729372801,3,3:17,A.Jones right guard to MIN 41 for 3 yards (J.van den Berg).,1,10,MIN 38,62,-3,Chicago Bears,Minnesota Vikings,3,6,52.7,47.3,64.0,127.0,191.0,90.0,94.0,184.0,game,Total,Under,,21.5,kalshi,-317,—,—,,9.0,,hit,,,,—,,
2026-09-20T19:22:51.890725+00:00,nfl,2026,2,401872937,4018729372801,3,3:17,A.Jones right guard to MIN 41 for 3 yards (J.van den Berg).,1,10,MIN 38,62,-3,Chicago Bears,Minnesota Vikings,3,6,52.7,47.3,64.0,127.0,191.0,90.0,94.0,184.0,game,ML,Minnesota Vikings,,,polymarket,108,—,—,,Win,,hit,,,,—,,
2026-09-20T19:22:51.890725+00:00,nfl,2026,2,401872937,4018729372801,3,3:17,A.Jones right guard to MIN 41 for 3 yards (J.van den Berg).,1,10,MIN 38,62,-3,Chicago Bears,Minnesota Vikings,3,6,52.7,47.3,64.0,127.0,191.0,90.0,94.0,184.0,game,ML,Chicago Bears,,,bet365,-115,—,—,,Loss,,miss,,,,—,,
2026-09-20T19:22:51.890725+00:00,nfl,2026,2,401872937,4018729372823,3,2:35,(Shotgun) C.Wentz pass incomplete short middle to J.Addison.,2,7,MIN 41,59,-3,Chicago Bears,Minnesota Vikings,3,6,52.7,47.3,64.0,127.0,191.0,90.0,94.0,184.0,game,Spread,Minnesota Vikings,,-2.5,kalshi,-113,—,—,,-3,,hit,,,,—,,
2026-09-20T19:22:51.890725+00:00,nfl,2026,2,401872937,4018729372823,3,2:35,(Shotgun) C.Wentz pass incomplete short middle to J.Addison.,2,7,MIN 41,59,-3,Chicago Bears,Minnesota Vikings,3,6,52.7,47.3,64.0,127.0,191.0,90.0,94.0,184.0,game,Spread,Chicago Bears,,2.5,kalshi,-258,—,—,,-3,,miss,,,,—,,
2026-09-20T19:22:51.890725+00:00,nfl,2026,2,401872937,4018729372823,3,2:35,(Shotgun) C.Wentz pass incomplete short middle to J.Addison.,2,7,MIN 41,59,-3,Chicago Bears,Minnesota Vikings,3,6,52.7,47.3,64.0,127.0,191.0,90.0,94.0,184.0,game,Total,Over,,21.5,kalshi,-525,—,—,,9.0,,miss,,,,—,,
2026-09-20T19:22:51.890725+00:00,nfl,2026,2,401872937,4018729372823,3,2:35,(Shotgun) C.Wentz pass incomplete short middle to J.Addison.,2,7,MIN 41,59,-3,Chicago Bears,Minnesota Vikings,3,6,52.7,47.3,64.0,127.0,191.0,90.0,94.0,184.0,game,Total,Under,,21.5,kalshi,-317,—,—,,9.0,,hit,,,,—,,
2026-09-20T19:22:51.890725+00:00,nfl,2026,2,401872937,4018729372823,3,2:35,(Shotgun) C.Wentz pass incomplete short middle to J.Addison.,2,7,MIN 41,59,-3,Chicago Bears,Minnesota Vikings,3,6,52.7,47.3,64.0,127.0,191.0,90.0,94.0,184.0,game,ML,Minnesota Vikings,,,polymarket,108,—,—,,Win,,hit,,,,—,,
2026-09-20T19:22:51.890725+00:00,nfl,2026,2,401872937,4018729372823,3,2:35,(Shotgun) C.Wentz pass incomplete short middle to J.Addison.,2,7,MIN 41,59,-3,Chicago Bears,Minnesota Vikings,3,6,52.7,47.3,64.0,127.0,191.0,90.0,94.0,184.0,game,ML,Chicago Bears,,,bet365,-115,—,—,,Loss,,miss,,,,—,,
2026-09-20T19:22:51.890725+00:00,nfl,2026,2,401872937,4018729372846,3,2:32,(Shotgun) C.Wentz sacked at MIN 35 for -6 yards (M.Muhammad).,3,7,MIN 41,59,-3,Chicago Bears,Minnesota Vikings,3,6,52.7,47.3,64.0,127.0,191.0,90.0,94.0,184.0,game,Spread,Minnesota Vikings,,-2.5,kalshi,-113,—,—,,-3,,hit,,,,—,,
2026-09-20T19:22:51.890725+00:00,nfl,2026,2,401872937,4018729372846,3,2:32,(Shotgun) C.Wentz sacked at MIN 35 for -6 yards (M.Muhammad).,3,7,MIN 41,59,-3,Chicago Bears,Minnesota Vikings,3,6,52.7,47.3,64.0,127.0,191.0,90.0,94.0,184.0,game,Spread,Chicago Bears,,2.5,kalshi,-258,—,—,,-3,,miss,,,,—,,
2026-09-20T19:22:51.890725+00:00,nfl,2026,2,401872937,4018729372846,3,2:32,(Shotgun) C.Wentz sacked at MIN 35 for -6 yards (M.Muhammad).,3,7,MIN 41,59,-3,Chicago Bears,Minnesota Vikings,3,6,52.7,47.3,64.0,127.0,191.0,90.0,94.0,184.0,game,Total,Over,,21.5,kalshi,-525,—,—,,9.0,,miss,,,,—,,
2026-09-20T19:22:51.890725+00:00,nfl,2026,2,401872937,4018729372846,3,2:32,(Shotgun) C.Wentz sacked at MIN 35 for -6 yards (M.Muhammad).,3,7,MIN 41,59,-3,Chicago Bears,Minnesota Vikings,3,6,52.7,47.3,64.0,127.0,191.0,90.0,94.0,184.0,game,Total,Under,,21.5,kalshi,-317,—,—,,9.0,,hit,,,,—,,
2026-09-20T19:22:51.890725+00:00,nfl,2026,2,401872937,4018729372846,3,2:32,(Shotgun) C.Wentz sacked at MIN 35 for -6 yards (M.Muhammad).,3,7,MIN 41,59,-3,Chicago Bears,Minnesota Vikings,3,6,52.7,47.3,64.0,127.0,191.0,90.0,94.0,184.0,game,ML,Minnesota Vikings,,,polymarket,108,—,—,,Win,,hit,,,,—,,
2026-09-20T19:22:51.890725+00:00,nfl,2026,2,401872937,4018729372846,3,2:32,(Shotgun) C.Wentz sacked at MIN 35 for -6 yards (M.Muhammad).,3,7,MIN 41,59,-3,Chicago Bears,Minnesota Vikings,3,6,52.7,47.3,64.0,127.0,191.0,90.0,94.0,184.0,game,ML,Chicago Bears,,,bet365,-115,—,—,,Loss,,miss,,,,—,,
2026-09-20T19:22:51.890725+00:00,nfl,2026,2,401872937,4018729372866,3,1:49,"B.Thorson punts 41 yards to CHI 24, Center-A.DePaola. K.Raymond to CHI 30 for 6 yards (C.Chambliss; Jac.Thomas).",4,13,MIN 35,65,-3,Chicago Bears,Minnesota Vikings,3,6,52.7,47.3,64.0,127.0,191.0,90.0,94.0,184.0,game,Spread,Minnesota Vikings,,-2.5,kalshi,-113,—,—,,-3,,hit,,,,—,,
2026-09-20T19:22:51.890725+00:00,nfl,2026,2,401872937,4018729372866,3,1:49,"B.Thorson punts 41 yards to CHI 24, Center-A.DePaola. K.Raymond to CHI 30 for 6 yards (C.Chambliss; Jac.Thomas).",4,13,MIN 35,65,-3,Chicago Bears,Minnesota Vikings,3,6,52.7,47.3,64.0,127.0,191.0,90.0,94.0,184.0,game,Spread,Chicago Bears,,2.5,kalshi,-258,—,—,,-3,,miss,,,,—,,
2026-09-20T19:22:51.890725+00:00,nfl,2026,2,401872937,4018729372866,3,1:49,"B.Thorson punts 41 yards to CHI 24, Center-A.DePaola. K.Raymond to CHI 30 for 6 yards (C.Chambliss; Jac.Thomas).",4,13,MIN 35,65,-3,Chicago Bears,Minnesota Vikings,3,6,52.7,47.3,64.0,127.0,191.0,90.0,94.0,184.0,game,Total,Over,,21.5,kalshi,-525,—,—,,9.0,,miss,,,,—,,
2026-09-20T19:22:51.890725+00:00,nfl,2026,2,401872937,4018729372866,3,1:49,"B.Thorson punts 41 yards to CHI 24, Center-A.DePaola. K.Raymond to CHI 30 for 6 yards (C.Chambliss; Jac.Thomas).",4,13,MIN 35,65,-3,Chicago Bears,Minnesota Vikings,3,6,52.7,47.3,64.0,127.0,191.0,90.0,94.0,184.0,game,Total,Under,,21.5,kalshi,-317,—,—,,9.0,,hit,,,,—,,
2026-09-20T19:22:51.890725+00:00,nfl,2026,2,401872937,4018729372866,3,1:49,"B.Thorson punts 41 yards to CHI 24, Center-A.DePaola. K.Raymond to CHI 30 for 6 yards (C.Chambliss; Jac.Thomas).",4,13,MIN 35,65,-3,Chicago Bears,Minnesota Vikings,3,6,52.7,47.3,64.0,127.0,191.0,90.0,94.0,184.0,game,ML,Minnesota Vikings,,,polymarket,108,—,—,,Win,,hit,,,,—,,
2026-09-20T19:22:51.890725+00:00,nfl,2026,2,401872937,4018729372866,3,1:49,"B.Thorson punts 41 yards to CHI 24, Center-A.DePaola. K.Raymond to CHI 30 for 6 yards (C.Chambliss; Jac.Thomas).",4,13,MIN 35,65,-3,Chicago Bears,Minnesota Vikings,3,6,52.7,47.3,64.0,127.0,191.0,90.0,94.0,184.0,game,ML,Chicago Bears,,,bet365,-115,—,—,,Loss,,miss,,,,—,,
2026-09-20T19:22:51.890725+00:00,nfl,2026,2,401872937,4018729372879,3,1:38,Official Timeout at 01:38.,1,10,CHI 29,29,-3,Chicago Bears,Minnesota Vikings,3,6,52.7,47.3,64.0,127.0,191.0,90.0,94.0,184.0,game,Spread,Minnesota Vikings,,-2.5,kalshi,-113,—,—,,-3,,hit,,,,—,,
2026-09-20T19:22:51.890725+00:00,nfl,2026,2,401872937,4018729372879,3,1:38,Official Timeout at 01:38.,1,10,CHI 29,29,-3,Chicago Bears,Minnesota Vikings,3,6,52.7,47.3,64.0,127.0,191.0,90.0,94.0,184.0,game,Spread,Chicago Bears,,2.5,kalshi,-258,—,—,,-3,,miss,,,,—,,
2026-09-20T19:22:51.890725+00:00,nfl,2026,2,401872937,4018729372879,3,1:38,Official Timeout at 01:38.,1,10,CHI 29,29,-3,Chicago Bears,Minnesota Vikings,3,6,52.7,47.3,64.0,127.0,191.0,90.0,94.0,184.0,game,Total,Over,,21.5,kalshi,-525,—,—,,9.0,,miss,,,,—,,
2026-09-20T19:22:51.890725+00:00,nfl,2026,2,401872937,4018729372879,3,1:38,Official Timeout at 01:38.,1,10,CHI 29,29,-3,Chicago Bears,Minnesota Vikings,3,6,52.7,47.3,64.0,127.0,191.0,90.0,94.0,184.0,game,Total,Under,,21.5,kalshi,-317,—,—,,9.0,,hit,,,,—,,
2026-09-20T19:22:51.890725+00:00,nfl,2026,2,401872937,4018729372879,3,1:38,Official Timeout at 01:38.,1,10,CHI 29,29,-3,Chicago Bears,Minnesota Vikings,3,6,52.7,47.3,64.0,127.0,191.0,90.0,94.0,184.0,game,ML,Minnesota Vikings,,,polymarket,108,—,—,,Win,,hit,,,,—,,
2026-09-20T19:22:51.890725+00:00,nfl,2026,2,401872937,4018729372879,3,1:38,Official Timeout at 01:38.,1,10,CHI 29,29,-3,Chicago Bears,Minnesota Vikings,3,6,52.7,47.3,64.0,127.0,191.0,90.0,94.0,184.0,game,ML,Chicago Bears,,,bet365,-115,—,—,,Loss,,miss,,,,—,,
2026-09-20T19:22:51.890725+00:00,nfl,2026,2,401872937,4018729372892,3,1:38,C.Williams pass short right to S.Roush to CHI 39 for 9 yards (E.Wilson; B.Murphy) [A.Van Ginkel].,1,10,CHI 30,30,-3,Chicago Bears,Minnesota Vikings,3,6,52.7,47.3,64.0,127.0,191.0,90.0,94.0,184.0,game,Spread,Minnesota Vikings,,-2.5,kalshi,-113,—,—,,-3,,hit,,,,—,,
2026-09-20T19:22:51.890725+00:00,nfl,2026,2,401872937,4018729372892,3,1:38,C.Williams pass short right to S.Roush to CHI 39 for 9 yards (E.Wilson; B.Murphy) [A.Van Ginkel].,1,10,CHI 30,30,-3,Chicago Bears,Minnesota Vikings,3,6,52.7,47.3,64.0,127.0,191.0,90.0,94.0,184.0,game,Spread,Chicago Bears,,2.5,kalshi,-258,—,—,,-3,,miss,,,,—,,
2026-09-20T19:22:51.890725+00:00,nfl,2026,2,401872937,4018729372892,3,1:38,C.Williams pass short right to S.Roush to CHI 39 for 9 yards (E.Wilson; B.Murphy) [A.Van Ginkel].,1,10,CHI 30,30,-3,Chicago Bears,Minnesota Vikings,3,6,52.7,47.3,64.0,127.0,191.0,90.0,94.0,184.0,game,Total,Over,,21.5,kalshi,-525,—,—,,9.0,,miss,,,,—,,
2026-09-20T19:22:51.890725+00:00,nfl,2026,2,401872937,4018729372892,3,1:38,C.Williams pass short right to S.Roush to CHI 39 for 9 yards (E.Wilson; B.Murphy) [A.Van Ginkel].,1,10,CHI 30,30,-3,Chicago Bears,Minnesota Vikings,3,6,52.7,47.3,64.0,127.0,191.0,90.0,94.0,184.0,game,Total,Under,,21.5,kalshi,-317,—,—,,9.0,,hit,,,,—,,
2026-09-20T19:22:51.890725+00:00,nfl,2026,2,401872937,4018729372892,3,1:38,C.Williams pass short right to S.Roush to CHI 39 for 9 yards (E.Wilson; B.Murphy) [A.Van Ginkel].,1,10,CHI 30,30,-3,Chicago Bears,Minnesota Vikings,3,6,52.7,47.3,64.0,127.0,191.0,90.0,94.0,184.0,game,ML,Minnesota Vikings,,,polymarket,108,—,—,,Win,,hit,,,,—,,
2026-09-20T19:22:51.890725+00:00,nfl,2026,2,401872937,4018729372892,3,1:38,C.Williams pass short right to S.Roush to CHI 39 for 9 yards (E.Wilson; B.Murphy) [A.Van Ginkel].,1,10,CHI 30,30,-3,Chicago Bears,Minnesota Vikings,3,6,52.7,47.3,64.0,127.0,191.0,90.0,94.0,184.0,game,ML,Chicago Bears,,,bet365,-115,—,—,,Loss,,miss,,,,—,,
2026-09-20T19:22:51.890725+00:00,nfl,2026,2,401872937,4018729372924,3,1:02,D.Swift right tackle to CHI 40 for 1 yard (D.Orange; D.Turner).,2,1,CHI 39,39,-3,Chicago Bears,Minnesota Vikings,3,6,52.7,47.3,64.0,127.0,191.0,90.0,94.0,184.0,game,Spread,Minnesota Vikings,,-2.5,kalshi,-113,—,—,,-3,,hit,,,,—,,
2026-09-20T19:22:51.890725+00:00,nfl,2026,2,401872937,4018729372924,3,1:02,D.Swift right tackle to CHI 40 for 1 yard (D.Orange; D.Turner).,2,1,CHI 39,39,-3,Chicago Bears,Minnesota Vikings,3,6,52.7,47.3,64.0,127.0,191.0,90.0,94.0,184.0,game,Spread,Chicago Bears,,2.5,kalshi,-258,—,—,,-3,,miss,,,,—,,
2026-09-20T19:22:51.890725+00:00,nfl,2026,2,401872937,4018729372924,3,1:02,D.Swift right tackle to CHI 40 for 1 yard (D.Orange; D.Turner).,2,1,CHI 39,39,-3,Chicago Bears,Minnesota Vikings,3,6,52.7,47.3,64.0,127.0,191.0,90.0,94.0,184.0,game,Total,Over,,21.5,kalshi,-525,—,—,,9.0,,miss,,,,—,,
2026-09-20T19:22:51.890725+00:00,nfl,2026,2,401872937,4018729372924,3,1:02,D.Swift right tackle to CHI 40 for 1 yard (D.Orange; D.Turner).,2,1,CHI 39,39,-3,Chicago Bears,Minnesota Vikings,3,6,52.7,47.3,64.0,127.0,191.0,90.0,94.0,184.0,game,Total,Under,,21.5,kalshi,-317,—,—,,9.0,,hit,,,,—,,
2026-09-20T19:22:51.890725+00:00,nfl,2026,2,401872937,4018729372924,3,1:02,D.Swift right tackle to CHI 40 for 1 yard (D.Orange; D.Turner).,2,1,CHI 39,39,-3,Chicago Bears,Minnesota Vikings,3,6,52.7,47.3,64.0,127.0,191.0,90.0,94.0,184.0,game,ML,Minnesota Vikings,,,polymarket,108,—,—,,Win,,hit,,,,—,,
2026-09-20T19:22:51.890725+00:00,nfl,2026,2,401872937,4018729372924,3,1:02,D.Swift right tackle to CHI 40 for 1 yard (D.Orange; D.Turner).,2,1,CHI 39,39,-3,Chicago Bears,Minnesota Vikings,3,6,52.7,47.3,64.0,127.0,191.0,90.0,94.0,184.0,game,ML,Chicago Bears,,,bet365,-115,—,—,,Loss,,miss,,,,—,,
2026-09-20T19:22:51.890725+00:00,nfl,2026,2,401872937,4018729372946,3,0:33,"(No Huddle, Shotgun) C.Williams pass incomplete deep right to L.Burden (B.Murphy) [D.Turner].",1,10,CHI 40,40,-3,Chicago Bears,Minnesota Vikings,3,6,52.7,47.3,64.0,127.0,191.0,90.0,94.0,184.0,game,Spread,Minnesota Vikings,,-2.5,kalshi,-113,—,—,,-3,,hit,,,,—,,
2026-09-20T19:22:51.890725+00:00,nfl,2026,2,401872937,4018729372946,3,0:33,"(No Huddle, Shotgun) C.Williams pass incomplete deep right to L.Burden (B.Murphy) [D.Turner].",1,10,CHI 40,40,-3,Chicago Bears,Minnesota Vikings,3,6,52.7,47.3,64.0,127.0,191.0,90.0,94.0,184.0,game,Spread,Chicago Bears,,2.5,kalshi,-258,—,—,,-3,,miss,,,,—,,
2026-09-20T19:22:51.890725+00:00,nfl,2026,2,401872937,4018729372946,3,0:33,"(No Huddle, Shotgun) C.Williams pass incomplete deep right to L.Burden (B.Murphy) [D.Turner].",1,10,CHI 40,40,-3,Chicago Bears,Minnesota Vikings,3,6,52.7,47.3,64.0,127.0,191.0,90.0,94.0,184.0,game,Total,Over,,21.5,kalshi,-525,—,—,,9.0,,miss,,,,—,,
2026-09-20T19:22:51.890725+00:00,nfl,2026,2,401872937,4018729372946,3,0:33,"(No Huddle, Shotgun) C.Williams pass incomplete deep right to L.Burden (B.Murphy) [D.Turner].",1,10,CHI 40,40,-3,Chicago Bears,Minnesota Vikings,3,6,52.7,47.3,64.0,127.0,191.0,90.0,94.0,184.0,game,Total,Under,,21.5,kalshi,-317,—,—,,9.0,,hit,,,,—,,
2026-09-20T19:22:51.890725+00:00,nfl,2026,2,401872937,4018729372946,3,0:33,"(No Huddle, Shotgun) C.Williams pass incomplete deep right to L.Burden (B.Murphy) [D.Turner].",1,10,CHI 40,40,-3,Chicago Bears,Minnesota Vikings,3,6,52.7,47.3,64.0,127.0,191.0,90.0,94.0,184.0,game,ML,Minnesota Vikings,,,polymarket,108,—,—,,Win,,hit,,,,—,,
2026-09-20T19:22:51.890725+00:00,nfl,2026,2,401872937,4018729372946,3,0:33,"(No Huddle, Shotgun) C.Williams pass incomplete deep right to L.Burden (B.Murphy) [D.Turner].",1,10,CHI 40,40,-3,Chicago Bears,Minnesota Vikings,3,6,52.7,47.3,64.0,127.0,191.0,90.0,94.0,184.0,game,ML,Chicago Bears,,,bet365,-115,—,—,,Loss,,miss,,,,—,,
2026-09-20T19:22:51.890725+00:00,nfl,2026,2,401872937,4018729372969,3,0:24,D.Swift left guard to CHI 43 for 3 yards (C.Banks; L.Rodriguez).,2,10,CHI 40,40,-3,Chicago Bears,Minnesota Vikings,3,6,52.7,47.3,64.0,127.0,191.0,90.0,94.0,184.0,game,Spread,Minnesota Vikings,,-2.5,kalshi,-113,—,—,,-3,,hit,,,,—,,
2026-09-20T19:22:51.890725+00:00,nfl,2026,2,401872937,4018729372969,3,0:24,D.Swift left guard to CHI 43 for 3 yards (C.Banks; L.Rodriguez).,2,10,CHI 40,40,-3,Chicago Bears,Minnesota Vikings,3,6,52.7,47.3,64.0,127.0,191.0,90.0,94.0,184.0,game,Spread,Chicago Bears,,2.5,kalshi,-258,—,—,,-3,,miss,,,,—,,
2026-09-20T19:22:51.890725+00:00,nfl,2026,2,401872937,4018729372969,3,0:24,D.Swift left guard to CHI 43 for 3 yards (C.Banks; L.Rodriguez).,2,10,CHI 40,40,-3,Chicago Bears,Minnesota Vikings,3,6,52.7,47.3,64.0,127.0,191.0,90.0,94.0,184.0,game,Total,Over,,21.5,kalshi,-525,—,—,,9.0,,miss,,,,—,,
2026-09-20T19:22:51.890725+00:00,nfl,2026,2,401872937,4018729372969,3,0:24,D.Swift left guard to CHI 43 for 3 yards (C.Banks; L.Rodriguez).,2,10,CHI 40,40,-3,Chicago Bears,Minnesota Vikings,3,6,52.7,47.3,64.0,127.0,191.0,90.0,94.0,184.0,game,Total,Under,,21.5,kalshi,-317,—,—,,9.0,,hit,,,,—,,
2026-09-20T19:22:51.890725+00:00,nfl,2026,2,401872937,4018729372969,3,0:24,D.Swift left guard to CHI 43 for 3 yards (C.Banks; L.Rodriguez).,2,10,CHI 40,40,-3,Chicago Bears,Minnesota Vikings,3,6,52.7,47.3,64.0,127.0,191.0,90.0,94.0,184.0,game,ML,Minnesota Vikings,,,polymarket,108,—,—,,Win,,hit,,,,—,,
2026-09-20T19:22:51.890725+00:00,nfl,2026,2,401872937,4018729372969,3,0:24,D.Swift left guard to CHI 43 for 3 yards (C.Banks; L.Rodriguez).,2,10,CHI 40,40,-3,Chicago Bears,Minnesota Vikings,3,6,52.7,47.3,64.0,127.0,191.0,90.0,94.0,184.0,game,ML,Chicago Bears,,,bet365,-115,—,—,,Loss,,miss,,,,—,,
2026-09-20T19:22:51.890725+00:00,nfl,2026,2,401872937,4018729372991,3,0:00,END QUARTER 3,3,7,MIN 21,43,-3,Chicago Bears,Minnesota Vikings,3,6,52.7,47.3,64.0,127.0,191.0,90.0,94.0,184.0,game,Spread,Minnesota Vikings,,-2.5,kalshi,-113,—,—,,-3,,hit,,,,—,,
2026-09-20T19:22:51.890725+00:00,nfl,2026,2,401872937,4018729372991,3,0:00,END QUARTER 3,3,7,MIN 21,43,-3,Chicago Bears,Minnesota Vikings,3,6,52.7,47.3,64.0,127.0,191.0,90.0,94.0,184.0,game,Spread,Chicago Bears,,2.5,kalshi,-258,—,—,,-3,,miss,,,,—,,
2026-09-20T19:22:51.890725+00:00,nfl,2026,2,401872937,4018729372991,3,0:00,END QUARTER 3,3,7,MIN 21,43,-3,Chicago Bears,Minnesota Vikings,3,6,52.7,47.3,64.0,127.0,191.0,90.0,94.0,184.0,game,Total,Over,,21.5,kalshi,-525,—,—,,9.0,,miss,,,,—,,
2026-09-20T19:22:51.890725+00:00,nfl,2026,2,401872937,4018729372991,3,0:00,END QUARTER 3,3,7,MIN 21,43,-3,Chicago Bears,Minnesota Vikings,3,6,52.7,47.3,64.0,127.0,191.0,90.0,94.0,184.0,game,Total,Under,,21.5,kalshi,-317,—,—,,9.0,,hit,,,,—,,
2026-09-20T19:22:51.890725+00:00,nfl,2026,2,401872937,4018729372991,3,0:00,END QUARTER 3,3,7,MIN 21,43,-3,Chicago Bears,Minnesota Vikings,3,6,52.7,47.3,64.0,127.0,191.0,90.0,94.0,184.0,game,ML,Minnesota Vikings,,,polymarket,108,—,—,,Win,,hit,,,,—,,
2026-09-20T19:22:51.890725+00:00,nfl,2026,2,401872937,4018729372991,3,0:00,END QUARTER 3,3,7,MIN 21,43,-3,Chicago Bears,Minnesota Vikings,3,6,52.7,47.3,64.0,127.0,191.0,90.0,94.0,184.0,game,ML,Chicago Bears,,,bet365,-115,—,—,,Loss,,miss,,,,—,,
2026-09-20T19:22:51.890725+00:00,nfl,2026,2,401872937,4018729373011,4,15:00,(Shotgun) C.Williams pass incomplete short left to L.Burden.,3,7,CHI 43,43,-3,Chicago Bears,Minnesota Vikings,3,6,52.7,47.3,64.0,127.0,191.0,90.0,94.0,184.0,game,Spread,Minnesota Vikings,,-2.5,kalshi,-113,—,—,,-3,,hit,,,,—,,
2026-09-20T19:22:51.890725+00:00,nfl,2026,2,401872937,4018729373011,4,15:00,(Shotgun) C.Williams pass incomplete short left to L.Burden.,3,7,CHI 43,43,-3,Chicago Bears,Minnesota Vikings,3,6,52.7,47.3,64.0,127.0,191.0,90.0,94.0,184.0,game,Spread,Chicago Bears,,2.5,kalshi,-258,—,—,,-3,,miss,,,,—,,
2026-09-20T19:22:51.890725+00:00,nfl,2026,2,401872937,4018729373011,4,15:00,(Shotgun) C.Williams pass incomplete short left to L.Burden.,3,7,CHI 43,43,-3,Chicago Bears,Minnesota Vikings,3,6,52.7,47.3,64.0,127.0,191.0,90.0,94.0,184.0,game,Total,Over,,21.5,kalshi,-525,—,—,,9.0,,miss,,,,—,,
2026-09-20T19:22:51.890725+00:00,nfl,2026,2,401872937,4018729373011,4,15:00,(Shotgun) C.Williams pass incomplete short left to L.Burden.,3,7,CHI 43,43,-3,Chicago Bears,Minnesota Vikings,3,6,52.7,47.3,64.0,127.0,191.0,90.0,94.0,184.0,game,Total,Under,,21.5,kalshi,-317,—,—,,9.0,,hit,,,,—,,
2026-09-20T19:22:51.890725+00:00,nfl,2026,2,401872937,4018729373011,4,15:00,(Shotgun) C.Williams pass incomplete short left to L.Burden.,3,7,CHI 43,43,-3,Chicago Bears,Minnesota Vikings,3,6,52.7,47.3,64.0,127.0,191.0,90.0,94.0,184.0,game,ML,Minnesota Vikings,,,polymarket,108,—,—,,Win,,hit,,,,—,,
2026-09-20T19:22:51.890725+00:00,nfl,2026,2,401872937,4018729373011,4,15:00,(Shotgun) C.Williams pass incomplete short left to L.Burden.,3,7,CHI 43,43,-3,Chicago Bears,Minnesota Vikings,3,6,52.7,47.3,64.0,127.0,191.0,90.0,94.0,184.0,game,ML,Chicago Bears,,,bet365,-115,—,—,,Loss,,miss,,,,—,,
2026-09-20T19:22:51.890725+00:00,nfl,2026,2,401872937,4018729373034,4,14:56," T.Taylor punts 45 yards to MIN 12, Center-B.Gardner, fair catch by M.Price.",4,7,CHI 43,43,-3,Chicago Bears,Minnesota Vikings,3,6,52.7,47.3,64.0,127.0,191.0,90.0,94.0,184.0,game,Spread,Minnesota Vikings,,-2.5,kalshi,-113,—,—,,-3,,hit,,,,—,,
2026-09-20T19:22:51.890725+00:00,nfl,2026,2,401872937,4018729373034,4,14:56," T.Taylor punts 45 yards to MIN 12, Center-B.Gardner, fair catch by M.Price.",4,7,CHI 43,43,-3,Chicago Bears,Minnesota Vikings,3,6,52.7,47.3,64.0,127.0,191.0,90.0,94.0,184.0,game,Spread,Chicago Bears,,2.5,kalshi,-258,—,—,,-3,,miss,,,,—,,
2026-09-20T19:22:51.890725+00:00,nfl,2026,2,401872937,4018729373034,4,14:56," T.Taylor punts 45 yards to MIN 12, Center-B.Gardner, fair catch by M.Price.",4,7,CHI 43,43,-3,Chicago Bears,Minnesota Vikings,3,6,52.7,47.3,64.0,127.0,191.0,90.0,94.0,184.0,game,Total,Over,,21.5,kalshi,-525,—,—,,9.0,,miss,,,,—,,
2026-09-20T19:22:51.890725+00:00,nfl,2026,2,401872937,4018729373034,4,14:56," T.Taylor punts 45 yards to MIN 12, Center-B.Gardner, fair catch by M.Price.",4,7,CHI 43,43,-3,Chicago Bears,Minnesota Vikings,3,6,52.7,47.3,64.0,127.0,191.0,90.0,94.0,184.0,game,Total,Under,,21.5,kalshi,-317,—,—,,9.0,,hit,,,,—,,
2026-09-20T19:22:51.890725+00:00,nfl,2026,2,401872937,4018729373034,4,14:56," T.Taylor punts 45 yards to MIN 12, Center-B.Gardner, fair catch by M.Price.",4,7,CHI 43,43,-3,Chicago Bears,Minnesota Vikings,3,6,52.7,47.3,64.0,127.0,191.0,90.0,94.0,184.0,game,ML,Minnesota Vikings,,,polymarket,108,—,—,,Win,,hit,,,,—,,
2026-09-20T19:22:51.890725+00:00,nfl,2026,2,401872937,4018729373034,4,14:56," T.Taylor punts 45 yards to MIN 12, Center-B.Gardner, fair catch by M.Price.",4,7,CHI 43,43,-3,Chicago Bears,Minnesota Vikings,3,6,52.7,47.3,64.0,127.0,191.0,90.0,94.0,184.0,game,ML,Chicago Bears,,,bet365,-115,—,—,,Loss,,miss,,,,—,,
2026-09-20T19:22:51.890725+00:00,nfl,2026,2,401872937,4018729373054,4,14:49,(Shotgun) C.Wentz pass incomplete deep left to J.Jefferson (T.Stevenson).,1,10,MIN 12,88,-3,Chicago Bears,Minnesota Vikings,3,6,52.7,47.3,64.0,127.0,191.0,90.0,94.0,184.0,game,Spread,Minnesota Vikings,,-2.5,kalshi,-113,—,—,,-3,,hit,,,,—,,
2026-09-20T19:22:51.890725+00:00,nfl,2026,2,401872937,4018729373054,4,14:49,(Shotgun) C.Wentz pass incomplete deep left to J.Jefferson (T.Stevenson).,1,10,MIN 12,88,-3,Chicago Bears,Minnesota Vikings,3,6,52.7,47.3,64.0,127.0,191.0,90.0,94.0,184.0,game,Spread,Chicago Bears,,2.5,kalshi,-258,—,—,,-3,,miss,,,,—,,
2026-09-20T19:22:51.890725+00:00,nfl,2026,2,401872937,4018729373054,4,14:49,(Shotgun) C.Wentz pass incomplete deep left to J.Jefferson (T.Stevenson).,1,10,MIN 12,88,-3,Chicago Bears,Minnesota Vikings,3,6,52.7,47.3,64.0,127.0,191.0,90.0,94.0,184.0,game,Total,Over,,21.5,kalshi,-525,—,—,,9.0,,miss,,,,—,,
2026-09-20T19:22:51.890725+00:00,nfl,2026,2,401872937,4018729373054,4,14:49,(Shotgun) C.Wentz pass incomplete deep left to J.Jefferson (T.Stevenson).,1,10,MIN 12,88,-3,Chicago Bears,Minnesota Vikings,3,6,52.7,47.3,64.0,127.0,191.0,90.0,94.0,184.0,game,Total,Under,,21.5,kalshi,-317,—,—,,9.0,,hit,,,,—,,
2026-09-20T19:22:51.890725+00:00,nfl,2026,2,401872937,4018729373054,4,14:49,(Shotgun) C.Wentz pass incomplete deep left to J.Jefferson (T.Stevenson).,1,10,MIN 12,88,-3,Chicago Bears,Minnesota Vikings,3,6,52.7,47.3,64.0,127.0,191.0,90.0,94.0,184.0,game,ML,Minnesota Vikings,,,polymarket,108,—,—,,Win,,hit,,,,—,,
2026-09-20T19:22:51.890725+00:00,nfl,2026,2,401872937,4018729373054,4,14:49,(Shotgun) C.Wentz pass incomplete deep left to J.Jefferson (T.Stevenson).,1,10,MIN 12,88,-3,Chicago Bears,Minnesota Vikings,3,6,52.7,47.3,64.0,127.0,191.0,90.0,94.0,184.0,game,ML,Chicago Bears,,,bet365,-115,—,—,,Loss,,miss,,,,—,,
2026-09-20T19:22:51.890725+00:00,nfl,2026,2,401872937,4018729373077,4,14:43,"(Shotgun) PENALTY on MIN-J.Oliver, False Start, 5 yards, enforced at MIN 12 - No Play.",2,10,MIN 12,88,-3,Chicago Bears,Minnesota Vikings,3,6,52.7,47.3,64.0,127.0,191.0,90.0,94.0,184.0,game,Spread,Minnesota Vikings,,-2.5,kalshi,-113,—,—,,-3,,hit,,,,—,,
2026-09-20T19:22:51.890725+00:00,nfl,2026,2,401872937,4018729373077,4,14:43,"(Shotgun) PENALTY on MIN-J.Oliver, False Start, 5 yards, enforced at MIN 12 - No Play.",2,10,MIN 12,88,-3,Chicago Bears,Minnesota Vikings,3,6,52.7,47.3,64.0,127.0,191.0,90.0,94.0,184.0,game,Spread,Chicago Bears,,2.5,kalshi,-258,—,—,,-3,,miss,,,,—,,
2026-09-20T19:22:51.890725+00:00,nfl,2026,2,401872937,4018729373077,4,14:43,"(Shotgun) PENALTY on MIN-J.Oliver, False Start, 5 yards, enforced at MIN 12 - No Play.",2,10,MIN 12,88,-3,Chicago Bears,Minnesota Vikings,3,6,52.7,47.3,64.0,127.0,191.0,90.0,94.0,184.0,game,Total,Over,,21.5,kalshi,-525,—,—,,9.0,,miss,,,,—,,
2026-09-20T19:22:51.890725+00:00,nfl,2026,2,401872937,4018729373077,4,14:43,"(Shotgun) PENALTY on MIN-J.Oliver, False Start, 5 yards, enforced at MIN 12 - No Play.",2,10,MIN 12,88,-3,Chicago Bears,Minnesota Vikings,3,6,52.7,47.3,64.0,127.0,191.0,90.0,94.0,184.0,game,Total,Under,,21.5,kalshi,-317,—,—,,9.0,,hit,,,,—,,
2026-09-20T19:22:51.890725+00:00,nfl,2026,2,401872937,4018729373077,4,14:43,"(Shotgun) PENALTY on MIN-J.Oliver, False Start, 5 yards, enforced at MIN 12 - No Play.",2,10,MIN 12,88,-3,Chicago Bears,Minnesota Vikings,3,6,52.7,47.3,64.0,127.0,191.0,90.0,94.0,184.0,game,ML,Minnesota Vikings,,,polymarket,108,—,—,,Win,,hit,,,,—,,
2026-09-20T19:22:51.890725+00:00,nfl,2026,2,401872937,4018729373077,4,14:43,"(Shotgun) PENALTY on MIN-J.Oliver, False Start, 5 yards, enforced at MIN 12 - No Play.",2,10,MIN 12,88,-3,Chicago Bears,Minnesota Vikings,3,6,52.7,47.3,64.0,127.0,191.0,90.0,94.0,184.0,game,ML,Chicago Bears,,,bet365,-115,—,—,,Loss,,miss,,,,—,,
2026-09-20T19:22:51.890725+00:00,nfl,2026,2,401872937,4018729373101,4,14:43, (Shotgun) A.Jones right guard to MIN 9 for 2 yards (K.Street; G.Jarrett).,2,15,MIN 7,93,-3,Chicago Bears,Minnesota Vikings,3,6,52.7,47.3,64.0,127.0,191.0,90.0,94.0,184.0,game,Spread,Minnesota Vikings,,-2.5,kalshi,-113,—,—,,-3,,hit,,,,—,,
2026-09-20T19:22:51.890725+00:00,nfl,2026,2,401872937,4018729373101,4,14:43, (Shotgun) A.Jones right guard to MIN 9 for 2 yards (K.Street; G.Jarrett).,2,15,MIN 7,93,-3,Chicago Bears,Minnesota Vikings,3,6,52.7,47.3,64.0,127.0,191.0,90.0,94.0,184.0,game,Spread,Chicago Bears,,2.5,kalshi,-258,—,—,,-3,,miss,,,,—,,
2026-09-20T19:22:51.890725+00:00,nfl,2026,2,401872937,4018729373101,4,14:43, (Shotgun) A.Jones right guard to MIN 9 for 2 yards (K.Street; G.Jarrett).,2,15,MIN 7,93,-3,Chicago Bears,Minnesota Vikings,3,6,52.7,47.3,64.0,127.0,191.0,90.0,94.0,184.0,game,Total,Over,,21.5,kalshi,-525,—,—,,9.0,,miss,,,,—,,
2026-09-20T19:22:51.890725+00:00,nfl,2026,2,401872937,4018729373101,4,14:43, (Shotgun) A.Jones right guard to MIN 9 for 2 yards (K.Street; G.Jarrett).,2,15,MIN 7,93,-3,Chicago Bears,Minnesota Vikings,3,6,52.7,47.3,64.0,127.0,191.0,90.0,94.0,184.0,game,Total,Under,,21.5,kalshi,-317,—,—,,9.0,,hit,,,,—,,
2026-09-20T19:22:51.890725+00:00,nfl,2026,2,401872937,4018729373101,4,14:43, (Shotgun) A.Jones right guard to MIN 9 for 2 yards (K.Street; G.Jarrett).,2,15,MIN 7,93,-3,Chicago Bears,Minnesota Vikings,3,6,52.7,47.3,64.0,127.0,191.0,90.0,94.0,184.0,game,ML,Minnesota Vikings,,,polymarket,108,—,—,,Win,,hit,,,,—,,
2026-09-20T19:22:51.890725+00:00,nfl,2026,2,401872937,4018729373101,4,14:43, (Shotgun) A.Jones right guard to MIN 9 for 2 yards (K.Street; G.Jarrett).,2,15,MIN 7,93,-3,Chicago Bears,Minnesota Vikings,3,6,52.7,47.3,64.0,127.0,191.0,90.0,94.0,184.0,game,ML,Chicago Bears,,,bet365,-115,—,—,,Loss,,miss,,,,—,,
2026-09-20T19:22:51.890725+00:00,nfl,2026,2,401872937,4018729373123,4,13:57, (Shotgun) C.Wentz pass short left to D.Dallas to MIN 21 for 12 yards (X.Woods; T.Edwards).,3,13,MIN 9,91,-3,Chicago Bears,Minnesota Vikings,3,6,52.7,47.3,64.0,127.0,191.0,90.0,94.0,184.0,game,Spread,Minnesota Vikings,,-2.5,kalshi,-113,—,—,,-3,,hit,,,,—,,
2026-09-20T19:22:51.890725+00:00,nfl,2026,2,401872937,4018729373123,4,13:57, (Shotgun) C.Wentz pass short left to D.Dallas to MIN 21 for 12 yards (X.Woods; T.Edwards).,3,13,MIN 9,91,-3,Chicago Bears,Minnesota Vikings,3,6,52.7,47.3,64.0,127.0,191.0,90.0,94.0,184.0,game,Spread,Chicago Bears,,2.5,kalshi,-258,—,—,,-3,,miss,,,,—,,
2026-09-20T19:22:51.890725+00:00,nfl,2026,2,401872937,4018729373123,4,13:57, (Shotgun) C.Wentz pass short left to D.Dallas to MIN 21 for 12 yards (X.Woods; T.Edwards).,3,13,MIN 9,91,-3,Chicago Bears,Minnesota Vikings,3,6,52.7,47.3,64.0,127.0,191.0,90.0,94.0,184.0,game,Total,Over,,21.5,kalshi,-525,—,—,,9.0,,miss,,,,—,,
2026-09-20T19:22:51.890725+00:00,nfl,2026,2,401872937,4018729373123,4,13:57, (Shotgun) C.Wentz pass short left to D.Dallas to MIN 21 for 12 yards (X.Woods; T.Edwards).,3,13,MIN 9,91,-3,Chicago Bears,Minnesota Vikings,3,6,52.7,47.3,64.0,127.0,191.0,90.0,94.0,184.0,game,Total,Under,,21.5,kalshi,-317,—,—,,9.0,,hit,,,,—,,
2026-09-20T19:22:51.890725+00:00,nfl,2026,2,401872937,4018729373123,4,13:57, (Shotgun) C.Wentz pass short left to D.Dallas to MIN 21 for 12 yards (X.Woods; T.Edwards).,3,13,MIN 9,91,-3,Chicago Bears,Minnesota Vikings,3,6,52.7,47.3,64.0,127.0,191.0,90.0,94.0,184.0,game,ML,Minnesota Vikings,,,polymarket,108,—,—,,Win,,hit,,,,—,,
2026-09-20T19:22:51.890725+00:00,nfl,2026,2,401872937,4018729373123,4,13:57, (Shotgun) C.Wentz pass short left to D.Dallas to MIN 21 for 12 yards (X.Woods; T.Edwards).,3,13,MIN 9,91,-3,Chicago Bears,Minnesota Vikings,3,6,52.7,47.3,64.0,127.0,191.0,90.0,94.0,184.0,game,ML,Chicago Bears,,,bet365,-115,—,—,,Loss,,miss,,,,—,,
2026-09-20T19:22:51.890725+00:00,nfl,2026,2,401872937,4018729373151,4,13:04," B.Thorson punts 46 yards to CHI 33, Center-A.DePaola. K.Raymond ran ob at CHI 33 for no gain.",4,1,MIN 21,79,-3,Chicago Bears,Minnesota Vikings,3,6,52.7,47.3,64.0,127.0,191.0,90.0,94.0,184.0,game,Spread,Minnesota Vikings,,-2.5,kalshi,-113,—,—,,-3,,hit,,,,—,,
2026-09-20T19:22:51.890725+00:00,nfl,2026,2,401872937,4018729373151,4,13:04," B.Thorson punts 46 yards to CHI 33, Center-A.DePaola. K.Raymond ran ob at CHI 33 for no gain.",4,1,MIN 21,79,-3,Chicago Bears,Minnesota Vikings,3,6,52.7,47.3,64.0,127.0,191.0,90.0,94.0,184.0,game,Spread,Chicago Bears,,2.5,kalshi,-258,—,—,,-3,,miss,,,,—,,
2026-09-20T19:22:51.890725+00:00,nfl,2026,2,401872937,4018729373151,4,13:04," B.Thorson punts 46 yards to CHI 33, Center-A.DePaola. K.Raymond ran ob at CHI 33 for no gain.",4,1,MIN 21,79,-3,Chicago Bears,Minnesota Vikings,3,6,52.7,47.3,64.0,127.0,191.0,90.0,94.0,184.0,game,Total,Over,,21.5,kalshi,-525,—,—,,9.0,,miss,,,,—,,
2026-09-20T19:22:51.890725+00:00,nfl,2026,2,401872937,4018729373151,4,13:04," B.Thorson punts 46 yards to CHI 33, Center-A.DePaola. K.Raymond ran ob at CHI 33 for no gain.",4,1,MIN 21,79,-3,Chicago Bears,Minnesota Vikings,3,6,52.7,47.3,64.0,127.0,191.0,90.0,94.0,184.0,game,Total,Under,,21.5,kalshi,-317,—,—,,9.0,,hit,,,,—,,
2026-09-20T19:22:51.890725+00:00,nfl,2026,2,401872937,4018729373151,4,13:04," B.Thorson punts 46 yards to CHI 33, Center-A.DePaola. K.Raymond ran ob at CHI 33 for no gain.",4,1,MIN 21,79,-3,Chicago Bears,Minnesota Vikings,3,6,52.7,47.3,64.0,127.0,191.0,90.0,94.0,184.0,game,ML,Minnesota Vikings,,,polymarket,108,—,—,,Win,,hit,,,,—,,
2026-09-20T19:22:51.890725+00:00,nfl,2026,2,401872937,4018729373151,4,13:04," B.Thorson punts 46 yards to CHI 33, Center-A.DePaola. K.Raymond ran ob at CHI 33 for no gain.",4,1,MIN 21,79,-3,Chicago Bears,Minnesota Vikings,3,6,52.7,47.3,64.0,127.0,191.0,90.0,94.0,184.0,game,ML,Chicago Bears,,,bet365,-115,—,—,,Loss,,miss,,,,—,,
