captured_at,sport,year,week,event_id,play_id,period,clock,play_text,down,distance,possession,yard_line,score_margin,home,away,home_score,away_score,home_win_prob,away_win_prob,home_pass_yds,home_rush_yds,home_total_yds,away_pass_yds,away_rush_yds,away_total_yds,market_type,market,selection,player,line,book_id,book_price,model_projection,model_price,model_prob,actual_result,actual_stat,bet_result,expected_roi_pct,pregame_line,pregame_book_price,pregame_projection,pregame_capture_at,pregame_capture_type
2026-10-04T20:01:41.654341+00:00,nfl,2026,4,401872966,4018729661,1,15:00,GAME,1,10,ARI 33,67,0,New York Giants,Arizona Cardinals,0,0,77.6,22.4,232.0,87.0,319.0,121.0,115.0,236.0,game,Spread,Arizona Cardinals,,1.5,novig,135.0,—,—,,0,,hit,,,,—,,
2026-10-04T20:01:41.654341+00:00,nfl,2026,4,401872966,4018729661,1,15:00,GAME,1,10,ARI 33,67,0,New York Giants,Arizona Cardinals,0,0,77.6,22.4,232.0,87.0,319.0,121.0,115.0,236.0,game,Spread,New York Giants,,-1.5,polymarket,-355.0,—,—,,0,,miss,,,,—,,
2026-10-04T20:01:41.654341+00:00,nfl,2026,4,401872966,4018729661,1,15:00,GAME,1,10,ARI 33,67,0,New York Giants,Arizona Cardinals,0,0,77.6,22.4,232.0,87.0,319.0,121.0,115.0,236.0,game,Total,Over,,55.5,kalshi,-567.0,—,—,,0.0,,miss,,,,—,,
2026-10-04T20:01:41.654341+00:00,nfl,2026,4,401872966,4018729661,1,15:00,GAME,1,10,ARI 33,67,0,New York Giants,Arizona Cardinals,0,0,77.6,22.4,232.0,87.0,319.0,121.0,115.0,236.0,game,Total,Under,,55.5,novig,-301.0,—,—,,0.0,,hit,,,,—,,
2026-10-04T20:01:41.654341+00:00,nfl,2026,4,401872966,4018729661,1,15:00,GAME,1,10,ARI 33,67,0,New York Giants,Arizona Cardinals,0,0,77.6,22.4,232.0,87.0,319.0,121.0,115.0,236.0,game,ML,Arizona Cardinals,,,stn,300.0,—,—,,Loss,,miss,,,,—,,
2026-10-04T20:01:41.654341+00:00,nfl,2026,4,401872966,4018729661,1,15:00,GAME,1,10,ARI 33,67,0,New York Giants,Arizona Cardinals,0,0,77.6,22.4,232.0,87.0,319.0,121.0,115.0,236.0,game,ML,New York Giants,,,novig,-223.0,—,—,,Loss,,miss,,,,—,,
2026-10-04T20:01:41.654341+00:00,nfl,2026,4,401872966,40187296640,1,15:00,D.Zvada kicks 62 yards from NYG 35 to ARZ 3. D.Duvernay to ARZ 42 for 39 yards (J.Holland).,1,10,ARI 33,35,0,New York Giants,Arizona Cardinals,0,0,77.6,22.4,232.0,87.0,319.0,121.0,115.0,236.0,game,Spread,Arizona Cardinals,,1.5,novig,135.0,—,—,,0,,hit,,,,—,,
2026-10-04T20:01:41.654341+00:00,nfl,2026,4,401872966,40187296640,1,15:00,D.Zvada kicks 62 yards from NYG 35 to ARZ 3. D.Duvernay to ARZ 42 for 39 yards (J.Holland).,1,10,ARI 33,35,0,New York Giants,Arizona Cardinals,0,0,77.6,22.4,232.0,87.0,319.0,121.0,115.0,236.0,game,Spread,New York Giants,,-1.5,polymarket,-355.0,—,—,,0,,miss,,,,—,,
2026-10-04T20:01:41.654341+00:00,nfl,2026,4,401872966,40187296640,1,15:00,D.Zvada kicks 62 yards from NYG 35 to ARZ 3. D.Duvernay to ARZ 42 for 39 yards (J.Holland).,1,10,ARI 33,35,0,New York Giants,Arizona Cardinals,0,0,77.6,22.4,232.0,87.0,319.0,121.0,115.0,236.0,game,Total,Over,,55.5,kalshi,-567.0,—,—,,0.0,,miss,,,,—,,
2026-10-04T20:01:41.654341+00:00,nfl,2026,4,401872966,40187296640,1,15:00,D.Zvada kicks 62 yards from NYG 35 to ARZ 3. D.Duvernay to ARZ 42 for 39 yards (J.Holland).,1,10,ARI 33,35,0,New York Giants,Arizona Cardinals,0,0,77.6,22.4,232.0,87.0,319.0,121.0,115.0,236.0,game,Total,Under,,55.5,novig,-301.0,—,—,,0.0,,hit,,,,—,,
2026-10-04T20:01:41.654341+00:00,nfl,2026,4,401872966,40187296640,1,15:00,D.Zvada kicks 62 yards from NYG 35 to ARZ 3. D.Duvernay to ARZ 42 for 39 yards (J.Holland).,1,10,ARI 33,35,0,New York Giants,Arizona Cardinals,0,0,77.6,22.4,232.0,87.0,319.0,121.0,115.0,236.0,game,ML,Arizona Cardinals,,,stn,300.0,—,—,,Loss,,miss,,,,—,,
2026-10-04T20:01:41.654341+00:00,nfl,2026,4,401872966,40187296640,1,15:00,D.Zvada kicks 62 yards from NYG 35 to ARZ 3. D.Duvernay to ARZ 42 for 39 yards (J.Holland).,1,10,ARI 33,35,0,New York Giants,Arizona Cardinals,0,0,77.6,22.4,232.0,87.0,319.0,121.0,115.0,236.0,game,ML,New York Giants,,,novig,-223.0,—,—,,Loss,,miss,,,,—,,
2026-10-04T20:01:41.654341+00:00,nfl,2026,4,401872966,40187296663,1,14:53,J.Brissett pass incomplete short right to T.McBride (T.Nubin).,1,10,ARI 42,58,0,New York Giants,Arizona Cardinals,0,0,77.6,22.4,232.0,87.0,319.0,121.0,115.0,236.0,game,Spread,Arizona Cardinals,,1.5,novig,135.0,—,—,,0,,hit,,,,—,,
2026-10-04T20:01:41.654341+00:00,nfl,2026,4,401872966,40187296663,1,14:53,J.Brissett pass incomplete short right to T.McBride (T.Nubin).,1,10,ARI 42,58,0,New York Giants,Arizona Cardinals,0,0,77.6,22.4,232.0,87.0,319.0,121.0,115.0,236.0,game,Spread,New York Giants,,-1.5,polymarket,-355.0,—,—,,0,,miss,,,,—,,
2026-10-04T20:01:41.654341+00:00,nfl,2026,4,401872966,40187296663,1,14:53,J.Brissett pass incomplete short right to T.McBride (T.Nubin).,1,10,ARI 42,58,0,New York Giants,Arizona Cardinals,0,0,77.6,22.4,232.0,87.0,319.0,121.0,115.0,236.0,game,Total,Over,,55.5,kalshi,-567.0,—,—,,0.0,,miss,,,,—,,
2026-10-04T20:01:41.654341+00:00,nfl,2026,4,401872966,40187296663,1,14:53,J.Brissett pass incomplete short right to T.McBride (T.Nubin).,1,10,ARI 42,58,0,New York Giants,Arizona Cardinals,0,0,77.6,22.4,232.0,87.0,319.0,121.0,115.0,236.0,game,Total,Under,,55.5,novig,-301.0,—,—,,0.0,,hit,,,,—,,
2026-10-04T20:01:41.654341+00:00,nfl,2026,4,401872966,40187296663,1,14:53,J.Brissett pass incomplete short right to T.McBride (T.Nubin).,1,10,ARI 42,58,0,New York Giants,Arizona Cardinals,0,0,77.6,22.4,232.0,87.0,319.0,121.0,115.0,236.0,game,ML,Arizona Cardinals,,,stn,300.0,—,—,,Loss,,miss,,,,—,,
2026-10-04T20:01:41.654341+00:00,nfl,2026,4,401872966,40187296663,1,14:53,J.Brissett pass incomplete short right to T.McBride (T.Nubin).,1,10,ARI 42,58,0,New York Giants,Arizona Cardinals,0,0,77.6,22.4,232.0,87.0,319.0,121.0,115.0,236.0,game,ML,New York Giants,,,novig,-223.0,—,—,,Loss,,miss,,,,—,,
2026-10-04T20:01:41.654341+00:00,nfl,2026,4,401872966,40187296686,1,14:48,J.Love right tackle to ARZ 42 for no gain (T.Edmunds).,2,10,ARI 42,58,0,New York Giants,Arizona Cardinals,0,0,77.6,22.4,232.0,87.0,319.0,121.0,115.0,236.0,game,Spread,Arizona Cardinals,,1.5,novig,135.0,—,—,,0,,hit,,,,—,,
2026-10-04T20:01:41.654341+00:00,nfl,2026,4,401872966,40187296686,1,14:48,J.Love right tackle to ARZ 42 for no gain (T.Edmunds).,2,10,ARI 42,58,0,New York Giants,Arizona Cardinals,0,0,77.6,22.4,232.0,87.0,319.0,121.0,115.0,236.0,game,Spread,New York Giants,,-1.5,polymarket,-355.0,—,—,,0,,miss,,,,—,,
2026-10-04T20:01:41.654341+00:00,nfl,2026,4,401872966,40187296686,1,14:48,J.Love right tackle to ARZ 42 for no gain (T.Edmunds).,2,10,ARI 42,58,0,New York Giants,Arizona Cardinals,0,0,77.6,22.4,232.0,87.0,319.0,121.0,115.0,236.0,game,Total,Over,,55.5,kalshi,-567.0,—,—,,0.0,,miss,,,,—,,
2026-10-04T20:01:41.654341+00:00,nfl,2026,4,401872966,40187296686,1,14:48,J.Love right tackle to ARZ 42 for no gain (T.Edmunds).,2,10,ARI 42,58,0,New York Giants,Arizona Cardinals,0,0,77.6,22.4,232.0,87.0,319.0,121.0,115.0,236.0,game,Total,Under,,55.5,novig,-301.0,—,—,,0.0,,hit,,,,—,,
2026-10-04T20:01:41.654341+00:00,nfl,2026,4,401872966,40187296686,1,14:48,J.Love right tackle to ARZ 42 for no gain (T.Edmunds).,2,10,ARI 42,58,0,New York Giants,Arizona Cardinals,0,0,77.6,22.4,232.0,87.0,319.0,121.0,115.0,236.0,game,ML,Arizona Cardinals,,,stn,300.0,—,—,,Loss,,miss,,,,—,,
2026-10-04T20:01:41.654341+00:00,nfl,2026,4,401872966,40187296686,1,14:48,J.Love right tackle to ARZ 42 for no gain (T.Edmunds).,2,10,ARI 42,58,0,New York Giants,Arizona Cardinals,0,0,77.6,22.4,232.0,87.0,319.0,121.0,115.0,236.0,game,ML,New York Giants,,,novig,-223.0,—,—,,Loss,,miss,,,,—,,
2026-10-04T20:01:41.654341+00:00,nfl,2026,4,401872966,401872966108,1,14:22,"(14:22) (No Huddle, Shotgun) J.Brissett pass short right to Mi.Wilson to NYG 45 for 13 yards (G.Newsome; J.Holland).
Penalty on NYG-T.Nubin, Illegal Contact, declined.",3,10,ARI 42,58,0,New York Giants,Arizona Cardinals,0,0,77.6,22.4,232.0,87.0,319.0,121.0,115.0,236.0,game,Spread,Arizona Cardinals,,1.5,novig,135.0,—,—,,0,,hit,,,,—,,
2026-10-04T20:01:41.654341+00:00,nfl,2026,4,401872966,401872966108,1,14:22,"(14:22) (No Huddle, Shotgun) J.Brissett pass short right to Mi.Wilson to NYG 45 for 13 yards (G.Newsome; J.Holland).
Penalty on NYG-T.Nubin, Illegal Contact, declined.",3,10,ARI 42,58,0,New York Giants,Arizona Cardinals,0,0,77.6,22.4,232.0,87.0,319.0,121.0,115.0,236.0,game,Spread,New York Giants,,-1.5,polymarket,-355.0,—,—,,0,,miss,,,,—,,
2026-10-04T20:01:41.654341+00:00,nfl,2026,4,401872966,401872966108,1,14:22,"(14:22) (No Huddle, Shotgun) J.Brissett pass short right to Mi.Wilson to NYG 45 for 13 yards (G.Newsome; J.Holland).
Penalty on NYG-T.Nubin, Illegal Contact, declined.",3,10,ARI 42,58,0,New York Giants,Arizona Cardinals,0,0,77.6,22.4,232.0,87.0,319.0,121.0,115.0,236.0,game,Total,Over,,55.5,kalshi,-567.0,—,—,,0.0,,miss,,,,—,,
2026-10-04T20:01:41.654341+00:00,nfl,2026,4,401872966,401872966108,1,14:22,"(14:22) (No Huddle, Shotgun) J.Brissett pass short right to Mi.Wilson to NYG 45 for 13 yards (G.Newsome; J.Holland).
Penalty on NYG-T.Nubin, Illegal Contact, declined.",3,10,ARI 42,58,0,New York Giants,Arizona Cardinals,0,0,77.6,22.4,232.0,87.0,319.0,121.0,115.0,236.0,game,Total,Under,,55.5,novig,-301.0,—,—,,0.0,,hit,,,,—,,
2026-10-04T20:01:41.654341+00:00,nfl,2026,4,401872966,401872966108,1,14:22,"(14:22) (No Huddle, Shotgun) J.Brissett pass short right to Mi.Wilson to NYG 45 for 13 yards (G.Newsome; J.Holland).
Penalty on NYG-T.Nubin, Illegal Contact, declined.",3,10,ARI 42,58,0,New York Giants,Arizona Cardinals,0,0,77.6,22.4,232.0,87.0,319.0,121.0,115.0,236.0,game,ML,Arizona Cardinals,,,stn,300.0,—,—,,Loss,,miss,,,,—,,
2026-10-04T20:01:41.654341+00:00,nfl,2026,4,401872966,401872966108,1,14:22,"(14:22) (No Huddle, Shotgun) J.Brissett pass short right to Mi.Wilson to NYG 45 for 13 yards (G.Newsome; J.Holland).
Penalty on NYG-T.Nubin, Illegal Contact, declined.",3,10,ARI 42,58,0,New York Giants,Arizona Cardinals,0,0,77.6,22.4,232.0,87.0,319.0,121.0,115.0,236.0,game,ML,New York Giants,,,novig,-223.0,—,—,,Loss,,miss,,,,—,,
2026-10-04T20:01:41.654341+00:00,nfl,2026,4,401872966,401872966144,1,13:54,(Shotgun) J.Brissett pass short middle to T.McBride to NYG 39 for 6 yards (A.Reese).,1,10,NYG 45,45,0,New York Giants,Arizona Cardinals,0,0,77.6,22.4,232.0,87.0,319.0,121.0,115.0,236.0,game,Spread,Arizona Cardinals,,1.5,novig,135.0,—,—,,0,,hit,,,,—,,
2026-10-04T20:01:41.654341+00:00,nfl,2026,4,401872966,401872966144,1,13:54,(Shotgun) J.Brissett pass short middle to T.McBride to NYG 39 for 6 yards (A.Reese).,1,10,NYG 45,45,0,New York Giants,Arizona Cardinals,0,0,77.6,22.4,232.0,87.0,319.0,121.0,115.0,236.0,game,Spread,New York Giants,,-1.5,polymarket,-355.0,—,—,,0,,miss,,,,—,,
2026-10-04T20:01:41.654341+00:00,nfl,2026,4,401872966,401872966144,1,13:54,(Shotgun) J.Brissett pass short middle to T.McBride to NYG 39 for 6 yards (A.Reese).,1,10,NYG 45,45,0,New York Giants,Arizona Cardinals,0,0,77.6,22.4,232.0,87.0,319.0,121.0,115.0,236.0,game,Total,Over,,55.5,kalshi,-567.0,—,—,,0.0,,miss,,,,—,,
2026-10-04T20:01:41.654341+00:00,nfl,2026,4,401872966,401872966144,1,13:54,(Shotgun) J.Brissett pass short middle to T.McBride to NYG 39 for 6 yards (A.Reese).,1,10,NYG 45,45,0,New York Giants,Arizona Cardinals,0,0,77.6,22.4,232.0,87.0,319.0,121.0,115.0,236.0,game,Total,Under,,55.5,novig,-301.0,—,—,,0.0,,hit,,,,—,,
2026-10-04T20:01:41.654341+00:00,nfl,2026,4,401872966,401872966144,1,13:54,(Shotgun) J.Brissett pass short middle to T.McBride to NYG 39 for 6 yards (A.Reese).,1,10,NYG 45,45,0,New York Giants,Arizona Cardinals,0,0,77.6,22.4,232.0,87.0,319.0,121.0,115.0,236.0,game,ML,Arizona Cardinals,,,stn,300.0,—,—,,Loss,,miss,,,,—,,
2026-10-04T20:01:41.654341+00:00,nfl,2026,4,401872966,401872966144,1,13:54,(Shotgun) J.Brissett pass short middle to T.McBride to NYG 39 for 6 yards (A.Reese).,1,10,NYG 45,45,0,New York Giants,Arizona Cardinals,0,0,77.6,22.4,232.0,87.0,319.0,121.0,115.0,236.0,game,ML,New York Giants,,,novig,-223.0,—,—,,Loss,,miss,,,,—,,
2026-10-04T20:01:41.654341+00:00,nfl,2026,4,401872966,401872966169,1,13:15,J.Williams reported in as eligible.  J.Love left end to NYG 23 for 16 yards (T.Nubin).,2,4,NYG 39,39,0,New York Giants,Arizona Cardinals,0,0,77.6,22.4,232.0,87.0,319.0,121.0,115.0,236.0,game,Spread,Arizona Cardinals,,1.5,novig,135.0,—,—,,0,,hit,,,,—,,
2026-10-04T20:01:41.654341+00:00,nfl,2026,4,401872966,401872966169,1,13:15,J.Williams reported in as eligible.  J.Love left end to NYG 23 for 16 yards (T.Nubin).,2,4,NYG 39,39,0,New York Giants,Arizona Cardinals,0,0,77.6,22.4,232.0,87.0,319.0,121.0,115.0,236.0,game,Spread,New York Giants,,-1.5,polymarket,-355.0,—,—,,0,,miss,,,,—,,
2026-10-04T20:01:41.654341+00:00,nfl,2026,4,401872966,401872966169,1,13:15,J.Williams reported in as eligible.  J.Love left end to NYG 23 for 16 yards (T.Nubin).,2,4,NYG 39,39,0,New York Giants,Arizona Cardinals,0,0,77.6,22.4,232.0,87.0,319.0,121.0,115.0,236.0,game,Total,Over,,55.5,kalshi,-567.0,—,—,,0.0,,miss,,,,—,,
2026-10-04T20:01:41.654341+00:00,nfl,2026,4,401872966,401872966169,1,13:15,J.Williams reported in as eligible.  J.Love left end to NYG 23 for 16 yards (T.Nubin).,2,4,NYG 39,39,0,New York Giants,Arizona Cardinals,0,0,77.6,22.4,232.0,87.0,319.0,121.0,115.0,236.0,game,Total,Under,,55.5,novig,-301.0,—,—,,0.0,,hit,,,,—,,
2026-10-04T20:01:41.654341+00:00,nfl,2026,4,401872966,401872966169,1,13:15,J.Williams reported in as eligible.  J.Love left end to NYG 23 for 16 yards (T.Nubin).,2,4,NYG 39,39,0,New York Giants,Arizona Cardinals,0,0,77.6,22.4,232.0,87.0,319.0,121.0,115.0,236.0,game,ML,Arizona Cardinals,,,stn,300.0,—,—,,Loss,,miss,,,,—,,
2026-10-04T20:01:41.654341+00:00,nfl,2026,4,401872966,401872966169,1,13:15,J.Williams reported in as eligible.  J.Love left end to NYG 23 for 16 yards (T.Nubin).,2,4,NYG 39,39,0,New York Giants,Arizona Cardinals,0,0,77.6,22.4,232.0,87.0,319.0,121.0,115.0,236.0,game,ML,New York Giants,,,novig,-223.0,—,—,,Loss,,miss,,,,—,,
2026-10-04T20:01:41.654341+00:00,nfl,2026,4,401872966,401872966193,1,12:30,J.Love right end to NYG 14 for 9 yards (T.Nubin).,1,10,NYG 23,23,0,New York Giants,Arizona Cardinals,0,0,77.6,22.4,232.0,87.0,319.0,121.0,115.0,236.0,game,Spread,Arizona Cardinals,,1.5,novig,135.0,—,—,,0,,hit,,,,—,,
2026-10-04T20:01:41.654341+00:00,nfl,2026,4,401872966,401872966193,1,12:30,J.Love right end to NYG 14 for 9 yards (T.Nubin).,1,10,NYG 23,23,0,New York Giants,Arizona Cardinals,0,0,77.6,22.4,232.0,87.0,319.0,121.0,115.0,236.0,game,Spread,New York Giants,,-1.5,polymarket,-355.0,—,—,,0,,miss,,,,—,,
2026-10-04T20:01:41.654341+00:00,nfl,2026,4,401872966,401872966193,1,12:30,J.Love right end to NYG 14 for 9 yards (T.Nubin).,1,10,NYG 23,23,0,New York Giants,Arizona Cardinals,0,0,77.6,22.4,232.0,87.0,319.0,121.0,115.0,236.0,game,Total,Over,,55.5,kalshi,-567.0,—,—,,0.0,,miss,,,,—,,
2026-10-04T20:01:41.654341+00:00,nfl,2026,4,401872966,401872966193,1,12:30,J.Love right end to NYG 14 for 9 yards (T.Nubin).,1,10,NYG 23,23,0,New York Giants,Arizona Cardinals,0,0,77.6,22.4,232.0,87.0,319.0,121.0,115.0,236.0,game,Total,Under,,55.5,novig,-301.0,—,—,,0.0,,hit,,,,—,,
2026-10-04T20:01:41.654341+00:00,nfl,2026,4,401872966,401872966193,1,12:30,J.Love right end to NYG 14 for 9 yards (T.Nubin).,1,10,NYG 23,23,0,New York Giants,Arizona Cardinals,0,0,77.6,22.4,232.0,87.0,319.0,121.0,115.0,236.0,game,ML,Arizona Cardinals,,,stn,300.0,—,—,,Loss,,miss,,,,—,,
2026-10-04T20:01:41.654341+00:00,nfl,2026,4,401872966,401872966193,1,12:30,J.Love right end to NYG 14 for 9 yards (T.Nubin).,1,10,NYG 23,23,0,New York Giants,Arizona Cardinals,0,0,77.6,22.4,232.0,87.0,319.0,121.0,115.0,236.0,game,ML,New York Giants,,,novig,-223.0,—,—,,Loss,,miss,,,,—,,
2026-10-04T20:01:41.654341+00:00,nfl,2026,4,401872966,401872966215,1,11:53,J.Love right guard to NYG 12 for 2 yards (G.Newsome; B.Okoye).,2,1,NYG 14,14,0,New York Giants,Arizona Cardinals,0,0,77.6,22.4,232.0,87.0,319.0,121.0,115.0,236.0,game,Spread,Arizona Cardinals,,1.5,novig,135.0,—,—,,0,,hit,,,,—,,
2026-10-04T20:01:41.654341+00:00,nfl,2026,4,401872966,401872966215,1,11:53,J.Love right guard to NYG 12 for 2 yards (G.Newsome; B.Okoye).,2,1,NYG 14,14,0,New York Giants,Arizona Cardinals,0,0,77.6,22.4,232.0,87.0,319.0,121.0,115.0,236.0,game,Spread,New York Giants,,-1.5,polymarket,-355.0,—,—,,0,,miss,,,,—,,
2026-10-04T20:01:41.654341+00:00,nfl,2026,4,401872966,401872966215,1,11:53,J.Love right guard to NYG 12 for 2 yards (G.Newsome; B.Okoye).,2,1,NYG 14,14,0,New York Giants,Arizona Cardinals,0,0,77.6,22.4,232.0,87.0,319.0,121.0,115.0,236.0,game,Total,Over,,55.5,kalshi,-567.0,—,—,,0.0,,miss,,,,—,,
2026-10-04T20:01:41.654341+00:00,nfl,2026,4,401872966,401872966215,1,11:53,J.Love right guard to NYG 12 for 2 yards (G.Newsome; B.Okoye).,2,1,NYG 14,14,0,New York Giants,Arizona Cardinals,0,0,77.6,22.4,232.0,87.0,319.0,121.0,115.0,236.0,game,Total,Under,,55.5,novig,-301.0,—,—,,0.0,,hit,,,,—,,
2026-10-04T20:01:41.654341+00:00,nfl,2026,4,401872966,401872966215,1,11:53,J.Love right guard to NYG 12 for 2 yards (G.Newsome; B.Okoye).,2,1,NYG 14,14,0,New York Giants,Arizona Cardinals,0,0,77.6,22.4,232.0,87.0,319.0,121.0,115.0,236.0,game,ML,Arizona Cardinals,,,stn,300.0,—,—,,Loss,,miss,,,,—,,
2026-10-04T20:01:41.654341+00:00,nfl,2026,4,401872966,401872966215,1,11:53,J.Love right guard to NYG 12 for 2 yards (G.Newsome; B.Okoye).,2,1,NYG 14,14,0,New York Giants,Arizona Cardinals,0,0,77.6,22.4,232.0,87.0,319.0,121.0,115.0,236.0,game,ML,New York Giants,,,novig,-223.0,—,—,,Loss,,miss,,,,—,,
2026-10-04T20:01:41.654341+00:00,nfl,2026,4,401872966,401872966271,1,11:08,Official Timeout at 11:08.,-1,10,NYG 15,15,-7,New York Giants,Arizona Cardinals,0,7,77.6,22.4,232.0,87.0,319.0,121.0,115.0,236.0,game,Spread,Arizona Cardinals,,1.5,novig,135.0,—,—,,-7,,hit,,,,—,,
2026-10-04T20:01:41.654341+00:00,nfl,2026,4,401872966,401872966271,1,11:08,Official Timeout at 11:08.,-1,10,NYG 15,15,-7,New York Giants,Arizona Cardinals,0,7,77.6,22.4,232.0,87.0,319.0,121.0,115.0,236.0,game,Spread,New York Giants,,-1.5,polymarket,-355.0,—,—,,-7,,miss,,,,—,,
2026-10-04T20:01:41.654341+00:00,nfl,2026,4,401872966,401872966271,1,11:08,Official Timeout at 11:08.,-1,10,NYG 15,15,-7,New York Giants,Arizona Cardinals,0,7,77.6,22.4,232.0,87.0,319.0,121.0,115.0,236.0,game,Total,Over,,55.5,kalshi,-567.0,—,—,,7.0,,miss,,,,—,,
2026-10-04T20:01:41.654341+00:00,nfl,2026,4,401872966,401872966271,1,11:08,Official Timeout at 11:08.,-1,10,NYG 15,15,-7,New York Giants,Arizona Cardinals,0,7,77.6,22.4,232.0,87.0,319.0,121.0,115.0,236.0,game,Total,Under,,55.5,novig,-301.0,—,—,,7.0,,hit,,,,—,,
2026-10-04T20:01:41.654341+00:00,nfl,2026,4,401872966,401872966271,1,11:08,Official Timeout at 11:08.,-1,10,NYG 15,15,-7,New York Giants,Arizona Cardinals,0,7,77.6,22.4,232.0,87.0,319.0,121.0,115.0,236.0,game,ML,Arizona Cardinals,,,stn,300.0,—,—,,Win,,hit,,,,—,,
2026-10-04T20:01:41.654341+00:00,nfl,2026,4,401872966,401872966271,1,11:08,Official Timeout at 11:08.,-1,10,NYG 15,15,-7,New York Giants,Arizona Cardinals,0,7,77.6,22.4,232.0,87.0,319.0,121.0,115.0,236.0,game,ML,New York Giants,,,novig,-223.0,—,—,,Loss,,miss,,,,—,,
2026-10-04T20:01:41.654341+00:00,nfl,2026,4,401872966,401872966237,1,11:08,"J.Brissett pass short left to M.Harrison for 12 yards, TOUCHDOWN. C.Ryland extra point is GOOD, Center-C.Kreiter, Holder-B.Gillikin.",1,10,NYG 12,12,-7,New York Giants,Arizona Cardinals,0,7,77.6,22.4,232.0,87.0,319.0,121.0,115.0,236.0,game,Spread,Arizona Cardinals,,1.5,novig,135.0,—,—,,-7,,hit,,,,—,,
2026-10-04T20:01:41.654341+00:00,nfl,2026,4,401872966,401872966237,1,11:08,"J.Brissett pass short left to M.Harrison for 12 yards, TOUCHDOWN. C.Ryland extra point is GOOD, Center-C.Kreiter, Holder-B.Gillikin.",1,10,NYG 12,12,-7,New York Giants,Arizona Cardinals,0,7,77.6,22.4,232.0,87.0,319.0,121.0,115.0,236.0,game,Spread,New York Giants,,-1.5,polymarket,-355.0,—,—,,-7,,miss,,,,—,,
2026-10-04T20:01:41.654341+00:00,nfl,2026,4,401872966,401872966237,1,11:08,"J.Brissett pass short left to M.Harrison for 12 yards, TOUCHDOWN. C.Ryland extra point is GOOD, Center-C.Kreiter, Holder-B.Gillikin.",1,10,NYG 12,12,-7,New York Giants,Arizona Cardinals,0,7,77.6,22.4,232.0,87.0,319.0,121.0,115.0,236.0,game,Total,Over,,55.5,kalshi,-567.0,—,—,,7.0,,miss,,,,—,,
2026-10-04T20:01:41.654341+00:00,nfl,2026,4,401872966,401872966237,1,11:08,"J.Brissett pass short left to M.Harrison for 12 yards, TOUCHDOWN. C.Ryland extra point is GOOD, Center-C.Kreiter, Holder-B.Gillikin.",1,10,NYG 12,12,-7,New York Giants,Arizona Cardinals,0,7,77.6,22.4,232.0,87.0,319.0,121.0,115.0,236.0,game,Total,Under,,55.5,novig,-301.0,—,—,,7.0,,hit,,,,—,,
2026-10-04T20:01:41.654341+00:00,nfl,2026,4,401872966,401872966237,1,11:08,"J.Brissett pass short left to M.Harrison for 12 yards, TOUCHDOWN. C.Ryland extra point is GOOD, Center-C.Kreiter, Holder-B.Gillikin.",1,10,NYG 12,12,-7,New York Giants,Arizona Cardinals,0,7,77.6,22.4,232.0,87.0,319.0,121.0,115.0,236.0,game,ML,Arizona Cardinals,,,stn,300.0,—,—,,Win,,hit,,,,—,,
2026-10-04T20:01:41.654341+00:00,nfl,2026,4,401872966,401872966237,1,11:08,"J.Brissett pass short left to M.Harrison for 12 yards, TOUCHDOWN. C.Ryland extra point is GOOD, Center-C.Kreiter, Holder-B.Gillikin.",1,10,NYG 12,12,-7,New York Giants,Arizona Cardinals,0,7,77.6,22.4,232.0,87.0,319.0,121.0,115.0,236.0,game,ML,New York Giants,,,novig,-223.0,—,—,,Loss,,miss,,,,—,,
2026-10-04T20:01:41.654341+00:00,nfl,2026,4,401872966,401872966278,1,11:08,C.Ryland kicks 66 yards from ARZ 35 to NYG -1. C.Jones to NYG 23 for 24 yards (C.Simon).,1,10,ARI 33,65,-7,New York Giants,Arizona Cardinals,0,7,77.6,22.4,232.0,87.0,319.0,121.0,115.0,236.0,game,Spread,Arizona Cardinals,,1.5,novig,135.0,—,—,,-7,,hit,,,,—,,
2026-10-04T20:01:41.654341+00:00,nfl,2026,4,401872966,401872966278,1,11:08,C.Ryland kicks 66 yards from ARZ 35 to NYG -1. C.Jones to NYG 23 for 24 yards (C.Simon).,1,10,ARI 33,65,-7,New York Giants,Arizona Cardinals,0,7,77.6,22.4,232.0,87.0,319.0,121.0,115.0,236.0,game,Spread,New York Giants,,-1.5,polymarket,-355.0,—,—,,-7,,miss,,,,—,,
2026-10-04T20:01:41.654341+00:00,nfl,2026,4,401872966,401872966278,1,11:08,C.Ryland kicks 66 yards from ARZ 35 to NYG -1. C.Jones to NYG 23 for 24 yards (C.Simon).,1,10,ARI 33,65,-7,New York Giants,Arizona Cardinals,0,7,77.6,22.4,232.0,87.0,319.0,121.0,115.0,236.0,game,Total,Over,,55.5,kalshi,-567.0,—,—,,7.0,,miss,,,,—,,
2026-10-04T20:01:41.654341+00:00,nfl,2026,4,401872966,401872966278,1,11:08,C.Ryland kicks 66 yards from ARZ 35 to NYG -1. C.Jones to NYG 23 for 24 yards (C.Simon).,1,10,ARI 33,65,-7,New York Giants,Arizona Cardinals,0,7,77.6,22.4,232.0,87.0,319.0,121.0,115.0,236.0,game,Total,Under,,55.5,novig,-301.0,—,—,,7.0,,hit,,,,—,,
2026-10-04T20:01:41.654341+00:00,nfl,2026,4,401872966,401872966278,1,11:08,C.Ryland kicks 66 yards from ARZ 35 to NYG -1. C.Jones to NYG 23 for 24 yards (C.Simon).,1,10,ARI 33,65,-7,New York Giants,Arizona Cardinals,0,7,77.6,22.4,232.0,87.0,319.0,121.0,115.0,236.0,game,ML,Arizona Cardinals,,,stn,300.0,—,—,,Win,,hit,,,,—,,
2026-10-04T20:01:41.654341+00:00,nfl,2026,4,401872966,401872966278,1,11:08,C.Ryland kicks 66 yards from ARZ 35 to NYG -1. C.Jones to NYG 23 for 24 yards (C.Simon).,1,10,ARI 33,65,-7,New York Giants,Arizona Cardinals,0,7,77.6,22.4,232.0,87.0,319.0,121.0,115.0,236.0,game,ML,New York Giants,,,novig,-223.0,—,—,,Loss,,miss,,,,—,,
2026-10-04T20:01:41.654341+00:00,nfl,2026,4,401872966,401872966308,1,11:03,(Shotgun) J.Winston sacked at NYG 21 for -2 yards (J.Sweat).,1,10,NYG 23,23,-7,New York Giants,Arizona Cardinals,0,7,77.6,22.4,232.0,87.0,319.0,121.0,115.0,236.0,game,Spread,Arizona Cardinals,,1.5,novig,135.0,—,—,,-7,,hit,,,,—,,
2026-10-04T20:01:41.654341+00:00,nfl,2026,4,401872966,401872966308,1,11:03,(Shotgun) J.Winston sacked at NYG 21 for -2 yards (J.Sweat).,1,10,NYG 23,23,-7,New York Giants,Arizona Cardinals,0,7,77.6,22.4,232.0,87.0,319.0,121.0,115.0,236.0,game,Spread,New York Giants,,-1.5,polymarket,-355.0,—,—,,-7,,miss,,,,—,,
2026-10-04T20:01:41.654341+00:00,nfl,2026,4,401872966,401872966308,1,11:03,(Shotgun) J.Winston sacked at NYG 21 for -2 yards (J.Sweat).,1,10,NYG 23,23,-7,New York Giants,Arizona Cardinals,0,7,77.6,22.4,232.0,87.0,319.0,121.0,115.0,236.0,game,Total,Over,,55.5,kalshi,-567.0,—,—,,7.0,,miss,,,,—,,
2026-10-04T20:01:41.654341+00:00,nfl,2026,4,401872966,401872966308,1,11:03,(Shotgun) J.Winston sacked at NYG 21 for -2 yards (J.Sweat).,1,10,NYG 23,23,-7,New York Giants,Arizona Cardinals,0,7,77.6,22.4,232.0,87.0,319.0,121.0,115.0,236.0,game,Total,Under,,55.5,novig,-301.0,—,—,,7.0,,hit,,,,—,,
2026-10-04T20:01:41.654341+00:00,nfl,2026,4,401872966,401872966308,1,11:03,(Shotgun) J.Winston sacked at NYG 21 for -2 yards (J.Sweat).,1,10,NYG 23,23,-7,New York Giants,Arizona Cardinals,0,7,77.6,22.4,232.0,87.0,319.0,121.0,115.0,236.0,game,ML,Arizona Cardinals,,,stn,300.0,—,—,,Win,,hit,,,,—,,
2026-10-04T20:01:41.654341+00:00,nfl,2026,4,401872966,401872966308,1,11:03,(Shotgun) J.Winston sacked at NYG 21 for -2 yards (J.Sweat).,1,10,NYG 23,23,-7,New York Giants,Arizona Cardinals,0,7,77.6,22.4,232.0,87.0,319.0,121.0,115.0,236.0,game,ML,New York Giants,,,novig,-223.0,—,—,,Loss,,miss,,,,—,,
2026-10-04T20:01:41.654341+00:00,nfl,2026,4,401872966,401872966328,1,10:30,(Shotgun) J.Winston pass incomplete short middle to I.Likely.,2,12,NYG 21,21,-7,New York Giants,Arizona Cardinals,0,7,77.6,22.4,232.0,87.0,319.0,121.0,115.0,236.0,game,Spread,Arizona Cardinals,,1.5,novig,135.0,—,—,,-7,,hit,,,,—,,
2026-10-04T20:01:41.654341+00:00,nfl,2026,4,401872966,401872966328,1,10:30,(Shotgun) J.Winston pass incomplete short middle to I.Likely.,2,12,NYG 21,21,-7,New York Giants,Arizona Cardinals,0,7,77.6,22.4,232.0,87.0,319.0,121.0,115.0,236.0,game,Spread,New York Giants,,-1.5,polymarket,-355.0,—,—,,-7,,miss,,,,—,,
2026-10-04T20:01:41.654341+00:00,nfl,2026,4,401872966,401872966328,1,10:30,(Shotgun) J.Winston pass incomplete short middle to I.Likely.,2,12,NYG 21,21,-7,New York Giants,Arizona Cardinals,0,7,77.6,22.4,232.0,87.0,319.0,121.0,115.0,236.0,game,Total,Over,,55.5,kalshi,-567.0,—,—,,7.0,,miss,,,,—,,
2026-10-04T20:01:41.654341+00:00,nfl,2026,4,401872966,401872966328,1,10:30,(Shotgun) J.Winston pass incomplete short middle to I.Likely.,2,12,NYG 21,21,-7,New York Giants,Arizona Cardinals,0,7,77.6,22.4,232.0,87.0,319.0,121.0,115.0,236.0,game,Total,Under,,55.5,novig,-301.0,—,—,,7.0,,hit,,,,—,,
2026-10-04T20:01:41.654341+00:00,nfl,2026,4,401872966,401872966328,1,10:30,(Shotgun) J.Winston pass incomplete short middle to I.Likely.,2,12,NYG 21,21,-7,New York Giants,Arizona Cardinals,0,7,77.6,22.4,232.0,87.0,319.0,121.0,115.0,236.0,game,ML,Arizona Cardinals,,,stn,300.0,—,—,,Win,,hit,,,,—,,
2026-10-04T20:01:41.654341+00:00,nfl,2026,4,401872966,401872966328,1,10:30,(Shotgun) J.Winston pass incomplete short middle to I.Likely.,2,12,NYG 21,21,-7,New York Giants,Arizona Cardinals,0,7,77.6,22.4,232.0,87.0,319.0,121.0,115.0,236.0,game,ML,New York Giants,,,novig,-223.0,—,—,,Loss,,miss,,,,—,,
2026-10-04T20:01:41.654341+00:00,nfl,2026,4,401872966,401872966351,1,10:26,(Shotgun) J.Winston pass deep right to M.Nabers to ARZ 40 for 39 yards (A.Wingard). NYG-M.Nabers was injured during the play.,3,12,NYG 21,21,-7,New York Giants,Arizona Cardinals,0,7,77.6,22.4,232.0,87.0,319.0,121.0,115.0,236.0,game,Spread,Arizona Cardinals,,1.5,novig,135.0,—,—,,-7,,hit,,,,—,,
2026-10-04T20:01:41.654341+00:00,nfl,2026,4,401872966,401872966351,1,10:26,(Shotgun) J.Winston pass deep right to M.Nabers to ARZ 40 for 39 yards (A.Wingard). NYG-M.Nabers was injured during the play.,3,12,NYG 21,21,-7,New York Giants,Arizona Cardinals,0,7,77.6,22.4,232.0,87.0,319.0,121.0,115.0,236.0,game,Spread,New York Giants,,-1.5,polymarket,-355.0,—,—,,-7,,miss,,,,—,,
2026-10-04T20:01:41.654341+00:00,nfl,2026,4,401872966,401872966351,1,10:26,(Shotgun) J.Winston pass deep right to M.Nabers to ARZ 40 for 39 yards (A.Wingard). NYG-M.Nabers was injured during the play.,3,12,NYG 21,21,-7,New York Giants,Arizona Cardinals,0,7,77.6,22.4,232.0,87.0,319.0,121.0,115.0,236.0,game,Total,Over,,55.5,kalshi,-567.0,—,—,,7.0,,miss,,,,—,,
2026-10-04T20:01:41.654341+00:00,nfl,2026,4,401872966,401872966351,1,10:26,(Shotgun) J.Winston pass deep right to M.Nabers to ARZ 40 for 39 yards (A.Wingard). NYG-M.Nabers was injured during the play.,3,12,NYG 21,21,-7,New York Giants,Arizona Cardinals,0,7,77.6,22.4,232.0,87.0,319.0,121.0,115.0,236.0,game,Total,Under,,55.5,novig,-301.0,—,—,,7.0,,hit,,,,—,,
2026-10-04T20:01:41.654341+00:00,nfl,2026,4,401872966,401872966351,1,10:26,(Shotgun) J.Winston pass deep right to M.Nabers to ARZ 40 for 39 yards (A.Wingard). NYG-M.Nabers was injured during the play.,3,12,NYG 21,21,-7,New York Giants,Arizona Cardinals,0,7,77.6,22.4,232.0,87.0,319.0,121.0,115.0,236.0,game,ML,Arizona Cardinals,,,stn,300.0,—,—,,Win,,hit,,,,—,,
2026-10-04T20:01:41.654341+00:00,nfl,2026,4,401872966,401872966351,1,10:26,(Shotgun) J.Winston pass deep right to M.Nabers to ARZ 40 for 39 yards (A.Wingard). NYG-M.Nabers was injured during the play.,3,12,NYG 21,21,-7,New York Giants,Arizona Cardinals,0,7,77.6,22.4,232.0,87.0,319.0,121.0,115.0,236.0,game,ML,New York Giants,,,novig,-223.0,—,—,,Loss,,miss,,,,—,,
2026-10-04T20:01:41.654341+00:00,nfl,2026,4,401872966,401872966379,1,9:58,C.Skattebo up the middle to ARZ 36 for 4 yards (J.Gibbens; M.Melton).,1,10,ARI 40,60,-7,New York Giants,Arizona Cardinals,0,7,77.6,22.4,232.0,87.0,319.0,121.0,115.0,236.0,game,Spread,Arizona Cardinals,,1.5,novig,135.0,—,—,,-7,,hit,,,,—,,
2026-10-04T20:01:41.654341+00:00,nfl,2026,4,401872966,401872966379,1,9:58,C.Skattebo up the middle to ARZ 36 for 4 yards (J.Gibbens; M.Melton).,1,10,ARI 40,60,-7,New York Giants,Arizona Cardinals,0,7,77.6,22.4,232.0,87.0,319.0,121.0,115.0,236.0,game,Spread,New York Giants,,-1.5,polymarket,-355.0,—,—,,-7,,miss,,,,—,,
2026-10-04T20:01:41.654341+00:00,nfl,2026,4,401872966,401872966379,1,9:58,C.Skattebo up the middle to ARZ 36 for 4 yards (J.Gibbens; M.Melton).,1,10,ARI 40,60,-7,New York Giants,Arizona Cardinals,0,7,77.6,22.4,232.0,87.0,319.0,121.0,115.0,236.0,game,Total,Over,,55.5,kalshi,-567.0,—,—,,7.0,,miss,,,,—,,
2026-10-04T20:01:41.654341+00:00,nfl,2026,4,401872966,401872966379,1,9:58,C.Skattebo up the middle to ARZ 36 for 4 yards (J.Gibbens; M.Melton).,1,10,ARI 40,60,-7,New York Giants,Arizona Cardinals,0,7,77.6,22.4,232.0,87.0,319.0,121.0,115.0,236.0,game,Total,Under,,55.5,novig,-301.0,—,—,,7.0,,hit,,,,—,,
2026-10-04T20:01:41.654341+00:00,nfl,2026,4,401872966,401872966379,1,9:58,C.Skattebo up the middle to ARZ 36 for 4 yards (J.Gibbens; M.Melton).,1,10,ARI 40,60,-7,New York Giants,Arizona Cardinals,0,7,77.6,22.4,232.0,87.0,319.0,121.0,115.0,236.0,game,ML,Arizona Cardinals,,,stn,300.0,—,—,,Win,,hit,,,,—,,
2026-10-04T20:01:41.654341+00:00,nfl,2026,4,401872966,401872966379,1,9:58,C.Skattebo up the middle to ARZ 36 for 4 yards (J.Gibbens; M.Melton).,1,10,ARI 40,60,-7,New York Giants,Arizona Cardinals,0,7,77.6,22.4,232.0,87.0,319.0,121.0,115.0,236.0,game,ML,New York Giants,,,novig,-223.0,—,—,,Loss,,miss,,,,—,,
2026-10-04T20:01:41.654341+00:00,nfl,2026,4,401872966,401872966401,1,9:22,J.Winston pass incomplete short left to P.Ricard.,2,6,ARI 36,64,-7,New York Giants,Arizona Cardinals,0,7,77.6,22.4,232.0,87.0,319.0,121.0,115.0,236.0,game,Spread,Arizona Cardinals,,1.5,novig,135.0,—,—,,-7,,hit,,,,—,,
2026-10-04T20:01:41.654341+00:00,nfl,2026,4,401872966,401872966401,1,9:22,J.Winston pass incomplete short left to P.Ricard.,2,6,ARI 36,64,-7,New York Giants,Arizona Cardinals,0,7,77.6,22.4,232.0,87.0,319.0,121.0,115.0,236.0,game,Spread,New York Giants,,-1.5,polymarket,-355.0,—,—,,-7,,miss,,,,—,,
2026-10-04T20:01:41.654341+00:00,nfl,2026,4,401872966,401872966401,1,9:22,J.Winston pass incomplete short left to P.Ricard.,2,6,ARI 36,64,-7,New York Giants,Arizona Cardinals,0,7,77.6,22.4,232.0,87.0,319.0,121.0,115.0,236.0,game,Total,Over,,55.5,kalshi,-567.0,—,—,,7.0,,miss,,,,—,,
2026-10-04T20:01:41.654341+00:00,nfl,2026,4,401872966,401872966401,1,9:22,J.Winston pass incomplete short left to P.Ricard.,2,6,ARI 36,64,-7,New York Giants,Arizona Cardinals,0,7,77.6,22.4,232.0,87.0,319.0,121.0,115.0,236.0,game,Total,Under,,55.5,novig,-301.0,—,—,,7.0,,hit,,,,—,,
2026-10-04T20:01:41.654341+00:00,nfl,2026,4,401872966,401872966401,1,9:22,J.Winston pass incomplete short left to P.Ricard.,2,6,ARI 36,64,-7,New York Giants,Arizona Cardinals,0,7,77.6,22.4,232.0,87.0,319.0,121.0,115.0,236.0,game,ML,Arizona Cardinals,,,stn,300.0,—,—,,Win,,hit,,,,—,,
2026-10-04T20:01:41.654341+00:00,nfl,2026,4,401872966,401872966401,1,9:22,J.Winston pass incomplete short left to P.Ricard.,2,6,ARI 36,64,-7,New York Giants,Arizona Cardinals,0,7,77.6,22.4,232.0,87.0,319.0,121.0,115.0,236.0,game,ML,New York Giants,,,novig,-223.0,—,—,,Loss,,miss,,,,—,,
2026-10-04T20:01:41.654341+00:00,nfl,2026,4,401872966,401872966424,1,9:17,(Shotgun) J.Winston pass short left to M.Nabers to ARZ 27 for 9 yards (J.Gibbens). ** Injury Update: NYG-M.Nabers has returned to the game.,3,6,ARI 36,64,-7,New York Giants,Arizona Cardinals,0,7,77.6,22.4,232.0,87.0,319.0,121.0,115.0,236.0,game,Spread,Arizona Cardinals,,1.5,novig,135.0,—,—,,-7,,hit,,,,—,,
2026-10-04T20:01:41.654341+00:00,nfl,2026,4,401872966,401872966424,1,9:17,(Shotgun) J.Winston pass short left to M.Nabers to ARZ 27 for 9 yards (J.Gibbens). ** Injury Update: NYG-M.Nabers has returned to the game.,3,6,ARI 36,64,-7,New York Giants,Arizona Cardinals,0,7,77.6,22.4,232.0,87.0,319.0,121.0,115.0,236.0,game,Spread,New York Giants,,-1.5,polymarket,-355.0,—,—,,-7,,miss,,,,—,,
2026-10-04T20:01:41.654341+00:00,nfl,2026,4,401872966,401872966424,1,9:17,(Shotgun) J.Winston pass short left to M.Nabers to ARZ 27 for 9 yards (J.Gibbens). ** Injury Update: NYG-M.Nabers has returned to the game.,3,6,ARI 36,64,-7,New York Giants,Arizona Cardinals,0,7,77.6,22.4,232.0,87.0,319.0,121.0,115.0,236.0,game,Total,Over,,55.5,kalshi,-567.0,—,—,,7.0,,miss,,,,—,,
2026-10-04T20:01:41.654341+00:00,nfl,2026,4,401872966,401872966424,1,9:17,(Shotgun) J.Winston pass short left to M.Nabers to ARZ 27 for 9 yards (J.Gibbens). ** Injury Update: NYG-M.Nabers has returned to the game.,3,6,ARI 36,64,-7,New York Giants,Arizona Cardinals,0,7,77.6,22.4,232.0,87.0,319.0,121.0,115.0,236.0,game,Total,Under,,55.5,novig,-301.0,—,—,,7.0,,hit,,,,—,,
2026-10-04T20:01:41.654341+00:00,nfl,2026,4,401872966,401872966424,1,9:17,(Shotgun) J.Winston pass short left to M.Nabers to ARZ 27 for 9 yards (J.Gibbens). ** Injury Update: NYG-M.Nabers has returned to the game.,3,6,ARI 36,64,-7,New York Giants,Arizona Cardinals,0,7,77.6,22.4,232.0,87.0,319.0,121.0,115.0,236.0,game,ML,Arizona Cardinals,,,stn,300.0,—,—,,Win,,hit,,,,—,,
2026-10-04T20:01:41.654341+00:00,nfl,2026,4,401872966,401872966424,1,9:17,(Shotgun) J.Winston pass short left to M.Nabers to ARZ 27 for 9 yards (J.Gibbens). ** Injury Update: NYG-M.Nabers has returned to the game.,3,6,ARI 36,64,-7,New York Giants,Arizona Cardinals,0,7,77.6,22.4,232.0,87.0,319.0,121.0,115.0,236.0,game,ML,New York Giants,,,novig,-223.0,—,—,,Loss,,miss,,,,—,,
2026-10-04T20:01:41.654341+00:00,nfl,2026,4,401872966,401872966449,1,8:42,N.Harris up the middle to ARZ 23 for 4 yards (Ma.Wilson; D.Robinson).,1,10,ARI 27,73,-7,New York Giants,Arizona Cardinals,0,7,77.6,22.4,232.0,87.0,319.0,121.0,115.0,236.0,game,Spread,Arizona Cardinals,,1.5,novig,135.0,—,—,,-7,,hit,,,,—,,
2026-10-04T20:01:41.654341+00:00,nfl,2026,4,401872966,401872966449,1,8:42,N.Harris up the middle to ARZ 23 for 4 yards (Ma.Wilson; D.Robinson).,1,10,ARI 27,73,-7,New York Giants,Arizona Cardinals,0,7,77.6,22.4,232.0,87.0,319.0,121.0,115.0,236.0,game,Spread,New York Giants,,-1.5,polymarket,-355.0,—,—,,-7,,miss,,,,—,,
2026-10-04T20:01:41.654341+00:00,nfl,2026,4,401872966,401872966449,1,8:42,N.Harris up the middle to ARZ 23 for 4 yards (Ma.Wilson; D.Robinson).,1,10,ARI 27,73,-7,New York Giants,Arizona Cardinals,0,7,77.6,22.4,232.0,87.0,319.0,121.0,115.0,236.0,game,Total,Over,,55.5,kalshi,-567.0,—,—,,7.0,,miss,,,,—,,
2026-10-04T20:01:41.654341+00:00,nfl,2026,4,401872966,401872966449,1,8:42,N.Harris up the middle to ARZ 23 for 4 yards (Ma.Wilson; D.Robinson).,1,10,ARI 27,73,-7,New York Giants,Arizona Cardinals,0,7,77.6,22.4,232.0,87.0,319.0,121.0,115.0,236.0,game,Total,Under,,55.5,novig,-301.0,—,—,,7.0,,hit,,,,—,,
2026-10-04T20:01:41.654341+00:00,nfl,2026,4,401872966,401872966449,1,8:42,N.Harris up the middle to ARZ 23 for 4 yards (Ma.Wilson; D.Robinson).,1,10,ARI 27,73,-7,New York Giants,Arizona Cardinals,0,7,77.6,22.4,232.0,87.0,319.0,121.0,115.0,236.0,game,ML,Arizona Cardinals,,,stn,300.0,—,—,,Win,,hit,,,,—,,
2026-10-04T20:01:41.654341+00:00,nfl,2026,4,401872966,401872966449,1,8:42,N.Harris up the middle to ARZ 23 for 4 yards (Ma.Wilson; D.Robinson).,1,10,ARI 27,73,-7,New York Giants,Arizona Cardinals,0,7,77.6,22.4,232.0,87.0,319.0,121.0,115.0,236.0,game,ML,New York Giants,,,novig,-223.0,—,—,,Loss,,miss,,,,—,,
2026-10-04T20:01:41.654341+00:00,nfl,2026,4,401872966,401872966483,1,8:03,N.Harris up the middle to ARZ 19 for 4 yards (J.Gibbens; Ma.Wilson).,2,6,ARI 23,77,-7,New York Giants,Arizona Cardinals,0,7,77.6,22.4,232.0,87.0,319.0,121.0,115.0,236.0,game,Spread,Arizona Cardinals,,1.5,novig,135.0,—,—,,-7,,hit,,,,—,,
2026-10-04T20:01:41.654341+00:00,nfl,2026,4,401872966,401872966483,1,8:03,N.Harris up the middle to ARZ 19 for 4 yards (J.Gibbens; Ma.Wilson).,2,6,ARI 23,77,-7,New York Giants,Arizona Cardinals,0,7,77.6,22.4,232.0,87.0,319.0,121.0,115.0,236.0,game,Spread,New York Giants,,-1.5,polymarket,-355.0,—,—,,-7,,miss,,,,—,,
2026-10-04T20:01:41.654341+00:00,nfl,2026,4,401872966,401872966483,1,8:03,N.Harris up the middle to ARZ 19 for 4 yards (J.Gibbens; Ma.Wilson).,2,6,ARI 23,77,-7,New York Giants,Arizona Cardinals,0,7,77.6,22.4,232.0,87.0,319.0,121.0,115.0,236.0,game,Total,Over,,55.5,kalshi,-567.0,—,—,,7.0,,miss,,,,—,,
2026-10-04T20:01:41.654341+00:00,nfl,2026,4,401872966,401872966483,1,8:03,N.Harris up the middle to ARZ 19 for 4 yards (J.Gibbens; Ma.Wilson).,2,6,ARI 23,77,-7,New York Giants,Arizona Cardinals,0,7,77.6,22.4,232.0,87.0,319.0,121.0,115.0,236.0,game,Total,Under,,55.5,novig,-301.0,—,—,,7.0,,hit,,,,—,,
2026-10-04T20:01:41.654341+00:00,nfl,2026,4,401872966,401872966483,1,8:03,N.Harris up the middle to ARZ 19 for 4 yards (J.Gibbens; Ma.Wilson).,2,6,ARI 23,77,-7,New York Giants,Arizona Cardinals,0,7,77.6,22.4,232.0,87.0,319.0,121.0,115.0,236.0,game,ML,Arizona Cardinals,,,stn,300.0,—,—,,Win,,hit,,,,—,,
2026-10-04T20:01:41.654341+00:00,nfl,2026,4,401872966,401872966483,1,8:03,N.Harris up the middle to ARZ 19 for 4 yards (J.Gibbens; Ma.Wilson).,2,6,ARI 23,77,-7,New York Giants,Arizona Cardinals,0,7,77.6,22.4,232.0,87.0,319.0,121.0,115.0,236.0,game,ML,New York Giants,,,novig,-223.0,—,—,,Loss,,miss,,,,—,,
2026-10-04T20:01:41.654341+00:00,nfl,2026,4,401872966,401872966505,1,7:23,(Shotgun) C.Skattebo left tackle to ARZ 21 for -2 yards (R.Lopez).,3,2,ARI 19,81,-7,New York Giants,Arizona Cardinals,0,7,77.6,22.4,232.0,87.0,319.0,121.0,115.0,236.0,game,Spread,Arizona Cardinals,,1.5,novig,135.0,—,—,,-7,,hit,,,,—,,
2026-10-04T20:01:41.654341+00:00,nfl,2026,4,401872966,401872966505,1,7:23,(Shotgun) C.Skattebo left tackle to ARZ 21 for -2 yards (R.Lopez).,3,2,ARI 19,81,-7,New York Giants,Arizona Cardinals,0,7,77.6,22.4,232.0,87.0,319.0,121.0,115.0,236.0,game,Spread,New York Giants,,-1.5,polymarket,-355.0,—,—,,-7,,miss,,,,—,,
2026-10-04T20:01:41.654341+00:00,nfl,2026,4,401872966,401872966505,1,7:23,(Shotgun) C.Skattebo left tackle to ARZ 21 for -2 yards (R.Lopez).,3,2,ARI 19,81,-7,New York Giants,Arizona Cardinals,0,7,77.6,22.4,232.0,87.0,319.0,121.0,115.0,236.0,game,Total,Over,,55.5,kalshi,-567.0,—,—,,7.0,,miss,,,,—,,
2026-10-04T20:01:41.654341+00:00,nfl,2026,4,401872966,401872966505,1,7:23,(Shotgun) C.Skattebo left tackle to ARZ 21 for -2 yards (R.Lopez).,3,2,ARI 19,81,-7,New York Giants,Arizona Cardinals,0,7,77.6,22.4,232.0,87.0,319.0,121.0,115.0,236.0,game,Total,Under,,55.5,novig,-301.0,—,—,,7.0,,hit,,,,—,,
2026-10-04T20:01:41.654341+00:00,nfl,2026,4,401872966,401872966505,1,7:23,(Shotgun) C.Skattebo left tackle to ARZ 21 for -2 yards (R.Lopez).,3,2,ARI 19,81,-7,New York Giants,Arizona Cardinals,0,7,77.6,22.4,232.0,87.0,319.0,121.0,115.0,236.0,game,ML,Arizona Cardinals,,,stn,300.0,—,—,,Win,,hit,,,,—,,
2026-10-04T20:01:41.654341+00:00,nfl,2026,4,401872966,401872966505,1,7:23,(Shotgun) C.Skattebo left tackle to ARZ 21 for -2 yards (R.Lopez).,3,2,ARI 19,81,-7,New York Giants,Arizona Cardinals,0,7,77.6,22.4,232.0,87.0,319.0,121.0,115.0,236.0,game,ML,New York Giants,,,novig,-223.0,—,—,,Loss,,miss,,,,—,,
2026-10-04T20:01:41.654341+00:00,nfl,2026,4,401872966,401872966537,1,6:36,Official Timeout at 06:36.,-1,10,NYG 35,35,-4,New York Giants,Arizona Cardinals,3,7,77.6,22.4,232.0,87.0,319.0,121.0,115.0,236.0,game,Spread,Arizona Cardinals,,1.5,novig,135.0,—,—,,-4,,hit,,,,—,,
2026-10-04T20:01:41.654341+00:00,nfl,2026,4,401872966,401872966537,1,6:36,Official Timeout at 06:36.,-1,10,NYG 35,35,-4,New York Giants,Arizona Cardinals,3,7,77.6,22.4,232.0,87.0,319.0,121.0,115.0,236.0,game,Spread,New York Giants,,-1.5,polymarket,-355.0,—,—,,-4,,miss,,,,—,,
2026-10-04T20:01:41.654341+00:00,nfl,2026,4,401872966,401872966537,1,6:36,Official Timeout at 06:36.,-1,10,NYG 35,35,-4,New York Giants,Arizona Cardinals,3,7,77.6,22.4,232.0,87.0,319.0,121.0,115.0,236.0,game,Total,Over,,55.5,kalshi,-567.0,—,—,,10.0,,miss,,,,—,,
2026-10-04T20:01:41.654341+00:00,nfl,2026,4,401872966,401872966537,1,6:36,Official Timeout at 06:36.,-1,10,NYG 35,35,-4,New York Giants,Arizona Cardinals,3,7,77.6,22.4,232.0,87.0,319.0,121.0,115.0,236.0,game,Total,Under,,55.5,novig,-301.0,—,—,,10.0,,hit,,,,—,,
2026-10-04T20:01:41.654341+00:00,nfl,2026,4,401872966,401872966537,1,6:36,Official Timeout at 06:36.,-1,10,NYG 35,35,-4,New York Giants,Arizona Cardinals,3,7,77.6,22.4,232.0,87.0,319.0,121.0,115.0,236.0,game,ML,Arizona Cardinals,,,stn,300.0,—,—,,Win,,hit,,,,—,,
2026-10-04T20:01:41.654341+00:00,nfl,2026,4,401872966,401872966537,1,6:36,Official Timeout at 06:36.,-1,10,NYG 35,35,-4,New York Giants,Arizona Cardinals,3,7,77.6,22.4,232.0,87.0,319.0,121.0,115.0,236.0,game,ML,New York Giants,,,novig,-223.0,—,—,,Loss,,miss,,,,—,,
2026-10-04T20:01:41.654341+00:00,nfl,2026,4,401872966,401872966527,1,6:36,"D.Zvada 39 yard field goal is GOOD, Center-B.Mann, Holder-J.Stout.",4,4,ARI 21,79,-4,New York Giants,Arizona Cardinals,3,7,77.6,22.4,232.0,87.0,319.0,121.0,115.0,236.0,game,Spread,Arizona Cardinals,,1.5,novig,135.0,—,—,,-4,,hit,,,,—,,
2026-10-04T20:01:41.654341+00:00,nfl,2026,4,401872966,401872966527,1,6:36,"D.Zvada 39 yard field goal is GOOD, Center-B.Mann, Holder-J.Stout.",4,4,ARI 21,79,-4,New York Giants,Arizona Cardinals,3,7,77.6,22.4,232.0,87.0,319.0,121.0,115.0,236.0,game,Spread,New York Giants,,-1.5,polymarket,-355.0,—,—,,-4,,miss,,,,—,,
2026-10-04T20:01:41.654341+00:00,nfl,2026,4,401872966,401872966527,1,6:36,"D.Zvada 39 yard field goal is GOOD, Center-B.Mann, Holder-J.Stout.",4,4,ARI 21,79,-4,New York Giants,Arizona Cardinals,3,7,77.6,22.4,232.0,87.0,319.0,121.0,115.0,236.0,game,Total,Over,,55.5,kalshi,-567.0,—,—,,10.0,,miss,,,,—,,
2026-10-04T20:01:41.654341+00:00,nfl,2026,4,401872966,401872966527,1,6:36,"D.Zvada 39 yard field goal is GOOD, Center-B.Mann, Holder-J.Stout.",4,4,ARI 21,79,-4,New York Giants,Arizona Cardinals,3,7,77.6,22.4,232.0,87.0,319.0,121.0,115.0,236.0,game,Total,Under,,55.5,novig,-301.0,—,—,,10.0,,hit,,,,—,,
2026-10-04T20:01:41.654341+00:00,nfl,2026,4,401872966,401872966527,1,6:36,"D.Zvada 39 yard field goal is GOOD, Center-B.Mann, Holder-J.Stout.",4,4,ARI 21,79,-4,New York Giants,Arizona Cardinals,3,7,77.6,22.4,232.0,87.0,319.0,121.0,115.0,236.0,game,ML,Arizona Cardinals,,,stn,300.0,—,—,,Win,,hit,,,,—,,
2026-10-04T20:01:41.654341+00:00,nfl,2026,4,401872966,401872966527,1,6:36,"D.Zvada 39 yard field goal is GOOD, Center-B.Mann, Holder-J.Stout.",4,4,ARI 21,79,-4,New York Giants,Arizona Cardinals,3,7,77.6,22.4,232.0,87.0,319.0,121.0,115.0,236.0,game,ML,New York Giants,,,novig,-223.0,—,—,,Loss,,miss,,,,—,,
2026-10-04T20:01:41.654341+00:00,nfl,2026,4,401872966,401872966547,1,6:36,D.Zvada kicks 64 yards from NYG 35 to ARZ 1. J.Brooks to ARZ 26 for 25 yards (Z.Barnes).,1,10,ARI 33,35,-4,New York Giants,Arizona Cardinals,3,7,77.6,22.4,232.0,87.0,319.0,121.0,115.0,236.0,game,Spread,Arizona Cardinals,,1.5,novig,135.0,—,—,,-4,,hit,,,,—,,
2026-10-04T20:01:41.654341+00:00,nfl,2026,4,401872966,401872966547,1,6:36,D.Zvada kicks 64 yards from NYG 35 to ARZ 1. J.Brooks to ARZ 26 for 25 yards (Z.Barnes).,1,10,ARI 33,35,-4,New York Giants,Arizona Cardinals,3,7,77.6,22.4,232.0,87.0,319.0,121.0,115.0,236.0,game,Spread,New York Giants,,-1.5,polymarket,-355.0,—,—,,-4,,miss,,,,—,,
2026-10-04T20:01:41.654341+00:00,nfl,2026,4,401872966,401872966547,1,6:36,D.Zvada kicks 64 yards from NYG 35 to ARZ 1. J.Brooks to ARZ 26 for 25 yards (Z.Barnes).,1,10,ARI 33,35,-4,New York Giants,Arizona Cardinals,3,7,77.6,22.4,232.0,87.0,319.0,121.0,115.0,236.0,game,Total,Over,,55.5,kalshi,-567.0,—,—,,10.0,,miss,,,,—,,
2026-10-04T20:01:41.654341+00:00,nfl,2026,4,401872966,401872966547,1,6:36,D.Zvada kicks 64 yards from NYG 35 to ARZ 1. J.Brooks to ARZ 26 for 25 yards (Z.Barnes).,1,10,ARI 33,35,-4,New York Giants,Arizona Cardinals,3,7,77.6,22.4,232.0,87.0,319.0,121.0,115.0,236.0,game,Total,Under,,55.5,novig,-301.0,—,—,,10.0,,hit,,,,—,,
2026-10-04T20:01:41.654341+00:00,nfl,2026,4,401872966,401872966547,1,6:36,D.Zvada kicks 64 yards from NYG 35 to ARZ 1. J.Brooks to ARZ 26 for 25 yards (Z.Barnes).,1,10,ARI 33,35,-4,New York Giants,Arizona Cardinals,3,7,77.6,22.4,232.0,87.0,319.0,121.0,115.0,236.0,game,ML,Arizona Cardinals,,,stn,300.0,—,—,,Win,,hit,,,,—,,
2026-10-04T20:01:41.654341+00:00,nfl,2026,4,401872966,401872966547,1,6:36,D.Zvada kicks 64 yards from NYG 35 to ARZ 1. J.Brooks to ARZ 26 for 25 yards (Z.Barnes).,1,10,ARI 33,35,-4,New York Giants,Arizona Cardinals,3,7,77.6,22.4,232.0,87.0,319.0,121.0,115.0,236.0,game,ML,New York Giants,,,novig,-223.0,—,—,,Loss,,miss,,,,—,,
2026-10-04T20:01:41.654341+00:00,nfl,2026,4,401872966,401872966577,1,6:29,J.Brissett pass deep left to Mi.Wilson to ARZ 46 for 20 yards (J.Holland).,1,10,ARI 26,74,-4,New York Giants,Arizona Cardinals,3,7,77.6,22.4,232.0,87.0,319.0,121.0,115.0,236.0,game,Spread,Arizona Cardinals,,1.5,novig,135.0,—,—,,-4,,hit,,,,—,,
2026-10-04T20:01:41.654341+00:00,nfl,2026,4,401872966,401872966577,1,6:29,J.Brissett pass deep left to Mi.Wilson to ARZ 46 for 20 yards (J.Holland).,1,10,ARI 26,74,-4,New York Giants,Arizona Cardinals,3,7,77.6,22.4,232.0,87.0,319.0,121.0,115.0,236.0,game,Spread,New York Giants,,-1.5,polymarket,-355.0,—,—,,-4,,miss,,,,—,,
2026-10-04T20:01:41.654341+00:00,nfl,2026,4,401872966,401872966577,1,6:29,J.Brissett pass deep left to Mi.Wilson to ARZ 46 for 20 yards (J.Holland).,1,10,ARI 26,74,-4,New York Giants,Arizona Cardinals,3,7,77.6,22.4,232.0,87.0,319.0,121.0,115.0,236.0,game,Total,Over,,55.5,kalshi,-567.0,—,—,,10.0,,miss,,,,—,,
2026-10-04T20:01:41.654341+00:00,nfl,2026,4,401872966,401872966577,1,6:29,J.Brissett pass deep left to Mi.Wilson to ARZ 46 for 20 yards (J.Holland).,1,10,ARI 26,74,-4,New York Giants,Arizona Cardinals,3,7,77.6,22.4,232.0,87.0,319.0,121.0,115.0,236.0,game,Total,Under,,55.5,novig,-301.0,—,—,,10.0,,hit,,,,—,,
2026-10-04T20:01:41.654341+00:00,nfl,2026,4,401872966,401872966577,1,6:29,J.Brissett pass deep left to Mi.Wilson to ARZ 46 for 20 yards (J.Holland).,1,10,ARI 26,74,-4,New York Giants,Arizona Cardinals,3,7,77.6,22.4,232.0,87.0,319.0,121.0,115.0,236.0,game,ML,Arizona Cardinals,,,stn,300.0,—,—,,Win,,hit,,,,—,,
2026-10-04T20:01:41.654341+00:00,nfl,2026,4,401872966,401872966577,1,6:29,J.Brissett pass deep left to Mi.Wilson to ARZ 46 for 20 yards (J.Holland).,1,10,ARI 26,74,-4,New York Giants,Arizona Cardinals,3,7,77.6,22.4,232.0,87.0,319.0,121.0,115.0,236.0,game,ML,New York Giants,,,novig,-223.0,—,—,,Loss,,miss,,,,—,,
2026-10-04T20:01:41.654341+00:00,nfl,2026,4,401872966,401872966602,1,5:48,J.Williams reported in as eligible.  J.Love left end pushed ob at NYG 46 for 8 yards (J.Holland).,1,10,ARI 46,54,-4,New York Giants,Arizona Cardinals,3,7,77.6,22.4,232.0,87.0,319.0,121.0,115.0,236.0,game,Spread,Arizona Cardinals,,1.5,novig,135.0,—,—,,-4,,hit,,,,—,,
2026-10-04T20:01:41.654341+00:00,nfl,2026,4,401872966,401872966602,1,5:48,J.Williams reported in as eligible.  J.Love left end pushed ob at NYG 46 for 8 yards (J.Holland).,1,10,ARI 46,54,-4,New York Giants,Arizona Cardinals,3,7,77.6,22.4,232.0,87.0,319.0,121.0,115.0,236.0,game,Spread,New York Giants,,-1.5,polymarket,-355.0,—,—,,-4,,miss,,,,—,,
2026-10-04T20:01:41.654341+00:00,nfl,2026,4,401872966,401872966602,1,5:48,J.Williams reported in as eligible.  J.Love left end pushed ob at NYG 46 for 8 yards (J.Holland).,1,10,ARI 46,54,-4,New York Giants,Arizona Cardinals,3,7,77.6,22.4,232.0,87.0,319.0,121.0,115.0,236.0,game,Total,Over,,55.5,kalshi,-567.0,—,—,,10.0,,miss,,,,—,,
2026-10-04T20:01:41.654341+00:00,nfl,2026,4,401872966,401872966602,1,5:48,J.Williams reported in as eligible.  J.Love left end pushed ob at NYG 46 for 8 yards (J.Holland).,1,10,ARI 46,54,-4,New York Giants,Arizona Cardinals,3,7,77.6,22.4,232.0,87.0,319.0,121.0,115.0,236.0,game,Total,Under,,55.5,novig,-301.0,—,—,,10.0,,hit,,,,—,,
2026-10-04T20:01:41.654341+00:00,nfl,2026,4,401872966,401872966602,1,5:48,J.Williams reported in as eligible.  J.Love left end pushed ob at NYG 46 for 8 yards (J.Holland).,1,10,ARI 46,54,-4,New York Giants,Arizona Cardinals,3,7,77.6,22.4,232.0,87.0,319.0,121.0,115.0,236.0,game,ML,Arizona Cardinals,,,stn,300.0,—,—,,Win,,hit,,,,—,,
2026-10-04T20:01:41.654341+00:00,nfl,2026,4,401872966,401872966602,1,5:48,J.Williams reported in as eligible.  J.Love left end pushed ob at NYG 46 for 8 yards (J.Holland).,1,10,ARI 46,54,-4,New York Giants,Arizona Cardinals,3,7,77.6,22.4,232.0,87.0,319.0,121.0,115.0,236.0,game,ML,New York Giants,,,novig,-223.0,—,—,,Loss,,miss,,,,—,,
2026-10-04T20:01:41.654341+00:00,nfl,2026,4,401872966,401872966631,1,5:13,J.Love right end to NYG 38 for 8 yards (T.Edmunds).,2,2,NYG 46,46,-4,New York Giants,Arizona Cardinals,3,7,77.6,22.4,232.0,87.0,319.0,121.0,115.0,236.0,game,Spread,Arizona Cardinals,,1.5,novig,135.0,—,—,,-4,,hit,,,,—,,
2026-10-04T20:01:41.654341+00:00,nfl,2026,4,401872966,401872966631,1,5:13,J.Love right end to NYG 38 for 8 yards (T.Edmunds).,2,2,NYG 46,46,-4,New York Giants,Arizona Cardinals,3,7,77.6,22.4,232.0,87.0,319.0,121.0,115.0,236.0,game,Spread,New York Giants,,-1.5,polymarket,-355.0,—,—,,-4,,miss,,,,—,,
2026-10-04T20:01:41.654341+00:00,nfl,2026,4,401872966,401872966631,1,5:13,J.Love right end to NYG 38 for 8 yards (T.Edmunds).,2,2,NYG 46,46,-4,New York Giants,Arizona Cardinals,3,7,77.6,22.4,232.0,87.0,319.0,121.0,115.0,236.0,game,Total,Over,,55.5,kalshi,-567.0,—,—,,10.0,,miss,,,,—,,
2026-10-04T20:01:41.654341+00:00,nfl,2026,4,401872966,401872966631,1,5:13,J.Love right end to NYG 38 for 8 yards (T.Edmunds).,2,2,NYG 46,46,-4,New York Giants,Arizona Cardinals,3,7,77.6,22.4,232.0,87.0,319.0,121.0,115.0,236.0,game,Total,Under,,55.5,novig,-301.0,—,—,,10.0,,hit,,,,—,,
2026-10-04T20:01:41.654341+00:00,nfl,2026,4,401872966,401872966631,1,5:13,J.Love right end to NYG 38 for 8 yards (T.Edmunds).,2,2,NYG 46,46,-4,New York Giants,Arizona Cardinals,3,7,77.6,22.4,232.0,87.0,319.0,121.0,115.0,236.0,game,ML,Arizona Cardinals,,,stn,300.0,—,—,,Win,,hit,,,,—,,
2026-10-04T20:01:41.654341+00:00,nfl,2026,4,401872966,401872966631,1,5:13,J.Love right end to NYG 38 for 8 yards (T.Edmunds).,2,2,NYG 46,46,-4,New York Giants,Arizona Cardinals,3,7,77.6,22.4,232.0,87.0,319.0,121.0,115.0,236.0,game,ML,New York Giants,,,novig,-223.0,—,—,,Loss,,miss,,,,—,,
2026-10-04T20:01:41.654341+00:00,nfl,2026,4,401872966,401872966658,1,4:32,T.Allgeier right guard to NYG 31 for 7 yards (C.Golston; J.Holland).,1,10,NYG 38,38,-4,New York Giants,Arizona Cardinals,3,7,77.6,22.4,232.0,87.0,319.0,121.0,115.0,236.0,game,Spread,Arizona Cardinals,,1.5,novig,135.0,—,—,,-4,,hit,,,,—,,
2026-10-04T20:01:41.654341+00:00,nfl,2026,4,401872966,401872966658,1,4:32,T.Allgeier right guard to NYG 31 for 7 yards (C.Golston; J.Holland).,1,10,NYG 38,38,-4,New York Giants,Arizona Cardinals,3,7,77.6,22.4,232.0,87.0,319.0,121.0,115.0,236.0,game,Spread,New York Giants,,-1.5,polymarket,-355.0,—,—,,-4,,miss,,,,—,,
2026-10-04T20:01:41.654341+00:00,nfl,2026,4,401872966,401872966658,1,4:32,T.Allgeier right guard to NYG 31 for 7 yards (C.Golston; J.Holland).,1,10,NYG 38,38,-4,New York Giants,Arizona Cardinals,3,7,77.6,22.4,232.0,87.0,319.0,121.0,115.0,236.0,game,Total,Over,,55.5,kalshi,-567.0,—,—,,10.0,,miss,,,,—,,
2026-10-04T20:01:41.654341+00:00,nfl,2026,4,401872966,401872966658,1,4:32,T.Allgeier right guard to NYG 31 for 7 yards (C.Golston; J.Holland).,1,10,NYG 38,38,-4,New York Giants,Arizona Cardinals,3,7,77.6,22.4,232.0,87.0,319.0,121.0,115.0,236.0,game,Total,Under,,55.5,novig,-301.0,—,—,,10.0,,hit,,,,—,,
2026-10-04T20:01:41.654341+00:00,nfl,2026,4,401872966,401872966658,1,4:32,T.Allgeier right guard to NYG 31 for 7 yards (C.Golston; J.Holland).,1,10,NYG 38,38,-4,New York Giants,Arizona Cardinals,3,7,77.6,22.4,232.0,87.0,319.0,121.0,115.0,236.0,game,ML,Arizona Cardinals,,,stn,300.0,—,—,,Win,,hit,,,,—,,
2026-10-04T20:01:41.654341+00:00,nfl,2026,4,401872966,401872966658,1,4:32,T.Allgeier right guard to NYG 31 for 7 yards (C.Golston; J.Holland).,1,10,NYG 38,38,-4,New York Giants,Arizona Cardinals,3,7,77.6,22.4,232.0,87.0,319.0,121.0,115.0,236.0,game,ML,New York Giants,,,novig,-223.0,—,—,,Loss,,miss,,,,—,,
2026-10-04T20:01:41.654341+00:00,nfl,2026,4,401872966,401872966680,1,3:54,(Shotgun) T.Allgeier right end to NYG 22 for 9 yards (T.Edmunds).,2,3,NYG 31,31,-4,New York Giants,Arizona Cardinals,3,7,77.6,22.4,232.0,87.0,319.0,121.0,115.0,236.0,game,Spread,Arizona Cardinals,,1.5,novig,135.0,—,—,,-4,,hit,,,,—,,
2026-10-04T20:01:41.654341+00:00,nfl,2026,4,401872966,401872966680,1,3:54,(Shotgun) T.Allgeier right end to NYG 22 for 9 yards (T.Edmunds).,2,3,NYG 31,31,-4,New York Giants,Arizona Cardinals,3,7,77.6,22.4,232.0,87.0,319.0,121.0,115.0,236.0,game,Spread,New York Giants,,-1.5,polymarket,-355.0,—,—,,-4,,miss,,,,—,,
2026-10-04T20:01:41.654341+00:00,nfl,2026,4,401872966,401872966680,1,3:54,(Shotgun) T.Allgeier right end to NYG 22 for 9 yards (T.Edmunds).,2,3,NYG 31,31,-4,New York Giants,Arizona Cardinals,3,7,77.6,22.4,232.0,87.0,319.0,121.0,115.0,236.0,game,Total,Over,,55.5,kalshi,-567.0,—,—,,10.0,,miss,,,,—,,
2026-10-04T20:01:41.654341+00:00,nfl,2026,4,401872966,401872966680,1,3:54,(Shotgun) T.Allgeier right end to NYG 22 for 9 yards (T.Edmunds).,2,3,NYG 31,31,-4,New York Giants,Arizona Cardinals,3,7,77.6,22.4,232.0,87.0,319.0,121.0,115.0,236.0,game,Total,Under,,55.5,novig,-301.0,—,—,,10.0,,hit,,,,—,,
2026-10-04T20:01:41.654341+00:00,nfl,2026,4,401872966,401872966680,1,3:54,(Shotgun) T.Allgeier right end to NYG 22 for 9 yards (T.Edmunds).,2,3,NYG 31,31,-4,New York Giants,Arizona Cardinals,3,7,77.6,22.4,232.0,87.0,319.0,121.0,115.0,236.0,game,ML,Arizona Cardinals,,,stn,300.0,—,—,,Win,,hit,,,,—,,
2026-10-04T20:01:41.654341+00:00,nfl,2026,4,401872966,401872966680,1,3:54,(Shotgun) T.Allgeier right end to NYG 22 for 9 yards (T.Edmunds).,2,3,NYG 31,31,-4,New York Giants,Arizona Cardinals,3,7,77.6,22.4,232.0,87.0,319.0,121.0,115.0,236.0,game,ML,New York Giants,,,novig,-223.0,—,—,,Loss,,miss,,,,—,,
2026-10-04T20:01:41.654341+00:00,nfl,2026,4,401872966,401872966733,1,3:05,Official Timeout at 03:05.,-1,10,NYG 15,15,-11,New York Giants,Arizona Cardinals,3,14,77.6,22.4,232.0,87.0,319.0,121.0,115.0,236.0,game,Spread,Arizona Cardinals,,1.5,novig,135.0,—,—,,-11,,hit,,,,—,,
2026-10-04T20:01:41.654341+00:00,nfl,2026,4,401872966,401872966733,1,3:05,Official Timeout at 03:05.,-1,10,NYG 15,15,-11,New York Giants,Arizona Cardinals,3,14,77.6,22.4,232.0,87.0,319.0,121.0,115.0,236.0,game,Spread,New York Giants,,-1.5,polymarket,-355.0,—,—,,-11,,miss,,,,—,,
2026-10-04T20:01:41.654341+00:00,nfl,2026,4,401872966,401872966733,1,3:05,Official Timeout at 03:05.,-1,10,NYG 15,15,-11,New York Giants,Arizona Cardinals,3,14,77.6,22.4,232.0,87.0,319.0,121.0,115.0,236.0,game,Total,Over,,55.5,kalshi,-567.0,—,—,,17.0,,miss,,,,—,,
2026-10-04T20:01:41.654341+00:00,nfl,2026,4,401872966,401872966733,1,3:05,Official Timeout at 03:05.,-1,10,NYG 15,15,-11,New York Giants,Arizona Cardinals,3,14,77.6,22.4,232.0,87.0,319.0,121.0,115.0,236.0,game,Total,Under,,55.5,novig,-301.0,—,—,,17.0,,hit,,,,—,,
2026-10-04T20:01:41.654341+00:00,nfl,2026,4,401872966,401872966733,1,3:05,Official Timeout at 03:05.,-1,10,NYG 15,15,-11,New York Giants,Arizona Cardinals,3,14,77.6,22.4,232.0,87.0,319.0,121.0,115.0,236.0,game,ML,Arizona Cardinals,,,stn,300.0,—,—,,Win,,hit,,,,—,,
2026-10-04T20:01:41.654341+00:00,nfl,2026,4,401872966,401872966733,1,3:05,Official Timeout at 03:05.,-1,10,NYG 15,15,-11,New York Giants,Arizona Cardinals,3,14,77.6,22.4,232.0,87.0,319.0,121.0,115.0,236.0,game,ML,New York Giants,,,novig,-223.0,—,—,,Loss,,miss,,,,—,,
2026-10-04T20:01:41.654341+00:00,nfl,2026,4,401872966,401872966702,1,3:05,"T.Allgeier left tackle for 22 yards, TOUCHDOWN. C.Ryland extra point is GOOD, Center-C.Kreiter, Holder-B.Gillikin.",1,10,NYG 22,22,-11,New York Giants,Arizona Cardinals,3,14,77.6,22.4,232.0,87.0,319.0,121.0,115.0,236.0,game,Spread,Arizona Cardinals,,1.5,novig,135.0,—,—,,-11,,hit,,,,—,,
2026-10-04T20:01:41.654341+00:00,nfl,2026,4,401872966,401872966702,1,3:05,"T.Allgeier left tackle for 22 yards, TOUCHDOWN. C.Ryland extra point is GOOD, Center-C.Kreiter, Holder-B.Gillikin.",1,10,NYG 22,22,-11,New York Giants,Arizona Cardinals,3,14,77.6,22.4,232.0,87.0,319.0,121.0,115.0,236.0,game,Spread,New York Giants,,-1.5,polymarket,-355.0,—,—,,-11,,miss,,,,—,,
2026-10-04T20:01:41.654341+00:00,nfl,2026,4,401872966,401872966702,1,3:05,"T.Allgeier left tackle for 22 yards, TOUCHDOWN. C.Ryland extra point is GOOD, Center-C.Kreiter, Holder-B.Gillikin.",1,10,NYG 22,22,-11,New York Giants,Arizona Cardinals,3,14,77.6,22.4,232.0,87.0,319.0,121.0,115.0,236.0,game,Total,Over,,55.5,kalshi,-567.0,—,—,,17.0,,miss,,,,—,,
2026-10-04T20:01:41.654341+00:00,nfl,2026,4,401872966,401872966702,1,3:05,"T.Allgeier left tackle for 22 yards, TOUCHDOWN. C.Ryland extra point is GOOD, Center-C.Kreiter, Holder-B.Gillikin.",1,10,NYG 22,22,-11,New York Giants,Arizona Cardinals,3,14,77.6,22.4,232.0,87.0,319.0,121.0,115.0,236.0,game,Total,Under,,55.5,novig,-301.0,—,—,,17.0,,hit,,,,—,,
2026-10-04T20:01:41.654341+00:00,nfl,2026,4,401872966,401872966702,1,3:05,"T.Allgeier left tackle for 22 yards, TOUCHDOWN. C.Ryland extra point is GOOD, Center-C.Kreiter, Holder-B.Gillikin.",1,10,NYG 22,22,-11,New York Giants,Arizona Cardinals,3,14,77.6,22.4,232.0,87.0,319.0,121.0,115.0,236.0,game,ML,Arizona Cardinals,,,stn,300.0,—,—,,Win,,hit,,,,—,,
2026-10-04T20:01:41.654341+00:00,nfl,2026,4,401872966,401872966702,1,3:05,"T.Allgeier left tackle for 22 yards, TOUCHDOWN. C.Ryland extra point is GOOD, Center-C.Kreiter, Holder-B.Gillikin.",1,10,NYG 22,22,-11,New York Giants,Arizona Cardinals,3,14,77.6,22.4,232.0,87.0,319.0,121.0,115.0,236.0,game,ML,New York Giants,,,novig,-223.0,—,—,,Loss,,miss,,,,—,,
2026-10-04T20:01:41.654341+00:00,nfl,2026,4,401872966,401872966740,1,3:05,C.Ryland kicks 65 yards from ARZ 35 to NYG 0. T.Tracy pushed ob at ARZ 45 for 55 yards (K.Clark).,1,10,ARI 33,65,-11,New York Giants,Arizona Cardinals,3,14,77.6,22.4,232.0,87.0,319.0,121.0,115.0,236.0,game,Spread,Arizona Cardinals,,1.5,novig,135.0,—,—,,-11,,hit,,,,—,,
2026-10-04T20:01:41.654341+00:00,nfl,2026,4,401872966,401872966740,1,3:05,C.Ryland kicks 65 yards from ARZ 35 to NYG 0. T.Tracy pushed ob at ARZ 45 for 55 yards (K.Clark).,1,10,ARI 33,65,-11,New York Giants,Arizona Cardinals,3,14,77.6,22.4,232.0,87.0,319.0,121.0,115.0,236.0,game,Spread,New York Giants,,-1.5,polymarket,-355.0,—,—,,-11,,miss,,,,—,,
2026-10-04T20:01:41.654341+00:00,nfl,2026,4,401872966,401872966740,1,3:05,C.Ryland kicks 65 yards from ARZ 35 to NYG 0. T.Tracy pushed ob at ARZ 45 for 55 yards (K.Clark).,1,10,ARI 33,65,-11,New York Giants,Arizona Cardinals,3,14,77.6,22.4,232.0,87.0,319.0,121.0,115.0,236.0,game,Total,Over,,55.5,kalshi,-567.0,—,—,,17.0,,miss,,,,—,,
2026-10-04T20:01:41.654341+00:00,nfl,2026,4,401872966,401872966740,1,3:05,C.Ryland kicks 65 yards from ARZ 35 to NYG 0. T.Tracy pushed ob at ARZ 45 for 55 yards (K.Clark).,1,10,ARI 33,65,-11,New York Giants,Arizona Cardinals,3,14,77.6,22.4,232.0,87.0,319.0,121.0,115.0,236.0,game,Total,Under,,55.5,novig,-301.0,—,—,,17.0,,hit,,,,—,,
2026-10-04T20:01:41.654341+00:00,nfl,2026,4,401872966,401872966740,1,3:05,C.Ryland kicks 65 yards from ARZ 35 to NYG 0. T.Tracy pushed ob at ARZ 45 for 55 yards (K.Clark).,1,10,ARI 33,65,-11,New York Giants,Arizona Cardinals,3,14,77.6,22.4,232.0,87.0,319.0,121.0,115.0,236.0,game,ML,Arizona Cardinals,,,stn,300.0,—,—,,Win,,hit,,,,—,,
2026-10-04T20:01:41.654341+00:00,nfl,2026,4,401872966,401872966740,1,3:05,C.Ryland kicks 65 yards from ARZ 35 to NYG 0. T.Tracy pushed ob at ARZ 45 for 55 yards (K.Clark).,1,10,ARI 33,65,-11,New York Giants,Arizona Cardinals,3,14,77.6,22.4,232.0,87.0,319.0,121.0,115.0,236.0,game,ML,New York Giants,,,novig,-223.0,—,—,,Loss,,miss,,,,—,,
2026-10-04T20:01:41.654341+00:00,nfl,2026,4,401872966,401872966775,1,2:57,N.Harris left tackle to ARZ 36 for 9 yards (W.Nolen).,1,10,ARI 45,55,-11,New York Giants,Arizona Cardinals,3,14,77.6,22.4,232.0,87.0,319.0,121.0,115.0,236.0,game,Spread,Arizona Cardinals,,1.5,novig,135.0,—,—,,-11,,hit,,,,—,,
2026-10-04T20:01:41.654341+00:00,nfl,2026,4,401872966,401872966775,1,2:57,N.Harris left tackle to ARZ 36 for 9 yards (W.Nolen).,1,10,ARI 45,55,-11,New York Giants,Arizona Cardinals,3,14,77.6,22.4,232.0,87.0,319.0,121.0,115.0,236.0,game,Spread,New York Giants,,-1.5,polymarket,-355.0,—,—,,-11,,miss,,,,—,,
2026-10-04T20:01:41.654341+00:00,nfl,2026,4,401872966,401872966775,1,2:57,N.Harris left tackle to ARZ 36 for 9 yards (W.Nolen).,1,10,ARI 45,55,-11,New York Giants,Arizona Cardinals,3,14,77.6,22.4,232.0,87.0,319.0,121.0,115.0,236.0,game,Total,Over,,55.5,kalshi,-567.0,—,—,,17.0,,miss,,,,—,,
2026-10-04T20:01:41.654341+00:00,nfl,2026,4,401872966,401872966775,1,2:57,N.Harris left tackle to ARZ 36 for 9 yards (W.Nolen).,1,10,ARI 45,55,-11,New York Giants,Arizona Cardinals,3,14,77.6,22.4,232.0,87.0,319.0,121.0,115.0,236.0,game,Total,Under,,55.5,novig,-301.0,—,—,,17.0,,hit,,,,—,,
2026-10-04T20:01:41.654341+00:00,nfl,2026,4,401872966,401872966775,1,2:57,N.Harris left tackle to ARZ 36 for 9 yards (W.Nolen).,1,10,ARI 45,55,-11,New York Giants,Arizona Cardinals,3,14,77.6,22.4,232.0,87.0,319.0,121.0,115.0,236.0,game,ML,Arizona Cardinals,,,stn,300.0,—,—,,Win,,hit,,,,—,,
2026-10-04T20:01:41.654341+00:00,nfl,2026,4,401872966,401872966775,1,2:57,N.Harris left tackle to ARZ 36 for 9 yards (W.Nolen).,1,10,ARI 45,55,-11,New York Giants,Arizona Cardinals,3,14,77.6,22.4,232.0,87.0,319.0,121.0,115.0,236.0,game,ML,New York Giants,,,novig,-223.0,—,—,,Loss,,miss,,,,—,,
2026-10-04T20:01:41.654341+00:00,nfl,2026,4,401872966,401872966797,1,2:20,C.Skattebo right guard to ARZ 32 for 4 yards (Ma.Wilson).,2,1,ARI 36,64,-11,New York Giants,Arizona Cardinals,3,14,77.6,22.4,232.0,87.0,319.0,121.0,115.0,236.0,game,Spread,Arizona Cardinals,,1.5,novig,135.0,—,—,,-11,,hit,,,,—,,
2026-10-04T20:01:41.654341+00:00,nfl,2026,4,401872966,401872966797,1,2:20,C.Skattebo right guard to ARZ 32 for 4 yards (Ma.Wilson).,2,1,ARI 36,64,-11,New York Giants,Arizona Cardinals,3,14,77.6,22.4,232.0,87.0,319.0,121.0,115.0,236.0,game,Spread,New York Giants,,-1.5,polymarket,-355.0,—,—,,-11,,miss,,,,—,,
2026-10-04T20:01:41.654341+00:00,nfl,2026,4,401872966,401872966797,1,2:20,C.Skattebo right guard to ARZ 32 for 4 yards (Ma.Wilson).,2,1,ARI 36,64,-11,New York Giants,Arizona Cardinals,3,14,77.6,22.4,232.0,87.0,319.0,121.0,115.0,236.0,game,Total,Over,,55.5,kalshi,-567.0,—,—,,17.0,,miss,,,,—,,
2026-10-04T20:01:41.654341+00:00,nfl,2026,4,401872966,401872966797,1,2:20,C.Skattebo right guard to ARZ 32 for 4 yards (Ma.Wilson).,2,1,ARI 36,64,-11,New York Giants,Arizona Cardinals,3,14,77.6,22.4,232.0,87.0,319.0,121.0,115.0,236.0,game,Total,Under,,55.5,novig,-301.0,—,—,,17.0,,hit,,,,—,,
2026-10-04T20:01:41.654341+00:00,nfl,2026,4,401872966,401872966797,1,2:20,C.Skattebo right guard to ARZ 32 for 4 yards (Ma.Wilson).,2,1,ARI 36,64,-11,New York Giants,Arizona Cardinals,3,14,77.6,22.4,232.0,87.0,319.0,121.0,115.0,236.0,game,ML,Arizona Cardinals,,,stn,300.0,—,—,,Win,,hit,,,,—,,
2026-10-04T20:01:41.654341+00:00,nfl,2026,4,401872966,401872966797,1,2:20,C.Skattebo right guard to ARZ 32 for 4 yards (Ma.Wilson).,2,1,ARI 36,64,-11,New York Giants,Arizona Cardinals,3,14,77.6,22.4,232.0,87.0,319.0,121.0,115.0,236.0,game,ML,New York Giants,,,novig,-223.0,—,—,,Loss,,miss,,,,—,,
2026-10-04T20:01:41.654341+00:00,nfl,2026,4,401872966,401872966819,1,1:47,(Shotgun) J.Winston sacked at ARZ 35 for -3 yards (W.Nolen).,1,10,ARI 32,68,-11,New York Giants,Arizona Cardinals,3,14,77.6,22.4,232.0,87.0,319.0,121.0,115.0,236.0,game,Spread,Arizona Cardinals,,1.5,novig,135.0,—,—,,-11,,hit,,,,—,,
2026-10-04T20:01:41.654341+00:00,nfl,2026,4,401872966,401872966819,1,1:47,(Shotgun) J.Winston sacked at ARZ 35 for -3 yards (W.Nolen).,1,10,ARI 32,68,-11,New York Giants,Arizona Cardinals,3,14,77.6,22.4,232.0,87.0,319.0,121.0,115.0,236.0,game,Spread,New York Giants,,-1.5,polymarket,-355.0,—,—,,-11,,miss,,,,—,,
2026-10-04T20:01:41.654341+00:00,nfl,2026,4,401872966,401872966819,1,1:47,(Shotgun) J.Winston sacked at ARZ 35 for -3 yards (W.Nolen).,1,10,ARI 32,68,-11,New York Giants,Arizona Cardinals,3,14,77.6,22.4,232.0,87.0,319.0,121.0,115.0,236.0,game,Total,Over,,55.5,kalshi,-567.0,—,—,,17.0,,miss,,,,—,,
2026-10-04T20:01:41.654341+00:00,nfl,2026,4,401872966,401872966819,1,1:47,(Shotgun) J.Winston sacked at ARZ 35 for -3 yards (W.Nolen).,1,10,ARI 32,68,-11,New York Giants,Arizona Cardinals,3,14,77.6,22.4,232.0,87.0,319.0,121.0,115.0,236.0,game,Total,Under,,55.5,novig,-301.0,—,—,,17.0,,hit,,,,—,,
2026-10-04T20:01:41.654341+00:00,nfl,2026,4,401872966,401872966819,1,1:47,(Shotgun) J.Winston sacked at ARZ 35 for -3 yards (W.Nolen).,1,10,ARI 32,68,-11,New York Giants,Arizona Cardinals,3,14,77.6,22.4,232.0,87.0,319.0,121.0,115.0,236.0,game,ML,Arizona Cardinals,,,stn,300.0,—,—,,Win,,hit,,,,—,,
2026-10-04T20:01:41.654341+00:00,nfl,2026,4,401872966,401872966819,1,1:47,(Shotgun) J.Winston sacked at ARZ 35 for -3 yards (W.Nolen).,1,10,ARI 32,68,-11,New York Giants,Arizona Cardinals,3,14,77.6,22.4,232.0,87.0,319.0,121.0,115.0,236.0,game,ML,New York Giants,,,novig,-223.0,—,—,,Loss,,miss,,,,—,,
2026-10-04T20:01:41.654341+00:00,nfl,2026,4,401872966,401872966839,1,1:08,(Shotgun) J.Winston pass short right to I.Likely to ARZ 33 for 2 yards (G.Williams).,2,13,ARI 35,65,-11,New York Giants,Arizona Cardinals,3,14,77.6,22.4,232.0,87.0,319.0,121.0,115.0,236.0,game,Spread,Arizona Cardinals,,1.5,novig,135.0,—,—,,-11,,hit,,,,—,,
2026-10-04T20:01:41.654341+00:00,nfl,2026,4,401872966,401872966839,1,1:08,(Shotgun) J.Winston pass short right to I.Likely to ARZ 33 for 2 yards (G.Williams).,2,13,ARI 35,65,-11,New York Giants,Arizona Cardinals,3,14,77.6,22.4,232.0,87.0,319.0,121.0,115.0,236.0,game,Spread,New York Giants,,-1.5,polymarket,-355.0,—,—,,-11,,miss,,,,—,,
2026-10-04T20:01:41.654341+00:00,nfl,2026,4,401872966,401872966839,1,1:08,(Shotgun) J.Winston pass short right to I.Likely to ARZ 33 for 2 yards (G.Williams).,2,13,ARI 35,65,-11,New York Giants,Arizona Cardinals,3,14,77.6,22.4,232.0,87.0,319.0,121.0,115.0,236.0,game,Total,Over,,55.5,kalshi,-567.0,—,—,,17.0,,miss,,,,—,,
2026-10-04T20:01:41.654341+00:00,nfl,2026,4,401872966,401872966839,1,1:08,(Shotgun) J.Winston pass short right to I.Likely to ARZ 33 for 2 yards (G.Williams).,2,13,ARI 35,65,-11,New York Giants,Arizona Cardinals,3,14,77.6,22.4,232.0,87.0,319.0,121.0,115.0,236.0,game,Total,Under,,55.5,novig,-301.0,—,—,,17.0,,hit,,,,—,,
2026-10-04T20:01:41.654341+00:00,nfl,2026,4,401872966,401872966839,1,1:08,(Shotgun) J.Winston pass short right to I.Likely to ARZ 33 for 2 yards (G.Williams).,2,13,ARI 35,65,-11,New York Giants,Arizona Cardinals,3,14,77.6,22.4,232.0,87.0,319.0,121.0,115.0,236.0,game,ML,Arizona Cardinals,,,stn,300.0,—,—,,Win,,hit,,,,—,,
2026-10-04T20:01:41.654341+00:00,nfl,2026,4,401872966,401872966839,1,1:08,(Shotgun) J.Winston pass short right to I.Likely to ARZ 33 for 2 yards (G.Williams).,2,13,ARI 35,65,-11,New York Giants,Arizona Cardinals,3,14,77.6,22.4,232.0,87.0,319.0,121.0,115.0,236.0,game,ML,New York Giants,,,novig,-223.0,—,—,,Loss,,miss,,,,—,,
2026-10-04T20:01:41.654341+00:00,nfl,2026,4,401872966,401872966864,1,0:28,(Shotgun) J.Winston pass short left to I.Likely to ARZ 32 for 1 yard (G.Williams).,3,11,ARI 33,67,-11,New York Giants,Arizona Cardinals,3,14,77.6,22.4,232.0,87.0,319.0,121.0,115.0,236.0,game,Spread,Arizona Cardinals,,1.5,novig,135.0,—,—,,-11,,hit,,,,—,,
2026-10-04T20:01:41.654341+00:00,nfl,2026,4,401872966,401872966864,1,0:28,(Shotgun) J.Winston pass short left to I.Likely to ARZ 32 for 1 yard (G.Williams).,3,11,ARI 33,67,-11,New York Giants,Arizona Cardinals,3,14,77.6,22.4,232.0,87.0,319.0,121.0,115.0,236.0,game,Spread,New York Giants,,-1.5,polymarket,-355.0,—,—,,-11,,miss,,,,—,,
2026-10-04T20:01:41.654341+00:00,nfl,2026,4,401872966,401872966864,1,0:28,(Shotgun) J.Winston pass short left to I.Likely to ARZ 32 for 1 yard (G.Williams).,3,11,ARI 33,67,-11,New York Giants,Arizona Cardinals,3,14,77.6,22.4,232.0,87.0,319.0,121.0,115.0,236.0,game,Total,Over,,55.5,kalshi,-567.0,—,—,,17.0,,miss,,,,—,,
2026-10-04T20:01:41.654341+00:00,nfl,2026,4,401872966,401872966864,1,0:28,(Shotgun) J.Winston pass short left to I.Likely to ARZ 32 for 1 yard (G.Williams).,3,11,ARI 33,67,-11,New York Giants,Arizona Cardinals,3,14,77.6,22.4,232.0,87.0,319.0,121.0,115.0,236.0,game,Total,Under,,55.5,novig,-301.0,—,—,,17.0,,hit,,,,—,,
2026-10-04T20:01:41.654341+00:00,nfl,2026,4,401872966,401872966864,1,0:28,(Shotgun) J.Winston pass short left to I.Likely to ARZ 32 for 1 yard (G.Williams).,3,11,ARI 33,67,-11,New York Giants,Arizona Cardinals,3,14,77.6,22.4,232.0,87.0,319.0,121.0,115.0,236.0,game,ML,Arizona Cardinals,,,stn,300.0,—,—,,Win,,hit,,,,—,,
2026-10-04T20:01:41.654341+00:00,nfl,2026,4,401872966,401872966864,1,0:28,(Shotgun) J.Winston pass short left to I.Likely to ARZ 32 for 1 yard (G.Williams).,3,11,ARI 33,67,-11,New York Giants,Arizona Cardinals,3,14,77.6,22.4,232.0,87.0,319.0,121.0,115.0,236.0,game,ML,New York Giants,,,novig,-223.0,—,—,,Loss,,miss,,,,—,,
2026-10-04T20:01:41.654341+00:00,nfl,2026,4,401872966,401872966889,1,0:00,END QUARTER 1,4,11,ARI 33,68,-11,New York Giants,Arizona Cardinals,3,14,77.6,22.4,232.0,87.0,319.0,121.0,115.0,236.0,game,Spread,Arizona Cardinals,,1.5,novig,135.0,—,—,,-11,,hit,,,,—,,
2026-10-04T20:01:41.654341+00:00,nfl,2026,4,401872966,401872966889,1,0:00,END QUARTER 1,4,11,ARI 33,68,-11,New York Giants,Arizona Cardinals,3,14,77.6,22.4,232.0,87.0,319.0,121.0,115.0,236.0,game,Spread,New York Giants,,-1.5,polymarket,-355.0,—,—,,-11,,miss,,,,—,,
2026-10-04T20:01:41.654341+00:00,nfl,2026,4,401872966,401872966889,1,0:00,END QUARTER 1,4,11,ARI 33,68,-11,New York Giants,Arizona Cardinals,3,14,77.6,22.4,232.0,87.0,319.0,121.0,115.0,236.0,game,Total,Over,,55.5,kalshi,-567.0,—,—,,17.0,,miss,,,,—,,
2026-10-04T20:01:41.654341+00:00,nfl,2026,4,401872966,401872966889,1,0:00,END QUARTER 1,4,11,ARI 33,68,-11,New York Giants,Arizona Cardinals,3,14,77.6,22.4,232.0,87.0,319.0,121.0,115.0,236.0,game,Total,Under,,55.5,novig,-301.0,—,—,,17.0,,hit,,,,—,,
2026-10-04T20:01:41.654341+00:00,nfl,2026,4,401872966,401872966889,1,0:00,END QUARTER 1,4,11,ARI 33,68,-11,New York Giants,Arizona Cardinals,3,14,77.6,22.4,232.0,87.0,319.0,121.0,115.0,236.0,game,ML,Arizona Cardinals,,,stn,300.0,—,—,,Win,,hit,,,,—,,
2026-10-04T20:01:41.654341+00:00,nfl,2026,4,401872966,401872966889,1,0:00,END QUARTER 1,4,11,ARI 33,68,-11,New York Giants,Arizona Cardinals,3,14,77.6,22.4,232.0,87.0,319.0,121.0,115.0,236.0,game,ML,New York Giants,,,novig,-223.0,—,—,,Loss,,miss,,,,—,,
2026-10-04T20:01:41.654341+00:00,nfl,2026,4,401872966,401872966915,2,14:55,"D.Zvada 50 yard field goal is GOOD, Center-B.Mann, Holder-J.Stout.",4,10,ARI 32,68,-8,New York Giants,Arizona Cardinals,6,14,77.6,22.4,232.0,87.0,319.0,121.0,115.0,236.0,game,Spread,Arizona Cardinals,,1.5,novig,135.0,—,—,,-8,,hit,,,,—,,
2026-10-04T20:01:41.654341+00:00,nfl,2026,4,401872966,401872966915,2,14:55,"D.Zvada 50 yard field goal is GOOD, Center-B.Mann, Holder-J.Stout.",4,10,ARI 32,68,-8,New York Giants,Arizona Cardinals,6,14,77.6,22.4,232.0,87.0,319.0,121.0,115.0,236.0,game,Spread,New York Giants,,-1.5,polymarket,-355.0,—,—,,-8,,miss,,,,—,,
2026-10-04T20:01:41.654341+00:00,nfl,2026,4,401872966,401872966915,2,14:55,"D.Zvada 50 yard field goal is GOOD, Center-B.Mann, Holder-J.Stout.",4,10,ARI 32,68,-8,New York Giants,Arizona Cardinals,6,14,77.6,22.4,232.0,87.0,319.0,121.0,115.0,236.0,game,Total,Over,,55.5,kalshi,-567.0,—,—,,20.0,,miss,,,,—,,
2026-10-04T20:01:41.654341+00:00,nfl,2026,4,401872966,401872966915,2,14:55,"D.Zvada 50 yard field goal is GOOD, Center-B.Mann, Holder-J.Stout.",4,10,ARI 32,68,-8,New York Giants,Arizona Cardinals,6,14,77.6,22.4,232.0,87.0,319.0,121.0,115.0,236.0,game,Total,Under,,55.5,novig,-301.0,—,—,,20.0,,hit,,,,—,,
2026-10-04T20:01:41.654341+00:00,nfl,2026,4,401872966,401872966915,2,14:55,"D.Zvada 50 yard field goal is GOOD, Center-B.Mann, Holder-J.Stout.",4,10,ARI 32,68,-8,New York Giants,Arizona Cardinals,6,14,77.6,22.4,232.0,87.0,319.0,121.0,115.0,236.0,game,ML,Arizona Cardinals,,,stn,300.0,—,—,,Win,,hit,,,,—,,
2026-10-04T20:01:41.654341+00:00,nfl,2026,4,401872966,401872966915,2,14:55,"D.Zvada 50 yard field goal is GOOD, Center-B.Mann, Holder-J.Stout.",4,10,ARI 32,68,-8,New York Giants,Arizona Cardinals,6,14,77.6,22.4,232.0,87.0,319.0,121.0,115.0,236.0,game,ML,New York Giants,,,novig,-223.0,—,—,,Loss,,miss,,,,—,,
2026-10-04T20:01:41.654341+00:00,nfl,2026,4,401872966,401872966935,2,14:55,D.Zvada kicks 64 yards from NYG 35 to ARZ 1. J.Brooks to ARZ 38 for 37 yards (T.Ford).,1,10,ARI 33,35,-8,New York Giants,Arizona Cardinals,6,14,77.6,22.4,232.0,87.0,319.0,121.0,115.0,236.0,game,Spread,Arizona Cardinals,,1.5,novig,135.0,—,—,,-8,,hit,,,,—,,
2026-10-04T20:01:41.654341+00:00,nfl,2026,4,401872966,401872966935,2,14:55,D.Zvada kicks 64 yards from NYG 35 to ARZ 1. J.Brooks to ARZ 38 for 37 yards (T.Ford).,1,10,ARI 33,35,-8,New York Giants,Arizona Cardinals,6,14,77.6,22.4,232.0,87.0,319.0,121.0,115.0,236.0,game,Spread,New York Giants,,-1.5,polymarket,-355.0,—,—,,-8,,miss,,,,—,,
2026-10-04T20:01:41.654341+00:00,nfl,2026,4,401872966,401872966935,2,14:55,D.Zvada kicks 64 yards from NYG 35 to ARZ 1. J.Brooks to ARZ 38 for 37 yards (T.Ford).,1,10,ARI 33,35,-8,New York Giants,Arizona Cardinals,6,14,77.6,22.4,232.0,87.0,319.0,121.0,115.0,236.0,game,Total,Over,,55.5,kalshi,-567.0,—,—,,20.0,,miss,,,,—,,
2026-10-04T20:01:41.654341+00:00,nfl,2026,4,401872966,401872966935,2,14:55,D.Zvada kicks 64 yards from NYG 35 to ARZ 1. J.Brooks to ARZ 38 for 37 yards (T.Ford).,1,10,ARI 33,35,-8,New York Giants,Arizona Cardinals,6,14,77.6,22.4,232.0,87.0,319.0,121.0,115.0,236.0,game,Total,Under,,55.5,novig,-301.0,—,—,,20.0,,hit,,,,—,,
2026-10-04T20:01:41.654341+00:00,nfl,2026,4,401872966,401872966935,2,14:55,D.Zvada kicks 64 yards from NYG 35 to ARZ 1. J.Brooks to ARZ 38 for 37 yards (T.Ford).,1,10,ARI 33,35,-8,New York Giants,Arizona Cardinals,6,14,77.6,22.4,232.0,87.0,319.0,121.0,115.0,236.0,game,ML,Arizona Cardinals,,,stn,300.0,—,—,,Win,,hit,,,,—,,
2026-10-04T20:01:41.654341+00:00,nfl,2026,4,401872966,401872966935,2,14:55,D.Zvada kicks 64 yards from NYG 35 to ARZ 1. J.Brooks to ARZ 38 for 37 yards (T.Ford).,1,10,ARI 33,35,-8,New York Giants,Arizona Cardinals,6,14,77.6,22.4,232.0,87.0,319.0,121.0,115.0,236.0,game,ML,New York Giants,,,novig,-223.0,—,—,,Loss,,miss,,,,—,,
2026-10-04T20:01:41.654341+00:00,nfl,2026,4,401872966,401872966958,2,14:47,J.Brissett pass short right to T.McBride to ARZ 35 for -3 yards (T.Edmunds).,1,10,ARI 38,62,-8,New York Giants,Arizona Cardinals,6,14,77.6,22.4,232.0,87.0,319.0,121.0,115.0,236.0,game,Spread,Arizona Cardinals,,1.5,novig,135.0,—,—,,-8,,hit,,,,—,,
2026-10-04T20:01:41.654341+00:00,nfl,2026,4,401872966,401872966958,2,14:47,J.Brissett pass short right to T.McBride to ARZ 35 for -3 yards (T.Edmunds).,1,10,ARI 38,62,-8,New York Giants,Arizona Cardinals,6,14,77.6,22.4,232.0,87.0,319.0,121.0,115.0,236.0,game,Spread,New York Giants,,-1.5,polymarket,-355.0,—,—,,-8,,miss,,,,—,,
2026-10-04T20:01:41.654341+00:00,nfl,2026,4,401872966,401872966958,2,14:47,J.Brissett pass short right to T.McBride to ARZ 35 for -3 yards (T.Edmunds).,1,10,ARI 38,62,-8,New York Giants,Arizona Cardinals,6,14,77.6,22.4,232.0,87.0,319.0,121.0,115.0,236.0,game,Total,Over,,55.5,kalshi,-567.0,—,—,,20.0,,miss,,,,—,,
2026-10-04T20:01:41.654341+00:00,nfl,2026,4,401872966,401872966958,2,14:47,J.Brissett pass short right to T.McBride to ARZ 35 for -3 yards (T.Edmunds).,1,10,ARI 38,62,-8,New York Giants,Arizona Cardinals,6,14,77.6,22.4,232.0,87.0,319.0,121.0,115.0,236.0,game,Total,Under,,55.5,novig,-301.0,—,—,,20.0,,hit,,,,—,,
2026-10-04T20:01:41.654341+00:00,nfl,2026,4,401872966,401872966958,2,14:47,J.Brissett pass short right to T.McBride to ARZ 35 for -3 yards (T.Edmunds).,1,10,ARI 38,62,-8,New York Giants,Arizona Cardinals,6,14,77.6,22.4,232.0,87.0,319.0,121.0,115.0,236.0,game,ML,Arizona Cardinals,,,stn,300.0,—,—,,Win,,hit,,,,—,,
2026-10-04T20:01:41.654341+00:00,nfl,2026,4,401872966,401872966958,2,14:47,J.Brissett pass short right to T.McBride to ARZ 35 for -3 yards (T.Edmunds).,1,10,ARI 38,62,-8,New York Giants,Arizona Cardinals,6,14,77.6,22.4,232.0,87.0,319.0,121.0,115.0,236.0,game,ML,New York Giants,,,novig,-223.0,—,—,,Loss,,miss,,,,—,,
2026-10-04T20:01:41.654341+00:00,nfl,2026,4,401872966,401872966983,2,14:04,(Shotgun) J.Brissett pass deep right intended for M.Harrison INTERCEPTED by G.Newsome (A.Reese) at NYG 32. G.Newsome to NYG 32 for no gain (M.Harrison).,2,13,ARI 35,65,-8,New York Giants,Arizona Cardinals,6,14,77.6,22.4,232.0,87.0,319.0,121.0,115.0,236.0,game,Spread,Arizona Cardinals,,1.5,novig,135.0,—,—,,-8,,hit,,,,—,,
2026-10-04T20:01:41.654341+00:00,nfl,2026,4,401872966,401872966983,2,14:04,(Shotgun) J.Brissett pass deep right intended for M.Harrison INTERCEPTED by G.Newsome (A.Reese) at NYG 32. G.Newsome to NYG 32 for no gain (M.Harrison).,2,13,ARI 35,65,-8,New York Giants,Arizona Cardinals,6,14,77.6,22.4,232.0,87.0,319.0,121.0,115.0,236.0,game,Spread,New York Giants,,-1.5,polymarket,-355.0,—,—,,-8,,miss,,,,—,,
2026-10-04T20:01:41.654341+00:00,nfl,2026,4,401872966,401872966983,2,14:04,(Shotgun) J.Brissett pass deep right intended for M.Harrison INTERCEPTED by G.Newsome (A.Reese) at NYG 32. G.Newsome to NYG 32 for no gain (M.Harrison).,2,13,ARI 35,65,-8,New York Giants,Arizona Cardinals,6,14,77.6,22.4,232.0,87.0,319.0,121.0,115.0,236.0,game,Total,Over,,55.5,kalshi,-567.0,—,—,,20.0,,miss,,,,—,,
2026-10-04T20:01:41.654341+00:00,nfl,2026,4,401872966,401872966983,2,14:04,(Shotgun) J.Brissett pass deep right intended for M.Harrison INTERCEPTED by G.Newsome (A.Reese) at NYG 32. G.Newsome to NYG 32 for no gain (M.Harrison).,2,13,ARI 35,65,-8,New York Giants,Arizona Cardinals,6,14,77.6,22.4,232.0,87.0,319.0,121.0,115.0,236.0,game,Total,Under,,55.5,novig,-301.0,—,—,,20.0,,hit,,,,—,,
2026-10-04T20:01:41.654341+00:00,nfl,2026,4,401872966,401872966983,2,14:04,(Shotgun) J.Brissett pass deep right intended for M.Harrison INTERCEPTED by G.Newsome (A.Reese) at NYG 32. G.Newsome to NYG 32 for no gain (M.Harrison).,2,13,ARI 35,65,-8,New York Giants,Arizona Cardinals,6,14,77.6,22.4,232.0,87.0,319.0,121.0,115.0,236.0,game,ML,Arizona Cardinals,,,stn,300.0,—,—,,Win,,hit,,,,—,,
2026-10-04T20:01:41.654341+00:00,nfl,2026,4,401872966,401872966983,2,14:04,(Shotgun) J.Brissett pass deep right intended for M.Harrison INTERCEPTED by G.Newsome (A.Reese) at NYG 32. G.Newsome to NYG 32 for no gain (M.Harrison).,2,13,ARI 35,65,-8,New York Giants,Arizona Cardinals,6,14,77.6,22.4,232.0,87.0,319.0,121.0,115.0,236.0,game,ML,New York Giants,,,novig,-223.0,—,—,,Loss,,miss,,,,—,,
2026-10-04T20:01:41.654341+00:00,nfl,2026,4,401872966,401872966997,2,13:56,Official Timeout at 13:56.,1,10,NYG 32,32,-8,New York Giants,Arizona Cardinals,6,14,77.6,22.4,232.0,87.0,319.0,121.0,115.0,236.0,game,Spread,Arizona Cardinals,,1.5,novig,135.0,—,—,,-8,,hit,,,,—,,
2026-10-04T20:01:41.654341+00:00,nfl,2026,4,401872966,401872966997,2,13:56,Official Timeout at 13:56.,1,10,NYG 32,32,-8,New York Giants,Arizona Cardinals,6,14,77.6,22.4,232.0,87.0,319.0,121.0,115.0,236.0,game,Spread,New York Giants,,-1.5,polymarket,-355.0,—,—,,-8,,miss,,,,—,,
2026-10-04T20:01:41.654341+00:00,nfl,2026,4,401872966,401872966997,2,13:56,Official Timeout at 13:56.,1,10,NYG 32,32,-8,New York Giants,Arizona Cardinals,6,14,77.6,22.4,232.0,87.0,319.0,121.0,115.0,236.0,game,Total,Over,,55.5,kalshi,-567.0,—,—,,20.0,,miss,,,,—,,
2026-10-04T20:01:41.654341+00:00,nfl,2026,4,401872966,401872966997,2,13:56,Official Timeout at 13:56.,1,10,NYG 32,32,-8,New York Giants,Arizona Cardinals,6,14,77.6,22.4,232.0,87.0,319.0,121.0,115.0,236.0,game,Total,Under,,55.5,novig,-301.0,—,—,,20.0,,hit,,,,—,,
2026-10-04T20:01:41.654341+00:00,nfl,2026,4,401872966,401872966997,2,13:56,Official Timeout at 13:56.,1,10,NYG 32,32,-8,New York Giants,Arizona Cardinals,6,14,77.6,22.4,232.0,87.0,319.0,121.0,115.0,236.0,game,ML,Arizona Cardinals,,,stn,300.0,—,—,,Win,,hit,,,,—,,
2026-10-04T20:01:41.654341+00:00,nfl,2026,4,401872966,401872966997,2,13:56,Official Timeout at 13:56.,1,10,NYG 32,32,-8,New York Giants,Arizona Cardinals,6,14,77.6,22.4,232.0,87.0,319.0,121.0,115.0,236.0,game,ML,New York Giants,,,novig,-223.0,—,—,,Loss,,miss,,,,—,,
2026-10-04T20:01:41.654341+00:00,nfl,2026,4,401872966,4018729661010,2,13:56,C.Skattebo left tackle to NYG 37 for 5 yards (J.Sweat).,1,10,NYG 32,32,-8,New York Giants,Arizona Cardinals,6,14,77.6,22.4,232.0,87.0,319.0,121.0,115.0,236.0,game,Spread,Arizona Cardinals,,1.5,novig,135.0,—,—,,-8,,hit,,,,—,,
2026-10-04T20:01:41.654341+00:00,nfl,2026,4,401872966,4018729661010,2,13:56,C.Skattebo left tackle to NYG 37 for 5 yards (J.Sweat).,1,10,NYG 32,32,-8,New York Giants,Arizona Cardinals,6,14,77.6,22.4,232.0,87.0,319.0,121.0,115.0,236.0,game,Spread,New York Giants,,-1.5,polymarket,-355.0,—,—,,-8,,miss,,,,—,,
2026-10-04T20:01:41.654341+00:00,nfl,2026,4,401872966,4018729661010,2,13:56,C.Skattebo left tackle to NYG 37 for 5 yards (J.Sweat).,1,10,NYG 32,32,-8,New York Giants,Arizona Cardinals,6,14,77.6,22.4,232.0,87.0,319.0,121.0,115.0,236.0,game,Total,Over,,55.5,kalshi,-567.0,—,—,,20.0,,miss,,,,—,,
2026-10-04T20:01:41.654341+00:00,nfl,2026,4,401872966,4018729661010,2,13:56,C.Skattebo left tackle to NYG 37 for 5 yards (J.Sweat).,1,10,NYG 32,32,-8,New York Giants,Arizona Cardinals,6,14,77.6,22.4,232.0,87.0,319.0,121.0,115.0,236.0,game,Total,Under,,55.5,novig,-301.0,—,—,,20.0,,hit,,,,—,,
2026-10-04T20:01:41.654341+00:00,nfl,2026,4,401872966,4018729661010,2,13:56,C.Skattebo left tackle to NYG 37 for 5 yards (J.Sweat).,1,10,NYG 32,32,-8,New York Giants,Arizona Cardinals,6,14,77.6,22.4,232.0,87.0,319.0,121.0,115.0,236.0,game,ML,Arizona Cardinals,,,stn,300.0,—,—,,Win,,hit,,,,—,,
2026-10-04T20:01:41.654341+00:00,nfl,2026,4,401872966,4018729661010,2,13:56,C.Skattebo left tackle to NYG 37 for 5 yards (J.Sweat).,1,10,NYG 32,32,-8,New York Giants,Arizona Cardinals,6,14,77.6,22.4,232.0,87.0,319.0,121.0,115.0,236.0,game,ML,New York Giants,,,novig,-223.0,—,—,,Loss,,miss,,,,—,,
2026-10-04T20:01:41.654341+00:00,nfl,2026,4,401872966,4018729661039,2,13:18,J.Winston pass incomplete deep left to D.Mooney.,2,5,NYG 37,37,-8,New York Giants,Arizona Cardinals,6,14,77.6,22.4,232.0,87.0,319.0,121.0,115.0,236.0,game,Spread,Arizona Cardinals,,1.5,novig,135.0,—,—,,-8,,hit,,,,—,,
2026-10-04T20:01:41.654341+00:00,nfl,2026,4,401872966,4018729661039,2,13:18,J.Winston pass incomplete deep left to D.Mooney.,2,5,NYG 37,37,-8,New York Giants,Arizona Cardinals,6,14,77.6,22.4,232.0,87.0,319.0,121.0,115.0,236.0,game,Spread,New York Giants,,-1.5,polymarket,-355.0,—,—,,-8,,miss,,,,—,,
2026-10-04T20:01:41.654341+00:00,nfl,2026,4,401872966,4018729661039,2,13:18,J.Winston pass incomplete deep left to D.Mooney.,2,5,NYG 37,37,-8,New York Giants,Arizona Cardinals,6,14,77.6,22.4,232.0,87.0,319.0,121.0,115.0,236.0,game,Total,Over,,55.5,kalshi,-567.0,—,—,,20.0,,miss,,,,—,,
2026-10-04T20:01:41.654341+00:00,nfl,2026,4,401872966,4018729661039,2,13:18,J.Winston pass incomplete deep left to D.Mooney.,2,5,NYG 37,37,-8,New York Giants,Arizona Cardinals,6,14,77.6,22.4,232.0,87.0,319.0,121.0,115.0,236.0,game,Total,Under,,55.5,novig,-301.0,—,—,,20.0,,hit,,,,—,,
2026-10-04T20:01:41.654341+00:00,nfl,2026,4,401872966,4018729661039,2,13:18,J.Winston pass incomplete deep left to D.Mooney.,2,5,NYG 37,37,-8,New York Giants,Arizona Cardinals,6,14,77.6,22.4,232.0,87.0,319.0,121.0,115.0,236.0,game,ML,Arizona Cardinals,,,stn,300.0,—,—,,Win,,hit,,,,—,,
2026-10-04T20:01:41.654341+00:00,nfl,2026,4,401872966,4018729661039,2,13:18,J.Winston pass incomplete deep left to D.Mooney.,2,5,NYG 37,37,-8,New York Giants,Arizona Cardinals,6,14,77.6,22.4,232.0,87.0,319.0,121.0,115.0,236.0,game,ML,New York Giants,,,novig,-223.0,—,—,,Loss,,miss,,,,—,,
2026-10-04T20:01:41.654341+00:00,nfl,2026,4,401872966,4018729661062,2,13:13,(Shotgun) J.Winston pass incomplete short middle to D.Mooney (B.Baker).,3,5,NYG 37,37,-8,New York Giants,Arizona Cardinals,6,14,77.6,22.4,232.0,87.0,319.0,121.0,115.0,236.0,game,Spread,Arizona Cardinals,,1.5,novig,135.0,—,—,,-8,,hit,,,,—,,
2026-10-04T20:01:41.654341+00:00,nfl,2026,4,401872966,4018729661062,2,13:13,(Shotgun) J.Winston pass incomplete short middle to D.Mooney (B.Baker).,3,5,NYG 37,37,-8,New York Giants,Arizona Cardinals,6,14,77.6,22.4,232.0,87.0,319.0,121.0,115.0,236.0,game,Spread,New York Giants,,-1.5,polymarket,-355.0,—,—,,-8,,miss,,,,—,,
2026-10-04T20:01:41.654341+00:00,nfl,2026,4,401872966,4018729661062,2,13:13,(Shotgun) J.Winston pass incomplete short middle to D.Mooney (B.Baker).,3,5,NYG 37,37,-8,New York Giants,Arizona Cardinals,6,14,77.6,22.4,232.0,87.0,319.0,121.0,115.0,236.0,game,Total,Over,,55.5,kalshi,-567.0,—,—,,20.0,,miss,,,,—,,
2026-10-04T20:01:41.654341+00:00,nfl,2026,4,401872966,4018729661062,2,13:13,(Shotgun) J.Winston pass incomplete short middle to D.Mooney (B.Baker).,3,5,NYG 37,37,-8,New York Giants,Arizona Cardinals,6,14,77.6,22.4,232.0,87.0,319.0,121.0,115.0,236.0,game,Total,Under,,55.5,novig,-301.0,—,—,,20.0,,hit,,,,—,,
2026-10-04T20:01:41.654341+00:00,nfl,2026,4,401872966,4018729661062,2,13:13,(Shotgun) J.Winston pass incomplete short middle to D.Mooney (B.Baker).,3,5,NYG 37,37,-8,New York Giants,Arizona Cardinals,6,14,77.6,22.4,232.0,87.0,319.0,121.0,115.0,236.0,game,ML,Arizona Cardinals,,,stn,300.0,—,—,,Win,,hit,,,,—,,
2026-10-04T20:01:41.654341+00:00,nfl,2026,4,401872966,4018729661062,2,13:13,(Shotgun) J.Winston pass incomplete short middle to D.Mooney (B.Baker).,3,5,NYG 37,37,-8,New York Giants,Arizona Cardinals,6,14,77.6,22.4,232.0,87.0,319.0,121.0,115.0,236.0,game,ML,New York Giants,,,novig,-223.0,—,—,,Loss,,miss,,,,—,,
2026-10-04T20:01:41.654341+00:00,nfl,2026,4,401872966,4018729661085,2,13:09,"J.Stout punts 48 yards to ARZ 15, Center-B.Mann. D.Duvernay to ARZ 27 for 12 yards (N.Jones; M.McFadden).",4,5,NYG 37,37,-8,New York Giants,Arizona Cardinals,6,14,77.6,22.4,232.0,87.0,319.0,121.0,115.0,236.0,game,Spread,Arizona Cardinals,,1.5,novig,135.0,—,—,,-8,,hit,,,,—,,
2026-10-04T20:01:41.654341+00:00,nfl,2026,4,401872966,4018729661085,2,13:09,"J.Stout punts 48 yards to ARZ 15, Center-B.Mann. D.Duvernay to ARZ 27 for 12 yards (N.Jones; M.McFadden).",4,5,NYG 37,37,-8,New York Giants,Arizona Cardinals,6,14,77.6,22.4,232.0,87.0,319.0,121.0,115.0,236.0,game,Spread,New York Giants,,-1.5,polymarket,-355.0,—,—,,-8,,miss,,,,—,,
2026-10-04T20:01:41.654341+00:00,nfl,2026,4,401872966,4018729661085,2,13:09,"J.Stout punts 48 yards to ARZ 15, Center-B.Mann. D.Duvernay to ARZ 27 for 12 yards (N.Jones; M.McFadden).",4,5,NYG 37,37,-8,New York Giants,Arizona Cardinals,6,14,77.6,22.4,232.0,87.0,319.0,121.0,115.0,236.0,game,Total,Over,,55.5,kalshi,-567.0,—,—,,20.0,,miss,,,,—,,
2026-10-04T20:01:41.654341+00:00,nfl,2026,4,401872966,4018729661085,2,13:09,"J.Stout punts 48 yards to ARZ 15, Center-B.Mann. D.Duvernay to ARZ 27 for 12 yards (N.Jones; M.McFadden).",4,5,NYG 37,37,-8,New York Giants,Arizona Cardinals,6,14,77.6,22.4,232.0,87.0,319.0,121.0,115.0,236.0,game,Total,Under,,55.5,novig,-301.0,—,—,,20.0,,hit,,,,—,,
2026-10-04T20:01:41.654341+00:00,nfl,2026,4,401872966,4018729661085,2,13:09,"J.Stout punts 48 yards to ARZ 15, Center-B.Mann. D.Duvernay to ARZ 27 for 12 yards (N.Jones; M.McFadden).",4,5,NYG 37,37,-8,New York Giants,Arizona Cardinals,6,14,77.6,22.4,232.0,87.0,319.0,121.0,115.0,236.0,game,ML,Arizona Cardinals,,,stn,300.0,—,—,,Win,,hit,,,,—,,
2026-10-04T20:01:41.654341+00:00,nfl,2026,4,401872966,4018729661085,2,13:09,"J.Stout punts 48 yards to ARZ 15, Center-B.Mann. D.Duvernay to ARZ 27 for 12 yards (N.Jones; M.McFadden).",4,5,NYG 37,37,-8,New York Giants,Arizona Cardinals,6,14,77.6,22.4,232.0,87.0,319.0,121.0,115.0,236.0,game,ML,New York Giants,,,novig,-223.0,—,—,,Loss,,miss,,,,—,,
2026-10-04T20:01:41.654341+00:00,nfl,2026,4,401872966,4018729661098,2,13:00,Official Timeout at 13:00.,1,10,ARI 27,73,-8,New York Giants,Arizona Cardinals,6,14,77.6,22.4,232.0,87.0,319.0,121.0,115.0,236.0,game,Spread,Arizona Cardinals,,1.5,novig,135.0,—,—,,-8,,hit,,,,—,,
2026-10-04T20:01:41.654341+00:00,nfl,2026,4,401872966,4018729661098,2,13:00,Official Timeout at 13:00.,1,10,ARI 27,73,-8,New York Giants,Arizona Cardinals,6,14,77.6,22.4,232.0,87.0,319.0,121.0,115.0,236.0,game,Spread,New York Giants,,-1.5,polymarket,-355.0,—,—,,-8,,miss,,,,—,,
2026-10-04T20:01:41.654341+00:00,nfl,2026,4,401872966,4018729661098,2,13:00,Official Timeout at 13:00.,1,10,ARI 27,73,-8,New York Giants,Arizona Cardinals,6,14,77.6,22.4,232.0,87.0,319.0,121.0,115.0,236.0,game,Total,Over,,55.5,kalshi,-567.0,—,—,,20.0,,miss,,,,—,,
2026-10-04T20:01:41.654341+00:00,nfl,2026,4,401872966,4018729661098,2,13:00,Official Timeout at 13:00.,1,10,ARI 27,73,-8,New York Giants,Arizona Cardinals,6,14,77.6,22.4,232.0,87.0,319.0,121.0,115.0,236.0,game,Total,Under,,55.5,novig,-301.0,—,—,,20.0,,hit,,,,—,,
2026-10-04T20:01:41.654341+00:00,nfl,2026,4,401872966,4018729661098,2,13:00,Official Timeout at 13:00.,1,10,ARI 27,73,-8,New York Giants,Arizona Cardinals,6,14,77.6,22.4,232.0,87.0,319.0,121.0,115.0,236.0,game,ML,Arizona Cardinals,,,stn,300.0,—,—,,Win,,hit,,,,—,,
2026-10-04T20:01:41.654341+00:00,nfl,2026,4,401872966,4018729661098,2,13:00,Official Timeout at 13:00.,1,10,ARI 27,73,-8,New York Giants,Arizona Cardinals,6,14,77.6,22.4,232.0,87.0,319.0,121.0,115.0,236.0,game,ML,New York Giants,,,novig,-223.0,—,—,,Loss,,miss,,,,—,,
2026-10-04T20:01:41.654341+00:00,nfl,2026,4,401872966,4018729661111,2,13:00,J.Williams reported in as eligible.  T.Allgeier left tackle to ARZ 29 for 2 yards (T.Edmunds).,1,10,ARI 27,73,-8,New York Giants,Arizona Cardinals,6,14,77.6,22.4,232.0,87.0,319.0,121.0,115.0,236.0,game,Spread,Arizona Cardinals,,1.5,novig,135.0,—,—,,-8,,hit,,,,—,,
2026-10-04T20:01:41.654341+00:00,nfl,2026,4,401872966,4018729661111,2,13:00,J.Williams reported in as eligible.  T.Allgeier left tackle to ARZ 29 for 2 yards (T.Edmunds).,1,10,ARI 27,73,-8,New York Giants,Arizona Cardinals,6,14,77.6,22.4,232.0,87.0,319.0,121.0,115.0,236.0,game,Spread,New York Giants,,-1.5,polymarket,-355.0,—,—,,-8,,miss,,,,—,,
2026-10-04T20:01:41.654341+00:00,nfl,2026,4,401872966,4018729661111,2,13:00,J.Williams reported in as eligible.  T.Allgeier left tackle to ARZ 29 for 2 yards (T.Edmunds).,1,10,ARI 27,73,-8,New York Giants,Arizona Cardinals,6,14,77.6,22.4,232.0,87.0,319.0,121.0,115.0,236.0,game,Total,Over,,55.5,kalshi,-567.0,—,—,,20.0,,miss,,,,—,,
2026-10-04T20:01:41.654341+00:00,nfl,2026,4,401872966,4018729661111,2,13:00,J.Williams reported in as eligible.  T.Allgeier left tackle to ARZ 29 for 2 yards (T.Edmunds).,1,10,ARI 27,73,-8,New York Giants,Arizona Cardinals,6,14,77.6,22.4,232.0,87.0,319.0,121.0,115.0,236.0,game,Total,Under,,55.5,novig,-301.0,—,—,,20.0,,hit,,,,—,,
2026-10-04T20:01:41.654341+00:00,nfl,2026,4,401872966,4018729661111,2,13:00,J.Williams reported in as eligible.  T.Allgeier left tackle to ARZ 29 for 2 yards (T.Edmunds).,1,10,ARI 27,73,-8,New York Giants,Arizona Cardinals,6,14,77.6,22.4,232.0,87.0,319.0,121.0,115.0,236.0,game,ML,Arizona Cardinals,,,stn,300.0,—,—,,Win,,hit,,,,—,,
2026-10-04T20:01:41.654341+00:00,nfl,2026,4,401872966,4018729661111,2,13:00,J.Williams reported in as eligible.  T.Allgeier left tackle to ARZ 29 for 2 yards (T.Edmunds).,1,10,ARI 27,73,-8,New York Giants,Arizona Cardinals,6,14,77.6,22.4,232.0,87.0,319.0,121.0,115.0,236.0,game,ML,New York Giants,,,novig,-223.0,—,—,,Loss,,miss,,,,—,,
2026-10-04T20:01:41.654341+00:00,nfl,2026,4,401872966,4018729661142,2,12:18,(Shotgun) J.Brissett pass incomplete deep left to Mi.Wilson (D.Banks).,2,8,ARI 29,71,-8,New York Giants,Arizona Cardinals,6,14,77.6,22.4,232.0,87.0,319.0,121.0,115.0,236.0,game,Spread,Arizona Cardinals,,1.5,novig,135.0,—,—,,-8,,hit,,,,—,,
2026-10-04T20:01:41.654341+00:00,nfl,2026,4,401872966,4018729661142,2,12:18,(Shotgun) J.Brissett pass incomplete deep left to Mi.Wilson (D.Banks).,2,8,ARI 29,71,-8,New York Giants,Arizona Cardinals,6,14,77.6,22.4,232.0,87.0,319.0,121.0,115.0,236.0,game,Spread,New York Giants,,-1.5,polymarket,-355.0,—,—,,-8,,miss,,,,—,,
2026-10-04T20:01:41.654341+00:00,nfl,2026,4,401872966,4018729661142,2,12:18,(Shotgun) J.Brissett pass incomplete deep left to Mi.Wilson (D.Banks).,2,8,ARI 29,71,-8,New York Giants,Arizona Cardinals,6,14,77.6,22.4,232.0,87.0,319.0,121.0,115.0,236.0,game,Total,Over,,55.5,kalshi,-567.0,—,—,,20.0,,miss,,,,—,,
2026-10-04T20:01:41.654341+00:00,nfl,2026,4,401872966,4018729661142,2,12:18,(Shotgun) J.Brissett pass incomplete deep left to Mi.Wilson (D.Banks).,2,8,ARI 29,71,-8,New York Giants,Arizona Cardinals,6,14,77.6,22.4,232.0,87.0,319.0,121.0,115.0,236.0,game,Total,Under,,55.5,novig,-301.0,—,—,,20.0,,hit,,,,—,,
2026-10-04T20:01:41.654341+00:00,nfl,2026,4,401872966,4018729661142,2,12:18,(Shotgun) J.Brissett pass incomplete deep left to Mi.Wilson (D.Banks).,2,8,ARI 29,71,-8,New York Giants,Arizona Cardinals,6,14,77.6,22.4,232.0,87.0,319.0,121.0,115.0,236.0,game,ML,Arizona Cardinals,,,stn,300.0,—,—,,Win,,hit,,,,—,,
2026-10-04T20:01:41.654341+00:00,nfl,2026,4,401872966,4018729661142,2,12:18,(Shotgun) J.Brissett pass incomplete deep left to Mi.Wilson (D.Banks).,2,8,ARI 29,71,-8,New York Giants,Arizona Cardinals,6,14,77.6,22.4,232.0,87.0,319.0,121.0,115.0,236.0,game,ML,New York Giants,,,novig,-223.0,—,—,,Loss,,miss,,,,—,,
2026-10-04T20:01:41.654341+00:00,nfl,2026,4,401872966,4018729661165,2,12:14,(Shotgun) J.Brissett pass short left to T.Allgeier to ARZ 31 for 2 yards (A.Reese).,3,8,ARI 29,71,-8,New York Giants,Arizona Cardinals,6,14,77.6,22.4,232.0,87.0,319.0,121.0,115.0,236.0,game,Spread,Arizona Cardinals,,1.5,novig,135.0,—,—,,-8,,hit,,,,—,,
2026-10-04T20:01:41.654341+00:00,nfl,2026,4,401872966,4018729661165,2,12:14,(Shotgun) J.Brissett pass short left to T.Allgeier to ARZ 31 for 2 yards (A.Reese).,3,8,ARI 29,71,-8,New York Giants,Arizona Cardinals,6,14,77.6,22.4,232.0,87.0,319.0,121.0,115.0,236.0,game,Spread,New York Giants,,-1.5,polymarket,-355.0,—,—,,-8,,miss,,,,—,,
2026-10-04T20:01:41.654341+00:00,nfl,2026,4,401872966,4018729661165,2,12:14,(Shotgun) J.Brissett pass short left to T.Allgeier to ARZ 31 for 2 yards (A.Reese).,3,8,ARI 29,71,-8,New York Giants,Arizona Cardinals,6,14,77.6,22.4,232.0,87.0,319.0,121.0,115.0,236.0,game,Total,Over,,55.5,kalshi,-567.0,—,—,,20.0,,miss,,,,—,,
2026-10-04T20:01:41.654341+00:00,nfl,2026,4,401872966,4018729661165,2,12:14,(Shotgun) J.Brissett pass short left to T.Allgeier to ARZ 31 for 2 yards (A.Reese).,3,8,ARI 29,71,-8,New York Giants,Arizona Cardinals,6,14,77.6,22.4,232.0,87.0,319.0,121.0,115.0,236.0,game,Total,Under,,55.5,novig,-301.0,—,—,,20.0,,hit,,,,—,,
2026-10-04T20:01:41.654341+00:00,nfl,2026,4,401872966,4018729661165,2,12:14,(Shotgun) J.Brissett pass short left to T.Allgeier to ARZ 31 for 2 yards (A.Reese).,3,8,ARI 29,71,-8,New York Giants,Arizona Cardinals,6,14,77.6,22.4,232.0,87.0,319.0,121.0,115.0,236.0,game,ML,Arizona Cardinals,,,stn,300.0,—,—,,Win,,hit,,,,—,,
2026-10-04T20:01:41.654341+00:00,nfl,2026,4,401872966,4018729661165,2,12:14,(Shotgun) J.Brissett pass short left to T.Allgeier to ARZ 31 for 2 yards (A.Reese).,3,8,ARI 29,71,-8,New York Giants,Arizona Cardinals,6,14,77.6,22.4,232.0,87.0,319.0,121.0,115.0,236.0,game,ML,New York Giants,,,novig,-223.0,—,—,,Loss,,miss,,,,—,,
2026-10-04T20:01:41.654341+00:00,nfl,2026,4,401872966,4018729661190,2,11:31,"B.Gillikin punts 44 yards to NYG 25, Center-C.Kreiter, out of bounds.",4,6,ARI 31,69,-8,New York Giants,Arizona Cardinals,6,14,77.6,22.4,232.0,87.0,319.0,121.0,115.0,236.0,game,Spread,Arizona Cardinals,,1.5,novig,135.0,—,—,,-8,,hit,,,,—,,
2026-10-04T20:01:41.654341+00:00,nfl,2026,4,401872966,4018729661190,2,11:31,"B.Gillikin punts 44 yards to NYG 25, Center-C.Kreiter, out of bounds.",4,6,ARI 31,69,-8,New York Giants,Arizona Cardinals,6,14,77.6,22.4,232.0,87.0,319.0,121.0,115.0,236.0,game,Spread,New York Giants,,-1.5,polymarket,-355.0,—,—,,-8,,miss,,,,—,,
2026-10-04T20:01:41.654341+00:00,nfl,2026,4,401872966,4018729661190,2,11:31,"B.Gillikin punts 44 yards to NYG 25, Center-C.Kreiter, out of bounds.",4,6,ARI 31,69,-8,New York Giants,Arizona Cardinals,6,14,77.6,22.4,232.0,87.0,319.0,121.0,115.0,236.0,game,Total,Over,,55.5,kalshi,-567.0,—,—,,20.0,,miss,,,,—,,
2026-10-04T20:01:41.654341+00:00,nfl,2026,4,401872966,4018729661190,2,11:31,"B.Gillikin punts 44 yards to NYG 25, Center-C.Kreiter, out of bounds.",4,6,ARI 31,69,-8,New York Giants,Arizona Cardinals,6,14,77.6,22.4,232.0,87.0,319.0,121.0,115.0,236.0,game,Total,Under,,55.5,novig,-301.0,—,—,,20.0,,hit,,,,—,,
2026-10-04T20:01:41.654341+00:00,nfl,2026,4,401872966,4018729661190,2,11:31,"B.Gillikin punts 44 yards to NYG 25, Center-C.Kreiter, out of bounds.",4,6,ARI 31,69,-8,New York Giants,Arizona Cardinals,6,14,77.6,22.4,232.0,87.0,319.0,121.0,115.0,236.0,game,ML,Arizona Cardinals,,,stn,300.0,—,—,,Win,,hit,,,,—,,
2026-10-04T20:01:41.654341+00:00,nfl,2026,4,401872966,4018729661190,2,11:31,"B.Gillikin punts 44 yards to NYG 25, Center-C.Kreiter, out of bounds.",4,6,ARI 31,69,-8,New York Giants,Arizona Cardinals,6,14,77.6,22.4,232.0,87.0,319.0,121.0,115.0,236.0,game,ML,New York Giants,,,novig,-223.0,—,—,,Loss,,miss,,,,—,,
2026-10-04T20:01:41.654341+00:00,nfl,2026,4,401872966,4018729661200,2,11:23,Official Timeout at 11:23.,1,10,NYG 25,25,-8,New York Giants,Arizona Cardinals,6,14,77.6,22.4,232.0,87.0,319.0,121.0,115.0,236.0,game,Spread,Arizona Cardinals,,1.5,novig,135.0,—,—,,-8,,hit,,,,—,,
2026-10-04T20:01:41.654341+00:00,nfl,2026,4,401872966,4018729661200,2,11:23,Official Timeout at 11:23.,1,10,NYG 25,25,-8,New York Giants,Arizona Cardinals,6,14,77.6,22.4,232.0,87.0,319.0,121.0,115.0,236.0,game,Spread,New York Giants,,-1.5,polymarket,-355.0,—,—,,-8,,miss,,,,—,,
2026-10-04T20:01:41.654341+00:00,nfl,2026,4,401872966,4018729661200,2,11:23,Official Timeout at 11:23.,1,10,NYG 25,25,-8,New York Giants,Arizona Cardinals,6,14,77.6,22.4,232.0,87.0,319.0,121.0,115.0,236.0,game,Total,Over,,55.5,kalshi,-567.0,—,—,,20.0,,miss,,,,—,,
2026-10-04T20:01:41.654341+00:00,nfl,2026,4,401872966,4018729661200,2,11:23,Official Timeout at 11:23.,1,10,NYG 25,25,-8,New York Giants,Arizona Cardinals,6,14,77.6,22.4,232.0,87.0,319.0,121.0,115.0,236.0,game,Total,Under,,55.5,novig,-301.0,—,—,,20.0,,hit,,,,—,,
2026-10-04T20:01:41.654341+00:00,nfl,2026,4,401872966,4018729661200,2,11:23,Official Timeout at 11:23.,1,10,NYG 25,25,-8,New York Giants,Arizona Cardinals,6,14,77.6,22.4,232.0,87.0,319.0,121.0,115.0,236.0,game,ML,Arizona Cardinals,,,stn,300.0,—,—,,Win,,hit,,,,—,,
2026-10-04T20:01:41.654341+00:00,nfl,2026,4,401872966,4018729661200,2,11:23,Official Timeout at 11:23.,1,10,NYG 25,25,-8,New York Giants,Arizona Cardinals,6,14,77.6,22.4,232.0,87.0,319.0,121.0,115.0,236.0,game,ML,New York Giants,,,novig,-223.0,—,—,,Loss,,miss,,,,—,,
2026-10-04T20:01:41.654341+00:00,nfl,2026,4,401872966,4018729661209,2,11:23,N.Harris right tackle to NYG 27 for 2 yards (A.Billings).,1,10,NYG 25,25,-8,New York Giants,Arizona Cardinals,6,14,77.6,22.4,232.0,87.0,319.0,121.0,115.0,236.0,game,Spread,Arizona Cardinals,,1.5,novig,135.0,—,—,,-8,,hit,,,,—,,
2026-10-04T20:01:41.654341+00:00,nfl,2026,4,401872966,4018729661209,2,11:23,N.Harris right tackle to NYG 27 for 2 yards (A.Billings).,1,10,NYG 25,25,-8,New York Giants,Arizona Cardinals,6,14,77.6,22.4,232.0,87.0,319.0,121.0,115.0,236.0,game,Spread,New York Giants,,-1.5,polymarket,-355.0,—,—,,-8,,miss,,,,—,,
2026-10-04T20:01:41.654341+00:00,nfl,2026,4,401872966,4018729661209,2,11:23,N.Harris right tackle to NYG 27 for 2 yards (A.Billings).,1,10,NYG 25,25,-8,New York Giants,Arizona Cardinals,6,14,77.6,22.4,232.0,87.0,319.0,121.0,115.0,236.0,game,Total,Over,,55.5,kalshi,-567.0,—,—,,20.0,,miss,,,,—,,
2026-10-04T20:01:41.654341+00:00,nfl,2026,4,401872966,4018729661209,2,11:23,N.Harris right tackle to NYG 27 for 2 yards (A.Billings).,1,10,NYG 25,25,-8,New York Giants,Arizona Cardinals,6,14,77.6,22.4,232.0,87.0,319.0,121.0,115.0,236.0,game,Total,Under,,55.5,novig,-301.0,—,—,,20.0,,hit,,,,—,,
2026-10-04T20:01:41.654341+00:00,nfl,2026,4,401872966,4018729661209,2,11:23,N.Harris right tackle to NYG 27 for 2 yards (A.Billings).,1,10,NYG 25,25,-8,New York Giants,Arizona Cardinals,6,14,77.6,22.4,232.0,87.0,319.0,121.0,115.0,236.0,game,ML,Arizona Cardinals,,,stn,300.0,—,—,,Win,,hit,,,,—,,
2026-10-04T20:01:41.654341+00:00,nfl,2026,4,401872966,4018729661209,2,11:23,N.Harris right tackle to NYG 27 for 2 yards (A.Billings).,1,10,NYG 25,25,-8,New York Giants,Arizona Cardinals,6,14,77.6,22.4,232.0,87.0,319.0,121.0,115.0,236.0,game,ML,New York Giants,,,novig,-223.0,—,—,,Loss,,miss,,,,—,,
2026-10-04T20:01:41.654341+00:00,nfl,2026,4,401872966,4018729661238,2,10:50,(Shotgun) J.Winston pass short middle to M.Nabers to NYG 32 for 5 yards (B.Baker).,2,8,NYG 27,27,-8,New York Giants,Arizona Cardinals,6,14,77.6,22.4,232.0,87.0,319.0,121.0,115.0,236.0,game,Spread,Arizona Cardinals,,1.5,novig,135.0,—,—,,-8,,hit,,,,—,,
2026-10-04T20:01:41.654341+00:00,nfl,2026,4,401872966,4018729661238,2,10:50,(Shotgun) J.Winston pass short middle to M.Nabers to NYG 32 for 5 yards (B.Baker).,2,8,NYG 27,27,-8,New York Giants,Arizona Cardinals,6,14,77.6,22.4,232.0,87.0,319.0,121.0,115.0,236.0,game,Spread,New York Giants,,-1.5,polymarket,-355.0,—,—,,-8,,miss,,,,—,,
2026-10-04T20:01:41.654341+00:00,nfl,2026,4,401872966,4018729661238,2,10:50,(Shotgun) J.Winston pass short middle to M.Nabers to NYG 32 for 5 yards (B.Baker).,2,8,NYG 27,27,-8,New York Giants,Arizona Cardinals,6,14,77.6,22.4,232.0,87.0,319.0,121.0,115.0,236.0,game,Total,Over,,55.5,kalshi,-567.0,—,—,,20.0,,miss,,,,—,,
2026-10-04T20:01:41.654341+00:00,nfl,2026,4,401872966,4018729661238,2,10:50,(Shotgun) J.Winston pass short middle to M.Nabers to NYG 32 for 5 yards (B.Baker).,2,8,NYG 27,27,-8,New York Giants,Arizona Cardinals,6,14,77.6,22.4,232.0,87.0,319.0,121.0,115.0,236.0,game,Total,Under,,55.5,novig,-301.0,—,—,,20.0,,hit,,,,—,,
2026-10-04T20:01:41.654341+00:00,nfl,2026,4,401872966,4018729661238,2,10:50,(Shotgun) J.Winston pass short middle to M.Nabers to NYG 32 for 5 yards (B.Baker).,2,8,NYG 27,27,-8,New York Giants,Arizona Cardinals,6,14,77.6,22.4,232.0,87.0,319.0,121.0,115.0,236.0,game,ML,Arizona Cardinals,,,stn,300.0,—,—,,Win,,hit,,,,—,,
2026-10-04T20:01:41.654341+00:00,nfl,2026,4,401872966,4018729661238,2,10:50,(Shotgun) J.Winston pass short middle to M.Nabers to NYG 32 for 5 yards (B.Baker).,2,8,NYG 27,27,-8,New York Giants,Arizona Cardinals,6,14,77.6,22.4,232.0,87.0,319.0,121.0,115.0,236.0,game,ML,New York Giants,,,novig,-223.0,—,—,,Loss,,miss,,,,—,,
2026-10-04T20:01:41.654341+00:00,nfl,2026,4,401872966,4018729661263,2,10:12,(Shotgun) J.Winston pass incomplete short right to B.Berrios (G.Williams).,3,3,NYG 32,32,-8,New York Giants,Arizona Cardinals,6,14,77.6,22.4,232.0,87.0,319.0,121.0,115.0,236.0,game,Spread,Arizona Cardinals,,1.5,novig,135.0,—,—,,-8,,hit,,,,—,,
2026-10-04T20:01:41.654341+00:00,nfl,2026,4,401872966,4018729661263,2,10:12,(Shotgun) J.Winston pass incomplete short right to B.Berrios (G.Williams).,3,3,NYG 32,32,-8,New York Giants,Arizona Cardinals,6,14,77.6,22.4,232.0,87.0,319.0,121.0,115.0,236.0,game,Spread,New York Giants,,-1.5,polymarket,-355.0,—,—,,-8,,miss,,,,—,,
2026-10-04T20:01:41.654341+00:00,nfl,2026,4,401872966,4018729661263,2,10:12,(Shotgun) J.Winston pass incomplete short right to B.Berrios (G.Williams).,3,3,NYG 32,32,-8,New York Giants,Arizona Cardinals,6,14,77.6,22.4,232.0,87.0,319.0,121.0,115.0,236.0,game,Total,Over,,55.5,kalshi,-567.0,—,—,,20.0,,miss,,,,—,,
2026-10-04T20:01:41.654341+00:00,nfl,2026,4,401872966,4018729661263,2,10:12,(Shotgun) J.Winston pass incomplete short right to B.Berrios (G.Williams).,3,3,NYG 32,32,-8,New York Giants,Arizona Cardinals,6,14,77.6,22.4,232.0,87.0,319.0,121.0,115.0,236.0,game,Total,Under,,55.5,novig,-301.0,—,—,,20.0,,hit,,,,—,,
2026-10-04T20:01:41.654341+00:00,nfl,2026,4,401872966,4018729661263,2,10:12,(Shotgun) J.Winston pass incomplete short right to B.Berrios (G.Williams).,3,3,NYG 32,32,-8,New York Giants,Arizona Cardinals,6,14,77.6,22.4,232.0,87.0,319.0,121.0,115.0,236.0,game,ML,Arizona Cardinals,,,stn,300.0,—,—,,Win,,hit,,,,—,,
2026-10-04T20:01:41.654341+00:00,nfl,2026,4,401872966,4018729661263,2,10:12,(Shotgun) J.Winston pass incomplete short right to B.Berrios (G.Williams).,3,3,NYG 32,32,-8,New York Giants,Arizona Cardinals,6,14,77.6,22.4,232.0,87.0,319.0,121.0,115.0,236.0,game,ML,New York Giants,,,novig,-223.0,—,—,,Loss,,miss,,,,—,,
2026-10-04T20:01:41.654341+00:00,nfl,2026,4,401872966,4018729661286,2,10:07,"J.Stout punts 51 yards to ARZ 17, Center-B.Mann, fair catch by D.Duvernay.",4,3,NYG 32,32,-8,New York Giants,Arizona Cardinals,6,14,77.6,22.4,232.0,87.0,319.0,121.0,115.0,236.0,game,Spread,Arizona Cardinals,,1.5,novig,135.0,—,—,,-8,,hit,,,,—,,
2026-10-04T20:01:41.654341+00:00,nfl,2026,4,401872966,4018729661286,2,10:07,"J.Stout punts 51 yards to ARZ 17, Center-B.Mann, fair catch by D.Duvernay.",4,3,NYG 32,32,-8,New York Giants,Arizona Cardinals,6,14,77.6,22.4,232.0,87.0,319.0,121.0,115.0,236.0,game,Spread,New York Giants,,-1.5,polymarket,-355.0,—,—,,-8,,miss,,,,—,,
2026-10-04T20:01:41.654341+00:00,nfl,2026,4,401872966,4018729661286,2,10:07,"J.Stout punts 51 yards to ARZ 17, Center-B.Mann, fair catch by D.Duvernay.",4,3,NYG 32,32,-8,New York Giants,Arizona Cardinals,6,14,77.6,22.4,232.0,87.0,319.0,121.0,115.0,236.0,game,Total,Over,,55.5,kalshi,-567.0,—,—,,20.0,,miss,,,,—,,
2026-10-04T20:01:41.654341+00:00,nfl,2026,4,401872966,4018729661286,2,10:07,"J.Stout punts 51 yards to ARZ 17, Center-B.Mann, fair catch by D.Duvernay.",4,3,NYG 32,32,-8,New York Giants,Arizona Cardinals,6,14,77.6,22.4,232.0,87.0,319.0,121.0,115.0,236.0,game,Total,Under,,55.5,novig,-301.0,—,—,,20.0,,hit,,,,—,,
2026-10-04T20:01:41.654341+00:00,nfl,2026,4,401872966,4018729661286,2,10:07,"J.Stout punts 51 yards to ARZ 17, Center-B.Mann, fair catch by D.Duvernay.",4,3,NYG 32,32,-8,New York Giants,Arizona Cardinals,6,14,77.6,22.4,232.0,87.0,319.0,121.0,115.0,236.0,game,ML,Arizona Cardinals,,,stn,300.0,—,—,,Win,,hit,,,,—,,
2026-10-04T20:01:41.654341+00:00,nfl,2026,4,401872966,4018729661286,2,10:07,"J.Stout punts 51 yards to ARZ 17, Center-B.Mann, fair catch by D.Duvernay.",4,3,NYG 32,32,-8,New York Giants,Arizona Cardinals,6,14,77.6,22.4,232.0,87.0,319.0,121.0,115.0,236.0,game,ML,New York Giants,,,novig,-223.0,—,—,,Loss,,miss,,,,—,,
2026-10-04T20:01:41.654341+00:00,nfl,2026,4,401872966,4018729661296,2,9:59,Official Timeout at 09:59.,1,10,ARI 17,83,-8,New York Giants,Arizona Cardinals,6,14,77.6,22.4,232.0,87.0,319.0,121.0,115.0,236.0,game,Spread,Arizona Cardinals,,1.5,novig,135.0,—,—,,-8,,hit,,,,—,,
2026-10-04T20:01:41.654341+00:00,nfl,2026,4,401872966,4018729661296,2,9:59,Official Timeout at 09:59.,1,10,ARI 17,83,-8,New York Giants,Arizona Cardinals,6,14,77.6,22.4,232.0,87.0,319.0,121.0,115.0,236.0,game,Spread,New York Giants,,-1.5,polymarket,-355.0,—,—,,-8,,miss,,,,—,,
2026-10-04T20:01:41.654341+00:00,nfl,2026,4,401872966,4018729661296,2,9:59,Official Timeout at 09:59.,1,10,ARI 17,83,-8,New York Giants,Arizona Cardinals,6,14,77.6,22.4,232.0,87.0,319.0,121.0,115.0,236.0,game,Total,Over,,55.5,kalshi,-567.0,—,—,,20.0,,miss,,,,—,,
2026-10-04T20:01:41.654341+00:00,nfl,2026,4,401872966,4018729661296,2,9:59,Official Timeout at 09:59.,1,10,ARI 17,83,-8,New York Giants,Arizona Cardinals,6,14,77.6,22.4,232.0,87.0,319.0,121.0,115.0,236.0,game,Total,Under,,55.5,novig,-301.0,—,—,,20.0,,hit,,,,—,,
2026-10-04T20:01:41.654341+00:00,nfl,2026,4,401872966,4018729661296,2,9:59,Official Timeout at 09:59.,1,10,ARI 17,83,-8,New York Giants,Arizona Cardinals,6,14,77.6,22.4,232.0,87.0,319.0,121.0,115.0,236.0,game,ML,Arizona Cardinals,,,stn,300.0,—,—,,Win,,hit,,,,—,,
2026-10-04T20:01:41.654341+00:00,nfl,2026,4,401872966,4018729661296,2,9:59,Official Timeout at 09:59.,1,10,ARI 17,83,-8,New York Giants,Arizona Cardinals,6,14,77.6,22.4,232.0,87.0,319.0,121.0,115.0,236.0,game,ML,New York Giants,,,novig,-223.0,—,—,,Loss,,miss,,,,—,,
2026-10-04T20:01:41.654341+00:00,nfl,2026,4,401872966,4018729661306,2,9:59,J.Love left tackle to ARZ 17 for no gain (A.Carter).,1,10,ARI 17,83,-8,New York Giants,Arizona Cardinals,6,14,77.6,22.4,232.0,87.0,319.0,121.0,115.0,236.0,game,Spread,Arizona Cardinals,,1.5,novig,135.0,—,—,,-8,,hit,,,,—,,
2026-10-04T20:01:41.654341+00:00,nfl,2026,4,401872966,4018729661306,2,9:59,J.Love left tackle to ARZ 17 for no gain (A.Carter).,1,10,ARI 17,83,-8,New York Giants,Arizona Cardinals,6,14,77.6,22.4,232.0,87.0,319.0,121.0,115.0,236.0,game,Spread,New York Giants,,-1.5,polymarket,-355.0,—,—,,-8,,miss,,,,—,,
2026-10-04T20:01:41.654341+00:00,nfl,2026,4,401872966,4018729661306,2,9:59,J.Love left tackle to ARZ 17 for no gain (A.Carter).,1,10,ARI 17,83,-8,New York Giants,Arizona Cardinals,6,14,77.6,22.4,232.0,87.0,319.0,121.0,115.0,236.0,game,Total,Over,,55.5,kalshi,-567.0,—,—,,20.0,,miss,,,,—,,
2026-10-04T20:01:41.654341+00:00,nfl,2026,4,401872966,4018729661306,2,9:59,J.Love left tackle to ARZ 17 for no gain (A.Carter).,1,10,ARI 17,83,-8,New York Giants,Arizona Cardinals,6,14,77.6,22.4,232.0,87.0,319.0,121.0,115.0,236.0,game,Total,Under,,55.5,novig,-301.0,—,—,,20.0,,hit,,,,—,,
2026-10-04T20:01:41.654341+00:00,nfl,2026,4,401872966,4018729661306,2,9:59,J.Love left tackle to ARZ 17 for no gain (A.Carter).,1,10,ARI 17,83,-8,New York Giants,Arizona Cardinals,6,14,77.6,22.4,232.0,87.0,319.0,121.0,115.0,236.0,game,ML,Arizona Cardinals,,,stn,300.0,—,—,,Win,,hit,,,,—,,
2026-10-04T20:01:41.654341+00:00,nfl,2026,4,401872966,4018729661306,2,9:59,J.Love left tackle to ARZ 17 for no gain (A.Carter).,1,10,ARI 17,83,-8,New York Giants,Arizona Cardinals,6,14,77.6,22.4,232.0,87.0,319.0,121.0,115.0,236.0,game,ML,New York Giants,,,novig,-223.0,—,—,,Loss,,miss,,,,—,,
2026-10-04T20:01:41.654341+00:00,nfl,2026,4,401872966,4018729661335,2,9:20,(Shotgun) J.Brissett pass incomplete short middle to M.Harrison (A.Reese).,2,10,ARI 17,83,-8,New York Giants,Arizona Cardinals,6,14,77.6,22.4,232.0,87.0,319.0,121.0,115.0,236.0,game,Spread,Arizona Cardinals,,1.5,novig,135.0,—,—,,-8,,hit,,,,—,,
2026-10-04T20:01:41.654341+00:00,nfl,2026,4,401872966,4018729661335,2,9:20,(Shotgun) J.Brissett pass incomplete short middle to M.Harrison (A.Reese).,2,10,ARI 17,83,-8,New York Giants,Arizona Cardinals,6,14,77.6,22.4,232.0,87.0,319.0,121.0,115.0,236.0,game,Spread,New York Giants,,-1.5,polymarket,-355.0,—,—,,-8,,miss,,,,—,,
2026-10-04T20:01:41.654341+00:00,nfl,2026,4,401872966,4018729661335,2,9:20,(Shotgun) J.Brissett pass incomplete short middle to M.Harrison (A.Reese).,2,10,ARI 17,83,-8,New York Giants,Arizona Cardinals,6,14,77.6,22.4,232.0,87.0,319.0,121.0,115.0,236.0,game,Total,Over,,55.5,kalshi,-567.0,—,—,,20.0,,miss,,,,—,,
2026-10-04T20:01:41.654341+00:00,nfl,2026,4,401872966,4018729661335,2,9:20,(Shotgun) J.Brissett pass incomplete short middle to M.Harrison (A.Reese).,2,10,ARI 17,83,-8,New York Giants,Arizona Cardinals,6,14,77.6,22.4,232.0,87.0,319.0,121.0,115.0,236.0,game,Total,Under,,55.5,novig,-301.0,—,—,,20.0,,hit,,,,—,,
2026-10-04T20:01:41.654341+00:00,nfl,2026,4,401872966,4018729661335,2,9:20,(Shotgun) J.Brissett pass incomplete short middle to M.Harrison (A.Reese).,2,10,ARI 17,83,-8,New York Giants,Arizona Cardinals,6,14,77.6,22.4,232.0,87.0,319.0,121.0,115.0,236.0,game,ML,Arizona Cardinals,,,stn,300.0,—,—,,Win,,hit,,,,—,,
2026-10-04T20:01:41.654341+00:00,nfl,2026,4,401872966,4018729661335,2,9:20,(Shotgun) J.Brissett pass incomplete short middle to M.Harrison (A.Reese).,2,10,ARI 17,83,-8,New York Giants,Arizona Cardinals,6,14,77.6,22.4,232.0,87.0,319.0,121.0,115.0,236.0,game,ML,New York Giants,,,novig,-223.0,—,—,,Loss,,miss,,,,—,,
2026-10-04T20:01:41.654341+00:00,nfl,2026,4,401872966,4018729661358,2,9:15,(Shotgun) J.Brissett pass short right to T.McBride to ARZ 19 for 2 yards (G.Newsome).,3,10,ARI 17,83,-8,New York Giants,Arizona Cardinals,6,14,77.6,22.4,232.0,87.0,319.0,121.0,115.0,236.0,game,Spread,Arizona Cardinals,,1.5,novig,135.0,—,—,,-8,,hit,,,,—,,
2026-10-04T20:01:41.654341+00:00,nfl,2026,4,401872966,4018729661358,2,9:15,(Shotgun) J.Brissett pass short right to T.McBride to ARZ 19 for 2 yards (G.Newsome).,3,10,ARI 17,83,-8,New York Giants,Arizona Cardinals,6,14,77.6,22.4,232.0,87.0,319.0,121.0,115.0,236.0,game,Spread,New York Giants,,-1.5,polymarket,-355.0,—,—,,-8,,miss,,,,—,,
2026-10-04T20:01:41.654341+00:00,nfl,2026,4,401872966,4018729661358,2,9:15,(Shotgun) J.Brissett pass short right to T.McBride to ARZ 19 for 2 yards (G.Newsome).,3,10,ARI 17,83,-8,New York Giants,Arizona Cardinals,6,14,77.6,22.4,232.0,87.0,319.0,121.0,115.0,236.0,game,Total,Over,,55.5,kalshi,-567.0,—,—,,20.0,,miss,,,,—,,
2026-10-04T20:01:41.654341+00:00,nfl,2026,4,401872966,4018729661358,2,9:15,(Shotgun) J.Brissett pass short right to T.McBride to ARZ 19 for 2 yards (G.Newsome).,3,10,ARI 17,83,-8,New York Giants,Arizona Cardinals,6,14,77.6,22.4,232.0,87.0,319.0,121.0,115.0,236.0,game,Total,Under,,55.5,novig,-301.0,—,—,,20.0,,hit,,,,—,,
2026-10-04T20:01:41.654341+00:00,nfl,2026,4,401872966,4018729661358,2,9:15,(Shotgun) J.Brissett pass short right to T.McBride to ARZ 19 for 2 yards (G.Newsome).,3,10,ARI 17,83,-8,New York Giants,Arizona Cardinals,6,14,77.6,22.4,232.0,87.0,319.0,121.0,115.0,236.0,game,ML,Arizona Cardinals,,,stn,300.0,—,—,,Win,,hit,,,,—,,
2026-10-04T20:01:41.654341+00:00,nfl,2026,4,401872966,4018729661358,2,9:15,(Shotgun) J.Brissett pass short right to T.McBride to ARZ 19 for 2 yards (G.Newsome).,3,10,ARI 17,83,-8,New York Giants,Arizona Cardinals,6,14,77.6,22.4,232.0,87.0,319.0,121.0,115.0,236.0,game,ML,New York Giants,,,novig,-223.0,—,—,,Loss,,miss,,,,—,,
2026-10-04T20:01:41.654341+00:00,nfl,2026,4,401872966,4018729661383,2,8:35,"B.Gillikin punts 37 yards to NYG 44, Center-C.Kreiter. B.Berrios to NYG 44 for no gain (J.Brooks).",4,8,ARI 19,81,-8,New York Giants,Arizona Cardinals,6,14,77.6,22.4,232.0,87.0,319.0,121.0,115.0,236.0,game,Spread,Arizona Cardinals,,1.5,novig,135.0,—,—,,-8,,hit,,,,—,,
2026-10-04T20:01:41.654341+00:00,nfl,2026,4,401872966,4018729661383,2,8:35,"B.Gillikin punts 37 yards to NYG 44, Center-C.Kreiter. B.Berrios to NYG 44 for no gain (J.Brooks).",4,8,ARI 19,81,-8,New York Giants,Arizona Cardinals,6,14,77.6,22.4,232.0,87.0,319.0,121.0,115.0,236.0,game,Spread,New York Giants,,-1.5,polymarket,-355.0,—,—,,-8,,miss,,,,—,,
2026-10-04T20:01:41.654341+00:00,nfl,2026,4,401872966,4018729661383,2,8:35,"B.Gillikin punts 37 yards to NYG 44, Center-C.Kreiter. B.Berrios to NYG 44 for no gain (J.Brooks).",4,8,ARI 19,81,-8,New York Giants,Arizona Cardinals,6,14,77.6,22.4,232.0,87.0,319.0,121.0,115.0,236.0,game,Total,Over,,55.5,kalshi,-567.0,—,—,,20.0,,miss,,,,—,,
2026-10-04T20:01:41.654341+00:00,nfl,2026,4,401872966,4018729661383,2,8:35,"B.Gillikin punts 37 yards to NYG 44, Center-C.Kreiter. B.Berrios to NYG 44 for no gain (J.Brooks).",4,8,ARI 19,81,-8,New York Giants,Arizona Cardinals,6,14,77.6,22.4,232.0,87.0,319.0,121.0,115.0,236.0,game,Total,Under,,55.5,novig,-301.0,—,—,,20.0,,hit,,,,—,,
2026-10-04T20:01:41.654341+00:00,nfl,2026,4,401872966,4018729661383,2,8:35,"B.Gillikin punts 37 yards to NYG 44, Center-C.Kreiter. B.Berrios to NYG 44 for no gain (J.Brooks).",4,8,ARI 19,81,-8,New York Giants,Arizona Cardinals,6,14,77.6,22.4,232.0,87.0,319.0,121.0,115.0,236.0,game,ML,Arizona Cardinals,,,stn,300.0,—,—,,Win,,hit,,,,—,,
2026-10-04T20:01:41.654341+00:00,nfl,2026,4,401872966,4018729661383,2,8:35,"B.Gillikin punts 37 yards to NYG 44, Center-C.Kreiter. B.Berrios to NYG 44 for no gain (J.Brooks).",4,8,ARI 19,81,-8,New York Giants,Arizona Cardinals,6,14,77.6,22.4,232.0,87.0,319.0,121.0,115.0,236.0,game,ML,New York Giants,,,novig,-223.0,—,—,,Loss,,miss,,,,—,,
2026-10-04T20:01:41.654341+00:00,nfl,2026,4,401872966,4018729661409,2,8:27,"J.Winston sacked at NYG 43 for -1 yards (L.Collier).PENALTY on ARZ-L.Collier, Face Mask, 15 yards, enforced at NYG 44 - No Play.",1,10,NYG 44,44,-8,New York Giants,Arizona Cardinals,6,14,77.6,22.4,232.0,87.0,319.0,121.0,115.0,236.0,game,Spread,Arizona Cardinals,,1.5,novig,135.0,—,—,,-8,,hit,,,,—,,
2026-10-04T20:01:41.654341+00:00,nfl,2026,4,401872966,4018729661409,2,8:27,"J.Winston sacked at NYG 43 for -1 yards (L.Collier).PENALTY on ARZ-L.Collier, Face Mask, 15 yards, enforced at NYG 44 - No Play.",1,10,NYG 44,44,-8,New York Giants,Arizona Cardinals,6,14,77.6,22.4,232.0,87.0,319.0,121.0,115.0,236.0,game,Spread,New York Giants,,-1.5,polymarket,-355.0,—,—,,-8,,miss,,,,—,,
2026-10-04T20:01:41.654341+00:00,nfl,2026,4,401872966,4018729661409,2,8:27,"J.Winston sacked at NYG 43 for -1 yards (L.Collier).PENALTY on ARZ-L.Collier, Face Mask, 15 yards, enforced at NYG 44 - No Play.",1,10,NYG 44,44,-8,New York Giants,Arizona Cardinals,6,14,77.6,22.4,232.0,87.0,319.0,121.0,115.0,236.0,game,Total,Over,,55.5,kalshi,-567.0,—,—,,20.0,,miss,,,,—,,
2026-10-04T20:01:41.654341+00:00,nfl,2026,4,401872966,4018729661409,2,8:27,"J.Winston sacked at NYG 43 for -1 yards (L.Collier).PENALTY on ARZ-L.Collier, Face Mask, 15 yards, enforced at NYG 44 - No Play.",1,10,NYG 44,44,-8,New York Giants,Arizona Cardinals,6,14,77.6,22.4,232.0,87.0,319.0,121.0,115.0,236.0,game,Total,Under,,55.5,novig,-301.0,—,—,,20.0,,hit,,,,—,,
2026-10-04T20:01:41.654341+00:00,nfl,2026,4,401872966,4018729661409,2,8:27,"J.Winston sacked at NYG 43 for -1 yards (L.Collier).PENALTY on ARZ-L.Collier, Face Mask, 15 yards, enforced at NYG 44 - No Play.",1,10,NYG 44,44,-8,New York Giants,Arizona Cardinals,6,14,77.6,22.4,232.0,87.0,319.0,121.0,115.0,236.0,game,ML,Arizona Cardinals,,,stn,300.0,—,—,,Win,,hit,,,,—,,
2026-10-04T20:01:41.654341+00:00,nfl,2026,4,401872966,4018729661409,2,8:27,"J.Winston sacked at NYG 43 for -1 yards (L.Collier).PENALTY on ARZ-L.Collier, Face Mask, 15 yards, enforced at NYG 44 - No Play.",1,10,NYG 44,44,-8,New York Giants,Arizona Cardinals,6,14,77.6,22.4,232.0,87.0,319.0,121.0,115.0,236.0,game,ML,New York Giants,,,novig,-223.0,—,—,,Loss,,miss,,,,—,,
2026-10-04T20:01:41.654341+00:00,nfl,2026,4,401872966,4018729661440,2,8:07,C.Skattebo left tackle to ARZ 34 for 7 yards (W.Williams; L.Collier).,1,10,ARI 41,59,-8,New York Giants,Arizona Cardinals,6,14,77.6,22.4,232.0,87.0,319.0,121.0,115.0,236.0,game,Spread,Arizona Cardinals,,1.5,novig,135.0,—,—,,-8,,hit,,,,—,,
2026-10-04T20:01:41.654341+00:00,nfl,2026,4,401872966,4018729661440,2,8:07,C.Skattebo left tackle to ARZ 34 for 7 yards (W.Williams; L.Collier).,1,10,ARI 41,59,-8,New York Giants,Arizona Cardinals,6,14,77.6,22.4,232.0,87.0,319.0,121.0,115.0,236.0,game,Spread,New York Giants,,-1.5,polymarket,-355.0,—,—,,-8,,miss,,,,—,,
2026-10-04T20:01:41.654341+00:00,nfl,2026,4,401872966,4018729661440,2,8:07,C.Skattebo left tackle to ARZ 34 for 7 yards (W.Williams; L.Collier).,1,10,ARI 41,59,-8,New York Giants,Arizona Cardinals,6,14,77.6,22.4,232.0,87.0,319.0,121.0,115.0,236.0,game,Total,Over,,55.5,kalshi,-567.0,—,—,,20.0,,miss,,,,—,,
2026-10-04T20:01:41.654341+00:00,nfl,2026,4,401872966,4018729661440,2,8:07,C.Skattebo left tackle to ARZ 34 for 7 yards (W.Williams; L.Collier).,1,10,ARI 41,59,-8,New York Giants,Arizona Cardinals,6,14,77.6,22.4,232.0,87.0,319.0,121.0,115.0,236.0,game,Total,Under,,55.5,novig,-301.0,—,—,,20.0,,hit,,,,—,,
2026-10-04T20:01:41.654341+00:00,nfl,2026,4,401872966,4018729661440,2,8:07,C.Skattebo left tackle to ARZ 34 for 7 yards (W.Williams; L.Collier).,1,10,ARI 41,59,-8,New York Giants,Arizona Cardinals,6,14,77.6,22.4,232.0,87.0,319.0,121.0,115.0,236.0,game,ML,Arizona Cardinals,,,stn,300.0,—,—,,Win,,hit,,,,—,,
2026-10-04T20:01:41.654341+00:00,nfl,2026,4,401872966,4018729661440,2,8:07,C.Skattebo left tackle to ARZ 34 for 7 yards (W.Williams; L.Collier).,1,10,ARI 41,59,-8,New York Giants,Arizona Cardinals,6,14,77.6,22.4,232.0,87.0,319.0,121.0,115.0,236.0,game,ML,New York Giants,,,novig,-223.0,—,—,,Loss,,miss,,,,—,,
2026-10-04T20:01:41.654341+00:00,nfl,2026,4,401872966,4018729661462,2,7:29,C.Skattebo left guard to ARZ 28 for 6 yards (R.Lopez).,2,3,ARI 34,66,-8,New York Giants,Arizona Cardinals,6,14,77.6,22.4,232.0,87.0,319.0,121.0,115.0,236.0,game,Spread,Arizona Cardinals,,1.5,novig,135.0,—,—,,-8,,hit,,,,—,,
2026-10-04T20:01:41.654341+00:00,nfl,2026,4,401872966,4018729661462,2,7:29,C.Skattebo left guard to ARZ 28 for 6 yards (R.Lopez).,2,3,ARI 34,66,-8,New York Giants,Arizona Cardinals,6,14,77.6,22.4,232.0,87.0,319.0,121.0,115.0,236.0,game,Spread,New York Giants,,-1.5,polymarket,-355.0,—,—,,-8,,miss,,,,—,,
2026-10-04T20:01:41.654341+00:00,nfl,2026,4,401872966,4018729661462,2,7:29,C.Skattebo left guard to ARZ 28 for 6 yards (R.Lopez).,2,3,ARI 34,66,-8,New York Giants,Arizona Cardinals,6,14,77.6,22.4,232.0,87.0,319.0,121.0,115.0,236.0,game,Total,Over,,55.5,kalshi,-567.0,—,—,,20.0,,miss,,,,—,,
2026-10-04T20:01:41.654341+00:00,nfl,2026,4,401872966,4018729661462,2,7:29,C.Skattebo left guard to ARZ 28 for 6 yards (R.Lopez).,2,3,ARI 34,66,-8,New York Giants,Arizona Cardinals,6,14,77.6,22.4,232.0,87.0,319.0,121.0,115.0,236.0,game,Total,Under,,55.5,novig,-301.0,—,—,,20.0,,hit,,,,—,,
2026-10-04T20:01:41.654341+00:00,nfl,2026,4,401872966,4018729661462,2,7:29,C.Skattebo left guard to ARZ 28 for 6 yards (R.Lopez).,2,3,ARI 34,66,-8,New York Giants,Arizona Cardinals,6,14,77.6,22.4,232.0,87.0,319.0,121.0,115.0,236.0,game,ML,Arizona Cardinals,,,stn,300.0,—,—,,Win,,hit,,,,—,,
2026-10-04T20:01:41.654341+00:00,nfl,2026,4,401872966,4018729661462,2,7:29,C.Skattebo left guard to ARZ 28 for 6 yards (R.Lopez).,2,3,ARI 34,66,-8,New York Giants,Arizona Cardinals,6,14,77.6,22.4,232.0,87.0,319.0,121.0,115.0,236.0,game,ML,New York Giants,,,novig,-223.0,—,—,,Loss,,miss,,,,—,,
2026-10-04T20:01:41.654341+00:00,nfl,2026,4,401872966,4018729661484,2,6:50,C.Skattebo left guard to ARZ 25 for 3 yards (J.Gibbens).,1,10,ARI 28,72,-8,New York Giants,Arizona Cardinals,6,14,77.6,22.4,232.0,87.0,319.0,121.0,115.0,236.0,game,Spread,Arizona Cardinals,,1.5,novig,135.0,—,—,,-8,,hit,,,,—,,
2026-10-04T20:01:41.654341+00:00,nfl,2026,4,401872966,4018729661484,2,6:50,C.Skattebo left guard to ARZ 25 for 3 yards (J.Gibbens).,1,10,ARI 28,72,-8,New York Giants,Arizona Cardinals,6,14,77.6,22.4,232.0,87.0,319.0,121.0,115.0,236.0,game,Spread,New York Giants,,-1.5,polymarket,-355.0,—,—,,-8,,miss,,,,—,,
2026-10-04T20:01:41.654341+00:00,nfl,2026,4,401872966,4018729661484,2,6:50,C.Skattebo left guard to ARZ 25 for 3 yards (J.Gibbens).,1,10,ARI 28,72,-8,New York Giants,Arizona Cardinals,6,14,77.6,22.4,232.0,87.0,319.0,121.0,115.0,236.0,game,Total,Over,,55.5,kalshi,-567.0,—,—,,20.0,,miss,,,,—,,
2026-10-04T20:01:41.654341+00:00,nfl,2026,4,401872966,4018729661484,2,6:50,C.Skattebo left guard to ARZ 25 for 3 yards (J.Gibbens).,1,10,ARI 28,72,-8,New York Giants,Arizona Cardinals,6,14,77.6,22.4,232.0,87.0,319.0,121.0,115.0,236.0,game,Total,Under,,55.5,novig,-301.0,—,—,,20.0,,hit,,,,—,,
2026-10-04T20:01:41.654341+00:00,nfl,2026,4,401872966,4018729661484,2,6:50,C.Skattebo left guard to ARZ 25 for 3 yards (J.Gibbens).,1,10,ARI 28,72,-8,New York Giants,Arizona Cardinals,6,14,77.6,22.4,232.0,87.0,319.0,121.0,115.0,236.0,game,ML,Arizona Cardinals,,,stn,300.0,—,—,,Win,,hit,,,,—,,
2026-10-04T20:01:41.654341+00:00,nfl,2026,4,401872966,4018729661484,2,6:50,C.Skattebo left guard to ARZ 25 for 3 yards (J.Gibbens).,1,10,ARI 28,72,-8,New York Giants,Arizona Cardinals,6,14,77.6,22.4,232.0,87.0,319.0,121.0,115.0,236.0,game,ML,New York Giants,,,novig,-223.0,—,—,,Loss,,miss,,,,—,,
2026-10-04T20:01:41.654341+00:00,nfl,2026,4,401872966,4018729661506,2,6:12,"J.Winston pass short left to I.Likely pushed ob at ARZ 19 for 6 yards (M.Melton).New York Giants challenged the short of the line to gain ruling, and the play was REVERSED.J.Winston pass short left to I.Likely pushed ob at ARZ 18 for 7 yards (M.Melton).",2,7,ARI 25,75,-8,New York Giants,Arizona Cardinals,6,14,77.6,22.4,232.0,87.0,319.0,121.0,115.0,236.0,game,Spread,Arizona Cardinals,,1.5,novig,135.0,—,—,,-8,,hit,,,,—,,
2026-10-04T20:01:41.654341+00:00,nfl,2026,4,401872966,4018729661506,2,6:12,"J.Winston pass short left to I.Likely pushed ob at ARZ 19 for 6 yards (M.Melton).New York Giants challenged the short of the line to gain ruling, and the play was REVERSED.J.Winston pass short left to I.Likely pushed ob at ARZ 18 for 7 yards (M.Melton).",2,7,ARI 25,75,-8,New York Giants,Arizona Cardinals,6,14,77.6,22.4,232.0,87.0,319.0,121.0,115.0,236.0,game,Spread,New York Giants,,-1.5,polymarket,-355.0,—,—,,-8,,miss,,,,—,,
2026-10-04T20:01:41.654341+00:00,nfl,2026,4,401872966,4018729661506,2,6:12,"J.Winston pass short left to I.Likely pushed ob at ARZ 19 for 6 yards (M.Melton).New York Giants challenged the short of the line to gain ruling, and the play was REVERSED.J.Winston pass short left to I.Likely pushed ob at ARZ 18 for 7 yards (M.Melton).",2,7,ARI 25,75,-8,New York Giants,Arizona Cardinals,6,14,77.6,22.4,232.0,87.0,319.0,121.0,115.0,236.0,game,Total,Over,,55.5,kalshi,-567.0,—,—,,20.0,,miss,,,,—,,
2026-10-04T20:01:41.654341+00:00,nfl,2026,4,401872966,4018729661506,2,6:12,"J.Winston pass short left to I.Likely pushed ob at ARZ 19 for 6 yards (M.Melton).New York Giants challenged the short of the line to gain ruling, and the play was REVERSED.J.Winston pass short left to I.Likely pushed ob at ARZ 18 for 7 yards (M.Melton).",2,7,ARI 25,75,-8,New York Giants,Arizona Cardinals,6,14,77.6,22.4,232.0,87.0,319.0,121.0,115.0,236.0,game,Total,Under,,55.5,novig,-301.0,—,—,,20.0,,hit,,,,—,,
2026-10-04T20:01:41.654341+00:00,nfl,2026,4,401872966,4018729661506,2,6:12,"J.Winston pass short left to I.Likely pushed ob at ARZ 19 for 6 yards (M.Melton).New York Giants challenged the short of the line to gain ruling, and the play was REVERSED.J.Winston pass short left to I.Likely pushed ob at ARZ 18 for 7 yards (M.Melton).",2,7,ARI 25,75,-8,New York Giants,Arizona Cardinals,6,14,77.6,22.4,232.0,87.0,319.0,121.0,115.0,236.0,game,ML,Arizona Cardinals,,,stn,300.0,—,—,,Win,,hit,,,,—,,
2026-10-04T20:01:41.654341+00:00,nfl,2026,4,401872966,4018729661506,2,6:12,"J.Winston pass short left to I.Likely pushed ob at ARZ 19 for 6 yards (M.Melton).New York Giants challenged the short of the line to gain ruling, and the play was REVERSED.J.Winston pass short left to I.Likely pushed ob at ARZ 18 for 7 yards (M.Melton).",2,7,ARI 25,75,-8,New York Giants,Arizona Cardinals,6,14,77.6,22.4,232.0,87.0,319.0,121.0,115.0,236.0,game,ML,New York Giants,,,novig,-223.0,—,—,,Loss,,miss,,,,—,,
2026-10-04T20:01:41.654341+00:00,nfl,2026,4,401872966,4018729661536,2,5:56,C.Skattebo left tackle to ARZ 17 for 1 yard (D.Robinson).,1,10,ARI 18,82,-8,New York Giants,Arizona Cardinals,6,14,77.6,22.4,232.0,87.0,319.0,121.0,115.0,236.0,game,Spread,Arizona Cardinals,,1.5,novig,135.0,—,—,,-8,,hit,,,,—,,
2026-10-04T20:01:41.654341+00:00,nfl,2026,4,401872966,4018729661536,2,5:56,C.Skattebo left tackle to ARZ 17 for 1 yard (D.Robinson).,1,10,ARI 18,82,-8,New York Giants,Arizona Cardinals,6,14,77.6,22.4,232.0,87.0,319.0,121.0,115.0,236.0,game,Spread,New York Giants,,-1.5,polymarket,-355.0,—,—,,-8,,miss,,,,—,,
2026-10-04T20:01:41.654341+00:00,nfl,2026,4,401872966,4018729661536,2,5:56,C.Skattebo left tackle to ARZ 17 for 1 yard (D.Robinson).,1,10,ARI 18,82,-8,New York Giants,Arizona Cardinals,6,14,77.6,22.4,232.0,87.0,319.0,121.0,115.0,236.0,game,Total,Over,,55.5,kalshi,-567.0,—,—,,20.0,,miss,,,,—,,
2026-10-04T20:01:41.654341+00:00,nfl,2026,4,401872966,4018729661536,2,5:56,C.Skattebo left tackle to ARZ 17 for 1 yard (D.Robinson).,1,10,ARI 18,82,-8,New York Giants,Arizona Cardinals,6,14,77.6,22.4,232.0,87.0,319.0,121.0,115.0,236.0,game,Total,Under,,55.5,novig,-301.0,—,—,,20.0,,hit,,,,—,,
2026-10-04T20:01:41.654341+00:00,nfl,2026,4,401872966,4018729661536,2,5:56,C.Skattebo left tackle to ARZ 17 for 1 yard (D.Robinson).,1,10,ARI 18,82,-8,New York Giants,Arizona Cardinals,6,14,77.6,22.4,232.0,87.0,319.0,121.0,115.0,236.0,game,ML,Arizona Cardinals,,,stn,300.0,—,—,,Win,,hit,,,,—,,
2026-10-04T20:01:41.654341+00:00,nfl,2026,4,401872966,4018729661536,2,5:56,C.Skattebo left tackle to ARZ 17 for 1 yard (D.Robinson).,1,10,ARI 18,82,-8,New York Giants,Arizona Cardinals,6,14,77.6,22.4,232.0,87.0,319.0,121.0,115.0,236.0,game,ML,New York Giants,,,novig,-223.0,—,—,,Loss,,miss,,,,—,,
2026-10-04T20:01:41.654341+00:00,nfl,2026,4,401872966,4018729661588,2,5:20,(Shotgun) J.Winston pass short right to I.Likely to ARZ 12 for 5 yards (G.Williams).,2,9,ARI 17,83,-8,New York Giants,Arizona Cardinals,6,14,77.6,22.4,232.0,87.0,319.0,121.0,115.0,236.0,game,Spread,Arizona Cardinals,,1.5,novig,135.0,—,—,,-8,,hit,,,,—,,
2026-10-04T20:01:41.654341+00:00,nfl,2026,4,401872966,4018729661588,2,5:20,(Shotgun) J.Winston pass short right to I.Likely to ARZ 12 for 5 yards (G.Williams).,2,9,ARI 17,83,-8,New York Giants,Arizona Cardinals,6,14,77.6,22.4,232.0,87.0,319.0,121.0,115.0,236.0,game,Spread,New York Giants,,-1.5,polymarket,-355.0,—,—,,-8,,miss,,,,—,,
2026-10-04T20:01:41.654341+00:00,nfl,2026,4,401872966,4018729661588,2,5:20,(Shotgun) J.Winston pass short right to I.Likely to ARZ 12 for 5 yards (G.Williams).,2,9,ARI 17,83,-8,New York Giants,Arizona Cardinals,6,14,77.6,22.4,232.0,87.0,319.0,121.0,115.0,236.0,game,Total,Over,,55.5,kalshi,-567.0,—,—,,20.0,,miss,,,,—,,
2026-10-04T20:01:41.654341+00:00,nfl,2026,4,401872966,4018729661588,2,5:20,(Shotgun) J.Winston pass short right to I.Likely to ARZ 12 for 5 yards (G.Williams).,2,9,ARI 17,83,-8,New York Giants,Arizona Cardinals,6,14,77.6,22.4,232.0,87.0,319.0,121.0,115.0,236.0,game,Total,Under,,55.5,novig,-301.0,—,—,,20.0,,hit,,,,—,,
2026-10-04T20:01:41.654341+00:00,nfl,2026,4,401872966,4018729661588,2,5:20,(Shotgun) J.Winston pass short right to I.Likely to ARZ 12 for 5 yards (G.Williams).,2,9,ARI 17,83,-8,New York Giants,Arizona Cardinals,6,14,77.6,22.4,232.0,87.0,319.0,121.0,115.0,236.0,game,ML,Arizona Cardinals,,,stn,300.0,—,—,,Win,,hit,,,,—,,
2026-10-04T20:01:41.654341+00:00,nfl,2026,4,401872966,4018729661588,2,5:20,(Shotgun) J.Winston pass short right to I.Likely to ARZ 12 for 5 yards (G.Williams).,2,9,ARI 17,83,-8,New York Giants,Arizona Cardinals,6,14,77.6,22.4,232.0,87.0,319.0,121.0,115.0,236.0,game,ML,New York Giants,,,novig,-223.0,—,—,,Loss,,miss,,,,—,,
2026-10-04T20:01:41.654341+00:00,nfl,2026,4,401872966,4018729661613,2,4:30,"(Shotgun) J.Winston pass short right to M.Fields for 12 yards, TOUCHDOWN. TWO-POINT CONVERSION ATTEMPT. J.Winston pass to C.Manhertz is incomplete. ATTEMPT FAILS.",3,4,ARI 12,88,-2,New York Giants,Arizona Cardinals,12,14,77.6,22.4,232.0,87.0,319.0,121.0,115.0,236.0,game,Spread,Arizona Cardinals,,1.5,novig,135.0,—,—,,-2,,hit,,,,—,,
2026-10-04T20:01:41.654341+00:00,nfl,2026,4,401872966,4018729661613,2,4:30,"(Shotgun) J.Winston pass short right to M.Fields for 12 yards, TOUCHDOWN. TWO-POINT CONVERSION ATTEMPT. J.Winston pass to C.Manhertz is incomplete. ATTEMPT FAILS.",3,4,ARI 12,88,-2,New York Giants,Arizona Cardinals,12,14,77.6,22.4,232.0,87.0,319.0,121.0,115.0,236.0,game,Spread,New York Giants,,-1.5,polymarket,-355.0,—,—,,-2,,miss,,,,—,,
2026-10-04T20:01:41.654341+00:00,nfl,2026,4,401872966,4018729661613,2,4:30,"(Shotgun) J.Winston pass short right to M.Fields for 12 yards, TOUCHDOWN. TWO-POINT CONVERSION ATTEMPT. J.Winston pass to C.Manhertz is incomplete. ATTEMPT FAILS.",3,4,ARI 12,88,-2,New York Giants,Arizona Cardinals,12,14,77.6,22.4,232.0,87.0,319.0,121.0,115.0,236.0,game,Total,Over,,55.5,kalshi,-567.0,—,—,,26.0,,miss,,,,—,,
2026-10-04T20:01:41.654341+00:00,nfl,2026,4,401872966,4018729661613,2,4:30,"(Shotgun) J.Winston pass short right to M.Fields for 12 yards, TOUCHDOWN. TWO-POINT CONVERSION ATTEMPT. J.Winston pass to C.Manhertz is incomplete. ATTEMPT FAILS.",3,4,ARI 12,88,-2,New York Giants,Arizona Cardinals,12,14,77.6,22.4,232.0,87.0,319.0,121.0,115.0,236.0,game,Total,Under,,55.5,novig,-301.0,—,—,,26.0,,hit,,,,—,,
2026-10-04T20:01:41.654341+00:00,nfl,2026,4,401872966,4018729661613,2,4:30,"(Shotgun) J.Winston pass short right to M.Fields for 12 yards, TOUCHDOWN. TWO-POINT CONVERSION ATTEMPT. J.Winston pass to C.Manhertz is incomplete. ATTEMPT FAILS.",3,4,ARI 12,88,-2,New York Giants,Arizona Cardinals,12,14,77.6,22.4,232.0,87.0,319.0,121.0,115.0,236.0,game,ML,Arizona Cardinals,,,stn,300.0,—,—,,Win,,hit,,,,—,,
2026-10-04T20:01:41.654341+00:00,nfl,2026,4,401872966,4018729661613,2,4:30,"(Shotgun) J.Winston pass short right to M.Fields for 12 yards, TOUCHDOWN. TWO-POINT CONVERSION ATTEMPT. J.Winston pass to C.Manhertz is incomplete. ATTEMPT FAILS.",3,4,ARI 12,88,-2,New York Giants,Arizona Cardinals,12,14,77.6,22.4,232.0,87.0,319.0,121.0,115.0,236.0,game,ML,New York Giants,,,novig,-223.0,—,—,,Loss,,miss,,,,—,,
2026-10-04T20:01:41.654341+00:00,nfl,2026,4,401872966,4018729661652,2,4:30,D.Zvada kicks 63 yards from NYG 35 to ARZ 2. J.Brooks to ARZ 27 for 25 yards (M.McFadden; T.Tracy).,1,10,ARI 33,35,-2,New York Giants,Arizona Cardinals,12,14,77.6,22.4,232.0,87.0,319.0,121.0,115.0,236.0,game,Spread,Arizona Cardinals,,1.5,novig,135.0,—,—,,-2,,hit,,,,—,,
2026-10-04T20:01:41.654341+00:00,nfl,2026,4,401872966,4018729661652,2,4:30,D.Zvada kicks 63 yards from NYG 35 to ARZ 2. J.Brooks to ARZ 27 for 25 yards (M.McFadden; T.Tracy).,1,10,ARI 33,35,-2,New York Giants,Arizona Cardinals,12,14,77.6,22.4,232.0,87.0,319.0,121.0,115.0,236.0,game,Spread,New York Giants,,-1.5,polymarket,-355.0,—,—,,-2,,miss,,,,—,,
2026-10-04T20:01:41.654341+00:00,nfl,2026,4,401872966,4018729661652,2,4:30,D.Zvada kicks 63 yards from NYG 35 to ARZ 2. J.Brooks to ARZ 27 for 25 yards (M.McFadden; T.Tracy).,1,10,ARI 33,35,-2,New York Giants,Arizona Cardinals,12,14,77.6,22.4,232.0,87.0,319.0,121.0,115.0,236.0,game,Total,Over,,55.5,kalshi,-567.0,—,—,,26.0,,miss,,,,—,,
2026-10-04T20:01:41.654341+00:00,nfl,2026,4,401872966,4018729661652,2,4:30,D.Zvada kicks 63 yards from NYG 35 to ARZ 2. J.Brooks to ARZ 27 for 25 yards (M.McFadden; T.Tracy).,1,10,ARI 33,35,-2,New York Giants,Arizona Cardinals,12,14,77.6,22.4,232.0,87.0,319.0,121.0,115.0,236.0,game,Total,Under,,55.5,novig,-301.0,—,—,,26.0,,hit,,,,—,,
2026-10-04T20:01:41.654341+00:00,nfl,2026,4,401872966,4018729661652,2,4:30,D.Zvada kicks 63 yards from NYG 35 to ARZ 2. J.Brooks to ARZ 27 for 25 yards (M.McFadden; T.Tracy).,1,10,ARI 33,35,-2,New York Giants,Arizona Cardinals,12,14,77.6,22.4,232.0,87.0,319.0,121.0,115.0,236.0,game,ML,Arizona Cardinals,,,stn,300.0,—,—,,Win,,hit,,,,—,,
2026-10-04T20:01:41.654341+00:00,nfl,2026,4,401872966,4018729661652,2,4:30,D.Zvada kicks 63 yards from NYG 35 to ARZ 2. J.Brooks to ARZ 27 for 25 yards (M.McFadden; T.Tracy).,1,10,ARI 33,35,-2,New York Giants,Arizona Cardinals,12,14,77.6,22.4,232.0,87.0,319.0,121.0,115.0,236.0,game,ML,New York Giants,,,novig,-223.0,—,—,,Loss,,miss,,,,—,,
2026-10-04T20:01:41.654341+00:00,nfl,2026,4,401872966,4018729661675,2,4:24,J.Love left end to ARZ 32 for 5 yards (D.Banks; J.Holland).,1,10,ARI 27,73,-2,New York Giants,Arizona Cardinals,12,14,77.6,22.4,232.0,87.0,319.0,121.0,115.0,236.0,game,Spread,Arizona Cardinals,,1.5,novig,135.0,—,—,,-2,,hit,,,,—,,
2026-10-04T20:01:41.654341+00:00,nfl,2026,4,401872966,4018729661675,2,4:24,J.Love left end to ARZ 32 for 5 yards (D.Banks; J.Holland).,1,10,ARI 27,73,-2,New York Giants,Arizona Cardinals,12,14,77.6,22.4,232.0,87.0,319.0,121.0,115.0,236.0,game,Spread,New York Giants,,-1.5,polymarket,-355.0,—,—,,-2,,miss,,,,—,,
2026-10-04T20:01:41.654341+00:00,nfl,2026,4,401872966,4018729661675,2,4:24,J.Love left end to ARZ 32 for 5 yards (D.Banks; J.Holland).,1,10,ARI 27,73,-2,New York Giants,Arizona Cardinals,12,14,77.6,22.4,232.0,87.0,319.0,121.0,115.0,236.0,game,Total,Over,,55.5,kalshi,-567.0,—,—,,26.0,,miss,,,,—,,
2026-10-04T20:01:41.654341+00:00,nfl,2026,4,401872966,4018729661675,2,4:24,J.Love left end to ARZ 32 for 5 yards (D.Banks; J.Holland).,1,10,ARI 27,73,-2,New York Giants,Arizona Cardinals,12,14,77.6,22.4,232.0,87.0,319.0,121.0,115.0,236.0,game,Total,Under,,55.5,novig,-301.0,—,—,,26.0,,hit,,,,—,,
2026-10-04T20:01:41.654341+00:00,nfl,2026,4,401872966,4018729661675,2,4:24,J.Love left end to ARZ 32 for 5 yards (D.Banks; J.Holland).,1,10,ARI 27,73,-2,New York Giants,Arizona Cardinals,12,14,77.6,22.4,232.0,87.0,319.0,121.0,115.0,236.0,game,ML,Arizona Cardinals,,,stn,300.0,—,—,,Win,,hit,,,,—,,
2026-10-04T20:01:41.654341+00:00,nfl,2026,4,401872966,4018729661675,2,4:24,J.Love left end to ARZ 32 for 5 yards (D.Banks; J.Holland).,1,10,ARI 27,73,-2,New York Giants,Arizona Cardinals,12,14,77.6,22.4,232.0,87.0,319.0,121.0,115.0,236.0,game,ML,New York Giants,,,novig,-223.0,—,—,,Loss,,miss,,,,—,,
2026-10-04T20:01:41.654341+00:00,nfl,2026,4,401872966,4018729661697,2,3:50,J.Love left end pushed ob at ARZ 35 for 3 yards (D.Banks).,2,5,ARI 32,68,-2,New York Giants,Arizona Cardinals,12,14,77.6,22.4,232.0,87.0,319.0,121.0,115.0,236.0,game,Spread,Arizona Cardinals,,1.5,novig,135.0,—,—,,-2,,hit,,,,—,,
2026-10-04T20:01:41.654341+00:00,nfl,2026,4,401872966,4018729661697,2,3:50,J.Love left end pushed ob at ARZ 35 for 3 yards (D.Banks).,2,5,ARI 32,68,-2,New York Giants,Arizona Cardinals,12,14,77.6,22.4,232.0,87.0,319.0,121.0,115.0,236.0,game,Spread,New York Giants,,-1.5,polymarket,-355.0,—,—,,-2,,miss,,,,—,,
2026-10-04T20:01:41.654341+00:00,nfl,2026,4,401872966,4018729661697,2,3:50,J.Love left end pushed ob at ARZ 35 for 3 yards (D.Banks).,2,5,ARI 32,68,-2,New York Giants,Arizona Cardinals,12,14,77.6,22.4,232.0,87.0,319.0,121.0,115.0,236.0,game,Total,Over,,55.5,kalshi,-567.0,—,—,,26.0,,miss,,,,—,,
2026-10-04T20:01:41.654341+00:00,nfl,2026,4,401872966,4018729661697,2,3:50,J.Love left end pushed ob at ARZ 35 for 3 yards (D.Banks).,2,5,ARI 32,68,-2,New York Giants,Arizona Cardinals,12,14,77.6,22.4,232.0,87.0,319.0,121.0,115.0,236.0,game,Total,Under,,55.5,novig,-301.0,—,—,,26.0,,hit,,,,—,,
2026-10-04T20:01:41.654341+00:00,nfl,2026,4,401872966,4018729661697,2,3:50,J.Love left end pushed ob at ARZ 35 for 3 yards (D.Banks).,2,5,ARI 32,68,-2,New York Giants,Arizona Cardinals,12,14,77.6,22.4,232.0,87.0,319.0,121.0,115.0,236.0,game,ML,Arizona Cardinals,,,stn,300.0,—,—,,Win,,hit,,,,—,,
2026-10-04T20:01:41.654341+00:00,nfl,2026,4,401872966,4018729661697,2,3:50,J.Love left end pushed ob at ARZ 35 for 3 yards (D.Banks).,2,5,ARI 32,68,-2,New York Giants,Arizona Cardinals,12,14,77.6,22.4,232.0,87.0,319.0,121.0,115.0,236.0,game,ML,New York Giants,,,novig,-223.0,—,—,,Loss,,miss,,,,—,,
2026-10-04T20:01:41.654341+00:00,nfl,2026,4,401872966,4018729661724,2,3:15,(Shotgun) J.Brissett pass short left intended for Mi.Wilson INTERCEPTED by A.Reese (S.Harris) at ARZ 34. A.Reese to ARZ 26 for 8 yards (I.Adams).,3,2,ARI 35,65,-2,New York Giants,Arizona Cardinals,12,14,77.6,22.4,232.0,87.0,319.0,121.0,115.0,236.0,game,Spread,Arizona Cardinals,,1.5,novig,135.0,—,—,,-2,,hit,,,,—,,
2026-10-04T20:01:41.654341+00:00,nfl,2026,4,401872966,4018729661724,2,3:15,(Shotgun) J.Brissett pass short left intended for Mi.Wilson INTERCEPTED by A.Reese (S.Harris) at ARZ 34. A.Reese to ARZ 26 for 8 yards (I.Adams).,3,2,ARI 35,65,-2,New York Giants,Arizona Cardinals,12,14,77.6,22.4,232.0,87.0,319.0,121.0,115.0,236.0,game,Spread,New York Giants,,-1.5,polymarket,-355.0,—,—,,-2,,miss,,,,—,,
2026-10-04T20:01:41.654341+00:00,nfl,2026,4,401872966,4018729661724,2,3:15,(Shotgun) J.Brissett pass short left intended for Mi.Wilson INTERCEPTED by A.Reese (S.Harris) at ARZ 34. A.Reese to ARZ 26 for 8 yards (I.Adams).,3,2,ARI 35,65,-2,New York Giants,Arizona Cardinals,12,14,77.6,22.4,232.0,87.0,319.0,121.0,115.0,236.0,game,Total,Over,,55.5,kalshi,-567.0,—,—,,26.0,,miss,,,,—,,
2026-10-04T20:01:41.654341+00:00,nfl,2026,4,401872966,4018729661724,2,3:15,(Shotgun) J.Brissett pass short left intended for Mi.Wilson INTERCEPTED by A.Reese (S.Harris) at ARZ 34. A.Reese to ARZ 26 for 8 yards (I.Adams).,3,2,ARI 35,65,-2,New York Giants,Arizona Cardinals,12,14,77.6,22.4,232.0,87.0,319.0,121.0,115.0,236.0,game,Total,Under,,55.5,novig,-301.0,—,—,,26.0,,hit,,,,—,,
2026-10-04T20:01:41.654341+00:00,nfl,2026,4,401872966,4018729661724,2,3:15,(Shotgun) J.Brissett pass short left intended for Mi.Wilson INTERCEPTED by A.Reese (S.Harris) at ARZ 34. A.Reese to ARZ 26 for 8 yards (I.Adams).,3,2,ARI 35,65,-2,New York Giants,Arizona Cardinals,12,14,77.6,22.4,232.0,87.0,319.0,121.0,115.0,236.0,game,ML,Arizona Cardinals,,,stn,300.0,—,—,,Win,,hit,,,,—,,
2026-10-04T20:01:41.654341+00:00,nfl,2026,4,401872966,4018729661724,2,3:15,(Shotgun) J.Brissett pass short left intended for Mi.Wilson INTERCEPTED by A.Reese (S.Harris) at ARZ 34. A.Reese to ARZ 26 for 8 yards (I.Adams).,3,2,ARI 35,65,-2,New York Giants,Arizona Cardinals,12,14,77.6,22.4,232.0,87.0,319.0,121.0,115.0,236.0,game,ML,New York Giants,,,novig,-223.0,—,—,,Loss,,miss,,,,—,,
2026-10-04T20:01:41.654341+00:00,nfl,2026,4,401872966,4018729661761,2,3:09,C.Skattebo right end to ARZ 25 for 1 yard (B.Browning).,1,10,ARI 26,74,-2,New York Giants,Arizona Cardinals,12,14,77.6,22.4,232.0,87.0,319.0,121.0,115.0,236.0,game,Spread,Arizona Cardinals,,1.5,novig,135.0,—,—,,-2,,hit,,,,—,,
2026-10-04T20:01:41.654341+00:00,nfl,2026,4,401872966,4018729661761,2,3:09,C.Skattebo right end to ARZ 25 for 1 yard (B.Browning).,1,10,ARI 26,74,-2,New York Giants,Arizona Cardinals,12,14,77.6,22.4,232.0,87.0,319.0,121.0,115.0,236.0,game,Spread,New York Giants,,-1.5,polymarket,-355.0,—,—,,-2,,miss,,,,—,,
2026-10-04T20:01:41.654341+00:00,nfl,2026,4,401872966,4018729661761,2,3:09,C.Skattebo right end to ARZ 25 for 1 yard (B.Browning).,1,10,ARI 26,74,-2,New York Giants,Arizona Cardinals,12,14,77.6,22.4,232.0,87.0,319.0,121.0,115.0,236.0,game,Total,Over,,55.5,kalshi,-567.0,—,—,,26.0,,miss,,,,—,,
2026-10-04T20:01:41.654341+00:00,nfl,2026,4,401872966,4018729661761,2,3:09,C.Skattebo right end to ARZ 25 for 1 yard (B.Browning).,1,10,ARI 26,74,-2,New York Giants,Arizona Cardinals,12,14,77.6,22.4,232.0,87.0,319.0,121.0,115.0,236.0,game,Total,Under,,55.5,novig,-301.0,—,—,,26.0,,hit,,,,—,,
2026-10-04T20:01:41.654341+00:00,nfl,2026,4,401872966,4018729661761,2,3:09,C.Skattebo right end to ARZ 25 for 1 yard (B.Browning).,1,10,ARI 26,74,-2,New York Giants,Arizona Cardinals,12,14,77.6,22.4,232.0,87.0,319.0,121.0,115.0,236.0,game,ML,Arizona Cardinals,,,stn,300.0,—,—,,Win,,hit,,,,—,,
2026-10-04T20:01:41.654341+00:00,nfl,2026,4,401872966,4018729661761,2,3:09,C.Skattebo right end to ARZ 25 for 1 yard (B.Browning).,1,10,ARI 26,74,-2,New York Giants,Arizona Cardinals,12,14,77.6,22.4,232.0,87.0,319.0,121.0,115.0,236.0,game,ML,New York Giants,,,novig,-223.0,—,—,,Loss,,miss,,,,—,,
2026-10-04T20:01:41.654341+00:00,nfl,2026,4,401872966,4018729661783,2,2:24,"(Shotgun) J.Winston pass deep middle to M.Nabers for 25 yards, TOUCHDOWN [D.Stills]. D.Zvada extra point is GOOD, Center-B.Mann, Holder-J.Stout.",2,9,ARI 25,75,5,New York Giants,Arizona Cardinals,19,14,77.6,22.4,232.0,87.0,319.0,121.0,115.0,236.0,game,Spread,Arizona Cardinals,,1.5,novig,135.0,—,—,,+5,,miss,,,,—,,
2026-10-04T20:01:41.654341+00:00,nfl,2026,4,401872966,4018729661783,2,2:24,"(Shotgun) J.Winston pass deep middle to M.Nabers for 25 yards, TOUCHDOWN [D.Stills]. D.Zvada extra point is GOOD, Center-B.Mann, Holder-J.Stout.",2,9,ARI 25,75,5,New York Giants,Arizona Cardinals,19,14,77.6,22.4,232.0,87.0,319.0,121.0,115.0,236.0,game,Spread,New York Giants,,-1.5,polymarket,-355.0,—,—,,+5,,hit,,,,—,,
2026-10-04T20:01:41.654341+00:00,nfl,2026,4,401872966,4018729661783,2,2:24,"(Shotgun) J.Winston pass deep middle to M.Nabers for 25 yards, TOUCHDOWN [D.Stills]. D.Zvada extra point is GOOD, Center-B.Mann, Holder-J.Stout.",2,9,ARI 25,75,5,New York Giants,Arizona Cardinals,19,14,77.6,22.4,232.0,87.0,319.0,121.0,115.0,236.0,game,Total,Over,,55.5,kalshi,-567.0,—,—,,33.0,,miss,,,,—,,
2026-10-04T20:01:41.654341+00:00,nfl,2026,4,401872966,4018729661783,2,2:24,"(Shotgun) J.Winston pass deep middle to M.Nabers for 25 yards, TOUCHDOWN [D.Stills]. D.Zvada extra point is GOOD, Center-B.Mann, Holder-J.Stout.",2,9,ARI 25,75,5,New York Giants,Arizona Cardinals,19,14,77.6,22.4,232.0,87.0,319.0,121.0,115.0,236.0,game,Total,Under,,55.5,novig,-301.0,—,—,,33.0,,hit,,,,—,,
2026-10-04T20:01:41.654341+00:00,nfl,2026,4,401872966,4018729661783,2,2:24,"(Shotgun) J.Winston pass deep middle to M.Nabers for 25 yards, TOUCHDOWN [D.Stills]. D.Zvada extra point is GOOD, Center-B.Mann, Holder-J.Stout.",2,9,ARI 25,75,5,New York Giants,Arizona Cardinals,19,14,77.6,22.4,232.0,87.0,319.0,121.0,115.0,236.0,game,ML,Arizona Cardinals,,,stn,300.0,—,—,,Loss,,miss,,,,—,,
2026-10-04T20:01:41.654341+00:00,nfl,2026,4,401872966,4018729661783,2,2:24,"(Shotgun) J.Winston pass deep middle to M.Nabers for 25 yards, TOUCHDOWN [D.Stills]. D.Zvada extra point is GOOD, Center-B.Mann, Holder-J.Stout.",2,9,ARI 25,75,5,New York Giants,Arizona Cardinals,19,14,77.6,22.4,232.0,87.0,319.0,121.0,115.0,236.0,game,ML,New York Giants,,,novig,-223.0,—,—,,Win,,hit,,,,—,,
2026-10-04T20:01:41.654341+00:00,nfl,2026,4,401872966,4018729661824,2,2:24,D.Zvada kicks 60 yards from NYG 35 to ARZ 5. J.Brooks to ARZ 31 for 26 yards (T.Johnson).,1,10,ARI 33,35,5,New York Giants,Arizona Cardinals,19,14,77.6,22.4,232.0,87.0,319.0,121.0,115.0,236.0,game,Spread,Arizona Cardinals,,1.5,novig,135.0,—,—,,+5,,miss,,,,—,,
2026-10-04T20:01:41.654341+00:00,nfl,2026,4,401872966,4018729661824,2,2:24,D.Zvada kicks 60 yards from NYG 35 to ARZ 5. J.Brooks to ARZ 31 for 26 yards (T.Johnson).,1,10,ARI 33,35,5,New York Giants,Arizona Cardinals,19,14,77.6,22.4,232.0,87.0,319.0,121.0,115.0,236.0,game,Spread,New York Giants,,-1.5,polymarket,-355.0,—,—,,+5,,hit,,,,—,,
2026-10-04T20:01:41.654341+00:00,nfl,2026,4,401872966,4018729661824,2,2:24,D.Zvada kicks 60 yards from NYG 35 to ARZ 5. J.Brooks to ARZ 31 for 26 yards (T.Johnson).,1,10,ARI 33,35,5,New York Giants,Arizona Cardinals,19,14,77.6,22.4,232.0,87.0,319.0,121.0,115.0,236.0,game,Total,Over,,55.5,kalshi,-567.0,—,—,,33.0,,miss,,,,—,,
2026-10-04T20:01:41.654341+00:00,nfl,2026,4,401872966,4018729661824,2,2:24,D.Zvada kicks 60 yards from NYG 35 to ARZ 5. J.Brooks to ARZ 31 for 26 yards (T.Johnson).,1,10,ARI 33,35,5,New York Giants,Arizona Cardinals,19,14,77.6,22.4,232.0,87.0,319.0,121.0,115.0,236.0,game,Total,Under,,55.5,novig,-301.0,—,—,,33.0,,hit,,,,—,,
2026-10-04T20:01:41.654341+00:00,nfl,2026,4,401872966,4018729661824,2,2:24,D.Zvada kicks 60 yards from NYG 35 to ARZ 5. J.Brooks to ARZ 31 for 26 yards (T.Johnson).,1,10,ARI 33,35,5,New York Giants,Arizona Cardinals,19,14,77.6,22.4,232.0,87.0,319.0,121.0,115.0,236.0,game,ML,Arizona Cardinals,,,stn,300.0,—,—,,Loss,,miss,,,,—,,
2026-10-04T20:01:41.654341+00:00,nfl,2026,4,401872966,4018729661824,2,2:24,D.Zvada kicks 60 yards from NYG 35 to ARZ 5. J.Brooks to ARZ 31 for 26 yards (T.Johnson).,1,10,ARI 33,35,5,New York Giants,Arizona Cardinals,19,14,77.6,22.4,232.0,87.0,319.0,121.0,115.0,236.0,game,ML,New York Giants,,,novig,-223.0,—,—,,Win,,hit,,,,—,,
2026-10-04T20:01:41.654341+00:00,nfl,2026,4,401872966,4018729661847,2,2:19,(Shotgun) T.Allgeier up the middle to ARZ 31 for no gain (A.Reese).,1,10,ARI 31,69,5,New York Giants,Arizona Cardinals,19,14,77.6,22.4,232.0,87.0,319.0,121.0,115.0,236.0,game,Spread,Arizona Cardinals,,1.5,novig,135.0,—,—,,+5,,miss,,,,—,,
2026-10-04T20:01:41.654341+00:00,nfl,2026,4,401872966,4018729661847,2,2:19,(Shotgun) T.Allgeier up the middle to ARZ 31 for no gain (A.Reese).,1,10,ARI 31,69,5,New York Giants,Arizona Cardinals,19,14,77.6,22.4,232.0,87.0,319.0,121.0,115.0,236.0,game,Spread,New York Giants,,-1.5,polymarket,-355.0,—,—,,+5,,hit,,,,—,,
2026-10-04T20:01:41.654341+00:00,nfl,2026,4,401872966,4018729661847,2,2:19,(Shotgun) T.Allgeier up the middle to ARZ 31 for no gain (A.Reese).,1,10,ARI 31,69,5,New York Giants,Arizona Cardinals,19,14,77.6,22.4,232.0,87.0,319.0,121.0,115.0,236.0,game,Total,Over,,55.5,kalshi,-567.0,—,—,,33.0,,miss,,,,—,,
2026-10-04T20:01:41.654341+00:00,nfl,2026,4,401872966,4018729661847,2,2:19,(Shotgun) T.Allgeier up the middle to ARZ 31 for no gain (A.Reese).,1,10,ARI 31,69,5,New York Giants,Arizona Cardinals,19,14,77.6,22.4,232.0,87.0,319.0,121.0,115.0,236.0,game,Total,Under,,55.5,novig,-301.0,—,—,,33.0,,hit,,,,—,,
2026-10-04T20:01:41.654341+00:00,nfl,2026,4,401872966,4018729661847,2,2:19,(Shotgun) T.Allgeier up the middle to ARZ 31 for no gain (A.Reese).,1,10,ARI 31,69,5,New York Giants,Arizona Cardinals,19,14,77.6,22.4,232.0,87.0,319.0,121.0,115.0,236.0,game,ML,Arizona Cardinals,,,stn,300.0,—,—,,Loss,,miss,,,,—,,
2026-10-04T20:01:41.654341+00:00,nfl,2026,4,401872966,4018729661847,2,2:19,(Shotgun) T.Allgeier up the middle to ARZ 31 for no gain (A.Reese).,1,10,ARI 31,69,5,New York Giants,Arizona Cardinals,19,14,77.6,22.4,232.0,87.0,319.0,121.0,115.0,236.0,game,ML,New York Giants,,,novig,-223.0,—,—,,Win,,hit,,,,—,,
2026-10-04T20:01:41.654341+00:00,nfl,2026,4,401872966,4018729661858,2,2:00,Two-Minute Warning,2,10,ARI 31,69,5,New York Giants,Arizona Cardinals,19,14,77.6,22.4,232.0,87.0,319.0,121.0,115.0,236.0,game,Spread,Arizona Cardinals,,1.5,novig,135.0,—,—,,+5,,miss,,,,—,,
2026-10-04T20:01:41.654341+00:00,nfl,2026,4,401872966,4018729661858,2,2:00,Two-Minute Warning,2,10,ARI 31,69,5,New York Giants,Arizona Cardinals,19,14,77.6,22.4,232.0,87.0,319.0,121.0,115.0,236.0,game,Spread,New York Giants,,-1.5,polymarket,-355.0,—,—,,+5,,hit,,,,—,,
2026-10-04T20:01:41.654341+00:00,nfl,2026,4,401872966,4018729661858,2,2:00,Two-Minute Warning,2,10,ARI 31,69,5,New York Giants,Arizona Cardinals,19,14,77.6,22.4,232.0,87.0,319.0,121.0,115.0,236.0,game,Total,Over,,55.5,kalshi,-567.0,—,—,,33.0,,miss,,,,—,,
2026-10-04T20:01:41.654341+00:00,nfl,2026,4,401872966,4018729661858,2,2:00,Two-Minute Warning,2,10,ARI 31,69,5,New York Giants,Arizona Cardinals,19,14,77.6,22.4,232.0,87.0,319.0,121.0,115.0,236.0,game,Total,Under,,55.5,novig,-301.0,—,—,,33.0,,hit,,,,—,,
2026-10-04T20:01:41.654341+00:00,nfl,2026,4,401872966,4018729661858,2,2:00,Two-Minute Warning,2,10,ARI 31,69,5,New York Giants,Arizona Cardinals,19,14,77.6,22.4,232.0,87.0,319.0,121.0,115.0,236.0,game,ML,Arizona Cardinals,,,stn,300.0,—,—,,Loss,,miss,,,,—,,
2026-10-04T20:01:41.654341+00:00,nfl,2026,4,401872966,4018729661858,2,2:00,Two-Minute Warning,2,10,ARI 31,69,5,New York Giants,Arizona Cardinals,19,14,77.6,22.4,232.0,87.0,319.0,121.0,115.0,236.0,game,ML,New York Giants,,,novig,-223.0,—,—,,Win,,hit,,,,—,,
2026-10-04T20:01:41.654341+00:00,nfl,2026,4,401872966,4018729661869,2,2:00,(Shotgun) J.Brissett sacked at ARZ 23 for -8 yards (B.Okoye).,2,10,ARI 31,69,5,New York Giants,Arizona Cardinals,19,14,77.6,22.4,232.0,87.0,319.0,121.0,115.0,236.0,game,Spread,Arizona Cardinals,,1.5,novig,135.0,—,—,,+5,,miss,,,,—,,
2026-10-04T20:01:41.654341+00:00,nfl,2026,4,401872966,4018729661869,2,2:00,(Shotgun) J.Brissett sacked at ARZ 23 for -8 yards (B.Okoye).,2,10,ARI 31,69,5,New York Giants,Arizona Cardinals,19,14,77.6,22.4,232.0,87.0,319.0,121.0,115.0,236.0,game,Spread,New York Giants,,-1.5,polymarket,-355.0,—,—,,+5,,hit,,,,—,,
2026-10-04T20:01:41.654341+00:00,nfl,2026,4,401872966,4018729661869,2,2:00,(Shotgun) J.Brissett sacked at ARZ 23 for -8 yards (B.Okoye).,2,10,ARI 31,69,5,New York Giants,Arizona Cardinals,19,14,77.6,22.4,232.0,87.0,319.0,121.0,115.0,236.0,game,Total,Over,,55.5,kalshi,-567.0,—,—,,33.0,,miss,,,,—,,
2026-10-04T20:01:41.654341+00:00,nfl,2026,4,401872966,4018729661869,2,2:00,(Shotgun) J.Brissett sacked at ARZ 23 for -8 yards (B.Okoye).,2,10,ARI 31,69,5,New York Giants,Arizona Cardinals,19,14,77.6,22.4,232.0,87.0,319.0,121.0,115.0,236.0,game,Total,Under,,55.5,novig,-301.0,—,—,,33.0,,hit,,,,—,,
2026-10-04T20:01:41.654341+00:00,nfl,2026,4,401872966,4018729661869,2,2:00,(Shotgun) J.Brissett sacked at ARZ 23 for -8 yards (B.Okoye).,2,10,ARI 31,69,5,New York Giants,Arizona Cardinals,19,14,77.6,22.4,232.0,87.0,319.0,121.0,115.0,236.0,game,ML,Arizona Cardinals,,,stn,300.0,—,—,,Loss,,miss,,,,—,,
2026-10-04T20:01:41.654341+00:00,nfl,2026,4,401872966,4018729661869,2,2:00,(Shotgun) J.Brissett sacked at ARZ 23 for -8 yards (B.Okoye).,2,10,ARI 31,69,5,New York Giants,Arizona Cardinals,19,14,77.6,22.4,232.0,87.0,319.0,121.0,115.0,236.0,game,ML,New York Giants,,,novig,-223.0,—,—,,Win,,hit,,,,—,,
2026-10-04T20:01:41.654341+00:00,nfl,2026,4,401872966,4018729661896,2,1:17,(Shotgun) J.Brissett pass short left to J.Love to ARZ 15 for -8 yards (A.Reese).,3,18,ARI 23,77,5,New York Giants,Arizona Cardinals,19,14,77.6,22.4,232.0,87.0,319.0,121.0,115.0,236.0,game,Spread,Arizona Cardinals,,1.5,novig,135.0,—,—,,+5,,miss,,,,—,,
2026-10-04T20:01:41.654341+00:00,nfl,2026,4,401872966,4018729661896,2,1:17,(Shotgun) J.Brissett pass short left to J.Love to ARZ 15 for -8 yards (A.Reese).,3,18,ARI 23,77,5,New York Giants,Arizona Cardinals,19,14,77.6,22.4,232.0,87.0,319.0,121.0,115.0,236.0,game,Spread,New York Giants,,-1.5,polymarket,-355.0,—,—,,+5,,hit,,,,—,,
2026-10-04T20:01:41.654341+00:00,nfl,2026,4,401872966,4018729661896,2,1:17,(Shotgun) J.Brissett pass short left to J.Love to ARZ 15 for -8 yards (A.Reese).,3,18,ARI 23,77,5,New York Giants,Arizona Cardinals,19,14,77.6,22.4,232.0,87.0,319.0,121.0,115.0,236.0,game,Total,Over,,55.5,kalshi,-567.0,—,—,,33.0,,miss,,,,—,,
2026-10-04T20:01:41.654341+00:00,nfl,2026,4,401872966,4018729661896,2,1:17,(Shotgun) J.Brissett pass short left to J.Love to ARZ 15 for -8 yards (A.Reese).,3,18,ARI 23,77,5,New York Giants,Arizona Cardinals,19,14,77.6,22.4,232.0,87.0,319.0,121.0,115.0,236.0,game,Total,Under,,55.5,novig,-301.0,—,—,,33.0,,hit,,,,—,,
2026-10-04T20:01:41.654341+00:00,nfl,2026,4,401872966,4018729661896,2,1:17,(Shotgun) J.Brissett pass short left to J.Love to ARZ 15 for -8 yards (A.Reese).,3,18,ARI 23,77,5,New York Giants,Arizona Cardinals,19,14,77.6,22.4,232.0,87.0,319.0,121.0,115.0,236.0,game,ML,Arizona Cardinals,,,stn,300.0,—,—,,Loss,,miss,,,,—,,
2026-10-04T20:01:41.654341+00:00,nfl,2026,4,401872966,4018729661896,2,1:17,(Shotgun) J.Brissett pass short left to J.Love to ARZ 15 for -8 yards (A.Reese).,3,18,ARI 23,77,5,New York Giants,Arizona Cardinals,19,14,77.6,22.4,232.0,87.0,319.0,121.0,115.0,236.0,game,ML,New York Giants,,,novig,-223.0,—,—,,Win,,hit,,,,—,,
2026-10-04T20:01:41.654341+00:00,nfl,2026,4,401872966,4018729661909,2,1:13,Timeout #1 by NYG at 01:13.,4,26,ARI 15,85,5,New York Giants,Arizona Cardinals,19,14,77.6,22.4,232.0,87.0,319.0,121.0,115.0,236.0,game,Spread,Arizona Cardinals,,1.5,novig,135.0,—,—,,+5,,miss,,,,—,,
2026-10-04T20:01:41.654341+00:00,nfl,2026,4,401872966,4018729661909,2,1:13,Timeout #1 by NYG at 01:13.,4,26,ARI 15,85,5,New York Giants,Arizona Cardinals,19,14,77.6,22.4,232.0,87.0,319.0,121.0,115.0,236.0,game,Spread,New York Giants,,-1.5,polymarket,-355.0,—,—,,+5,,hit,,,,—,,
2026-10-04T20:01:41.654341+00:00,nfl,2026,4,401872966,4018729661909,2,1:13,Timeout #1 by NYG at 01:13.,4,26,ARI 15,85,5,New York Giants,Arizona Cardinals,19,14,77.6,22.4,232.0,87.0,319.0,121.0,115.0,236.0,game,Total,Over,,55.5,kalshi,-567.0,—,—,,33.0,,miss,,,,—,,
2026-10-04T20:01:41.654341+00:00,nfl,2026,4,401872966,4018729661909,2,1:13,Timeout #1 by NYG at 01:13.,4,26,ARI 15,85,5,New York Giants,Arizona Cardinals,19,14,77.6,22.4,232.0,87.0,319.0,121.0,115.0,236.0,game,Total,Under,,55.5,novig,-301.0,—,—,,33.0,,hit,,,,—,,
2026-10-04T20:01:41.654341+00:00,nfl,2026,4,401872966,4018729661909,2,1:13,Timeout #1 by NYG at 01:13.,4,26,ARI 15,85,5,New York Giants,Arizona Cardinals,19,14,77.6,22.4,232.0,87.0,319.0,121.0,115.0,236.0,game,ML,Arizona Cardinals,,,stn,300.0,—,—,,Loss,,miss,,,,—,,
2026-10-04T20:01:41.654341+00:00,nfl,2026,4,401872966,4018729661909,2,1:13,Timeout #1 by NYG at 01:13.,4,26,ARI 15,85,5,New York Giants,Arizona Cardinals,19,14,77.6,22.4,232.0,87.0,319.0,121.0,115.0,236.0,game,ML,New York Giants,,,novig,-223.0,—,—,,Win,,hit,,,,—,,
2026-10-04T20:01:41.654341+00:00,nfl,2026,4,401872966,4018729661921,2,1:13,"B.Gillikin punts 37 yards to NYG 48, Center-C.Kreiter. B.Berrios to NYG 46 for -2 yards (W.Williams).",4,26,ARI 15,85,5,New York Giants,Arizona Cardinals,19,14,77.6,22.4,232.0,87.0,319.0,121.0,115.0,236.0,game,Spread,Arizona Cardinals,,1.5,novig,135.0,—,—,,+5,,miss,,,,—,,
2026-10-04T20:01:41.654341+00:00,nfl,2026,4,401872966,4018729661921,2,1:13,"B.Gillikin punts 37 yards to NYG 48, Center-C.Kreiter. B.Berrios to NYG 46 for -2 yards (W.Williams).",4,26,ARI 15,85,5,New York Giants,Arizona Cardinals,19,14,77.6,22.4,232.0,87.0,319.0,121.0,115.0,236.0,game,Spread,New York Giants,,-1.5,polymarket,-355.0,—,—,,+5,,hit,,,,—,,
2026-10-04T20:01:41.654341+00:00,nfl,2026,4,401872966,4018729661921,2,1:13,"B.Gillikin punts 37 yards to NYG 48, Center-C.Kreiter. B.Berrios to NYG 46 for -2 yards (W.Williams).",4,26,ARI 15,85,5,New York Giants,Arizona Cardinals,19,14,77.6,22.4,232.0,87.0,319.0,121.0,115.0,236.0,game,Total,Over,,55.5,kalshi,-567.0,—,—,,33.0,,miss,,,,—,,
2026-10-04T20:01:41.654341+00:00,nfl,2026,4,401872966,4018729661921,2,1:13,"B.Gillikin punts 37 yards to NYG 48, Center-C.Kreiter. B.Berrios to NYG 46 for -2 yards (W.Williams).",4,26,ARI 15,85,5,New York Giants,Arizona Cardinals,19,14,77.6,22.4,232.0,87.0,319.0,121.0,115.0,236.0,game,Total,Under,,55.5,novig,-301.0,—,—,,33.0,,hit,,,,—,,
2026-10-04T20:01:41.654341+00:00,nfl,2026,4,401872966,4018729661921,2,1:13,"B.Gillikin punts 37 yards to NYG 48, Center-C.Kreiter. B.Berrios to NYG 46 for -2 yards (W.Williams).",4,26,ARI 15,85,5,New York Giants,Arizona Cardinals,19,14,77.6,22.4,232.0,87.0,319.0,121.0,115.0,236.0,game,ML,Arizona Cardinals,,,stn,300.0,—,—,,Loss,,miss,,,,—,,
2026-10-04T20:01:41.654341+00:00,nfl,2026,4,401872966,4018729661921,2,1:13,"B.Gillikin punts 37 yards to NYG 48, Center-C.Kreiter. B.Berrios to NYG 46 for -2 yards (W.Williams).",4,26,ARI 15,85,5,New York Giants,Arizona Cardinals,19,14,77.6,22.4,232.0,87.0,319.0,121.0,115.0,236.0,game,ML,New York Giants,,,novig,-223.0,—,—,,Win,,hit,,,,—,,
2026-10-04T20:01:41.654341+00:00,nfl,2026,4,401872966,4018729661954,2,1:03,(Shotgun) J.Winston pass incomplete deep right to I.Likely.,1,10,NYG 46,46,5,New York Giants,Arizona Cardinals,19,14,77.6,22.4,232.0,87.0,319.0,121.0,115.0,236.0,game,Spread,Arizona Cardinals,,1.5,novig,135.0,—,—,,+5,,miss,,,,—,,
2026-10-04T20:01:41.654341+00:00,nfl,2026,4,401872966,4018729661954,2,1:03,(Shotgun) J.Winston pass incomplete deep right to I.Likely.,1,10,NYG 46,46,5,New York Giants,Arizona Cardinals,19,14,77.6,22.4,232.0,87.0,319.0,121.0,115.0,236.0,game,Spread,New York Giants,,-1.5,polymarket,-355.0,—,—,,+5,,hit,,,,—,,
2026-10-04T20:01:41.654341+00:00,nfl,2026,4,401872966,4018729661954,2,1:03,(Shotgun) J.Winston pass incomplete deep right to I.Likely.,1,10,NYG 46,46,5,New York Giants,Arizona Cardinals,19,14,77.6,22.4,232.0,87.0,319.0,121.0,115.0,236.0,game,Total,Over,,55.5,kalshi,-567.0,—,—,,33.0,,miss,,,,—,,
2026-10-04T20:01:41.654341+00:00,nfl,2026,4,401872966,4018729661954,2,1:03,(Shotgun) J.Winston pass incomplete deep right to I.Likely.,1,10,NYG 46,46,5,New York Giants,Arizona Cardinals,19,14,77.6,22.4,232.0,87.0,319.0,121.0,115.0,236.0,game,Total,Under,,55.5,novig,-301.0,—,—,,33.0,,hit,,,,—,,
2026-10-04T20:01:41.654341+00:00,nfl,2026,4,401872966,4018729661954,2,1:03,(Shotgun) J.Winston pass incomplete deep right to I.Likely.,1,10,NYG 46,46,5,New York Giants,Arizona Cardinals,19,14,77.6,22.4,232.0,87.0,319.0,121.0,115.0,236.0,game,ML,Arizona Cardinals,,,stn,300.0,—,—,,Loss,,miss,,,,—,,
2026-10-04T20:01:41.654341+00:00,nfl,2026,4,401872966,4018729661954,2,1:03,(Shotgun) J.Winston pass incomplete deep right to I.Likely.,1,10,NYG 46,46,5,New York Giants,Arizona Cardinals,19,14,77.6,22.4,232.0,87.0,319.0,121.0,115.0,236.0,game,ML,New York Giants,,,novig,-223.0,—,—,,Win,,hit,,,,—,,
2026-10-04T20:01:41.654341+00:00,nfl,2026,4,401872966,4018729661977,2,0:59,(Shotgun) J.Winston pass short left to M.Nabers to ARZ 48 for 6 yards (D.Burke).,2,10,NYG 46,46,5,New York Giants,Arizona Cardinals,19,14,77.6,22.4,232.0,87.0,319.0,121.0,115.0,236.0,game,Spread,Arizona Cardinals,,1.5,novig,135.0,—,—,,+5,,miss,,,,—,,
2026-10-04T20:01:41.654341+00:00,nfl,2026,4,401872966,4018729661977,2,0:59,(Shotgun) J.Winston pass short left to M.Nabers to ARZ 48 for 6 yards (D.Burke).,2,10,NYG 46,46,5,New York Giants,Arizona Cardinals,19,14,77.6,22.4,232.0,87.0,319.0,121.0,115.0,236.0,game,Spread,New York Giants,,-1.5,polymarket,-355.0,—,—,,+5,,hit,,,,—,,
2026-10-04T20:01:41.654341+00:00,nfl,2026,4,401872966,4018729661977,2,0:59,(Shotgun) J.Winston pass short left to M.Nabers to ARZ 48 for 6 yards (D.Burke).,2,10,NYG 46,46,5,New York Giants,Arizona Cardinals,19,14,77.6,22.4,232.0,87.0,319.0,121.0,115.0,236.0,game,Total,Over,,55.5,kalshi,-567.0,—,—,,33.0,,miss,,,,—,,
2026-10-04T20:01:41.654341+00:00,nfl,2026,4,401872966,4018729661977,2,0:59,(Shotgun) J.Winston pass short left to M.Nabers to ARZ 48 for 6 yards (D.Burke).,2,10,NYG 46,46,5,New York Giants,Arizona Cardinals,19,14,77.6,22.4,232.0,87.0,319.0,121.0,115.0,236.0,game,Total,Under,,55.5,novig,-301.0,—,—,,33.0,,hit,,,,—,,
2026-10-04T20:01:41.654341+00:00,nfl,2026,4,401872966,4018729661977,2,0:59,(Shotgun) J.Winston pass short left to M.Nabers to ARZ 48 for 6 yards (D.Burke).,2,10,NYG 46,46,5,New York Giants,Arizona Cardinals,19,14,77.6,22.4,232.0,87.0,319.0,121.0,115.0,236.0,game,ML,Arizona Cardinals,,,stn,300.0,—,—,,Loss,,miss,,,,—,,
2026-10-04T20:01:41.654341+00:00,nfl,2026,4,401872966,4018729661977,2,0:59,(Shotgun) J.Winston pass short left to M.Nabers to ARZ 48 for 6 yards (D.Burke).,2,10,NYG 46,46,5,New York Giants,Arizona Cardinals,19,14,77.6,22.4,232.0,87.0,319.0,121.0,115.0,236.0,game,ML,New York Giants,,,novig,-223.0,—,—,,Win,,hit,,,,—,,
2026-10-04T20:01:41.654341+00:00,nfl,2026,4,401872966,4018729662002,2,0:38,"(No Huddle, Shotgun) J.Winston pass short left to C.Skattebo pushed ob at ARZ 40 for 8 yards (J.Gibbens; D.Burke).",3,4,ARI 48,52,5,New York Giants,Arizona Cardinals,19,14,77.6,22.4,232.0,87.0,319.0,121.0,115.0,236.0,game,Spread,Arizona Cardinals,,1.5,novig,135.0,—,—,,+5,,miss,,,,—,,
2026-10-04T20:01:41.654341+00:00,nfl,2026,4,401872966,4018729662002,2,0:38,"(No Huddle, Shotgun) J.Winston pass short left to C.Skattebo pushed ob at ARZ 40 for 8 yards (J.Gibbens; D.Burke).",3,4,ARI 48,52,5,New York Giants,Arizona Cardinals,19,14,77.6,22.4,232.0,87.0,319.0,121.0,115.0,236.0,game,Spread,New York Giants,,-1.5,polymarket,-355.0,—,—,,+5,,hit,,,,—,,
2026-10-04T20:01:41.654341+00:00,nfl,2026,4,401872966,4018729662002,2,0:38,"(No Huddle, Shotgun) J.Winston pass short left to C.Skattebo pushed ob at ARZ 40 for 8 yards (J.Gibbens; D.Burke).",3,4,ARI 48,52,5,New York Giants,Arizona Cardinals,19,14,77.6,22.4,232.0,87.0,319.0,121.0,115.0,236.0,game,Total,Over,,55.5,kalshi,-567.0,—,—,,33.0,,miss,,,,—,,
2026-10-04T20:01:41.654341+00:00,nfl,2026,4,401872966,4018729662002,2,0:38,"(No Huddle, Shotgun) J.Winston pass short left to C.Skattebo pushed ob at ARZ 40 for 8 yards (J.Gibbens; D.Burke).",3,4,ARI 48,52,5,New York Giants,Arizona Cardinals,19,14,77.6,22.4,232.0,87.0,319.0,121.0,115.0,236.0,game,Total,Under,,55.5,novig,-301.0,—,—,,33.0,,hit,,,,—,,
2026-10-04T20:01:41.654341+00:00,nfl,2026,4,401872966,4018729662002,2,0:38,"(No Huddle, Shotgun) J.Winston pass short left to C.Skattebo pushed ob at ARZ 40 for 8 yards (J.Gibbens; D.Burke).",3,4,ARI 48,52,5,New York Giants,Arizona Cardinals,19,14,77.6,22.4,232.0,87.0,319.0,121.0,115.0,236.0,game,ML,Arizona Cardinals,,,stn,300.0,—,—,,Loss,,miss,,,,—,,
2026-10-04T20:01:41.654341+00:00,nfl,2026,4,401872966,4018729662002,2,0:38,"(No Huddle, Shotgun) J.Winston pass short left to C.Skattebo pushed ob at ARZ 40 for 8 yards (J.Gibbens; D.Burke).",3,4,ARI 48,52,5,New York Giants,Arizona Cardinals,19,14,77.6,22.4,232.0,87.0,319.0,121.0,115.0,236.0,game,ML,New York Giants,,,novig,-223.0,—,—,,Win,,hit,,,,—,,
2026-10-04T20:01:41.654341+00:00,nfl,2026,4,401872966,4018729662041,2,0:32,(Shotgun) J.Winston pass short middle intended for M.Fields INTERCEPTED by D.Burke [D.Stills] at ARZ 25. D.Burke to ARZ 25 for no gain (M.Fields).,1,10,ARI 40,60,5,New York Giants,Arizona Cardinals,19,14,77.6,22.4,232.0,87.0,319.0,121.0,115.0,236.0,game,Spread,Arizona Cardinals,,1.5,novig,135.0,—,—,,+5,,miss,,,,—,,
2026-10-04T20:01:41.654341+00:00,nfl,2026,4,401872966,4018729662041,2,0:32,(Shotgun) J.Winston pass short middle intended for M.Fields INTERCEPTED by D.Burke [D.Stills] at ARZ 25. D.Burke to ARZ 25 for no gain (M.Fields).,1,10,ARI 40,60,5,New York Giants,Arizona Cardinals,19,14,77.6,22.4,232.0,87.0,319.0,121.0,115.0,236.0,game,Spread,New York Giants,,-1.5,polymarket,-355.0,—,—,,+5,,hit,,,,—,,
2026-10-04T20:01:41.654341+00:00,nfl,2026,4,401872966,4018729662041,2,0:32,(Shotgun) J.Winston pass short middle intended for M.Fields INTERCEPTED by D.Burke [D.Stills] at ARZ 25. D.Burke to ARZ 25 for no gain (M.Fields).,1,10,ARI 40,60,5,New York Giants,Arizona Cardinals,19,14,77.6,22.4,232.0,87.0,319.0,121.0,115.0,236.0,game,Total,Over,,55.5,kalshi,-567.0,—,—,,33.0,,miss,,,,—,,
2026-10-04T20:01:41.654341+00:00,nfl,2026,4,401872966,4018729662041,2,0:32,(Shotgun) J.Winston pass short middle intended for M.Fields INTERCEPTED by D.Burke [D.Stills] at ARZ 25. D.Burke to ARZ 25 for no gain (M.Fields).,1,10,ARI 40,60,5,New York Giants,Arizona Cardinals,19,14,77.6,22.4,232.0,87.0,319.0,121.0,115.0,236.0,game,Total,Under,,55.5,novig,-301.0,—,—,,33.0,,hit,,,,—,,
2026-10-04T20:01:41.654341+00:00,nfl,2026,4,401872966,4018729662041,2,0:32,(Shotgun) J.Winston pass short middle intended for M.Fields INTERCEPTED by D.Burke [D.Stills] at ARZ 25. D.Burke to ARZ 25 for no gain (M.Fields).,1,10,ARI 40,60,5,New York Giants,Arizona Cardinals,19,14,77.6,22.4,232.0,87.0,319.0,121.0,115.0,236.0,game,ML,Arizona Cardinals,,,stn,300.0,—,—,,Loss,,miss,,,,—,,
2026-10-04T20:01:41.654341+00:00,nfl,2026,4,401872966,4018729662041,2,0:32,(Shotgun) J.Winston pass short middle intended for M.Fields INTERCEPTED by D.Burke [D.Stills] at ARZ 25. D.Burke to ARZ 25 for no gain (M.Fields).,1,10,ARI 40,60,5,New York Giants,Arizona Cardinals,19,14,77.6,22.4,232.0,87.0,319.0,121.0,115.0,236.0,game,ML,New York Giants,,,novig,-223.0,—,—,,Win,,hit,,,,—,,
2026-10-04T20:01:41.654341+00:00,nfl,2026,4,401872966,4018729662068,2,0:24,(Shotgun) J.Brissett pass short middle to T.McBride to ARZ 33 for 8 yards (T.Edmunds).,1,10,ARI 25,75,5,New York Giants,Arizona Cardinals,19,14,77.6,22.4,232.0,87.0,319.0,121.0,115.0,236.0,game,Spread,Arizona Cardinals,,1.5,novig,135.0,—,—,,+5,,miss,,,,—,,
2026-10-04T20:01:41.654341+00:00,nfl,2026,4,401872966,4018729662068,2,0:24,(Shotgun) J.Brissett pass short middle to T.McBride to ARZ 33 for 8 yards (T.Edmunds).,1,10,ARI 25,75,5,New York Giants,Arizona Cardinals,19,14,77.6,22.4,232.0,87.0,319.0,121.0,115.0,236.0,game,Spread,New York Giants,,-1.5,polymarket,-355.0,—,—,,+5,,hit,,,,—,,
2026-10-04T20:01:41.654341+00:00,nfl,2026,4,401872966,4018729662068,2,0:24,(Shotgun) J.Brissett pass short middle to T.McBride to ARZ 33 for 8 yards (T.Edmunds).,1,10,ARI 25,75,5,New York Giants,Arizona Cardinals,19,14,77.6,22.4,232.0,87.0,319.0,121.0,115.0,236.0,game,Total,Over,,55.5,kalshi,-567.0,—,—,,33.0,,miss,,,,—,,
2026-10-04T20:01:41.654341+00:00,nfl,2026,4,401872966,4018729662068,2,0:24,(Shotgun) J.Brissett pass short middle to T.McBride to ARZ 33 for 8 yards (T.Edmunds).,1,10,ARI 25,75,5,New York Giants,Arizona Cardinals,19,14,77.6,22.4,232.0,87.0,319.0,121.0,115.0,236.0,game,Total,Under,,55.5,novig,-301.0,—,—,,33.0,,hit,,,,—,,
2026-10-04T20:01:41.654341+00:00,nfl,2026,4,401872966,4018729662068,2,0:24,(Shotgun) J.Brissett pass short middle to T.McBride to ARZ 33 for 8 yards (T.Edmunds).,1,10,ARI 25,75,5,New York Giants,Arizona Cardinals,19,14,77.6,22.4,232.0,87.0,319.0,121.0,115.0,236.0,game,ML,Arizona Cardinals,,,stn,300.0,—,—,,Loss,,miss,,,,—,,
2026-10-04T20:01:41.654341+00:00,nfl,2026,4,401872966,4018729662068,2,0:24,(Shotgun) J.Brissett pass short middle to T.McBride to ARZ 33 for 8 yards (T.Edmunds).,1,10,ARI 25,75,5,New York Giants,Arizona Cardinals,19,14,77.6,22.4,232.0,87.0,319.0,121.0,115.0,236.0,game,ML,New York Giants,,,novig,-223.0,—,—,,Win,,hit,,,,—,,
2026-10-04T20:01:41.654341+00:00,nfl,2026,4,401872966,4018729662081,2,0:18,Timeout #1 by ARZ at 00:18.,2,2,ARI 33,67,5,New York Giants,Arizona Cardinals,19,14,77.6,22.4,232.0,87.0,319.0,121.0,115.0,236.0,game,Spread,Arizona Cardinals,,1.5,novig,135.0,—,—,,+5,,miss,,,,—,,
2026-10-04T20:01:41.654341+00:00,nfl,2026,4,401872966,4018729662081,2,0:18,Timeout #1 by ARZ at 00:18.,2,2,ARI 33,67,5,New York Giants,Arizona Cardinals,19,14,77.6,22.4,232.0,87.0,319.0,121.0,115.0,236.0,game,Spread,New York Giants,,-1.5,polymarket,-355.0,—,—,,+5,,hit,,,,—,,
2026-10-04T20:01:41.654341+00:00,nfl,2026,4,401872966,4018729662081,2,0:18,Timeout #1 by ARZ at 00:18.,2,2,ARI 33,67,5,New York Giants,Arizona Cardinals,19,14,77.6,22.4,232.0,87.0,319.0,121.0,115.0,236.0,game,Total,Over,,55.5,kalshi,-567.0,—,—,,33.0,,miss,,,,—,,
2026-10-04T20:01:41.654341+00:00,nfl,2026,4,401872966,4018729662081,2,0:18,Timeout #1 by ARZ at 00:18.,2,2,ARI 33,67,5,New York Giants,Arizona Cardinals,19,14,77.6,22.4,232.0,87.0,319.0,121.0,115.0,236.0,game,Total,Under,,55.5,novig,-301.0,—,—,,33.0,,hit,,,,—,,
2026-10-04T20:01:41.654341+00:00,nfl,2026,4,401872966,4018729662081,2,0:18,Timeout #1 by ARZ at 00:18.,2,2,ARI 33,67,5,New York Giants,Arizona Cardinals,19,14,77.6,22.4,232.0,87.0,319.0,121.0,115.0,236.0,game,ML,Arizona Cardinals,,,stn,300.0,—,—,,Loss,,miss,,,,—,,
2026-10-04T20:01:41.654341+00:00,nfl,2026,4,401872966,4018729662081,2,0:18,Timeout #1 by ARZ at 00:18.,2,2,ARI 33,67,5,New York Giants,Arizona Cardinals,19,14,77.6,22.4,232.0,87.0,319.0,121.0,115.0,236.0,game,ML,New York Giants,,,novig,-223.0,—,—,,Win,,hit,,,,—,,
2026-10-04T20:01:41.654341+00:00,nfl,2026,4,401872966,4018729662093,2,0:18,(Shotgun) J.Brissett scrambles up the middle to ARZ 34 for 1 yard (D.Alexander).,2,2,ARI 33,67,5,New York Giants,Arizona Cardinals,19,14,77.6,22.4,232.0,87.0,319.0,121.0,115.0,236.0,game,Spread,Arizona Cardinals,,1.5,novig,135.0,—,—,,+5,,miss,,,,—,,
2026-10-04T20:01:41.654341+00:00,nfl,2026,4,401872966,4018729662093,2,0:18,(Shotgun) J.Brissett scrambles up the middle to ARZ 34 for 1 yard (D.Alexander).,2,2,ARI 33,67,5,New York Giants,Arizona Cardinals,19,14,77.6,22.4,232.0,87.0,319.0,121.0,115.0,236.0,game,Spread,New York Giants,,-1.5,polymarket,-355.0,—,—,,+5,,hit,,,,—,,
2026-10-04T20:01:41.654341+00:00,nfl,2026,4,401872966,4018729662093,2,0:18,(Shotgun) J.Brissett scrambles up the middle to ARZ 34 for 1 yard (D.Alexander).,2,2,ARI 33,67,5,New York Giants,Arizona Cardinals,19,14,77.6,22.4,232.0,87.0,319.0,121.0,115.0,236.0,game,Total,Over,,55.5,kalshi,-567.0,—,—,,33.0,,miss,,,,—,,
2026-10-04T20:01:41.654341+00:00,nfl,2026,4,401872966,4018729662093,2,0:18,(Shotgun) J.Brissett scrambles up the middle to ARZ 34 for 1 yard (D.Alexander).,2,2,ARI 33,67,5,New York Giants,Arizona Cardinals,19,14,77.6,22.4,232.0,87.0,319.0,121.0,115.0,236.0,game,Total,Under,,55.5,novig,-301.0,—,—,,33.0,,hit,,,,—,,
2026-10-04T20:01:41.654341+00:00,nfl,2026,4,401872966,4018729662093,2,0:18,(Shotgun) J.Brissett scrambles up the middle to ARZ 34 for 1 yard (D.Alexander).,2,2,ARI 33,67,5,New York Giants,Arizona Cardinals,19,14,77.6,22.4,232.0,87.0,319.0,121.0,115.0,236.0,game,ML,Arizona Cardinals,,,stn,300.0,—,—,,Loss,,miss,,,,—,,
2026-10-04T20:01:41.654341+00:00,nfl,2026,4,401872966,4018729662093,2,0:18,(Shotgun) J.Brissett scrambles up the middle to ARZ 34 for 1 yard (D.Alexander).,2,2,ARI 33,67,5,New York Giants,Arizona Cardinals,19,14,77.6,22.4,232.0,87.0,319.0,121.0,115.0,236.0,game,ML,New York Giants,,,novig,-223.0,—,—,,Win,,hit,,,,—,,
2026-10-04T20:01:41.654341+00:00,nfl,2026,4,401872966,4018729662108,2,0:09,Timeout #2 by ARZ at 00:09.,3,1,ARI 34,66,5,New York Giants,Arizona Cardinals,19,14,77.6,22.4,232.0,87.0,319.0,121.0,115.0,236.0,game,Spread,Arizona Cardinals,,1.5,novig,135.0,—,—,,+5,,miss,,,,—,,
2026-10-04T20:01:41.654341+00:00,nfl,2026,4,401872966,4018729662108,2,0:09,Timeout #2 by ARZ at 00:09.,3,1,ARI 34,66,5,New York Giants,Arizona Cardinals,19,14,77.6,22.4,232.0,87.0,319.0,121.0,115.0,236.0,game,Spread,New York Giants,,-1.5,polymarket,-355.0,—,—,,+5,,hit,,,,—,,
2026-10-04T20:01:41.654341+00:00,nfl,2026,4,401872966,4018729662108,2,0:09,Timeout #2 by ARZ at 00:09.,3,1,ARI 34,66,5,New York Giants,Arizona Cardinals,19,14,77.6,22.4,232.0,87.0,319.0,121.0,115.0,236.0,game,Total,Over,,55.5,kalshi,-567.0,—,—,,33.0,,miss,,,,—,,
2026-10-04T20:01:41.654341+00:00,nfl,2026,4,401872966,4018729662108,2,0:09,Timeout #2 by ARZ at 00:09.,3,1,ARI 34,66,5,New York Giants,Arizona Cardinals,19,14,77.6,22.4,232.0,87.0,319.0,121.0,115.0,236.0,game,Total,Under,,55.5,novig,-301.0,—,—,,33.0,,hit,,,,—,,
2026-10-04T20:01:41.654341+00:00,nfl,2026,4,401872966,4018729662108,2,0:09,Timeout #2 by ARZ at 00:09.,3,1,ARI 34,66,5,New York Giants,Arizona Cardinals,19,14,77.6,22.4,232.0,87.0,319.0,121.0,115.0,236.0,game,ML,Arizona Cardinals,,,stn,300.0,—,—,,Loss,,miss,,,,—,,
2026-10-04T20:01:41.654341+00:00,nfl,2026,4,401872966,4018729662108,2,0:09,Timeout #2 by ARZ at 00:09.,3,1,ARI 34,66,5,New York Giants,Arizona Cardinals,19,14,77.6,22.4,232.0,87.0,319.0,121.0,115.0,236.0,game,ML,New York Giants,,,novig,-223.0,—,—,,Win,,hit,,,,—,,
2026-10-04T20:01:41.654341+00:00,nfl,2026,4,401872966,4018729662122,2,0:09,(Shotgun) J.Brissett pass deep right to Mi.Wilson pushed ob at NYG 42 for 24 yards (G.Newsome).,3,1,ARI 34,66,5,New York Giants,Arizona Cardinals,19,14,77.6,22.4,232.0,87.0,319.0,121.0,115.0,236.0,game,Spread,Arizona Cardinals,,1.5,novig,135.0,—,—,,+5,,miss,,,,—,,
2026-10-04T20:01:41.654341+00:00,nfl,2026,4,401872966,4018729662122,2,0:09,(Shotgun) J.Brissett pass deep right to Mi.Wilson pushed ob at NYG 42 for 24 yards (G.Newsome).,3,1,ARI 34,66,5,New York Giants,Arizona Cardinals,19,14,77.6,22.4,232.0,87.0,319.0,121.0,115.0,236.0,game,Spread,New York Giants,,-1.5,polymarket,-355.0,—,—,,+5,,hit,,,,—,,
2026-10-04T20:01:41.654341+00:00,nfl,2026,4,401872966,4018729662122,2,0:09,(Shotgun) J.Brissett pass deep right to Mi.Wilson pushed ob at NYG 42 for 24 yards (G.Newsome).,3,1,ARI 34,66,5,New York Giants,Arizona Cardinals,19,14,77.6,22.4,232.0,87.0,319.0,121.0,115.0,236.0,game,Total,Over,,55.5,kalshi,-567.0,—,—,,33.0,,miss,,,,—,,
2026-10-04T20:01:41.654341+00:00,nfl,2026,4,401872966,4018729662122,2,0:09,(Shotgun) J.Brissett pass deep right to Mi.Wilson pushed ob at NYG 42 for 24 yards (G.Newsome).,3,1,ARI 34,66,5,New York Giants,Arizona Cardinals,19,14,77.6,22.4,232.0,87.0,319.0,121.0,115.0,236.0,game,Total,Under,,55.5,novig,-301.0,—,—,,33.0,,hit,,,,—,,
2026-10-04T20:01:41.654341+00:00,nfl,2026,4,401872966,4018729662122,2,0:09,(Shotgun) J.Brissett pass deep right to Mi.Wilson pushed ob at NYG 42 for 24 yards (G.Newsome).,3,1,ARI 34,66,5,New York Giants,Arizona Cardinals,19,14,77.6,22.4,232.0,87.0,319.0,121.0,115.0,236.0,game,ML,Arizona Cardinals,,,stn,300.0,—,—,,Loss,,miss,,,,—,,
2026-10-04T20:01:41.654341+00:00,nfl,2026,4,401872966,4018729662122,2,0:09,(Shotgun) J.Brissett pass deep right to Mi.Wilson pushed ob at NYG 42 for 24 yards (G.Newsome).,3,1,ARI 34,66,5,New York Giants,Arizona Cardinals,19,14,77.6,22.4,232.0,87.0,319.0,121.0,115.0,236.0,game,ML,New York Giants,,,novig,-223.0,—,—,,Win,,hit,,,,—,,
2026-10-04T20:01:41.654341+00:00,nfl,2026,4,401872966,4018729662159,2,0:00,"C.Ryland 60 yard field goal is GOOD, Center-C.Kreiter, Holder-B.Gillikin.",1,10,NYG 42,42,2,New York Giants,Arizona Cardinals,19,17,77.6,22.4,232.0,87.0,319.0,121.0,115.0,236.0,game,Spread,Arizona Cardinals,,1.5,novig,135.0,—,—,,+2,,miss,,,,—,,
2026-10-04T20:01:41.654341+00:00,nfl,2026,4,401872966,4018729662159,2,0:00,"C.Ryland 60 yard field goal is GOOD, Center-C.Kreiter, Holder-B.Gillikin.",1,10,NYG 42,42,2,New York Giants,Arizona Cardinals,19,17,77.6,22.4,232.0,87.0,319.0,121.0,115.0,236.0,game,Spread,New York Giants,,-1.5,polymarket,-355.0,—,—,,+2,,hit,,,,—,,
2026-10-04T20:01:41.654341+00:00,nfl,2026,4,401872966,4018729662159,2,0:00,"C.Ryland 60 yard field goal is GOOD, Center-C.Kreiter, Holder-B.Gillikin.",1,10,NYG 42,42,2,New York Giants,Arizona Cardinals,19,17,77.6,22.4,232.0,87.0,319.0,121.0,115.0,236.0,game,Total,Over,,55.5,kalshi,-567.0,—,—,,36.0,,miss,,,,—,,
2026-10-04T20:01:41.654341+00:00,nfl,2026,4,401872966,4018729662159,2,0:00,"C.Ryland 60 yard field goal is GOOD, Center-C.Kreiter, Holder-B.Gillikin.",1,10,NYG 42,42,2,New York Giants,Arizona Cardinals,19,17,77.6,22.4,232.0,87.0,319.0,121.0,115.0,236.0,game,Total,Under,,55.5,novig,-301.0,—,—,,36.0,,hit,,,,—,,
2026-10-04T20:01:41.654341+00:00,nfl,2026,4,401872966,4018729662159,2,0:00,"C.Ryland 60 yard field goal is GOOD, Center-C.Kreiter, Holder-B.Gillikin.",1,10,NYG 42,42,2,New York Giants,Arizona Cardinals,19,17,77.6,22.4,232.0,87.0,319.0,121.0,115.0,236.0,game,ML,Arizona Cardinals,,,stn,300.0,—,—,,Loss,,miss,,,,—,,
2026-10-04T20:01:41.654341+00:00,nfl,2026,4,401872966,4018729662159,2,0:00,"C.Ryland 60 yard field goal is GOOD, Center-C.Kreiter, Holder-B.Gillikin.",1,10,NYG 42,42,2,New York Giants,Arizona Cardinals,19,17,77.6,22.4,232.0,87.0,319.0,121.0,115.0,236.0,game,ML,New York Giants,,,novig,-223.0,—,—,,Win,,hit,,,,—,,
2026-10-04T20:01:41.654341+00:00,nfl,2026,4,401872966,4018729662179,2,0:00,END QUARTER 2,1,10,ARI 33,65,2,New York Giants,Arizona Cardinals,19,17,77.6,22.4,232.0,87.0,319.0,121.0,115.0,236.0,game,Spread,Arizona Cardinals,,1.5,novig,135.0,—,—,,+2,,miss,,,,—,,
2026-10-04T20:01:41.654341+00:00,nfl,2026,4,401872966,4018729662179,2,0:00,END QUARTER 2,1,10,ARI 33,65,2,New York Giants,Arizona Cardinals,19,17,77.6,22.4,232.0,87.0,319.0,121.0,115.0,236.0,game,Spread,New York Giants,,-1.5,polymarket,-355.0,—,—,,+2,,hit,,,,—,,
2026-10-04T20:01:41.654341+00:00,nfl,2026,4,401872966,4018729662179,2,0:00,END QUARTER 2,1,10,ARI 33,65,2,New York Giants,Arizona Cardinals,19,17,77.6,22.4,232.0,87.0,319.0,121.0,115.0,236.0,game,Total,Over,,55.5,kalshi,-567.0,—,—,,36.0,,miss,,,,—,,
2026-10-04T20:01:41.654341+00:00,nfl,2026,4,401872966,4018729662179,2,0:00,END QUARTER 2,1,10,ARI 33,65,2,New York Giants,Arizona Cardinals,19,17,77.6,22.4,232.0,87.0,319.0,121.0,115.0,236.0,game,Total,Under,,55.5,novig,-301.0,—,—,,36.0,,hit,,,,—,,
2026-10-04T20:01:41.654341+00:00,nfl,2026,4,401872966,4018729662179,2,0:00,END QUARTER 2,1,10,ARI 33,65,2,New York Giants,Arizona Cardinals,19,17,77.6,22.4,232.0,87.0,319.0,121.0,115.0,236.0,game,ML,Arizona Cardinals,,,stn,300.0,—,—,,Loss,,miss,,,,—,,
2026-10-04T20:01:41.654341+00:00,nfl,2026,4,401872966,4018729662179,2,0:00,END QUARTER 2,1,10,ARI 33,65,2,New York Giants,Arizona Cardinals,19,17,77.6,22.4,232.0,87.0,319.0,121.0,115.0,236.0,game,ML,New York Giants,,,novig,-223.0,—,—,,Win,,hit,,,,—,,
2026-10-04T20:01:41.654341+00:00,nfl,2026,4,401872966,4018729662202,3,15:00,C.Ryland kicks 65 yards from ARZ 35 to NYG 0. C.Jones to NYG 26 for 26 yards (E.Higgins).,1,10,ARI 33,65,2,New York Giants,Arizona Cardinals,19,17,77.6,22.4,232.0,87.0,319.0,121.0,115.0,236.0,game,Spread,Arizona Cardinals,,1.5,novig,135.0,—,—,,+2,,miss,,,,—,,
2026-10-04T20:01:41.654341+00:00,nfl,2026,4,401872966,4018729662202,3,15:00,C.Ryland kicks 65 yards from ARZ 35 to NYG 0. C.Jones to NYG 26 for 26 yards (E.Higgins).,1,10,ARI 33,65,2,New York Giants,Arizona Cardinals,19,17,77.6,22.4,232.0,87.0,319.0,121.0,115.0,236.0,game,Spread,New York Giants,,-1.5,polymarket,-355.0,—,—,,+2,,hit,,,,—,,
2026-10-04T20:01:41.654341+00:00,nfl,2026,4,401872966,4018729662202,3,15:00,C.Ryland kicks 65 yards from ARZ 35 to NYG 0. C.Jones to NYG 26 for 26 yards (E.Higgins).,1,10,ARI 33,65,2,New York Giants,Arizona Cardinals,19,17,77.6,22.4,232.0,87.0,319.0,121.0,115.0,236.0,game,Total,Over,,55.5,kalshi,-567.0,—,—,,36.0,,miss,,,,—,,
2026-10-04T20:01:41.654341+00:00,nfl,2026,4,401872966,4018729662202,3,15:00,C.Ryland kicks 65 yards from ARZ 35 to NYG 0. C.Jones to NYG 26 for 26 yards (E.Higgins).,1,10,ARI 33,65,2,New York Giants,Arizona Cardinals,19,17,77.6,22.4,232.0,87.0,319.0,121.0,115.0,236.0,game,Total,Under,,55.5,novig,-301.0,—,—,,36.0,,hit,,,,—,,
2026-10-04T20:01:41.654341+00:00,nfl,2026,4,401872966,4018729662202,3,15:00,C.Ryland kicks 65 yards from ARZ 35 to NYG 0. C.Jones to NYG 26 for 26 yards (E.Higgins).,1,10,ARI 33,65,2,New York Giants,Arizona Cardinals,19,17,77.6,22.4,232.0,87.0,319.0,121.0,115.0,236.0,game,ML,Arizona Cardinals,,,stn,300.0,—,—,,Loss,,miss,,,,—,,
2026-10-04T20:01:41.654341+00:00,nfl,2026,4,401872966,4018729662202,3,15:00,C.Ryland kicks 65 yards from ARZ 35 to NYG 0. C.Jones to NYG 26 for 26 yards (E.Higgins).,1,10,ARI 33,65,2,New York Giants,Arizona Cardinals,19,17,77.6,22.4,232.0,87.0,319.0,121.0,115.0,236.0,game,ML,New York Giants,,,novig,-223.0,—,—,,Win,,hit,,,,—,,
2026-10-04T20:01:41.654341+00:00,nfl,2026,4,401872966,4018729662225,3,14:55,"C.Skattebo right end to NYG 28 for 2 yards (R.Lopez).PENALTY on NYG-C.Manhertz, Offensive Holding, 10 yards, enforced at NYG 26 - No Play.",1,10,NYG 26,26,2,New York Giants,Arizona Cardinals,19,17,77.6,22.4,232.0,87.0,319.0,121.0,115.0,236.0,game,Spread,Arizona Cardinals,,1.5,novig,135.0,—,—,,+2,,miss,,,,—,,
2026-10-04T20:01:41.654341+00:00,nfl,2026,4,401872966,4018729662225,3,14:55,"C.Skattebo right end to NYG 28 for 2 yards (R.Lopez).PENALTY on NYG-C.Manhertz, Offensive Holding, 10 yards, enforced at NYG 26 - No Play.",1,10,NYG 26,26,2,New York Giants,Arizona Cardinals,19,17,77.6,22.4,232.0,87.0,319.0,121.0,115.0,236.0,game,Spread,New York Giants,,-1.5,polymarket,-355.0,—,—,,+2,,hit,,,,—,,
2026-10-04T20:01:41.654341+00:00,nfl,2026,4,401872966,4018729662225,3,14:55,"C.Skattebo right end to NYG 28 for 2 yards (R.Lopez).PENALTY on NYG-C.Manhertz, Offensive Holding, 10 yards, enforced at NYG 26 - No Play.",1,10,NYG 26,26,2,New York Giants,Arizona Cardinals,19,17,77.6,22.4,232.0,87.0,319.0,121.0,115.0,236.0,game,Total,Over,,55.5,kalshi,-567.0,—,—,,36.0,,miss,,,,—,,
2026-10-04T20:01:41.654341+00:00,nfl,2026,4,401872966,4018729662225,3,14:55,"C.Skattebo right end to NYG 28 for 2 yards (R.Lopez).PENALTY on NYG-C.Manhertz, Offensive Holding, 10 yards, enforced at NYG 26 - No Play.",1,10,NYG 26,26,2,New York Giants,Arizona Cardinals,19,17,77.6,22.4,232.0,87.0,319.0,121.0,115.0,236.0,game,Total,Under,,55.5,novig,-301.0,—,—,,36.0,,hit,,,,—,,
2026-10-04T20:01:41.654341+00:00,nfl,2026,4,401872966,4018729662225,3,14:55,"C.Skattebo right end to NYG 28 for 2 yards (R.Lopez).PENALTY on NYG-C.Manhertz, Offensive Holding, 10 yards, enforced at NYG 26 - No Play.",1,10,NYG 26,26,2,New York Giants,Arizona Cardinals,19,17,77.6,22.4,232.0,87.0,319.0,121.0,115.0,236.0,game,ML,Arizona Cardinals,,,stn,300.0,—,—,,Loss,,miss,,,,—,,
2026-10-04T20:01:41.654341+00:00,nfl,2026,4,401872966,4018729662225,3,14:55,"C.Skattebo right end to NYG 28 for 2 yards (R.Lopez).PENALTY on NYG-C.Manhertz, Offensive Holding, 10 yards, enforced at NYG 26 - No Play.",1,10,NYG 26,26,2,New York Giants,Arizona Cardinals,19,17,77.6,22.4,232.0,87.0,319.0,121.0,115.0,236.0,game,ML,New York Giants,,,novig,-223.0,—,—,,Win,,hit,,,,—,,
2026-10-04T20:01:41.654341+00:00,nfl,2026,4,401872966,4018729662258,3,14:39,"(Shotgun) J.Winston pass short right to M.Nabers pushed ob at NYG 24 for 8 yards (B.Baker) [J.Sweat].PENALTY on ARZ-J.Sweat, Defensive Offside, 5 yards, enforced at NYG 16 - No Play.",1,20,NYG 16,16,2,New York Giants,Arizona Cardinals,19,17,77.6,22.4,232.0,87.0,319.0,121.0,115.0,236.0,game,Spread,Arizona Cardinals,,1.5,novig,135.0,—,—,,+2,,miss,,,,—,,
2026-10-04T20:01:41.654341+00:00,nfl,2026,4,401872966,4018729662258,3,14:39,"(Shotgun) J.Winston pass short right to M.Nabers pushed ob at NYG 24 for 8 yards (B.Baker) [J.Sweat].PENALTY on ARZ-J.Sweat, Defensive Offside, 5 yards, enforced at NYG 16 - No Play.",1,20,NYG 16,16,2,New York Giants,Arizona Cardinals,19,17,77.6,22.4,232.0,87.0,319.0,121.0,115.0,236.0,game,Spread,New York Giants,,-1.5,polymarket,-355.0,—,—,,+2,,hit,,,,—,,
2026-10-04T20:01:41.654341+00:00,nfl,2026,4,401872966,4018729662258,3,14:39,"(Shotgun) J.Winston pass short right to M.Nabers pushed ob at NYG 24 for 8 yards (B.Baker) [J.Sweat].PENALTY on ARZ-J.Sweat, Defensive Offside, 5 yards, enforced at NYG 16 - No Play.",1,20,NYG 16,16,2,New York Giants,Arizona Cardinals,19,17,77.6,22.4,232.0,87.0,319.0,121.0,115.0,236.0,game,Total,Over,,55.5,kalshi,-567.0,—,—,,36.0,,miss,,,,—,,
2026-10-04T20:01:41.654341+00:00,nfl,2026,4,401872966,4018729662258,3,14:39,"(Shotgun) J.Winston pass short right to M.Nabers pushed ob at NYG 24 for 8 yards (B.Baker) [J.Sweat].PENALTY on ARZ-J.Sweat, Defensive Offside, 5 yards, enforced at NYG 16 - No Play.",1,20,NYG 16,16,2,New York Giants,Arizona Cardinals,19,17,77.6,22.4,232.0,87.0,319.0,121.0,115.0,236.0,game,Total,Under,,55.5,novig,-301.0,—,—,,36.0,,hit,,,,—,,
2026-10-04T20:01:41.654341+00:00,nfl,2026,4,401872966,4018729662258,3,14:39,"(Shotgun) J.Winston pass short right to M.Nabers pushed ob at NYG 24 for 8 yards (B.Baker) [J.Sweat].PENALTY on ARZ-J.Sweat, Defensive Offside, 5 yards, enforced at NYG 16 - No Play.",1,20,NYG 16,16,2,New York Giants,Arizona Cardinals,19,17,77.6,22.4,232.0,87.0,319.0,121.0,115.0,236.0,game,ML,Arizona Cardinals,,,stn,300.0,—,—,,Loss,,miss,,,,—,,
2026-10-04T20:01:41.654341+00:00,nfl,2026,4,401872966,4018729662258,3,14:39,"(Shotgun) J.Winston pass short right to M.Nabers pushed ob at NYG 24 for 8 yards (B.Baker) [J.Sweat].PENALTY on ARZ-J.Sweat, Defensive Offside, 5 yards, enforced at NYG 16 - No Play.",1,20,NYG 16,16,2,New York Giants,Arizona Cardinals,19,17,77.6,22.4,232.0,87.0,319.0,121.0,115.0,236.0,game,ML,New York Giants,,,novig,-223.0,—,—,,Win,,hit,,,,—,,
2026-10-04T20:01:41.654341+00:00,nfl,2026,4,401872966,4018729662299,3,14:15,C.Skattebo left guard to NYG 29 for 8 yards (Z.Collins; B.Baker).,1,15,NYG 21,21,2,New York Giants,Arizona Cardinals,19,17,77.6,22.4,232.0,87.0,319.0,121.0,115.0,236.0,game,Spread,Arizona Cardinals,,1.5,novig,135.0,—,—,,+2,,miss,,,,—,,
2026-10-04T20:01:41.654341+00:00,nfl,2026,4,401872966,4018729662299,3,14:15,C.Skattebo left guard to NYG 29 for 8 yards (Z.Collins; B.Baker).,1,15,NYG 21,21,2,New York Giants,Arizona Cardinals,19,17,77.6,22.4,232.0,87.0,319.0,121.0,115.0,236.0,game,Spread,New York Giants,,-1.5,polymarket,-355.0,—,—,,+2,,hit,,,,—,,
2026-10-04T20:01:41.654341+00:00,nfl,2026,4,401872966,4018729662299,3,14:15,C.Skattebo left guard to NYG 29 for 8 yards (Z.Collins; B.Baker).,1,15,NYG 21,21,2,New York Giants,Arizona Cardinals,19,17,77.6,22.4,232.0,87.0,319.0,121.0,115.0,236.0,game,Total,Over,,55.5,kalshi,-567.0,—,—,,36.0,,miss,,,,—,,
2026-10-04T20:01:41.654341+00:00,nfl,2026,4,401872966,4018729662299,3,14:15,C.Skattebo left guard to NYG 29 for 8 yards (Z.Collins; B.Baker).,1,15,NYG 21,21,2,New York Giants,Arizona Cardinals,19,17,77.6,22.4,232.0,87.0,319.0,121.0,115.0,236.0,game,Total,Under,,55.5,novig,-301.0,—,—,,36.0,,hit,,,,—,,
2026-10-04T20:01:41.654341+00:00,nfl,2026,4,401872966,4018729662299,3,14:15,C.Skattebo left guard to NYG 29 for 8 yards (Z.Collins; B.Baker).,1,15,NYG 21,21,2,New York Giants,Arizona Cardinals,19,17,77.6,22.4,232.0,87.0,319.0,121.0,115.0,236.0,game,ML,Arizona Cardinals,,,stn,300.0,—,—,,Loss,,miss,,,,—,,
2026-10-04T20:01:41.654341+00:00,nfl,2026,4,401872966,4018729662299,3,14:15,C.Skattebo left guard to NYG 29 for 8 yards (Z.Collins; B.Baker).,1,15,NYG 21,21,2,New York Giants,Arizona Cardinals,19,17,77.6,22.4,232.0,87.0,319.0,121.0,115.0,236.0,game,ML,New York Giants,,,novig,-223.0,—,—,,Win,,hit,,,,—,,
2026-10-04T20:01:41.654341+00:00,nfl,2026,4,401872966,4018729662326,3,13:38,"(Shotgun) T.Tracy left tackle to NYG 28 for -1 yards (W.Nolen, J.Sweat).",2,7,NYG 29,29,2,New York Giants,Arizona Cardinals,19,17,77.6,22.4,232.0,87.0,319.0,121.0,115.0,236.0,game,Spread,Arizona Cardinals,,5.5,novig,135.0,—,—,,+2,,hit,,,,—,,
2026-10-04T20:01:41.654341+00:00,nfl,2026,4,401872966,4018729662326,3,13:38,"(Shotgun) T.Tracy left tackle to NYG 28 for -1 yards (W.Nolen, J.Sweat).",2,7,NYG 29,29,2,New York Giants,Arizona Cardinals,19,17,77.6,22.4,232.0,87.0,319.0,121.0,115.0,236.0,game,Spread,New York Giants,,-5.5,kalshi,-150.0,—,—,,+2,,miss,,,,—,,
2026-10-04T20:01:41.654341+00:00,nfl,2026,4,401872966,4018729662326,3,13:38,"(Shotgun) T.Tracy left tackle to NYG 28 for -1 yards (W.Nolen, J.Sweat).",2,7,NYG 29,29,2,New York Giants,Arizona Cardinals,19,17,77.6,22.4,232.0,87.0,319.0,121.0,115.0,236.0,game,Total,,,52.5,,,—,—,,36.0,,miss,,,,—,,
2026-10-04T20:01:41.654341+00:00,nfl,2026,4,401872966,4018729662326,3,13:38,"(Shotgun) T.Tracy left tackle to NYG 28 for -1 yards (W.Nolen, J.Sweat).",2,7,NYG 29,29,2,New York Giants,Arizona Cardinals,19,17,77.6,22.4,232.0,87.0,319.0,121.0,115.0,236.0,game,Total,Under,,52.5,kalshi,9900.0,—,—,,36.0,,hit,,,,—,,
2026-10-04T20:01:41.654341+00:00,nfl,2026,4,401872966,4018729662326,3,13:38,"(Shotgun) T.Tracy left tackle to NYG 28 for -1 yards (W.Nolen, J.Sweat).",2,7,NYG 29,29,2,New York Giants,Arizona Cardinals,19,17,77.6,22.4,232.0,87.0,319.0,121.0,115.0,236.0,game,ML,Arizona Cardinals,,,stn,290.0,—,—,,Loss,,miss,,,,—,,
2026-10-04T20:01:41.654341+00:00,nfl,2026,4,401872966,4018729662326,3,13:38,"(Shotgun) T.Tracy left tackle to NYG 28 for -1 yards (W.Nolen, J.Sweat).",2,7,NYG 29,29,2,New York Giants,Arizona Cardinals,19,17,77.6,22.4,232.0,87.0,319.0,121.0,115.0,236.0,game,ML,New York Giants,,,polymarket,-223.0,—,—,,Win,,hit,,,,—,,
2026-10-04T20:01:41.654341+00:00,nfl,2026,4,401872966,4018729662348,3,13:01,"(Shotgun) PENALTY on NYG-J.Eluemunor, False Start, 5 yards, enforced at NYG 28 - No Play.",3,8,NYG 28,28,2,New York Giants,Arizona Cardinals,19,17,77.6,22.4,232.0,87.0,319.0,121.0,115.0,236.0,game,Spread,Arizona Cardinals,,5.5,novig,135.0,—,—,,+2,,hit,,,,—,,
2026-10-04T20:01:41.654341+00:00,nfl,2026,4,401872966,4018729662348,3,13:01,"(Shotgun) PENALTY on NYG-J.Eluemunor, False Start, 5 yards, enforced at NYG 28 - No Play.",3,8,NYG 28,28,2,New York Giants,Arizona Cardinals,19,17,77.6,22.4,232.0,87.0,319.0,121.0,115.0,236.0,game,Spread,New York Giants,,-5.5,kalshi,-150.0,—,—,,+2,,miss,,,,—,,
2026-10-04T20:01:41.654341+00:00,nfl,2026,4,401872966,4018729662348,3,13:01,"(Shotgun) PENALTY on NYG-J.Eluemunor, False Start, 5 yards, enforced at NYG 28 - No Play.",3,8,NYG 28,28,2,New York Giants,Arizona Cardinals,19,17,77.6,22.4,232.0,87.0,319.0,121.0,115.0,236.0,game,Total,,,52.5,,,—,—,,36.0,,miss,,,,—,,
2026-10-04T20:01:41.654341+00:00,nfl,2026,4,401872966,4018729662348,3,13:01,"(Shotgun) PENALTY on NYG-J.Eluemunor, False Start, 5 yards, enforced at NYG 28 - No Play.",3,8,NYG 28,28,2,New York Giants,Arizona Cardinals,19,17,77.6,22.4,232.0,87.0,319.0,121.0,115.0,236.0,game,Total,Under,,52.5,kalshi,9900.0,—,—,,36.0,,hit,,,,—,,
2026-10-04T20:01:41.654341+00:00,nfl,2026,4,401872966,4018729662348,3,13:01,"(Shotgun) PENALTY on NYG-J.Eluemunor, False Start, 5 yards, enforced at NYG 28 - No Play.",3,8,NYG 28,28,2,New York Giants,Arizona Cardinals,19,17,77.6,22.4,232.0,87.0,319.0,121.0,115.0,236.0,game,ML,Arizona Cardinals,,,stn,290.0,—,—,,Loss,,miss,,,,—,,
2026-10-04T20:01:41.654341+00:00,nfl,2026,4,401872966,4018729662348,3,13:01,"(Shotgun) PENALTY on NYG-J.Eluemunor, False Start, 5 yards, enforced at NYG 28 - No Play.",3,8,NYG 28,28,2,New York Giants,Arizona Cardinals,19,17,77.6,22.4,232.0,87.0,319.0,121.0,115.0,236.0,game,ML,New York Giants,,,polymarket,-223.0,—,—,,Win,,hit,,,,—,,
2026-10-04T20:01:41.654341+00:00,nfl,2026,4,401872966,4018729662372,3,12:40,"(Shotgun) J.Winston pass deep right intended for I.Likely INTERCEPTED by B.Baker at NYG 42. B.Baker pushed ob at NYG 20 for 22 yards (J.Winston).PENALTY on ARZ-W.Williams, Illegal Block Above the Waist, 10 yards, enforced at NYG 27.",3,13,NYG 23,23,2,New York Giants,Arizona Cardinals,19,17,77.6,22.4,232.0,87.0,319.0,121.0,115.0,236.0,game,Spread,Arizona Cardinals,,5.5,novig,135.0,—,—,,+2,,hit,,,,—,,
2026-10-04T20:01:41.654341+00:00,nfl,2026,4,401872966,4018729662372,3,12:40,"(Shotgun) J.Winston pass deep right intended for I.Likely INTERCEPTED by B.Baker at NYG 42. B.Baker pushed ob at NYG 20 for 22 yards (J.Winston).PENALTY on ARZ-W.Williams, Illegal Block Above the Waist, 10 yards, enforced at NYG 27.",3,13,NYG 23,23,2,New York Giants,Arizona Cardinals,19,17,77.6,22.4,232.0,87.0,319.0,121.0,115.0,236.0,game,Spread,New York Giants,,-5.5,kalshi,-150.0,—,—,,+2,,miss,,,,—,,
2026-10-04T20:01:41.654341+00:00,nfl,2026,4,401872966,4018729662372,3,12:40,"(Shotgun) J.Winston pass deep right intended for I.Likely INTERCEPTED by B.Baker at NYG 42. B.Baker pushed ob at NYG 20 for 22 yards (J.Winston).PENALTY on ARZ-W.Williams, Illegal Block Above the Waist, 10 yards, enforced at NYG 27.",3,13,NYG 23,23,2,New York Giants,Arizona Cardinals,19,17,77.6,22.4,232.0,87.0,319.0,121.0,115.0,236.0,game,Total,,,52.5,,,—,—,,36.0,,miss,,,,—,,
2026-10-04T20:01:41.654341+00:00,nfl,2026,4,401872966,4018729662372,3,12:40,"(Shotgun) J.Winston pass deep right intended for I.Likely INTERCEPTED by B.Baker at NYG 42. B.Baker pushed ob at NYG 20 for 22 yards (J.Winston).PENALTY on ARZ-W.Williams, Illegal Block Above the Waist, 10 yards, enforced at NYG 27.",3,13,NYG 23,23,2,New York Giants,Arizona Cardinals,19,17,77.6,22.4,232.0,87.0,319.0,121.0,115.0,236.0,game,Total,Under,,52.5,kalshi,9900.0,—,—,,36.0,,hit,,,,—,,
2026-10-04T20:01:41.654341+00:00,nfl,2026,4,401872966,4018729662372,3,12:40,"(Shotgun) J.Winston pass deep right intended for I.Likely INTERCEPTED by B.Baker at NYG 42. B.Baker pushed ob at NYG 20 for 22 yards (J.Winston).PENALTY on ARZ-W.Williams, Illegal Block Above the Waist, 10 yards, enforced at NYG 27.",3,13,NYG 23,23,2,New York Giants,Arizona Cardinals,19,17,77.6,22.4,232.0,87.0,319.0,121.0,115.0,236.0,game,ML,Arizona Cardinals,,,stn,290.0,—,—,,Loss,,miss,,,,—,,
2026-10-04T20:01:41.654341+00:00,nfl,2026,4,401872966,4018729662372,3,12:40,"(Shotgun) J.Winston pass deep right intended for I.Likely INTERCEPTED by B.Baker at NYG 42. B.Baker pushed ob at NYG 20 for 22 yards (J.Winston).PENALTY on ARZ-W.Williams, Illegal Block Above the Waist, 10 yards, enforced at NYG 27.",3,13,NYG 23,23,2,New York Giants,Arizona Cardinals,19,17,77.6,22.4,232.0,87.0,319.0,121.0,115.0,236.0,game,ML,New York Giants,,,polymarket,-223.0,—,—,,Win,,hit,,,,—,,
2026-10-04T20:01:41.654341+00:00,nfl,2026,4,401872966,4018729662399,3,12:29,Official Timeout at 12:29.,1,10,NYG 37,37,2,New York Giants,Arizona Cardinals,19,17,77.6,22.4,232.0,87.0,319.0,121.0,115.0,236.0,game,Spread,Arizona Cardinals,,5.5,novig,135.0,—,—,,+2,,hit,,,,—,,
2026-10-04T20:01:41.654341+00:00,nfl,2026,4,401872966,4018729662399,3,12:29,Official Timeout at 12:29.,1,10,NYG 37,37,2,New York Giants,Arizona Cardinals,19,17,77.6,22.4,232.0,87.0,319.0,121.0,115.0,236.0,game,Spread,New York Giants,,-5.5,kalshi,-150.0,—,—,,+2,,miss,,,,—,,
2026-10-04T20:01:41.654341+00:00,nfl,2026,4,401872966,4018729662399,3,12:29,Official Timeout at 12:29.,1,10,NYG 37,37,2,New York Giants,Arizona Cardinals,19,17,77.6,22.4,232.0,87.0,319.0,121.0,115.0,236.0,game,Total,,,52.5,,,—,—,,36.0,,miss,,,,—,,
2026-10-04T20:01:41.654341+00:00,nfl,2026,4,401872966,4018729662399,3,12:29,Official Timeout at 12:29.,1,10,NYG 37,37,2,New York Giants,Arizona Cardinals,19,17,77.6,22.4,232.0,87.0,319.0,121.0,115.0,236.0,game,Total,Under,,52.5,kalshi,9900.0,—,—,,36.0,,hit,,,,—,,
2026-10-04T20:01:41.654341+00:00,nfl,2026,4,401872966,4018729662399,3,12:29,Official Timeout at 12:29.,1,10,NYG 37,37,2,New York Giants,Arizona Cardinals,19,17,77.6,22.4,232.0,87.0,319.0,121.0,115.0,236.0,game,ML,Arizona Cardinals,,,stn,290.0,—,—,,Loss,,miss,,,,—,,
2026-10-04T20:01:41.654341+00:00,nfl,2026,4,401872966,4018729662399,3,12:29,Official Timeout at 12:29.,1,10,NYG 37,37,2,New York Giants,Arizona Cardinals,19,17,77.6,22.4,232.0,87.0,319.0,121.0,115.0,236.0,game,ML,New York Giants,,,polymarket,-223.0,—,—,,Win,,hit,,,,—,,
2026-10-04T20:01:41.654341+00:00,nfl,2026,4,401872966,4018729662425,3,12:29,J.Love left guard to NYG 36 for 1 yard (J.Holland).,1,10,NYG 37,37,2,New York Giants,Arizona Cardinals,19,17,77.6,22.4,232.0,87.0,319.0,121.0,115.0,236.0,game,Spread,Arizona Cardinals,,5.5,novig,135.0,—,—,,+2,,hit,,,,—,,
2026-10-04T20:01:41.654341+00:00,nfl,2026,4,401872966,4018729662425,3,12:29,J.Love left guard to NYG 36 for 1 yard (J.Holland).,1,10,NYG 37,37,2,New York Giants,Arizona Cardinals,19,17,77.6,22.4,232.0,87.0,319.0,121.0,115.0,236.0,game,Spread,New York Giants,,-5.5,kalshi,-150.0,—,—,,+2,,miss,,,,—,,
2026-10-04T20:01:41.654341+00:00,nfl,2026,4,401872966,4018729662425,3,12:29,J.Love left guard to NYG 36 for 1 yard (J.Holland).,1,10,NYG 37,37,2,New York Giants,Arizona Cardinals,19,17,77.6,22.4,232.0,87.0,319.0,121.0,115.0,236.0,game,Total,,,52.5,,,—,—,,36.0,,miss,,,,—,,
2026-10-04T20:01:41.654341+00:00,nfl,2026,4,401872966,4018729662425,3,12:29,J.Love left guard to NYG 36 for 1 yard (J.Holland).,1,10,NYG 37,37,2,New York Giants,Arizona Cardinals,19,17,77.6,22.4,232.0,87.0,319.0,121.0,115.0,236.0,game,Total,Under,,52.5,kalshi,9900.0,—,—,,36.0,,hit,,,,—,,
2026-10-04T20:01:41.654341+00:00,nfl,2026,4,401872966,4018729662425,3,12:29,J.Love left guard to NYG 36 for 1 yard (J.Holland).,1,10,NYG 37,37,2,New York Giants,Arizona Cardinals,19,17,77.6,22.4,232.0,87.0,319.0,121.0,115.0,236.0,game,ML,Arizona Cardinals,,,stn,290.0,—,—,,Loss,,miss,,,,—,,
2026-10-04T20:01:41.654341+00:00,nfl,2026,4,401872966,4018729662425,3,12:29,J.Love left guard to NYG 36 for 1 yard (J.Holland).,1,10,NYG 37,37,2,New York Giants,Arizona Cardinals,19,17,77.6,22.4,232.0,87.0,319.0,121.0,115.0,236.0,game,ML,New York Giants,,,polymarket,-223.0,—,—,,Win,,hit,,,,—,,
2026-10-04T20:01:41.654341+00:00,nfl,2026,4,401872966,4018729662454,3,11:56,(Shotgun) J.Brissett pass short middle to H.Long to NYG 26 for 10 yards (A.Reese).,2,9,NYG 36,36,2,New York Giants,Arizona Cardinals,19,17,77.6,22.4,232.0,87.0,319.0,121.0,115.0,236.0,game,Spread,Arizona Cardinals,,5.5,novig,135.0,—,—,,+2,,hit,,,,—,,
2026-10-04T20:01:41.654341+00:00,nfl,2026,4,401872966,4018729662454,3,11:56,(Shotgun) J.Brissett pass short middle to H.Long to NYG 26 for 10 yards (A.Reese).,2,9,NYG 36,36,2,New York Giants,Arizona Cardinals,19,17,77.6,22.4,232.0,87.0,319.0,121.0,115.0,236.0,game,Spread,New York Giants,,-5.5,kalshi,-150.0,—,—,,+2,,miss,,,,—,,
2026-10-04T20:01:41.654341+00:00,nfl,2026,4,401872966,4018729662454,3,11:56,(Shotgun) J.Brissett pass short middle to H.Long to NYG 26 for 10 yards (A.Reese).,2,9,NYG 36,36,2,New York Giants,Arizona Cardinals,19,17,77.6,22.4,232.0,87.0,319.0,121.0,115.0,236.0,game,Total,,,52.5,,,—,—,,36.0,,miss,,,,—,,
2026-10-04T20:01:41.654341+00:00,nfl,2026,4,401872966,4018729662454,3,11:56,(Shotgun) J.Brissett pass short middle to H.Long to NYG 26 for 10 yards (A.Reese).,2,9,NYG 36,36,2,New York Giants,Arizona Cardinals,19,17,77.6,22.4,232.0,87.0,319.0,121.0,115.0,236.0,game,Total,Under,,52.5,kalshi,9900.0,—,—,,36.0,,hit,,,,—,,
2026-10-04T20:01:41.654341+00:00,nfl,2026,4,401872966,4018729662454,3,11:56,(Shotgun) J.Brissett pass short middle to H.Long to NYG 26 for 10 yards (A.Reese).,2,9,NYG 36,36,2,New York Giants,Arizona Cardinals,19,17,77.6,22.4,232.0,87.0,319.0,121.0,115.0,236.0,game,ML,Arizona Cardinals,,,stn,290.0,—,—,,Loss,,miss,,,,—,,
2026-10-04T20:01:41.654341+00:00,nfl,2026,4,401872966,4018729662454,3,11:56,(Shotgun) J.Brissett pass short middle to H.Long to NYG 26 for 10 yards (A.Reese).,2,9,NYG 36,36,2,New York Giants,Arizona Cardinals,19,17,77.6,22.4,232.0,87.0,319.0,121.0,115.0,236.0,game,ML,New York Giants,,,polymarket,-223.0,—,—,,Win,,hit,,,,—,,
2026-10-04T20:01:41.654341+00:00,nfl,2026,4,401872966,4018729662479,3,11:16,(Shotgun) J.Love left guard to NYG 21 for 5 yards (D.Banks; S.Harris).,1,10,NYG 26,26,2,New York Giants,Arizona Cardinals,19,17,77.6,22.4,232.0,87.0,319.0,121.0,115.0,236.0,game,Spread,Arizona Cardinals,,5.5,novig,135.0,—,—,,+2,,hit,,,,—,,
2026-10-04T20:01:41.654341+00:00,nfl,2026,4,401872966,4018729662479,3,11:16,(Shotgun) J.Love left guard to NYG 21 for 5 yards (D.Banks; S.Harris).,1,10,NYG 26,26,2,New York Giants,Arizona Cardinals,19,17,77.6,22.4,232.0,87.0,319.0,121.0,115.0,236.0,game,Spread,New York Giants,,-5.5,kalshi,-150.0,—,—,,+2,,miss,,,,—,,
2026-10-04T20:01:41.654341+00:00,nfl,2026,4,401872966,4018729662479,3,11:16,(Shotgun) J.Love left guard to NYG 21 for 5 yards (D.Banks; S.Harris).,1,10,NYG 26,26,2,New York Giants,Arizona Cardinals,19,17,77.6,22.4,232.0,87.0,319.0,121.0,115.0,236.0,game,Total,,,52.5,,,—,—,,36.0,,miss,,,,—,,
2026-10-04T20:01:41.654341+00:00,nfl,2026,4,401872966,4018729662479,3,11:16,(Shotgun) J.Love left guard to NYG 21 for 5 yards (D.Banks; S.Harris).,1,10,NYG 26,26,2,New York Giants,Arizona Cardinals,19,17,77.6,22.4,232.0,87.0,319.0,121.0,115.0,236.0,game,Total,Under,,52.5,kalshi,9900.0,—,—,,36.0,,hit,,,,—,,
2026-10-04T20:01:41.654341+00:00,nfl,2026,4,401872966,4018729662479,3,11:16,(Shotgun) J.Love left guard to NYG 21 for 5 yards (D.Banks; S.Harris).,1,10,NYG 26,26,2,New York Giants,Arizona Cardinals,19,17,77.6,22.4,232.0,87.0,319.0,121.0,115.0,236.0,game,ML,Arizona Cardinals,,,stn,290.0,—,—,,Loss,,miss,,,,—,,
2026-10-04T20:01:41.654341+00:00,nfl,2026,4,401872966,4018729662479,3,11:16,(Shotgun) J.Love left guard to NYG 21 for 5 yards (D.Banks; S.Harris).,1,10,NYG 26,26,2,New York Giants,Arizona Cardinals,19,17,77.6,22.4,232.0,87.0,319.0,121.0,115.0,236.0,game,ML,New York Giants,,,polymarket,-223.0,—,—,,Win,,hit,,,,—,,
2026-10-04T20:01:41.654341+00:00,nfl,2026,4,401872966,4018729662501,3,10:35,J.Love left tackle to NYG 17 for 4 yards (C.Golston).,2,5,NYG 21,21,2,New York Giants,Arizona Cardinals,19,17,77.6,22.4,232.0,87.0,319.0,121.0,115.0,236.0,game,Spread,Arizona Cardinals,,5.5,novig,135.0,—,—,,+2,,hit,,,,—,,
2026-10-04T20:01:41.654341+00:00,nfl,2026,4,401872966,4018729662501,3,10:35,J.Love left tackle to NYG 17 for 4 yards (C.Golston).,2,5,NYG 21,21,2,New York Giants,Arizona Cardinals,19,17,77.6,22.4,232.0,87.0,319.0,121.0,115.0,236.0,game,Spread,New York Giants,,-5.5,kalshi,-150.0,—,—,,+2,,miss,,,,—,,
2026-10-04T20:01:41.654341+00:00,nfl,2026,4,401872966,4018729662501,3,10:35,J.Love left tackle to NYG 17 for 4 yards (C.Golston).,2,5,NYG 21,21,2,New York Giants,Arizona Cardinals,19,17,77.6,22.4,232.0,87.0,319.0,121.0,115.0,236.0,game,Total,,,52.5,,,—,—,,36.0,,miss,,,,—,,
2026-10-04T20:01:41.654341+00:00,nfl,2026,4,401872966,4018729662501,3,10:35,J.Love left tackle to NYG 17 for 4 yards (C.Golston).,2,5,NYG 21,21,2,New York Giants,Arizona Cardinals,19,17,77.6,22.4,232.0,87.0,319.0,121.0,115.0,236.0,game,Total,Under,,52.5,kalshi,9900.0,—,—,,36.0,,hit,,,,—,,
2026-10-04T20:01:41.654341+00:00,nfl,2026,4,401872966,4018729662501,3,10:35,J.Love left tackle to NYG 17 for 4 yards (C.Golston).,2,5,NYG 21,21,2,New York Giants,Arizona Cardinals,19,17,77.6,22.4,232.0,87.0,319.0,121.0,115.0,236.0,game,ML,Arizona Cardinals,,,stn,290.0,—,—,,Loss,,miss,,,,—,,
2026-10-04T20:01:41.654341+00:00,nfl,2026,4,401872966,4018729662501,3,10:35,J.Love left tackle to NYG 17 for 4 yards (C.Golston).,2,5,NYG 21,21,2,New York Giants,Arizona Cardinals,19,17,77.6,22.4,232.0,87.0,319.0,121.0,115.0,236.0,game,ML,New York Giants,,,polymarket,-223.0,—,—,,Win,,hit,,,,—,,
2026-10-04T20:01:41.654341+00:00,nfl,2026,4,401872966,4018729662523,3,10:09,(No Huddle) J.Brissett up the middle to NYG 15 for 2 yards (S.Harris).,3,1,NYG 17,17,2,New York Giants,Arizona Cardinals,19,17,77.6,22.4,232.0,87.0,319.0,121.0,115.0,236.0,game,Spread,Arizona Cardinals,,5.5,novig,135.0,—,—,,+2,,hit,,,,—,,
2026-10-04T20:01:41.654341+00:00,nfl,2026,4,401872966,4018729662523,3,10:09,(No Huddle) J.Brissett up the middle to NYG 15 for 2 yards (S.Harris).,3,1,NYG 17,17,2,New York Giants,Arizona Cardinals,19,17,77.6,22.4,232.0,87.0,319.0,121.0,115.0,236.0,game,Spread,New York Giants,,-5.5,kalshi,-150.0,—,—,,+2,,miss,,,,—,,
2026-10-04T20:01:41.654341+00:00,nfl,2026,4,401872966,4018729662523,3,10:09,(No Huddle) J.Brissett up the middle to NYG 15 for 2 yards (S.Harris).,3,1,NYG 17,17,2,New York Giants,Arizona Cardinals,19,17,77.6,22.4,232.0,87.0,319.0,121.0,115.0,236.0,game,Total,,,52.5,,,—,—,,36.0,,miss,,,,—,,
2026-10-04T20:01:41.654341+00:00,nfl,2026,4,401872966,4018729662523,3,10:09,(No Huddle) J.Brissett up the middle to NYG 15 for 2 yards (S.Harris).,3,1,NYG 17,17,2,New York Giants,Arizona Cardinals,19,17,77.6,22.4,232.0,87.0,319.0,121.0,115.0,236.0,game,Total,Under,,52.5,kalshi,9900.0,—,—,,36.0,,hit,,,,—,,
2026-10-04T20:01:41.654341+00:00,nfl,2026,4,401872966,4018729662523,3,10:09,(No Huddle) J.Brissett up the middle to NYG 15 for 2 yards (S.Harris).,3,1,NYG 17,17,2,New York Giants,Arizona Cardinals,19,17,77.6,22.4,232.0,87.0,319.0,121.0,115.0,236.0,game,ML,Arizona Cardinals,,,stn,290.0,—,—,,Loss,,miss,,,,—,,
2026-10-04T20:01:41.654341+00:00,nfl,2026,4,401872966,4018729662523,3,10:09,(No Huddle) J.Brissett up the middle to NYG 15 for 2 yards (S.Harris).,3,1,NYG 17,17,2,New York Giants,Arizona Cardinals,19,17,77.6,22.4,232.0,87.0,319.0,121.0,115.0,236.0,game,ML,New York Giants,,,polymarket,-223.0,—,—,,Win,,hit,,,,—,,
2026-10-04T20:01:41.654341+00:00,nfl,2026,4,401872966,4018729662545,3,9:29,(Shotgun) T.Allgeier left tackle to NYG 14 for 1 yard (A.Carter; D.Alexander).,1,10,NYG 15,15,2,New York Giants,Arizona Cardinals,19,17,77.6,22.4,232.0,87.0,319.0,121.0,115.0,236.0,game,Spread,Arizona Cardinals,,5.5,novig,135.0,—,—,,+2,,hit,,,,—,,
2026-10-04T20:01:41.654341+00:00,nfl,2026,4,401872966,4018729662545,3,9:29,(Shotgun) T.Allgeier left tackle to NYG 14 for 1 yard (A.Carter; D.Alexander).,1,10,NYG 15,15,2,New York Giants,Arizona Cardinals,19,17,77.6,22.4,232.0,87.0,319.0,121.0,115.0,236.0,game,Spread,New York Giants,,-5.5,kalshi,-150.0,—,—,,+2,,miss,,,,—,,
2026-10-04T20:01:41.654341+00:00,nfl,2026,4,401872966,4018729662545,3,9:29,(Shotgun) T.Allgeier left tackle to NYG 14 for 1 yard (A.Carter; D.Alexander).,1,10,NYG 15,15,2,New York Giants,Arizona Cardinals,19,17,77.6,22.4,232.0,87.0,319.0,121.0,115.0,236.0,game,Total,,,52.5,,,—,—,,36.0,,miss,,,,—,,
2026-10-04T20:01:41.654341+00:00,nfl,2026,4,401872966,4018729662545,3,9:29,(Shotgun) T.Allgeier left tackle to NYG 14 for 1 yard (A.Carter; D.Alexander).,1,10,NYG 15,15,2,New York Giants,Arizona Cardinals,19,17,77.6,22.4,232.0,87.0,319.0,121.0,115.0,236.0,game,Total,Under,,52.5,kalshi,9900.0,—,—,,36.0,,hit,,,,—,,
2026-10-04T20:01:41.654341+00:00,nfl,2026,4,401872966,4018729662545,3,9:29,(Shotgun) T.Allgeier left tackle to NYG 14 for 1 yard (A.Carter; D.Alexander).,1,10,NYG 15,15,2,New York Giants,Arizona Cardinals,19,17,77.6,22.4,232.0,87.0,319.0,121.0,115.0,236.0,game,ML,Arizona Cardinals,,,stn,290.0,—,—,,Loss,,miss,,,,—,,
2026-10-04T20:01:41.654341+00:00,nfl,2026,4,401872966,4018729662545,3,9:29,(Shotgun) T.Allgeier left tackle to NYG 14 for 1 yard (A.Carter; D.Alexander).,1,10,NYG 15,15,2,New York Giants,Arizona Cardinals,19,17,77.6,22.4,232.0,87.0,319.0,121.0,115.0,236.0,game,ML,New York Giants,,,polymarket,-223.0,—,—,,Win,,hit,,,,—,,
2026-10-04T20:01:41.654341+00:00,nfl,2026,4,401872966,4018729662567,3,8:51,(Shotgun) J.Brissett pass short left to Mi.Wilson to NYG 4 for 10 yards (T.Nubin).,2,9,NYG 14,14,2,New York Giants,Arizona Cardinals,19,17,77.6,22.4,232.0,87.0,319.0,121.0,115.0,236.0,game,Spread,Arizona Cardinals,,5.5,novig,135.0,—,—,,+2,,hit,,,,—,,
2026-10-04T20:01:41.654341+00:00,nfl,2026,4,401872966,4018729662567,3,8:51,(Shotgun) J.Brissett pass short left to Mi.Wilson to NYG 4 for 10 yards (T.Nubin).,2,9,NYG 14,14,2,New York Giants,Arizona Cardinals,19,17,77.6,22.4,232.0,87.0,319.0,121.0,115.0,236.0,game,Spread,New York Giants,,-5.5,kalshi,-150.0,—,—,,+2,,miss,,,,—,,
2026-10-04T20:01:41.654341+00:00,nfl,2026,4,401872966,4018729662567,3,8:51,(Shotgun) J.Brissett pass short left to Mi.Wilson to NYG 4 for 10 yards (T.Nubin).,2,9,NYG 14,14,2,New York Giants,Arizona Cardinals,19,17,77.6,22.4,232.0,87.0,319.0,121.0,115.0,236.0,game,Total,,,52.5,,,—,—,,36.0,,miss,,,,—,,
2026-10-04T20:01:41.654341+00:00,nfl,2026,4,401872966,4018729662567,3,8:51,(Shotgun) J.Brissett pass short left to Mi.Wilson to NYG 4 for 10 yards (T.Nubin).,2,9,NYG 14,14,2,New York Giants,Arizona Cardinals,19,17,77.6,22.4,232.0,87.0,319.0,121.0,115.0,236.0,game,Total,Under,,52.5,kalshi,9900.0,—,—,,36.0,,hit,,,,—,,
2026-10-04T20:01:41.654341+00:00,nfl,2026,4,401872966,4018729662567,3,8:51,(Shotgun) J.Brissett pass short left to Mi.Wilson to NYG 4 for 10 yards (T.Nubin).,2,9,NYG 14,14,2,New York Giants,Arizona Cardinals,19,17,77.6,22.4,232.0,87.0,319.0,121.0,115.0,236.0,game,ML,Arizona Cardinals,,,stn,290.0,—,—,,Loss,,miss,,,,—,,
2026-10-04T20:01:41.654341+00:00,nfl,2026,4,401872966,4018729662567,3,8:51,(Shotgun) J.Brissett pass short left to Mi.Wilson to NYG 4 for 10 yards (T.Nubin).,2,9,NYG 14,14,2,New York Giants,Arizona Cardinals,19,17,77.6,22.4,232.0,87.0,319.0,121.0,115.0,236.0,game,ML,New York Giants,,,polymarket,-223.0,—,—,,Win,,hit,,,,—,,
2026-10-04T20:01:41.654341+00:00,nfl,2026,4,401872966,4018729662592,3,8:06,J.Williams reported in as eligible.  J.Brissett pass incomplete short left to M.Harrison (D.Banks). NYG-C.Golston was injured during the play.,1,4,NYG 4,4,2,New York Giants,Arizona Cardinals,19,17,77.6,22.4,232.0,87.0,319.0,121.0,115.0,236.0,game,Spread,Arizona Cardinals,,5.5,novig,135.0,—,—,,+2,,hit,,,,—,,
2026-10-04T20:01:41.654341+00:00,nfl,2026,4,401872966,4018729662592,3,8:06,J.Williams reported in as eligible.  J.Brissett pass incomplete short left to M.Harrison (D.Banks). NYG-C.Golston was injured during the play.,1,4,NYG 4,4,2,New York Giants,Arizona Cardinals,19,17,77.6,22.4,232.0,87.0,319.0,121.0,115.0,236.0,game,Spread,New York Giants,,-5.5,kalshi,-150.0,—,—,,+2,,miss,,,,—,,
2026-10-04T20:01:41.654341+00:00,nfl,2026,4,401872966,4018729662592,3,8:06,J.Williams reported in as eligible.  J.Brissett pass incomplete short left to M.Harrison (D.Banks). NYG-C.Golston was injured during the play.,1,4,NYG 4,4,2,New York Giants,Arizona Cardinals,19,17,77.6,22.4,232.0,87.0,319.0,121.0,115.0,236.0,game,Total,,,52.5,,,—,—,,36.0,,miss,,,,—,,
2026-10-04T20:01:41.654341+00:00,nfl,2026,4,401872966,4018729662592,3,8:06,J.Williams reported in as eligible.  J.Brissett pass incomplete short left to M.Harrison (D.Banks). NYG-C.Golston was injured during the play.,1,4,NYG 4,4,2,New York Giants,Arizona Cardinals,19,17,77.6,22.4,232.0,87.0,319.0,121.0,115.0,236.0,game,Total,Under,,52.5,kalshi,9900.0,—,—,,36.0,,hit,,,,—,,
2026-10-04T20:01:41.654341+00:00,nfl,2026,4,401872966,4018729662592,3,8:06,J.Williams reported in as eligible.  J.Brissett pass incomplete short left to M.Harrison (D.Banks). NYG-C.Golston was injured during the play.,1,4,NYG 4,4,2,New York Giants,Arizona Cardinals,19,17,77.6,22.4,232.0,87.0,319.0,121.0,115.0,236.0,game,ML,Arizona Cardinals,,,stn,290.0,—,—,,Loss,,miss,,,,—,,
2026-10-04T20:01:41.654341+00:00,nfl,2026,4,401872966,4018729662592,3,8:06,J.Williams reported in as eligible.  J.Brissett pass incomplete short left to M.Harrison (D.Banks). NYG-C.Golston was injured during the play.,1,4,NYG 4,4,2,New York Giants,Arizona Cardinals,19,17,77.6,22.4,232.0,87.0,319.0,121.0,115.0,236.0,game,ML,New York Giants,,,polymarket,-223.0,—,—,,Win,,hit,,,,—,,
2026-10-04T20:01:41.654341+00:00,nfl,2026,4,401872966,4018729662617,3,8:04,"J.Brissett pass incomplete short right to M.Harrison [A.Carter].PENALTY on NYG-G.Newsome, Defensive Holding, 2 yards, enforced at NYG 4 - No Play.",2,4,NYG 4,4,2,New York Giants,Arizona Cardinals,19,17,77.6,22.4,232.0,87.0,319.0,121.0,115.0,236.0,game,Spread,Arizona Cardinals,,5.5,novig,135.0,—,—,,+2,,hit,,,,—,,
2026-10-04T20:01:41.654341+00:00,nfl,2026,4,401872966,4018729662617,3,8:04,"J.Brissett pass incomplete short right to M.Harrison [A.Carter].PENALTY on NYG-G.Newsome, Defensive Holding, 2 yards, enforced at NYG 4 - No Play.",2,4,NYG 4,4,2,New York Giants,Arizona Cardinals,19,17,77.6,22.4,232.0,87.0,319.0,121.0,115.0,236.0,game,Spread,New York Giants,,-5.5,kalshi,-150.0,—,—,,+2,,miss,,,,—,,
2026-10-04T20:01:41.654341+00:00,nfl,2026,4,401872966,4018729662617,3,8:04,"J.Brissett pass incomplete short right to M.Harrison [A.Carter].PENALTY on NYG-G.Newsome, Defensive Holding, 2 yards, enforced at NYG 4 - No Play.",2,4,NYG 4,4,2,New York Giants,Arizona Cardinals,19,17,77.6,22.4,232.0,87.0,319.0,121.0,115.0,236.0,game,Total,,,52.5,,,—,—,,36.0,,miss,,,,—,,
2026-10-04T20:01:41.654341+00:00,nfl,2026,4,401872966,4018729662617,3,8:04,"J.Brissett pass incomplete short right to M.Harrison [A.Carter].PENALTY on NYG-G.Newsome, Defensive Holding, 2 yards, enforced at NYG 4 - No Play.",2,4,NYG 4,4,2,New York Giants,Arizona Cardinals,19,17,77.6,22.4,232.0,87.0,319.0,121.0,115.0,236.0,game,Total,Under,,52.5,kalshi,9900.0,—,—,,36.0,,hit,,,,—,,
2026-10-04T20:01:41.654341+00:00,nfl,2026,4,401872966,4018729662617,3,8:04,"J.Brissett pass incomplete short right to M.Harrison [A.Carter].PENALTY on NYG-G.Newsome, Defensive Holding, 2 yards, enforced at NYG 4 - No Play.",2,4,NYG 4,4,2,New York Giants,Arizona Cardinals,19,17,77.6,22.4,232.0,87.0,319.0,121.0,115.0,236.0,game,ML,Arizona Cardinals,,,stn,290.0,—,—,,Loss,,miss,,,,—,,
2026-10-04T20:01:41.654341+00:00,nfl,2026,4,401872966,4018729662617,3,8:04,"J.Brissett pass incomplete short right to M.Harrison [A.Carter].PENALTY on NYG-G.Newsome, Defensive Holding, 2 yards, enforced at NYG 4 - No Play.",2,4,NYG 4,4,2,New York Giants,Arizona Cardinals,19,17,77.6,22.4,232.0,87.0,319.0,121.0,115.0,236.0,game,ML,New York Giants,,,polymarket,-223.0,—,—,,Win,,hit,,,,—,,
2026-10-04T20:01:41.654341+00:00,nfl,2026,4,401872966,4018729662654,3,7:59,T.Allgeier up the middle to NYG 2 for no gain (G.Newsome; D.Alexander).,1,2,NYG 2,2,2,New York Giants,Arizona Cardinals,19,17,77.6,22.4,232.0,87.0,319.0,121.0,115.0,236.0,game,Spread,Arizona Cardinals,,5.5,novig,135.0,—,—,,+2,,hit,,,,—,,
2026-10-04T20:01:41.654341+00:00,nfl,2026,4,401872966,4018729662654,3,7:59,T.Allgeier up the middle to NYG 2 for no gain (G.Newsome; D.Alexander).,1,2,NYG 2,2,2,New York Giants,Arizona Cardinals,19,17,77.6,22.4,232.0,87.0,319.0,121.0,115.0,236.0,game,Spread,New York Giants,,-5.5,kalshi,-150.0,—,—,,+2,,miss,,,,—,,
2026-10-04T20:01:41.654341+00:00,nfl,2026,4,401872966,4018729662654,3,7:59,T.Allgeier up the middle to NYG 2 for no gain (G.Newsome; D.Alexander).,1,2,NYG 2,2,2,New York Giants,Arizona Cardinals,19,17,77.6,22.4,232.0,87.0,319.0,121.0,115.0,236.0,game,Total,,,52.5,,,—,—,,36.0,,miss,,,,—,,
2026-10-04T20:01:41.654341+00:00,nfl,2026,4,401872966,4018729662654,3,7:59,T.Allgeier up the middle to NYG 2 for no gain (G.Newsome; D.Alexander).,1,2,NYG 2,2,2,New York Giants,Arizona Cardinals,19,17,77.6,22.4,232.0,87.0,319.0,121.0,115.0,236.0,game,Total,Under,,52.5,kalshi,9900.0,—,—,,36.0,,hit,,,,—,,
2026-10-04T20:01:41.654341+00:00,nfl,2026,4,401872966,4018729662654,3,7:59,T.Allgeier up the middle to NYG 2 for no gain (G.Newsome; D.Alexander).,1,2,NYG 2,2,2,New York Giants,Arizona Cardinals,19,17,77.6,22.4,232.0,87.0,319.0,121.0,115.0,236.0,game,ML,Arizona Cardinals,,,stn,290.0,—,—,,Loss,,miss,,,,—,,
2026-10-04T20:01:41.654341+00:00,nfl,2026,4,401872966,4018729662654,3,7:59,T.Allgeier up the middle to NYG 2 for no gain (G.Newsome; D.Alexander).,1,2,NYG 2,2,2,New York Giants,Arizona Cardinals,19,17,77.6,22.4,232.0,87.0,319.0,121.0,115.0,236.0,game,ML,New York Giants,,,polymarket,-223.0,—,—,,Win,,hit,,,,—,,
2026-10-04T20:01:41.654341+00:00,nfl,2026,4,401872966,4018729662710,3,7:20,Official Timeout at 07:20.,-1,10,NYG 15,15,-5,New York Giants,Arizona Cardinals,19,24,77.6,22.4,232.0,87.0,319.0,121.0,115.0,236.0,game,Spread,Arizona Cardinals,,5.5,novig,135.0,—,—,,-5,,hit,,,,—,,
2026-10-04T20:01:41.654341+00:00,nfl,2026,4,401872966,4018729662710,3,7:20,Official Timeout at 07:20.,-1,10,NYG 15,15,-5,New York Giants,Arizona Cardinals,19,24,77.6,22.4,232.0,87.0,319.0,121.0,115.0,236.0,game,Spread,New York Giants,,-5.5,kalshi,-150.0,—,—,,-5,,miss,,,,—,,
2026-10-04T20:01:41.654341+00:00,nfl,2026,4,401872966,4018729662710,3,7:20,Official Timeout at 07:20.,-1,10,NYG 15,15,-5,New York Giants,Arizona Cardinals,19,24,77.6,22.4,232.0,87.0,319.0,121.0,115.0,236.0,game,Total,,,52.5,,,—,—,,43.0,,miss,,,,—,,
2026-10-04T20:01:41.654341+00:00,nfl,2026,4,401872966,4018729662710,3,7:20,Official Timeout at 07:20.,-1,10,NYG 15,15,-5,New York Giants,Arizona Cardinals,19,24,77.6,22.4,232.0,87.0,319.0,121.0,115.0,236.0,game,Total,Under,,52.5,kalshi,9900.0,—,—,,43.0,,hit,,,,—,,
2026-10-04T20:01:41.654341+00:00,nfl,2026,4,401872966,4018729662710,3,7:20,Official Timeout at 07:20.,-1,10,NYG 15,15,-5,New York Giants,Arizona Cardinals,19,24,77.6,22.4,232.0,87.0,319.0,121.0,115.0,236.0,game,ML,Arizona Cardinals,,,stn,290.0,—,—,,Win,,hit,,,,—,,
2026-10-04T20:01:41.654341+00:00,nfl,2026,4,401872966,4018729662710,3,7:20,Official Timeout at 07:20.,-1,10,NYG 15,15,-5,New York Giants,Arizona Cardinals,19,24,77.6,22.4,232.0,87.0,319.0,121.0,115.0,236.0,game,ML,New York Giants,,,polymarket,-223.0,—,—,,Loss,,miss,,,,—,,
2026-10-04T20:01:41.654341+00:00,nfl,2026,4,401872966,4018729662676,3,7:20,"J.Brissett pass short middle to E.Higgins for 2 yards, TOUCHDOWN. C.Ryland extra point is GOOD, Center-C.Kreiter, Holder-B.Gillikin.",2,2,NYG 2,2,-5,New York Giants,Arizona Cardinals,19,24,77.6,22.4,232.0,87.0,319.0,121.0,115.0,236.0,game,Spread,Arizona Cardinals,,5.5,novig,135.0,—,—,,-5,,hit,,,,—,,
2026-10-04T20:01:41.654341+00:00,nfl,2026,4,401872966,4018729662676,3,7:20,"J.Brissett pass short middle to E.Higgins for 2 yards, TOUCHDOWN. C.Ryland extra point is GOOD, Center-C.Kreiter, Holder-B.Gillikin.",2,2,NYG 2,2,-5,New York Giants,Arizona Cardinals,19,24,77.6,22.4,232.0,87.0,319.0,121.0,115.0,236.0,game,Spread,New York Giants,,-5.5,kalshi,-150.0,—,—,,-5,,miss,,,,—,,
2026-10-04T20:01:41.654341+00:00,nfl,2026,4,401872966,4018729662676,3,7:20,"J.Brissett pass short middle to E.Higgins for 2 yards, TOUCHDOWN. C.Ryland extra point is GOOD, Center-C.Kreiter, Holder-B.Gillikin.",2,2,NYG 2,2,-5,New York Giants,Arizona Cardinals,19,24,77.6,22.4,232.0,87.0,319.0,121.0,115.0,236.0,game,Total,,,52.5,,,—,—,,43.0,,miss,,,,—,,
2026-10-04T20:01:41.654341+00:00,nfl,2026,4,401872966,4018729662676,3,7:20,"J.Brissett pass short middle to E.Higgins for 2 yards, TOUCHDOWN. C.Ryland extra point is GOOD, Center-C.Kreiter, Holder-B.Gillikin.",2,2,NYG 2,2,-5,New York Giants,Arizona Cardinals,19,24,77.6,22.4,232.0,87.0,319.0,121.0,115.0,236.0,game,Total,Under,,52.5,kalshi,9900.0,—,—,,43.0,,hit,,,,—,,
2026-10-04T20:01:41.654341+00:00,nfl,2026,4,401872966,4018729662676,3,7:20,"J.Brissett pass short middle to E.Higgins for 2 yards, TOUCHDOWN. C.Ryland extra point is GOOD, Center-C.Kreiter, Holder-B.Gillikin.",2,2,NYG 2,2,-5,New York Giants,Arizona Cardinals,19,24,77.6,22.4,232.0,87.0,319.0,121.0,115.0,236.0,game,ML,Arizona Cardinals,,,stn,290.0,—,—,,Win,,hit,,,,—,,
2026-10-04T20:01:41.654341+00:00,nfl,2026,4,401872966,4018729662676,3,7:20,"J.Brissett pass short middle to E.Higgins for 2 yards, TOUCHDOWN. C.Ryland extra point is GOOD, Center-C.Kreiter, Holder-B.Gillikin.",2,2,NYG 2,2,-5,New York Giants,Arizona Cardinals,19,24,77.6,22.4,232.0,87.0,319.0,121.0,115.0,236.0,game,ML,New York Giants,,,polymarket,-223.0,—,—,,Loss,,miss,,,,—,,
2026-10-04T20:01:41.654341+00:00,nfl,2026,4,401872966,4018729662717,3,7:20,C.Ryland kicks 60 yards from ARZ 35 to NYG 5. C.Jones to NYG 24 for 19 yards (K.Sharar).,1,10,ARI 33,65,-5,New York Giants,Arizona Cardinals,19,24,77.6,22.4,232.0,87.0,319.0,121.0,115.0,236.0,game,Spread,Arizona Cardinals,,5.5,novig,135.0,—,—,,-5,,hit,,,,—,,
2026-10-04T20:01:41.654341+00:00,nfl,2026,4,401872966,4018729662717,3,7:20,C.Ryland kicks 60 yards from ARZ 35 to NYG 5. C.Jones to NYG 24 for 19 yards (K.Sharar).,1,10,ARI 33,65,-5,New York Giants,Arizona Cardinals,19,24,77.6,22.4,232.0,87.0,319.0,121.0,115.0,236.0,game,Spread,New York Giants,,-5.5,kalshi,-150.0,—,—,,-5,,miss,,,,—,,
2026-10-04T20:01:41.654341+00:00,nfl,2026,4,401872966,4018729662717,3,7:20,C.Ryland kicks 60 yards from ARZ 35 to NYG 5. C.Jones to NYG 24 for 19 yards (K.Sharar).,1,10,ARI 33,65,-5,New York Giants,Arizona Cardinals,19,24,77.6,22.4,232.0,87.0,319.0,121.0,115.0,236.0,game,Total,,,52.5,,,—,—,,43.0,,miss,,,,—,,
2026-10-04T20:01:41.654341+00:00,nfl,2026,4,401872966,4018729662717,3,7:20,C.Ryland kicks 60 yards from ARZ 35 to NYG 5. C.Jones to NYG 24 for 19 yards (K.Sharar).,1,10,ARI 33,65,-5,New York Giants,Arizona Cardinals,19,24,77.6,22.4,232.0,87.0,319.0,121.0,115.0,236.0,game,Total,Under,,52.5,kalshi,9900.0,—,—,,43.0,,hit,,,,—,,
2026-10-04T20:01:41.654341+00:00,nfl,2026,4,401872966,4018729662717,3,7:20,C.Ryland kicks 60 yards from ARZ 35 to NYG 5. C.Jones to NYG 24 for 19 yards (K.Sharar).,1,10,ARI 33,65,-5,New York Giants,Arizona Cardinals,19,24,77.6,22.4,232.0,87.0,319.0,121.0,115.0,236.0,game,ML,Arizona Cardinals,,,stn,290.0,—,—,,Win,,hit,,,,—,,
2026-10-04T20:01:41.654341+00:00,nfl,2026,4,401872966,4018729662717,3,7:20,C.Ryland kicks 60 yards from ARZ 35 to NYG 5. C.Jones to NYG 24 for 19 yards (K.Sharar).,1,10,ARI 33,65,-5,New York Giants,Arizona Cardinals,19,24,77.6,22.4,232.0,87.0,319.0,121.0,115.0,236.0,game,ML,New York Giants,,,polymarket,-223.0,—,—,,Loss,,miss,,,,—,,
2026-10-04T20:01:41.654341+00:00,nfl,2026,4,401872966,4018729662747,3,7:14,J.Winston pass deep left to M.Nabers pushed ob at ARZ 48 for 28 yards (M.Melton).,1,10,NYG 24,24,-5,New York Giants,Arizona Cardinals,19,24,77.6,22.4,232.0,87.0,319.0,121.0,115.0,236.0,game,Spread,Arizona Cardinals,,5.5,novig,135.0,—,—,,-5,,hit,,,,—,,
2026-10-04T20:01:41.654341+00:00,nfl,2026,4,401872966,4018729662747,3,7:14,J.Winston pass deep left to M.Nabers pushed ob at ARZ 48 for 28 yards (M.Melton).,1,10,NYG 24,24,-5,New York Giants,Arizona Cardinals,19,24,77.6,22.4,232.0,87.0,319.0,121.0,115.0,236.0,game,Spread,New York Giants,,-5.5,kalshi,-150.0,—,—,,-5,,miss,,,,—,,
2026-10-04T20:01:41.654341+00:00,nfl,2026,4,401872966,4018729662747,3,7:14,J.Winston pass deep left to M.Nabers pushed ob at ARZ 48 for 28 yards (M.Melton).,1,10,NYG 24,24,-5,New York Giants,Arizona Cardinals,19,24,77.6,22.4,232.0,87.0,319.0,121.0,115.0,236.0,game,Total,,,52.5,,,—,—,,43.0,,miss,,,,—,,
2026-10-04T20:01:41.654341+00:00,nfl,2026,4,401872966,4018729662747,3,7:14,J.Winston pass deep left to M.Nabers pushed ob at ARZ 48 for 28 yards (M.Melton).,1,10,NYG 24,24,-5,New York Giants,Arizona Cardinals,19,24,77.6,22.4,232.0,87.0,319.0,121.0,115.0,236.0,game,Total,Under,,52.5,kalshi,9900.0,—,—,,43.0,,hit,,,,—,,
2026-10-04T20:01:41.654341+00:00,nfl,2026,4,401872966,4018729662747,3,7:14,J.Winston pass deep left to M.Nabers pushed ob at ARZ 48 for 28 yards (M.Melton).,1,10,NYG 24,24,-5,New York Giants,Arizona Cardinals,19,24,77.6,22.4,232.0,87.0,319.0,121.0,115.0,236.0,game,ML,Arizona Cardinals,,,stn,290.0,—,—,,Win,,hit,,,,—,,
2026-10-04T20:01:41.654341+00:00,nfl,2026,4,401872966,4018729662747,3,7:14,J.Winston pass deep left to M.Nabers pushed ob at ARZ 48 for 28 yards (M.Melton).,1,10,NYG 24,24,-5,New York Giants,Arizona Cardinals,19,24,77.6,22.4,232.0,87.0,319.0,121.0,115.0,236.0,game,ML,New York Giants,,,polymarket,-223.0,—,—,,Loss,,miss,,,,—,,
2026-10-04T20:01:41.654341+00:00,nfl,2026,4,401872966,4018729662777,3,6:35,(Shotgun) J.Winston sacked at NYG 42 for -10 yards (D.Robinson).,1,10,ARI 48,52,-5,New York Giants,Arizona Cardinals,19,24,77.6,22.4,232.0,87.0,319.0,121.0,115.0,236.0,game,Spread,Arizona Cardinals,,5.5,novig,135.0,—,—,,-5,,hit,,,,—,,
2026-10-04T20:01:41.654341+00:00,nfl,2026,4,401872966,4018729662777,3,6:35,(Shotgun) J.Winston sacked at NYG 42 for -10 yards (D.Robinson).,1,10,ARI 48,52,-5,New York Giants,Arizona Cardinals,19,24,77.6,22.4,232.0,87.0,319.0,121.0,115.0,236.0,game,Spread,New York Giants,,-5.5,kalshi,-150.0,—,—,,-5,,miss,,,,—,,
2026-10-04T20:01:41.654341+00:00,nfl,2026,4,401872966,4018729662777,3,6:35,(Shotgun) J.Winston sacked at NYG 42 for -10 yards (D.Robinson).,1,10,ARI 48,52,-5,New York Giants,Arizona Cardinals,19,24,77.6,22.4,232.0,87.0,319.0,121.0,115.0,236.0,game,Total,,,52.5,,,—,—,,43.0,,miss,,,,—,,
2026-10-04T20:01:41.654341+00:00,nfl,2026,4,401872966,4018729662777,3,6:35,(Shotgun) J.Winston sacked at NYG 42 for -10 yards (D.Robinson).,1,10,ARI 48,52,-5,New York Giants,Arizona Cardinals,19,24,77.6,22.4,232.0,87.0,319.0,121.0,115.0,236.0,game,Total,Under,,52.5,kalshi,9900.0,—,—,,43.0,,hit,,,,—,,
2026-10-04T20:01:41.654341+00:00,nfl,2026,4,401872966,4018729662777,3,6:35,(Shotgun) J.Winston sacked at NYG 42 for -10 yards (D.Robinson).,1,10,ARI 48,52,-5,New York Giants,Arizona Cardinals,19,24,77.6,22.4,232.0,87.0,319.0,121.0,115.0,236.0,game,ML,Arizona Cardinals,,,stn,290.0,—,—,,Win,,hit,,,,—,,
2026-10-04T20:01:41.654341+00:00,nfl,2026,4,401872966,4018729662777,3,6:35,(Shotgun) J.Winston sacked at NYG 42 for -10 yards (D.Robinson).,1,10,ARI 48,52,-5,New York Giants,Arizona Cardinals,19,24,77.6,22.4,232.0,87.0,319.0,121.0,115.0,236.0,game,ML,New York Giants,,,polymarket,-223.0,—,—,,Loss,,miss,,,,—,,
2026-10-04T20:01:41.654341+00:00,nfl,2026,4,401872966,4018729662797,3,5:50,"(5:50) (Shotgun) J.Winston pass incomplete short right to M.Nabers [J.Sweat].
Penalty on NYG-I.Likely, Illegal Formation, declined.",2,20,NYG 42,42,-5,New York Giants,Arizona Cardinals,19,24,77.6,22.4,232.0,87.0,319.0,121.0,115.0,236.0,game,Spread,Arizona Cardinals,,5.5,novig,135.0,—,—,,-5,,hit,,,,—,,
2026-10-04T20:01:41.654341+00:00,nfl,2026,4,401872966,4018729662797,3,5:50,"(5:50) (Shotgun) J.Winston pass incomplete short right to M.Nabers [J.Sweat].
Penalty on NYG-I.Likely, Illegal Formation, declined.",2,20,NYG 42,42,-5,New York Giants,Arizona Cardinals,19,24,77.6,22.4,232.0,87.0,319.0,121.0,115.0,236.0,game,Spread,New York Giants,,-5.5,kalshi,-150.0,—,—,,-5,,miss,,,,—,,
2026-10-04T20:01:41.654341+00:00,nfl,2026,4,401872966,4018729662797,3,5:50,"(5:50) (Shotgun) J.Winston pass incomplete short right to M.Nabers [J.Sweat].
Penalty on NYG-I.Likely, Illegal Formation, declined.",2,20,NYG 42,42,-5,New York Giants,Arizona Cardinals,19,24,77.6,22.4,232.0,87.0,319.0,121.0,115.0,236.0,game,Total,,,52.5,,,—,—,,43.0,,miss,,,,—,,
2026-10-04T20:01:41.654341+00:00,nfl,2026,4,401872966,4018729662797,3,5:50,"(5:50) (Shotgun) J.Winston pass incomplete short right to M.Nabers [J.Sweat].
Penalty on NYG-I.Likely, Illegal Formation, declined.",2,20,NYG 42,42,-5,New York Giants,Arizona Cardinals,19,24,77.6,22.4,232.0,87.0,319.0,121.0,115.0,236.0,game,Total,Under,,52.5,kalshi,9900.0,—,—,,43.0,,hit,,,,—,,
2026-10-04T20:01:41.654341+00:00,nfl,2026,4,401872966,4018729662797,3,5:50,"(5:50) (Shotgun) J.Winston pass incomplete short right to M.Nabers [J.Sweat].
Penalty on NYG-I.Likely, Illegal Formation, declined.",2,20,NYG 42,42,-5,New York Giants,Arizona Cardinals,19,24,77.6,22.4,232.0,87.0,319.0,121.0,115.0,236.0,game,ML,Arizona Cardinals,,,stn,290.0,—,—,,Win,,hit,,,,—,,
2026-10-04T20:01:41.654341+00:00,nfl,2026,4,401872966,4018729662797,3,5:50,"(5:50) (Shotgun) J.Winston pass incomplete short right to M.Nabers [J.Sweat].
Penalty on NYG-I.Likely, Illegal Formation, declined.",2,20,NYG 42,42,-5,New York Giants,Arizona Cardinals,19,24,77.6,22.4,232.0,87.0,319.0,121.0,115.0,236.0,game,ML,New York Giants,,,polymarket,-223.0,—,—,,Loss,,miss,,,,—,,
2026-10-04T20:01:41.654341+00:00,nfl,2026,4,401872966,4018729662831,3,5:47,(Shotgun) J.Winston pass deep left to M.Fields pushed ob at ARZ 18 for 40 yards (W.Williams).,3,20,NYG 42,42,-5,New York Giants,Arizona Cardinals,19,24,77.6,22.4,232.0,87.0,319.0,121.0,115.0,236.0,game,Spread,Arizona Cardinals,,5.5,novig,135.0,—,—,,-5,,hit,,,,—,,
2026-10-04T20:01:41.654341+00:00,nfl,2026,4,401872966,4018729662831,3,5:47,(Shotgun) J.Winston pass deep left to M.Fields pushed ob at ARZ 18 for 40 yards (W.Williams).,3,20,NYG 42,42,-5,New York Giants,Arizona Cardinals,19,24,77.6,22.4,232.0,87.0,319.0,121.0,115.0,236.0,game,Spread,New York Giants,,-5.5,kalshi,-150.0,—,—,,-5,,miss,,,,—,,
2026-10-04T20:01:41.654341+00:00,nfl,2026,4,401872966,4018729662831,3,5:47,(Shotgun) J.Winston pass deep left to M.Fields pushed ob at ARZ 18 for 40 yards (W.Williams).,3,20,NYG 42,42,-5,New York Giants,Arizona Cardinals,19,24,77.6,22.4,232.0,87.0,319.0,121.0,115.0,236.0,game,Total,,,52.5,,,—,—,,43.0,,miss,,,,—,,
2026-10-04T20:01:41.654341+00:00,nfl,2026,4,401872966,4018729662831,3,5:47,(Shotgun) J.Winston pass deep left to M.Fields pushed ob at ARZ 18 for 40 yards (W.Williams).,3,20,NYG 42,42,-5,New York Giants,Arizona Cardinals,19,24,77.6,22.4,232.0,87.0,319.0,121.0,115.0,236.0,game,Total,Under,,52.5,kalshi,9900.0,—,—,,43.0,,hit,,,,—,,
2026-10-04T20:01:41.654341+00:00,nfl,2026,4,401872966,4018729662831,3,5:47,(Shotgun) J.Winston pass deep left to M.Fields pushed ob at ARZ 18 for 40 yards (W.Williams).,3,20,NYG 42,42,-5,New York Giants,Arizona Cardinals,19,24,77.6,22.4,232.0,87.0,319.0,121.0,115.0,236.0,game,ML,Arizona Cardinals,,,stn,290.0,—,—,,Win,,hit,,,,—,,
2026-10-04T20:01:41.654341+00:00,nfl,2026,4,401872966,4018729662831,3,5:47,(Shotgun) J.Winston pass deep left to M.Fields pushed ob at ARZ 18 for 40 yards (W.Williams).,3,20,NYG 42,42,-5,New York Giants,Arizona Cardinals,19,24,77.6,22.4,232.0,87.0,319.0,121.0,115.0,236.0,game,ML,New York Giants,,,polymarket,-223.0,—,—,,Loss,,miss,,,,—,,
2026-10-04T20:01:41.654341+00:00,nfl,2026,4,401872966,4018729662861,3,5:04,(Shotgun) N.Harris left guard to ARZ 15 for 3 yards (M.Melton; D.Stills).,1,10,ARI 18,82,-5,New York Giants,Arizona Cardinals,19,24,77.6,22.4,232.0,87.0,319.0,121.0,115.0,236.0,game,Spread,Arizona Cardinals,,5.5,novig,135.0,—,—,,-5,,hit,,,,—,,
2026-10-04T20:01:41.654341+00:00,nfl,2026,4,401872966,4018729662861,3,5:04,(Shotgun) N.Harris left guard to ARZ 15 for 3 yards (M.Melton; D.Stills).,1,10,ARI 18,82,-5,New York Giants,Arizona Cardinals,19,24,77.6,22.4,232.0,87.0,319.0,121.0,115.0,236.0,game,Spread,New York Giants,,-5.5,kalshi,-150.0,—,—,,-5,,miss,,,,—,,
2026-10-04T20:01:41.654341+00:00,nfl,2026,4,401872966,4018729662861,3,5:04,(Shotgun) N.Harris left guard to ARZ 15 for 3 yards (M.Melton; D.Stills).,1,10,ARI 18,82,-5,New York Giants,Arizona Cardinals,19,24,77.6,22.4,232.0,87.0,319.0,121.0,115.0,236.0,game,Total,,,52.5,,,—,—,,43.0,,miss,,,,—,,
2026-10-04T20:01:41.654341+00:00,nfl,2026,4,401872966,4018729662861,3,5:04,(Shotgun) N.Harris left guard to ARZ 15 for 3 yards (M.Melton; D.Stills).,1,10,ARI 18,82,-5,New York Giants,Arizona Cardinals,19,24,77.6,22.4,232.0,87.0,319.0,121.0,115.0,236.0,game,Total,Under,,52.5,kalshi,9900.0,—,—,,43.0,,hit,,,,—,,
2026-10-04T20:01:41.654341+00:00,nfl,2026,4,401872966,4018729662861,3,5:04,(Shotgun) N.Harris left guard to ARZ 15 for 3 yards (M.Melton; D.Stills).,1,10,ARI 18,82,-5,New York Giants,Arizona Cardinals,19,24,77.6,22.4,232.0,87.0,319.0,121.0,115.0,236.0,game,ML,Arizona Cardinals,,,stn,290.0,—,—,,Win,,hit,,,,—,,
2026-10-04T20:01:41.654341+00:00,nfl,2026,4,401872966,4018729662861,3,5:04,(Shotgun) N.Harris left guard to ARZ 15 for 3 yards (M.Melton; D.Stills).,1,10,ARI 18,82,-5,New York Giants,Arizona Cardinals,19,24,77.6,22.4,232.0,87.0,319.0,121.0,115.0,236.0,game,ML,New York Giants,,,polymarket,-223.0,—,—,,Loss,,miss,,,,—,,
2026-10-04T20:01:41.654341+00:00,nfl,2026,4,401872966,4018729662883,3,4:22,N.Harris left tackle to ARZ 13 for 2 yards (R.Lopez; W.Nolen).,2,7,ARI 15,85,-5,New York Giants,Arizona Cardinals,19,24,77.6,22.4,232.0,87.0,319.0,121.0,115.0,236.0,game,Spread,Arizona Cardinals,,5.5,novig,135.0,—,—,,-5,,hit,,,,—,,
2026-10-04T20:01:41.654341+00:00,nfl,2026,4,401872966,4018729662883,3,4:22,N.Harris left tackle to ARZ 13 for 2 yards (R.Lopez; W.Nolen).,2,7,ARI 15,85,-5,New York Giants,Arizona Cardinals,19,24,77.6,22.4,232.0,87.0,319.0,121.0,115.0,236.0,game,Spread,New York Giants,,-5.5,kalshi,-150.0,—,—,,-5,,miss,,,,—,,
2026-10-04T20:01:41.654341+00:00,nfl,2026,4,401872966,4018729662883,3,4:22,N.Harris left tackle to ARZ 13 for 2 yards (R.Lopez; W.Nolen).,2,7,ARI 15,85,-5,New York Giants,Arizona Cardinals,19,24,77.6,22.4,232.0,87.0,319.0,121.0,115.0,236.0,game,Total,,,52.5,,,—,—,,43.0,,miss,,,,—,,
2026-10-04T20:01:41.654341+00:00,nfl,2026,4,401872966,4018729662883,3,4:22,N.Harris left tackle to ARZ 13 for 2 yards (R.Lopez; W.Nolen).,2,7,ARI 15,85,-5,New York Giants,Arizona Cardinals,19,24,77.6,22.4,232.0,87.0,319.0,121.0,115.0,236.0,game,Total,Under,,52.5,kalshi,9900.0,—,—,,43.0,,hit,,,,—,,
2026-10-04T20:01:41.654341+00:00,nfl,2026,4,401872966,4018729662883,3,4:22,N.Harris left tackle to ARZ 13 for 2 yards (R.Lopez; W.Nolen).,2,7,ARI 15,85,-5,New York Giants,Arizona Cardinals,19,24,77.6,22.4,232.0,87.0,319.0,121.0,115.0,236.0,game,ML,Arizona Cardinals,,,stn,290.0,—,—,,Win,,hit,,,,—,,
2026-10-04T20:01:41.654341+00:00,nfl,2026,4,401872966,4018729662883,3,4:22,N.Harris left tackle to ARZ 13 for 2 yards (R.Lopez; W.Nolen).,2,7,ARI 15,85,-5,New York Giants,Arizona Cardinals,19,24,77.6,22.4,232.0,87.0,319.0,121.0,115.0,236.0,game,ML,New York Giants,,,polymarket,-223.0,—,—,,Loss,,miss,,,,—,,
2026-10-04T20:01:41.654341+00:00,nfl,2026,4,401872966,4018729662905,3,3:36,"(Shotgun) PENALTY on NYG-M.Fields, False Start, 5 yards, enforced at ARZ 13 - No Play.",3,5,ARI 13,87,-5,New York Giants,Arizona Cardinals,19,24,77.6,22.4,232.0,87.0,319.0,121.0,115.0,236.0,game,Spread,Arizona Cardinals,,5.5,novig,135.0,—,—,,-5,,hit,,,,—,,
2026-10-04T20:01:41.654341+00:00,nfl,2026,4,401872966,4018729662905,3,3:36,"(Shotgun) PENALTY on NYG-M.Fields, False Start, 5 yards, enforced at ARZ 13 - No Play.",3,5,ARI 13,87,-5,New York Giants,Arizona Cardinals,19,24,77.6,22.4,232.0,87.0,319.0,121.0,115.0,236.0,game,Spread,New York Giants,,-5.5,kalshi,-150.0,—,—,,-5,,miss,,,,—,,
2026-10-04T20:01:41.654341+00:00,nfl,2026,4,401872966,4018729662905,3,3:36,"(Shotgun) PENALTY on NYG-M.Fields, False Start, 5 yards, enforced at ARZ 13 - No Play.",3,5,ARI 13,87,-5,New York Giants,Arizona Cardinals,19,24,77.6,22.4,232.0,87.0,319.0,121.0,115.0,236.0,game,Total,,,52.5,,,—,—,,43.0,,miss,,,,—,,
2026-10-04T20:01:41.654341+00:00,nfl,2026,4,401872966,4018729662905,3,3:36,"(Shotgun) PENALTY on NYG-M.Fields, False Start, 5 yards, enforced at ARZ 13 - No Play.",3,5,ARI 13,87,-5,New York Giants,Arizona Cardinals,19,24,77.6,22.4,232.0,87.0,319.0,121.0,115.0,236.0,game,Total,Under,,52.5,kalshi,9900.0,—,—,,43.0,,hit,,,,—,,
2026-10-04T20:01:41.654341+00:00,nfl,2026,4,401872966,4018729662905,3,3:36,"(Shotgun) PENALTY on NYG-M.Fields, False Start, 5 yards, enforced at ARZ 13 - No Play.",3,5,ARI 13,87,-5,New York Giants,Arizona Cardinals,19,24,77.6,22.4,232.0,87.0,319.0,121.0,115.0,236.0,game,ML,Arizona Cardinals,,,stn,290.0,—,—,,Win,,hit,,,,—,,
2026-10-04T20:01:41.654341+00:00,nfl,2026,4,401872966,4018729662905,3,3:36,"(Shotgun) PENALTY on NYG-M.Fields, False Start, 5 yards, enforced at ARZ 13 - No Play.",3,5,ARI 13,87,-5,New York Giants,Arizona Cardinals,19,24,77.6,22.4,232.0,87.0,319.0,121.0,115.0,236.0,game,ML,New York Giants,,,polymarket,-223.0,—,—,,Loss,,miss,,,,—,,
2026-10-04T20:01:41.654341+00:00,nfl,2026,4,401872966,4018729662934,3,3:16,(Shotgun) J.Winston pass short left to I.Likely to ARZ 16 for 2 yards (J.Sweat).,3,10,ARI 18,82,-5,New York Giants,Arizona Cardinals,19,24,77.6,22.4,232.0,87.0,319.0,121.0,115.0,236.0,game,Spread,Arizona Cardinals,,5.5,novig,135.0,—,—,,-5,,hit,,,,—,,
2026-10-04T20:01:41.654341+00:00,nfl,2026,4,401872966,4018729662934,3,3:16,(Shotgun) J.Winston pass short left to I.Likely to ARZ 16 for 2 yards (J.Sweat).,3,10,ARI 18,82,-5,New York Giants,Arizona Cardinals,19,24,77.6,22.4,232.0,87.0,319.0,121.0,115.0,236.0,game,Spread,New York Giants,,-5.5,kalshi,-150.0,—,—,,-5,,miss,,,,—,,
2026-10-04T20:01:41.654341+00:00,nfl,2026,4,401872966,4018729662934,3,3:16,(Shotgun) J.Winston pass short left to I.Likely to ARZ 16 for 2 yards (J.Sweat).,3,10,ARI 18,82,-5,New York Giants,Arizona Cardinals,19,24,77.6,22.4,232.0,87.0,319.0,121.0,115.0,236.0,game,Total,,,52.5,,,—,—,,43.0,,miss,,,,—,,
2026-10-04T20:01:41.654341+00:00,nfl,2026,4,401872966,4018729662934,3,3:16,(Shotgun) J.Winston pass short left to I.Likely to ARZ 16 for 2 yards (J.Sweat).,3,10,ARI 18,82,-5,New York Giants,Arizona Cardinals,19,24,77.6,22.4,232.0,87.0,319.0,121.0,115.0,236.0,game,Total,Under,,52.5,kalshi,9900.0,—,—,,43.0,,hit,,,,—,,
2026-10-04T20:01:41.654341+00:00,nfl,2026,4,401872966,4018729662934,3,3:16,(Shotgun) J.Winston pass short left to I.Likely to ARZ 16 for 2 yards (J.Sweat).,3,10,ARI 18,82,-5,New York Giants,Arizona Cardinals,19,24,77.6,22.4,232.0,87.0,319.0,121.0,115.0,236.0,game,ML,Arizona Cardinals,,,stn,290.0,—,—,,Win,,hit,,,,—,,
2026-10-04T20:01:41.654341+00:00,nfl,2026,4,401872966,4018729662934,3,3:16,(Shotgun) J.Winston pass short left to I.Likely to ARZ 16 for 2 yards (J.Sweat).,3,10,ARI 18,82,-5,New York Giants,Arizona Cardinals,19,24,77.6,22.4,232.0,87.0,319.0,121.0,115.0,236.0,game,ML,New York Giants,,,polymarket,-223.0,—,—,,Loss,,miss,,,,—,,
2026-10-04T20:01:41.654341+00:00,nfl,2026,4,401872966,4018729662969,3,2:34,"D.Zvada 34 yard field goal is GOOD, NULLIFIED by Penalty, Center-B.Mann, Holder-J.Stout.PENALTY on ARZ-D.Stills, Defensive Holding, 5 yards, enforced at ARZ 16 - No Play.",4,8,ARI 16,84,-5,New York Giants,Arizona Cardinals,19,24,77.6,22.4,232.0,87.0,319.0,121.0,115.0,236.0,game,Spread,Arizona Cardinals,,5.5,novig,135.0,—,—,,-5,,hit,,,,—,,
2026-10-04T20:01:41.654341+00:00,nfl,2026,4,401872966,4018729662969,3,2:34,"D.Zvada 34 yard field goal is GOOD, NULLIFIED by Penalty, Center-B.Mann, Holder-J.Stout.PENALTY on ARZ-D.Stills, Defensive Holding, 5 yards, enforced at ARZ 16 - No Play.",4,8,ARI 16,84,-5,New York Giants,Arizona Cardinals,19,24,77.6,22.4,232.0,87.0,319.0,121.0,115.0,236.0,game,Spread,New York Giants,,-5.5,kalshi,-150.0,—,—,,-5,,miss,,,,—,,
2026-10-04T20:01:41.654341+00:00,nfl,2026,4,401872966,4018729662969,3,2:34,"D.Zvada 34 yard field goal is GOOD, NULLIFIED by Penalty, Center-B.Mann, Holder-J.Stout.PENALTY on ARZ-D.Stills, Defensive Holding, 5 yards, enforced at ARZ 16 - No Play.",4,8,ARI 16,84,-5,New York Giants,Arizona Cardinals,19,24,77.6,22.4,232.0,87.0,319.0,121.0,115.0,236.0,game,Total,,,52.5,,,—,—,,43.0,,miss,,,,—,,
2026-10-04T20:01:41.654341+00:00,nfl,2026,4,401872966,4018729662969,3,2:34,"D.Zvada 34 yard field goal is GOOD, NULLIFIED by Penalty, Center-B.Mann, Holder-J.Stout.PENALTY on ARZ-D.Stills, Defensive Holding, 5 yards, enforced at ARZ 16 - No Play.",4,8,ARI 16,84,-5,New York Giants,Arizona Cardinals,19,24,77.6,22.4,232.0,87.0,319.0,121.0,115.0,236.0,game,Total,Under,,52.5,kalshi,9900.0,—,—,,43.0,,hit,,,,—,,
2026-10-04T20:01:41.654341+00:00,nfl,2026,4,401872966,4018729662969,3,2:34,"D.Zvada 34 yard field goal is GOOD, NULLIFIED by Penalty, Center-B.Mann, Holder-J.Stout.PENALTY on ARZ-D.Stills, Defensive Holding, 5 yards, enforced at ARZ 16 - No Play.",4,8,ARI 16,84,-5,New York Giants,Arizona Cardinals,19,24,77.6,22.4,232.0,87.0,319.0,121.0,115.0,236.0,game,ML,Arizona Cardinals,,,stn,290.0,—,—,,Win,,hit,,,,—,,
2026-10-04T20:01:41.654341+00:00,nfl,2026,4,401872966,4018729662969,3,2:34,"D.Zvada 34 yard field goal is GOOD, NULLIFIED by Penalty, Center-B.Mann, Holder-J.Stout.PENALTY on ARZ-D.Stills, Defensive Holding, 5 yards, enforced at ARZ 16 - No Play.",4,8,ARI 16,84,-5,New York Giants,Arizona Cardinals,19,24,77.6,22.4,232.0,87.0,319.0,121.0,115.0,236.0,game,ML,New York Giants,,,polymarket,-223.0,—,—,,Loss,,miss,,,,—,,
2026-10-04T20:01:41.654341+00:00,nfl,2026,4,401872966,4018729663000,3,2:30,N.Harris left tackle to ARZ 11 for no gain (J.Gibbens; D.Robinson).,1,10,ARI 11,89,-5,New York Giants,Arizona Cardinals,19,24,77.6,22.4,232.0,87.0,319.0,121.0,115.0,236.0,game,Spread,Arizona Cardinals,,5.5,novig,135.0,—,—,,-5,,hit,,,,—,,
2026-10-04T20:01:41.654341+00:00,nfl,2026,4,401872966,4018729663000,3,2:30,N.Harris left tackle to ARZ 11 for no gain (J.Gibbens; D.Robinson).,1,10,ARI 11,89,-5,New York Giants,Arizona Cardinals,19,24,77.6,22.4,232.0,87.0,319.0,121.0,115.0,236.0,game,Spread,New York Giants,,-5.5,kalshi,-150.0,—,—,,-5,,miss,,,,—,,
2026-10-04T20:01:41.654341+00:00,nfl,2026,4,401872966,4018729663000,3,2:30,N.Harris left tackle to ARZ 11 for no gain (J.Gibbens; D.Robinson).,1,10,ARI 11,89,-5,New York Giants,Arizona Cardinals,19,24,77.6,22.4,232.0,87.0,319.0,121.0,115.0,236.0,game,Total,,,52.5,,,—,—,,43.0,,miss,,,,—,,
2026-10-04T20:01:41.654341+00:00,nfl,2026,4,401872966,4018729663000,3,2:30,N.Harris left tackle to ARZ 11 for no gain (J.Gibbens; D.Robinson).,1,10,ARI 11,89,-5,New York Giants,Arizona Cardinals,19,24,77.6,22.4,232.0,87.0,319.0,121.0,115.0,236.0,game,Total,Under,,52.5,kalshi,9900.0,—,—,,43.0,,hit,,,,—,,
2026-10-04T20:01:41.654341+00:00,nfl,2026,4,401872966,4018729663000,3,2:30,N.Harris left tackle to ARZ 11 for no gain (J.Gibbens; D.Robinson).,1,10,ARI 11,89,-5,New York Giants,Arizona Cardinals,19,24,77.6,22.4,232.0,87.0,319.0,121.0,115.0,236.0,game,ML,Arizona Cardinals,,,stn,290.0,—,—,,Win,,hit,,,,—,,
2026-10-04T20:01:41.654341+00:00,nfl,2026,4,401872966,4018729663000,3,2:30,N.Harris left tackle to ARZ 11 for no gain (J.Gibbens; D.Robinson).,1,10,ARI 11,89,-5,New York Giants,Arizona Cardinals,19,24,77.6,22.4,232.0,87.0,319.0,121.0,115.0,236.0,game,ML,New York Giants,,,polymarket,-223.0,—,—,,Loss,,miss,,,,—,,
2026-10-04T20:01:41.654341+00:00,nfl,2026,4,401872966,4018729663058,3,1:44,Official Timeout at 01:44.,-1,10,NYG 35,35,3,New York Giants,Arizona Cardinals,27,24,77.6,22.4,232.0,87.0,319.0,121.0,115.0,236.0,game,Spread,Arizona Cardinals,,5.5,novig,135.0,—,—,,+3,,hit,,,,—,,
2026-10-04T20:01:41.654341+00:00,nfl,2026,4,401872966,4018729663058,3,1:44,Official Timeout at 01:44.,-1,10,NYG 35,35,3,New York Giants,Arizona Cardinals,27,24,77.6,22.4,232.0,87.0,319.0,121.0,115.0,236.0,game,Spread,New York Giants,,-5.5,kalshi,-150.0,—,—,,+3,,miss,,,,—,,
2026-10-04T20:01:41.654341+00:00,nfl,2026,4,401872966,4018729663058,3,1:44,Official Timeout at 01:44.,-1,10,NYG 35,35,3,New York Giants,Arizona Cardinals,27,24,77.6,22.4,232.0,87.0,319.0,121.0,115.0,236.0,game,Total,,,52.5,,,—,—,,51.0,,miss,,,,—,,
2026-10-04T20:01:41.654341+00:00,nfl,2026,4,401872966,4018729663058,3,1:44,Official Timeout at 01:44.,-1,10,NYG 35,35,3,New York Giants,Arizona Cardinals,27,24,77.6,22.4,232.0,87.0,319.0,121.0,115.0,236.0,game,Total,Under,,52.5,kalshi,9900.0,—,—,,51.0,,hit,,,,—,,
2026-10-04T20:01:41.654341+00:00,nfl,2026,4,401872966,4018729663058,3,1:44,Official Timeout at 01:44.,-1,10,NYG 35,35,3,New York Giants,Arizona Cardinals,27,24,77.6,22.4,232.0,87.0,319.0,121.0,115.0,236.0,game,ML,Arizona Cardinals,,,stn,290.0,—,—,,Loss,,miss,,,,—,,
2026-10-04T20:01:41.654341+00:00,nfl,2026,4,401872966,4018729663058,3,1:44,Official Timeout at 01:44.,-1,10,NYG 35,35,3,New York Giants,Arizona Cardinals,27,24,77.6,22.4,232.0,87.0,319.0,121.0,115.0,236.0,game,ML,New York Giants,,,polymarket,-223.0,—,—,,Win,,hit,,,,—,,
2026-10-04T20:01:41.654341+00:00,nfl,2026,4,401872966,4018729663022,3,1:44,"(Shotgun) J.Winston pass short middle to T.Johnson for 11 yards, TOUCHDOWN. TWO-POINT CONVERSION ATTEMPT. N.Harris rushes left end. ATTEMPT SUCCEEDS.",2,10,ARI 11,89,3,New York Giants,Arizona Cardinals,27,24,77.6,22.4,232.0,87.0,319.0,121.0,115.0,236.0,game,Spread,Arizona Cardinals,,5.5,novig,135.0,—,—,,+3,,hit,,,,—,,
2026-10-04T20:01:41.654341+00:00,nfl,2026,4,401872966,4018729663022,3,1:44,"(Shotgun) J.Winston pass short middle to T.Johnson for 11 yards, TOUCHDOWN. TWO-POINT CONVERSION ATTEMPT. N.Harris rushes left end. ATTEMPT SUCCEEDS.",2,10,ARI 11,89,3,New York Giants,Arizona Cardinals,27,24,77.6,22.4,232.0,87.0,319.0,121.0,115.0,236.0,game,Spread,New York Giants,,-5.5,kalshi,-150.0,—,—,,+3,,miss,,,,—,,
2026-10-04T20:01:41.654341+00:00,nfl,2026,4,401872966,4018729663022,3,1:44,"(Shotgun) J.Winston pass short middle to T.Johnson for 11 yards, TOUCHDOWN. TWO-POINT CONVERSION ATTEMPT. N.Harris rushes left end. ATTEMPT SUCCEEDS.",2,10,ARI 11,89,3,New York Giants,Arizona Cardinals,27,24,77.6,22.4,232.0,87.0,319.0,121.0,115.0,236.0,game,Total,,,52.5,,,—,—,,51.0,,miss,,,,—,,
2026-10-04T20:01:41.654341+00:00,nfl,2026,4,401872966,4018729663022,3,1:44,"(Shotgun) J.Winston pass short middle to T.Johnson for 11 yards, TOUCHDOWN. TWO-POINT CONVERSION ATTEMPT. N.Harris rushes left end. ATTEMPT SUCCEEDS.",2,10,ARI 11,89,3,New York Giants,Arizona Cardinals,27,24,77.6,22.4,232.0,87.0,319.0,121.0,115.0,236.0,game,Total,Under,,52.5,kalshi,9900.0,—,—,,51.0,,hit,,,,—,,
2026-10-04T20:01:41.654341+00:00,nfl,2026,4,401872966,4018729663022,3,1:44,"(Shotgun) J.Winston pass short middle to T.Johnson for 11 yards, TOUCHDOWN. TWO-POINT CONVERSION ATTEMPT. N.Harris rushes left end. ATTEMPT SUCCEEDS.",2,10,ARI 11,89,3,New York Giants,Arizona Cardinals,27,24,77.6,22.4,232.0,87.0,319.0,121.0,115.0,236.0,game,ML,Arizona Cardinals,,,stn,290.0,—,—,,Loss,,miss,,,,—,,
2026-10-04T20:01:41.654341+00:00,nfl,2026,4,401872966,4018729663022,3,1:44,"(Shotgun) J.Winston pass short middle to T.Johnson for 11 yards, TOUCHDOWN. TWO-POINT CONVERSION ATTEMPT. N.Harris rushes left end. ATTEMPT SUCCEEDS.",2,10,ARI 11,89,3,New York Giants,Arizona Cardinals,27,24,77.6,22.4,232.0,87.0,319.0,121.0,115.0,236.0,game,ML,New York Giants,,,polymarket,-223.0,—,—,,Win,,hit,,,,—,,
2026-10-04T20:01:41.654341+00:00,nfl,2026,4,401872966,4018729663067,3,1:44,D.Zvada kicks 59 yards from NYG 35 to ARZ 6. J.Brooks to ARZ 29 for 23 yards (J.Kelly).,1,10,ARI 33,35,3,New York Giants,Arizona Cardinals,27,24,77.6,22.4,232.0,87.0,319.0,121.0,115.0,236.0,game,Spread,Arizona Cardinals,,5.5,novig,135.0,—,—,,+3,,hit,,,,—,,
2026-10-04T20:01:41.654341+00:00,nfl,2026,4,401872966,4018729663067,3,1:44,D.Zvada kicks 59 yards from NYG 35 to ARZ 6. J.Brooks to ARZ 29 for 23 yards (J.Kelly).,1,10,ARI 33,35,3,New York Giants,Arizona Cardinals,27,24,77.6,22.4,232.0,87.0,319.0,121.0,115.0,236.0,game,Spread,New York Giants,,-5.5,kalshi,-150.0,—,—,,+3,,miss,,,,—,,
2026-10-04T20:01:41.654341+00:00,nfl,2026,4,401872966,4018729663067,3,1:44,D.Zvada kicks 59 yards from NYG 35 to ARZ 6. J.Brooks to ARZ 29 for 23 yards (J.Kelly).,1,10,ARI 33,35,3,New York Giants,Arizona Cardinals,27,24,77.6,22.4,232.0,87.0,319.0,121.0,115.0,236.0,game,Total,,,52.5,,,—,—,,51.0,,miss,,,,—,,
2026-10-04T20:01:41.654341+00:00,nfl,2026,4,401872966,4018729663067,3,1:44,D.Zvada kicks 59 yards from NYG 35 to ARZ 6. J.Brooks to ARZ 29 for 23 yards (J.Kelly).,1,10,ARI 33,35,3,New York Giants,Arizona Cardinals,27,24,77.6,22.4,232.0,87.0,319.0,121.0,115.0,236.0,game,Total,Under,,52.5,kalshi,9900.0,—,—,,51.0,,hit,,,,—,,
2026-10-04T20:01:41.654341+00:00,nfl,2026,4,401872966,4018729663067,3,1:44,D.Zvada kicks 59 yards from NYG 35 to ARZ 6. J.Brooks to ARZ 29 for 23 yards (J.Kelly).,1,10,ARI 33,35,3,New York Giants,Arizona Cardinals,27,24,77.6,22.4,232.0,87.0,319.0,121.0,115.0,236.0,game,ML,Arizona Cardinals,,,stn,290.0,—,—,,Loss,,miss,,,,—,,
2026-10-04T20:01:41.654341+00:00,nfl,2026,4,401872966,4018729663067,3,1:44,D.Zvada kicks 59 yards from NYG 35 to ARZ 6. J.Brooks to ARZ 29 for 23 yards (J.Kelly).,1,10,ARI 33,35,3,New York Giants,Arizona Cardinals,27,24,77.6,22.4,232.0,87.0,319.0,121.0,115.0,236.0,game,ML,New York Giants,,,polymarket,-223.0,—,—,,Win,,hit,,,,—,,
2026-10-04T20:01:41.654341+00:00,nfl,2026,4,401872966,4018729663097,3,1:38,J.Brissett pass short right to E.Higgins to ARZ 46 for 17 yards (T.Edmunds).,1,10,ARI 29,71,3,New York Giants,Arizona Cardinals,27,24,77.6,22.4,232.0,87.0,319.0,121.0,115.0,236.0,game,Spread,Arizona Cardinals,,5.5,novig,135.0,—,—,,+3,,hit,,,,—,,
2026-10-04T20:01:41.654341+00:00,nfl,2026,4,401872966,4018729663097,3,1:38,J.Brissett pass short right to E.Higgins to ARZ 46 for 17 yards (T.Edmunds).,1,10,ARI 29,71,3,New York Giants,Arizona Cardinals,27,24,77.6,22.4,232.0,87.0,319.0,121.0,115.0,236.0,game,Spread,New York Giants,,-5.5,kalshi,-150.0,—,—,,+3,,miss,,,,—,,
2026-10-04T20:01:41.654341+00:00,nfl,2026,4,401872966,4018729663097,3,1:38,J.Brissett pass short right to E.Higgins to ARZ 46 for 17 yards (T.Edmunds).,1,10,ARI 29,71,3,New York Giants,Arizona Cardinals,27,24,77.6,22.4,232.0,87.0,319.0,121.0,115.0,236.0,game,Total,,,52.5,,,—,—,,51.0,,miss,,,,—,,
2026-10-04T20:01:41.654341+00:00,nfl,2026,4,401872966,4018729663097,3,1:38,J.Brissett pass short right to E.Higgins to ARZ 46 for 17 yards (T.Edmunds).,1,10,ARI 29,71,3,New York Giants,Arizona Cardinals,27,24,77.6,22.4,232.0,87.0,319.0,121.0,115.0,236.0,game,Total,Under,,52.5,kalshi,9900.0,—,—,,51.0,,hit,,,,—,,
2026-10-04T20:01:41.654341+00:00,nfl,2026,4,401872966,4018729663097,3,1:38,J.Brissett pass short right to E.Higgins to ARZ 46 for 17 yards (T.Edmunds).,1,10,ARI 29,71,3,New York Giants,Arizona Cardinals,27,24,77.6,22.4,232.0,87.0,319.0,121.0,115.0,236.0,game,ML,Arizona Cardinals,,,stn,290.0,—,—,,Loss,,miss,,,,—,,
2026-10-04T20:01:41.654341+00:00,nfl,2026,4,401872966,4018729663097,3,1:38,J.Brissett pass short right to E.Higgins to ARZ 46 for 17 yards (T.Edmunds).,1,10,ARI 29,71,3,New York Giants,Arizona Cardinals,27,24,77.6,22.4,232.0,87.0,319.0,121.0,115.0,236.0,game,ML,New York Giants,,,polymarket,-223.0,—,—,,Win,,hit,,,,—,,
2026-10-04T20:01:41.654341+00:00,nfl,2026,4,401872966,4018729663122,3,0:59,"J.Love right end to NYG 48 for 6 yards (J.Holland).PENALTY on ARZ-I.Seumalo, Offensive Holding, 10 yards, enforced at ARZ 46 - No Play.",1,10,ARI 46,54,3,New York Giants,Arizona Cardinals,27,24,77.6,22.4,232.0,87.0,319.0,121.0,115.0,236.0,game,Spread,Arizona Cardinals,,5.5,novig,135.0,—,—,,+3,,hit,,,,—,,
2026-10-04T20:01:41.654341+00:00,nfl,2026,4,401872966,4018729663122,3,0:59,"J.Love right end to NYG 48 for 6 yards (J.Holland).PENALTY on ARZ-I.Seumalo, Offensive Holding, 10 yards, enforced at ARZ 46 - No Play.",1,10,ARI 46,54,3,New York Giants,Arizona Cardinals,27,24,77.6,22.4,232.0,87.0,319.0,121.0,115.0,236.0,game,Spread,New York Giants,,-5.5,kalshi,-150.0,—,—,,+3,,miss,,,,—,,
2026-10-04T20:01:41.654341+00:00,nfl,2026,4,401872966,4018729663122,3,0:59,"J.Love right end to NYG 48 for 6 yards (J.Holland).PENALTY on ARZ-I.Seumalo, Offensive Holding, 10 yards, enforced at ARZ 46 - No Play.",1,10,ARI 46,54,3,New York Giants,Arizona Cardinals,27,24,77.6,22.4,232.0,87.0,319.0,121.0,115.0,236.0,game,Total,,,52.5,,,—,—,,51.0,,miss,,,,—,,
2026-10-04T20:01:41.654341+00:00,nfl,2026,4,401872966,4018729663122,3,0:59,"J.Love right end to NYG 48 for 6 yards (J.Holland).PENALTY on ARZ-I.Seumalo, Offensive Holding, 10 yards, enforced at ARZ 46 - No Play.",1,10,ARI 46,54,3,New York Giants,Arizona Cardinals,27,24,77.6,22.4,232.0,87.0,319.0,121.0,115.0,236.0,game,Total,Under,,52.5,kalshi,9900.0,—,—,,51.0,,hit,,,,—,,
2026-10-04T20:01:41.654341+00:00,nfl,2026,4,401872966,4018729663122,3,0:59,"J.Love right end to NYG 48 for 6 yards (J.Holland).PENALTY on ARZ-I.Seumalo, Offensive Holding, 10 yards, enforced at ARZ 46 - No Play.",1,10,ARI 46,54,3,New York Giants,Arizona Cardinals,27,24,77.6,22.4,232.0,87.0,319.0,121.0,115.0,236.0,game,ML,Arizona Cardinals,,,stn,290.0,—,—,,Loss,,miss,,,,—,,
2026-10-04T20:01:41.654341+00:00,nfl,2026,4,401872966,4018729663122,3,0:59,"J.Love right end to NYG 48 for 6 yards (J.Holland).PENALTY on ARZ-I.Seumalo, Offensive Holding, 10 yards, enforced at ARZ 46 - No Play.",1,10,ARI 46,54,3,New York Giants,Arizona Cardinals,27,24,77.6,22.4,232.0,87.0,319.0,121.0,115.0,236.0,game,ML,New York Giants,,,polymarket,-223.0,—,—,,Win,,hit,,,,—,,
2026-10-04T20:01:41.654341+00:00,nfl,2026,4,401872966,4018729663155,3,0:36,(Shotgun) J.Brissett pass short left to T.McBride pushed ob at ARZ 45 for 9 yards (A.Reese) [D.Reader].,1,20,ARI 36,64,3,New York Giants,Arizona Cardinals,27,24,77.6,22.4,232.0,87.0,319.0,121.0,115.0,236.0,game,Spread,Arizona Cardinals,,5.5,novig,135.0,—,—,,+3,,hit,,,,—,,
2026-10-04T20:01:41.654341+00:00,nfl,2026,4,401872966,4018729663155,3,0:36,(Shotgun) J.Brissett pass short left to T.McBride pushed ob at ARZ 45 for 9 yards (A.Reese) [D.Reader].,1,20,ARI 36,64,3,New York Giants,Arizona Cardinals,27,24,77.6,22.4,232.0,87.0,319.0,121.0,115.0,236.0,game,Spread,New York Giants,,-5.5,kalshi,-150.0,—,—,,+3,,miss,,,,—,,
2026-10-04T20:01:41.654341+00:00,nfl,2026,4,401872966,4018729663155,3,0:36,(Shotgun) J.Brissett pass short left to T.McBride pushed ob at ARZ 45 for 9 yards (A.Reese) [D.Reader].,1,20,ARI 36,64,3,New York Giants,Arizona Cardinals,27,24,77.6,22.4,232.0,87.0,319.0,121.0,115.0,236.0,game,Total,,,52.5,,,—,—,,51.0,,miss,,,,—,,
2026-10-04T20:01:41.654341+00:00,nfl,2026,4,401872966,4018729663155,3,0:36,(Shotgun) J.Brissett pass short left to T.McBride pushed ob at ARZ 45 for 9 yards (A.Reese) [D.Reader].,1,20,ARI 36,64,3,New York Giants,Arizona Cardinals,27,24,77.6,22.4,232.0,87.0,319.0,121.0,115.0,236.0,game,Total,Under,,52.5,kalshi,9900.0,—,—,,51.0,,hit,,,,—,,
2026-10-04T20:01:41.654341+00:00,nfl,2026,4,401872966,4018729663155,3,0:36,(Shotgun) J.Brissett pass short left to T.McBride pushed ob at ARZ 45 for 9 yards (A.Reese) [D.Reader].,1,20,ARI 36,64,3,New York Giants,Arizona Cardinals,27,24,77.6,22.4,232.0,87.0,319.0,121.0,115.0,236.0,game,ML,Arizona Cardinals,,,stn,290.0,—,—,,Loss,,miss,,,,—,,
2026-10-04T20:01:41.654341+00:00,nfl,2026,4,401872966,4018729663155,3,0:36,(Shotgun) J.Brissett pass short left to T.McBride pushed ob at ARZ 45 for 9 yards (A.Reese) [D.Reader].,1,20,ARI 36,64,3,New York Giants,Arizona Cardinals,27,24,77.6,22.4,232.0,87.0,319.0,121.0,115.0,236.0,game,ML,New York Giants,,,polymarket,-223.0,—,—,,Win,,hit,,,,—,,
2026-10-04T20:01:41.654341+00:00,nfl,2026,4,401872966,4018729663185,3,0:03,J.Love left guard to ARZ 49 for 4 yards (S.Harris; K.Thibodeaux).,2,11,ARI 45,55,3,New York Giants,Arizona Cardinals,27,24,77.6,22.4,232.0,87.0,319.0,121.0,115.0,236.0,game,Spread,Arizona Cardinals,,5.5,novig,135.0,—,—,,+3,,hit,,,,—,,
2026-10-04T20:01:41.654341+00:00,nfl,2026,4,401872966,4018729663185,3,0:03,J.Love left guard to ARZ 49 for 4 yards (S.Harris; K.Thibodeaux).,2,11,ARI 45,55,3,New York Giants,Arizona Cardinals,27,24,77.6,22.4,232.0,87.0,319.0,121.0,115.0,236.0,game,Spread,New York Giants,,-5.5,kalshi,-150.0,—,—,,+3,,miss,,,,—,,
2026-10-04T20:01:41.654341+00:00,nfl,2026,4,401872966,4018729663185,3,0:03,J.Love left guard to ARZ 49 for 4 yards (S.Harris; K.Thibodeaux).,2,11,ARI 45,55,3,New York Giants,Arizona Cardinals,27,24,77.6,22.4,232.0,87.0,319.0,121.0,115.0,236.0,game,Total,,,52.5,,,—,—,,51.0,,miss,,,,—,,
2026-10-04T20:01:41.654341+00:00,nfl,2026,4,401872966,4018729663185,3,0:03,J.Love left guard to ARZ 49 for 4 yards (S.Harris; K.Thibodeaux).,2,11,ARI 45,55,3,New York Giants,Arizona Cardinals,27,24,77.6,22.4,232.0,87.0,319.0,121.0,115.0,236.0,game,Total,Under,,52.5,kalshi,9900.0,—,—,,51.0,,hit,,,,—,,
2026-10-04T20:01:41.654341+00:00,nfl,2026,4,401872966,4018729663185,3,0:03,J.Love left guard to ARZ 49 for 4 yards (S.Harris; K.Thibodeaux).,2,11,ARI 45,55,3,New York Giants,Arizona Cardinals,27,24,77.6,22.4,232.0,87.0,319.0,121.0,115.0,236.0,game,ML,Arizona Cardinals,,,stn,290.0,—,—,,Loss,,miss,,,,—,,
2026-10-04T20:01:41.654341+00:00,nfl,2026,4,401872966,4018729663185,3,0:03,J.Love left guard to ARZ 49 for 4 yards (S.Harris; K.Thibodeaux).,2,11,ARI 45,55,3,New York Giants,Arizona Cardinals,27,24,77.6,22.4,232.0,87.0,319.0,121.0,115.0,236.0,game,ML,New York Giants,,,polymarket,-223.0,—,—,,Win,,hit,,,,—,,
2026-10-04T20:01:41.654341+00:00,nfl,2026,4,401872966,4018729663207,3,0:00,END QUARTER 3,3,7,ARI 33,51,3,New York Giants,Arizona Cardinals,27,24,77.6,22.4,232.0,87.0,319.0,121.0,115.0,236.0,game,Spread,Arizona Cardinals,,5.5,novig,135.0,—,—,,+3,,hit,,,,—,,
2026-10-04T20:01:41.654341+00:00,nfl,2026,4,401872966,4018729663207,3,0:00,END QUARTER 3,3,7,ARI 33,51,3,New York Giants,Arizona Cardinals,27,24,77.6,22.4,232.0,87.0,319.0,121.0,115.0,236.0,game,Spread,New York Giants,,-5.5,kalshi,-150.0,—,—,,+3,,miss,,,,—,,
2026-10-04T20:01:41.654341+00:00,nfl,2026,4,401872966,4018729663207,3,0:00,END QUARTER 3,3,7,ARI 33,51,3,New York Giants,Arizona Cardinals,27,24,77.6,22.4,232.0,87.0,319.0,121.0,115.0,236.0,game,Total,,,52.5,,,—,—,,51.0,,miss,,,,—,,
2026-10-04T20:01:41.654341+00:00,nfl,2026,4,401872966,4018729663207,3,0:00,END QUARTER 3,3,7,ARI 33,51,3,New York Giants,Arizona Cardinals,27,24,77.6,22.4,232.0,87.0,319.0,121.0,115.0,236.0,game,Total,Under,,52.5,kalshi,9900.0,—,—,,51.0,,hit,,,,—,,
2026-10-04T20:01:41.654341+00:00,nfl,2026,4,401872966,4018729663207,3,0:00,END QUARTER 3,3,7,ARI 33,51,3,New York Giants,Arizona Cardinals,27,24,77.6,22.4,232.0,87.0,319.0,121.0,115.0,236.0,game,ML,Arizona Cardinals,,,stn,290.0,—,—,,Loss,,miss,,,,—,,
2026-10-04T20:01:41.654341+00:00,nfl,2026,4,401872966,4018729663207,3,0:00,END QUARTER 3,3,7,ARI 33,51,3,New York Giants,Arizona Cardinals,27,24,77.6,22.4,232.0,87.0,319.0,121.0,115.0,236.0,game,ML,New York Giants,,,polymarket,-223.0,—,—,,Win,,hit,,,,—,,
2026-10-04T20:01:41.654341+00:00,nfl,2026,4,401872966,4018729663227,4,15:00,(Shotgun) J.Brissett sacked at ARZ 38 for -11 yards (T.Edmunds).,3,7,ARI 49,51,3,New York Giants,Arizona Cardinals,27,24,77.6,22.4,232.0,87.0,319.0,121.0,115.0,236.0,game,Spread,Arizona Cardinals,,5.5,novig,135.0,—,—,,+3,,hit,,,,—,,
2026-10-04T20:01:41.654341+00:00,nfl,2026,4,401872966,4018729663227,4,15:00,(Shotgun) J.Brissett sacked at ARZ 38 for -11 yards (T.Edmunds).,3,7,ARI 49,51,3,New York Giants,Arizona Cardinals,27,24,77.6,22.4,232.0,87.0,319.0,121.0,115.0,236.0,game,Spread,New York Giants,,-5.5,kalshi,-150.0,—,—,,+3,,miss,,,,—,,
2026-10-04T20:01:41.654341+00:00,nfl,2026,4,401872966,4018729663227,4,15:00,(Shotgun) J.Brissett sacked at ARZ 38 for -11 yards (T.Edmunds).,3,7,ARI 49,51,3,New York Giants,Arizona Cardinals,27,24,77.6,22.4,232.0,87.0,319.0,121.0,115.0,236.0,game,Total,,,52.5,,,—,—,,51.0,,miss,,,,—,,
2026-10-04T20:01:41.654341+00:00,nfl,2026,4,401872966,4018729663227,4,15:00,(Shotgun) J.Brissett sacked at ARZ 38 for -11 yards (T.Edmunds).,3,7,ARI 49,51,3,New York Giants,Arizona Cardinals,27,24,77.6,22.4,232.0,87.0,319.0,121.0,115.0,236.0,game,Total,Under,,52.5,kalshi,9900.0,—,—,,51.0,,hit,,,,—,,
2026-10-04T20:01:41.654341+00:00,nfl,2026,4,401872966,4018729663227,4,15:00,(Shotgun) J.Brissett sacked at ARZ 38 for -11 yards (T.Edmunds).,3,7,ARI 49,51,3,New York Giants,Arizona Cardinals,27,24,77.6,22.4,232.0,87.0,319.0,121.0,115.0,236.0,game,ML,Arizona Cardinals,,,stn,290.0,—,—,,Loss,,miss,,,,—,,
2026-10-04T20:01:41.654341+00:00,nfl,2026,4,401872966,4018729663227,4,15:00,(Shotgun) J.Brissett sacked at ARZ 38 for -11 yards (T.Edmunds).,3,7,ARI 49,51,3,New York Giants,Arizona Cardinals,27,24,77.6,22.4,232.0,87.0,319.0,121.0,115.0,236.0,game,ML,New York Giants,,,polymarket,-223.0,—,—,,Win,,hit,,,,—,,
2026-10-04T20:01:41.654341+00:00,nfl,2026,4,401872966,4018729663247,4,14:05,"B.Gillikin punts 52 yards to NYG 10, Center-C.Kreiter. C.Jones to NYG 16 for 6 yards (S.Fehoko). ARZ-H.Long was injured during the play.",4,18,ARI 38,62,3,New York Giants,Arizona Cardinals,27,24,77.6,22.4,232.0,87.0,319.0,121.0,115.0,236.0,game,Spread,Arizona Cardinals,,5.5,novig,135.0,—,—,,+3,,hit,,,,—,,
2026-10-04T20:01:41.654341+00:00,nfl,2026,4,401872966,4018729663247,4,14:05,"B.Gillikin punts 52 yards to NYG 10, Center-C.Kreiter. C.Jones to NYG 16 for 6 yards (S.Fehoko). ARZ-H.Long was injured during the play.",4,18,ARI 38,62,3,New York Giants,Arizona Cardinals,27,24,77.6,22.4,232.0,87.0,319.0,121.0,115.0,236.0,game,Spread,New York Giants,,-5.5,kalshi,-150.0,—,—,,+3,,miss,,,,—,,
2026-10-04T20:01:41.654341+00:00,nfl,2026,4,401872966,4018729663247,4,14:05,"B.Gillikin punts 52 yards to NYG 10, Center-C.Kreiter. C.Jones to NYG 16 for 6 yards (S.Fehoko). ARZ-H.Long was injured during the play.",4,18,ARI 38,62,3,New York Giants,Arizona Cardinals,27,24,77.6,22.4,232.0,87.0,319.0,121.0,115.0,236.0,game,Total,,,52.5,,,—,—,,51.0,,miss,,,,—,,
2026-10-04T20:01:41.654341+00:00,nfl,2026,4,401872966,4018729663247,4,14:05,"B.Gillikin punts 52 yards to NYG 10, Center-C.Kreiter. C.Jones to NYG 16 for 6 yards (S.Fehoko). ARZ-H.Long was injured during the play.",4,18,ARI 38,62,3,New York Giants,Arizona Cardinals,27,24,77.6,22.4,232.0,87.0,319.0,121.0,115.0,236.0,game,Total,Under,,52.5,kalshi,9900.0,—,—,,51.0,,hit,,,,—,,
2026-10-04T20:01:41.654341+00:00,nfl,2026,4,401872966,4018729663247,4,14:05,"B.Gillikin punts 52 yards to NYG 10, Center-C.Kreiter. C.Jones to NYG 16 for 6 yards (S.Fehoko). ARZ-H.Long was injured during the play.",4,18,ARI 38,62,3,New York Giants,Arizona Cardinals,27,24,77.6,22.4,232.0,87.0,319.0,121.0,115.0,236.0,game,ML,Arizona Cardinals,,,stn,290.0,—,—,,Loss,,miss,,,,—,,
2026-10-04T20:01:41.654341+00:00,nfl,2026,4,401872966,4018729663247,4,14:05,"B.Gillikin punts 52 yards to NYG 10, Center-C.Kreiter. C.Jones to NYG 16 for 6 yards (S.Fehoko). ARZ-H.Long was injured during the play.",4,18,ARI 38,62,3,New York Giants,Arizona Cardinals,27,24,77.6,22.4,232.0,87.0,319.0,121.0,115.0,236.0,game,ML,New York Giants,,,polymarket,-223.0,—,—,,Win,,hit,,,,—,,
2026-10-04T20:01:41.654341+00:00,nfl,2026,4,401872966,4018729663262,4,13:55,Official Timeout at 13:55.,1,10,NYG 16,16,3,New York Giants,Arizona Cardinals,27,24,77.6,22.4,232.0,87.0,319.0,121.0,115.0,236.0,game,Spread,Arizona Cardinals,,5.5,novig,135.0,—,—,,+3,,hit,,,,—,,
2026-10-04T20:01:41.654341+00:00,nfl,2026,4,401872966,4018729663262,4,13:55,Official Timeout at 13:55.,1,10,NYG 16,16,3,New York Giants,Arizona Cardinals,27,24,77.6,22.4,232.0,87.0,319.0,121.0,115.0,236.0,game,Spread,New York Giants,,-5.5,kalshi,-150.0,—,—,,+3,,miss,,,,—,,
2026-10-04T20:01:41.654341+00:00,nfl,2026,4,401872966,4018729663262,4,13:55,Official Timeout at 13:55.,1,10,NYG 16,16,3,New York Giants,Arizona Cardinals,27,24,77.6,22.4,232.0,87.0,319.0,121.0,115.0,236.0,game,Total,,,52.5,,,—,—,,51.0,,miss,,,,—,,
2026-10-04T20:01:41.654341+00:00,nfl,2026,4,401872966,4018729663262,4,13:55,Official Timeout at 13:55.,1,10,NYG 16,16,3,New York Giants,Arizona Cardinals,27,24,77.6,22.4,232.0,87.0,319.0,121.0,115.0,236.0,game,Total,Under,,52.5,kalshi,9900.0,—,—,,51.0,,hit,,,,—,,
2026-10-04T20:01:41.654341+00:00,nfl,2026,4,401872966,4018729663262,4,13:55,Official Timeout at 13:55.,1,10,NYG 16,16,3,New York Giants,Arizona Cardinals,27,24,77.6,22.4,232.0,87.0,319.0,121.0,115.0,236.0,game,ML,Arizona Cardinals,,,stn,290.0,—,—,,Loss,,miss,,,,—,,
2026-10-04T20:01:41.654341+00:00,nfl,2026,4,401872966,4018729663262,4,13:55,Official Timeout at 13:55.,1,10,NYG 16,16,3,New York Giants,Arizona Cardinals,27,24,77.6,22.4,232.0,87.0,319.0,121.0,115.0,236.0,game,ML,New York Giants,,,polymarket,-223.0,—,—,,Win,,hit,,,,—,,
2026-10-04T20:01:41.654341+00:00,nfl,2026,4,401872966,4018729663276,4,13:55,N.Harris right tackle to NYG 21 for 5 yards (Ma.Wilson).,1,10,NYG 16,16,3,New York Giants,Arizona Cardinals,27,24,77.6,22.4,232.0,87.0,319.0,121.0,115.0,236.0,game,Spread,Arizona Cardinals,,5.5,novig,135.0,—,—,,+3,,hit,,,,—,,
2026-10-04T20:01:41.654341+00:00,nfl,2026,4,401872966,4018729663276,4,13:55,N.Harris right tackle to NYG 21 for 5 yards (Ma.Wilson).,1,10,NYG 16,16,3,New York Giants,Arizona Cardinals,27,24,77.6,22.4,232.0,87.0,319.0,121.0,115.0,236.0,game,Spread,New York Giants,,-5.5,kalshi,-150.0,—,—,,+3,,miss,,,,—,,
2026-10-04T20:01:41.654341+00:00,nfl,2026,4,401872966,4018729663276,4,13:55,N.Harris right tackle to NYG 21 for 5 yards (Ma.Wilson).,1,10,NYG 16,16,3,New York Giants,Arizona Cardinals,27,24,77.6,22.4,232.0,87.0,319.0,121.0,115.0,236.0,game,Total,,,52.5,,,—,—,,51.0,,miss,,,,—,,
2026-10-04T20:01:41.654341+00:00,nfl,2026,4,401872966,4018729663276,4,13:55,N.Harris right tackle to NYG 21 for 5 yards (Ma.Wilson).,1,10,NYG 16,16,3,New York Giants,Arizona Cardinals,27,24,77.6,22.4,232.0,87.0,319.0,121.0,115.0,236.0,game,Total,Under,,52.5,kalshi,9900.0,—,—,,51.0,,hit,,,,—,,
2026-10-04T20:01:41.654341+00:00,nfl,2026,4,401872966,4018729663276,4,13:55,N.Harris right tackle to NYG 21 for 5 yards (Ma.Wilson).,1,10,NYG 16,16,3,New York Giants,Arizona Cardinals,27,24,77.6,22.4,232.0,87.0,319.0,121.0,115.0,236.0,game,ML,Arizona Cardinals,,,stn,290.0,—,—,,Loss,,miss,,,,—,,
2026-10-04T20:01:41.654341+00:00,nfl,2026,4,401872966,4018729663276,4,13:55,N.Harris right tackle to NYG 21 for 5 yards (Ma.Wilson).,1,10,NYG 16,16,3,New York Giants,Arizona Cardinals,27,24,77.6,22.4,232.0,87.0,319.0,121.0,115.0,236.0,game,ML,New York Giants,,,polymarket,-223.0,—,—,,Win,,hit,,,,—,,
2026-10-04T20:01:41.654341+00:00,nfl,2026,4,401872966,4018729663305,4,13:21,C.Skattebo up the middle to NYG 22 for 1 yard (A.Billings).,2,5,NYG 21,21,3,New York Giants,Arizona Cardinals,27,24,77.6,22.4,232.0,87.0,319.0,121.0,115.0,236.0,game,Spread,Arizona Cardinals,,5.5,novig,135.0,—,—,,+3,,hit,,,,—,,
2026-10-04T20:01:41.654341+00:00,nfl,2026,4,401872966,4018729663305,4,13:21,C.Skattebo up the middle to NYG 22 for 1 yard (A.Billings).,2,5,NYG 21,21,3,New York Giants,Arizona Cardinals,27,24,77.6,22.4,232.0,87.0,319.0,121.0,115.0,236.0,game,Spread,New York Giants,,-5.5,kalshi,-150.0,—,—,,+3,,miss,,,,—,,
2026-10-04T20:01:41.654341+00:00,nfl,2026,4,401872966,4018729663305,4,13:21,C.Skattebo up the middle to NYG 22 for 1 yard (A.Billings).,2,5,NYG 21,21,3,New York Giants,Arizona Cardinals,27,24,77.6,22.4,232.0,87.0,319.0,121.0,115.0,236.0,game,Total,,,52.5,,,—,—,,51.0,,miss,,,,—,,
2026-10-04T20:01:41.654341+00:00,nfl,2026,4,401872966,4018729663305,4,13:21,C.Skattebo up the middle to NYG 22 for 1 yard (A.Billings).,2,5,NYG 21,21,3,New York Giants,Arizona Cardinals,27,24,77.6,22.4,232.0,87.0,319.0,121.0,115.0,236.0,game,Total,Under,,52.5,kalshi,9900.0,—,—,,51.0,,hit,,,,—,,
2026-10-04T20:01:41.654341+00:00,nfl,2026,4,401872966,4018729663305,4,13:21,C.Skattebo up the middle to NYG 22 for 1 yard (A.Billings).,2,5,NYG 21,21,3,New York Giants,Arizona Cardinals,27,24,77.6,22.4,232.0,87.0,319.0,121.0,115.0,236.0,game,ML,Arizona Cardinals,,,stn,290.0,—,—,,Loss,,miss,,,,—,,
2026-10-04T20:01:41.654341+00:00,nfl,2026,4,401872966,4018729663305,4,13:21,C.Skattebo up the middle to NYG 22 for 1 yard (A.Billings).,2,5,NYG 21,21,3,New York Giants,Arizona Cardinals,27,24,77.6,22.4,232.0,87.0,319.0,121.0,115.0,236.0,game,ML,New York Giants,,,polymarket,-223.0,—,—,,Win,,hit,,,,—,,
2026-10-04T20:01:41.654341+00:00,nfl,2026,4,401872966,4018729663327,4,12:42,(Shotgun) J.Winston pass deep right to I.Likely to ARZ 44 for 34 yards (B.Baker; W.Williams).,3,4,NYG 22,22,3,New York Giants,Arizona Cardinals,27,24,77.6,22.4,232.0,87.0,319.0,121.0,115.0,236.0,game,Spread,Arizona Cardinals,,5.5,novig,135.0,—,—,,+3,,hit,,,,—,,
2026-10-04T20:01:41.654341+00:00,nfl,2026,4,401872966,4018729663327,4,12:42,(Shotgun) J.Winston pass deep right to I.Likely to ARZ 44 for 34 yards (B.Baker; W.Williams).,3,4,NYG 22,22,3,New York Giants,Arizona Cardinals,27,24,77.6,22.4,232.0,87.0,319.0,121.0,115.0,236.0,game,Spread,New York Giants,,-5.5,kalshi,-150.0,—,—,,+3,,miss,,,,—,,
2026-10-04T20:01:41.654341+00:00,nfl,2026,4,401872966,4018729663327,4,12:42,(Shotgun) J.Winston pass deep right to I.Likely to ARZ 44 for 34 yards (B.Baker; W.Williams).,3,4,NYG 22,22,3,New York Giants,Arizona Cardinals,27,24,77.6,22.4,232.0,87.0,319.0,121.0,115.0,236.0,game,Total,,,52.5,,,—,—,,51.0,,miss,,,,—,,
2026-10-04T20:01:41.654341+00:00,nfl,2026,4,401872966,4018729663327,4,12:42,(Shotgun) J.Winston pass deep right to I.Likely to ARZ 44 for 34 yards (B.Baker; W.Williams).,3,4,NYG 22,22,3,New York Giants,Arizona Cardinals,27,24,77.6,22.4,232.0,87.0,319.0,121.0,115.0,236.0,game,Total,Under,,52.5,kalshi,9900.0,—,—,,51.0,,hit,,,,—,,
2026-10-04T20:01:41.654341+00:00,nfl,2026,4,401872966,4018729663327,4,12:42,(Shotgun) J.Winston pass deep right to I.Likely to ARZ 44 for 34 yards (B.Baker; W.Williams).,3,4,NYG 22,22,3,New York Giants,Arizona Cardinals,27,24,77.6,22.4,232.0,87.0,319.0,121.0,115.0,236.0,game,ML,Arizona Cardinals,,,stn,290.0,—,—,,Loss,,miss,,,,—,,
2026-10-04T20:01:41.654341+00:00,nfl,2026,4,401872966,4018729663327,4,12:42,(Shotgun) J.Winston pass deep right to I.Likely to ARZ 44 for 34 yards (B.Baker; W.Williams).,3,4,NYG 22,22,3,New York Giants,Arizona Cardinals,27,24,77.6,22.4,232.0,87.0,319.0,121.0,115.0,236.0,game,ML,New York Giants,,,polymarket,-223.0,—,—,,Win,,hit,,,,—,,
2026-10-04T20:01:41.654341+00:00,nfl,2026,4,401872966,4018729663352,4,11:54,J.Winston pass short right to P.Ricard to ARZ 43 for 1 yard (J.Gibbens).,1,10,ARI 44,56,3,New York Giants,Arizona Cardinals,27,24,77.6,22.4,232.0,87.0,319.0,121.0,115.0,236.0,game,Spread,Arizona Cardinals,,5.5,novig,135.0,—,—,,+3,,hit,,,,—,,
2026-10-04T20:01:41.654341+00:00,nfl,2026,4,401872966,4018729663352,4,11:54,J.Winston pass short right to P.Ricard to ARZ 43 for 1 yard (J.Gibbens).,1,10,ARI 44,56,3,New York Giants,Arizona Cardinals,27,24,77.6,22.4,232.0,87.0,319.0,121.0,115.0,236.0,game,Spread,New York Giants,,-5.5,kalshi,-150.0,—,—,,+3,,miss,,,,—,,
2026-10-04T20:01:41.654341+00:00,nfl,2026,4,401872966,4018729663352,4,11:54,J.Winston pass short right to P.Ricard to ARZ 43 for 1 yard (J.Gibbens).,1,10,ARI 44,56,3,New York Giants,Arizona Cardinals,27,24,77.6,22.4,232.0,87.0,319.0,121.0,115.0,236.0,game,Total,,,52.5,,,—,—,,51.0,,miss,,,,—,,
2026-10-04T20:01:41.654341+00:00,nfl,2026,4,401872966,4018729663352,4,11:54,J.Winston pass short right to P.Ricard to ARZ 43 for 1 yard (J.Gibbens).,1,10,ARI 44,56,3,New York Giants,Arizona Cardinals,27,24,77.6,22.4,232.0,87.0,319.0,121.0,115.0,236.0,game,Total,Under,,52.5,kalshi,9900.0,—,—,,51.0,,hit,,,,—,,
2026-10-04T20:01:41.654341+00:00,nfl,2026,4,401872966,4018729663352,4,11:54,J.Winston pass short right to P.Ricard to ARZ 43 for 1 yard (J.Gibbens).,1,10,ARI 44,56,3,New York Giants,Arizona Cardinals,27,24,77.6,22.4,232.0,87.0,319.0,121.0,115.0,236.0,game,ML,Arizona Cardinals,,,stn,290.0,—,—,,Loss,,miss,,,,—,,
2026-10-04T20:01:41.654341+00:00,nfl,2026,4,401872966,4018729663352,4,11:54,J.Winston pass short right to P.Ricard to ARZ 43 for 1 yard (J.Gibbens).,1,10,ARI 44,56,3,New York Giants,Arizona Cardinals,27,24,77.6,22.4,232.0,87.0,319.0,121.0,115.0,236.0,game,ML,New York Giants,,,polymarket,-223.0,—,—,,Win,,hit,,,,—,,
2026-10-04T20:01:41.654341+00:00,nfl,2026,4,401872966,4018729663377,4,11:14,"N.Harris left guard to ARZ 42 for 1 yard (Ma.Wilson; D.Stills). FUMBLES (Ma.Wilson), RECOVERED by ARZ-Z.Collins at ARZ 42.",2,9,ARI 43,57,3,New York Giants,Arizona Cardinals,27,24,77.6,22.4,232.0,87.0,319.0,121.0,115.0,236.0,game,Spread,Arizona Cardinals,,5.5,novig,135.0,—,—,,+3,,hit,,,,—,,
2026-10-04T20:01:41.654341+00:00,nfl,2026,4,401872966,4018729663377,4,11:14,"N.Harris left guard to ARZ 42 for 1 yard (Ma.Wilson; D.Stills). FUMBLES (Ma.Wilson), RECOVERED by ARZ-Z.Collins at ARZ 42.",2,9,ARI 43,57,3,New York Giants,Arizona Cardinals,27,24,77.6,22.4,232.0,87.0,319.0,121.0,115.0,236.0,game,Spread,New York Giants,,-5.5,kalshi,-150.0,—,—,,+3,,miss,,,,—,,
2026-10-04T20:01:41.654341+00:00,nfl,2026,4,401872966,4018729663377,4,11:14,"N.Harris left guard to ARZ 42 for 1 yard (Ma.Wilson; D.Stills). FUMBLES (Ma.Wilson), RECOVERED by ARZ-Z.Collins at ARZ 42.",2,9,ARI 43,57,3,New York Giants,Arizona Cardinals,27,24,77.6,22.4,232.0,87.0,319.0,121.0,115.0,236.0,game,Total,,,52.5,,,—,—,,51.0,,miss,,,,—,,
2026-10-04T20:01:41.654341+00:00,nfl,2026,4,401872966,4018729663377,4,11:14,"N.Harris left guard to ARZ 42 for 1 yard (Ma.Wilson; D.Stills). FUMBLES (Ma.Wilson), RECOVERED by ARZ-Z.Collins at ARZ 42.",2,9,ARI 43,57,3,New York Giants,Arizona Cardinals,27,24,77.6,22.4,232.0,87.0,319.0,121.0,115.0,236.0,game,Total,Under,,52.5,kalshi,9900.0,—,—,,51.0,,hit,,,,—,,
2026-10-04T20:01:41.654341+00:00,nfl,2026,4,401872966,4018729663377,4,11:14,"N.Harris left guard to ARZ 42 for 1 yard (Ma.Wilson; D.Stills). FUMBLES (Ma.Wilson), RECOVERED by ARZ-Z.Collins at ARZ 42.",2,9,ARI 43,57,3,New York Giants,Arizona Cardinals,27,24,77.6,22.4,232.0,87.0,319.0,121.0,115.0,236.0,game,ML,Arizona Cardinals,,,stn,290.0,—,—,,Loss,,miss,,,,—,,
2026-10-04T20:01:41.654341+00:00,nfl,2026,4,401872966,4018729663377,4,11:14,"N.Harris left guard to ARZ 42 for 1 yard (Ma.Wilson; D.Stills). FUMBLES (Ma.Wilson), RECOVERED by ARZ-Z.Collins at ARZ 42.",2,9,ARI 43,57,3,New York Giants,Arizona Cardinals,27,24,77.6,22.4,232.0,87.0,319.0,121.0,115.0,236.0,game,ML,New York Giants,,,polymarket,-223.0,—,—,,Win,,hit,,,,—,,
2026-10-04T20:01:41.654341+00:00,nfl,2026,4,401872966,4018729663396,4,11:08,Official Timeout at 11:08.,1,10,ARI 42,58,3,New York Giants,Arizona Cardinals,27,24,77.6,22.4,232.0,87.0,319.0,121.0,115.0,236.0,game,Spread,Arizona Cardinals,,5.5,novig,135.0,—,—,,+3,,hit,,,,—,,
2026-10-04T20:01:41.654341+00:00,nfl,2026,4,401872966,4018729663396,4,11:08,Official Timeout at 11:08.,1,10,ARI 42,58,3,New York Giants,Arizona Cardinals,27,24,77.6,22.4,232.0,87.0,319.0,121.0,115.0,236.0,game,Spread,New York Giants,,-5.5,kalshi,-150.0,—,—,,+3,,miss,,,,—,,
2026-10-04T20:01:41.654341+00:00,nfl,2026,4,401872966,4018729663396,4,11:08,Official Timeout at 11:08.,1,10,ARI 42,58,3,New York Giants,Arizona Cardinals,27,24,77.6,22.4,232.0,87.0,319.0,121.0,115.0,236.0,game,Total,,,52.5,,,—,—,,51.0,,miss,,,,—,,
2026-10-04T20:01:41.654341+00:00,nfl,2026,4,401872966,4018729663396,4,11:08,Official Timeout at 11:08.,1,10,ARI 42,58,3,New York Giants,Arizona Cardinals,27,24,77.6,22.4,232.0,87.0,319.0,121.0,115.0,236.0,game,Total,Under,,52.5,kalshi,9900.0,—,—,,51.0,,hit,,,,—,,
2026-10-04T20:01:41.654341+00:00,nfl,2026,4,401872966,4018729663396,4,11:08,Official Timeout at 11:08.,1,10,ARI 42,58,3,New York Giants,Arizona Cardinals,27,24,77.6,22.4,232.0,87.0,319.0,121.0,115.0,236.0,game,ML,Arizona Cardinals,,,stn,290.0,—,—,,Loss,,miss,,,,—,,
2026-10-04T20:01:41.654341+00:00,nfl,2026,4,401872966,4018729663396,4,11:08,Official Timeout at 11:08.,1,10,ARI 42,58,3,New York Giants,Arizona Cardinals,27,24,77.6,22.4,232.0,87.0,319.0,121.0,115.0,236.0,game,ML,New York Giants,,,polymarket,-223.0,—,—,,Win,,hit,,,,—,,
2026-10-04T20:01:41.654341+00:00,nfl,2026,4,401872966,4018729663415,4,11:08,(Shotgun) J.Williams reported in as eligible.  J.Love left guard to ARZ 40 for -2 yards (S.Harris).,1,10,ARI 42,58,3,New York Giants,Arizona Cardinals,27,24,77.6,22.4,232.0,87.0,319.0,121.0,115.0,236.0,game,Spread,Arizona Cardinals,,5.5,novig,135.0,—,—,,+3,,hit,,,,—,,
2026-10-04T20:01:41.654341+00:00,nfl,2026,4,401872966,4018729663415,4,11:08,(Shotgun) J.Williams reported in as eligible.  J.Love left guard to ARZ 40 for -2 yards (S.Harris).,1,10,ARI 42,58,3,New York Giants,Arizona Cardinals,27,24,77.6,22.4,232.0,87.0,319.0,121.0,115.0,236.0,game,Spread,New York Giants,,-5.5,kalshi,-150.0,—,—,,+3,,miss,,,,—,,
2026-10-04T20:01:41.654341+00:00,nfl,2026,4,401872966,4018729663415,4,11:08,(Shotgun) J.Williams reported in as eligible.  J.Love left guard to ARZ 40 for -2 yards (S.Harris).,1,10,ARI 42,58,3,New York Giants,Arizona Cardinals,27,24,77.6,22.4,232.0,87.0,319.0,121.0,115.0,236.0,game,Total,,,52.5,,,—,—,,51.0,,miss,,,,—,,
2026-10-04T20:01:41.654341+00:00,nfl,2026,4,401872966,4018729663415,4,11:08,(Shotgun) J.Williams reported in as eligible.  J.Love left guard to ARZ 40 for -2 yards (S.Harris).,1,10,ARI 42,58,3,New York Giants,Arizona Cardinals,27,24,77.6,22.4,232.0,87.0,319.0,121.0,115.0,236.0,game,Total,Under,,52.5,kalshi,9900.0,—,—,,51.0,,hit,,,,—,,
2026-10-04T20:01:41.654341+00:00,nfl,2026,4,401872966,4018729663415,4,11:08,(Shotgun) J.Williams reported in as eligible.  J.Love left guard to ARZ 40 for -2 yards (S.Harris).,1,10,ARI 42,58,3,New York Giants,Arizona Cardinals,27,24,77.6,22.4,232.0,87.0,319.0,121.0,115.0,236.0,game,ML,Arizona Cardinals,,,stn,290.0,—,—,,Loss,,miss,,,,—,,
2026-10-04T20:01:41.654341+00:00,nfl,2026,4,401872966,4018729663415,4,11:08,(Shotgun) J.Williams reported in as eligible.  J.Love left guard to ARZ 40 for -2 yards (S.Harris).,1,10,ARI 42,58,3,New York Giants,Arizona Cardinals,27,24,77.6,22.4,232.0,87.0,319.0,121.0,115.0,236.0,game,ML,New York Giants,,,polymarket,-223.0,—,—,,Win,,hit,,,,—,,
2026-10-04T20:01:41.654341+00:00,nfl,2026,4,401872966,4018729663446,4,10:27,(Shotgun) J.Brissett pass incomplete deep right to Mi.Wilson (G.Newsome) [A.Carter].,2,12,ARI 40,60,3,New York Giants,Arizona Cardinals,27,24,77.6,22.4,232.0,87.0,319.0,121.0,115.0,236.0,game,Spread,Arizona Cardinals,,5.5,novig,135.0,—,—,,+3,,hit,,,,—,,
2026-10-04T20:01:41.654341+00:00,nfl,2026,4,401872966,4018729663446,4,10:27,(Shotgun) J.Brissett pass incomplete deep right to Mi.Wilson (G.Newsome) [A.Carter].,2,12,ARI 40,60,3,New York Giants,Arizona Cardinals,27,24,77.6,22.4,232.0,87.0,319.0,121.0,115.0,236.0,game,Spread,New York Giants,,-5.5,kalshi,-150.0,—,—,,+3,,miss,,,,—,,
2026-10-04T20:01:41.654341+00:00,nfl,2026,4,401872966,4018729663446,4,10:27,(Shotgun) J.Brissett pass incomplete deep right to Mi.Wilson (G.Newsome) [A.Carter].,2,12,ARI 40,60,3,New York Giants,Arizona Cardinals,27,24,77.6,22.4,232.0,87.0,319.0,121.0,115.0,236.0,game,Total,,,52.5,,,—,—,,51.0,,miss,,,,—,,
2026-10-04T20:01:41.654341+00:00,nfl,2026,4,401872966,4018729663446,4,10:27,(Shotgun) J.Brissett pass incomplete deep right to Mi.Wilson (G.Newsome) [A.Carter].,2,12,ARI 40,60,3,New York Giants,Arizona Cardinals,27,24,77.6,22.4,232.0,87.0,319.0,121.0,115.0,236.0,game,Total,Under,,52.5,kalshi,9900.0,—,—,,51.0,,hit,,,,—,,
2026-10-04T20:01:41.654341+00:00,nfl,2026,4,401872966,4018729663446,4,10:27,(Shotgun) J.Brissett pass incomplete deep right to Mi.Wilson (G.Newsome) [A.Carter].,2,12,ARI 40,60,3,New York Giants,Arizona Cardinals,27,24,77.6,22.4,232.0,87.0,319.0,121.0,115.0,236.0,game,ML,Arizona Cardinals,,,stn,290.0,—,—,,Loss,,miss,,,,—,,
2026-10-04T20:01:41.654341+00:00,nfl,2026,4,401872966,4018729663446,4,10:27,(Shotgun) J.Brissett pass incomplete deep right to Mi.Wilson (G.Newsome) [A.Carter].,2,12,ARI 40,60,3,New York Giants,Arizona Cardinals,27,24,77.6,22.4,232.0,87.0,319.0,121.0,115.0,236.0,game,ML,New York Giants,,,polymarket,-223.0,—,—,,Win,,hit,,,,—,,
2026-10-04T20:01:41.654341+00:00,nfl,2026,4,401872966,4018729663469,4,10:21,(Shotgun) J.Brissett pass short left to T.Allgeier to ARZ 45 for 5 yards (D.Reader; D.Banks) [A.Carter].,3,12,ARI 40,60,3,New York Giants,Arizona Cardinals,27,24,77.6,22.4,232.0,87.0,319.0,121.0,115.0,236.0,game,Spread,Arizona Cardinals,,5.5,novig,135.0,—,—,,+3,,hit,,,,—,,
2026-10-04T20:01:41.654341+00:00,nfl,2026,4,401872966,4018729663469,4,10:21,(Shotgun) J.Brissett pass short left to T.Allgeier to ARZ 45 for 5 yards (D.Reader; D.Banks) [A.Carter].,3,12,ARI 40,60,3,New York Giants,Arizona Cardinals,27,24,77.6,22.4,232.0,87.0,319.0,121.0,115.0,236.0,game,Spread,New York Giants,,-5.5,kalshi,-150.0,—,—,,+3,,miss,,,,—,,
2026-10-04T20:01:41.654341+00:00,nfl,2026,4,401872966,4018729663469,4,10:21,(Shotgun) J.Brissett pass short left to T.Allgeier to ARZ 45 for 5 yards (D.Reader; D.Banks) [A.Carter].,3,12,ARI 40,60,3,New York Giants,Arizona Cardinals,27,24,77.6,22.4,232.0,87.0,319.0,121.0,115.0,236.0,game,Total,,,52.5,,,—,—,,51.0,,miss,,,,—,,
2026-10-04T20:01:41.654341+00:00,nfl,2026,4,401872966,4018729663469,4,10:21,(Shotgun) J.Brissett pass short left to T.Allgeier to ARZ 45 for 5 yards (D.Reader; D.Banks) [A.Carter].,3,12,ARI 40,60,3,New York Giants,Arizona Cardinals,27,24,77.6,22.4,232.0,87.0,319.0,121.0,115.0,236.0,game,Total,Under,,52.5,kalshi,9900.0,—,—,,51.0,,hit,,,,—,,
2026-10-04T20:01:41.654341+00:00,nfl,2026,4,401872966,4018729663469,4,10:21,(Shotgun) J.Brissett pass short left to T.Allgeier to ARZ 45 for 5 yards (D.Reader; D.Banks) [A.Carter].,3,12,ARI 40,60,3,New York Giants,Arizona Cardinals,27,24,77.6,22.4,232.0,87.0,319.0,121.0,115.0,236.0,game,ML,Arizona Cardinals,,,stn,290.0,—,—,,Loss,,miss,,,,—,,
2026-10-04T20:01:41.654341+00:00,nfl,2026,4,401872966,4018729663469,4,10:21,(Shotgun) J.Brissett pass short left to T.Allgeier to ARZ 45 for 5 yards (D.Reader; D.Banks) [A.Carter].,3,12,ARI 40,60,3,New York Giants,Arizona Cardinals,27,24,77.6,22.4,232.0,87.0,319.0,121.0,115.0,236.0,game,ML,New York Giants,,,polymarket,-223.0,—,—,,Win,,hit,,,,—,,
2026-10-04T20:01:41.654341+00:00,nfl,2026,4,401872966,4018729663494,4,9:34,"B.Gillikin punts 45 yards to NYG 10, Center-C.Kreiter. C.Jones ran ob at NYG 33 for 23 yards (B.Gillikin).",4,7,ARI 45,55,3,New York Giants,Arizona Cardinals,27,24,77.6,22.4,232.0,87.0,319.0,121.0,115.0,236.0,game,Spread,Arizona Cardinals,,5.5,novig,135.0,—,—,,+3,,hit,,,,—,,
2026-10-04T20:01:41.654341+00:00,nfl,2026,4,401872966,4018729663494,4,9:34,"B.Gillikin punts 45 yards to NYG 10, Center-C.Kreiter. C.Jones ran ob at NYG 33 for 23 yards (B.Gillikin).",4,7,ARI 45,55,3,New York Giants,Arizona Cardinals,27,24,77.6,22.4,232.0,87.0,319.0,121.0,115.0,236.0,game,Spread,New York Giants,,-5.5,kalshi,-150.0,—,—,,+3,,miss,,,,—,,
2026-10-04T20:01:41.654341+00:00,nfl,2026,4,401872966,4018729663494,4,9:34,"B.Gillikin punts 45 yards to NYG 10, Center-C.Kreiter. C.Jones ran ob at NYG 33 for 23 yards (B.Gillikin).",4,7,ARI 45,55,3,New York Giants,Arizona Cardinals,27,24,77.6,22.4,232.0,87.0,319.0,121.0,115.0,236.0,game,Total,,,52.5,,,—,—,,51.0,,miss,,,,—,,
2026-10-04T20:01:41.654341+00:00,nfl,2026,4,401872966,4018729663494,4,9:34,"B.Gillikin punts 45 yards to NYG 10, Center-C.Kreiter. C.Jones ran ob at NYG 33 for 23 yards (B.Gillikin).",4,7,ARI 45,55,3,New York Giants,Arizona Cardinals,27,24,77.6,22.4,232.0,87.0,319.0,121.0,115.0,236.0,game,Total,Under,,52.5,kalshi,9900.0,—,—,,51.0,,hit,,,,—,,
2026-10-04T20:01:41.654341+00:00,nfl,2026,4,401872966,4018729663494,4,9:34,"B.Gillikin punts 45 yards to NYG 10, Center-C.Kreiter. C.Jones ran ob at NYG 33 for 23 yards (B.Gillikin).",4,7,ARI 45,55,3,New York Giants,Arizona Cardinals,27,24,77.6,22.4,232.0,87.0,319.0,121.0,115.0,236.0,game,ML,Arizona Cardinals,,,stn,290.0,—,—,,Loss,,miss,,,,—,,
2026-10-04T20:01:41.654341+00:00,nfl,2026,4,401872966,4018729663494,4,9:34,"B.Gillikin punts 45 yards to NYG 10, Center-C.Kreiter. C.Jones ran ob at NYG 33 for 23 yards (B.Gillikin).",4,7,ARI 45,55,3,New York Giants,Arizona Cardinals,27,24,77.6,22.4,232.0,87.0,319.0,121.0,115.0,236.0,game,ML,New York Giants,,,polymarket,-223.0,—,—,,Win,,hit,,,,—,,
2026-10-04T20:01:41.654341+00:00,nfl,2026,4,401872966,4018729663510,4,9:20,Official Timeout at 09:20.,1,10,NYG 33,33,3,New York Giants,Arizona Cardinals,27,24,77.6,22.4,232.0,87.0,319.0,121.0,115.0,236.0,game,Spread,Arizona Cardinals,,5.5,novig,135.0,—,—,,+3,,hit,,,,—,,
2026-10-04T20:01:41.654341+00:00,nfl,2026,4,401872966,4018729663510,4,9:20,Official Timeout at 09:20.,1,10,NYG 33,33,3,New York Giants,Arizona Cardinals,27,24,77.6,22.4,232.0,87.0,319.0,121.0,115.0,236.0,game,Spread,New York Giants,,-5.5,kalshi,-150.0,—,—,,+3,,miss,,,,—,,
2026-10-04T20:01:41.654341+00:00,nfl,2026,4,401872966,4018729663510,4,9:20,Official Timeout at 09:20.,1,10,NYG 33,33,3,New York Giants,Arizona Cardinals,27,24,77.6,22.4,232.0,87.0,319.0,121.0,115.0,236.0,game,Total,,,52.5,,,—,—,,51.0,,miss,,,,—,,
2026-10-04T20:01:41.654341+00:00,nfl,2026,4,401872966,4018729663510,4,9:20,Official Timeout at 09:20.,1,10,NYG 33,33,3,New York Giants,Arizona Cardinals,27,24,77.6,22.4,232.0,87.0,319.0,121.0,115.0,236.0,game,Total,Under,,52.5,kalshi,9900.0,—,—,,51.0,,hit,,,,—,,
2026-10-04T20:01:41.654341+00:00,nfl,2026,4,401872966,4018729663510,4,9:20,Official Timeout at 09:20.,1,10,NYG 33,33,3,New York Giants,Arizona Cardinals,27,24,77.6,22.4,232.0,87.0,319.0,121.0,115.0,236.0,game,ML,Arizona Cardinals,,,stn,290.0,—,—,,Loss,,miss,,,,—,,
2026-10-04T20:01:41.654341+00:00,nfl,2026,4,401872966,4018729663510,4,9:20,Official Timeout at 09:20.,1,10,NYG 33,33,3,New York Giants,Arizona Cardinals,27,24,77.6,22.4,232.0,87.0,319.0,121.0,115.0,236.0,game,ML,New York Giants,,,polymarket,-223.0,—,—,,Win,,hit,,,,—,,
2026-10-04T20:01:41.654341+00:00,nfl,2026,4,401872966,4018729663525,4,9:20,J.Winston pass short left to I.Likely to NYG 48 for 15 yards (B.Baker).,1,10,NYG 33,33,3,New York Giants,Arizona Cardinals,27,24,77.6,22.4,232.0,87.0,319.0,121.0,115.0,236.0,game,Spread,Arizona Cardinals,,5.5,novig,135.0,—,—,,+3,,hit,,,,—,,
2026-10-04T20:01:41.654341+00:00,nfl,2026,4,401872966,4018729663525,4,9:20,J.Winston pass short left to I.Likely to NYG 48 for 15 yards (B.Baker).,1,10,NYG 33,33,3,New York Giants,Arizona Cardinals,27,24,77.6,22.4,232.0,87.0,319.0,121.0,115.0,236.0,game,Spread,New York Giants,,-5.5,kalshi,-150.0,—,—,,+3,,miss,,,,—,,
2026-10-04T20:01:41.654341+00:00,nfl,2026,4,401872966,4018729663525,4,9:20,J.Winston pass short left to I.Likely to NYG 48 for 15 yards (B.Baker).,1,10,NYG 33,33,3,New York Giants,Arizona Cardinals,27,24,77.6,22.4,232.0,87.0,319.0,121.0,115.0,236.0,game,Total,,,52.5,,,—,—,,51.0,,miss,,,,—,,
2026-10-04T20:01:41.654341+00:00,nfl,2026,4,401872966,4018729663525,4,9:20,J.Winston pass short left to I.Likely to NYG 48 for 15 yards (B.Baker).,1,10,NYG 33,33,3,New York Giants,Arizona Cardinals,27,24,77.6,22.4,232.0,87.0,319.0,121.0,115.0,236.0,game,Total,Under,,52.5,kalshi,9900.0,—,—,,51.0,,hit,,,,—,,
2026-10-04T20:01:41.654341+00:00,nfl,2026,4,401872966,4018729663525,4,9:20,J.Winston pass short left to I.Likely to NYG 48 for 15 yards (B.Baker).,1,10,NYG 33,33,3,New York Giants,Arizona Cardinals,27,24,77.6,22.4,232.0,87.0,319.0,121.0,115.0,236.0,game,ML,Arizona Cardinals,,,stn,290.0,—,—,,Loss,,miss,,,,—,,
2026-10-04T20:01:41.654341+00:00,nfl,2026,4,401872966,4018729663525,4,9:20,J.Winston pass short left to I.Likely to NYG 48 for 15 yards (B.Baker).,1,10,NYG 33,33,3,New York Giants,Arizona Cardinals,27,24,77.6,22.4,232.0,87.0,319.0,121.0,115.0,236.0,game,ML,New York Giants,,,polymarket,-223.0,—,—,,Win,,hit,,,,—,,
2026-10-04T20:01:41.654341+00:00,nfl,2026,4,401872966,4018729663562,4,8:40,C.Skattebo up the middle to ARZ 49 for 3 yards (J.Gibbens; E.Leota).,1,10,NYG 48,48,3,New York Giants,Arizona Cardinals,27,24,77.6,22.4,232.0,87.0,319.0,121.0,115.0,236.0,game,Spread,Arizona Cardinals,,5.5,novig,135.0,—,—,,+3,,hit,,,,—,,
2026-10-04T20:01:41.654341+00:00,nfl,2026,4,401872966,4018729663562,4,8:40,C.Skattebo up the middle to ARZ 49 for 3 yards (J.Gibbens; E.Leota).,1,10,NYG 48,48,3,New York Giants,Arizona Cardinals,27,24,77.6,22.4,232.0,87.0,319.0,121.0,115.0,236.0,game,Spread,New York Giants,,-5.5,kalshi,-150.0,—,—,,+3,,miss,,,,—,,
2026-10-04T20:01:41.654341+00:00,nfl,2026,4,401872966,4018729663562,4,8:40,C.Skattebo up the middle to ARZ 49 for 3 yards (J.Gibbens; E.Leota).,1,10,NYG 48,48,3,New York Giants,Arizona Cardinals,27,24,77.6,22.4,232.0,87.0,319.0,121.0,115.0,236.0,game,Total,,,52.5,,,—,—,,51.0,,miss,,,,—,,
2026-10-04T20:01:41.654341+00:00,nfl,2026,4,401872966,4018729663562,4,8:40,C.Skattebo up the middle to ARZ 49 for 3 yards (J.Gibbens; E.Leota).,1,10,NYG 48,48,3,New York Giants,Arizona Cardinals,27,24,77.6,22.4,232.0,87.0,319.0,121.0,115.0,236.0,game,Total,Under,,52.5,kalshi,9900.0,—,—,,51.0,,hit,,,,—,,
2026-10-04T20:01:41.654341+00:00,nfl,2026,4,401872966,4018729663562,4,8:40,C.Skattebo up the middle to ARZ 49 for 3 yards (J.Gibbens; E.Leota).,1,10,NYG 48,48,3,New York Giants,Arizona Cardinals,27,24,77.6,22.4,232.0,87.0,319.0,121.0,115.0,236.0,game,ML,Arizona Cardinals,,,stn,290.0,—,—,,Loss,,miss,,,,—,,
2026-10-04T20:01:41.654341+00:00,nfl,2026,4,401872966,4018729663562,4,8:40,C.Skattebo up the middle to ARZ 49 for 3 yards (J.Gibbens; E.Leota).,1,10,NYG 48,48,3,New York Giants,Arizona Cardinals,27,24,77.6,22.4,232.0,87.0,319.0,121.0,115.0,236.0,game,ML,New York Giants,,,polymarket,-223.0,—,—,,Win,,hit,,,,—,,
2026-10-04T20:01:41.654341+00:00,nfl,2026,4,401872966,4018729663593,4,8:02,"J.Winston pass short right to T.Johnson pushed ob at ARZ 48 for 1 yard (Z.Collins) [J.Sweat].PENALTY on ARZ-Z.Collins, Defensive Holding, 5 yards, enforced at ARZ 49 - No Play.",2,7,ARI 49,51,3,New York Giants,Arizona Cardinals,27,24,77.6,22.4,232.0,87.0,319.0,121.0,115.0,236.0,game,Spread,Arizona Cardinals,,5.5,novig,135.0,—,—,,+3,,hit,,,,—,,
2026-10-04T20:01:41.654341+00:00,nfl,2026,4,401872966,4018729663593,4,8:02,"J.Winston pass short right to T.Johnson pushed ob at ARZ 48 for 1 yard (Z.Collins) [J.Sweat].PENALTY on ARZ-Z.Collins, Defensive Holding, 5 yards, enforced at ARZ 49 - No Play.",2,7,ARI 49,51,3,New York Giants,Arizona Cardinals,27,24,77.6,22.4,232.0,87.0,319.0,121.0,115.0,236.0,game,Spread,New York Giants,,-5.5,kalshi,-150.0,—,—,,+3,,miss,,,,—,,
2026-10-04T20:01:41.654341+00:00,nfl,2026,4,401872966,4018729663593,4,8:02,"J.Winston pass short right to T.Johnson pushed ob at ARZ 48 for 1 yard (Z.Collins) [J.Sweat].PENALTY on ARZ-Z.Collins, Defensive Holding, 5 yards, enforced at ARZ 49 - No Play.",2,7,ARI 49,51,3,New York Giants,Arizona Cardinals,27,24,77.6,22.4,232.0,87.0,319.0,121.0,115.0,236.0,game,Total,,,52.5,,,—,—,,51.0,,miss,,,,—,,
2026-10-04T20:01:41.654341+00:00,nfl,2026,4,401872966,4018729663593,4,8:02,"J.Winston pass short right to T.Johnson pushed ob at ARZ 48 for 1 yard (Z.Collins) [J.Sweat].PENALTY on ARZ-Z.Collins, Defensive Holding, 5 yards, enforced at ARZ 49 - No Play.",2,7,ARI 49,51,3,New York Giants,Arizona Cardinals,27,24,77.6,22.4,232.0,87.0,319.0,121.0,115.0,236.0,game,Total,Under,,52.5,kalshi,9900.0,—,—,,51.0,,hit,,,,—,,
2026-10-04T20:01:41.654341+00:00,nfl,2026,4,401872966,4018729663593,4,8:02,"J.Winston pass short right to T.Johnson pushed ob at ARZ 48 for 1 yard (Z.Collins) [J.Sweat].PENALTY on ARZ-Z.Collins, Defensive Holding, 5 yards, enforced at ARZ 49 - No Play.",2,7,ARI 49,51,3,New York Giants,Arizona Cardinals,27,24,77.6,22.4,232.0,87.0,319.0,121.0,115.0,236.0,game,ML,Arizona Cardinals,,,stn,290.0,—,—,,Loss,,miss,,,,—,,
2026-10-04T20:01:41.654341+00:00,nfl,2026,4,401872966,4018729663593,4,8:02,"J.Winston pass short right to T.Johnson pushed ob at ARZ 48 for 1 yard (Z.Collins) [J.Sweat].PENALTY on ARZ-Z.Collins, Defensive Holding, 5 yards, enforced at ARZ 49 - No Play.",2,7,ARI 49,51,3,New York Giants,Arizona Cardinals,27,24,77.6,22.4,232.0,87.0,319.0,121.0,115.0,236.0,game,ML,New York Giants,,,polymarket,-223.0,—,—,,Win,,hit,,,,—,,
2026-10-04T20:01:41.654341+00:00,nfl,2026,4,401872966,4018729663634,4,7:47,C.Skattebo right guard to ARZ 43 for 1 yard (R.Lopez; Z.Collins).,1,10,ARI 44,56,3,New York Giants,Arizona Cardinals,27,24,77.6,22.4,232.0,87.0,319.0,121.0,115.0,236.0,game,Spread,Arizona Cardinals,,5.5,novig,135.0,—,—,,+3,,hit,,,,—,,
2026-10-04T20:01:41.654341+00:00,nfl,2026,4,401872966,4018729663634,4,7:47,C.Skattebo right guard to ARZ 43 for 1 yard (R.Lopez; Z.Collins).,1,10,ARI 44,56,3,New York Giants,Arizona Cardinals,27,24,77.6,22.4,232.0,87.0,319.0,121.0,115.0,236.0,game,Spread,New York Giants,,-5.5,kalshi,-150.0,—,—,,+3,,miss,,,,—,,
2026-10-04T20:01:41.654341+00:00,nfl,2026,4,401872966,4018729663634,4,7:47,C.Skattebo right guard to ARZ 43 for 1 yard (R.Lopez; Z.Collins).,1,10,ARI 44,56,3,New York Giants,Arizona Cardinals,27,24,77.6,22.4,232.0,87.0,319.0,121.0,115.0,236.0,game,Total,,,52.5,,,—,—,,51.0,,miss,,,,—,,
2026-10-04T20:01:41.654341+00:00,nfl,2026,4,401872966,4018729663634,4,7:47,C.Skattebo right guard to ARZ 43 for 1 yard (R.Lopez; Z.Collins).,1,10,ARI 44,56,3,New York Giants,Arizona Cardinals,27,24,77.6,22.4,232.0,87.0,319.0,121.0,115.0,236.0,game,Total,Under,,52.5,kalshi,9900.0,—,—,,51.0,,hit,,,,—,,
2026-10-04T20:01:41.654341+00:00,nfl,2026,4,401872966,4018729663634,4,7:47,C.Skattebo right guard to ARZ 43 for 1 yard (R.Lopez; Z.Collins).,1,10,ARI 44,56,3,New York Giants,Arizona Cardinals,27,24,77.6,22.4,232.0,87.0,319.0,121.0,115.0,236.0,game,ML,Arizona Cardinals,,,stn,290.0,—,—,,Loss,,miss,,,,—,,
2026-10-04T20:01:41.654341+00:00,nfl,2026,4,401872966,4018729663634,4,7:47,C.Skattebo right guard to ARZ 43 for 1 yard (R.Lopez; Z.Collins).,1,10,ARI 44,56,3,New York Giants,Arizona Cardinals,27,24,77.6,22.4,232.0,87.0,319.0,121.0,115.0,236.0,game,ML,New York Giants,,,polymarket,-223.0,—,—,,Win,,hit,,,,—,,
2026-10-04T20:01:41.654341+00:00,nfl,2026,4,401872966,4018729663656,4,7:03,J.Winston sacked at ARZ 46 for -3 yards (Z.Collins).,2,9,ARI 43,57,3,New York Giants,Arizona Cardinals,27,24,77.6,22.4,232.0,87.0,319.0,121.0,115.0,236.0,game,Spread,Arizona Cardinals,,5.5,novig,135.0,—,—,,+3,,hit,,,,—,,
2026-10-04T20:01:41.654341+00:00,nfl,2026,4,401872966,4018729663656,4,7:03,J.Winston sacked at ARZ 46 for -3 yards (Z.Collins).,2,9,ARI 43,57,3,New York Giants,Arizona Cardinals,27,24,77.6,22.4,232.0,87.0,319.0,121.0,115.0,236.0,game,Spread,New York Giants,,-5.5,kalshi,-150.0,—,—,,+3,,miss,,,,—,,
2026-10-04T20:01:41.654341+00:00,nfl,2026,4,401872966,4018729663656,4,7:03,J.Winston sacked at ARZ 46 for -3 yards (Z.Collins).,2,9,ARI 43,57,3,New York Giants,Arizona Cardinals,27,24,77.6,22.4,232.0,87.0,319.0,121.0,115.0,236.0,game,Total,,,52.5,,,—,—,,51.0,,miss,,,,—,,
2026-10-04T20:01:41.654341+00:00,nfl,2026,4,401872966,4018729663656,4,7:03,J.Winston sacked at ARZ 46 for -3 yards (Z.Collins).,2,9,ARI 43,57,3,New York Giants,Arizona Cardinals,27,24,77.6,22.4,232.0,87.0,319.0,121.0,115.0,236.0,game,Total,Under,,52.5,kalshi,9900.0,—,—,,51.0,,hit,,,,—,,
2026-10-04T20:01:41.654341+00:00,nfl,2026,4,401872966,4018729663656,4,7:03,J.Winston sacked at ARZ 46 for -3 yards (Z.Collins).,2,9,ARI 43,57,3,New York Giants,Arizona Cardinals,27,24,77.6,22.4,232.0,87.0,319.0,121.0,115.0,236.0,game,ML,Arizona Cardinals,,,stn,290.0,—,—,,Loss,,miss,,,,—,,
2026-10-04T20:01:41.654341+00:00,nfl,2026,4,401872966,4018729663656,4,7:03,J.Winston sacked at ARZ 46 for -3 yards (Z.Collins).,2,9,ARI 43,57,3,New York Giants,Arizona Cardinals,27,24,77.6,22.4,232.0,87.0,319.0,121.0,115.0,236.0,game,ML,New York Giants,,,polymarket,-223.0,—,—,,Win,,hit,,,,—,,
2026-10-04T20:01:41.654341+00:00,nfl,2026,4,401872966,4018729663676,4,6:18,"(Shotgun) PENALTY on NYG-J.Runyan, False Start, 4 yards, enforced at ARZ 46 - No Play.",3,12,ARI 46,54,3,New York Giants,Arizona Cardinals,27,24,77.6,22.4,232.0,87.0,319.0,121.0,115.0,236.0,game,Spread,Arizona Cardinals,,5.5,novig,135.0,—,—,,+3,,hit,,,,—,,
2026-10-04T20:01:41.654341+00:00,nfl,2026,4,401872966,4018729663676,4,6:18,"(Shotgun) PENALTY on NYG-J.Runyan, False Start, 4 yards, enforced at ARZ 46 - No Play.",3,12,ARI 46,54,3,New York Giants,Arizona Cardinals,27,24,77.6,22.4,232.0,87.0,319.0,121.0,115.0,236.0,game,Spread,New York Giants,,-5.5,kalshi,-150.0,—,—,,+3,,miss,,,,—,,
2026-10-04T20:01:41.654341+00:00,nfl,2026,4,401872966,4018729663676,4,6:18,"(Shotgun) PENALTY on NYG-J.Runyan, False Start, 4 yards, enforced at ARZ 46 - No Play.",3,12,ARI 46,54,3,New York Giants,Arizona Cardinals,27,24,77.6,22.4,232.0,87.0,319.0,121.0,115.0,236.0,game,Total,,,52.5,,,—,—,,51.0,,miss,,,,—,,
2026-10-04T20:01:41.654341+00:00,nfl,2026,4,401872966,4018729663676,4,6:18,"(Shotgun) PENALTY on NYG-J.Runyan, False Start, 4 yards, enforced at ARZ 46 - No Play.",3,12,ARI 46,54,3,New York Giants,Arizona Cardinals,27,24,77.6,22.4,232.0,87.0,319.0,121.0,115.0,236.0,game,Total,Under,,52.5,kalshi,9900.0,—,—,,51.0,,hit,,,,—,,
2026-10-04T20:01:41.654341+00:00,nfl,2026,4,401872966,4018729663676,4,6:18,"(Shotgun) PENALTY on NYG-J.Runyan, False Start, 4 yards, enforced at ARZ 46 - No Play.",3,12,ARI 46,54,3,New York Giants,Arizona Cardinals,27,24,77.6,22.4,232.0,87.0,319.0,121.0,115.0,236.0,game,ML,Arizona Cardinals,,,stn,290.0,—,—,,Loss,,miss,,,,—,,
2026-10-04T20:01:41.654341+00:00,nfl,2026,4,401872966,4018729663676,4,6:18,"(Shotgun) PENALTY on NYG-J.Runyan, False Start, 4 yards, enforced at ARZ 46 - No Play.",3,12,ARI 46,54,3,New York Giants,Arizona Cardinals,27,24,77.6,22.4,232.0,87.0,319.0,121.0,115.0,236.0,game,ML,New York Giants,,,polymarket,-223.0,—,—,,Win,,hit,,,,—,,
2026-10-04T20:01:41.654341+00:00,nfl,2026,4,401872966,4018729663700,4,6:17,(Shotgun) J.Winston pass incomplete short left to I.Likely.,3,16,50,50,3,New York Giants,Arizona Cardinals,27,24,77.6,22.4,232.0,87.0,319.0,121.0,115.0,236.0,game,Spread,Arizona Cardinals,,5.5,novig,135.0,—,—,,+3,,hit,,,,—,,
2026-10-04T20:01:41.654341+00:00,nfl,2026,4,401872966,4018729663700,4,6:17,(Shotgun) J.Winston pass incomplete short left to I.Likely.,3,16,50,50,3,New York Giants,Arizona Cardinals,27,24,77.6,22.4,232.0,87.0,319.0,121.0,115.0,236.0,game,Spread,New York Giants,,-5.5,kalshi,-150.0,—,—,,+3,,miss,,,,—,,
2026-10-04T20:01:41.654341+00:00,nfl,2026,4,401872966,4018729663700,4,6:17,(Shotgun) J.Winston pass incomplete short left to I.Likely.,3,16,50,50,3,New York Giants,Arizona Cardinals,27,24,77.6,22.4,232.0,87.0,319.0,121.0,115.0,236.0,game,Total,,,52.5,,,—,—,,51.0,,miss,,,,—,,
2026-10-04T20:01:41.654341+00:00,nfl,2026,4,401872966,4018729663700,4,6:17,(Shotgun) J.Winston pass incomplete short left to I.Likely.,3,16,50,50,3,New York Giants,Arizona Cardinals,27,24,77.6,22.4,232.0,87.0,319.0,121.0,115.0,236.0,game,Total,Under,,52.5,kalshi,9900.0,—,—,,51.0,,hit,,,,—,,
2026-10-04T20:01:41.654341+00:00,nfl,2026,4,401872966,4018729663700,4,6:17,(Shotgun) J.Winston pass incomplete short left to I.Likely.,3,16,50,50,3,New York Giants,Arizona Cardinals,27,24,77.6,22.4,232.0,87.0,319.0,121.0,115.0,236.0,game,ML,Arizona Cardinals,,,stn,290.0,—,—,,Loss,,miss,,,,—,,
2026-10-04T20:01:41.654341+00:00,nfl,2026,4,401872966,4018729663700,4,6:17,(Shotgun) J.Winston pass incomplete short left to I.Likely.,3,16,50,50,3,New York Giants,Arizona Cardinals,27,24,77.6,22.4,232.0,87.0,319.0,121.0,115.0,236.0,game,ML,New York Giants,,,polymarket,-223.0,—,—,,Win,,hit,,,,—,,
2026-10-04T20:01:41.654341+00:00,nfl,2026,4,401872966,4018729663723,4,6:13,"J.Stout punts 47 yards to ARZ 3, Center-B.Mann, downed by NYG-N.Jones.",4,16,50,50,3,New York Giants,Arizona Cardinals,27,24,77.6,22.4,232.0,87.0,319.0,121.0,115.0,236.0,game,Spread,Arizona Cardinals,,5.5,novig,135.0,—,—,,+3,,hit,,,,—,,
2026-10-04T20:01:41.654341+00:00,nfl,2026,4,401872966,4018729663723,4,6:13,"J.Stout punts 47 yards to ARZ 3, Center-B.Mann, downed by NYG-N.Jones.",4,16,50,50,3,New York Giants,Arizona Cardinals,27,24,77.6,22.4,232.0,87.0,319.0,121.0,115.0,236.0,game,Spread,New York Giants,,-5.5,kalshi,-150.0,—,—,,+3,,miss,,,,—,,
2026-10-04T20:01:41.654341+00:00,nfl,2026,4,401872966,4018729663723,4,6:13,"J.Stout punts 47 yards to ARZ 3, Center-B.Mann, downed by NYG-N.Jones.",4,16,50,50,3,New York Giants,Arizona Cardinals,27,24,77.6,22.4,232.0,87.0,319.0,121.0,115.0,236.0,game,Total,,,52.5,,,—,—,,51.0,,miss,,,,—,,
2026-10-04T20:01:41.654341+00:00,nfl,2026,4,401872966,4018729663723,4,6:13,"J.Stout punts 47 yards to ARZ 3, Center-B.Mann, downed by NYG-N.Jones.",4,16,50,50,3,New York Giants,Arizona Cardinals,27,24,77.6,22.4,232.0,87.0,319.0,121.0,115.0,236.0,game,Total,Under,,52.5,kalshi,9900.0,—,—,,51.0,,hit,,,,—,,
2026-10-04T20:01:41.654341+00:00,nfl,2026,4,401872966,4018729663723,4,6:13,"J.Stout punts 47 yards to ARZ 3, Center-B.Mann, downed by NYG-N.Jones.",4,16,50,50,3,New York Giants,Arizona Cardinals,27,24,77.6,22.4,232.0,87.0,319.0,121.0,115.0,236.0,game,ML,Arizona Cardinals,,,stn,290.0,—,—,,Loss,,miss,,,,—,,
2026-10-04T20:01:41.654341+00:00,nfl,2026,4,401872966,4018729663723,4,6:13,"J.Stout punts 47 yards to ARZ 3, Center-B.Mann, downed by NYG-N.Jones.",4,16,50,50,3,New York Giants,Arizona Cardinals,27,24,77.6,22.4,232.0,87.0,319.0,121.0,115.0,236.0,game,ML,New York Giants,,,polymarket,-223.0,—,—,,Win,,hit,,,,—,,
2026-10-04T20:01:41.654341+00:00,nfl,2026,4,401872966,4018729663733,4,6:00,Official Timeout at 06:00.,1,10,ARI 3,97,3,New York Giants,Arizona Cardinals,27,24,77.6,22.4,232.0,87.0,319.0,121.0,115.0,236.0,game,Spread,Arizona Cardinals,,5.5,novig,135.0,—,—,,+3,,hit,,,,—,,
2026-10-04T20:01:41.654341+00:00,nfl,2026,4,401872966,4018729663733,4,6:00,Official Timeout at 06:00.,1,10,ARI 3,97,3,New York Giants,Arizona Cardinals,27,24,77.6,22.4,232.0,87.0,319.0,121.0,115.0,236.0,game,Spread,New York Giants,,-5.5,kalshi,-150.0,—,—,,+3,,miss,,,,—,,
2026-10-04T20:01:41.654341+00:00,nfl,2026,4,401872966,4018729663733,4,6:00,Official Timeout at 06:00.,1,10,ARI 3,97,3,New York Giants,Arizona Cardinals,27,24,77.6,22.4,232.0,87.0,319.0,121.0,115.0,236.0,game,Total,,,52.5,,,—,—,,51.0,,miss,,,,—,,
2026-10-04T20:01:41.654341+00:00,nfl,2026,4,401872966,4018729663733,4,6:00,Official Timeout at 06:00.,1,10,ARI 3,97,3,New York Giants,Arizona Cardinals,27,24,77.6,22.4,232.0,87.0,319.0,121.0,115.0,236.0,game,Total,Under,,52.5,kalshi,9900.0,—,—,,51.0,,hit,,,,—,,
2026-10-04T20:01:41.654341+00:00,nfl,2026,4,401872966,4018729663733,4,6:00,Official Timeout at 06:00.,1,10,ARI 3,97,3,New York Giants,Arizona Cardinals,27,24,77.6,22.4,232.0,87.0,319.0,121.0,115.0,236.0,game,ML,Arizona Cardinals,,,stn,290.0,—,—,,Loss,,miss,,,,—,,
2026-10-04T20:01:41.654341+00:00,nfl,2026,4,401872966,4018729663733,4,6:00,Official Timeout at 06:00.,1,10,ARI 3,97,3,New York Giants,Arizona Cardinals,27,24,77.6,22.4,232.0,87.0,319.0,121.0,115.0,236.0,game,ML,New York Giants,,,polymarket,-223.0,—,—,,Win,,hit,,,,—,,
2026-10-04T20:01:41.654341+00:00,nfl,2026,4,401872966,4018729663743,4,6:00,J.Brissett scrambles right end ran ob at ARZ 10 for 7 yards (A.Reese).,1,10,ARI 3,97,3,New York Giants,Arizona Cardinals,27,24,77.6,22.4,232.0,87.0,319.0,121.0,115.0,236.0,game,Spread,Arizona Cardinals,,5.5,novig,135.0,—,—,,+3,,hit,,,,—,,
2026-10-04T20:01:41.654341+00:00,nfl,2026,4,401872966,4018729663743,4,6:00,J.Brissett scrambles right end ran ob at ARZ 10 for 7 yards (A.Reese).,1,10,ARI 3,97,3,New York Giants,Arizona Cardinals,27,24,77.6,22.4,232.0,87.0,319.0,121.0,115.0,236.0,game,Spread,New York Giants,,-5.5,kalshi,-150.0,—,—,,+3,,miss,,,,—,,
2026-10-04T20:01:41.654341+00:00,nfl,2026,4,401872966,4018729663743,4,6:00,J.Brissett scrambles right end ran ob at ARZ 10 for 7 yards (A.Reese).,1,10,ARI 3,97,3,New York Giants,Arizona Cardinals,27,24,77.6,22.4,232.0,87.0,319.0,121.0,115.0,236.0,game,Total,,,52.5,,,—,—,,51.0,,miss,,,,—,,
2026-10-04T20:01:41.654341+00:00,nfl,2026,4,401872966,4018729663743,4,6:00,J.Brissett scrambles right end ran ob at ARZ 10 for 7 yards (A.Reese).,1,10,ARI 3,97,3,New York Giants,Arizona Cardinals,27,24,77.6,22.4,232.0,87.0,319.0,121.0,115.0,236.0,game,Total,Under,,52.5,kalshi,9900.0,—,—,,51.0,,hit,,,,—,,
2026-10-04T20:01:41.654341+00:00,nfl,2026,4,401872966,4018729663743,4,6:00,J.Brissett scrambles right end ran ob at ARZ 10 for 7 yards (A.Reese).,1,10,ARI 3,97,3,New York Giants,Arizona Cardinals,27,24,77.6,22.4,232.0,87.0,319.0,121.0,115.0,236.0,game,ML,Arizona Cardinals,,,stn,290.0,—,—,,Loss,,miss,,,,—,,
2026-10-04T20:01:41.654341+00:00,nfl,2026,4,401872966,4018729663743,4,6:00,J.Brissett scrambles right end ran ob at ARZ 10 for 7 yards (A.Reese).,1,10,ARI 3,97,3,New York Giants,Arizona Cardinals,27,24,77.6,22.4,232.0,87.0,319.0,121.0,115.0,236.0,game,ML,New York Giants,,,polymarket,-223.0,—,—,,Win,,hit,,,,—,,
2026-10-04T20:01:41.654341+00:00,nfl,2026,4,401872966,4018729663777,4,5:29,T.Allgeier right guard to ARZ 11 for 1 yard (D.Reader).,2,3,ARI 10,90,3,New York Giants,Arizona Cardinals,27,24,77.6,22.4,232.0,87.0,319.0,121.0,115.0,236.0,game,Spread,Arizona Cardinals,,5.5,novig,135.0,—,—,,+3,,hit,,,,—,,
2026-10-04T20:01:41.654341+00:00,nfl,2026,4,401872966,4018729663777,4,5:29,T.Allgeier right guard to ARZ 11 for 1 yard (D.Reader).,2,3,ARI 10,90,3,New York Giants,Arizona Cardinals,27,24,77.6,22.4,232.0,87.0,319.0,121.0,115.0,236.0,game,Spread,New York Giants,,-5.5,kalshi,-150.0,—,—,,+3,,miss,,,,—,,
2026-10-04T20:01:41.654341+00:00,nfl,2026,4,401872966,4018729663777,4,5:29,T.Allgeier right guard to ARZ 11 for 1 yard (D.Reader).,2,3,ARI 10,90,3,New York Giants,Arizona Cardinals,27,24,77.6,22.4,232.0,87.0,319.0,121.0,115.0,236.0,game,Total,,,52.5,,,—,—,,51.0,,miss,,,,—,,
2026-10-04T20:01:41.654341+00:00,nfl,2026,4,401872966,4018729663777,4,5:29,T.Allgeier right guard to ARZ 11 for 1 yard (D.Reader).,2,3,ARI 10,90,3,New York Giants,Arizona Cardinals,27,24,77.6,22.4,232.0,87.0,319.0,121.0,115.0,236.0,game,Total,Under,,52.5,kalshi,9900.0,—,—,,51.0,,hit,,,,—,,
2026-10-04T20:01:41.654341+00:00,nfl,2026,4,401872966,4018729663777,4,5:29,T.Allgeier right guard to ARZ 11 for 1 yard (D.Reader).,2,3,ARI 10,90,3,New York Giants,Arizona Cardinals,27,24,77.6,22.4,232.0,87.0,319.0,121.0,115.0,236.0,game,ML,Arizona Cardinals,,,stn,290.0,—,—,,Loss,,miss,,,,—,,
2026-10-04T20:01:41.654341+00:00,nfl,2026,4,401872966,4018729663777,4,5:29,T.Allgeier right guard to ARZ 11 for 1 yard (D.Reader).,2,3,ARI 10,90,3,New York Giants,Arizona Cardinals,27,24,77.6,22.4,232.0,87.0,319.0,121.0,115.0,236.0,game,ML,New York Giants,,,polymarket,-223.0,—,—,,Win,,hit,,,,—,,
2026-10-04T20:01:41.654341+00:00,nfl,2026,4,401872966,4018729663799,4,4:57,(Shotgun) J.Brissett pass incomplete short left to T.McBride.,3,2,ARI 11,89,3,New York Giants,Arizona Cardinals,27,24,77.6,22.4,232.0,87.0,319.0,121.0,115.0,236.0,game,Spread,Arizona Cardinals,,5.5,novig,135.0,—,—,,+3,,hit,,,,—,,
2026-10-04T20:01:41.654341+00:00,nfl,2026,4,401872966,4018729663799,4,4:57,(Shotgun) J.Brissett pass incomplete short left to T.McBride.,3,2,ARI 11,89,3,New York Giants,Arizona Cardinals,27,24,77.6,22.4,232.0,87.0,319.0,121.0,115.0,236.0,game,Spread,New York Giants,,-5.5,kalshi,-150.0,—,—,,+3,,miss,,,,—,,
2026-10-04T20:01:41.654341+00:00,nfl,2026,4,401872966,4018729663799,4,4:57,(Shotgun) J.Brissett pass incomplete short left to T.McBride.,3,2,ARI 11,89,3,New York Giants,Arizona Cardinals,27,24,77.6,22.4,232.0,87.0,319.0,121.0,115.0,236.0,game,Total,,,52.5,,,—,—,,51.0,,miss,,,,—,,
2026-10-04T20:01:41.654341+00:00,nfl,2026,4,401872966,4018729663799,4,4:57,(Shotgun) J.Brissett pass incomplete short left to T.McBride.,3,2,ARI 11,89,3,New York Giants,Arizona Cardinals,27,24,77.6,22.4,232.0,87.0,319.0,121.0,115.0,236.0,game,Total,Under,,52.5,kalshi,9900.0,—,—,,51.0,,hit,,,,—,,
2026-10-04T20:01:41.654341+00:00,nfl,2026,4,401872966,4018729663799,4,4:57,(Shotgun) J.Brissett pass incomplete short left to T.McBride.,3,2,ARI 11,89,3,New York Giants,Arizona Cardinals,27,24,77.6,22.4,232.0,87.0,319.0,121.0,115.0,236.0,game,ML,Arizona Cardinals,,,stn,290.0,—,—,,Loss,,miss,,,,—,,
2026-10-04T20:01:41.654341+00:00,nfl,2026,4,401872966,4018729663799,4,4:57,(Shotgun) J.Brissett pass incomplete short left to T.McBride.,3,2,ARI 11,89,3,New York Giants,Arizona Cardinals,27,24,77.6,22.4,232.0,87.0,319.0,121.0,115.0,236.0,game,ML,New York Giants,,,polymarket,-223.0,—,—,,Win,,hit,,,,—,,
2026-10-04T20:01:41.654341+00:00,nfl,2026,4,401872966,4018729663822,4,4:53,"(Punt formation) PENALTY on ARZ, Delay of Game, 5 yards, enforced at ARZ 11 - No Play.",4,2,ARI 11,89,3,New York Giants,Arizona Cardinals,27,24,77.6,22.4,232.0,87.0,319.0,121.0,115.0,236.0,game,Spread,Arizona Cardinals,,5.5,novig,135.0,—,—,,+3,,hit,,,,—,,
2026-10-04T20:01:41.654341+00:00,nfl,2026,4,401872966,4018729663822,4,4:53,"(Punt formation) PENALTY on ARZ, Delay of Game, 5 yards, enforced at ARZ 11 - No Play.",4,2,ARI 11,89,3,New York Giants,Arizona Cardinals,27,24,77.6,22.4,232.0,87.0,319.0,121.0,115.0,236.0,game,Spread,New York Giants,,-5.5,kalshi,-150.0,—,—,,+3,,miss,,,,—,,
2026-10-04T20:01:41.654341+00:00,nfl,2026,4,401872966,4018729663822,4,4:53,"(Punt formation) PENALTY on ARZ, Delay of Game, 5 yards, enforced at ARZ 11 - No Play.",4,2,ARI 11,89,3,New York Giants,Arizona Cardinals,27,24,77.6,22.4,232.0,87.0,319.0,121.0,115.0,236.0,game,Total,,,52.5,,,—,—,,51.0,,miss,,,,—,,
2026-10-04T20:01:41.654341+00:00,nfl,2026,4,401872966,4018729663822,4,4:53,"(Punt formation) PENALTY on ARZ, Delay of Game, 5 yards, enforced at ARZ 11 - No Play.",4,2,ARI 11,89,3,New York Giants,Arizona Cardinals,27,24,77.6,22.4,232.0,87.0,319.0,121.0,115.0,236.0,game,Total,Under,,52.5,kalshi,9900.0,—,—,,51.0,,hit,,,,—,,
2026-10-04T20:01:41.654341+00:00,nfl,2026,4,401872966,4018729663822,4,4:53,"(Punt formation) PENALTY on ARZ, Delay of Game, 5 yards, enforced at ARZ 11 - No Play.",4,2,ARI 11,89,3,New York Giants,Arizona Cardinals,27,24,77.6,22.4,232.0,87.0,319.0,121.0,115.0,236.0,game,ML,Arizona Cardinals,,,stn,290.0,—,—,,Loss,,miss,,,,—,,
2026-10-04T20:01:41.654341+00:00,nfl,2026,4,401872966,4018729663822,4,4:53,"(Punt formation) PENALTY on ARZ, Delay of Game, 5 yards, enforced at ARZ 11 - No Play.",4,2,ARI 11,89,3,New York Giants,Arizona Cardinals,27,24,77.6,22.4,232.0,87.0,319.0,121.0,115.0,236.0,game,ML,New York Giants,,,polymarket,-223.0,—,—,,Win,,hit,,,,—,,
2026-10-04T20:01:41.654341+00:00,nfl,2026,4,401872966,4018729663850,4,4:53,"B.Gillikin punts 44 yards to 50, Center-C.Kreiter, fair catch by C.Jones.",4,7,ARI 6,94,3,New York Giants,Arizona Cardinals,27,24,77.6,22.4,232.0,87.0,319.0,121.0,115.0,236.0,game,Spread,Arizona Cardinals,,5.5,novig,135.0,—,—,,+3,,hit,,,,—,,
2026-10-04T20:01:41.654341+00:00,nfl,2026,4,401872966,4018729663850,4,4:53,"B.Gillikin punts 44 yards to 50, Center-C.Kreiter, fair catch by C.Jones.",4,7,ARI 6,94,3,New York Giants,Arizona Cardinals,27,24,77.6,22.4,232.0,87.0,319.0,121.0,115.0,236.0,game,Spread,New York Giants,,-5.5,kalshi,-150.0,—,—,,+3,,miss,,,,—,,
2026-10-04T20:01:41.654341+00:00,nfl,2026,4,401872966,4018729663850,4,4:53,"B.Gillikin punts 44 yards to 50, Center-C.Kreiter, fair catch by C.Jones.",4,7,ARI 6,94,3,New York Giants,Arizona Cardinals,27,24,77.6,22.4,232.0,87.0,319.0,121.0,115.0,236.0,game,Total,,,52.5,,,—,—,,51.0,,miss,,,,—,,
2026-10-04T20:01:41.654341+00:00,nfl,2026,4,401872966,4018729663850,4,4:53,"B.Gillikin punts 44 yards to 50, Center-C.Kreiter, fair catch by C.Jones.",4,7,ARI 6,94,3,New York Giants,Arizona Cardinals,27,24,77.6,22.4,232.0,87.0,319.0,121.0,115.0,236.0,game,Total,Under,,52.5,kalshi,9900.0,—,—,,51.0,,hit,,,,—,,
2026-10-04T20:01:41.654341+00:00,nfl,2026,4,401872966,4018729663850,4,4:53,"B.Gillikin punts 44 yards to 50, Center-C.Kreiter, fair catch by C.Jones.",4,7,ARI 6,94,3,New York Giants,Arizona Cardinals,27,24,77.6,22.4,232.0,87.0,319.0,121.0,115.0,236.0,game,ML,Arizona Cardinals,,,stn,290.0,—,—,,Loss,,miss,,,,—,,
2026-10-04T20:01:41.654341+00:00,nfl,2026,4,401872966,4018729663850,4,4:53,"B.Gillikin punts 44 yards to 50, Center-C.Kreiter, fair catch by C.Jones.",4,7,ARI 6,94,3,New York Giants,Arizona Cardinals,27,24,77.6,22.4,232.0,87.0,319.0,121.0,115.0,236.0,game,ML,New York Giants,,,polymarket,-223.0,—,—,,Win,,hit,,,,—,,
2026-10-04T20:01:41.654341+00:00,nfl,2026,4,401872966,4018729663870,4,4:47,A.Stinnie reported in as eligible.  C.Skattebo right tackle to ARZ 46 for 4 yards (W.Williams).,1,10,50,50,3,New York Giants,Arizona Cardinals,27,24,77.6,22.4,232.0,87.0,319.0,121.0,115.0,236.0,game,Spread,Arizona Cardinals,,5.5,novig,135.0,—,—,,+3,,hit,,,,—,,
2026-10-04T20:01:41.654341+00:00,nfl,2026,4,401872966,4018729663870,4,4:47,A.Stinnie reported in as eligible.  C.Skattebo right tackle to ARZ 46 for 4 yards (W.Williams).,1,10,50,50,3,New York Giants,Arizona Cardinals,27,24,77.6,22.4,232.0,87.0,319.0,121.0,115.0,236.0,game,Spread,New York Giants,,-5.5,kalshi,-150.0,—,—,,+3,,miss,,,,—,,
2026-10-04T20:01:41.654341+00:00,nfl,2026,4,401872966,4018729663870,4,4:47,A.Stinnie reported in as eligible.  C.Skattebo right tackle to ARZ 46 for 4 yards (W.Williams).,1,10,50,50,3,New York Giants,Arizona Cardinals,27,24,77.6,22.4,232.0,87.0,319.0,121.0,115.0,236.0,game,Total,,,52.5,,,—,—,,51.0,,miss,,,,—,,
2026-10-04T20:01:41.654341+00:00,nfl,2026,4,401872966,4018729663870,4,4:47,A.Stinnie reported in as eligible.  C.Skattebo right tackle to ARZ 46 for 4 yards (W.Williams).,1,10,50,50,3,New York Giants,Arizona Cardinals,27,24,77.6,22.4,232.0,87.0,319.0,121.0,115.0,236.0,game,Total,Under,,52.5,kalshi,9900.0,—,—,,51.0,,hit,,,,—,,
2026-10-04T20:01:41.654341+00:00,nfl,2026,4,401872966,4018729663870,4,4:47,A.Stinnie reported in as eligible.  C.Skattebo right tackle to ARZ 46 for 4 yards (W.Williams).,1,10,50,50,3,New York Giants,Arizona Cardinals,27,24,77.6,22.4,232.0,87.0,319.0,121.0,115.0,236.0,game,ML,Arizona Cardinals,,,stn,290.0,—,—,,Loss,,miss,,,,—,,
2026-10-04T20:01:41.654341+00:00,nfl,2026,4,401872966,4018729663870,4,4:47,A.Stinnie reported in as eligible.  C.Skattebo right tackle to ARZ 46 for 4 yards (W.Williams).,1,10,50,50,3,New York Giants,Arizona Cardinals,27,24,77.6,22.4,232.0,87.0,319.0,121.0,115.0,236.0,game,ML,New York Giants,,,polymarket,-223.0,—,—,,Win,,hit,,,,—,,
2026-10-04T20:01:41.654341+00:00,nfl,2026,4,401872966,4018729663894,4,4:02,C.Skattebo left guard to ARZ 42 for 4 yards (R.Lopez; J.Burch).,2,6,ARI 46,54,3,New York Giants,Arizona Cardinals,27,24,77.6,22.4,232.0,87.0,319.0,121.0,115.0,236.0,game,Spread,Arizona Cardinals,,5.5,novig,135.0,—,—,,+3,,hit,,,,—,,
2026-10-04T20:01:41.654341+00:00,nfl,2026,4,401872966,4018729663894,4,4:02,C.Skattebo left guard to ARZ 42 for 4 yards (R.Lopez; J.Burch).,2,6,ARI 46,54,3,New York Giants,Arizona Cardinals,27,24,77.6,22.4,232.0,87.0,319.0,121.0,115.0,236.0,game,Spread,New York Giants,,-5.5,kalshi,-150.0,—,—,,+3,,miss,,,,—,,
2026-10-04T20:01:41.654341+00:00,nfl,2026,4,401872966,4018729663894,4,4:02,C.Skattebo left guard to ARZ 42 for 4 yards (R.Lopez; J.Burch).,2,6,ARI 46,54,3,New York Giants,Arizona Cardinals,27,24,77.6,22.4,232.0,87.0,319.0,121.0,115.0,236.0,game,Total,,,52.5,,,—,—,,51.0,,miss,,,,—,,
2026-10-04T20:01:41.654341+00:00,nfl,2026,4,401872966,4018729663894,4,4:02,C.Skattebo left guard to ARZ 42 for 4 yards (R.Lopez; J.Burch).,2,6,ARI 46,54,3,New York Giants,Arizona Cardinals,27,24,77.6,22.4,232.0,87.0,319.0,121.0,115.0,236.0,game,Total,Under,,52.5,kalshi,9900.0,—,—,,51.0,,hit,,,,—,,
2026-10-04T20:01:41.654341+00:00,nfl,2026,4,401872966,4018729663894,4,4:02,C.Skattebo left guard to ARZ 42 for 4 yards (R.Lopez; J.Burch).,2,6,ARI 46,54,3,New York Giants,Arizona Cardinals,27,24,77.6,22.4,232.0,87.0,319.0,121.0,115.0,236.0,game,ML,Arizona Cardinals,,,stn,290.0,—,—,,Loss,,miss,,,,—,,
2026-10-04T20:01:41.654341+00:00,nfl,2026,4,401872966,4018729663894,4,4:02,C.Skattebo left guard to ARZ 42 for 4 yards (R.Lopez; J.Burch).,2,6,ARI 46,54,3,New York Giants,Arizona Cardinals,27,24,77.6,22.4,232.0,87.0,319.0,121.0,115.0,236.0,game,ML,New York Giants,,,polymarket,-223.0,—,—,,Win,,hit,,,,—,,
2026-10-04T20:01:41.654341+00:00,nfl,2026,4,401872966,4018729663916,4,3:16, (Shotgun) C.Skattebo left end to ARZ 39 for 3 yards (Ma.Wilson).,3,2,ARI 42,58,3,New York Giants,Arizona Cardinals,27,24,77.6,22.4,232.0,87.0,319.0,121.0,115.0,236.0,game,Spread,Arizona Cardinals,,5.5,novig,135.0,—,—,,+3,,hit,,,,—,,
2026-10-04T20:01:41.654341+00:00,nfl,2026,4,401872966,4018729663916,4,3:16, (Shotgun) C.Skattebo left end to ARZ 39 for 3 yards (Ma.Wilson).,3,2,ARI 42,58,3,New York Giants,Arizona Cardinals,27,24,77.6,22.4,232.0,87.0,319.0,121.0,115.0,236.0,game,Spread,New York Giants,,-5.5,kalshi,-150.0,—,—,,+3,,miss,,,,—,,
2026-10-04T20:01:41.654341+00:00,nfl,2026,4,401872966,4018729663916,4,3:16, (Shotgun) C.Skattebo left end to ARZ 39 for 3 yards (Ma.Wilson).,3,2,ARI 42,58,3,New York Giants,Arizona Cardinals,27,24,77.6,22.4,232.0,87.0,319.0,121.0,115.0,236.0,game,Total,,,52.5,,,—,—,,51.0,,miss,,,,—,,
2026-10-04T20:01:41.654341+00:00,nfl,2026,4,401872966,4018729663916,4,3:16, (Shotgun) C.Skattebo left end to ARZ 39 for 3 yards (Ma.Wilson).,3,2,ARI 42,58,3,New York Giants,Arizona Cardinals,27,24,77.6,22.4,232.0,87.0,319.0,121.0,115.0,236.0,game,Total,Under,,52.5,kalshi,9900.0,—,—,,51.0,,hit,,,,—,,
2026-10-04T20:01:41.654341+00:00,nfl,2026,4,401872966,4018729663916,4,3:16, (Shotgun) C.Skattebo left end to ARZ 39 for 3 yards (Ma.Wilson).,3,2,ARI 42,58,3,New York Giants,Arizona Cardinals,27,24,77.6,22.4,232.0,87.0,319.0,121.0,115.0,236.0,game,ML,Arizona Cardinals,,,stn,290.0,—,—,,Loss,,miss,,,,—,,
2026-10-04T20:01:41.654341+00:00,nfl,2026,4,401872966,4018729663916,4,3:16, (Shotgun) C.Skattebo left end to ARZ 39 for 3 yards (Ma.Wilson).,3,2,ARI 42,58,3,New York Giants,Arizona Cardinals,27,24,77.6,22.4,232.0,87.0,319.0,121.0,115.0,236.0,game,ML,New York Giants,,,polymarket,-223.0,—,—,,Win,,hit,,,,—,,
2026-10-04T20:01:41.654341+00:00,nfl,2026,4,401872966,4018729663938,4,2:31,C.Skattebo right tackle to ARZ 40 for -1 yards (Ma.Wilson).,1,10,ARI 39,61,3,New York Giants,Arizona Cardinals,27,24,77.6,22.4,232.0,87.0,319.0,121.0,115.0,236.0,game,Spread,Arizona Cardinals,,5.5,novig,135.0,—,—,,+3,,hit,,,,—,,
2026-10-04T20:01:41.654341+00:00,nfl,2026,4,401872966,4018729663938,4,2:31,C.Skattebo right tackle to ARZ 40 for -1 yards (Ma.Wilson).,1,10,ARI 39,61,3,New York Giants,Arizona Cardinals,27,24,77.6,22.4,232.0,87.0,319.0,121.0,115.0,236.0,game,Spread,New York Giants,,-5.5,kalshi,-150.0,—,—,,+3,,miss,,,,—,,
2026-10-04T20:01:41.654341+00:00,nfl,2026,4,401872966,4018729663938,4,2:31,C.Skattebo right tackle to ARZ 40 for -1 yards (Ma.Wilson).,1,10,ARI 39,61,3,New York Giants,Arizona Cardinals,27,24,77.6,22.4,232.0,87.0,319.0,121.0,115.0,236.0,game,Total,,,52.5,,,—,—,,51.0,,miss,,,,—,,
2026-10-04T20:01:41.654341+00:00,nfl,2026,4,401872966,4018729663938,4,2:31,C.Skattebo right tackle to ARZ 40 for -1 yards (Ma.Wilson).,1,10,ARI 39,61,3,New York Giants,Arizona Cardinals,27,24,77.6,22.4,232.0,87.0,319.0,121.0,115.0,236.0,game,Total,Under,,52.5,kalshi,9900.0,—,—,,51.0,,hit,,,,—,,
2026-10-04T20:01:41.654341+00:00,nfl,2026,4,401872966,4018729663938,4,2:31,C.Skattebo right tackle to ARZ 40 for -1 yards (Ma.Wilson).,1,10,ARI 39,61,3,New York Giants,Arizona Cardinals,27,24,77.6,22.4,232.0,87.0,319.0,121.0,115.0,236.0,game,ML,Arizona Cardinals,,,stn,290.0,—,—,,Loss,,miss,,,,—,,
2026-10-04T20:01:41.654341+00:00,nfl,2026,4,401872966,4018729663938,4,2:31,C.Skattebo right tackle to ARZ 40 for -1 yards (Ma.Wilson).,1,10,ARI 39,61,3,New York Giants,Arizona Cardinals,27,24,77.6,22.4,232.0,87.0,319.0,121.0,115.0,236.0,game,ML,New York Giants,,,polymarket,-223.0,—,—,,Win,,hit,,,,—,,
2026-10-04T20:01:41.654341+00:00,nfl,2026,4,401872966,4018729663949,4,2:25,Timeout #1 by ARZ at 02:25.,2,11,ARI 40,60,3,New York Giants,Arizona Cardinals,27,24,77.6,22.4,232.0,87.0,319.0,121.0,115.0,236.0,game,Spread,Arizona Cardinals,,5.5,novig,135.0,—,—,,+3,,hit,,,,—,,
2026-10-04T20:01:41.654341+00:00,nfl,2026,4,401872966,4018729663949,4,2:25,Timeout #1 by ARZ at 02:25.,2,11,ARI 40,60,3,New York Giants,Arizona Cardinals,27,24,77.6,22.4,232.0,87.0,319.0,121.0,115.0,236.0,game,Spread,New York Giants,,-5.5,kalshi,-150.0,—,—,,+3,,miss,,,,—,,
2026-10-04T20:01:41.654341+00:00,nfl,2026,4,401872966,4018729663949,4,2:25,Timeout #1 by ARZ at 02:25.,2,11,ARI 40,60,3,New York Giants,Arizona Cardinals,27,24,77.6,22.4,232.0,87.0,319.0,121.0,115.0,236.0,game,Total,,,52.5,,,—,—,,51.0,,miss,,,,—,,
2026-10-04T20:01:41.654341+00:00,nfl,2026,4,401872966,4018729663949,4,2:25,Timeout #1 by ARZ at 02:25.,2,11,ARI 40,60,3,New York Giants,Arizona Cardinals,27,24,77.6,22.4,232.0,87.0,319.0,121.0,115.0,236.0,game,Total,Under,,52.5,kalshi,9900.0,—,—,,51.0,,hit,,,,—,,
2026-10-04T20:01:41.654341+00:00,nfl,2026,4,401872966,4018729663949,4,2:25,Timeout #1 by ARZ at 02:25.,2,11,ARI 40,60,3,New York Giants,Arizona Cardinals,27,24,77.6,22.4,232.0,87.0,319.0,121.0,115.0,236.0,game,ML,Arizona Cardinals,,,stn,290.0,—,—,,Loss,,miss,,,,—,,
2026-10-04T20:01:41.654341+00:00,nfl,2026,4,401872966,4018729663949,4,2:25,Timeout #1 by ARZ at 02:25.,2,11,ARI 40,60,3,New York Giants,Arizona Cardinals,27,24,77.6,22.4,232.0,87.0,319.0,121.0,115.0,236.0,game,ML,New York Giants,,,polymarket,-223.0,—,—,,Win,,hit,,,,—,,
2026-10-04T20:01:41.654341+00:00,nfl,2026,4,401872966,4018729663960,4,2:25,C.Skattebo left tackle to ARZ 34 for 6 yards (R.Lopez).,2,11,ARI 40,60,3,New York Giants,Arizona Cardinals,27,24,77.6,22.4,232.0,87.0,319.0,121.0,115.0,236.0,game,Spread,Arizona Cardinals,,5.5,novig,135.0,—,—,,+3,,hit,,,,—,,
2026-10-04T20:01:41.654341+00:00,nfl,2026,4,401872966,4018729663960,4,2:25,C.Skattebo left tackle to ARZ 34 for 6 yards (R.Lopez).,2,11,ARI 40,60,3,New York Giants,Arizona Cardinals,27,24,77.6,22.4,232.0,87.0,319.0,121.0,115.0,236.0,game,Spread,New York Giants,,-5.5,kalshi,-150.0,—,—,,+3,,miss,,,,—,,
2026-10-04T20:01:41.654341+00:00,nfl,2026,4,401872966,4018729663960,4,2:25,C.Skattebo left tackle to ARZ 34 for 6 yards (R.Lopez).,2,11,ARI 40,60,3,New York Giants,Arizona Cardinals,27,24,77.6,22.4,232.0,87.0,319.0,121.0,115.0,236.0,game,Total,,,52.5,,,—,—,,51.0,,miss,,,,—,,
2026-10-04T20:01:41.654341+00:00,nfl,2026,4,401872966,4018729663960,4,2:25,C.Skattebo left tackle to ARZ 34 for 6 yards (R.Lopez).,2,11,ARI 40,60,3,New York Giants,Arizona Cardinals,27,24,77.6,22.4,232.0,87.0,319.0,121.0,115.0,236.0,game,Total,Under,,52.5,kalshi,9900.0,—,—,,51.0,,hit,,,,—,,
2026-10-04T20:01:41.654341+00:00,nfl,2026,4,401872966,4018729663960,4,2:25,C.Skattebo left tackle to ARZ 34 for 6 yards (R.Lopez).,2,11,ARI 40,60,3,New York Giants,Arizona Cardinals,27,24,77.6,22.4,232.0,87.0,319.0,121.0,115.0,236.0,game,ML,Arizona Cardinals,,,stn,290.0,—,—,,Loss,,miss,,,,—,,
2026-10-04T20:01:41.654341+00:00,nfl,2026,4,401872966,4018729663960,4,2:25,C.Skattebo left tackle to ARZ 34 for 6 yards (R.Lopez).,2,11,ARI 40,60,3,New York Giants,Arizona Cardinals,27,24,77.6,22.4,232.0,87.0,319.0,121.0,115.0,236.0,game,ML,New York Giants,,,polymarket,-223.0,—,—,,Win,,hit,,,,—,,
2026-10-04T20:01:41.654341+00:00,nfl,2026,4,401872966,4018729663975,4,2:19,Timeout #2 by ARZ at 02:19.,3,5,ARI 34,66,3,New York Giants,Arizona Cardinals,27,24,77.6,22.4,232.0,87.0,319.0,121.0,115.0,236.0,game,Spread,Arizona Cardinals,,5.5,novig,135.0,—,—,,+3,,hit,,,,—,,
2026-10-04T20:01:41.654341+00:00,nfl,2026,4,401872966,4018729663975,4,2:19,Timeout #2 by ARZ at 02:19.,3,5,ARI 34,66,3,New York Giants,Arizona Cardinals,27,24,77.6,22.4,232.0,87.0,319.0,121.0,115.0,236.0,game,Spread,New York Giants,,-5.5,kalshi,-150.0,—,—,,+3,,miss,,,,—,,
2026-10-04T20:01:41.654341+00:00,nfl,2026,4,401872966,4018729663975,4,2:19,Timeout #2 by ARZ at 02:19.,3,5,ARI 34,66,3,New York Giants,Arizona Cardinals,27,24,77.6,22.4,232.0,87.0,319.0,121.0,115.0,236.0,game,Total,,,52.5,,,—,—,,51.0,,miss,,,,—,,
2026-10-04T20:01:41.654341+00:00,nfl,2026,4,401872966,4018729663975,4,2:19,Timeout #2 by ARZ at 02:19.,3,5,ARI 34,66,3,New York Giants,Arizona Cardinals,27,24,77.6,22.4,232.0,87.0,319.0,121.0,115.0,236.0,game,Total,Under,,52.5,kalshi,9900.0,—,—,,51.0,,hit,,,,—,,
2026-10-04T20:01:41.654341+00:00,nfl,2026,4,401872966,4018729663975,4,2:19,Timeout #2 by ARZ at 02:19.,3,5,ARI 34,66,3,New York Giants,Arizona Cardinals,27,24,77.6,22.4,232.0,87.0,319.0,121.0,115.0,236.0,game,ML,Arizona Cardinals,,,stn,290.0,—,—,,Loss,,miss,,,,—,,
2026-10-04T20:01:41.654341+00:00,nfl,2026,4,401872966,4018729663975,4,2:19,Timeout #2 by ARZ at 02:19.,3,5,ARI 34,66,3,New York Giants,Arizona Cardinals,27,24,77.6,22.4,232.0,87.0,319.0,121.0,115.0,236.0,game,ML,New York Giants,,,polymarket,-223.0,—,—,,Win,,hit,,,,—,,
2026-10-04T20:01:41.654341+00:00,nfl,2026,4,401872966,4018729663989,4,2:19,(Shotgun) J.Winston pass incomplete short left to I.Likely.,3,5,ARI 34,66,3,New York Giants,Arizona Cardinals,27,24,77.6,22.4,232.0,87.0,319.0,121.0,115.0,236.0,game,Spread,Arizona Cardinals,,5.5,novig,135.0,—,—,,+3,,hit,,,,—,,
2026-10-04T20:01:41.654341+00:00,nfl,2026,4,401872966,4018729663989,4,2:19,(Shotgun) J.Winston pass incomplete short left to I.Likely.,3,5,ARI 34,66,3,New York Giants,Arizona Cardinals,27,24,77.6,22.4,232.0,87.0,319.0,121.0,115.0,236.0,game,Spread,New York Giants,,-5.5,kalshi,-150.0,—,—,,+3,,miss,,,,—,,
2026-10-04T20:01:41.654341+00:00,nfl,2026,4,401872966,4018729663989,4,2:19,(Shotgun) J.Winston pass incomplete short left to I.Likely.,3,5,ARI 34,66,3,New York Giants,Arizona Cardinals,27,24,77.6,22.4,232.0,87.0,319.0,121.0,115.0,236.0,game,Total,,,52.5,,,—,—,,51.0,,miss,,,,—,,
2026-10-04T20:01:41.654341+00:00,nfl,2026,4,401872966,4018729663989,4,2:19,(Shotgun) J.Winston pass incomplete short left to I.Likely.,3,5,ARI 34,66,3,New York Giants,Arizona Cardinals,27,24,77.6,22.4,232.0,87.0,319.0,121.0,115.0,236.0,game,Total,Under,,52.5,kalshi,9900.0,—,—,,51.0,,hit,,,,—,,
2026-10-04T20:01:41.654341+00:00,nfl,2026,4,401872966,4018729663989,4,2:19,(Shotgun) J.Winston pass incomplete short left to I.Likely.,3,5,ARI 34,66,3,New York Giants,Arizona Cardinals,27,24,77.6,22.4,232.0,87.0,319.0,121.0,115.0,236.0,game,ML,Arizona Cardinals,,,stn,290.0,—,—,,Loss,,miss,,,,—,,
2026-10-04T20:01:41.654341+00:00,nfl,2026,4,401872966,4018729663989,4,2:19,(Shotgun) J.Winston pass incomplete short left to I.Likely.,3,5,ARI 34,66,3,New York Giants,Arizona Cardinals,27,24,77.6,22.4,232.0,87.0,319.0,121.0,115.0,236.0,game,ML,New York Giants,,,polymarket,-223.0,—,—,,Win,,hit,,,,—,,
2026-10-04T20:01:41.654341+00:00,nfl,2026,4,401872966,4018729664019,4,2:11,"D.Zvada 52 yard field goal is GOOD, Center-B.Mann, Holder-J.Stout.",4,5,ARI 34,66,6,New York Giants,Arizona Cardinals,30,24,77.6,22.4,232.0,87.0,319.0,121.0,115.0,236.0,game,Spread,Arizona Cardinals,,5.5,novig,135.0,—,—,,+6,,miss,,,,—,,
2026-10-04T20:01:41.654341+00:00,nfl,2026,4,401872966,4018729664019,4,2:11,"D.Zvada 52 yard field goal is GOOD, Center-B.Mann, Holder-J.Stout.",4,5,ARI 34,66,6,New York Giants,Arizona Cardinals,30,24,77.6,22.4,232.0,87.0,319.0,121.0,115.0,236.0,game,Spread,New York Giants,,-5.5,kalshi,-150.0,—,—,,+6,,hit,,,,—,,
2026-10-04T20:01:41.654341+00:00,nfl,2026,4,401872966,4018729664019,4,2:11,"D.Zvada 52 yard field goal is GOOD, Center-B.Mann, Holder-J.Stout.",4,5,ARI 34,66,6,New York Giants,Arizona Cardinals,30,24,77.6,22.4,232.0,87.0,319.0,121.0,115.0,236.0,game,Total,,,52.5,,,—,—,,54.0,,hit,,,,—,,
2026-10-04T20:01:41.654341+00:00,nfl,2026,4,401872966,4018729664019,4,2:11,"D.Zvada 52 yard field goal is GOOD, Center-B.Mann, Holder-J.Stout.",4,5,ARI 34,66,6,New York Giants,Arizona Cardinals,30,24,77.6,22.4,232.0,87.0,319.0,121.0,115.0,236.0,game,Total,Under,,52.5,kalshi,9900.0,—,—,,54.0,,miss,,,,—,,
2026-10-04T20:01:41.654341+00:00,nfl,2026,4,401872966,4018729664019,4,2:11,"D.Zvada 52 yard field goal is GOOD, Center-B.Mann, Holder-J.Stout.",4,5,ARI 34,66,6,New York Giants,Arizona Cardinals,30,24,77.6,22.4,232.0,87.0,319.0,121.0,115.0,236.0,game,ML,Arizona Cardinals,,,stn,290.0,—,—,,Loss,,miss,,,,—,,
2026-10-04T20:01:41.654341+00:00,nfl,2026,4,401872966,4018729664019,4,2:11,"D.Zvada 52 yard field goal is GOOD, Center-B.Mann, Holder-J.Stout.",4,5,ARI 34,66,6,New York Giants,Arizona Cardinals,30,24,77.6,22.4,232.0,87.0,319.0,121.0,115.0,236.0,game,ML,New York Giants,,,polymarket,-223.0,—,—,,Win,,hit,,,,—,,
2026-10-04T20:01:41.654341+00:00,nfl,2026,4,401872966,4018729664048,4,2:11,D.Zvada kicks 53 yards from NYG 35 to ARZ 12. J.Brooks to ARZ 33 for 21 yards (T.Ford).,1,10,ARI 33,35,6,New York Giants,Arizona Cardinals,30,24,77.6,22.4,232.0,87.0,319.0,121.0,115.0,236.0,game,Spread,Arizona Cardinals,,5.5,novig,135.0,—,—,,+6,,miss,,,,—,,
2026-10-04T20:01:41.654341+00:00,nfl,2026,4,401872966,4018729664048,4,2:11,D.Zvada kicks 53 yards from NYG 35 to ARZ 12. J.Brooks to ARZ 33 for 21 yards (T.Ford).,1,10,ARI 33,35,6,New York Giants,Arizona Cardinals,30,24,77.6,22.4,232.0,87.0,319.0,121.0,115.0,236.0,game,Spread,New York Giants,,-5.5,kalshi,-150.0,—,—,,+6,,hit,,,,—,,
2026-10-04T20:01:41.654341+00:00,nfl,2026,4,401872966,4018729664048,4,2:11,D.Zvada kicks 53 yards from NYG 35 to ARZ 12. J.Brooks to ARZ 33 for 21 yards (T.Ford).,1,10,ARI 33,35,6,New York Giants,Arizona Cardinals,30,24,77.6,22.4,232.0,87.0,319.0,121.0,115.0,236.0,game,Total,,,52.5,,,—,—,,54.0,,hit,,,,—,,
2026-10-04T20:01:41.654341+00:00,nfl,2026,4,401872966,4018729664048,4,2:11,D.Zvada kicks 53 yards from NYG 35 to ARZ 12. J.Brooks to ARZ 33 for 21 yards (T.Ford).,1,10,ARI 33,35,6,New York Giants,Arizona Cardinals,30,24,77.6,22.4,232.0,87.0,319.0,121.0,115.0,236.0,game,Total,Under,,52.5,kalshi,9900.0,—,—,,54.0,,miss,,,,—,,
2026-10-04T20:01:41.654341+00:00,nfl,2026,4,401872966,4018729664048,4,2:11,D.Zvada kicks 53 yards from NYG 35 to ARZ 12. J.Brooks to ARZ 33 for 21 yards (T.Ford).,1,10,ARI 33,35,6,New York Giants,Arizona Cardinals,30,24,77.6,22.4,232.0,87.0,319.0,121.0,115.0,236.0,game,ML,Arizona Cardinals,,,stn,290.0,—,—,,Loss,,miss,,,,—,,
2026-10-04T20:01:41.654341+00:00,nfl,2026,4,401872966,4018729664048,4,2:11,D.Zvada kicks 53 yards from NYG 35 to ARZ 12. J.Brooks to ARZ 33 for 21 yards (T.Ford).,1,10,ARI 33,35,6,New York Giants,Arizona Cardinals,30,24,77.6,22.4,232.0,87.0,319.0,121.0,115.0,236.0,game,ML,New York Giants,,,polymarket,-223.0,—,—,,Win,,hit,,,,—,,
2026-10-04T20:01:41.654341+00:00,nfl,2026,4,401872966,4018729664071,4,2:06,"(2:06) (Shotgun) J.Brissett pass short middle to Mi.Wilson to ARZ 44 for 11 yards (G.Newsome).
Penalty on NYG-G.Newsome, Illegal Use of Hands, declined.",1,10,ARI 33,67,6,New York Giants,Arizona Cardinals,30,24,77.6,22.4,232.0,87.0,319.0,121.0,115.0,236.0,game,Spread,Arizona Cardinals,,5.5,novig,135.0,—,—,,+6,,miss,,,,—,,
2026-10-04T20:01:41.654341+00:00,nfl,2026,4,401872966,4018729664071,4,2:06,"(2:06) (Shotgun) J.Brissett pass short middle to Mi.Wilson to ARZ 44 for 11 yards (G.Newsome).
Penalty on NYG-G.Newsome, Illegal Use of Hands, declined.",1,10,ARI 33,67,6,New York Giants,Arizona Cardinals,30,24,77.6,22.4,232.0,87.0,319.0,121.0,115.0,236.0,game,Spread,New York Giants,,-5.5,kalshi,-150.0,—,—,,+6,,hit,,,,—,,
2026-10-04T20:01:41.654341+00:00,nfl,2026,4,401872966,4018729664071,4,2:06,"(2:06) (Shotgun) J.Brissett pass short middle to Mi.Wilson to ARZ 44 for 11 yards (G.Newsome).
Penalty on NYG-G.Newsome, Illegal Use of Hands, declined.",1,10,ARI 33,67,6,New York Giants,Arizona Cardinals,30,24,77.6,22.4,232.0,87.0,319.0,121.0,115.0,236.0,game,Total,,,52.5,,,—,—,,54.0,,hit,,,,—,,
2026-10-04T20:01:41.654341+00:00,nfl,2026,4,401872966,4018729664071,4,2:06,"(2:06) (Shotgun) J.Brissett pass short middle to Mi.Wilson to ARZ 44 for 11 yards (G.Newsome).
Penalty on NYG-G.Newsome, Illegal Use of Hands, declined.",1,10,ARI 33,67,6,New York Giants,Arizona Cardinals,30,24,77.6,22.4,232.0,87.0,319.0,121.0,115.0,236.0,game,Total,Under,,52.5,kalshi,9900.0,—,—,,54.0,,miss,,,,—,,
2026-10-04T20:01:41.654341+00:00,nfl,2026,4,401872966,4018729664071,4,2:06,"(2:06) (Shotgun) J.Brissett pass short middle to Mi.Wilson to ARZ 44 for 11 yards (G.Newsome).
Penalty on NYG-G.Newsome, Illegal Use of Hands, declined.",1,10,ARI 33,67,6,New York Giants,Arizona Cardinals,30,24,77.6,22.4,232.0,87.0,319.0,121.0,115.0,236.0,game,ML,Arizona Cardinals,,,stn,290.0,—,—,,Loss,,miss,,,,—,,
2026-10-04T20:01:41.654341+00:00,nfl,2026,4,401872966,4018729664071,4,2:06,"(2:06) (Shotgun) J.Brissett pass short middle to Mi.Wilson to ARZ 44 for 11 yards (G.Newsome).
Penalty on NYG-G.Newsome, Illegal Use of Hands, declined.",1,10,ARI 33,67,6,New York Giants,Arizona Cardinals,30,24,77.6,22.4,232.0,87.0,319.0,121.0,115.0,236.0,game,ML,New York Giants,,,polymarket,-223.0,—,—,,Win,,hit,,,,—,,
