captured_at,sport,year,week,event_id,play_id,period,clock,play_text,down,distance,possession,yard_line,score_margin,home,away,home_score,away_score,home_win_prob,away_win_prob,home_pass_yds,home_rush_yds,home_total_yds,away_pass_yds,away_rush_yds,away_total_yds,market_type,market,selection,player,line,book_id,book_price,model_projection,model_price,model_prob,actual_result,actual_stat,bet_result,expected_roi_pct,pregame_line,pregame_book_price,pregame_projection,pregame_capture_at,pregame_capture_type
2026-09-27T17:16:08.602614+00:00,nfl,2026,3,401872955,4018729551,1,15:00,GAME,1,10,SEA 20,80,0,Washington Commanders,Seattle Seahawks,0,0,24.6,75.4,7.0,0.0,7.0,9.0,7.0,16.0,game,Spread,Seattle Seahawks,,-7.5,polymarket,-109,—,—,,0,,miss,,,,—,,
2026-09-27T17:16:08.602614+00:00,nfl,2026,3,401872955,4018729551,1,15:00,GAME,1,10,SEA 20,80,0,Washington Commanders,Seattle Seahawks,0,0,24.6,75.4,7.0,0.0,7.0,9.0,7.0,16.0,game,Spread,Washington Commanders,,7.5,polymarket,100,—,—,,0,,hit,,,,—,,
2026-09-27T17:16:08.602614+00:00,nfl,2026,3,401872955,4018729551,1,15:00,GAME,1,10,SEA 20,80,0,Washington Commanders,Seattle Seahawks,0,0,24.6,75.4,7.0,0.0,7.0,9.0,7.0,16.0,game,Total,Over,,37.5,prophetx,-104,—,—,,0.0,,miss,,,,—,,
2026-09-27T17:16:08.602614+00:00,nfl,2026,3,401872955,4018729551,1,15:00,GAME,1,10,SEA 20,80,0,Washington Commanders,Seattle Seahawks,0,0,24.6,75.4,7.0,0.0,7.0,9.0,7.0,16.0,game,Total,Under,,37.5,bet365,-115,—,—,,0.0,,hit,,,,—,,
2026-09-27T17:16:08.602614+00:00,nfl,2026,3,401872955,4018729551,1,15:00,GAME,1,10,SEA 20,80,0,Washington Commanders,Seattle Seahawks,0,0,24.6,75.4,7.0,0.0,7.0,9.0,7.0,16.0,game,ML,Seattle Seahawks,,,polymarket,-377,—,—,,Loss,,miss,,,,—,,
2026-09-27T17:16:08.602614+00:00,nfl,2026,3,401872955,4018729551,1,15:00,GAME,1,10,SEA 20,80,0,Washington Commanders,Seattle Seahawks,0,0,24.6,75.4,7.0,0.0,7.0,9.0,7.0,16.0,game,ML,Washington Commanders,,,polymarket,354,—,—,,Loss,,miss,,,,—,,
2026-09-27T17:16:08.602614+00:00,nfl,2026,3,401872955,40187295540,1,15:00,D.Stevens kicks 64 yards from WAS 35 to SEA 1. R.Shaheed pushed ob at SEA 37 for 36 yards (J.Reaves).,1,10,SEA 20,35,0,Washington Commanders,Seattle Seahawks,0,0,24.6,75.4,7.0,0.0,7.0,9.0,7.0,16.0,game,Spread,Seattle Seahawks,,-7.5,polymarket,-109,—,—,,0,,miss,,,,—,,
2026-09-27T17:16:08.602614+00:00,nfl,2026,3,401872955,40187295540,1,15:00,D.Stevens kicks 64 yards from WAS 35 to SEA 1. R.Shaheed pushed ob at SEA 37 for 36 yards (J.Reaves).,1,10,SEA 20,35,0,Washington Commanders,Seattle Seahawks,0,0,24.6,75.4,7.0,0.0,7.0,9.0,7.0,16.0,game,Spread,Washington Commanders,,7.5,polymarket,100,—,—,,0,,hit,,,,—,,
2026-09-27T17:16:08.602614+00:00,nfl,2026,3,401872955,40187295540,1,15:00,D.Stevens kicks 64 yards from WAS 35 to SEA 1. R.Shaheed pushed ob at SEA 37 for 36 yards (J.Reaves).,1,10,SEA 20,35,0,Washington Commanders,Seattle Seahawks,0,0,24.6,75.4,7.0,0.0,7.0,9.0,7.0,16.0,game,Total,Over,,37.5,prophetx,-104,—,—,,0.0,,miss,,,,—,,
2026-09-27T17:16:08.602614+00:00,nfl,2026,3,401872955,40187295540,1,15:00,D.Stevens kicks 64 yards from WAS 35 to SEA 1. R.Shaheed pushed ob at SEA 37 for 36 yards (J.Reaves).,1,10,SEA 20,35,0,Washington Commanders,Seattle Seahawks,0,0,24.6,75.4,7.0,0.0,7.0,9.0,7.0,16.0,game,Total,Under,,37.5,bet365,-115,—,—,,0.0,,hit,,,,—,,
2026-09-27T17:16:08.602614+00:00,nfl,2026,3,401872955,40187295540,1,15:00,D.Stevens kicks 64 yards from WAS 35 to SEA 1. R.Shaheed pushed ob at SEA 37 for 36 yards (J.Reaves).,1,10,SEA 20,35,0,Washington Commanders,Seattle Seahawks,0,0,24.6,75.4,7.0,0.0,7.0,9.0,7.0,16.0,game,ML,Seattle Seahawks,,,polymarket,-377,—,—,,Loss,,miss,,,,—,,
2026-09-27T17:16:08.602614+00:00,nfl,2026,3,401872955,40187295540,1,15:00,D.Stevens kicks 64 yards from WAS 35 to SEA 1. R.Shaheed pushed ob at SEA 37 for 36 yards (J.Reaves).,1,10,SEA 20,35,0,Washington Commanders,Seattle Seahawks,0,0,24.6,75.4,7.0,0.0,7.0,9.0,7.0,16.0,game,ML,Washington Commanders,,,polymarket,354,—,—,,Loss,,miss,,,,—,,
2026-09-27T17:16:08.602614+00:00,nfl,2026,3,401872955,40187295568,1,14:55,J.Price left tackle to SEA 48 for 11 yards (J.Reaves).,1,10,SEA 37,63,0,Washington Commanders,Seattle Seahawks,0,0,24.6,75.4,7.0,0.0,7.0,9.0,7.0,16.0,game,Spread,Seattle Seahawks,,-7.5,polymarket,-109,—,—,,0,,miss,,,,—,,
2026-09-27T17:16:08.602614+00:00,nfl,2026,3,401872955,40187295568,1,14:55,J.Price left tackle to SEA 48 for 11 yards (J.Reaves).,1,10,SEA 37,63,0,Washington Commanders,Seattle Seahawks,0,0,24.6,75.4,7.0,0.0,7.0,9.0,7.0,16.0,game,Spread,Washington Commanders,,7.5,polymarket,100,—,—,,0,,hit,,,,—,,
2026-09-27T17:16:08.602614+00:00,nfl,2026,3,401872955,40187295568,1,14:55,J.Price left tackle to SEA 48 for 11 yards (J.Reaves).,1,10,SEA 37,63,0,Washington Commanders,Seattle Seahawks,0,0,24.6,75.4,7.0,0.0,7.0,9.0,7.0,16.0,game,Total,Over,,37.5,prophetx,-104,—,—,,0.0,,miss,,,,—,,
2026-09-27T17:16:08.602614+00:00,nfl,2026,3,401872955,40187295568,1,14:55,J.Price left tackle to SEA 48 for 11 yards (J.Reaves).,1,10,SEA 37,63,0,Washington Commanders,Seattle Seahawks,0,0,24.6,75.4,7.0,0.0,7.0,9.0,7.0,16.0,game,Total,Under,,37.5,bet365,-115,—,—,,0.0,,hit,,,,—,,
2026-09-27T17:16:08.602614+00:00,nfl,2026,3,401872955,40187295568,1,14:55,J.Price left tackle to SEA 48 for 11 yards (J.Reaves).,1,10,SEA 37,63,0,Washington Commanders,Seattle Seahawks,0,0,24.6,75.4,7.0,0.0,7.0,9.0,7.0,16.0,game,ML,Seattle Seahawks,,,polymarket,-377,—,—,,Loss,,miss,,,,—,,
2026-09-27T17:16:08.602614+00:00,nfl,2026,3,401872955,40187295568,1,14:55,J.Price left tackle to SEA 48 for 11 yards (J.Reaves).,1,10,SEA 37,63,0,Washington Commanders,Seattle Seahawks,0,0,24.6,75.4,7.0,0.0,7.0,9.0,7.0,16.0,game,ML,Washington Commanders,,,polymarket,354,—,—,,Loss,,miss,,,,—,,
2026-09-27T17:16:08.602614+00:00,nfl,2026,3,401872955,40187295590,1,14:18,(Shotgun) S.Darnold pass incomplete short left to A.Barner (A.Robertson).,1,10,SEA 48,52,0,Washington Commanders,Seattle Seahawks,0,0,24.6,75.4,7.0,0.0,7.0,9.0,7.0,16.0,game,Spread,Seattle Seahawks,,-7.5,polymarket,-109,—,—,,0,,miss,,,,—,,
2026-09-27T17:16:08.602614+00:00,nfl,2026,3,401872955,40187295590,1,14:18,(Shotgun) S.Darnold pass incomplete short left to A.Barner (A.Robertson).,1,10,SEA 48,52,0,Washington Commanders,Seattle Seahawks,0,0,24.6,75.4,7.0,0.0,7.0,9.0,7.0,16.0,game,Spread,Washington Commanders,,7.5,polymarket,100,—,—,,0,,hit,,,,—,,
2026-09-27T17:16:08.602614+00:00,nfl,2026,3,401872955,40187295590,1,14:18,(Shotgun) S.Darnold pass incomplete short left to A.Barner (A.Robertson).,1,10,SEA 48,52,0,Washington Commanders,Seattle Seahawks,0,0,24.6,75.4,7.0,0.0,7.0,9.0,7.0,16.0,game,Total,Over,,37.5,prophetx,-104,—,—,,0.0,,miss,,,,—,,
2026-09-27T17:16:08.602614+00:00,nfl,2026,3,401872955,40187295590,1,14:18,(Shotgun) S.Darnold pass incomplete short left to A.Barner (A.Robertson).,1,10,SEA 48,52,0,Washington Commanders,Seattle Seahawks,0,0,24.6,75.4,7.0,0.0,7.0,9.0,7.0,16.0,game,Total,Under,,37.5,bet365,-115,—,—,,0.0,,hit,,,,—,,
2026-09-27T17:16:08.602614+00:00,nfl,2026,3,401872955,40187295590,1,14:18,(Shotgun) S.Darnold pass incomplete short left to A.Barner (A.Robertson).,1,10,SEA 48,52,0,Washington Commanders,Seattle Seahawks,0,0,24.6,75.4,7.0,0.0,7.0,9.0,7.0,16.0,game,ML,Seattle Seahawks,,,polymarket,-377,—,—,,Loss,,miss,,,,—,,
2026-09-27T17:16:08.602614+00:00,nfl,2026,3,401872955,40187295590,1,14:18,(Shotgun) S.Darnold pass incomplete short left to A.Barner (A.Robertson).,1,10,SEA 48,52,0,Washington Commanders,Seattle Seahawks,0,0,24.6,75.4,7.0,0.0,7.0,9.0,7.0,16.0,game,ML,Washington Commanders,,,polymarket,354,—,—,,Loss,,miss,,,,—,,
2026-09-27T17:16:08.602614+00:00,nfl,2026,3,401872955,401872955118,1,14:11,J.Price right tackle to SEA 44 for -4 yards (K.Chaisson).,2,10,SEA 48,52,0,Washington Commanders,Seattle Seahawks,0,0,24.6,75.4,7.0,0.0,7.0,9.0,7.0,16.0,game,Spread,Seattle Seahawks,,-7.5,polymarket,-109,—,—,,0,,miss,,,,—,,
2026-09-27T17:16:08.602614+00:00,nfl,2026,3,401872955,401872955118,1,14:11,J.Price right tackle to SEA 44 for -4 yards (K.Chaisson).,2,10,SEA 48,52,0,Washington Commanders,Seattle Seahawks,0,0,24.6,75.4,7.0,0.0,7.0,9.0,7.0,16.0,game,Spread,Washington Commanders,,7.5,polymarket,100,—,—,,0,,hit,,,,—,,
2026-09-27T17:16:08.602614+00:00,nfl,2026,3,401872955,401872955118,1,14:11,J.Price right tackle to SEA 44 for -4 yards (K.Chaisson).,2,10,SEA 48,52,0,Washington Commanders,Seattle Seahawks,0,0,24.6,75.4,7.0,0.0,7.0,9.0,7.0,16.0,game,Total,Over,,37.5,prophetx,-104,—,—,,0.0,,miss,,,,—,,
2026-09-27T17:16:08.602614+00:00,nfl,2026,3,401872955,401872955118,1,14:11,J.Price right tackle to SEA 44 for -4 yards (K.Chaisson).,2,10,SEA 48,52,0,Washington Commanders,Seattle Seahawks,0,0,24.6,75.4,7.0,0.0,7.0,9.0,7.0,16.0,game,Total,Under,,37.5,bet365,-115,—,—,,0.0,,hit,,,,—,,
2026-09-27T17:16:08.602614+00:00,nfl,2026,3,401872955,401872955118,1,14:11,J.Price right tackle to SEA 44 for -4 yards (K.Chaisson).,2,10,SEA 48,52,0,Washington Commanders,Seattle Seahawks,0,0,24.6,75.4,7.0,0.0,7.0,9.0,7.0,16.0,game,ML,Seattle Seahawks,,,polymarket,-377,—,—,,Loss,,miss,,,,—,,
2026-09-27T17:16:08.602614+00:00,nfl,2026,3,401872955,401872955118,1,14:11,J.Price right tackle to SEA 44 for -4 yards (K.Chaisson).,2,10,SEA 48,52,0,Washington Commanders,Seattle Seahawks,0,0,24.6,75.4,7.0,0.0,7.0,9.0,7.0,16.0,game,ML,Washington Commanders,,,polymarket,354,—,—,,Loss,,miss,,,,—,,
2026-09-27T17:16:08.602614+00:00,nfl,2026,3,401872955,401872955140,1,13:30,(Shotgun) S.Darnold pass short right to R.Shaheed pushed ob at WAS 47 for 9 yards (R.Douglas).,3,14,SEA 44,56,0,Washington Commanders,Seattle Seahawks,0,0,24.6,75.4,7.0,0.0,7.0,9.0,7.0,16.0,game,Spread,Seattle Seahawks,,-7.5,polymarket,-109,—,—,,0,,miss,,,,—,,
2026-09-27T17:16:08.602614+00:00,nfl,2026,3,401872955,401872955140,1,13:30,(Shotgun) S.Darnold pass short right to R.Shaheed pushed ob at WAS 47 for 9 yards (R.Douglas).,3,14,SEA 44,56,0,Washington Commanders,Seattle Seahawks,0,0,24.6,75.4,7.0,0.0,7.0,9.0,7.0,16.0,game,Spread,Washington Commanders,,7.5,polymarket,100,—,—,,0,,hit,,,,—,,
2026-09-27T17:16:08.602614+00:00,nfl,2026,3,401872955,401872955140,1,13:30,(Shotgun) S.Darnold pass short right to R.Shaheed pushed ob at WAS 47 for 9 yards (R.Douglas).,3,14,SEA 44,56,0,Washington Commanders,Seattle Seahawks,0,0,24.6,75.4,7.0,0.0,7.0,9.0,7.0,16.0,game,Total,Over,,37.5,prophetx,-104,—,—,,0.0,,miss,,,,—,,
2026-09-27T17:16:08.602614+00:00,nfl,2026,3,401872955,401872955140,1,13:30,(Shotgun) S.Darnold pass short right to R.Shaheed pushed ob at WAS 47 for 9 yards (R.Douglas).,3,14,SEA 44,56,0,Washington Commanders,Seattle Seahawks,0,0,24.6,75.4,7.0,0.0,7.0,9.0,7.0,16.0,game,Total,Under,,37.5,bet365,-115,—,—,,0.0,,hit,,,,—,,
2026-09-27T17:16:08.602614+00:00,nfl,2026,3,401872955,401872955140,1,13:30,(Shotgun) S.Darnold pass short right to R.Shaheed pushed ob at WAS 47 for 9 yards (R.Douglas).,3,14,SEA 44,56,0,Washington Commanders,Seattle Seahawks,0,0,24.6,75.4,7.0,0.0,7.0,9.0,7.0,16.0,game,ML,Seattle Seahawks,,,polymarket,-377,—,—,,Loss,,miss,,,,—,,
2026-09-27T17:16:08.602614+00:00,nfl,2026,3,401872955,401872955140,1,13:30,(Shotgun) S.Darnold pass short right to R.Shaheed pushed ob at WAS 47 for 9 yards (R.Douglas).,3,14,SEA 44,56,0,Washington Commanders,Seattle Seahawks,0,0,24.6,75.4,7.0,0.0,7.0,9.0,7.0,16.0,game,ML,Washington Commanders,,,polymarket,354,—,—,,Loss,,miss,,,,—,,
2026-09-27T17:16:08.602614+00:00,nfl,2026,3,401872955,401872955170,1,12:51,"(Shotgun) PENALTY on SEA, Delay of Game, 5 yards, enforced at WAS 47 - No Play.",4,5,WSH 47,47,0,Washington Commanders,Seattle Seahawks,0,0,24.6,75.4,7.0,0.0,7.0,9.0,7.0,16.0,game,Spread,Seattle Seahawks,,-7.5,polymarket,-109,—,—,,0,,miss,,,,—,,
2026-09-27T17:16:08.602614+00:00,nfl,2026,3,401872955,401872955170,1,12:51,"(Shotgun) PENALTY on SEA, Delay of Game, 5 yards, enforced at WAS 47 - No Play.",4,5,WSH 47,47,0,Washington Commanders,Seattle Seahawks,0,0,24.6,75.4,7.0,0.0,7.0,9.0,7.0,16.0,game,Spread,Washington Commanders,,7.5,polymarket,100,—,—,,0,,hit,,,,—,,
2026-09-27T17:16:08.602614+00:00,nfl,2026,3,401872955,401872955170,1,12:51,"(Shotgun) PENALTY on SEA, Delay of Game, 5 yards, enforced at WAS 47 - No Play.",4,5,WSH 47,47,0,Washington Commanders,Seattle Seahawks,0,0,24.6,75.4,7.0,0.0,7.0,9.0,7.0,16.0,game,Total,Over,,37.5,prophetx,-104,—,—,,0.0,,miss,,,,—,,
2026-09-27T17:16:08.602614+00:00,nfl,2026,3,401872955,401872955170,1,12:51,"(Shotgun) PENALTY on SEA, Delay of Game, 5 yards, enforced at WAS 47 - No Play.",4,5,WSH 47,47,0,Washington Commanders,Seattle Seahawks,0,0,24.6,75.4,7.0,0.0,7.0,9.0,7.0,16.0,game,Total,Under,,37.5,bet365,-115,—,—,,0.0,,hit,,,,—,,
2026-09-27T17:16:08.602614+00:00,nfl,2026,3,401872955,401872955170,1,12:51,"(Shotgun) PENALTY on SEA, Delay of Game, 5 yards, enforced at WAS 47 - No Play.",4,5,WSH 47,47,0,Washington Commanders,Seattle Seahawks,0,0,24.6,75.4,7.0,0.0,7.0,9.0,7.0,16.0,game,ML,Seattle Seahawks,,,polymarket,-377,—,—,,Loss,,miss,,,,—,,
2026-09-27T17:16:08.602614+00:00,nfl,2026,3,401872955,401872955170,1,12:51,"(Shotgun) PENALTY on SEA, Delay of Game, 5 yards, enforced at WAS 47 - No Play.",4,5,WSH 47,47,0,Washington Commanders,Seattle Seahawks,0,0,24.6,75.4,7.0,0.0,7.0,9.0,7.0,16.0,game,ML,Washington Commanders,,,polymarket,354,—,—,,Loss,,miss,,,,—,,
2026-09-27T17:16:08.602614+00:00,nfl,2026,3,401872955,401872955194,1,12:36,"M.Dickson punts 52 yards to end zone, Center-C.Stoll, Touchback.",4,10,SEA 48,52,0,Washington Commanders,Seattle Seahawks,0,0,24.6,75.4,7.0,0.0,7.0,9.0,7.0,16.0,game,Spread,Seattle Seahawks,,-7.5,polymarket,-109,—,—,,0,,miss,,,,—,,
2026-09-27T17:16:08.602614+00:00,nfl,2026,3,401872955,401872955194,1,12:36,"M.Dickson punts 52 yards to end zone, Center-C.Stoll, Touchback.",4,10,SEA 48,52,0,Washington Commanders,Seattle Seahawks,0,0,24.6,75.4,7.0,0.0,7.0,9.0,7.0,16.0,game,Spread,Washington Commanders,,7.5,polymarket,100,—,—,,0,,hit,,,,—,,
2026-09-27T17:16:08.602614+00:00,nfl,2026,3,401872955,401872955194,1,12:36,"M.Dickson punts 52 yards to end zone, Center-C.Stoll, Touchback.",4,10,SEA 48,52,0,Washington Commanders,Seattle Seahawks,0,0,24.6,75.4,7.0,0.0,7.0,9.0,7.0,16.0,game,Total,Over,,37.5,prophetx,-104,—,—,,0.0,,miss,,,,—,,
2026-09-27T17:16:08.602614+00:00,nfl,2026,3,401872955,401872955194,1,12:36,"M.Dickson punts 52 yards to end zone, Center-C.Stoll, Touchback.",4,10,SEA 48,52,0,Washington Commanders,Seattle Seahawks,0,0,24.6,75.4,7.0,0.0,7.0,9.0,7.0,16.0,game,Total,Under,,37.5,bet365,-115,—,—,,0.0,,hit,,,,—,,
2026-09-27T17:16:08.602614+00:00,nfl,2026,3,401872955,401872955194,1,12:36,"M.Dickson punts 52 yards to end zone, Center-C.Stoll, Touchback.",4,10,SEA 48,52,0,Washington Commanders,Seattle Seahawks,0,0,24.6,75.4,7.0,0.0,7.0,9.0,7.0,16.0,game,ML,Seattle Seahawks,,,polymarket,-377,—,—,,Loss,,miss,,,,—,,
2026-09-27T17:16:08.602614+00:00,nfl,2026,3,401872955,401872955194,1,12:36,"M.Dickson punts 52 yards to end zone, Center-C.Stoll, Touchback.",4,10,SEA 48,52,0,Washington Commanders,Seattle Seahawks,0,0,24.6,75.4,7.0,0.0,7.0,9.0,7.0,16.0,game,ML,Washington Commanders,,,polymarket,354,—,—,,Loss,,miss,,,,—,,
2026-09-27T17:16:08.602614+00:00,nfl,2026,3,401872955,401872955203,1,12:28,Official Timeout at 12:28.,1,10,WSH 20,20,0,Washington Commanders,Seattle Seahawks,0,0,24.6,75.4,7.0,0.0,7.0,9.0,7.0,16.0,game,Spread,Seattle Seahawks,,-7.5,polymarket,-109,—,—,,0,,miss,,,,—,,
2026-09-27T17:16:08.602614+00:00,nfl,2026,3,401872955,401872955203,1,12:28,Official Timeout at 12:28.,1,10,WSH 20,20,0,Washington Commanders,Seattle Seahawks,0,0,24.6,75.4,7.0,0.0,7.0,9.0,7.0,16.0,game,Spread,Washington Commanders,,7.5,polymarket,100,—,—,,0,,hit,,,,—,,
2026-09-27T17:16:08.602614+00:00,nfl,2026,3,401872955,401872955203,1,12:28,Official Timeout at 12:28.,1,10,WSH 20,20,0,Washington Commanders,Seattle Seahawks,0,0,24.6,75.4,7.0,0.0,7.0,9.0,7.0,16.0,game,Total,Over,,37.5,prophetx,-104,—,—,,0.0,,miss,,,,—,,
2026-09-27T17:16:08.602614+00:00,nfl,2026,3,401872955,401872955203,1,12:28,Official Timeout at 12:28.,1,10,WSH 20,20,0,Washington Commanders,Seattle Seahawks,0,0,24.6,75.4,7.0,0.0,7.0,9.0,7.0,16.0,game,Total,Under,,37.5,bet365,-115,—,—,,0.0,,hit,,,,—,,
2026-09-27T17:16:08.602614+00:00,nfl,2026,3,401872955,401872955203,1,12:28,Official Timeout at 12:28.,1,10,WSH 20,20,0,Washington Commanders,Seattle Seahawks,0,0,24.6,75.4,7.0,0.0,7.0,9.0,7.0,16.0,game,ML,Seattle Seahawks,,,polymarket,-377,—,—,,Loss,,miss,,,,—,,
2026-09-27T17:16:08.602614+00:00,nfl,2026,3,401872955,401872955203,1,12:28,Official Timeout at 12:28.,1,10,WSH 20,20,0,Washington Commanders,Seattle Seahawks,0,0,24.6,75.4,7.0,0.0,7.0,9.0,7.0,16.0,game,ML,Washington Commanders,,,polymarket,354,—,—,,Loss,,miss,,,,—,,
2026-09-27T17:16:08.602614+00:00,nfl,2026,3,401872955,401872955212,1,12:28,M.Mariota pass short middle to J.Croskey-Merritt to WAS 27 for 7 yards (E.Jones) [B.Murphy].,1,10,WSH 20,20,0,Washington Commanders,Seattle Seahawks,0,0,24.6,75.4,7.0,0.0,7.0,9.0,7.0,16.0,game,Spread,Seattle Seahawks,,-7.5,polymarket,-109,—,—,,0,,miss,,,,—,,
2026-09-27T17:16:08.602614+00:00,nfl,2026,3,401872955,401872955212,1,12:28,M.Mariota pass short middle to J.Croskey-Merritt to WAS 27 for 7 yards (E.Jones) [B.Murphy].,1,10,WSH 20,20,0,Washington Commanders,Seattle Seahawks,0,0,24.6,75.4,7.0,0.0,7.0,9.0,7.0,16.0,game,Spread,Washington Commanders,,7.5,polymarket,100,—,—,,0,,hit,,,,—,,
2026-09-27T17:16:08.602614+00:00,nfl,2026,3,401872955,401872955212,1,12:28,M.Mariota pass short middle to J.Croskey-Merritt to WAS 27 for 7 yards (E.Jones) [B.Murphy].,1,10,WSH 20,20,0,Washington Commanders,Seattle Seahawks,0,0,24.6,75.4,7.0,0.0,7.0,9.0,7.0,16.0,game,Total,Over,,37.5,prophetx,-104,—,—,,0.0,,miss,,,,—,,
2026-09-27T17:16:08.602614+00:00,nfl,2026,3,401872955,401872955212,1,12:28,M.Mariota pass short middle to J.Croskey-Merritt to WAS 27 for 7 yards (E.Jones) [B.Murphy].,1,10,WSH 20,20,0,Washington Commanders,Seattle Seahawks,0,0,24.6,75.4,7.0,0.0,7.0,9.0,7.0,16.0,game,Total,Under,,37.5,bet365,-115,—,—,,0.0,,hit,,,,—,,
2026-09-27T17:16:08.602614+00:00,nfl,2026,3,401872955,401872955212,1,12:28,M.Mariota pass short middle to J.Croskey-Merritt to WAS 27 for 7 yards (E.Jones) [B.Murphy].,1,10,WSH 20,20,0,Washington Commanders,Seattle Seahawks,0,0,24.6,75.4,7.0,0.0,7.0,9.0,7.0,16.0,game,ML,Seattle Seahawks,,,polymarket,-377,—,—,,Loss,,miss,,,,—,,
2026-09-27T17:16:08.602614+00:00,nfl,2026,3,401872955,401872955212,1,12:28,M.Mariota pass short middle to J.Croskey-Merritt to WAS 27 for 7 yards (E.Jones) [B.Murphy].,1,10,WSH 20,20,0,Washington Commanders,Seattle Seahawks,0,0,24.6,75.4,7.0,0.0,7.0,9.0,7.0,16.0,game,ML,Washington Commanders,,,polymarket,354,—,—,,Loss,,miss,,,,—,,
2026-09-27T17:16:08.602614+00:00,nfl,2026,3,401872955,401872955244,1,11:52,(Shotgun) J.Croskey-Merritt right guard to WAS 27 for no gain (D.Thomas).,2,3,WSH 27,27,0,Washington Commanders,Seattle Seahawks,0,0,24.6,75.4,7.0,0.0,7.0,9.0,7.0,16.0,game,Spread,Seattle Seahawks,,-7.5,polymarket,-109,—,—,,0,,miss,,,,—,,
2026-09-27T17:16:08.602614+00:00,nfl,2026,3,401872955,401872955244,1,11:52,(Shotgun) J.Croskey-Merritt right guard to WAS 27 for no gain (D.Thomas).,2,3,WSH 27,27,0,Washington Commanders,Seattle Seahawks,0,0,24.6,75.4,7.0,0.0,7.0,9.0,7.0,16.0,game,Spread,Washington Commanders,,7.5,polymarket,100,—,—,,0,,hit,,,,—,,
2026-09-27T17:16:08.602614+00:00,nfl,2026,3,401872955,401872955244,1,11:52,(Shotgun) J.Croskey-Merritt right guard to WAS 27 for no gain (D.Thomas).,2,3,WSH 27,27,0,Washington Commanders,Seattle Seahawks,0,0,24.6,75.4,7.0,0.0,7.0,9.0,7.0,16.0,game,Total,Over,,37.5,prophetx,-104,—,—,,0.0,,miss,,,,—,,
2026-09-27T17:16:08.602614+00:00,nfl,2026,3,401872955,401872955244,1,11:52,(Shotgun) J.Croskey-Merritt right guard to WAS 27 for no gain (D.Thomas).,2,3,WSH 27,27,0,Washington Commanders,Seattle Seahawks,0,0,24.6,75.4,7.0,0.0,7.0,9.0,7.0,16.0,game,Total,Under,,37.5,bet365,-115,—,—,,0.0,,hit,,,,—,,
2026-09-27T17:16:08.602614+00:00,nfl,2026,3,401872955,401872955244,1,11:52,(Shotgun) J.Croskey-Merritt right guard to WAS 27 for no gain (D.Thomas).,2,3,WSH 27,27,0,Washington Commanders,Seattle Seahawks,0,0,24.6,75.4,7.0,0.0,7.0,9.0,7.0,16.0,game,ML,Seattle Seahawks,,,polymarket,-377,—,—,,Loss,,miss,,,,—,,
2026-09-27T17:16:08.602614+00:00,nfl,2026,3,401872955,401872955244,1,11:52,(Shotgun) J.Croskey-Merritt right guard to WAS 27 for no gain (D.Thomas).,2,3,WSH 27,27,0,Washington Commanders,Seattle Seahawks,0,0,24.6,75.4,7.0,0.0,7.0,9.0,7.0,16.0,game,ML,Washington Commanders,,,polymarket,354,—,—,,Loss,,miss,,,,—,,
2026-09-27T17:16:08.602614+00:00,nfl,2026,3,401872955,401872955266,1,11:20,(Shotgun) M.Mariota pass incomplete short right to S.Diggs.,3,3,WSH 27,27,0,Washington Commanders,Seattle Seahawks,0,0,24.6,75.4,7.0,0.0,7.0,9.0,7.0,16.0,game,Spread,Seattle Seahawks,,-7.5,polymarket,-109,—,—,,0,,miss,,,,—,,
2026-09-27T17:16:08.602614+00:00,nfl,2026,3,401872955,401872955266,1,11:20,(Shotgun) M.Mariota pass incomplete short right to S.Diggs.,3,3,WSH 27,27,0,Washington Commanders,Seattle Seahawks,0,0,24.6,75.4,7.0,0.0,7.0,9.0,7.0,16.0,game,Spread,Washington Commanders,,7.5,polymarket,100,—,—,,0,,hit,,,,—,,
2026-09-27T17:16:08.602614+00:00,nfl,2026,3,401872955,401872955266,1,11:20,(Shotgun) M.Mariota pass incomplete short right to S.Diggs.,3,3,WSH 27,27,0,Washington Commanders,Seattle Seahawks,0,0,24.6,75.4,7.0,0.0,7.0,9.0,7.0,16.0,game,Total,Over,,37.5,prophetx,-104,—,—,,0.0,,miss,,,,—,,
2026-09-27T17:16:08.602614+00:00,nfl,2026,3,401872955,401872955266,1,11:20,(Shotgun) M.Mariota pass incomplete short right to S.Diggs.,3,3,WSH 27,27,0,Washington Commanders,Seattle Seahawks,0,0,24.6,75.4,7.0,0.0,7.0,9.0,7.0,16.0,game,Total,Under,,37.5,bet365,-115,—,—,,0.0,,hit,,,,—,,
2026-09-27T17:16:08.602614+00:00,nfl,2026,3,401872955,401872955266,1,11:20,(Shotgun) M.Mariota pass incomplete short right to S.Diggs.,3,3,WSH 27,27,0,Washington Commanders,Seattle Seahawks,0,0,24.6,75.4,7.0,0.0,7.0,9.0,7.0,16.0,game,ML,Seattle Seahawks,,,polymarket,-377,—,—,,Loss,,miss,,,,—,,
2026-09-27T17:16:08.602614+00:00,nfl,2026,3,401872955,401872955266,1,11:20,(Shotgun) M.Mariota pass incomplete short right to S.Diggs.,3,3,WSH 27,27,0,Washington Commanders,Seattle Seahawks,0,0,24.6,75.4,7.0,0.0,7.0,9.0,7.0,16.0,game,ML,Washington Commanders,,,polymarket,354,—,—,,Loss,,miss,,,,—,,
2026-09-27T17:16:08.602614+00:00,nfl,2026,3,401872955,401872955289,1,11:17,"T.Way punts 58 yards to SEA 15, Center-T.Ott. R.Shaheed to SEA 20 for 5 yards (T.Owens).",4,3,WSH 27,27,0,Washington Commanders,Seattle Seahawks,0,0,24.6,75.4,7.0,0.0,7.0,9.0,7.0,16.0,game,Spread,Seattle Seahawks,,-7.5,polymarket,-109,—,—,,0,,miss,,,,—,,
2026-09-27T17:16:08.602614+00:00,nfl,2026,3,401872955,401872955289,1,11:17,"T.Way punts 58 yards to SEA 15, Center-T.Ott. R.Shaheed to SEA 20 for 5 yards (T.Owens).",4,3,WSH 27,27,0,Washington Commanders,Seattle Seahawks,0,0,24.6,75.4,7.0,0.0,7.0,9.0,7.0,16.0,game,Spread,Washington Commanders,,7.5,polymarket,100,—,—,,0,,hit,,,,—,,
2026-09-27T17:16:08.602614+00:00,nfl,2026,3,401872955,401872955289,1,11:17,"T.Way punts 58 yards to SEA 15, Center-T.Ott. R.Shaheed to SEA 20 for 5 yards (T.Owens).",4,3,WSH 27,27,0,Washington Commanders,Seattle Seahawks,0,0,24.6,75.4,7.0,0.0,7.0,9.0,7.0,16.0,game,Total,Over,,37.5,prophetx,-104,—,—,,0.0,,miss,,,,—,,
2026-09-27T17:16:08.602614+00:00,nfl,2026,3,401872955,401872955289,1,11:17,"T.Way punts 58 yards to SEA 15, Center-T.Ott. R.Shaheed to SEA 20 for 5 yards (T.Owens).",4,3,WSH 27,27,0,Washington Commanders,Seattle Seahawks,0,0,24.6,75.4,7.0,0.0,7.0,9.0,7.0,16.0,game,Total,Under,,37.5,bet365,-115,—,—,,0.0,,hit,,,,—,,
2026-09-27T17:16:08.602614+00:00,nfl,2026,3,401872955,401872955289,1,11:17,"T.Way punts 58 yards to SEA 15, Center-T.Ott. R.Shaheed to SEA 20 for 5 yards (T.Owens).",4,3,WSH 27,27,0,Washington Commanders,Seattle Seahawks,0,0,24.6,75.4,7.0,0.0,7.0,9.0,7.0,16.0,game,ML,Seattle Seahawks,,,polymarket,-377,—,—,,Loss,,miss,,,,—,,
2026-09-27T17:16:08.602614+00:00,nfl,2026,3,401872955,401872955289,1,11:17,"T.Way punts 58 yards to SEA 15, Center-T.Ott. R.Shaheed to SEA 20 for 5 yards (T.Owens).",4,3,WSH 27,27,0,Washington Commanders,Seattle Seahawks,0,0,24.6,75.4,7.0,0.0,7.0,9.0,7.0,16.0,game,ML,Washington Commanders,,,polymarket,354,—,—,,Loss,,miss,,,,—,,
2026-09-27T17:16:08.602614+00:00,nfl,2026,3,401872955,401872955302,1,11:06,Official Timeout at 11:06.,1,10,SEA 20,80,0,Washington Commanders,Seattle Seahawks,0,0,24.6,75.4,7.0,0.0,7.0,9.0,7.0,16.0,game,Spread,Seattle Seahawks,,-7.5,polymarket,-109,—,—,,0,,miss,,,,—,,
2026-09-27T17:16:08.602614+00:00,nfl,2026,3,401872955,401872955302,1,11:06,Official Timeout at 11:06.,1,10,SEA 20,80,0,Washington Commanders,Seattle Seahawks,0,0,24.6,75.4,7.0,0.0,7.0,9.0,7.0,16.0,game,Spread,Washington Commanders,,7.5,polymarket,100,—,—,,0,,hit,,,,—,,
2026-09-27T17:16:08.602614+00:00,nfl,2026,3,401872955,401872955302,1,11:06,Official Timeout at 11:06.,1,10,SEA 20,80,0,Washington Commanders,Seattle Seahawks,0,0,24.6,75.4,7.0,0.0,7.0,9.0,7.0,16.0,game,Total,Over,,37.5,prophetx,-104,—,—,,0.0,,miss,,,,—,,
2026-09-27T17:16:08.602614+00:00,nfl,2026,3,401872955,401872955302,1,11:06,Official Timeout at 11:06.,1,10,SEA 20,80,0,Washington Commanders,Seattle Seahawks,0,0,24.6,75.4,7.0,0.0,7.0,9.0,7.0,16.0,game,Total,Under,,37.5,bet365,-115,—,—,,0.0,,hit,,,,—,,
2026-09-27T17:16:08.602614+00:00,nfl,2026,3,401872955,401872955302,1,11:06,Official Timeout at 11:06.,1,10,SEA 20,80,0,Washington Commanders,Seattle Seahawks,0,0,24.6,75.4,7.0,0.0,7.0,9.0,7.0,16.0,game,ML,Seattle Seahawks,,,polymarket,-377,—,—,,Loss,,miss,,,,—,,
2026-09-27T17:16:08.602614+00:00,nfl,2026,3,401872955,401872955302,1,11:06,Official Timeout at 11:06.,1,10,SEA 20,80,0,Washington Commanders,Seattle Seahawks,0,0,24.6,75.4,7.0,0.0,7.0,9.0,7.0,16.0,game,ML,Washington Commanders,,,polymarket,354,—,—,,Loss,,miss,,,,—,,
2026-09-27T20:12:49.904557+00:00,nfl,2026,3,401872955,401872955315,1,11:06,"J.Price left end to SEA 22 for 2 yards (S.Styles, A.Robertson). FUMBLES (A.Robertson), RECOVERED by WAS-T.Settle at SEA 21.",1,10,SEA 20,80,0,Washington Commanders,Seattle Seahawks,0,0,90.9,9.1,176.0,52.0,228.0,343.0,44.0,387.0,game,Spread,Seattle Seahawks,,-3.5,polymarketus,1718,—,—,,0,,miss,,,,—,,
2026-09-27T20:12:49.904557+00:00,nfl,2026,3,401872955,401872955315,1,11:06,"J.Price left end to SEA 22 for 2 yards (S.Styles, A.Robertson). FUMBLES (A.Robertson), RECOVERED by WAS-T.Settle at SEA 21.",1,10,SEA 20,80,0,Washington Commanders,Seattle Seahawks,0,0,90.9,9.1,176.0,52.0,228.0,343.0,44.0,387.0,game,Spread,Seattle Seahawks,,3.5,polymarketus,1718,—,—,,0,,hit,,,,—,,
2026-09-27T20:12:49.904557+00:00,nfl,2026,3,401872955,401872955315,1,11:06,"J.Price left end to SEA 22 for 2 yards (S.Styles, A.Robertson). FUMBLES (A.Robertson), RECOVERED by WAS-T.Settle at SEA 21.",1,10,SEA 20,80,0,Washington Commanders,Seattle Seahawks,0,0,90.9,9.1,176.0,52.0,228.0,343.0,44.0,387.0,game,Total,Over,,63.5,bet365,-120,—,—,,0.0,,miss,,,,—,,
2026-09-27T20:12:49.904557+00:00,nfl,2026,3,401872955,401872955315,1,11:06,"J.Price left end to SEA 22 for 2 yards (S.Styles, A.Robertson). FUMBLES (A.Robertson), RECOVERED by WAS-T.Settle at SEA 21.",1,10,SEA 20,80,0,Washington Commanders,Seattle Seahawks,0,0,90.9,9.1,176.0,52.0,228.0,343.0,44.0,387.0,game,Total,Under,,63.5,betfair,109,—,—,,0.0,,hit,,,,—,,
2026-09-27T20:12:49.904557+00:00,nfl,2026,3,401872955,401872955315,1,11:06,"J.Price left end to SEA 22 for 2 yards (S.Styles, A.Robertson). FUMBLES (A.Robertson), RECOVERED by WAS-T.Settle at SEA 21.",1,10,SEA 20,80,0,Washington Commanders,Seattle Seahawks,0,0,90.9,9.1,176.0,52.0,228.0,343.0,44.0,387.0,game,ML,Seattle Seahawks,,,polymarket,1150,—,—,,Loss,,miss,,,,—,,
2026-09-27T20:12:49.904557+00:00,nfl,2026,3,401872955,401872955315,1,11:06,"J.Price left end to SEA 22 for 2 yards (S.Styles, A.Robertson). FUMBLES (A.Robertson), RECOVERED by WAS-T.Settle at SEA 21.",1,10,SEA 20,80,0,Washington Commanders,Seattle Seahawks,0,0,90.9,9.1,176.0,52.0,228.0,343.0,44.0,387.0,game,ML,Washington Commanders,,,novig,-1151,—,—,,Loss,,miss,,,,—,,
2026-09-27T20:12:49.904557+00:00,nfl,2026,3,401872955,401872955373,1,11:00,(Shotgun) J.Croskey-Merritt right guard to SEA 12 for 9 yards (J.Jobe; D.Thomas).,1,10,SEA 21,79,0,Washington Commanders,Seattle Seahawks,0,0,90.9,9.1,176.0,52.0,228.0,343.0,44.0,387.0,game,Spread,Seattle Seahawks,,-3.5,polymarketus,1718,—,—,,0,,miss,,,,—,,
2026-09-27T20:12:49.904557+00:00,nfl,2026,3,401872955,401872955373,1,11:00,(Shotgun) J.Croskey-Merritt right guard to SEA 12 for 9 yards (J.Jobe; D.Thomas).,1,10,SEA 21,79,0,Washington Commanders,Seattle Seahawks,0,0,90.9,9.1,176.0,52.0,228.0,343.0,44.0,387.0,game,Spread,Seattle Seahawks,,3.5,polymarketus,1718,—,—,,0,,hit,,,,—,,
2026-09-27T20:12:49.904557+00:00,nfl,2026,3,401872955,401872955373,1,11:00,(Shotgun) J.Croskey-Merritt right guard to SEA 12 for 9 yards (J.Jobe; D.Thomas).,1,10,SEA 21,79,0,Washington Commanders,Seattle Seahawks,0,0,90.9,9.1,176.0,52.0,228.0,343.0,44.0,387.0,game,Total,Over,,63.5,bet365,-120,—,—,,0.0,,miss,,,,—,,
2026-09-27T20:12:49.904557+00:00,nfl,2026,3,401872955,401872955373,1,11:00,(Shotgun) J.Croskey-Merritt right guard to SEA 12 for 9 yards (J.Jobe; D.Thomas).,1,10,SEA 21,79,0,Washington Commanders,Seattle Seahawks,0,0,90.9,9.1,176.0,52.0,228.0,343.0,44.0,387.0,game,Total,Under,,63.5,betfair,109,—,—,,0.0,,hit,,,,—,,
2026-09-27T20:12:49.904557+00:00,nfl,2026,3,401872955,401872955373,1,11:00,(Shotgun) J.Croskey-Merritt right guard to SEA 12 for 9 yards (J.Jobe; D.Thomas).,1,10,SEA 21,79,0,Washington Commanders,Seattle Seahawks,0,0,90.9,9.1,176.0,52.0,228.0,343.0,44.0,387.0,game,ML,Seattle Seahawks,,,polymarket,1150,—,—,,Loss,,miss,,,,—,,
2026-09-27T20:12:49.904557+00:00,nfl,2026,3,401872955,401872955373,1,11:00,(Shotgun) J.Croskey-Merritt right guard to SEA 12 for 9 yards (J.Jobe; D.Thomas).,1,10,SEA 21,79,0,Washington Commanders,Seattle Seahawks,0,0,90.9,9.1,176.0,52.0,228.0,343.0,44.0,387.0,game,ML,Washington Commanders,,,novig,-1151,—,—,,Loss,,miss,,,,—,,
2026-09-27T20:12:49.904557+00:00,nfl,2026,3,401872955,401872955401,1,10:26,(Shotgun) J.Croskey-Merritt right guard to SEA 9 for 3 yards (D.Hall).,2,1,SEA 12,88,0,Washington Commanders,Seattle Seahawks,0,0,90.9,9.1,176.0,52.0,228.0,343.0,44.0,387.0,game,Spread,Seattle Seahawks,,-3.5,polymarketus,1718,—,—,,0,,miss,,,,—,,
2026-09-27T20:12:49.904557+00:00,nfl,2026,3,401872955,401872955401,1,10:26,(Shotgun) J.Croskey-Merritt right guard to SEA 9 for 3 yards (D.Hall).,2,1,SEA 12,88,0,Washington Commanders,Seattle Seahawks,0,0,90.9,9.1,176.0,52.0,228.0,343.0,44.0,387.0,game,Spread,Seattle Seahawks,,3.5,polymarketus,1718,—,—,,0,,hit,,,,—,,
2026-09-27T20:12:49.904557+00:00,nfl,2026,3,401872955,401872955401,1,10:26,(Shotgun) J.Croskey-Merritt right guard to SEA 9 for 3 yards (D.Hall).,2,1,SEA 12,88,0,Washington Commanders,Seattle Seahawks,0,0,90.9,9.1,176.0,52.0,228.0,343.0,44.0,387.0,game,Total,Over,,63.5,bet365,-120,—,—,,0.0,,miss,,,,—,,
2026-09-27T20:12:49.904557+00:00,nfl,2026,3,401872955,401872955401,1,10:26,(Shotgun) J.Croskey-Merritt right guard to SEA 9 for 3 yards (D.Hall).,2,1,SEA 12,88,0,Washington Commanders,Seattle Seahawks,0,0,90.9,9.1,176.0,52.0,228.0,343.0,44.0,387.0,game,Total,Under,,63.5,betfair,109,—,—,,0.0,,hit,,,,—,,
2026-09-27T20:12:49.904557+00:00,nfl,2026,3,401872955,401872955401,1,10:26,(Shotgun) J.Croskey-Merritt right guard to SEA 9 for 3 yards (D.Hall).,2,1,SEA 12,88,0,Washington Commanders,Seattle Seahawks,0,0,90.9,9.1,176.0,52.0,228.0,343.0,44.0,387.0,game,ML,Seattle Seahawks,,,polymarket,1150,—,—,,Loss,,miss,,,,—,,
2026-09-27T20:12:49.904557+00:00,nfl,2026,3,401872955,401872955401,1,10:26,(Shotgun) J.Croskey-Merritt right guard to SEA 9 for 3 yards (D.Hall).,2,1,SEA 12,88,0,Washington Commanders,Seattle Seahawks,0,0,90.9,9.1,176.0,52.0,228.0,343.0,44.0,387.0,game,ML,Washington Commanders,,,novig,-1151,—,—,,Loss,,miss,,,,—,,
2026-09-27T20:12:49.904557+00:00,nfl,2026,3,401872955,401872955423,1,9:50,J.Croskey-Merritt up the middle to SEA 6 for 3 yards (D.Thomas; E.Jones).,1,9,SEA 9,91,0,Washington Commanders,Seattle Seahawks,0,0,90.9,9.1,176.0,52.0,228.0,343.0,44.0,387.0,game,Spread,Seattle Seahawks,,-3.5,polymarketus,1718,—,—,,0,,miss,,,,—,,
2026-09-27T20:12:49.904557+00:00,nfl,2026,3,401872955,401872955423,1,9:50,J.Croskey-Merritt up the middle to SEA 6 for 3 yards (D.Thomas; E.Jones).,1,9,SEA 9,91,0,Washington Commanders,Seattle Seahawks,0,0,90.9,9.1,176.0,52.0,228.0,343.0,44.0,387.0,game,Spread,Seattle Seahawks,,3.5,polymarketus,1718,—,—,,0,,hit,,,,—,,
2026-09-27T20:12:49.904557+00:00,nfl,2026,3,401872955,401872955423,1,9:50,J.Croskey-Merritt up the middle to SEA 6 for 3 yards (D.Thomas; E.Jones).,1,9,SEA 9,91,0,Washington Commanders,Seattle Seahawks,0,0,90.9,9.1,176.0,52.0,228.0,343.0,44.0,387.0,game,Total,Over,,63.5,bet365,-120,—,—,,0.0,,miss,,,,—,,
2026-09-27T20:12:49.904557+00:00,nfl,2026,3,401872955,401872955423,1,9:50,J.Croskey-Merritt up the middle to SEA 6 for 3 yards (D.Thomas; E.Jones).,1,9,SEA 9,91,0,Washington Commanders,Seattle Seahawks,0,0,90.9,9.1,176.0,52.0,228.0,343.0,44.0,387.0,game,Total,Under,,63.5,betfair,109,—,—,,0.0,,hit,,,,—,,
2026-09-27T20:12:49.904557+00:00,nfl,2026,3,401872955,401872955423,1,9:50,J.Croskey-Merritt up the middle to SEA 6 for 3 yards (D.Thomas; E.Jones).,1,9,SEA 9,91,0,Washington Commanders,Seattle Seahawks,0,0,90.9,9.1,176.0,52.0,228.0,343.0,44.0,387.0,game,ML,Seattle Seahawks,,,polymarket,1150,—,—,,Loss,,miss,,,,—,,
2026-09-27T20:12:49.904557+00:00,nfl,2026,3,401872955,401872955423,1,9:50,J.Croskey-Merritt up the middle to SEA 6 for 3 yards (D.Thomas; E.Jones).,1,9,SEA 9,91,0,Washington Commanders,Seattle Seahawks,0,0,90.9,9.1,176.0,52.0,228.0,343.0,44.0,387.0,game,ML,Washington Commanders,,,novig,-1151,—,—,,Loss,,miss,,,,—,,
2026-09-27T20:12:49.904557+00:00,nfl,2026,3,401872955,401872955479,1,9:08,Official Timeout at 09:08.,-1,10,SEA 15,85,7,Washington Commanders,Seattle Seahawks,7,0,90.9,9.1,176.0,52.0,228.0,343.0,44.0,387.0,game,Spread,Seattle Seahawks,,-3.5,polymarketus,1718,—,—,,+7,,miss,,,,—,,
2026-09-27T20:12:49.904557+00:00,nfl,2026,3,401872955,401872955479,1,9:08,Official Timeout at 09:08.,-1,10,SEA 15,85,7,Washington Commanders,Seattle Seahawks,7,0,90.9,9.1,176.0,52.0,228.0,343.0,44.0,387.0,game,Spread,Seattle Seahawks,,3.5,polymarketus,1718,—,—,,+7,,hit,,,,—,,
2026-09-27T20:12:49.904557+00:00,nfl,2026,3,401872955,401872955479,1,9:08,Official Timeout at 09:08.,-1,10,SEA 15,85,7,Washington Commanders,Seattle Seahawks,7,0,90.9,9.1,176.0,52.0,228.0,343.0,44.0,387.0,game,Total,Over,,63.5,bet365,-120,—,—,,7.0,,miss,,,,—,,
2026-09-27T20:12:49.904557+00:00,nfl,2026,3,401872955,401872955479,1,9:08,Official Timeout at 09:08.,-1,10,SEA 15,85,7,Washington Commanders,Seattle Seahawks,7,0,90.9,9.1,176.0,52.0,228.0,343.0,44.0,387.0,game,Total,Under,,63.5,betfair,109,—,—,,7.0,,hit,,,,—,,
2026-09-27T20:12:49.904557+00:00,nfl,2026,3,401872955,401872955479,1,9:08,Official Timeout at 09:08.,-1,10,SEA 15,85,7,Washington Commanders,Seattle Seahawks,7,0,90.9,9.1,176.0,52.0,228.0,343.0,44.0,387.0,game,ML,Seattle Seahawks,,,polymarket,1150,—,—,,Loss,,miss,,,,—,,
2026-09-27T20:12:49.904557+00:00,nfl,2026,3,401872955,401872955479,1,9:08,Official Timeout at 09:08.,-1,10,SEA 15,85,7,Washington Commanders,Seattle Seahawks,7,0,90.9,9.1,176.0,52.0,228.0,343.0,44.0,387.0,game,ML,Washington Commanders,,,novig,-1151,—,—,,Win,,hit,,,,—,,
2026-09-27T20:12:49.904557+00:00,nfl,2026,3,401872955,401872955445,1,9:08,"(Shotgun) M.Mariota pass short middle to R.White for 6 yards, TOUCHDOWN. D.Stevens extra point is GOOD, Center-T.Ott, Holder-T.Way.",2,6,SEA 6,94,7,Washington Commanders,Seattle Seahawks,7,0,90.9,9.1,176.0,52.0,228.0,343.0,44.0,387.0,game,Spread,Seattle Seahawks,,-3.5,polymarketus,1718,—,—,,+7,,miss,,,,—,,
2026-09-27T20:12:49.904557+00:00,nfl,2026,3,401872955,401872955445,1,9:08,"(Shotgun) M.Mariota pass short middle to R.White for 6 yards, TOUCHDOWN. D.Stevens extra point is GOOD, Center-T.Ott, Holder-T.Way.",2,6,SEA 6,94,7,Washington Commanders,Seattle Seahawks,7,0,90.9,9.1,176.0,52.0,228.0,343.0,44.0,387.0,game,Spread,Seattle Seahawks,,3.5,polymarketus,1718,—,—,,+7,,hit,,,,—,,
2026-09-27T20:12:49.904557+00:00,nfl,2026,3,401872955,401872955445,1,9:08,"(Shotgun) M.Mariota pass short middle to R.White for 6 yards, TOUCHDOWN. D.Stevens extra point is GOOD, Center-T.Ott, Holder-T.Way.",2,6,SEA 6,94,7,Washington Commanders,Seattle Seahawks,7,0,90.9,9.1,176.0,52.0,228.0,343.0,44.0,387.0,game,Total,Over,,63.5,bet365,-120,—,—,,7.0,,miss,,,,—,,
2026-09-27T20:12:49.904557+00:00,nfl,2026,3,401872955,401872955445,1,9:08,"(Shotgun) M.Mariota pass short middle to R.White for 6 yards, TOUCHDOWN. D.Stevens extra point is GOOD, Center-T.Ott, Holder-T.Way.",2,6,SEA 6,94,7,Washington Commanders,Seattle Seahawks,7,0,90.9,9.1,176.0,52.0,228.0,343.0,44.0,387.0,game,Total,Under,,63.5,betfair,109,—,—,,7.0,,hit,,,,—,,
2026-09-27T20:12:49.904557+00:00,nfl,2026,3,401872955,401872955445,1,9:08,"(Shotgun) M.Mariota pass short middle to R.White for 6 yards, TOUCHDOWN. D.Stevens extra point is GOOD, Center-T.Ott, Holder-T.Way.",2,6,SEA 6,94,7,Washington Commanders,Seattle Seahawks,7,0,90.9,9.1,176.0,52.0,228.0,343.0,44.0,387.0,game,ML,Seattle Seahawks,,,polymarket,1150,—,—,,Loss,,miss,,,,—,,
2026-09-27T20:12:49.904557+00:00,nfl,2026,3,401872955,401872955445,1,9:08,"(Shotgun) M.Mariota pass short middle to R.White for 6 yards, TOUCHDOWN. D.Stevens extra point is GOOD, Center-T.Ott, Holder-T.Way.",2,6,SEA 6,94,7,Washington Commanders,Seattle Seahawks,7,0,90.9,9.1,176.0,52.0,228.0,343.0,44.0,387.0,game,ML,Washington Commanders,,,novig,-1151,—,—,,Win,,hit,,,,—,,
2026-09-27T20:12:49.904557+00:00,nfl,2026,3,401872955,401872955486,1,9:08,"D.Stevens kicks 65 yards from WAS 35 to landing zone to end zone, Touchback to the SEA 20.",1,10,SEA 32,35,7,Washington Commanders,Seattle Seahawks,7,0,90.9,9.1,176.0,52.0,228.0,343.0,44.0,387.0,game,Spread,Seattle Seahawks,,-3.5,polymarketus,1718,—,—,,+7,,miss,,,,—,,
2026-09-27T20:12:49.904557+00:00,nfl,2026,3,401872955,401872955486,1,9:08,"D.Stevens kicks 65 yards from WAS 35 to landing zone to end zone, Touchback to the SEA 20.",1,10,SEA 32,35,7,Washington Commanders,Seattle Seahawks,7,0,90.9,9.1,176.0,52.0,228.0,343.0,44.0,387.0,game,Spread,Seattle Seahawks,,3.5,polymarketus,1718,—,—,,+7,,hit,,,,—,,
2026-09-27T20:12:49.904557+00:00,nfl,2026,3,401872955,401872955486,1,9:08,"D.Stevens kicks 65 yards from WAS 35 to landing zone to end zone, Touchback to the SEA 20.",1,10,SEA 32,35,7,Washington Commanders,Seattle Seahawks,7,0,90.9,9.1,176.0,52.0,228.0,343.0,44.0,387.0,game,Total,Over,,63.5,bet365,-120,—,—,,7.0,,miss,,,,—,,
2026-09-27T20:12:49.904557+00:00,nfl,2026,3,401872955,401872955486,1,9:08,"D.Stevens kicks 65 yards from WAS 35 to landing zone to end zone, Touchback to the SEA 20.",1,10,SEA 32,35,7,Washington Commanders,Seattle Seahawks,7,0,90.9,9.1,176.0,52.0,228.0,343.0,44.0,387.0,game,Total,Under,,63.5,betfair,109,—,—,,7.0,,hit,,,,—,,
2026-09-27T20:12:49.904557+00:00,nfl,2026,3,401872955,401872955486,1,9:08,"D.Stevens kicks 65 yards from WAS 35 to landing zone to end zone, Touchback to the SEA 20.",1,10,SEA 32,35,7,Washington Commanders,Seattle Seahawks,7,0,90.9,9.1,176.0,52.0,228.0,343.0,44.0,387.0,game,ML,Seattle Seahawks,,,polymarket,1150,—,—,,Loss,,miss,,,,—,,
2026-09-27T20:12:49.904557+00:00,nfl,2026,3,401872955,401872955486,1,9:08,"D.Stevens kicks 65 yards from WAS 35 to landing zone to end zone, Touchback to the SEA 20.",1,10,SEA 32,35,7,Washington Commanders,Seattle Seahawks,7,0,90.9,9.1,176.0,52.0,228.0,343.0,44.0,387.0,game,ML,Washington Commanders,,,novig,-1151,—,—,,Win,,hit,,,,—,,
2026-09-27T20:12:49.904557+00:00,nfl,2026,3,401872955,401872955510,1,9:08,S.Darnold pass incomplete short right.,1,10,SEA 20,80,7,Washington Commanders,Seattle Seahawks,7,0,90.9,9.1,176.0,52.0,228.0,343.0,44.0,387.0,game,Spread,Seattle Seahawks,,-3.5,polymarketus,1718,—,—,,+7,,miss,,,,—,,
2026-09-27T20:12:49.904557+00:00,nfl,2026,3,401872955,401872955510,1,9:08,S.Darnold pass incomplete short right.,1,10,SEA 20,80,7,Washington Commanders,Seattle Seahawks,7,0,90.9,9.1,176.0,52.0,228.0,343.0,44.0,387.0,game,Spread,Seattle Seahawks,,3.5,polymarketus,1718,—,—,,+7,,hit,,,,—,,
2026-09-27T20:12:49.904557+00:00,nfl,2026,3,401872955,401872955510,1,9:08,S.Darnold pass incomplete short right.,1,10,SEA 20,80,7,Washington Commanders,Seattle Seahawks,7,0,90.9,9.1,176.0,52.0,228.0,343.0,44.0,387.0,game,Total,Over,,63.5,bet365,-120,—,—,,7.0,,miss,,,,—,,
2026-09-27T20:12:49.904557+00:00,nfl,2026,3,401872955,401872955510,1,9:08,S.Darnold pass incomplete short right.,1,10,SEA 20,80,7,Washington Commanders,Seattle Seahawks,7,0,90.9,9.1,176.0,52.0,228.0,343.0,44.0,387.0,game,Total,Under,,63.5,betfair,109,—,—,,7.0,,hit,,,,—,,
2026-09-27T20:12:49.904557+00:00,nfl,2026,3,401872955,401872955510,1,9:08,S.Darnold pass incomplete short right.,1,10,SEA 20,80,7,Washington Commanders,Seattle Seahawks,7,0,90.9,9.1,176.0,52.0,228.0,343.0,44.0,387.0,game,ML,Seattle Seahawks,,,polymarket,1150,—,—,,Loss,,miss,,,,—,,
2026-09-27T20:12:49.904557+00:00,nfl,2026,3,401872955,401872955510,1,9:08,S.Darnold pass incomplete short right.,1,10,SEA 20,80,7,Washington Commanders,Seattle Seahawks,7,0,90.9,9.1,176.0,52.0,228.0,343.0,44.0,387.0,game,ML,Washington Commanders,,,novig,-1151,—,—,,Win,,hit,,,,—,,
2026-09-27T20:12:49.904557+00:00,nfl,2026,3,401872955,401872955533,1,9:02,(Shotgun) E.Wilson right guard to SEA 22 for 2 yards (O.Oweh; J.Reaves).,2,10,SEA 20,80,7,Washington Commanders,Seattle Seahawks,7,0,90.9,9.1,176.0,52.0,228.0,343.0,44.0,387.0,game,Spread,Seattle Seahawks,,5.5,bet365,-105,—,—,,+7,,miss,,,,—,,
2026-09-27T20:12:49.904557+00:00,nfl,2026,3,401872955,401872955533,1,9:02,(Shotgun) E.Wilson right guard to SEA 22 for 2 yards (O.Oweh; J.Reaves).,2,10,SEA 20,80,7,Washington Commanders,Seattle Seahawks,7,0,90.9,9.1,176.0,52.0,228.0,343.0,44.0,387.0,game,Spread,Washington Commanders,,-5.5,bet365,-125,—,—,,+7,,hit,,,,—,,
2026-09-27T20:12:49.904557+00:00,nfl,2026,3,401872955,401872955533,1,9:02,(Shotgun) E.Wilson right guard to SEA 22 for 2 yards (O.Oweh; J.Reaves).,2,10,SEA 20,80,7,Washington Commanders,Seattle Seahawks,7,0,90.9,9.1,176.0,52.0,228.0,343.0,44.0,387.0,game,Total,Over,,63.5,bet365,-120,—,—,,7.0,,miss,,,,—,,
2026-09-27T20:12:49.904557+00:00,nfl,2026,3,401872955,401872955533,1,9:02,(Shotgun) E.Wilson right guard to SEA 22 for 2 yards (O.Oweh; J.Reaves).,2,10,SEA 20,80,7,Washington Commanders,Seattle Seahawks,7,0,90.9,9.1,176.0,52.0,228.0,343.0,44.0,387.0,game,Total,Under,,63.5,betfair,109,—,—,,7.0,,hit,,,,—,,
2026-09-27T20:12:49.904557+00:00,nfl,2026,3,401872955,401872955533,1,9:02,(Shotgun) E.Wilson right guard to SEA 22 for 2 yards (O.Oweh; J.Reaves).,2,10,SEA 20,80,7,Washington Commanders,Seattle Seahawks,7,0,90.9,9.1,176.0,52.0,228.0,343.0,44.0,387.0,game,ML,Seattle Seahawks,,,polymarket,733,—,—,,Loss,,miss,,,,—,,
2026-09-27T20:12:49.904557+00:00,nfl,2026,3,401872955,401872955533,1,9:02,(Shotgun) E.Wilson right guard to SEA 22 for 2 yards (O.Oweh; J.Reaves).,2,10,SEA 20,80,7,Washington Commanders,Seattle Seahawks,7,0,90.9,9.1,176.0,52.0,228.0,343.0,44.0,387.0,game,ML,Washington Commanders,,,kalshi,40844,—,—,,Win,,hit,,,,—,,
2026-09-27T20:12:49.904557+00:00,nfl,2026,3,401872955,401872955555,1,8:20,(Shotgun) S.Darnold pass short left to G.Holani to SEA 28 for 6 yards (J.Reaves; S.Styles).,3,8,SEA 22,78,7,Washington Commanders,Seattle Seahawks,7,0,90.9,9.1,176.0,52.0,228.0,343.0,44.0,387.0,game,Spread,Seattle Seahawks,,5.5,bet365,-105,—,—,,+7,,miss,,,,—,,
2026-09-27T20:12:49.904557+00:00,nfl,2026,3,401872955,401872955555,1,8:20,(Shotgun) S.Darnold pass short left to G.Holani to SEA 28 for 6 yards (J.Reaves; S.Styles).,3,8,SEA 22,78,7,Washington Commanders,Seattle Seahawks,7,0,90.9,9.1,176.0,52.0,228.0,343.0,44.0,387.0,game,Spread,Washington Commanders,,-5.5,bet365,-125,—,—,,+7,,hit,,,,—,,
2026-09-27T20:12:49.904557+00:00,nfl,2026,3,401872955,401872955555,1,8:20,(Shotgun) S.Darnold pass short left to G.Holani to SEA 28 for 6 yards (J.Reaves; S.Styles).,3,8,SEA 22,78,7,Washington Commanders,Seattle Seahawks,7,0,90.9,9.1,176.0,52.0,228.0,343.0,44.0,387.0,game,Total,Over,,63.5,bet365,-120,—,—,,7.0,,miss,,,,—,,
2026-09-27T20:12:49.904557+00:00,nfl,2026,3,401872955,401872955555,1,8:20,(Shotgun) S.Darnold pass short left to G.Holani to SEA 28 for 6 yards (J.Reaves; S.Styles).,3,8,SEA 22,78,7,Washington Commanders,Seattle Seahawks,7,0,90.9,9.1,176.0,52.0,228.0,343.0,44.0,387.0,game,Total,Under,,63.5,betfair,109,—,—,,7.0,,hit,,,,—,,
2026-09-27T20:12:49.904557+00:00,nfl,2026,3,401872955,401872955555,1,8:20,(Shotgun) S.Darnold pass short left to G.Holani to SEA 28 for 6 yards (J.Reaves; S.Styles).,3,8,SEA 22,78,7,Washington Commanders,Seattle Seahawks,7,0,90.9,9.1,176.0,52.0,228.0,343.0,44.0,387.0,game,ML,Seattle Seahawks,,,polymarket,733,—,—,,Loss,,miss,,,,—,,
2026-09-27T20:12:49.904557+00:00,nfl,2026,3,401872955,401872955555,1,8:20,(Shotgun) S.Darnold pass short left to G.Holani to SEA 28 for 6 yards (J.Reaves; S.Styles).,3,8,SEA 22,78,7,Washington Commanders,Seattle Seahawks,7,0,90.9,9.1,176.0,52.0,228.0,343.0,44.0,387.0,game,ML,Washington Commanders,,,kalshi,40844,—,—,,Win,,hit,,,,—,,
2026-09-27T20:12:49.904557+00:00,nfl,2026,3,401872955,401872955580,1,7:37,"M.Dickson punts 44 yards to WAS 28, Center-C.Stoll, out of bounds.",4,2,SEA 28,72,7,Washington Commanders,Seattle Seahawks,7,0,90.9,9.1,176.0,52.0,228.0,343.0,44.0,387.0,game,Spread,Seattle Seahawks,,5.5,bet365,-105,—,—,,+7,,miss,,,,—,,
2026-09-27T20:12:49.904557+00:00,nfl,2026,3,401872955,401872955580,1,7:37,"M.Dickson punts 44 yards to WAS 28, Center-C.Stoll, out of bounds.",4,2,SEA 28,72,7,Washington Commanders,Seattle Seahawks,7,0,90.9,9.1,176.0,52.0,228.0,343.0,44.0,387.0,game,Spread,Washington Commanders,,-5.5,bet365,-125,—,—,,+7,,hit,,,,—,,
2026-09-27T20:12:49.904557+00:00,nfl,2026,3,401872955,401872955580,1,7:37,"M.Dickson punts 44 yards to WAS 28, Center-C.Stoll, out of bounds.",4,2,SEA 28,72,7,Washington Commanders,Seattle Seahawks,7,0,90.9,9.1,176.0,52.0,228.0,343.0,44.0,387.0,game,Total,Over,,63.5,bet365,-120,—,—,,7.0,,miss,,,,—,,
2026-09-27T20:12:49.904557+00:00,nfl,2026,3,401872955,401872955580,1,7:37,"M.Dickson punts 44 yards to WAS 28, Center-C.Stoll, out of bounds.",4,2,SEA 28,72,7,Washington Commanders,Seattle Seahawks,7,0,90.9,9.1,176.0,52.0,228.0,343.0,44.0,387.0,game,Total,Under,,63.5,betfair,109,—,—,,7.0,,hit,,,,—,,
2026-09-27T20:12:49.904557+00:00,nfl,2026,3,401872955,401872955580,1,7:37,"M.Dickson punts 44 yards to WAS 28, Center-C.Stoll, out of bounds.",4,2,SEA 28,72,7,Washington Commanders,Seattle Seahawks,7,0,90.9,9.1,176.0,52.0,228.0,343.0,44.0,387.0,game,ML,Seattle Seahawks,,,polymarket,733,—,—,,Loss,,miss,,,,—,,
2026-09-27T20:12:49.904557+00:00,nfl,2026,3,401872955,401872955580,1,7:37,"M.Dickson punts 44 yards to WAS 28, Center-C.Stoll, out of bounds.",4,2,SEA 28,72,7,Washington Commanders,Seattle Seahawks,7,0,90.9,9.1,176.0,52.0,228.0,343.0,44.0,387.0,game,ML,Washington Commanders,,,kalshi,40844,—,—,,Win,,hit,,,,—,,
2026-09-27T20:12:49.904557+00:00,nfl,2026,3,401872955,401872955590,1,7:29,Official Timeout at 07:29.,1,10,WSH 28,28,7,Washington Commanders,Seattle Seahawks,7,0,90.9,9.1,176.0,52.0,228.0,343.0,44.0,387.0,game,Spread,Seattle Seahawks,,5.5,bet365,-105,—,—,,+7,,miss,,,,—,,
2026-09-27T20:12:49.904557+00:00,nfl,2026,3,401872955,401872955590,1,7:29,Official Timeout at 07:29.,1,10,WSH 28,28,7,Washington Commanders,Seattle Seahawks,7,0,90.9,9.1,176.0,52.0,228.0,343.0,44.0,387.0,game,Spread,Washington Commanders,,-5.5,bet365,-125,—,—,,+7,,hit,,,,—,,
2026-09-27T20:12:49.904557+00:00,nfl,2026,3,401872955,401872955590,1,7:29,Official Timeout at 07:29.,1,10,WSH 28,28,7,Washington Commanders,Seattle Seahawks,7,0,90.9,9.1,176.0,52.0,228.0,343.0,44.0,387.0,game,Total,Over,,63.5,bet365,-120,—,—,,7.0,,miss,,,,—,,
2026-09-27T20:12:49.904557+00:00,nfl,2026,3,401872955,401872955590,1,7:29,Official Timeout at 07:29.,1,10,WSH 28,28,7,Washington Commanders,Seattle Seahawks,7,0,90.9,9.1,176.0,52.0,228.0,343.0,44.0,387.0,game,Total,Under,,63.5,betfair,109,—,—,,7.0,,hit,,,,—,,
2026-09-27T20:12:49.904557+00:00,nfl,2026,3,401872955,401872955590,1,7:29,Official Timeout at 07:29.,1,10,WSH 28,28,7,Washington Commanders,Seattle Seahawks,7,0,90.9,9.1,176.0,52.0,228.0,343.0,44.0,387.0,game,ML,Seattle Seahawks,,,polymarket,733,—,—,,Loss,,miss,,,,—,,
2026-09-27T20:12:49.904557+00:00,nfl,2026,3,401872955,401872955590,1,7:29,Official Timeout at 07:29.,1,10,WSH 28,28,7,Washington Commanders,Seattle Seahawks,7,0,90.9,9.1,176.0,52.0,228.0,343.0,44.0,387.0,game,ML,Washington Commanders,,,kalshi,40844,—,—,,Win,,hit,,,,—,,
2026-09-27T20:12:49.904557+00:00,nfl,2026,3,401872955,401872955599,1,7:29,M.Mariota pass incomplete short right to C.Yankoff [D.Lawrence].,1,10,WSH 28,28,7,Washington Commanders,Seattle Seahawks,7,0,90.9,9.1,176.0,52.0,228.0,343.0,44.0,387.0,game,Spread,Seattle Seahawks,,5.5,bet365,-105,—,—,,+7,,miss,,,,—,,
2026-09-27T20:12:49.904557+00:00,nfl,2026,3,401872955,401872955599,1,7:29,M.Mariota pass incomplete short right to C.Yankoff [D.Lawrence].,1,10,WSH 28,28,7,Washington Commanders,Seattle Seahawks,7,0,90.9,9.1,176.0,52.0,228.0,343.0,44.0,387.0,game,Spread,Washington Commanders,,-5.5,bet365,-125,—,—,,+7,,hit,,,,—,,
2026-09-27T20:12:49.904557+00:00,nfl,2026,3,401872955,401872955599,1,7:29,M.Mariota pass incomplete short right to C.Yankoff [D.Lawrence].,1,10,WSH 28,28,7,Washington Commanders,Seattle Seahawks,7,0,90.9,9.1,176.0,52.0,228.0,343.0,44.0,387.0,game,Total,Over,,63.5,bet365,-120,—,—,,7.0,,miss,,,,—,,
2026-09-27T20:12:49.904557+00:00,nfl,2026,3,401872955,401872955599,1,7:29,M.Mariota pass incomplete short right to C.Yankoff [D.Lawrence].,1,10,WSH 28,28,7,Washington Commanders,Seattle Seahawks,7,0,90.9,9.1,176.0,52.0,228.0,343.0,44.0,387.0,game,Total,Under,,63.5,betfair,109,—,—,,7.0,,hit,,,,—,,
2026-09-27T20:12:49.904557+00:00,nfl,2026,3,401872955,401872955599,1,7:29,M.Mariota pass incomplete short right to C.Yankoff [D.Lawrence].,1,10,WSH 28,28,7,Washington Commanders,Seattle Seahawks,7,0,90.9,9.1,176.0,52.0,228.0,343.0,44.0,387.0,game,ML,Seattle Seahawks,,,polymarket,733,—,—,,Loss,,miss,,,,—,,
2026-09-27T20:12:49.904557+00:00,nfl,2026,3,401872955,401872955599,1,7:29,M.Mariota pass incomplete short right to C.Yankoff [D.Lawrence].,1,10,WSH 28,28,7,Washington Commanders,Seattle Seahawks,7,0,90.9,9.1,176.0,52.0,228.0,343.0,44.0,387.0,game,ML,Washington Commanders,,,kalshi,40844,—,—,,Win,,hit,,,,—,,
2026-09-27T20:12:49.904557+00:00,nfl,2026,3,401872955,401872955629,1,7:26,J.Croskey-Merritt right guard to WAS 28 for no gain (B.Murphy).,2,10,WSH 28,28,7,Washington Commanders,Seattle Seahawks,7,0,90.9,9.1,176.0,52.0,228.0,343.0,44.0,387.0,game,Spread,Seattle Seahawks,,5.5,bet365,-105,—,—,,+7,,miss,,,,—,,
2026-09-27T20:12:49.904557+00:00,nfl,2026,3,401872955,401872955629,1,7:26,J.Croskey-Merritt right guard to WAS 28 for no gain (B.Murphy).,2,10,WSH 28,28,7,Washington Commanders,Seattle Seahawks,7,0,90.9,9.1,176.0,52.0,228.0,343.0,44.0,387.0,game,Spread,Washington Commanders,,-5.5,bet365,-125,—,—,,+7,,hit,,,,—,,
2026-09-27T20:12:49.904557+00:00,nfl,2026,3,401872955,401872955629,1,7:26,J.Croskey-Merritt right guard to WAS 28 for no gain (B.Murphy).,2,10,WSH 28,28,7,Washington Commanders,Seattle Seahawks,7,0,90.9,9.1,176.0,52.0,228.0,343.0,44.0,387.0,game,Total,Over,,63.5,bet365,-120,—,—,,7.0,,miss,,,,—,,
2026-09-27T20:12:49.904557+00:00,nfl,2026,3,401872955,401872955629,1,7:26,J.Croskey-Merritt right guard to WAS 28 for no gain (B.Murphy).,2,10,WSH 28,28,7,Washington Commanders,Seattle Seahawks,7,0,90.9,9.1,176.0,52.0,228.0,343.0,44.0,387.0,game,Total,Under,,63.5,betfair,109,—,—,,7.0,,hit,,,,—,,
2026-09-27T20:12:49.904557+00:00,nfl,2026,3,401872955,401872955629,1,7:26,J.Croskey-Merritt right guard to WAS 28 for no gain (B.Murphy).,2,10,WSH 28,28,7,Washington Commanders,Seattle Seahawks,7,0,90.9,9.1,176.0,52.0,228.0,343.0,44.0,387.0,game,ML,Seattle Seahawks,,,polymarket,733,—,—,,Loss,,miss,,,,—,,
2026-09-27T20:12:49.904557+00:00,nfl,2026,3,401872955,401872955629,1,7:26,J.Croskey-Merritt right guard to WAS 28 for no gain (B.Murphy).,2,10,WSH 28,28,7,Washington Commanders,Seattle Seahawks,7,0,90.9,9.1,176.0,52.0,228.0,343.0,44.0,387.0,game,ML,Washington Commanders,,,kalshi,40844,—,—,,Win,,hit,,,,—,,
2026-09-27T20:12:49.904557+00:00,nfl,2026,3,401872955,401872955651,1,6:56,(Shotgun) M.Mariota pass short left to T.McLaurin pushed ob at WAS 39 for 11 yards (D.Witherspoon).,3,10,WSH 28,28,7,Washington Commanders,Seattle Seahawks,7,0,90.9,9.1,176.0,52.0,228.0,343.0,44.0,387.0,game,Spread,Seattle Seahawks,,5.5,bet365,-105,—,—,,+7,,miss,,,,—,,
2026-09-27T20:12:49.904557+00:00,nfl,2026,3,401872955,401872955651,1,6:56,(Shotgun) M.Mariota pass short left to T.McLaurin pushed ob at WAS 39 for 11 yards (D.Witherspoon).,3,10,WSH 28,28,7,Washington Commanders,Seattle Seahawks,7,0,90.9,9.1,176.0,52.0,228.0,343.0,44.0,387.0,game,Spread,Washington Commanders,,-5.5,bet365,-125,—,—,,+7,,hit,,,,—,,
2026-09-27T20:12:49.904557+00:00,nfl,2026,3,401872955,401872955651,1,6:56,(Shotgun) M.Mariota pass short left to T.McLaurin pushed ob at WAS 39 for 11 yards (D.Witherspoon).,3,10,WSH 28,28,7,Washington Commanders,Seattle Seahawks,7,0,90.9,9.1,176.0,52.0,228.0,343.0,44.0,387.0,game,Total,Over,,63.5,bet365,-120,—,—,,7.0,,miss,,,,—,,
2026-09-27T20:12:49.904557+00:00,nfl,2026,3,401872955,401872955651,1,6:56,(Shotgun) M.Mariota pass short left to T.McLaurin pushed ob at WAS 39 for 11 yards (D.Witherspoon).,3,10,WSH 28,28,7,Washington Commanders,Seattle Seahawks,7,0,90.9,9.1,176.0,52.0,228.0,343.0,44.0,387.0,game,Total,Under,,63.5,betfair,109,—,—,,7.0,,hit,,,,—,,
2026-09-27T20:12:49.904557+00:00,nfl,2026,3,401872955,401872955651,1,6:56,(Shotgun) M.Mariota pass short left to T.McLaurin pushed ob at WAS 39 for 11 yards (D.Witherspoon).,3,10,WSH 28,28,7,Washington Commanders,Seattle Seahawks,7,0,90.9,9.1,176.0,52.0,228.0,343.0,44.0,387.0,game,ML,Seattle Seahawks,,,polymarket,733,—,—,,Loss,,miss,,,,—,,
2026-09-27T20:12:49.904557+00:00,nfl,2026,3,401872955,401872955651,1,6:56,(Shotgun) M.Mariota pass short left to T.McLaurin pushed ob at WAS 39 for 11 yards (D.Witherspoon).,3,10,WSH 28,28,7,Washington Commanders,Seattle Seahawks,7,0,90.9,9.1,176.0,52.0,228.0,343.0,44.0,387.0,game,ML,Washington Commanders,,,kalshi,40844,—,—,,Win,,hit,,,,—,,
2026-09-27T20:12:49.904557+00:00,nfl,2026,3,401872955,401872955681,1,6:14,"(Shotgun) PENALTY on WAS-J.Conerly, False Start, 5 yards, enforced at WAS 39 - No Play.",1,10,WSH 39,39,7,Washington Commanders,Seattle Seahawks,7,0,90.9,9.1,176.0,52.0,228.0,343.0,44.0,387.0,game,Spread,Seattle Seahawks,,5.5,bet365,-105,—,—,,+7,,miss,,,,—,,
2026-09-27T20:12:49.904557+00:00,nfl,2026,3,401872955,401872955681,1,6:14,"(Shotgun) PENALTY on WAS-J.Conerly, False Start, 5 yards, enforced at WAS 39 - No Play.",1,10,WSH 39,39,7,Washington Commanders,Seattle Seahawks,7,0,90.9,9.1,176.0,52.0,228.0,343.0,44.0,387.0,game,Spread,Washington Commanders,,-5.5,bet365,-125,—,—,,+7,,hit,,,,—,,
2026-09-27T20:12:49.904557+00:00,nfl,2026,3,401872955,401872955681,1,6:14,"(Shotgun) PENALTY on WAS-J.Conerly, False Start, 5 yards, enforced at WAS 39 - No Play.",1,10,WSH 39,39,7,Washington Commanders,Seattle Seahawks,7,0,90.9,9.1,176.0,52.0,228.0,343.0,44.0,387.0,game,Total,Over,,63.5,bet365,-120,—,—,,7.0,,miss,,,,—,,
2026-09-27T20:12:49.904557+00:00,nfl,2026,3,401872955,401872955681,1,6:14,"(Shotgun) PENALTY on WAS-J.Conerly, False Start, 5 yards, enforced at WAS 39 - No Play.",1,10,WSH 39,39,7,Washington Commanders,Seattle Seahawks,7,0,90.9,9.1,176.0,52.0,228.0,343.0,44.0,387.0,game,Total,Under,,63.5,betfair,109,—,—,,7.0,,hit,,,,—,,
2026-09-27T20:12:49.904557+00:00,nfl,2026,3,401872955,401872955681,1,6:14,"(Shotgun) PENALTY on WAS-J.Conerly, False Start, 5 yards, enforced at WAS 39 - No Play.",1,10,WSH 39,39,7,Washington Commanders,Seattle Seahawks,7,0,90.9,9.1,176.0,52.0,228.0,343.0,44.0,387.0,game,ML,Seattle Seahawks,,,polymarket,733,—,—,,Loss,,miss,,,,—,,
2026-09-27T20:12:49.904557+00:00,nfl,2026,3,401872955,401872955681,1,6:14,"(Shotgun) PENALTY on WAS-J.Conerly, False Start, 5 yards, enforced at WAS 39 - No Play.",1,10,WSH 39,39,7,Washington Commanders,Seattle Seahawks,7,0,90.9,9.1,176.0,52.0,228.0,343.0,44.0,387.0,game,ML,Washington Commanders,,,kalshi,40844,—,—,,Win,,hit,,,,—,,
2026-09-27T20:12:49.904557+00:00,nfl,2026,3,401872955,401872955705,1,5:53,(Shotgun) R.White left end to WAS 36 for 2 yards (D.Lawrence).,1,15,WSH 34,34,7,Washington Commanders,Seattle Seahawks,7,0,90.9,9.1,176.0,52.0,228.0,343.0,44.0,387.0,game,Spread,Seattle Seahawks,,5.5,bet365,-105,—,—,,+7,,miss,,,,—,,
2026-09-27T20:12:49.904557+00:00,nfl,2026,3,401872955,401872955705,1,5:53,(Shotgun) R.White left end to WAS 36 for 2 yards (D.Lawrence).,1,15,WSH 34,34,7,Washington Commanders,Seattle Seahawks,7,0,90.9,9.1,176.0,52.0,228.0,343.0,44.0,387.0,game,Spread,Washington Commanders,,-5.5,bet365,-125,—,—,,+7,,hit,,,,—,,
2026-09-27T20:12:49.904557+00:00,nfl,2026,3,401872955,401872955705,1,5:53,(Shotgun) R.White left end to WAS 36 for 2 yards (D.Lawrence).,1,15,WSH 34,34,7,Washington Commanders,Seattle Seahawks,7,0,90.9,9.1,176.0,52.0,228.0,343.0,44.0,387.0,game,Total,Over,,63.5,bet365,-120,—,—,,7.0,,miss,,,,—,,
2026-09-27T20:12:49.904557+00:00,nfl,2026,3,401872955,401872955705,1,5:53,(Shotgun) R.White left end to WAS 36 for 2 yards (D.Lawrence).,1,15,WSH 34,34,7,Washington Commanders,Seattle Seahawks,7,0,90.9,9.1,176.0,52.0,228.0,343.0,44.0,387.0,game,Total,Under,,63.5,betfair,109,—,—,,7.0,,hit,,,,—,,
2026-09-27T20:12:49.904557+00:00,nfl,2026,3,401872955,401872955705,1,5:53,(Shotgun) R.White left end to WAS 36 for 2 yards (D.Lawrence).,1,15,WSH 34,34,7,Washington Commanders,Seattle Seahawks,7,0,90.9,9.1,176.0,52.0,228.0,343.0,44.0,387.0,game,ML,Seattle Seahawks,,,polymarket,733,—,—,,Loss,,miss,,,,—,,
2026-09-27T20:12:49.904557+00:00,nfl,2026,3,401872955,401872955705,1,5:53,(Shotgun) R.White left end to WAS 36 for 2 yards (D.Lawrence).,1,15,WSH 34,34,7,Washington Commanders,Seattle Seahawks,7,0,90.9,9.1,176.0,52.0,228.0,343.0,44.0,387.0,game,ML,Washington Commanders,,,kalshi,40844,—,—,,Win,,hit,,,,—,,
2026-09-27T20:12:49.904557+00:00,nfl,2026,3,401872955,401872955727,1,5:13,"(Shotgun) M.Mariota pass incomplete deep left to S.Diggs (J.Jobe).PENALTY on SEA-J.Jobe, Defensive Pass Interference, 14 yards, enforced at WAS 36 - No Play.",2,13,WSH 36,36,7,Washington Commanders,Seattle Seahawks,7,0,90.9,9.1,176.0,52.0,228.0,343.0,44.0,387.0,game,Spread,Seattle Seahawks,,5.5,bet365,-105,—,—,,+7,,miss,,,,—,,
2026-09-27T20:12:49.904557+00:00,nfl,2026,3,401872955,401872955727,1,5:13,"(Shotgun) M.Mariota pass incomplete deep left to S.Diggs (J.Jobe).PENALTY on SEA-J.Jobe, Defensive Pass Interference, 14 yards, enforced at WAS 36 - No Play.",2,13,WSH 36,36,7,Washington Commanders,Seattle Seahawks,7,0,90.9,9.1,176.0,52.0,228.0,343.0,44.0,387.0,game,Spread,Washington Commanders,,-5.5,bet365,-125,—,—,,+7,,hit,,,,—,,
2026-09-27T20:12:49.904557+00:00,nfl,2026,3,401872955,401872955727,1,5:13,"(Shotgun) M.Mariota pass incomplete deep left to S.Diggs (J.Jobe).PENALTY on SEA-J.Jobe, Defensive Pass Interference, 14 yards, enforced at WAS 36 - No Play.",2,13,WSH 36,36,7,Washington Commanders,Seattle Seahawks,7,0,90.9,9.1,176.0,52.0,228.0,343.0,44.0,387.0,game,Total,Over,,63.5,bet365,-120,—,—,,7.0,,miss,,,,—,,
2026-09-27T20:12:49.904557+00:00,nfl,2026,3,401872955,401872955727,1,5:13,"(Shotgun) M.Mariota pass incomplete deep left to S.Diggs (J.Jobe).PENALTY on SEA-J.Jobe, Defensive Pass Interference, 14 yards, enforced at WAS 36 - No Play.",2,13,WSH 36,36,7,Washington Commanders,Seattle Seahawks,7,0,90.9,9.1,176.0,52.0,228.0,343.0,44.0,387.0,game,Total,Under,,63.5,betfair,109,—,—,,7.0,,hit,,,,—,,
2026-09-27T20:12:49.904557+00:00,nfl,2026,3,401872955,401872955727,1,5:13,"(Shotgun) M.Mariota pass incomplete deep left to S.Diggs (J.Jobe).PENALTY on SEA-J.Jobe, Defensive Pass Interference, 14 yards, enforced at WAS 36 - No Play.",2,13,WSH 36,36,7,Washington Commanders,Seattle Seahawks,7,0,90.9,9.1,176.0,52.0,228.0,343.0,44.0,387.0,game,ML,Seattle Seahawks,,,polymarket,733,—,—,,Loss,,miss,,,,—,,
2026-09-27T20:12:49.904557+00:00,nfl,2026,3,401872955,401872955727,1,5:13,"(Shotgun) M.Mariota pass incomplete deep left to S.Diggs (J.Jobe).PENALTY on SEA-J.Jobe, Defensive Pass Interference, 14 yards, enforced at WAS 36 - No Play.",2,13,WSH 36,36,7,Washington Commanders,Seattle Seahawks,7,0,90.9,9.1,176.0,52.0,228.0,343.0,44.0,387.0,game,ML,Washington Commanders,,,kalshi,40844,—,—,,Win,,hit,,,,—,,
2026-09-27T20:12:49.904557+00:00,nfl,2026,3,401872955,401872955761,1,5:08,(Shotgun) J.Croskey-Merritt left guard to SEA 48 for 2 yards (J.Reed; E.Jones).,1,10,50,50,7,Washington Commanders,Seattle Seahawks,7,0,90.9,9.1,176.0,52.0,228.0,343.0,44.0,387.0,game,Spread,Seattle Seahawks,,5.5,bet365,-105,—,—,,+7,,miss,,,,—,,
2026-09-27T20:12:49.904557+00:00,nfl,2026,3,401872955,401872955761,1,5:08,(Shotgun) J.Croskey-Merritt left guard to SEA 48 for 2 yards (J.Reed; E.Jones).,1,10,50,50,7,Washington Commanders,Seattle Seahawks,7,0,90.9,9.1,176.0,52.0,228.0,343.0,44.0,387.0,game,Spread,Washington Commanders,,-5.5,bet365,-125,—,—,,+7,,hit,,,,—,,
2026-09-27T20:12:49.904557+00:00,nfl,2026,3,401872955,401872955761,1,5:08,(Shotgun) J.Croskey-Merritt left guard to SEA 48 for 2 yards (J.Reed; E.Jones).,1,10,50,50,7,Washington Commanders,Seattle Seahawks,7,0,90.9,9.1,176.0,52.0,228.0,343.0,44.0,387.0,game,Total,Over,,63.5,bet365,-120,—,—,,7.0,,miss,,,,—,,
2026-09-27T20:12:49.904557+00:00,nfl,2026,3,401872955,401872955761,1,5:08,(Shotgun) J.Croskey-Merritt left guard to SEA 48 for 2 yards (J.Reed; E.Jones).,1,10,50,50,7,Washington Commanders,Seattle Seahawks,7,0,90.9,9.1,176.0,52.0,228.0,343.0,44.0,387.0,game,Total,Under,,63.5,betfair,109,—,—,,7.0,,hit,,,,—,,
2026-09-27T20:12:49.904557+00:00,nfl,2026,3,401872955,401872955761,1,5:08,(Shotgun) J.Croskey-Merritt left guard to SEA 48 for 2 yards (J.Reed; E.Jones).,1,10,50,50,7,Washington Commanders,Seattle Seahawks,7,0,90.9,9.1,176.0,52.0,228.0,343.0,44.0,387.0,game,ML,Seattle Seahawks,,,polymarket,733,—,—,,Loss,,miss,,,,—,,
2026-09-27T20:12:49.904557+00:00,nfl,2026,3,401872955,401872955761,1,5:08,(Shotgun) J.Croskey-Merritt left guard to SEA 48 for 2 yards (J.Reed; E.Jones).,1,10,50,50,7,Washington Commanders,Seattle Seahawks,7,0,90.9,9.1,176.0,52.0,228.0,343.0,44.0,387.0,game,ML,Washington Commanders,,,kalshi,40844,—,—,,Win,,hit,,,,—,,
2026-09-27T20:12:49.904557+00:00,nfl,2026,3,401872955,401872955783,1,4:26,"(Shotgun) J.Croskey-Merritt left tackle for 48 yards, TOUCHDOWN NULLIFIED by Penalty.PENALTY on WAS, Illegal Formation, 5 yards, enforced at SEA 48 - No Play.",2,8,SEA 48,52,7,Washington Commanders,Seattle Seahawks,7,0,90.9,9.1,176.0,52.0,228.0,343.0,44.0,387.0,game,Spread,Seattle Seahawks,,5.5,bet365,-105,—,—,,+7,,miss,,,,—,,
2026-09-27T20:12:49.904557+00:00,nfl,2026,3,401872955,401872955783,1,4:26,"(Shotgun) J.Croskey-Merritt left tackle for 48 yards, TOUCHDOWN NULLIFIED by Penalty.PENALTY on WAS, Illegal Formation, 5 yards, enforced at SEA 48 - No Play.",2,8,SEA 48,52,7,Washington Commanders,Seattle Seahawks,7,0,90.9,9.1,176.0,52.0,228.0,343.0,44.0,387.0,game,Spread,Washington Commanders,,-5.5,bet365,-125,—,—,,+7,,hit,,,,—,,
2026-09-27T20:12:49.904557+00:00,nfl,2026,3,401872955,401872955783,1,4:26,"(Shotgun) J.Croskey-Merritt left tackle for 48 yards, TOUCHDOWN NULLIFIED by Penalty.PENALTY on WAS, Illegal Formation, 5 yards, enforced at SEA 48 - No Play.",2,8,SEA 48,52,7,Washington Commanders,Seattle Seahawks,7,0,90.9,9.1,176.0,52.0,228.0,343.0,44.0,387.0,game,Total,Over,,63.5,bet365,-120,—,—,,7.0,,miss,,,,—,,
2026-09-27T20:12:49.904557+00:00,nfl,2026,3,401872955,401872955783,1,4:26,"(Shotgun) J.Croskey-Merritt left tackle for 48 yards, TOUCHDOWN NULLIFIED by Penalty.PENALTY on WAS, Illegal Formation, 5 yards, enforced at SEA 48 - No Play.",2,8,SEA 48,52,7,Washington Commanders,Seattle Seahawks,7,0,90.9,9.1,176.0,52.0,228.0,343.0,44.0,387.0,game,Total,Under,,63.5,betfair,109,—,—,,7.0,,hit,,,,—,,
2026-09-27T20:12:49.904557+00:00,nfl,2026,3,401872955,401872955783,1,4:26,"(Shotgun) J.Croskey-Merritt left tackle for 48 yards, TOUCHDOWN NULLIFIED by Penalty.PENALTY on WAS, Illegal Formation, 5 yards, enforced at SEA 48 - No Play.",2,8,SEA 48,52,7,Washington Commanders,Seattle Seahawks,7,0,90.9,9.1,176.0,52.0,228.0,343.0,44.0,387.0,game,ML,Seattle Seahawks,,,polymarket,733,—,—,,Loss,,miss,,,,—,,
2026-09-27T20:12:49.904557+00:00,nfl,2026,3,401872955,401872955783,1,4:26,"(Shotgun) J.Croskey-Merritt left tackle for 48 yards, TOUCHDOWN NULLIFIED by Penalty.PENALTY on WAS, Illegal Formation, 5 yards, enforced at SEA 48 - No Play.",2,8,SEA 48,52,7,Washington Commanders,Seattle Seahawks,7,0,90.9,9.1,176.0,52.0,228.0,343.0,44.0,387.0,game,ML,Washington Commanders,,,kalshi,40844,—,—,,Win,,hit,,,,—,,
2026-09-27T20:12:49.904557+00:00,nfl,2026,3,401872955,401872955822,1,4:17,(Shotgun) M.Mariota pass incomplete deep left to D.Brown.,2,13,WSH 47,47,7,Washington Commanders,Seattle Seahawks,7,0,90.9,9.1,176.0,52.0,228.0,343.0,44.0,387.0,game,Spread,Seattle Seahawks,,5.5,bet365,-105,—,—,,+7,,miss,,,,—,,
2026-09-27T20:12:49.904557+00:00,nfl,2026,3,401872955,401872955822,1,4:17,(Shotgun) M.Mariota pass incomplete deep left to D.Brown.,2,13,WSH 47,47,7,Washington Commanders,Seattle Seahawks,7,0,90.9,9.1,176.0,52.0,228.0,343.0,44.0,387.0,game,Spread,Washington Commanders,,-5.5,bet365,-125,—,—,,+7,,hit,,,,—,,
2026-09-27T20:12:49.904557+00:00,nfl,2026,3,401872955,401872955822,1,4:17,(Shotgun) M.Mariota pass incomplete deep left to D.Brown.,2,13,WSH 47,47,7,Washington Commanders,Seattle Seahawks,7,0,90.9,9.1,176.0,52.0,228.0,343.0,44.0,387.0,game,Total,Over,,63.5,bet365,-120,—,—,,7.0,,miss,,,,—,,
2026-09-27T20:12:49.904557+00:00,nfl,2026,3,401872955,401872955822,1,4:17,(Shotgun) M.Mariota pass incomplete deep left to D.Brown.,2,13,WSH 47,47,7,Washington Commanders,Seattle Seahawks,7,0,90.9,9.1,176.0,52.0,228.0,343.0,44.0,387.0,game,Total,Under,,63.5,betfair,109,—,—,,7.0,,hit,,,,—,,
2026-09-27T20:12:49.904557+00:00,nfl,2026,3,401872955,401872955822,1,4:17,(Shotgun) M.Mariota pass incomplete deep left to D.Brown.,2,13,WSH 47,47,7,Washington Commanders,Seattle Seahawks,7,0,90.9,9.1,176.0,52.0,228.0,343.0,44.0,387.0,game,ML,Seattle Seahawks,,,polymarket,733,—,—,,Loss,,miss,,,,—,,
2026-09-27T20:12:49.904557+00:00,nfl,2026,3,401872955,401872955822,1,4:17,(Shotgun) M.Mariota pass incomplete deep left to D.Brown.,2,13,WSH 47,47,7,Washington Commanders,Seattle Seahawks,7,0,90.9,9.1,176.0,52.0,228.0,343.0,44.0,387.0,game,ML,Washington Commanders,,,kalshi,40844,—,—,,Win,,hit,,,,—,,
2026-09-27T20:12:49.904557+00:00,nfl,2026,3,401872955,401872955857,1,4:12,(Shotgun) M.Mariota pass short right to C.Yankoff to WAS 49 for 2 yards (D.Witherspoon).,3,13,WSH 47,47,7,Washington Commanders,Seattle Seahawks,7,0,90.9,9.1,176.0,52.0,228.0,343.0,44.0,387.0,game,Spread,Seattle Seahawks,,5.5,bet365,-105,—,—,,+7,,miss,,,,—,,
2026-09-27T20:12:49.904557+00:00,nfl,2026,3,401872955,401872955857,1,4:12,(Shotgun) M.Mariota pass short right to C.Yankoff to WAS 49 for 2 yards (D.Witherspoon).,3,13,WSH 47,47,7,Washington Commanders,Seattle Seahawks,7,0,90.9,9.1,176.0,52.0,228.0,343.0,44.0,387.0,game,Spread,Washington Commanders,,-5.5,bet365,-125,—,—,,+7,,hit,,,,—,,
2026-09-27T20:12:49.904557+00:00,nfl,2026,3,401872955,401872955857,1,4:12,(Shotgun) M.Mariota pass short right to C.Yankoff to WAS 49 for 2 yards (D.Witherspoon).,3,13,WSH 47,47,7,Washington Commanders,Seattle Seahawks,7,0,90.9,9.1,176.0,52.0,228.0,343.0,44.0,387.0,game,Total,Over,,63.5,bet365,-120,—,—,,7.0,,miss,,,,—,,
2026-09-27T20:12:49.904557+00:00,nfl,2026,3,401872955,401872955857,1,4:12,(Shotgun) M.Mariota pass short right to C.Yankoff to WAS 49 for 2 yards (D.Witherspoon).,3,13,WSH 47,47,7,Washington Commanders,Seattle Seahawks,7,0,90.9,9.1,176.0,52.0,228.0,343.0,44.0,387.0,game,Total,Under,,63.5,betfair,109,—,—,,7.0,,hit,,,,—,,
2026-09-27T20:12:49.904557+00:00,nfl,2026,3,401872955,401872955857,1,4:12,(Shotgun) M.Mariota pass short right to C.Yankoff to WAS 49 for 2 yards (D.Witherspoon).,3,13,WSH 47,47,7,Washington Commanders,Seattle Seahawks,7,0,90.9,9.1,176.0,52.0,228.0,343.0,44.0,387.0,game,ML,Seattle Seahawks,,,polymarket,733,—,—,,Loss,,miss,,,,—,,
2026-09-27T20:12:49.904557+00:00,nfl,2026,3,401872955,401872955857,1,4:12,(Shotgun) M.Mariota pass short right to C.Yankoff to WAS 49 for 2 yards (D.Witherspoon).,3,13,WSH 47,47,7,Washington Commanders,Seattle Seahawks,7,0,90.9,9.1,176.0,52.0,228.0,343.0,44.0,387.0,game,ML,Washington Commanders,,,kalshi,40844,—,—,,Win,,hit,,,,—,,
2026-09-27T20:12:49.904557+00:00,nfl,2026,3,401872955,401872955887,1,3:33,"T.Way punts 41 yards to SEA 10, Center-T.Ott, fair catch by R.Shaheed.",4,11,WSH 49,49,7,Washington Commanders,Seattle Seahawks,7,0,90.9,9.1,176.0,52.0,228.0,343.0,44.0,387.0,game,Spread,Seattle Seahawks,,5.5,bet365,-105,—,—,,+7,,miss,,,,—,,
2026-09-27T20:12:49.904557+00:00,nfl,2026,3,401872955,401872955887,1,3:33,"T.Way punts 41 yards to SEA 10, Center-T.Ott, fair catch by R.Shaheed.",4,11,WSH 49,49,7,Washington Commanders,Seattle Seahawks,7,0,90.9,9.1,176.0,52.0,228.0,343.0,44.0,387.0,game,Spread,Washington Commanders,,-5.5,bet365,-125,—,—,,+7,,hit,,,,—,,
2026-09-27T20:12:49.904557+00:00,nfl,2026,3,401872955,401872955887,1,3:33,"T.Way punts 41 yards to SEA 10, Center-T.Ott, fair catch by R.Shaheed.",4,11,WSH 49,49,7,Washington Commanders,Seattle Seahawks,7,0,90.9,9.1,176.0,52.0,228.0,343.0,44.0,387.0,game,Total,Over,,63.5,bet365,-120,—,—,,7.0,,miss,,,,—,,
2026-09-27T20:12:49.904557+00:00,nfl,2026,3,401872955,401872955887,1,3:33,"T.Way punts 41 yards to SEA 10, Center-T.Ott, fair catch by R.Shaheed.",4,11,WSH 49,49,7,Washington Commanders,Seattle Seahawks,7,0,90.9,9.1,176.0,52.0,228.0,343.0,44.0,387.0,game,Total,Under,,63.5,betfair,109,—,—,,7.0,,hit,,,,—,,
2026-09-27T20:12:49.904557+00:00,nfl,2026,3,401872955,401872955887,1,3:33,"T.Way punts 41 yards to SEA 10, Center-T.Ott, fair catch by R.Shaheed.",4,11,WSH 49,49,7,Washington Commanders,Seattle Seahawks,7,0,90.9,9.1,176.0,52.0,228.0,343.0,44.0,387.0,game,ML,Seattle Seahawks,,,polymarket,733,—,—,,Loss,,miss,,,,—,,
2026-09-27T20:12:49.904557+00:00,nfl,2026,3,401872955,401872955887,1,3:33,"T.Way punts 41 yards to SEA 10, Center-T.Ott, fair catch by R.Shaheed.",4,11,WSH 49,49,7,Washington Commanders,Seattle Seahawks,7,0,90.9,9.1,176.0,52.0,228.0,343.0,44.0,387.0,game,ML,Washington Commanders,,,kalshi,40844,—,—,,Win,,hit,,,,—,,
2026-09-27T20:12:49.904557+00:00,nfl,2026,3,401872955,401872955897,1,3:25,Official Timeout at 03:25.,1,10,SEA 10,90,7,Washington Commanders,Seattle Seahawks,7,0,90.9,9.1,176.0,52.0,228.0,343.0,44.0,387.0,game,Spread,Seattle Seahawks,,5.5,bet365,-105,—,—,,+7,,miss,,,,—,,
2026-09-27T20:12:49.904557+00:00,nfl,2026,3,401872955,401872955897,1,3:25,Official Timeout at 03:25.,1,10,SEA 10,90,7,Washington Commanders,Seattle Seahawks,7,0,90.9,9.1,176.0,52.0,228.0,343.0,44.0,387.0,game,Spread,Washington Commanders,,-5.5,bet365,-125,—,—,,+7,,hit,,,,—,,
2026-09-27T20:12:49.904557+00:00,nfl,2026,3,401872955,401872955897,1,3:25,Official Timeout at 03:25.,1,10,SEA 10,90,7,Washington Commanders,Seattle Seahawks,7,0,90.9,9.1,176.0,52.0,228.0,343.0,44.0,387.0,game,Total,Over,,63.5,bet365,-120,—,—,,7.0,,miss,,,,—,,
2026-09-27T20:12:49.904557+00:00,nfl,2026,3,401872955,401872955897,1,3:25,Official Timeout at 03:25.,1,10,SEA 10,90,7,Washington Commanders,Seattle Seahawks,7,0,90.9,9.1,176.0,52.0,228.0,343.0,44.0,387.0,game,Total,Under,,63.5,betfair,109,—,—,,7.0,,hit,,,,—,,
2026-09-27T20:12:49.904557+00:00,nfl,2026,3,401872955,401872955897,1,3:25,Official Timeout at 03:25.,1,10,SEA 10,90,7,Washington Commanders,Seattle Seahawks,7,0,90.9,9.1,176.0,52.0,228.0,343.0,44.0,387.0,game,ML,Seattle Seahawks,,,polymarket,733,—,—,,Loss,,miss,,,,—,,
2026-09-27T20:12:49.904557+00:00,nfl,2026,3,401872955,401872955897,1,3:25,Official Timeout at 03:25.,1,10,SEA 10,90,7,Washington Commanders,Seattle Seahawks,7,0,90.9,9.1,176.0,52.0,228.0,343.0,44.0,387.0,game,ML,Washington Commanders,,,kalshi,40844,—,—,,Win,,hit,,,,—,,
2026-09-27T20:12:49.904557+00:00,nfl,2026,3,401872955,401872955907,1,3:25,S.Darnold pass short middle to J.Smith-Njigba to SEA 21 for 11 yards (L.Chenal).,1,10,SEA 10,90,7,Washington Commanders,Seattle Seahawks,7,0,90.9,9.1,176.0,52.0,228.0,343.0,44.0,387.0,game,Spread,Seattle Seahawks,,5.5,bet365,-105,—,—,,+7,,miss,,,,—,,
2026-09-27T20:12:49.904557+00:00,nfl,2026,3,401872955,401872955907,1,3:25,S.Darnold pass short middle to J.Smith-Njigba to SEA 21 for 11 yards (L.Chenal).,1,10,SEA 10,90,7,Washington Commanders,Seattle Seahawks,7,0,90.9,9.1,176.0,52.0,228.0,343.0,44.0,387.0,game,Spread,Washington Commanders,,-5.5,bet365,-125,—,—,,+7,,hit,,,,—,,
2026-09-27T20:12:49.904557+00:00,nfl,2026,3,401872955,401872955907,1,3:25,S.Darnold pass short middle to J.Smith-Njigba to SEA 21 for 11 yards (L.Chenal).,1,10,SEA 10,90,7,Washington Commanders,Seattle Seahawks,7,0,90.9,9.1,176.0,52.0,228.0,343.0,44.0,387.0,game,Total,Over,,63.5,bet365,-120,—,—,,7.0,,miss,,,,—,,
2026-09-27T20:12:49.904557+00:00,nfl,2026,3,401872955,401872955907,1,3:25,S.Darnold pass short middle to J.Smith-Njigba to SEA 21 for 11 yards (L.Chenal).,1,10,SEA 10,90,7,Washington Commanders,Seattle Seahawks,7,0,90.9,9.1,176.0,52.0,228.0,343.0,44.0,387.0,game,Total,Under,,63.5,betfair,109,—,—,,7.0,,hit,,,,—,,
2026-09-27T20:12:49.904557+00:00,nfl,2026,3,401872955,401872955907,1,3:25,S.Darnold pass short middle to J.Smith-Njigba to SEA 21 for 11 yards (L.Chenal).,1,10,SEA 10,90,7,Washington Commanders,Seattle Seahawks,7,0,90.9,9.1,176.0,52.0,228.0,343.0,44.0,387.0,game,ML,Seattle Seahawks,,,polymarket,733,—,—,,Loss,,miss,,,,—,,
2026-09-27T20:12:49.904557+00:00,nfl,2026,3,401872955,401872955907,1,3:25,S.Darnold pass short middle to J.Smith-Njigba to SEA 21 for 11 yards (L.Chenal).,1,10,SEA 10,90,7,Washington Commanders,Seattle Seahawks,7,0,90.9,9.1,176.0,52.0,228.0,343.0,44.0,387.0,game,ML,Washington Commanders,,,kalshi,40844,—,—,,Win,,hit,,,,—,,
2026-09-27T20:12:49.904557+00:00,nfl,2026,3,401872955,401872955939,1,2:50,E.Wilson right guard to SEA 21 for no gain (J.Kinlaw; C.Omenihu).,1,10,SEA 21,79,7,Washington Commanders,Seattle Seahawks,7,0,90.9,9.1,176.0,52.0,228.0,343.0,44.0,387.0,game,Spread,Seattle Seahawks,,5.5,bet365,-105,—,—,,+7,,miss,,,,—,,
2026-09-27T20:12:49.904557+00:00,nfl,2026,3,401872955,401872955939,1,2:50,E.Wilson right guard to SEA 21 for no gain (J.Kinlaw; C.Omenihu).,1,10,SEA 21,79,7,Washington Commanders,Seattle Seahawks,7,0,90.9,9.1,176.0,52.0,228.0,343.0,44.0,387.0,game,Spread,Washington Commanders,,-5.5,bet365,-125,—,—,,+7,,hit,,,,—,,
2026-09-27T20:12:49.904557+00:00,nfl,2026,3,401872955,401872955939,1,2:50,E.Wilson right guard to SEA 21 for no gain (J.Kinlaw; C.Omenihu).,1,10,SEA 21,79,7,Washington Commanders,Seattle Seahawks,7,0,90.9,9.1,176.0,52.0,228.0,343.0,44.0,387.0,game,Total,Over,,63.5,bet365,-120,—,—,,7.0,,miss,,,,—,,
2026-09-27T20:12:49.904557+00:00,nfl,2026,3,401872955,401872955939,1,2:50,E.Wilson right guard to SEA 21 for no gain (J.Kinlaw; C.Omenihu).,1,10,SEA 21,79,7,Washington Commanders,Seattle Seahawks,7,0,90.9,9.1,176.0,52.0,228.0,343.0,44.0,387.0,game,Total,Under,,63.5,betfair,109,—,—,,7.0,,hit,,,,—,,
2026-09-27T20:12:49.904557+00:00,nfl,2026,3,401872955,401872955939,1,2:50,E.Wilson right guard to SEA 21 for no gain (J.Kinlaw; C.Omenihu).,1,10,SEA 21,79,7,Washington Commanders,Seattle Seahawks,7,0,90.9,9.1,176.0,52.0,228.0,343.0,44.0,387.0,game,ML,Seattle Seahawks,,,polymarket,733,—,—,,Loss,,miss,,,,—,,
2026-09-27T20:12:49.904557+00:00,nfl,2026,3,401872955,401872955939,1,2:50,E.Wilson right guard to SEA 21 for no gain (J.Kinlaw; C.Omenihu).,1,10,SEA 21,79,7,Washington Commanders,Seattle Seahawks,7,0,90.9,9.1,176.0,52.0,228.0,343.0,44.0,387.0,game,ML,Washington Commanders,,,kalshi,40844,—,—,,Win,,hit,,,,—,,
2026-09-27T20:12:49.904557+00:00,nfl,2026,3,401872955,401872955961,1,2:09,(Shotgun) S.Darnold pass deep middle to J.Smith-Njigba to SEA 41 for 20 yards (J.Reaves).,2,10,SEA 21,79,7,Washington Commanders,Seattle Seahawks,7,0,90.9,9.1,176.0,52.0,228.0,343.0,44.0,387.0,game,Spread,Seattle Seahawks,,5.5,bet365,-105,—,—,,+7,,miss,,,,—,,
2026-09-27T20:12:49.904557+00:00,nfl,2026,3,401872955,401872955961,1,2:09,(Shotgun) S.Darnold pass deep middle to J.Smith-Njigba to SEA 41 for 20 yards (J.Reaves).,2,10,SEA 21,79,7,Washington Commanders,Seattle Seahawks,7,0,90.9,9.1,176.0,52.0,228.0,343.0,44.0,387.0,game,Spread,Washington Commanders,,-5.5,bet365,-125,—,—,,+7,,hit,,,,—,,
2026-09-27T20:12:49.904557+00:00,nfl,2026,3,401872955,401872955961,1,2:09,(Shotgun) S.Darnold pass deep middle to J.Smith-Njigba to SEA 41 for 20 yards (J.Reaves).,2,10,SEA 21,79,7,Washington Commanders,Seattle Seahawks,7,0,90.9,9.1,176.0,52.0,228.0,343.0,44.0,387.0,game,Total,Over,,63.5,bet365,-120,—,—,,7.0,,miss,,,,—,,
2026-09-27T20:12:49.904557+00:00,nfl,2026,3,401872955,401872955961,1,2:09,(Shotgun) S.Darnold pass deep middle to J.Smith-Njigba to SEA 41 for 20 yards (J.Reaves).,2,10,SEA 21,79,7,Washington Commanders,Seattle Seahawks,7,0,90.9,9.1,176.0,52.0,228.0,343.0,44.0,387.0,game,Total,Under,,63.5,betfair,109,—,—,,7.0,,hit,,,,—,,
2026-09-27T20:12:49.904557+00:00,nfl,2026,3,401872955,401872955961,1,2:09,(Shotgun) S.Darnold pass deep middle to J.Smith-Njigba to SEA 41 for 20 yards (J.Reaves).,2,10,SEA 21,79,7,Washington Commanders,Seattle Seahawks,7,0,90.9,9.1,176.0,52.0,228.0,343.0,44.0,387.0,game,ML,Seattle Seahawks,,,polymarket,733,—,—,,Loss,,miss,,,,—,,
2026-09-27T20:12:49.904557+00:00,nfl,2026,3,401872955,401872955961,1,2:09,(Shotgun) S.Darnold pass deep middle to J.Smith-Njigba to SEA 41 for 20 yards (J.Reaves).,2,10,SEA 21,79,7,Washington Commanders,Seattle Seahawks,7,0,90.9,9.1,176.0,52.0,228.0,343.0,44.0,387.0,game,ML,Washington Commanders,,,kalshi,40844,—,—,,Win,,hit,,,,—,,
2026-09-27T20:12:49.904557+00:00,nfl,2026,3,401872955,401872955986,1,1:34,E.Wilson left end to SEA 47 for 6 yards (L.Chenal; A.Robertson).,1,10,SEA 41,59,7,Washington Commanders,Seattle Seahawks,7,0,90.9,9.1,176.0,52.0,228.0,343.0,44.0,387.0,game,Spread,Seattle Seahawks,,5.5,bet365,-105,—,—,,+7,,miss,,,,—,,
2026-09-27T20:12:49.904557+00:00,nfl,2026,3,401872955,401872955986,1,1:34,E.Wilson left end to SEA 47 for 6 yards (L.Chenal; A.Robertson).,1,10,SEA 41,59,7,Washington Commanders,Seattle Seahawks,7,0,90.9,9.1,176.0,52.0,228.0,343.0,44.0,387.0,game,Spread,Washington Commanders,,-5.5,bet365,-125,—,—,,+7,,hit,,,,—,,
2026-09-27T20:12:49.904557+00:00,nfl,2026,3,401872955,401872955986,1,1:34,E.Wilson left end to SEA 47 for 6 yards (L.Chenal; A.Robertson).,1,10,SEA 41,59,7,Washington Commanders,Seattle Seahawks,7,0,90.9,9.1,176.0,52.0,228.0,343.0,44.0,387.0,game,Total,Over,,63.5,bet365,-120,—,—,,7.0,,miss,,,,—,,
2026-09-27T20:12:49.904557+00:00,nfl,2026,3,401872955,401872955986,1,1:34,E.Wilson left end to SEA 47 for 6 yards (L.Chenal; A.Robertson).,1,10,SEA 41,59,7,Washington Commanders,Seattle Seahawks,7,0,90.9,9.1,176.0,52.0,228.0,343.0,44.0,387.0,game,Total,Under,,63.5,betfair,109,—,—,,7.0,,hit,,,,—,,
2026-09-27T20:12:49.904557+00:00,nfl,2026,3,401872955,401872955986,1,1:34,E.Wilson left end to SEA 47 for 6 yards (L.Chenal; A.Robertson).,1,10,SEA 41,59,7,Washington Commanders,Seattle Seahawks,7,0,90.9,9.1,176.0,52.0,228.0,343.0,44.0,387.0,game,ML,Seattle Seahawks,,,polymarket,733,—,—,,Loss,,miss,,,,—,,
2026-09-27T20:12:49.904557+00:00,nfl,2026,3,401872955,401872955986,1,1:34,E.Wilson left end to SEA 47 for 6 yards (L.Chenal; A.Robertson).,1,10,SEA 41,59,7,Washington Commanders,Seattle Seahawks,7,0,90.9,9.1,176.0,52.0,228.0,343.0,44.0,387.0,game,ML,Washington Commanders,,,kalshi,40844,—,—,,Win,,hit,,,,—,,
2026-09-27T20:12:49.904557+00:00,nfl,2026,3,401872955,4018729551008,1,0:54,(Shotgun) S.Darnold pass short right to A.Barner to WAS 21 for 32 yards (K.Chaisson).,2,4,SEA 47,53,7,Washington Commanders,Seattle Seahawks,7,0,90.9,9.1,176.0,52.0,228.0,343.0,44.0,387.0,game,Spread,Seattle Seahawks,,5.5,bet365,-105,—,—,,+7,,miss,,,,—,,
2026-09-27T20:12:49.904557+00:00,nfl,2026,3,401872955,4018729551008,1,0:54,(Shotgun) S.Darnold pass short right to A.Barner to WAS 21 for 32 yards (K.Chaisson).,2,4,SEA 47,53,7,Washington Commanders,Seattle Seahawks,7,0,90.9,9.1,176.0,52.0,228.0,343.0,44.0,387.0,game,Spread,Washington Commanders,,-5.5,bet365,-125,—,—,,+7,,hit,,,,—,,
2026-09-27T20:12:49.904557+00:00,nfl,2026,3,401872955,4018729551008,1,0:54,(Shotgun) S.Darnold pass short right to A.Barner to WAS 21 for 32 yards (K.Chaisson).,2,4,SEA 47,53,7,Washington Commanders,Seattle Seahawks,7,0,90.9,9.1,176.0,52.0,228.0,343.0,44.0,387.0,game,Total,Over,,63.5,bet365,-120,—,—,,7.0,,miss,,,,—,,
2026-09-27T20:12:49.904557+00:00,nfl,2026,3,401872955,4018729551008,1,0:54,(Shotgun) S.Darnold pass short right to A.Barner to WAS 21 for 32 yards (K.Chaisson).,2,4,SEA 47,53,7,Washington Commanders,Seattle Seahawks,7,0,90.9,9.1,176.0,52.0,228.0,343.0,44.0,387.0,game,Total,Under,,63.5,betfair,109,—,—,,7.0,,hit,,,,—,,
2026-09-27T20:12:49.904557+00:00,nfl,2026,3,401872955,4018729551008,1,0:54,(Shotgun) S.Darnold pass short right to A.Barner to WAS 21 for 32 yards (K.Chaisson).,2,4,SEA 47,53,7,Washington Commanders,Seattle Seahawks,7,0,90.9,9.1,176.0,52.0,228.0,343.0,44.0,387.0,game,ML,Seattle Seahawks,,,polymarket,733,—,—,,Loss,,miss,,,,—,,
2026-09-27T20:12:49.904557+00:00,nfl,2026,3,401872955,4018729551008,1,0:54,(Shotgun) S.Darnold pass short right to A.Barner to WAS 21 for 32 yards (K.Chaisson).,2,4,SEA 47,53,7,Washington Commanders,Seattle Seahawks,7,0,90.9,9.1,176.0,52.0,228.0,343.0,44.0,387.0,game,ML,Washington Commanders,,,kalshi,40844,—,—,,Win,,hit,,,,—,,
2026-09-27T20:12:49.904557+00:00,nfl,2026,3,401872955,4018729551033,1,0:05,S.Darnold pass short left to B.Russell to WAS 1 for 20 yards (Q.Martin) [O.Oweh].,1,10,WSH 21,21,7,Washington Commanders,Seattle Seahawks,7,0,90.9,9.1,176.0,52.0,228.0,343.0,44.0,387.0,game,Spread,Seattle Seahawks,,5.5,bet365,-105,—,—,,+7,,miss,,,,—,,
2026-09-27T20:12:49.904557+00:00,nfl,2026,3,401872955,4018729551033,1,0:05,S.Darnold pass short left to B.Russell to WAS 1 for 20 yards (Q.Martin) [O.Oweh].,1,10,WSH 21,21,7,Washington Commanders,Seattle Seahawks,7,0,90.9,9.1,176.0,52.0,228.0,343.0,44.0,387.0,game,Spread,Washington Commanders,,-5.5,bet365,-125,—,—,,+7,,hit,,,,—,,
2026-09-27T20:12:49.904557+00:00,nfl,2026,3,401872955,4018729551033,1,0:05,S.Darnold pass short left to B.Russell to WAS 1 for 20 yards (Q.Martin) [O.Oweh].,1,10,WSH 21,21,7,Washington Commanders,Seattle Seahawks,7,0,90.9,9.1,176.0,52.0,228.0,343.0,44.0,387.0,game,Total,Over,,63.5,bet365,-120,—,—,,7.0,,miss,,,,—,,
2026-09-27T20:12:49.904557+00:00,nfl,2026,3,401872955,4018729551033,1,0:05,S.Darnold pass short left to B.Russell to WAS 1 for 20 yards (Q.Martin) [O.Oweh].,1,10,WSH 21,21,7,Washington Commanders,Seattle Seahawks,7,0,90.9,9.1,176.0,52.0,228.0,343.0,44.0,387.0,game,Total,Under,,63.5,betfair,109,—,—,,7.0,,hit,,,,—,,
2026-09-27T20:12:49.904557+00:00,nfl,2026,3,401872955,4018729551033,1,0:05,S.Darnold pass short left to B.Russell to WAS 1 for 20 yards (Q.Martin) [O.Oweh].,1,10,WSH 21,21,7,Washington Commanders,Seattle Seahawks,7,0,90.9,9.1,176.0,52.0,228.0,343.0,44.0,387.0,game,ML,Seattle Seahawks,,,polymarket,733,—,—,,Loss,,miss,,,,—,,
2026-09-27T20:12:49.904557+00:00,nfl,2026,3,401872955,4018729551033,1,0:05,S.Darnold pass short left to B.Russell to WAS 1 for 20 yards (Q.Martin) [O.Oweh].,1,10,WSH 21,21,7,Washington Commanders,Seattle Seahawks,7,0,90.9,9.1,176.0,52.0,228.0,343.0,44.0,387.0,game,ML,Washington Commanders,,,kalshi,40844,—,—,,Win,,hit,,,,—,,
2026-09-27T20:12:49.904557+00:00,nfl,2026,3,401872955,4018729551058,1,0:00,END QUARTER 1,1,1,SEA 32,1,7,Washington Commanders,Seattle Seahawks,7,0,90.9,9.1,176.0,52.0,228.0,343.0,44.0,387.0,game,Spread,Seattle Seahawks,,5.5,bet365,-105,—,—,,+7,,miss,,,,—,,
2026-09-27T20:12:49.904557+00:00,nfl,2026,3,401872955,4018729551058,1,0:00,END QUARTER 1,1,1,SEA 32,1,7,Washington Commanders,Seattle Seahawks,7,0,90.9,9.1,176.0,52.0,228.0,343.0,44.0,387.0,game,Spread,Washington Commanders,,-5.5,bet365,-125,—,—,,+7,,hit,,,,—,,
2026-09-27T20:12:49.904557+00:00,nfl,2026,3,401872955,4018729551058,1,0:00,END QUARTER 1,1,1,SEA 32,1,7,Washington Commanders,Seattle Seahawks,7,0,90.9,9.1,176.0,52.0,228.0,343.0,44.0,387.0,game,Total,Over,,63.5,bet365,-120,—,—,,7.0,,miss,,,,—,,
2026-09-27T20:12:49.904557+00:00,nfl,2026,3,401872955,4018729551058,1,0:00,END QUARTER 1,1,1,SEA 32,1,7,Washington Commanders,Seattle Seahawks,7,0,90.9,9.1,176.0,52.0,228.0,343.0,44.0,387.0,game,Total,Under,,63.5,betfair,109,—,—,,7.0,,hit,,,,—,,
2026-09-27T20:12:49.904557+00:00,nfl,2026,3,401872955,4018729551058,1,0:00,END QUARTER 1,1,1,SEA 32,1,7,Washington Commanders,Seattle Seahawks,7,0,90.9,9.1,176.0,52.0,228.0,343.0,44.0,387.0,game,ML,Seattle Seahawks,,,polymarket,733,—,—,,Loss,,miss,,,,—,,
2026-09-27T20:12:49.904557+00:00,nfl,2026,3,401872955,4018729551058,1,0:00,END QUARTER 1,1,1,SEA 32,1,7,Washington Commanders,Seattle Seahawks,7,0,90.9,9.1,176.0,52.0,228.0,343.0,44.0,387.0,game,ML,Washington Commanders,,,kalshi,40844,—,—,,Win,,hit,,,,—,,
2026-09-27T20:12:49.904557+00:00,nfl,2026,3,401872955,4018729551078,2,15:00,E.Wilson right end to WAS 3 for -2 yards (L.Chenal).,1,1,WSH 1,1,7,Washington Commanders,Seattle Seahawks,7,0,90.9,9.1,176.0,52.0,228.0,343.0,44.0,387.0,game,Spread,Seattle Seahawks,,5.5,bet365,-105,—,—,,+7,,miss,,,,—,,
2026-09-27T20:12:49.904557+00:00,nfl,2026,3,401872955,4018729551078,2,15:00,E.Wilson right end to WAS 3 for -2 yards (L.Chenal).,1,1,WSH 1,1,7,Washington Commanders,Seattle Seahawks,7,0,90.9,9.1,176.0,52.0,228.0,343.0,44.0,387.0,game,Spread,Washington Commanders,,-5.5,bet365,-125,—,—,,+7,,hit,,,,—,,
2026-09-27T20:12:49.904557+00:00,nfl,2026,3,401872955,4018729551078,2,15:00,E.Wilson right end to WAS 3 for -2 yards (L.Chenal).,1,1,WSH 1,1,7,Washington Commanders,Seattle Seahawks,7,0,90.9,9.1,176.0,52.0,228.0,343.0,44.0,387.0,game,Total,Over,,63.5,bet365,-120,—,—,,7.0,,miss,,,,—,,
2026-09-27T20:12:49.904557+00:00,nfl,2026,3,401872955,4018729551078,2,15:00,E.Wilson right end to WAS 3 for -2 yards (L.Chenal).,1,1,WSH 1,1,7,Washington Commanders,Seattle Seahawks,7,0,90.9,9.1,176.0,52.0,228.0,343.0,44.0,387.0,game,Total,Under,,63.5,betfair,109,—,—,,7.0,,hit,,,,—,,
2026-09-27T20:12:49.904557+00:00,nfl,2026,3,401872955,4018729551078,2,15:00,E.Wilson right end to WAS 3 for -2 yards (L.Chenal).,1,1,WSH 1,1,7,Washington Commanders,Seattle Seahawks,7,0,90.9,9.1,176.0,52.0,228.0,343.0,44.0,387.0,game,ML,Seattle Seahawks,,,polymarket,733,—,—,,Loss,,miss,,,,—,,
2026-09-27T20:12:49.904557+00:00,nfl,2026,3,401872955,4018729551078,2,15:00,E.Wilson right end to WAS 3 for -2 yards (L.Chenal).,1,1,WSH 1,1,7,Washington Commanders,Seattle Seahawks,7,0,90.9,9.1,176.0,52.0,228.0,343.0,44.0,387.0,game,ML,Washington Commanders,,,kalshi,40844,—,—,,Win,,hit,,,,—,,
2026-09-27T20:12:49.904557+00:00,nfl,2026,3,401872955,4018729551100,2,14:22,"S.Darnold pass incomplete short middle to J.Smith-Njigba (Q.Martin).PENALTY on WAS-Q.Martin, Defensive Pass Interference, 2 yards, enforced at WAS 3 - No Play.Penalty on WAS-A.Robertson, Illegal Use of Hands, declined.",2,3,WSH 3,3,7,Washington Commanders,Seattle Seahawks,7,0,90.9,9.1,176.0,52.0,228.0,343.0,44.0,387.0,game,Spread,Seattle Seahawks,,5.5,bet365,-105,—,—,,+7,,miss,,,,—,,
2026-09-27T20:12:49.904557+00:00,nfl,2026,3,401872955,4018729551100,2,14:22,"S.Darnold pass incomplete short middle to J.Smith-Njigba (Q.Martin).PENALTY on WAS-Q.Martin, Defensive Pass Interference, 2 yards, enforced at WAS 3 - No Play.Penalty on WAS-A.Robertson, Illegal Use of Hands, declined.",2,3,WSH 3,3,7,Washington Commanders,Seattle Seahawks,7,0,90.9,9.1,176.0,52.0,228.0,343.0,44.0,387.0,game,Spread,Washington Commanders,,-5.5,bet365,-125,—,—,,+7,,hit,,,,—,,
2026-09-27T20:12:49.904557+00:00,nfl,2026,3,401872955,4018729551100,2,14:22,"S.Darnold pass incomplete short middle to J.Smith-Njigba (Q.Martin).PENALTY on WAS-Q.Martin, Defensive Pass Interference, 2 yards, enforced at WAS 3 - No Play.Penalty on WAS-A.Robertson, Illegal Use of Hands, declined.",2,3,WSH 3,3,7,Washington Commanders,Seattle Seahawks,7,0,90.9,9.1,176.0,52.0,228.0,343.0,44.0,387.0,game,Total,Over,,63.5,bet365,-120,—,—,,7.0,,miss,,,,—,,
2026-09-27T20:12:49.904557+00:00,nfl,2026,3,401872955,4018729551100,2,14:22,"S.Darnold pass incomplete short middle to J.Smith-Njigba (Q.Martin).PENALTY on WAS-Q.Martin, Defensive Pass Interference, 2 yards, enforced at WAS 3 - No Play.Penalty on WAS-A.Robertson, Illegal Use of Hands, declined.",2,3,WSH 3,3,7,Washington Commanders,Seattle Seahawks,7,0,90.9,9.1,176.0,52.0,228.0,343.0,44.0,387.0,game,Total,Under,,63.5,betfair,109,—,—,,7.0,,hit,,,,—,,
2026-09-27T20:12:49.904557+00:00,nfl,2026,3,401872955,4018729551100,2,14:22,"S.Darnold pass incomplete short middle to J.Smith-Njigba (Q.Martin).PENALTY on WAS-Q.Martin, Defensive Pass Interference, 2 yards, enforced at WAS 3 - No Play.Penalty on WAS-A.Robertson, Illegal Use of Hands, declined.",2,3,WSH 3,3,7,Washington Commanders,Seattle Seahawks,7,0,90.9,9.1,176.0,52.0,228.0,343.0,44.0,387.0,game,ML,Seattle Seahawks,,,polymarket,733,—,—,,Loss,,miss,,,,—,,
2026-09-27T20:12:49.904557+00:00,nfl,2026,3,401872955,4018729551100,2,14:22,"S.Darnold pass incomplete short middle to J.Smith-Njigba (Q.Martin).PENALTY on WAS-Q.Martin, Defensive Pass Interference, 2 yards, enforced at WAS 3 - No Play.Penalty on WAS-A.Robertson, Illegal Use of Hands, declined.",2,3,WSH 3,3,7,Washington Commanders,Seattle Seahawks,7,0,90.9,9.1,176.0,52.0,228.0,343.0,44.0,387.0,game,ML,Washington Commanders,,,kalshi,40844,—,—,,Win,,hit,,,,—,,
2026-09-27T20:12:49.904557+00:00,nfl,2026,3,401872955,4018729551139,2,14:17,G.Holani left guard to WAS 1 for no gain (J.Kinlaw; O.Oweh).,1,1,WSH 1,1,7,Washington Commanders,Seattle Seahawks,7,0,90.9,9.1,176.0,52.0,228.0,343.0,44.0,387.0,game,Spread,Seattle Seahawks,,5.5,bet365,-105,—,—,,+7,,miss,,,,—,,
2026-09-27T20:12:49.904557+00:00,nfl,2026,3,401872955,4018729551139,2,14:17,G.Holani left guard to WAS 1 for no gain (J.Kinlaw; O.Oweh).,1,1,WSH 1,1,7,Washington Commanders,Seattle Seahawks,7,0,90.9,9.1,176.0,52.0,228.0,343.0,44.0,387.0,game,Spread,Washington Commanders,,-5.5,bet365,-125,—,—,,+7,,hit,,,,—,,
2026-09-27T20:12:49.904557+00:00,nfl,2026,3,401872955,4018729551139,2,14:17,G.Holani left guard to WAS 1 for no gain (J.Kinlaw; O.Oweh).,1,1,WSH 1,1,7,Washington Commanders,Seattle Seahawks,7,0,90.9,9.1,176.0,52.0,228.0,343.0,44.0,387.0,game,Total,Over,,63.5,bet365,-120,—,—,,7.0,,miss,,,,—,,
2026-09-27T20:12:49.904557+00:00,nfl,2026,3,401872955,4018729551139,2,14:17,G.Holani left guard to WAS 1 for no gain (J.Kinlaw; O.Oweh).,1,1,WSH 1,1,7,Washington Commanders,Seattle Seahawks,7,0,90.9,9.1,176.0,52.0,228.0,343.0,44.0,387.0,game,Total,Under,,63.5,betfair,109,—,—,,7.0,,hit,,,,—,,
2026-09-27T20:12:49.904557+00:00,nfl,2026,3,401872955,4018729551139,2,14:17,G.Holani left guard to WAS 1 for no gain (J.Kinlaw; O.Oweh).,1,1,WSH 1,1,7,Washington Commanders,Seattle Seahawks,7,0,90.9,9.1,176.0,52.0,228.0,343.0,44.0,387.0,game,ML,Seattle Seahawks,,,polymarket,733,—,—,,Loss,,miss,,,,—,,
2026-09-27T20:12:49.904557+00:00,nfl,2026,3,401872955,4018729551139,2,14:17,G.Holani left guard to WAS 1 for no gain (J.Kinlaw; O.Oweh).,1,1,WSH 1,1,7,Washington Commanders,Seattle Seahawks,7,0,90.9,9.1,176.0,52.0,228.0,343.0,44.0,387.0,game,ML,Washington Commanders,,,kalshi,40844,—,—,,Win,,hit,,,,—,,
2026-09-27T20:12:49.904557+00:00,nfl,2026,3,401872955,4018729551195,2,13:27,Official Timeout at 13:27.,-1,10,WSH 15,15,0,Washington Commanders,Seattle Seahawks,7,7,90.9,9.1,176.0,52.0,228.0,343.0,44.0,387.0,game,Spread,Seattle Seahawks,,5.5,bet365,-105,—,—,,0,,hit,,,,—,,
2026-09-27T20:12:49.904557+00:00,nfl,2026,3,401872955,4018729551195,2,13:27,Official Timeout at 13:27.,-1,10,WSH 15,15,0,Washington Commanders,Seattle Seahawks,7,7,90.9,9.1,176.0,52.0,228.0,343.0,44.0,387.0,game,Spread,Washington Commanders,,-5.5,bet365,-125,—,—,,0,,miss,,,,—,,
2026-09-27T20:12:49.904557+00:00,nfl,2026,3,401872955,4018729551195,2,13:27,Official Timeout at 13:27.,-1,10,WSH 15,15,0,Washington Commanders,Seattle Seahawks,7,7,90.9,9.1,176.0,52.0,228.0,343.0,44.0,387.0,game,Total,Over,,63.5,bet365,-120,—,—,,14.0,,miss,,,,—,,
2026-09-27T20:12:49.904557+00:00,nfl,2026,3,401872955,4018729551195,2,13:27,Official Timeout at 13:27.,-1,10,WSH 15,15,0,Washington Commanders,Seattle Seahawks,7,7,90.9,9.1,176.0,52.0,228.0,343.0,44.0,387.0,game,Total,Under,,63.5,betfair,109,—,—,,14.0,,hit,,,,—,,
2026-09-27T20:12:49.904557+00:00,nfl,2026,3,401872955,4018729551195,2,13:27,Official Timeout at 13:27.,-1,10,WSH 15,15,0,Washington Commanders,Seattle Seahawks,7,7,90.9,9.1,176.0,52.0,228.0,343.0,44.0,387.0,game,ML,Seattle Seahawks,,,polymarket,733,—,—,,Loss,,miss,,,,—,,
2026-09-27T20:12:49.904557+00:00,nfl,2026,3,401872955,4018729551195,2,13:27,Official Timeout at 13:27.,-1,10,WSH 15,15,0,Washington Commanders,Seattle Seahawks,7,7,90.9,9.1,176.0,52.0,228.0,343.0,44.0,387.0,game,ML,Washington Commanders,,,kalshi,40844,—,—,,Loss,,miss,,,,—,,
2026-09-27T20:12:49.904557+00:00,nfl,2026,3,401872955,4018729551161,2,13:27,"(Shotgun) S.Darnold pass short right to J.Smith-Njigba for 1 yard, TOUCHDOWN. J.Myers extra point is GOOD, Center-C.Stoll, Holder-M.Dickson.",2,1,WSH 1,1,0,Washington Commanders,Seattle Seahawks,7,7,90.9,9.1,176.0,52.0,228.0,343.0,44.0,387.0,game,Spread,Seattle Seahawks,,5.5,bet365,-105,—,—,,0,,hit,,,,—,,
2026-09-27T20:12:49.904557+00:00,nfl,2026,3,401872955,4018729551161,2,13:27,"(Shotgun) S.Darnold pass short right to J.Smith-Njigba for 1 yard, TOUCHDOWN. J.Myers extra point is GOOD, Center-C.Stoll, Holder-M.Dickson.",2,1,WSH 1,1,0,Washington Commanders,Seattle Seahawks,7,7,90.9,9.1,176.0,52.0,228.0,343.0,44.0,387.0,game,Spread,Washington Commanders,,-5.5,bet365,-125,—,—,,0,,miss,,,,—,,
2026-09-27T20:12:49.904557+00:00,nfl,2026,3,401872955,4018729551161,2,13:27,"(Shotgun) S.Darnold pass short right to J.Smith-Njigba for 1 yard, TOUCHDOWN. J.Myers extra point is GOOD, Center-C.Stoll, Holder-M.Dickson.",2,1,WSH 1,1,0,Washington Commanders,Seattle Seahawks,7,7,90.9,9.1,176.0,52.0,228.0,343.0,44.0,387.0,game,Total,Over,,63.5,bet365,-120,—,—,,14.0,,miss,,,,—,,
2026-09-27T20:12:49.904557+00:00,nfl,2026,3,401872955,4018729551161,2,13:27,"(Shotgun) S.Darnold pass short right to J.Smith-Njigba for 1 yard, TOUCHDOWN. J.Myers extra point is GOOD, Center-C.Stoll, Holder-M.Dickson.",2,1,WSH 1,1,0,Washington Commanders,Seattle Seahawks,7,7,90.9,9.1,176.0,52.0,228.0,343.0,44.0,387.0,game,Total,Under,,63.5,betfair,109,—,—,,14.0,,hit,,,,—,,
2026-09-27T20:12:49.904557+00:00,nfl,2026,3,401872955,4018729551161,2,13:27,"(Shotgun) S.Darnold pass short right to J.Smith-Njigba for 1 yard, TOUCHDOWN. J.Myers extra point is GOOD, Center-C.Stoll, Holder-M.Dickson.",2,1,WSH 1,1,0,Washington Commanders,Seattle Seahawks,7,7,90.9,9.1,176.0,52.0,228.0,343.0,44.0,387.0,game,ML,Seattle Seahawks,,,polymarket,733,—,—,,Loss,,miss,,,,—,,
2026-09-27T20:12:49.904557+00:00,nfl,2026,3,401872955,4018729551161,2,13:27,"(Shotgun) S.Darnold pass short right to J.Smith-Njigba for 1 yard, TOUCHDOWN. J.Myers extra point is GOOD, Center-C.Stoll, Holder-M.Dickson.",2,1,WSH 1,1,0,Washington Commanders,Seattle Seahawks,7,7,90.9,9.1,176.0,52.0,228.0,343.0,44.0,387.0,game,ML,Washington Commanders,,,kalshi,40844,—,—,,Loss,,miss,,,,—,,
2026-09-27T20:12:49.904557+00:00,nfl,2026,3,401872955,4018729551202,2,13:27,J.Myers kicks 59 yards from SEA 35 to WAS 6. R.White ran ob at WAS 44 for 38 yards (B.Russell).,1,10,SEA 32,65,0,Washington Commanders,Seattle Seahawks,7,7,90.9,9.1,176.0,52.0,228.0,343.0,44.0,387.0,game,Spread,Seattle Seahawks,,5.5,bet365,-105,—,—,,0,,hit,,,,—,,
2026-09-27T20:12:49.904557+00:00,nfl,2026,3,401872955,4018729551202,2,13:27,J.Myers kicks 59 yards from SEA 35 to WAS 6. R.White ran ob at WAS 44 for 38 yards (B.Russell).,1,10,SEA 32,65,0,Washington Commanders,Seattle Seahawks,7,7,90.9,9.1,176.0,52.0,228.0,343.0,44.0,387.0,game,Spread,Washington Commanders,,-5.5,bet365,-125,—,—,,0,,miss,,,,—,,
2026-09-27T20:12:49.904557+00:00,nfl,2026,3,401872955,4018729551202,2,13:27,J.Myers kicks 59 yards from SEA 35 to WAS 6. R.White ran ob at WAS 44 for 38 yards (B.Russell).,1,10,SEA 32,65,0,Washington Commanders,Seattle Seahawks,7,7,90.9,9.1,176.0,52.0,228.0,343.0,44.0,387.0,game,Total,Over,,63.5,bet365,-120,—,—,,14.0,,miss,,,,—,,
2026-09-27T20:12:49.904557+00:00,nfl,2026,3,401872955,4018729551202,2,13:27,J.Myers kicks 59 yards from SEA 35 to WAS 6. R.White ran ob at WAS 44 for 38 yards (B.Russell).,1,10,SEA 32,65,0,Washington Commanders,Seattle Seahawks,7,7,90.9,9.1,176.0,52.0,228.0,343.0,44.0,387.0,game,Total,Under,,63.5,betfair,109,—,—,,14.0,,hit,,,,—,,
2026-09-27T20:12:49.904557+00:00,nfl,2026,3,401872955,4018729551202,2,13:27,J.Myers kicks 59 yards from SEA 35 to WAS 6. R.White ran ob at WAS 44 for 38 yards (B.Russell).,1,10,SEA 32,65,0,Washington Commanders,Seattle Seahawks,7,7,90.9,9.1,176.0,52.0,228.0,343.0,44.0,387.0,game,ML,Seattle Seahawks,,,polymarket,733,—,—,,Loss,,miss,,,,—,,
2026-09-27T20:12:49.904557+00:00,nfl,2026,3,401872955,4018729551202,2,13:27,J.Myers kicks 59 yards from SEA 35 to WAS 6. R.White ran ob at WAS 44 for 38 yards (B.Russell).,1,10,SEA 32,65,0,Washington Commanders,Seattle Seahawks,7,7,90.9,9.1,176.0,52.0,228.0,343.0,44.0,387.0,game,ML,Washington Commanders,,,kalshi,40844,—,—,,Loss,,miss,,,,—,,
2026-09-27T20:12:49.904557+00:00,nfl,2026,3,401872955,4018729551237,2,13:20,J.Croskey-Merritt up the middle to WAS 47 for 3 yards (B.Murphy; D.Lawrence).,1,10,WSH 44,44,0,Washington Commanders,Seattle Seahawks,7,7,90.9,9.1,176.0,52.0,228.0,343.0,44.0,387.0,game,Spread,Seattle Seahawks,,5.5,bet365,-105,—,—,,0,,hit,,,,—,,
2026-09-27T20:12:49.904557+00:00,nfl,2026,3,401872955,4018729551237,2,13:20,J.Croskey-Merritt up the middle to WAS 47 for 3 yards (B.Murphy; D.Lawrence).,1,10,WSH 44,44,0,Washington Commanders,Seattle Seahawks,7,7,90.9,9.1,176.0,52.0,228.0,343.0,44.0,387.0,game,Spread,Washington Commanders,,-5.5,bet365,-125,—,—,,0,,miss,,,,—,,
2026-09-27T20:12:49.904557+00:00,nfl,2026,3,401872955,4018729551237,2,13:20,J.Croskey-Merritt up the middle to WAS 47 for 3 yards (B.Murphy; D.Lawrence).,1,10,WSH 44,44,0,Washington Commanders,Seattle Seahawks,7,7,90.9,9.1,176.0,52.0,228.0,343.0,44.0,387.0,game,Total,Over,,63.5,bet365,-120,—,—,,14.0,,miss,,,,—,,
2026-09-27T20:12:49.904557+00:00,nfl,2026,3,401872955,4018729551237,2,13:20,J.Croskey-Merritt up the middle to WAS 47 for 3 yards (B.Murphy; D.Lawrence).,1,10,WSH 44,44,0,Washington Commanders,Seattle Seahawks,7,7,90.9,9.1,176.0,52.0,228.0,343.0,44.0,387.0,game,Total,Under,,63.5,betfair,109,—,—,,14.0,,hit,,,,—,,
2026-09-27T20:12:49.904557+00:00,nfl,2026,3,401872955,4018729551237,2,13:20,J.Croskey-Merritt up the middle to WAS 47 for 3 yards (B.Murphy; D.Lawrence).,1,10,WSH 44,44,0,Washington Commanders,Seattle Seahawks,7,7,90.9,9.1,176.0,52.0,228.0,343.0,44.0,387.0,game,ML,Seattle Seahawks,,,polymarket,733,—,—,,Loss,,miss,,,,—,,
2026-09-27T20:12:49.904557+00:00,nfl,2026,3,401872955,4018729551237,2,13:20,J.Croskey-Merritt up the middle to WAS 47 for 3 yards (B.Murphy; D.Lawrence).,1,10,WSH 44,44,0,Washington Commanders,Seattle Seahawks,7,7,90.9,9.1,176.0,52.0,228.0,343.0,44.0,387.0,game,ML,Washington Commanders,,,kalshi,40844,—,—,,Loss,,miss,,,,—,,
2026-09-27T20:12:49.904557+00:00,nfl,2026,3,401872955,4018729551259,2,12:37,"(Shotgun) PENALTY on WAS-J.Bates, False Start, 5 yards, enforced at WAS 47 - No Play.",2,7,WSH 47,47,0,Washington Commanders,Seattle Seahawks,7,7,90.9,9.1,176.0,52.0,228.0,343.0,44.0,387.0,game,Spread,Seattle Seahawks,,5.5,bet365,-105,—,—,,0,,hit,,,,—,,
2026-09-27T20:12:49.904557+00:00,nfl,2026,3,401872955,4018729551259,2,12:37,"(Shotgun) PENALTY on WAS-J.Bates, False Start, 5 yards, enforced at WAS 47 - No Play.",2,7,WSH 47,47,0,Washington Commanders,Seattle Seahawks,7,7,90.9,9.1,176.0,52.0,228.0,343.0,44.0,387.0,game,Spread,Washington Commanders,,-5.5,bet365,-125,—,—,,0,,miss,,,,—,,
2026-09-27T20:12:49.904557+00:00,nfl,2026,3,401872955,4018729551259,2,12:37,"(Shotgun) PENALTY on WAS-J.Bates, False Start, 5 yards, enforced at WAS 47 - No Play.",2,7,WSH 47,47,0,Washington Commanders,Seattle Seahawks,7,7,90.9,9.1,176.0,52.0,228.0,343.0,44.0,387.0,game,Total,Over,,63.5,bet365,-120,—,—,,14.0,,miss,,,,—,,
2026-09-27T20:12:49.904557+00:00,nfl,2026,3,401872955,4018729551259,2,12:37,"(Shotgun) PENALTY on WAS-J.Bates, False Start, 5 yards, enforced at WAS 47 - No Play.",2,7,WSH 47,47,0,Washington Commanders,Seattle Seahawks,7,7,90.9,9.1,176.0,52.0,228.0,343.0,44.0,387.0,game,Total,Under,,63.5,betfair,109,—,—,,14.0,,hit,,,,—,,
2026-09-27T20:12:49.904557+00:00,nfl,2026,3,401872955,4018729551259,2,12:37,"(Shotgun) PENALTY on WAS-J.Bates, False Start, 5 yards, enforced at WAS 47 - No Play.",2,7,WSH 47,47,0,Washington Commanders,Seattle Seahawks,7,7,90.9,9.1,176.0,52.0,228.0,343.0,44.0,387.0,game,ML,Seattle Seahawks,,,polymarket,733,—,—,,Loss,,miss,,,,—,,
2026-09-27T20:12:49.904557+00:00,nfl,2026,3,401872955,4018729551259,2,12:37,"(Shotgun) PENALTY on WAS-J.Bates, False Start, 5 yards, enforced at WAS 47 - No Play.",2,7,WSH 47,47,0,Washington Commanders,Seattle Seahawks,7,7,90.9,9.1,176.0,52.0,228.0,343.0,44.0,387.0,game,ML,Washington Commanders,,,kalshi,40844,—,—,,Loss,,miss,,,,—,,
2026-09-27T20:12:49.904557+00:00,nfl,2026,3,401872955,4018729551283,2,12:16,J.Croskey-Merritt right end to WAS 43 for 1 yard (N.Pritchett; D.Lawrence).,2,12,WSH 42,42,0,Washington Commanders,Seattle Seahawks,7,7,90.9,9.1,176.0,52.0,228.0,343.0,44.0,387.0,game,Spread,Seattle Seahawks,,5.5,bet365,-105,—,—,,0,,hit,,,,—,,
2026-09-27T20:12:49.904557+00:00,nfl,2026,3,401872955,4018729551283,2,12:16,J.Croskey-Merritt right end to WAS 43 for 1 yard (N.Pritchett; D.Lawrence).,2,12,WSH 42,42,0,Washington Commanders,Seattle Seahawks,7,7,90.9,9.1,176.0,52.0,228.0,343.0,44.0,387.0,game,Spread,Washington Commanders,,-5.5,bet365,-125,—,—,,0,,miss,,,,—,,
2026-09-27T20:12:49.904557+00:00,nfl,2026,3,401872955,4018729551283,2,12:16,J.Croskey-Merritt right end to WAS 43 for 1 yard (N.Pritchett; D.Lawrence).,2,12,WSH 42,42,0,Washington Commanders,Seattle Seahawks,7,7,90.9,9.1,176.0,52.0,228.0,343.0,44.0,387.0,game,Total,Over,,63.5,bet365,-120,—,—,,14.0,,miss,,,,—,,
2026-09-27T20:12:49.904557+00:00,nfl,2026,3,401872955,4018729551283,2,12:16,J.Croskey-Merritt right end to WAS 43 for 1 yard (N.Pritchett; D.Lawrence).,2,12,WSH 42,42,0,Washington Commanders,Seattle Seahawks,7,7,90.9,9.1,176.0,52.0,228.0,343.0,44.0,387.0,game,Total,Under,,63.5,betfair,109,—,—,,14.0,,hit,,,,—,,
2026-09-27T20:12:49.904557+00:00,nfl,2026,3,401872955,4018729551283,2,12:16,J.Croskey-Merritt right end to WAS 43 for 1 yard (N.Pritchett; D.Lawrence).,2,12,WSH 42,42,0,Washington Commanders,Seattle Seahawks,7,7,90.9,9.1,176.0,52.0,228.0,343.0,44.0,387.0,game,ML,Seattle Seahawks,,,polymarket,733,—,—,,Loss,,miss,,,,—,,
2026-09-27T20:12:49.904557+00:00,nfl,2026,3,401872955,4018729551283,2,12:16,J.Croskey-Merritt right end to WAS 43 for 1 yard (N.Pritchett; D.Lawrence).,2,12,WSH 42,42,0,Washington Commanders,Seattle Seahawks,7,7,90.9,9.1,176.0,52.0,228.0,343.0,44.0,387.0,game,ML,Washington Commanders,,,kalshi,40844,—,—,,Loss,,miss,,,,—,,
2026-09-27T20:12:49.904557+00:00,nfl,2026,3,401872955,4018729551305,2,11:34,"(No Huddle, Shotgun) M.Mariota pass incomplete deep right to S.Diggs.",3,11,WSH 43,43,0,Washington Commanders,Seattle Seahawks,7,7,90.9,9.1,176.0,52.0,228.0,343.0,44.0,387.0,game,Spread,Seattle Seahawks,,5.5,bet365,-105,—,—,,0,,hit,,,,—,,
2026-09-27T20:12:49.904557+00:00,nfl,2026,3,401872955,4018729551305,2,11:34,"(No Huddle, Shotgun) M.Mariota pass incomplete deep right to S.Diggs.",3,11,WSH 43,43,0,Washington Commanders,Seattle Seahawks,7,7,90.9,9.1,176.0,52.0,228.0,343.0,44.0,387.0,game,Spread,Washington Commanders,,-5.5,bet365,-125,—,—,,0,,miss,,,,—,,
2026-09-27T20:12:49.904557+00:00,nfl,2026,3,401872955,4018729551305,2,11:34,"(No Huddle, Shotgun) M.Mariota pass incomplete deep right to S.Diggs.",3,11,WSH 43,43,0,Washington Commanders,Seattle Seahawks,7,7,90.9,9.1,176.0,52.0,228.0,343.0,44.0,387.0,game,Total,Over,,63.5,bet365,-120,—,—,,14.0,,miss,,,,—,,
2026-09-27T20:12:49.904557+00:00,nfl,2026,3,401872955,4018729551305,2,11:34,"(No Huddle, Shotgun) M.Mariota pass incomplete deep right to S.Diggs.",3,11,WSH 43,43,0,Washington Commanders,Seattle Seahawks,7,7,90.9,9.1,176.0,52.0,228.0,343.0,44.0,387.0,game,Total,Under,,63.5,betfair,109,—,—,,14.0,,hit,,,,—,,
2026-09-27T20:12:49.904557+00:00,nfl,2026,3,401872955,4018729551305,2,11:34,"(No Huddle, Shotgun) M.Mariota pass incomplete deep right to S.Diggs.",3,11,WSH 43,43,0,Washington Commanders,Seattle Seahawks,7,7,90.9,9.1,176.0,52.0,228.0,343.0,44.0,387.0,game,ML,Seattle Seahawks,,,polymarket,733,—,—,,Loss,,miss,,,,—,,
2026-09-27T20:12:49.904557+00:00,nfl,2026,3,401872955,4018729551305,2,11:34,"(No Huddle, Shotgun) M.Mariota pass incomplete deep right to S.Diggs.",3,11,WSH 43,43,0,Washington Commanders,Seattle Seahawks,7,7,90.9,9.1,176.0,52.0,228.0,343.0,44.0,387.0,game,ML,Washington Commanders,,,kalshi,40844,—,—,,Loss,,miss,,,,—,,
2026-09-27T20:12:49.904557+00:00,nfl,2026,3,401872955,4018729551328,2,11:29,"T.Way punts 46 yards to SEA 11, Center-T.Ott. R.Shaheed to SEA 21 for 10 yards (A.Kaho).",4,11,WSH 43,43,0,Washington Commanders,Seattle Seahawks,7,7,90.9,9.1,176.0,52.0,228.0,343.0,44.0,387.0,game,Spread,Seattle Seahawks,,5.5,bet365,-105,—,—,,0,,hit,,,,—,,
2026-09-27T20:12:49.904557+00:00,nfl,2026,3,401872955,4018729551328,2,11:29,"T.Way punts 46 yards to SEA 11, Center-T.Ott. R.Shaheed to SEA 21 for 10 yards (A.Kaho).",4,11,WSH 43,43,0,Washington Commanders,Seattle Seahawks,7,7,90.9,9.1,176.0,52.0,228.0,343.0,44.0,387.0,game,Spread,Washington Commanders,,-5.5,bet365,-125,—,—,,0,,miss,,,,—,,
2026-09-27T20:12:49.904557+00:00,nfl,2026,3,401872955,4018729551328,2,11:29,"T.Way punts 46 yards to SEA 11, Center-T.Ott. R.Shaheed to SEA 21 for 10 yards (A.Kaho).",4,11,WSH 43,43,0,Washington Commanders,Seattle Seahawks,7,7,90.9,9.1,176.0,52.0,228.0,343.0,44.0,387.0,game,Total,Over,,63.5,bet365,-120,—,—,,14.0,,miss,,,,—,,
2026-09-27T20:12:49.904557+00:00,nfl,2026,3,401872955,4018729551328,2,11:29,"T.Way punts 46 yards to SEA 11, Center-T.Ott. R.Shaheed to SEA 21 for 10 yards (A.Kaho).",4,11,WSH 43,43,0,Washington Commanders,Seattle Seahawks,7,7,90.9,9.1,176.0,52.0,228.0,343.0,44.0,387.0,game,Total,Under,,63.5,betfair,109,—,—,,14.0,,hit,,,,—,,
2026-09-27T20:12:49.904557+00:00,nfl,2026,3,401872955,4018729551328,2,11:29,"T.Way punts 46 yards to SEA 11, Center-T.Ott. R.Shaheed to SEA 21 for 10 yards (A.Kaho).",4,11,WSH 43,43,0,Washington Commanders,Seattle Seahawks,7,7,90.9,9.1,176.0,52.0,228.0,343.0,44.0,387.0,game,ML,Seattle Seahawks,,,polymarket,733,—,—,,Loss,,miss,,,,—,,
2026-09-27T20:12:49.904557+00:00,nfl,2026,3,401872955,4018729551328,2,11:29,"T.Way punts 46 yards to SEA 11, Center-T.Ott. R.Shaheed to SEA 21 for 10 yards (A.Kaho).",4,11,WSH 43,43,0,Washington Commanders,Seattle Seahawks,7,7,90.9,9.1,176.0,52.0,228.0,343.0,44.0,387.0,game,ML,Washington Commanders,,,kalshi,40844,—,—,,Loss,,miss,,,,—,,
2026-09-27T20:12:49.904557+00:00,nfl,2026,3,401872955,4018729551341,2,11:19,Official Timeout at 11:19.,1,10,SEA 21,79,0,Washington Commanders,Seattle Seahawks,7,7,90.9,9.1,176.0,52.0,228.0,343.0,44.0,387.0,game,Spread,Seattle Seahawks,,5.5,bet365,-105,—,—,,0,,hit,,,,—,,
2026-09-27T20:12:49.904557+00:00,nfl,2026,3,401872955,4018729551341,2,11:19,Official Timeout at 11:19.,1,10,SEA 21,79,0,Washington Commanders,Seattle Seahawks,7,7,90.9,9.1,176.0,52.0,228.0,343.0,44.0,387.0,game,Spread,Washington Commanders,,-5.5,bet365,-125,—,—,,0,,miss,,,,—,,
2026-09-27T20:12:49.904557+00:00,nfl,2026,3,401872955,4018729551341,2,11:19,Official Timeout at 11:19.,1,10,SEA 21,79,0,Washington Commanders,Seattle Seahawks,7,7,90.9,9.1,176.0,52.0,228.0,343.0,44.0,387.0,game,Total,Over,,63.5,bet365,-120,—,—,,14.0,,miss,,,,—,,
2026-09-27T20:12:49.904557+00:00,nfl,2026,3,401872955,4018729551341,2,11:19,Official Timeout at 11:19.,1,10,SEA 21,79,0,Washington Commanders,Seattle Seahawks,7,7,90.9,9.1,176.0,52.0,228.0,343.0,44.0,387.0,game,Total,Under,,63.5,betfair,109,—,—,,14.0,,hit,,,,—,,
2026-09-27T20:12:49.904557+00:00,nfl,2026,3,401872955,4018729551341,2,11:19,Official Timeout at 11:19.,1,10,SEA 21,79,0,Washington Commanders,Seattle Seahawks,7,7,90.9,9.1,176.0,52.0,228.0,343.0,44.0,387.0,game,ML,Seattle Seahawks,,,polymarket,733,—,—,,Loss,,miss,,,,—,,
2026-09-27T20:12:49.904557+00:00,nfl,2026,3,401872955,4018729551341,2,11:19,Official Timeout at 11:19.,1,10,SEA 21,79,0,Washington Commanders,Seattle Seahawks,7,7,90.9,9.1,176.0,52.0,228.0,343.0,44.0,387.0,game,ML,Washington Commanders,,,kalshi,40844,—,—,,Loss,,miss,,,,—,,
2026-09-27T20:12:49.904557+00:00,nfl,2026,3,401872955,4018729551354,2,11:19,"PENALTY on SEA-A.Barner, False Start, 5 yards, enforced at SEA 21 - No Play.",1,10,SEA 21,79,0,Washington Commanders,Seattle Seahawks,7,7,90.9,9.1,176.0,52.0,228.0,343.0,44.0,387.0,game,Spread,Seattle Seahawks,,5.5,bet365,-105,—,—,,0,,hit,,,,—,,
2026-09-27T20:12:49.904557+00:00,nfl,2026,3,401872955,4018729551354,2,11:19,"PENALTY on SEA-A.Barner, False Start, 5 yards, enforced at SEA 21 - No Play.",1,10,SEA 21,79,0,Washington Commanders,Seattle Seahawks,7,7,90.9,9.1,176.0,52.0,228.0,343.0,44.0,387.0,game,Spread,Washington Commanders,,-5.5,bet365,-125,—,—,,0,,miss,,,,—,,
2026-09-27T20:12:49.904557+00:00,nfl,2026,3,401872955,4018729551354,2,11:19,"PENALTY on SEA-A.Barner, False Start, 5 yards, enforced at SEA 21 - No Play.",1,10,SEA 21,79,0,Washington Commanders,Seattle Seahawks,7,7,90.9,9.1,176.0,52.0,228.0,343.0,44.0,387.0,game,Total,Over,,63.5,bet365,-120,—,—,,14.0,,miss,,,,—,,
2026-09-27T20:12:49.904557+00:00,nfl,2026,3,401872955,4018729551354,2,11:19,"PENALTY on SEA-A.Barner, False Start, 5 yards, enforced at SEA 21 - No Play.",1,10,SEA 21,79,0,Washington Commanders,Seattle Seahawks,7,7,90.9,9.1,176.0,52.0,228.0,343.0,44.0,387.0,game,Total,Under,,63.5,betfair,109,—,—,,14.0,,hit,,,,—,,
2026-09-27T20:12:49.904557+00:00,nfl,2026,3,401872955,4018729551354,2,11:19,"PENALTY on SEA-A.Barner, False Start, 5 yards, enforced at SEA 21 - No Play.",1,10,SEA 21,79,0,Washington Commanders,Seattle Seahawks,7,7,90.9,9.1,176.0,52.0,228.0,343.0,44.0,387.0,game,ML,Seattle Seahawks,,,polymarket,733,—,—,,Loss,,miss,,,,—,,
2026-09-27T20:12:49.904557+00:00,nfl,2026,3,401872955,4018729551354,2,11:19,"PENALTY on SEA-A.Barner, False Start, 5 yards, enforced at SEA 21 - No Play.",1,10,SEA 21,79,0,Washington Commanders,Seattle Seahawks,7,7,90.9,9.1,176.0,52.0,228.0,343.0,44.0,387.0,game,ML,Washington Commanders,,,kalshi,40844,—,—,,Loss,,miss,,,,—,,
2026-09-27T20:12:49.904557+00:00,nfl,2026,3,401872955,4018729551385,2,11:19,S.Darnold pass incomplete short left to E.Saubert [K.Chaisson].,1,15,SEA 16,84,0,Washington Commanders,Seattle Seahawks,7,7,90.9,9.1,176.0,52.0,228.0,343.0,44.0,387.0,game,Spread,Seattle Seahawks,,5.5,bet365,-105,—,—,,0,,hit,,,,—,,
2026-09-27T20:12:49.904557+00:00,nfl,2026,3,401872955,4018729551385,2,11:19,S.Darnold pass incomplete short left to E.Saubert [K.Chaisson].,1,15,SEA 16,84,0,Washington Commanders,Seattle Seahawks,7,7,90.9,9.1,176.0,52.0,228.0,343.0,44.0,387.0,game,Spread,Washington Commanders,,-5.5,bet365,-125,—,—,,0,,miss,,,,—,,
2026-09-27T20:12:49.904557+00:00,nfl,2026,3,401872955,4018729551385,2,11:19,S.Darnold pass incomplete short left to E.Saubert [K.Chaisson].,1,15,SEA 16,84,0,Washington Commanders,Seattle Seahawks,7,7,90.9,9.1,176.0,52.0,228.0,343.0,44.0,387.0,game,Total,Over,,63.5,bet365,-120,—,—,,14.0,,miss,,,,—,,
2026-09-27T20:12:49.904557+00:00,nfl,2026,3,401872955,4018729551385,2,11:19,S.Darnold pass incomplete short left to E.Saubert [K.Chaisson].,1,15,SEA 16,84,0,Washington Commanders,Seattle Seahawks,7,7,90.9,9.1,176.0,52.0,228.0,343.0,44.0,387.0,game,Total,Under,,63.5,betfair,109,—,—,,14.0,,hit,,,,—,,
2026-09-27T20:12:49.904557+00:00,nfl,2026,3,401872955,4018729551385,2,11:19,S.Darnold pass incomplete short left to E.Saubert [K.Chaisson].,1,15,SEA 16,84,0,Washington Commanders,Seattle Seahawks,7,7,90.9,9.1,176.0,52.0,228.0,343.0,44.0,387.0,game,ML,Seattle Seahawks,,,polymarket,733,—,—,,Loss,,miss,,,,—,,
2026-09-27T20:12:49.904557+00:00,nfl,2026,3,401872955,4018729551385,2,11:19,S.Darnold pass incomplete short left to E.Saubert [K.Chaisson].,1,15,SEA 16,84,0,Washington Commanders,Seattle Seahawks,7,7,90.9,9.1,176.0,52.0,228.0,343.0,44.0,387.0,game,ML,Washington Commanders,,,kalshi,40844,—,—,,Loss,,miss,,,,—,,
2026-09-27T20:12:49.904557+00:00,nfl,2026,3,401872955,4018729551408,2,11:14,(Shotgun) S.Darnold pass short left to G.Holani to SEA 22 for 6 yards (A.Robertson).,2,15,SEA 16,84,0,Washington Commanders,Seattle Seahawks,7,7,90.9,9.1,176.0,52.0,228.0,343.0,44.0,387.0,game,Spread,Seattle Seahawks,,5.5,bet365,-105,—,—,,0,,hit,,,,—,,
2026-09-27T20:12:49.904557+00:00,nfl,2026,3,401872955,4018729551408,2,11:14,(Shotgun) S.Darnold pass short left to G.Holani to SEA 22 for 6 yards (A.Robertson).,2,15,SEA 16,84,0,Washington Commanders,Seattle Seahawks,7,7,90.9,9.1,176.0,52.0,228.0,343.0,44.0,387.0,game,Spread,Washington Commanders,,-5.5,bet365,-125,—,—,,0,,miss,,,,—,,
2026-09-27T20:12:49.904557+00:00,nfl,2026,3,401872955,4018729551408,2,11:14,(Shotgun) S.Darnold pass short left to G.Holani to SEA 22 for 6 yards (A.Robertson).,2,15,SEA 16,84,0,Washington Commanders,Seattle Seahawks,7,7,90.9,9.1,176.0,52.0,228.0,343.0,44.0,387.0,game,Total,Over,,63.5,bet365,-120,—,—,,14.0,,miss,,,,—,,
2026-09-27T20:12:49.904557+00:00,nfl,2026,3,401872955,4018729551408,2,11:14,(Shotgun) S.Darnold pass short left to G.Holani to SEA 22 for 6 yards (A.Robertson).,2,15,SEA 16,84,0,Washington Commanders,Seattle Seahawks,7,7,90.9,9.1,176.0,52.0,228.0,343.0,44.0,387.0,game,Total,Under,,63.5,betfair,109,—,—,,14.0,,hit,,,,—,,
2026-09-27T20:12:49.904557+00:00,nfl,2026,3,401872955,4018729551408,2,11:14,(Shotgun) S.Darnold pass short left to G.Holani to SEA 22 for 6 yards (A.Robertson).,2,15,SEA 16,84,0,Washington Commanders,Seattle Seahawks,7,7,90.9,9.1,176.0,52.0,228.0,343.0,44.0,387.0,game,ML,Seattle Seahawks,,,polymarket,733,—,—,,Loss,,miss,,,,—,,
2026-09-27T20:12:49.904557+00:00,nfl,2026,3,401872955,4018729551408,2,11:14,(Shotgun) S.Darnold pass short left to G.Holani to SEA 22 for 6 yards (A.Robertson).,2,15,SEA 16,84,0,Washington Commanders,Seattle Seahawks,7,7,90.9,9.1,176.0,52.0,228.0,343.0,44.0,387.0,game,ML,Washington Commanders,,,kalshi,40844,—,—,,Loss,,miss,,,,—,,
2026-09-27T20:12:49.904557+00:00,nfl,2026,3,401872955,4018729551433,2,10:33,(Shotgun) S.Darnold pass incomplete short right to C.Kupp (A.Robertson).,3,9,SEA 22,78,0,Washington Commanders,Seattle Seahawks,7,7,90.9,9.1,176.0,52.0,228.0,343.0,44.0,387.0,game,Spread,Seattle Seahawks,,5.5,bet365,-105,—,—,,0,,hit,,,,—,,
2026-09-27T20:12:49.904557+00:00,nfl,2026,3,401872955,4018729551433,2,10:33,(Shotgun) S.Darnold pass incomplete short right to C.Kupp (A.Robertson).,3,9,SEA 22,78,0,Washington Commanders,Seattle Seahawks,7,7,90.9,9.1,176.0,52.0,228.0,343.0,44.0,387.0,game,Spread,Washington Commanders,,-5.5,bet365,-125,—,—,,0,,miss,,,,—,,
2026-09-27T20:12:49.904557+00:00,nfl,2026,3,401872955,4018729551433,2,10:33,(Shotgun) S.Darnold pass incomplete short right to C.Kupp (A.Robertson).,3,9,SEA 22,78,0,Washington Commanders,Seattle Seahawks,7,7,90.9,9.1,176.0,52.0,228.0,343.0,44.0,387.0,game,Total,Over,,63.5,bet365,-120,—,—,,14.0,,miss,,,,—,,
2026-09-27T20:12:49.904557+00:00,nfl,2026,3,401872955,4018729551433,2,10:33,(Shotgun) S.Darnold pass incomplete short right to C.Kupp (A.Robertson).,3,9,SEA 22,78,0,Washington Commanders,Seattle Seahawks,7,7,90.9,9.1,176.0,52.0,228.0,343.0,44.0,387.0,game,Total,Under,,63.5,betfair,109,—,—,,14.0,,hit,,,,—,,
2026-09-27T20:12:49.904557+00:00,nfl,2026,3,401872955,4018729551433,2,10:33,(Shotgun) S.Darnold pass incomplete short right to C.Kupp (A.Robertson).,3,9,SEA 22,78,0,Washington Commanders,Seattle Seahawks,7,7,90.9,9.1,176.0,52.0,228.0,343.0,44.0,387.0,game,ML,Seattle Seahawks,,,polymarket,733,—,—,,Loss,,miss,,,,—,,
2026-09-27T20:12:49.904557+00:00,nfl,2026,3,401872955,4018729551433,2,10:33,(Shotgun) S.Darnold pass incomplete short right to C.Kupp (A.Robertson).,3,9,SEA 22,78,0,Washington Commanders,Seattle Seahawks,7,7,90.9,9.1,176.0,52.0,228.0,343.0,44.0,387.0,game,ML,Washington Commanders,,,kalshi,40844,—,—,,Loss,,miss,,,,—,,
2026-09-27T20:12:49.904557+00:00,nfl,2026,3,401872955,4018729551456,2,10:28,"M.Dickson punts 38 yards to WAS 40, Center-C.Stoll, fair catch by J.Lane.",4,9,SEA 22,78,0,Washington Commanders,Seattle Seahawks,7,7,90.9,9.1,176.0,52.0,228.0,343.0,44.0,387.0,game,Spread,Seattle Seahawks,,5.5,bet365,-105,—,—,,0,,hit,,,,—,,
2026-09-27T20:12:49.904557+00:00,nfl,2026,3,401872955,4018729551456,2,10:28,"M.Dickson punts 38 yards to WAS 40, Center-C.Stoll, fair catch by J.Lane.",4,9,SEA 22,78,0,Washington Commanders,Seattle Seahawks,7,7,90.9,9.1,176.0,52.0,228.0,343.0,44.0,387.0,game,Spread,Washington Commanders,,-5.5,bet365,-125,—,—,,0,,miss,,,,—,,
2026-09-27T20:12:49.904557+00:00,nfl,2026,3,401872955,4018729551456,2,10:28,"M.Dickson punts 38 yards to WAS 40, Center-C.Stoll, fair catch by J.Lane.",4,9,SEA 22,78,0,Washington Commanders,Seattle Seahawks,7,7,90.9,9.1,176.0,52.0,228.0,343.0,44.0,387.0,game,Total,Over,,63.5,bet365,-120,—,—,,14.0,,miss,,,,—,,
2026-09-27T20:12:49.904557+00:00,nfl,2026,3,401872955,4018729551456,2,10:28,"M.Dickson punts 38 yards to WAS 40, Center-C.Stoll, fair catch by J.Lane.",4,9,SEA 22,78,0,Washington Commanders,Seattle Seahawks,7,7,90.9,9.1,176.0,52.0,228.0,343.0,44.0,387.0,game,Total,Under,,63.5,betfair,109,—,—,,14.0,,hit,,,,—,,
2026-09-27T20:12:49.904557+00:00,nfl,2026,3,401872955,4018729551456,2,10:28,"M.Dickson punts 38 yards to WAS 40, Center-C.Stoll, fair catch by J.Lane.",4,9,SEA 22,78,0,Washington Commanders,Seattle Seahawks,7,7,90.9,9.1,176.0,52.0,228.0,343.0,44.0,387.0,game,ML,Seattle Seahawks,,,polymarket,733,—,—,,Loss,,miss,,,,—,,
2026-09-27T20:12:49.904557+00:00,nfl,2026,3,401872955,4018729551456,2,10:28,"M.Dickson punts 38 yards to WAS 40, Center-C.Stoll, fair catch by J.Lane.",4,9,SEA 22,78,0,Washington Commanders,Seattle Seahawks,7,7,90.9,9.1,176.0,52.0,228.0,343.0,44.0,387.0,game,ML,Washington Commanders,,,kalshi,40844,—,—,,Loss,,miss,,,,—,,
2026-09-27T20:12:49.904557+00:00,nfl,2026,3,401872955,4018729551476,2,10:21,J.Croskey-Merritt left guard to WAS 46 for 6 yards (R.Thomas; U.Nwosu).,1,10,WSH 40,40,0,Washington Commanders,Seattle Seahawks,7,7,90.9,9.1,176.0,52.0,228.0,343.0,44.0,387.0,game,Spread,Seattle Seahawks,,5.5,bet365,-105,—,—,,0,,hit,,,,—,,
2026-09-27T20:12:49.904557+00:00,nfl,2026,3,401872955,4018729551476,2,10:21,J.Croskey-Merritt left guard to WAS 46 for 6 yards (R.Thomas; U.Nwosu).,1,10,WSH 40,40,0,Washington Commanders,Seattle Seahawks,7,7,90.9,9.1,176.0,52.0,228.0,343.0,44.0,387.0,game,Spread,Washington Commanders,,-5.5,bet365,-125,—,—,,0,,miss,,,,—,,
2026-09-27T20:12:49.904557+00:00,nfl,2026,3,401872955,4018729551476,2,10:21,J.Croskey-Merritt left guard to WAS 46 for 6 yards (R.Thomas; U.Nwosu).,1,10,WSH 40,40,0,Washington Commanders,Seattle Seahawks,7,7,90.9,9.1,176.0,52.0,228.0,343.0,44.0,387.0,game,Total,Over,,63.5,bet365,-120,—,—,,14.0,,miss,,,,—,,
2026-09-27T20:12:49.904557+00:00,nfl,2026,3,401872955,4018729551476,2,10:21,J.Croskey-Merritt left guard to WAS 46 for 6 yards (R.Thomas; U.Nwosu).,1,10,WSH 40,40,0,Washington Commanders,Seattle Seahawks,7,7,90.9,9.1,176.0,52.0,228.0,343.0,44.0,387.0,game,Total,Under,,63.5,betfair,109,—,—,,14.0,,hit,,,,—,,
2026-09-27T20:12:49.904557+00:00,nfl,2026,3,401872955,4018729551476,2,10:21,J.Croskey-Merritt left guard to WAS 46 for 6 yards (R.Thomas; U.Nwosu).,1,10,WSH 40,40,0,Washington Commanders,Seattle Seahawks,7,7,90.9,9.1,176.0,52.0,228.0,343.0,44.0,387.0,game,ML,Seattle Seahawks,,,polymarket,733,—,—,,Loss,,miss,,,,—,,
2026-09-27T20:12:49.904557+00:00,nfl,2026,3,401872955,4018729551476,2,10:21,J.Croskey-Merritt left guard to WAS 46 for 6 yards (R.Thomas; U.Nwosu).,1,10,WSH 40,40,0,Washington Commanders,Seattle Seahawks,7,7,90.9,9.1,176.0,52.0,228.0,343.0,44.0,387.0,game,ML,Washington Commanders,,,kalshi,40844,—,—,,Loss,,miss,,,,—,,
2026-09-27T20:12:49.904557+00:00,nfl,2026,3,401872955,4018729551498,2,9:52,(Shotgun) M.Mariota pass short left to T.McLaurin to SEA 48 for 6 yards (J.Jobe).,2,4,WSH 46,46,0,Washington Commanders,Seattle Seahawks,7,7,90.9,9.1,176.0,52.0,228.0,343.0,44.0,387.0,game,Spread,Seattle Seahawks,,5.5,bet365,-105,—,—,,0,,hit,,,,—,,
2026-09-27T20:12:49.904557+00:00,nfl,2026,3,401872955,4018729551498,2,9:52,(Shotgun) M.Mariota pass short left to T.McLaurin to SEA 48 for 6 yards (J.Jobe).,2,4,WSH 46,46,0,Washington Commanders,Seattle Seahawks,7,7,90.9,9.1,176.0,52.0,228.0,343.0,44.0,387.0,game,Spread,Washington Commanders,,-5.5,bet365,-125,—,—,,0,,miss,,,,—,,
2026-09-27T20:12:49.904557+00:00,nfl,2026,3,401872955,4018729551498,2,9:52,(Shotgun) M.Mariota pass short left to T.McLaurin to SEA 48 for 6 yards (J.Jobe).,2,4,WSH 46,46,0,Washington Commanders,Seattle Seahawks,7,7,90.9,9.1,176.0,52.0,228.0,343.0,44.0,387.0,game,Total,Over,,63.5,bet365,-120,—,—,,14.0,,miss,,,,—,,
2026-09-27T20:12:49.904557+00:00,nfl,2026,3,401872955,4018729551498,2,9:52,(Shotgun) M.Mariota pass short left to T.McLaurin to SEA 48 for 6 yards (J.Jobe).,2,4,WSH 46,46,0,Washington Commanders,Seattle Seahawks,7,7,90.9,9.1,176.0,52.0,228.0,343.0,44.0,387.0,game,Total,Under,,63.5,betfair,109,—,—,,14.0,,hit,,,,—,,
2026-09-27T20:12:49.904557+00:00,nfl,2026,3,401872955,4018729551498,2,9:52,(Shotgun) M.Mariota pass short left to T.McLaurin to SEA 48 for 6 yards (J.Jobe).,2,4,WSH 46,46,0,Washington Commanders,Seattle Seahawks,7,7,90.9,9.1,176.0,52.0,228.0,343.0,44.0,387.0,game,ML,Seattle Seahawks,,,polymarket,733,—,—,,Loss,,miss,,,,—,,
2026-09-27T20:12:49.904557+00:00,nfl,2026,3,401872955,4018729551498,2,9:52,(Shotgun) M.Mariota pass short left to T.McLaurin to SEA 48 for 6 yards (J.Jobe).,2,4,WSH 46,46,0,Washington Commanders,Seattle Seahawks,7,7,90.9,9.1,176.0,52.0,228.0,343.0,44.0,387.0,game,ML,Washington Commanders,,,kalshi,40844,—,—,,Loss,,miss,,,,—,,
2026-09-27T20:12:49.904557+00:00,nfl,2026,3,401872955,4018729551523,2,9:15,"(No Huddle, Shotgun) M.Mariota pass short left to A.Williams to SEA 39 for 9 yards (E.Jones; D.Thomas).",1,10,SEA 48,52,0,Washington Commanders,Seattle Seahawks,7,7,90.9,9.1,176.0,52.0,228.0,343.0,44.0,387.0,game,Spread,Seattle Seahawks,,5.5,bet365,-105,—,—,,0,,hit,,,,—,,
2026-09-27T20:12:49.904557+00:00,nfl,2026,3,401872955,4018729551523,2,9:15,"(No Huddle, Shotgun) M.Mariota pass short left to A.Williams to SEA 39 for 9 yards (E.Jones; D.Thomas).",1,10,SEA 48,52,0,Washington Commanders,Seattle Seahawks,7,7,90.9,9.1,176.0,52.0,228.0,343.0,44.0,387.0,game,Spread,Washington Commanders,,-5.5,bet365,-125,—,—,,0,,miss,,,,—,,
2026-09-27T20:12:49.904557+00:00,nfl,2026,3,401872955,4018729551523,2,9:15,"(No Huddle, Shotgun) M.Mariota pass short left to A.Williams to SEA 39 for 9 yards (E.Jones; D.Thomas).",1,10,SEA 48,52,0,Washington Commanders,Seattle Seahawks,7,7,90.9,9.1,176.0,52.0,228.0,343.0,44.0,387.0,game,Total,Over,,63.5,bet365,-120,—,—,,14.0,,miss,,,,—,,
2026-09-27T20:12:49.904557+00:00,nfl,2026,3,401872955,4018729551523,2,9:15,"(No Huddle, Shotgun) M.Mariota pass short left to A.Williams to SEA 39 for 9 yards (E.Jones; D.Thomas).",1,10,SEA 48,52,0,Washington Commanders,Seattle Seahawks,7,7,90.9,9.1,176.0,52.0,228.0,343.0,44.0,387.0,game,Total,Under,,63.5,betfair,109,—,—,,14.0,,hit,,,,—,,
2026-09-27T20:12:49.904557+00:00,nfl,2026,3,401872955,4018729551523,2,9:15,"(No Huddle, Shotgun) M.Mariota pass short left to A.Williams to SEA 39 for 9 yards (E.Jones; D.Thomas).",1,10,SEA 48,52,0,Washington Commanders,Seattle Seahawks,7,7,90.9,9.1,176.0,52.0,228.0,343.0,44.0,387.0,game,ML,Seattle Seahawks,,,polymarket,733,—,—,,Loss,,miss,,,,—,,
2026-09-27T20:12:49.904557+00:00,nfl,2026,3,401872955,4018729551523,2,9:15,"(No Huddle, Shotgun) M.Mariota pass short left to A.Williams to SEA 39 for 9 yards (E.Jones; D.Thomas).",1,10,SEA 48,52,0,Washington Commanders,Seattle Seahawks,7,7,90.9,9.1,176.0,52.0,228.0,343.0,44.0,387.0,game,ML,Washington Commanders,,,kalshi,40844,—,—,,Loss,,miss,,,,—,,
2026-09-27T20:12:49.904557+00:00,nfl,2026,3,401872955,4018729551548,2,8:38,J.Croskey-Merritt left end to SEA 33 for 6 yards (J.Jobe; B.Murphy).,2,1,SEA 39,61,0,Washington Commanders,Seattle Seahawks,7,7,90.9,9.1,176.0,52.0,228.0,343.0,44.0,387.0,game,Spread,Seattle Seahawks,,5.5,bet365,-105,—,—,,0,,hit,,,,—,,
2026-09-27T20:12:49.904557+00:00,nfl,2026,3,401872955,4018729551548,2,8:38,J.Croskey-Merritt left end to SEA 33 for 6 yards (J.Jobe; B.Murphy).,2,1,SEA 39,61,0,Washington Commanders,Seattle Seahawks,7,7,90.9,9.1,176.0,52.0,228.0,343.0,44.0,387.0,game,Spread,Washington Commanders,,-5.5,bet365,-125,—,—,,0,,miss,,,,—,,
2026-09-27T20:12:49.904557+00:00,nfl,2026,3,401872955,4018729551548,2,8:38,J.Croskey-Merritt left end to SEA 33 for 6 yards (J.Jobe; B.Murphy).,2,1,SEA 39,61,0,Washington Commanders,Seattle Seahawks,7,7,90.9,9.1,176.0,52.0,228.0,343.0,44.0,387.0,game,Total,Over,,63.5,bet365,-120,—,—,,14.0,,miss,,,,—,,
2026-09-27T20:12:49.904557+00:00,nfl,2026,3,401872955,4018729551548,2,8:38,J.Croskey-Merritt left end to SEA 33 for 6 yards (J.Jobe; B.Murphy).,2,1,SEA 39,61,0,Washington Commanders,Seattle Seahawks,7,7,90.9,9.1,176.0,52.0,228.0,343.0,44.0,387.0,game,Total,Under,,63.5,betfair,109,—,—,,14.0,,hit,,,,—,,
2026-09-27T20:12:49.904557+00:00,nfl,2026,3,401872955,4018729551548,2,8:38,J.Croskey-Merritt left end to SEA 33 for 6 yards (J.Jobe; B.Murphy).,2,1,SEA 39,61,0,Washington Commanders,Seattle Seahawks,7,7,90.9,9.1,176.0,52.0,228.0,343.0,44.0,387.0,game,ML,Seattle Seahawks,,,polymarket,733,—,—,,Loss,,miss,,,,—,,
2026-09-27T20:12:49.904557+00:00,nfl,2026,3,401872955,4018729551548,2,8:38,J.Croskey-Merritt left end to SEA 33 for 6 yards (J.Jobe; B.Murphy).,2,1,SEA 39,61,0,Washington Commanders,Seattle Seahawks,7,7,90.9,9.1,176.0,52.0,228.0,343.0,44.0,387.0,game,ML,Washington Commanders,,,kalshi,40844,—,—,,Loss,,miss,,,,—,,
2026-09-27T20:12:49.904557+00:00,nfl,2026,3,401872955,4018729551562,2,8:06,Timeout #1 by SEA at 08:06.,1,10,SEA 33,67,0,Washington Commanders,Seattle Seahawks,7,7,90.9,9.1,176.0,52.0,228.0,343.0,44.0,387.0,game,Spread,Seattle Seahawks,,5.5,bet365,-105,—,—,,0,,hit,,,,—,,
2026-09-27T20:12:49.904557+00:00,nfl,2026,3,401872955,4018729551562,2,8:06,Timeout #1 by SEA at 08:06.,1,10,SEA 33,67,0,Washington Commanders,Seattle Seahawks,7,7,90.9,9.1,176.0,52.0,228.0,343.0,44.0,387.0,game,Spread,Washington Commanders,,-5.5,bet365,-125,—,—,,0,,miss,,,,—,,
2026-09-27T20:12:49.904557+00:00,nfl,2026,3,401872955,4018729551562,2,8:06,Timeout #1 by SEA at 08:06.,1,10,SEA 33,67,0,Washington Commanders,Seattle Seahawks,7,7,90.9,9.1,176.0,52.0,228.0,343.0,44.0,387.0,game,Total,Over,,63.5,bet365,-120,—,—,,14.0,,miss,,,,—,,
2026-09-27T20:12:49.904557+00:00,nfl,2026,3,401872955,4018729551562,2,8:06,Timeout #1 by SEA at 08:06.,1,10,SEA 33,67,0,Washington Commanders,Seattle Seahawks,7,7,90.9,9.1,176.0,52.0,228.0,343.0,44.0,387.0,game,Total,Under,,63.5,betfair,109,—,—,,14.0,,hit,,,,—,,
2026-09-27T20:12:49.904557+00:00,nfl,2026,3,401872955,4018729551562,2,8:06,Timeout #1 by SEA at 08:06.,1,10,SEA 33,67,0,Washington Commanders,Seattle Seahawks,7,7,90.9,9.1,176.0,52.0,228.0,343.0,44.0,387.0,game,ML,Seattle Seahawks,,,polymarket,733,—,—,,Loss,,miss,,,,—,,
2026-09-27T20:12:49.904557+00:00,nfl,2026,3,401872955,4018729551562,2,8:06,Timeout #1 by SEA at 08:06.,1,10,SEA 33,67,0,Washington Commanders,Seattle Seahawks,7,7,90.9,9.1,176.0,52.0,228.0,343.0,44.0,387.0,game,ML,Washington Commanders,,,kalshi,40844,—,—,,Loss,,miss,,,,—,,
2026-09-27T20:12:49.904557+00:00,nfl,2026,3,401872955,4018729551575,2,8:06,(Shotgun) M.Mariota pass incomplete short right to S.Diggs (U.Nwosu).,1,10,SEA 33,67,0,Washington Commanders,Seattle Seahawks,7,7,90.9,9.1,176.0,52.0,228.0,343.0,44.0,387.0,game,Spread,Seattle Seahawks,,5.5,bet365,-105,—,—,,0,,hit,,,,—,,
2026-09-27T20:12:49.904557+00:00,nfl,2026,3,401872955,4018729551575,2,8:06,(Shotgun) M.Mariota pass incomplete short right to S.Diggs (U.Nwosu).,1,10,SEA 33,67,0,Washington Commanders,Seattle Seahawks,7,7,90.9,9.1,176.0,52.0,228.0,343.0,44.0,387.0,game,Spread,Washington Commanders,,-5.5,bet365,-125,—,—,,0,,miss,,,,—,,
2026-09-27T20:12:49.904557+00:00,nfl,2026,3,401872955,4018729551575,2,8:06,(Shotgun) M.Mariota pass incomplete short right to S.Diggs (U.Nwosu).,1,10,SEA 33,67,0,Washington Commanders,Seattle Seahawks,7,7,90.9,9.1,176.0,52.0,228.0,343.0,44.0,387.0,game,Total,Over,,63.5,bet365,-120,—,—,,14.0,,miss,,,,—,,
2026-09-27T20:12:49.904557+00:00,nfl,2026,3,401872955,4018729551575,2,8:06,(Shotgun) M.Mariota pass incomplete short right to S.Diggs (U.Nwosu).,1,10,SEA 33,67,0,Washington Commanders,Seattle Seahawks,7,7,90.9,9.1,176.0,52.0,228.0,343.0,44.0,387.0,game,Total,Under,,63.5,betfair,109,—,—,,14.0,,hit,,,,—,,
2026-09-27T20:12:49.904557+00:00,nfl,2026,3,401872955,4018729551575,2,8:06,(Shotgun) M.Mariota pass incomplete short right to S.Diggs (U.Nwosu).,1,10,SEA 33,67,0,Washington Commanders,Seattle Seahawks,7,7,90.9,9.1,176.0,52.0,228.0,343.0,44.0,387.0,game,ML,Seattle Seahawks,,,polymarket,733,—,—,,Loss,,miss,,,,—,,
2026-09-27T20:12:49.904557+00:00,nfl,2026,3,401872955,4018729551575,2,8:06,(Shotgun) M.Mariota pass incomplete short right to S.Diggs (U.Nwosu).,1,10,SEA 33,67,0,Washington Commanders,Seattle Seahawks,7,7,90.9,9.1,176.0,52.0,228.0,343.0,44.0,387.0,game,ML,Washington Commanders,,,kalshi,40844,—,—,,Loss,,miss,,,,—,,
2026-09-27T20:12:49.904557+00:00,nfl,2026,3,401872955,4018729551605,2,8:03,(Shotgun) M.Mariota pass short right to J.Lane pushed ob at SEA 12 for 21 yards (A.Finley).,2,10,SEA 33,67,0,Washington Commanders,Seattle Seahawks,7,7,90.9,9.1,176.0,52.0,228.0,343.0,44.0,387.0,game,Spread,Seattle Seahawks,,5.5,bet365,-105,—,—,,0,,hit,,,,—,,
2026-09-27T20:12:49.904557+00:00,nfl,2026,3,401872955,4018729551605,2,8:03,(Shotgun) M.Mariota pass short right to J.Lane pushed ob at SEA 12 for 21 yards (A.Finley).,2,10,SEA 33,67,0,Washington Commanders,Seattle Seahawks,7,7,90.9,9.1,176.0,52.0,228.0,343.0,44.0,387.0,game,Spread,Washington Commanders,,-5.5,bet365,-125,—,—,,0,,miss,,,,—,,
2026-09-27T20:12:49.904557+00:00,nfl,2026,3,401872955,4018729551605,2,8:03,(Shotgun) M.Mariota pass short right to J.Lane pushed ob at SEA 12 for 21 yards (A.Finley).,2,10,SEA 33,67,0,Washington Commanders,Seattle Seahawks,7,7,90.9,9.1,176.0,52.0,228.0,343.0,44.0,387.0,game,Total,Over,,63.5,bet365,-120,—,—,,14.0,,miss,,,,—,,
2026-09-27T20:12:49.904557+00:00,nfl,2026,3,401872955,4018729551605,2,8:03,(Shotgun) M.Mariota pass short right to J.Lane pushed ob at SEA 12 for 21 yards (A.Finley).,2,10,SEA 33,67,0,Washington Commanders,Seattle Seahawks,7,7,90.9,9.1,176.0,52.0,228.0,343.0,44.0,387.0,game,Total,Under,,63.5,betfair,109,—,—,,14.0,,hit,,,,—,,
2026-09-27T20:12:49.904557+00:00,nfl,2026,3,401872955,4018729551605,2,8:03,(Shotgun) M.Mariota pass short right to J.Lane pushed ob at SEA 12 for 21 yards (A.Finley).,2,10,SEA 33,67,0,Washington Commanders,Seattle Seahawks,7,7,90.9,9.1,176.0,52.0,228.0,343.0,44.0,387.0,game,ML,Seattle Seahawks,,,polymarket,733,—,—,,Loss,,miss,,,,—,,
2026-09-27T20:12:49.904557+00:00,nfl,2026,3,401872955,4018729551605,2,8:03,(Shotgun) M.Mariota pass short right to J.Lane pushed ob at SEA 12 for 21 yards (A.Finley).,2,10,SEA 33,67,0,Washington Commanders,Seattle Seahawks,7,7,90.9,9.1,176.0,52.0,228.0,343.0,44.0,387.0,game,ML,Washington Commanders,,,kalshi,40844,—,—,,Loss,,miss,,,,—,,
2026-09-27T20:12:49.904557+00:00,nfl,2026,3,401872955,4018729551635,2,7:31,J.Croskey-Merritt right tackle to SEA 11 for 1 yard (B.Murphy; D.Hall).,1,10,SEA 12,88,0,Washington Commanders,Seattle Seahawks,7,7,90.9,9.1,176.0,52.0,228.0,343.0,44.0,387.0,game,Spread,Seattle Seahawks,,5.5,bet365,-105,—,—,,0,,hit,,,,—,,
2026-09-27T20:12:49.904557+00:00,nfl,2026,3,401872955,4018729551635,2,7:31,J.Croskey-Merritt right tackle to SEA 11 for 1 yard (B.Murphy; D.Hall).,1,10,SEA 12,88,0,Washington Commanders,Seattle Seahawks,7,7,90.9,9.1,176.0,52.0,228.0,343.0,44.0,387.0,game,Spread,Washington Commanders,,-5.5,bet365,-125,—,—,,0,,miss,,,,—,,
2026-09-27T20:12:49.904557+00:00,nfl,2026,3,401872955,4018729551635,2,7:31,J.Croskey-Merritt right tackle to SEA 11 for 1 yard (B.Murphy; D.Hall).,1,10,SEA 12,88,0,Washington Commanders,Seattle Seahawks,7,7,90.9,9.1,176.0,52.0,228.0,343.0,44.0,387.0,game,Total,Over,,63.5,bet365,-120,—,—,,14.0,,miss,,,,—,,
2026-09-27T20:12:49.904557+00:00,nfl,2026,3,401872955,4018729551635,2,7:31,J.Croskey-Merritt right tackle to SEA 11 for 1 yard (B.Murphy; D.Hall).,1,10,SEA 12,88,0,Washington Commanders,Seattle Seahawks,7,7,90.9,9.1,176.0,52.0,228.0,343.0,44.0,387.0,game,Total,Under,,63.5,betfair,109,—,—,,14.0,,hit,,,,—,,
2026-09-27T20:12:49.904557+00:00,nfl,2026,3,401872955,4018729551635,2,7:31,J.Croskey-Merritt right tackle to SEA 11 for 1 yard (B.Murphy; D.Hall).,1,10,SEA 12,88,0,Washington Commanders,Seattle Seahawks,7,7,90.9,9.1,176.0,52.0,228.0,343.0,44.0,387.0,game,ML,Seattle Seahawks,,,polymarket,733,—,—,,Loss,,miss,,,,—,,
2026-09-27T20:12:49.904557+00:00,nfl,2026,3,401872955,4018729551635,2,7:31,J.Croskey-Merritt right tackle to SEA 11 for 1 yard (B.Murphy; D.Hall).,1,10,SEA 12,88,0,Washington Commanders,Seattle Seahawks,7,7,90.9,9.1,176.0,52.0,228.0,343.0,44.0,387.0,game,ML,Washington Commanders,,,kalshi,40844,—,—,,Loss,,miss,,,,—,,
2026-09-27T20:12:49.904557+00:00,nfl,2026,3,401872955,4018729551691,2,6:47,Official Timeout at 06:47.,-1,10,SEA 15,85,7,Washington Commanders,Seattle Seahawks,14,7,90.9,9.1,176.0,52.0,228.0,343.0,44.0,387.0,game,Spread,Seattle Seahawks,,5.5,bet365,-105,—,—,,+7,,miss,,,,—,,
2026-09-27T20:12:49.904557+00:00,nfl,2026,3,401872955,4018729551691,2,6:47,Official Timeout at 06:47.,-1,10,SEA 15,85,7,Washington Commanders,Seattle Seahawks,14,7,90.9,9.1,176.0,52.0,228.0,343.0,44.0,387.0,game,Spread,Washington Commanders,,-5.5,bet365,-125,—,—,,+7,,hit,,,,—,,
2026-09-27T20:12:49.904557+00:00,nfl,2026,3,401872955,4018729551691,2,6:47,Official Timeout at 06:47.,-1,10,SEA 15,85,7,Washington Commanders,Seattle Seahawks,14,7,90.9,9.1,176.0,52.0,228.0,343.0,44.0,387.0,game,Total,Over,,63.5,bet365,-120,—,—,,21.0,,miss,,,,—,,
2026-09-27T20:12:49.904557+00:00,nfl,2026,3,401872955,4018729551691,2,6:47,Official Timeout at 06:47.,-1,10,SEA 15,85,7,Washington Commanders,Seattle Seahawks,14,7,90.9,9.1,176.0,52.0,228.0,343.0,44.0,387.0,game,Total,Under,,63.5,betfair,109,—,—,,21.0,,hit,,,,—,,
2026-09-27T20:12:49.904557+00:00,nfl,2026,3,401872955,4018729551691,2,6:47,Official Timeout at 06:47.,-1,10,SEA 15,85,7,Washington Commanders,Seattle Seahawks,14,7,90.9,9.1,176.0,52.0,228.0,343.0,44.0,387.0,game,ML,Seattle Seahawks,,,polymarket,733,—,—,,Loss,,miss,,,,—,,
2026-09-27T20:12:49.904557+00:00,nfl,2026,3,401872955,4018729551691,2,6:47,Official Timeout at 06:47.,-1,10,SEA 15,85,7,Washington Commanders,Seattle Seahawks,14,7,90.9,9.1,176.0,52.0,228.0,343.0,44.0,387.0,game,ML,Washington Commanders,,,kalshi,40844,—,—,,Win,,hit,,,,—,,
2026-09-27T20:12:49.904557+00:00,nfl,2026,3,401872955,4018729551657,2,6:47,"(Shotgun) M.Mariota pass short middle to T.Burks for 11 yards, TOUCHDOWN [L.Williams]. D.Stevens extra point is GOOD, Center-T.Ott, Holder-T.Way.",2,9,SEA 11,89,7,Washington Commanders,Seattle Seahawks,14,7,90.9,9.1,176.0,52.0,228.0,343.0,44.0,387.0,game,Spread,Seattle Seahawks,,5.5,bet365,-105,—,—,,+7,,miss,,,,—,,
2026-09-27T20:12:49.904557+00:00,nfl,2026,3,401872955,4018729551657,2,6:47,"(Shotgun) M.Mariota pass short middle to T.Burks for 11 yards, TOUCHDOWN [L.Williams]. D.Stevens extra point is GOOD, Center-T.Ott, Holder-T.Way.",2,9,SEA 11,89,7,Washington Commanders,Seattle Seahawks,14,7,90.9,9.1,176.0,52.0,228.0,343.0,44.0,387.0,game,Spread,Washington Commanders,,-5.5,bet365,-125,—,—,,+7,,hit,,,,—,,
2026-09-27T20:12:49.904557+00:00,nfl,2026,3,401872955,4018729551657,2,6:47,"(Shotgun) M.Mariota pass short middle to T.Burks for 11 yards, TOUCHDOWN [L.Williams]. D.Stevens extra point is GOOD, Center-T.Ott, Holder-T.Way.",2,9,SEA 11,89,7,Washington Commanders,Seattle Seahawks,14,7,90.9,9.1,176.0,52.0,228.0,343.0,44.0,387.0,game,Total,Over,,63.5,bet365,-120,—,—,,21.0,,miss,,,,—,,
2026-09-27T20:12:49.904557+00:00,nfl,2026,3,401872955,4018729551657,2,6:47,"(Shotgun) M.Mariota pass short middle to T.Burks for 11 yards, TOUCHDOWN [L.Williams]. D.Stevens extra point is GOOD, Center-T.Ott, Holder-T.Way.",2,9,SEA 11,89,7,Washington Commanders,Seattle Seahawks,14,7,90.9,9.1,176.0,52.0,228.0,343.0,44.0,387.0,game,Total,Under,,63.5,betfair,109,—,—,,21.0,,hit,,,,—,,
2026-09-27T20:12:49.904557+00:00,nfl,2026,3,401872955,4018729551657,2,6:47,"(Shotgun) M.Mariota pass short middle to T.Burks for 11 yards, TOUCHDOWN [L.Williams]. D.Stevens extra point is GOOD, Center-T.Ott, Holder-T.Way.",2,9,SEA 11,89,7,Washington Commanders,Seattle Seahawks,14,7,90.9,9.1,176.0,52.0,228.0,343.0,44.0,387.0,game,ML,Seattle Seahawks,,,polymarket,733,—,—,,Loss,,miss,,,,—,,
2026-09-27T20:12:49.904557+00:00,nfl,2026,3,401872955,4018729551657,2,6:47,"(Shotgun) M.Mariota pass short middle to T.Burks for 11 yards, TOUCHDOWN [L.Williams]. D.Stevens extra point is GOOD, Center-T.Ott, Holder-T.Way.",2,9,SEA 11,89,7,Washington Commanders,Seattle Seahawks,14,7,90.9,9.1,176.0,52.0,228.0,343.0,44.0,387.0,game,ML,Washington Commanders,,,kalshi,40844,—,—,,Win,,hit,,,,—,,
2026-09-27T20:12:49.904557+00:00,nfl,2026,3,401872955,4018729551698,2,6:47,"D.Stevens kicks 65 yards from WAS 35 to landing zone to end zone, Touchback to the SEA 20.",1,10,SEA 32,35,7,Washington Commanders,Seattle Seahawks,14,7,90.9,9.1,176.0,52.0,228.0,343.0,44.0,387.0,game,Spread,Seattle Seahawks,,5.5,bet365,-105,—,—,,+7,,miss,,,,—,,
2026-09-27T20:12:49.904557+00:00,nfl,2026,3,401872955,4018729551698,2,6:47,"D.Stevens kicks 65 yards from WAS 35 to landing zone to end zone, Touchback to the SEA 20.",1,10,SEA 32,35,7,Washington Commanders,Seattle Seahawks,14,7,90.9,9.1,176.0,52.0,228.0,343.0,44.0,387.0,game,Spread,Washington Commanders,,-5.5,bet365,-125,—,—,,+7,,hit,,,,—,,
2026-09-27T20:12:49.904557+00:00,nfl,2026,3,401872955,4018729551698,2,6:47,"D.Stevens kicks 65 yards from WAS 35 to landing zone to end zone, Touchback to the SEA 20.",1,10,SEA 32,35,7,Washington Commanders,Seattle Seahawks,14,7,90.9,9.1,176.0,52.0,228.0,343.0,44.0,387.0,game,Total,Over,,63.5,bet365,-120,—,—,,21.0,,miss,,,,—,,
2026-09-27T20:12:49.904557+00:00,nfl,2026,3,401872955,4018729551698,2,6:47,"D.Stevens kicks 65 yards from WAS 35 to landing zone to end zone, Touchback to the SEA 20.",1,10,SEA 32,35,7,Washington Commanders,Seattle Seahawks,14,7,90.9,9.1,176.0,52.0,228.0,343.0,44.0,387.0,game,Total,Under,,63.5,betfair,109,—,—,,21.0,,hit,,,,—,,
2026-09-27T20:12:49.904557+00:00,nfl,2026,3,401872955,4018729551698,2,6:47,"D.Stevens kicks 65 yards from WAS 35 to landing zone to end zone, Touchback to the SEA 20.",1,10,SEA 32,35,7,Washington Commanders,Seattle Seahawks,14,7,90.9,9.1,176.0,52.0,228.0,343.0,44.0,387.0,game,ML,Seattle Seahawks,,,polymarket,733,—,—,,Loss,,miss,,,,—,,
2026-09-27T20:12:49.904557+00:00,nfl,2026,3,401872955,4018729551698,2,6:47,"D.Stevens kicks 65 yards from WAS 35 to landing zone to end zone, Touchback to the SEA 20.",1,10,SEA 32,35,7,Washington Commanders,Seattle Seahawks,14,7,90.9,9.1,176.0,52.0,228.0,343.0,44.0,387.0,game,ML,Washington Commanders,,,kalshi,40844,—,—,,Win,,hit,,,,—,,
2026-09-27T20:12:49.904557+00:00,nfl,2026,3,401872955,4018729551727,2,6:47,E.Wilson left guard to SEA 27 for 7 yards (J.Josephs; Q.Martin). WAS-L.Chenal was injured during the play.,1,10,SEA 20,80,7,Washington Commanders,Seattle Seahawks,14,7,90.9,9.1,176.0,52.0,228.0,343.0,44.0,387.0,game,Spread,Seattle Seahawks,,5.5,bet365,-105,—,—,,+7,,miss,,,,—,,
2026-09-27T20:12:49.904557+00:00,nfl,2026,3,401872955,4018729551727,2,6:47,E.Wilson left guard to SEA 27 for 7 yards (J.Josephs; Q.Martin). WAS-L.Chenal was injured during the play.,1,10,SEA 20,80,7,Washington Commanders,Seattle Seahawks,14,7,90.9,9.1,176.0,52.0,228.0,343.0,44.0,387.0,game,Spread,Washington Commanders,,-5.5,bet365,-125,—,—,,+7,,hit,,,,—,,
2026-09-27T20:12:49.904557+00:00,nfl,2026,3,401872955,4018729551727,2,6:47,E.Wilson left guard to SEA 27 for 7 yards (J.Josephs; Q.Martin). WAS-L.Chenal was injured during the play.,1,10,SEA 20,80,7,Washington Commanders,Seattle Seahawks,14,7,90.9,9.1,176.0,52.0,228.0,343.0,44.0,387.0,game,Total,Over,,63.5,bet365,-120,—,—,,21.0,,miss,,,,—,,
2026-09-27T20:12:49.904557+00:00,nfl,2026,3,401872955,4018729551727,2,6:47,E.Wilson left guard to SEA 27 for 7 yards (J.Josephs; Q.Martin). WAS-L.Chenal was injured during the play.,1,10,SEA 20,80,7,Washington Commanders,Seattle Seahawks,14,7,90.9,9.1,176.0,52.0,228.0,343.0,44.0,387.0,game,Total,Under,,63.5,betfair,109,—,—,,21.0,,hit,,,,—,,
2026-09-27T20:12:49.904557+00:00,nfl,2026,3,401872955,4018729551727,2,6:47,E.Wilson left guard to SEA 27 for 7 yards (J.Josephs; Q.Martin). WAS-L.Chenal was injured during the play.,1,10,SEA 20,80,7,Washington Commanders,Seattle Seahawks,14,7,90.9,9.1,176.0,52.0,228.0,343.0,44.0,387.0,game,ML,Seattle Seahawks,,,polymarket,733,—,—,,Loss,,miss,,,,—,,
2026-09-27T20:12:49.904557+00:00,nfl,2026,3,401872955,4018729551727,2,6:47,E.Wilson left guard to SEA 27 for 7 yards (J.Josephs; Q.Martin). WAS-L.Chenal was injured during the play.,1,10,SEA 20,80,7,Washington Commanders,Seattle Seahawks,14,7,90.9,9.1,176.0,52.0,228.0,343.0,44.0,387.0,game,ML,Washington Commanders,,,kalshi,40844,—,—,,Win,,hit,,,,—,,
2026-09-27T20:12:49.904557+00:00,nfl,2026,3,401872955,4018729551740,2,6:38,Official Timeout at 06:38.,2,4,SEA 26,74,7,Washington Commanders,Seattle Seahawks,14,7,90.9,9.1,176.0,52.0,228.0,343.0,44.0,387.0,game,Spread,Seattle Seahawks,,5.5,bet365,-105,—,—,,+7,,miss,,,,—,,
2026-09-27T20:12:49.904557+00:00,nfl,2026,3,401872955,4018729551740,2,6:38,Official Timeout at 06:38.,2,4,SEA 26,74,7,Washington Commanders,Seattle Seahawks,14,7,90.9,9.1,176.0,52.0,228.0,343.0,44.0,387.0,game,Spread,Washington Commanders,,-5.5,bet365,-125,—,—,,+7,,hit,,,,—,,
2026-09-27T20:12:49.904557+00:00,nfl,2026,3,401872955,4018729551740,2,6:38,Official Timeout at 06:38.,2,4,SEA 26,74,7,Washington Commanders,Seattle Seahawks,14,7,90.9,9.1,176.0,52.0,228.0,343.0,44.0,387.0,game,Total,Over,,63.5,bet365,-120,—,—,,21.0,,miss,,,,—,,
2026-09-27T20:12:49.904557+00:00,nfl,2026,3,401872955,4018729551740,2,6:38,Official Timeout at 06:38.,2,4,SEA 26,74,7,Washington Commanders,Seattle Seahawks,14,7,90.9,9.1,176.0,52.0,228.0,343.0,44.0,387.0,game,Total,Under,,63.5,betfair,109,—,—,,21.0,,hit,,,,—,,
2026-09-27T20:12:49.904557+00:00,nfl,2026,3,401872955,4018729551740,2,6:38,Official Timeout at 06:38.,2,4,SEA 26,74,7,Washington Commanders,Seattle Seahawks,14,7,90.9,9.1,176.0,52.0,228.0,343.0,44.0,387.0,game,ML,Seattle Seahawks,,,polymarket,733,—,—,,Loss,,miss,,,,—,,
2026-09-27T20:12:49.904557+00:00,nfl,2026,3,401872955,4018729551740,2,6:38,Official Timeout at 06:38.,2,4,SEA 26,74,7,Washington Commanders,Seattle Seahawks,14,7,90.9,9.1,176.0,52.0,228.0,343.0,44.0,387.0,game,ML,Washington Commanders,,,kalshi,40844,—,—,,Win,,hit,,,,—,,
2026-09-27T20:12:49.904557+00:00,nfl,2026,3,401872955,4018729551752,2,6:26,S.Darnold pass short left to C.Kupp to SEA 46 for 19 yards (J.Reaves).,2,3,SEA 27,73,7,Washington Commanders,Seattle Seahawks,14,7,90.9,9.1,176.0,52.0,228.0,343.0,44.0,387.0,game,Spread,Seattle Seahawks,,5.5,bet365,-105,—,—,,+7,,miss,,,,—,,
2026-09-27T20:12:49.904557+00:00,nfl,2026,3,401872955,4018729551752,2,6:26,S.Darnold pass short left to C.Kupp to SEA 46 for 19 yards (J.Reaves).,2,3,SEA 27,73,7,Washington Commanders,Seattle Seahawks,14,7,90.9,9.1,176.0,52.0,228.0,343.0,44.0,387.0,game,Spread,Washington Commanders,,-5.5,bet365,-125,—,—,,+7,,hit,,,,—,,
2026-09-27T20:12:49.904557+00:00,nfl,2026,3,401872955,4018729551752,2,6:26,S.Darnold pass short left to C.Kupp to SEA 46 for 19 yards (J.Reaves).,2,3,SEA 27,73,7,Washington Commanders,Seattle Seahawks,14,7,90.9,9.1,176.0,52.0,228.0,343.0,44.0,387.0,game,Total,Over,,63.5,bet365,-120,—,—,,21.0,,miss,,,,—,,
2026-09-27T20:12:49.904557+00:00,nfl,2026,3,401872955,4018729551752,2,6:26,S.Darnold pass short left to C.Kupp to SEA 46 for 19 yards (J.Reaves).,2,3,SEA 27,73,7,Washington Commanders,Seattle Seahawks,14,7,90.9,9.1,176.0,52.0,228.0,343.0,44.0,387.0,game,Total,Under,,63.5,betfair,109,—,—,,21.0,,hit,,,,—,,
2026-09-27T20:12:49.904557+00:00,nfl,2026,3,401872955,4018729551752,2,6:26,S.Darnold pass short left to C.Kupp to SEA 46 for 19 yards (J.Reaves).,2,3,SEA 27,73,7,Washington Commanders,Seattle Seahawks,14,7,90.9,9.1,176.0,52.0,228.0,343.0,44.0,387.0,game,ML,Seattle Seahawks,,,polymarket,733,—,—,,Loss,,miss,,,,—,,
2026-09-27T20:12:49.904557+00:00,nfl,2026,3,401872955,4018729551752,2,6:26,S.Darnold pass short left to C.Kupp to SEA 46 for 19 yards (J.Reaves).,2,3,SEA 27,73,7,Washington Commanders,Seattle Seahawks,14,7,90.9,9.1,176.0,52.0,228.0,343.0,44.0,387.0,game,ML,Washington Commanders,,,kalshi,40844,—,—,,Win,,hit,,,,—,,
2026-09-27T20:12:49.904557+00:00,nfl,2026,3,401872955,4018729551789,2,5:45,E.Wilson right end to SEA 42 for -4 yards (J.Josephs).,1,10,SEA 46,54,7,Washington Commanders,Seattle Seahawks,14,7,90.9,9.1,176.0,52.0,228.0,343.0,44.0,387.0,game,Spread,Seattle Seahawks,,5.5,bet365,-105,—,—,,+7,,miss,,,,—,,
2026-09-27T20:12:49.904557+00:00,nfl,2026,3,401872955,4018729551789,2,5:45,E.Wilson right end to SEA 42 for -4 yards (J.Josephs).,1,10,SEA 46,54,7,Washington Commanders,Seattle Seahawks,14,7,90.9,9.1,176.0,52.0,228.0,343.0,44.0,387.0,game,Spread,Washington Commanders,,-5.5,bet365,-125,—,—,,+7,,hit,,,,—,,
2026-09-27T20:12:49.904557+00:00,nfl,2026,3,401872955,4018729551789,2,5:45,E.Wilson right end to SEA 42 for -4 yards (J.Josephs).,1,10,SEA 46,54,7,Washington Commanders,Seattle Seahawks,14,7,90.9,9.1,176.0,52.0,228.0,343.0,44.0,387.0,game,Total,Over,,63.5,bet365,-120,—,—,,21.0,,miss,,,,—,,
2026-09-27T20:12:49.904557+00:00,nfl,2026,3,401872955,4018729551789,2,5:45,E.Wilson right end to SEA 42 for -4 yards (J.Josephs).,1,10,SEA 46,54,7,Washington Commanders,Seattle Seahawks,14,7,90.9,9.1,176.0,52.0,228.0,343.0,44.0,387.0,game,Total,Under,,63.5,betfair,109,—,—,,21.0,,hit,,,,—,,
2026-09-27T20:12:49.904557+00:00,nfl,2026,3,401872955,4018729551789,2,5:45,E.Wilson right end to SEA 42 for -4 yards (J.Josephs).,1,10,SEA 46,54,7,Washington Commanders,Seattle Seahawks,14,7,90.9,9.1,176.0,52.0,228.0,343.0,44.0,387.0,game,ML,Seattle Seahawks,,,polymarket,733,—,—,,Loss,,miss,,,,—,,
2026-09-27T20:12:49.904557+00:00,nfl,2026,3,401872955,4018729551789,2,5:45,E.Wilson right end to SEA 42 for -4 yards (J.Josephs).,1,10,SEA 46,54,7,Washington Commanders,Seattle Seahawks,14,7,90.9,9.1,176.0,52.0,228.0,343.0,44.0,387.0,game,ML,Washington Commanders,,,kalshi,40844,—,—,,Win,,hit,,,,—,,
2026-09-27T20:12:49.904557+00:00,nfl,2026,3,401872955,4018729551811,2,5:01,(Shotgun) S.Darnold pass incomplete short left to J.Smith-Njigba (A.Robertson).,2,14,SEA 42,58,7,Washington Commanders,Seattle Seahawks,14,7,90.9,9.1,176.0,52.0,228.0,343.0,44.0,387.0,game,Spread,Seattle Seahawks,,5.5,bet365,-105,—,—,,+7,,miss,,,,—,,
2026-09-27T20:12:49.904557+00:00,nfl,2026,3,401872955,4018729551811,2,5:01,(Shotgun) S.Darnold pass incomplete short left to J.Smith-Njigba (A.Robertson).,2,14,SEA 42,58,7,Washington Commanders,Seattle Seahawks,14,7,90.9,9.1,176.0,52.0,228.0,343.0,44.0,387.0,game,Spread,Washington Commanders,,-5.5,bet365,-125,—,—,,+7,,hit,,,,—,,
2026-09-27T20:12:49.904557+00:00,nfl,2026,3,401872955,4018729551811,2,5:01,(Shotgun) S.Darnold pass incomplete short left to J.Smith-Njigba (A.Robertson).,2,14,SEA 42,58,7,Washington Commanders,Seattle Seahawks,14,7,90.9,9.1,176.0,52.0,228.0,343.0,44.0,387.0,game,Total,Over,,63.5,bet365,-120,—,—,,21.0,,miss,,,,—,,
2026-09-27T20:12:49.904557+00:00,nfl,2026,3,401872955,4018729551811,2,5:01,(Shotgun) S.Darnold pass incomplete short left to J.Smith-Njigba (A.Robertson).,2,14,SEA 42,58,7,Washington Commanders,Seattle Seahawks,14,7,90.9,9.1,176.0,52.0,228.0,343.0,44.0,387.0,game,Total,Under,,63.5,betfair,109,—,—,,21.0,,hit,,,,—,,
2026-09-27T20:12:49.904557+00:00,nfl,2026,3,401872955,4018729551811,2,5:01,(Shotgun) S.Darnold pass incomplete short left to J.Smith-Njigba (A.Robertson).,2,14,SEA 42,58,7,Washington Commanders,Seattle Seahawks,14,7,90.9,9.1,176.0,52.0,228.0,343.0,44.0,387.0,game,ML,Seattle Seahawks,,,polymarket,733,—,—,,Loss,,miss,,,,—,,
2026-09-27T20:12:49.904557+00:00,nfl,2026,3,401872955,4018729551811,2,5:01,(Shotgun) S.Darnold pass incomplete short left to J.Smith-Njigba (A.Robertson).,2,14,SEA 42,58,7,Washington Commanders,Seattle Seahawks,14,7,90.9,9.1,176.0,52.0,228.0,343.0,44.0,387.0,game,ML,Washington Commanders,,,kalshi,40844,—,—,,Win,,hit,,,,—,,
2026-09-27T20:12:49.904557+00:00,nfl,2026,3,401872955,4018729551834,2,4:57,(Shotgun) S.Darnold pass deep left to C.Kupp to WAS 42 for 16 yards (M.Sainristil).,3,14,SEA 42,58,7,Washington Commanders,Seattle Seahawks,14,7,90.9,9.1,176.0,52.0,228.0,343.0,44.0,387.0,game,Spread,Seattle Seahawks,,5.5,bet365,-105,—,—,,+7,,miss,,,,—,,
2026-09-27T20:12:49.904557+00:00,nfl,2026,3,401872955,4018729551834,2,4:57,(Shotgun) S.Darnold pass deep left to C.Kupp to WAS 42 for 16 yards (M.Sainristil).,3,14,SEA 42,58,7,Washington Commanders,Seattle Seahawks,14,7,90.9,9.1,176.0,52.0,228.0,343.0,44.0,387.0,game,Spread,Washington Commanders,,-5.5,bet365,-125,—,—,,+7,,hit,,,,—,,
2026-09-27T20:12:49.904557+00:00,nfl,2026,3,401872955,4018729551834,2,4:57,(Shotgun) S.Darnold pass deep left to C.Kupp to WAS 42 for 16 yards (M.Sainristil).,3,14,SEA 42,58,7,Washington Commanders,Seattle Seahawks,14,7,90.9,9.1,176.0,52.0,228.0,343.0,44.0,387.0,game,Total,Over,,63.5,bet365,-120,—,—,,21.0,,miss,,,,—,,
2026-09-27T20:12:49.904557+00:00,nfl,2026,3,401872955,4018729551834,2,4:57,(Shotgun) S.Darnold pass deep left to C.Kupp to WAS 42 for 16 yards (M.Sainristil).,3,14,SEA 42,58,7,Washington Commanders,Seattle Seahawks,14,7,90.9,9.1,176.0,52.0,228.0,343.0,44.0,387.0,game,Total,Under,,63.5,betfair,109,—,—,,21.0,,hit,,,,—,,
2026-09-27T20:12:49.904557+00:00,nfl,2026,3,401872955,4018729551834,2,4:57,(Shotgun) S.Darnold pass deep left to C.Kupp to WAS 42 for 16 yards (M.Sainristil).,3,14,SEA 42,58,7,Washington Commanders,Seattle Seahawks,14,7,90.9,9.1,176.0,52.0,228.0,343.0,44.0,387.0,game,ML,Seattle Seahawks,,,polymarket,733,—,—,,Loss,,miss,,,,—,,
2026-09-27T20:12:49.904557+00:00,nfl,2026,3,401872955,4018729551834,2,4:57,(Shotgun) S.Darnold pass deep left to C.Kupp to WAS 42 for 16 yards (M.Sainristil).,3,14,SEA 42,58,7,Washington Commanders,Seattle Seahawks,14,7,90.9,9.1,176.0,52.0,228.0,343.0,44.0,387.0,game,ML,Washington Commanders,,,kalshi,40844,—,—,,Win,,hit,,,,—,,
2026-09-27T20:12:49.904557+00:00,nfl,2026,3,401872955,4018729551859,2,4:16,G.Holani left tackle to WAS 37 for 5 yards (O.Oweh; K.Medrano).,1,10,WSH 42,42,7,Washington Commanders,Seattle Seahawks,14,7,90.9,9.1,176.0,52.0,228.0,343.0,44.0,387.0,game,Spread,Seattle Seahawks,,5.5,bet365,-105,—,—,,+7,,miss,,,,—,,
2026-09-27T20:12:49.904557+00:00,nfl,2026,3,401872955,4018729551859,2,4:16,G.Holani left tackle to WAS 37 for 5 yards (O.Oweh; K.Medrano).,1,10,WSH 42,42,7,Washington Commanders,Seattle Seahawks,14,7,90.9,9.1,176.0,52.0,228.0,343.0,44.0,387.0,game,Spread,Washington Commanders,,-5.5,bet365,-125,—,—,,+7,,hit,,,,—,,
2026-09-27T20:12:49.904557+00:00,nfl,2026,3,401872955,4018729551859,2,4:16,G.Holani left tackle to WAS 37 for 5 yards (O.Oweh; K.Medrano).,1,10,WSH 42,42,7,Washington Commanders,Seattle Seahawks,14,7,90.9,9.1,176.0,52.0,228.0,343.0,44.0,387.0,game,Total,Over,,63.5,bet365,-120,—,—,,21.0,,miss,,,,—,,
2026-09-27T20:12:49.904557+00:00,nfl,2026,3,401872955,4018729551859,2,4:16,G.Holani left tackle to WAS 37 for 5 yards (O.Oweh; K.Medrano).,1,10,WSH 42,42,7,Washington Commanders,Seattle Seahawks,14,7,90.9,9.1,176.0,52.0,228.0,343.0,44.0,387.0,game,Total,Under,,63.5,betfair,109,—,—,,21.0,,hit,,,,—,,
2026-09-27T20:12:49.904557+00:00,nfl,2026,3,401872955,4018729551859,2,4:16,G.Holani left tackle to WAS 37 for 5 yards (O.Oweh; K.Medrano).,1,10,WSH 42,42,7,Washington Commanders,Seattle Seahawks,14,7,90.9,9.1,176.0,52.0,228.0,343.0,44.0,387.0,game,ML,Seattle Seahawks,,,polymarket,733,—,—,,Loss,,miss,,,,—,,
2026-09-27T20:12:49.904557+00:00,nfl,2026,3,401872955,4018729551859,2,4:16,G.Holani left tackle to WAS 37 for 5 yards (O.Oweh; K.Medrano).,1,10,WSH 42,42,7,Washington Commanders,Seattle Seahawks,14,7,90.9,9.1,176.0,52.0,228.0,343.0,44.0,387.0,game,ML,Washington Commanders,,,kalshi,40844,—,—,,Win,,hit,,,,—,,
2026-09-27T20:12:49.904557+00:00,nfl,2026,3,401872955,4018729551881,2,3:39,S.Darnold pass deep middle to T.Horton to WAS 20 for 17 yards (Q.Martin).,2,5,WSH 37,37,7,Washington Commanders,Seattle Seahawks,14,7,90.9,9.1,176.0,52.0,228.0,343.0,44.0,387.0,game,Spread,Seattle Seahawks,,5.5,bet365,-105,—,—,,+7,,miss,,,,—,,
2026-09-27T20:12:49.904557+00:00,nfl,2026,3,401872955,4018729551881,2,3:39,S.Darnold pass deep middle to T.Horton to WAS 20 for 17 yards (Q.Martin).,2,5,WSH 37,37,7,Washington Commanders,Seattle Seahawks,14,7,90.9,9.1,176.0,52.0,228.0,343.0,44.0,387.0,game,Spread,Washington Commanders,,-5.5,bet365,-125,—,—,,+7,,hit,,,,—,,
2026-09-27T20:12:49.904557+00:00,nfl,2026,3,401872955,4018729551881,2,3:39,S.Darnold pass deep middle to T.Horton to WAS 20 for 17 yards (Q.Martin).,2,5,WSH 37,37,7,Washington Commanders,Seattle Seahawks,14,7,90.9,9.1,176.0,52.0,228.0,343.0,44.0,387.0,game,Total,Over,,63.5,bet365,-120,—,—,,21.0,,miss,,,,—,,
2026-09-27T20:12:49.904557+00:00,nfl,2026,3,401872955,4018729551881,2,3:39,S.Darnold pass deep middle to T.Horton to WAS 20 for 17 yards (Q.Martin).,2,5,WSH 37,37,7,Washington Commanders,Seattle Seahawks,14,7,90.9,9.1,176.0,52.0,228.0,343.0,44.0,387.0,game,Total,Under,,63.5,betfair,109,—,—,,21.0,,hit,,,,—,,
2026-09-27T20:12:49.904557+00:00,nfl,2026,3,401872955,4018729551881,2,3:39,S.Darnold pass deep middle to T.Horton to WAS 20 for 17 yards (Q.Martin).,2,5,WSH 37,37,7,Washington Commanders,Seattle Seahawks,14,7,90.9,9.1,176.0,52.0,228.0,343.0,44.0,387.0,game,ML,Seattle Seahawks,,,polymarket,733,—,—,,Loss,,miss,,,,—,,
2026-09-27T20:12:49.904557+00:00,nfl,2026,3,401872955,4018729551881,2,3:39,S.Darnold pass deep middle to T.Horton to WAS 20 for 17 yards (Q.Martin).,2,5,WSH 37,37,7,Washington Commanders,Seattle Seahawks,14,7,90.9,9.1,176.0,52.0,228.0,343.0,44.0,387.0,game,ML,Washington Commanders,,,kalshi,40844,—,—,,Win,,hit,,,,—,,
2026-09-27T20:12:49.904557+00:00,nfl,2026,3,401872955,4018729551906,2,2:57,S.Darnold pass short right to A.Barner to WAS 5 for 15 yards (R.Douglas).,1,10,WSH 20,20,7,Washington Commanders,Seattle Seahawks,14,7,90.9,9.1,176.0,52.0,228.0,343.0,44.0,387.0,game,Spread,Seattle Seahawks,,5.5,bet365,-105,—,—,,+7,,miss,,,,—,,
2026-09-27T20:12:49.904557+00:00,nfl,2026,3,401872955,4018729551906,2,2:57,S.Darnold pass short right to A.Barner to WAS 5 for 15 yards (R.Douglas).,1,10,WSH 20,20,7,Washington Commanders,Seattle Seahawks,14,7,90.9,9.1,176.0,52.0,228.0,343.0,44.0,387.0,game,Spread,Washington Commanders,,-5.5,bet365,-125,—,—,,+7,,hit,,,,—,,
2026-09-27T20:12:49.904557+00:00,nfl,2026,3,401872955,4018729551906,2,2:57,S.Darnold pass short right to A.Barner to WAS 5 for 15 yards (R.Douglas).,1,10,WSH 20,20,7,Washington Commanders,Seattle Seahawks,14,7,90.9,9.1,176.0,52.0,228.0,343.0,44.0,387.0,game,Total,Over,,63.5,bet365,-120,—,—,,21.0,,miss,,,,—,,
2026-09-27T20:12:49.904557+00:00,nfl,2026,3,401872955,4018729551906,2,2:57,S.Darnold pass short right to A.Barner to WAS 5 for 15 yards (R.Douglas).,1,10,WSH 20,20,7,Washington Commanders,Seattle Seahawks,14,7,90.9,9.1,176.0,52.0,228.0,343.0,44.0,387.0,game,Total,Under,,63.5,betfair,109,—,—,,21.0,,hit,,,,—,,
2026-09-27T20:12:49.904557+00:00,nfl,2026,3,401872955,4018729551906,2,2:57,S.Darnold pass short right to A.Barner to WAS 5 for 15 yards (R.Douglas).,1,10,WSH 20,20,7,Washington Commanders,Seattle Seahawks,14,7,90.9,9.1,176.0,52.0,228.0,343.0,44.0,387.0,game,ML,Seattle Seahawks,,,polymarket,733,—,—,,Loss,,miss,,,,—,,
2026-09-27T20:12:49.904557+00:00,nfl,2026,3,401872955,4018729551906,2,2:57,S.Darnold pass short right to A.Barner to WAS 5 for 15 yards (R.Douglas).,1,10,WSH 20,20,7,Washington Commanders,Seattle Seahawks,14,7,90.9,9.1,176.0,52.0,228.0,343.0,44.0,387.0,game,ML,Washington Commanders,,,kalshi,40844,—,—,,Win,,hit,,,,—,,
2026-09-27T20:12:49.904557+00:00,nfl,2026,3,401872955,4018729551931,2,2:07,J.Jones reported in as eligible.  E.Wilson left end to WAS 2 for 3 yards (S.Tuttle).,1,5,WSH 5,5,7,Washington Commanders,Seattle Seahawks,14,7,90.9,9.1,176.0,52.0,228.0,343.0,44.0,387.0,game,Spread,Seattle Seahawks,,5.5,bet365,-105,—,—,,+7,,miss,,,,—,,
2026-09-27T20:12:49.904557+00:00,nfl,2026,3,401872955,4018729551931,2,2:07,J.Jones reported in as eligible.  E.Wilson left end to WAS 2 for 3 yards (S.Tuttle).,1,5,WSH 5,5,7,Washington Commanders,Seattle Seahawks,14,7,90.9,9.1,176.0,52.0,228.0,343.0,44.0,387.0,game,Spread,Washington Commanders,,-5.5,bet365,-125,—,—,,+7,,hit,,,,—,,
2026-09-27T20:12:49.904557+00:00,nfl,2026,3,401872955,4018729551931,2,2:07,J.Jones reported in as eligible.  E.Wilson left end to WAS 2 for 3 yards (S.Tuttle).,1,5,WSH 5,5,7,Washington Commanders,Seattle Seahawks,14,7,90.9,9.1,176.0,52.0,228.0,343.0,44.0,387.0,game,Total,Over,,63.5,bet365,-120,—,—,,21.0,,miss,,,,—,,
2026-09-27T20:12:49.904557+00:00,nfl,2026,3,401872955,4018729551931,2,2:07,J.Jones reported in as eligible.  E.Wilson left end to WAS 2 for 3 yards (S.Tuttle).,1,5,WSH 5,5,7,Washington Commanders,Seattle Seahawks,14,7,90.9,9.1,176.0,52.0,228.0,343.0,44.0,387.0,game,Total,Under,,63.5,betfair,109,—,—,,21.0,,hit,,,,—,,
2026-09-27T20:12:49.904557+00:00,nfl,2026,3,401872955,4018729551931,2,2:07,J.Jones reported in as eligible.  E.Wilson left end to WAS 2 for 3 yards (S.Tuttle).,1,5,WSH 5,5,7,Washington Commanders,Seattle Seahawks,14,7,90.9,9.1,176.0,52.0,228.0,343.0,44.0,387.0,game,ML,Seattle Seahawks,,,polymarket,733,—,—,,Loss,,miss,,,,—,,
2026-09-27T20:12:49.904557+00:00,nfl,2026,3,401872955,4018729551931,2,2:07,J.Jones reported in as eligible.  E.Wilson left end to WAS 2 for 3 yards (S.Tuttle).,1,5,WSH 5,5,7,Washington Commanders,Seattle Seahawks,14,7,90.9,9.1,176.0,52.0,228.0,343.0,44.0,387.0,game,ML,Washington Commanders,,,kalshi,40844,—,—,,Win,,hit,,,,—,,
2026-09-27T20:12:49.904557+00:00,nfl,2026,3,401872955,4018729551943,2,2:00,Two-Minute Warning,2,2,WSH 2,2,7,Washington Commanders,Seattle Seahawks,14,7,90.9,9.1,176.0,52.0,228.0,343.0,44.0,387.0,game,Spread,Seattle Seahawks,,5.5,bet365,-105,—,—,,+7,,miss,,,,—,,
2026-09-27T20:12:49.904557+00:00,nfl,2026,3,401872955,4018729551943,2,2:00,Two-Minute Warning,2,2,WSH 2,2,7,Washington Commanders,Seattle Seahawks,14,7,90.9,9.1,176.0,52.0,228.0,343.0,44.0,387.0,game,Spread,Washington Commanders,,-5.5,bet365,-125,—,—,,+7,,hit,,,,—,,
2026-09-27T20:12:49.904557+00:00,nfl,2026,3,401872955,4018729551943,2,2:00,Two-Minute Warning,2,2,WSH 2,2,7,Washington Commanders,Seattle Seahawks,14,7,90.9,9.1,176.0,52.0,228.0,343.0,44.0,387.0,game,Total,Over,,63.5,bet365,-120,—,—,,21.0,,miss,,,,—,,
2026-09-27T20:12:49.904557+00:00,nfl,2026,3,401872955,4018729551943,2,2:00,Two-Minute Warning,2,2,WSH 2,2,7,Washington Commanders,Seattle Seahawks,14,7,90.9,9.1,176.0,52.0,228.0,343.0,44.0,387.0,game,Total,Under,,63.5,betfair,109,—,—,,21.0,,hit,,,,—,,
2026-09-27T20:12:49.904557+00:00,nfl,2026,3,401872955,4018729551943,2,2:00,Two-Minute Warning,2,2,WSH 2,2,7,Washington Commanders,Seattle Seahawks,14,7,90.9,9.1,176.0,52.0,228.0,343.0,44.0,387.0,game,ML,Seattle Seahawks,,,polymarket,733,—,—,,Loss,,miss,,,,—,,
2026-09-27T20:12:49.904557+00:00,nfl,2026,3,401872955,4018729551943,2,2:00,Two-Minute Warning,2,2,WSH 2,2,7,Washington Commanders,Seattle Seahawks,14,7,90.9,9.1,176.0,52.0,228.0,343.0,44.0,387.0,game,ML,Washington Commanders,,,kalshi,40844,—,—,,Win,,hit,,,,—,,
2026-09-27T20:12:49.904557+00:00,nfl,2026,3,401872955,4018729551955,2,2:00,S.Darnold pass incomplete short left to A.Barner (A.Robertson).,2,2,WSH 2,2,7,Washington Commanders,Seattle Seahawks,14,7,90.9,9.1,176.0,52.0,228.0,343.0,44.0,387.0,game,Spread,Seattle Seahawks,,5.5,bet365,-105,—,—,,+7,,miss,,,,—,,
2026-09-27T20:12:49.904557+00:00,nfl,2026,3,401872955,4018729551955,2,2:00,S.Darnold pass incomplete short left to A.Barner (A.Robertson).,2,2,WSH 2,2,7,Washington Commanders,Seattle Seahawks,14,7,90.9,9.1,176.0,52.0,228.0,343.0,44.0,387.0,game,Spread,Washington Commanders,,-5.5,bet365,-125,—,—,,+7,,hit,,,,—,,
2026-09-27T20:12:49.904557+00:00,nfl,2026,3,401872955,4018729551955,2,2:00,S.Darnold pass incomplete short left to A.Barner (A.Robertson).,2,2,WSH 2,2,7,Washington Commanders,Seattle Seahawks,14,7,90.9,9.1,176.0,52.0,228.0,343.0,44.0,387.0,game,Total,Over,,63.5,bet365,-120,—,—,,21.0,,miss,,,,—,,
2026-09-27T20:12:49.904557+00:00,nfl,2026,3,401872955,4018729551955,2,2:00,S.Darnold pass incomplete short left to A.Barner (A.Robertson).,2,2,WSH 2,2,7,Washington Commanders,Seattle Seahawks,14,7,90.9,9.1,176.0,52.0,228.0,343.0,44.0,387.0,game,Total,Under,,63.5,betfair,109,—,—,,21.0,,hit,,,,—,,
2026-09-27T20:12:49.904557+00:00,nfl,2026,3,401872955,4018729551955,2,2:00,S.Darnold pass incomplete short left to A.Barner (A.Robertson).,2,2,WSH 2,2,7,Washington Commanders,Seattle Seahawks,14,7,90.9,9.1,176.0,52.0,228.0,343.0,44.0,387.0,game,ML,Seattle Seahawks,,,polymarket,733,—,—,,Loss,,miss,,,,—,,
2026-09-27T20:12:49.904557+00:00,nfl,2026,3,401872955,4018729551955,2,2:00,S.Darnold pass incomplete short left to A.Barner (A.Robertson).,2,2,WSH 2,2,7,Washington Commanders,Seattle Seahawks,14,7,90.9,9.1,176.0,52.0,228.0,343.0,44.0,387.0,game,ML,Washington Commanders,,,kalshi,40844,—,—,,Win,,hit,,,,—,,
2026-09-27T20:12:49.904557+00:00,nfl,2026,3,401872955,4018729551985,2,1:56,(Shotgun) S.Darnold pass incomplete short right to J.Smith-Njigba [J.Kinlaw].,3,2,WSH 2,2,7,Washington Commanders,Seattle Seahawks,14,7,90.9,9.1,176.0,52.0,228.0,343.0,44.0,387.0,game,Spread,Seattle Seahawks,,5.5,bet365,-105,—,—,,+7,,miss,,,,—,,
2026-09-27T20:12:49.904557+00:00,nfl,2026,3,401872955,4018729551985,2,1:56,(Shotgun) S.Darnold pass incomplete short right to J.Smith-Njigba [J.Kinlaw].,3,2,WSH 2,2,7,Washington Commanders,Seattle Seahawks,14,7,90.9,9.1,176.0,52.0,228.0,343.0,44.0,387.0,game,Spread,Washington Commanders,,-5.5,bet365,-125,—,—,,+7,,hit,,,,—,,
2026-09-27T20:12:49.904557+00:00,nfl,2026,3,401872955,4018729551985,2,1:56,(Shotgun) S.Darnold pass incomplete short right to J.Smith-Njigba [J.Kinlaw].,3,2,WSH 2,2,7,Washington Commanders,Seattle Seahawks,14,7,90.9,9.1,176.0,52.0,228.0,343.0,44.0,387.0,game,Total,Over,,63.5,bet365,-120,—,—,,21.0,,miss,,,,—,,
2026-09-27T20:12:49.904557+00:00,nfl,2026,3,401872955,4018729551985,2,1:56,(Shotgun) S.Darnold pass incomplete short right to J.Smith-Njigba [J.Kinlaw].,3,2,WSH 2,2,7,Washington Commanders,Seattle Seahawks,14,7,90.9,9.1,176.0,52.0,228.0,343.0,44.0,387.0,game,Total,Under,,63.5,betfair,109,—,—,,21.0,,hit,,,,—,,
2026-09-27T20:12:49.904557+00:00,nfl,2026,3,401872955,4018729551985,2,1:56,(Shotgun) S.Darnold pass incomplete short right to J.Smith-Njigba [J.Kinlaw].,3,2,WSH 2,2,7,Washington Commanders,Seattle Seahawks,14,7,90.9,9.1,176.0,52.0,228.0,343.0,44.0,387.0,game,ML,Seattle Seahawks,,,polymarket,733,—,—,,Loss,,miss,,,,—,,
2026-09-27T20:12:49.904557+00:00,nfl,2026,3,401872955,4018729551985,2,1:56,(Shotgun) S.Darnold pass incomplete short right to J.Smith-Njigba [J.Kinlaw].,3,2,WSH 2,2,7,Washington Commanders,Seattle Seahawks,14,7,90.9,9.1,176.0,52.0,228.0,343.0,44.0,387.0,game,ML,Washington Commanders,,,kalshi,40844,—,—,,Win,,hit,,,,—,,
2026-09-27T20:12:49.904557+00:00,nfl,2026,3,401872955,4018729552008,2,1:51,(Shotgun) S.Darnold pass incomplete short right to A.Barner (J.Reaves) [K.Medrano].,4,2,WSH 2,2,7,Washington Commanders,Seattle Seahawks,14,7,90.9,9.1,176.0,52.0,228.0,343.0,44.0,387.0,game,Spread,Seattle Seahawks,,5.5,bet365,-105,—,—,,+7,,miss,,,,—,,
2026-09-27T20:12:49.904557+00:00,nfl,2026,3,401872955,4018729552008,2,1:51,(Shotgun) S.Darnold pass incomplete short right to A.Barner (J.Reaves) [K.Medrano].,4,2,WSH 2,2,7,Washington Commanders,Seattle Seahawks,14,7,90.9,9.1,176.0,52.0,228.0,343.0,44.0,387.0,game,Spread,Washington Commanders,,-5.5,bet365,-125,—,—,,+7,,hit,,,,—,,
2026-09-27T20:12:49.904557+00:00,nfl,2026,3,401872955,4018729552008,2,1:51,(Shotgun) S.Darnold pass incomplete short right to A.Barner (J.Reaves) [K.Medrano].,4,2,WSH 2,2,7,Washington Commanders,Seattle Seahawks,14,7,90.9,9.1,176.0,52.0,228.0,343.0,44.0,387.0,game,Total,Over,,63.5,bet365,-120,—,—,,21.0,,miss,,,,—,,
2026-09-27T20:12:49.904557+00:00,nfl,2026,3,401872955,4018729552008,2,1:51,(Shotgun) S.Darnold pass incomplete short right to A.Barner (J.Reaves) [K.Medrano].,4,2,WSH 2,2,7,Washington Commanders,Seattle Seahawks,14,7,90.9,9.1,176.0,52.0,228.0,343.0,44.0,387.0,game,Total,Under,,63.5,betfair,109,—,—,,21.0,,hit,,,,—,,
2026-09-27T20:12:49.904557+00:00,nfl,2026,3,401872955,4018729552008,2,1:51,(Shotgun) S.Darnold pass incomplete short right to A.Barner (J.Reaves) [K.Medrano].,4,2,WSH 2,2,7,Washington Commanders,Seattle Seahawks,14,7,90.9,9.1,176.0,52.0,228.0,343.0,44.0,387.0,game,ML,Seattle Seahawks,,,polymarket,733,—,—,,Loss,,miss,,,,—,,
2026-09-27T20:12:49.904557+00:00,nfl,2026,3,401872955,4018729552008,2,1:51,(Shotgun) S.Darnold pass incomplete short right to A.Barner (J.Reaves) [K.Medrano].,4,2,WSH 2,2,7,Washington Commanders,Seattle Seahawks,14,7,90.9,9.1,176.0,52.0,228.0,343.0,44.0,387.0,game,ML,Washington Commanders,,,kalshi,40844,—,—,,Win,,hit,,,,—,,
2026-09-27T20:12:49.904557+00:00,nfl,2026,3,401872955,4018729552031,2,1:40,M.Mariota pass incomplete short right to B.Sinnott. WAS-B.Sinnott was injured during the play.,1,10,WSH 2,2,7,Washington Commanders,Seattle Seahawks,14,7,90.9,9.1,176.0,52.0,228.0,343.0,44.0,387.0,game,Spread,Seattle Seahawks,,5.5,bet365,-105,—,—,,+7,,miss,,,,—,,
2026-09-27T20:12:49.904557+00:00,nfl,2026,3,401872955,4018729552031,2,1:40,M.Mariota pass incomplete short right to B.Sinnott. WAS-B.Sinnott was injured during the play.,1,10,WSH 2,2,7,Washington Commanders,Seattle Seahawks,14,7,90.9,9.1,176.0,52.0,228.0,343.0,44.0,387.0,game,Spread,Washington Commanders,,-5.5,bet365,-125,—,—,,+7,,hit,,,,—,,
2026-09-27T20:12:49.904557+00:00,nfl,2026,3,401872955,4018729552031,2,1:40,M.Mariota pass incomplete short right to B.Sinnott. WAS-B.Sinnott was injured during the play.,1,10,WSH 2,2,7,Washington Commanders,Seattle Seahawks,14,7,90.9,9.1,176.0,52.0,228.0,343.0,44.0,387.0,game,Total,Over,,63.5,bet365,-120,—,—,,21.0,,miss,,,,—,,
2026-09-27T20:12:49.904557+00:00,nfl,2026,3,401872955,4018729552031,2,1:40,M.Mariota pass incomplete short right to B.Sinnott. WAS-B.Sinnott was injured during the play.,1,10,WSH 2,2,7,Washington Commanders,Seattle Seahawks,14,7,90.9,9.1,176.0,52.0,228.0,343.0,44.0,387.0,game,Total,Under,,63.5,betfair,109,—,—,,21.0,,hit,,,,—,,
2026-09-27T20:12:49.904557+00:00,nfl,2026,3,401872955,4018729552031,2,1:40,M.Mariota pass incomplete short right to B.Sinnott. WAS-B.Sinnott was injured during the play.,1,10,WSH 2,2,7,Washington Commanders,Seattle Seahawks,14,7,90.9,9.1,176.0,52.0,228.0,343.0,44.0,387.0,game,ML,Seattle Seahawks,,,polymarket,733,—,—,,Loss,,miss,,,,—,,
2026-09-27T20:12:49.904557+00:00,nfl,2026,3,401872955,4018729552031,2,1:40,M.Mariota pass incomplete short right to B.Sinnott. WAS-B.Sinnott was injured during the play.,1,10,WSH 2,2,7,Washington Commanders,Seattle Seahawks,14,7,90.9,9.1,176.0,52.0,228.0,343.0,44.0,387.0,game,ML,Washington Commanders,,,kalshi,40844,—,—,,Win,,hit,,,,—,,
2026-09-27T20:12:49.904557+00:00,nfl,2026,3,401872955,4018729552043,2,1:33,Timeout #1 by WAS at 01:33.,2,10,WSH 2,2,7,Washington Commanders,Seattle Seahawks,14,7,90.9,9.1,176.0,52.0,228.0,343.0,44.0,387.0,game,Spread,Seattle Seahawks,,5.5,bet365,-105,—,—,,+7,,miss,,,,—,,
2026-09-27T20:12:49.904557+00:00,nfl,2026,3,401872955,4018729552043,2,1:33,Timeout #1 by WAS at 01:33.,2,10,WSH 2,2,7,Washington Commanders,Seattle Seahawks,14,7,90.9,9.1,176.0,52.0,228.0,343.0,44.0,387.0,game,Spread,Washington Commanders,,-5.5,bet365,-125,—,—,,+7,,hit,,,,—,,
2026-09-27T20:12:49.904557+00:00,nfl,2026,3,401872955,4018729552043,2,1:33,Timeout #1 by WAS at 01:33.,2,10,WSH 2,2,7,Washington Commanders,Seattle Seahawks,14,7,90.9,9.1,176.0,52.0,228.0,343.0,44.0,387.0,game,Total,Over,,63.5,bet365,-120,—,—,,21.0,,miss,,,,—,,
2026-09-27T20:12:49.904557+00:00,nfl,2026,3,401872955,4018729552043,2,1:33,Timeout #1 by WAS at 01:33.,2,10,WSH 2,2,7,Washington Commanders,Seattle Seahawks,14,7,90.9,9.1,176.0,52.0,228.0,343.0,44.0,387.0,game,Total,Under,,63.5,betfair,109,—,—,,21.0,,hit,,,,—,,
2026-09-27T20:12:49.904557+00:00,nfl,2026,3,401872955,4018729552043,2,1:33,Timeout #1 by WAS at 01:33.,2,10,WSH 2,2,7,Washington Commanders,Seattle Seahawks,14,7,90.9,9.1,176.0,52.0,228.0,343.0,44.0,387.0,game,ML,Seattle Seahawks,,,polymarket,733,—,—,,Loss,,miss,,,,—,,
2026-09-27T20:12:49.904557+00:00,nfl,2026,3,401872955,4018729552043,2,1:33,Timeout #1 by WAS at 01:33.,2,10,WSH 2,2,7,Washington Commanders,Seattle Seahawks,14,7,90.9,9.1,176.0,52.0,228.0,343.0,44.0,387.0,game,ML,Washington Commanders,,,kalshi,40844,—,—,,Win,,hit,,,,—,,
2026-09-27T20:12:49.904557+00:00,nfl,2026,3,401872955,4018729552054,2,1:33,J.Croskey-Merritt up the middle to WAS 4 for 2 yards (D.Thomas). ** Injury Update: SEA-N.Emmanwori has returned to the game.,2,10,WSH 2,2,7,Washington Commanders,Seattle Seahawks,14,7,90.9,9.1,176.0,52.0,228.0,343.0,44.0,387.0,game,Spread,Seattle Seahawks,,5.5,bet365,-105,—,—,,+7,,miss,,,,—,,
2026-09-27T20:12:49.904557+00:00,nfl,2026,3,401872955,4018729552054,2,1:33,J.Croskey-Merritt up the middle to WAS 4 for 2 yards (D.Thomas). ** Injury Update: SEA-N.Emmanwori has returned to the game.,2,10,WSH 2,2,7,Washington Commanders,Seattle Seahawks,14,7,90.9,9.1,176.0,52.0,228.0,343.0,44.0,387.0,game,Spread,Washington Commanders,,-5.5,bet365,-125,—,—,,+7,,hit,,,,—,,
2026-09-27T20:12:49.904557+00:00,nfl,2026,3,401872955,4018729552054,2,1:33,J.Croskey-Merritt up the middle to WAS 4 for 2 yards (D.Thomas). ** Injury Update: SEA-N.Emmanwori has returned to the game.,2,10,WSH 2,2,7,Washington Commanders,Seattle Seahawks,14,7,90.9,9.1,176.0,52.0,228.0,343.0,44.0,387.0,game,Total,Over,,63.5,bet365,-120,—,—,,21.0,,miss,,,,—,,
2026-09-27T20:12:49.904557+00:00,nfl,2026,3,401872955,4018729552054,2,1:33,J.Croskey-Merritt up the middle to WAS 4 for 2 yards (D.Thomas). ** Injury Update: SEA-N.Emmanwori has returned to the game.,2,10,WSH 2,2,7,Washington Commanders,Seattle Seahawks,14,7,90.9,9.1,176.0,52.0,228.0,343.0,44.0,387.0,game,Total,Under,,63.5,betfair,109,—,—,,21.0,,hit,,,,—,,
2026-09-27T20:12:49.904557+00:00,nfl,2026,3,401872955,4018729552054,2,1:33,J.Croskey-Merritt up the middle to WAS 4 for 2 yards (D.Thomas). ** Injury Update: SEA-N.Emmanwori has returned to the game.,2,10,WSH 2,2,7,Washington Commanders,Seattle Seahawks,14,7,90.9,9.1,176.0,52.0,228.0,343.0,44.0,387.0,game,ML,Seattle Seahawks,,,polymarket,733,—,—,,Loss,,miss,,,,—,,
2026-09-27T20:12:49.904557+00:00,nfl,2026,3,401872955,4018729552054,2,1:33,J.Croskey-Merritt up the middle to WAS 4 for 2 yards (D.Thomas). ** Injury Update: SEA-N.Emmanwori has returned to the game.,2,10,WSH 2,2,7,Washington Commanders,Seattle Seahawks,14,7,90.9,9.1,176.0,52.0,228.0,343.0,44.0,387.0,game,ML,Washington Commanders,,,kalshi,40844,—,—,,Win,,hit,,,,—,,
2026-09-27T20:12:49.904557+00:00,nfl,2026,3,401872955,4018729552070,2,1:29,Timeout #2 by SEA at 01:29.,3,8,WSH 4,4,7,Washington Commanders,Seattle Seahawks,14,7,90.9,9.1,176.0,52.0,228.0,343.0,44.0,387.0,game,Spread,Seattle Seahawks,,5.5,bet365,-105,—,—,,+7,,miss,,,,—,,
2026-09-27T20:12:49.904557+00:00,nfl,2026,3,401872955,4018729552070,2,1:29,Timeout #2 by SEA at 01:29.,3,8,WSH 4,4,7,Washington Commanders,Seattle Seahawks,14,7,90.9,9.1,176.0,52.0,228.0,343.0,44.0,387.0,game,Spread,Washington Commanders,,-5.5,bet365,-125,—,—,,+7,,hit,,,,—,,
2026-09-27T20:12:49.904557+00:00,nfl,2026,3,401872955,4018729552070,2,1:29,Timeout #2 by SEA at 01:29.,3,8,WSH 4,4,7,Washington Commanders,Seattle Seahawks,14,7,90.9,9.1,176.0,52.0,228.0,343.0,44.0,387.0,game,Total,Over,,63.5,bet365,-120,—,—,,21.0,,miss,,,,—,,
2026-09-27T20:12:49.904557+00:00,nfl,2026,3,401872955,4018729552070,2,1:29,Timeout #2 by SEA at 01:29.,3,8,WSH 4,4,7,Washington Commanders,Seattle Seahawks,14,7,90.9,9.1,176.0,52.0,228.0,343.0,44.0,387.0,game,Total,Under,,63.5,betfair,109,—,—,,21.0,,hit,,,,—,,
2026-09-27T20:12:49.904557+00:00,nfl,2026,3,401872955,4018729552070,2,1:29,Timeout #2 by SEA at 01:29.,3,8,WSH 4,4,7,Washington Commanders,Seattle Seahawks,14,7,90.9,9.1,176.0,52.0,228.0,343.0,44.0,387.0,game,ML,Seattle Seahawks,,,polymarket,733,—,—,,Loss,,miss,,,,—,,
2026-09-27T20:12:49.904557+00:00,nfl,2026,3,401872955,4018729552070,2,1:29,Timeout #2 by SEA at 01:29.,3,8,WSH 4,4,7,Washington Commanders,Seattle Seahawks,14,7,90.9,9.1,176.0,52.0,228.0,343.0,44.0,387.0,game,ML,Washington Commanders,,,kalshi,40844,—,—,,Win,,hit,,,,—,,
2026-09-27T20:12:49.904557+00:00,nfl,2026,3,401872955,4018729552086,2,1:29,(Shotgun) M.Mariota sacked at WAS 2 for -2 yards (D.Hall).,3,8,WSH 4,4,7,Washington Commanders,Seattle Seahawks,14,7,90.9,9.1,176.0,52.0,228.0,343.0,44.0,387.0,game,Spread,Seattle Seahawks,,5.5,bet365,-105,—,—,,+7,,miss,,,,—,,
2026-09-27T20:12:49.904557+00:00,nfl,2026,3,401872955,4018729552086,2,1:29,(Shotgun) M.Mariota sacked at WAS 2 for -2 yards (D.Hall).,3,8,WSH 4,4,7,Washington Commanders,Seattle Seahawks,14,7,90.9,9.1,176.0,52.0,228.0,343.0,44.0,387.0,game,Spread,Washington Commanders,,-5.5,bet365,-125,—,—,,+7,,hit,,,,—,,
2026-09-27T20:12:49.904557+00:00,nfl,2026,3,401872955,4018729552086,2,1:29,(Shotgun) M.Mariota sacked at WAS 2 for -2 yards (D.Hall).,3,8,WSH 4,4,7,Washington Commanders,Seattle Seahawks,14,7,90.9,9.1,176.0,52.0,228.0,343.0,44.0,387.0,game,Total,Over,,63.5,bet365,-120,—,—,,21.0,,miss,,,,—,,
2026-09-27T20:12:49.904557+00:00,nfl,2026,3,401872955,4018729552086,2,1:29,(Shotgun) M.Mariota sacked at WAS 2 for -2 yards (D.Hall).,3,8,WSH 4,4,7,Washington Commanders,Seattle Seahawks,14,7,90.9,9.1,176.0,52.0,228.0,343.0,44.0,387.0,game,Total,Under,,63.5,betfair,109,—,—,,21.0,,hit,,,,—,,
2026-09-27T20:12:49.904557+00:00,nfl,2026,3,401872955,4018729552086,2,1:29,(Shotgun) M.Mariota sacked at WAS 2 for -2 yards (D.Hall).,3,8,WSH 4,4,7,Washington Commanders,Seattle Seahawks,14,7,90.9,9.1,176.0,52.0,228.0,343.0,44.0,387.0,game,ML,Seattle Seahawks,,,polymarket,733,—,—,,Loss,,miss,,,,—,,
2026-09-27T20:12:49.904557+00:00,nfl,2026,3,401872955,4018729552086,2,1:29,(Shotgun) M.Mariota sacked at WAS 2 for -2 yards (D.Hall).,3,8,WSH 4,4,7,Washington Commanders,Seattle Seahawks,14,7,90.9,9.1,176.0,52.0,228.0,343.0,44.0,387.0,game,ML,Washington Commanders,,,kalshi,40844,—,—,,Win,,hit,,,,—,,
2026-09-27T20:12:49.904557+00:00,nfl,2026,3,401872955,4018729552101,2,1:24,Timeout #3 by SEA at 01:24.,4,11,WSH 1,1,7,Washington Commanders,Seattle Seahawks,14,7,90.9,9.1,176.0,52.0,228.0,343.0,44.0,387.0,game,Spread,Seattle Seahawks,,5.5,bet365,-105,—,—,,+7,,miss,,,,—,,
2026-09-27T20:12:49.904557+00:00,nfl,2026,3,401872955,4018729552101,2,1:24,Timeout #3 by SEA at 01:24.,4,11,WSH 1,1,7,Washington Commanders,Seattle Seahawks,14,7,90.9,9.1,176.0,52.0,228.0,343.0,44.0,387.0,game,Spread,Washington Commanders,,-5.5,bet365,-125,—,—,,+7,,hit,,,,—,,
2026-09-27T20:12:49.904557+00:00,nfl,2026,3,401872955,4018729552101,2,1:24,Timeout #3 by SEA at 01:24.,4,11,WSH 1,1,7,Washington Commanders,Seattle Seahawks,14,7,90.9,9.1,176.0,52.0,228.0,343.0,44.0,387.0,game,Total,Over,,63.5,bet365,-120,—,—,,21.0,,miss,,,,—,,
2026-09-27T20:12:49.904557+00:00,nfl,2026,3,401872955,4018729552101,2,1:24,Timeout #3 by SEA at 01:24.,4,11,WSH 1,1,7,Washington Commanders,Seattle Seahawks,14,7,90.9,9.1,176.0,52.0,228.0,343.0,44.0,387.0,game,Total,Under,,63.5,betfair,109,—,—,,21.0,,hit,,,,—,,
2026-09-27T20:12:49.904557+00:00,nfl,2026,3,401872955,4018729552101,2,1:24,Timeout #3 by SEA at 01:24.,4,11,WSH 1,1,7,Washington Commanders,Seattle Seahawks,14,7,90.9,9.1,176.0,52.0,228.0,343.0,44.0,387.0,game,ML,Seattle Seahawks,,,polymarket,733,—,—,,Loss,,miss,,,,—,,
2026-09-27T20:12:49.904557+00:00,nfl,2026,3,401872955,4018729552101,2,1:24,Timeout #3 by SEA at 01:24.,4,11,WSH 1,1,7,Washington Commanders,Seattle Seahawks,14,7,90.9,9.1,176.0,52.0,228.0,343.0,44.0,387.0,game,ML,Washington Commanders,,,kalshi,40844,—,—,,Win,,hit,,,,—,,
2026-09-27T20:12:49.904557+00:00,nfl,2026,3,401872955,4018729552116,2,1:24,"T.Way punts 52 yards to SEA 46, Center-T.Ott. R.Shaheed pushed ob at WAS 41 for 13 yards (B.Sinnott). ** Injury Update: WAS-B.Sinnott has returned to the game.",4,10,WSH 2,2,7,Washington Commanders,Seattle Seahawks,14,7,90.9,9.1,176.0,52.0,228.0,343.0,44.0,387.0,game,Spread,Seattle Seahawks,,5.5,bet365,-105,—,—,,+7,,miss,,,,—,,
2026-09-27T20:12:49.904557+00:00,nfl,2026,3,401872955,4018729552116,2,1:24,"T.Way punts 52 yards to SEA 46, Center-T.Ott. R.Shaheed pushed ob at WAS 41 for 13 yards (B.Sinnott). ** Injury Update: WAS-B.Sinnott has returned to the game.",4,10,WSH 2,2,7,Washington Commanders,Seattle Seahawks,14,7,90.9,9.1,176.0,52.0,228.0,343.0,44.0,387.0,game,Spread,Washington Commanders,,-5.5,bet365,-125,—,—,,+7,,hit,,,,—,,
2026-09-27T20:12:49.904557+00:00,nfl,2026,3,401872955,4018729552116,2,1:24,"T.Way punts 52 yards to SEA 46, Center-T.Ott. R.Shaheed pushed ob at WAS 41 for 13 yards (B.Sinnott). ** Injury Update: WAS-B.Sinnott has returned to the game.",4,10,WSH 2,2,7,Washington Commanders,Seattle Seahawks,14,7,90.9,9.1,176.0,52.0,228.0,343.0,44.0,387.0,game,Total,Over,,63.5,bet365,-120,—,—,,21.0,,miss,,,,—,,
2026-09-27T20:12:49.904557+00:00,nfl,2026,3,401872955,4018729552116,2,1:24,"T.Way punts 52 yards to SEA 46, Center-T.Ott. R.Shaheed pushed ob at WAS 41 for 13 yards (B.Sinnott). ** Injury Update: WAS-B.Sinnott has returned to the game.",4,10,WSH 2,2,7,Washington Commanders,Seattle Seahawks,14,7,90.9,9.1,176.0,52.0,228.0,343.0,44.0,387.0,game,Total,Under,,63.5,betfair,109,—,—,,21.0,,hit,,,,—,,
2026-09-27T20:12:49.904557+00:00,nfl,2026,3,401872955,4018729552116,2,1:24,"T.Way punts 52 yards to SEA 46, Center-T.Ott. R.Shaheed pushed ob at WAS 41 for 13 yards (B.Sinnott). ** Injury Update: WAS-B.Sinnott has returned to the game.",4,10,WSH 2,2,7,Washington Commanders,Seattle Seahawks,14,7,90.9,9.1,176.0,52.0,228.0,343.0,44.0,387.0,game,ML,Seattle Seahawks,,,polymarket,733,—,—,,Loss,,miss,,,,—,,
2026-09-27T20:12:49.904557+00:00,nfl,2026,3,401872955,4018729552116,2,1:24,"T.Way punts 52 yards to SEA 46, Center-T.Ott. R.Shaheed pushed ob at WAS 41 for 13 yards (B.Sinnott). ** Injury Update: WAS-B.Sinnott has returned to the game.",4,10,WSH 2,2,7,Washington Commanders,Seattle Seahawks,14,7,90.9,9.1,176.0,52.0,228.0,343.0,44.0,387.0,game,ML,Washington Commanders,,,kalshi,40844,—,—,,Win,,hit,,,,—,,
2026-09-27T20:12:49.904557+00:00,nfl,2026,3,401872955,4018729552154,2,1:13,(Shotgun) S.Darnold pass incomplete deep right to J.Price (S.Styles).,1,10,WSH 41,41,7,Washington Commanders,Seattle Seahawks,14,7,90.9,9.1,176.0,52.0,228.0,343.0,44.0,387.0,game,Spread,Seattle Seahawks,,5.5,bet365,-105,—,—,,+7,,miss,,,,—,,
2026-09-27T20:12:49.904557+00:00,nfl,2026,3,401872955,4018729552154,2,1:13,(Shotgun) S.Darnold pass incomplete deep right to J.Price (S.Styles).,1,10,WSH 41,41,7,Washington Commanders,Seattle Seahawks,14,7,90.9,9.1,176.0,52.0,228.0,343.0,44.0,387.0,game,Spread,Washington Commanders,,-5.5,bet365,-125,—,—,,+7,,hit,,,,—,,
2026-09-27T20:12:49.904557+00:00,nfl,2026,3,401872955,4018729552154,2,1:13,(Shotgun) S.Darnold pass incomplete deep right to J.Price (S.Styles).,1,10,WSH 41,41,7,Washington Commanders,Seattle Seahawks,14,7,90.9,9.1,176.0,52.0,228.0,343.0,44.0,387.0,game,Total,Over,,63.5,bet365,-120,—,—,,21.0,,miss,,,,—,,
2026-09-27T20:12:49.904557+00:00,nfl,2026,3,401872955,4018729552154,2,1:13,(Shotgun) S.Darnold pass incomplete deep right to J.Price (S.Styles).,1,10,WSH 41,41,7,Washington Commanders,Seattle Seahawks,14,7,90.9,9.1,176.0,52.0,228.0,343.0,44.0,387.0,game,Total,Under,,63.5,betfair,109,—,—,,21.0,,hit,,,,—,,
2026-09-27T20:12:49.904557+00:00,nfl,2026,3,401872955,4018729552154,2,1:13,(Shotgun) S.Darnold pass incomplete deep right to J.Price (S.Styles).,1,10,WSH 41,41,7,Washington Commanders,Seattle Seahawks,14,7,90.9,9.1,176.0,52.0,228.0,343.0,44.0,387.0,game,ML,Seattle Seahawks,,,polymarket,733,—,—,,Loss,,miss,,,,—,,
2026-09-27T20:12:49.904557+00:00,nfl,2026,3,401872955,4018729552154,2,1:13,(Shotgun) S.Darnold pass incomplete deep right to J.Price (S.Styles).,1,10,WSH 41,41,7,Washington Commanders,Seattle Seahawks,14,7,90.9,9.1,176.0,52.0,228.0,343.0,44.0,387.0,game,ML,Washington Commanders,,,kalshi,40844,—,—,,Win,,hit,,,,—,,
2026-09-27T20:12:49.904557+00:00,nfl,2026,3,401872955,4018729552180,2,1:08,"(Shotgun) PENALTY on SEA-J.Smith-Njigba, False Start, 5 yards, enforced at WAS 41 - No Play.",2,10,WSH 41,41,7,Washington Commanders,Seattle Seahawks,14,7,90.9,9.1,176.0,52.0,228.0,343.0,44.0,387.0,game,Spread,Seattle Seahawks,,5.5,bet365,-105,—,—,,+7,,miss,,,,—,,
2026-09-27T20:12:49.904557+00:00,nfl,2026,3,401872955,4018729552180,2,1:08,"(Shotgun) PENALTY on SEA-J.Smith-Njigba, False Start, 5 yards, enforced at WAS 41 - No Play.",2,10,WSH 41,41,7,Washington Commanders,Seattle Seahawks,14,7,90.9,9.1,176.0,52.0,228.0,343.0,44.0,387.0,game,Spread,Washington Commanders,,-5.5,bet365,-125,—,—,,+7,,hit,,,,—,,
2026-09-27T20:12:49.904557+00:00,nfl,2026,3,401872955,4018729552180,2,1:08,"(Shotgun) PENALTY on SEA-J.Smith-Njigba, False Start, 5 yards, enforced at WAS 41 - No Play.",2,10,WSH 41,41,7,Washington Commanders,Seattle Seahawks,14,7,90.9,9.1,176.0,52.0,228.0,343.0,44.0,387.0,game,Total,Over,,63.5,bet365,-120,—,—,,21.0,,miss,,,,—,,
2026-09-27T20:12:49.904557+00:00,nfl,2026,3,401872955,4018729552180,2,1:08,"(Shotgun) PENALTY on SEA-J.Smith-Njigba, False Start, 5 yards, enforced at WAS 41 - No Play.",2,10,WSH 41,41,7,Washington Commanders,Seattle Seahawks,14,7,90.9,9.1,176.0,52.0,228.0,343.0,44.0,387.0,game,Total,Under,,63.5,betfair,109,—,—,,21.0,,hit,,,,—,,
2026-09-27T20:12:49.904557+00:00,nfl,2026,3,401872955,4018729552180,2,1:08,"(Shotgun) PENALTY on SEA-J.Smith-Njigba, False Start, 5 yards, enforced at WAS 41 - No Play.",2,10,WSH 41,41,7,Washington Commanders,Seattle Seahawks,14,7,90.9,9.1,176.0,52.0,228.0,343.0,44.0,387.0,game,ML,Seattle Seahawks,,,polymarket,733,—,—,,Loss,,miss,,,,—,,
2026-09-27T20:12:49.904557+00:00,nfl,2026,3,401872955,4018729552180,2,1:08,"(Shotgun) PENALTY on SEA-J.Smith-Njigba, False Start, 5 yards, enforced at WAS 41 - No Play.",2,10,WSH 41,41,7,Washington Commanders,Seattle Seahawks,14,7,90.9,9.1,176.0,52.0,228.0,343.0,44.0,387.0,game,ML,Washington Commanders,,,kalshi,40844,—,—,,Win,,hit,,,,—,,
2026-09-27T20:12:49.904557+00:00,nfl,2026,3,401872955,4018729552204,2,1:08,(Shotgun) S.Darnold pass short left to J.Smith-Njigba pushed ob at WAS 43 for 3 yards (A.Robertson).,2,15,WSH 46,46,7,Washington Commanders,Seattle Seahawks,14,7,90.9,9.1,176.0,52.0,228.0,343.0,44.0,387.0,game,Spread,Seattle Seahawks,,5.5,bet365,-105,—,—,,+7,,miss,,,,—,,
2026-09-27T20:12:49.904557+00:00,nfl,2026,3,401872955,4018729552204,2,1:08,(Shotgun) S.Darnold pass short left to J.Smith-Njigba pushed ob at WAS 43 for 3 yards (A.Robertson).,2,15,WSH 46,46,7,Washington Commanders,Seattle Seahawks,14,7,90.9,9.1,176.0,52.0,228.0,343.0,44.0,387.0,game,Spread,Washington Commanders,,-5.5,bet365,-125,—,—,,+7,,hit,,,,—,,
2026-09-27T20:12:49.904557+00:00,nfl,2026,3,401872955,4018729552204,2,1:08,(Shotgun) S.Darnold pass short left to J.Smith-Njigba pushed ob at WAS 43 for 3 yards (A.Robertson).,2,15,WSH 46,46,7,Washington Commanders,Seattle Seahawks,14,7,90.9,9.1,176.0,52.0,228.0,343.0,44.0,387.0,game,Total,Over,,63.5,bet365,-120,—,—,,21.0,,miss,,,,—,,
2026-09-27T20:12:49.904557+00:00,nfl,2026,3,401872955,4018729552204,2,1:08,(Shotgun) S.Darnold pass short left to J.Smith-Njigba pushed ob at WAS 43 for 3 yards (A.Robertson).,2,15,WSH 46,46,7,Washington Commanders,Seattle Seahawks,14,7,90.9,9.1,176.0,52.0,228.0,343.0,44.0,387.0,game,Total,Under,,63.5,betfair,109,—,—,,21.0,,hit,,,,—,,
2026-09-27T20:12:49.904557+00:00,nfl,2026,3,401872955,4018729552204,2,1:08,(Shotgun) S.Darnold pass short left to J.Smith-Njigba pushed ob at WAS 43 for 3 yards (A.Robertson).,2,15,WSH 46,46,7,Washington Commanders,Seattle Seahawks,14,7,90.9,9.1,176.0,52.0,228.0,343.0,44.0,387.0,game,ML,Seattle Seahawks,,,polymarket,733,—,—,,Loss,,miss,,,,—,,
2026-09-27T20:12:49.904557+00:00,nfl,2026,3,401872955,4018729552204,2,1:08,(Shotgun) S.Darnold pass short left to J.Smith-Njigba pushed ob at WAS 43 for 3 yards (A.Robertson).,2,15,WSH 46,46,7,Washington Commanders,Seattle Seahawks,14,7,90.9,9.1,176.0,52.0,228.0,343.0,44.0,387.0,game,ML,Washington Commanders,,,kalshi,40844,—,—,,Win,,hit,,,,—,,
2026-09-27T20:12:49.904557+00:00,nfl,2026,3,401872955,4018729552234,2,1:04,(Shotgun) S.Darnold pass short right to C.Kupp to WAS 39 for 4 yards (A.Robertson).,3,12,WSH 43,43,7,Washington Commanders,Seattle Seahawks,14,7,90.9,9.1,176.0,52.0,228.0,343.0,44.0,387.0,game,Spread,Seattle Seahawks,,5.5,bet365,-105,—,—,,+7,,miss,,,,—,,
2026-09-27T20:12:49.904557+00:00,nfl,2026,3,401872955,4018729552234,2,1:04,(Shotgun) S.Darnold pass short right to C.Kupp to WAS 39 for 4 yards (A.Robertson).,3,12,WSH 43,43,7,Washington Commanders,Seattle Seahawks,14,7,90.9,9.1,176.0,52.0,228.0,343.0,44.0,387.0,game,Spread,Washington Commanders,,-5.5,bet365,-125,—,—,,+7,,hit,,,,—,,
2026-09-27T20:12:49.904557+00:00,nfl,2026,3,401872955,4018729552234,2,1:04,(Shotgun) S.Darnold pass short right to C.Kupp to WAS 39 for 4 yards (A.Robertson).,3,12,WSH 43,43,7,Washington Commanders,Seattle Seahawks,14,7,90.9,9.1,176.0,52.0,228.0,343.0,44.0,387.0,game,Total,Over,,63.5,bet365,-120,—,—,,21.0,,miss,,,,—,,
2026-09-27T20:12:49.904557+00:00,nfl,2026,3,401872955,4018729552234,2,1:04,(Shotgun) S.Darnold pass short right to C.Kupp to WAS 39 for 4 yards (A.Robertson).,3,12,WSH 43,43,7,Washington Commanders,Seattle Seahawks,14,7,90.9,9.1,176.0,52.0,228.0,343.0,44.0,387.0,game,Total,Under,,63.5,betfair,109,—,—,,21.0,,hit,,,,—,,
2026-09-27T20:12:49.904557+00:00,nfl,2026,3,401872955,4018729552234,2,1:04,(Shotgun) S.Darnold pass short right to C.Kupp to WAS 39 for 4 yards (A.Robertson).,3,12,WSH 43,43,7,Washington Commanders,Seattle Seahawks,14,7,90.9,9.1,176.0,52.0,228.0,343.0,44.0,387.0,game,ML,Seattle Seahawks,,,polymarket,733,—,—,,Loss,,miss,,,,—,,
2026-09-27T20:12:49.904557+00:00,nfl,2026,3,401872955,4018729552234,2,1:04,(Shotgun) S.Darnold pass short right to C.Kupp to WAS 39 for 4 yards (A.Robertson).,3,12,WSH 43,43,7,Washington Commanders,Seattle Seahawks,14,7,90.9,9.1,176.0,52.0,228.0,343.0,44.0,387.0,game,ML,Washington Commanders,,,kalshi,40844,—,—,,Win,,hit,,,,—,,
2026-09-27T20:12:49.904557+00:00,nfl,2026,3,401872955,4018729552247,2,0:57,Timeout #2 by WAS at 00:57.,4,8,WSH 39,39,7,Washington Commanders,Seattle Seahawks,14,7,90.9,9.1,176.0,52.0,228.0,343.0,44.0,387.0,game,Spread,Seattle Seahawks,,5.5,bet365,-105,—,—,,+7,,miss,,,,—,,
2026-09-27T20:12:49.904557+00:00,nfl,2026,3,401872955,4018729552247,2,0:57,Timeout #2 by WAS at 00:57.,4,8,WSH 39,39,7,Washington Commanders,Seattle Seahawks,14,7,90.9,9.1,176.0,52.0,228.0,343.0,44.0,387.0,game,Spread,Washington Commanders,,-5.5,bet365,-125,—,—,,+7,,hit,,,,—,,
2026-09-27T20:12:49.904557+00:00,nfl,2026,3,401872955,4018729552247,2,0:57,Timeout #2 by WAS at 00:57.,4,8,WSH 39,39,7,Washington Commanders,Seattle Seahawks,14,7,90.9,9.1,176.0,52.0,228.0,343.0,44.0,387.0,game,Total,Over,,63.5,bet365,-120,—,—,,21.0,,miss,,,,—,,
2026-09-27T20:12:49.904557+00:00,nfl,2026,3,401872955,4018729552247,2,0:57,Timeout #2 by WAS at 00:57.,4,8,WSH 39,39,7,Washington Commanders,Seattle Seahawks,14,7,90.9,9.1,176.0,52.0,228.0,343.0,44.0,387.0,game,Total,Under,,63.5,betfair,109,—,—,,21.0,,hit,,,,—,,
2026-09-27T20:12:49.904557+00:00,nfl,2026,3,401872955,4018729552247,2,0:57,Timeout #2 by WAS at 00:57.,4,8,WSH 39,39,7,Washington Commanders,Seattle Seahawks,14,7,90.9,9.1,176.0,52.0,228.0,343.0,44.0,387.0,game,ML,Seattle Seahawks,,,polymarket,733,—,—,,Loss,,miss,,,,—,,
2026-09-27T20:12:49.904557+00:00,nfl,2026,3,401872955,4018729552247,2,0:57,Timeout #2 by WAS at 00:57.,4,8,WSH 39,39,7,Washington Commanders,Seattle Seahawks,14,7,90.9,9.1,176.0,52.0,228.0,343.0,44.0,387.0,game,ML,Washington Commanders,,,kalshi,40844,—,—,,Win,,hit,,,,—,,
2026-09-27T20:12:49.904557+00:00,nfl,2026,3,401872955,4018729552259,2,0:52,"J.Myers 57 yard field goal is GOOD, Center-C.Stoll, Holder-M.Dickson.",4,8,WSH 39,39,4,Washington Commanders,Seattle Seahawks,14,10,90.9,9.1,176.0,52.0,228.0,343.0,44.0,387.0,game,Spread,Seattle Seahawks,,5.5,bet365,-105,—,—,,+4,,hit,,,,—,,
2026-09-27T20:12:49.904557+00:00,nfl,2026,3,401872955,4018729552259,2,0:52,"J.Myers 57 yard field goal is GOOD, Center-C.Stoll, Holder-M.Dickson.",4,8,WSH 39,39,4,Washington Commanders,Seattle Seahawks,14,10,90.9,9.1,176.0,52.0,228.0,343.0,44.0,387.0,game,Spread,Washington Commanders,,-5.5,bet365,-125,—,—,,+4,,miss,,,,—,,
2026-09-27T20:12:49.904557+00:00,nfl,2026,3,401872955,4018729552259,2,0:52,"J.Myers 57 yard field goal is GOOD, Center-C.Stoll, Holder-M.Dickson.",4,8,WSH 39,39,4,Washington Commanders,Seattle Seahawks,14,10,90.9,9.1,176.0,52.0,228.0,343.0,44.0,387.0,game,Total,Over,,63.5,bet365,-120,—,—,,24.0,,miss,,,,—,,
2026-09-27T20:12:49.904557+00:00,nfl,2026,3,401872955,4018729552259,2,0:52,"J.Myers 57 yard field goal is GOOD, Center-C.Stoll, Holder-M.Dickson.",4,8,WSH 39,39,4,Washington Commanders,Seattle Seahawks,14,10,90.9,9.1,176.0,52.0,228.0,343.0,44.0,387.0,game,Total,Under,,63.5,betfair,109,—,—,,24.0,,hit,,,,—,,
2026-09-27T20:12:49.904557+00:00,nfl,2026,3,401872955,4018729552259,2,0:52,"J.Myers 57 yard field goal is GOOD, Center-C.Stoll, Holder-M.Dickson.",4,8,WSH 39,39,4,Washington Commanders,Seattle Seahawks,14,10,90.9,9.1,176.0,52.0,228.0,343.0,44.0,387.0,game,ML,Seattle Seahawks,,,polymarket,733,—,—,,Loss,,miss,,,,—,,
2026-09-27T20:12:49.904557+00:00,nfl,2026,3,401872955,4018729552259,2,0:52,"J.Myers 57 yard field goal is GOOD, Center-C.Stoll, Holder-M.Dickson.",4,8,WSH 39,39,4,Washington Commanders,Seattle Seahawks,14,10,90.9,9.1,176.0,52.0,228.0,343.0,44.0,387.0,game,ML,Washington Commanders,,,kalshi,40844,—,—,,Win,,hit,,,,—,,
2026-09-27T20:12:49.904557+00:00,nfl,2026,3,401872955,4018729552286,2,0:52,"J.Myers kicks 65 yards from SEA 35 to end zone, Touchback to the WAS 35.",1,10,SEA 32,65,4,Washington Commanders,Seattle Seahawks,14,10,90.9,9.1,176.0,52.0,228.0,343.0,44.0,387.0,game,Spread,Seattle Seahawks,,5.5,bet365,-105,—,—,,+4,,hit,,,,—,,
2026-09-27T20:12:49.904557+00:00,nfl,2026,3,401872955,4018729552286,2,0:52,"J.Myers kicks 65 yards from SEA 35 to end zone, Touchback to the WAS 35.",1,10,SEA 32,65,4,Washington Commanders,Seattle Seahawks,14,10,90.9,9.1,176.0,52.0,228.0,343.0,44.0,387.0,game,Spread,Washington Commanders,,-5.5,bet365,-125,—,—,,+4,,miss,,,,—,,
2026-09-27T20:12:49.904557+00:00,nfl,2026,3,401872955,4018729552286,2,0:52,"J.Myers kicks 65 yards from SEA 35 to end zone, Touchback to the WAS 35.",1,10,SEA 32,65,4,Washington Commanders,Seattle Seahawks,14,10,90.9,9.1,176.0,52.0,228.0,343.0,44.0,387.0,game,Total,Over,,63.5,bet365,-120,—,—,,24.0,,miss,,,,—,,
2026-09-27T20:12:49.904557+00:00,nfl,2026,3,401872955,4018729552286,2,0:52,"J.Myers kicks 65 yards from SEA 35 to end zone, Touchback to the WAS 35.",1,10,SEA 32,65,4,Washington Commanders,Seattle Seahawks,14,10,90.9,9.1,176.0,52.0,228.0,343.0,44.0,387.0,game,Total,Under,,63.5,betfair,109,—,—,,24.0,,hit,,,,—,,
2026-09-27T20:12:49.904557+00:00,nfl,2026,3,401872955,4018729552286,2,0:52,"J.Myers kicks 65 yards from SEA 35 to end zone, Touchback to the WAS 35.",1,10,SEA 32,65,4,Washington Commanders,Seattle Seahawks,14,10,90.9,9.1,176.0,52.0,228.0,343.0,44.0,387.0,game,ML,Seattle Seahawks,,,polymarket,733,—,—,,Loss,,miss,,,,—,,
2026-09-27T20:12:49.904557+00:00,nfl,2026,3,401872955,4018729552286,2,0:52,"J.Myers kicks 65 yards from SEA 35 to end zone, Touchback to the WAS 35.",1,10,SEA 32,65,4,Washington Commanders,Seattle Seahawks,14,10,90.9,9.1,176.0,52.0,228.0,343.0,44.0,387.0,game,ML,Washington Commanders,,,kalshi,40844,—,—,,Win,,hit,,,,—,,
2026-09-27T20:12:49.904557+00:00,nfl,2026,3,401872955,4018729552303,2,0:52,(Shotgun) M.Mariota pass deep left to T.McLaurin ran ob at SEA 47 for 18 yards [D.Lawrence].,1,10,WSH 35,35,4,Washington Commanders,Seattle Seahawks,14,10,90.9,9.1,176.0,52.0,228.0,343.0,44.0,387.0,game,Spread,Seattle Seahawks,,5.5,bet365,-105,—,—,,+4,,hit,,,,—,,
2026-09-27T20:12:49.904557+00:00,nfl,2026,3,401872955,4018729552303,2,0:52,(Shotgun) M.Mariota pass deep left to T.McLaurin ran ob at SEA 47 for 18 yards [D.Lawrence].,1,10,WSH 35,35,4,Washington Commanders,Seattle Seahawks,14,10,90.9,9.1,176.0,52.0,228.0,343.0,44.0,387.0,game,Spread,Washington Commanders,,-5.5,bet365,-125,—,—,,+4,,miss,,,,—,,
2026-09-27T20:12:49.904557+00:00,nfl,2026,3,401872955,4018729552303,2,0:52,(Shotgun) M.Mariota pass deep left to T.McLaurin ran ob at SEA 47 for 18 yards [D.Lawrence].,1,10,WSH 35,35,4,Washington Commanders,Seattle Seahawks,14,10,90.9,9.1,176.0,52.0,228.0,343.0,44.0,387.0,game,Total,Over,,63.5,bet365,-120,—,—,,24.0,,miss,,,,—,,
2026-09-27T20:12:49.904557+00:00,nfl,2026,3,401872955,4018729552303,2,0:52,(Shotgun) M.Mariota pass deep left to T.McLaurin ran ob at SEA 47 for 18 yards [D.Lawrence].,1,10,WSH 35,35,4,Washington Commanders,Seattle Seahawks,14,10,90.9,9.1,176.0,52.0,228.0,343.0,44.0,387.0,game,Total,Under,,63.5,betfair,109,—,—,,24.0,,hit,,,,—,,
2026-09-27T20:12:49.904557+00:00,nfl,2026,3,401872955,4018729552303,2,0:52,(Shotgun) M.Mariota pass deep left to T.McLaurin ran ob at SEA 47 for 18 yards [D.Lawrence].,1,10,WSH 35,35,4,Washington Commanders,Seattle Seahawks,14,10,90.9,9.1,176.0,52.0,228.0,343.0,44.0,387.0,game,ML,Seattle Seahawks,,,polymarket,733,—,—,,Loss,,miss,,,,—,,
2026-09-27T20:12:49.904557+00:00,nfl,2026,3,401872955,4018729552303,2,0:52,(Shotgun) M.Mariota pass deep left to T.McLaurin ran ob at SEA 47 for 18 yards [D.Lawrence].,1,10,WSH 35,35,4,Washington Commanders,Seattle Seahawks,14,10,90.9,9.1,176.0,52.0,228.0,343.0,44.0,387.0,game,ML,Washington Commanders,,,kalshi,40844,—,—,,Win,,hit,,,,—,,
2026-09-27T20:12:49.904557+00:00,nfl,2026,3,401872955,4018729552343,2,0:47,(Shotgun) M.Mariota pass incomplete short left.,1,10,SEA 47,53,4,Washington Commanders,Seattle Seahawks,14,10,90.9,9.1,176.0,52.0,228.0,343.0,44.0,387.0,game,Spread,Seattle Seahawks,,5.5,bet365,-105,—,—,,+4,,hit,,,,—,,
2026-09-27T20:12:49.904557+00:00,nfl,2026,3,401872955,4018729552343,2,0:47,(Shotgun) M.Mariota pass incomplete short left.,1,10,SEA 47,53,4,Washington Commanders,Seattle Seahawks,14,10,90.9,9.1,176.0,52.0,228.0,343.0,44.0,387.0,game,Spread,Washington Commanders,,-5.5,bet365,-125,—,—,,+4,,miss,,,,—,,
2026-09-27T20:12:49.904557+00:00,nfl,2026,3,401872955,4018729552343,2,0:47,(Shotgun) M.Mariota pass incomplete short left.,1,10,SEA 47,53,4,Washington Commanders,Seattle Seahawks,14,10,90.9,9.1,176.0,52.0,228.0,343.0,44.0,387.0,game,Total,Over,,63.5,bet365,-120,—,—,,24.0,,miss,,,,—,,
2026-09-27T20:12:49.904557+00:00,nfl,2026,3,401872955,4018729552343,2,0:47,(Shotgun) M.Mariota pass incomplete short left.,1,10,SEA 47,53,4,Washington Commanders,Seattle Seahawks,14,10,90.9,9.1,176.0,52.0,228.0,343.0,44.0,387.0,game,Total,Under,,63.5,betfair,109,—,—,,24.0,,hit,,,,—,,
2026-09-27T20:12:49.904557+00:00,nfl,2026,3,401872955,4018729552343,2,0:47,(Shotgun) M.Mariota pass incomplete short left.,1,10,SEA 47,53,4,Washington Commanders,Seattle Seahawks,14,10,90.9,9.1,176.0,52.0,228.0,343.0,44.0,387.0,game,ML,Seattle Seahawks,,,polymarket,733,—,—,,Loss,,miss,,,,—,,
2026-09-27T20:12:49.904557+00:00,nfl,2026,3,401872955,4018729552343,2,0:47,(Shotgun) M.Mariota pass incomplete short left.,1,10,SEA 47,53,4,Washington Commanders,Seattle Seahawks,14,10,90.9,9.1,176.0,52.0,228.0,343.0,44.0,387.0,game,ML,Washington Commanders,,,kalshi,40844,—,—,,Win,,hit,,,,—,,
2026-09-27T20:12:49.904557+00:00,nfl,2026,3,401872955,4018729552366,2,0:41,(Shotgun) M.Mariota pass short right to A.Williams pushed ob at SEA 41 for 6 yards (D.Witherspoon) [L.Williams].,2,10,SEA 47,53,4,Washington Commanders,Seattle Seahawks,14,10,90.9,9.1,176.0,52.0,228.0,343.0,44.0,387.0,game,Spread,Seattle Seahawks,,5.5,bet365,-105,—,—,,+4,,hit,,,,—,,
2026-09-27T20:12:49.904557+00:00,nfl,2026,3,401872955,4018729552366,2,0:41,(Shotgun) M.Mariota pass short right to A.Williams pushed ob at SEA 41 for 6 yards (D.Witherspoon) [L.Williams].,2,10,SEA 47,53,4,Washington Commanders,Seattle Seahawks,14,10,90.9,9.1,176.0,52.0,228.0,343.0,44.0,387.0,game,Spread,Washington Commanders,,-5.5,bet365,-125,—,—,,+4,,miss,,,,—,,
2026-09-27T20:12:49.904557+00:00,nfl,2026,3,401872955,4018729552366,2,0:41,(Shotgun) M.Mariota pass short right to A.Williams pushed ob at SEA 41 for 6 yards (D.Witherspoon) [L.Williams].,2,10,SEA 47,53,4,Washington Commanders,Seattle Seahawks,14,10,90.9,9.1,176.0,52.0,228.0,343.0,44.0,387.0,game,Total,Over,,63.5,bet365,-120,—,—,,24.0,,miss,,,,—,,
2026-09-27T20:12:49.904557+00:00,nfl,2026,3,401872955,4018729552366,2,0:41,(Shotgun) M.Mariota pass short right to A.Williams pushed ob at SEA 41 for 6 yards (D.Witherspoon) [L.Williams].,2,10,SEA 47,53,4,Washington Commanders,Seattle Seahawks,14,10,90.9,9.1,176.0,52.0,228.0,343.0,44.0,387.0,game,Total,Under,,63.5,betfair,109,—,—,,24.0,,hit,,,,—,,
2026-09-27T20:12:49.904557+00:00,nfl,2026,3,401872955,4018729552366,2,0:41,(Shotgun) M.Mariota pass short right to A.Williams pushed ob at SEA 41 for 6 yards (D.Witherspoon) [L.Williams].,2,10,SEA 47,53,4,Washington Commanders,Seattle Seahawks,14,10,90.9,9.1,176.0,52.0,228.0,343.0,44.0,387.0,game,ML,Seattle Seahawks,,,polymarket,733,—,—,,Loss,,miss,,,,—,,
2026-09-27T20:12:49.904557+00:00,nfl,2026,3,401872955,4018729552366,2,0:41,(Shotgun) M.Mariota pass short right to A.Williams pushed ob at SEA 41 for 6 yards (D.Witherspoon) [L.Williams].,2,10,SEA 47,53,4,Washington Commanders,Seattle Seahawks,14,10,90.9,9.1,176.0,52.0,228.0,343.0,44.0,387.0,game,ML,Washington Commanders,,,kalshi,40844,—,—,,Win,,hit,,,,—,,
2026-09-27T20:12:49.904557+00:00,nfl,2026,3,401872955,4018729552410,2,0:33,(Shotgun) R.White left guard to SEA 39 for 2 yards (B.Murphy).,3,4,SEA 41,59,4,Washington Commanders,Seattle Seahawks,14,10,90.9,9.1,176.0,52.0,228.0,343.0,44.0,387.0,game,Spread,Seattle Seahawks,,5.5,bet365,-105,—,—,,+4,,hit,,,,—,,
2026-09-27T20:12:49.904557+00:00,nfl,2026,3,401872955,4018729552410,2,0:33,(Shotgun) R.White left guard to SEA 39 for 2 yards (B.Murphy).,3,4,SEA 41,59,4,Washington Commanders,Seattle Seahawks,14,10,90.9,9.1,176.0,52.0,228.0,343.0,44.0,387.0,game,Spread,Washington Commanders,,-5.5,bet365,-125,—,—,,+4,,miss,,,,—,,
2026-09-27T20:12:49.904557+00:00,nfl,2026,3,401872955,4018729552410,2,0:33,(Shotgun) R.White left guard to SEA 39 for 2 yards (B.Murphy).,3,4,SEA 41,59,4,Washington Commanders,Seattle Seahawks,14,10,90.9,9.1,176.0,52.0,228.0,343.0,44.0,387.0,game,Total,Over,,63.5,bet365,-120,—,—,,24.0,,miss,,,,—,,
2026-09-27T20:12:49.904557+00:00,nfl,2026,3,401872955,4018729552410,2,0:33,(Shotgun) R.White left guard to SEA 39 for 2 yards (B.Murphy).,3,4,SEA 41,59,4,Washington Commanders,Seattle Seahawks,14,10,90.9,9.1,176.0,52.0,228.0,343.0,44.0,387.0,game,Total,Under,,63.5,betfair,109,—,—,,24.0,,hit,,,,—,,
2026-09-27T20:12:49.904557+00:00,nfl,2026,3,401872955,4018729552410,2,0:33,(Shotgun) R.White left guard to SEA 39 for 2 yards (B.Murphy).,3,4,SEA 41,59,4,Washington Commanders,Seattle Seahawks,14,10,90.9,9.1,176.0,52.0,228.0,343.0,44.0,387.0,game,ML,Seattle Seahawks,,,polymarket,733,—,—,,Loss,,miss,,,,—,,
2026-09-27T20:12:49.904557+00:00,nfl,2026,3,401872955,4018729552410,2,0:33,(Shotgun) R.White left guard to SEA 39 for 2 yards (B.Murphy).,3,4,SEA 41,59,4,Washington Commanders,Seattle Seahawks,14,10,90.9,9.1,176.0,52.0,228.0,343.0,44.0,387.0,game,ML,Washington Commanders,,,kalshi,40844,—,—,,Win,,hit,,,,—,,
2026-09-27T20:12:49.904557+00:00,nfl,2026,3,401872955,4018729552421,2,0:03,Timeout #3 by WAS at 00:03.,4,2,SEA 39,61,4,Washington Commanders,Seattle Seahawks,14,10,90.9,9.1,176.0,52.0,228.0,343.0,44.0,387.0,game,Spread,Seattle Seahawks,,5.5,bet365,-105,—,—,,+4,,hit,,,,—,,
2026-09-27T20:12:49.904557+00:00,nfl,2026,3,401872955,4018729552421,2,0:03,Timeout #3 by WAS at 00:03.,4,2,SEA 39,61,4,Washington Commanders,Seattle Seahawks,14,10,90.9,9.1,176.0,52.0,228.0,343.0,44.0,387.0,game,Spread,Washington Commanders,,-5.5,bet365,-125,—,—,,+4,,miss,,,,—,,
2026-09-27T20:12:49.904557+00:00,nfl,2026,3,401872955,4018729552421,2,0:03,Timeout #3 by WAS at 00:03.,4,2,SEA 39,61,4,Washington Commanders,Seattle Seahawks,14,10,90.9,9.1,176.0,52.0,228.0,343.0,44.0,387.0,game,Total,Over,,63.5,bet365,-120,—,—,,24.0,,miss,,,,—,,
2026-09-27T20:12:49.904557+00:00,nfl,2026,3,401872955,4018729552421,2,0:03,Timeout #3 by WAS at 00:03.,4,2,SEA 39,61,4,Washington Commanders,Seattle Seahawks,14,10,90.9,9.1,176.0,52.0,228.0,343.0,44.0,387.0,game,Total,Under,,63.5,betfair,109,—,—,,24.0,,hit,,,,—,,
2026-09-27T20:12:49.904557+00:00,nfl,2026,3,401872955,4018729552421,2,0:03,Timeout #3 by WAS at 00:03.,4,2,SEA 39,61,4,Washington Commanders,Seattle Seahawks,14,10,90.9,9.1,176.0,52.0,228.0,343.0,44.0,387.0,game,ML,Seattle Seahawks,,,polymarket,733,—,—,,Loss,,miss,,,,—,,
2026-09-27T20:12:49.904557+00:00,nfl,2026,3,401872955,4018729552421,2,0:03,Timeout #3 by WAS at 00:03.,4,2,SEA 39,61,4,Washington Commanders,Seattle Seahawks,14,10,90.9,9.1,176.0,52.0,228.0,343.0,44.0,387.0,game,ML,Washington Commanders,,,kalshi,40844,—,—,,Win,,hit,,,,—,,
2026-09-27T20:12:49.904557+00:00,nfl,2026,3,401872955,4018729552432,2,0:00,"D.Stevens 57 yard field goal is GOOD, Center-T.Ott, Holder-T.Way.",4,2,SEA 39,61,7,Washington Commanders,Seattle Seahawks,17,10,90.9,9.1,176.0,52.0,228.0,343.0,44.0,387.0,game,Spread,Seattle Seahawks,,5.5,bet365,-105,—,—,,+7,,miss,,,,—,,
2026-09-27T20:12:49.904557+00:00,nfl,2026,3,401872955,4018729552432,2,0:00,"D.Stevens 57 yard field goal is GOOD, Center-T.Ott, Holder-T.Way.",4,2,SEA 39,61,7,Washington Commanders,Seattle Seahawks,17,10,90.9,9.1,176.0,52.0,228.0,343.0,44.0,387.0,game,Spread,Washington Commanders,,-5.5,bet365,-125,—,—,,+7,,hit,,,,—,,
2026-09-27T20:12:49.904557+00:00,nfl,2026,3,401872955,4018729552432,2,0:00,"D.Stevens 57 yard field goal is GOOD, Center-T.Ott, Holder-T.Way.",4,2,SEA 39,61,7,Washington Commanders,Seattle Seahawks,17,10,90.9,9.1,176.0,52.0,228.0,343.0,44.0,387.0,game,Total,Over,,63.5,bet365,-120,—,—,,27.0,,miss,,,,—,,
2026-09-27T20:12:49.904557+00:00,nfl,2026,3,401872955,4018729552432,2,0:00,"D.Stevens 57 yard field goal is GOOD, Center-T.Ott, Holder-T.Way.",4,2,SEA 39,61,7,Washington Commanders,Seattle Seahawks,17,10,90.9,9.1,176.0,52.0,228.0,343.0,44.0,387.0,game,Total,Under,,63.5,betfair,109,—,—,,27.0,,hit,,,,—,,
2026-09-27T20:12:49.904557+00:00,nfl,2026,3,401872955,4018729552432,2,0:00,"D.Stevens 57 yard field goal is GOOD, Center-T.Ott, Holder-T.Way.",4,2,SEA 39,61,7,Washington Commanders,Seattle Seahawks,17,10,90.9,9.1,176.0,52.0,228.0,343.0,44.0,387.0,game,ML,Seattle Seahawks,,,polymarket,733,—,—,,Loss,,miss,,,,—,,
2026-09-27T20:12:49.904557+00:00,nfl,2026,3,401872955,4018729552432,2,0:00,"D.Stevens 57 yard field goal is GOOD, Center-T.Ott, Holder-T.Way.",4,2,SEA 39,61,7,Washington Commanders,Seattle Seahawks,17,10,90.9,9.1,176.0,52.0,228.0,343.0,44.0,387.0,game,ML,Washington Commanders,,,kalshi,40844,—,—,,Win,,hit,,,,—,,
2026-09-27T20:12:49.904557+00:00,nfl,2026,3,401872955,4018729552459,2,0:00,END QUARTER 2,1,10,SEA 32,35,7,Washington Commanders,Seattle Seahawks,17,10,90.9,9.1,176.0,52.0,228.0,343.0,44.0,387.0,game,Spread,Seattle Seahawks,,5.5,bet365,-105,—,—,,+7,,miss,,,,—,,
2026-09-27T20:12:49.904557+00:00,nfl,2026,3,401872955,4018729552459,2,0:00,END QUARTER 2,1,10,SEA 32,35,7,Washington Commanders,Seattle Seahawks,17,10,90.9,9.1,176.0,52.0,228.0,343.0,44.0,387.0,game,Spread,Washington Commanders,,-5.5,bet365,-125,—,—,,+7,,hit,,,,—,,
2026-09-27T20:12:49.904557+00:00,nfl,2026,3,401872955,4018729552459,2,0:00,END QUARTER 2,1,10,SEA 32,35,7,Washington Commanders,Seattle Seahawks,17,10,90.9,9.1,176.0,52.0,228.0,343.0,44.0,387.0,game,Total,Over,,63.5,bet365,-120,—,—,,27.0,,miss,,,,—,,
2026-09-27T20:12:49.904557+00:00,nfl,2026,3,401872955,4018729552459,2,0:00,END QUARTER 2,1,10,SEA 32,35,7,Washington Commanders,Seattle Seahawks,17,10,90.9,9.1,176.0,52.0,228.0,343.0,44.0,387.0,game,Total,Under,,63.5,betfair,109,—,—,,27.0,,hit,,,,—,,
2026-09-27T20:12:49.904557+00:00,nfl,2026,3,401872955,4018729552459,2,0:00,END QUARTER 2,1,10,SEA 32,35,7,Washington Commanders,Seattle Seahawks,17,10,90.9,9.1,176.0,52.0,228.0,343.0,44.0,387.0,game,ML,Seattle Seahawks,,,polymarket,733,—,—,,Loss,,miss,,,,—,,
2026-09-27T20:12:49.904557+00:00,nfl,2026,3,401872955,4018729552459,2,0:00,END QUARTER 2,1,10,SEA 32,35,7,Washington Commanders,Seattle Seahawks,17,10,90.9,9.1,176.0,52.0,228.0,343.0,44.0,387.0,game,ML,Washington Commanders,,,kalshi,40844,—,—,,Win,,hit,,,,—,,
2026-09-27T20:12:49.904557+00:00,nfl,2026,3,401872955,4018729552477,3,15:00,J.Myers kicks 64 yards from SEA 35 to WAS 1. L.McCaffrey to WAS 34 for 33 yards (J.Neal).,1,10,SEA 32,65,7,Washington Commanders,Seattle Seahawks,17,10,90.9,9.1,176.0,52.0,228.0,343.0,44.0,387.0,game,Spread,Seattle Seahawks,,5.5,bet365,-105,—,—,,+7,,miss,,,,—,,
2026-09-27T20:12:49.904557+00:00,nfl,2026,3,401872955,4018729552477,3,15:00,J.Myers kicks 64 yards from SEA 35 to WAS 1. L.McCaffrey to WAS 34 for 33 yards (J.Neal).,1,10,SEA 32,65,7,Washington Commanders,Seattle Seahawks,17,10,90.9,9.1,176.0,52.0,228.0,343.0,44.0,387.0,game,Spread,Washington Commanders,,-5.5,bet365,-125,—,—,,+7,,hit,,,,—,,
2026-09-27T20:12:49.904557+00:00,nfl,2026,3,401872955,4018729552477,3,15:00,J.Myers kicks 64 yards from SEA 35 to WAS 1. L.McCaffrey to WAS 34 for 33 yards (J.Neal).,1,10,SEA 32,65,7,Washington Commanders,Seattle Seahawks,17,10,90.9,9.1,176.0,52.0,228.0,343.0,44.0,387.0,game,Total,Over,,63.5,bet365,-120,—,—,,27.0,,miss,,,,—,,
2026-09-27T20:12:49.904557+00:00,nfl,2026,3,401872955,4018729552477,3,15:00,J.Myers kicks 64 yards from SEA 35 to WAS 1. L.McCaffrey to WAS 34 for 33 yards (J.Neal).,1,10,SEA 32,65,7,Washington Commanders,Seattle Seahawks,17,10,90.9,9.1,176.0,52.0,228.0,343.0,44.0,387.0,game,Total,Under,,63.5,betfair,109,—,—,,27.0,,hit,,,,—,,
2026-09-27T20:12:49.904557+00:00,nfl,2026,3,401872955,4018729552477,3,15:00,J.Myers kicks 64 yards from SEA 35 to WAS 1. L.McCaffrey to WAS 34 for 33 yards (J.Neal).,1,10,SEA 32,65,7,Washington Commanders,Seattle Seahawks,17,10,90.9,9.1,176.0,52.0,228.0,343.0,44.0,387.0,game,ML,Seattle Seahawks,,,polymarket,733,—,—,,Loss,,miss,,,,—,,
2026-09-27T20:12:49.904557+00:00,nfl,2026,3,401872955,4018729552477,3,15:00,J.Myers kicks 64 yards from SEA 35 to WAS 1. L.McCaffrey to WAS 34 for 33 yards (J.Neal).,1,10,SEA 32,65,7,Washington Commanders,Seattle Seahawks,17,10,90.9,9.1,176.0,52.0,228.0,343.0,44.0,387.0,game,ML,Washington Commanders,,,kalshi,40844,—,—,,Win,,hit,,,,—,,
2026-09-27T20:12:49.904557+00:00,nfl,2026,3,401872955,4018729552510,3,14:54,(Shotgun) M.Mariota pass short right to S.Diggs to WAS 42 for 8 yards (D.Witherspoon). ** Injury Update: WAS-L.Patrick has returned to the game.,1,10,WSH 34,34,7,Washington Commanders,Seattle Seahawks,17,10,90.9,9.1,176.0,52.0,228.0,343.0,44.0,387.0,game,Spread,Seattle Seahawks,,5.5,bet365,-105,—,—,,+7,,miss,,,,—,,
2026-09-27T20:12:49.904557+00:00,nfl,2026,3,401872955,4018729552510,3,14:54,(Shotgun) M.Mariota pass short right to S.Diggs to WAS 42 for 8 yards (D.Witherspoon). ** Injury Update: WAS-L.Patrick has returned to the game.,1,10,WSH 34,34,7,Washington Commanders,Seattle Seahawks,17,10,90.9,9.1,176.0,52.0,228.0,343.0,44.0,387.0,game,Spread,Washington Commanders,,-5.5,bet365,-125,—,—,,+7,,hit,,,,—,,
2026-09-27T20:12:49.904557+00:00,nfl,2026,3,401872955,4018729552510,3,14:54,(Shotgun) M.Mariota pass short right to S.Diggs to WAS 42 for 8 yards (D.Witherspoon). ** Injury Update: WAS-L.Patrick has returned to the game.,1,10,WSH 34,34,7,Washington Commanders,Seattle Seahawks,17,10,90.9,9.1,176.0,52.0,228.0,343.0,44.0,387.0,game,Total,Over,,63.5,bet365,-120,—,—,,27.0,,miss,,,,—,,
2026-09-27T20:12:49.904557+00:00,nfl,2026,3,401872955,4018729552510,3,14:54,(Shotgun) M.Mariota pass short right to S.Diggs to WAS 42 for 8 yards (D.Witherspoon). ** Injury Update: WAS-L.Patrick has returned to the game.,1,10,WSH 34,34,7,Washington Commanders,Seattle Seahawks,17,10,90.9,9.1,176.0,52.0,228.0,343.0,44.0,387.0,game,Total,Under,,63.5,betfair,109,—,—,,27.0,,hit,,,,—,,
2026-09-27T20:12:49.904557+00:00,nfl,2026,3,401872955,4018729552510,3,14:54,(Shotgun) M.Mariota pass short right to S.Diggs to WAS 42 for 8 yards (D.Witherspoon). ** Injury Update: WAS-L.Patrick has returned to the game.,1,10,WSH 34,34,7,Washington Commanders,Seattle Seahawks,17,10,90.9,9.1,176.0,52.0,228.0,343.0,44.0,387.0,game,ML,Seattle Seahawks,,,polymarket,733,—,—,,Loss,,miss,,,,—,,
2026-09-27T20:12:49.904557+00:00,nfl,2026,3,401872955,4018729552510,3,14:54,(Shotgun) M.Mariota pass short right to S.Diggs to WAS 42 for 8 yards (D.Witherspoon). ** Injury Update: WAS-L.Patrick has returned to the game.,1,10,WSH 34,34,7,Washington Commanders,Seattle Seahawks,17,10,90.9,9.1,176.0,52.0,228.0,343.0,44.0,387.0,game,ML,Washington Commanders,,,kalshi,40844,—,—,,Win,,hit,,,,—,,
2026-09-27T20:12:49.904557+00:00,nfl,2026,3,401872955,4018729552535,3,14:16,J.Croskey-Merritt right tackle to WAS 42 for no gain (N.Emmanwori).,2,2,WSH 42,42,7,Washington Commanders,Seattle Seahawks,17,10,90.9,9.1,176.0,52.0,228.0,343.0,44.0,387.0,game,Spread,Seattle Seahawks,,5.5,bet365,-105,—,—,,+7,,miss,,,,—,,
2026-09-27T20:12:49.904557+00:00,nfl,2026,3,401872955,4018729552535,3,14:16,J.Croskey-Merritt right tackle to WAS 42 for no gain (N.Emmanwori).,2,2,WSH 42,42,7,Washington Commanders,Seattle Seahawks,17,10,90.9,9.1,176.0,52.0,228.0,343.0,44.0,387.0,game,Spread,Washington Commanders,,-5.5,bet365,-125,—,—,,+7,,hit,,,,—,,
2026-09-27T20:12:49.904557+00:00,nfl,2026,3,401872955,4018729552535,3,14:16,J.Croskey-Merritt right tackle to WAS 42 for no gain (N.Emmanwori).,2,2,WSH 42,42,7,Washington Commanders,Seattle Seahawks,17,10,90.9,9.1,176.0,52.0,228.0,343.0,44.0,387.0,game,Total,Over,,63.5,bet365,-120,—,—,,27.0,,miss,,,,—,,
2026-09-27T20:12:49.904557+00:00,nfl,2026,3,401872955,4018729552535,3,14:16,J.Croskey-Merritt right tackle to WAS 42 for no gain (N.Emmanwori).,2,2,WSH 42,42,7,Washington Commanders,Seattle Seahawks,17,10,90.9,9.1,176.0,52.0,228.0,343.0,44.0,387.0,game,Total,Under,,63.5,betfair,109,—,—,,27.0,,hit,,,,—,,
2026-09-27T20:12:49.904557+00:00,nfl,2026,3,401872955,4018729552535,3,14:16,J.Croskey-Merritt right tackle to WAS 42 for no gain (N.Emmanwori).,2,2,WSH 42,42,7,Washington Commanders,Seattle Seahawks,17,10,90.9,9.1,176.0,52.0,228.0,343.0,44.0,387.0,game,ML,Seattle Seahawks,,,polymarket,733,—,—,,Loss,,miss,,,,—,,
2026-09-27T20:12:49.904557+00:00,nfl,2026,3,401872955,4018729552535,3,14:16,J.Croskey-Merritt right tackle to WAS 42 for no gain (N.Emmanwori).,2,2,WSH 42,42,7,Washington Commanders,Seattle Seahawks,17,10,90.9,9.1,176.0,52.0,228.0,343.0,44.0,387.0,game,ML,Washington Commanders,,,kalshi,40844,—,—,,Win,,hit,,,,—,,
2026-09-27T20:12:49.904557+00:00,nfl,2026,3,401872955,4018729552557,3,13:37,(Shotgun) M.Mariota pass incomplete deep right to A.Williams (E.Jones).,3,2,WSH 42,42,7,Washington Commanders,Seattle Seahawks,17,10,90.9,9.1,176.0,52.0,228.0,343.0,44.0,387.0,game,Spread,Seattle Seahawks,,5.5,bet365,-105,—,—,,+7,,miss,,,,—,,
2026-09-27T20:12:49.904557+00:00,nfl,2026,3,401872955,4018729552557,3,13:37,(Shotgun) M.Mariota pass incomplete deep right to A.Williams (E.Jones).,3,2,WSH 42,42,7,Washington Commanders,Seattle Seahawks,17,10,90.9,9.1,176.0,52.0,228.0,343.0,44.0,387.0,game,Spread,Washington Commanders,,-5.5,bet365,-125,—,—,,+7,,hit,,,,—,,
2026-09-27T20:12:49.904557+00:00,nfl,2026,3,401872955,4018729552557,3,13:37,(Shotgun) M.Mariota pass incomplete deep right to A.Williams (E.Jones).,3,2,WSH 42,42,7,Washington Commanders,Seattle Seahawks,17,10,90.9,9.1,176.0,52.0,228.0,343.0,44.0,387.0,game,Total,Over,,63.5,bet365,-120,—,—,,27.0,,miss,,,,—,,
2026-09-27T20:12:49.904557+00:00,nfl,2026,3,401872955,4018729552557,3,13:37,(Shotgun) M.Mariota pass incomplete deep right to A.Williams (E.Jones).,3,2,WSH 42,42,7,Washington Commanders,Seattle Seahawks,17,10,90.9,9.1,176.0,52.0,228.0,343.0,44.0,387.0,game,Total,Under,,63.5,betfair,109,—,—,,27.0,,hit,,,,—,,
2026-09-27T20:12:49.904557+00:00,nfl,2026,3,401872955,4018729552557,3,13:37,(Shotgun) M.Mariota pass incomplete deep right to A.Williams (E.Jones).,3,2,WSH 42,42,7,Washington Commanders,Seattle Seahawks,17,10,90.9,9.1,176.0,52.0,228.0,343.0,44.0,387.0,game,ML,Seattle Seahawks,,,polymarket,733,—,—,,Loss,,miss,,,,—,,
2026-09-27T20:12:49.904557+00:00,nfl,2026,3,401872955,4018729552557,3,13:37,(Shotgun) M.Mariota pass incomplete deep right to A.Williams (E.Jones).,3,2,WSH 42,42,7,Washington Commanders,Seattle Seahawks,17,10,90.9,9.1,176.0,52.0,228.0,343.0,44.0,387.0,game,ML,Washington Commanders,,,kalshi,40844,—,—,,Win,,hit,,,,—,,
2026-09-27T20:12:49.904557+00:00,nfl,2026,3,401872955,4018729552583,3,13:30,"T.Way punts 40 yards to SEA 18, Center-T.Ott, fair catch by R.Shaheed.",4,2,WSH 42,42,7,Washington Commanders,Seattle Seahawks,17,10,90.9,9.1,176.0,52.0,228.0,343.0,44.0,387.0,game,Spread,Seattle Seahawks,,5.5,bet365,-105,—,—,,+7,,miss,,,,—,,
2026-09-27T20:12:49.904557+00:00,nfl,2026,3,401872955,4018729552583,3,13:30,"T.Way punts 40 yards to SEA 18, Center-T.Ott, fair catch by R.Shaheed.",4,2,WSH 42,42,7,Washington Commanders,Seattle Seahawks,17,10,90.9,9.1,176.0,52.0,228.0,343.0,44.0,387.0,game,Spread,Washington Commanders,,-5.5,bet365,-125,—,—,,+7,,hit,,,,—,,
2026-09-27T20:12:49.904557+00:00,nfl,2026,3,401872955,4018729552583,3,13:30,"T.Way punts 40 yards to SEA 18, Center-T.Ott, fair catch by R.Shaheed.",4,2,WSH 42,42,7,Washington Commanders,Seattle Seahawks,17,10,90.9,9.1,176.0,52.0,228.0,343.0,44.0,387.0,game,Total,Over,,63.5,bet365,-120,—,—,,27.0,,miss,,,,—,,
2026-09-27T20:12:49.904557+00:00,nfl,2026,3,401872955,4018729552583,3,13:30,"T.Way punts 40 yards to SEA 18, Center-T.Ott, fair catch by R.Shaheed.",4,2,WSH 42,42,7,Washington Commanders,Seattle Seahawks,17,10,90.9,9.1,176.0,52.0,228.0,343.0,44.0,387.0,game,Total,Under,,63.5,betfair,109,—,—,,27.0,,hit,,,,—,,
2026-09-27T20:12:49.904557+00:00,nfl,2026,3,401872955,4018729552583,3,13:30,"T.Way punts 40 yards to SEA 18, Center-T.Ott, fair catch by R.Shaheed.",4,2,WSH 42,42,7,Washington Commanders,Seattle Seahawks,17,10,90.9,9.1,176.0,52.0,228.0,343.0,44.0,387.0,game,ML,Seattle Seahawks,,,polymarket,733,—,—,,Loss,,miss,,,,—,,
2026-09-27T20:12:49.904557+00:00,nfl,2026,3,401872955,4018729552583,3,13:30,"T.Way punts 40 yards to SEA 18, Center-T.Ott, fair catch by R.Shaheed.",4,2,WSH 42,42,7,Washington Commanders,Seattle Seahawks,17,10,90.9,9.1,176.0,52.0,228.0,343.0,44.0,387.0,game,ML,Washington Commanders,,,kalshi,40844,—,—,,Win,,hit,,,,—,,
2026-09-27T20:12:49.904557+00:00,nfl,2026,3,401872955,4018729552593,3,13:24,Official Timeout at 13:24.,1,10,SEA 18,82,7,Washington Commanders,Seattle Seahawks,17,10,90.9,9.1,176.0,52.0,228.0,343.0,44.0,387.0,game,Spread,Seattle Seahawks,,5.5,bet365,-105,—,—,,+7,,miss,,,,—,,
2026-09-27T20:12:49.904557+00:00,nfl,2026,3,401872955,4018729552593,3,13:24,Official Timeout at 13:24.,1,10,SEA 18,82,7,Washington Commanders,Seattle Seahawks,17,10,90.9,9.1,176.0,52.0,228.0,343.0,44.0,387.0,game,Spread,Washington Commanders,,-5.5,bet365,-125,—,—,,+7,,hit,,,,—,,
2026-09-27T20:12:49.904557+00:00,nfl,2026,3,401872955,4018729552593,3,13:24,Official Timeout at 13:24.,1,10,SEA 18,82,7,Washington Commanders,Seattle Seahawks,17,10,90.9,9.1,176.0,52.0,228.0,343.0,44.0,387.0,game,Total,Over,,63.5,bet365,-120,—,—,,27.0,,miss,,,,—,,
2026-09-27T20:12:49.904557+00:00,nfl,2026,3,401872955,4018729552593,3,13:24,Official Timeout at 13:24.,1,10,SEA 18,82,7,Washington Commanders,Seattle Seahawks,17,10,90.9,9.1,176.0,52.0,228.0,343.0,44.0,387.0,game,Total,Under,,63.5,betfair,109,—,—,,27.0,,hit,,,,—,,
2026-09-27T20:12:49.904557+00:00,nfl,2026,3,401872955,4018729552593,3,13:24,Official Timeout at 13:24.,1,10,SEA 18,82,7,Washington Commanders,Seattle Seahawks,17,10,90.9,9.1,176.0,52.0,228.0,343.0,44.0,387.0,game,ML,Seattle Seahawks,,,polymarket,733,—,—,,Loss,,miss,,,,—,,
2026-09-27T20:12:49.904557+00:00,nfl,2026,3,401872955,4018729552593,3,13:24,Official Timeout at 13:24.,1,10,SEA 18,82,7,Washington Commanders,Seattle Seahawks,17,10,90.9,9.1,176.0,52.0,228.0,343.0,44.0,387.0,game,ML,Washington Commanders,,,kalshi,40844,—,—,,Win,,hit,,,,—,,
2026-09-27T20:12:49.904557+00:00,nfl,2026,3,401872955,4018729552603,3,13:24,S.Darnold pass short left to J.Price to SEA 25 for 7 yards (K.Medrano).,1,10,SEA 18,82,7,Washington Commanders,Seattle Seahawks,17,10,90.9,9.1,176.0,52.0,228.0,343.0,44.0,387.0,game,Spread,Seattle Seahawks,,5.5,bet365,-105,—,—,,+7,,miss,,,,—,,
2026-09-27T20:12:49.904557+00:00,nfl,2026,3,401872955,4018729552603,3,13:24,S.Darnold pass short left to J.Price to SEA 25 for 7 yards (K.Medrano).,1,10,SEA 18,82,7,Washington Commanders,Seattle Seahawks,17,10,90.9,9.1,176.0,52.0,228.0,343.0,44.0,387.0,game,Spread,Washington Commanders,,-5.5,bet365,-125,—,—,,+7,,hit,,,,—,,
2026-09-27T20:12:49.904557+00:00,nfl,2026,3,401872955,4018729552603,3,13:24,S.Darnold pass short left to J.Price to SEA 25 for 7 yards (K.Medrano).,1,10,SEA 18,82,7,Washington Commanders,Seattle Seahawks,17,10,90.9,9.1,176.0,52.0,228.0,343.0,44.0,387.0,game,Total,Over,,63.5,bet365,-120,—,—,,27.0,,miss,,,,—,,
2026-09-27T20:12:49.904557+00:00,nfl,2026,3,401872955,4018729552603,3,13:24,S.Darnold pass short left to J.Price to SEA 25 for 7 yards (K.Medrano).,1,10,SEA 18,82,7,Washington Commanders,Seattle Seahawks,17,10,90.9,9.1,176.0,52.0,228.0,343.0,44.0,387.0,game,Total,Under,,63.5,betfair,109,—,—,,27.0,,hit,,,,—,,
2026-09-27T20:12:49.904557+00:00,nfl,2026,3,401872955,4018729552603,3,13:24,S.Darnold pass short left to J.Price to SEA 25 for 7 yards (K.Medrano).,1,10,SEA 18,82,7,Washington Commanders,Seattle Seahawks,17,10,90.9,9.1,176.0,52.0,228.0,343.0,44.0,387.0,game,ML,Seattle Seahawks,,,polymarket,733,—,—,,Loss,,miss,,,,—,,
2026-09-27T20:12:49.904557+00:00,nfl,2026,3,401872955,4018729552603,3,13:24,S.Darnold pass short left to J.Price to SEA 25 for 7 yards (K.Medrano).,1,10,SEA 18,82,7,Washington Commanders,Seattle Seahawks,17,10,90.9,9.1,176.0,52.0,228.0,343.0,44.0,387.0,game,ML,Washington Commanders,,,kalshi,40844,—,—,,Win,,hit,,,,—,,
2026-09-27T20:12:49.904557+00:00,nfl,2026,3,401872955,4018729552635,3,12:49,J.Price right end pushed ob at SEA 32 for 7 yards (P.Butler).,2,3,SEA 25,75,7,Washington Commanders,Seattle Seahawks,17,10,90.9,9.1,176.0,52.0,228.0,343.0,44.0,387.0,game,Spread,Seattle Seahawks,,5.5,bet365,-105,—,—,,+7,,miss,,,,—,,
2026-09-27T20:12:49.904557+00:00,nfl,2026,3,401872955,4018729552635,3,12:49,J.Price right end pushed ob at SEA 32 for 7 yards (P.Butler).,2,3,SEA 25,75,7,Washington Commanders,Seattle Seahawks,17,10,90.9,9.1,176.0,52.0,228.0,343.0,44.0,387.0,game,Spread,Washington Commanders,,-5.5,bet365,-125,—,—,,+7,,hit,,,,—,,
2026-09-27T20:12:49.904557+00:00,nfl,2026,3,401872955,4018729552635,3,12:49,J.Price right end pushed ob at SEA 32 for 7 yards (P.Butler).,2,3,SEA 25,75,7,Washington Commanders,Seattle Seahawks,17,10,90.9,9.1,176.0,52.0,228.0,343.0,44.0,387.0,game,Total,Over,,63.5,bet365,-120,—,—,,27.0,,miss,,,,—,,
2026-09-27T20:12:49.904557+00:00,nfl,2026,3,401872955,4018729552635,3,12:49,J.Price right end pushed ob at SEA 32 for 7 yards (P.Butler).,2,3,SEA 25,75,7,Washington Commanders,Seattle Seahawks,17,10,90.9,9.1,176.0,52.0,228.0,343.0,44.0,387.0,game,Total,Under,,63.5,betfair,109,—,—,,27.0,,hit,,,,—,,
2026-09-27T20:12:49.904557+00:00,nfl,2026,3,401872955,4018729552635,3,12:49,J.Price right end pushed ob at SEA 32 for 7 yards (P.Butler).,2,3,SEA 25,75,7,Washington Commanders,Seattle Seahawks,17,10,90.9,9.1,176.0,52.0,228.0,343.0,44.0,387.0,game,ML,Seattle Seahawks,,,polymarket,733,—,—,,Loss,,miss,,,,—,,
2026-09-27T20:12:49.904557+00:00,nfl,2026,3,401872955,4018729552635,3,12:49,J.Price right end pushed ob at SEA 32 for 7 yards (P.Butler).,2,3,SEA 25,75,7,Washington Commanders,Seattle Seahawks,17,10,90.9,9.1,176.0,52.0,228.0,343.0,44.0,387.0,game,ML,Washington Commanders,,,kalshi,40844,—,—,,Win,,hit,,,,—,,
2026-09-27T20:12:49.904557+00:00,nfl,2026,3,401872955,4018729552662,3,12:10,(Shotgun) S.Darnold pass short left intended for J.Smith-Njigba INTERCEPTED by S.Styles (T.Settle) at SEA 42. S.Styles to SEA 43 for -1 yards (G.Holani).,1,10,SEA 32,68,7,Washington Commanders,Seattle Seahawks,17,10,90.9,9.1,176.0,52.0,228.0,343.0,44.0,387.0,game,Spread,Seattle Seahawks,,-3.5,novig,589,—,—,,+7,,miss,,,,—,,
2026-09-27T20:12:49.904557+00:00,nfl,2026,3,401872955,4018729552662,3,12:10,(Shotgun) S.Darnold pass short left intended for J.Smith-Njigba INTERCEPTED by S.Styles (T.Settle) at SEA 42. S.Styles to SEA 43 for -1 yards (G.Holani).,1,10,SEA 32,68,7,Washington Commanders,Seattle Seahawks,17,10,90.9,9.1,176.0,52.0,228.0,343.0,44.0,387.0,game,Spread,Seattle Seahawks,,3.5,novig,589,—,—,,+7,,hit,,,,—,,
2026-09-27T20:12:49.904557+00:00,nfl,2026,3,401872955,4018729552662,3,12:10,(Shotgun) S.Darnold pass short left intended for J.Smith-Njigba INTERCEPTED by S.Styles (T.Settle) at SEA 42. S.Styles to SEA 43 for -1 yards (G.Holani).,1,10,SEA 32,68,7,Washington Commanders,Seattle Seahawks,17,10,90.9,9.1,176.0,52.0,228.0,343.0,44.0,387.0,game,Total,Over,,58.5,kalshi,-810,—,—,,27.0,,miss,,,,—,,
2026-09-27T20:12:49.904557+00:00,nfl,2026,3,401872955,4018729552662,3,12:10,(Shotgun) S.Darnold pass short left intended for J.Smith-Njigba INTERCEPTED by S.Styles (T.Settle) at SEA 42. S.Styles to SEA 43 for -1 yards (G.Holani).,1,10,SEA 32,68,7,Washington Commanders,Seattle Seahawks,17,10,90.9,9.1,176.0,52.0,228.0,343.0,44.0,387.0,game,Total,Under,,58.5,kalshi,316,—,—,,27.0,,hit,,,,—,,
2026-09-27T20:12:49.904557+00:00,nfl,2026,3,401872955,4018729552662,3,12:10,(Shotgun) S.Darnold pass short left intended for J.Smith-Njigba INTERCEPTED by S.Styles (T.Settle) at SEA 42. S.Styles to SEA 43 for -1 yards (G.Holani).,1,10,SEA 32,68,7,Washington Commanders,Seattle Seahawks,17,10,90.9,9.1,176.0,52.0,228.0,343.0,44.0,387.0,game,ML,Seattle Seahawks,,,polymarket,900,—,—,,Loss,,miss,,,,—,,
2026-09-27T20:12:49.904557+00:00,nfl,2026,3,401872955,4018729552662,3,12:10,(Shotgun) S.Darnold pass short left intended for J.Smith-Njigba INTERCEPTED by S.Styles (T.Settle) at SEA 42. S.Styles to SEA 43 for -1 yards (G.Holani).,1,10,SEA 32,68,7,Washington Commanders,Seattle Seahawks,17,10,90.9,9.1,176.0,52.0,228.0,343.0,44.0,387.0,game,ML,Washington Commanders,,,polymarketus,-953,—,—,,Win,,hit,,,,—,,
2026-09-27T20:12:49.904557+00:00,nfl,2026,3,401872955,4018729552689,3,12:02,(Shotgun) M.Mariota pass short left to S.Diggs to SEA 32 for 11 yards (D.Thomas).,1,10,SEA 43,57,7,Washington Commanders,Seattle Seahawks,17,10,90.9,9.1,176.0,52.0,228.0,343.0,44.0,387.0,game,Spread,Seattle Seahawks,,-3.5,novig,589,—,—,,+7,,miss,,,,—,,
2026-09-27T20:12:49.904557+00:00,nfl,2026,3,401872955,4018729552689,3,12:02,(Shotgun) M.Mariota pass short left to S.Diggs to SEA 32 for 11 yards (D.Thomas).,1,10,SEA 43,57,7,Washington Commanders,Seattle Seahawks,17,10,90.9,9.1,176.0,52.0,228.0,343.0,44.0,387.0,game,Spread,Seattle Seahawks,,3.5,novig,589,—,—,,+7,,hit,,,,—,,
2026-09-27T20:12:49.904557+00:00,nfl,2026,3,401872955,4018729552689,3,12:02,(Shotgun) M.Mariota pass short left to S.Diggs to SEA 32 for 11 yards (D.Thomas).,1,10,SEA 43,57,7,Washington Commanders,Seattle Seahawks,17,10,90.9,9.1,176.0,52.0,228.0,343.0,44.0,387.0,game,Total,Over,,58.5,kalshi,-810,—,—,,27.0,,miss,,,,—,,
2026-09-27T20:12:49.904557+00:00,nfl,2026,3,401872955,4018729552689,3,12:02,(Shotgun) M.Mariota pass short left to S.Diggs to SEA 32 for 11 yards (D.Thomas).,1,10,SEA 43,57,7,Washington Commanders,Seattle Seahawks,17,10,90.9,9.1,176.0,52.0,228.0,343.0,44.0,387.0,game,Total,Under,,58.5,kalshi,316,—,—,,27.0,,hit,,,,—,,
2026-09-27T20:12:49.904557+00:00,nfl,2026,3,401872955,4018729552689,3,12:02,(Shotgun) M.Mariota pass short left to S.Diggs to SEA 32 for 11 yards (D.Thomas).,1,10,SEA 43,57,7,Washington Commanders,Seattle Seahawks,17,10,90.9,9.1,176.0,52.0,228.0,343.0,44.0,387.0,game,ML,Seattle Seahawks,,,polymarket,900,—,—,,Loss,,miss,,,,—,,
2026-09-27T20:12:49.904557+00:00,nfl,2026,3,401872955,4018729552689,3,12:02,(Shotgun) M.Mariota pass short left to S.Diggs to SEA 32 for 11 yards (D.Thomas).,1,10,SEA 43,57,7,Washington Commanders,Seattle Seahawks,17,10,90.9,9.1,176.0,52.0,228.0,343.0,44.0,387.0,game,ML,Washington Commanders,,,polymarketus,-953,—,—,,Win,,hit,,,,—,,
2026-09-27T20:12:49.904557+00:00,nfl,2026,3,401872955,4018729552714,3,11:27,(No Huddle) M.Mariota pass short left to T.Burks to SEA 30 for 2 yards (A.Finley).,1,10,SEA 32,68,7,Washington Commanders,Seattle Seahawks,17,10,90.9,9.1,176.0,52.0,228.0,343.0,44.0,387.0,game,Spread,Seattle Seahawks,,-3.5,novig,589,—,—,,+7,,miss,,,,—,,
2026-09-27T20:12:49.904557+00:00,nfl,2026,3,401872955,4018729552714,3,11:27,(No Huddle) M.Mariota pass short left to T.Burks to SEA 30 for 2 yards (A.Finley).,1,10,SEA 32,68,7,Washington Commanders,Seattle Seahawks,17,10,90.9,9.1,176.0,52.0,228.0,343.0,44.0,387.0,game,Spread,Seattle Seahawks,,3.5,novig,589,—,—,,+7,,hit,,,,—,,
2026-09-27T20:12:49.904557+00:00,nfl,2026,3,401872955,4018729552714,3,11:27,(No Huddle) M.Mariota pass short left to T.Burks to SEA 30 for 2 yards (A.Finley).,1,10,SEA 32,68,7,Washington Commanders,Seattle Seahawks,17,10,90.9,9.1,176.0,52.0,228.0,343.0,44.0,387.0,game,Total,Over,,58.5,kalshi,-810,—,—,,27.0,,miss,,,,—,,
2026-09-27T20:12:49.904557+00:00,nfl,2026,3,401872955,4018729552714,3,11:27,(No Huddle) M.Mariota pass short left to T.Burks to SEA 30 for 2 yards (A.Finley).,1,10,SEA 32,68,7,Washington Commanders,Seattle Seahawks,17,10,90.9,9.1,176.0,52.0,228.0,343.0,44.0,387.0,game,Total,Under,,58.5,kalshi,316,—,—,,27.0,,hit,,,,—,,
2026-09-27T20:12:49.904557+00:00,nfl,2026,3,401872955,4018729552714,3,11:27,(No Huddle) M.Mariota pass short left to T.Burks to SEA 30 for 2 yards (A.Finley).,1,10,SEA 32,68,7,Washington Commanders,Seattle Seahawks,17,10,90.9,9.1,176.0,52.0,228.0,343.0,44.0,387.0,game,ML,Seattle Seahawks,,,polymarket,900,—,—,,Loss,,miss,,,,—,,
2026-09-27T20:12:49.904557+00:00,nfl,2026,3,401872955,4018729552714,3,11:27,(No Huddle) M.Mariota pass short left to T.Burks to SEA 30 for 2 yards (A.Finley).,1,10,SEA 32,68,7,Washington Commanders,Seattle Seahawks,17,10,90.9,9.1,176.0,52.0,228.0,343.0,44.0,387.0,game,ML,Washington Commanders,,,polymarketus,-953,—,—,,Win,,hit,,,,—,,
2026-09-27T20:12:49.904557+00:00,nfl,2026,3,401872955,4018729552773,3,10:43,Official Timeout at 10:43.,-1,10,SEA 15,85,14,Washington Commanders,Seattle Seahawks,24,10,90.9,9.1,176.0,52.0,228.0,343.0,44.0,387.0,game,Spread,Seattle Seahawks,,-3.5,novig,589,—,—,,+14,,miss,,,,—,,
2026-09-27T20:12:49.904557+00:00,nfl,2026,3,401872955,4018729552773,3,10:43,Official Timeout at 10:43.,-1,10,SEA 15,85,14,Washington Commanders,Seattle Seahawks,24,10,90.9,9.1,176.0,52.0,228.0,343.0,44.0,387.0,game,Spread,Seattle Seahawks,,3.5,novig,589,—,—,,+14,,hit,,,,—,,
2026-09-27T20:12:49.904557+00:00,nfl,2026,3,401872955,4018729552773,3,10:43,Official Timeout at 10:43.,-1,10,SEA 15,85,14,Washington Commanders,Seattle Seahawks,24,10,90.9,9.1,176.0,52.0,228.0,343.0,44.0,387.0,game,Total,Over,,58.5,kalshi,-810,—,—,,34.0,,miss,,,,—,,
2026-09-27T20:12:49.904557+00:00,nfl,2026,3,401872955,4018729552773,3,10:43,Official Timeout at 10:43.,-1,10,SEA 15,85,14,Washington Commanders,Seattle Seahawks,24,10,90.9,9.1,176.0,52.0,228.0,343.0,44.0,387.0,game,Total,Under,,58.5,kalshi,316,—,—,,34.0,,hit,,,,—,,
2026-09-27T20:12:49.904557+00:00,nfl,2026,3,401872955,4018729552773,3,10:43,Official Timeout at 10:43.,-1,10,SEA 15,85,14,Washington Commanders,Seattle Seahawks,24,10,90.9,9.1,176.0,52.0,228.0,343.0,44.0,387.0,game,ML,Seattle Seahawks,,,polymarket,900,—,—,,Loss,,miss,,,,—,,
2026-09-27T20:12:49.904557+00:00,nfl,2026,3,401872955,4018729552773,3,10:43,Official Timeout at 10:43.,-1,10,SEA 15,85,14,Washington Commanders,Seattle Seahawks,24,10,90.9,9.1,176.0,52.0,228.0,343.0,44.0,387.0,game,ML,Washington Commanders,,,polymarketus,-953,—,—,,Win,,hit,,,,—,,
2026-09-27T20:12:49.904557+00:00,nfl,2026,3,401872955,4018729552739,3,10:43,"(Shotgun) M.Mariota pass deep left to T.McLaurin for 30 yards, TOUCHDOWN. D.Stevens extra point is GOOD, Center-T.Ott, Holder-T.Way.",2,8,SEA 30,70,14,Washington Commanders,Seattle Seahawks,24,10,90.9,9.1,176.0,52.0,228.0,343.0,44.0,387.0,game,Spread,Seattle Seahawks,,-3.5,novig,589,—,—,,+14,,miss,,,,—,,
2026-09-27T20:12:49.904557+00:00,nfl,2026,3,401872955,4018729552739,3,10:43,"(Shotgun) M.Mariota pass deep left to T.McLaurin for 30 yards, TOUCHDOWN. D.Stevens extra point is GOOD, Center-T.Ott, Holder-T.Way.",2,8,SEA 30,70,14,Washington Commanders,Seattle Seahawks,24,10,90.9,9.1,176.0,52.0,228.0,343.0,44.0,387.0,game,Spread,Seattle Seahawks,,3.5,novig,589,—,—,,+14,,hit,,,,—,,
2026-09-27T20:12:49.904557+00:00,nfl,2026,3,401872955,4018729552739,3,10:43,"(Shotgun) M.Mariota pass deep left to T.McLaurin for 30 yards, TOUCHDOWN. D.Stevens extra point is GOOD, Center-T.Ott, Holder-T.Way.",2,8,SEA 30,70,14,Washington Commanders,Seattle Seahawks,24,10,90.9,9.1,176.0,52.0,228.0,343.0,44.0,387.0,game,Total,Over,,58.5,kalshi,-810,—,—,,34.0,,miss,,,,—,,
2026-09-27T20:12:49.904557+00:00,nfl,2026,3,401872955,4018729552739,3,10:43,"(Shotgun) M.Mariota pass deep left to T.McLaurin for 30 yards, TOUCHDOWN. D.Stevens extra point is GOOD, Center-T.Ott, Holder-T.Way.",2,8,SEA 30,70,14,Washington Commanders,Seattle Seahawks,24,10,90.9,9.1,176.0,52.0,228.0,343.0,44.0,387.0,game,Total,Under,,58.5,kalshi,316,—,—,,34.0,,hit,,,,—,,
2026-09-27T20:12:49.904557+00:00,nfl,2026,3,401872955,4018729552739,3,10:43,"(Shotgun) M.Mariota pass deep left to T.McLaurin for 30 yards, TOUCHDOWN. D.Stevens extra point is GOOD, Center-T.Ott, Holder-T.Way.",2,8,SEA 30,70,14,Washington Commanders,Seattle Seahawks,24,10,90.9,9.1,176.0,52.0,228.0,343.0,44.0,387.0,game,ML,Seattle Seahawks,,,polymarket,900,—,—,,Loss,,miss,,,,—,,
2026-09-27T20:12:49.904557+00:00,nfl,2026,3,401872955,4018729552739,3,10:43,"(Shotgun) M.Mariota pass deep left to T.McLaurin for 30 yards, TOUCHDOWN. D.Stevens extra point is GOOD, Center-T.Ott, Holder-T.Way.",2,8,SEA 30,70,14,Washington Commanders,Seattle Seahawks,24,10,90.9,9.1,176.0,52.0,228.0,343.0,44.0,387.0,game,ML,Washington Commanders,,,polymarketus,-953,—,—,,Win,,hit,,,,—,,
2026-09-27T20:12:49.904557+00:00,nfl,2026,3,401872955,4018729552780,3,10:43,"D.Stevens kicks 61 yards from WAS 35 to SEA 4, out of bounds.PENALTY on WAS-D.Stevens, Kickoff Out of Bounds, placed at SEA 40.",1,10,SEA 32,35,14,Washington Commanders,Seattle Seahawks,24,10,90.9,9.1,176.0,52.0,228.0,343.0,44.0,387.0,game,Spread,Seattle Seahawks,,-3.5,novig,589,—,—,,+14,,miss,,,,—,,
2026-09-27T20:12:49.904557+00:00,nfl,2026,3,401872955,4018729552780,3,10:43,"D.Stevens kicks 61 yards from WAS 35 to SEA 4, out of bounds.PENALTY on WAS-D.Stevens, Kickoff Out of Bounds, placed at SEA 40.",1,10,SEA 32,35,14,Washington Commanders,Seattle Seahawks,24,10,90.9,9.1,176.0,52.0,228.0,343.0,44.0,387.0,game,Spread,Seattle Seahawks,,3.5,novig,589,—,—,,+14,,hit,,,,—,,
2026-09-27T20:12:49.904557+00:00,nfl,2026,3,401872955,4018729552780,3,10:43,"D.Stevens kicks 61 yards from WAS 35 to SEA 4, out of bounds.PENALTY on WAS-D.Stevens, Kickoff Out of Bounds, placed at SEA 40.",1,10,SEA 32,35,14,Washington Commanders,Seattle Seahawks,24,10,90.9,9.1,176.0,52.0,228.0,343.0,44.0,387.0,game,Total,Over,,58.5,kalshi,-810,—,—,,34.0,,miss,,,,—,,
2026-09-27T20:12:49.904557+00:00,nfl,2026,3,401872955,4018729552780,3,10:43,"D.Stevens kicks 61 yards from WAS 35 to SEA 4, out of bounds.PENALTY on WAS-D.Stevens, Kickoff Out of Bounds, placed at SEA 40.",1,10,SEA 32,35,14,Washington Commanders,Seattle Seahawks,24,10,90.9,9.1,176.0,52.0,228.0,343.0,44.0,387.0,game,Total,Under,,58.5,kalshi,316,—,—,,34.0,,hit,,,,—,,
2026-09-27T20:12:49.904557+00:00,nfl,2026,3,401872955,4018729552780,3,10:43,"D.Stevens kicks 61 yards from WAS 35 to SEA 4, out of bounds.PENALTY on WAS-D.Stevens, Kickoff Out of Bounds, placed at SEA 40.",1,10,SEA 32,35,14,Washington Commanders,Seattle Seahawks,24,10,90.9,9.1,176.0,52.0,228.0,343.0,44.0,387.0,game,ML,Seattle Seahawks,,,polymarket,900,—,—,,Loss,,miss,,,,—,,
2026-09-27T20:12:49.904557+00:00,nfl,2026,3,401872955,4018729552780,3,10:43,"D.Stevens kicks 61 yards from WAS 35 to SEA 4, out of bounds.PENALTY on WAS-D.Stevens, Kickoff Out of Bounds, placed at SEA 40.",1,10,SEA 32,35,14,Washington Commanders,Seattle Seahawks,24,10,90.9,9.1,176.0,52.0,228.0,343.0,44.0,387.0,game,ML,Washington Commanders,,,polymarketus,-953,—,—,,Win,,hit,,,,—,,
2026-09-27T20:12:49.904557+00:00,nfl,2026,3,401872955,4018729552814,3,10:43,(Shotgun) E.Wilson left guard to SEA 41 for 1 yard (K.Medrano; J.Josephs).,1,10,SEA 40,60,14,Washington Commanders,Seattle Seahawks,24,10,90.9,9.1,176.0,52.0,228.0,343.0,44.0,387.0,game,Spread,Seattle Seahawks,,-3.5,novig,589,—,—,,+14,,miss,,,,—,,
2026-09-27T20:12:49.904557+00:00,nfl,2026,3,401872955,4018729552814,3,10:43,(Shotgun) E.Wilson left guard to SEA 41 for 1 yard (K.Medrano; J.Josephs).,1,10,SEA 40,60,14,Washington Commanders,Seattle Seahawks,24,10,90.9,9.1,176.0,52.0,228.0,343.0,44.0,387.0,game,Spread,Seattle Seahawks,,3.5,novig,589,—,—,,+14,,hit,,,,—,,
2026-09-27T20:12:49.904557+00:00,nfl,2026,3,401872955,4018729552814,3,10:43,(Shotgun) E.Wilson left guard to SEA 41 for 1 yard (K.Medrano; J.Josephs).,1,10,SEA 40,60,14,Washington Commanders,Seattle Seahawks,24,10,90.9,9.1,176.0,52.0,228.0,343.0,44.0,387.0,game,Total,Over,,58.5,kalshi,-810,—,—,,34.0,,miss,,,,—,,
2026-09-27T20:12:49.904557+00:00,nfl,2026,3,401872955,4018729552814,3,10:43,(Shotgun) E.Wilson left guard to SEA 41 for 1 yard (K.Medrano; J.Josephs).,1,10,SEA 40,60,14,Washington Commanders,Seattle Seahawks,24,10,90.9,9.1,176.0,52.0,228.0,343.0,44.0,387.0,game,Total,Under,,58.5,kalshi,316,—,—,,34.0,,hit,,,,—,,
2026-09-27T20:12:49.904557+00:00,nfl,2026,3,401872955,4018729552814,3,10:43,(Shotgun) E.Wilson left guard to SEA 41 for 1 yard (K.Medrano; J.Josephs).,1,10,SEA 40,60,14,Washington Commanders,Seattle Seahawks,24,10,90.9,9.1,176.0,52.0,228.0,343.0,44.0,387.0,game,ML,Seattle Seahawks,,,polymarket,900,—,—,,Loss,,miss,,,,—,,
2026-09-27T20:12:49.904557+00:00,nfl,2026,3,401872955,4018729552814,3,10:43,(Shotgun) E.Wilson left guard to SEA 41 for 1 yard (K.Medrano; J.Josephs).,1,10,SEA 40,60,14,Washington Commanders,Seattle Seahawks,24,10,90.9,9.1,176.0,52.0,228.0,343.0,44.0,387.0,game,ML,Washington Commanders,,,polymarketus,-953,—,—,,Win,,hit,,,,—,,
2026-09-27T20:12:49.904557+00:00,nfl,2026,3,401872955,4018729552836,3,10:07,S.Darnold pass short middle to A.Barner to SEA 46 for 5 yards (K.Medrano).,2,9,SEA 41,59,14,Washington Commanders,Seattle Seahawks,24,10,90.9,9.1,176.0,52.0,228.0,343.0,44.0,387.0,game,Spread,Seattle Seahawks,,-3.5,novig,589,—,—,,+14,,miss,,,,—,,
2026-09-27T20:12:49.904557+00:00,nfl,2026,3,401872955,4018729552836,3,10:07,S.Darnold pass short middle to A.Barner to SEA 46 for 5 yards (K.Medrano).,2,9,SEA 41,59,14,Washington Commanders,Seattle Seahawks,24,10,90.9,9.1,176.0,52.0,228.0,343.0,44.0,387.0,game,Spread,Seattle Seahawks,,3.5,novig,589,—,—,,+14,,hit,,,,—,,
2026-09-27T20:12:49.904557+00:00,nfl,2026,3,401872955,4018729552836,3,10:07,S.Darnold pass short middle to A.Barner to SEA 46 for 5 yards (K.Medrano).,2,9,SEA 41,59,14,Washington Commanders,Seattle Seahawks,24,10,90.9,9.1,176.0,52.0,228.0,343.0,44.0,387.0,game,Total,Over,,58.5,kalshi,-810,—,—,,34.0,,miss,,,,—,,
2026-09-27T20:12:49.904557+00:00,nfl,2026,3,401872955,4018729552836,3,10:07,S.Darnold pass short middle to A.Barner to SEA 46 for 5 yards (K.Medrano).,2,9,SEA 41,59,14,Washington Commanders,Seattle Seahawks,24,10,90.9,9.1,176.0,52.0,228.0,343.0,44.0,387.0,game,Total,Under,,58.5,kalshi,316,—,—,,34.0,,hit,,,,—,,
2026-09-27T20:12:49.904557+00:00,nfl,2026,3,401872955,4018729552836,3,10:07,S.Darnold pass short middle to A.Barner to SEA 46 for 5 yards (K.Medrano).,2,9,SEA 41,59,14,Washington Commanders,Seattle Seahawks,24,10,90.9,9.1,176.0,52.0,228.0,343.0,44.0,387.0,game,ML,Seattle Seahawks,,,polymarket,900,—,—,,Loss,,miss,,,,—,,
2026-09-27T20:12:49.904557+00:00,nfl,2026,3,401872955,4018729552836,3,10:07,S.Darnold pass short middle to A.Barner to SEA 46 for 5 yards (K.Medrano).,2,9,SEA 41,59,14,Washington Commanders,Seattle Seahawks,24,10,90.9,9.1,176.0,52.0,228.0,343.0,44.0,387.0,game,ML,Washington Commanders,,,polymarketus,-953,—,—,,Win,,hit,,,,—,,
2026-09-27T20:12:49.904557+00:00,nfl,2026,3,401872955,4018729552861,3,9:25,"(Shotgun) S.Darnold scrambles right end pushed ob at WAS 49 for 5 yards (D.Armstrong).PENALTY on WAS-M.Sainristil, Defensive Holding, 5 yards, enforced at WAS 49.",3,4,SEA 46,54,14,Washington Commanders,Seattle Seahawks,24,10,90.9,9.1,176.0,52.0,228.0,343.0,44.0,387.0,game,Spread,Seattle Seahawks,,-3.5,novig,589,—,—,,+14,,miss,,,,—,,
2026-09-27T20:12:49.904557+00:00,nfl,2026,3,401872955,4018729552861,3,9:25,"(Shotgun) S.Darnold scrambles right end pushed ob at WAS 49 for 5 yards (D.Armstrong).PENALTY on WAS-M.Sainristil, Defensive Holding, 5 yards, enforced at WAS 49.",3,4,SEA 46,54,14,Washington Commanders,Seattle Seahawks,24,10,90.9,9.1,176.0,52.0,228.0,343.0,44.0,387.0,game,Spread,Seattle Seahawks,,3.5,novig,589,—,—,,+14,,hit,,,,—,,
2026-09-27T20:12:49.904557+00:00,nfl,2026,3,401872955,4018729552861,3,9:25,"(Shotgun) S.Darnold scrambles right end pushed ob at WAS 49 for 5 yards (D.Armstrong).PENALTY on WAS-M.Sainristil, Defensive Holding, 5 yards, enforced at WAS 49.",3,4,SEA 46,54,14,Washington Commanders,Seattle Seahawks,24,10,90.9,9.1,176.0,52.0,228.0,343.0,44.0,387.0,game,Total,Over,,58.5,kalshi,-810,—,—,,34.0,,miss,,,,—,,
2026-09-27T20:12:49.904557+00:00,nfl,2026,3,401872955,4018729552861,3,9:25,"(Shotgun) S.Darnold scrambles right end pushed ob at WAS 49 for 5 yards (D.Armstrong).PENALTY on WAS-M.Sainristil, Defensive Holding, 5 yards, enforced at WAS 49.",3,4,SEA 46,54,14,Washington Commanders,Seattle Seahawks,24,10,90.9,9.1,176.0,52.0,228.0,343.0,44.0,387.0,game,Total,Under,,58.5,kalshi,316,—,—,,34.0,,hit,,,,—,,
2026-09-27T20:12:49.904557+00:00,nfl,2026,3,401872955,4018729552861,3,9:25,"(Shotgun) S.Darnold scrambles right end pushed ob at WAS 49 for 5 yards (D.Armstrong).PENALTY on WAS-M.Sainristil, Defensive Holding, 5 yards, enforced at WAS 49.",3,4,SEA 46,54,14,Washington Commanders,Seattle Seahawks,24,10,90.9,9.1,176.0,52.0,228.0,343.0,44.0,387.0,game,ML,Seattle Seahawks,,,polymarket,900,—,—,,Loss,,miss,,,,—,,
2026-09-27T20:12:49.904557+00:00,nfl,2026,3,401872955,4018729552861,3,9:25,"(Shotgun) S.Darnold scrambles right end pushed ob at WAS 49 for 5 yards (D.Armstrong).PENALTY on WAS-M.Sainristil, Defensive Holding, 5 yards, enforced at WAS 49.",3,4,SEA 46,54,14,Washington Commanders,Seattle Seahawks,24,10,90.9,9.1,176.0,52.0,228.0,343.0,44.0,387.0,game,ML,Washington Commanders,,,polymarketus,-953,—,—,,Win,,hit,,,,—,,
2026-09-27T20:12:49.904557+00:00,nfl,2026,3,401872955,4018729552899,3,8:58,J.Price right end to WAS 44 for no gain (T.Settle).,1,10,WSH 44,44,14,Washington Commanders,Seattle Seahawks,24,10,90.9,9.1,176.0,52.0,228.0,343.0,44.0,387.0,game,Spread,Seattle Seahawks,,-3.5,novig,589,—,—,,+14,,miss,,,,—,,
2026-09-27T20:12:49.904557+00:00,nfl,2026,3,401872955,4018729552899,3,8:58,J.Price right end to WAS 44 for no gain (T.Settle).,1,10,WSH 44,44,14,Washington Commanders,Seattle Seahawks,24,10,90.9,9.1,176.0,52.0,228.0,343.0,44.0,387.0,game,Spread,Seattle Seahawks,,3.5,novig,589,—,—,,+14,,hit,,,,—,,
2026-09-27T20:12:49.904557+00:00,nfl,2026,3,401872955,4018729552899,3,8:58,J.Price right end to WAS 44 for no gain (T.Settle).,1,10,WSH 44,44,14,Washington Commanders,Seattle Seahawks,24,10,90.9,9.1,176.0,52.0,228.0,343.0,44.0,387.0,game,Total,Over,,58.5,kalshi,-810,—,—,,34.0,,miss,,,,—,,
2026-09-27T20:12:49.904557+00:00,nfl,2026,3,401872955,4018729552899,3,8:58,J.Price right end to WAS 44 for no gain (T.Settle).,1,10,WSH 44,44,14,Washington Commanders,Seattle Seahawks,24,10,90.9,9.1,176.0,52.0,228.0,343.0,44.0,387.0,game,Total,Under,,58.5,kalshi,316,—,—,,34.0,,hit,,,,—,,
2026-09-27T20:12:49.904557+00:00,nfl,2026,3,401872955,4018729552899,3,8:58,J.Price right end to WAS 44 for no gain (T.Settle).,1,10,WSH 44,44,14,Washington Commanders,Seattle Seahawks,24,10,90.9,9.1,176.0,52.0,228.0,343.0,44.0,387.0,game,ML,Seattle Seahawks,,,polymarket,900,—,—,,Loss,,miss,,,,—,,
2026-09-27T20:12:49.904557+00:00,nfl,2026,3,401872955,4018729552899,3,8:58,J.Price right end to WAS 44 for no gain (T.Settle).,1,10,WSH 44,44,14,Washington Commanders,Seattle Seahawks,24,10,90.9,9.1,176.0,52.0,228.0,343.0,44.0,387.0,game,ML,Washington Commanders,,,polymarketus,-953,—,—,,Win,,hit,,,,—,,
2026-09-27T20:12:49.904557+00:00,nfl,2026,3,401872955,4018729552921,3,8:17,(Shotgun) S.Darnold pass short left to R.Shaheed to WAS 39 for 5 yards (M.Sainristil).,2,10,WSH 44,44,14,Washington Commanders,Seattle Seahawks,24,10,90.9,9.1,176.0,52.0,228.0,343.0,44.0,387.0,game,Spread,Seattle Seahawks,,-3.5,novig,589,—,—,,+14,,miss,,,,—,,
2026-09-27T20:12:49.904557+00:00,nfl,2026,3,401872955,4018729552921,3,8:17,(Shotgun) S.Darnold pass short left to R.Shaheed to WAS 39 for 5 yards (M.Sainristil).,2,10,WSH 44,44,14,Washington Commanders,Seattle Seahawks,24,10,90.9,9.1,176.0,52.0,228.0,343.0,44.0,387.0,game,Spread,Seattle Seahawks,,3.5,novig,589,—,—,,+14,,hit,,,,—,,
2026-09-27T20:12:49.904557+00:00,nfl,2026,3,401872955,4018729552921,3,8:17,(Shotgun) S.Darnold pass short left to R.Shaheed to WAS 39 for 5 yards (M.Sainristil).,2,10,WSH 44,44,14,Washington Commanders,Seattle Seahawks,24,10,90.9,9.1,176.0,52.0,228.0,343.0,44.0,387.0,game,Total,Over,,58.5,kalshi,-810,—,—,,34.0,,miss,,,,—,,
2026-09-27T20:12:49.904557+00:00,nfl,2026,3,401872955,4018729552921,3,8:17,(Shotgun) S.Darnold pass short left to R.Shaheed to WAS 39 for 5 yards (M.Sainristil).,2,10,WSH 44,44,14,Washington Commanders,Seattle Seahawks,24,10,90.9,9.1,176.0,52.0,228.0,343.0,44.0,387.0,game,Total,Under,,58.5,kalshi,316,—,—,,34.0,,hit,,,,—,,
2026-09-27T20:12:49.904557+00:00,nfl,2026,3,401872955,4018729552921,3,8:17,(Shotgun) S.Darnold pass short left to R.Shaheed to WAS 39 for 5 yards (M.Sainristil).,2,10,WSH 44,44,14,Washington Commanders,Seattle Seahawks,24,10,90.9,9.1,176.0,52.0,228.0,343.0,44.0,387.0,game,ML,Seattle Seahawks,,,polymarket,900,—,—,,Loss,,miss,,,,—,,
2026-09-27T20:12:49.904557+00:00,nfl,2026,3,401872955,4018729552921,3,8:17,(Shotgun) S.Darnold pass short left to R.Shaheed to WAS 39 for 5 yards (M.Sainristil).,2,10,WSH 44,44,14,Washington Commanders,Seattle Seahawks,24,10,90.9,9.1,176.0,52.0,228.0,343.0,44.0,387.0,game,ML,Washington Commanders,,,polymarketus,-953,—,—,,Win,,hit,,,,—,,
2026-09-27T20:12:49.904557+00:00,nfl,2026,3,401872955,4018729552946,3,7:37,(Shotgun) S.Darnold pass short middle to J.Smith-Njigba to WAS 27 for 12 yards (P.Butler).,3,5,WSH 39,39,14,Washington Commanders,Seattle Seahawks,24,10,90.9,9.1,176.0,52.0,228.0,343.0,44.0,387.0,game,Spread,Seattle Seahawks,,-3.5,novig,589,—,—,,+14,,miss,,,,—,,
2026-09-27T20:12:49.904557+00:00,nfl,2026,3,401872955,4018729552946,3,7:37,(Shotgun) S.Darnold pass short middle to J.Smith-Njigba to WAS 27 for 12 yards (P.Butler).,3,5,WSH 39,39,14,Washington Commanders,Seattle Seahawks,24,10,90.9,9.1,176.0,52.0,228.0,343.0,44.0,387.0,game,Spread,Seattle Seahawks,,3.5,novig,589,—,—,,+14,,hit,,,,—,,
2026-09-27T20:12:49.904557+00:00,nfl,2026,3,401872955,4018729552946,3,7:37,(Shotgun) S.Darnold pass short middle to J.Smith-Njigba to WAS 27 for 12 yards (P.Butler).,3,5,WSH 39,39,14,Washington Commanders,Seattle Seahawks,24,10,90.9,9.1,176.0,52.0,228.0,343.0,44.0,387.0,game,Total,Over,,58.5,kalshi,-810,—,—,,34.0,,miss,,,,—,,
2026-09-27T20:12:49.904557+00:00,nfl,2026,3,401872955,4018729552946,3,7:37,(Shotgun) S.Darnold pass short middle to J.Smith-Njigba to WAS 27 for 12 yards (P.Butler).,3,5,WSH 39,39,14,Washington Commanders,Seattle Seahawks,24,10,90.9,9.1,176.0,52.0,228.0,343.0,44.0,387.0,game,Total,Under,,58.5,kalshi,316,—,—,,34.0,,hit,,,,—,,
2026-09-27T20:12:49.904557+00:00,nfl,2026,3,401872955,4018729552946,3,7:37,(Shotgun) S.Darnold pass short middle to J.Smith-Njigba to WAS 27 for 12 yards (P.Butler).,3,5,WSH 39,39,14,Washington Commanders,Seattle Seahawks,24,10,90.9,9.1,176.0,52.0,228.0,343.0,44.0,387.0,game,ML,Seattle Seahawks,,,polymarket,900,—,—,,Loss,,miss,,,,—,,
2026-09-27T20:12:49.904557+00:00,nfl,2026,3,401872955,4018729552946,3,7:37,(Shotgun) S.Darnold pass short middle to J.Smith-Njigba to WAS 27 for 12 yards (P.Butler).,3,5,WSH 39,39,14,Washington Commanders,Seattle Seahawks,24,10,90.9,9.1,176.0,52.0,228.0,343.0,44.0,387.0,game,ML,Washington Commanders,,,polymarketus,-953,—,—,,Win,,hit,,,,—,,
2026-09-27T20:12:49.904557+00:00,nfl,2026,3,401872955,4018729552976,3,6:52,(Shotgun) S.Darnold pass short middle to T.Horton to WAS 13 for 14 yards (Q.Martin).,1,10,WSH 27,27,14,Washington Commanders,Seattle Seahawks,24,10,90.9,9.1,176.0,52.0,228.0,343.0,44.0,387.0,game,Spread,Seattle Seahawks,,-3.5,novig,589,—,—,,+14,,miss,,,,—,,
2026-09-27T20:12:49.904557+00:00,nfl,2026,3,401872955,4018729552976,3,6:52,(Shotgun) S.Darnold pass short middle to T.Horton to WAS 13 for 14 yards (Q.Martin).,1,10,WSH 27,27,14,Washington Commanders,Seattle Seahawks,24,10,90.9,9.1,176.0,52.0,228.0,343.0,44.0,387.0,game,Spread,Seattle Seahawks,,3.5,novig,589,—,—,,+14,,hit,,,,—,,
2026-09-27T20:12:49.904557+00:00,nfl,2026,3,401872955,4018729552976,3,6:52,(Shotgun) S.Darnold pass short middle to T.Horton to WAS 13 for 14 yards (Q.Martin).,1,10,WSH 27,27,14,Washington Commanders,Seattle Seahawks,24,10,90.9,9.1,176.0,52.0,228.0,343.0,44.0,387.0,game,Total,Over,,58.5,kalshi,-810,—,—,,34.0,,miss,,,,—,,
2026-09-27T20:12:49.904557+00:00,nfl,2026,3,401872955,4018729552976,3,6:52,(Shotgun) S.Darnold pass short middle to T.Horton to WAS 13 for 14 yards (Q.Martin).,1,10,WSH 27,27,14,Washington Commanders,Seattle Seahawks,24,10,90.9,9.1,176.0,52.0,228.0,343.0,44.0,387.0,game,Total,Under,,58.5,kalshi,316,—,—,,34.0,,hit,,,,—,,
2026-09-27T20:12:49.904557+00:00,nfl,2026,3,401872955,4018729552976,3,6:52,(Shotgun) S.Darnold pass short middle to T.Horton to WAS 13 for 14 yards (Q.Martin).,1,10,WSH 27,27,14,Washington Commanders,Seattle Seahawks,24,10,90.9,9.1,176.0,52.0,228.0,343.0,44.0,387.0,game,ML,Seattle Seahawks,,,polymarket,900,—,—,,Loss,,miss,,,,—,,
2026-09-27T20:12:49.904557+00:00,nfl,2026,3,401872955,4018729552976,3,6:52,(Shotgun) S.Darnold pass short middle to T.Horton to WAS 13 for 14 yards (Q.Martin).,1,10,WSH 27,27,14,Washington Commanders,Seattle Seahawks,24,10,90.9,9.1,176.0,52.0,228.0,343.0,44.0,387.0,game,ML,Washington Commanders,,,polymarketus,-953,—,—,,Win,,hit,,,,—,,
2026-09-27T20:12:49.904557+00:00,nfl,2026,3,401872955,4018729553035,3,6:05,Official Timeout at 06:05.,-1,10,WSH 15,15,7,Washington Commanders,Seattle Seahawks,24,17,90.9,9.1,176.0,52.0,228.0,343.0,44.0,387.0,game,Spread,Seattle Seahawks,,-3.5,novig,589,—,—,,+7,,miss,,,,—,,
2026-09-27T20:12:49.904557+00:00,nfl,2026,3,401872955,4018729553035,3,6:05,Official Timeout at 06:05.,-1,10,WSH 15,15,7,Washington Commanders,Seattle Seahawks,24,17,90.9,9.1,176.0,52.0,228.0,343.0,44.0,387.0,game,Spread,Seattle Seahawks,,3.5,novig,589,—,—,,+7,,hit,,,,—,,
2026-09-27T20:12:49.904557+00:00,nfl,2026,3,401872955,4018729553035,3,6:05,Official Timeout at 06:05.,-1,10,WSH 15,15,7,Washington Commanders,Seattle Seahawks,24,17,90.9,9.1,176.0,52.0,228.0,343.0,44.0,387.0,game,Total,Over,,58.5,kalshi,-810,—,—,,41.0,,miss,,,,—,,
2026-09-27T20:12:49.904557+00:00,nfl,2026,3,401872955,4018729553035,3,6:05,Official Timeout at 06:05.,-1,10,WSH 15,15,7,Washington Commanders,Seattle Seahawks,24,17,90.9,9.1,176.0,52.0,228.0,343.0,44.0,387.0,game,Total,Under,,58.5,kalshi,316,—,—,,41.0,,hit,,,,—,,
2026-09-27T20:12:49.904557+00:00,nfl,2026,3,401872955,4018729553035,3,6:05,Official Timeout at 06:05.,-1,10,WSH 15,15,7,Washington Commanders,Seattle Seahawks,24,17,90.9,9.1,176.0,52.0,228.0,343.0,44.0,387.0,game,ML,Seattle Seahawks,,,polymarket,900,—,—,,Loss,,miss,,,,—,,
2026-09-27T20:12:49.904557+00:00,nfl,2026,3,401872955,4018729553035,3,6:05,Official Timeout at 06:05.,-1,10,WSH 15,15,7,Washington Commanders,Seattle Seahawks,24,17,90.9,9.1,176.0,52.0,228.0,343.0,44.0,387.0,game,ML,Washington Commanders,,,polymarketus,-953,—,—,,Win,,hit,,,,—,,
2026-09-27T20:12:49.904557+00:00,nfl,2026,3,401872955,4018729553001,3,6:05,"(Shotgun) S.Darnold pass short left to E.Saubert to WAS 1 for 12 yards (S.Styles). FUMBLES (S.Styles), and recovers at WAS -1. TOUCHDOWN. J.Myers extra point is GOOD, Center-C.Stoll, Holder-M.Dickson.",1,10,WSH 13,13,7,Washington Commanders,Seattle Seahawks,24,17,90.9,9.1,176.0,52.0,228.0,343.0,44.0,387.0,game,Spread,Seattle Seahawks,,-3.5,novig,589,—,—,,+7,,miss,,,,—,,
2026-09-27T20:12:49.904557+00:00,nfl,2026,3,401872955,4018729553001,3,6:05,"(Shotgun) S.Darnold pass short left to E.Saubert to WAS 1 for 12 yards (S.Styles). FUMBLES (S.Styles), and recovers at WAS -1. TOUCHDOWN. J.Myers extra point is GOOD, Center-C.Stoll, Holder-M.Dickson.",1,10,WSH 13,13,7,Washington Commanders,Seattle Seahawks,24,17,90.9,9.1,176.0,52.0,228.0,343.0,44.0,387.0,game,Spread,Seattle Seahawks,,3.5,novig,589,—,—,,+7,,hit,,,,—,,
2026-09-27T20:12:49.904557+00:00,nfl,2026,3,401872955,4018729553001,3,6:05,"(Shotgun) S.Darnold pass short left to E.Saubert to WAS 1 for 12 yards (S.Styles). FUMBLES (S.Styles), and recovers at WAS -1. TOUCHDOWN. J.Myers extra point is GOOD, Center-C.Stoll, Holder-M.Dickson.",1,10,WSH 13,13,7,Washington Commanders,Seattle Seahawks,24,17,90.9,9.1,176.0,52.0,228.0,343.0,44.0,387.0,game,Total,Over,,58.5,kalshi,-810,—,—,,41.0,,miss,,,,—,,
2026-09-27T20:12:49.904557+00:00,nfl,2026,3,401872955,4018729553001,3,6:05,"(Shotgun) S.Darnold pass short left to E.Saubert to WAS 1 for 12 yards (S.Styles). FUMBLES (S.Styles), and recovers at WAS -1. TOUCHDOWN. J.Myers extra point is GOOD, Center-C.Stoll, Holder-M.Dickson.",1,10,WSH 13,13,7,Washington Commanders,Seattle Seahawks,24,17,90.9,9.1,176.0,52.0,228.0,343.0,44.0,387.0,game,Total,Under,,58.5,kalshi,316,—,—,,41.0,,hit,,,,—,,
2026-09-27T20:12:49.904557+00:00,nfl,2026,3,401872955,4018729553001,3,6:05,"(Shotgun) S.Darnold pass short left to E.Saubert to WAS 1 for 12 yards (S.Styles). FUMBLES (S.Styles), and recovers at WAS -1. TOUCHDOWN. J.Myers extra point is GOOD, Center-C.Stoll, Holder-M.Dickson.",1,10,WSH 13,13,7,Washington Commanders,Seattle Seahawks,24,17,90.9,9.1,176.0,52.0,228.0,343.0,44.0,387.0,game,ML,Seattle Seahawks,,,polymarket,900,—,—,,Loss,,miss,,,,—,,
2026-09-27T20:12:49.904557+00:00,nfl,2026,3,401872955,4018729553001,3,6:05,"(Shotgun) S.Darnold pass short left to E.Saubert to WAS 1 for 12 yards (S.Styles). FUMBLES (S.Styles), and recovers at WAS -1. TOUCHDOWN. J.Myers extra point is GOOD, Center-C.Stoll, Holder-M.Dickson.",1,10,WSH 13,13,7,Washington Commanders,Seattle Seahawks,24,17,90.9,9.1,176.0,52.0,228.0,343.0,44.0,387.0,game,ML,Washington Commanders,,,polymarketus,-953,—,—,,Win,,hit,,,,—,,
2026-09-27T20:12:49.904557+00:00,nfl,2026,3,401872955,4018729553042,3,6:05,J.Myers kicks 65 yards from SEA 35 to WAS 0. L.McCaffrey to WAS 26 for 26 yards (B.Russell). ** Injury Update: WAS-R.White has returned to the game.,1,10,SEA 32,65,7,Washington Commanders,Seattle Seahawks,24,17,90.9,9.1,176.0,52.0,228.0,343.0,44.0,387.0,game,Spread,Seattle Seahawks,,-3.5,novig,589,—,—,,+7,,miss,,,,—,,
2026-09-27T20:12:49.904557+00:00,nfl,2026,3,401872955,4018729553042,3,6:05,J.Myers kicks 65 yards from SEA 35 to WAS 0. L.McCaffrey to WAS 26 for 26 yards (B.Russell). ** Injury Update: WAS-R.White has returned to the game.,1,10,SEA 32,65,7,Washington Commanders,Seattle Seahawks,24,17,90.9,9.1,176.0,52.0,228.0,343.0,44.0,387.0,game,Spread,Seattle Seahawks,,3.5,novig,589,—,—,,+7,,hit,,,,—,,
2026-09-27T20:12:49.904557+00:00,nfl,2026,3,401872955,4018729553042,3,6:05,J.Myers kicks 65 yards from SEA 35 to WAS 0. L.McCaffrey to WAS 26 for 26 yards (B.Russell). ** Injury Update: WAS-R.White has returned to the game.,1,10,SEA 32,65,7,Washington Commanders,Seattle Seahawks,24,17,90.9,9.1,176.0,52.0,228.0,343.0,44.0,387.0,game,Total,Over,,58.5,kalshi,-810,—,—,,41.0,,miss,,,,—,,
2026-09-27T20:12:49.904557+00:00,nfl,2026,3,401872955,4018729553042,3,6:05,J.Myers kicks 65 yards from SEA 35 to WAS 0. L.McCaffrey to WAS 26 for 26 yards (B.Russell). ** Injury Update: WAS-R.White has returned to the game.,1,10,SEA 32,65,7,Washington Commanders,Seattle Seahawks,24,17,90.9,9.1,176.0,52.0,228.0,343.0,44.0,387.0,game,Total,Under,,58.5,kalshi,316,—,—,,41.0,,hit,,,,—,,
2026-09-27T20:12:49.904557+00:00,nfl,2026,3,401872955,4018729553042,3,6:05,J.Myers kicks 65 yards from SEA 35 to WAS 0. L.McCaffrey to WAS 26 for 26 yards (B.Russell). ** Injury Update: WAS-R.White has returned to the game.,1,10,SEA 32,65,7,Washington Commanders,Seattle Seahawks,24,17,90.9,9.1,176.0,52.0,228.0,343.0,44.0,387.0,game,ML,Seattle Seahawks,,,polymarket,900,—,—,,Loss,,miss,,,,—,,
2026-09-27T20:12:49.904557+00:00,nfl,2026,3,401872955,4018729553042,3,6:05,J.Myers kicks 65 yards from SEA 35 to WAS 0. L.McCaffrey to WAS 26 for 26 yards (B.Russell). ** Injury Update: WAS-R.White has returned to the game.,1,10,SEA 32,65,7,Washington Commanders,Seattle Seahawks,24,17,90.9,9.1,176.0,52.0,228.0,343.0,44.0,387.0,game,ML,Washington Commanders,,,polymarketus,-953,—,—,,Win,,hit,,,,—,,
2026-09-27T20:12:49.904557+00:00,nfl,2026,3,401872955,4018729553072,3,5:59,(Shotgun) M.Mariota pass incomplete deep left to T.McLaurin [D.Hall].,1,10,WSH 26,26,7,Washington Commanders,Seattle Seahawks,24,17,90.9,9.1,176.0,52.0,228.0,343.0,44.0,387.0,game,Spread,Seattle Seahawks,,-3.5,novig,589,—,—,,+7,,miss,,,,—,,
2026-09-27T20:12:49.904557+00:00,nfl,2026,3,401872955,4018729553072,3,5:59,(Shotgun) M.Mariota pass incomplete deep left to T.McLaurin [D.Hall].,1,10,WSH 26,26,7,Washington Commanders,Seattle Seahawks,24,17,90.9,9.1,176.0,52.0,228.0,343.0,44.0,387.0,game,Spread,Seattle Seahawks,,3.5,novig,589,—,—,,+7,,hit,,,,—,,
2026-09-27T20:12:49.904557+00:00,nfl,2026,3,401872955,4018729553072,3,5:59,(Shotgun) M.Mariota pass incomplete deep left to T.McLaurin [D.Hall].,1,10,WSH 26,26,7,Washington Commanders,Seattle Seahawks,24,17,90.9,9.1,176.0,52.0,228.0,343.0,44.0,387.0,game,Total,Over,,58.5,kalshi,-810,—,—,,41.0,,miss,,,,—,,
2026-09-27T20:12:49.904557+00:00,nfl,2026,3,401872955,4018729553072,3,5:59,(Shotgun) M.Mariota pass incomplete deep left to T.McLaurin [D.Hall].,1,10,WSH 26,26,7,Washington Commanders,Seattle Seahawks,24,17,90.9,9.1,176.0,52.0,228.0,343.0,44.0,387.0,game,Total,Under,,58.5,kalshi,316,—,—,,41.0,,hit,,,,—,,
2026-09-27T20:12:49.904557+00:00,nfl,2026,3,401872955,4018729553072,3,5:59,(Shotgun) M.Mariota pass incomplete deep left to T.McLaurin [D.Hall].,1,10,WSH 26,26,7,Washington Commanders,Seattle Seahawks,24,17,90.9,9.1,176.0,52.0,228.0,343.0,44.0,387.0,game,ML,Seattle Seahawks,,,polymarket,900,—,—,,Loss,,miss,,,,—,,
2026-09-27T20:12:49.904557+00:00,nfl,2026,3,401872955,4018729553072,3,5:59,(Shotgun) M.Mariota pass incomplete deep left to T.McLaurin [D.Hall].,1,10,WSH 26,26,7,Washington Commanders,Seattle Seahawks,24,17,90.9,9.1,176.0,52.0,228.0,343.0,44.0,387.0,game,ML,Washington Commanders,,,polymarketus,-953,—,—,,Win,,hit,,,,—,,
2026-09-27T20:12:49.904557+00:00,nfl,2026,3,401872955,4018729553110,3,5:55,(Shotgun) R.White right tackle to WAS 31 for 5 yards (N.Emmanwori).,2,10,WSH 26,26,7,Washington Commanders,Seattle Seahawks,24,17,90.9,9.1,176.0,52.0,228.0,343.0,44.0,387.0,game,Spread,Seattle Seahawks,,-3.5,novig,589,—,—,,+7,,miss,,,,—,,
2026-09-27T20:12:49.904557+00:00,nfl,2026,3,401872955,4018729553110,3,5:55,(Shotgun) R.White right tackle to WAS 31 for 5 yards (N.Emmanwori).,2,10,WSH 26,26,7,Washington Commanders,Seattle Seahawks,24,17,90.9,9.1,176.0,52.0,228.0,343.0,44.0,387.0,game,Spread,Seattle Seahawks,,3.5,novig,589,—,—,,+7,,hit,,,,—,,
2026-09-27T20:12:49.904557+00:00,nfl,2026,3,401872955,4018729553110,3,5:55,(Shotgun) R.White right tackle to WAS 31 for 5 yards (N.Emmanwori).,2,10,WSH 26,26,7,Washington Commanders,Seattle Seahawks,24,17,90.9,9.1,176.0,52.0,228.0,343.0,44.0,387.0,game,Total,Over,,58.5,kalshi,-810,—,—,,41.0,,miss,,,,—,,
2026-09-27T20:12:49.904557+00:00,nfl,2026,3,401872955,4018729553110,3,5:55,(Shotgun) R.White right tackle to WAS 31 for 5 yards (N.Emmanwori).,2,10,WSH 26,26,7,Washington Commanders,Seattle Seahawks,24,17,90.9,9.1,176.0,52.0,228.0,343.0,44.0,387.0,game,Total,Under,,58.5,kalshi,316,—,—,,41.0,,hit,,,,—,,
2026-09-27T20:12:49.904557+00:00,nfl,2026,3,401872955,4018729553110,3,5:55,(Shotgun) R.White right tackle to WAS 31 for 5 yards (N.Emmanwori).,2,10,WSH 26,26,7,Washington Commanders,Seattle Seahawks,24,17,90.9,9.1,176.0,52.0,228.0,343.0,44.0,387.0,game,ML,Seattle Seahawks,,,polymarket,900,—,—,,Loss,,miss,,,,—,,
2026-09-27T20:12:49.904557+00:00,nfl,2026,3,401872955,4018729553110,3,5:55,(Shotgun) R.White right tackle to WAS 31 for 5 yards (N.Emmanwori).,2,10,WSH 26,26,7,Washington Commanders,Seattle Seahawks,24,17,90.9,9.1,176.0,52.0,228.0,343.0,44.0,387.0,game,ML,Washington Commanders,,,polymarketus,-953,—,—,,Win,,hit,,,,—,,
2026-09-27T20:12:49.904557+00:00,nfl,2026,3,401872955,4018729553132,3,5:16,"(Shotgun) M.Mariota pass deep left to T.McLaurin ran ob at SEA 49 for 20 yards.Seattle challenged the pass completion ruling, and the play was REVERSED.(Shotgun) M.Mariota pass incomplete deep left to T.McLaurin (R.Thomas).",3,5,WSH 31,31,7,Washington Commanders,Seattle Seahawks,24,17,90.9,9.1,176.0,52.0,228.0,343.0,44.0,387.0,game,Spread,Seattle Seahawks,,-3.5,novig,589,—,—,,+7,,miss,,,,—,,
2026-09-27T20:12:49.904557+00:00,nfl,2026,3,401872955,4018729553132,3,5:16,"(Shotgun) M.Mariota pass deep left to T.McLaurin ran ob at SEA 49 for 20 yards.Seattle challenged the pass completion ruling, and the play was REVERSED.(Shotgun) M.Mariota pass incomplete deep left to T.McLaurin (R.Thomas).",3,5,WSH 31,31,7,Washington Commanders,Seattle Seahawks,24,17,90.9,9.1,176.0,52.0,228.0,343.0,44.0,387.0,game,Spread,Seattle Seahawks,,3.5,novig,589,—,—,,+7,,hit,,,,—,,
2026-09-27T20:12:49.904557+00:00,nfl,2026,3,401872955,4018729553132,3,5:16,"(Shotgun) M.Mariota pass deep left to T.McLaurin ran ob at SEA 49 for 20 yards.Seattle challenged the pass completion ruling, and the play was REVERSED.(Shotgun) M.Mariota pass incomplete deep left to T.McLaurin (R.Thomas).",3,5,WSH 31,31,7,Washington Commanders,Seattle Seahawks,24,17,90.9,9.1,176.0,52.0,228.0,343.0,44.0,387.0,game,Total,Over,,58.5,kalshi,-810,—,—,,41.0,,miss,,,,—,,
2026-09-27T20:12:49.904557+00:00,nfl,2026,3,401872955,4018729553132,3,5:16,"(Shotgun) M.Mariota pass deep left to T.McLaurin ran ob at SEA 49 for 20 yards.Seattle challenged the pass completion ruling, and the play was REVERSED.(Shotgun) M.Mariota pass incomplete deep left to T.McLaurin (R.Thomas).",3,5,WSH 31,31,7,Washington Commanders,Seattle Seahawks,24,17,90.9,9.1,176.0,52.0,228.0,343.0,44.0,387.0,game,Total,Under,,58.5,kalshi,316,—,—,,41.0,,hit,,,,—,,
2026-09-27T20:12:49.904557+00:00,nfl,2026,3,401872955,4018729553132,3,5:16,"(Shotgun) M.Mariota pass deep left to T.McLaurin ran ob at SEA 49 for 20 yards.Seattle challenged the pass completion ruling, and the play was REVERSED.(Shotgun) M.Mariota pass incomplete deep left to T.McLaurin (R.Thomas).",3,5,WSH 31,31,7,Washington Commanders,Seattle Seahawks,24,17,90.9,9.1,176.0,52.0,228.0,343.0,44.0,387.0,game,ML,Seattle Seahawks,,,polymarket,900,—,—,,Loss,,miss,,,,—,,
2026-09-27T20:12:49.904557+00:00,nfl,2026,3,401872955,4018729553132,3,5:16,"(Shotgun) M.Mariota pass deep left to T.McLaurin ran ob at SEA 49 for 20 yards.Seattle challenged the pass completion ruling, and the play was REVERSED.(Shotgun) M.Mariota pass incomplete deep left to T.McLaurin (R.Thomas).",3,5,WSH 31,31,7,Washington Commanders,Seattle Seahawks,24,17,90.9,9.1,176.0,52.0,228.0,343.0,44.0,387.0,game,ML,Washington Commanders,,,polymarketus,-953,—,—,,Win,,hit,,,,—,,
2026-09-27T20:12:49.904557+00:00,nfl,2026,3,401872955,4018729553162,3,5:11,"T.Way punts 54 yards to SEA 15, Center-T.Ott, fair catch by R.Shaheed.",4,5,WSH 31,31,7,Washington Commanders,Seattle Seahawks,24,17,90.9,9.1,176.0,52.0,228.0,343.0,44.0,387.0,game,Spread,Seattle Seahawks,,-3.5,novig,589,—,—,,+7,,miss,,,,—,,
2026-09-27T20:12:49.904557+00:00,nfl,2026,3,401872955,4018729553162,3,5:11,"T.Way punts 54 yards to SEA 15, Center-T.Ott, fair catch by R.Shaheed.",4,5,WSH 31,31,7,Washington Commanders,Seattle Seahawks,24,17,90.9,9.1,176.0,52.0,228.0,343.0,44.0,387.0,game,Spread,Seattle Seahawks,,3.5,novig,589,—,—,,+7,,hit,,,,—,,
2026-09-27T20:12:49.904557+00:00,nfl,2026,3,401872955,4018729553162,3,5:11,"T.Way punts 54 yards to SEA 15, Center-T.Ott, fair catch by R.Shaheed.",4,5,WSH 31,31,7,Washington Commanders,Seattle Seahawks,24,17,90.9,9.1,176.0,52.0,228.0,343.0,44.0,387.0,game,Total,Over,,58.5,kalshi,-810,—,—,,41.0,,miss,,,,—,,
2026-09-27T20:12:49.904557+00:00,nfl,2026,3,401872955,4018729553162,3,5:11,"T.Way punts 54 yards to SEA 15, Center-T.Ott, fair catch by R.Shaheed.",4,5,WSH 31,31,7,Washington Commanders,Seattle Seahawks,24,17,90.9,9.1,176.0,52.0,228.0,343.0,44.0,387.0,game,Total,Under,,58.5,kalshi,316,—,—,,41.0,,hit,,,,—,,
2026-09-27T20:12:49.904557+00:00,nfl,2026,3,401872955,4018729553162,3,5:11,"T.Way punts 54 yards to SEA 15, Center-T.Ott, fair catch by R.Shaheed.",4,5,WSH 31,31,7,Washington Commanders,Seattle Seahawks,24,17,90.9,9.1,176.0,52.0,228.0,343.0,44.0,387.0,game,ML,Seattle Seahawks,,,polymarket,900,—,—,,Loss,,miss,,,,—,,
2026-09-27T20:12:49.904557+00:00,nfl,2026,3,401872955,4018729553162,3,5:11,"T.Way punts 54 yards to SEA 15, Center-T.Ott, fair catch by R.Shaheed.",4,5,WSH 31,31,7,Washington Commanders,Seattle Seahawks,24,17,90.9,9.1,176.0,52.0,228.0,343.0,44.0,387.0,game,ML,Washington Commanders,,,polymarketus,-953,—,—,,Win,,hit,,,,—,,
2026-09-27T20:12:49.904557+00:00,nfl,2026,3,401872955,4018729553222,3,5:04,E.Wilson left guard to SEA 16 for 1 yard (O.Oweh; D.Payne).,1,10,SEA 15,85,7,Washington Commanders,Seattle Seahawks,24,17,90.9,9.1,176.0,52.0,228.0,343.0,44.0,387.0,game,Spread,Seattle Seahawks,,-3.5,novig,589,—,—,,+7,,miss,,,,—,,
2026-09-27T20:12:49.904557+00:00,nfl,2026,3,401872955,4018729553222,3,5:04,E.Wilson left guard to SEA 16 for 1 yard (O.Oweh; D.Payne).,1,10,SEA 15,85,7,Washington Commanders,Seattle Seahawks,24,17,90.9,9.1,176.0,52.0,228.0,343.0,44.0,387.0,game,Spread,Seattle Seahawks,,3.5,novig,589,—,—,,+7,,hit,,,,—,,
2026-09-27T20:12:49.904557+00:00,nfl,2026,3,401872955,4018729553222,3,5:04,E.Wilson left guard to SEA 16 for 1 yard (O.Oweh; D.Payne).,1,10,SEA 15,85,7,Washington Commanders,Seattle Seahawks,24,17,90.9,9.1,176.0,52.0,228.0,343.0,44.0,387.0,game,Total,Over,,58.5,kalshi,-810,—,—,,41.0,,miss,,,,—,,
2026-09-27T20:12:49.904557+00:00,nfl,2026,3,401872955,4018729553222,3,5:04,E.Wilson left guard to SEA 16 for 1 yard (O.Oweh; D.Payne).,1,10,SEA 15,85,7,Washington Commanders,Seattle Seahawks,24,17,90.9,9.1,176.0,52.0,228.0,343.0,44.0,387.0,game,Total,Under,,58.5,kalshi,316,—,—,,41.0,,hit,,,,—,,
2026-09-27T20:12:49.904557+00:00,nfl,2026,3,401872955,4018729553222,3,5:04,E.Wilson left guard to SEA 16 for 1 yard (O.Oweh; D.Payne).,1,10,SEA 15,85,7,Washington Commanders,Seattle Seahawks,24,17,90.9,9.1,176.0,52.0,228.0,343.0,44.0,387.0,game,ML,Seattle Seahawks,,,polymarket,900,—,—,,Loss,,miss,,,,—,,
2026-09-27T20:12:49.904557+00:00,nfl,2026,3,401872955,4018729553222,3,5:04,E.Wilson left guard to SEA 16 for 1 yard (O.Oweh; D.Payne).,1,10,SEA 15,85,7,Washington Commanders,Seattle Seahawks,24,17,90.9,9.1,176.0,52.0,228.0,343.0,44.0,387.0,game,ML,Washington Commanders,,,polymarketus,-953,—,—,,Win,,hit,,,,—,,
2026-09-27T20:12:49.904557+00:00,nfl,2026,3,401872955,4018729553244,3,4:30,S.Darnold pass incomplete short right to J.Smith-Njigba.,2,9,SEA 16,84,7,Washington Commanders,Seattle Seahawks,24,17,90.9,9.1,176.0,52.0,228.0,343.0,44.0,387.0,game,Spread,Seattle Seahawks,,-3.5,novig,589,—,—,,+7,,miss,,,,—,,
2026-09-27T20:12:49.904557+00:00,nfl,2026,3,401872955,4018729553244,3,4:30,S.Darnold pass incomplete short right to J.Smith-Njigba.,2,9,SEA 16,84,7,Washington Commanders,Seattle Seahawks,24,17,90.9,9.1,176.0,52.0,228.0,343.0,44.0,387.0,game,Spread,Seattle Seahawks,,3.5,novig,589,—,—,,+7,,hit,,,,—,,
2026-09-27T20:12:49.904557+00:00,nfl,2026,3,401872955,4018729553244,3,4:30,S.Darnold pass incomplete short right to J.Smith-Njigba.,2,9,SEA 16,84,7,Washington Commanders,Seattle Seahawks,24,17,90.9,9.1,176.0,52.0,228.0,343.0,44.0,387.0,game,Total,Over,,58.5,kalshi,-810,—,—,,41.0,,miss,,,,—,,
2026-09-27T20:12:49.904557+00:00,nfl,2026,3,401872955,4018729553244,3,4:30,S.Darnold pass incomplete short right to J.Smith-Njigba.,2,9,SEA 16,84,7,Washington Commanders,Seattle Seahawks,24,17,90.9,9.1,176.0,52.0,228.0,343.0,44.0,387.0,game,Total,Under,,58.5,kalshi,316,—,—,,41.0,,hit,,,,—,,
2026-09-27T20:12:49.904557+00:00,nfl,2026,3,401872955,4018729553244,3,4:30,S.Darnold pass incomplete short right to J.Smith-Njigba.,2,9,SEA 16,84,7,Washington Commanders,Seattle Seahawks,24,17,90.9,9.1,176.0,52.0,228.0,343.0,44.0,387.0,game,ML,Seattle Seahawks,,,polymarket,900,—,—,,Loss,,miss,,,,—,,
2026-09-27T20:12:49.904557+00:00,nfl,2026,3,401872955,4018729553244,3,4:30,S.Darnold pass incomplete short right to J.Smith-Njigba.,2,9,SEA 16,84,7,Washington Commanders,Seattle Seahawks,24,17,90.9,9.1,176.0,52.0,228.0,343.0,44.0,387.0,game,ML,Washington Commanders,,,polymarketus,-953,—,—,,Win,,hit,,,,—,,
2026-09-27T20:12:49.904557+00:00,nfl,2026,3,401872955,4018729553267,3,4:25,(Shotgun) S.Darnold pass incomplete short right to R.Shaheed.,3,9,SEA 16,84,7,Washington Commanders,Seattle Seahawks,24,17,90.9,9.1,176.0,52.0,228.0,343.0,44.0,387.0,game,Spread,Seattle Seahawks,,-3.5,novig,589,—,—,,+7,,miss,,,,—,,
2026-09-27T20:12:49.904557+00:00,nfl,2026,3,401872955,4018729553267,3,4:25,(Shotgun) S.Darnold pass incomplete short right to R.Shaheed.,3,9,SEA 16,84,7,Washington Commanders,Seattle Seahawks,24,17,90.9,9.1,176.0,52.0,228.0,343.0,44.0,387.0,game,Spread,Seattle Seahawks,,3.5,novig,589,—,—,,+7,,hit,,,,—,,
2026-09-27T20:12:49.904557+00:00,nfl,2026,3,401872955,4018729553267,3,4:25,(Shotgun) S.Darnold pass incomplete short right to R.Shaheed.,3,9,SEA 16,84,7,Washington Commanders,Seattle Seahawks,24,17,90.9,9.1,176.0,52.0,228.0,343.0,44.0,387.0,game,Total,Over,,58.5,kalshi,-810,—,—,,41.0,,miss,,,,—,,
2026-09-27T20:12:49.904557+00:00,nfl,2026,3,401872955,4018729553267,3,4:25,(Shotgun) S.Darnold pass incomplete short right to R.Shaheed.,3,9,SEA 16,84,7,Washington Commanders,Seattle Seahawks,24,17,90.9,9.1,176.0,52.0,228.0,343.0,44.0,387.0,game,Total,Under,,58.5,kalshi,316,—,—,,41.0,,hit,,,,—,,
2026-09-27T20:12:49.904557+00:00,nfl,2026,3,401872955,4018729553267,3,4:25,(Shotgun) S.Darnold pass incomplete short right to R.Shaheed.,3,9,SEA 16,84,7,Washington Commanders,Seattle Seahawks,24,17,90.9,9.1,176.0,52.0,228.0,343.0,44.0,387.0,game,ML,Seattle Seahawks,,,polymarket,900,—,—,,Loss,,miss,,,,—,,
2026-09-27T20:12:49.904557+00:00,nfl,2026,3,401872955,4018729553267,3,4:25,(Shotgun) S.Darnold pass incomplete short right to R.Shaheed.,3,9,SEA 16,84,7,Washington Commanders,Seattle Seahawks,24,17,90.9,9.1,176.0,52.0,228.0,343.0,44.0,387.0,game,ML,Washington Commanders,,,polymarketus,-953,—,—,,Win,,hit,,,,—,,
2026-09-27T20:12:49.904557+00:00,nfl,2026,3,401872955,4018729553290,3,4:21,"M.Dickson punts 40 yards to WAS 44, Center-C.Stoll, fair catch by J.Lane.",4,9,SEA 16,84,7,Washington Commanders,Seattle Seahawks,24,17,90.9,9.1,176.0,52.0,228.0,343.0,44.0,387.0,game,Spread,Seattle Seahawks,,-3.5,novig,589,—,—,,+7,,miss,,,,—,,
2026-09-27T20:12:49.904557+00:00,nfl,2026,3,401872955,4018729553290,3,4:21,"M.Dickson punts 40 yards to WAS 44, Center-C.Stoll, fair catch by J.Lane.",4,9,SEA 16,84,7,Washington Commanders,Seattle Seahawks,24,17,90.9,9.1,176.0,52.0,228.0,343.0,44.0,387.0,game,Spread,Seattle Seahawks,,3.5,novig,589,—,—,,+7,,hit,,,,—,,
2026-09-27T20:12:49.904557+00:00,nfl,2026,3,401872955,4018729553290,3,4:21,"M.Dickson punts 40 yards to WAS 44, Center-C.Stoll, fair catch by J.Lane.",4,9,SEA 16,84,7,Washington Commanders,Seattle Seahawks,24,17,90.9,9.1,176.0,52.0,228.0,343.0,44.0,387.0,game,Total,Over,,58.5,kalshi,-810,—,—,,41.0,,miss,,,,—,,
2026-09-27T20:12:49.904557+00:00,nfl,2026,3,401872955,4018729553290,3,4:21,"M.Dickson punts 40 yards to WAS 44, Center-C.Stoll, fair catch by J.Lane.",4,9,SEA 16,84,7,Washington Commanders,Seattle Seahawks,24,17,90.9,9.1,176.0,52.0,228.0,343.0,44.0,387.0,game,Total,Under,,58.5,kalshi,316,—,—,,41.0,,hit,,,,—,,
2026-09-27T20:12:49.904557+00:00,nfl,2026,3,401872955,4018729553290,3,4:21,"M.Dickson punts 40 yards to WAS 44, Center-C.Stoll, fair catch by J.Lane.",4,9,SEA 16,84,7,Washington Commanders,Seattle Seahawks,24,17,90.9,9.1,176.0,52.0,228.0,343.0,44.0,387.0,game,ML,Seattle Seahawks,,,polymarket,900,—,—,,Loss,,miss,,,,—,,
2026-09-27T20:12:49.904557+00:00,nfl,2026,3,401872955,4018729553290,3,4:21,"M.Dickson punts 40 yards to WAS 44, Center-C.Stoll, fair catch by J.Lane.",4,9,SEA 16,84,7,Washington Commanders,Seattle Seahawks,24,17,90.9,9.1,176.0,52.0,228.0,343.0,44.0,387.0,game,ML,Washington Commanders,,,polymarketus,-953,—,—,,Win,,hit,,,,—,,
2026-09-27T20:12:49.904557+00:00,nfl,2026,3,401872955,4018729553310,3,4:15,(Shotgun) M.Mariota pass short right to J.Bates pushed ob at SEA 47 for 9 yards (D.Thomas).,1,10,WSH 44,44,7,Washington Commanders,Seattle Seahawks,24,17,90.9,9.1,176.0,52.0,228.0,343.0,44.0,387.0,game,Spread,Seattle Seahawks,,-3.5,novig,589,—,—,,+7,,miss,,,,—,,
2026-09-27T20:12:49.904557+00:00,nfl,2026,3,401872955,4018729553310,3,4:15,(Shotgun) M.Mariota pass short right to J.Bates pushed ob at SEA 47 for 9 yards (D.Thomas).,1,10,WSH 44,44,7,Washington Commanders,Seattle Seahawks,24,17,90.9,9.1,176.0,52.0,228.0,343.0,44.0,387.0,game,Spread,Seattle Seahawks,,3.5,novig,589,—,—,,+7,,hit,,,,—,,
2026-09-27T20:12:49.904557+00:00,nfl,2026,3,401872955,4018729553310,3,4:15,(Shotgun) M.Mariota pass short right to J.Bates pushed ob at SEA 47 for 9 yards (D.Thomas).,1,10,WSH 44,44,7,Washington Commanders,Seattle Seahawks,24,17,90.9,9.1,176.0,52.0,228.0,343.0,44.0,387.0,game,Total,Over,,58.5,kalshi,-810,—,—,,41.0,,miss,,,,—,,
2026-09-27T20:12:49.904557+00:00,nfl,2026,3,401872955,4018729553310,3,4:15,(Shotgun) M.Mariota pass short right to J.Bates pushed ob at SEA 47 for 9 yards (D.Thomas).,1,10,WSH 44,44,7,Washington Commanders,Seattle Seahawks,24,17,90.9,9.1,176.0,52.0,228.0,343.0,44.0,387.0,game,Total,Under,,58.5,kalshi,316,—,—,,41.0,,hit,,,,—,,
2026-09-27T20:12:49.904557+00:00,nfl,2026,3,401872955,4018729553310,3,4:15,(Shotgun) M.Mariota pass short right to J.Bates pushed ob at SEA 47 for 9 yards (D.Thomas).,1,10,WSH 44,44,7,Washington Commanders,Seattle Seahawks,24,17,90.9,9.1,176.0,52.0,228.0,343.0,44.0,387.0,game,ML,Seattle Seahawks,,,polymarket,900,—,—,,Loss,,miss,,,,—,,
2026-09-27T20:12:49.904557+00:00,nfl,2026,3,401872955,4018729553310,3,4:15,(Shotgun) M.Mariota pass short right to J.Bates pushed ob at SEA 47 for 9 yards (D.Thomas).,1,10,WSH 44,44,7,Washington Commanders,Seattle Seahawks,24,17,90.9,9.1,176.0,52.0,228.0,343.0,44.0,387.0,game,ML,Washington Commanders,,,polymarketus,-953,—,—,,Win,,hit,,,,—,,
2026-09-27T20:12:49.904557+00:00,nfl,2026,3,401872955,4018729553340,3,3:39,(Shotgun) J.Croskey-Merritt up the middle to SEA 46 for 1 yard (L.Williams; J.Reed).,2,1,SEA 47,53,7,Washington Commanders,Seattle Seahawks,24,17,90.9,9.1,176.0,52.0,228.0,343.0,44.0,387.0,game,Spread,Seattle Seahawks,,-3.5,novig,589,—,—,,+7,,miss,,,,—,,
2026-09-27T20:12:49.904557+00:00,nfl,2026,3,401872955,4018729553340,3,3:39,(Shotgun) J.Croskey-Merritt up the middle to SEA 46 for 1 yard (L.Williams; J.Reed).,2,1,SEA 47,53,7,Washington Commanders,Seattle Seahawks,24,17,90.9,9.1,176.0,52.0,228.0,343.0,44.0,387.0,game,Spread,Seattle Seahawks,,3.5,novig,589,—,—,,+7,,hit,,,,—,,
2026-09-27T20:12:49.904557+00:00,nfl,2026,3,401872955,4018729553340,3,3:39,(Shotgun) J.Croskey-Merritt up the middle to SEA 46 for 1 yard (L.Williams; J.Reed).,2,1,SEA 47,53,7,Washington Commanders,Seattle Seahawks,24,17,90.9,9.1,176.0,52.0,228.0,343.0,44.0,387.0,game,Total,Over,,58.5,kalshi,-810,—,—,,41.0,,miss,,,,—,,
2026-09-27T20:12:49.904557+00:00,nfl,2026,3,401872955,4018729553340,3,3:39,(Shotgun) J.Croskey-Merritt up the middle to SEA 46 for 1 yard (L.Williams; J.Reed).,2,1,SEA 47,53,7,Washington Commanders,Seattle Seahawks,24,17,90.9,9.1,176.0,52.0,228.0,343.0,44.0,387.0,game,Total,Under,,58.5,kalshi,316,—,—,,41.0,,hit,,,,—,,
2026-09-27T20:12:49.904557+00:00,nfl,2026,3,401872955,4018729553340,3,3:39,(Shotgun) J.Croskey-Merritt up the middle to SEA 46 for 1 yard (L.Williams; J.Reed).,2,1,SEA 47,53,7,Washington Commanders,Seattle Seahawks,24,17,90.9,9.1,176.0,52.0,228.0,343.0,44.0,387.0,game,ML,Seattle Seahawks,,,polymarket,900,—,—,,Loss,,miss,,,,—,,
2026-09-27T20:12:49.904557+00:00,nfl,2026,3,401872955,4018729553340,3,3:39,(Shotgun) J.Croskey-Merritt up the middle to SEA 46 for 1 yard (L.Williams; J.Reed).,2,1,SEA 47,53,7,Washington Commanders,Seattle Seahawks,24,17,90.9,9.1,176.0,52.0,228.0,343.0,44.0,387.0,game,ML,Washington Commanders,,,polymarketus,-953,—,—,,Win,,hit,,,,—,,
2026-09-27T20:12:49.904557+00:00,nfl,2026,3,401872955,4018729553362,3,2:57,"(2:57) (Shotgun) J.Croskey-Merritt right guard to SEA 49 for -3 yards (L.Williams; J.Reed).
Penalty on WAS, Illegal Shift, declined.",1,10,SEA 46,54,7,Washington Commanders,Seattle Seahawks,24,17,90.9,9.1,176.0,52.0,228.0,343.0,44.0,387.0,game,Spread,Seattle Seahawks,,-3.5,novig,589,—,—,,+7,,miss,,,,—,,
2026-09-27T20:12:49.904557+00:00,nfl,2026,3,401872955,4018729553362,3,2:57,"(2:57) (Shotgun) J.Croskey-Merritt right guard to SEA 49 for -3 yards (L.Williams; J.Reed).
Penalty on WAS, Illegal Shift, declined.",1,10,SEA 46,54,7,Washington Commanders,Seattle Seahawks,24,17,90.9,9.1,176.0,52.0,228.0,343.0,44.0,387.0,game,Spread,Seattle Seahawks,,3.5,novig,589,—,—,,+7,,hit,,,,—,,
2026-09-27T20:12:49.904557+00:00,nfl,2026,3,401872955,4018729553362,3,2:57,"(2:57) (Shotgun) J.Croskey-Merritt right guard to SEA 49 for -3 yards (L.Williams; J.Reed).
Penalty on WAS, Illegal Shift, declined.",1,10,SEA 46,54,7,Washington Commanders,Seattle Seahawks,24,17,90.9,9.1,176.0,52.0,228.0,343.0,44.0,387.0,game,Total,Over,,58.5,kalshi,-810,—,—,,41.0,,miss,,,,—,,
2026-09-27T20:12:49.904557+00:00,nfl,2026,3,401872955,4018729553362,3,2:57,"(2:57) (Shotgun) J.Croskey-Merritt right guard to SEA 49 for -3 yards (L.Williams; J.Reed).
Penalty on WAS, Illegal Shift, declined.",1,10,SEA 46,54,7,Washington Commanders,Seattle Seahawks,24,17,90.9,9.1,176.0,52.0,228.0,343.0,44.0,387.0,game,Total,Under,,58.5,kalshi,316,—,—,,41.0,,hit,,,,—,,
2026-09-27T20:12:49.904557+00:00,nfl,2026,3,401872955,4018729553362,3,2:57,"(2:57) (Shotgun) J.Croskey-Merritt right guard to SEA 49 for -3 yards (L.Williams; J.Reed).
Penalty on WAS, Illegal Shift, declined.",1,10,SEA 46,54,7,Washington Commanders,Seattle Seahawks,24,17,90.9,9.1,176.0,52.0,228.0,343.0,44.0,387.0,game,ML,Seattle Seahawks,,,polymarket,900,—,—,,Loss,,miss,,,,—,,
2026-09-27T20:12:49.904557+00:00,nfl,2026,3,401872955,4018729553362,3,2:57,"(2:57) (Shotgun) J.Croskey-Merritt right guard to SEA 49 for -3 yards (L.Williams; J.Reed).
Penalty on WAS, Illegal Shift, declined.",1,10,SEA 46,54,7,Washington Commanders,Seattle Seahawks,24,17,90.9,9.1,176.0,52.0,228.0,343.0,44.0,387.0,game,ML,Washington Commanders,,,polymarketus,-953,—,—,,Win,,hit,,,,—,,
2026-09-27T20:12:49.904557+00:00,nfl,2026,3,401872955,4018729553395,3,2:34,"(Shotgun) M.Mariota pass short middle to R.White to SEA 44 for 5 yards (D.Thomas; E.Jones) [D.Lawrence].PENALTY on WAS, Illegal Shift, 5 yards, enforced at SEA 49 - No Play.",2,13,SEA 49,51,7,Washington Commanders,Seattle Seahawks,24,17,90.9,9.1,176.0,52.0,228.0,343.0,44.0,387.0,game,Spread,Seattle Seahawks,,-3.5,novig,589,—,—,,+7,,miss,,,,—,,
2026-09-27T20:12:49.904557+00:00,nfl,2026,3,401872955,4018729553395,3,2:34,"(Shotgun) M.Mariota pass short middle to R.White to SEA 44 for 5 yards (D.Thomas; E.Jones) [D.Lawrence].PENALTY on WAS, Illegal Shift, 5 yards, enforced at SEA 49 - No Play.",2,13,SEA 49,51,7,Washington Commanders,Seattle Seahawks,24,17,90.9,9.1,176.0,52.0,228.0,343.0,44.0,387.0,game,Spread,Seattle Seahawks,,3.5,novig,589,—,—,,+7,,hit,,,,—,,
2026-09-27T20:12:49.904557+00:00,nfl,2026,3,401872955,4018729553395,3,2:34,"(Shotgun) M.Mariota pass short middle to R.White to SEA 44 for 5 yards (D.Thomas; E.Jones) [D.Lawrence].PENALTY on WAS, Illegal Shift, 5 yards, enforced at SEA 49 - No Play.",2,13,SEA 49,51,7,Washington Commanders,Seattle Seahawks,24,17,90.9,9.1,176.0,52.0,228.0,343.0,44.0,387.0,game,Total,Over,,58.5,kalshi,-810,—,—,,41.0,,miss,,,,—,,
2026-09-27T20:12:49.904557+00:00,nfl,2026,3,401872955,4018729553395,3,2:34,"(Shotgun) M.Mariota pass short middle to R.White to SEA 44 for 5 yards (D.Thomas; E.Jones) [D.Lawrence].PENALTY on WAS, Illegal Shift, 5 yards, enforced at SEA 49 - No Play.",2,13,SEA 49,51,7,Washington Commanders,Seattle Seahawks,24,17,90.9,9.1,176.0,52.0,228.0,343.0,44.0,387.0,game,Total,Under,,58.5,kalshi,316,—,—,,41.0,,hit,,,,—,,
2026-09-27T20:12:49.904557+00:00,nfl,2026,3,401872955,4018729553395,3,2:34,"(Shotgun) M.Mariota pass short middle to R.White to SEA 44 for 5 yards (D.Thomas; E.Jones) [D.Lawrence].PENALTY on WAS, Illegal Shift, 5 yards, enforced at SEA 49 - No Play.",2,13,SEA 49,51,7,Washington Commanders,Seattle Seahawks,24,17,90.9,9.1,176.0,52.0,228.0,343.0,44.0,387.0,game,ML,Seattle Seahawks,,,polymarket,900,—,—,,Loss,,miss,,,,—,,
2026-09-27T20:12:49.904557+00:00,nfl,2026,3,401872955,4018729553395,3,2:34,"(Shotgun) M.Mariota pass short middle to R.White to SEA 44 for 5 yards (D.Thomas; E.Jones) [D.Lawrence].PENALTY on WAS, Illegal Shift, 5 yards, enforced at SEA 49 - No Play.",2,13,SEA 49,51,7,Washington Commanders,Seattle Seahawks,24,17,90.9,9.1,176.0,52.0,228.0,343.0,44.0,387.0,game,ML,Washington Commanders,,,polymarketus,-953,—,—,,Win,,hit,,,,—,,
2026-09-27T20:12:49.904557+00:00,nfl,2026,3,401872955,4018729553431,3,2:07,(Shotgun) R.White up the middle to 50 for 4 yards (J.Reed; A.Finley).,2,18,WSH 46,46,7,Washington Commanders,Seattle Seahawks,24,17,90.9,9.1,176.0,52.0,228.0,343.0,44.0,387.0,game,Spread,Seattle Seahawks,,-3.5,novig,589,—,—,,+7,,miss,,,,—,,
2026-09-27T20:12:49.904557+00:00,nfl,2026,3,401872955,4018729553431,3,2:07,(Shotgun) R.White up the middle to 50 for 4 yards (J.Reed; A.Finley).,2,18,WSH 46,46,7,Washington Commanders,Seattle Seahawks,24,17,90.9,9.1,176.0,52.0,228.0,343.0,44.0,387.0,game,Spread,Seattle Seahawks,,3.5,novig,589,—,—,,+7,,hit,,,,—,,
2026-09-27T20:12:49.904557+00:00,nfl,2026,3,401872955,4018729553431,3,2:07,(Shotgun) R.White up the middle to 50 for 4 yards (J.Reed; A.Finley).,2,18,WSH 46,46,7,Washington Commanders,Seattle Seahawks,24,17,90.9,9.1,176.0,52.0,228.0,343.0,44.0,387.0,game,Total,Over,,58.5,kalshi,-810,—,—,,41.0,,miss,,,,—,,
2026-09-27T20:12:49.904557+00:00,nfl,2026,3,401872955,4018729553431,3,2:07,(Shotgun) R.White up the middle to 50 for 4 yards (J.Reed; A.Finley).,2,18,WSH 46,46,7,Washington Commanders,Seattle Seahawks,24,17,90.9,9.1,176.0,52.0,228.0,343.0,44.0,387.0,game,Total,Under,,58.5,kalshi,316,—,—,,41.0,,hit,,,,—,,
2026-09-27T20:12:49.904557+00:00,nfl,2026,3,401872955,4018729553431,3,2:07,(Shotgun) R.White up the middle to 50 for 4 yards (J.Reed; A.Finley).,2,18,WSH 46,46,7,Washington Commanders,Seattle Seahawks,24,17,90.9,9.1,176.0,52.0,228.0,343.0,44.0,387.0,game,ML,Seattle Seahawks,,,polymarket,900,—,—,,Loss,,miss,,,,—,,
2026-09-27T20:12:49.904557+00:00,nfl,2026,3,401872955,4018729553431,3,2:07,(Shotgun) R.White up the middle to 50 for 4 yards (J.Reed; A.Finley).,2,18,WSH 46,46,7,Washington Commanders,Seattle Seahawks,24,17,90.9,9.1,176.0,52.0,228.0,343.0,44.0,387.0,game,ML,Washington Commanders,,,polymarketus,-953,—,—,,Win,,hit,,,,—,,
2026-09-27T20:12:49.904557+00:00,nfl,2026,3,401872955,4018729553453,3,1:27,(Shotgun) M.Mariota pass incomplete short middle to T.McLaurin.,3,14,50,50,7,Washington Commanders,Seattle Seahawks,24,17,90.9,9.1,176.0,52.0,228.0,343.0,44.0,387.0,game,Spread,Seattle Seahawks,,-3.5,novig,589,—,—,,+7,,miss,,,,—,,
2026-09-27T20:12:49.904557+00:00,nfl,2026,3,401872955,4018729553453,3,1:27,(Shotgun) M.Mariota pass incomplete short middle to T.McLaurin.,3,14,50,50,7,Washington Commanders,Seattle Seahawks,24,17,90.9,9.1,176.0,52.0,228.0,343.0,44.0,387.0,game,Spread,Seattle Seahawks,,3.5,novig,589,—,—,,+7,,hit,,,,—,,
2026-09-27T20:12:49.904557+00:00,nfl,2026,3,401872955,4018729553453,3,1:27,(Shotgun) M.Mariota pass incomplete short middle to T.McLaurin.,3,14,50,50,7,Washington Commanders,Seattle Seahawks,24,17,90.9,9.1,176.0,52.0,228.0,343.0,44.0,387.0,game,Total,Over,,58.5,kalshi,-810,—,—,,41.0,,miss,,,,—,,
2026-09-27T20:12:49.904557+00:00,nfl,2026,3,401872955,4018729553453,3,1:27,(Shotgun) M.Mariota pass incomplete short middle to T.McLaurin.,3,14,50,50,7,Washington Commanders,Seattle Seahawks,24,17,90.9,9.1,176.0,52.0,228.0,343.0,44.0,387.0,game,Total,Under,,58.5,kalshi,316,—,—,,41.0,,hit,,,,—,,
2026-09-27T20:12:49.904557+00:00,nfl,2026,3,401872955,4018729553453,3,1:27,(Shotgun) M.Mariota pass incomplete short middle to T.McLaurin.,3,14,50,50,7,Washington Commanders,Seattle Seahawks,24,17,90.9,9.1,176.0,52.0,228.0,343.0,44.0,387.0,game,ML,Seattle Seahawks,,,polymarket,900,—,—,,Loss,,miss,,,,—,,
2026-09-27T20:12:49.904557+00:00,nfl,2026,3,401872955,4018729553453,3,1:27,(Shotgun) M.Mariota pass incomplete short middle to T.McLaurin.,3,14,50,50,7,Washington Commanders,Seattle Seahawks,24,17,90.9,9.1,176.0,52.0,228.0,343.0,44.0,387.0,game,ML,Washington Commanders,,,polymarketus,-953,—,—,,Win,,hit,,,,—,,
2026-09-27T20:12:49.904557+00:00,nfl,2026,3,401872955,4018729553476,3,1:22,"T.Way punts 50 yards to end zone, Center-T.Ott, Touchback.",4,14,50,50,7,Washington Commanders,Seattle Seahawks,24,17,90.9,9.1,176.0,52.0,228.0,343.0,44.0,387.0,game,Spread,Seattle Seahawks,,-3.5,novig,589,—,—,,+7,,miss,,,,—,,
2026-09-27T20:12:49.904557+00:00,nfl,2026,3,401872955,4018729553476,3,1:22,"T.Way punts 50 yards to end zone, Center-T.Ott, Touchback.",4,14,50,50,7,Washington Commanders,Seattle Seahawks,24,17,90.9,9.1,176.0,52.0,228.0,343.0,44.0,387.0,game,Spread,Seattle Seahawks,,3.5,novig,589,—,—,,+7,,hit,,,,—,,
2026-09-27T20:12:49.904557+00:00,nfl,2026,3,401872955,4018729553476,3,1:22,"T.Way punts 50 yards to end zone, Center-T.Ott, Touchback.",4,14,50,50,7,Washington Commanders,Seattle Seahawks,24,17,90.9,9.1,176.0,52.0,228.0,343.0,44.0,387.0,game,Total,Over,,58.5,kalshi,-810,—,—,,41.0,,miss,,,,—,,
2026-09-27T20:12:49.904557+00:00,nfl,2026,3,401872955,4018729553476,3,1:22,"T.Way punts 50 yards to end zone, Center-T.Ott, Touchback.",4,14,50,50,7,Washington Commanders,Seattle Seahawks,24,17,90.9,9.1,176.0,52.0,228.0,343.0,44.0,387.0,game,Total,Under,,58.5,kalshi,316,—,—,,41.0,,hit,,,,—,,
2026-09-27T20:12:49.904557+00:00,nfl,2026,3,401872955,4018729553476,3,1:22,"T.Way punts 50 yards to end zone, Center-T.Ott, Touchback.",4,14,50,50,7,Washington Commanders,Seattle Seahawks,24,17,90.9,9.1,176.0,52.0,228.0,343.0,44.0,387.0,game,ML,Seattle Seahawks,,,polymarket,900,—,—,,Loss,,miss,,,,—,,
2026-09-27T20:12:49.904557+00:00,nfl,2026,3,401872955,4018729553476,3,1:22,"T.Way punts 50 yards to end zone, Center-T.Ott, Touchback.",4,14,50,50,7,Washington Commanders,Seattle Seahawks,24,17,90.9,9.1,176.0,52.0,228.0,343.0,44.0,387.0,game,ML,Washington Commanders,,,polymarketus,-953,—,—,,Win,,hit,,,,—,,
2026-09-27T20:12:49.904557+00:00,nfl,2026,3,401872955,4018729553497,3,1:12,S.Darnold pass short middle to G.Holani to SEA 29 for 9 yards (K.Medrano).,1,10,SEA 20,80,7,Washington Commanders,Seattle Seahawks,24,17,90.9,9.1,176.0,52.0,228.0,343.0,44.0,387.0,game,Spread,Seattle Seahawks,,-3.5,novig,589,—,—,,+7,,miss,,,,—,,
2026-09-27T20:12:49.904557+00:00,nfl,2026,3,401872955,4018729553497,3,1:12,S.Darnold pass short middle to G.Holani to SEA 29 for 9 yards (K.Medrano).,1,10,SEA 20,80,7,Washington Commanders,Seattle Seahawks,24,17,90.9,9.1,176.0,52.0,228.0,343.0,44.0,387.0,game,Spread,Seattle Seahawks,,3.5,novig,589,—,—,,+7,,hit,,,,—,,
2026-09-27T20:12:49.904557+00:00,nfl,2026,3,401872955,4018729553497,3,1:12,S.Darnold pass short middle to G.Holani to SEA 29 for 9 yards (K.Medrano).,1,10,SEA 20,80,7,Washington Commanders,Seattle Seahawks,24,17,90.9,9.1,176.0,52.0,228.0,343.0,44.0,387.0,game,Total,Over,,58.5,kalshi,-810,—,—,,41.0,,miss,,,,—,,
2026-09-27T20:12:49.904557+00:00,nfl,2026,3,401872955,4018729553497,3,1:12,S.Darnold pass short middle to G.Holani to SEA 29 for 9 yards (K.Medrano).,1,10,SEA 20,80,7,Washington Commanders,Seattle Seahawks,24,17,90.9,9.1,176.0,52.0,228.0,343.0,44.0,387.0,game,Total,Under,,58.5,kalshi,316,—,—,,41.0,,hit,,,,—,,
2026-09-27T20:12:49.904557+00:00,nfl,2026,3,401872955,4018729553497,3,1:12,S.Darnold pass short middle to G.Holani to SEA 29 for 9 yards (K.Medrano).,1,10,SEA 20,80,7,Washington Commanders,Seattle Seahawks,24,17,90.9,9.1,176.0,52.0,228.0,343.0,44.0,387.0,game,ML,Seattle Seahawks,,,polymarket,900,—,—,,Loss,,miss,,,,—,,
2026-09-27T20:12:49.904557+00:00,nfl,2026,3,401872955,4018729553497,3,1:12,S.Darnold pass short middle to G.Holani to SEA 29 for 9 yards (K.Medrano).,1,10,SEA 20,80,7,Washington Commanders,Seattle Seahawks,24,17,90.9,9.1,176.0,52.0,228.0,343.0,44.0,387.0,game,ML,Washington Commanders,,,polymarketus,-953,—,—,,Win,,hit,,,,—,,
2026-09-27T20:12:49.904557+00:00,nfl,2026,3,401872955,4018729553522,3,0:34,"(Shotgun) PENALTY on SEA-J.Smith-Njigba, False Start, 4 yards, enforced at SEA 29 - No Play.",2,1,SEA 29,71,7,Washington Commanders,Seattle Seahawks,24,17,90.9,9.1,176.0,52.0,228.0,343.0,44.0,387.0,game,Spread,Seattle Seahawks,,-3.5,novig,589,—,—,,+7,,miss,,,,—,,
2026-09-27T20:12:49.904557+00:00,nfl,2026,3,401872955,4018729553522,3,0:34,"(Shotgun) PENALTY on SEA-J.Smith-Njigba, False Start, 4 yards, enforced at SEA 29 - No Play.",2,1,SEA 29,71,7,Washington Commanders,Seattle Seahawks,24,17,90.9,9.1,176.0,52.0,228.0,343.0,44.0,387.0,game,Spread,Seattle Seahawks,,3.5,novig,589,—,—,,+7,,hit,,,,—,,
2026-09-27T20:12:49.904557+00:00,nfl,2026,3,401872955,4018729553522,3,0:34,"(Shotgun) PENALTY on SEA-J.Smith-Njigba, False Start, 4 yards, enforced at SEA 29 - No Play.",2,1,SEA 29,71,7,Washington Commanders,Seattle Seahawks,24,17,90.9,9.1,176.0,52.0,228.0,343.0,44.0,387.0,game,Total,Over,,58.5,kalshi,-810,—,—,,41.0,,miss,,,,—,,
2026-09-27T20:12:49.904557+00:00,nfl,2026,3,401872955,4018729553522,3,0:34,"(Shotgun) PENALTY on SEA-J.Smith-Njigba, False Start, 4 yards, enforced at SEA 29 - No Play.",2,1,SEA 29,71,7,Washington Commanders,Seattle Seahawks,24,17,90.9,9.1,176.0,52.0,228.0,343.0,44.0,387.0,game,Total,Under,,58.5,kalshi,316,—,—,,41.0,,hit,,,,—,,
2026-09-27T20:12:49.904557+00:00,nfl,2026,3,401872955,4018729553522,3,0:34,"(Shotgun) PENALTY on SEA-J.Smith-Njigba, False Start, 4 yards, enforced at SEA 29 - No Play.",2,1,SEA 29,71,7,Washington Commanders,Seattle Seahawks,24,17,90.9,9.1,176.0,52.0,228.0,343.0,44.0,387.0,game,ML,Seattle Seahawks,,,polymarket,900,—,—,,Loss,,miss,,,,—,,
2026-09-27T20:12:49.904557+00:00,nfl,2026,3,401872955,4018729553522,3,0:34,"(Shotgun) PENALTY on SEA-J.Smith-Njigba, False Start, 4 yards, enforced at SEA 29 - No Play.",2,1,SEA 29,71,7,Washington Commanders,Seattle Seahawks,24,17,90.9,9.1,176.0,52.0,228.0,343.0,44.0,387.0,game,ML,Washington Commanders,,,polymarketus,-953,—,—,,Win,,hit,,,,—,,
2026-09-27T20:12:49.904557+00:00,nfl,2026,3,401872955,4018729553546,3,0:15,S.Darnold pass short right to A.Barner pushed ob at SEA 37 for 12 yards (J.Josephs).,2,5,SEA 25,75,7,Washington Commanders,Seattle Seahawks,24,17,90.9,9.1,176.0,52.0,228.0,343.0,44.0,387.0,game,Spread,Seattle Seahawks,,-3.5,novig,589,—,—,,+7,,miss,,,,—,,
2026-09-27T20:12:49.904557+00:00,nfl,2026,3,401872955,4018729553546,3,0:15,S.Darnold pass short right to A.Barner pushed ob at SEA 37 for 12 yards (J.Josephs).,2,5,SEA 25,75,7,Washington Commanders,Seattle Seahawks,24,17,90.9,9.1,176.0,52.0,228.0,343.0,44.0,387.0,game,Spread,Seattle Seahawks,,3.5,novig,589,—,—,,+7,,hit,,,,—,,
2026-09-27T20:12:49.904557+00:00,nfl,2026,3,401872955,4018729553546,3,0:15,S.Darnold pass short right to A.Barner pushed ob at SEA 37 for 12 yards (J.Josephs).,2,5,SEA 25,75,7,Washington Commanders,Seattle Seahawks,24,17,90.9,9.1,176.0,52.0,228.0,343.0,44.0,387.0,game,Total,Over,,58.5,kalshi,-810,—,—,,41.0,,miss,,,,—,,
2026-09-27T20:12:49.904557+00:00,nfl,2026,3,401872955,4018729553546,3,0:15,S.Darnold pass short right to A.Barner pushed ob at SEA 37 for 12 yards (J.Josephs).,2,5,SEA 25,75,7,Washington Commanders,Seattle Seahawks,24,17,90.9,9.1,176.0,52.0,228.0,343.0,44.0,387.0,game,Total,Under,,58.5,kalshi,316,—,—,,41.0,,hit,,,,—,,
2026-09-27T20:12:49.904557+00:00,nfl,2026,3,401872955,4018729553546,3,0:15,S.Darnold pass short right to A.Barner pushed ob at SEA 37 for 12 yards (J.Josephs).,2,5,SEA 25,75,7,Washington Commanders,Seattle Seahawks,24,17,90.9,9.1,176.0,52.0,228.0,343.0,44.0,387.0,game,ML,Seattle Seahawks,,,polymarket,900,—,—,,Loss,,miss,,,,—,,
2026-09-27T20:12:49.904557+00:00,nfl,2026,3,401872955,4018729553546,3,0:15,S.Darnold pass short right to A.Barner pushed ob at SEA 37 for 12 yards (J.Josephs).,2,5,SEA 25,75,7,Washington Commanders,Seattle Seahawks,24,17,90.9,9.1,176.0,52.0,228.0,343.0,44.0,387.0,game,ML,Washington Commanders,,,polymarketus,-953,—,—,,Win,,hit,,,,—,,
2026-09-27T20:12:49.904557+00:00,nfl,2026,3,401872955,4018729553576,3,0:00,END QUARTER 3,1,10,SEA 32,63,7,Washington Commanders,Seattle Seahawks,24,17,90.9,9.1,176.0,52.0,228.0,343.0,44.0,387.0,game,Spread,Seattle Seahawks,,-3.5,novig,589,—,—,,+7,,miss,,,,—,,
2026-09-27T20:12:49.904557+00:00,nfl,2026,3,401872955,4018729553576,3,0:00,END QUARTER 3,1,10,SEA 32,63,7,Washington Commanders,Seattle Seahawks,24,17,90.9,9.1,176.0,52.0,228.0,343.0,44.0,387.0,game,Spread,Seattle Seahawks,,3.5,novig,589,—,—,,+7,,hit,,,,—,,
2026-09-27T20:12:49.904557+00:00,nfl,2026,3,401872955,4018729553576,3,0:00,END QUARTER 3,1,10,SEA 32,63,7,Washington Commanders,Seattle Seahawks,24,17,90.9,9.1,176.0,52.0,228.0,343.0,44.0,387.0,game,Total,Over,,58.5,kalshi,-810,—,—,,41.0,,miss,,,,—,,
2026-09-27T20:12:49.904557+00:00,nfl,2026,3,401872955,4018729553576,3,0:00,END QUARTER 3,1,10,SEA 32,63,7,Washington Commanders,Seattle Seahawks,24,17,90.9,9.1,176.0,52.0,228.0,343.0,44.0,387.0,game,Total,Under,,58.5,kalshi,316,—,—,,41.0,,hit,,,,—,,
2026-09-27T20:12:49.904557+00:00,nfl,2026,3,401872955,4018729553576,3,0:00,END QUARTER 3,1,10,SEA 32,63,7,Washington Commanders,Seattle Seahawks,24,17,90.9,9.1,176.0,52.0,228.0,343.0,44.0,387.0,game,ML,Seattle Seahawks,,,polymarket,900,—,—,,Loss,,miss,,,,—,,
2026-09-27T20:12:49.904557+00:00,nfl,2026,3,401872955,4018729553576,3,0:00,END QUARTER 3,1,10,SEA 32,63,7,Washington Commanders,Seattle Seahawks,24,17,90.9,9.1,176.0,52.0,228.0,343.0,44.0,387.0,game,ML,Washington Commanders,,,polymarketus,-953,—,—,,Win,,hit,,,,—,,
2026-09-27T20:12:49.904557+00:00,nfl,2026,3,401872955,4018729553596,4,15:00,(Shotgun) G.Holani up the middle to SEA 42 for 5 yards (S.Styles).,1,10,SEA 37,63,7,Washington Commanders,Seattle Seahawks,24,17,90.9,9.1,176.0,52.0,228.0,343.0,44.0,387.0,game,Spread,Seattle Seahawks,,-3.5,novig,589,—,—,,+7,,miss,,,,—,,
2026-09-27T20:12:49.904557+00:00,nfl,2026,3,401872955,4018729553596,4,15:00,(Shotgun) G.Holani up the middle to SEA 42 for 5 yards (S.Styles).,1,10,SEA 37,63,7,Washington Commanders,Seattle Seahawks,24,17,90.9,9.1,176.0,52.0,228.0,343.0,44.0,387.0,game,Spread,Seattle Seahawks,,3.5,novig,589,—,—,,+7,,hit,,,,—,,
2026-09-27T20:12:49.904557+00:00,nfl,2026,3,401872955,4018729553596,4,15:00,(Shotgun) G.Holani up the middle to SEA 42 for 5 yards (S.Styles).,1,10,SEA 37,63,7,Washington Commanders,Seattle Seahawks,24,17,90.9,9.1,176.0,52.0,228.0,343.0,44.0,387.0,game,Total,Over,,58.5,kalshi,-810,—,—,,41.0,,miss,,,,—,,
2026-09-27T20:12:49.904557+00:00,nfl,2026,3,401872955,4018729553596,4,15:00,(Shotgun) G.Holani up the middle to SEA 42 for 5 yards (S.Styles).,1,10,SEA 37,63,7,Washington Commanders,Seattle Seahawks,24,17,90.9,9.1,176.0,52.0,228.0,343.0,44.0,387.0,game,Total,Under,,58.5,kalshi,316,—,—,,41.0,,hit,,,,—,,
2026-09-27T20:12:49.904557+00:00,nfl,2026,3,401872955,4018729553596,4,15:00,(Shotgun) G.Holani up the middle to SEA 42 for 5 yards (S.Styles).,1,10,SEA 37,63,7,Washington Commanders,Seattle Seahawks,24,17,90.9,9.1,176.0,52.0,228.0,343.0,44.0,387.0,game,ML,Seattle Seahawks,,,polymarket,900,—,—,,Loss,,miss,,,,—,,
2026-09-27T20:12:49.904557+00:00,nfl,2026,3,401872955,4018729553596,4,15:00,(Shotgun) G.Holani up the middle to SEA 42 for 5 yards (S.Styles).,1,10,SEA 37,63,7,Washington Commanders,Seattle Seahawks,24,17,90.9,9.1,176.0,52.0,228.0,343.0,44.0,387.0,game,ML,Washington Commanders,,,polymarketus,-953,—,—,,Win,,hit,,,,—,,
2026-09-27T20:12:49.904557+00:00,nfl,2026,3,401872955,4018729553618,4,14:19,"S.Darnold pass incomplete short right to R.Shaheed (K.Chaisson).PENALTY on WAS-K.Chaisson, Unnecessary Roughness, 15 yards, enforced at SEA 42 - No Play.",2,5,SEA 42,58,7,Washington Commanders,Seattle Seahawks,24,17,90.9,9.1,176.0,52.0,228.0,343.0,44.0,387.0,game,Spread,Seattle Seahawks,,-3.5,novig,589,—,—,,+7,,miss,,,,—,,
2026-09-27T20:12:49.904557+00:00,nfl,2026,3,401872955,4018729553618,4,14:19,"S.Darnold pass incomplete short right to R.Shaheed (K.Chaisson).PENALTY on WAS-K.Chaisson, Unnecessary Roughness, 15 yards, enforced at SEA 42 - No Play.",2,5,SEA 42,58,7,Washington Commanders,Seattle Seahawks,24,17,90.9,9.1,176.0,52.0,228.0,343.0,44.0,387.0,game,Spread,Seattle Seahawks,,3.5,novig,589,—,—,,+7,,hit,,,,—,,
2026-09-27T20:12:49.904557+00:00,nfl,2026,3,401872955,4018729553618,4,14:19,"S.Darnold pass incomplete short right to R.Shaheed (K.Chaisson).PENALTY on WAS-K.Chaisson, Unnecessary Roughness, 15 yards, enforced at SEA 42 - No Play.",2,5,SEA 42,58,7,Washington Commanders,Seattle Seahawks,24,17,90.9,9.1,176.0,52.0,228.0,343.0,44.0,387.0,game,Total,Over,,58.5,kalshi,-810,—,—,,41.0,,miss,,,,—,,
2026-09-27T20:12:49.904557+00:00,nfl,2026,3,401872955,4018729553618,4,14:19,"S.Darnold pass incomplete short right to R.Shaheed (K.Chaisson).PENALTY on WAS-K.Chaisson, Unnecessary Roughness, 15 yards, enforced at SEA 42 - No Play.",2,5,SEA 42,58,7,Washington Commanders,Seattle Seahawks,24,17,90.9,9.1,176.0,52.0,228.0,343.0,44.0,387.0,game,Total,Under,,58.5,kalshi,316,—,—,,41.0,,hit,,,,—,,
2026-09-27T20:12:49.904557+00:00,nfl,2026,3,401872955,4018729553618,4,14:19,"S.Darnold pass incomplete short right to R.Shaheed (K.Chaisson).PENALTY on WAS-K.Chaisson, Unnecessary Roughness, 15 yards, enforced at SEA 42 - No Play.",2,5,SEA 42,58,7,Washington Commanders,Seattle Seahawks,24,17,90.9,9.1,176.0,52.0,228.0,343.0,44.0,387.0,game,ML,Seattle Seahawks,,,polymarket,900,—,—,,Loss,,miss,,,,—,,
2026-09-27T20:12:49.904557+00:00,nfl,2026,3,401872955,4018729553618,4,14:19,"S.Darnold pass incomplete short right to R.Shaheed (K.Chaisson).PENALTY on WAS-K.Chaisson, Unnecessary Roughness, 15 yards, enforced at SEA 42 - No Play.",2,5,SEA 42,58,7,Washington Commanders,Seattle Seahawks,24,17,90.9,9.1,176.0,52.0,228.0,343.0,44.0,387.0,game,ML,Washington Commanders,,,polymarketus,-953,—,—,,Win,,hit,,,,—,,
2026-09-27T20:12:49.904557+00:00,nfl,2026,3,401872955,4018729553664,4,14:08,S.Darnold pass short middle to G.Holani to WAS 30 for 13 yards (K.Chaisson).,1,10,WSH 43,43,7,Washington Commanders,Seattle Seahawks,24,17,90.9,9.1,176.0,52.0,228.0,343.0,44.0,387.0,game,Spread,Seattle Seahawks,,-3.5,novig,589,—,—,,+7,,miss,,,,—,,
2026-09-27T20:12:49.904557+00:00,nfl,2026,3,401872955,4018729553664,4,14:08,S.Darnold pass short middle to G.Holani to WAS 30 for 13 yards (K.Chaisson).,1,10,WSH 43,43,7,Washington Commanders,Seattle Seahawks,24,17,90.9,9.1,176.0,52.0,228.0,343.0,44.0,387.0,game,Spread,Seattle Seahawks,,3.5,novig,589,—,—,,+7,,hit,,,,—,,
2026-09-27T20:12:49.904557+00:00,nfl,2026,3,401872955,4018729553664,4,14:08,S.Darnold pass short middle to G.Holani to WAS 30 for 13 yards (K.Chaisson).,1,10,WSH 43,43,7,Washington Commanders,Seattle Seahawks,24,17,90.9,9.1,176.0,52.0,228.0,343.0,44.0,387.0,game,Total,Over,,58.5,kalshi,-810,—,—,,41.0,,miss,,,,—,,
2026-09-27T20:12:49.904557+00:00,nfl,2026,3,401872955,4018729553664,4,14:08,S.Darnold pass short middle to G.Holani to WAS 30 for 13 yards (K.Chaisson).,1,10,WSH 43,43,7,Washington Commanders,Seattle Seahawks,24,17,90.9,9.1,176.0,52.0,228.0,343.0,44.0,387.0,game,Total,Under,,58.5,kalshi,316,—,—,,41.0,,hit,,,,—,,
2026-09-27T20:12:49.904557+00:00,nfl,2026,3,401872955,4018729553664,4,14:08,S.Darnold pass short middle to G.Holani to WAS 30 for 13 yards (K.Chaisson).,1,10,WSH 43,43,7,Washington Commanders,Seattle Seahawks,24,17,90.9,9.1,176.0,52.0,228.0,343.0,44.0,387.0,game,ML,Seattle Seahawks,,,polymarket,900,—,—,,Loss,,miss,,,,—,,
2026-09-27T20:12:49.904557+00:00,nfl,2026,3,401872955,4018729553664,4,14:08,S.Darnold pass short middle to G.Holani to WAS 30 for 13 yards (K.Chaisson).,1,10,WSH 43,43,7,Washington Commanders,Seattle Seahawks,24,17,90.9,9.1,176.0,52.0,228.0,343.0,44.0,387.0,game,ML,Washington Commanders,,,polymarketus,-953,—,—,,Win,,hit,,,,—,,
2026-09-27T20:12:49.904557+00:00,nfl,2026,3,401872955,4018729553689,4,13:26,(Shotgun) J.Smith-Njigba pass short right to G.Holani to WAS 16 for 14 yards (O.Oweh; P.Butler) [S.Styles].,1,10,WSH 30,30,7,Washington Commanders,Seattle Seahawks,24,17,90.9,9.1,176.0,52.0,228.0,343.0,44.0,387.0,game,Spread,Seattle Seahawks,,-3.5,novig,589,—,—,,+7,,miss,,,,—,,
2026-09-27T20:12:49.904557+00:00,nfl,2026,3,401872955,4018729553689,4,13:26,(Shotgun) J.Smith-Njigba pass short right to G.Holani to WAS 16 for 14 yards (O.Oweh; P.Butler) [S.Styles].,1,10,WSH 30,30,7,Washington Commanders,Seattle Seahawks,24,17,90.9,9.1,176.0,52.0,228.0,343.0,44.0,387.0,game,Spread,Seattle Seahawks,,3.5,novig,589,—,—,,+7,,hit,,,,—,,
2026-09-27T20:12:49.904557+00:00,nfl,2026,3,401872955,4018729553689,4,13:26,(Shotgun) J.Smith-Njigba pass short right to G.Holani to WAS 16 for 14 yards (O.Oweh; P.Butler) [S.Styles].,1,10,WSH 30,30,7,Washington Commanders,Seattle Seahawks,24,17,90.9,9.1,176.0,52.0,228.0,343.0,44.0,387.0,game,Total,Over,,58.5,kalshi,-810,—,—,,41.0,,miss,,,,—,,
2026-09-27T20:12:49.904557+00:00,nfl,2026,3,401872955,4018729553689,4,13:26,(Shotgun) J.Smith-Njigba pass short right to G.Holani to WAS 16 for 14 yards (O.Oweh; P.Butler) [S.Styles].,1,10,WSH 30,30,7,Washington Commanders,Seattle Seahawks,24,17,90.9,9.1,176.0,52.0,228.0,343.0,44.0,387.0,game,Total,Under,,58.5,kalshi,316,—,—,,41.0,,hit,,,,—,,
2026-09-27T20:12:49.904557+00:00,nfl,2026,3,401872955,4018729553689,4,13:26,(Shotgun) J.Smith-Njigba pass short right to G.Holani to WAS 16 for 14 yards (O.Oweh; P.Butler) [S.Styles].,1,10,WSH 30,30,7,Washington Commanders,Seattle Seahawks,24,17,90.9,9.1,176.0,52.0,228.0,343.0,44.0,387.0,game,ML,Seattle Seahawks,,,polymarket,900,—,—,,Loss,,miss,,,,—,,
2026-09-27T20:12:49.904557+00:00,nfl,2026,3,401872955,4018729553689,4,13:26,(Shotgun) J.Smith-Njigba pass short right to G.Holani to WAS 16 for 14 yards (O.Oweh; P.Butler) [S.Styles].,1,10,WSH 30,30,7,Washington Commanders,Seattle Seahawks,24,17,90.9,9.1,176.0,52.0,228.0,343.0,44.0,387.0,game,ML,Washington Commanders,,,polymarketus,-953,—,—,,Win,,hit,,,,—,,
2026-09-27T20:12:49.904557+00:00,nfl,2026,3,401872955,4018729553714,4,12:37,(Shotgun) S.Darnold pass short right to A.Barner to WAS 11 for 5 yards (R.Douglas).,1,10,WSH 16,16,7,Washington Commanders,Seattle Seahawks,24,17,90.9,9.1,176.0,52.0,228.0,343.0,44.0,387.0,game,Spread,Seattle Seahawks,,-3.5,novig,589,—,—,,+7,,miss,,,,—,,
2026-09-27T20:12:49.904557+00:00,nfl,2026,3,401872955,4018729553714,4,12:37,(Shotgun) S.Darnold pass short right to A.Barner to WAS 11 for 5 yards (R.Douglas).,1,10,WSH 16,16,7,Washington Commanders,Seattle Seahawks,24,17,90.9,9.1,176.0,52.0,228.0,343.0,44.0,387.0,game,Spread,Seattle Seahawks,,3.5,novig,589,—,—,,+7,,hit,,,,—,,
2026-09-27T20:12:49.904557+00:00,nfl,2026,3,401872955,4018729553714,4,12:37,(Shotgun) S.Darnold pass short right to A.Barner to WAS 11 for 5 yards (R.Douglas).,1,10,WSH 16,16,7,Washington Commanders,Seattle Seahawks,24,17,90.9,9.1,176.0,52.0,228.0,343.0,44.0,387.0,game,Total,Over,,58.5,kalshi,-810,—,—,,41.0,,miss,,,,—,,
2026-09-27T20:12:49.904557+00:00,nfl,2026,3,401872955,4018729553714,4,12:37,(Shotgun) S.Darnold pass short right to A.Barner to WAS 11 for 5 yards (R.Douglas).,1,10,WSH 16,16,7,Washington Commanders,Seattle Seahawks,24,17,90.9,9.1,176.0,52.0,228.0,343.0,44.0,387.0,game,Total,Under,,58.5,kalshi,316,—,—,,41.0,,hit,,,,—,,
2026-09-27T20:12:49.904557+00:00,nfl,2026,3,401872955,4018729553714,4,12:37,(Shotgun) S.Darnold pass short right to A.Barner to WAS 11 for 5 yards (R.Douglas).,1,10,WSH 16,16,7,Washington Commanders,Seattle Seahawks,24,17,90.9,9.1,176.0,52.0,228.0,343.0,44.0,387.0,game,ML,Seattle Seahawks,,,polymarket,900,—,—,,Loss,,miss,,,,—,,
2026-09-27T20:12:49.904557+00:00,nfl,2026,3,401872955,4018729553714,4,12:37,(Shotgun) S.Darnold pass short right to A.Barner to WAS 11 for 5 yards (R.Douglas).,1,10,WSH 16,16,7,Washington Commanders,Seattle Seahawks,24,17,90.9,9.1,176.0,52.0,228.0,343.0,44.0,387.0,game,ML,Washington Commanders,,,polymarketus,-953,—,—,,Win,,hit,,,,—,,
2026-09-27T20:12:49.904557+00:00,nfl,2026,3,401872955,4018729553773,4,11:53,Official Timeout at 11:53.,-1,10,WSH 15,15,0,Washington Commanders,Seattle Seahawks,24,24,90.9,9.1,176.0,52.0,228.0,343.0,44.0,387.0,game,Spread,Seattle Seahawks,,-3.5,novig,589,—,—,,0,,miss,,,,—,,
2026-09-27T20:12:49.904557+00:00,nfl,2026,3,401872955,4018729553773,4,11:53,Official Timeout at 11:53.,-1,10,WSH 15,15,0,Washington Commanders,Seattle Seahawks,24,24,90.9,9.1,176.0,52.0,228.0,343.0,44.0,387.0,game,Spread,Seattle Seahawks,,3.5,novig,589,—,—,,0,,hit,,,,—,,
2026-09-27T20:12:49.904557+00:00,nfl,2026,3,401872955,4018729553773,4,11:53,Official Timeout at 11:53.,-1,10,WSH 15,15,0,Washington Commanders,Seattle Seahawks,24,24,90.9,9.1,176.0,52.0,228.0,343.0,44.0,387.0,game,Total,Over,,58.5,kalshi,-810,—,—,,48.0,,miss,,,,—,,
2026-09-27T20:12:49.904557+00:00,nfl,2026,3,401872955,4018729553773,4,11:53,Official Timeout at 11:53.,-1,10,WSH 15,15,0,Washington Commanders,Seattle Seahawks,24,24,90.9,9.1,176.0,52.0,228.0,343.0,44.0,387.0,game,Total,Under,,58.5,kalshi,316,—,—,,48.0,,hit,,,,—,,
2026-09-27T20:12:49.904557+00:00,nfl,2026,3,401872955,4018729553773,4,11:53,Official Timeout at 11:53.,-1,10,WSH 15,15,0,Washington Commanders,Seattle Seahawks,24,24,90.9,9.1,176.0,52.0,228.0,343.0,44.0,387.0,game,ML,Seattle Seahawks,,,polymarket,900,—,—,,Loss,,miss,,,,—,,
2026-09-27T20:12:49.904557+00:00,nfl,2026,3,401872955,4018729553773,4,11:53,Official Timeout at 11:53.,-1,10,WSH 15,15,0,Washington Commanders,Seattle Seahawks,24,24,90.9,9.1,176.0,52.0,228.0,343.0,44.0,387.0,game,ML,Washington Commanders,,,polymarketus,-953,—,—,,Loss,,miss,,,,—,,
2026-09-27T20:12:49.904557+00:00,nfl,2026,3,401872955,4018729553739,4,11:53,"(Shotgun) S.Darnold pass short left to J.Smith-Njigba for 11 yards, TOUCHDOWN. J.Myers extra point is GOOD, Center-C.Stoll, Holder-M.Dickson.",2,5,WSH 11,11,0,Washington Commanders,Seattle Seahawks,24,24,90.9,9.1,176.0,52.0,228.0,343.0,44.0,387.0,game,Spread,Seattle Seahawks,,-3.5,novig,589,—,—,,0,,miss,,,,—,,
2026-09-27T20:12:49.904557+00:00,nfl,2026,3,401872955,4018729553739,4,11:53,"(Shotgun) S.Darnold pass short left to J.Smith-Njigba for 11 yards, TOUCHDOWN. J.Myers extra point is GOOD, Center-C.Stoll, Holder-M.Dickson.",2,5,WSH 11,11,0,Washington Commanders,Seattle Seahawks,24,24,90.9,9.1,176.0,52.0,228.0,343.0,44.0,387.0,game,Spread,Seattle Seahawks,,3.5,novig,589,—,—,,0,,hit,,,,—,,
2026-09-27T20:12:49.904557+00:00,nfl,2026,3,401872955,4018729553739,4,11:53,"(Shotgun) S.Darnold pass short left to J.Smith-Njigba for 11 yards, TOUCHDOWN. J.Myers extra point is GOOD, Center-C.Stoll, Holder-M.Dickson.",2,5,WSH 11,11,0,Washington Commanders,Seattle Seahawks,24,24,90.9,9.1,176.0,52.0,228.0,343.0,44.0,387.0,game,Total,Over,,58.5,kalshi,-810,—,—,,48.0,,miss,,,,—,,
2026-09-27T20:12:49.904557+00:00,nfl,2026,3,401872955,4018729553739,4,11:53,"(Shotgun) S.Darnold pass short left to J.Smith-Njigba for 11 yards, TOUCHDOWN. J.Myers extra point is GOOD, Center-C.Stoll, Holder-M.Dickson.",2,5,WSH 11,11,0,Washington Commanders,Seattle Seahawks,24,24,90.9,9.1,176.0,52.0,228.0,343.0,44.0,387.0,game,Total,Under,,58.5,kalshi,316,—,—,,48.0,,hit,,,,—,,
2026-09-27T20:12:49.904557+00:00,nfl,2026,3,401872955,4018729553739,4,11:53,"(Shotgun) S.Darnold pass short left to J.Smith-Njigba for 11 yards, TOUCHDOWN. J.Myers extra point is GOOD, Center-C.Stoll, Holder-M.Dickson.",2,5,WSH 11,11,0,Washington Commanders,Seattle Seahawks,24,24,90.9,9.1,176.0,52.0,228.0,343.0,44.0,387.0,game,ML,Seattle Seahawks,,,polymarket,900,—,—,,Loss,,miss,,,,—,,
2026-09-27T20:12:49.904557+00:00,nfl,2026,3,401872955,4018729553739,4,11:53,"(Shotgun) S.Darnold pass short left to J.Smith-Njigba for 11 yards, TOUCHDOWN. J.Myers extra point is GOOD, Center-C.Stoll, Holder-M.Dickson.",2,5,WSH 11,11,0,Washington Commanders,Seattle Seahawks,24,24,90.9,9.1,176.0,52.0,228.0,343.0,44.0,387.0,game,ML,Washington Commanders,,,polymarketus,-953,—,—,,Loss,,miss,,,,—,,
2026-09-27T20:12:49.904557+00:00,nfl,2026,3,401872955,4018729553780,4,11:53,"J.Myers kicks 42 yards from SEA 35 to WAS 23, short of landing zone.PENALTY on SEA-J.Myers, Kickoff Short of Landing Zone, placed at WAS 40.",1,10,SEA 32,65,0,Washington Commanders,Seattle Seahawks,24,24,90.9,9.1,176.0,52.0,228.0,343.0,44.0,387.0,game,Spread,Seattle Seahawks,,-3.5,novig,589,—,—,,0,,miss,,,,—,,
2026-09-27T20:12:49.904557+00:00,nfl,2026,3,401872955,4018729553780,4,11:53,"J.Myers kicks 42 yards from SEA 35 to WAS 23, short of landing zone.PENALTY on SEA-J.Myers, Kickoff Short of Landing Zone, placed at WAS 40.",1,10,SEA 32,65,0,Washington Commanders,Seattle Seahawks,24,24,90.9,9.1,176.0,52.0,228.0,343.0,44.0,387.0,game,Spread,Seattle Seahawks,,3.5,novig,589,—,—,,0,,hit,,,,—,,
2026-09-27T20:12:49.904557+00:00,nfl,2026,3,401872955,4018729553780,4,11:53,"J.Myers kicks 42 yards from SEA 35 to WAS 23, short of landing zone.PENALTY on SEA-J.Myers, Kickoff Short of Landing Zone, placed at WAS 40.",1,10,SEA 32,65,0,Washington Commanders,Seattle Seahawks,24,24,90.9,9.1,176.0,52.0,228.0,343.0,44.0,387.0,game,Total,Over,,58.5,kalshi,-810,—,—,,48.0,,miss,,,,—,,
2026-09-27T20:12:49.904557+00:00,nfl,2026,3,401872955,4018729553780,4,11:53,"J.Myers kicks 42 yards from SEA 35 to WAS 23, short of landing zone.PENALTY on SEA-J.Myers, Kickoff Short of Landing Zone, placed at WAS 40.",1,10,SEA 32,65,0,Washington Commanders,Seattle Seahawks,24,24,90.9,9.1,176.0,52.0,228.0,343.0,44.0,387.0,game,Total,Under,,58.5,kalshi,316,—,—,,48.0,,hit,,,,—,,
2026-09-27T20:12:49.904557+00:00,nfl,2026,3,401872955,4018729553780,4,11:53,"J.Myers kicks 42 yards from SEA 35 to WAS 23, short of landing zone.PENALTY on SEA-J.Myers, Kickoff Short of Landing Zone, placed at WAS 40.",1,10,SEA 32,65,0,Washington Commanders,Seattle Seahawks,24,24,90.9,9.1,176.0,52.0,228.0,343.0,44.0,387.0,game,ML,Seattle Seahawks,,,polymarket,900,—,—,,Loss,,miss,,,,—,,
2026-09-27T20:12:49.904557+00:00,nfl,2026,3,401872955,4018729553780,4,11:53,"J.Myers kicks 42 yards from SEA 35 to WAS 23, short of landing zone.PENALTY on SEA-J.Myers, Kickoff Short of Landing Zone, placed at WAS 40.",1,10,SEA 32,65,0,Washington Commanders,Seattle Seahawks,24,24,90.9,9.1,176.0,52.0,228.0,343.0,44.0,387.0,game,ML,Washington Commanders,,,polymarketus,-953,—,—,,Loss,,miss,,,,—,,
2026-09-27T20:12:49.904557+00:00,nfl,2026,3,401872955,4018729553816,4,11:53,J.Croskey-Merritt left guard to WAS 42 for 2 yards (D.Hall; D.Thomas).,1,10,WSH 40,40,0,Washington Commanders,Seattle Seahawks,24,24,90.9,9.1,176.0,52.0,228.0,343.0,44.0,387.0,game,Spread,Seattle Seahawks,,-3.5,novig,589,—,—,,0,,miss,,,,—,,
2026-09-27T20:12:49.904557+00:00,nfl,2026,3,401872955,4018729553816,4,11:53,J.Croskey-Merritt left guard to WAS 42 for 2 yards (D.Hall; D.Thomas).,1,10,WSH 40,40,0,Washington Commanders,Seattle Seahawks,24,24,90.9,9.1,176.0,52.0,228.0,343.0,44.0,387.0,game,Spread,Seattle Seahawks,,3.5,novig,589,—,—,,0,,hit,,,,—,,
2026-09-27T20:12:49.904557+00:00,nfl,2026,3,401872955,4018729553816,4,11:53,J.Croskey-Merritt left guard to WAS 42 for 2 yards (D.Hall; D.Thomas).,1,10,WSH 40,40,0,Washington Commanders,Seattle Seahawks,24,24,90.9,9.1,176.0,52.0,228.0,343.0,44.0,387.0,game,Total,Over,,58.5,kalshi,-810,—,—,,48.0,,miss,,,,—,,
2026-09-27T20:12:49.904557+00:00,nfl,2026,3,401872955,4018729553816,4,11:53,J.Croskey-Merritt left guard to WAS 42 for 2 yards (D.Hall; D.Thomas).,1,10,WSH 40,40,0,Washington Commanders,Seattle Seahawks,24,24,90.9,9.1,176.0,52.0,228.0,343.0,44.0,387.0,game,Total,Under,,58.5,kalshi,316,—,—,,48.0,,hit,,,,—,,
2026-09-27T20:12:49.904557+00:00,nfl,2026,3,401872955,4018729553816,4,11:53,J.Croskey-Merritt left guard to WAS 42 for 2 yards (D.Hall; D.Thomas).,1,10,WSH 40,40,0,Washington Commanders,Seattle Seahawks,24,24,90.9,9.1,176.0,52.0,228.0,343.0,44.0,387.0,game,ML,Seattle Seahawks,,,polymarket,900,—,—,,Loss,,miss,,,,—,,
2026-09-27T20:12:49.904557+00:00,nfl,2026,3,401872955,4018729553816,4,11:53,J.Croskey-Merritt left guard to WAS 42 for 2 yards (D.Hall; D.Thomas).,1,10,WSH 40,40,0,Washington Commanders,Seattle Seahawks,24,24,90.9,9.1,176.0,52.0,228.0,343.0,44.0,387.0,game,ML,Washington Commanders,,,polymarketus,-953,—,—,,Loss,,miss,,,,—,,
2026-09-27T20:12:49.904557+00:00,nfl,2026,3,401872955,4018729553838,4,11:17,(Shotgun) M.Mariota sacked at WAS 36 for -6 yards (L.Williams).,2,8,WSH 42,42,0,Washington Commanders,Seattle Seahawks,24,24,90.9,9.1,176.0,52.0,228.0,343.0,44.0,387.0,game,Spread,Seattle Seahawks,,-3.5,novig,589,—,—,,0,,miss,,,,—,,
2026-09-27T20:12:49.904557+00:00,nfl,2026,3,401872955,4018729553838,4,11:17,(Shotgun) M.Mariota sacked at WAS 36 for -6 yards (L.Williams).,2,8,WSH 42,42,0,Washington Commanders,Seattle Seahawks,24,24,90.9,9.1,176.0,52.0,228.0,343.0,44.0,387.0,game,Spread,Seattle Seahawks,,3.5,novig,589,—,—,,0,,hit,,,,—,,
2026-09-27T20:12:49.904557+00:00,nfl,2026,3,401872955,4018729553838,4,11:17,(Shotgun) M.Mariota sacked at WAS 36 for -6 yards (L.Williams).,2,8,WSH 42,42,0,Washington Commanders,Seattle Seahawks,24,24,90.9,9.1,176.0,52.0,228.0,343.0,44.0,387.0,game,Total,Over,,58.5,kalshi,-810,—,—,,48.0,,miss,,,,—,,
2026-09-27T20:12:49.904557+00:00,nfl,2026,3,401872955,4018729553838,4,11:17,(Shotgun) M.Mariota sacked at WAS 36 for -6 yards (L.Williams).,2,8,WSH 42,42,0,Washington Commanders,Seattle Seahawks,24,24,90.9,9.1,176.0,52.0,228.0,343.0,44.0,387.0,game,Total,Under,,58.5,kalshi,316,—,—,,48.0,,hit,,,,—,,
2026-09-27T20:12:49.904557+00:00,nfl,2026,3,401872955,4018729553838,4,11:17,(Shotgun) M.Mariota sacked at WAS 36 for -6 yards (L.Williams).,2,8,WSH 42,42,0,Washington Commanders,Seattle Seahawks,24,24,90.9,9.1,176.0,52.0,228.0,343.0,44.0,387.0,game,ML,Seattle Seahawks,,,polymarket,900,—,—,,Loss,,miss,,,,—,,
2026-09-27T20:12:49.904557+00:00,nfl,2026,3,401872955,4018729553838,4,11:17,(Shotgun) M.Mariota sacked at WAS 36 for -6 yards (L.Williams).,2,8,WSH 42,42,0,Washington Commanders,Seattle Seahawks,24,24,90.9,9.1,176.0,52.0,228.0,343.0,44.0,387.0,game,ML,Washington Commanders,,,polymarketus,-953,—,—,,Loss,,miss,,,,—,,
2026-09-27T20:12:49.904557+00:00,nfl,2026,3,401872955,4018729553858,4,10:35,"(Shotgun) M.Mariota pass incomplete deep left to T.McLaurin (J.Jobe, A.Finley).PENALTY on SEA-A.Finley, Unnecessary Roughness, 15 yards, enforced at WAS 36 - No Play.",3,14,WSH 36,36,0,Washington Commanders,Seattle Seahawks,24,24,90.9,9.1,176.0,52.0,228.0,343.0,44.0,387.0,game,Spread,Seattle Seahawks,,-3.5,novig,589,—,—,,0,,miss,,,,—,,
2026-09-27T20:12:49.904557+00:00,nfl,2026,3,401872955,4018729553858,4,10:35,"(Shotgun) M.Mariota pass incomplete deep left to T.McLaurin (J.Jobe, A.Finley).PENALTY on SEA-A.Finley, Unnecessary Roughness, 15 yards, enforced at WAS 36 - No Play.",3,14,WSH 36,36,0,Washington Commanders,Seattle Seahawks,24,24,90.9,9.1,176.0,52.0,228.0,343.0,44.0,387.0,game,Spread,Seattle Seahawks,,3.5,novig,589,—,—,,0,,hit,,,,—,,
2026-09-27T20:12:49.904557+00:00,nfl,2026,3,401872955,4018729553858,4,10:35,"(Shotgun) M.Mariota pass incomplete deep left to T.McLaurin (J.Jobe, A.Finley).PENALTY on SEA-A.Finley, Unnecessary Roughness, 15 yards, enforced at WAS 36 - No Play.",3,14,WSH 36,36,0,Washington Commanders,Seattle Seahawks,24,24,90.9,9.1,176.0,52.0,228.0,343.0,44.0,387.0,game,Total,Over,,58.5,kalshi,-810,—,—,,48.0,,miss,,,,—,,
2026-09-27T20:12:49.904557+00:00,nfl,2026,3,401872955,4018729553858,4,10:35,"(Shotgun) M.Mariota pass incomplete deep left to T.McLaurin (J.Jobe, A.Finley).PENALTY on SEA-A.Finley, Unnecessary Roughness, 15 yards, enforced at WAS 36 - No Play.",3,14,WSH 36,36,0,Washington Commanders,Seattle Seahawks,24,24,90.9,9.1,176.0,52.0,228.0,343.0,44.0,387.0,game,Total,Under,,58.5,kalshi,316,—,—,,48.0,,hit,,,,—,,
2026-09-27T20:12:49.904557+00:00,nfl,2026,3,401872955,4018729553858,4,10:35,"(Shotgun) M.Mariota pass incomplete deep left to T.McLaurin (J.Jobe, A.Finley).PENALTY on SEA-A.Finley, Unnecessary Roughness, 15 yards, enforced at WAS 36 - No Play.",3,14,WSH 36,36,0,Washington Commanders,Seattle Seahawks,24,24,90.9,9.1,176.0,52.0,228.0,343.0,44.0,387.0,game,ML,Seattle Seahawks,,,polymarket,900,—,—,,Loss,,miss,,,,—,,
2026-09-27T20:12:49.904557+00:00,nfl,2026,3,401872955,4018729553858,4,10:35,"(Shotgun) M.Mariota pass incomplete deep left to T.McLaurin (J.Jobe, A.Finley).PENALTY on SEA-A.Finley, Unnecessary Roughness, 15 yards, enforced at WAS 36 - No Play.",3,14,WSH 36,36,0,Washington Commanders,Seattle Seahawks,24,24,90.9,9.1,176.0,52.0,228.0,343.0,44.0,387.0,game,ML,Washington Commanders,,,polymarketus,-953,—,—,,Loss,,miss,,,,—,,
2026-09-27T20:12:49.904557+00:00,nfl,2026,3,401872955,4018729553904,4,10:29,(Shotgun) M.Mariota pass short right to S.Diggs to SEA 44 for 5 yards (R.Thomas; D.Lawrence).,1,10,SEA 49,51,0,Washington Commanders,Seattle Seahawks,24,24,90.9,9.1,176.0,52.0,228.0,343.0,44.0,387.0,game,Spread,Seattle Seahawks,,-3.5,novig,589,—,—,,0,,miss,,,,—,,
2026-09-27T20:12:49.904557+00:00,nfl,2026,3,401872955,4018729553904,4,10:29,(Shotgun) M.Mariota pass short right to S.Diggs to SEA 44 for 5 yards (R.Thomas; D.Lawrence).,1,10,SEA 49,51,0,Washington Commanders,Seattle Seahawks,24,24,90.9,9.1,176.0,52.0,228.0,343.0,44.0,387.0,game,Spread,Seattle Seahawks,,3.5,novig,589,—,—,,0,,hit,,,,—,,
2026-09-27T20:12:49.904557+00:00,nfl,2026,3,401872955,4018729553904,4,10:29,(Shotgun) M.Mariota pass short right to S.Diggs to SEA 44 for 5 yards (R.Thomas; D.Lawrence).,1,10,SEA 49,51,0,Washington Commanders,Seattle Seahawks,24,24,90.9,9.1,176.0,52.0,228.0,343.0,44.0,387.0,game,Total,Over,,58.5,kalshi,-810,—,—,,48.0,,miss,,,,—,,
2026-09-27T20:12:49.904557+00:00,nfl,2026,3,401872955,4018729553904,4,10:29,(Shotgun) M.Mariota pass short right to S.Diggs to SEA 44 for 5 yards (R.Thomas; D.Lawrence).,1,10,SEA 49,51,0,Washington Commanders,Seattle Seahawks,24,24,90.9,9.1,176.0,52.0,228.0,343.0,44.0,387.0,game,Total,Under,,58.5,kalshi,316,—,—,,48.0,,hit,,,,—,,
2026-09-27T20:12:49.904557+00:00,nfl,2026,3,401872955,4018729553904,4,10:29,(Shotgun) M.Mariota pass short right to S.Diggs to SEA 44 for 5 yards (R.Thomas; D.Lawrence).,1,10,SEA 49,51,0,Washington Commanders,Seattle Seahawks,24,24,90.9,9.1,176.0,52.0,228.0,343.0,44.0,387.0,game,ML,Seattle Seahawks,,,polymarket,900,—,—,,Loss,,miss,,,,—,,
2026-09-27T20:12:49.904557+00:00,nfl,2026,3,401872955,4018729553904,4,10:29,(Shotgun) M.Mariota pass short right to S.Diggs to SEA 44 for 5 yards (R.Thomas; D.Lawrence).,1,10,SEA 49,51,0,Washington Commanders,Seattle Seahawks,24,24,90.9,9.1,176.0,52.0,228.0,343.0,44.0,387.0,game,ML,Washington Commanders,,,polymarketus,-953,—,—,,Loss,,miss,,,,—,,
2026-09-27T20:12:49.904557+00:00,nfl,2026,3,401872955,4018729553929,4,9:53,"(Shotgun) J.Croskey-Merritt right guard to SEA 46 for -2 yards (D.Lawrence, J.Reed).",2,5,SEA 44,56,0,Washington Commanders,Seattle Seahawks,24,24,90.9,9.1,176.0,52.0,228.0,343.0,44.0,387.0,game,Spread,Seattle Seahawks,,-3.5,novig,589,—,—,,0,,miss,,,,—,,
2026-09-27T20:12:49.904557+00:00,nfl,2026,3,401872955,4018729553929,4,9:53,"(Shotgun) J.Croskey-Merritt right guard to SEA 46 for -2 yards (D.Lawrence, J.Reed).",2,5,SEA 44,56,0,Washington Commanders,Seattle Seahawks,24,24,90.9,9.1,176.0,52.0,228.0,343.0,44.0,387.0,game,Spread,Seattle Seahawks,,3.5,novig,589,—,—,,0,,hit,,,,—,,
2026-09-27T20:12:49.904557+00:00,nfl,2026,3,401872955,4018729553929,4,9:53,"(Shotgun) J.Croskey-Merritt right guard to SEA 46 for -2 yards (D.Lawrence, J.Reed).",2,5,SEA 44,56,0,Washington Commanders,Seattle Seahawks,24,24,90.9,9.1,176.0,52.0,228.0,343.0,44.0,387.0,game,Total,Over,,58.5,kalshi,-810,—,—,,48.0,,miss,,,,—,,
2026-09-27T20:12:49.904557+00:00,nfl,2026,3,401872955,4018729553929,4,9:53,"(Shotgun) J.Croskey-Merritt right guard to SEA 46 for -2 yards (D.Lawrence, J.Reed).",2,5,SEA 44,56,0,Washington Commanders,Seattle Seahawks,24,24,90.9,9.1,176.0,52.0,228.0,343.0,44.0,387.0,game,Total,Under,,58.5,kalshi,316,—,—,,48.0,,hit,,,,—,,
2026-09-27T20:12:49.904557+00:00,nfl,2026,3,401872955,4018729553929,4,9:53,"(Shotgun) J.Croskey-Merritt right guard to SEA 46 for -2 yards (D.Lawrence, J.Reed).",2,5,SEA 44,56,0,Washington Commanders,Seattle Seahawks,24,24,90.9,9.1,176.0,52.0,228.0,343.0,44.0,387.0,game,ML,Seattle Seahawks,,,polymarket,900,—,—,,Loss,,miss,,,,—,,
2026-09-27T20:12:49.904557+00:00,nfl,2026,3,401872955,4018729553929,4,9:53,"(Shotgun) J.Croskey-Merritt right guard to SEA 46 for -2 yards (D.Lawrence, J.Reed).",2,5,SEA 44,56,0,Washington Commanders,Seattle Seahawks,24,24,90.9,9.1,176.0,52.0,228.0,343.0,44.0,387.0,game,ML,Washington Commanders,,,polymarketus,-953,—,—,,Loss,,miss,,,,—,,
2026-09-27T20:12:49.904557+00:00,nfl,2026,3,401872955,4018729553951,4,9:19,(Shotgun) M.Mariota pass short left to T.McLaurin to SEA 40 for 6 yards (N.Pritchett).,3,7,SEA 46,54,0,Washington Commanders,Seattle Seahawks,24,24,90.9,9.1,176.0,52.0,228.0,343.0,44.0,387.0,game,Spread,Seattle Seahawks,,-3.5,novig,589,—,—,,0,,miss,,,,—,,
2026-09-27T20:12:49.904557+00:00,nfl,2026,3,401872955,4018729553951,4,9:19,(Shotgun) M.Mariota pass short left to T.McLaurin to SEA 40 for 6 yards (N.Pritchett).,3,7,SEA 46,54,0,Washington Commanders,Seattle Seahawks,24,24,90.9,9.1,176.0,52.0,228.0,343.0,44.0,387.0,game,Spread,Seattle Seahawks,,3.5,novig,589,—,—,,0,,hit,,,,—,,
2026-09-27T20:12:49.904557+00:00,nfl,2026,3,401872955,4018729553951,4,9:19,(Shotgun) M.Mariota pass short left to T.McLaurin to SEA 40 for 6 yards (N.Pritchett).,3,7,SEA 46,54,0,Washington Commanders,Seattle Seahawks,24,24,90.9,9.1,176.0,52.0,228.0,343.0,44.0,387.0,game,Total,Over,,58.5,kalshi,-810,—,—,,48.0,,miss,,,,—,,
2026-09-27T20:12:49.904557+00:00,nfl,2026,3,401872955,4018729553951,4,9:19,(Shotgun) M.Mariota pass short left to T.McLaurin to SEA 40 for 6 yards (N.Pritchett).,3,7,SEA 46,54,0,Washington Commanders,Seattle Seahawks,24,24,90.9,9.1,176.0,52.0,228.0,343.0,44.0,387.0,game,Total,Under,,58.5,kalshi,316,—,—,,48.0,,hit,,,,—,,
2026-09-27T20:12:49.904557+00:00,nfl,2026,3,401872955,4018729553951,4,9:19,(Shotgun) M.Mariota pass short left to T.McLaurin to SEA 40 for 6 yards (N.Pritchett).,3,7,SEA 46,54,0,Washington Commanders,Seattle Seahawks,24,24,90.9,9.1,176.0,52.0,228.0,343.0,44.0,387.0,game,ML,Seattle Seahawks,,,polymarket,900,—,—,,Loss,,miss,,,,—,,
2026-09-27T20:12:49.904557+00:00,nfl,2026,3,401872955,4018729553951,4,9:19,(Shotgun) M.Mariota pass short left to T.McLaurin to SEA 40 for 6 yards (N.Pritchett).,3,7,SEA 46,54,0,Washington Commanders,Seattle Seahawks,24,24,90.9,9.1,176.0,52.0,228.0,343.0,44.0,387.0,game,ML,Washington Commanders,,,polymarketus,-953,—,—,,Loss,,miss,,,,—,,
2026-09-27T20:12:49.904557+00:00,nfl,2026,3,401872955,4018729553976,4,8:40,(Shotgun) M.Mariota pass short left to T.McLaurin to SEA 34 for 6 yards (J.Jobe).,4,1,SEA 40,60,0,Washington Commanders,Seattle Seahawks,24,24,90.9,9.1,176.0,52.0,228.0,343.0,44.0,387.0,game,Spread,Seattle Seahawks,,-3.5,novig,589,—,—,,0,,miss,,,,—,,
2026-09-27T20:12:49.904557+00:00,nfl,2026,3,401872955,4018729553976,4,8:40,(Shotgun) M.Mariota pass short left to T.McLaurin to SEA 34 for 6 yards (J.Jobe).,4,1,SEA 40,60,0,Washington Commanders,Seattle Seahawks,24,24,90.9,9.1,176.0,52.0,228.0,343.0,44.0,387.0,game,Spread,Seattle Seahawks,,3.5,novig,589,—,—,,0,,hit,,,,—,,
2026-09-27T20:12:49.904557+00:00,nfl,2026,3,401872955,4018729553976,4,8:40,(Shotgun) M.Mariota pass short left to T.McLaurin to SEA 34 for 6 yards (J.Jobe).,4,1,SEA 40,60,0,Washington Commanders,Seattle Seahawks,24,24,90.9,9.1,176.0,52.0,228.0,343.0,44.0,387.0,game,Total,Over,,58.5,kalshi,-810,—,—,,48.0,,miss,,,,—,,
2026-09-27T20:12:49.904557+00:00,nfl,2026,3,401872955,4018729553976,4,8:40,(Shotgun) M.Mariota pass short left to T.McLaurin to SEA 34 for 6 yards (J.Jobe).,4,1,SEA 40,60,0,Washington Commanders,Seattle Seahawks,24,24,90.9,9.1,176.0,52.0,228.0,343.0,44.0,387.0,game,Total,Under,,58.5,kalshi,316,—,—,,48.0,,hit,,,,—,,
2026-09-27T20:12:49.904557+00:00,nfl,2026,3,401872955,4018729553976,4,8:40,(Shotgun) M.Mariota pass short left to T.McLaurin to SEA 34 for 6 yards (J.Jobe).,4,1,SEA 40,60,0,Washington Commanders,Seattle Seahawks,24,24,90.9,9.1,176.0,52.0,228.0,343.0,44.0,387.0,game,ML,Seattle Seahawks,,,polymarket,900,—,—,,Loss,,miss,,,,—,,
2026-09-27T20:12:49.904557+00:00,nfl,2026,3,401872955,4018729553976,4,8:40,(Shotgun) M.Mariota pass short left to T.McLaurin to SEA 34 for 6 yards (J.Jobe).,4,1,SEA 40,60,0,Washington Commanders,Seattle Seahawks,24,24,90.9,9.1,176.0,52.0,228.0,343.0,44.0,387.0,game,ML,Washington Commanders,,,polymarketus,-953,—,—,,Loss,,miss,,,,—,,
2026-09-27T20:12:49.904557+00:00,nfl,2026,3,401872955,4018729554001,4,7:59,J.Croskey-Merritt right guard to SEA 32 for 2 yards (D.Thomas).,1,10,SEA 34,66,0,Washington Commanders,Seattle Seahawks,24,24,90.9,9.1,176.0,52.0,228.0,343.0,44.0,387.0,game,Spread,Seattle Seahawks,,-3.5,novig,589,—,—,,0,,miss,,,,—,,
2026-09-27T20:12:49.904557+00:00,nfl,2026,3,401872955,4018729554001,4,7:59,J.Croskey-Merritt right guard to SEA 32 for 2 yards (D.Thomas).,1,10,SEA 34,66,0,Washington Commanders,Seattle Seahawks,24,24,90.9,9.1,176.0,52.0,228.0,343.0,44.0,387.0,game,Spread,Seattle Seahawks,,3.5,novig,589,—,—,,0,,hit,,,,—,,
2026-09-27T20:12:49.904557+00:00,nfl,2026,3,401872955,4018729554001,4,7:59,J.Croskey-Merritt right guard to SEA 32 for 2 yards (D.Thomas).,1,10,SEA 34,66,0,Washington Commanders,Seattle Seahawks,24,24,90.9,9.1,176.0,52.0,228.0,343.0,44.0,387.0,game,Total,Over,,58.5,kalshi,-810,—,—,,48.0,,miss,,,,—,,
2026-09-27T20:12:49.904557+00:00,nfl,2026,3,401872955,4018729554001,4,7:59,J.Croskey-Merritt right guard to SEA 32 for 2 yards (D.Thomas).,1,10,SEA 34,66,0,Washington Commanders,Seattle Seahawks,24,24,90.9,9.1,176.0,52.0,228.0,343.0,44.0,387.0,game,Total,Under,,58.5,kalshi,316,—,—,,48.0,,hit,,,,—,,
2026-09-27T20:12:49.904557+00:00,nfl,2026,3,401872955,4018729554001,4,7:59,J.Croskey-Merritt right guard to SEA 32 for 2 yards (D.Thomas).,1,10,SEA 34,66,0,Washington Commanders,Seattle Seahawks,24,24,90.9,9.1,176.0,52.0,228.0,343.0,44.0,387.0,game,ML,Seattle Seahawks,,,polymarket,900,—,—,,Loss,,miss,,,,—,,
2026-09-27T20:12:49.904557+00:00,nfl,2026,3,401872955,4018729554001,4,7:59,J.Croskey-Merritt right guard to SEA 32 for 2 yards (D.Thomas).,1,10,SEA 34,66,0,Washington Commanders,Seattle Seahawks,24,24,90.9,9.1,176.0,52.0,228.0,343.0,44.0,387.0,game,ML,Washington Commanders,,,polymarketus,-953,—,—,,Loss,,miss,,,,—,,
2026-09-27T20:12:49.904557+00:00,nfl,2026,3,401872955,4018729554023,4,7:20,(Shotgun) M.Mariota pass short right to S.Diggs to SEA 22 for 10 yards (D.Witherspoon).,2,8,SEA 32,68,0,Washington Commanders,Seattle Seahawks,24,24,90.9,9.1,176.0,52.0,228.0,343.0,44.0,387.0,game,Spread,Seattle Seahawks,,-3.5,novig,589,—,—,,0,,miss,,,,—,,
2026-09-27T20:12:49.904557+00:00,nfl,2026,3,401872955,4018729554023,4,7:20,(Shotgun) M.Mariota pass short right to S.Diggs to SEA 22 for 10 yards (D.Witherspoon).,2,8,SEA 32,68,0,Washington Commanders,Seattle Seahawks,24,24,90.9,9.1,176.0,52.0,228.0,343.0,44.0,387.0,game,Spread,Seattle Seahawks,,3.5,novig,589,—,—,,0,,hit,,,,—,,
2026-09-27T20:12:49.904557+00:00,nfl,2026,3,401872955,4018729554023,4,7:20,(Shotgun) M.Mariota pass short right to S.Diggs to SEA 22 for 10 yards (D.Witherspoon).,2,8,SEA 32,68,0,Washington Commanders,Seattle Seahawks,24,24,90.9,9.1,176.0,52.0,228.0,343.0,44.0,387.0,game,Total,Over,,58.5,kalshi,-810,—,—,,48.0,,miss,,,,—,,
2026-09-27T20:12:49.904557+00:00,nfl,2026,3,401872955,4018729554023,4,7:20,(Shotgun) M.Mariota pass short right to S.Diggs to SEA 22 for 10 yards (D.Witherspoon).,2,8,SEA 32,68,0,Washington Commanders,Seattle Seahawks,24,24,90.9,9.1,176.0,52.0,228.0,343.0,44.0,387.0,game,Total,Under,,58.5,kalshi,316,—,—,,48.0,,hit,,,,—,,
2026-09-27T20:12:49.904557+00:00,nfl,2026,3,401872955,4018729554023,4,7:20,(Shotgun) M.Mariota pass short right to S.Diggs to SEA 22 for 10 yards (D.Witherspoon).,2,8,SEA 32,68,0,Washington Commanders,Seattle Seahawks,24,24,90.9,9.1,176.0,52.0,228.0,343.0,44.0,387.0,game,ML,Seattle Seahawks,,,polymarket,900,—,—,,Loss,,miss,,,,—,,
2026-09-27T20:12:49.904557+00:00,nfl,2026,3,401872955,4018729554023,4,7:20,(Shotgun) M.Mariota pass short right to S.Diggs to SEA 22 for 10 yards (D.Witherspoon).,2,8,SEA 32,68,0,Washington Commanders,Seattle Seahawks,24,24,90.9,9.1,176.0,52.0,228.0,343.0,44.0,387.0,game,ML,Washington Commanders,,,polymarketus,-953,—,—,,Loss,,miss,,,,—,,
2026-09-27T20:12:49.904557+00:00,nfl,2026,3,401872955,4018729554048,4,6:37,M.Mariota scrambles right end pushed ob at SEA 20 for 2 yards (E.Jones).,1,10,SEA 22,78,0,Washington Commanders,Seattle Seahawks,24,24,90.9,9.1,176.0,52.0,228.0,343.0,44.0,387.0,game,Spread,Seattle Seahawks,,-3.5,novig,589,—,—,,0,,miss,,,,—,,
2026-09-27T20:12:49.904557+00:00,nfl,2026,3,401872955,4018729554048,4,6:37,M.Mariota scrambles right end pushed ob at SEA 20 for 2 yards (E.Jones).,1,10,SEA 22,78,0,Washington Commanders,Seattle Seahawks,24,24,90.9,9.1,176.0,52.0,228.0,343.0,44.0,387.0,game,Spread,Seattle Seahawks,,3.5,novig,589,—,—,,0,,hit,,,,—,,
2026-09-27T20:12:49.904557+00:00,nfl,2026,3,401872955,4018729554048,4,6:37,M.Mariota scrambles right end pushed ob at SEA 20 for 2 yards (E.Jones).,1,10,SEA 22,78,0,Washington Commanders,Seattle Seahawks,24,24,90.9,9.1,176.0,52.0,228.0,343.0,44.0,387.0,game,Total,Over,,58.5,kalshi,-810,—,—,,48.0,,miss,,,,—,,
2026-09-27T20:12:49.904557+00:00,nfl,2026,3,401872955,4018729554048,4,6:37,M.Mariota scrambles right end pushed ob at SEA 20 for 2 yards (E.Jones).,1,10,SEA 22,78,0,Washington Commanders,Seattle Seahawks,24,24,90.9,9.1,176.0,52.0,228.0,343.0,44.0,387.0,game,Total,Under,,58.5,kalshi,316,—,—,,48.0,,hit,,,,—,,
2026-09-27T20:12:49.904557+00:00,nfl,2026,3,401872955,4018729554048,4,6:37,M.Mariota scrambles right end pushed ob at SEA 20 for 2 yards (E.Jones).,1,10,SEA 22,78,0,Washington Commanders,Seattle Seahawks,24,24,90.9,9.1,176.0,52.0,228.0,343.0,44.0,387.0,game,ML,Seattle Seahawks,,,polymarket,900,—,—,,Loss,,miss,,,,—,,
2026-09-27T20:12:49.904557+00:00,nfl,2026,3,401872955,4018729554048,4,6:37,M.Mariota scrambles right end pushed ob at SEA 20 for 2 yards (E.Jones).,1,10,SEA 22,78,0,Washington Commanders,Seattle Seahawks,24,24,90.9,9.1,176.0,52.0,228.0,343.0,44.0,387.0,game,ML,Washington Commanders,,,polymarketus,-953,—,—,,Loss,,miss,,,,—,,
2026-09-27T20:12:49.904557+00:00,nfl,2026,3,401872955,4018729554075,4,6:01,(Shotgun) R.White right guard to SEA 20 for no gain (B.Murphy).,2,8,SEA 20,80,0,Washington Commanders,Seattle Seahawks,24,24,90.9,9.1,176.0,52.0,228.0,343.0,44.0,387.0,game,Spread,Seattle Seahawks,,-3.5,novig,589,—,—,,0,,miss,,,,—,,
2026-09-27T20:12:49.904557+00:00,nfl,2026,3,401872955,4018729554075,4,6:01,(Shotgun) R.White right guard to SEA 20 for no gain (B.Murphy).,2,8,SEA 20,80,0,Washington Commanders,Seattle Seahawks,24,24,90.9,9.1,176.0,52.0,228.0,343.0,44.0,387.0,game,Spread,Seattle Seahawks,,3.5,novig,589,—,—,,0,,hit,,,,—,,
2026-09-27T20:12:49.904557+00:00,nfl,2026,3,401872955,4018729554075,4,6:01,(Shotgun) R.White right guard to SEA 20 for no gain (B.Murphy).,2,8,SEA 20,80,0,Washington Commanders,Seattle Seahawks,24,24,90.9,9.1,176.0,52.0,228.0,343.0,44.0,387.0,game,Total,Over,,58.5,kalshi,-810,—,—,,48.0,,miss,,,,—,,
2026-09-27T20:12:49.904557+00:00,nfl,2026,3,401872955,4018729554075,4,6:01,(Shotgun) R.White right guard to SEA 20 for no gain (B.Murphy).,2,8,SEA 20,80,0,Washington Commanders,Seattle Seahawks,24,24,90.9,9.1,176.0,52.0,228.0,343.0,44.0,387.0,game,Total,Under,,58.5,kalshi,316,—,—,,48.0,,hit,,,,—,,
2026-09-27T20:12:49.904557+00:00,nfl,2026,3,401872955,4018729554075,4,6:01,(Shotgun) R.White right guard to SEA 20 for no gain (B.Murphy).,2,8,SEA 20,80,0,Washington Commanders,Seattle Seahawks,24,24,90.9,9.1,176.0,52.0,228.0,343.0,44.0,387.0,game,ML,Seattle Seahawks,,,polymarket,900,—,—,,Loss,,miss,,,,—,,
2026-09-27T20:12:49.904557+00:00,nfl,2026,3,401872955,4018729554075,4,6:01,(Shotgun) R.White right guard to SEA 20 for no gain (B.Murphy).,2,8,SEA 20,80,0,Washington Commanders,Seattle Seahawks,24,24,90.9,9.1,176.0,52.0,228.0,343.0,44.0,387.0,game,ML,Washington Commanders,,,polymarketus,-953,—,—,,Loss,,miss,,,,—,,
2026-09-27T20:12:49.904557+00:00,nfl,2026,3,401872955,4018729554097,4,5:21,(Shotgun) M.Mariota scrambles right end to SEA 18 for 2 yards (E.Jones).,3,8,SEA 20,80,0,Washington Commanders,Seattle Seahawks,24,24,90.9,9.1,176.0,52.0,228.0,343.0,44.0,387.0,game,Spread,Seattle Seahawks,,-3.5,novig,589,—,—,,0,,miss,,,,—,,
2026-09-27T20:12:49.904557+00:00,nfl,2026,3,401872955,4018729554097,4,5:21,(Shotgun) M.Mariota scrambles right end to SEA 18 for 2 yards (E.Jones).,3,8,SEA 20,80,0,Washington Commanders,Seattle Seahawks,24,24,90.9,9.1,176.0,52.0,228.0,343.0,44.0,387.0,game,Spread,Seattle Seahawks,,3.5,novig,589,—,—,,0,,hit,,,,—,,
2026-09-27T20:12:49.904557+00:00,nfl,2026,3,401872955,4018729554097,4,5:21,(Shotgun) M.Mariota scrambles right end to SEA 18 for 2 yards (E.Jones).,3,8,SEA 20,80,0,Washington Commanders,Seattle Seahawks,24,24,90.9,9.1,176.0,52.0,228.0,343.0,44.0,387.0,game,Total,Over,,58.5,kalshi,-810,—,—,,48.0,,miss,,,,—,,
2026-09-27T20:12:49.904557+00:00,nfl,2026,3,401872955,4018729554097,4,5:21,(Shotgun) M.Mariota scrambles right end to SEA 18 for 2 yards (E.Jones).,3,8,SEA 20,80,0,Washington Commanders,Seattle Seahawks,24,24,90.9,9.1,176.0,52.0,228.0,343.0,44.0,387.0,game,Total,Under,,58.5,kalshi,316,—,—,,48.0,,hit,,,,—,,
2026-09-27T20:12:49.904557+00:00,nfl,2026,3,401872955,4018729554097,4,5:21,(Shotgun) M.Mariota scrambles right end to SEA 18 for 2 yards (E.Jones).,3,8,SEA 20,80,0,Washington Commanders,Seattle Seahawks,24,24,90.9,9.1,176.0,52.0,228.0,343.0,44.0,387.0,game,ML,Seattle Seahawks,,,polymarket,900,—,—,,Loss,,miss,,,,—,,
2026-09-27T20:12:49.904557+00:00,nfl,2026,3,401872955,4018729554097,4,5:21,(Shotgun) M.Mariota scrambles right end to SEA 18 for 2 yards (E.Jones).,3,8,SEA 20,80,0,Washington Commanders,Seattle Seahawks,24,24,90.9,9.1,176.0,52.0,228.0,343.0,44.0,387.0,game,ML,Washington Commanders,,,polymarketus,-953,—,—,,Loss,,miss,,,,—,,
2026-09-27T20:12:49.904557+00:00,nfl,2026,3,401872955,4018729554129,4,4:34,Official Timeout at 04:34.,-1,10,WSH 35,35,3,Washington Commanders,Seattle Seahawks,27,24,90.9,9.1,176.0,52.0,228.0,343.0,44.0,387.0,game,Spread,Seattle Seahawks,,-3.5,novig,589,—,—,,+3,,miss,,,,—,,
2026-09-27T20:12:49.904557+00:00,nfl,2026,3,401872955,4018729554129,4,4:34,Official Timeout at 04:34.,-1,10,WSH 35,35,3,Washington Commanders,Seattle Seahawks,27,24,90.9,9.1,176.0,52.0,228.0,343.0,44.0,387.0,game,Spread,Seattle Seahawks,,3.5,novig,589,—,—,,+3,,hit,,,,—,,
2026-09-27T20:12:49.904557+00:00,nfl,2026,3,401872955,4018729554129,4,4:34,Official Timeout at 04:34.,-1,10,WSH 35,35,3,Washington Commanders,Seattle Seahawks,27,24,90.9,9.1,176.0,52.0,228.0,343.0,44.0,387.0,game,Total,Over,,58.5,kalshi,-810,—,—,,51.0,,miss,,,,—,,
2026-09-27T20:12:49.904557+00:00,nfl,2026,3,401872955,4018729554129,4,4:34,Official Timeout at 04:34.,-1,10,WSH 35,35,3,Washington Commanders,Seattle Seahawks,27,24,90.9,9.1,176.0,52.0,228.0,343.0,44.0,387.0,game,Total,Under,,58.5,kalshi,316,—,—,,51.0,,hit,,,,—,,
2026-09-27T20:12:49.904557+00:00,nfl,2026,3,401872955,4018729554129,4,4:34,Official Timeout at 04:34.,-1,10,WSH 35,35,3,Washington Commanders,Seattle Seahawks,27,24,90.9,9.1,176.0,52.0,228.0,343.0,44.0,387.0,game,ML,Seattle Seahawks,,,polymarket,900,—,—,,Loss,,miss,,,,—,,
2026-09-27T20:12:49.904557+00:00,nfl,2026,3,401872955,4018729554129,4,4:34,Official Timeout at 04:34.,-1,10,WSH 35,35,3,Washington Commanders,Seattle Seahawks,27,24,90.9,9.1,176.0,52.0,228.0,343.0,44.0,387.0,game,ML,Washington Commanders,,,polymarketus,-953,—,—,,Win,,hit,,,,—,,
2026-09-27T20:12:49.904557+00:00,nfl,2026,3,401872955,4018729554119,4,4:34,"D.Stevens 36 yard field goal is GOOD, Center-T.Ott, Holder-T.Way.",4,6,SEA 18,82,3,Washington Commanders,Seattle Seahawks,27,24,90.9,9.1,176.0,52.0,228.0,343.0,44.0,387.0,game,Spread,Seattle Seahawks,,-3.5,novig,589,—,—,,+3,,miss,,,,—,,
2026-09-27T20:12:49.904557+00:00,nfl,2026,3,401872955,4018729554119,4,4:34,"D.Stevens 36 yard field goal is GOOD, Center-T.Ott, Holder-T.Way.",4,6,SEA 18,82,3,Washington Commanders,Seattle Seahawks,27,24,90.9,9.1,176.0,52.0,228.0,343.0,44.0,387.0,game,Spread,Seattle Seahawks,,3.5,novig,589,—,—,,+3,,hit,,,,—,,
2026-09-27T20:12:49.904557+00:00,nfl,2026,3,401872955,4018729554119,4,4:34,"D.Stevens 36 yard field goal is GOOD, Center-T.Ott, Holder-T.Way.",4,6,SEA 18,82,3,Washington Commanders,Seattle Seahawks,27,24,90.9,9.1,176.0,52.0,228.0,343.0,44.0,387.0,game,Total,Over,,58.5,kalshi,-810,—,—,,51.0,,miss,,,,—,,
2026-09-27T20:12:49.904557+00:00,nfl,2026,3,401872955,4018729554119,4,4:34,"D.Stevens 36 yard field goal is GOOD, Center-T.Ott, Holder-T.Way.",4,6,SEA 18,82,3,Washington Commanders,Seattle Seahawks,27,24,90.9,9.1,176.0,52.0,228.0,343.0,44.0,387.0,game,Total,Under,,58.5,kalshi,316,—,—,,51.0,,hit,,,,—,,
2026-09-27T20:12:49.904557+00:00,nfl,2026,3,401872955,4018729554119,4,4:34,"D.Stevens 36 yard field goal is GOOD, Center-T.Ott, Holder-T.Way.",4,6,SEA 18,82,3,Washington Commanders,Seattle Seahawks,27,24,90.9,9.1,176.0,52.0,228.0,343.0,44.0,387.0,game,ML,Seattle Seahawks,,,polymarket,900,—,—,,Loss,,miss,,,,—,,
2026-09-27T20:12:49.904557+00:00,nfl,2026,3,401872955,4018729554119,4,4:34,"D.Stevens 36 yard field goal is GOOD, Center-T.Ott, Holder-T.Way.",4,6,SEA 18,82,3,Washington Commanders,Seattle Seahawks,27,24,90.9,9.1,176.0,52.0,228.0,343.0,44.0,387.0,game,ML,Washington Commanders,,,polymarketus,-953,—,—,,Win,,hit,,,,—,,
2026-09-27T20:12:49.904557+00:00,nfl,2026,3,401872955,4018729554139,4,4:34,D.Stevens kicks 61 yards from WAS 35 to SEA 4. R.Shaheed to SEA 30 for 26 yards (P.Butler). SEA-R.Shaheed was injured during the play.,1,10,SEA 32,35,3,Washington Commanders,Seattle Seahawks,27,24,90.9,9.1,176.0,52.0,228.0,343.0,44.0,387.0,game,Spread,Seattle Seahawks,,-3.5,novig,589,—,—,,+3,,miss,,,,—,,
2026-09-27T20:12:49.904557+00:00,nfl,2026,3,401872955,4018729554139,4,4:34,D.Stevens kicks 61 yards from WAS 35 to SEA 4. R.Shaheed to SEA 30 for 26 yards (P.Butler). SEA-R.Shaheed was injured during the play.,1,10,SEA 32,35,3,Washington Commanders,Seattle Seahawks,27,24,90.9,9.1,176.0,52.0,228.0,343.0,44.0,387.0,game,Spread,Seattle Seahawks,,3.5,novig,589,—,—,,+3,,hit,,,,—,,
2026-09-27T20:12:49.904557+00:00,nfl,2026,3,401872955,4018729554139,4,4:34,D.Stevens kicks 61 yards from WAS 35 to SEA 4. R.Shaheed to SEA 30 for 26 yards (P.Butler). SEA-R.Shaheed was injured during the play.,1,10,SEA 32,35,3,Washington Commanders,Seattle Seahawks,27,24,90.9,9.1,176.0,52.0,228.0,343.0,44.0,387.0,game,Total,Over,,58.5,kalshi,-810,—,—,,51.0,,miss,,,,—,,
2026-09-27T20:12:49.904557+00:00,nfl,2026,3,401872955,4018729554139,4,4:34,D.Stevens kicks 61 yards from WAS 35 to SEA 4. R.Shaheed to SEA 30 for 26 yards (P.Butler). SEA-R.Shaheed was injured during the play.,1,10,SEA 32,35,3,Washington Commanders,Seattle Seahawks,27,24,90.9,9.1,176.0,52.0,228.0,343.0,44.0,387.0,game,Total,Under,,58.5,kalshi,316,—,—,,51.0,,hit,,,,—,,
2026-09-27T20:12:49.904557+00:00,nfl,2026,3,401872955,4018729554139,4,4:34,D.Stevens kicks 61 yards from WAS 35 to SEA 4. R.Shaheed to SEA 30 for 26 yards (P.Butler). SEA-R.Shaheed was injured during the play.,1,10,SEA 32,35,3,Washington Commanders,Seattle Seahawks,27,24,90.9,9.1,176.0,52.0,228.0,343.0,44.0,387.0,game,ML,Seattle Seahawks,,,polymarket,900,—,—,,Loss,,miss,,,,—,,
2026-09-27T20:12:49.904557+00:00,nfl,2026,3,401872955,4018729554139,4,4:34,D.Stevens kicks 61 yards from WAS 35 to SEA 4. R.Shaheed to SEA 30 for 26 yards (P.Butler). SEA-R.Shaheed was injured during the play.,1,10,SEA 32,35,3,Washington Commanders,Seattle Seahawks,27,24,90.9,9.1,176.0,52.0,228.0,343.0,44.0,387.0,game,ML,Washington Commanders,,,polymarketus,-953,—,—,,Win,,hit,,,,—,,
2026-09-27T20:12:49.904557+00:00,nfl,2026,3,401872955,4018729554172,4,4:30,S.Darnold pass deep right to J.Smith-Njigba ran ob at WAS 44 for 26 yards.,1,10,SEA 30,70,3,Washington Commanders,Seattle Seahawks,27,24,90.9,9.1,176.0,52.0,228.0,343.0,44.0,387.0,game,Spread,Seattle Seahawks,,-3.5,novig,589,—,—,,+3,,miss,,,,—,,
2026-09-27T20:12:49.904557+00:00,nfl,2026,3,401872955,4018729554172,4,4:30,S.Darnold pass deep right to J.Smith-Njigba ran ob at WAS 44 for 26 yards.,1,10,SEA 30,70,3,Washington Commanders,Seattle Seahawks,27,24,90.9,9.1,176.0,52.0,228.0,343.0,44.0,387.0,game,Spread,Seattle Seahawks,,3.5,novig,589,—,—,,+3,,hit,,,,—,,
2026-09-27T20:12:49.904557+00:00,nfl,2026,3,401872955,4018729554172,4,4:30,S.Darnold pass deep right to J.Smith-Njigba ran ob at WAS 44 for 26 yards.,1,10,SEA 30,70,3,Washington Commanders,Seattle Seahawks,27,24,90.9,9.1,176.0,52.0,228.0,343.0,44.0,387.0,game,Total,Over,,58.5,kalshi,-810,—,—,,51.0,,miss,,,,—,,
2026-09-27T20:12:49.904557+00:00,nfl,2026,3,401872955,4018729554172,4,4:30,S.Darnold pass deep right to J.Smith-Njigba ran ob at WAS 44 for 26 yards.,1,10,SEA 30,70,3,Washington Commanders,Seattle Seahawks,27,24,90.9,9.1,176.0,52.0,228.0,343.0,44.0,387.0,game,Total,Under,,58.5,kalshi,316,—,—,,51.0,,hit,,,,—,,
2026-09-27T20:12:49.904557+00:00,nfl,2026,3,401872955,4018729554172,4,4:30,S.Darnold pass deep right to J.Smith-Njigba ran ob at WAS 44 for 26 yards.,1,10,SEA 30,70,3,Washington Commanders,Seattle Seahawks,27,24,90.9,9.1,176.0,52.0,228.0,343.0,44.0,387.0,game,ML,Seattle Seahawks,,,polymarket,900,—,—,,Loss,,miss,,,,—,,
2026-09-27T20:12:49.904557+00:00,nfl,2026,3,401872955,4018729554172,4,4:30,S.Darnold pass deep right to J.Smith-Njigba ran ob at WAS 44 for 26 yards.,1,10,SEA 30,70,3,Washington Commanders,Seattle Seahawks,27,24,90.9,9.1,176.0,52.0,228.0,343.0,44.0,387.0,game,ML,Washington Commanders,,,polymarketus,-953,—,—,,Win,,hit,,,,—,,
2026-09-27T20:12:49.904557+00:00,nfl,2026,3,401872955,4018729554202,4,4:24,"(Shotgun) S.Darnold pass incomplete deep right to R.Shaheed (R.Douglas) [K.Medrano]. ** Injury Update: SEA-R.Shaheed has returned to the game. PENALTY on SEA, Illegal Formation, 5 yards, enforced at WAS 44 - No Play.",1,10,WSH 44,44,3,Washington Commanders,Seattle Seahawks,27,24,90.9,9.1,176.0,52.0,228.0,343.0,44.0,387.0,game,Spread,Seattle Seahawks,,-3.5,novig,589,—,—,,+3,,miss,,,,—,,
2026-09-27T20:12:49.904557+00:00,nfl,2026,3,401872955,4018729554202,4,4:24,"(Shotgun) S.Darnold pass incomplete deep right to R.Shaheed (R.Douglas) [K.Medrano]. ** Injury Update: SEA-R.Shaheed has returned to the game. PENALTY on SEA, Illegal Formation, 5 yards, enforced at WAS 44 - No Play.",1,10,WSH 44,44,3,Washington Commanders,Seattle Seahawks,27,24,90.9,9.1,176.0,52.0,228.0,343.0,44.0,387.0,game,Spread,Seattle Seahawks,,3.5,novig,589,—,—,,+3,,hit,,,,—,,
2026-09-27T20:12:49.904557+00:00,nfl,2026,3,401872955,4018729554202,4,4:24,"(Shotgun) S.Darnold pass incomplete deep right to R.Shaheed (R.Douglas) [K.Medrano]. ** Injury Update: SEA-R.Shaheed has returned to the game. PENALTY on SEA, Illegal Formation, 5 yards, enforced at WAS 44 - No Play.",1,10,WSH 44,44,3,Washington Commanders,Seattle Seahawks,27,24,90.9,9.1,176.0,52.0,228.0,343.0,44.0,387.0,game,Total,Over,,58.5,kalshi,-810,—,—,,51.0,,miss,,,,—,,
2026-09-27T20:12:49.904557+00:00,nfl,2026,3,401872955,4018729554202,4,4:24,"(Shotgun) S.Darnold pass incomplete deep right to R.Shaheed (R.Douglas) [K.Medrano]. ** Injury Update: SEA-R.Shaheed has returned to the game. PENALTY on SEA, Illegal Formation, 5 yards, enforced at WAS 44 - No Play.",1,10,WSH 44,44,3,Washington Commanders,Seattle Seahawks,27,24,90.9,9.1,176.0,52.0,228.0,343.0,44.0,387.0,game,Total,Under,,58.5,kalshi,316,—,—,,51.0,,hit,,,,—,,
2026-09-27T20:12:49.904557+00:00,nfl,2026,3,401872955,4018729554202,4,4:24,"(Shotgun) S.Darnold pass incomplete deep right to R.Shaheed (R.Douglas) [K.Medrano]. ** Injury Update: SEA-R.Shaheed has returned to the game. PENALTY on SEA, Illegal Formation, 5 yards, enforced at WAS 44 - No Play.",1,10,WSH 44,44,3,Washington Commanders,Seattle Seahawks,27,24,90.9,9.1,176.0,52.0,228.0,343.0,44.0,387.0,game,ML,Seattle Seahawks,,,polymarket,900,—,—,,Loss,,miss,,,,—,,
2026-09-27T20:12:49.904557+00:00,nfl,2026,3,401872955,4018729554202,4,4:24,"(Shotgun) S.Darnold pass incomplete deep right to R.Shaheed (R.Douglas) [K.Medrano]. ** Injury Update: SEA-R.Shaheed has returned to the game. PENALTY on SEA, Illegal Formation, 5 yards, enforced at WAS 44 - No Play.",1,10,WSH 44,44,3,Washington Commanders,Seattle Seahawks,27,24,90.9,9.1,176.0,52.0,228.0,343.0,44.0,387.0,game,ML,Washington Commanders,,,polymarketus,-953,—,—,,Win,,hit,,,,—,,
2026-09-27T20:12:49.904557+00:00,nfl,2026,3,401872955,4018729554236,4,4:17,(Shotgun) S.Darnold pass incomplete short right to J.Price (R.Douglas) [O.Oweh].,1,15,WSH 49,49,3,Washington Commanders,Seattle Seahawks,27,24,90.9,9.1,176.0,52.0,228.0,343.0,44.0,387.0,game,Spread,Seattle Seahawks,,-3.5,novig,589,—,—,,+3,,miss,,,,—,,
2026-09-27T20:12:49.904557+00:00,nfl,2026,3,401872955,4018729554236,4,4:17,(Shotgun) S.Darnold pass incomplete short right to J.Price (R.Douglas) [O.Oweh].,1,15,WSH 49,49,3,Washington Commanders,Seattle Seahawks,27,24,90.9,9.1,176.0,52.0,228.0,343.0,44.0,387.0,game,Spread,Seattle Seahawks,,3.5,novig,589,—,—,,+3,,hit,,,,—,,
2026-09-27T20:12:49.904557+00:00,nfl,2026,3,401872955,4018729554236,4,4:17,(Shotgun) S.Darnold pass incomplete short right to J.Price (R.Douglas) [O.Oweh].,1,15,WSH 49,49,3,Washington Commanders,Seattle Seahawks,27,24,90.9,9.1,176.0,52.0,228.0,343.0,44.0,387.0,game,Total,Over,,58.5,kalshi,-810,—,—,,51.0,,miss,,,,—,,
2026-09-27T20:12:49.904557+00:00,nfl,2026,3,401872955,4018729554236,4,4:17,(Shotgun) S.Darnold pass incomplete short right to J.Price (R.Douglas) [O.Oweh].,1,15,WSH 49,49,3,Washington Commanders,Seattle Seahawks,27,24,90.9,9.1,176.0,52.0,228.0,343.0,44.0,387.0,game,Total,Under,,58.5,kalshi,316,—,—,,51.0,,hit,,,,—,,
2026-09-27T20:12:49.904557+00:00,nfl,2026,3,401872955,4018729554236,4,4:17,(Shotgun) S.Darnold pass incomplete short right to J.Price (R.Douglas) [O.Oweh].,1,15,WSH 49,49,3,Washington Commanders,Seattle Seahawks,27,24,90.9,9.1,176.0,52.0,228.0,343.0,44.0,387.0,game,ML,Seattle Seahawks,,,polymarket,900,—,—,,Loss,,miss,,,,—,,
2026-09-27T20:12:49.904557+00:00,nfl,2026,3,401872955,4018729554236,4,4:17,(Shotgun) S.Darnold pass incomplete short right to J.Price (R.Douglas) [O.Oweh].,1,15,WSH 49,49,3,Washington Commanders,Seattle Seahawks,27,24,90.9,9.1,176.0,52.0,228.0,343.0,44.0,387.0,game,ML,Washington Commanders,,,polymarketus,-953,—,—,,Win,,hit,,,,—,,
2026-09-27T20:12:49.904557+00:00,nfl,2026,3,401872955,4018729554262,4,3:57,"S.Darnold pass short middle intended for A.Barner INTERCEPTED by K.Medrano at 50. K.Medrano for 50 yards, TOUCHDOWN.PENALTY on WAS, Unsportsmanlike Conduct, 15 yards, enforced between downs. D.Stevens extra point is No Good, Wide Left, Center-T.Ott, Holder-T.Way.",2,15,WSH 49,49,9,Washington Commanders,Seattle Seahawks,33,24,90.9,9.1,176.0,52.0,228.0,343.0,44.0,387.0,game,Spread,Seattle Seahawks,,-3.5,novig,589,—,—,,+9,,miss,,,,—,,
2026-09-27T20:12:49.904557+00:00,nfl,2026,3,401872955,4018729554262,4,3:57,"S.Darnold pass short middle intended for A.Barner INTERCEPTED by K.Medrano at 50. K.Medrano for 50 yards, TOUCHDOWN.PENALTY on WAS, Unsportsmanlike Conduct, 15 yards, enforced between downs. D.Stevens extra point is No Good, Wide Left, Center-T.Ott, Holder-T.Way.",2,15,WSH 49,49,9,Washington Commanders,Seattle Seahawks,33,24,90.9,9.1,176.0,52.0,228.0,343.0,44.0,387.0,game,Spread,Seattle Seahawks,,3.5,novig,589,—,—,,+9,,hit,,,,—,,
2026-09-27T20:12:49.904557+00:00,nfl,2026,3,401872955,4018729554262,4,3:57,"S.Darnold pass short middle intended for A.Barner INTERCEPTED by K.Medrano at 50. K.Medrano for 50 yards, TOUCHDOWN.PENALTY on WAS, Unsportsmanlike Conduct, 15 yards, enforced between downs. D.Stevens extra point is No Good, Wide Left, Center-T.Ott, Holder-T.Way.",2,15,WSH 49,49,9,Washington Commanders,Seattle Seahawks,33,24,90.9,9.1,176.0,52.0,228.0,343.0,44.0,387.0,game,Total,Over,,58.5,kalshi,-810,—,—,,57.0,,miss,,,,—,,
2026-09-27T20:12:49.904557+00:00,nfl,2026,3,401872955,4018729554262,4,3:57,"S.Darnold pass short middle intended for A.Barner INTERCEPTED by K.Medrano at 50. K.Medrano for 50 yards, TOUCHDOWN.PENALTY on WAS, Unsportsmanlike Conduct, 15 yards, enforced between downs. D.Stevens extra point is No Good, Wide Left, Center-T.Ott, Holder-T.Way.",2,15,WSH 49,49,9,Washington Commanders,Seattle Seahawks,33,24,90.9,9.1,176.0,52.0,228.0,343.0,44.0,387.0,game,Total,Under,,58.5,kalshi,316,—,—,,57.0,,hit,,,,—,,
2026-09-27T20:12:49.904557+00:00,nfl,2026,3,401872955,4018729554262,4,3:57,"S.Darnold pass short middle intended for A.Barner INTERCEPTED by K.Medrano at 50. K.Medrano for 50 yards, TOUCHDOWN.PENALTY on WAS, Unsportsmanlike Conduct, 15 yards, enforced between downs. D.Stevens extra point is No Good, Wide Left, Center-T.Ott, Holder-T.Way.",2,15,WSH 49,49,9,Washington Commanders,Seattle Seahawks,33,24,90.9,9.1,176.0,52.0,228.0,343.0,44.0,387.0,game,ML,Seattle Seahawks,,,polymarket,900,—,—,,Loss,,miss,,,,—,,
2026-09-27T20:12:49.904557+00:00,nfl,2026,3,401872955,4018729554262,4,3:57,"S.Darnold pass short middle intended for A.Barner INTERCEPTED by K.Medrano at 50. K.Medrano for 50 yards, TOUCHDOWN.PENALTY on WAS, Unsportsmanlike Conduct, 15 yards, enforced between downs. D.Stevens extra point is No Good, Wide Left, Center-T.Ott, Holder-T.Way.",2,15,WSH 49,49,9,Washington Commanders,Seattle Seahawks,33,24,90.9,9.1,176.0,52.0,228.0,343.0,44.0,387.0,game,ML,Washington Commanders,,,polymarketus,-953,—,—,,Win,,hit,,,,—,,
2026-09-27T20:12:49.904557+00:00,nfl,2026,3,401872955,4018729554316,4,3:57,D.Stevens kicks 61 yards from WAS 35 to SEA 4. T.Horton to SEA 32 for 28 yards.,1,10,SEA 32,35,9,Washington Commanders,Seattle Seahawks,33,24,90.9,9.1,176.0,52.0,228.0,343.0,44.0,387.0,game,Spread,Seattle Seahawks,,-3.5,novig,589,—,—,,+9,,miss,,,,—,,
2026-09-27T20:12:49.904557+00:00,nfl,2026,3,401872955,4018729554316,4,3:57,D.Stevens kicks 61 yards from WAS 35 to SEA 4. T.Horton to SEA 32 for 28 yards.,1,10,SEA 32,35,9,Washington Commanders,Seattle Seahawks,33,24,90.9,9.1,176.0,52.0,228.0,343.0,44.0,387.0,game,Spread,Seattle Seahawks,,3.5,novig,589,—,—,,+9,,hit,,,,—,,
2026-09-27T20:12:49.904557+00:00,nfl,2026,3,401872955,4018729554316,4,3:57,D.Stevens kicks 61 yards from WAS 35 to SEA 4. T.Horton to SEA 32 for 28 yards.,1,10,SEA 32,35,9,Washington Commanders,Seattle Seahawks,33,24,90.9,9.1,176.0,52.0,228.0,343.0,44.0,387.0,game,Total,Over,,58.5,kalshi,-810,—,—,,57.0,,miss,,,,—,,
2026-09-27T20:12:49.904557+00:00,nfl,2026,3,401872955,4018729554316,4,3:57,D.Stevens kicks 61 yards from WAS 35 to SEA 4. T.Horton to SEA 32 for 28 yards.,1,10,SEA 32,35,9,Washington Commanders,Seattle Seahawks,33,24,90.9,9.1,176.0,52.0,228.0,343.0,44.0,387.0,game,Total,Under,,58.5,kalshi,316,—,—,,57.0,,hit,,,,—,,
2026-09-27T20:12:49.904557+00:00,nfl,2026,3,401872955,4018729554316,4,3:57,D.Stevens kicks 61 yards from WAS 35 to SEA 4. T.Horton to SEA 32 for 28 yards.,1,10,SEA 32,35,9,Washington Commanders,Seattle Seahawks,33,24,90.9,9.1,176.0,52.0,228.0,343.0,44.0,387.0,game,ML,Seattle Seahawks,,,polymarket,900,—,—,,Loss,,miss,,,,—,,
2026-09-27T20:12:49.904557+00:00,nfl,2026,3,401872955,4018729554316,4,3:57,D.Stevens kicks 61 yards from WAS 35 to SEA 4. T.Horton to SEA 32 for 28 yards.,1,10,SEA 32,35,9,Washington Commanders,Seattle Seahawks,33,24,90.9,9.1,176.0,52.0,228.0,343.0,44.0,387.0,game,ML,Washington Commanders,,,polymarketus,-953,—,—,,Win,,hit,,,,—,,
2026-09-27T20:12:49.904557+00:00,nfl,2026,3,401872955,4018729554339,4,3:52, (Shotgun) S.Darnold pass deep right to J.Smith-Njigba pushed ob at 50 for 18 yards (P.Butler).,1,10,SEA 32,68,9,Washington Commanders,Seattle Seahawks,33,24,90.9,9.1,176.0,52.0,228.0,343.0,44.0,387.0,game,Spread,Seattle Seahawks,,-3.5,novig,589,—,—,,+9,,miss,,,,—,,
2026-09-27T20:12:49.904557+00:00,nfl,2026,3,401872955,4018729554339,4,3:52, (Shotgun) S.Darnold pass deep right to J.Smith-Njigba pushed ob at 50 for 18 yards (P.Butler).,1,10,SEA 32,68,9,Washington Commanders,Seattle Seahawks,33,24,90.9,9.1,176.0,52.0,228.0,343.0,44.0,387.0,game,Spread,Seattle Seahawks,,3.5,novig,589,—,—,,+9,,hit,,,,—,,
2026-09-27T20:12:49.904557+00:00,nfl,2026,3,401872955,4018729554339,4,3:52, (Shotgun) S.Darnold pass deep right to J.Smith-Njigba pushed ob at 50 for 18 yards (P.Butler).,1,10,SEA 32,68,9,Washington Commanders,Seattle Seahawks,33,24,90.9,9.1,176.0,52.0,228.0,343.0,44.0,387.0,game,Total,Over,,58.5,kalshi,-810,—,—,,57.0,,miss,,,,—,,
2026-09-27T20:12:49.904557+00:00,nfl,2026,3,401872955,4018729554339,4,3:52, (Shotgun) S.Darnold pass deep right to J.Smith-Njigba pushed ob at 50 for 18 yards (P.Butler).,1,10,SEA 32,68,9,Washington Commanders,Seattle Seahawks,33,24,90.9,9.1,176.0,52.0,228.0,343.0,44.0,387.0,game,Total,Under,,58.5,kalshi,316,—,—,,57.0,,hit,,,,—,,
2026-09-27T20:12:49.904557+00:00,nfl,2026,3,401872955,4018729554339,4,3:52, (Shotgun) S.Darnold pass deep right to J.Smith-Njigba pushed ob at 50 for 18 yards (P.Butler).,1,10,SEA 32,68,9,Washington Commanders,Seattle Seahawks,33,24,90.9,9.1,176.0,52.0,228.0,343.0,44.0,387.0,game,ML,Seattle Seahawks,,,polymarket,900,—,—,,Loss,,miss,,,,—,,
2026-09-27T20:12:49.904557+00:00,nfl,2026,3,401872955,4018729554339,4,3:52, (Shotgun) S.Darnold pass deep right to J.Smith-Njigba pushed ob at 50 for 18 yards (P.Butler).,1,10,SEA 32,68,9,Washington Commanders,Seattle Seahawks,33,24,90.9,9.1,176.0,52.0,228.0,343.0,44.0,387.0,game,ML,Washington Commanders,,,polymarketus,-953,—,—,,Win,,hit,,,,—,,
