captured_at,sport,year,week,event_id,play_id,period,clock,play_text,down,distance,possession,yard_line,score_margin,home,away,home_score,away_score,home_win_prob,away_win_prob,home_pass_yds,home_rush_yds,home_total_yds,away_pass_yds,away_rush_yds,away_total_yds,market_type,market,selection,player,line,book_id,book_price,model_projection,model_price,model_prob,actual_result,actual_stat,bet_result,expected_roi_pct,pregame_line,pregame_book_price,pregame_projection,pregame_capture_at,pregame_capture_type
2026-09-29T01:15:21.433271+00:00,nfl,2026,3,401872963,4018729631,1,15:00,GAME,1,10,CHI 20,20,0,Chicago Bears,Philadelphia Eagles,0,0,60.8,39.2,74.0,33.0,107.0,46.0,73.0,119.0,game,Spread,Philadelphia Eagles,,-2.5,novig,124,—,—,,0,,miss,,,,—,,
2026-09-29T01:15:21.433271+00:00,nfl,2026,3,401872963,4018729631,1,15:00,GAME,1,10,CHI 20,20,0,Chicago Bears,Philadelphia Eagles,0,0,60.8,39.2,74.0,33.0,107.0,46.0,73.0,119.0,game,Spread,Chicago Bears,,2.5,bet365,100,—,—,,0,,hit,,,,—,,
2026-09-29T01:15:21.433271+00:00,nfl,2026,3,401872963,4018729631,1,15:00,GAME,1,10,CHI 20,20,0,Chicago Bears,Philadelphia Eagles,0,0,60.8,39.2,74.0,33.0,107.0,46.0,73.0,119.0,game,Total,Over,,42.5,polymarket,257,—,—,,0.0,,miss,,,,—,,
2026-09-29T01:15:21.433271+00:00,nfl,2026,3,401872963,4018729631,1,15:00,GAME,1,10,CHI 20,20,0,Chicago Bears,Philadelphia Eagles,0,0,60.8,39.2,74.0,33.0,107.0,46.0,73.0,119.0,game,Total,Under,,42.5,polymarket,-301,—,—,,0.0,,hit,,,,—,,
2026-09-29T01:15:21.433271+00:00,nfl,2026,3,401872963,4018729631,1,15:00,GAME,1,10,CHI 20,20,0,Chicago Bears,Philadelphia Eagles,0,0,60.8,39.2,74.0,33.0,107.0,46.0,73.0,119.0,game,ML,Philadelphia Eagles,,,polymarket,143,—,—,,Loss,,miss,,,,—,,
2026-09-29T01:15:21.433271+00:00,nfl,2026,3,401872963,4018729631,1,15:00,GAME,1,10,CHI 20,20,0,Chicago Bears,Philadelphia Eagles,0,0,60.8,39.2,74.0,33.0,107.0,46.0,73.0,119.0,game,ML,Chicago Bears,,,bet365,120,—,—,,Loss,,miss,,,,—,,
2026-09-29T01:15:21.433271+00:00,nfl,2026,3,401872963,40187296340,1,15:00,J.Elliott kicks 63 yards from PHI 35 to CHI 2. Z.Thomas to CHI 34 for 32 yards (K.Ringo; S.Mondon).,1,10,CHI 20,65,0,Chicago Bears,Philadelphia Eagles,0,0,60.8,39.2,74.0,33.0,107.0,46.0,73.0,119.0,game,Spread,Philadelphia Eagles,,-2.5,novig,124,—,—,,0,,miss,,,,—,,
2026-09-29T01:15:21.433271+00:00,nfl,2026,3,401872963,40187296340,1,15:00,J.Elliott kicks 63 yards from PHI 35 to CHI 2. Z.Thomas to CHI 34 for 32 yards (K.Ringo; S.Mondon).,1,10,CHI 20,65,0,Chicago Bears,Philadelphia Eagles,0,0,60.8,39.2,74.0,33.0,107.0,46.0,73.0,119.0,game,Spread,Chicago Bears,,2.5,bet365,100,—,—,,0,,hit,,,,—,,
2026-09-29T01:15:21.433271+00:00,nfl,2026,3,401872963,40187296340,1,15:00,J.Elliott kicks 63 yards from PHI 35 to CHI 2. Z.Thomas to CHI 34 for 32 yards (K.Ringo; S.Mondon).,1,10,CHI 20,65,0,Chicago Bears,Philadelphia Eagles,0,0,60.8,39.2,74.0,33.0,107.0,46.0,73.0,119.0,game,Total,Over,,42.5,polymarket,257,—,—,,0.0,,miss,,,,—,,
2026-09-29T01:15:21.433271+00:00,nfl,2026,3,401872963,40187296340,1,15:00,J.Elliott kicks 63 yards from PHI 35 to CHI 2. Z.Thomas to CHI 34 for 32 yards (K.Ringo; S.Mondon).,1,10,CHI 20,65,0,Chicago Bears,Philadelphia Eagles,0,0,60.8,39.2,74.0,33.0,107.0,46.0,73.0,119.0,game,Total,Under,,42.5,polymarket,-301,—,—,,0.0,,hit,,,,—,,
2026-09-29T01:15:21.433271+00:00,nfl,2026,3,401872963,40187296340,1,15:00,J.Elliott kicks 63 yards from PHI 35 to CHI 2. Z.Thomas to CHI 34 for 32 yards (K.Ringo; S.Mondon).,1,10,CHI 20,65,0,Chicago Bears,Philadelphia Eagles,0,0,60.8,39.2,74.0,33.0,107.0,46.0,73.0,119.0,game,ML,Philadelphia Eagles,,,polymarket,143,—,—,,Loss,,miss,,,,—,,
2026-09-29T01:15:21.433271+00:00,nfl,2026,3,401872963,40187296340,1,15:00,J.Elliott kicks 63 yards from PHI 35 to CHI 2. Z.Thomas to CHI 34 for 32 yards (K.Ringo; S.Mondon).,1,10,CHI 20,65,0,Chicago Bears,Philadelphia Eagles,0,0,60.8,39.2,74.0,33.0,107.0,46.0,73.0,119.0,game,ML,Chicago Bears,,,bet365,120,—,—,,Loss,,miss,,,,—,,
2026-09-29T01:15:21.433271+00:00,nfl,2026,3,401872963,40187296363,1,14:52,(Shotgun) C.Keenum pass short right to L.Burden pushed ob at CHI 41 for 7 yards (J.Campbell).,1,10,CHI 34,34,0,Chicago Bears,Philadelphia Eagles,0,0,60.8,39.2,74.0,33.0,107.0,46.0,73.0,119.0,game,Spread,Philadelphia Eagles,,-2.5,novig,124,—,—,,0,,miss,,,,—,,
2026-09-29T01:15:21.433271+00:00,nfl,2026,3,401872963,40187296363,1,14:52,(Shotgun) C.Keenum pass short right to L.Burden pushed ob at CHI 41 for 7 yards (J.Campbell).,1,10,CHI 34,34,0,Chicago Bears,Philadelphia Eagles,0,0,60.8,39.2,74.0,33.0,107.0,46.0,73.0,119.0,game,Spread,Chicago Bears,,2.5,bet365,100,—,—,,0,,hit,,,,—,,
2026-09-29T01:15:21.433271+00:00,nfl,2026,3,401872963,40187296363,1,14:52,(Shotgun) C.Keenum pass short right to L.Burden pushed ob at CHI 41 for 7 yards (J.Campbell).,1,10,CHI 34,34,0,Chicago Bears,Philadelphia Eagles,0,0,60.8,39.2,74.0,33.0,107.0,46.0,73.0,119.0,game,Total,Over,,42.5,polymarket,257,—,—,,0.0,,miss,,,,—,,
2026-09-29T01:15:21.433271+00:00,nfl,2026,3,401872963,40187296363,1,14:52,(Shotgun) C.Keenum pass short right to L.Burden pushed ob at CHI 41 for 7 yards (J.Campbell).,1,10,CHI 34,34,0,Chicago Bears,Philadelphia Eagles,0,0,60.8,39.2,74.0,33.0,107.0,46.0,73.0,119.0,game,Total,Under,,42.5,polymarket,-301,—,—,,0.0,,hit,,,,—,,
2026-09-29T01:15:21.433271+00:00,nfl,2026,3,401872963,40187296363,1,14:52,(Shotgun) C.Keenum pass short right to L.Burden pushed ob at CHI 41 for 7 yards (J.Campbell).,1,10,CHI 34,34,0,Chicago Bears,Philadelphia Eagles,0,0,60.8,39.2,74.0,33.0,107.0,46.0,73.0,119.0,game,ML,Philadelphia Eagles,,,polymarket,143,—,—,,Loss,,miss,,,,—,,
2026-09-29T01:15:21.433271+00:00,nfl,2026,3,401872963,40187296363,1,14:52,(Shotgun) C.Keenum pass short right to L.Burden pushed ob at CHI 41 for 7 yards (J.Campbell).,1,10,CHI 34,34,0,Chicago Bears,Philadelphia Eagles,0,0,60.8,39.2,74.0,33.0,107.0,46.0,73.0,119.0,game,ML,Chicago Bears,,,bet365,120,—,—,,Loss,,miss,,,,—,,
2026-09-29T01:15:21.433271+00:00,nfl,2026,3,401872963,40187296393,1,14:22,C.Keenum pass short left to C.Loveland to CHI 45 for 4 yards (Z.Baun).,2,3,CHI 41,41,0,Chicago Bears,Philadelphia Eagles,0,0,60.8,39.2,74.0,33.0,107.0,46.0,73.0,119.0,game,Spread,Philadelphia Eagles,,-2.5,novig,124,—,—,,0,,miss,,,,—,,
2026-09-29T01:15:21.433271+00:00,nfl,2026,3,401872963,40187296393,1,14:22,C.Keenum pass short left to C.Loveland to CHI 45 for 4 yards (Z.Baun).,2,3,CHI 41,41,0,Chicago Bears,Philadelphia Eagles,0,0,60.8,39.2,74.0,33.0,107.0,46.0,73.0,119.0,game,Spread,Chicago Bears,,2.5,bet365,100,—,—,,0,,hit,,,,—,,
2026-09-29T01:15:21.433271+00:00,nfl,2026,3,401872963,40187296393,1,14:22,C.Keenum pass short left to C.Loveland to CHI 45 for 4 yards (Z.Baun).,2,3,CHI 41,41,0,Chicago Bears,Philadelphia Eagles,0,0,60.8,39.2,74.0,33.0,107.0,46.0,73.0,119.0,game,Total,Over,,42.5,polymarket,257,—,—,,0.0,,miss,,,,—,,
2026-09-29T01:15:21.433271+00:00,nfl,2026,3,401872963,40187296393,1,14:22,C.Keenum pass short left to C.Loveland to CHI 45 for 4 yards (Z.Baun).,2,3,CHI 41,41,0,Chicago Bears,Philadelphia Eagles,0,0,60.8,39.2,74.0,33.0,107.0,46.0,73.0,119.0,game,Total,Under,,42.5,polymarket,-301,—,—,,0.0,,hit,,,,—,,
2026-09-29T01:15:21.433271+00:00,nfl,2026,3,401872963,40187296393,1,14:22,C.Keenum pass short left to C.Loveland to CHI 45 for 4 yards (Z.Baun).,2,3,CHI 41,41,0,Chicago Bears,Philadelphia Eagles,0,0,60.8,39.2,74.0,33.0,107.0,46.0,73.0,119.0,game,ML,Philadelphia Eagles,,,polymarket,143,—,—,,Loss,,miss,,,,—,,
2026-09-29T01:15:21.433271+00:00,nfl,2026,3,401872963,40187296393,1,14:22,C.Keenum pass short left to C.Loveland to CHI 45 for 4 yards (Z.Baun).,2,3,CHI 41,41,0,Chicago Bears,Philadelphia Eagles,0,0,60.8,39.2,74.0,33.0,107.0,46.0,73.0,119.0,game,ML,Chicago Bears,,,bet365,120,—,—,,Loss,,miss,,,,—,,
2026-09-29T01:15:21.433271+00:00,nfl,2026,3,401872963,401872963118,1,13:43,D.Swift left tackle to CHI 49 for 4 yards (Z.Baun; N.Smith).,1,10,CHI 45,45,0,Chicago Bears,Philadelphia Eagles,0,0,60.8,39.2,74.0,33.0,107.0,46.0,73.0,119.0,game,Spread,Philadelphia Eagles,,-2.5,novig,124,—,—,,0,,miss,,,,—,,
2026-09-29T01:15:21.433271+00:00,nfl,2026,3,401872963,401872963118,1,13:43,D.Swift left tackle to CHI 49 for 4 yards (Z.Baun; N.Smith).,1,10,CHI 45,45,0,Chicago Bears,Philadelphia Eagles,0,0,60.8,39.2,74.0,33.0,107.0,46.0,73.0,119.0,game,Spread,Chicago Bears,,2.5,bet365,100,—,—,,0,,hit,,,,—,,
2026-09-29T01:15:21.433271+00:00,nfl,2026,3,401872963,401872963118,1,13:43,D.Swift left tackle to CHI 49 for 4 yards (Z.Baun; N.Smith).,1,10,CHI 45,45,0,Chicago Bears,Philadelphia Eagles,0,0,60.8,39.2,74.0,33.0,107.0,46.0,73.0,119.0,game,Total,Over,,42.5,polymarket,257,—,—,,0.0,,miss,,,,—,,
2026-09-29T01:15:21.433271+00:00,nfl,2026,3,401872963,401872963118,1,13:43,D.Swift left tackle to CHI 49 for 4 yards (Z.Baun; N.Smith).,1,10,CHI 45,45,0,Chicago Bears,Philadelphia Eagles,0,0,60.8,39.2,74.0,33.0,107.0,46.0,73.0,119.0,game,Total,Under,,42.5,polymarket,-301,—,—,,0.0,,hit,,,,—,,
2026-09-29T01:15:21.433271+00:00,nfl,2026,3,401872963,401872963118,1,13:43,D.Swift left tackle to CHI 49 for 4 yards (Z.Baun; N.Smith).,1,10,CHI 45,45,0,Chicago Bears,Philadelphia Eagles,0,0,60.8,39.2,74.0,33.0,107.0,46.0,73.0,119.0,game,ML,Philadelphia Eagles,,,polymarket,143,—,—,,Loss,,miss,,,,—,,
2026-09-29T01:15:21.433271+00:00,nfl,2026,3,401872963,401872963118,1,13:43,D.Swift left tackle to CHI 49 for 4 yards (Z.Baun; N.Smith).,1,10,CHI 45,45,0,Chicago Bears,Philadelphia Eagles,0,0,60.8,39.2,74.0,33.0,107.0,46.0,73.0,119.0,game,ML,Chicago Bears,,,bet365,120,—,—,,Loss,,miss,,,,—,,
2026-09-29T01:15:21.433271+00:00,nfl,2026,3,401872963,401872963140,1,13:08,C.Keenum pass short right to K.Raymond to PHI 41 for 10 yards (T.Woolen).,2,6,CHI 49,49,0,Chicago Bears,Philadelphia Eagles,0,0,60.8,39.2,74.0,33.0,107.0,46.0,73.0,119.0,game,Spread,Philadelphia Eagles,,-2.5,novig,124,—,—,,0,,miss,,,,—,,
2026-09-29T01:15:21.433271+00:00,nfl,2026,3,401872963,401872963140,1,13:08,C.Keenum pass short right to K.Raymond to PHI 41 for 10 yards (T.Woolen).,2,6,CHI 49,49,0,Chicago Bears,Philadelphia Eagles,0,0,60.8,39.2,74.0,33.0,107.0,46.0,73.0,119.0,game,Spread,Chicago Bears,,2.5,bet365,100,—,—,,0,,hit,,,,—,,
2026-09-29T01:15:21.433271+00:00,nfl,2026,3,401872963,401872963140,1,13:08,C.Keenum pass short right to K.Raymond to PHI 41 for 10 yards (T.Woolen).,2,6,CHI 49,49,0,Chicago Bears,Philadelphia Eagles,0,0,60.8,39.2,74.0,33.0,107.0,46.0,73.0,119.0,game,Total,Over,,42.5,polymarket,257,—,—,,0.0,,miss,,,,—,,
2026-09-29T01:15:21.433271+00:00,nfl,2026,3,401872963,401872963140,1,13:08,C.Keenum pass short right to K.Raymond to PHI 41 for 10 yards (T.Woolen).,2,6,CHI 49,49,0,Chicago Bears,Philadelphia Eagles,0,0,60.8,39.2,74.0,33.0,107.0,46.0,73.0,119.0,game,Total,Under,,42.5,polymarket,-301,—,—,,0.0,,hit,,,,—,,
2026-09-29T01:15:21.433271+00:00,nfl,2026,3,401872963,401872963140,1,13:08,C.Keenum pass short right to K.Raymond to PHI 41 for 10 yards (T.Woolen).,2,6,CHI 49,49,0,Chicago Bears,Philadelphia Eagles,0,0,60.8,39.2,74.0,33.0,107.0,46.0,73.0,119.0,game,ML,Philadelphia Eagles,,,polymarket,143,—,—,,Loss,,miss,,,,—,,
2026-09-29T01:15:21.433271+00:00,nfl,2026,3,401872963,401872963140,1,13:08,C.Keenum pass short right to K.Raymond to PHI 41 for 10 yards (T.Woolen).,2,6,CHI 49,49,0,Chicago Bears,Philadelphia Eagles,0,0,60.8,39.2,74.0,33.0,107.0,46.0,73.0,119.0,game,ML,Chicago Bears,,,bet365,120,—,—,,Loss,,miss,,,,—,,
2026-09-29T01:15:21.433271+00:00,nfl,2026,3,401872963,401872963165,1,12:38,D.Swift right end to PHI 32 for 9 yards (M.Epps).,1,10,PHI 41,59,0,Chicago Bears,Philadelphia Eagles,0,0,60.8,39.2,74.0,33.0,107.0,46.0,73.0,119.0,game,Spread,Philadelphia Eagles,,-2.5,novig,124,—,—,,0,,miss,,,,—,,
2026-09-29T01:15:21.433271+00:00,nfl,2026,3,401872963,401872963165,1,12:38,D.Swift right end to PHI 32 for 9 yards (M.Epps).,1,10,PHI 41,59,0,Chicago Bears,Philadelphia Eagles,0,0,60.8,39.2,74.0,33.0,107.0,46.0,73.0,119.0,game,Spread,Chicago Bears,,2.5,bet365,100,—,—,,0,,hit,,,,—,,
2026-09-29T01:15:21.433271+00:00,nfl,2026,3,401872963,401872963165,1,12:38,D.Swift right end to PHI 32 for 9 yards (M.Epps).,1,10,PHI 41,59,0,Chicago Bears,Philadelphia Eagles,0,0,60.8,39.2,74.0,33.0,107.0,46.0,73.0,119.0,game,Total,Over,,42.5,polymarket,257,—,—,,0.0,,miss,,,,—,,
2026-09-29T01:15:21.433271+00:00,nfl,2026,3,401872963,401872963165,1,12:38,D.Swift right end to PHI 32 for 9 yards (M.Epps).,1,10,PHI 41,59,0,Chicago Bears,Philadelphia Eagles,0,0,60.8,39.2,74.0,33.0,107.0,46.0,73.0,119.0,game,Total,Under,,42.5,polymarket,-301,—,—,,0.0,,hit,,,,—,,
2026-09-29T01:15:21.433271+00:00,nfl,2026,3,401872963,401872963165,1,12:38,D.Swift right end to PHI 32 for 9 yards (M.Epps).,1,10,PHI 41,59,0,Chicago Bears,Philadelphia Eagles,0,0,60.8,39.2,74.0,33.0,107.0,46.0,73.0,119.0,game,ML,Philadelphia Eagles,,,polymarket,143,—,—,,Loss,,miss,,,,—,,
2026-09-29T01:15:21.433271+00:00,nfl,2026,3,401872963,401872963165,1,12:38,D.Swift right end to PHI 32 for 9 yards (M.Epps).,1,10,PHI 41,59,0,Chicago Bears,Philadelphia Eagles,0,0,60.8,39.2,74.0,33.0,107.0,46.0,73.0,119.0,game,ML,Chicago Bears,,,bet365,120,—,—,,Loss,,miss,,,,—,,
2026-09-29T01:15:21.433271+00:00,nfl,2026,3,401872963,401872963187,1,11:53,(Shotgun) C.Keenum pass incomplete short middle to C.Kmet.  The incomplete pass was assisted by replay.,2,1,PHI 32,68,0,Chicago Bears,Philadelphia Eagles,0,0,60.8,39.2,74.0,33.0,107.0,46.0,73.0,119.0,game,Spread,Philadelphia Eagles,,-2.5,novig,124,—,—,,0,,miss,,,,—,,
2026-09-29T01:15:21.433271+00:00,nfl,2026,3,401872963,401872963187,1,11:53,(Shotgun) C.Keenum pass incomplete short middle to C.Kmet.  The incomplete pass was assisted by replay.,2,1,PHI 32,68,0,Chicago Bears,Philadelphia Eagles,0,0,60.8,39.2,74.0,33.0,107.0,46.0,73.0,119.0,game,Spread,Chicago Bears,,2.5,bet365,100,—,—,,0,,hit,,,,—,,
2026-09-29T01:15:21.433271+00:00,nfl,2026,3,401872963,401872963187,1,11:53,(Shotgun) C.Keenum pass incomplete short middle to C.Kmet.  The incomplete pass was assisted by replay.,2,1,PHI 32,68,0,Chicago Bears,Philadelphia Eagles,0,0,60.8,39.2,74.0,33.0,107.0,46.0,73.0,119.0,game,Total,Over,,42.5,polymarket,257,—,—,,0.0,,miss,,,,—,,
2026-09-29T01:15:21.433271+00:00,nfl,2026,3,401872963,401872963187,1,11:53,(Shotgun) C.Keenum pass incomplete short middle to C.Kmet.  The incomplete pass was assisted by replay.,2,1,PHI 32,68,0,Chicago Bears,Philadelphia Eagles,0,0,60.8,39.2,74.0,33.0,107.0,46.0,73.0,119.0,game,Total,Under,,42.5,polymarket,-301,—,—,,0.0,,hit,,,,—,,
2026-09-29T01:15:21.433271+00:00,nfl,2026,3,401872963,401872963187,1,11:53,(Shotgun) C.Keenum pass incomplete short middle to C.Kmet.  The incomplete pass was assisted by replay.,2,1,PHI 32,68,0,Chicago Bears,Philadelphia Eagles,0,0,60.8,39.2,74.0,33.0,107.0,46.0,73.0,119.0,game,ML,Philadelphia Eagles,,,polymarket,143,—,—,,Loss,,miss,,,,—,,
2026-09-29T01:15:21.433271+00:00,nfl,2026,3,401872963,401872963187,1,11:53,(Shotgun) C.Keenum pass incomplete short middle to C.Kmet.  The incomplete pass was assisted by replay.,2,1,PHI 32,68,0,Chicago Bears,Philadelphia Eagles,0,0,60.8,39.2,74.0,33.0,107.0,46.0,73.0,119.0,game,ML,Chicago Bears,,,bet365,120,—,—,,Loss,,miss,,,,—,,
2026-09-29T01:15:21.433271+00:00,nfl,2026,3,401872963,401872963224,1,11:33,D.Swift left guard to PHI 32 for no gain (B.Young).,3,1,PHI 32,68,0,Chicago Bears,Philadelphia Eagles,0,0,60.8,39.2,74.0,33.0,107.0,46.0,73.0,119.0,game,Spread,Philadelphia Eagles,,-2.5,novig,124,—,—,,0,,miss,,,,—,,
2026-09-29T01:15:21.433271+00:00,nfl,2026,3,401872963,401872963224,1,11:33,D.Swift left guard to PHI 32 for no gain (B.Young).,3,1,PHI 32,68,0,Chicago Bears,Philadelphia Eagles,0,0,60.8,39.2,74.0,33.0,107.0,46.0,73.0,119.0,game,Spread,Chicago Bears,,2.5,bet365,100,—,—,,0,,hit,,,,—,,
2026-09-29T01:15:21.433271+00:00,nfl,2026,3,401872963,401872963224,1,11:33,D.Swift left guard to PHI 32 for no gain (B.Young).,3,1,PHI 32,68,0,Chicago Bears,Philadelphia Eagles,0,0,60.8,39.2,74.0,33.0,107.0,46.0,73.0,119.0,game,Total,Over,,42.5,polymarket,257,—,—,,0.0,,miss,,,,—,,
2026-09-29T01:15:21.433271+00:00,nfl,2026,3,401872963,401872963224,1,11:33,D.Swift left guard to PHI 32 for no gain (B.Young).,3,1,PHI 32,68,0,Chicago Bears,Philadelphia Eagles,0,0,60.8,39.2,74.0,33.0,107.0,46.0,73.0,119.0,game,Total,Under,,42.5,polymarket,-301,—,—,,0.0,,hit,,,,—,,
2026-09-29T01:15:21.433271+00:00,nfl,2026,3,401872963,401872963224,1,11:33,D.Swift left guard to PHI 32 for no gain (B.Young).,3,1,PHI 32,68,0,Chicago Bears,Philadelphia Eagles,0,0,60.8,39.2,74.0,33.0,107.0,46.0,73.0,119.0,game,ML,Philadelphia Eagles,,,polymarket,143,—,—,,Loss,,miss,,,,—,,
2026-09-29T01:15:21.433271+00:00,nfl,2026,3,401872963,401872963224,1,11:33,D.Swift left guard to PHI 32 for no gain (B.Young).,3,1,PHI 32,68,0,Chicago Bears,Philadelphia Eagles,0,0,60.8,39.2,74.0,33.0,107.0,46.0,73.0,119.0,game,ML,Chicago Bears,,,bet365,120,—,—,,Loss,,miss,,,,—,,
2026-09-29T01:15:21.433271+00:00,nfl,2026,3,401872963,401872963246,1,10:52,C.Keenum pass short left to S.Roush to PHI 16 for 16 yards (Z.Baun).,4,1,PHI 32,68,0,Chicago Bears,Philadelphia Eagles,0,0,60.8,39.2,74.0,33.0,107.0,46.0,73.0,119.0,game,Spread,Philadelphia Eagles,,-2.5,novig,124,—,—,,0,,miss,,,,—,,
2026-09-29T01:15:21.433271+00:00,nfl,2026,3,401872963,401872963246,1,10:52,C.Keenum pass short left to S.Roush to PHI 16 for 16 yards (Z.Baun).,4,1,PHI 32,68,0,Chicago Bears,Philadelphia Eagles,0,0,60.8,39.2,74.0,33.0,107.0,46.0,73.0,119.0,game,Spread,Chicago Bears,,2.5,bet365,100,—,—,,0,,hit,,,,—,,
2026-09-29T01:15:21.433271+00:00,nfl,2026,3,401872963,401872963246,1,10:52,C.Keenum pass short left to S.Roush to PHI 16 for 16 yards (Z.Baun).,4,1,PHI 32,68,0,Chicago Bears,Philadelphia Eagles,0,0,60.8,39.2,74.0,33.0,107.0,46.0,73.0,119.0,game,Total,Over,,42.5,polymarket,257,—,—,,0.0,,miss,,,,—,,
2026-09-29T01:15:21.433271+00:00,nfl,2026,3,401872963,401872963246,1,10:52,C.Keenum pass short left to S.Roush to PHI 16 for 16 yards (Z.Baun).,4,1,PHI 32,68,0,Chicago Bears,Philadelphia Eagles,0,0,60.8,39.2,74.0,33.0,107.0,46.0,73.0,119.0,game,Total,Under,,42.5,polymarket,-301,—,—,,0.0,,hit,,,,—,,
2026-09-29T01:15:21.433271+00:00,nfl,2026,3,401872963,401872963246,1,10:52,C.Keenum pass short left to S.Roush to PHI 16 for 16 yards (Z.Baun).,4,1,PHI 32,68,0,Chicago Bears,Philadelphia Eagles,0,0,60.8,39.2,74.0,33.0,107.0,46.0,73.0,119.0,game,ML,Philadelphia Eagles,,,polymarket,143,—,—,,Loss,,miss,,,,—,,
2026-09-29T01:15:21.433271+00:00,nfl,2026,3,401872963,401872963246,1,10:52,C.Keenum pass short left to S.Roush to PHI 16 for 16 yards (Z.Baun).,4,1,PHI 32,68,0,Chicago Bears,Philadelphia Eagles,0,0,60.8,39.2,74.0,33.0,107.0,46.0,73.0,119.0,game,ML,Chicago Bears,,,bet365,120,—,—,,Loss,,miss,,,,—,,
2026-09-29T01:15:21.433271+00:00,nfl,2026,3,401872963,401872963271,1,10:13,L.Burden left end to PHI 9 for 7 yards (J.Campbell).,1,10,PHI 16,84,0,Chicago Bears,Philadelphia Eagles,0,0,60.8,39.2,74.0,33.0,107.0,46.0,73.0,119.0,game,Spread,Philadelphia Eagles,,-2.5,novig,124,—,—,,0,,miss,,,,—,,
2026-09-29T01:15:21.433271+00:00,nfl,2026,3,401872963,401872963271,1,10:13,L.Burden left end to PHI 9 for 7 yards (J.Campbell).,1,10,PHI 16,84,0,Chicago Bears,Philadelphia Eagles,0,0,60.8,39.2,74.0,33.0,107.0,46.0,73.0,119.0,game,Spread,Chicago Bears,,2.5,bet365,100,—,—,,0,,hit,,,,—,,
2026-09-29T01:15:21.433271+00:00,nfl,2026,3,401872963,401872963271,1,10:13,L.Burden left end to PHI 9 for 7 yards (J.Campbell).,1,10,PHI 16,84,0,Chicago Bears,Philadelphia Eagles,0,0,60.8,39.2,74.0,33.0,107.0,46.0,73.0,119.0,game,Total,Over,,42.5,polymarket,257,—,—,,0.0,,miss,,,,—,,
2026-09-29T01:15:21.433271+00:00,nfl,2026,3,401872963,401872963271,1,10:13,L.Burden left end to PHI 9 for 7 yards (J.Campbell).,1,10,PHI 16,84,0,Chicago Bears,Philadelphia Eagles,0,0,60.8,39.2,74.0,33.0,107.0,46.0,73.0,119.0,game,Total,Under,,42.5,polymarket,-301,—,—,,0.0,,hit,,,,—,,
2026-09-29T01:15:21.433271+00:00,nfl,2026,3,401872963,401872963271,1,10:13,L.Burden left end to PHI 9 for 7 yards (J.Campbell).,1,10,PHI 16,84,0,Chicago Bears,Philadelphia Eagles,0,0,60.8,39.2,74.0,33.0,107.0,46.0,73.0,119.0,game,ML,Philadelphia Eagles,,,polymarket,143,—,—,,Loss,,miss,,,,—,,
2026-09-29T01:15:21.433271+00:00,nfl,2026,3,401872963,401872963271,1,10:13,L.Burden left end to PHI 9 for 7 yards (J.Campbell).,1,10,PHI 16,84,0,Chicago Bears,Philadelphia Eagles,0,0,60.8,39.2,74.0,33.0,107.0,46.0,73.0,119.0,game,ML,Chicago Bears,,,bet365,120,—,—,,Loss,,miss,,,,—,,
2026-09-29T01:15:21.433271+00:00,nfl,2026,3,401872963,401872963293,1,9:33,D.Swift right tackle to PHI 8 for 1 yard (M.Epps).,2,3,PHI 9,91,0,Chicago Bears,Philadelphia Eagles,0,0,60.8,39.2,74.0,33.0,107.0,46.0,73.0,119.0,game,Spread,Philadelphia Eagles,,-2.5,novig,124,—,—,,0,,miss,,,,—,,
2026-09-29T01:15:21.433271+00:00,nfl,2026,3,401872963,401872963293,1,9:33,D.Swift right tackle to PHI 8 for 1 yard (M.Epps).,2,3,PHI 9,91,0,Chicago Bears,Philadelphia Eagles,0,0,60.8,39.2,74.0,33.0,107.0,46.0,73.0,119.0,game,Spread,Chicago Bears,,2.5,bet365,100,—,—,,0,,hit,,,,—,,
2026-09-29T01:15:21.433271+00:00,nfl,2026,3,401872963,401872963293,1,9:33,D.Swift right tackle to PHI 8 for 1 yard (M.Epps).,2,3,PHI 9,91,0,Chicago Bears,Philadelphia Eagles,0,0,60.8,39.2,74.0,33.0,107.0,46.0,73.0,119.0,game,Total,Over,,42.5,polymarket,257,—,—,,0.0,,miss,,,,—,,
2026-09-29T01:15:21.433271+00:00,nfl,2026,3,401872963,401872963293,1,9:33,D.Swift right tackle to PHI 8 for 1 yard (M.Epps).,2,3,PHI 9,91,0,Chicago Bears,Philadelphia Eagles,0,0,60.8,39.2,74.0,33.0,107.0,46.0,73.0,119.0,game,Total,Under,,42.5,polymarket,-301,—,—,,0.0,,hit,,,,—,,
2026-09-29T01:15:21.433271+00:00,nfl,2026,3,401872963,401872963293,1,9:33,D.Swift right tackle to PHI 8 for 1 yard (M.Epps).,2,3,PHI 9,91,0,Chicago Bears,Philadelphia Eagles,0,0,60.8,39.2,74.0,33.0,107.0,46.0,73.0,119.0,game,ML,Philadelphia Eagles,,,polymarket,143,—,—,,Loss,,miss,,,,—,,
2026-09-29T01:15:21.433271+00:00,nfl,2026,3,401872963,401872963293,1,9:33,D.Swift right tackle to PHI 8 for 1 yard (M.Epps).,2,3,PHI 9,91,0,Chicago Bears,Philadelphia Eagles,0,0,60.8,39.2,74.0,33.0,107.0,46.0,73.0,119.0,game,ML,Chicago Bears,,,bet365,120,—,—,,Loss,,miss,,,,—,,
2026-09-29T01:15:21.433271+00:00,nfl,2026,3,401872963,401872963349,1,8:47,Official Timeout at 08:47.,-1,10,PHI 15,85,7,Chicago Bears,Philadelphia Eagles,7,0,60.8,39.2,74.0,33.0,107.0,46.0,73.0,119.0,game,Spread,Philadelphia Eagles,,-2.5,novig,124,—,—,,+7,,miss,,,,—,,
2026-09-29T01:15:21.433271+00:00,nfl,2026,3,401872963,401872963349,1,8:47,Official Timeout at 08:47.,-1,10,PHI 15,85,7,Chicago Bears,Philadelphia Eagles,7,0,60.8,39.2,74.0,33.0,107.0,46.0,73.0,119.0,game,Spread,Chicago Bears,,2.5,bet365,100,—,—,,+7,,hit,,,,—,,
2026-09-29T01:15:21.433271+00:00,nfl,2026,3,401872963,401872963349,1,8:47,Official Timeout at 08:47.,-1,10,PHI 15,85,7,Chicago Bears,Philadelphia Eagles,7,0,60.8,39.2,74.0,33.0,107.0,46.0,73.0,119.0,game,Total,Over,,42.5,polymarket,257,—,—,,7.0,,miss,,,,—,,
2026-09-29T01:15:21.433271+00:00,nfl,2026,3,401872963,401872963349,1,8:47,Official Timeout at 08:47.,-1,10,PHI 15,85,7,Chicago Bears,Philadelphia Eagles,7,0,60.8,39.2,74.0,33.0,107.0,46.0,73.0,119.0,game,Total,Under,,42.5,polymarket,-301,—,—,,7.0,,hit,,,,—,,
2026-09-29T01:15:21.433271+00:00,nfl,2026,3,401872963,401872963349,1,8:47,Official Timeout at 08:47.,-1,10,PHI 15,85,7,Chicago Bears,Philadelphia Eagles,7,0,60.8,39.2,74.0,33.0,107.0,46.0,73.0,119.0,game,ML,Philadelphia Eagles,,,polymarket,143,—,—,,Loss,,miss,,,,—,,
2026-09-29T01:15:21.433271+00:00,nfl,2026,3,401872963,401872963349,1,8:47,Official Timeout at 08:47.,-1,10,PHI 15,85,7,Chicago Bears,Philadelphia Eagles,7,0,60.8,39.2,74.0,33.0,107.0,46.0,73.0,119.0,game,ML,Chicago Bears,,,bet365,120,—,—,,Win,,hit,,,,—,,
2026-09-29T01:15:21.433271+00:00,nfl,2026,3,401872963,401872963315,1,8:47,"(Shotgun) C.Keenum pass short middle to L.Burden for 8 yards, TOUCHDOWN. C.Santos extra point is GOOD, Center-S.Daly, Holder-T.Taylor.",3,2,PHI 8,92,7,Chicago Bears,Philadelphia Eagles,7,0,60.8,39.2,74.0,33.0,107.0,46.0,73.0,119.0,game,Spread,Philadelphia Eagles,,-2.5,novig,124,—,—,,+7,,miss,,,,—,,
2026-09-29T01:15:21.433271+00:00,nfl,2026,3,401872963,401872963315,1,8:47,"(Shotgun) C.Keenum pass short middle to L.Burden for 8 yards, TOUCHDOWN. C.Santos extra point is GOOD, Center-S.Daly, Holder-T.Taylor.",3,2,PHI 8,92,7,Chicago Bears,Philadelphia Eagles,7,0,60.8,39.2,74.0,33.0,107.0,46.0,73.0,119.0,game,Spread,Chicago Bears,,2.5,bet365,100,—,—,,+7,,hit,,,,—,,
2026-09-29T01:15:21.433271+00:00,nfl,2026,3,401872963,401872963315,1,8:47,"(Shotgun) C.Keenum pass short middle to L.Burden for 8 yards, TOUCHDOWN. C.Santos extra point is GOOD, Center-S.Daly, Holder-T.Taylor.",3,2,PHI 8,92,7,Chicago Bears,Philadelphia Eagles,7,0,60.8,39.2,74.0,33.0,107.0,46.0,73.0,119.0,game,Total,Over,,42.5,polymarket,257,—,—,,7.0,,miss,,,,—,,
2026-09-29T01:15:21.433271+00:00,nfl,2026,3,401872963,401872963315,1,8:47,"(Shotgun) C.Keenum pass short middle to L.Burden for 8 yards, TOUCHDOWN. C.Santos extra point is GOOD, Center-S.Daly, Holder-T.Taylor.",3,2,PHI 8,92,7,Chicago Bears,Philadelphia Eagles,7,0,60.8,39.2,74.0,33.0,107.0,46.0,73.0,119.0,game,Total,Under,,42.5,polymarket,-301,—,—,,7.0,,hit,,,,—,,
2026-09-29T01:15:21.433271+00:00,nfl,2026,3,401872963,401872963315,1,8:47,"(Shotgun) C.Keenum pass short middle to L.Burden for 8 yards, TOUCHDOWN. C.Santos extra point is GOOD, Center-S.Daly, Holder-T.Taylor.",3,2,PHI 8,92,7,Chicago Bears,Philadelphia Eagles,7,0,60.8,39.2,74.0,33.0,107.0,46.0,73.0,119.0,game,ML,Philadelphia Eagles,,,polymarket,143,—,—,,Loss,,miss,,,,—,,
2026-09-29T01:15:21.433271+00:00,nfl,2026,3,401872963,401872963315,1,8:47,"(Shotgun) C.Keenum pass short middle to L.Burden for 8 yards, TOUCHDOWN. C.Santos extra point is GOOD, Center-S.Daly, Holder-T.Taylor.",3,2,PHI 8,92,7,Chicago Bears,Philadelphia Eagles,7,0,60.8,39.2,74.0,33.0,107.0,46.0,73.0,119.0,game,ML,Chicago Bears,,,bet365,120,—,—,,Win,,hit,,,,—,,
2026-09-29T01:15:21.433271+00:00,nfl,2026,3,401872963,401872963356,1,8:47,C.Santos kicks 57 yards from CHI 35 to PHI 8. W.Shipley to PHI 25 for 17 yards (E.Hicks).,1,10,CHI 20,35,7,Chicago Bears,Philadelphia Eagles,7,0,60.8,39.2,74.0,33.0,107.0,46.0,73.0,119.0,game,Spread,Philadelphia Eagles,,-2.5,novig,124,—,—,,+7,,miss,,,,—,,
2026-09-29T01:15:21.433271+00:00,nfl,2026,3,401872963,401872963356,1,8:47,C.Santos kicks 57 yards from CHI 35 to PHI 8. W.Shipley to PHI 25 for 17 yards (E.Hicks).,1,10,CHI 20,35,7,Chicago Bears,Philadelphia Eagles,7,0,60.8,39.2,74.0,33.0,107.0,46.0,73.0,119.0,game,Spread,Chicago Bears,,2.5,bet365,100,—,—,,+7,,hit,,,,—,,
2026-09-29T01:15:21.433271+00:00,nfl,2026,3,401872963,401872963356,1,8:47,C.Santos kicks 57 yards from CHI 35 to PHI 8. W.Shipley to PHI 25 for 17 yards (E.Hicks).,1,10,CHI 20,35,7,Chicago Bears,Philadelphia Eagles,7,0,60.8,39.2,74.0,33.0,107.0,46.0,73.0,119.0,game,Total,Over,,42.5,polymarket,257,—,—,,7.0,,miss,,,,—,,
2026-09-29T01:15:21.433271+00:00,nfl,2026,3,401872963,401872963356,1,8:47,C.Santos kicks 57 yards from CHI 35 to PHI 8. W.Shipley to PHI 25 for 17 yards (E.Hicks).,1,10,CHI 20,35,7,Chicago Bears,Philadelphia Eagles,7,0,60.8,39.2,74.0,33.0,107.0,46.0,73.0,119.0,game,Total,Under,,42.5,polymarket,-301,—,—,,7.0,,hit,,,,—,,
2026-09-29T01:15:21.433271+00:00,nfl,2026,3,401872963,401872963356,1,8:47,C.Santos kicks 57 yards from CHI 35 to PHI 8. W.Shipley to PHI 25 for 17 yards (E.Hicks).,1,10,CHI 20,35,7,Chicago Bears,Philadelphia Eagles,7,0,60.8,39.2,74.0,33.0,107.0,46.0,73.0,119.0,game,ML,Philadelphia Eagles,,,polymarket,143,—,—,,Loss,,miss,,,,—,,
2026-09-29T01:15:21.433271+00:00,nfl,2026,3,401872963,401872963356,1,8:47,C.Santos kicks 57 yards from CHI 35 to PHI 8. W.Shipley to PHI 25 for 17 yards (E.Hicks).,1,10,CHI 20,35,7,Chicago Bears,Philadelphia Eagles,7,0,60.8,39.2,74.0,33.0,107.0,46.0,73.0,119.0,game,ML,Chicago Bears,,,bet365,120,—,—,,Win,,hit,,,,—,,
2026-09-29T01:15:21.433271+00:00,nfl,2026,3,401872963,401872963386,1,8:42,(Shotgun) J.Hurts pass short right to M.Lemon to PHI 44 for 19 yards (D.Thieneman).,1,10,PHI 25,75,7,Chicago Bears,Philadelphia Eagles,7,0,60.8,39.2,74.0,33.0,107.0,46.0,73.0,119.0,game,Spread,Philadelphia Eagles,,-2.5,novig,124,—,—,,+7,,miss,,,,—,,
2026-09-29T01:15:21.433271+00:00,nfl,2026,3,401872963,401872963386,1,8:42,(Shotgun) J.Hurts pass short right to M.Lemon to PHI 44 for 19 yards (D.Thieneman).,1,10,PHI 25,75,7,Chicago Bears,Philadelphia Eagles,7,0,60.8,39.2,74.0,33.0,107.0,46.0,73.0,119.0,game,Spread,Chicago Bears,,2.5,bet365,100,—,—,,+7,,hit,,,,—,,
2026-09-29T01:15:21.433271+00:00,nfl,2026,3,401872963,401872963386,1,8:42,(Shotgun) J.Hurts pass short right to M.Lemon to PHI 44 for 19 yards (D.Thieneman).,1,10,PHI 25,75,7,Chicago Bears,Philadelphia Eagles,7,0,60.8,39.2,74.0,33.0,107.0,46.0,73.0,119.0,game,Total,Over,,42.5,polymarket,257,—,—,,7.0,,miss,,,,—,,
2026-09-29T01:15:21.433271+00:00,nfl,2026,3,401872963,401872963386,1,8:42,(Shotgun) J.Hurts pass short right to M.Lemon to PHI 44 for 19 yards (D.Thieneman).,1,10,PHI 25,75,7,Chicago Bears,Philadelphia Eagles,7,0,60.8,39.2,74.0,33.0,107.0,46.0,73.0,119.0,game,Total,Under,,42.5,polymarket,-301,—,—,,7.0,,hit,,,,—,,
2026-09-29T01:15:21.433271+00:00,nfl,2026,3,401872963,401872963386,1,8:42,(Shotgun) J.Hurts pass short right to M.Lemon to PHI 44 for 19 yards (D.Thieneman).,1,10,PHI 25,75,7,Chicago Bears,Philadelphia Eagles,7,0,60.8,39.2,74.0,33.0,107.0,46.0,73.0,119.0,game,ML,Philadelphia Eagles,,,polymarket,143,—,—,,Loss,,miss,,,,—,,
2026-09-29T01:15:21.433271+00:00,nfl,2026,3,401872963,401872963386,1,8:42,(Shotgun) J.Hurts pass short right to M.Lemon to PHI 44 for 19 yards (D.Thieneman).,1,10,PHI 25,75,7,Chicago Bears,Philadelphia Eagles,7,0,60.8,39.2,74.0,33.0,107.0,46.0,73.0,119.0,game,ML,Chicago Bears,,,bet365,120,—,—,,Win,,hit,,,,—,,
2026-09-29T01:15:21.433271+00:00,nfl,2026,3,401872963,401872963411,1,8:02,S.Barkley left tackle pushed ob at CHI 44 for 12 yards (D.Bush).,1,10,PHI 44,56,7,Chicago Bears,Philadelphia Eagles,7,0,60.8,39.2,74.0,33.0,107.0,46.0,73.0,119.0,game,Spread,Philadelphia Eagles,,-2.5,novig,124,—,—,,+7,,miss,,,,—,,
2026-09-29T01:15:21.433271+00:00,nfl,2026,3,401872963,401872963411,1,8:02,S.Barkley left tackle pushed ob at CHI 44 for 12 yards (D.Bush).,1,10,PHI 44,56,7,Chicago Bears,Philadelphia Eagles,7,0,60.8,39.2,74.0,33.0,107.0,46.0,73.0,119.0,game,Spread,Chicago Bears,,2.5,bet365,100,—,—,,+7,,hit,,,,—,,
2026-09-29T01:15:21.433271+00:00,nfl,2026,3,401872963,401872963411,1,8:02,S.Barkley left tackle pushed ob at CHI 44 for 12 yards (D.Bush).,1,10,PHI 44,56,7,Chicago Bears,Philadelphia Eagles,7,0,60.8,39.2,74.0,33.0,107.0,46.0,73.0,119.0,game,Total,Over,,42.5,polymarket,257,—,—,,7.0,,miss,,,,—,,
2026-09-29T01:15:21.433271+00:00,nfl,2026,3,401872963,401872963411,1,8:02,S.Barkley left tackle pushed ob at CHI 44 for 12 yards (D.Bush).,1,10,PHI 44,56,7,Chicago Bears,Philadelphia Eagles,7,0,60.8,39.2,74.0,33.0,107.0,46.0,73.0,119.0,game,Total,Under,,42.5,polymarket,-301,—,—,,7.0,,hit,,,,—,,
2026-09-29T01:15:21.433271+00:00,nfl,2026,3,401872963,401872963411,1,8:02,S.Barkley left tackle pushed ob at CHI 44 for 12 yards (D.Bush).,1,10,PHI 44,56,7,Chicago Bears,Philadelphia Eagles,7,0,60.8,39.2,74.0,33.0,107.0,46.0,73.0,119.0,game,ML,Philadelphia Eagles,,,polymarket,143,—,—,,Loss,,miss,,,,—,,
2026-09-29T01:15:21.433271+00:00,nfl,2026,3,401872963,401872963411,1,8:02,S.Barkley left tackle pushed ob at CHI 44 for 12 yards (D.Bush).,1,10,PHI 44,56,7,Chicago Bears,Philadelphia Eagles,7,0,60.8,39.2,74.0,33.0,107.0,46.0,73.0,119.0,game,ML,Chicago Bears,,,bet365,120,—,—,,Win,,hit,,,,—,,
2026-09-29T01:15:21.433271+00:00,nfl,2026,3,401872963,401872963438,1,7:32,S.Barkley left tackle to CHI 40 for 4 yards (G.Jarrett; D.Jackson).,1,10,CHI 44,44,7,Chicago Bears,Philadelphia Eagles,7,0,60.8,39.2,74.0,33.0,107.0,46.0,73.0,119.0,game,Spread,Philadelphia Eagles,,-2.5,novig,124,—,—,,+7,,miss,,,,—,,
2026-09-29T01:15:21.433271+00:00,nfl,2026,3,401872963,401872963438,1,7:32,S.Barkley left tackle to CHI 40 for 4 yards (G.Jarrett; D.Jackson).,1,10,CHI 44,44,7,Chicago Bears,Philadelphia Eagles,7,0,60.8,39.2,74.0,33.0,107.0,46.0,73.0,119.0,game,Spread,Chicago Bears,,2.5,bet365,100,—,—,,+7,,hit,,,,—,,
2026-09-29T01:15:21.433271+00:00,nfl,2026,3,401872963,401872963438,1,7:32,S.Barkley left tackle to CHI 40 for 4 yards (G.Jarrett; D.Jackson).,1,10,CHI 44,44,7,Chicago Bears,Philadelphia Eagles,7,0,60.8,39.2,74.0,33.0,107.0,46.0,73.0,119.0,game,Total,Over,,42.5,polymarket,257,—,—,,7.0,,miss,,,,—,,
2026-09-29T01:15:21.433271+00:00,nfl,2026,3,401872963,401872963438,1,7:32,S.Barkley left tackle to CHI 40 for 4 yards (G.Jarrett; D.Jackson).,1,10,CHI 44,44,7,Chicago Bears,Philadelphia Eagles,7,0,60.8,39.2,74.0,33.0,107.0,46.0,73.0,119.0,game,Total,Under,,42.5,polymarket,-301,—,—,,7.0,,hit,,,,—,,
2026-09-29T01:15:21.433271+00:00,nfl,2026,3,401872963,401872963438,1,7:32,S.Barkley left tackle to CHI 40 for 4 yards (G.Jarrett; D.Jackson).,1,10,CHI 44,44,7,Chicago Bears,Philadelphia Eagles,7,0,60.8,39.2,74.0,33.0,107.0,46.0,73.0,119.0,game,ML,Philadelphia Eagles,,,polymarket,143,—,—,,Loss,,miss,,,,—,,
2026-09-29T01:15:21.433271+00:00,nfl,2026,3,401872963,401872963438,1,7:32,S.Barkley left tackle to CHI 40 for 4 yards (G.Jarrett; D.Jackson).,1,10,CHI 44,44,7,Chicago Bears,Philadelphia Eagles,7,0,60.8,39.2,74.0,33.0,107.0,46.0,73.0,119.0,game,ML,Chicago Bears,,,bet365,120,—,—,,Win,,hit,,,,—,,
2026-09-29T01:15:21.433271+00:00,nfl,2026,3,401872963,401872963460,1,7:01,"J.Hurts pass incomplete short middle.PENALTY on PHI-J.Hurts, Intentional Grounding, 10 yards, enforced at CHI 40.",2,6,CHI 40,40,7,Chicago Bears,Philadelphia Eagles,7,0,60.8,39.2,74.0,33.0,107.0,46.0,73.0,119.0,game,Spread,Philadelphia Eagles,,-2.5,novig,124,—,—,,+7,,miss,,,,—,,
2026-09-29T01:15:21.433271+00:00,nfl,2026,3,401872963,401872963460,1,7:01,"J.Hurts pass incomplete short middle.PENALTY on PHI-J.Hurts, Intentional Grounding, 10 yards, enforced at CHI 40.",2,6,CHI 40,40,7,Chicago Bears,Philadelphia Eagles,7,0,60.8,39.2,74.0,33.0,107.0,46.0,73.0,119.0,game,Spread,Chicago Bears,,2.5,bet365,100,—,—,,+7,,hit,,,,—,,
2026-09-29T01:15:21.433271+00:00,nfl,2026,3,401872963,401872963460,1,7:01,"J.Hurts pass incomplete short middle.PENALTY on PHI-J.Hurts, Intentional Grounding, 10 yards, enforced at CHI 40.",2,6,CHI 40,40,7,Chicago Bears,Philadelphia Eagles,7,0,60.8,39.2,74.0,33.0,107.0,46.0,73.0,119.0,game,Total,Over,,42.5,polymarket,257,—,—,,7.0,,miss,,,,—,,
2026-09-29T01:15:21.433271+00:00,nfl,2026,3,401872963,401872963460,1,7:01,"J.Hurts pass incomplete short middle.PENALTY on PHI-J.Hurts, Intentional Grounding, 10 yards, enforced at CHI 40.",2,6,CHI 40,40,7,Chicago Bears,Philadelphia Eagles,7,0,60.8,39.2,74.0,33.0,107.0,46.0,73.0,119.0,game,Total,Under,,42.5,polymarket,-301,—,—,,7.0,,hit,,,,—,,
2026-09-29T01:15:21.433271+00:00,nfl,2026,3,401872963,401872963460,1,7:01,"J.Hurts pass incomplete short middle.PENALTY on PHI-J.Hurts, Intentional Grounding, 10 yards, enforced at CHI 40.",2,6,CHI 40,40,7,Chicago Bears,Philadelphia Eagles,7,0,60.8,39.2,74.0,33.0,107.0,46.0,73.0,119.0,game,ML,Philadelphia Eagles,,,polymarket,143,—,—,,Loss,,miss,,,,—,,
2026-09-29T01:15:21.433271+00:00,nfl,2026,3,401872963,401872963460,1,7:01,"J.Hurts pass incomplete short middle.PENALTY on PHI-J.Hurts, Intentional Grounding, 10 yards, enforced at CHI 40.",2,6,CHI 40,40,7,Chicago Bears,Philadelphia Eagles,7,0,60.8,39.2,74.0,33.0,107.0,46.0,73.0,119.0,game,ML,Chicago Bears,,,bet365,120,—,—,,Win,,hit,,,,—,,
2026-09-29T01:15:21.433271+00:00,nfl,2026,3,401872963,401872963494,1,6:57,(Shotgun) J.Hurts pass short right to J.Mundt to CHI 46 for 4 yards (C.Lewis; D.Thieneman).,3,16,50,50,7,Chicago Bears,Philadelphia Eagles,7,0,60.8,39.2,74.0,33.0,107.0,46.0,73.0,119.0,game,Spread,Philadelphia Eagles,,-2.5,novig,124,—,—,,+7,,miss,,,,—,,
2026-09-29T01:15:21.433271+00:00,nfl,2026,3,401872963,401872963494,1,6:57,(Shotgun) J.Hurts pass short right to J.Mundt to CHI 46 for 4 yards (C.Lewis; D.Thieneman).,3,16,50,50,7,Chicago Bears,Philadelphia Eagles,7,0,60.8,39.2,74.0,33.0,107.0,46.0,73.0,119.0,game,Spread,Chicago Bears,,2.5,bet365,100,—,—,,+7,,hit,,,,—,,
2026-09-29T01:15:21.433271+00:00,nfl,2026,3,401872963,401872963494,1,6:57,(Shotgun) J.Hurts pass short right to J.Mundt to CHI 46 for 4 yards (C.Lewis; D.Thieneman).,3,16,50,50,7,Chicago Bears,Philadelphia Eagles,7,0,60.8,39.2,74.0,33.0,107.0,46.0,73.0,119.0,game,Total,Over,,42.5,polymarket,257,—,—,,7.0,,miss,,,,—,,
2026-09-29T01:15:21.433271+00:00,nfl,2026,3,401872963,401872963494,1,6:57,(Shotgun) J.Hurts pass short right to J.Mundt to CHI 46 for 4 yards (C.Lewis; D.Thieneman).,3,16,50,50,7,Chicago Bears,Philadelphia Eagles,7,0,60.8,39.2,74.0,33.0,107.0,46.0,73.0,119.0,game,Total,Under,,42.5,polymarket,-301,—,—,,7.0,,hit,,,,—,,
2026-09-29T01:15:21.433271+00:00,nfl,2026,3,401872963,401872963494,1,6:57,(Shotgun) J.Hurts pass short right to J.Mundt to CHI 46 for 4 yards (C.Lewis; D.Thieneman).,3,16,50,50,7,Chicago Bears,Philadelphia Eagles,7,0,60.8,39.2,74.0,33.0,107.0,46.0,73.0,119.0,game,ML,Philadelphia Eagles,,,polymarket,143,—,—,,Loss,,miss,,,,—,,
2026-09-29T01:15:21.433271+00:00,nfl,2026,3,401872963,401872963494,1,6:57,(Shotgun) J.Hurts pass short right to J.Mundt to CHI 46 for 4 yards (C.Lewis; D.Thieneman).,3,16,50,50,7,Chicago Bears,Philadelphia Eagles,7,0,60.8,39.2,74.0,33.0,107.0,46.0,73.0,119.0,game,ML,Chicago Bears,,,bet365,120,—,—,,Win,,hit,,,,—,,
2026-09-29T01:15:21.433271+00:00,nfl,2026,3,401872963,401872963519,1,6:15," B.Mann punts 30 yards to CHI 16, Center-R.Underwood, out of bounds.",4,12,CHI 46,46,7,Chicago Bears,Philadelphia Eagles,7,0,60.8,39.2,74.0,33.0,107.0,46.0,73.0,119.0,game,Spread,Philadelphia Eagles,,-2.5,novig,124,—,—,,+7,,miss,,,,—,,
2026-09-29T01:15:21.433271+00:00,nfl,2026,3,401872963,401872963519,1,6:15," B.Mann punts 30 yards to CHI 16, Center-R.Underwood, out of bounds.",4,12,CHI 46,46,7,Chicago Bears,Philadelphia Eagles,7,0,60.8,39.2,74.0,33.0,107.0,46.0,73.0,119.0,game,Spread,Chicago Bears,,2.5,bet365,100,—,—,,+7,,hit,,,,—,,
2026-09-29T01:15:21.433271+00:00,nfl,2026,3,401872963,401872963519,1,6:15," B.Mann punts 30 yards to CHI 16, Center-R.Underwood, out of bounds.",4,12,CHI 46,46,7,Chicago Bears,Philadelphia Eagles,7,0,60.8,39.2,74.0,33.0,107.0,46.0,73.0,119.0,game,Total,Over,,42.5,polymarket,257,—,—,,7.0,,miss,,,,—,,
2026-09-29T01:15:21.433271+00:00,nfl,2026,3,401872963,401872963519,1,6:15," B.Mann punts 30 yards to CHI 16, Center-R.Underwood, out of bounds.",4,12,CHI 46,46,7,Chicago Bears,Philadelphia Eagles,7,0,60.8,39.2,74.0,33.0,107.0,46.0,73.0,119.0,game,Total,Under,,42.5,polymarket,-301,—,—,,7.0,,hit,,,,—,,
2026-09-29T01:15:21.433271+00:00,nfl,2026,3,401872963,401872963519,1,6:15," B.Mann punts 30 yards to CHI 16, Center-R.Underwood, out of bounds.",4,12,CHI 46,46,7,Chicago Bears,Philadelphia Eagles,7,0,60.8,39.2,74.0,33.0,107.0,46.0,73.0,119.0,game,ML,Philadelphia Eagles,,,polymarket,143,—,—,,Loss,,miss,,,,—,,
2026-09-29T01:15:21.433271+00:00,nfl,2026,3,401872963,401872963519,1,6:15," B.Mann punts 30 yards to CHI 16, Center-R.Underwood, out of bounds.",4,12,CHI 46,46,7,Chicago Bears,Philadelphia Eagles,7,0,60.8,39.2,74.0,33.0,107.0,46.0,73.0,119.0,game,ML,Chicago Bears,,,bet365,120,—,—,,Win,,hit,,,,—,,
2026-09-29T01:15:21.433271+00:00,nfl,2026,3,401872963,401872963529,1,6:09,Official Timeout at 06:09.,1,10,CHI 16,16,7,Chicago Bears,Philadelphia Eagles,7,0,60.8,39.2,74.0,33.0,107.0,46.0,73.0,119.0,game,Spread,Philadelphia Eagles,,-2.5,novig,124,—,—,,+7,,miss,,,,—,,
2026-09-29T01:15:21.433271+00:00,nfl,2026,3,401872963,401872963529,1,6:09,Official Timeout at 06:09.,1,10,CHI 16,16,7,Chicago Bears,Philadelphia Eagles,7,0,60.8,39.2,74.0,33.0,107.0,46.0,73.0,119.0,game,Spread,Chicago Bears,,2.5,bet365,100,—,—,,+7,,hit,,,,—,,
2026-09-29T01:15:21.433271+00:00,nfl,2026,3,401872963,401872963529,1,6:09,Official Timeout at 06:09.,1,10,CHI 16,16,7,Chicago Bears,Philadelphia Eagles,7,0,60.8,39.2,74.0,33.0,107.0,46.0,73.0,119.0,game,Total,Over,,42.5,polymarket,257,—,—,,7.0,,miss,,,,—,,
2026-09-29T01:15:21.433271+00:00,nfl,2026,3,401872963,401872963529,1,6:09,Official Timeout at 06:09.,1,10,CHI 16,16,7,Chicago Bears,Philadelphia Eagles,7,0,60.8,39.2,74.0,33.0,107.0,46.0,73.0,119.0,game,Total,Under,,42.5,polymarket,-301,—,—,,7.0,,hit,,,,—,,
2026-09-29T01:15:21.433271+00:00,nfl,2026,3,401872963,401872963529,1,6:09,Official Timeout at 06:09.,1,10,CHI 16,16,7,Chicago Bears,Philadelphia Eagles,7,0,60.8,39.2,74.0,33.0,107.0,46.0,73.0,119.0,game,ML,Philadelphia Eagles,,,polymarket,143,—,—,,Loss,,miss,,,,—,,
2026-09-29T01:15:21.433271+00:00,nfl,2026,3,401872963,401872963529,1,6:09,Official Timeout at 06:09.,1,10,CHI 16,16,7,Chicago Bears,Philadelphia Eagles,7,0,60.8,39.2,74.0,33.0,107.0,46.0,73.0,119.0,game,ML,Chicago Bears,,,bet365,120,—,—,,Win,,hit,,,,—,,
2026-09-29T01:15:21.433271+00:00,nfl,2026,3,401872963,401872963538,1,6:09,D.Swift right guard to CHI 18 for 2 yards (Z.Baun; M.Carter).,1,10,CHI 16,16,7,Chicago Bears,Philadelphia Eagles,7,0,60.8,39.2,74.0,33.0,107.0,46.0,73.0,119.0,game,Spread,Philadelphia Eagles,,-2.5,novig,124,—,—,,+7,,miss,,,,—,,
2026-09-29T01:15:21.433271+00:00,nfl,2026,3,401872963,401872963538,1,6:09,D.Swift right guard to CHI 18 for 2 yards (Z.Baun; M.Carter).,1,10,CHI 16,16,7,Chicago Bears,Philadelphia Eagles,7,0,60.8,39.2,74.0,33.0,107.0,46.0,73.0,119.0,game,Spread,Chicago Bears,,2.5,bet365,100,—,—,,+7,,hit,,,,—,,
2026-09-29T01:15:21.433271+00:00,nfl,2026,3,401872963,401872963538,1,6:09,D.Swift right guard to CHI 18 for 2 yards (Z.Baun; M.Carter).,1,10,CHI 16,16,7,Chicago Bears,Philadelphia Eagles,7,0,60.8,39.2,74.0,33.0,107.0,46.0,73.0,119.0,game,Total,Over,,42.5,polymarket,257,—,—,,7.0,,miss,,,,—,,
2026-09-29T01:15:21.433271+00:00,nfl,2026,3,401872963,401872963538,1,6:09,D.Swift right guard to CHI 18 for 2 yards (Z.Baun; M.Carter).,1,10,CHI 16,16,7,Chicago Bears,Philadelphia Eagles,7,0,60.8,39.2,74.0,33.0,107.0,46.0,73.0,119.0,game,Total,Under,,42.5,polymarket,-301,—,—,,7.0,,hit,,,,—,,
2026-09-29T01:15:21.433271+00:00,nfl,2026,3,401872963,401872963538,1,6:09,D.Swift right guard to CHI 18 for 2 yards (Z.Baun; M.Carter).,1,10,CHI 16,16,7,Chicago Bears,Philadelphia Eagles,7,0,60.8,39.2,74.0,33.0,107.0,46.0,73.0,119.0,game,ML,Philadelphia Eagles,,,polymarket,143,—,—,,Loss,,miss,,,,—,,
2026-09-29T01:15:21.433271+00:00,nfl,2026,3,401872963,401872963538,1,6:09,D.Swift right guard to CHI 18 for 2 yards (Z.Baun; M.Carter).,1,10,CHI 16,16,7,Chicago Bears,Philadelphia Eagles,7,0,60.8,39.2,74.0,33.0,107.0,46.0,73.0,119.0,game,ML,Chicago Bears,,,bet365,120,—,—,,Win,,hit,,,,—,,
2026-09-29T01:15:21.433271+00:00,nfl,2026,3,401872963,401872963567,1,5:27,D.Swift right tackle to CHI 24 for 6 yards (J.Campbell; A.Mukuba).,2,8,CHI 18,18,7,Chicago Bears,Philadelphia Eagles,7,0,60.8,39.2,74.0,33.0,107.0,46.0,73.0,119.0,game,Spread,Philadelphia Eagles,,-2.5,novig,124,—,—,,+7,,miss,,,,—,,
2026-09-29T01:15:21.433271+00:00,nfl,2026,3,401872963,401872963567,1,5:27,D.Swift right tackle to CHI 24 for 6 yards (J.Campbell; A.Mukuba).,2,8,CHI 18,18,7,Chicago Bears,Philadelphia Eagles,7,0,60.8,39.2,74.0,33.0,107.0,46.0,73.0,119.0,game,Spread,Chicago Bears,,2.5,bet365,100,—,—,,+7,,hit,,,,—,,
2026-09-29T01:15:21.433271+00:00,nfl,2026,3,401872963,401872963567,1,5:27,D.Swift right tackle to CHI 24 for 6 yards (J.Campbell; A.Mukuba).,2,8,CHI 18,18,7,Chicago Bears,Philadelphia Eagles,7,0,60.8,39.2,74.0,33.0,107.0,46.0,73.0,119.0,game,Total,Over,,42.5,polymarket,257,—,—,,7.0,,miss,,,,—,,
2026-09-29T01:15:21.433271+00:00,nfl,2026,3,401872963,401872963567,1,5:27,D.Swift right tackle to CHI 24 for 6 yards (J.Campbell; A.Mukuba).,2,8,CHI 18,18,7,Chicago Bears,Philadelphia Eagles,7,0,60.8,39.2,74.0,33.0,107.0,46.0,73.0,119.0,game,Total,Under,,42.5,polymarket,-301,—,—,,7.0,,hit,,,,—,,
2026-09-29T01:15:21.433271+00:00,nfl,2026,3,401872963,401872963567,1,5:27,D.Swift right tackle to CHI 24 for 6 yards (J.Campbell; A.Mukuba).,2,8,CHI 18,18,7,Chicago Bears,Philadelphia Eagles,7,0,60.8,39.2,74.0,33.0,107.0,46.0,73.0,119.0,game,ML,Philadelphia Eagles,,,polymarket,143,—,—,,Loss,,miss,,,,—,,
2026-09-29T01:15:21.433271+00:00,nfl,2026,3,401872963,401872963567,1,5:27,D.Swift right tackle to CHI 24 for 6 yards (J.Campbell; A.Mukuba).,2,8,CHI 18,18,7,Chicago Bears,Philadelphia Eagles,7,0,60.8,39.2,74.0,33.0,107.0,46.0,73.0,119.0,game,ML,Chicago Bears,,,bet365,120,—,—,,Win,,hit,,,,—,,
2026-09-29T01:15:21.433271+00:00,nfl,2026,3,401872963,401872963589,1,4:48,(Shotgun) C.Keenum pass short right to D.Swift to CHI 28 for 4 yards (T.Woolen).,3,2,CHI 24,24,7,Chicago Bears,Philadelphia Eagles,7,0,60.8,39.2,74.0,33.0,107.0,46.0,73.0,119.0,game,Spread,Philadelphia Eagles,,-2.5,novig,124,—,—,,+7,,miss,,,,—,,
2026-09-29T01:15:21.433271+00:00,nfl,2026,3,401872963,401872963589,1,4:48,(Shotgun) C.Keenum pass short right to D.Swift to CHI 28 for 4 yards (T.Woolen).,3,2,CHI 24,24,7,Chicago Bears,Philadelphia Eagles,7,0,60.8,39.2,74.0,33.0,107.0,46.0,73.0,119.0,game,Spread,Chicago Bears,,2.5,bet365,100,—,—,,+7,,hit,,,,—,,
2026-09-29T01:15:21.433271+00:00,nfl,2026,3,401872963,401872963589,1,4:48,(Shotgun) C.Keenum pass short right to D.Swift to CHI 28 for 4 yards (T.Woolen).,3,2,CHI 24,24,7,Chicago Bears,Philadelphia Eagles,7,0,60.8,39.2,74.0,33.0,107.0,46.0,73.0,119.0,game,Total,Over,,42.5,polymarket,257,—,—,,7.0,,miss,,,,—,,
2026-09-29T01:15:21.433271+00:00,nfl,2026,3,401872963,401872963589,1,4:48,(Shotgun) C.Keenum pass short right to D.Swift to CHI 28 for 4 yards (T.Woolen).,3,2,CHI 24,24,7,Chicago Bears,Philadelphia Eagles,7,0,60.8,39.2,74.0,33.0,107.0,46.0,73.0,119.0,game,Total,Under,,42.5,polymarket,-301,—,—,,7.0,,hit,,,,—,,
2026-09-29T01:15:21.433271+00:00,nfl,2026,3,401872963,401872963589,1,4:48,(Shotgun) C.Keenum pass short right to D.Swift to CHI 28 for 4 yards (T.Woolen).,3,2,CHI 24,24,7,Chicago Bears,Philadelphia Eagles,7,0,60.8,39.2,74.0,33.0,107.0,46.0,73.0,119.0,game,ML,Philadelphia Eagles,,,polymarket,143,—,—,,Loss,,miss,,,,—,,
2026-09-29T01:15:21.433271+00:00,nfl,2026,3,401872963,401872963589,1,4:48,(Shotgun) C.Keenum pass short right to D.Swift to CHI 28 for 4 yards (T.Woolen).,3,2,CHI 24,24,7,Chicago Bears,Philadelphia Eagles,7,0,60.8,39.2,74.0,33.0,107.0,46.0,73.0,119.0,game,ML,Chicago Bears,,,bet365,120,—,—,,Win,,hit,,,,—,,
2026-09-29T01:15:21.433271+00:00,nfl,2026,3,401872963,401872963614,1,4:15,(Shotgun) C.Keenum pass short middle to L.Burden to CHI 41 for 13 yards (Q.Mitchell).,1,10,CHI 28,28,7,Chicago Bears,Philadelphia Eagles,7,0,60.8,39.2,74.0,33.0,107.0,46.0,73.0,119.0,game,Spread,Philadelphia Eagles,,-2.5,novig,124,—,—,,+7,,miss,,,,—,,
2026-09-29T01:15:21.433271+00:00,nfl,2026,3,401872963,401872963614,1,4:15,(Shotgun) C.Keenum pass short middle to L.Burden to CHI 41 for 13 yards (Q.Mitchell).,1,10,CHI 28,28,7,Chicago Bears,Philadelphia Eagles,7,0,60.8,39.2,74.0,33.0,107.0,46.0,73.0,119.0,game,Spread,Chicago Bears,,2.5,bet365,100,—,—,,+7,,hit,,,,—,,
2026-09-29T01:15:21.433271+00:00,nfl,2026,3,401872963,401872963614,1,4:15,(Shotgun) C.Keenum pass short middle to L.Burden to CHI 41 for 13 yards (Q.Mitchell).,1,10,CHI 28,28,7,Chicago Bears,Philadelphia Eagles,7,0,60.8,39.2,74.0,33.0,107.0,46.0,73.0,119.0,game,Total,Over,,42.5,polymarket,257,—,—,,7.0,,miss,,,,—,,
2026-09-29T01:15:21.433271+00:00,nfl,2026,3,401872963,401872963614,1,4:15,(Shotgun) C.Keenum pass short middle to L.Burden to CHI 41 for 13 yards (Q.Mitchell).,1,10,CHI 28,28,7,Chicago Bears,Philadelphia Eagles,7,0,60.8,39.2,74.0,33.0,107.0,46.0,73.0,119.0,game,Total,Under,,42.5,polymarket,-301,—,—,,7.0,,hit,,,,—,,
2026-09-29T01:15:21.433271+00:00,nfl,2026,3,401872963,401872963614,1,4:15,(Shotgun) C.Keenum pass short middle to L.Burden to CHI 41 for 13 yards (Q.Mitchell).,1,10,CHI 28,28,7,Chicago Bears,Philadelphia Eagles,7,0,60.8,39.2,74.0,33.0,107.0,46.0,73.0,119.0,game,ML,Philadelphia Eagles,,,polymarket,143,—,—,,Loss,,miss,,,,—,,
2026-09-29T01:15:21.433271+00:00,nfl,2026,3,401872963,401872963614,1,4:15,(Shotgun) C.Keenum pass short middle to L.Burden to CHI 41 for 13 yards (Q.Mitchell).,1,10,CHI 28,28,7,Chicago Bears,Philadelphia Eagles,7,0,60.8,39.2,74.0,33.0,107.0,46.0,73.0,119.0,game,ML,Chicago Bears,,,bet365,120,—,—,,Win,,hit,,,,—,,
2026-09-29T01:15:21.433271+00:00,nfl,2026,3,401872963,401872963639,1,3:31,"C.Keenum pass incomplete deep right to Z.Thomas.PENALTY on PHI-T.Woolen, Defensive Holding, 5 yards, enforced at CHI 41 - No Play.",1,10,CHI 41,41,7,Chicago Bears,Philadelphia Eagles,7,0,60.8,39.2,74.0,33.0,107.0,46.0,73.0,119.0,game,Spread,Philadelphia Eagles,,-2.5,novig,124,—,—,,+7,,miss,,,,—,,
2026-09-29T01:15:21.433271+00:00,nfl,2026,3,401872963,401872963639,1,3:31,"C.Keenum pass incomplete deep right to Z.Thomas.PENALTY on PHI-T.Woolen, Defensive Holding, 5 yards, enforced at CHI 41 - No Play.",1,10,CHI 41,41,7,Chicago Bears,Philadelphia Eagles,7,0,60.8,39.2,74.0,33.0,107.0,46.0,73.0,119.0,game,Spread,Chicago Bears,,2.5,bet365,100,—,—,,+7,,hit,,,,—,,
2026-09-29T01:15:21.433271+00:00,nfl,2026,3,401872963,401872963639,1,3:31,"C.Keenum pass incomplete deep right to Z.Thomas.PENALTY on PHI-T.Woolen, Defensive Holding, 5 yards, enforced at CHI 41 - No Play.",1,10,CHI 41,41,7,Chicago Bears,Philadelphia Eagles,7,0,60.8,39.2,74.0,33.0,107.0,46.0,73.0,119.0,game,Total,Over,,42.5,polymarket,257,—,—,,7.0,,miss,,,,—,,
2026-09-29T01:15:21.433271+00:00,nfl,2026,3,401872963,401872963639,1,3:31,"C.Keenum pass incomplete deep right to Z.Thomas.PENALTY on PHI-T.Woolen, Defensive Holding, 5 yards, enforced at CHI 41 - No Play.",1,10,CHI 41,41,7,Chicago Bears,Philadelphia Eagles,7,0,60.8,39.2,74.0,33.0,107.0,46.0,73.0,119.0,game,Total,Under,,42.5,polymarket,-301,—,—,,7.0,,hit,,,,—,,
2026-09-29T01:15:21.433271+00:00,nfl,2026,3,401872963,401872963639,1,3:31,"C.Keenum pass incomplete deep right to Z.Thomas.PENALTY on PHI-T.Woolen, Defensive Holding, 5 yards, enforced at CHI 41 - No Play.",1,10,CHI 41,41,7,Chicago Bears,Philadelphia Eagles,7,0,60.8,39.2,74.0,33.0,107.0,46.0,73.0,119.0,game,ML,Philadelphia Eagles,,,polymarket,143,—,—,,Loss,,miss,,,,—,,
2026-09-29T01:15:21.433271+00:00,nfl,2026,3,401872963,401872963639,1,3:31,"C.Keenum pass incomplete deep right to Z.Thomas.PENALTY on PHI-T.Woolen, Defensive Holding, 5 yards, enforced at CHI 41 - No Play.",1,10,CHI 41,41,7,Chicago Bears,Philadelphia Eagles,7,0,60.8,39.2,74.0,33.0,107.0,46.0,73.0,119.0,game,ML,Chicago Bears,,,bet365,120,—,—,,Win,,hit,,,,—,,
2026-09-29T01:15:21.433271+00:00,nfl,2026,3,401872963,401872963673,1,3:25,K.Monangai right guard to CHI 49 for 3 yards (M.Ojomo; A.Ebiketie).,1,10,CHI 46,46,7,Chicago Bears,Philadelphia Eagles,7,0,60.8,39.2,74.0,33.0,107.0,46.0,73.0,119.0,game,Spread,Philadelphia Eagles,,-2.5,novig,124,—,—,,+7,,miss,,,,—,,
2026-09-29T01:15:21.433271+00:00,nfl,2026,3,401872963,401872963673,1,3:25,K.Monangai right guard to CHI 49 for 3 yards (M.Ojomo; A.Ebiketie).,1,10,CHI 46,46,7,Chicago Bears,Philadelphia Eagles,7,0,60.8,39.2,74.0,33.0,107.0,46.0,73.0,119.0,game,Spread,Chicago Bears,,2.5,bet365,100,—,—,,+7,,hit,,,,—,,
2026-09-29T01:15:21.433271+00:00,nfl,2026,3,401872963,401872963673,1,3:25,K.Monangai right guard to CHI 49 for 3 yards (M.Ojomo; A.Ebiketie).,1,10,CHI 46,46,7,Chicago Bears,Philadelphia Eagles,7,0,60.8,39.2,74.0,33.0,107.0,46.0,73.0,119.0,game,Total,Over,,42.5,polymarket,257,—,—,,7.0,,miss,,,,—,,
2026-09-29T01:15:21.433271+00:00,nfl,2026,3,401872963,401872963673,1,3:25,K.Monangai right guard to CHI 49 for 3 yards (M.Ojomo; A.Ebiketie).,1,10,CHI 46,46,7,Chicago Bears,Philadelphia Eagles,7,0,60.8,39.2,74.0,33.0,107.0,46.0,73.0,119.0,game,Total,Under,,42.5,polymarket,-301,—,—,,7.0,,hit,,,,—,,
2026-09-29T01:15:21.433271+00:00,nfl,2026,3,401872963,401872963673,1,3:25,K.Monangai right guard to CHI 49 for 3 yards (M.Ojomo; A.Ebiketie).,1,10,CHI 46,46,7,Chicago Bears,Philadelphia Eagles,7,0,60.8,39.2,74.0,33.0,107.0,46.0,73.0,119.0,game,ML,Philadelphia Eagles,,,polymarket,143,—,—,,Loss,,miss,,,,—,,
2026-09-29T01:15:21.433271+00:00,nfl,2026,3,401872963,401872963673,1,3:25,K.Monangai right guard to CHI 49 for 3 yards (M.Ojomo; A.Ebiketie).,1,10,CHI 46,46,7,Chicago Bears,Philadelphia Eagles,7,0,60.8,39.2,74.0,33.0,107.0,46.0,73.0,119.0,game,ML,Chicago Bears,,,bet365,120,—,—,,Win,,hit,,,,—,,
2026-09-29T01:15:21.433271+00:00,nfl,2026,3,401872963,401872963695,1,2:48,(Shotgun) C.Keenum pass short middle to Z.Thomas to 50 for 1 yard (C.DeJean; M.Ojomo).,2,7,CHI 49,49,7,Chicago Bears,Philadelphia Eagles,7,0,60.8,39.2,74.0,33.0,107.0,46.0,73.0,119.0,game,Spread,Philadelphia Eagles,,-2.5,novig,124,—,—,,+7,,miss,,,,—,,
2026-09-29T01:15:21.433271+00:00,nfl,2026,3,401872963,401872963695,1,2:48,(Shotgun) C.Keenum pass short middle to Z.Thomas to 50 for 1 yard (C.DeJean; M.Ojomo).,2,7,CHI 49,49,7,Chicago Bears,Philadelphia Eagles,7,0,60.8,39.2,74.0,33.0,107.0,46.0,73.0,119.0,game,Spread,Chicago Bears,,2.5,bet365,100,—,—,,+7,,hit,,,,—,,
2026-09-29T01:15:21.433271+00:00,nfl,2026,3,401872963,401872963695,1,2:48,(Shotgun) C.Keenum pass short middle to Z.Thomas to 50 for 1 yard (C.DeJean; M.Ojomo).,2,7,CHI 49,49,7,Chicago Bears,Philadelphia Eagles,7,0,60.8,39.2,74.0,33.0,107.0,46.0,73.0,119.0,game,Total,Over,,42.5,polymarket,257,—,—,,7.0,,miss,,,,—,,
2026-09-29T01:15:21.433271+00:00,nfl,2026,3,401872963,401872963695,1,2:48,(Shotgun) C.Keenum pass short middle to Z.Thomas to 50 for 1 yard (C.DeJean; M.Ojomo).,2,7,CHI 49,49,7,Chicago Bears,Philadelphia Eagles,7,0,60.8,39.2,74.0,33.0,107.0,46.0,73.0,119.0,game,Total,Under,,42.5,polymarket,-301,—,—,,7.0,,hit,,,,—,,
2026-09-29T01:15:21.433271+00:00,nfl,2026,3,401872963,401872963695,1,2:48,(Shotgun) C.Keenum pass short middle to Z.Thomas to 50 for 1 yard (C.DeJean; M.Ojomo).,2,7,CHI 49,49,7,Chicago Bears,Philadelphia Eagles,7,0,60.8,39.2,74.0,33.0,107.0,46.0,73.0,119.0,game,ML,Philadelphia Eagles,,,polymarket,143,—,—,,Loss,,miss,,,,—,,
2026-09-29T01:15:21.433271+00:00,nfl,2026,3,401872963,401872963695,1,2:48,(Shotgun) C.Keenum pass short middle to Z.Thomas to 50 for 1 yard (C.DeJean; M.Ojomo).,2,7,CHI 49,49,7,Chicago Bears,Philadelphia Eagles,7,0,60.8,39.2,74.0,33.0,107.0,46.0,73.0,119.0,game,ML,Chicago Bears,,,bet365,120,—,—,,Win,,hit,,,,—,,
2026-09-29T01:15:21.433271+00:00,nfl,2026,3,401872963,401872963720,1,2:08,(Shotgun) C.Keenum pass incomplete deep right to R.Odunze.,3,6,50,50,7,Chicago Bears,Philadelphia Eagles,7,0,60.8,39.2,74.0,33.0,107.0,46.0,73.0,119.0,game,Spread,Philadelphia Eagles,,-2.5,novig,124,—,—,,+7,,miss,,,,—,,
2026-09-29T01:15:21.433271+00:00,nfl,2026,3,401872963,401872963720,1,2:08,(Shotgun) C.Keenum pass incomplete deep right to R.Odunze.,3,6,50,50,7,Chicago Bears,Philadelphia Eagles,7,0,60.8,39.2,74.0,33.0,107.0,46.0,73.0,119.0,game,Spread,Chicago Bears,,2.5,bet365,100,—,—,,+7,,hit,,,,—,,
2026-09-29T01:15:21.433271+00:00,nfl,2026,3,401872963,401872963720,1,2:08,(Shotgun) C.Keenum pass incomplete deep right to R.Odunze.,3,6,50,50,7,Chicago Bears,Philadelphia Eagles,7,0,60.8,39.2,74.0,33.0,107.0,46.0,73.0,119.0,game,Total,Over,,42.5,polymarket,257,—,—,,7.0,,miss,,,,—,,
2026-09-29T01:15:21.433271+00:00,nfl,2026,3,401872963,401872963720,1,2:08,(Shotgun) C.Keenum pass incomplete deep right to R.Odunze.,3,6,50,50,7,Chicago Bears,Philadelphia Eagles,7,0,60.8,39.2,74.0,33.0,107.0,46.0,73.0,119.0,game,Total,Under,,42.5,polymarket,-301,—,—,,7.0,,hit,,,,—,,
2026-09-29T01:15:21.433271+00:00,nfl,2026,3,401872963,401872963720,1,2:08,(Shotgun) C.Keenum pass incomplete deep right to R.Odunze.,3,6,50,50,7,Chicago Bears,Philadelphia Eagles,7,0,60.8,39.2,74.0,33.0,107.0,46.0,73.0,119.0,game,ML,Philadelphia Eagles,,,polymarket,143,—,—,,Loss,,miss,,,,—,,
2026-09-29T01:15:21.433271+00:00,nfl,2026,3,401872963,401872963720,1,2:08,(Shotgun) C.Keenum pass incomplete deep right to R.Odunze.,3,6,50,50,7,Chicago Bears,Philadelphia Eagles,7,0,60.8,39.2,74.0,33.0,107.0,46.0,73.0,119.0,game,ML,Chicago Bears,,,bet365,120,—,—,,Win,,hit,,,,—,,
2026-09-29T01:15:21.433271+00:00,nfl,2026,3,401872963,401872963743,1,2:02,"T.Taylor punts 50 yards to end zone, Center-S.Daly, Touchback.",4,6,50,50,7,Chicago Bears,Philadelphia Eagles,7,0,60.8,39.2,74.0,33.0,107.0,46.0,73.0,119.0,game,Spread,Philadelphia Eagles,,-2.5,novig,124,—,—,,+7,,miss,,,,—,,
2026-09-29T01:15:21.433271+00:00,nfl,2026,3,401872963,401872963743,1,2:02,"T.Taylor punts 50 yards to end zone, Center-S.Daly, Touchback.",4,6,50,50,7,Chicago Bears,Philadelphia Eagles,7,0,60.8,39.2,74.0,33.0,107.0,46.0,73.0,119.0,game,Spread,Chicago Bears,,2.5,bet365,100,—,—,,+7,,hit,,,,—,,
2026-09-29T01:15:21.433271+00:00,nfl,2026,3,401872963,401872963743,1,2:02,"T.Taylor punts 50 yards to end zone, Center-S.Daly, Touchback.",4,6,50,50,7,Chicago Bears,Philadelphia Eagles,7,0,60.8,39.2,74.0,33.0,107.0,46.0,73.0,119.0,game,Total,Over,,42.5,polymarket,257,—,—,,7.0,,miss,,,,—,,
2026-09-29T01:15:21.433271+00:00,nfl,2026,3,401872963,401872963743,1,2:02,"T.Taylor punts 50 yards to end zone, Center-S.Daly, Touchback.",4,6,50,50,7,Chicago Bears,Philadelphia Eagles,7,0,60.8,39.2,74.0,33.0,107.0,46.0,73.0,119.0,game,Total,Under,,42.5,polymarket,-301,—,—,,7.0,,hit,,,,—,,
2026-09-29T01:15:21.433271+00:00,nfl,2026,3,401872963,401872963743,1,2:02,"T.Taylor punts 50 yards to end zone, Center-S.Daly, Touchback.",4,6,50,50,7,Chicago Bears,Philadelphia Eagles,7,0,60.8,39.2,74.0,33.0,107.0,46.0,73.0,119.0,game,ML,Philadelphia Eagles,,,polymarket,143,—,—,,Loss,,miss,,,,—,,
2026-09-29T01:15:21.433271+00:00,nfl,2026,3,401872963,401872963743,1,2:02,"T.Taylor punts 50 yards to end zone, Center-S.Daly, Touchback.",4,6,50,50,7,Chicago Bears,Philadelphia Eagles,7,0,60.8,39.2,74.0,33.0,107.0,46.0,73.0,119.0,game,ML,Chicago Bears,,,bet365,120,—,—,,Win,,hit,,,,—,,
2026-09-29T01:15:21.433271+00:00,nfl,2026,3,401872963,401872963753,1,1:51,Official Timeout at 01:51.,1,10,PHI 20,80,7,Chicago Bears,Philadelphia Eagles,7,0,60.8,39.2,74.0,33.0,107.0,46.0,73.0,119.0,game,Spread,Philadelphia Eagles,,-2.5,novig,124,—,—,,+7,,miss,,,,—,,
2026-09-29T01:15:21.433271+00:00,nfl,2026,3,401872963,401872963753,1,1:51,Official Timeout at 01:51.,1,10,PHI 20,80,7,Chicago Bears,Philadelphia Eagles,7,0,60.8,39.2,74.0,33.0,107.0,46.0,73.0,119.0,game,Spread,Chicago Bears,,2.5,bet365,100,—,—,,+7,,hit,,,,—,,
2026-09-29T01:15:21.433271+00:00,nfl,2026,3,401872963,401872963753,1,1:51,Official Timeout at 01:51.,1,10,PHI 20,80,7,Chicago Bears,Philadelphia Eagles,7,0,60.8,39.2,74.0,33.0,107.0,46.0,73.0,119.0,game,Total,Over,,42.5,polymarket,257,—,—,,7.0,,miss,,,,—,,
2026-09-29T01:15:21.433271+00:00,nfl,2026,3,401872963,401872963753,1,1:51,Official Timeout at 01:51.,1,10,PHI 20,80,7,Chicago Bears,Philadelphia Eagles,7,0,60.8,39.2,74.0,33.0,107.0,46.0,73.0,119.0,game,Total,Under,,42.5,polymarket,-301,—,—,,7.0,,hit,,,,—,,
2026-09-29T01:15:21.433271+00:00,nfl,2026,3,401872963,401872963753,1,1:51,Official Timeout at 01:51.,1,10,PHI 20,80,7,Chicago Bears,Philadelphia Eagles,7,0,60.8,39.2,74.0,33.0,107.0,46.0,73.0,119.0,game,ML,Philadelphia Eagles,,,polymarket,143,—,—,,Loss,,miss,,,,—,,
2026-09-29T01:15:21.433271+00:00,nfl,2026,3,401872963,401872963753,1,1:51,Official Timeout at 01:51.,1,10,PHI 20,80,7,Chicago Bears,Philadelphia Eagles,7,0,60.8,39.2,74.0,33.0,107.0,46.0,73.0,119.0,game,ML,Chicago Bears,,,bet365,120,—,—,,Win,,hit,,,,—,,
2026-09-29T01:15:21.433271+00:00,nfl,2026,3,401872963,401872963763,1,1:51,J.Hurts pass incomplete short right to S.Barkley.,1,10,PHI 20,80,7,Chicago Bears,Philadelphia Eagles,7,0,60.8,39.2,74.0,33.0,107.0,46.0,73.0,119.0,game,Spread,Philadelphia Eagles,,-2.5,novig,124,—,—,,+7,,miss,,,,—,,
2026-09-29T01:15:21.433271+00:00,nfl,2026,3,401872963,401872963763,1,1:51,J.Hurts pass incomplete short right to S.Barkley.,1,10,PHI 20,80,7,Chicago Bears,Philadelphia Eagles,7,0,60.8,39.2,74.0,33.0,107.0,46.0,73.0,119.0,game,Spread,Chicago Bears,,2.5,bet365,100,—,—,,+7,,hit,,,,—,,
2026-09-29T01:15:21.433271+00:00,nfl,2026,3,401872963,401872963763,1,1:51,J.Hurts pass incomplete short right to S.Barkley.,1,10,PHI 20,80,7,Chicago Bears,Philadelphia Eagles,7,0,60.8,39.2,74.0,33.0,107.0,46.0,73.0,119.0,game,Total,Over,,42.5,polymarket,257,—,—,,7.0,,miss,,,,—,,
2026-09-29T01:15:21.433271+00:00,nfl,2026,3,401872963,401872963763,1,1:51,J.Hurts pass incomplete short right to S.Barkley.,1,10,PHI 20,80,7,Chicago Bears,Philadelphia Eagles,7,0,60.8,39.2,74.0,33.0,107.0,46.0,73.0,119.0,game,Total,Under,,42.5,polymarket,-301,—,—,,7.0,,hit,,,,—,,
2026-09-29T01:15:21.433271+00:00,nfl,2026,3,401872963,401872963763,1,1:51,J.Hurts pass incomplete short right to S.Barkley.,1,10,PHI 20,80,7,Chicago Bears,Philadelphia Eagles,7,0,60.8,39.2,74.0,33.0,107.0,46.0,73.0,119.0,game,ML,Philadelphia Eagles,,,polymarket,143,—,—,,Loss,,miss,,,,—,,
2026-09-29T01:15:21.433271+00:00,nfl,2026,3,401872963,401872963763,1,1:51,J.Hurts pass incomplete short right to S.Barkley.,1,10,PHI 20,80,7,Chicago Bears,Philadelphia Eagles,7,0,60.8,39.2,74.0,33.0,107.0,46.0,73.0,119.0,game,ML,Chicago Bears,,,bet365,120,—,—,,Win,,hit,,,,—,,
2026-09-29T01:15:21.433271+00:00,nfl,2026,3,401872963,401872963799,1,1:46,"(Shotgun) S.Barkley left end pushed ob at PHI 39 for 19 yards (X.Woods).PENALTY on PHI-T.Steen, Offensive Holding, 10 yards, enforced at PHI 20 - No Play.",2,10,PHI 20,80,7,Chicago Bears,Philadelphia Eagles,7,0,60.8,39.2,74.0,33.0,107.0,46.0,73.0,119.0,game,Spread,Philadelphia Eagles,,-2.5,novig,124,—,—,,+7,,miss,,,,—,,
2026-09-29T01:15:21.433271+00:00,nfl,2026,3,401872963,401872963799,1,1:46,"(Shotgun) S.Barkley left end pushed ob at PHI 39 for 19 yards (X.Woods).PENALTY on PHI-T.Steen, Offensive Holding, 10 yards, enforced at PHI 20 - No Play.",2,10,PHI 20,80,7,Chicago Bears,Philadelphia Eagles,7,0,60.8,39.2,74.0,33.0,107.0,46.0,73.0,119.0,game,Spread,Chicago Bears,,2.5,bet365,100,—,—,,+7,,hit,,,,—,,
2026-09-29T01:15:21.433271+00:00,nfl,2026,3,401872963,401872963799,1,1:46,"(Shotgun) S.Barkley left end pushed ob at PHI 39 for 19 yards (X.Woods).PENALTY on PHI-T.Steen, Offensive Holding, 10 yards, enforced at PHI 20 - No Play.",2,10,PHI 20,80,7,Chicago Bears,Philadelphia Eagles,7,0,60.8,39.2,74.0,33.0,107.0,46.0,73.0,119.0,game,Total,Over,,42.5,polymarket,257,—,—,,7.0,,miss,,,,—,,
2026-09-29T01:15:21.433271+00:00,nfl,2026,3,401872963,401872963799,1,1:46,"(Shotgun) S.Barkley left end pushed ob at PHI 39 for 19 yards (X.Woods).PENALTY on PHI-T.Steen, Offensive Holding, 10 yards, enforced at PHI 20 - No Play.",2,10,PHI 20,80,7,Chicago Bears,Philadelphia Eagles,7,0,60.8,39.2,74.0,33.0,107.0,46.0,73.0,119.0,game,Total,Under,,42.5,polymarket,-301,—,—,,7.0,,hit,,,,—,,
2026-09-29T01:15:21.433271+00:00,nfl,2026,3,401872963,401872963799,1,1:46,"(Shotgun) S.Barkley left end pushed ob at PHI 39 for 19 yards (X.Woods).PENALTY on PHI-T.Steen, Offensive Holding, 10 yards, enforced at PHI 20 - No Play.",2,10,PHI 20,80,7,Chicago Bears,Philadelphia Eagles,7,0,60.8,39.2,74.0,33.0,107.0,46.0,73.0,119.0,game,ML,Philadelphia Eagles,,,polymarket,143,—,—,,Loss,,miss,,,,—,,
2026-09-29T01:15:21.433271+00:00,nfl,2026,3,401872963,401872963799,1,1:46,"(Shotgun) S.Barkley left end pushed ob at PHI 39 for 19 yards (X.Woods).PENALTY on PHI-T.Steen, Offensive Holding, 10 yards, enforced at PHI 20 - No Play.",2,10,PHI 20,80,7,Chicago Bears,Philadelphia Eagles,7,0,60.8,39.2,74.0,33.0,107.0,46.0,73.0,119.0,game,ML,Chicago Bears,,,bet365,120,—,—,,Win,,hit,,,,—,,
2026-09-29T01:15:21.433271+00:00,nfl,2026,3,401872963,401872963837,1,1:15,"(Shotgun) J.Hurts pass short right to T.Bigsby to PHI 15 for 5 yards (A.Booker; D.Bush). FUMBLES (A.Booker), RECOVERED by CHI-X.Woods at PHI 15.",2,20,PHI 10,90,7,Chicago Bears,Philadelphia Eagles,7,0,60.8,39.2,74.0,33.0,107.0,46.0,73.0,119.0,game,Spread,Philadelphia Eagles,,-2.5,novig,124,—,—,,+7,,miss,,,,—,,
2026-09-29T01:15:21.433271+00:00,nfl,2026,3,401872963,401872963837,1,1:15,"(Shotgun) J.Hurts pass short right to T.Bigsby to PHI 15 for 5 yards (A.Booker; D.Bush). FUMBLES (A.Booker), RECOVERED by CHI-X.Woods at PHI 15.",2,20,PHI 10,90,7,Chicago Bears,Philadelphia Eagles,7,0,60.8,39.2,74.0,33.0,107.0,46.0,73.0,119.0,game,Spread,Chicago Bears,,2.5,bet365,100,—,—,,+7,,hit,,,,—,,
2026-09-29T01:15:21.433271+00:00,nfl,2026,3,401872963,401872963837,1,1:15,"(Shotgun) J.Hurts pass short right to T.Bigsby to PHI 15 for 5 yards (A.Booker; D.Bush). FUMBLES (A.Booker), RECOVERED by CHI-X.Woods at PHI 15.",2,20,PHI 10,90,7,Chicago Bears,Philadelphia Eagles,7,0,60.8,39.2,74.0,33.0,107.0,46.0,73.0,119.0,game,Total,Over,,42.5,polymarket,257,—,—,,7.0,,miss,,,,—,,
2026-09-29T01:15:21.433271+00:00,nfl,2026,3,401872963,401872963837,1,1:15,"(Shotgun) J.Hurts pass short right to T.Bigsby to PHI 15 for 5 yards (A.Booker; D.Bush). FUMBLES (A.Booker), RECOVERED by CHI-X.Woods at PHI 15.",2,20,PHI 10,90,7,Chicago Bears,Philadelphia Eagles,7,0,60.8,39.2,74.0,33.0,107.0,46.0,73.0,119.0,game,Total,Under,,42.5,polymarket,-301,—,—,,7.0,,hit,,,,—,,
2026-09-29T01:15:21.433271+00:00,nfl,2026,3,401872963,401872963837,1,1:15,"(Shotgun) J.Hurts pass short right to T.Bigsby to PHI 15 for 5 yards (A.Booker; D.Bush). FUMBLES (A.Booker), RECOVERED by CHI-X.Woods at PHI 15.",2,20,PHI 10,90,7,Chicago Bears,Philadelphia Eagles,7,0,60.8,39.2,74.0,33.0,107.0,46.0,73.0,119.0,game,ML,Philadelphia Eagles,,,polymarket,143,—,—,,Loss,,miss,,,,—,,
2026-09-29T01:15:21.433271+00:00,nfl,2026,3,401872963,401872963837,1,1:15,"(Shotgun) J.Hurts pass short right to T.Bigsby to PHI 15 for 5 yards (A.Booker; D.Bush). FUMBLES (A.Booker), RECOVERED by CHI-X.Woods at PHI 15.",2,20,PHI 10,90,7,Chicago Bears,Philadelphia Eagles,7,0,60.8,39.2,74.0,33.0,107.0,46.0,73.0,119.0,game,ML,Chicago Bears,,,bet365,120,—,—,,Win,,hit,,,,—,,
2026-09-29T01:15:21.433271+00:00,nfl,2026,3,401872963,401872963878,1,1:04,D.Swift left tackle to PHI 12 for 3 yards (A.Mukuba).,1,10,PHI 15,85,7,Chicago Bears,Philadelphia Eagles,7,0,60.8,39.2,74.0,33.0,107.0,46.0,73.0,119.0,game,Spread,Philadelphia Eagles,,-2.5,novig,124,—,—,,+7,,miss,,,,—,,
2026-09-29T01:15:21.433271+00:00,nfl,2026,3,401872963,401872963878,1,1:04,D.Swift left tackle to PHI 12 for 3 yards (A.Mukuba).,1,10,PHI 15,85,7,Chicago Bears,Philadelphia Eagles,7,0,60.8,39.2,74.0,33.0,107.0,46.0,73.0,119.0,game,Spread,Chicago Bears,,2.5,bet365,100,—,—,,+7,,hit,,,,—,,
2026-09-29T01:15:21.433271+00:00,nfl,2026,3,401872963,401872963878,1,1:04,D.Swift left tackle to PHI 12 for 3 yards (A.Mukuba).,1,10,PHI 15,85,7,Chicago Bears,Philadelphia Eagles,7,0,60.8,39.2,74.0,33.0,107.0,46.0,73.0,119.0,game,Total,Over,,42.5,polymarket,257,—,—,,7.0,,miss,,,,—,,
2026-09-29T01:15:21.433271+00:00,nfl,2026,3,401872963,401872963878,1,1:04,D.Swift left tackle to PHI 12 for 3 yards (A.Mukuba).,1,10,PHI 15,85,7,Chicago Bears,Philadelphia Eagles,7,0,60.8,39.2,74.0,33.0,107.0,46.0,73.0,119.0,game,Total,Under,,42.5,polymarket,-301,—,—,,7.0,,hit,,,,—,,
2026-09-29T01:15:21.433271+00:00,nfl,2026,3,401872963,401872963878,1,1:04,D.Swift left tackle to PHI 12 for 3 yards (A.Mukuba).,1,10,PHI 15,85,7,Chicago Bears,Philadelphia Eagles,7,0,60.8,39.2,74.0,33.0,107.0,46.0,73.0,119.0,game,ML,Philadelphia Eagles,,,polymarket,143,—,—,,Loss,,miss,,,,—,,
2026-09-29T01:15:21.433271+00:00,nfl,2026,3,401872963,401872963878,1,1:04,D.Swift left tackle to PHI 12 for 3 yards (A.Mukuba).,1,10,PHI 15,85,7,Chicago Bears,Philadelphia Eagles,7,0,60.8,39.2,74.0,33.0,107.0,46.0,73.0,119.0,game,ML,Chicago Bears,,,bet365,120,—,—,,Win,,hit,,,,—,,
2026-09-29T01:15:21.433271+00:00,nfl,2026,3,401872963,401872963900,1,0:26,"PENALTY on CHI-D.Swift, False Start, 5 yards, enforced at PHI 12 - No Play.",2,7,PHI 12,88,7,Chicago Bears,Philadelphia Eagles,7,0,60.8,39.2,74.0,33.0,107.0,46.0,73.0,119.0,game,Spread,Philadelphia Eagles,,-2.5,novig,124,—,—,,+7,,miss,,,,—,,
2026-09-29T01:15:21.433271+00:00,nfl,2026,3,401872963,401872963900,1,0:26,"PENALTY on CHI-D.Swift, False Start, 5 yards, enforced at PHI 12 - No Play.",2,7,PHI 12,88,7,Chicago Bears,Philadelphia Eagles,7,0,60.8,39.2,74.0,33.0,107.0,46.0,73.0,119.0,game,Spread,Chicago Bears,,2.5,bet365,100,—,—,,+7,,hit,,,,—,,
2026-09-29T01:15:21.433271+00:00,nfl,2026,3,401872963,401872963900,1,0:26,"PENALTY on CHI-D.Swift, False Start, 5 yards, enforced at PHI 12 - No Play.",2,7,PHI 12,88,7,Chicago Bears,Philadelphia Eagles,7,0,60.8,39.2,74.0,33.0,107.0,46.0,73.0,119.0,game,Total,Over,,42.5,polymarket,257,—,—,,7.0,,miss,,,,—,,
2026-09-29T01:15:21.433271+00:00,nfl,2026,3,401872963,401872963900,1,0:26,"PENALTY on CHI-D.Swift, False Start, 5 yards, enforced at PHI 12 - No Play.",2,7,PHI 12,88,7,Chicago Bears,Philadelphia Eagles,7,0,60.8,39.2,74.0,33.0,107.0,46.0,73.0,119.0,game,Total,Under,,42.5,polymarket,-301,—,—,,7.0,,hit,,,,—,,
2026-09-29T01:15:21.433271+00:00,nfl,2026,3,401872963,401872963900,1,0:26,"PENALTY on CHI-D.Swift, False Start, 5 yards, enforced at PHI 12 - No Play.",2,7,PHI 12,88,7,Chicago Bears,Philadelphia Eagles,7,0,60.8,39.2,74.0,33.0,107.0,46.0,73.0,119.0,game,ML,Philadelphia Eagles,,,polymarket,143,—,—,,Loss,,miss,,,,—,,
2026-09-29T01:15:21.433271+00:00,nfl,2026,3,401872963,401872963900,1,0:26,"PENALTY on CHI-D.Swift, False Start, 5 yards, enforced at PHI 12 - No Play.",2,7,PHI 12,88,7,Chicago Bears,Philadelphia Eagles,7,0,60.8,39.2,74.0,33.0,107.0,46.0,73.0,119.0,game,ML,Chicago Bears,,,bet365,120,—,—,,Win,,hit,,,,—,,
2026-09-29T01:15:21.433271+00:00,nfl,2026,3,401872963,401872963924,1,0:09,(Shotgun) C.Keenum pass short middle to L.Burden to PHI 11 for 6 yards (Z.Baun).,2,12,PHI 17,83,7,Chicago Bears,Philadelphia Eagles,7,0,60.8,39.2,74.0,33.0,107.0,46.0,73.0,119.0,game,Spread,Philadelphia Eagles,,-2.5,novig,124,—,—,,+7,,miss,,,,—,,
2026-09-29T01:15:21.433271+00:00,nfl,2026,3,401872963,401872963924,1,0:09,(Shotgun) C.Keenum pass short middle to L.Burden to PHI 11 for 6 yards (Z.Baun).,2,12,PHI 17,83,7,Chicago Bears,Philadelphia Eagles,7,0,60.8,39.2,74.0,33.0,107.0,46.0,73.0,119.0,game,Spread,Chicago Bears,,2.5,bet365,100,—,—,,+7,,hit,,,,—,,
2026-09-29T01:15:21.433271+00:00,nfl,2026,3,401872963,401872963924,1,0:09,(Shotgun) C.Keenum pass short middle to L.Burden to PHI 11 for 6 yards (Z.Baun).,2,12,PHI 17,83,7,Chicago Bears,Philadelphia Eagles,7,0,60.8,39.2,74.0,33.0,107.0,46.0,73.0,119.0,game,Total,Over,,42.5,polymarket,257,—,—,,7.0,,miss,,,,—,,
2026-09-29T01:15:21.433271+00:00,nfl,2026,3,401872963,401872963924,1,0:09,(Shotgun) C.Keenum pass short middle to L.Burden to PHI 11 for 6 yards (Z.Baun).,2,12,PHI 17,83,7,Chicago Bears,Philadelphia Eagles,7,0,60.8,39.2,74.0,33.0,107.0,46.0,73.0,119.0,game,Total,Under,,42.5,polymarket,-301,—,—,,7.0,,hit,,,,—,,
2026-09-29T01:15:21.433271+00:00,nfl,2026,3,401872963,401872963924,1,0:09,(Shotgun) C.Keenum pass short middle to L.Burden to PHI 11 for 6 yards (Z.Baun).,2,12,PHI 17,83,7,Chicago Bears,Philadelphia Eagles,7,0,60.8,39.2,74.0,33.0,107.0,46.0,73.0,119.0,game,ML,Philadelphia Eagles,,,polymarket,143,—,—,,Loss,,miss,,,,—,,
2026-09-29T01:15:21.433271+00:00,nfl,2026,3,401872963,401872963924,1,0:09,(Shotgun) C.Keenum pass short middle to L.Burden to PHI 11 for 6 yards (Z.Baun).,2,12,PHI 17,83,7,Chicago Bears,Philadelphia Eagles,7,0,60.8,39.2,74.0,33.0,107.0,46.0,73.0,119.0,game,ML,Chicago Bears,,,bet365,120,—,—,,Win,,hit,,,,—,,
2026-09-29T01:15:21.433271+00:00,nfl,2026,3,401872963,401872963949,1,0:00,END QUARTER 1,3,5,CHI 20,90,7,Chicago Bears,Philadelphia Eagles,7,0,60.8,39.2,74.0,33.0,107.0,46.0,73.0,119.0,game,Spread,Philadelphia Eagles,,-2.5,novig,124,—,—,,+7,,miss,,,,—,,
2026-09-29T01:15:21.433271+00:00,nfl,2026,3,401872963,401872963949,1,0:00,END QUARTER 1,3,5,CHI 20,90,7,Chicago Bears,Philadelphia Eagles,7,0,60.8,39.2,74.0,33.0,107.0,46.0,73.0,119.0,game,Spread,Chicago Bears,,2.5,bet365,100,—,—,,+7,,hit,,,,—,,
2026-09-29T01:15:21.433271+00:00,nfl,2026,3,401872963,401872963949,1,0:00,END QUARTER 1,3,5,CHI 20,90,7,Chicago Bears,Philadelphia Eagles,7,0,60.8,39.2,74.0,33.0,107.0,46.0,73.0,119.0,game,Total,Over,,42.5,polymarket,257,—,—,,7.0,,miss,,,,—,,
2026-09-29T01:15:21.433271+00:00,nfl,2026,3,401872963,401872963949,1,0:00,END QUARTER 1,3,5,CHI 20,90,7,Chicago Bears,Philadelphia Eagles,7,0,60.8,39.2,74.0,33.0,107.0,46.0,73.0,119.0,game,Total,Under,,42.5,polymarket,-301,—,—,,7.0,,hit,,,,—,,
2026-09-29T01:15:21.433271+00:00,nfl,2026,3,401872963,401872963949,1,0:00,END QUARTER 1,3,5,CHI 20,90,7,Chicago Bears,Philadelphia Eagles,7,0,60.8,39.2,74.0,33.0,107.0,46.0,73.0,119.0,game,ML,Philadelphia Eagles,,,polymarket,143,—,—,,Loss,,miss,,,,—,,
2026-09-29T01:15:21.433271+00:00,nfl,2026,3,401872963,401872963949,1,0:00,END QUARTER 1,3,5,CHI 20,90,7,Chicago Bears,Philadelphia Eagles,7,0,60.8,39.2,74.0,33.0,107.0,46.0,73.0,119.0,game,ML,Chicago Bears,,,bet365,120,—,—,,Win,,hit,,,,—,,
2026-09-29T01:15:21.433271+00:00,nfl,2026,3,401872963,401872963969,2,15:00,"(Shotgun) C.Keenum pass incomplete short middle to K.Raymond (A.Mukuba).PENALTY on PHI-T.Woolen, Illegal Contact, 5 yards, enforced at PHI 11 - No Play.",3,6,PHI 11,89,7,Chicago Bears,Philadelphia Eagles,7,0,60.8,39.2,74.0,33.0,107.0,46.0,73.0,119.0,game,Spread,Philadelphia Eagles,,-2.5,novig,124,—,—,,+7,,miss,,,,—,,
2026-09-29T01:15:21.433271+00:00,nfl,2026,3,401872963,401872963969,2,15:00,"(Shotgun) C.Keenum pass incomplete short middle to K.Raymond (A.Mukuba).PENALTY on PHI-T.Woolen, Illegal Contact, 5 yards, enforced at PHI 11 - No Play.",3,6,PHI 11,89,7,Chicago Bears,Philadelphia Eagles,7,0,60.8,39.2,74.0,33.0,107.0,46.0,73.0,119.0,game,Spread,Chicago Bears,,2.5,bet365,100,—,—,,+7,,hit,,,,—,,
2026-09-29T01:15:21.433271+00:00,nfl,2026,3,401872963,401872963969,2,15:00,"(Shotgun) C.Keenum pass incomplete short middle to K.Raymond (A.Mukuba).PENALTY on PHI-T.Woolen, Illegal Contact, 5 yards, enforced at PHI 11 - No Play.",3,6,PHI 11,89,7,Chicago Bears,Philadelphia Eagles,7,0,60.8,39.2,74.0,33.0,107.0,46.0,73.0,119.0,game,Total,Over,,42.5,polymarket,257,—,—,,7.0,,miss,,,,—,,
2026-09-29T01:15:21.433271+00:00,nfl,2026,3,401872963,401872963969,2,15:00,"(Shotgun) C.Keenum pass incomplete short middle to K.Raymond (A.Mukuba).PENALTY on PHI-T.Woolen, Illegal Contact, 5 yards, enforced at PHI 11 - No Play.",3,6,PHI 11,89,7,Chicago Bears,Philadelphia Eagles,7,0,60.8,39.2,74.0,33.0,107.0,46.0,73.0,119.0,game,Total,Under,,42.5,polymarket,-301,—,—,,7.0,,hit,,,,—,,
2026-09-29T01:15:21.433271+00:00,nfl,2026,3,401872963,401872963969,2,15:00,"(Shotgun) C.Keenum pass incomplete short middle to K.Raymond (A.Mukuba).PENALTY on PHI-T.Woolen, Illegal Contact, 5 yards, enforced at PHI 11 - No Play.",3,6,PHI 11,89,7,Chicago Bears,Philadelphia Eagles,7,0,60.8,39.2,74.0,33.0,107.0,46.0,73.0,119.0,game,ML,Philadelphia Eagles,,,polymarket,143,—,—,,Loss,,miss,,,,—,,
2026-09-29T01:15:21.433271+00:00,nfl,2026,3,401872963,401872963969,2,15:00,"(Shotgun) C.Keenum pass incomplete short middle to K.Raymond (A.Mukuba).PENALTY on PHI-T.Woolen, Illegal Contact, 5 yards, enforced at PHI 11 - No Play.",3,6,PHI 11,89,7,Chicago Bears,Philadelphia Eagles,7,0,60.8,39.2,74.0,33.0,107.0,46.0,73.0,119.0,game,ML,Chicago Bears,,,bet365,120,—,—,,Win,,hit,,,,—,,
2026-09-29T01:15:21.433271+00:00,nfl,2026,3,401872963,4018729631003,2,14:55,"C.Keenum pass short right to C.Loveland for 6 yards, TOUCHDOWN.The Replay Official reviewed the runner broke the plane ruling, and the play was REVERSED.C.Keenum pass short right to C.Loveland to PHI 1 for 5 yards (M.Carter).",1,6,PHI 6,94,7,Chicago Bears,Philadelphia Eagles,7,0,60.8,39.2,74.0,33.0,107.0,46.0,73.0,119.0,game,Spread,Philadelphia Eagles,,-2.5,novig,124,—,—,,+7,,miss,,,,—,,
2026-09-29T01:15:21.433271+00:00,nfl,2026,3,401872963,4018729631003,2,14:55,"C.Keenum pass short right to C.Loveland for 6 yards, TOUCHDOWN.The Replay Official reviewed the runner broke the plane ruling, and the play was REVERSED.C.Keenum pass short right to C.Loveland to PHI 1 for 5 yards (M.Carter).",1,6,PHI 6,94,7,Chicago Bears,Philadelphia Eagles,7,0,60.8,39.2,74.0,33.0,107.0,46.0,73.0,119.0,game,Spread,Chicago Bears,,2.5,bet365,100,—,—,,+7,,hit,,,,—,,
2026-09-29T01:15:21.433271+00:00,nfl,2026,3,401872963,4018729631003,2,14:55,"C.Keenum pass short right to C.Loveland for 6 yards, TOUCHDOWN.The Replay Official reviewed the runner broke the plane ruling, and the play was REVERSED.C.Keenum pass short right to C.Loveland to PHI 1 for 5 yards (M.Carter).",1,6,PHI 6,94,7,Chicago Bears,Philadelphia Eagles,7,0,60.8,39.2,74.0,33.0,107.0,46.0,73.0,119.0,game,Total,Over,,42.5,polymarket,257,—,—,,7.0,,miss,,,,—,,
2026-09-29T01:15:21.433271+00:00,nfl,2026,3,401872963,4018729631003,2,14:55,"C.Keenum pass short right to C.Loveland for 6 yards, TOUCHDOWN.The Replay Official reviewed the runner broke the plane ruling, and the play was REVERSED.C.Keenum pass short right to C.Loveland to PHI 1 for 5 yards (M.Carter).",1,6,PHI 6,94,7,Chicago Bears,Philadelphia Eagles,7,0,60.8,39.2,74.0,33.0,107.0,46.0,73.0,119.0,game,Total,Under,,42.5,polymarket,-301,—,—,,7.0,,hit,,,,—,,
2026-09-29T01:15:21.433271+00:00,nfl,2026,3,401872963,4018729631003,2,14:55,"C.Keenum pass short right to C.Loveland for 6 yards, TOUCHDOWN.The Replay Official reviewed the runner broke the plane ruling, and the play was REVERSED.C.Keenum pass short right to C.Loveland to PHI 1 for 5 yards (M.Carter).",1,6,PHI 6,94,7,Chicago Bears,Philadelphia Eagles,7,0,60.8,39.2,74.0,33.0,107.0,46.0,73.0,119.0,game,ML,Philadelphia Eagles,,,polymarket,143,—,—,,Loss,,miss,,,,—,,
2026-09-29T01:15:21.433271+00:00,nfl,2026,3,401872963,4018729631003,2,14:55,"C.Keenum pass short right to C.Loveland for 6 yards, TOUCHDOWN.The Replay Official reviewed the runner broke the plane ruling, and the play was REVERSED.C.Keenum pass short right to C.Loveland to PHI 1 for 5 yards (M.Carter).",1,6,PHI 6,94,7,Chicago Bears,Philadelphia Eagles,7,0,60.8,39.2,74.0,33.0,107.0,46.0,73.0,119.0,game,ML,Chicago Bears,,,bet365,120,—,—,,Win,,hit,,,,—,,
2026-09-29T01:15:21.433271+00:00,nfl,2026,3,401872963,4018729631064,2,14:40,"(Shotgun) D.Swift right guard to PHI 3 for -2 yards (J.Carter, M.Ojomo).",2,1,PHI 1,99,7,Chicago Bears,Philadelphia Eagles,7,0,60.8,39.2,74.0,33.0,107.0,46.0,73.0,119.0,game,Spread,Philadelphia Eagles,,-2.5,novig,124,—,—,,+7,,miss,,,,—,,
2026-09-29T01:15:21.433271+00:00,nfl,2026,3,401872963,4018729631064,2,14:40,"(Shotgun) D.Swift right guard to PHI 3 for -2 yards (J.Carter, M.Ojomo).",2,1,PHI 1,99,7,Chicago Bears,Philadelphia Eagles,7,0,60.8,39.2,74.0,33.0,107.0,46.0,73.0,119.0,game,Spread,Chicago Bears,,2.5,bet365,100,—,—,,+7,,hit,,,,—,,
2026-09-29T01:15:21.433271+00:00,nfl,2026,3,401872963,4018729631064,2,14:40,"(Shotgun) D.Swift right guard to PHI 3 for -2 yards (J.Carter, M.Ojomo).",2,1,PHI 1,99,7,Chicago Bears,Philadelphia Eagles,7,0,60.8,39.2,74.0,33.0,107.0,46.0,73.0,119.0,game,Total,Over,,42.5,polymarket,257,—,—,,7.0,,miss,,,,—,,
2026-09-29T01:15:21.433271+00:00,nfl,2026,3,401872963,4018729631064,2,14:40,"(Shotgun) D.Swift right guard to PHI 3 for -2 yards (J.Carter, M.Ojomo).",2,1,PHI 1,99,7,Chicago Bears,Philadelphia Eagles,7,0,60.8,39.2,74.0,33.0,107.0,46.0,73.0,119.0,game,Total,Under,,42.5,polymarket,-301,—,—,,7.0,,hit,,,,—,,
2026-09-29T01:15:21.433271+00:00,nfl,2026,3,401872963,4018729631064,2,14:40,"(Shotgun) D.Swift right guard to PHI 3 for -2 yards (J.Carter, M.Ojomo).",2,1,PHI 1,99,7,Chicago Bears,Philadelphia Eagles,7,0,60.8,39.2,74.0,33.0,107.0,46.0,73.0,119.0,game,ML,Philadelphia Eagles,,,polymarket,143,—,—,,Loss,,miss,,,,—,,
2026-09-29T01:15:21.433271+00:00,nfl,2026,3,401872963,4018729631064,2,14:40,"(Shotgun) D.Swift right guard to PHI 3 for -2 yards (J.Carter, M.Ojomo).",2,1,PHI 1,99,7,Chicago Bears,Philadelphia Eagles,7,0,60.8,39.2,74.0,33.0,107.0,46.0,73.0,119.0,game,ML,Chicago Bears,,,bet365,120,—,—,,Win,,hit,,,,—,,
2026-09-29T01:15:21.433271+00:00,nfl,2026,3,401872963,4018729631086,2,14:08,C.Keenum pass incomplete short right to R.Odunze (N.Smith).,3,3,PHI 3,97,7,Chicago Bears,Philadelphia Eagles,7,0,60.8,39.2,74.0,33.0,107.0,46.0,73.0,119.0,game,Spread,Philadelphia Eagles,,-2.5,novig,124,—,—,,+7,,miss,,,,—,,
2026-09-29T01:15:21.433271+00:00,nfl,2026,3,401872963,4018729631086,2,14:08,C.Keenum pass incomplete short right to R.Odunze (N.Smith).,3,3,PHI 3,97,7,Chicago Bears,Philadelphia Eagles,7,0,60.8,39.2,74.0,33.0,107.0,46.0,73.0,119.0,game,Spread,Chicago Bears,,2.5,bet365,100,—,—,,+7,,hit,,,,—,,
2026-09-29T01:15:21.433271+00:00,nfl,2026,3,401872963,4018729631086,2,14:08,C.Keenum pass incomplete short right to R.Odunze (N.Smith).,3,3,PHI 3,97,7,Chicago Bears,Philadelphia Eagles,7,0,60.8,39.2,74.0,33.0,107.0,46.0,73.0,119.0,game,Total,Over,,42.5,polymarket,257,—,—,,7.0,,miss,,,,—,,
2026-09-29T01:15:21.433271+00:00,nfl,2026,3,401872963,4018729631086,2,14:08,C.Keenum pass incomplete short right to R.Odunze (N.Smith).,3,3,PHI 3,97,7,Chicago Bears,Philadelphia Eagles,7,0,60.8,39.2,74.0,33.0,107.0,46.0,73.0,119.0,game,Total,Under,,42.5,polymarket,-301,—,—,,7.0,,hit,,,,—,,
2026-09-29T01:15:21.433271+00:00,nfl,2026,3,401872963,4018729631086,2,14:08,C.Keenum pass incomplete short right to R.Odunze (N.Smith).,3,3,PHI 3,97,7,Chicago Bears,Philadelphia Eagles,7,0,60.8,39.2,74.0,33.0,107.0,46.0,73.0,119.0,game,ML,Philadelphia Eagles,,,polymarket,143,—,—,,Loss,,miss,,,,—,,
2026-09-29T01:15:21.433271+00:00,nfl,2026,3,401872963,4018729631086,2,14:08,C.Keenum pass incomplete short right to R.Odunze (N.Smith).,3,3,PHI 3,97,7,Chicago Bears,Philadelphia Eagles,7,0,60.8,39.2,74.0,33.0,107.0,46.0,73.0,119.0,game,ML,Chicago Bears,,,bet365,120,—,—,,Win,,hit,,,,—,,
2026-09-29T01:15:21.433271+00:00,nfl,2026,3,401872963,4018729631109,2,14:02,(Shotgun) C.Keenum pass incomplete short left to L.Burden (Q.Mitchell).,4,3,PHI 3,97,7,Chicago Bears,Philadelphia Eagles,7,0,60.8,39.2,74.0,33.0,107.0,46.0,73.0,119.0,game,Spread,Philadelphia Eagles,,-2.5,novig,124,—,—,,+7,,miss,,,,—,,
2026-09-29T01:15:21.433271+00:00,nfl,2026,3,401872963,4018729631109,2,14:02,(Shotgun) C.Keenum pass incomplete short left to L.Burden (Q.Mitchell).,4,3,PHI 3,97,7,Chicago Bears,Philadelphia Eagles,7,0,60.8,39.2,74.0,33.0,107.0,46.0,73.0,119.0,game,Spread,Chicago Bears,,2.5,bet365,100,—,—,,+7,,hit,,,,—,,
2026-09-29T01:15:21.433271+00:00,nfl,2026,3,401872963,4018729631109,2,14:02,(Shotgun) C.Keenum pass incomplete short left to L.Burden (Q.Mitchell).,4,3,PHI 3,97,7,Chicago Bears,Philadelphia Eagles,7,0,60.8,39.2,74.0,33.0,107.0,46.0,73.0,119.0,game,Total,Over,,42.5,polymarket,257,—,—,,7.0,,miss,,,,—,,
2026-09-29T01:15:21.433271+00:00,nfl,2026,3,401872963,4018729631109,2,14:02,(Shotgun) C.Keenum pass incomplete short left to L.Burden (Q.Mitchell).,4,3,PHI 3,97,7,Chicago Bears,Philadelphia Eagles,7,0,60.8,39.2,74.0,33.0,107.0,46.0,73.0,119.0,game,Total,Under,,42.5,polymarket,-301,—,—,,7.0,,hit,,,,—,,
2026-09-29T01:15:21.433271+00:00,nfl,2026,3,401872963,4018729631109,2,14:02,(Shotgun) C.Keenum pass incomplete short left to L.Burden (Q.Mitchell).,4,3,PHI 3,97,7,Chicago Bears,Philadelphia Eagles,7,0,60.8,39.2,74.0,33.0,107.0,46.0,73.0,119.0,game,ML,Philadelphia Eagles,,,polymarket,143,—,—,,Loss,,miss,,,,—,,
2026-09-29T01:15:21.433271+00:00,nfl,2026,3,401872963,4018729631109,2,14:02,(Shotgun) C.Keenum pass incomplete short left to L.Burden (Q.Mitchell).,4,3,PHI 3,97,7,Chicago Bears,Philadelphia Eagles,7,0,60.8,39.2,74.0,33.0,107.0,46.0,73.0,119.0,game,ML,Chicago Bears,,,bet365,120,—,—,,Win,,hit,,,,—,,
2026-09-29T01:15:21.433271+00:00,nfl,2026,3,401872963,4018729631121,2,13:59,Official Timeout at 13:59.,1,10,PHI 3,97,7,Chicago Bears,Philadelphia Eagles,7,0,60.8,39.2,74.0,33.0,107.0,46.0,73.0,119.0,game,Spread,Philadelphia Eagles,,-2.5,novig,124,—,—,,+7,,miss,,,,—,,
2026-09-29T01:15:21.433271+00:00,nfl,2026,3,401872963,4018729631121,2,13:59,Official Timeout at 13:59.,1,10,PHI 3,97,7,Chicago Bears,Philadelphia Eagles,7,0,60.8,39.2,74.0,33.0,107.0,46.0,73.0,119.0,game,Spread,Chicago Bears,,2.5,bet365,100,—,—,,+7,,hit,,,,—,,
2026-09-29T01:15:21.433271+00:00,nfl,2026,3,401872963,4018729631121,2,13:59,Official Timeout at 13:59.,1,10,PHI 3,97,7,Chicago Bears,Philadelphia Eagles,7,0,60.8,39.2,74.0,33.0,107.0,46.0,73.0,119.0,game,Total,Over,,42.5,polymarket,257,—,—,,7.0,,miss,,,,—,,
2026-09-29T01:15:21.433271+00:00,nfl,2026,3,401872963,4018729631121,2,13:59,Official Timeout at 13:59.,1,10,PHI 3,97,7,Chicago Bears,Philadelphia Eagles,7,0,60.8,39.2,74.0,33.0,107.0,46.0,73.0,119.0,game,Total,Under,,42.5,polymarket,-301,—,—,,7.0,,hit,,,,—,,
2026-09-29T01:15:21.433271+00:00,nfl,2026,3,401872963,4018729631121,2,13:59,Official Timeout at 13:59.,1,10,PHI 3,97,7,Chicago Bears,Philadelphia Eagles,7,0,60.8,39.2,74.0,33.0,107.0,46.0,73.0,119.0,game,ML,Philadelphia Eagles,,,polymarket,143,—,—,,Loss,,miss,,,,—,,
2026-09-29T01:15:21.433271+00:00,nfl,2026,3,401872963,4018729631121,2,13:59,Official Timeout at 13:59.,1,10,PHI 3,97,7,Chicago Bears,Philadelphia Eagles,7,0,60.8,39.2,74.0,33.0,107.0,46.0,73.0,119.0,game,ML,Chicago Bears,,,bet365,120,—,—,,Win,,hit,,,,—,,
2026-09-29T01:15:21.433271+00:00,nfl,2026,3,401872963,4018729631132,2,13:59,"PENALTY on PHI-D.Kendall, False Start, 1 yard, enforced at PHI 3 - No Play.",1,10,PHI 3,97,7,Chicago Bears,Philadelphia Eagles,7,0,60.8,39.2,74.0,33.0,107.0,46.0,73.0,119.0,game,Spread,Philadelphia Eagles,,-2.5,novig,124,—,—,,+7,,miss,,,,—,,
2026-09-29T01:15:21.433271+00:00,nfl,2026,3,401872963,4018729631132,2,13:59,"PENALTY on PHI-D.Kendall, False Start, 1 yard, enforced at PHI 3 - No Play.",1,10,PHI 3,97,7,Chicago Bears,Philadelphia Eagles,7,0,60.8,39.2,74.0,33.0,107.0,46.0,73.0,119.0,game,Spread,Chicago Bears,,2.5,bet365,100,—,—,,+7,,hit,,,,—,,
2026-09-29T01:15:21.433271+00:00,nfl,2026,3,401872963,4018729631132,2,13:59,"PENALTY on PHI-D.Kendall, False Start, 1 yard, enforced at PHI 3 - No Play.",1,10,PHI 3,97,7,Chicago Bears,Philadelphia Eagles,7,0,60.8,39.2,74.0,33.0,107.0,46.0,73.0,119.0,game,Total,Over,,42.5,polymarket,257,—,—,,7.0,,miss,,,,—,,
2026-09-29T01:15:21.433271+00:00,nfl,2026,3,401872963,4018729631132,2,13:59,"PENALTY on PHI-D.Kendall, False Start, 1 yard, enforced at PHI 3 - No Play.",1,10,PHI 3,97,7,Chicago Bears,Philadelphia Eagles,7,0,60.8,39.2,74.0,33.0,107.0,46.0,73.0,119.0,game,Total,Under,,42.5,polymarket,-301,—,—,,7.0,,hit,,,,—,,
2026-09-29T01:15:21.433271+00:00,nfl,2026,3,401872963,4018729631132,2,13:59,"PENALTY on PHI-D.Kendall, False Start, 1 yard, enforced at PHI 3 - No Play.",1,10,PHI 3,97,7,Chicago Bears,Philadelphia Eagles,7,0,60.8,39.2,74.0,33.0,107.0,46.0,73.0,119.0,game,ML,Philadelphia Eagles,,,polymarket,143,—,—,,Loss,,miss,,,,—,,
2026-09-29T01:15:21.433271+00:00,nfl,2026,3,401872963,4018729631132,2,13:59,"PENALTY on PHI-D.Kendall, False Start, 1 yard, enforced at PHI 3 - No Play.",1,10,PHI 3,97,7,Chicago Bears,Philadelphia Eagles,7,0,60.8,39.2,74.0,33.0,107.0,46.0,73.0,119.0,game,ML,Chicago Bears,,,bet365,120,—,—,,Win,,hit,,,,—,,
2026-09-29T01:15:21.433271+00:00,nfl,2026,3,401872963,4018729631163,2,13:59,S.Barkley left tackle to PHI 9 for 7 yards (X.Woods; M.Muhammad).,1,11,PHI 2,98,7,Chicago Bears,Philadelphia Eagles,7,0,60.8,39.2,74.0,33.0,107.0,46.0,73.0,119.0,game,Spread,Philadelphia Eagles,,-2.5,novig,124,—,—,,+7,,miss,,,,—,,
2026-09-29T01:15:21.433271+00:00,nfl,2026,3,401872963,4018729631163,2,13:59,S.Barkley left tackle to PHI 9 for 7 yards (X.Woods; M.Muhammad).,1,11,PHI 2,98,7,Chicago Bears,Philadelphia Eagles,7,0,60.8,39.2,74.0,33.0,107.0,46.0,73.0,119.0,game,Spread,Chicago Bears,,2.5,bet365,100,—,—,,+7,,hit,,,,—,,
2026-09-29T01:15:21.433271+00:00,nfl,2026,3,401872963,4018729631163,2,13:59,S.Barkley left tackle to PHI 9 for 7 yards (X.Woods; M.Muhammad).,1,11,PHI 2,98,7,Chicago Bears,Philadelphia Eagles,7,0,60.8,39.2,74.0,33.0,107.0,46.0,73.0,119.0,game,Total,Over,,42.5,polymarket,257,—,—,,7.0,,miss,,,,—,,
2026-09-29T01:15:21.433271+00:00,nfl,2026,3,401872963,4018729631163,2,13:59,S.Barkley left tackle to PHI 9 for 7 yards (X.Woods; M.Muhammad).,1,11,PHI 2,98,7,Chicago Bears,Philadelphia Eagles,7,0,60.8,39.2,74.0,33.0,107.0,46.0,73.0,119.0,game,Total,Under,,42.5,polymarket,-301,—,—,,7.0,,hit,,,,—,,
2026-09-29T01:15:21.433271+00:00,nfl,2026,3,401872963,4018729631163,2,13:59,S.Barkley left tackle to PHI 9 for 7 yards (X.Woods; M.Muhammad).,1,11,PHI 2,98,7,Chicago Bears,Philadelphia Eagles,7,0,60.8,39.2,74.0,33.0,107.0,46.0,73.0,119.0,game,ML,Philadelphia Eagles,,,polymarket,143,—,—,,Loss,,miss,,,,—,,
2026-09-29T01:15:21.433271+00:00,nfl,2026,3,401872963,4018729631163,2,13:59,S.Barkley left tackle to PHI 9 for 7 yards (X.Woods; M.Muhammad).,1,11,PHI 2,98,7,Chicago Bears,Philadelphia Eagles,7,0,60.8,39.2,74.0,33.0,107.0,46.0,73.0,119.0,game,ML,Chicago Bears,,,bet365,120,—,—,,Win,,hit,,,,—,,
2026-09-29T01:15:21.433271+00:00,nfl,2026,3,401872963,4018729631185,2,13:17,(Shotgun) S.Barkley left end pushed ob at PHI 12 for 3 yards (M.Muhammad).,2,4,PHI 9,91,7,Chicago Bears,Philadelphia Eagles,7,0,60.8,39.2,74.0,33.0,107.0,46.0,73.0,119.0,game,Spread,Philadelphia Eagles,,-2.5,novig,124,—,—,,+7,,miss,,,,—,,
2026-09-29T01:15:21.433271+00:00,nfl,2026,3,401872963,4018729631185,2,13:17,(Shotgun) S.Barkley left end pushed ob at PHI 12 for 3 yards (M.Muhammad).,2,4,PHI 9,91,7,Chicago Bears,Philadelphia Eagles,7,0,60.8,39.2,74.0,33.0,107.0,46.0,73.0,119.0,game,Spread,Chicago Bears,,2.5,bet365,100,—,—,,+7,,hit,,,,—,,
2026-09-29T01:15:21.433271+00:00,nfl,2026,3,401872963,4018729631185,2,13:17,(Shotgun) S.Barkley left end pushed ob at PHI 12 for 3 yards (M.Muhammad).,2,4,PHI 9,91,7,Chicago Bears,Philadelphia Eagles,7,0,60.8,39.2,74.0,33.0,107.0,46.0,73.0,119.0,game,Total,Over,,42.5,polymarket,257,—,—,,7.0,,miss,,,,—,,
2026-09-29T01:15:21.433271+00:00,nfl,2026,3,401872963,4018729631185,2,13:17,(Shotgun) S.Barkley left end pushed ob at PHI 12 for 3 yards (M.Muhammad).,2,4,PHI 9,91,7,Chicago Bears,Philadelphia Eagles,7,0,60.8,39.2,74.0,33.0,107.0,46.0,73.0,119.0,game,Total,Under,,42.5,polymarket,-301,—,—,,7.0,,hit,,,,—,,
2026-09-29T01:15:21.433271+00:00,nfl,2026,3,401872963,4018729631185,2,13:17,(Shotgun) S.Barkley left end pushed ob at PHI 12 for 3 yards (M.Muhammad).,2,4,PHI 9,91,7,Chicago Bears,Philadelphia Eagles,7,0,60.8,39.2,74.0,33.0,107.0,46.0,73.0,119.0,game,ML,Philadelphia Eagles,,,polymarket,143,—,—,,Loss,,miss,,,,—,,
2026-09-29T01:15:21.433271+00:00,nfl,2026,3,401872963,4018729631185,2,13:17,(Shotgun) S.Barkley left end pushed ob at PHI 12 for 3 yards (M.Muhammad).,2,4,PHI 9,91,7,Chicago Bears,Philadelphia Eagles,7,0,60.8,39.2,74.0,33.0,107.0,46.0,73.0,119.0,game,ML,Chicago Bears,,,bet365,120,—,—,,Win,,hit,,,,—,,
2026-09-29T01:15:21.433271+00:00,nfl,2026,3,401872963,4018729631212,2,12:39,(Shotgun) J.Hurts pass short left to D.Smith pushed ob at PHI 25 for 13 yards (M.Muhammad).,3,1,PHI 12,88,7,Chicago Bears,Philadelphia Eagles,7,0,60.8,39.2,74.0,33.0,107.0,46.0,73.0,119.0,game,Spread,Philadelphia Eagles,,-2.5,novig,124,—,—,,+7,,miss,,,,—,,
2026-09-29T01:15:21.433271+00:00,nfl,2026,3,401872963,4018729631212,2,12:39,(Shotgun) J.Hurts pass short left to D.Smith pushed ob at PHI 25 for 13 yards (M.Muhammad).,3,1,PHI 12,88,7,Chicago Bears,Philadelphia Eagles,7,0,60.8,39.2,74.0,33.0,107.0,46.0,73.0,119.0,game,Spread,Chicago Bears,,2.5,bet365,100,—,—,,+7,,hit,,,,—,,
2026-09-29T01:15:21.433271+00:00,nfl,2026,3,401872963,4018729631212,2,12:39,(Shotgun) J.Hurts pass short left to D.Smith pushed ob at PHI 25 for 13 yards (M.Muhammad).,3,1,PHI 12,88,7,Chicago Bears,Philadelphia Eagles,7,0,60.8,39.2,74.0,33.0,107.0,46.0,73.0,119.0,game,Total,Over,,42.5,polymarket,257,—,—,,7.0,,miss,,,,—,,
2026-09-29T01:15:21.433271+00:00,nfl,2026,3,401872963,4018729631212,2,12:39,(Shotgun) J.Hurts pass short left to D.Smith pushed ob at PHI 25 for 13 yards (M.Muhammad).,3,1,PHI 12,88,7,Chicago Bears,Philadelphia Eagles,7,0,60.8,39.2,74.0,33.0,107.0,46.0,73.0,119.0,game,Total,Under,,42.5,polymarket,-301,—,—,,7.0,,hit,,,,—,,
2026-09-29T01:15:21.433271+00:00,nfl,2026,3,401872963,4018729631212,2,12:39,(Shotgun) J.Hurts pass short left to D.Smith pushed ob at PHI 25 for 13 yards (M.Muhammad).,3,1,PHI 12,88,7,Chicago Bears,Philadelphia Eagles,7,0,60.8,39.2,74.0,33.0,107.0,46.0,73.0,119.0,game,ML,Philadelphia Eagles,,,polymarket,143,—,—,,Loss,,miss,,,,—,,
2026-09-29T01:15:21.433271+00:00,nfl,2026,3,401872963,4018729631212,2,12:39,(Shotgun) J.Hurts pass short left to D.Smith pushed ob at PHI 25 for 13 yards (M.Muhammad).,3,1,PHI 12,88,7,Chicago Bears,Philadelphia Eagles,7,0,60.8,39.2,74.0,33.0,107.0,46.0,73.0,119.0,game,ML,Chicago Bears,,,bet365,120,—,—,,Win,,hit,,,,—,,
2026-09-29T01:15:21.433271+00:00,nfl,2026,3,401872963,4018729631242,2,12:00,"(Shotgun) J.Hurts pass incomplete deep right to D.Smith (C.Lewis).PENALTY on CHI-C.Lewis, Defensive Pass Interference, 21 yards, enforced at PHI 25 - No Play.",1,10,PHI 25,75,7,Chicago Bears,Philadelphia Eagles,7,0,60.8,39.2,74.0,33.0,107.0,46.0,73.0,119.0,game,Spread,Philadelphia Eagles,,-2.5,novig,124,—,—,,+7,,miss,,,,—,,
2026-09-29T01:15:21.433271+00:00,nfl,2026,3,401872963,4018729631242,2,12:00,"(Shotgun) J.Hurts pass incomplete deep right to D.Smith (C.Lewis).PENALTY on CHI-C.Lewis, Defensive Pass Interference, 21 yards, enforced at PHI 25 - No Play.",1,10,PHI 25,75,7,Chicago Bears,Philadelphia Eagles,7,0,60.8,39.2,74.0,33.0,107.0,46.0,73.0,119.0,game,Spread,Chicago Bears,,2.5,bet365,100,—,—,,+7,,hit,,,,—,,
2026-09-29T01:15:21.433271+00:00,nfl,2026,3,401872963,4018729631242,2,12:00,"(Shotgun) J.Hurts pass incomplete deep right to D.Smith (C.Lewis).PENALTY on CHI-C.Lewis, Defensive Pass Interference, 21 yards, enforced at PHI 25 - No Play.",1,10,PHI 25,75,7,Chicago Bears,Philadelphia Eagles,7,0,60.8,39.2,74.0,33.0,107.0,46.0,73.0,119.0,game,Total,Over,,42.5,polymarket,257,—,—,,7.0,,miss,,,,—,,
2026-09-29T01:15:21.433271+00:00,nfl,2026,3,401872963,4018729631242,2,12:00,"(Shotgun) J.Hurts pass incomplete deep right to D.Smith (C.Lewis).PENALTY on CHI-C.Lewis, Defensive Pass Interference, 21 yards, enforced at PHI 25 - No Play.",1,10,PHI 25,75,7,Chicago Bears,Philadelphia Eagles,7,0,60.8,39.2,74.0,33.0,107.0,46.0,73.0,119.0,game,Total,Under,,42.5,polymarket,-301,—,—,,7.0,,hit,,,,—,,
2026-09-29T01:15:21.433271+00:00,nfl,2026,3,401872963,4018729631242,2,12:00,"(Shotgun) J.Hurts pass incomplete deep right to D.Smith (C.Lewis).PENALTY on CHI-C.Lewis, Defensive Pass Interference, 21 yards, enforced at PHI 25 - No Play.",1,10,PHI 25,75,7,Chicago Bears,Philadelphia Eagles,7,0,60.8,39.2,74.0,33.0,107.0,46.0,73.0,119.0,game,ML,Philadelphia Eagles,,,polymarket,143,—,—,,Loss,,miss,,,,—,,
2026-09-29T01:15:21.433271+00:00,nfl,2026,3,401872963,4018729631242,2,12:00,"(Shotgun) J.Hurts pass incomplete deep right to D.Smith (C.Lewis).PENALTY on CHI-C.Lewis, Defensive Pass Interference, 21 yards, enforced at PHI 25 - No Play.",1,10,PHI 25,75,7,Chicago Bears,Philadelphia Eagles,7,0,60.8,39.2,74.0,33.0,107.0,46.0,73.0,119.0,game,ML,Chicago Bears,,,bet365,120,—,—,,Win,,hit,,,,—,,
2026-09-29T01:15:21.433271+00:00,nfl,2026,3,401872963,4018729631276,2,11:55,S.Barkley left tackle to CHI 46 for 8 yards (N.Gallimore; X.Woods).,1,10,PHI 46,54,7,Chicago Bears,Philadelphia Eagles,7,0,60.8,39.2,74.0,33.0,107.0,46.0,73.0,119.0,game,Spread,Philadelphia Eagles,,-2.5,novig,124,—,—,,+7,,miss,,,,—,,
2026-09-29T01:15:21.433271+00:00,nfl,2026,3,401872963,4018729631276,2,11:55,S.Barkley left tackle to CHI 46 for 8 yards (N.Gallimore; X.Woods).,1,10,PHI 46,54,7,Chicago Bears,Philadelphia Eagles,7,0,60.8,39.2,74.0,33.0,107.0,46.0,73.0,119.0,game,Spread,Chicago Bears,,2.5,bet365,100,—,—,,+7,,hit,,,,—,,
2026-09-29T01:15:21.433271+00:00,nfl,2026,3,401872963,4018729631276,2,11:55,S.Barkley left tackle to CHI 46 for 8 yards (N.Gallimore; X.Woods).,1,10,PHI 46,54,7,Chicago Bears,Philadelphia Eagles,7,0,60.8,39.2,74.0,33.0,107.0,46.0,73.0,119.0,game,Total,Over,,42.5,polymarket,257,—,—,,7.0,,miss,,,,—,,
2026-09-29T01:15:21.433271+00:00,nfl,2026,3,401872963,4018729631276,2,11:55,S.Barkley left tackle to CHI 46 for 8 yards (N.Gallimore; X.Woods).,1,10,PHI 46,54,7,Chicago Bears,Philadelphia Eagles,7,0,60.8,39.2,74.0,33.0,107.0,46.0,73.0,119.0,game,Total,Under,,42.5,polymarket,-301,—,—,,7.0,,hit,,,,—,,
2026-09-29T01:15:21.433271+00:00,nfl,2026,3,401872963,4018729631276,2,11:55,S.Barkley left tackle to CHI 46 for 8 yards (N.Gallimore; X.Woods).,1,10,PHI 46,54,7,Chicago Bears,Philadelphia Eagles,7,0,60.8,39.2,74.0,33.0,107.0,46.0,73.0,119.0,game,ML,Philadelphia Eagles,,,polymarket,143,—,—,,Loss,,miss,,,,—,,
2026-09-29T01:15:21.433271+00:00,nfl,2026,3,401872963,4018729631276,2,11:55,S.Barkley left tackle to CHI 46 for 8 yards (N.Gallimore; X.Woods).,1,10,PHI 46,54,7,Chicago Bears,Philadelphia Eagles,7,0,60.8,39.2,74.0,33.0,107.0,46.0,73.0,119.0,game,ML,Chicago Bears,,,bet365,120,—,—,,Win,,hit,,,,—,,
2026-09-29T01:15:21.433271+00:00,nfl,2026,3,401872963,4018729631298,2,11:14,S.Barkley right end to CHI 43 for 3 yards (X.Woods; D.Odeyingbo).,2,2,CHI 46,46,7,Chicago Bears,Philadelphia Eagles,7,0,60.8,39.2,74.0,33.0,107.0,46.0,73.0,119.0,game,Spread,Philadelphia Eagles,,-2.5,novig,124,—,—,,+7,,miss,,,,—,,
2026-09-29T01:15:21.433271+00:00,nfl,2026,3,401872963,4018729631298,2,11:14,S.Barkley right end to CHI 43 for 3 yards (X.Woods; D.Odeyingbo).,2,2,CHI 46,46,7,Chicago Bears,Philadelphia Eagles,7,0,60.8,39.2,74.0,33.0,107.0,46.0,73.0,119.0,game,Spread,Chicago Bears,,2.5,bet365,100,—,—,,+7,,hit,,,,—,,
2026-09-29T01:15:21.433271+00:00,nfl,2026,3,401872963,4018729631298,2,11:14,S.Barkley right end to CHI 43 for 3 yards (X.Woods; D.Odeyingbo).,2,2,CHI 46,46,7,Chicago Bears,Philadelphia Eagles,7,0,60.8,39.2,74.0,33.0,107.0,46.0,73.0,119.0,game,Total,Over,,42.5,polymarket,257,—,—,,7.0,,miss,,,,—,,
2026-09-29T01:15:21.433271+00:00,nfl,2026,3,401872963,4018729631298,2,11:14,S.Barkley right end to CHI 43 for 3 yards (X.Woods; D.Odeyingbo).,2,2,CHI 46,46,7,Chicago Bears,Philadelphia Eagles,7,0,60.8,39.2,74.0,33.0,107.0,46.0,73.0,119.0,game,Total,Under,,42.5,polymarket,-301,—,—,,7.0,,hit,,,,—,,
2026-09-29T01:15:21.433271+00:00,nfl,2026,3,401872963,4018729631298,2,11:14,S.Barkley right end to CHI 43 for 3 yards (X.Woods; D.Odeyingbo).,2,2,CHI 46,46,7,Chicago Bears,Philadelphia Eagles,7,0,60.8,39.2,74.0,33.0,107.0,46.0,73.0,119.0,game,ML,Philadelphia Eagles,,,polymarket,143,—,—,,Loss,,miss,,,,—,,
2026-09-29T01:15:21.433271+00:00,nfl,2026,3,401872963,4018729631298,2,11:14,S.Barkley right end to CHI 43 for 3 yards (X.Woods; D.Odeyingbo).,2,2,CHI 46,46,7,Chicago Bears,Philadelphia Eagles,7,0,60.8,39.2,74.0,33.0,107.0,46.0,73.0,119.0,game,ML,Chicago Bears,,,bet365,120,—,—,,Win,,hit,,,,—,,
2026-09-29T01:15:21.433271+00:00,nfl,2026,3,401872963,4018729631320,2,10:34,(Shotgun) J.Hurts pass short right to D.Smith to CHI 38 for 5 yards (X.Woods).,1,10,CHI 43,43,7,Chicago Bears,Philadelphia Eagles,7,0,60.8,39.2,74.0,33.0,107.0,46.0,73.0,119.0,game,Spread,Philadelphia Eagles,,-2.5,novig,124,—,—,,+7,,miss,,,,—,,
2026-09-29T01:15:21.433271+00:00,nfl,2026,3,401872963,4018729631320,2,10:34,(Shotgun) J.Hurts pass short right to D.Smith to CHI 38 for 5 yards (X.Woods).,1,10,CHI 43,43,7,Chicago Bears,Philadelphia Eagles,7,0,60.8,39.2,74.0,33.0,107.0,46.0,73.0,119.0,game,Spread,Chicago Bears,,2.5,bet365,100,—,—,,+7,,hit,,,,—,,
2026-09-29T01:15:21.433271+00:00,nfl,2026,3,401872963,4018729631320,2,10:34,(Shotgun) J.Hurts pass short right to D.Smith to CHI 38 for 5 yards (X.Woods).,1,10,CHI 43,43,7,Chicago Bears,Philadelphia Eagles,7,0,60.8,39.2,74.0,33.0,107.0,46.0,73.0,119.0,game,Total,Over,,42.5,polymarket,257,—,—,,7.0,,miss,,,,—,,
2026-09-29T01:15:21.433271+00:00,nfl,2026,3,401872963,4018729631320,2,10:34,(Shotgun) J.Hurts pass short right to D.Smith to CHI 38 for 5 yards (X.Woods).,1,10,CHI 43,43,7,Chicago Bears,Philadelphia Eagles,7,0,60.8,39.2,74.0,33.0,107.0,46.0,73.0,119.0,game,Total,Under,,42.5,polymarket,-301,—,—,,7.0,,hit,,,,—,,
2026-09-29T01:15:21.433271+00:00,nfl,2026,3,401872963,4018729631320,2,10:34,(Shotgun) J.Hurts pass short right to D.Smith to CHI 38 for 5 yards (X.Woods).,1,10,CHI 43,43,7,Chicago Bears,Philadelphia Eagles,7,0,60.8,39.2,74.0,33.0,107.0,46.0,73.0,119.0,game,ML,Philadelphia Eagles,,,polymarket,143,—,—,,Loss,,miss,,,,—,,
2026-09-29T01:15:21.433271+00:00,nfl,2026,3,401872963,4018729631320,2,10:34,(Shotgun) J.Hurts pass short right to D.Smith to CHI 38 for 5 yards (X.Woods).,1,10,CHI 43,43,7,Chicago Bears,Philadelphia Eagles,7,0,60.8,39.2,74.0,33.0,107.0,46.0,73.0,119.0,game,ML,Chicago Bears,,,bet365,120,—,—,,Win,,hit,,,,—,,
2026-09-29T01:15:21.433271+00:00,nfl,2026,3,401872963,4018729631345,2,9:49,S.Barkley right end pushed ob at CHI 21 for 17 yards (D.Thieneman).,2,5,CHI 38,38,7,Chicago Bears,Philadelphia Eagles,7,0,60.8,39.2,74.0,33.0,107.0,46.0,73.0,119.0,game,Spread,Philadelphia Eagles,,-2.5,novig,124,—,—,,+7,,miss,,,,—,,
2026-09-29T01:15:21.433271+00:00,nfl,2026,3,401872963,4018729631345,2,9:49,S.Barkley right end pushed ob at CHI 21 for 17 yards (D.Thieneman).,2,5,CHI 38,38,7,Chicago Bears,Philadelphia Eagles,7,0,60.8,39.2,74.0,33.0,107.0,46.0,73.0,119.0,game,Spread,Chicago Bears,,2.5,bet365,100,—,—,,+7,,hit,,,,—,,
2026-09-29T01:15:21.433271+00:00,nfl,2026,3,401872963,4018729631345,2,9:49,S.Barkley right end pushed ob at CHI 21 for 17 yards (D.Thieneman).,2,5,CHI 38,38,7,Chicago Bears,Philadelphia Eagles,7,0,60.8,39.2,74.0,33.0,107.0,46.0,73.0,119.0,game,Total,Over,,42.5,polymarket,257,—,—,,7.0,,miss,,,,—,,
2026-09-29T01:15:21.433271+00:00,nfl,2026,3,401872963,4018729631345,2,9:49,S.Barkley right end pushed ob at CHI 21 for 17 yards (D.Thieneman).,2,5,CHI 38,38,7,Chicago Bears,Philadelphia Eagles,7,0,60.8,39.2,74.0,33.0,107.0,46.0,73.0,119.0,game,Total,Under,,42.5,polymarket,-301,—,—,,7.0,,hit,,,,—,,
2026-09-29T01:15:21.433271+00:00,nfl,2026,3,401872963,4018729631345,2,9:49,S.Barkley right end pushed ob at CHI 21 for 17 yards (D.Thieneman).,2,5,CHI 38,38,7,Chicago Bears,Philadelphia Eagles,7,0,60.8,39.2,74.0,33.0,107.0,46.0,73.0,119.0,game,ML,Philadelphia Eagles,,,polymarket,143,—,—,,Loss,,miss,,,,—,,
2026-09-29T01:15:21.433271+00:00,nfl,2026,3,401872963,4018729631345,2,9:49,S.Barkley right end pushed ob at CHI 21 for 17 yards (D.Thieneman).,2,5,CHI 38,38,7,Chicago Bears,Philadelphia Eagles,7,0,60.8,39.2,74.0,33.0,107.0,46.0,73.0,119.0,game,ML,Chicago Bears,,,bet365,120,—,—,,Win,,hit,,,,—,,
2026-09-29T01:15:21.433271+00:00,nfl,2026,3,401872963,4018729631372,2,9:17,"(No Huddle, Shotgun) S.Barkley left guard to CHI 15 for 6 yards (D.Bush).",1,10,CHI 21,21,7,Chicago Bears,Philadelphia Eagles,7,0,60.8,39.2,74.0,33.0,107.0,46.0,73.0,119.0,game,Spread,Philadelphia Eagles,,-2.5,novig,124,—,—,,+7,,miss,,,,—,,
2026-09-29T01:15:21.433271+00:00,nfl,2026,3,401872963,4018729631372,2,9:17,"(No Huddle, Shotgun) S.Barkley left guard to CHI 15 for 6 yards (D.Bush).",1,10,CHI 21,21,7,Chicago Bears,Philadelphia Eagles,7,0,60.8,39.2,74.0,33.0,107.0,46.0,73.0,119.0,game,Spread,Chicago Bears,,2.5,bet365,100,—,—,,+7,,hit,,,,—,,
2026-09-29T01:15:21.433271+00:00,nfl,2026,3,401872963,4018729631372,2,9:17,"(No Huddle, Shotgun) S.Barkley left guard to CHI 15 for 6 yards (D.Bush).",1,10,CHI 21,21,7,Chicago Bears,Philadelphia Eagles,7,0,60.8,39.2,74.0,33.0,107.0,46.0,73.0,119.0,game,Total,Over,,42.5,polymarket,257,—,—,,7.0,,miss,,,,—,,
2026-09-29T01:15:21.433271+00:00,nfl,2026,3,401872963,4018729631372,2,9:17,"(No Huddle, Shotgun) S.Barkley left guard to CHI 15 for 6 yards (D.Bush).",1,10,CHI 21,21,7,Chicago Bears,Philadelphia Eagles,7,0,60.8,39.2,74.0,33.0,107.0,46.0,73.0,119.0,game,Total,Under,,42.5,polymarket,-301,—,—,,7.0,,hit,,,,—,,
2026-09-29T01:15:21.433271+00:00,nfl,2026,3,401872963,4018729631372,2,9:17,"(No Huddle, Shotgun) S.Barkley left guard to CHI 15 for 6 yards (D.Bush).",1,10,CHI 21,21,7,Chicago Bears,Philadelphia Eagles,7,0,60.8,39.2,74.0,33.0,107.0,46.0,73.0,119.0,game,ML,Philadelphia Eagles,,,polymarket,143,—,—,,Loss,,miss,,,,—,,
2026-09-29T01:15:21.433271+00:00,nfl,2026,3,401872963,4018729631372,2,9:17,"(No Huddle, Shotgun) S.Barkley left guard to CHI 15 for 6 yards (D.Bush).",1,10,CHI 21,21,7,Chicago Bears,Philadelphia Eagles,7,0,60.8,39.2,74.0,33.0,107.0,46.0,73.0,119.0,game,ML,Chicago Bears,,,bet365,120,—,—,,Win,,hit,,,,—,,
2026-09-29T01:15:21.433271+00:00,nfl,2026,3,401872963,4018729631394,2,8:37,"(8:37) (Shotgun) J.Hurts scrambles right end ran ob at CHI 13 for 2 yards (D.Jackson). PHI-J.Hurts was injured during the play. 
Penalty on PHI-L.Johnson, Offensive Holding, offsetting, enforced at CHI 15 - No Play.
Penalty on CHI-D.Jackson, Unnecessary Roughness, offsetting.",2,4,CHI 15,15,7,Chicago Bears,Philadelphia Eagles,7,0,60.8,39.2,74.0,33.0,107.0,46.0,73.0,119.0,game,Spread,Philadelphia Eagles,,-2.5,novig,124,—,—,,+7,,miss,,,,—,,
2026-09-29T01:15:21.433271+00:00,nfl,2026,3,401872963,4018729631394,2,8:37,"(8:37) (Shotgun) J.Hurts scrambles right end ran ob at CHI 13 for 2 yards (D.Jackson). PHI-J.Hurts was injured during the play. 
Penalty on PHI-L.Johnson, Offensive Holding, offsetting, enforced at CHI 15 - No Play.
Penalty on CHI-D.Jackson, Unnecessary Roughness, offsetting.",2,4,CHI 15,15,7,Chicago Bears,Philadelphia Eagles,7,0,60.8,39.2,74.0,33.0,107.0,46.0,73.0,119.0,game,Spread,Chicago Bears,,2.5,bet365,100,—,—,,+7,,hit,,,,—,,
2026-09-29T01:15:21.433271+00:00,nfl,2026,3,401872963,4018729631394,2,8:37,"(8:37) (Shotgun) J.Hurts scrambles right end ran ob at CHI 13 for 2 yards (D.Jackson). PHI-J.Hurts was injured during the play. 
Penalty on PHI-L.Johnson, Offensive Holding, offsetting, enforced at CHI 15 - No Play.
Penalty on CHI-D.Jackson, Unnecessary Roughness, offsetting.",2,4,CHI 15,15,7,Chicago Bears,Philadelphia Eagles,7,0,60.8,39.2,74.0,33.0,107.0,46.0,73.0,119.0,game,Total,Over,,42.5,polymarket,257,—,—,,7.0,,miss,,,,—,,
2026-09-29T01:15:21.433271+00:00,nfl,2026,3,401872963,4018729631394,2,8:37,"(8:37) (Shotgun) J.Hurts scrambles right end ran ob at CHI 13 for 2 yards (D.Jackson). PHI-J.Hurts was injured during the play. 
Penalty on PHI-L.Johnson, Offensive Holding, offsetting, enforced at CHI 15 - No Play.
Penalty on CHI-D.Jackson, Unnecessary Roughness, offsetting.",2,4,CHI 15,15,7,Chicago Bears,Philadelphia Eagles,7,0,60.8,39.2,74.0,33.0,107.0,46.0,73.0,119.0,game,Total,Under,,42.5,polymarket,-301,—,—,,7.0,,hit,,,,—,,
2026-09-29T01:15:21.433271+00:00,nfl,2026,3,401872963,4018729631394,2,8:37,"(8:37) (Shotgun) J.Hurts scrambles right end ran ob at CHI 13 for 2 yards (D.Jackson). PHI-J.Hurts was injured during the play. 
Penalty on PHI-L.Johnson, Offensive Holding, offsetting, enforced at CHI 15 - No Play.
Penalty on CHI-D.Jackson, Unnecessary Roughness, offsetting.",2,4,CHI 15,15,7,Chicago Bears,Philadelphia Eagles,7,0,60.8,39.2,74.0,33.0,107.0,46.0,73.0,119.0,game,ML,Philadelphia Eagles,,,polymarket,143,—,—,,Loss,,miss,,,,—,,
2026-09-29T01:15:21.433271+00:00,nfl,2026,3,401872963,4018729631394,2,8:37,"(8:37) (Shotgun) J.Hurts scrambles right end ran ob at CHI 13 for 2 yards (D.Jackson). PHI-J.Hurts was injured during the play. 
Penalty on PHI-L.Johnson, Offensive Holding, offsetting, enforced at CHI 15 - No Play.
Penalty on CHI-D.Jackson, Unnecessary Roughness, offsetting.",2,4,CHI 15,15,7,Chicago Bears,Philadelphia Eagles,7,0,60.8,39.2,74.0,33.0,107.0,46.0,73.0,119.0,game,ML,Chicago Bears,,,bet365,120,—,—,,Win,,hit,,,,—,,
2026-09-29T01:15:21.433271+00:00,nfl,2026,3,401872963,4018729631432,2,8:15,(Shotgun) S.Barkley left end pushed ob at CHI 1 for 14 yards (D.Thieneman).,2,4,CHI 15,15,7,Chicago Bears,Philadelphia Eagles,7,0,60.8,39.2,74.0,33.0,107.0,46.0,73.0,119.0,game,Spread,Philadelphia Eagles,,-2.5,novig,124,—,—,,+7,,miss,,,,—,,
2026-09-29T01:15:21.433271+00:00,nfl,2026,3,401872963,4018729631432,2,8:15,(Shotgun) S.Barkley left end pushed ob at CHI 1 for 14 yards (D.Thieneman).,2,4,CHI 15,15,7,Chicago Bears,Philadelphia Eagles,7,0,60.8,39.2,74.0,33.0,107.0,46.0,73.0,119.0,game,Spread,Chicago Bears,,2.5,bet365,100,—,—,,+7,,hit,,,,—,,
2026-09-29T01:15:21.433271+00:00,nfl,2026,3,401872963,4018729631432,2,8:15,(Shotgun) S.Barkley left end pushed ob at CHI 1 for 14 yards (D.Thieneman).,2,4,CHI 15,15,7,Chicago Bears,Philadelphia Eagles,7,0,60.8,39.2,74.0,33.0,107.0,46.0,73.0,119.0,game,Total,Over,,42.5,polymarket,257,—,—,,7.0,,miss,,,,—,,
2026-09-29T01:15:21.433271+00:00,nfl,2026,3,401872963,4018729631432,2,8:15,(Shotgun) S.Barkley left end pushed ob at CHI 1 for 14 yards (D.Thieneman).,2,4,CHI 15,15,7,Chicago Bears,Philadelphia Eagles,7,0,60.8,39.2,74.0,33.0,107.0,46.0,73.0,119.0,game,Total,Under,,42.5,polymarket,-301,—,—,,7.0,,hit,,,,—,,
2026-09-29T01:15:21.433271+00:00,nfl,2026,3,401872963,4018729631432,2,8:15,(Shotgun) S.Barkley left end pushed ob at CHI 1 for 14 yards (D.Thieneman).,2,4,CHI 15,15,7,Chicago Bears,Philadelphia Eagles,7,0,60.8,39.2,74.0,33.0,107.0,46.0,73.0,119.0,game,ML,Philadelphia Eagles,,,polymarket,143,—,—,,Loss,,miss,,,,—,,
2026-09-29T01:15:21.433271+00:00,nfl,2026,3,401872963,4018729631432,2,8:15,(Shotgun) S.Barkley left end pushed ob at CHI 1 for 14 yards (D.Thieneman).,2,4,CHI 15,15,7,Chicago Bears,Philadelphia Eagles,7,0,60.8,39.2,74.0,33.0,107.0,46.0,73.0,119.0,game,ML,Chicago Bears,,,bet365,120,—,—,,Win,,hit,,,,—,,
2026-09-29T01:15:21.433271+00:00,nfl,2026,3,401872963,4018729631467,2,7:41, M.Bell reported in as eligible.  S.Barkley right guard to CHI 2 for -1 yards (D.Bush).,1,1,CHI 1,1,7,Chicago Bears,Philadelphia Eagles,7,0,60.8,39.2,74.0,33.0,107.0,46.0,73.0,119.0,game,Spread,Philadelphia Eagles,,-2.5,novig,124,—,—,,+7,,miss,,,,—,,
2026-09-29T01:15:21.433271+00:00,nfl,2026,3,401872963,4018729631467,2,7:41, M.Bell reported in as eligible.  S.Barkley right guard to CHI 2 for -1 yards (D.Bush).,1,1,CHI 1,1,7,Chicago Bears,Philadelphia Eagles,7,0,60.8,39.2,74.0,33.0,107.0,46.0,73.0,119.0,game,Spread,Chicago Bears,,2.5,bet365,100,—,—,,+7,,hit,,,,—,,
2026-09-29T01:15:21.433271+00:00,nfl,2026,3,401872963,4018729631467,2,7:41, M.Bell reported in as eligible.  S.Barkley right guard to CHI 2 for -1 yards (D.Bush).,1,1,CHI 1,1,7,Chicago Bears,Philadelphia Eagles,7,0,60.8,39.2,74.0,33.0,107.0,46.0,73.0,119.0,game,Total,Over,,42.5,polymarket,257,—,—,,7.0,,miss,,,,—,,
2026-09-29T01:15:21.433271+00:00,nfl,2026,3,401872963,4018729631467,2,7:41, M.Bell reported in as eligible.  S.Barkley right guard to CHI 2 for -1 yards (D.Bush).,1,1,CHI 1,1,7,Chicago Bears,Philadelphia Eagles,7,0,60.8,39.2,74.0,33.0,107.0,46.0,73.0,119.0,game,Total,Under,,42.5,polymarket,-301,—,—,,7.0,,hit,,,,—,,
2026-09-29T01:15:21.433271+00:00,nfl,2026,3,401872963,4018729631467,2,7:41, M.Bell reported in as eligible.  S.Barkley right guard to CHI 2 for -1 yards (D.Bush).,1,1,CHI 1,1,7,Chicago Bears,Philadelphia Eagles,7,0,60.8,39.2,74.0,33.0,107.0,46.0,73.0,119.0,game,ML,Philadelphia Eagles,,,polymarket,143,—,—,,Loss,,miss,,,,—,,
2026-09-29T01:15:21.433271+00:00,nfl,2026,3,401872963,4018729631467,2,7:41, M.Bell reported in as eligible.  S.Barkley right guard to CHI 2 for -1 yards (D.Bush).,1,1,CHI 1,1,7,Chicago Bears,Philadelphia Eagles,7,0,60.8,39.2,74.0,33.0,107.0,46.0,73.0,119.0,game,ML,Chicago Bears,,,bet365,120,—,—,,Win,,hit,,,,—,,
2026-09-29T01:15:21.433271+00:00,nfl,2026,3,401872963,4018729631491,2,7:04, S.Barkley right guard to CHI 2 for no gain (D.Odeyingbo).,2,2,CHI 2,2,7,Chicago Bears,Philadelphia Eagles,7,0,60.8,39.2,74.0,33.0,107.0,46.0,73.0,119.0,game,Spread,Philadelphia Eagles,,-2.5,novig,124,—,—,,+7,,miss,,,,—,,
2026-09-29T01:15:21.433271+00:00,nfl,2026,3,401872963,4018729631491,2,7:04, S.Barkley right guard to CHI 2 for no gain (D.Odeyingbo).,2,2,CHI 2,2,7,Chicago Bears,Philadelphia Eagles,7,0,60.8,39.2,74.0,33.0,107.0,46.0,73.0,119.0,game,Spread,Chicago Bears,,2.5,bet365,100,—,—,,+7,,hit,,,,—,,
2026-09-29T01:15:21.433271+00:00,nfl,2026,3,401872963,4018729631491,2,7:04, S.Barkley right guard to CHI 2 for no gain (D.Odeyingbo).,2,2,CHI 2,2,7,Chicago Bears,Philadelphia Eagles,7,0,60.8,39.2,74.0,33.0,107.0,46.0,73.0,119.0,game,Total,Over,,42.5,polymarket,257,—,—,,7.0,,miss,,,,—,,
2026-09-29T01:15:21.433271+00:00,nfl,2026,3,401872963,4018729631491,2,7:04, S.Barkley right guard to CHI 2 for no gain (D.Odeyingbo).,2,2,CHI 2,2,7,Chicago Bears,Philadelphia Eagles,7,0,60.8,39.2,74.0,33.0,107.0,46.0,73.0,119.0,game,Total,Under,,42.5,polymarket,-301,—,—,,7.0,,hit,,,,—,,
2026-09-29T01:15:21.433271+00:00,nfl,2026,3,401872963,4018729631491,2,7:04, S.Barkley right guard to CHI 2 for no gain (D.Odeyingbo).,2,2,CHI 2,2,7,Chicago Bears,Philadelphia Eagles,7,0,60.8,39.2,74.0,33.0,107.0,46.0,73.0,119.0,game,ML,Philadelphia Eagles,,,polymarket,143,—,—,,Loss,,miss,,,,—,,
2026-09-29T01:15:21.433271+00:00,nfl,2026,3,401872963,4018729631491,2,7:04, S.Barkley right guard to CHI 2 for no gain (D.Odeyingbo).,2,2,CHI 2,2,7,Chicago Bears,Philadelphia Eagles,7,0,60.8,39.2,74.0,33.0,107.0,46.0,73.0,119.0,game,ML,Chicago Bears,,,bet365,120,—,—,,Win,,hit,,,,—,,
2026-09-29T01:15:21.433271+00:00,nfl,2026,3,401872963,4018729631513,2,6:21,(Shotgun) A.Dalton pass short middle intended for D.Wicks INTERCEPTED by D.Thieneman at CHI -9. Touchback.,3,2,CHI 2,2,7,Chicago Bears,Philadelphia Eagles,7,0,60.8,39.2,74.0,33.0,107.0,46.0,73.0,119.0,game,Spread,Philadelphia Eagles,,-2.5,novig,124,—,—,,+7,,miss,,,,—,,
2026-09-29T01:15:21.433271+00:00,nfl,2026,3,401872963,4018729631513,2,6:21,(Shotgun) A.Dalton pass short middle intended for D.Wicks INTERCEPTED by D.Thieneman at CHI -9. Touchback.,3,2,CHI 2,2,7,Chicago Bears,Philadelphia Eagles,7,0,60.8,39.2,74.0,33.0,107.0,46.0,73.0,119.0,game,Spread,Chicago Bears,,2.5,bet365,100,—,—,,+7,,hit,,,,—,,
2026-09-29T01:15:21.433271+00:00,nfl,2026,3,401872963,4018729631513,2,6:21,(Shotgun) A.Dalton pass short middle intended for D.Wicks INTERCEPTED by D.Thieneman at CHI -9. Touchback.,3,2,CHI 2,2,7,Chicago Bears,Philadelphia Eagles,7,0,60.8,39.2,74.0,33.0,107.0,46.0,73.0,119.0,game,Total,Over,,42.5,polymarket,257,—,—,,7.0,,miss,,,,—,,
2026-09-29T01:15:21.433271+00:00,nfl,2026,3,401872963,4018729631513,2,6:21,(Shotgun) A.Dalton pass short middle intended for D.Wicks INTERCEPTED by D.Thieneman at CHI -9. Touchback.,3,2,CHI 2,2,7,Chicago Bears,Philadelphia Eagles,7,0,60.8,39.2,74.0,33.0,107.0,46.0,73.0,119.0,game,Total,Under,,42.5,polymarket,-301,—,—,,7.0,,hit,,,,—,,
2026-09-29T01:15:21.433271+00:00,nfl,2026,3,401872963,4018729631513,2,6:21,(Shotgun) A.Dalton pass short middle intended for D.Wicks INTERCEPTED by D.Thieneman at CHI -9. Touchback.,3,2,CHI 2,2,7,Chicago Bears,Philadelphia Eagles,7,0,60.8,39.2,74.0,33.0,107.0,46.0,73.0,119.0,game,ML,Philadelphia Eagles,,,polymarket,143,—,—,,Loss,,miss,,,,—,,
2026-09-29T01:15:21.433271+00:00,nfl,2026,3,401872963,4018729631513,2,6:21,(Shotgun) A.Dalton pass short middle intended for D.Wicks INTERCEPTED by D.Thieneman at CHI -9. Touchback.,3,2,CHI 2,2,7,Chicago Bears,Philadelphia Eagles,7,0,60.8,39.2,74.0,33.0,107.0,46.0,73.0,119.0,game,ML,Chicago Bears,,,bet365,120,—,—,,Win,,hit,,,,—,,
2026-09-29T01:15:21.433271+00:00,nfl,2026,3,401872963,4018729631527,2,6:14,Official Timeout at 06:14.,1,10,CHI 20,20,7,Chicago Bears,Philadelphia Eagles,7,0,60.8,39.2,74.0,33.0,107.0,46.0,73.0,119.0,game,Spread,Philadelphia Eagles,,-2.5,novig,124,—,—,,+7,,miss,,,,—,,
2026-09-29T01:15:21.433271+00:00,nfl,2026,3,401872963,4018729631527,2,6:14,Official Timeout at 06:14.,1,10,CHI 20,20,7,Chicago Bears,Philadelphia Eagles,7,0,60.8,39.2,74.0,33.0,107.0,46.0,73.0,119.0,game,Spread,Chicago Bears,,2.5,bet365,100,—,—,,+7,,hit,,,,—,,
2026-09-29T01:15:21.433271+00:00,nfl,2026,3,401872963,4018729631527,2,6:14,Official Timeout at 06:14.,1,10,CHI 20,20,7,Chicago Bears,Philadelphia Eagles,7,0,60.8,39.2,74.0,33.0,107.0,46.0,73.0,119.0,game,Total,Over,,42.5,polymarket,257,—,—,,7.0,,miss,,,,—,,
2026-09-29T01:15:21.433271+00:00,nfl,2026,3,401872963,4018729631527,2,6:14,Official Timeout at 06:14.,1,10,CHI 20,20,7,Chicago Bears,Philadelphia Eagles,7,0,60.8,39.2,74.0,33.0,107.0,46.0,73.0,119.0,game,Total,Under,,42.5,polymarket,-301,—,—,,7.0,,hit,,,,—,,
2026-09-29T01:15:21.433271+00:00,nfl,2026,3,401872963,4018729631527,2,6:14,Official Timeout at 06:14.,1,10,CHI 20,20,7,Chicago Bears,Philadelphia Eagles,7,0,60.8,39.2,74.0,33.0,107.0,46.0,73.0,119.0,game,ML,Philadelphia Eagles,,,polymarket,143,—,—,,Loss,,miss,,,,—,,
2026-09-29T01:15:21.433271+00:00,nfl,2026,3,401872963,4018729631527,2,6:14,Official Timeout at 06:14.,1,10,CHI 20,20,7,Chicago Bears,Philadelphia Eagles,7,0,60.8,39.2,74.0,33.0,107.0,46.0,73.0,119.0,game,ML,Chicago Bears,,,bet365,120,—,—,,Win,,hit,,,,—,,
