captured_at,sport,year,week,event_id,play_id,period,clock,play_text,down,distance,possession,yard_line,score_margin,home,away,home_score,away_score,home_win_prob,away_win_prob,home_pass_yds,home_rush_yds,home_total_yds,away_pass_yds,away_rush_yds,away_total_yds,market_type,market,selection,player,line,book_id,book_price,model_projection,model_price,model_prob,actual_result,actual_stat,bet_result,expected_roi_pct,pregame_line,pregame_book_price,pregame_projection,pregame_capture_at,pregame_capture_type
2026-10-04T23:00:39.811782+00:00,nfl,2026,4,401872974,4018729741,1,15:00,GAME,1,2,MIA 2,98,0,Minnesota Vikings,Miami Dolphins,0,0,99.9,0.1,213.0,126.0,339.0,77.0,121.0,198.0,game,Spread,Minnesota Vikings,,5.5,polymarket,1566.0,—,—,,0,,hit,,,,—,,
2026-10-04T23:00:39.811782+00:00,nfl,2026,4,401872974,4018729741,1,15:00,GAME,1,2,MIA 2,98,0,Minnesota Vikings,Miami Dolphins,0,0,99.9,0.1,213.0,126.0,339.0,77.0,121.0,198.0,game,Spread,Minnesota Vikings,,-5.5,polymarket,1566.0,—,—,,0,,miss,,,,—,,
2026-10-04T23:00:39.811782+00:00,nfl,2026,4,401872974,4018729741,1,15:00,GAME,1,2,MIA 2,98,0,Minnesota Vikings,Miami Dolphins,0,0,99.9,0.1,213.0,126.0,339.0,77.0,121.0,198.0,game,Total,Over,,32.5,kalshi,3233.0,—,—,,0.0,,miss,,,,—,,
2026-10-04T23:00:39.811782+00:00,nfl,2026,4,401872974,4018729741,1,15:00,GAME,1,2,MIA 2,98,0,Minnesota Vikings,Miami Dolphins,0,0,99.9,0.1,213.0,126.0,339.0,77.0,121.0,198.0,game,Total,,,32.5,,,—,—,,0.0,,hit,,,,—,,
2026-10-04T23:00:39.811782+00:00,nfl,2026,4,401872974,4018729741,1,15:00,GAME,1,2,MIA 2,98,0,Minnesota Vikings,Miami Dolphins,0,0,99.9,0.1,213.0,126.0,339.0,77.0,121.0,198.0,game,ML,Miami Dolphins,,,betfair,9678.0,—,—,,Loss,,miss,,,,—,,
2026-10-04T23:00:39.811782+00:00,nfl,2026,4,401872974,40187297439,1,15:00,R.Patterson kicks 64 yards from MIA 35 to MIN 1. M.Price to MIN 48 for 47 yards (M.Taaffe).,1,2,MIA 2,65,0,Minnesota Vikings,Miami Dolphins,0,0,99.9,0.1,213.0,126.0,339.0,77.0,121.0,198.0,game,Spread,Minnesota Vikings,,5.5,polymarket,1566.0,—,—,,0,,hit,,,,—,,
2026-10-04T23:00:39.811782+00:00,nfl,2026,4,401872974,40187297439,1,15:00,R.Patterson kicks 64 yards from MIA 35 to MIN 1. M.Price to MIN 48 for 47 yards (M.Taaffe).,1,2,MIA 2,65,0,Minnesota Vikings,Miami Dolphins,0,0,99.9,0.1,213.0,126.0,339.0,77.0,121.0,198.0,game,Spread,Minnesota Vikings,,-5.5,polymarket,1566.0,—,—,,0,,miss,,,,—,,
2026-10-04T23:00:39.811782+00:00,nfl,2026,4,401872974,40187297439,1,15:00,R.Patterson kicks 64 yards from MIA 35 to MIN 1. M.Price to MIN 48 for 47 yards (M.Taaffe).,1,2,MIA 2,65,0,Minnesota Vikings,Miami Dolphins,0,0,99.9,0.1,213.0,126.0,339.0,77.0,121.0,198.0,game,Total,Over,,32.5,kalshi,3233.0,—,—,,0.0,,miss,,,,—,,
2026-10-04T23:00:39.811782+00:00,nfl,2026,4,401872974,40187297439,1,15:00,R.Patterson kicks 64 yards from MIA 35 to MIN 1. M.Price to MIN 48 for 47 yards (M.Taaffe).,1,2,MIA 2,65,0,Minnesota Vikings,Miami Dolphins,0,0,99.9,0.1,213.0,126.0,339.0,77.0,121.0,198.0,game,Total,,,32.5,,,—,—,,0.0,,hit,,,,—,,
2026-10-04T23:00:39.811782+00:00,nfl,2026,4,401872974,40187297439,1,15:00,R.Patterson kicks 64 yards from MIA 35 to MIN 1. M.Price to MIN 48 for 47 yards (M.Taaffe).,1,2,MIA 2,65,0,Minnesota Vikings,Miami Dolphins,0,0,99.9,0.1,213.0,126.0,339.0,77.0,121.0,198.0,game,ML,Miami Dolphins,,,betfair,9678.0,—,—,,Loss,,miss,,,,—,,
2026-10-04T23:00:39.811782+00:00,nfl,2026,4,401872974,40187297462,1,14:52,(Shotgun) K.Murray sacked at MIN 40 for -8 yards (Z.Sieler).,1,10,MIN 48,48,0,Minnesota Vikings,Miami Dolphins,0,0,99.9,0.1,213.0,126.0,339.0,77.0,121.0,198.0,game,Spread,Minnesota Vikings,,5.5,polymarket,1566.0,—,—,,0,,hit,,,,—,,
2026-10-04T23:00:39.811782+00:00,nfl,2026,4,401872974,40187297462,1,14:52,(Shotgun) K.Murray sacked at MIN 40 for -8 yards (Z.Sieler).,1,10,MIN 48,48,0,Minnesota Vikings,Miami Dolphins,0,0,99.9,0.1,213.0,126.0,339.0,77.0,121.0,198.0,game,Spread,Minnesota Vikings,,-5.5,polymarket,1566.0,—,—,,0,,miss,,,,—,,
2026-10-04T23:00:39.811782+00:00,nfl,2026,4,401872974,40187297462,1,14:52,(Shotgun) K.Murray sacked at MIN 40 for -8 yards (Z.Sieler).,1,10,MIN 48,48,0,Minnesota Vikings,Miami Dolphins,0,0,99.9,0.1,213.0,126.0,339.0,77.0,121.0,198.0,game,Total,Over,,32.5,kalshi,3233.0,—,—,,0.0,,miss,,,,—,,
2026-10-04T23:00:39.811782+00:00,nfl,2026,4,401872974,40187297462,1,14:52,(Shotgun) K.Murray sacked at MIN 40 for -8 yards (Z.Sieler).,1,10,MIN 48,48,0,Minnesota Vikings,Miami Dolphins,0,0,99.9,0.1,213.0,126.0,339.0,77.0,121.0,198.0,game,Total,,,32.5,,,—,—,,0.0,,hit,,,,—,,
2026-10-04T23:00:39.811782+00:00,nfl,2026,4,401872974,40187297462,1,14:52,(Shotgun) K.Murray sacked at MIN 40 for -8 yards (Z.Sieler).,1,10,MIN 48,48,0,Minnesota Vikings,Miami Dolphins,0,0,99.9,0.1,213.0,126.0,339.0,77.0,121.0,198.0,game,ML,Miami Dolphins,,,betfair,9678.0,—,—,,Loss,,miss,,,,—,,
2026-10-04T23:00:39.811782+00:00,nfl,2026,4,401872974,40187297482,1,14:27,"(No Huddle, Shotgun) A.Jones left tackle to MIN 42 for 2 yards (J.Uche; J.Brooks).",2,18,MIN 40,40,0,Minnesota Vikings,Miami Dolphins,0,0,99.9,0.1,213.0,126.0,339.0,77.0,121.0,198.0,game,Spread,Minnesota Vikings,,5.5,polymarket,1566.0,—,—,,0,,hit,,,,—,,
2026-10-04T23:00:39.811782+00:00,nfl,2026,4,401872974,40187297482,1,14:27,"(No Huddle, Shotgun) A.Jones left tackle to MIN 42 for 2 yards (J.Uche; J.Brooks).",2,18,MIN 40,40,0,Minnesota Vikings,Miami Dolphins,0,0,99.9,0.1,213.0,126.0,339.0,77.0,121.0,198.0,game,Spread,Minnesota Vikings,,-5.5,polymarket,1566.0,—,—,,0,,miss,,,,—,,
2026-10-04T23:00:39.811782+00:00,nfl,2026,4,401872974,40187297482,1,14:27,"(No Huddle, Shotgun) A.Jones left tackle to MIN 42 for 2 yards (J.Uche; J.Brooks).",2,18,MIN 40,40,0,Minnesota Vikings,Miami Dolphins,0,0,99.9,0.1,213.0,126.0,339.0,77.0,121.0,198.0,game,Total,Over,,32.5,kalshi,3233.0,—,—,,0.0,,miss,,,,—,,
2026-10-04T23:00:39.811782+00:00,nfl,2026,4,401872974,40187297482,1,14:27,"(No Huddle, Shotgun) A.Jones left tackle to MIN 42 for 2 yards (J.Uche; J.Brooks).",2,18,MIN 40,40,0,Minnesota Vikings,Miami Dolphins,0,0,99.9,0.1,213.0,126.0,339.0,77.0,121.0,198.0,game,Total,,,32.5,,,—,—,,0.0,,hit,,,,—,,
2026-10-04T23:00:39.811782+00:00,nfl,2026,4,401872974,40187297482,1,14:27,"(No Huddle, Shotgun) A.Jones left tackle to MIN 42 for 2 yards (J.Uche; J.Brooks).",2,18,MIN 40,40,0,Minnesota Vikings,Miami Dolphins,0,0,99.9,0.1,213.0,126.0,339.0,77.0,121.0,198.0,game,ML,Miami Dolphins,,,betfair,9678.0,—,—,,Loss,,miss,,,,—,,
2026-10-04T23:00:39.811782+00:00,nfl,2026,4,401872974,401872974104,1,13:55,(Shotgun) K.Murray pass short left to D.Dallas to MIA 48 for 10 yards (J.Rodriguez; J.Brooks).,3,16,MIN 42,42,0,Minnesota Vikings,Miami Dolphins,0,0,99.9,0.1,213.0,126.0,339.0,77.0,121.0,198.0,game,Spread,Minnesota Vikings,,5.5,polymarket,1566.0,—,—,,0,,hit,,,,—,,
2026-10-04T23:00:39.811782+00:00,nfl,2026,4,401872974,401872974104,1,13:55,(Shotgun) K.Murray pass short left to D.Dallas to MIA 48 for 10 yards (J.Rodriguez; J.Brooks).,3,16,MIN 42,42,0,Minnesota Vikings,Miami Dolphins,0,0,99.9,0.1,213.0,126.0,339.0,77.0,121.0,198.0,game,Spread,Minnesota Vikings,,-5.5,polymarket,1566.0,—,—,,0,,miss,,,,—,,
2026-10-04T23:00:39.811782+00:00,nfl,2026,4,401872974,401872974104,1,13:55,(Shotgun) K.Murray pass short left to D.Dallas to MIA 48 for 10 yards (J.Rodriguez; J.Brooks).,3,16,MIN 42,42,0,Minnesota Vikings,Miami Dolphins,0,0,99.9,0.1,213.0,126.0,339.0,77.0,121.0,198.0,game,Total,Over,,32.5,kalshi,3233.0,—,—,,0.0,,miss,,,,—,,
2026-10-04T23:00:39.811782+00:00,nfl,2026,4,401872974,401872974104,1,13:55,(Shotgun) K.Murray pass short left to D.Dallas to MIA 48 for 10 yards (J.Rodriguez; J.Brooks).,3,16,MIN 42,42,0,Minnesota Vikings,Miami Dolphins,0,0,99.9,0.1,213.0,126.0,339.0,77.0,121.0,198.0,game,Total,,,32.5,,,—,—,,0.0,,hit,,,,—,,
2026-10-04T23:00:39.811782+00:00,nfl,2026,4,401872974,401872974104,1,13:55,(Shotgun) K.Murray pass short left to D.Dallas to MIA 48 for 10 yards (J.Rodriguez; J.Brooks).,3,16,MIN 42,42,0,Minnesota Vikings,Miami Dolphins,0,0,99.9,0.1,213.0,126.0,339.0,77.0,121.0,198.0,game,ML,Miami Dolphins,,,betfair,9678.0,—,—,,Loss,,miss,,,,—,,
2026-10-04T23:00:39.811782+00:00,nfl,2026,4,401872974,401872974129,1,13:00,"J.Hekker punts 48 yards to end zone, Center-A.DePaola, Touchback.PENALTY on MIA-J.Wood, Illegal Block Above the Waist, 10 yards, enforced at MIA 20.",4,6,MIA 48,52,0,Minnesota Vikings,Miami Dolphins,0,0,99.9,0.1,213.0,126.0,339.0,77.0,121.0,198.0,game,Spread,Minnesota Vikings,,5.5,polymarket,1566.0,—,—,,0,,hit,,,,—,,
2026-10-04T23:00:39.811782+00:00,nfl,2026,4,401872974,401872974129,1,13:00,"J.Hekker punts 48 yards to end zone, Center-A.DePaola, Touchback.PENALTY on MIA-J.Wood, Illegal Block Above the Waist, 10 yards, enforced at MIA 20.",4,6,MIA 48,52,0,Minnesota Vikings,Miami Dolphins,0,0,99.9,0.1,213.0,126.0,339.0,77.0,121.0,198.0,game,Spread,Minnesota Vikings,,-5.5,polymarket,1566.0,—,—,,0,,miss,,,,—,,
2026-10-04T23:00:39.811782+00:00,nfl,2026,4,401872974,401872974129,1,13:00,"J.Hekker punts 48 yards to end zone, Center-A.DePaola, Touchback.PENALTY on MIA-J.Wood, Illegal Block Above the Waist, 10 yards, enforced at MIA 20.",4,6,MIA 48,52,0,Minnesota Vikings,Miami Dolphins,0,0,99.9,0.1,213.0,126.0,339.0,77.0,121.0,198.0,game,Total,Over,,32.5,kalshi,3233.0,—,—,,0.0,,miss,,,,—,,
2026-10-04T23:00:39.811782+00:00,nfl,2026,4,401872974,401872974129,1,13:00,"J.Hekker punts 48 yards to end zone, Center-A.DePaola, Touchback.PENALTY on MIA-J.Wood, Illegal Block Above the Waist, 10 yards, enforced at MIA 20.",4,6,MIA 48,52,0,Minnesota Vikings,Miami Dolphins,0,0,99.9,0.1,213.0,126.0,339.0,77.0,121.0,198.0,game,Total,,,32.5,,,—,—,,0.0,,hit,,,,—,,
2026-10-04T23:00:39.811782+00:00,nfl,2026,4,401872974,401872974129,1,13:00,"J.Hekker punts 48 yards to end zone, Center-A.DePaola, Touchback.PENALTY on MIA-J.Wood, Illegal Block Above the Waist, 10 yards, enforced at MIA 20.",4,6,MIA 48,52,0,Minnesota Vikings,Miami Dolphins,0,0,99.9,0.1,213.0,126.0,339.0,77.0,121.0,198.0,game,ML,Miami Dolphins,,,betfair,9678.0,—,—,,Loss,,miss,,,,—,,
2026-10-04T23:00:39.811782+00:00,nfl,2026,4,401872974,401872974173,1,12:50,M.Willis pass short right to W.Kacmarek to MIA 25 for 15 yards (B.Cashman).,1,10,MIA 10,90,0,Minnesota Vikings,Miami Dolphins,0,0,99.9,0.1,213.0,126.0,339.0,77.0,121.0,198.0,game,Spread,Minnesota Vikings,,5.5,polymarket,1566.0,—,—,,0,,hit,,,,—,,
2026-10-04T23:00:39.811782+00:00,nfl,2026,4,401872974,401872974173,1,12:50,M.Willis pass short right to W.Kacmarek to MIA 25 for 15 yards (B.Cashman).,1,10,MIA 10,90,0,Minnesota Vikings,Miami Dolphins,0,0,99.9,0.1,213.0,126.0,339.0,77.0,121.0,198.0,game,Spread,Minnesota Vikings,,-5.5,polymarket,1566.0,—,—,,0,,miss,,,,—,,
2026-10-04T23:00:39.811782+00:00,nfl,2026,4,401872974,401872974173,1,12:50,M.Willis pass short right to W.Kacmarek to MIA 25 for 15 yards (B.Cashman).,1,10,MIA 10,90,0,Minnesota Vikings,Miami Dolphins,0,0,99.9,0.1,213.0,126.0,339.0,77.0,121.0,198.0,game,Total,Over,,32.5,kalshi,3233.0,—,—,,0.0,,miss,,,,—,,
2026-10-04T23:00:39.811782+00:00,nfl,2026,4,401872974,401872974173,1,12:50,M.Willis pass short right to W.Kacmarek to MIA 25 for 15 yards (B.Cashman).,1,10,MIA 10,90,0,Minnesota Vikings,Miami Dolphins,0,0,99.9,0.1,213.0,126.0,339.0,77.0,121.0,198.0,game,Total,,,32.5,,,—,—,,0.0,,hit,,,,—,,
2026-10-04T23:00:39.811782+00:00,nfl,2026,4,401872974,401872974173,1,12:50,M.Willis pass short right to W.Kacmarek to MIA 25 for 15 yards (B.Cashman).,1,10,MIA 10,90,0,Minnesota Vikings,Miami Dolphins,0,0,99.9,0.1,213.0,126.0,339.0,77.0,121.0,198.0,game,ML,Miami Dolphins,,,betfair,9678.0,—,—,,Loss,,miss,,,,—,,
2026-10-04T23:00:39.811782+00:00,nfl,2026,4,401872974,401872974198,1,12:20,J.Wright up the middle to MIA 27 for 2 yards (J.Redmond).,1,10,MIA 25,75,0,Minnesota Vikings,Miami Dolphins,0,0,99.9,0.1,213.0,126.0,339.0,77.0,121.0,198.0,game,Spread,Minnesota Vikings,,5.5,polymarket,1566.0,—,—,,0,,hit,,,,—,,
2026-10-04T23:00:39.811782+00:00,nfl,2026,4,401872974,401872974198,1,12:20,J.Wright up the middle to MIA 27 for 2 yards (J.Redmond).,1,10,MIA 25,75,0,Minnesota Vikings,Miami Dolphins,0,0,99.9,0.1,213.0,126.0,339.0,77.0,121.0,198.0,game,Spread,Minnesota Vikings,,-5.5,polymarket,1566.0,—,—,,0,,miss,,,,—,,
2026-10-04T23:00:39.811782+00:00,nfl,2026,4,401872974,401872974198,1,12:20,J.Wright up the middle to MIA 27 for 2 yards (J.Redmond).,1,10,MIA 25,75,0,Minnesota Vikings,Miami Dolphins,0,0,99.9,0.1,213.0,126.0,339.0,77.0,121.0,198.0,game,Total,Over,,32.5,kalshi,3233.0,—,—,,0.0,,miss,,,,—,,
2026-10-04T23:00:39.811782+00:00,nfl,2026,4,401872974,401872974198,1,12:20,J.Wright up the middle to MIA 27 for 2 yards (J.Redmond).,1,10,MIA 25,75,0,Minnesota Vikings,Miami Dolphins,0,0,99.9,0.1,213.0,126.0,339.0,77.0,121.0,198.0,game,Total,,,32.5,,,—,—,,0.0,,hit,,,,—,,
2026-10-04T23:00:39.811782+00:00,nfl,2026,4,401872974,401872974198,1,12:20,J.Wright up the middle to MIA 27 for 2 yards (J.Redmond).,1,10,MIA 25,75,0,Minnesota Vikings,Miami Dolphins,0,0,99.9,0.1,213.0,126.0,339.0,77.0,121.0,198.0,game,ML,Miami Dolphins,,,betfair,9678.0,—,—,,Loss,,miss,,,,—,,
2026-10-04T23:00:39.811782+00:00,nfl,2026,4,401872974,401872974220,1,11:48,"J.Wright left end to MIA 26 for -1 yards (K.Van Noy, A.Van Ginkel).",2,8,MIA 27,73,0,Minnesota Vikings,Miami Dolphins,0,0,99.9,0.1,213.0,126.0,339.0,77.0,121.0,198.0,game,Spread,Minnesota Vikings,,5.5,polymarket,1566.0,—,—,,0,,hit,,,,—,,
2026-10-04T23:00:39.811782+00:00,nfl,2026,4,401872974,401872974220,1,11:48,"J.Wright left end to MIA 26 for -1 yards (K.Van Noy, A.Van Ginkel).",2,8,MIA 27,73,0,Minnesota Vikings,Miami Dolphins,0,0,99.9,0.1,213.0,126.0,339.0,77.0,121.0,198.0,game,Spread,Minnesota Vikings,,-5.5,polymarket,1566.0,—,—,,0,,miss,,,,—,,
2026-10-04T23:00:39.811782+00:00,nfl,2026,4,401872974,401872974220,1,11:48,"J.Wright left end to MIA 26 for -1 yards (K.Van Noy, A.Van Ginkel).",2,8,MIA 27,73,0,Minnesota Vikings,Miami Dolphins,0,0,99.9,0.1,213.0,126.0,339.0,77.0,121.0,198.0,game,Total,Over,,32.5,kalshi,3233.0,—,—,,0.0,,miss,,,,—,,
2026-10-04T23:00:39.811782+00:00,nfl,2026,4,401872974,401872974220,1,11:48,"J.Wright left end to MIA 26 for -1 yards (K.Van Noy, A.Van Ginkel).",2,8,MIA 27,73,0,Minnesota Vikings,Miami Dolphins,0,0,99.9,0.1,213.0,126.0,339.0,77.0,121.0,198.0,game,Total,,,32.5,,,—,—,,0.0,,hit,,,,—,,
2026-10-04T23:00:39.811782+00:00,nfl,2026,4,401872974,401872974220,1,11:48,"J.Wright left end to MIA 26 for -1 yards (K.Van Noy, A.Van Ginkel).",2,8,MIA 27,73,0,Minnesota Vikings,Miami Dolphins,0,0,99.9,0.1,213.0,126.0,339.0,77.0,121.0,198.0,game,ML,Miami Dolphins,,,betfair,9678.0,—,—,,Loss,,miss,,,,—,,
2026-10-04T23:00:39.811782+00:00,nfl,2026,4,401872974,401872974242,1,11:08,(Shotgun) M.Willis pass incomplete deep left to C.Bell.,3,9,MIA 26,74,0,Minnesota Vikings,Miami Dolphins,0,0,99.9,0.1,213.0,126.0,339.0,77.0,121.0,198.0,game,Spread,Minnesota Vikings,,5.5,polymarket,1566.0,—,—,,0,,hit,,,,—,,
2026-10-04T23:00:39.811782+00:00,nfl,2026,4,401872974,401872974242,1,11:08,(Shotgun) M.Willis pass incomplete deep left to C.Bell.,3,9,MIA 26,74,0,Minnesota Vikings,Miami Dolphins,0,0,99.9,0.1,213.0,126.0,339.0,77.0,121.0,198.0,game,Spread,Minnesota Vikings,,-5.5,polymarket,1566.0,—,—,,0,,miss,,,,—,,
2026-10-04T23:00:39.811782+00:00,nfl,2026,4,401872974,401872974242,1,11:08,(Shotgun) M.Willis pass incomplete deep left to C.Bell.,3,9,MIA 26,74,0,Minnesota Vikings,Miami Dolphins,0,0,99.9,0.1,213.0,126.0,339.0,77.0,121.0,198.0,game,Total,Over,,32.5,kalshi,3233.0,—,—,,0.0,,miss,,,,—,,
2026-10-04T23:00:39.811782+00:00,nfl,2026,4,401872974,401872974242,1,11:08,(Shotgun) M.Willis pass incomplete deep left to C.Bell.,3,9,MIA 26,74,0,Minnesota Vikings,Miami Dolphins,0,0,99.9,0.1,213.0,126.0,339.0,77.0,121.0,198.0,game,Total,,,32.5,,,—,—,,0.0,,hit,,,,—,,
2026-10-04T23:00:39.811782+00:00,nfl,2026,4,401872974,401872974242,1,11:08,(Shotgun) M.Willis pass incomplete deep left to C.Bell.,3,9,MIA 26,74,0,Minnesota Vikings,Miami Dolphins,0,0,99.9,0.1,213.0,126.0,339.0,77.0,121.0,198.0,game,ML,Miami Dolphins,,,betfair,9678.0,—,—,,Loss,,miss,,,,—,,
2026-10-04T23:00:39.811782+00:00,nfl,2026,4,401872974,401872974265,1,11:04,"B.Pinion punts 48 yards to MIN 26, Center-T.Addington. M.Price ran ob at MIA 38 for 36 yards (R.Miller).",4,9,MIA 26,74,0,Minnesota Vikings,Miami Dolphins,0,0,99.9,0.1,213.0,126.0,339.0,77.0,121.0,198.0,game,Spread,Minnesota Vikings,,5.5,polymarket,1566.0,—,—,,0,,hit,,,,—,,
2026-10-04T23:00:39.811782+00:00,nfl,2026,4,401872974,401872974265,1,11:04,"B.Pinion punts 48 yards to MIN 26, Center-T.Addington. M.Price ran ob at MIA 38 for 36 yards (R.Miller).",4,9,MIA 26,74,0,Minnesota Vikings,Miami Dolphins,0,0,99.9,0.1,213.0,126.0,339.0,77.0,121.0,198.0,game,Spread,Minnesota Vikings,,-5.5,polymarket,1566.0,—,—,,0,,miss,,,,—,,
2026-10-04T23:00:39.811782+00:00,nfl,2026,4,401872974,401872974265,1,11:04,"B.Pinion punts 48 yards to MIN 26, Center-T.Addington. M.Price ran ob at MIA 38 for 36 yards (R.Miller).",4,9,MIA 26,74,0,Minnesota Vikings,Miami Dolphins,0,0,99.9,0.1,213.0,126.0,339.0,77.0,121.0,198.0,game,Total,Over,,32.5,kalshi,3233.0,—,—,,0.0,,miss,,,,—,,
2026-10-04T23:00:39.811782+00:00,nfl,2026,4,401872974,401872974265,1,11:04,"B.Pinion punts 48 yards to MIN 26, Center-T.Addington. M.Price ran ob at MIA 38 for 36 yards (R.Miller).",4,9,MIA 26,74,0,Minnesota Vikings,Miami Dolphins,0,0,99.9,0.1,213.0,126.0,339.0,77.0,121.0,198.0,game,Total,,,32.5,,,—,—,,0.0,,hit,,,,—,,
2026-10-04T23:00:39.811782+00:00,nfl,2026,4,401872974,401872974265,1,11:04,"B.Pinion punts 48 yards to MIN 26, Center-T.Addington. M.Price ran ob at MIA 38 for 36 yards (R.Miller).",4,9,MIA 26,74,0,Minnesota Vikings,Miami Dolphins,0,0,99.9,0.1,213.0,126.0,339.0,77.0,121.0,198.0,game,ML,Miami Dolphins,,,betfair,9678.0,—,—,,Loss,,miss,,,,—,,
2026-10-04T23:00:39.811782+00:00,nfl,2026,4,401872974,401872974296,1,10:51,"(Shotgun) A.Jones left guard to MIA 33 for 5 yards (J.Phillips; J.Rodriguez).PENALTY on MIA-C.Robinson, Defensive Offside, 5 yards, enforced at MIA 38 - No Play.",1,10,MIA 38,62,0,Minnesota Vikings,Miami Dolphins,0,0,99.9,0.1,213.0,126.0,339.0,77.0,121.0,198.0,game,Spread,Minnesota Vikings,,5.5,polymarket,1566.0,—,—,,0,,hit,,,,—,,
2026-10-04T23:00:39.811782+00:00,nfl,2026,4,401872974,401872974296,1,10:51,"(Shotgun) A.Jones left guard to MIA 33 for 5 yards (J.Phillips; J.Rodriguez).PENALTY on MIA-C.Robinson, Defensive Offside, 5 yards, enforced at MIA 38 - No Play.",1,10,MIA 38,62,0,Minnesota Vikings,Miami Dolphins,0,0,99.9,0.1,213.0,126.0,339.0,77.0,121.0,198.0,game,Spread,Minnesota Vikings,,-5.5,polymarket,1566.0,—,—,,0,,miss,,,,—,,
2026-10-04T23:00:39.811782+00:00,nfl,2026,4,401872974,401872974296,1,10:51,"(Shotgun) A.Jones left guard to MIA 33 for 5 yards (J.Phillips; J.Rodriguez).PENALTY on MIA-C.Robinson, Defensive Offside, 5 yards, enforced at MIA 38 - No Play.",1,10,MIA 38,62,0,Minnesota Vikings,Miami Dolphins,0,0,99.9,0.1,213.0,126.0,339.0,77.0,121.0,198.0,game,Total,Over,,32.5,kalshi,3233.0,—,—,,0.0,,miss,,,,—,,
2026-10-04T23:00:39.811782+00:00,nfl,2026,4,401872974,401872974296,1,10:51,"(Shotgun) A.Jones left guard to MIA 33 for 5 yards (J.Phillips; J.Rodriguez).PENALTY on MIA-C.Robinson, Defensive Offside, 5 yards, enforced at MIA 38 - No Play.",1,10,MIA 38,62,0,Minnesota Vikings,Miami Dolphins,0,0,99.9,0.1,213.0,126.0,339.0,77.0,121.0,198.0,game,Total,,,32.5,,,—,—,,0.0,,hit,,,,—,,
2026-10-04T23:00:39.811782+00:00,nfl,2026,4,401872974,401872974296,1,10:51,"(Shotgun) A.Jones left guard to MIA 33 for 5 yards (J.Phillips; J.Rodriguez).PENALTY on MIA-C.Robinson, Defensive Offside, 5 yards, enforced at MIA 38 - No Play.",1,10,MIA 38,62,0,Minnesota Vikings,Miami Dolphins,0,0,99.9,0.1,213.0,126.0,339.0,77.0,121.0,198.0,game,ML,Miami Dolphins,,,betfair,9678.0,—,—,,Loss,,miss,,,,—,,
2026-10-04T23:00:39.811782+00:00,nfl,2026,4,401872974,401872974349,1,10:30,K.Murray scrambles right end to MIA 25 for 8 yards (D.Trader).,1,5,MIA 33,67,0,Minnesota Vikings,Miami Dolphins,0,0,99.9,0.1,213.0,126.0,339.0,77.0,121.0,198.0,game,Spread,Minnesota Vikings,,5.5,polymarket,1566.0,—,—,,0,,hit,,,,—,,
2026-10-04T23:00:39.811782+00:00,nfl,2026,4,401872974,401872974349,1,10:30,K.Murray scrambles right end to MIA 25 for 8 yards (D.Trader).,1,5,MIA 33,67,0,Minnesota Vikings,Miami Dolphins,0,0,99.9,0.1,213.0,126.0,339.0,77.0,121.0,198.0,game,Spread,Minnesota Vikings,,-5.5,polymarket,1566.0,—,—,,0,,miss,,,,—,,
2026-10-04T23:00:39.811782+00:00,nfl,2026,4,401872974,401872974349,1,10:30,K.Murray scrambles right end to MIA 25 for 8 yards (D.Trader).,1,5,MIA 33,67,0,Minnesota Vikings,Miami Dolphins,0,0,99.9,0.1,213.0,126.0,339.0,77.0,121.0,198.0,game,Total,Over,,32.5,kalshi,3233.0,—,—,,0.0,,miss,,,,—,,
2026-10-04T23:00:39.811782+00:00,nfl,2026,4,401872974,401872974349,1,10:30,K.Murray scrambles right end to MIA 25 for 8 yards (D.Trader).,1,5,MIA 33,67,0,Minnesota Vikings,Miami Dolphins,0,0,99.9,0.1,213.0,126.0,339.0,77.0,121.0,198.0,game,Total,,,32.5,,,—,—,,0.0,,hit,,,,—,,
2026-10-04T23:00:39.811782+00:00,nfl,2026,4,401872974,401872974349,1,10:30,K.Murray scrambles right end to MIA 25 for 8 yards (D.Trader).,1,5,MIA 33,67,0,Minnesota Vikings,Miami Dolphins,0,0,99.9,0.1,213.0,126.0,339.0,77.0,121.0,198.0,game,ML,Miami Dolphins,,,betfair,9678.0,—,—,,Loss,,miss,,,,—,,
2026-10-04T23:00:39.811782+00:00,nfl,2026,4,401872974,401872974371,1,9:48,(Shotgun) K.Murray pass incomplete short middle to A.Jones.,1,10,MIA 25,75,0,Minnesota Vikings,Miami Dolphins,0,0,99.9,0.1,213.0,126.0,339.0,77.0,121.0,198.0,game,Spread,Minnesota Vikings,,5.5,polymarket,1566.0,—,—,,0,,hit,,,,—,,
2026-10-04T23:00:39.811782+00:00,nfl,2026,4,401872974,401872974371,1,9:48,(Shotgun) K.Murray pass incomplete short middle to A.Jones.,1,10,MIA 25,75,0,Minnesota Vikings,Miami Dolphins,0,0,99.9,0.1,213.0,126.0,339.0,77.0,121.0,198.0,game,Spread,Minnesota Vikings,,-5.5,polymarket,1566.0,—,—,,0,,miss,,,,—,,
2026-10-04T23:00:39.811782+00:00,nfl,2026,4,401872974,401872974371,1,9:48,(Shotgun) K.Murray pass incomplete short middle to A.Jones.,1,10,MIA 25,75,0,Minnesota Vikings,Miami Dolphins,0,0,99.9,0.1,213.0,126.0,339.0,77.0,121.0,198.0,game,Total,Over,,32.5,kalshi,3233.0,—,—,,0.0,,miss,,,,—,,
2026-10-04T23:00:39.811782+00:00,nfl,2026,4,401872974,401872974371,1,9:48,(Shotgun) K.Murray pass incomplete short middle to A.Jones.,1,10,MIA 25,75,0,Minnesota Vikings,Miami Dolphins,0,0,99.9,0.1,213.0,126.0,339.0,77.0,121.0,198.0,game,Total,,,32.5,,,—,—,,0.0,,hit,,,,—,,
2026-10-04T23:00:39.811782+00:00,nfl,2026,4,401872974,401872974371,1,9:48,(Shotgun) K.Murray pass incomplete short middle to A.Jones.,1,10,MIA 25,75,0,Minnesota Vikings,Miami Dolphins,0,0,99.9,0.1,213.0,126.0,339.0,77.0,121.0,198.0,game,ML,Miami Dolphins,,,betfair,9678.0,—,—,,Loss,,miss,,,,—,,
2026-10-04T23:00:39.811782+00:00,nfl,2026,4,401872974,401872974394,1,9:44,"(Shotgun) A.Jones right guard to MIA 21 for 4 yards (Z.Biggers).PENALTY on MIN-D.Jackson, Offensive Holding, 10 yards, enforced at MIA 23.",2,10,MIA 25,75,0,Minnesota Vikings,Miami Dolphins,0,0,99.9,0.1,213.0,126.0,339.0,77.0,121.0,198.0,game,Spread,Minnesota Vikings,,5.5,polymarket,1566.0,—,—,,0,,hit,,,,—,,
2026-10-04T23:00:39.811782+00:00,nfl,2026,4,401872974,401872974394,1,9:44,"(Shotgun) A.Jones right guard to MIA 21 for 4 yards (Z.Biggers).PENALTY on MIN-D.Jackson, Offensive Holding, 10 yards, enforced at MIA 23.",2,10,MIA 25,75,0,Minnesota Vikings,Miami Dolphins,0,0,99.9,0.1,213.0,126.0,339.0,77.0,121.0,198.0,game,Spread,Minnesota Vikings,,-5.5,polymarket,1566.0,—,—,,0,,miss,,,,—,,
2026-10-04T23:00:39.811782+00:00,nfl,2026,4,401872974,401872974394,1,9:44,"(Shotgun) A.Jones right guard to MIA 21 for 4 yards (Z.Biggers).PENALTY on MIN-D.Jackson, Offensive Holding, 10 yards, enforced at MIA 23.",2,10,MIA 25,75,0,Minnesota Vikings,Miami Dolphins,0,0,99.9,0.1,213.0,126.0,339.0,77.0,121.0,198.0,game,Total,Over,,32.5,kalshi,3233.0,—,—,,0.0,,miss,,,,—,,
2026-10-04T23:00:39.811782+00:00,nfl,2026,4,401872974,401872974394,1,9:44,"(Shotgun) A.Jones right guard to MIA 21 for 4 yards (Z.Biggers).PENALTY on MIN-D.Jackson, Offensive Holding, 10 yards, enforced at MIA 23.",2,10,MIA 25,75,0,Minnesota Vikings,Miami Dolphins,0,0,99.9,0.1,213.0,126.0,339.0,77.0,121.0,198.0,game,Total,,,32.5,,,—,—,,0.0,,hit,,,,—,,
2026-10-04T23:00:39.811782+00:00,nfl,2026,4,401872974,401872974394,1,9:44,"(Shotgun) A.Jones right guard to MIA 21 for 4 yards (Z.Biggers).PENALTY on MIN-D.Jackson, Offensive Holding, 10 yards, enforced at MIA 23.",2,10,MIA 25,75,0,Minnesota Vikings,Miami Dolphins,0,0,99.9,0.1,213.0,126.0,339.0,77.0,121.0,198.0,game,ML,Miami Dolphins,,,betfair,9678.0,—,—,,Loss,,miss,,,,—,,
2026-10-04T23:00:39.811782+00:00,nfl,2026,4,401872974,401872974427,1,9:30,"(Shotgun) PENALTY on MIN-B.O'Neill, False Start, 5 yards, enforced at MIA 33 - No Play.",2,18,MIA 33,67,0,Minnesota Vikings,Miami Dolphins,0,0,99.9,0.1,213.0,126.0,339.0,77.0,121.0,198.0,game,Spread,Minnesota Vikings,,5.5,polymarket,1566.0,—,—,,0,,hit,,,,—,,
2026-10-04T23:00:39.811782+00:00,nfl,2026,4,401872974,401872974427,1,9:30,"(Shotgun) PENALTY on MIN-B.O'Neill, False Start, 5 yards, enforced at MIA 33 - No Play.",2,18,MIA 33,67,0,Minnesota Vikings,Miami Dolphins,0,0,99.9,0.1,213.0,126.0,339.0,77.0,121.0,198.0,game,Spread,Minnesota Vikings,,-5.5,polymarket,1566.0,—,—,,0,,miss,,,,—,,
2026-10-04T23:00:39.811782+00:00,nfl,2026,4,401872974,401872974427,1,9:30,"(Shotgun) PENALTY on MIN-B.O'Neill, False Start, 5 yards, enforced at MIA 33 - No Play.",2,18,MIA 33,67,0,Minnesota Vikings,Miami Dolphins,0,0,99.9,0.1,213.0,126.0,339.0,77.0,121.0,198.0,game,Total,Over,,32.5,kalshi,3233.0,—,—,,0.0,,miss,,,,—,,
2026-10-04T23:00:39.811782+00:00,nfl,2026,4,401872974,401872974427,1,9:30,"(Shotgun) PENALTY on MIN-B.O'Neill, False Start, 5 yards, enforced at MIA 33 - No Play.",2,18,MIA 33,67,0,Minnesota Vikings,Miami Dolphins,0,0,99.9,0.1,213.0,126.0,339.0,77.0,121.0,198.0,game,Total,,,32.5,,,—,—,,0.0,,hit,,,,—,,
2026-10-04T23:00:39.811782+00:00,nfl,2026,4,401872974,401872974427,1,9:30,"(Shotgun) PENALTY on MIN-B.O'Neill, False Start, 5 yards, enforced at MIA 33 - No Play.",2,18,MIA 33,67,0,Minnesota Vikings,Miami Dolphins,0,0,99.9,0.1,213.0,126.0,339.0,77.0,121.0,198.0,game,ML,Miami Dolphins,,,betfair,9678.0,—,—,,Loss,,miss,,,,—,,
2026-10-04T23:00:39.811782+00:00,nfl,2026,4,401872974,401872974451,1,9:19,(Shotgun) K.Murray pass short middle to J.Jennings to MIA 30 for 8 yards (J.Rodriguez).,2,23,MIA 38,62,0,Minnesota Vikings,Miami Dolphins,0,0,99.9,0.1,213.0,126.0,339.0,77.0,121.0,198.0,game,Spread,Minnesota Vikings,,5.5,polymarket,1566.0,—,—,,0,,hit,,,,—,,
2026-10-04T23:00:39.811782+00:00,nfl,2026,4,401872974,401872974451,1,9:19,(Shotgun) K.Murray pass short middle to J.Jennings to MIA 30 for 8 yards (J.Rodriguez).,2,23,MIA 38,62,0,Minnesota Vikings,Miami Dolphins,0,0,99.9,0.1,213.0,126.0,339.0,77.0,121.0,198.0,game,Spread,Minnesota Vikings,,-5.5,polymarket,1566.0,—,—,,0,,miss,,,,—,,
2026-10-04T23:00:39.811782+00:00,nfl,2026,4,401872974,401872974451,1,9:19,(Shotgun) K.Murray pass short middle to J.Jennings to MIA 30 for 8 yards (J.Rodriguez).,2,23,MIA 38,62,0,Minnesota Vikings,Miami Dolphins,0,0,99.9,0.1,213.0,126.0,339.0,77.0,121.0,198.0,game,Total,Over,,32.5,kalshi,3233.0,—,—,,0.0,,miss,,,,—,,
2026-10-04T23:00:39.811782+00:00,nfl,2026,4,401872974,401872974451,1,9:19,(Shotgun) K.Murray pass short middle to J.Jennings to MIA 30 for 8 yards (J.Rodriguez).,2,23,MIA 38,62,0,Minnesota Vikings,Miami Dolphins,0,0,99.9,0.1,213.0,126.0,339.0,77.0,121.0,198.0,game,Total,,,32.5,,,—,—,,0.0,,hit,,,,—,,
2026-10-04T23:00:39.811782+00:00,nfl,2026,4,401872974,401872974451,1,9:19,(Shotgun) K.Murray pass short middle to J.Jennings to MIA 30 for 8 yards (J.Rodriguez).,2,23,MIA 38,62,0,Minnesota Vikings,Miami Dolphins,0,0,99.9,0.1,213.0,126.0,339.0,77.0,121.0,198.0,game,ML,Miami Dolphins,,,betfair,9678.0,—,—,,Loss,,miss,,,,—,,
2026-10-04T23:00:39.811782+00:00,nfl,2026,4,401872974,401872974476,1,8:41,(Shotgun) K.Murray pass short left to M.Price to MIA 29 for 1 yard (J.Brents; J.Rodriguez).,3,15,MIA 30,70,0,Minnesota Vikings,Miami Dolphins,0,0,99.9,0.1,213.0,126.0,339.0,77.0,121.0,198.0,game,Spread,Minnesota Vikings,,5.5,polymarket,1566.0,—,—,,0,,hit,,,,—,,
2026-10-04T23:00:39.811782+00:00,nfl,2026,4,401872974,401872974476,1,8:41,(Shotgun) K.Murray pass short left to M.Price to MIA 29 for 1 yard (J.Brents; J.Rodriguez).,3,15,MIA 30,70,0,Minnesota Vikings,Miami Dolphins,0,0,99.9,0.1,213.0,126.0,339.0,77.0,121.0,198.0,game,Spread,Minnesota Vikings,,-5.5,polymarket,1566.0,—,—,,0,,miss,,,,—,,
2026-10-04T23:00:39.811782+00:00,nfl,2026,4,401872974,401872974476,1,8:41,(Shotgun) K.Murray pass short left to M.Price to MIA 29 for 1 yard (J.Brents; J.Rodriguez).,3,15,MIA 30,70,0,Minnesota Vikings,Miami Dolphins,0,0,99.9,0.1,213.0,126.0,339.0,77.0,121.0,198.0,game,Total,Over,,32.5,kalshi,3233.0,—,—,,0.0,,miss,,,,—,,
2026-10-04T23:00:39.811782+00:00,nfl,2026,4,401872974,401872974476,1,8:41,(Shotgun) K.Murray pass short left to M.Price to MIA 29 for 1 yard (J.Brents; J.Rodriguez).,3,15,MIA 30,70,0,Minnesota Vikings,Miami Dolphins,0,0,99.9,0.1,213.0,126.0,339.0,77.0,121.0,198.0,game,Total,,,32.5,,,—,—,,0.0,,hit,,,,—,,
2026-10-04T23:00:39.811782+00:00,nfl,2026,4,401872974,401872974476,1,8:41,(Shotgun) K.Murray pass short left to M.Price to MIA 29 for 1 yard (J.Brents; J.Rodriguez).,3,15,MIA 30,70,0,Minnesota Vikings,Miami Dolphins,0,0,99.9,0.1,213.0,126.0,339.0,77.0,121.0,198.0,game,ML,Miami Dolphins,,,betfair,9678.0,—,—,,Loss,,miss,,,,—,,
2026-10-04T23:00:39.811782+00:00,nfl,2026,4,401872974,401872974511,1,7:54,Official Timeout at 07:54.,-1,2,MIN 35,35,3,Minnesota Vikings,Miami Dolphins,3,0,99.9,0.1,213.0,126.0,339.0,77.0,121.0,198.0,game,Spread,Minnesota Vikings,,5.5,polymarket,1566.0,—,—,,+3,,hit,,,,—,,
2026-10-04T23:00:39.811782+00:00,nfl,2026,4,401872974,401872974511,1,7:54,Official Timeout at 07:54.,-1,2,MIN 35,35,3,Minnesota Vikings,Miami Dolphins,3,0,99.9,0.1,213.0,126.0,339.0,77.0,121.0,198.0,game,Spread,Minnesota Vikings,,-5.5,polymarket,1566.0,—,—,,+3,,miss,,,,—,,
2026-10-04T23:00:39.811782+00:00,nfl,2026,4,401872974,401872974511,1,7:54,Official Timeout at 07:54.,-1,2,MIN 35,35,3,Minnesota Vikings,Miami Dolphins,3,0,99.9,0.1,213.0,126.0,339.0,77.0,121.0,198.0,game,Total,Over,,32.5,kalshi,3233.0,—,—,,3.0,,miss,,,,—,,
2026-10-04T23:00:39.811782+00:00,nfl,2026,4,401872974,401872974511,1,7:54,Official Timeout at 07:54.,-1,2,MIN 35,35,3,Minnesota Vikings,Miami Dolphins,3,0,99.9,0.1,213.0,126.0,339.0,77.0,121.0,198.0,game,Total,,,32.5,,,—,—,,3.0,,hit,,,,—,,
2026-10-04T23:00:39.811782+00:00,nfl,2026,4,401872974,401872974511,1,7:54,Official Timeout at 07:54.,-1,2,MIN 35,35,3,Minnesota Vikings,Miami Dolphins,3,0,99.9,0.1,213.0,126.0,339.0,77.0,121.0,198.0,game,ML,Miami Dolphins,,,betfair,9678.0,—,—,,Loss,,miss,,,,—,,
2026-10-04T23:00:39.811782+00:00,nfl,2026,4,401872974,401872974501,1,7:54,"W.Reichard 47 yard field goal is GOOD, Center-A.DePaola, Holder-J.Hekker.",4,14,MIA 29,71,3,Minnesota Vikings,Miami Dolphins,3,0,99.9,0.1,213.0,126.0,339.0,77.0,121.0,198.0,game,Spread,Minnesota Vikings,,5.5,polymarket,1566.0,—,—,,+3,,hit,,,,—,,
2026-10-04T23:00:39.811782+00:00,nfl,2026,4,401872974,401872974501,1,7:54,"W.Reichard 47 yard field goal is GOOD, Center-A.DePaola, Holder-J.Hekker.",4,14,MIA 29,71,3,Minnesota Vikings,Miami Dolphins,3,0,99.9,0.1,213.0,126.0,339.0,77.0,121.0,198.0,game,Spread,Minnesota Vikings,,-5.5,polymarket,1566.0,—,—,,+3,,miss,,,,—,,
2026-10-04T23:00:39.811782+00:00,nfl,2026,4,401872974,401872974501,1,7:54,"W.Reichard 47 yard field goal is GOOD, Center-A.DePaola, Holder-J.Hekker.",4,14,MIA 29,71,3,Minnesota Vikings,Miami Dolphins,3,0,99.9,0.1,213.0,126.0,339.0,77.0,121.0,198.0,game,Total,Over,,32.5,kalshi,3233.0,—,—,,3.0,,miss,,,,—,,
2026-10-04T23:00:39.811782+00:00,nfl,2026,4,401872974,401872974501,1,7:54,"W.Reichard 47 yard field goal is GOOD, Center-A.DePaola, Holder-J.Hekker.",4,14,MIA 29,71,3,Minnesota Vikings,Miami Dolphins,3,0,99.9,0.1,213.0,126.0,339.0,77.0,121.0,198.0,game,Total,,,32.5,,,—,—,,3.0,,hit,,,,—,,
2026-10-04T23:00:39.811782+00:00,nfl,2026,4,401872974,401872974501,1,7:54,"W.Reichard 47 yard field goal is GOOD, Center-A.DePaola, Holder-J.Hekker.",4,14,MIA 29,71,3,Minnesota Vikings,Miami Dolphins,3,0,99.9,0.1,213.0,126.0,339.0,77.0,121.0,198.0,game,ML,Miami Dolphins,,,betfair,9678.0,—,—,,Loss,,miss,,,,—,,
2026-10-04T23:00:39.811782+00:00,nfl,2026,4,401872974,401872974521,1,7:54,"W.Reichard kicks 64 yards from MIN 35 to MIA 1. J.Wright MUFFS catch, and recovers at MIA 2. J.Wright to MIA 23 for 21 yards (J.Ward; J.Jones).
PENALTY on MIA-R.McGraw, Illegal Formation, 5 yards, enforced at MIA 23.",1,2,MIA 2,35,3,Minnesota Vikings,Miami Dolphins,3,0,99.9,0.1,213.0,126.0,339.0,77.0,121.0,198.0,game,Spread,Minnesota Vikings,,5.5,polymarket,1566.0,—,—,,+3,,hit,,,,—,,
2026-10-04T23:00:39.811782+00:00,nfl,2026,4,401872974,401872974521,1,7:54,"W.Reichard kicks 64 yards from MIN 35 to MIA 1. J.Wright MUFFS catch, and recovers at MIA 2. J.Wright to MIA 23 for 21 yards (J.Ward; J.Jones).
PENALTY on MIA-R.McGraw, Illegal Formation, 5 yards, enforced at MIA 23.",1,2,MIA 2,35,3,Minnesota Vikings,Miami Dolphins,3,0,99.9,0.1,213.0,126.0,339.0,77.0,121.0,198.0,game,Spread,Minnesota Vikings,,-5.5,polymarket,1566.0,—,—,,+3,,miss,,,,—,,
2026-10-04T23:00:39.811782+00:00,nfl,2026,4,401872974,401872974521,1,7:54,"W.Reichard kicks 64 yards from MIN 35 to MIA 1. J.Wright MUFFS catch, and recovers at MIA 2. J.Wright to MIA 23 for 21 yards (J.Ward; J.Jones).
PENALTY on MIA-R.McGraw, Illegal Formation, 5 yards, enforced at MIA 23.",1,2,MIA 2,35,3,Minnesota Vikings,Miami Dolphins,3,0,99.9,0.1,213.0,126.0,339.0,77.0,121.0,198.0,game,Total,Over,,32.5,kalshi,3233.0,—,—,,3.0,,miss,,,,—,,
2026-10-04T23:00:39.811782+00:00,nfl,2026,4,401872974,401872974521,1,7:54,"W.Reichard kicks 64 yards from MIN 35 to MIA 1. J.Wright MUFFS catch, and recovers at MIA 2. J.Wright to MIA 23 for 21 yards (J.Ward; J.Jones).
PENALTY on MIA-R.McGraw, Illegal Formation, 5 yards, enforced at MIA 23.",1,2,MIA 2,35,3,Minnesota Vikings,Miami Dolphins,3,0,99.9,0.1,213.0,126.0,339.0,77.0,121.0,198.0,game,Total,,,32.5,,,—,—,,3.0,,hit,,,,—,,
2026-10-04T23:00:39.811782+00:00,nfl,2026,4,401872974,401872974521,1,7:54,"W.Reichard kicks 64 yards from MIN 35 to MIA 1. J.Wright MUFFS catch, and recovers at MIA 2. J.Wright to MIA 23 for 21 yards (J.Ward; J.Jones).
PENALTY on MIA-R.McGraw, Illegal Formation, 5 yards, enforced at MIA 23.",1,2,MIA 2,35,3,Minnesota Vikings,Miami Dolphins,3,0,99.9,0.1,213.0,126.0,339.0,77.0,121.0,198.0,game,ML,Miami Dolphins,,,betfair,9678.0,—,—,,Loss,,miss,,,,—,,
2026-10-04T23:00:39.811782+00:00,nfl,2026,4,401872974,401872974556,1,7:49,M.Willis pass short right to K.Coleman pushed ob at MIA 21 for 3 yards (J.Metellus).,1,10,MIA 18,82,3,Minnesota Vikings,Miami Dolphins,3,0,99.9,0.1,213.0,126.0,339.0,77.0,121.0,198.0,game,Spread,Minnesota Vikings,,5.5,polymarket,1566.0,—,—,,+3,,hit,,,,—,,
2026-10-04T23:00:39.811782+00:00,nfl,2026,4,401872974,401872974556,1,7:49,M.Willis pass short right to K.Coleman pushed ob at MIA 21 for 3 yards (J.Metellus).,1,10,MIA 18,82,3,Minnesota Vikings,Miami Dolphins,3,0,99.9,0.1,213.0,126.0,339.0,77.0,121.0,198.0,game,Spread,Minnesota Vikings,,-5.5,polymarket,1566.0,—,—,,+3,,miss,,,,—,,
2026-10-04T23:00:39.811782+00:00,nfl,2026,4,401872974,401872974556,1,7:49,M.Willis pass short right to K.Coleman pushed ob at MIA 21 for 3 yards (J.Metellus).,1,10,MIA 18,82,3,Minnesota Vikings,Miami Dolphins,3,0,99.9,0.1,213.0,126.0,339.0,77.0,121.0,198.0,game,Total,Over,,32.5,kalshi,3233.0,—,—,,3.0,,miss,,,,—,,
2026-10-04T23:00:39.811782+00:00,nfl,2026,4,401872974,401872974556,1,7:49,M.Willis pass short right to K.Coleman pushed ob at MIA 21 for 3 yards (J.Metellus).,1,10,MIA 18,82,3,Minnesota Vikings,Miami Dolphins,3,0,99.9,0.1,213.0,126.0,339.0,77.0,121.0,198.0,game,Total,,,32.5,,,—,—,,3.0,,hit,,,,—,,
2026-10-04T23:00:39.811782+00:00,nfl,2026,4,401872974,401872974556,1,7:49,M.Willis pass short right to K.Coleman pushed ob at MIA 21 for 3 yards (J.Metellus).,1,10,MIA 18,82,3,Minnesota Vikings,Miami Dolphins,3,0,99.9,0.1,213.0,126.0,339.0,77.0,121.0,198.0,game,ML,Miami Dolphins,,,betfair,9678.0,—,—,,Loss,,miss,,,,—,,
2026-10-04T23:00:39.811782+00:00,nfl,2026,4,401872974,401872974593,1,7:18,O.Gordon up the middle to MIA 33 for 12 yards (T.Jackson; B.Cashman).,2,7,MIA 21,79,3,Minnesota Vikings,Miami Dolphins,3,0,99.9,0.1,213.0,126.0,339.0,77.0,121.0,198.0,game,Spread,Minnesota Vikings,,5.5,polymarket,1566.0,—,—,,+3,,hit,,,,—,,
2026-10-04T23:00:39.811782+00:00,nfl,2026,4,401872974,401872974593,1,7:18,O.Gordon up the middle to MIA 33 for 12 yards (T.Jackson; B.Cashman).,2,7,MIA 21,79,3,Minnesota Vikings,Miami Dolphins,3,0,99.9,0.1,213.0,126.0,339.0,77.0,121.0,198.0,game,Spread,Minnesota Vikings,,-5.5,polymarket,1566.0,—,—,,+3,,miss,,,,—,,
2026-10-04T23:00:39.811782+00:00,nfl,2026,4,401872974,401872974593,1,7:18,O.Gordon up the middle to MIA 33 for 12 yards (T.Jackson; B.Cashman).,2,7,MIA 21,79,3,Minnesota Vikings,Miami Dolphins,3,0,99.9,0.1,213.0,126.0,339.0,77.0,121.0,198.0,game,Total,Over,,32.5,kalshi,3233.0,—,—,,3.0,,miss,,,,—,,
2026-10-04T23:00:39.811782+00:00,nfl,2026,4,401872974,401872974593,1,7:18,O.Gordon up the middle to MIA 33 for 12 yards (T.Jackson; B.Cashman).,2,7,MIA 21,79,3,Minnesota Vikings,Miami Dolphins,3,0,99.9,0.1,213.0,126.0,339.0,77.0,121.0,198.0,game,Total,,,32.5,,,—,—,,3.0,,hit,,,,—,,
2026-10-04T23:00:39.811782+00:00,nfl,2026,4,401872974,401872974593,1,7:18,O.Gordon up the middle to MIA 33 for 12 yards (T.Jackson; B.Cashman).,2,7,MIA 21,79,3,Minnesota Vikings,Miami Dolphins,3,0,99.9,0.1,213.0,126.0,339.0,77.0,121.0,198.0,game,ML,Miami Dolphins,,,betfair,9678.0,—,—,,Loss,,miss,,,,—,,
2026-10-04T23:00:39.811782+00:00,nfl,2026,4,401872974,401872974615,1,6:38,(Shotgun) M.Willis pass short left to O.Gordon to MIA 33 for no gain (J.Golday) [D.Turner].,1,10,MIA 33,67,3,Minnesota Vikings,Miami Dolphins,3,0,99.9,0.1,213.0,126.0,339.0,77.0,121.0,198.0,game,Spread,Minnesota Vikings,,5.5,polymarket,1566.0,—,—,,+3,,hit,,,,—,,
2026-10-04T23:00:39.811782+00:00,nfl,2026,4,401872974,401872974615,1,6:38,(Shotgun) M.Willis pass short left to O.Gordon to MIA 33 for no gain (J.Golday) [D.Turner].,1,10,MIA 33,67,3,Minnesota Vikings,Miami Dolphins,3,0,99.9,0.1,213.0,126.0,339.0,77.0,121.0,198.0,game,Spread,Minnesota Vikings,,-5.5,polymarket,1566.0,—,—,,+3,,miss,,,,—,,
2026-10-04T23:00:39.811782+00:00,nfl,2026,4,401872974,401872974615,1,6:38,(Shotgun) M.Willis pass short left to O.Gordon to MIA 33 for no gain (J.Golday) [D.Turner].,1,10,MIA 33,67,3,Minnesota Vikings,Miami Dolphins,3,0,99.9,0.1,213.0,126.0,339.0,77.0,121.0,198.0,game,Total,Over,,32.5,kalshi,3233.0,—,—,,3.0,,miss,,,,—,,
2026-10-04T23:00:39.811782+00:00,nfl,2026,4,401872974,401872974615,1,6:38,(Shotgun) M.Willis pass short left to O.Gordon to MIA 33 for no gain (J.Golday) [D.Turner].,1,10,MIA 33,67,3,Minnesota Vikings,Miami Dolphins,3,0,99.9,0.1,213.0,126.0,339.0,77.0,121.0,198.0,game,Total,,,32.5,,,—,—,,3.0,,hit,,,,—,,
2026-10-04T23:00:39.811782+00:00,nfl,2026,4,401872974,401872974615,1,6:38,(Shotgun) M.Willis pass short left to O.Gordon to MIA 33 for no gain (J.Golday) [D.Turner].,1,10,MIA 33,67,3,Minnesota Vikings,Miami Dolphins,3,0,99.9,0.1,213.0,126.0,339.0,77.0,121.0,198.0,game,ML,Miami Dolphins,,,betfair,9678.0,—,—,,Loss,,miss,,,,—,,
2026-10-04T23:00:39.811782+00:00,nfl,2026,4,401872974,401872974640,1,5:55,"(5:55) (Shotgun) M.Willis pass short left to O.Gordon pushed ob at MIA 33 for no gain (B.Cashman; E.Wilson).
Penalty on MIA-P.Paul, Offensive Holding, declined.",2,10,MIA 33,67,3,Minnesota Vikings,Miami Dolphins,3,0,99.9,0.1,213.0,126.0,339.0,77.0,121.0,198.0,game,Spread,Minnesota Vikings,,5.5,polymarket,1566.0,—,—,,+3,,hit,,,,—,,
2026-10-04T23:00:39.811782+00:00,nfl,2026,4,401872974,401872974640,1,5:55,"(5:55) (Shotgun) M.Willis pass short left to O.Gordon pushed ob at MIA 33 for no gain (B.Cashman; E.Wilson).
Penalty on MIA-P.Paul, Offensive Holding, declined.",2,10,MIA 33,67,3,Minnesota Vikings,Miami Dolphins,3,0,99.9,0.1,213.0,126.0,339.0,77.0,121.0,198.0,game,Spread,Minnesota Vikings,,-5.5,polymarket,1566.0,—,—,,+3,,miss,,,,—,,
2026-10-04T23:00:39.811782+00:00,nfl,2026,4,401872974,401872974640,1,5:55,"(5:55) (Shotgun) M.Willis pass short left to O.Gordon pushed ob at MIA 33 for no gain (B.Cashman; E.Wilson).
Penalty on MIA-P.Paul, Offensive Holding, declined.",2,10,MIA 33,67,3,Minnesota Vikings,Miami Dolphins,3,0,99.9,0.1,213.0,126.0,339.0,77.0,121.0,198.0,game,Total,Over,,32.5,kalshi,3233.0,—,—,,3.0,,miss,,,,—,,
2026-10-04T23:00:39.811782+00:00,nfl,2026,4,401872974,401872974640,1,5:55,"(5:55) (Shotgun) M.Willis pass short left to O.Gordon pushed ob at MIA 33 for no gain (B.Cashman; E.Wilson).
Penalty on MIA-P.Paul, Offensive Holding, declined.",2,10,MIA 33,67,3,Minnesota Vikings,Miami Dolphins,3,0,99.9,0.1,213.0,126.0,339.0,77.0,121.0,198.0,game,Total,,,32.5,,,—,—,,3.0,,hit,,,,—,,
2026-10-04T23:00:39.811782+00:00,nfl,2026,4,401872974,401872974640,1,5:55,"(5:55) (Shotgun) M.Willis pass short left to O.Gordon pushed ob at MIA 33 for no gain (B.Cashman; E.Wilson).
Penalty on MIA-P.Paul, Offensive Holding, declined.",2,10,MIA 33,67,3,Minnesota Vikings,Miami Dolphins,3,0,99.9,0.1,213.0,126.0,339.0,77.0,121.0,198.0,game,ML,Miami Dolphins,,,betfair,9678.0,—,—,,Loss,,miss,,,,—,,
2026-10-04T23:00:39.811782+00:00,nfl,2026,4,401872974,401872974681,1,5:30,"(Shotgun) PENALTY on MIN-D.Turner, Neutral Zone Infraction, 5 yards, enforced at MIA 33 - No Play.",3,10,MIA 33,67,3,Minnesota Vikings,Miami Dolphins,3,0,99.9,0.1,213.0,126.0,339.0,77.0,121.0,198.0,game,Spread,Minnesota Vikings,,5.5,polymarket,1566.0,—,—,,+3,,hit,,,,—,,
2026-10-04T23:00:39.811782+00:00,nfl,2026,4,401872974,401872974681,1,5:30,"(Shotgun) PENALTY on MIN-D.Turner, Neutral Zone Infraction, 5 yards, enforced at MIA 33 - No Play.",3,10,MIA 33,67,3,Minnesota Vikings,Miami Dolphins,3,0,99.9,0.1,213.0,126.0,339.0,77.0,121.0,198.0,game,Spread,Minnesota Vikings,,-5.5,polymarket,1566.0,—,—,,+3,,miss,,,,—,,
2026-10-04T23:00:39.811782+00:00,nfl,2026,4,401872974,401872974681,1,5:30,"(Shotgun) PENALTY on MIN-D.Turner, Neutral Zone Infraction, 5 yards, enforced at MIA 33 - No Play.",3,10,MIA 33,67,3,Minnesota Vikings,Miami Dolphins,3,0,99.9,0.1,213.0,126.0,339.0,77.0,121.0,198.0,game,Total,Over,,32.5,kalshi,3233.0,—,—,,3.0,,miss,,,,—,,
2026-10-04T23:00:39.811782+00:00,nfl,2026,4,401872974,401872974681,1,5:30,"(Shotgun) PENALTY on MIN-D.Turner, Neutral Zone Infraction, 5 yards, enforced at MIA 33 - No Play.",3,10,MIA 33,67,3,Minnesota Vikings,Miami Dolphins,3,0,99.9,0.1,213.0,126.0,339.0,77.0,121.0,198.0,game,Total,,,32.5,,,—,—,,3.0,,hit,,,,—,,
2026-10-04T23:00:39.811782+00:00,nfl,2026,4,401872974,401872974681,1,5:30,"(Shotgun) PENALTY on MIN-D.Turner, Neutral Zone Infraction, 5 yards, enforced at MIA 33 - No Play.",3,10,MIA 33,67,3,Minnesota Vikings,Miami Dolphins,3,0,99.9,0.1,213.0,126.0,339.0,77.0,121.0,198.0,game,ML,Miami Dolphins,,,betfair,9678.0,—,—,,Loss,,miss,,,,—,,
2026-10-04T23:00:39.811782+00:00,nfl,2026,4,401872974,401872974705,1,5:13,(Shotgun) M.Willis scrambles up the middle to MIA 46 for 8 yards (J.Metellus; H.Smith).,3,5,MIA 38,62,3,Minnesota Vikings,Miami Dolphins,3,0,99.9,0.1,213.0,126.0,339.0,77.0,121.0,198.0,game,Spread,Minnesota Vikings,,5.5,polymarket,1566.0,—,—,,+3,,hit,,,,—,,
2026-10-04T23:00:39.811782+00:00,nfl,2026,4,401872974,401872974705,1,5:13,(Shotgun) M.Willis scrambles up the middle to MIA 46 for 8 yards (J.Metellus; H.Smith).,3,5,MIA 38,62,3,Minnesota Vikings,Miami Dolphins,3,0,99.9,0.1,213.0,126.0,339.0,77.0,121.0,198.0,game,Spread,Minnesota Vikings,,-5.5,polymarket,1566.0,—,—,,+3,,miss,,,,—,,
2026-10-04T23:00:39.811782+00:00,nfl,2026,4,401872974,401872974705,1,5:13,(Shotgun) M.Willis scrambles up the middle to MIA 46 for 8 yards (J.Metellus; H.Smith).,3,5,MIA 38,62,3,Minnesota Vikings,Miami Dolphins,3,0,99.9,0.1,213.0,126.0,339.0,77.0,121.0,198.0,game,Total,Over,,32.5,kalshi,3233.0,—,—,,3.0,,miss,,,,—,,
2026-10-04T23:00:39.811782+00:00,nfl,2026,4,401872974,401872974705,1,5:13,(Shotgun) M.Willis scrambles up the middle to MIA 46 for 8 yards (J.Metellus; H.Smith).,3,5,MIA 38,62,3,Minnesota Vikings,Miami Dolphins,3,0,99.9,0.1,213.0,126.0,339.0,77.0,121.0,198.0,game,Total,,,32.5,,,—,—,,3.0,,hit,,,,—,,
2026-10-04T23:00:39.811782+00:00,nfl,2026,4,401872974,401872974705,1,5:13,(Shotgun) M.Willis scrambles up the middle to MIA 46 for 8 yards (J.Metellus; H.Smith).,3,5,MIA 38,62,3,Minnesota Vikings,Miami Dolphins,3,0,99.9,0.1,213.0,126.0,339.0,77.0,121.0,198.0,game,ML,Miami Dolphins,,,betfair,9678.0,—,—,,Loss,,miss,,,,—,,
2026-10-04T23:00:39.811782+00:00,nfl,2026,4,401872974,401872974727,1,4:26,M.Willis pass incomplete deep left to K.Coleman (J.Metellus) [B.Cashman].,1,10,MIA 46,54,3,Minnesota Vikings,Miami Dolphins,3,0,99.9,0.1,213.0,126.0,339.0,77.0,121.0,198.0,game,Spread,Minnesota Vikings,,5.5,polymarket,1566.0,—,—,,+3,,hit,,,,—,,
2026-10-04T23:00:39.811782+00:00,nfl,2026,4,401872974,401872974727,1,4:26,M.Willis pass incomplete deep left to K.Coleman (J.Metellus) [B.Cashman].,1,10,MIA 46,54,3,Minnesota Vikings,Miami Dolphins,3,0,99.9,0.1,213.0,126.0,339.0,77.0,121.0,198.0,game,Spread,Minnesota Vikings,,-5.5,polymarket,1566.0,—,—,,+3,,miss,,,,—,,
2026-10-04T23:00:39.811782+00:00,nfl,2026,4,401872974,401872974727,1,4:26,M.Willis pass incomplete deep left to K.Coleman (J.Metellus) [B.Cashman].,1,10,MIA 46,54,3,Minnesota Vikings,Miami Dolphins,3,0,99.9,0.1,213.0,126.0,339.0,77.0,121.0,198.0,game,Total,Over,,32.5,kalshi,3233.0,—,—,,3.0,,miss,,,,—,,
2026-10-04T23:00:39.811782+00:00,nfl,2026,4,401872974,401872974727,1,4:26,M.Willis pass incomplete deep left to K.Coleman (J.Metellus) [B.Cashman].,1,10,MIA 46,54,3,Minnesota Vikings,Miami Dolphins,3,0,99.9,0.1,213.0,126.0,339.0,77.0,121.0,198.0,game,Total,,,32.5,,,—,—,,3.0,,hit,,,,—,,
2026-10-04T23:00:39.811782+00:00,nfl,2026,4,401872974,401872974727,1,4:26,M.Willis pass incomplete deep left to K.Coleman (J.Metellus) [B.Cashman].,1,10,MIA 46,54,3,Minnesota Vikings,Miami Dolphins,3,0,99.9,0.1,213.0,126.0,339.0,77.0,121.0,198.0,game,ML,Miami Dolphins,,,betfair,9678.0,—,—,,Loss,,miss,,,,—,,
2026-10-04T23:00:39.811782+00:00,nfl,2026,4,401872974,401872974750,1,4:20,"J.Wright left end pushed ob at MIA 46 for no gain (B.Cashman; I.Rodgers).PENALTY on MIA-P.Paul, Offensive Holding, 10 yards, enforced at MIA 46 - No Play.",2,10,MIA 46,54,3,Minnesota Vikings,Miami Dolphins,3,0,99.9,0.1,213.0,126.0,339.0,77.0,121.0,198.0,game,Spread,Minnesota Vikings,,5.5,polymarket,1566.0,—,—,,+3,,hit,,,,—,,
2026-10-04T23:00:39.811782+00:00,nfl,2026,4,401872974,401872974750,1,4:20,"J.Wright left end pushed ob at MIA 46 for no gain (B.Cashman; I.Rodgers).PENALTY on MIA-P.Paul, Offensive Holding, 10 yards, enforced at MIA 46 - No Play.",2,10,MIA 46,54,3,Minnesota Vikings,Miami Dolphins,3,0,99.9,0.1,213.0,126.0,339.0,77.0,121.0,198.0,game,Spread,Minnesota Vikings,,-5.5,polymarket,1566.0,—,—,,+3,,miss,,,,—,,
2026-10-04T23:00:39.811782+00:00,nfl,2026,4,401872974,401872974750,1,4:20,"J.Wright left end pushed ob at MIA 46 for no gain (B.Cashman; I.Rodgers).PENALTY on MIA-P.Paul, Offensive Holding, 10 yards, enforced at MIA 46 - No Play.",2,10,MIA 46,54,3,Minnesota Vikings,Miami Dolphins,3,0,99.9,0.1,213.0,126.0,339.0,77.0,121.0,198.0,game,Total,Over,,32.5,kalshi,3233.0,—,—,,3.0,,miss,,,,—,,
2026-10-04T23:00:39.811782+00:00,nfl,2026,4,401872974,401872974750,1,4:20,"J.Wright left end pushed ob at MIA 46 for no gain (B.Cashman; I.Rodgers).PENALTY on MIA-P.Paul, Offensive Holding, 10 yards, enforced at MIA 46 - No Play.",2,10,MIA 46,54,3,Minnesota Vikings,Miami Dolphins,3,0,99.9,0.1,213.0,126.0,339.0,77.0,121.0,198.0,game,Total,,,32.5,,,—,—,,3.0,,hit,,,,—,,
2026-10-04T23:00:39.811782+00:00,nfl,2026,4,401872974,401872974750,1,4:20,"J.Wright left end pushed ob at MIA 46 for no gain (B.Cashman; I.Rodgers).PENALTY on MIA-P.Paul, Offensive Holding, 10 yards, enforced at MIA 46 - No Play.",2,10,MIA 46,54,3,Minnesota Vikings,Miami Dolphins,3,0,99.9,0.1,213.0,126.0,339.0,77.0,121.0,198.0,game,ML,Miami Dolphins,,,betfair,9678.0,—,—,,Loss,,miss,,,,—,,
2026-10-04T23:00:39.811782+00:00,nfl,2026,4,401872974,401872974783,1,3:56,(Shotgun) M.Willis pass short right to M.Washington pushed ob at MIN 48 for 16 yards (D.Turner).,2,20,MIA 36,64,3,Minnesota Vikings,Miami Dolphins,3,0,99.9,0.1,213.0,126.0,339.0,77.0,121.0,198.0,game,Spread,Minnesota Vikings,,5.5,polymarket,1566.0,—,—,,+3,,hit,,,,—,,
2026-10-04T23:00:39.811782+00:00,nfl,2026,4,401872974,401872974783,1,3:56,(Shotgun) M.Willis pass short right to M.Washington pushed ob at MIN 48 for 16 yards (D.Turner).,2,20,MIA 36,64,3,Minnesota Vikings,Miami Dolphins,3,0,99.9,0.1,213.0,126.0,339.0,77.0,121.0,198.0,game,Spread,Minnesota Vikings,,-5.5,polymarket,1566.0,—,—,,+3,,miss,,,,—,,
2026-10-04T23:00:39.811782+00:00,nfl,2026,4,401872974,401872974783,1,3:56,(Shotgun) M.Willis pass short right to M.Washington pushed ob at MIN 48 for 16 yards (D.Turner).,2,20,MIA 36,64,3,Minnesota Vikings,Miami Dolphins,3,0,99.9,0.1,213.0,126.0,339.0,77.0,121.0,198.0,game,Total,Over,,32.5,kalshi,3233.0,—,—,,3.0,,miss,,,,—,,
2026-10-04T23:00:39.811782+00:00,nfl,2026,4,401872974,401872974783,1,3:56,(Shotgun) M.Willis pass short right to M.Washington pushed ob at MIN 48 for 16 yards (D.Turner).,2,20,MIA 36,64,3,Minnesota Vikings,Miami Dolphins,3,0,99.9,0.1,213.0,126.0,339.0,77.0,121.0,198.0,game,Total,,,32.5,,,—,—,,3.0,,hit,,,,—,,
2026-10-04T23:00:39.811782+00:00,nfl,2026,4,401872974,401872974783,1,3:56,(Shotgun) M.Willis pass short right to M.Washington pushed ob at MIN 48 for 16 yards (D.Turner).,2,20,MIA 36,64,3,Minnesota Vikings,Miami Dolphins,3,0,99.9,0.1,213.0,126.0,339.0,77.0,121.0,198.0,game,ML,Miami Dolphins,,,betfair,9678.0,—,—,,Loss,,miss,,,,—,,
2026-10-04T23:00:39.811782+00:00,nfl,2026,4,401872974,401872974808,1,3:27,M.Willis sacked at MIA 44 for -8 yards (D.Turner).,3,4,MIN 48,48,3,Minnesota Vikings,Miami Dolphins,3,0,99.9,0.1,213.0,126.0,339.0,77.0,121.0,198.0,game,Spread,Minnesota Vikings,,5.5,polymarket,1566.0,—,—,,+3,,hit,,,,—,,
2026-10-04T23:00:39.811782+00:00,nfl,2026,4,401872974,401872974808,1,3:27,M.Willis sacked at MIA 44 for -8 yards (D.Turner).,3,4,MIN 48,48,3,Minnesota Vikings,Miami Dolphins,3,0,99.9,0.1,213.0,126.0,339.0,77.0,121.0,198.0,game,Spread,Minnesota Vikings,,-5.5,polymarket,1566.0,—,—,,+3,,miss,,,,—,,
2026-10-04T23:00:39.811782+00:00,nfl,2026,4,401872974,401872974808,1,3:27,M.Willis sacked at MIA 44 for -8 yards (D.Turner).,3,4,MIN 48,48,3,Minnesota Vikings,Miami Dolphins,3,0,99.9,0.1,213.0,126.0,339.0,77.0,121.0,198.0,game,Total,Over,,32.5,kalshi,3233.0,—,—,,3.0,,miss,,,,—,,
2026-10-04T23:00:39.811782+00:00,nfl,2026,4,401872974,401872974808,1,3:27,M.Willis sacked at MIA 44 for -8 yards (D.Turner).,3,4,MIN 48,48,3,Minnesota Vikings,Miami Dolphins,3,0,99.9,0.1,213.0,126.0,339.0,77.0,121.0,198.0,game,Total,,,32.5,,,—,—,,3.0,,hit,,,,—,,
2026-10-04T23:00:39.811782+00:00,nfl,2026,4,401872974,401872974808,1,3:27,M.Willis sacked at MIA 44 for -8 yards (D.Turner).,3,4,MIN 48,48,3,Minnesota Vikings,Miami Dolphins,3,0,99.9,0.1,213.0,126.0,339.0,77.0,121.0,198.0,game,ML,Miami Dolphins,,,betfair,9678.0,—,—,,Loss,,miss,,,,—,,
2026-10-04T23:00:39.811782+00:00,nfl,2026,4,401872974,401872974828,1,2:50,"B.Pinion punts 35 yards to MIN 21, Center-T.Addington, downed by MIA-T.Addington. ** Injury Update: MIA-J.Woodard has returned to the game.",4,12,MIA 44,56,3,Minnesota Vikings,Miami Dolphins,3,0,99.9,0.1,213.0,126.0,339.0,77.0,121.0,198.0,game,Spread,Minnesota Vikings,,5.5,polymarket,1566.0,—,—,,+3,,hit,,,,—,,
2026-10-04T23:00:39.811782+00:00,nfl,2026,4,401872974,401872974828,1,2:50,"B.Pinion punts 35 yards to MIN 21, Center-T.Addington, downed by MIA-T.Addington. ** Injury Update: MIA-J.Woodard has returned to the game.",4,12,MIA 44,56,3,Minnesota Vikings,Miami Dolphins,3,0,99.9,0.1,213.0,126.0,339.0,77.0,121.0,198.0,game,Spread,Minnesota Vikings,,-5.5,polymarket,1566.0,—,—,,+3,,miss,,,,—,,
2026-10-04T23:00:39.811782+00:00,nfl,2026,4,401872974,401872974828,1,2:50,"B.Pinion punts 35 yards to MIN 21, Center-T.Addington, downed by MIA-T.Addington. ** Injury Update: MIA-J.Woodard has returned to the game.",4,12,MIA 44,56,3,Minnesota Vikings,Miami Dolphins,3,0,99.9,0.1,213.0,126.0,339.0,77.0,121.0,198.0,game,Total,Over,,32.5,kalshi,3233.0,—,—,,3.0,,miss,,,,—,,
2026-10-04T23:00:39.811782+00:00,nfl,2026,4,401872974,401872974828,1,2:50,"B.Pinion punts 35 yards to MIN 21, Center-T.Addington, downed by MIA-T.Addington. ** Injury Update: MIA-J.Woodard has returned to the game.",4,12,MIA 44,56,3,Minnesota Vikings,Miami Dolphins,3,0,99.9,0.1,213.0,126.0,339.0,77.0,121.0,198.0,game,Total,,,32.5,,,—,—,,3.0,,hit,,,,—,,
2026-10-04T23:00:39.811782+00:00,nfl,2026,4,401872974,401872974828,1,2:50,"B.Pinion punts 35 yards to MIN 21, Center-T.Addington, downed by MIA-T.Addington. ** Injury Update: MIA-J.Woodard has returned to the game.",4,12,MIA 44,56,3,Minnesota Vikings,Miami Dolphins,3,0,99.9,0.1,213.0,126.0,339.0,77.0,121.0,198.0,game,ML,Miami Dolphins,,,betfair,9678.0,—,—,,Loss,,miss,,,,—,,
2026-10-04T23:00:39.811782+00:00,nfl,2026,4,401872974,401872974841,1,2:39,Official Timeout at 02:39.,1,10,MIN 21,21,3,Minnesota Vikings,Miami Dolphins,3,0,99.9,0.1,213.0,126.0,339.0,77.0,121.0,198.0,game,Spread,Minnesota Vikings,,5.5,polymarket,1566.0,—,—,,+3,,hit,,,,—,,
2026-10-04T23:00:39.811782+00:00,nfl,2026,4,401872974,401872974841,1,2:39,Official Timeout at 02:39.,1,10,MIN 21,21,3,Minnesota Vikings,Miami Dolphins,3,0,99.9,0.1,213.0,126.0,339.0,77.0,121.0,198.0,game,Spread,Minnesota Vikings,,-5.5,polymarket,1566.0,—,—,,+3,,miss,,,,—,,
2026-10-04T23:00:39.811782+00:00,nfl,2026,4,401872974,401872974841,1,2:39,Official Timeout at 02:39.,1,10,MIN 21,21,3,Minnesota Vikings,Miami Dolphins,3,0,99.9,0.1,213.0,126.0,339.0,77.0,121.0,198.0,game,Total,Over,,32.5,kalshi,3233.0,—,—,,3.0,,miss,,,,—,,
2026-10-04T23:00:39.811782+00:00,nfl,2026,4,401872974,401872974841,1,2:39,Official Timeout at 02:39.,1,10,MIN 21,21,3,Minnesota Vikings,Miami Dolphins,3,0,99.9,0.1,213.0,126.0,339.0,77.0,121.0,198.0,game,Total,,,32.5,,,—,—,,3.0,,hit,,,,—,,
2026-10-04T23:00:39.811782+00:00,nfl,2026,4,401872974,401872974841,1,2:39,Official Timeout at 02:39.,1,10,MIN 21,21,3,Minnesota Vikings,Miami Dolphins,3,0,99.9,0.1,213.0,126.0,339.0,77.0,121.0,198.0,game,ML,Miami Dolphins,,,betfair,9678.0,—,—,,Loss,,miss,,,,—,,
2026-10-04T23:00:39.811782+00:00,nfl,2026,4,401872974,401872974853,1,2:39,C.Tiernan reported in as eligible.  A.Jones up the middle to MIN 25 for 4 yards (J.Rodriguez).,1,10,MIN 21,21,3,Minnesota Vikings,Miami Dolphins,3,0,99.9,0.1,213.0,126.0,339.0,77.0,121.0,198.0,game,Spread,Minnesota Vikings,,5.5,polymarket,1566.0,—,—,,+3,,hit,,,,—,,
2026-10-04T23:00:39.811782+00:00,nfl,2026,4,401872974,401872974853,1,2:39,C.Tiernan reported in as eligible.  A.Jones up the middle to MIN 25 for 4 yards (J.Rodriguez).,1,10,MIN 21,21,3,Minnesota Vikings,Miami Dolphins,3,0,99.9,0.1,213.0,126.0,339.0,77.0,121.0,198.0,game,Spread,Minnesota Vikings,,-5.5,polymarket,1566.0,—,—,,+3,,miss,,,,—,,
2026-10-04T23:00:39.811782+00:00,nfl,2026,4,401872974,401872974853,1,2:39,C.Tiernan reported in as eligible.  A.Jones up the middle to MIN 25 for 4 yards (J.Rodriguez).,1,10,MIN 21,21,3,Minnesota Vikings,Miami Dolphins,3,0,99.9,0.1,213.0,126.0,339.0,77.0,121.0,198.0,game,Total,Over,,32.5,kalshi,3233.0,—,—,,3.0,,miss,,,,—,,
2026-10-04T23:00:39.811782+00:00,nfl,2026,4,401872974,401872974853,1,2:39,C.Tiernan reported in as eligible.  A.Jones up the middle to MIN 25 for 4 yards (J.Rodriguez).,1,10,MIN 21,21,3,Minnesota Vikings,Miami Dolphins,3,0,99.9,0.1,213.0,126.0,339.0,77.0,121.0,198.0,game,Total,,,32.5,,,—,—,,3.0,,hit,,,,—,,
2026-10-04T23:00:39.811782+00:00,nfl,2026,4,401872974,401872974853,1,2:39,C.Tiernan reported in as eligible.  A.Jones up the middle to MIN 25 for 4 yards (J.Rodriguez).,1,10,MIN 21,21,3,Minnesota Vikings,Miami Dolphins,3,0,99.9,0.1,213.0,126.0,339.0,77.0,121.0,198.0,game,ML,Miami Dolphins,,,betfair,9678.0,—,—,,Loss,,miss,,,,—,,
2026-10-04T23:00:39.811782+00:00,nfl,2026,4,401872974,401872974887,1,2:07,(Shotgun) A.Jones left end to MIN 29 for 4 yards (M.Herring; J.Brooks).,2,6,MIN 25,25,3,Minnesota Vikings,Miami Dolphins,3,0,99.9,0.1,213.0,126.0,339.0,77.0,121.0,198.0,game,Spread,Minnesota Vikings,,5.5,polymarket,1566.0,—,—,,+3,,hit,,,,—,,
2026-10-04T23:00:39.811782+00:00,nfl,2026,4,401872974,401872974887,1,2:07,(Shotgun) A.Jones left end to MIN 29 for 4 yards (M.Herring; J.Brooks).,2,6,MIN 25,25,3,Minnesota Vikings,Miami Dolphins,3,0,99.9,0.1,213.0,126.0,339.0,77.0,121.0,198.0,game,Spread,Minnesota Vikings,,-5.5,polymarket,1566.0,—,—,,+3,,miss,,,,—,,
2026-10-04T23:00:39.811782+00:00,nfl,2026,4,401872974,401872974887,1,2:07,(Shotgun) A.Jones left end to MIN 29 for 4 yards (M.Herring; J.Brooks).,2,6,MIN 25,25,3,Minnesota Vikings,Miami Dolphins,3,0,99.9,0.1,213.0,126.0,339.0,77.0,121.0,198.0,game,Total,Over,,32.5,kalshi,3233.0,—,—,,3.0,,miss,,,,—,,
2026-10-04T23:00:39.811782+00:00,nfl,2026,4,401872974,401872974887,1,2:07,(Shotgun) A.Jones left end to MIN 29 for 4 yards (M.Herring; J.Brooks).,2,6,MIN 25,25,3,Minnesota Vikings,Miami Dolphins,3,0,99.9,0.1,213.0,126.0,339.0,77.0,121.0,198.0,game,Total,,,32.5,,,—,—,,3.0,,hit,,,,—,,
2026-10-04T23:00:39.811782+00:00,nfl,2026,4,401872974,401872974887,1,2:07,(Shotgun) A.Jones left end to MIN 29 for 4 yards (M.Herring; J.Brooks).,2,6,MIN 25,25,3,Minnesota Vikings,Miami Dolphins,3,0,99.9,0.1,213.0,126.0,339.0,77.0,121.0,198.0,game,ML,Miami Dolphins,,,betfair,9678.0,—,—,,Loss,,miss,,,,—,,
2026-10-04T23:00:39.811782+00:00,nfl,2026,4,401872974,401872974909,1,1:23,(Shotgun) K.Murray pass short right to J.Addison to MIN 31 for 2 yards (C.Johnson).  The first down was assisted by replay.,3,2,MIN 29,29,3,Minnesota Vikings,Miami Dolphins,3,0,99.9,0.1,213.0,126.0,339.0,77.0,121.0,198.0,game,Spread,Minnesota Vikings,,5.5,polymarket,1566.0,—,—,,+3,,hit,,,,—,,
2026-10-04T23:00:39.811782+00:00,nfl,2026,4,401872974,401872974909,1,1:23,(Shotgun) K.Murray pass short right to J.Addison to MIN 31 for 2 yards (C.Johnson).  The first down was assisted by replay.,3,2,MIN 29,29,3,Minnesota Vikings,Miami Dolphins,3,0,99.9,0.1,213.0,126.0,339.0,77.0,121.0,198.0,game,Spread,Minnesota Vikings,,-5.5,polymarket,1566.0,—,—,,+3,,miss,,,,—,,
2026-10-04T23:00:39.811782+00:00,nfl,2026,4,401872974,401872974909,1,1:23,(Shotgun) K.Murray pass short right to J.Addison to MIN 31 for 2 yards (C.Johnson).  The first down was assisted by replay.,3,2,MIN 29,29,3,Minnesota Vikings,Miami Dolphins,3,0,99.9,0.1,213.0,126.0,339.0,77.0,121.0,198.0,game,Total,Over,,32.5,kalshi,3233.0,—,—,,3.0,,miss,,,,—,,
2026-10-04T23:00:39.811782+00:00,nfl,2026,4,401872974,401872974909,1,1:23,(Shotgun) K.Murray pass short right to J.Addison to MIN 31 for 2 yards (C.Johnson).  The first down was assisted by replay.,3,2,MIN 29,29,3,Minnesota Vikings,Miami Dolphins,3,0,99.9,0.1,213.0,126.0,339.0,77.0,121.0,198.0,game,Total,,,32.5,,,—,—,,3.0,,hit,,,,—,,
2026-10-04T23:00:39.811782+00:00,nfl,2026,4,401872974,401872974909,1,1:23,(Shotgun) K.Murray pass short right to J.Addison to MIN 31 for 2 yards (C.Johnson).  The first down was assisted by replay.,3,2,MIN 29,29,3,Minnesota Vikings,Miami Dolphins,3,0,99.9,0.1,213.0,126.0,339.0,77.0,121.0,198.0,game,ML,Miami Dolphins,,,betfair,9678.0,—,—,,Loss,,miss,,,,—,,
2026-10-04T23:00:39.811782+00:00,nfl,2026,4,401872974,401872974936,1,0:56,"K.Murray pass deep left to J.Addison to MIA 48 for 21 yards (C.Johnson; J.Marshall).PENALTY on MIN, Illegal Formation, 5 yards, enforced at MIN 31 - No Play.",1,10,MIN 31,31,3,Minnesota Vikings,Miami Dolphins,3,0,99.9,0.1,213.0,126.0,339.0,77.0,121.0,198.0,game,Spread,Minnesota Vikings,,5.5,polymarket,1566.0,—,—,,+3,,hit,,,,—,,
2026-10-04T23:00:39.811782+00:00,nfl,2026,4,401872974,401872974936,1,0:56,"K.Murray pass deep left to J.Addison to MIA 48 for 21 yards (C.Johnson; J.Marshall).PENALTY on MIN, Illegal Formation, 5 yards, enforced at MIN 31 - No Play.",1,10,MIN 31,31,3,Minnesota Vikings,Miami Dolphins,3,0,99.9,0.1,213.0,126.0,339.0,77.0,121.0,198.0,game,Spread,Minnesota Vikings,,-5.5,polymarket,1566.0,—,—,,+3,,miss,,,,—,,
2026-10-04T23:00:39.811782+00:00,nfl,2026,4,401872974,401872974936,1,0:56,"K.Murray pass deep left to J.Addison to MIA 48 for 21 yards (C.Johnson; J.Marshall).PENALTY on MIN, Illegal Formation, 5 yards, enforced at MIN 31 - No Play.",1,10,MIN 31,31,3,Minnesota Vikings,Miami Dolphins,3,0,99.9,0.1,213.0,126.0,339.0,77.0,121.0,198.0,game,Total,Over,,32.5,kalshi,3233.0,—,—,,3.0,,miss,,,,—,,
2026-10-04T23:00:39.811782+00:00,nfl,2026,4,401872974,401872974936,1,0:56,"K.Murray pass deep left to J.Addison to MIA 48 for 21 yards (C.Johnson; J.Marshall).PENALTY on MIN, Illegal Formation, 5 yards, enforced at MIN 31 - No Play.",1,10,MIN 31,31,3,Minnesota Vikings,Miami Dolphins,3,0,99.9,0.1,213.0,126.0,339.0,77.0,121.0,198.0,game,Total,,,32.5,,,—,—,,3.0,,hit,,,,—,,
2026-10-04T23:00:39.811782+00:00,nfl,2026,4,401872974,401872974936,1,0:56,"K.Murray pass deep left to J.Addison to MIA 48 for 21 yards (C.Johnson; J.Marshall).PENALTY on MIN, Illegal Formation, 5 yards, enforced at MIN 31 - No Play.",1,10,MIN 31,31,3,Minnesota Vikings,Miami Dolphins,3,0,99.9,0.1,213.0,126.0,339.0,77.0,121.0,198.0,game,ML,Miami Dolphins,,,betfair,9678.0,—,—,,Loss,,miss,,,,—,,
2026-10-04T23:00:39.811782+00:00,nfl,2026,4,401872974,401872974972,1,0:33,(Shotgun) A.Jones right guard to MIN 30 for 4 yards (J.Rodriguez; M.Taaffe).,1,15,MIN 26,26,3,Minnesota Vikings,Miami Dolphins,3,0,99.9,0.1,213.0,126.0,339.0,77.0,121.0,198.0,game,Spread,Minnesota Vikings,,5.5,polymarket,1566.0,—,—,,+3,,hit,,,,—,,
2026-10-04T23:00:39.811782+00:00,nfl,2026,4,401872974,401872974972,1,0:33,(Shotgun) A.Jones right guard to MIN 30 for 4 yards (J.Rodriguez; M.Taaffe).,1,15,MIN 26,26,3,Minnesota Vikings,Miami Dolphins,3,0,99.9,0.1,213.0,126.0,339.0,77.0,121.0,198.0,game,Spread,Minnesota Vikings,,-5.5,polymarket,1566.0,—,—,,+3,,miss,,,,—,,
2026-10-04T23:00:39.811782+00:00,nfl,2026,4,401872974,401872974972,1,0:33,(Shotgun) A.Jones right guard to MIN 30 for 4 yards (J.Rodriguez; M.Taaffe).,1,15,MIN 26,26,3,Minnesota Vikings,Miami Dolphins,3,0,99.9,0.1,213.0,126.0,339.0,77.0,121.0,198.0,game,Total,Over,,32.5,kalshi,3233.0,—,—,,3.0,,miss,,,,—,,
2026-10-04T23:00:39.811782+00:00,nfl,2026,4,401872974,401872974972,1,0:33,(Shotgun) A.Jones right guard to MIN 30 for 4 yards (J.Rodriguez; M.Taaffe).,1,15,MIN 26,26,3,Minnesota Vikings,Miami Dolphins,3,0,99.9,0.1,213.0,126.0,339.0,77.0,121.0,198.0,game,Total,,,32.5,,,—,—,,3.0,,hit,,,,—,,
2026-10-04T23:00:39.811782+00:00,nfl,2026,4,401872974,401872974972,1,0:33,(Shotgun) A.Jones right guard to MIN 30 for 4 yards (J.Rodriguez; M.Taaffe).,1,15,MIN 26,26,3,Minnesota Vikings,Miami Dolphins,3,0,99.9,0.1,213.0,126.0,339.0,77.0,121.0,198.0,game,ML,Miami Dolphins,,,betfair,9678.0,—,—,,Loss,,miss,,,,—,,
2026-10-04T23:00:39.811782+00:00,nfl,2026,4,401872974,401872974994,1,0:00,END QUARTER 1,2,11,MIA 2,30,3,Minnesota Vikings,Miami Dolphins,3,0,99.9,0.1,213.0,126.0,339.0,77.0,121.0,198.0,game,Spread,Minnesota Vikings,,5.5,polymarket,1566.0,—,—,,+3,,hit,,,,—,,
2026-10-04T23:00:39.811782+00:00,nfl,2026,4,401872974,401872974994,1,0:00,END QUARTER 1,2,11,MIA 2,30,3,Minnesota Vikings,Miami Dolphins,3,0,99.9,0.1,213.0,126.0,339.0,77.0,121.0,198.0,game,Spread,Minnesota Vikings,,-5.5,polymarket,1566.0,—,—,,+3,,miss,,,,—,,
2026-10-04T23:00:39.811782+00:00,nfl,2026,4,401872974,401872974994,1,0:00,END QUARTER 1,2,11,MIA 2,30,3,Minnesota Vikings,Miami Dolphins,3,0,99.9,0.1,213.0,126.0,339.0,77.0,121.0,198.0,game,Total,Over,,32.5,kalshi,3233.0,—,—,,3.0,,miss,,,,—,,
2026-10-04T23:00:39.811782+00:00,nfl,2026,4,401872974,401872974994,1,0:00,END QUARTER 1,2,11,MIA 2,30,3,Minnesota Vikings,Miami Dolphins,3,0,99.9,0.1,213.0,126.0,339.0,77.0,121.0,198.0,game,Total,,,32.5,,,—,—,,3.0,,hit,,,,—,,
2026-10-04T23:00:39.811782+00:00,nfl,2026,4,401872974,401872974994,1,0:00,END QUARTER 1,2,11,MIA 2,30,3,Minnesota Vikings,Miami Dolphins,3,0,99.9,0.1,213.0,126.0,339.0,77.0,121.0,198.0,game,ML,Miami Dolphins,,,betfair,9678.0,—,—,,Loss,,miss,,,,—,,
2026-10-04T23:00:39.811782+00:00,nfl,2026,4,401872974,4018729741014,2,15:00,(Shotgun) K.Murray pass incomplete short right to A.Jones (J.Brooks) [Z.Biggers].,2,11,MIN 30,30,3,Minnesota Vikings,Miami Dolphins,3,0,99.9,0.1,213.0,126.0,339.0,77.0,121.0,198.0,game,Spread,Minnesota Vikings,,5.5,polymarket,1566.0,—,—,,+3,,hit,,,,—,,
2026-10-04T23:00:39.811782+00:00,nfl,2026,4,401872974,4018729741014,2,15:00,(Shotgun) K.Murray pass incomplete short right to A.Jones (J.Brooks) [Z.Biggers].,2,11,MIN 30,30,3,Minnesota Vikings,Miami Dolphins,3,0,99.9,0.1,213.0,126.0,339.0,77.0,121.0,198.0,game,Spread,Minnesota Vikings,,-5.5,polymarket,1566.0,—,—,,+3,,miss,,,,—,,
2026-10-04T23:00:39.811782+00:00,nfl,2026,4,401872974,4018729741014,2,15:00,(Shotgun) K.Murray pass incomplete short right to A.Jones (J.Brooks) [Z.Biggers].,2,11,MIN 30,30,3,Minnesota Vikings,Miami Dolphins,3,0,99.9,0.1,213.0,126.0,339.0,77.0,121.0,198.0,game,Total,Over,,32.5,kalshi,3233.0,—,—,,3.0,,miss,,,,—,,
2026-10-04T23:00:39.811782+00:00,nfl,2026,4,401872974,4018729741014,2,15:00,(Shotgun) K.Murray pass incomplete short right to A.Jones (J.Brooks) [Z.Biggers].,2,11,MIN 30,30,3,Minnesota Vikings,Miami Dolphins,3,0,99.9,0.1,213.0,126.0,339.0,77.0,121.0,198.0,game,Total,,,32.5,,,—,—,,3.0,,hit,,,,—,,
2026-10-04T23:00:39.811782+00:00,nfl,2026,4,401872974,4018729741014,2,15:00,(Shotgun) K.Murray pass incomplete short right to A.Jones (J.Brooks) [Z.Biggers].,2,11,MIN 30,30,3,Minnesota Vikings,Miami Dolphins,3,0,99.9,0.1,213.0,126.0,339.0,77.0,121.0,198.0,game,ML,Miami Dolphins,,,betfair,9678.0,—,—,,Loss,,miss,,,,—,,
2026-10-04T23:00:39.811782+00:00,nfl,2026,4,401872974,4018729741061,2,14:56,(Shotgun) K.Murray sacked at MIN 22 for -8 yards (J.Uche).,3,11,MIN 30,30,3,Minnesota Vikings,Miami Dolphins,3,0,99.9,0.1,213.0,126.0,339.0,77.0,121.0,198.0,game,Spread,Minnesota Vikings,,5.5,polymarket,1566.0,—,—,,+3,,hit,,,,—,,
2026-10-04T23:00:39.811782+00:00,nfl,2026,4,401872974,4018729741061,2,14:56,(Shotgun) K.Murray sacked at MIN 22 for -8 yards (J.Uche).,3,11,MIN 30,30,3,Minnesota Vikings,Miami Dolphins,3,0,99.9,0.1,213.0,126.0,339.0,77.0,121.0,198.0,game,Spread,Minnesota Vikings,,-5.5,polymarket,1566.0,—,—,,+3,,miss,,,,—,,
2026-10-04T23:00:39.811782+00:00,nfl,2026,4,401872974,4018729741061,2,14:56,(Shotgun) K.Murray sacked at MIN 22 for -8 yards (J.Uche).,3,11,MIN 30,30,3,Minnesota Vikings,Miami Dolphins,3,0,99.9,0.1,213.0,126.0,339.0,77.0,121.0,198.0,game,Total,Over,,32.5,kalshi,3233.0,—,—,,3.0,,miss,,,,—,,
2026-10-04T23:00:39.811782+00:00,nfl,2026,4,401872974,4018729741061,2,14:56,(Shotgun) K.Murray sacked at MIN 22 for -8 yards (J.Uche).,3,11,MIN 30,30,3,Minnesota Vikings,Miami Dolphins,3,0,99.9,0.1,213.0,126.0,339.0,77.0,121.0,198.0,game,Total,,,32.5,,,—,—,,3.0,,hit,,,,—,,
2026-10-04T23:00:39.811782+00:00,nfl,2026,4,401872974,4018729741061,2,14:56,(Shotgun) K.Murray sacked at MIN 22 for -8 yards (J.Uche).,3,11,MIN 30,30,3,Minnesota Vikings,Miami Dolphins,3,0,99.9,0.1,213.0,126.0,339.0,77.0,121.0,198.0,game,ML,Miami Dolphins,,,betfair,9678.0,—,—,,Loss,,miss,,,,—,,
2026-10-04T23:00:39.811782+00:00,nfl,2026,4,401872974,4018729741081,2,14:15,"J.Hekker punts 52 yards to MIA 26, Center-A.DePaola. M.Washington to MIA 26 for no gain (Z.Vaughn).",4,19,MIN 22,22,3,Minnesota Vikings,Miami Dolphins,3,0,99.9,0.1,213.0,126.0,339.0,77.0,121.0,198.0,game,Spread,Minnesota Vikings,,5.5,polymarket,1566.0,—,—,,+3,,hit,,,,—,,
2026-10-04T23:00:39.811782+00:00,nfl,2026,4,401872974,4018729741081,2,14:15,"J.Hekker punts 52 yards to MIA 26, Center-A.DePaola. M.Washington to MIA 26 for no gain (Z.Vaughn).",4,19,MIN 22,22,3,Minnesota Vikings,Miami Dolphins,3,0,99.9,0.1,213.0,126.0,339.0,77.0,121.0,198.0,game,Spread,Minnesota Vikings,,-5.5,polymarket,1566.0,—,—,,+3,,miss,,,,—,,
2026-10-04T23:00:39.811782+00:00,nfl,2026,4,401872974,4018729741081,2,14:15,"J.Hekker punts 52 yards to MIA 26, Center-A.DePaola. M.Washington to MIA 26 for no gain (Z.Vaughn).",4,19,MIN 22,22,3,Minnesota Vikings,Miami Dolphins,3,0,99.9,0.1,213.0,126.0,339.0,77.0,121.0,198.0,game,Total,Over,,32.5,kalshi,3233.0,—,—,,3.0,,miss,,,,—,,
2026-10-04T23:00:39.811782+00:00,nfl,2026,4,401872974,4018729741081,2,14:15,"J.Hekker punts 52 yards to MIA 26, Center-A.DePaola. M.Washington to MIA 26 for no gain (Z.Vaughn).",4,19,MIN 22,22,3,Minnesota Vikings,Miami Dolphins,3,0,99.9,0.1,213.0,126.0,339.0,77.0,121.0,198.0,game,Total,,,32.5,,,—,—,,3.0,,hit,,,,—,,
2026-10-04T23:00:39.811782+00:00,nfl,2026,4,401872974,4018729741081,2,14:15,"J.Hekker punts 52 yards to MIA 26, Center-A.DePaola. M.Washington to MIA 26 for no gain (Z.Vaughn).",4,19,MIN 22,22,3,Minnesota Vikings,Miami Dolphins,3,0,99.9,0.1,213.0,126.0,339.0,77.0,121.0,198.0,game,ML,Miami Dolphins,,,betfair,9678.0,—,—,,Loss,,miss,,,,—,,
2026-10-04T23:00:39.811782+00:00,nfl,2026,4,401872974,4018729741094,2,14:06,Official Timeout at 14:06.,1,10,MIA 26,74,3,Minnesota Vikings,Miami Dolphins,3,0,99.9,0.1,213.0,126.0,339.0,77.0,121.0,198.0,game,Spread,Minnesota Vikings,,5.5,polymarket,1566.0,—,—,,+3,,hit,,,,—,,
2026-10-04T23:00:39.811782+00:00,nfl,2026,4,401872974,4018729741094,2,14:06,Official Timeout at 14:06.,1,10,MIA 26,74,3,Minnesota Vikings,Miami Dolphins,3,0,99.9,0.1,213.0,126.0,339.0,77.0,121.0,198.0,game,Spread,Minnesota Vikings,,-5.5,polymarket,1566.0,—,—,,+3,,miss,,,,—,,
2026-10-04T23:00:39.811782+00:00,nfl,2026,4,401872974,4018729741094,2,14:06,Official Timeout at 14:06.,1,10,MIA 26,74,3,Minnesota Vikings,Miami Dolphins,3,0,99.9,0.1,213.0,126.0,339.0,77.0,121.0,198.0,game,Total,Over,,32.5,kalshi,3233.0,—,—,,3.0,,miss,,,,—,,
2026-10-04T23:00:39.811782+00:00,nfl,2026,4,401872974,4018729741094,2,14:06,Official Timeout at 14:06.,1,10,MIA 26,74,3,Minnesota Vikings,Miami Dolphins,3,0,99.9,0.1,213.0,126.0,339.0,77.0,121.0,198.0,game,Total,,,32.5,,,—,—,,3.0,,hit,,,,—,,
2026-10-04T23:00:39.811782+00:00,nfl,2026,4,401872974,4018729741094,2,14:06,Official Timeout at 14:06.,1,10,MIA 26,74,3,Minnesota Vikings,Miami Dolphins,3,0,99.9,0.1,213.0,126.0,339.0,77.0,121.0,198.0,game,ML,Miami Dolphins,,,betfair,9678.0,—,—,,Loss,,miss,,,,—,,
2026-10-04T23:00:39.811782+00:00,nfl,2026,4,401872974,4018729741107,2,14:06,O.Gordon left guard to MIA 29 for 3 yards (I.Pace; E.Wilson).,1,10,MIA 26,74,3,Minnesota Vikings,Miami Dolphins,3,0,99.9,0.1,213.0,126.0,339.0,77.0,121.0,198.0,game,Spread,Minnesota Vikings,,5.5,polymarket,1566.0,—,—,,+3,,hit,,,,—,,
2026-10-04T23:00:39.811782+00:00,nfl,2026,4,401872974,4018729741107,2,14:06,O.Gordon left guard to MIA 29 for 3 yards (I.Pace; E.Wilson).,1,10,MIA 26,74,3,Minnesota Vikings,Miami Dolphins,3,0,99.9,0.1,213.0,126.0,339.0,77.0,121.0,198.0,game,Spread,Minnesota Vikings,,-5.5,polymarket,1566.0,—,—,,+3,,miss,,,,—,,
2026-10-04T23:00:39.811782+00:00,nfl,2026,4,401872974,4018729741107,2,14:06,O.Gordon left guard to MIA 29 for 3 yards (I.Pace; E.Wilson).,1,10,MIA 26,74,3,Minnesota Vikings,Miami Dolphins,3,0,99.9,0.1,213.0,126.0,339.0,77.0,121.0,198.0,game,Total,Over,,32.5,kalshi,3233.0,—,—,,3.0,,miss,,,,—,,
2026-10-04T23:00:39.811782+00:00,nfl,2026,4,401872974,4018729741107,2,14:06,O.Gordon left guard to MIA 29 for 3 yards (I.Pace; E.Wilson).,1,10,MIA 26,74,3,Minnesota Vikings,Miami Dolphins,3,0,99.9,0.1,213.0,126.0,339.0,77.0,121.0,198.0,game,Total,,,32.5,,,—,—,,3.0,,hit,,,,—,,
2026-10-04T23:00:39.811782+00:00,nfl,2026,4,401872974,4018729741107,2,14:06,O.Gordon left guard to MIA 29 for 3 yards (I.Pace; E.Wilson).,1,10,MIA 26,74,3,Minnesota Vikings,Miami Dolphins,3,0,99.9,0.1,213.0,126.0,339.0,77.0,121.0,198.0,game,ML,Miami Dolphins,,,betfair,9678.0,—,—,,Loss,,miss,,,,—,,
2026-10-04T23:00:39.811782+00:00,nfl,2026,4,401872974,4018729741122,2,13:24,Timeout #1 by MIA at 13:24.,2,7,MIA 29,71,3,Minnesota Vikings,Miami Dolphins,3,0,99.9,0.1,213.0,126.0,339.0,77.0,121.0,198.0,game,Spread,Minnesota Vikings,,5.5,polymarket,1566.0,—,—,,+3,,hit,,,,—,,
2026-10-04T23:00:39.811782+00:00,nfl,2026,4,401872974,4018729741122,2,13:24,Timeout #1 by MIA at 13:24.,2,7,MIA 29,71,3,Minnesota Vikings,Miami Dolphins,3,0,99.9,0.1,213.0,126.0,339.0,77.0,121.0,198.0,game,Spread,Minnesota Vikings,,-5.5,polymarket,1566.0,—,—,,+3,,miss,,,,—,,
2026-10-04T23:00:39.811782+00:00,nfl,2026,4,401872974,4018729741122,2,13:24,Timeout #1 by MIA at 13:24.,2,7,MIA 29,71,3,Minnesota Vikings,Miami Dolphins,3,0,99.9,0.1,213.0,126.0,339.0,77.0,121.0,198.0,game,Total,Over,,32.5,kalshi,3233.0,—,—,,3.0,,miss,,,,—,,
2026-10-04T23:00:39.811782+00:00,nfl,2026,4,401872974,4018729741122,2,13:24,Timeout #1 by MIA at 13:24.,2,7,MIA 29,71,3,Minnesota Vikings,Miami Dolphins,3,0,99.9,0.1,213.0,126.0,339.0,77.0,121.0,198.0,game,Total,,,32.5,,,—,—,,3.0,,hit,,,,—,,
2026-10-04T23:00:39.811782+00:00,nfl,2026,4,401872974,4018729741122,2,13:24,Timeout #1 by MIA at 13:24.,2,7,MIA 29,71,3,Minnesota Vikings,Miami Dolphins,3,0,99.9,0.1,213.0,126.0,339.0,77.0,121.0,198.0,game,ML,Miami Dolphins,,,betfair,9678.0,—,—,,Loss,,miss,,,,—,,
2026-10-04T23:00:39.811782+00:00,nfl,2026,4,401872974,4018729741136,2,13:24,M.Washington right end to MIA 32 for 3 yards (B.Cashman; J.Metellus).,2,7,MIA 29,71,3,Minnesota Vikings,Miami Dolphins,3,0,99.9,0.1,213.0,126.0,339.0,77.0,121.0,198.0,game,Spread,Minnesota Vikings,,5.5,polymarket,1566.0,—,—,,+3,,hit,,,,—,,
2026-10-04T23:00:39.811782+00:00,nfl,2026,4,401872974,4018729741136,2,13:24,M.Washington right end to MIA 32 for 3 yards (B.Cashman; J.Metellus).,2,7,MIA 29,71,3,Minnesota Vikings,Miami Dolphins,3,0,99.9,0.1,213.0,126.0,339.0,77.0,121.0,198.0,game,Spread,Minnesota Vikings,,-5.5,polymarket,1566.0,—,—,,+3,,miss,,,,—,,
2026-10-04T23:00:39.811782+00:00,nfl,2026,4,401872974,4018729741136,2,13:24,M.Washington right end to MIA 32 for 3 yards (B.Cashman; J.Metellus).,2,7,MIA 29,71,3,Minnesota Vikings,Miami Dolphins,3,0,99.9,0.1,213.0,126.0,339.0,77.0,121.0,198.0,game,Total,Over,,32.5,kalshi,3233.0,—,—,,3.0,,miss,,,,—,,
2026-10-04T23:00:39.811782+00:00,nfl,2026,4,401872974,4018729741136,2,13:24,M.Washington right end to MIA 32 for 3 yards (B.Cashman; J.Metellus).,2,7,MIA 29,71,3,Minnesota Vikings,Miami Dolphins,3,0,99.9,0.1,213.0,126.0,339.0,77.0,121.0,198.0,game,Total,,,32.5,,,—,—,,3.0,,hit,,,,—,,
2026-10-04T23:00:39.811782+00:00,nfl,2026,4,401872974,4018729741136,2,13:24,M.Washington right end to MIA 32 for 3 yards (B.Cashman; J.Metellus).,2,7,MIA 29,71,3,Minnesota Vikings,Miami Dolphins,3,0,99.9,0.1,213.0,126.0,339.0,77.0,121.0,198.0,game,ML,Miami Dolphins,,,betfair,9678.0,—,—,,Loss,,miss,,,,—,,
2026-10-04T23:00:39.811782+00:00,nfl,2026,4,401872974,4018729741166,2,12:40,"(Shotgun) M.Willis pass incomplete deep right to C.Bell.PENALTY on MIA-C.Bell, Illegal Touch Pass, 0 yards, enforced at MIA 32.",3,4,MIA 32,68,3,Minnesota Vikings,Miami Dolphins,3,0,99.9,0.1,213.0,126.0,339.0,77.0,121.0,198.0,game,Spread,Minnesota Vikings,,5.5,polymarket,1566.0,—,—,,+3,,hit,,,,—,,
2026-10-04T23:00:39.811782+00:00,nfl,2026,4,401872974,4018729741166,2,12:40,"(Shotgun) M.Willis pass incomplete deep right to C.Bell.PENALTY on MIA-C.Bell, Illegal Touch Pass, 0 yards, enforced at MIA 32.",3,4,MIA 32,68,3,Minnesota Vikings,Miami Dolphins,3,0,99.9,0.1,213.0,126.0,339.0,77.0,121.0,198.0,game,Spread,Minnesota Vikings,,-5.5,polymarket,1566.0,—,—,,+3,,miss,,,,—,,
2026-10-04T23:00:39.811782+00:00,nfl,2026,4,401872974,4018729741166,2,12:40,"(Shotgun) M.Willis pass incomplete deep right to C.Bell.PENALTY on MIA-C.Bell, Illegal Touch Pass, 0 yards, enforced at MIA 32.",3,4,MIA 32,68,3,Minnesota Vikings,Miami Dolphins,3,0,99.9,0.1,213.0,126.0,339.0,77.0,121.0,198.0,game,Total,Over,,32.5,kalshi,3233.0,—,—,,3.0,,miss,,,,—,,
2026-10-04T23:00:39.811782+00:00,nfl,2026,4,401872974,4018729741166,2,12:40,"(Shotgun) M.Willis pass incomplete deep right to C.Bell.PENALTY on MIA-C.Bell, Illegal Touch Pass, 0 yards, enforced at MIA 32.",3,4,MIA 32,68,3,Minnesota Vikings,Miami Dolphins,3,0,99.9,0.1,213.0,126.0,339.0,77.0,121.0,198.0,game,Total,,,32.5,,,—,—,,3.0,,hit,,,,—,,
2026-10-04T23:00:39.811782+00:00,nfl,2026,4,401872974,4018729741166,2,12:40,"(Shotgun) M.Willis pass incomplete deep right to C.Bell.PENALTY on MIA-C.Bell, Illegal Touch Pass, 0 yards, enforced at MIA 32.",3,4,MIA 32,68,3,Minnesota Vikings,Miami Dolphins,3,0,99.9,0.1,213.0,126.0,339.0,77.0,121.0,198.0,game,ML,Miami Dolphins,,,betfair,9678.0,—,—,,Loss,,miss,,,,—,,
2026-10-04T23:00:39.811782+00:00,nfl,2026,4,401872974,4018729741198,2,12:26,"B.Pinion punts 53 yards to MIN 15, Center-T.Addington. M.Price to MIN 18 for 3 yards (R.Taylor; J.Simpson).",4,4,MIA 32,68,3,Minnesota Vikings,Miami Dolphins,3,0,99.9,0.1,213.0,126.0,339.0,77.0,121.0,198.0,game,Spread,Minnesota Vikings,,5.5,polymarket,1566.0,—,—,,+3,,hit,,,,—,,
2026-10-04T23:00:39.811782+00:00,nfl,2026,4,401872974,4018729741198,2,12:26,"B.Pinion punts 53 yards to MIN 15, Center-T.Addington. M.Price to MIN 18 for 3 yards (R.Taylor; J.Simpson).",4,4,MIA 32,68,3,Minnesota Vikings,Miami Dolphins,3,0,99.9,0.1,213.0,126.0,339.0,77.0,121.0,198.0,game,Spread,Minnesota Vikings,,-5.5,polymarket,1566.0,—,—,,+3,,miss,,,,—,,
2026-10-04T23:00:39.811782+00:00,nfl,2026,4,401872974,4018729741198,2,12:26,"B.Pinion punts 53 yards to MIN 15, Center-T.Addington. M.Price to MIN 18 for 3 yards (R.Taylor; J.Simpson).",4,4,MIA 32,68,3,Minnesota Vikings,Miami Dolphins,3,0,99.9,0.1,213.0,126.0,339.0,77.0,121.0,198.0,game,Total,Over,,32.5,kalshi,3233.0,—,—,,3.0,,miss,,,,—,,
2026-10-04T23:00:39.811782+00:00,nfl,2026,4,401872974,4018729741198,2,12:26,"B.Pinion punts 53 yards to MIN 15, Center-T.Addington. M.Price to MIN 18 for 3 yards (R.Taylor; J.Simpson).",4,4,MIA 32,68,3,Minnesota Vikings,Miami Dolphins,3,0,99.9,0.1,213.0,126.0,339.0,77.0,121.0,198.0,game,Total,,,32.5,,,—,—,,3.0,,hit,,,,—,,
2026-10-04T23:00:39.811782+00:00,nfl,2026,4,401872974,4018729741198,2,12:26,"B.Pinion punts 53 yards to MIN 15, Center-T.Addington. M.Price to MIN 18 for 3 yards (R.Taylor; J.Simpson).",4,4,MIA 32,68,3,Minnesota Vikings,Miami Dolphins,3,0,99.9,0.1,213.0,126.0,339.0,77.0,121.0,198.0,game,ML,Miami Dolphins,,,betfair,9678.0,—,—,,Loss,,miss,,,,—,,
2026-10-04T23:00:39.811782+00:00,nfl,2026,4,401872974,4018729741214,2,12:15,Official Timeout at 12:15.,1,10,MIN 18,18,3,Minnesota Vikings,Miami Dolphins,3,0,99.9,0.1,213.0,126.0,339.0,77.0,121.0,198.0,game,Spread,Minnesota Vikings,,5.5,polymarket,1566.0,—,—,,+3,,hit,,,,—,,
2026-10-04T23:00:39.811782+00:00,nfl,2026,4,401872974,4018729741214,2,12:15,Official Timeout at 12:15.,1,10,MIN 18,18,3,Minnesota Vikings,Miami Dolphins,3,0,99.9,0.1,213.0,126.0,339.0,77.0,121.0,198.0,game,Spread,Minnesota Vikings,,-5.5,polymarket,1566.0,—,—,,+3,,miss,,,,—,,
2026-10-04T23:00:39.811782+00:00,nfl,2026,4,401872974,4018729741214,2,12:15,Official Timeout at 12:15.,1,10,MIN 18,18,3,Minnesota Vikings,Miami Dolphins,3,0,99.9,0.1,213.0,126.0,339.0,77.0,121.0,198.0,game,Total,Over,,32.5,kalshi,3233.0,—,—,,3.0,,miss,,,,—,,
2026-10-04T23:00:39.811782+00:00,nfl,2026,4,401872974,4018729741214,2,12:15,Official Timeout at 12:15.,1,10,MIN 18,18,3,Minnesota Vikings,Miami Dolphins,3,0,99.9,0.1,213.0,126.0,339.0,77.0,121.0,198.0,game,Total,,,32.5,,,—,—,,3.0,,hit,,,,—,,
2026-10-04T23:00:39.811782+00:00,nfl,2026,4,401872974,4018729741214,2,12:15,Official Timeout at 12:15.,1,10,MIN 18,18,3,Minnesota Vikings,Miami Dolphins,3,0,99.9,0.1,213.0,126.0,339.0,77.0,121.0,198.0,game,ML,Miami Dolphins,,,betfair,9678.0,—,—,,Loss,,miss,,,,—,,
2026-10-04T23:00:39.811782+00:00,nfl,2026,4,401872974,4018729741229,2,12:15,A.Jones left guard to MIN 22 for 4 yards (Z.Biggers; J.Brooks).,1,10,MIN 18,18,3,Minnesota Vikings,Miami Dolphins,3,0,99.9,0.1,213.0,126.0,339.0,77.0,121.0,198.0,game,Spread,Minnesota Vikings,,5.5,polymarket,1566.0,—,—,,+3,,hit,,,,—,,
2026-10-04T23:00:39.811782+00:00,nfl,2026,4,401872974,4018729741229,2,12:15,A.Jones left guard to MIN 22 for 4 yards (Z.Biggers; J.Brooks).,1,10,MIN 18,18,3,Minnesota Vikings,Miami Dolphins,3,0,99.9,0.1,213.0,126.0,339.0,77.0,121.0,198.0,game,Spread,Minnesota Vikings,,-5.5,polymarket,1566.0,—,—,,+3,,miss,,,,—,,
2026-10-04T23:00:39.811782+00:00,nfl,2026,4,401872974,4018729741229,2,12:15,A.Jones left guard to MIN 22 for 4 yards (Z.Biggers; J.Brooks).,1,10,MIN 18,18,3,Minnesota Vikings,Miami Dolphins,3,0,99.9,0.1,213.0,126.0,339.0,77.0,121.0,198.0,game,Total,Over,,32.5,kalshi,3233.0,—,—,,3.0,,miss,,,,—,,
2026-10-04T23:00:39.811782+00:00,nfl,2026,4,401872974,4018729741229,2,12:15,A.Jones left guard to MIN 22 for 4 yards (Z.Biggers; J.Brooks).,1,10,MIN 18,18,3,Minnesota Vikings,Miami Dolphins,3,0,99.9,0.1,213.0,126.0,339.0,77.0,121.0,198.0,game,Total,,,32.5,,,—,—,,3.0,,hit,,,,—,,
2026-10-04T23:00:39.811782+00:00,nfl,2026,4,401872974,4018729741229,2,12:15,A.Jones left guard to MIN 22 for 4 yards (Z.Biggers; J.Brooks).,1,10,MIN 18,18,3,Minnesota Vikings,Miami Dolphins,3,0,99.9,0.1,213.0,126.0,339.0,77.0,121.0,198.0,game,ML,Miami Dolphins,,,betfair,9678.0,—,—,,Loss,,miss,,,,—,,
2026-10-04T23:00:39.811782+00:00,nfl,2026,4,401872974,4018729741269,2,11:51,"(No Huddle, Shotgun) A.Jones up the middle to MIN 23 for 1 yard (J.Rodriguez; J.Uche).PENALTY on MIA-M.Herring, Defensive Offside, 5 yards, enforced at MIN 22 - No Play.",2,6,MIN 22,22,3,Minnesota Vikings,Miami Dolphins,3,0,99.9,0.1,213.0,126.0,339.0,77.0,121.0,198.0,game,Spread,Minnesota Vikings,,5.5,polymarket,1566.0,—,—,,+3,,hit,,,,—,,
2026-10-04T23:00:39.811782+00:00,nfl,2026,4,401872974,4018729741269,2,11:51,"(No Huddle, Shotgun) A.Jones up the middle to MIN 23 for 1 yard (J.Rodriguez; J.Uche).PENALTY on MIA-M.Herring, Defensive Offside, 5 yards, enforced at MIN 22 - No Play.",2,6,MIN 22,22,3,Minnesota Vikings,Miami Dolphins,3,0,99.9,0.1,213.0,126.0,339.0,77.0,121.0,198.0,game,Spread,Minnesota Vikings,,-5.5,polymarket,1566.0,—,—,,+3,,miss,,,,—,,
2026-10-04T23:00:39.811782+00:00,nfl,2026,4,401872974,4018729741269,2,11:51,"(No Huddle, Shotgun) A.Jones up the middle to MIN 23 for 1 yard (J.Rodriguez; J.Uche).PENALTY on MIA-M.Herring, Defensive Offside, 5 yards, enforced at MIN 22 - No Play.",2,6,MIN 22,22,3,Minnesota Vikings,Miami Dolphins,3,0,99.9,0.1,213.0,126.0,339.0,77.0,121.0,198.0,game,Total,Over,,32.5,kalshi,3233.0,—,—,,3.0,,miss,,,,—,,
2026-10-04T23:00:39.811782+00:00,nfl,2026,4,401872974,4018729741269,2,11:51,"(No Huddle, Shotgun) A.Jones up the middle to MIN 23 for 1 yard (J.Rodriguez; J.Uche).PENALTY on MIA-M.Herring, Defensive Offside, 5 yards, enforced at MIN 22 - No Play.",2,6,MIN 22,22,3,Minnesota Vikings,Miami Dolphins,3,0,99.9,0.1,213.0,126.0,339.0,77.0,121.0,198.0,game,Total,,,32.5,,,—,—,,3.0,,hit,,,,—,,
2026-10-04T23:00:39.811782+00:00,nfl,2026,4,401872974,4018729741269,2,11:51,"(No Huddle, Shotgun) A.Jones up the middle to MIN 23 for 1 yard (J.Rodriguez; J.Uche).PENALTY on MIA-M.Herring, Defensive Offside, 5 yards, enforced at MIN 22 - No Play.",2,6,MIN 22,22,3,Minnesota Vikings,Miami Dolphins,3,0,99.9,0.1,213.0,126.0,339.0,77.0,121.0,198.0,game,ML,Miami Dolphins,,,betfair,9678.0,—,—,,Loss,,miss,,,,—,,
2026-10-04T23:00:39.811782+00:00,nfl,2026,4,401872974,4018729741302,2,11:21,"(Shotgun) K.Murray pass short middle to J.Addison to MIN 28 for 1 yard (J.Rodriguez; J.Brooks).PENALTY on MIN-J.Addison, Illegal Shift, 5 yards, enforced at MIN 27 - No Play.",2,1,MIN 27,27,3,Minnesota Vikings,Miami Dolphins,3,0,99.9,0.1,213.0,126.0,339.0,77.0,121.0,198.0,game,Spread,Minnesota Vikings,,5.5,polymarket,1566.0,—,—,,+3,,hit,,,,—,,
2026-10-04T23:00:39.811782+00:00,nfl,2026,4,401872974,4018729741302,2,11:21,"(Shotgun) K.Murray pass short middle to J.Addison to MIN 28 for 1 yard (J.Rodriguez; J.Brooks).PENALTY on MIN-J.Addison, Illegal Shift, 5 yards, enforced at MIN 27 - No Play.",2,1,MIN 27,27,3,Minnesota Vikings,Miami Dolphins,3,0,99.9,0.1,213.0,126.0,339.0,77.0,121.0,198.0,game,Spread,Minnesota Vikings,,-5.5,polymarket,1566.0,—,—,,+3,,miss,,,,—,,
2026-10-04T23:00:39.811782+00:00,nfl,2026,4,401872974,4018729741302,2,11:21,"(Shotgun) K.Murray pass short middle to J.Addison to MIN 28 for 1 yard (J.Rodriguez; J.Brooks).PENALTY on MIN-J.Addison, Illegal Shift, 5 yards, enforced at MIN 27 - No Play.",2,1,MIN 27,27,3,Minnesota Vikings,Miami Dolphins,3,0,99.9,0.1,213.0,126.0,339.0,77.0,121.0,198.0,game,Total,Over,,32.5,kalshi,3233.0,—,—,,3.0,,miss,,,,—,,
2026-10-04T23:00:39.811782+00:00,nfl,2026,4,401872974,4018729741302,2,11:21,"(Shotgun) K.Murray pass short middle to J.Addison to MIN 28 for 1 yard (J.Rodriguez; J.Brooks).PENALTY on MIN-J.Addison, Illegal Shift, 5 yards, enforced at MIN 27 - No Play.",2,1,MIN 27,27,3,Minnesota Vikings,Miami Dolphins,3,0,99.9,0.1,213.0,126.0,339.0,77.0,121.0,198.0,game,Total,,,32.5,,,—,—,,3.0,,hit,,,,—,,
2026-10-04T23:00:39.811782+00:00,nfl,2026,4,401872974,4018729741302,2,11:21,"(Shotgun) K.Murray pass short middle to J.Addison to MIN 28 for 1 yard (J.Rodriguez; J.Brooks).PENALTY on MIN-J.Addison, Illegal Shift, 5 yards, enforced at MIN 27 - No Play.",2,1,MIN 27,27,3,Minnesota Vikings,Miami Dolphins,3,0,99.9,0.1,213.0,126.0,339.0,77.0,121.0,198.0,game,ML,Miami Dolphins,,,betfair,9678.0,—,—,,Loss,,miss,,,,—,,
2026-10-04T23:00:39.811782+00:00,nfl,2026,4,401872974,4018729741338,2,10:53,(Shotgun) K.Murray pass short left to G.Bartholomew to MIN 26 for 4 yards (J.Rodriguez).,2,6,MIN 22,22,3,Minnesota Vikings,Miami Dolphins,3,0,99.9,0.1,213.0,126.0,339.0,77.0,121.0,198.0,game,Spread,Minnesota Vikings,,5.5,polymarket,1566.0,—,—,,+3,,hit,,,,—,,
2026-10-04T23:00:39.811782+00:00,nfl,2026,4,401872974,4018729741338,2,10:53,(Shotgun) K.Murray pass short left to G.Bartholomew to MIN 26 for 4 yards (J.Rodriguez).,2,6,MIN 22,22,3,Minnesota Vikings,Miami Dolphins,3,0,99.9,0.1,213.0,126.0,339.0,77.0,121.0,198.0,game,Spread,Minnesota Vikings,,-5.5,polymarket,1566.0,—,—,,+3,,miss,,,,—,,
2026-10-04T23:00:39.811782+00:00,nfl,2026,4,401872974,4018729741338,2,10:53,(Shotgun) K.Murray pass short left to G.Bartholomew to MIN 26 for 4 yards (J.Rodriguez).,2,6,MIN 22,22,3,Minnesota Vikings,Miami Dolphins,3,0,99.9,0.1,213.0,126.0,339.0,77.0,121.0,198.0,game,Total,Over,,32.5,kalshi,3233.0,—,—,,3.0,,miss,,,,—,,
2026-10-04T23:00:39.811782+00:00,nfl,2026,4,401872974,4018729741338,2,10:53,(Shotgun) K.Murray pass short left to G.Bartholomew to MIN 26 for 4 yards (J.Rodriguez).,2,6,MIN 22,22,3,Minnesota Vikings,Miami Dolphins,3,0,99.9,0.1,213.0,126.0,339.0,77.0,121.0,198.0,game,Total,,,32.5,,,—,—,,3.0,,hit,,,,—,,
2026-10-04T23:00:39.811782+00:00,nfl,2026,4,401872974,4018729741338,2,10:53,(Shotgun) K.Murray pass short left to G.Bartholomew to MIN 26 for 4 yards (J.Rodriguez).,2,6,MIN 22,22,3,Minnesota Vikings,Miami Dolphins,3,0,99.9,0.1,213.0,126.0,339.0,77.0,121.0,198.0,game,ML,Miami Dolphins,,,betfair,9678.0,—,—,,Loss,,miss,,,,—,,
2026-10-04T23:00:39.811782+00:00,nfl,2026,4,401872974,4018729741363,2,10:15,K.Murray pass short right to A.Jones to MIN 41 for 15 yards (J.Rodriguez; C.Johnson).,3,2,MIN 26,26,3,Minnesota Vikings,Miami Dolphins,3,0,99.9,0.1,213.0,126.0,339.0,77.0,121.0,198.0,game,Spread,Minnesota Vikings,,5.5,polymarket,1566.0,—,—,,+3,,hit,,,,—,,
2026-10-04T23:00:39.811782+00:00,nfl,2026,4,401872974,4018729741363,2,10:15,K.Murray pass short right to A.Jones to MIN 41 for 15 yards (J.Rodriguez; C.Johnson).,3,2,MIN 26,26,3,Minnesota Vikings,Miami Dolphins,3,0,99.9,0.1,213.0,126.0,339.0,77.0,121.0,198.0,game,Spread,Minnesota Vikings,,-5.5,polymarket,1566.0,—,—,,+3,,miss,,,,—,,
2026-10-04T23:00:39.811782+00:00,nfl,2026,4,401872974,4018729741363,2,10:15,K.Murray pass short right to A.Jones to MIN 41 for 15 yards (J.Rodriguez; C.Johnson).,3,2,MIN 26,26,3,Minnesota Vikings,Miami Dolphins,3,0,99.9,0.1,213.0,126.0,339.0,77.0,121.0,198.0,game,Total,Over,,32.5,kalshi,3233.0,—,—,,3.0,,miss,,,,—,,
2026-10-04T23:00:39.811782+00:00,nfl,2026,4,401872974,4018729741363,2,10:15,K.Murray pass short right to A.Jones to MIN 41 for 15 yards (J.Rodriguez; C.Johnson).,3,2,MIN 26,26,3,Minnesota Vikings,Miami Dolphins,3,0,99.9,0.1,213.0,126.0,339.0,77.0,121.0,198.0,game,Total,,,32.5,,,—,—,,3.0,,hit,,,,—,,
2026-10-04T23:00:39.811782+00:00,nfl,2026,4,401872974,4018729741363,2,10:15,K.Murray pass short right to A.Jones to MIN 41 for 15 yards (J.Rodriguez; C.Johnson).,3,2,MIN 26,26,3,Minnesota Vikings,Miami Dolphins,3,0,99.9,0.1,213.0,126.0,339.0,77.0,121.0,198.0,game,ML,Miami Dolphins,,,betfair,9678.0,—,—,,Loss,,miss,,,,—,,
2026-10-04T23:00:39.811782+00:00,nfl,2026,4,401872974,4018729741388,2,9:45,"(No Huddle, Shotgun) PENALTY on MIN-J.Huber, False Start, 5 yards, enforced at MIN 41 - No Play.",1,10,MIN 41,41,3,Minnesota Vikings,Miami Dolphins,3,0,99.9,0.1,213.0,126.0,339.0,77.0,121.0,198.0,game,Spread,Minnesota Vikings,,5.5,polymarket,1566.0,—,—,,+3,,hit,,,,—,,
2026-10-04T23:00:39.811782+00:00,nfl,2026,4,401872974,4018729741388,2,9:45,"(No Huddle, Shotgun) PENALTY on MIN-J.Huber, False Start, 5 yards, enforced at MIN 41 - No Play.",1,10,MIN 41,41,3,Minnesota Vikings,Miami Dolphins,3,0,99.9,0.1,213.0,126.0,339.0,77.0,121.0,198.0,game,Spread,Minnesota Vikings,,-5.5,polymarket,1566.0,—,—,,+3,,miss,,,,—,,
2026-10-04T23:00:39.811782+00:00,nfl,2026,4,401872974,4018729741388,2,9:45,"(No Huddle, Shotgun) PENALTY on MIN-J.Huber, False Start, 5 yards, enforced at MIN 41 - No Play.",1,10,MIN 41,41,3,Minnesota Vikings,Miami Dolphins,3,0,99.9,0.1,213.0,126.0,339.0,77.0,121.0,198.0,game,Total,Over,,32.5,kalshi,3233.0,—,—,,3.0,,miss,,,,—,,
2026-10-04T23:00:39.811782+00:00,nfl,2026,4,401872974,4018729741388,2,9:45,"(No Huddle, Shotgun) PENALTY on MIN-J.Huber, False Start, 5 yards, enforced at MIN 41 - No Play.",1,10,MIN 41,41,3,Minnesota Vikings,Miami Dolphins,3,0,99.9,0.1,213.0,126.0,339.0,77.0,121.0,198.0,game,Total,,,32.5,,,—,—,,3.0,,hit,,,,—,,
2026-10-04T23:00:39.811782+00:00,nfl,2026,4,401872974,4018729741388,2,9:45,"(No Huddle, Shotgun) PENALTY on MIN-J.Huber, False Start, 5 yards, enforced at MIN 41 - No Play.",1,10,MIN 41,41,3,Minnesota Vikings,Miami Dolphins,3,0,99.9,0.1,213.0,126.0,339.0,77.0,121.0,198.0,game,ML,Miami Dolphins,,,betfair,9678.0,—,—,,Loss,,miss,,,,—,,
2026-10-04T23:00:39.811782+00:00,nfl,2026,4,401872974,4018729741412,2,9:25,(Shotgun) K.Murray pass incomplete short right [R.McGraw].,1,15,MIN 36,36,3,Minnesota Vikings,Miami Dolphins,3,0,99.9,0.1,213.0,126.0,339.0,77.0,121.0,198.0,game,Spread,Minnesota Vikings,,5.5,polymarket,1566.0,—,—,,+3,,hit,,,,—,,
2026-10-04T23:00:39.811782+00:00,nfl,2026,4,401872974,4018729741412,2,9:25,(Shotgun) K.Murray pass incomplete short right [R.McGraw].,1,15,MIN 36,36,3,Minnesota Vikings,Miami Dolphins,3,0,99.9,0.1,213.0,126.0,339.0,77.0,121.0,198.0,game,Spread,Minnesota Vikings,,-5.5,polymarket,1566.0,—,—,,+3,,miss,,,,—,,
2026-10-04T23:00:39.811782+00:00,nfl,2026,4,401872974,4018729741412,2,9:25,(Shotgun) K.Murray pass incomplete short right [R.McGraw].,1,15,MIN 36,36,3,Minnesota Vikings,Miami Dolphins,3,0,99.9,0.1,213.0,126.0,339.0,77.0,121.0,198.0,game,Total,Over,,32.5,kalshi,3233.0,—,—,,3.0,,miss,,,,—,,
2026-10-04T23:00:39.811782+00:00,nfl,2026,4,401872974,4018729741412,2,9:25,(Shotgun) K.Murray pass incomplete short right [R.McGraw].,1,15,MIN 36,36,3,Minnesota Vikings,Miami Dolphins,3,0,99.9,0.1,213.0,126.0,339.0,77.0,121.0,198.0,game,Total,,,32.5,,,—,—,,3.0,,hit,,,,—,,
2026-10-04T23:00:39.811782+00:00,nfl,2026,4,401872974,4018729741412,2,9:25,(Shotgun) K.Murray pass incomplete short right [R.McGraw].,1,15,MIN 36,36,3,Minnesota Vikings,Miami Dolphins,3,0,99.9,0.1,213.0,126.0,339.0,77.0,121.0,198.0,game,ML,Miami Dolphins,,,betfair,9678.0,—,—,,Loss,,miss,,,,—,,
2026-10-04T23:00:39.811782+00:00,nfl,2026,4,401872974,4018729741435,2,9:17,(Shotgun) K.Murray pass short right to T.Hockenson to MIA 49 for 15 yards (D.Trader).,2,15,MIN 36,36,3,Minnesota Vikings,Miami Dolphins,3,0,99.9,0.1,213.0,126.0,339.0,77.0,121.0,198.0,game,Spread,Minnesota Vikings,,5.5,polymarket,1566.0,—,—,,+3,,hit,,,,—,,
2026-10-04T23:00:39.811782+00:00,nfl,2026,4,401872974,4018729741435,2,9:17,(Shotgun) K.Murray pass short right to T.Hockenson to MIA 49 for 15 yards (D.Trader).,2,15,MIN 36,36,3,Minnesota Vikings,Miami Dolphins,3,0,99.9,0.1,213.0,126.0,339.0,77.0,121.0,198.0,game,Spread,Minnesota Vikings,,-5.5,polymarket,1566.0,—,—,,+3,,miss,,,,—,,
2026-10-04T23:00:39.811782+00:00,nfl,2026,4,401872974,4018729741435,2,9:17,(Shotgun) K.Murray pass short right to T.Hockenson to MIA 49 for 15 yards (D.Trader).,2,15,MIN 36,36,3,Minnesota Vikings,Miami Dolphins,3,0,99.9,0.1,213.0,126.0,339.0,77.0,121.0,198.0,game,Total,Over,,32.5,kalshi,3233.0,—,—,,3.0,,miss,,,,—,,
2026-10-04T23:00:39.811782+00:00,nfl,2026,4,401872974,4018729741435,2,9:17,(Shotgun) K.Murray pass short right to T.Hockenson to MIA 49 for 15 yards (D.Trader).,2,15,MIN 36,36,3,Minnesota Vikings,Miami Dolphins,3,0,99.9,0.1,213.0,126.0,339.0,77.0,121.0,198.0,game,Total,,,32.5,,,—,—,,3.0,,hit,,,,—,,
2026-10-04T23:00:39.811782+00:00,nfl,2026,4,401872974,4018729741435,2,9:17,(Shotgun) K.Murray pass short right to T.Hockenson to MIA 49 for 15 yards (D.Trader).,2,15,MIN 36,36,3,Minnesota Vikings,Miami Dolphins,3,0,99.9,0.1,213.0,126.0,339.0,77.0,121.0,198.0,game,ML,Miami Dolphins,,,betfair,9678.0,—,—,,Loss,,miss,,,,—,,
2026-10-04T23:00:39.811782+00:00,nfl,2026,4,401872974,4018729741460,2,8:50,"(No Huddle, Shotgun) A.Jones right tackle to MIA 34 for 15 yards (D.Trader).",1,10,MIA 49,51,3,Minnesota Vikings,Miami Dolphins,3,0,99.9,0.1,213.0,126.0,339.0,77.0,121.0,198.0,game,Spread,Minnesota Vikings,,5.5,polymarket,1566.0,—,—,,+3,,hit,,,,—,,
2026-10-04T23:00:39.811782+00:00,nfl,2026,4,401872974,4018729741460,2,8:50,"(No Huddle, Shotgun) A.Jones right tackle to MIA 34 for 15 yards (D.Trader).",1,10,MIA 49,51,3,Minnesota Vikings,Miami Dolphins,3,0,99.9,0.1,213.0,126.0,339.0,77.0,121.0,198.0,game,Spread,Minnesota Vikings,,-5.5,polymarket,1566.0,—,—,,+3,,miss,,,,—,,
2026-10-04T23:00:39.811782+00:00,nfl,2026,4,401872974,4018729741460,2,8:50,"(No Huddle, Shotgun) A.Jones right tackle to MIA 34 for 15 yards (D.Trader).",1,10,MIA 49,51,3,Minnesota Vikings,Miami Dolphins,3,0,99.9,0.1,213.0,126.0,339.0,77.0,121.0,198.0,game,Total,Over,,32.5,kalshi,3233.0,—,—,,3.0,,miss,,,,—,,
2026-10-04T23:00:39.811782+00:00,nfl,2026,4,401872974,4018729741460,2,8:50,"(No Huddle, Shotgun) A.Jones right tackle to MIA 34 for 15 yards (D.Trader).",1,10,MIA 49,51,3,Minnesota Vikings,Miami Dolphins,3,0,99.9,0.1,213.0,126.0,339.0,77.0,121.0,198.0,game,Total,,,32.5,,,—,—,,3.0,,hit,,,,—,,
2026-10-04T23:00:39.811782+00:00,nfl,2026,4,401872974,4018729741460,2,8:50,"(No Huddle, Shotgun) A.Jones right tackle to MIA 34 for 15 yards (D.Trader).",1,10,MIA 49,51,3,Minnesota Vikings,Miami Dolphins,3,0,99.9,0.1,213.0,126.0,339.0,77.0,121.0,198.0,game,ML,Miami Dolphins,,,betfair,9678.0,—,—,,Loss,,miss,,,,—,,
2026-10-04T23:00:39.811782+00:00,nfl,2026,4,401872974,4018729741482,2,8:06,(Shotgun) K.Murray pass incomplete short left to A.Jones [C.Robinson].,1,10,MIA 34,66,3,Minnesota Vikings,Miami Dolphins,3,0,99.9,0.1,213.0,126.0,339.0,77.0,121.0,198.0,game,Spread,Minnesota Vikings,,5.5,polymarket,1566.0,—,—,,+3,,hit,,,,—,,
2026-10-04T23:00:39.811782+00:00,nfl,2026,4,401872974,4018729741482,2,8:06,(Shotgun) K.Murray pass incomplete short left to A.Jones [C.Robinson].,1,10,MIA 34,66,3,Minnesota Vikings,Miami Dolphins,3,0,99.9,0.1,213.0,126.0,339.0,77.0,121.0,198.0,game,Spread,Minnesota Vikings,,-5.5,polymarket,1566.0,—,—,,+3,,miss,,,,—,,
2026-10-04T23:00:39.811782+00:00,nfl,2026,4,401872974,4018729741482,2,8:06,(Shotgun) K.Murray pass incomplete short left to A.Jones [C.Robinson].,1,10,MIA 34,66,3,Minnesota Vikings,Miami Dolphins,3,0,99.9,0.1,213.0,126.0,339.0,77.0,121.0,198.0,game,Total,Over,,32.5,kalshi,3233.0,—,—,,3.0,,miss,,,,—,,
2026-10-04T23:00:39.811782+00:00,nfl,2026,4,401872974,4018729741482,2,8:06,(Shotgun) K.Murray pass incomplete short left to A.Jones [C.Robinson].,1,10,MIA 34,66,3,Minnesota Vikings,Miami Dolphins,3,0,99.9,0.1,213.0,126.0,339.0,77.0,121.0,198.0,game,Total,,,32.5,,,—,—,,3.0,,hit,,,,—,,
2026-10-04T23:00:39.811782+00:00,nfl,2026,4,401872974,4018729741482,2,8:06,(Shotgun) K.Murray pass incomplete short left to A.Jones [C.Robinson].,1,10,MIA 34,66,3,Minnesota Vikings,Miami Dolphins,3,0,99.9,0.1,213.0,126.0,339.0,77.0,121.0,198.0,game,ML,Miami Dolphins,,,betfair,9678.0,—,—,,Loss,,miss,,,,—,,
2026-10-04T23:00:39.811782+00:00,nfl,2026,4,401872974,4018729741505,2,8:01,(Shotgun) M.Price left end to MIA 32 for 2 yards (M.Taaffe).,2,10,MIA 34,66,3,Minnesota Vikings,Miami Dolphins,3,0,99.9,0.1,213.0,126.0,339.0,77.0,121.0,198.0,game,Spread,Minnesota Vikings,,5.5,polymarket,1566.0,—,—,,+3,,hit,,,,—,,
2026-10-04T23:00:39.811782+00:00,nfl,2026,4,401872974,4018729741505,2,8:01,(Shotgun) M.Price left end to MIA 32 for 2 yards (M.Taaffe).,2,10,MIA 34,66,3,Minnesota Vikings,Miami Dolphins,3,0,99.9,0.1,213.0,126.0,339.0,77.0,121.0,198.0,game,Spread,Minnesota Vikings,,-5.5,polymarket,1566.0,—,—,,+3,,miss,,,,—,,
2026-10-04T23:00:39.811782+00:00,nfl,2026,4,401872974,4018729741505,2,8:01,(Shotgun) M.Price left end to MIA 32 for 2 yards (M.Taaffe).,2,10,MIA 34,66,3,Minnesota Vikings,Miami Dolphins,3,0,99.9,0.1,213.0,126.0,339.0,77.0,121.0,198.0,game,Total,Over,,32.5,kalshi,3233.0,—,—,,3.0,,miss,,,,—,,
2026-10-04T23:00:39.811782+00:00,nfl,2026,4,401872974,4018729741505,2,8:01,(Shotgun) M.Price left end to MIA 32 for 2 yards (M.Taaffe).,2,10,MIA 34,66,3,Minnesota Vikings,Miami Dolphins,3,0,99.9,0.1,213.0,126.0,339.0,77.0,121.0,198.0,game,Total,,,32.5,,,—,—,,3.0,,hit,,,,—,,
2026-10-04T23:00:39.811782+00:00,nfl,2026,4,401872974,4018729741505,2,8:01,(Shotgun) M.Price left end to MIA 32 for 2 yards (M.Taaffe).,2,10,MIA 34,66,3,Minnesota Vikings,Miami Dolphins,3,0,99.9,0.1,213.0,126.0,339.0,77.0,121.0,198.0,game,ML,Miami Dolphins,,,betfair,9678.0,—,—,,Loss,,miss,,,,—,,
2026-10-04T23:00:39.811782+00:00,nfl,2026,4,401872974,4018729741527,2,7:19,(Shotgun) K.Murray pass incomplete short middle [C.Robinson].,3,8,MIA 32,68,3,Minnesota Vikings,Miami Dolphins,3,0,99.9,0.1,213.0,126.0,339.0,77.0,121.0,198.0,game,Spread,Minnesota Vikings,,5.5,polymarket,1566.0,—,—,,+3,,hit,,,,—,,
2026-10-04T23:00:39.811782+00:00,nfl,2026,4,401872974,4018729741527,2,7:19,(Shotgun) K.Murray pass incomplete short middle [C.Robinson].,3,8,MIA 32,68,3,Minnesota Vikings,Miami Dolphins,3,0,99.9,0.1,213.0,126.0,339.0,77.0,121.0,198.0,game,Spread,Minnesota Vikings,,-5.5,polymarket,1566.0,—,—,,+3,,miss,,,,—,,
2026-10-04T23:00:39.811782+00:00,nfl,2026,4,401872974,4018729741527,2,7:19,(Shotgun) K.Murray pass incomplete short middle [C.Robinson].,3,8,MIA 32,68,3,Minnesota Vikings,Miami Dolphins,3,0,99.9,0.1,213.0,126.0,339.0,77.0,121.0,198.0,game,Total,Over,,32.5,kalshi,3233.0,—,—,,3.0,,miss,,,,—,,
2026-10-04T23:00:39.811782+00:00,nfl,2026,4,401872974,4018729741527,2,7:19,(Shotgun) K.Murray pass incomplete short middle [C.Robinson].,3,8,MIA 32,68,3,Minnesota Vikings,Miami Dolphins,3,0,99.9,0.1,213.0,126.0,339.0,77.0,121.0,198.0,game,Total,,,32.5,,,—,—,,3.0,,hit,,,,—,,
2026-10-04T23:00:39.811782+00:00,nfl,2026,4,401872974,4018729741527,2,7:19,(Shotgun) K.Murray pass incomplete short middle [C.Robinson].,3,8,MIA 32,68,3,Minnesota Vikings,Miami Dolphins,3,0,99.9,0.1,213.0,126.0,339.0,77.0,121.0,198.0,game,ML,Miami Dolphins,,,betfair,9678.0,—,—,,Loss,,miss,,,,—,,
2026-10-04T23:00:39.811782+00:00,nfl,2026,4,401872974,4018729741560,2,7:08,Official Timeout at 07:08.,-1,2,MIN 35,35,6,Minnesota Vikings,Miami Dolphins,6,0,99.9,0.1,213.0,126.0,339.0,77.0,121.0,198.0,game,Spread,Minnesota Vikings,,5.5,polymarket,1566.0,—,—,,+6,,hit,,,,—,,
2026-10-04T23:00:39.811782+00:00,nfl,2026,4,401872974,4018729741560,2,7:08,Official Timeout at 07:08.,-1,2,MIN 35,35,6,Minnesota Vikings,Miami Dolphins,6,0,99.9,0.1,213.0,126.0,339.0,77.0,121.0,198.0,game,Spread,Minnesota Vikings,,-5.5,polymarket,1566.0,—,—,,+6,,hit,,,,—,,
2026-10-04T23:00:39.811782+00:00,nfl,2026,4,401872974,4018729741560,2,7:08,Official Timeout at 07:08.,-1,2,MIN 35,35,6,Minnesota Vikings,Miami Dolphins,6,0,99.9,0.1,213.0,126.0,339.0,77.0,121.0,198.0,game,Total,Over,,32.5,kalshi,3233.0,—,—,,6.0,,miss,,,,—,,
2026-10-04T23:00:39.811782+00:00,nfl,2026,4,401872974,4018729741560,2,7:08,Official Timeout at 07:08.,-1,2,MIN 35,35,6,Minnesota Vikings,Miami Dolphins,6,0,99.9,0.1,213.0,126.0,339.0,77.0,121.0,198.0,game,Total,,,32.5,,,—,—,,6.0,,hit,,,,—,,
2026-10-04T23:00:39.811782+00:00,nfl,2026,4,401872974,4018729741560,2,7:08,Official Timeout at 07:08.,-1,2,MIN 35,35,6,Minnesota Vikings,Miami Dolphins,6,0,99.9,0.1,213.0,126.0,339.0,77.0,121.0,198.0,game,ML,Miami Dolphins,,,betfair,9678.0,—,—,,Loss,,miss,,,,—,,
2026-10-04T23:00:39.811782+00:00,nfl,2026,4,401872974,4018729741550,2,7:08,"W.Reichard 50 yard field goal is GOOD, Center-A.DePaola, Holder-J.Hekker.",4,8,MIA 32,68,6,Minnesota Vikings,Miami Dolphins,6,0,99.9,0.1,213.0,126.0,339.0,77.0,121.0,198.0,game,Spread,Minnesota Vikings,,5.5,polymarket,1566.0,—,—,,+6,,hit,,,,—,,
2026-10-04T23:00:39.811782+00:00,nfl,2026,4,401872974,4018729741550,2,7:08,"W.Reichard 50 yard field goal is GOOD, Center-A.DePaola, Holder-J.Hekker.",4,8,MIA 32,68,6,Minnesota Vikings,Miami Dolphins,6,0,99.9,0.1,213.0,126.0,339.0,77.0,121.0,198.0,game,Spread,Minnesota Vikings,,-5.5,polymarket,1566.0,—,—,,+6,,hit,,,,—,,
2026-10-04T23:00:39.811782+00:00,nfl,2026,4,401872974,4018729741550,2,7:08,"W.Reichard 50 yard field goal is GOOD, Center-A.DePaola, Holder-J.Hekker.",4,8,MIA 32,68,6,Minnesota Vikings,Miami Dolphins,6,0,99.9,0.1,213.0,126.0,339.0,77.0,121.0,198.0,game,Total,Over,,32.5,kalshi,3233.0,—,—,,6.0,,miss,,,,—,,
2026-10-04T23:00:39.811782+00:00,nfl,2026,4,401872974,4018729741550,2,7:08,"W.Reichard 50 yard field goal is GOOD, Center-A.DePaola, Holder-J.Hekker.",4,8,MIA 32,68,6,Minnesota Vikings,Miami Dolphins,6,0,99.9,0.1,213.0,126.0,339.0,77.0,121.0,198.0,game,Total,,,32.5,,,—,—,,6.0,,hit,,,,—,,
2026-10-04T23:00:39.811782+00:00,nfl,2026,4,401872974,4018729741550,2,7:08,"W.Reichard 50 yard field goal is GOOD, Center-A.DePaola, Holder-J.Hekker.",4,8,MIA 32,68,6,Minnesota Vikings,Miami Dolphins,6,0,99.9,0.1,213.0,126.0,339.0,77.0,121.0,198.0,game,ML,Miami Dolphins,,,betfair,9678.0,—,—,,Loss,,miss,,,,—,,
2026-10-04T23:00:39.811782+00:00,nfl,2026,4,401872974,4018729741570,2,7:08,W.Reichard kicks 65 yards from MIN 35 to MIA 0. J.Wright pushed ob at MIA 28 for 28 yards (J.Golday).,1,2,MIA 2,35,6,Minnesota Vikings,Miami Dolphins,6,0,99.9,0.1,213.0,126.0,339.0,77.0,121.0,198.0,game,Spread,Minnesota Vikings,,5.5,polymarket,1566.0,—,—,,+6,,hit,,,,—,,
2026-10-04T23:00:39.811782+00:00,nfl,2026,4,401872974,4018729741570,2,7:08,W.Reichard kicks 65 yards from MIN 35 to MIA 0. J.Wright pushed ob at MIA 28 for 28 yards (J.Golday).,1,2,MIA 2,35,6,Minnesota Vikings,Miami Dolphins,6,0,99.9,0.1,213.0,126.0,339.0,77.0,121.0,198.0,game,Spread,Minnesota Vikings,,-5.5,polymarket,1566.0,—,—,,+6,,hit,,,,—,,
2026-10-04T23:00:39.811782+00:00,nfl,2026,4,401872974,4018729741570,2,7:08,W.Reichard kicks 65 yards from MIN 35 to MIA 0. J.Wright pushed ob at MIA 28 for 28 yards (J.Golday).,1,2,MIA 2,35,6,Minnesota Vikings,Miami Dolphins,6,0,99.9,0.1,213.0,126.0,339.0,77.0,121.0,198.0,game,Total,Over,,32.5,kalshi,3233.0,—,—,,6.0,,miss,,,,—,,
2026-10-04T23:00:39.811782+00:00,nfl,2026,4,401872974,4018729741570,2,7:08,W.Reichard kicks 65 yards from MIN 35 to MIA 0. J.Wright pushed ob at MIA 28 for 28 yards (J.Golday).,1,2,MIA 2,35,6,Minnesota Vikings,Miami Dolphins,6,0,99.9,0.1,213.0,126.0,339.0,77.0,121.0,198.0,game,Total,,,32.5,,,—,—,,6.0,,hit,,,,—,,
2026-10-04T23:00:39.811782+00:00,nfl,2026,4,401872974,4018729741570,2,7:08,W.Reichard kicks 65 yards from MIN 35 to MIA 0. J.Wright pushed ob at MIA 28 for 28 yards (J.Golday).,1,2,MIA 2,35,6,Minnesota Vikings,Miami Dolphins,6,0,99.9,0.1,213.0,126.0,339.0,77.0,121.0,198.0,game,ML,Miami Dolphins,,,betfair,9678.0,—,—,,Loss,,miss,,,,—,,
2026-10-04T23:00:39.811782+00:00,nfl,2026,4,401872974,4018729741605,2,7:04,"(Shotgun) M.Willis left end pushed ob at MIA 31 for 3 yards (B.Murphy).PENALTY on MIN-D.Orange, Unnecessary Roughness, 15 yards, enforced at MIA 31.",1,10,MIA 28,72,6,Minnesota Vikings,Miami Dolphins,6,0,99.9,0.1,213.0,126.0,339.0,77.0,121.0,198.0,game,Spread,Minnesota Vikings,,5.5,polymarket,1566.0,—,—,,+6,,hit,,,,—,,
2026-10-04T23:00:39.811782+00:00,nfl,2026,4,401872974,4018729741605,2,7:04,"(Shotgun) M.Willis left end pushed ob at MIA 31 for 3 yards (B.Murphy).PENALTY on MIN-D.Orange, Unnecessary Roughness, 15 yards, enforced at MIA 31.",1,10,MIA 28,72,6,Minnesota Vikings,Miami Dolphins,6,0,99.9,0.1,213.0,126.0,339.0,77.0,121.0,198.0,game,Spread,Minnesota Vikings,,-5.5,polymarket,1566.0,—,—,,+6,,hit,,,,—,,
2026-10-04T23:00:39.811782+00:00,nfl,2026,4,401872974,4018729741605,2,7:04,"(Shotgun) M.Willis left end pushed ob at MIA 31 for 3 yards (B.Murphy).PENALTY on MIN-D.Orange, Unnecessary Roughness, 15 yards, enforced at MIA 31.",1,10,MIA 28,72,6,Minnesota Vikings,Miami Dolphins,6,0,99.9,0.1,213.0,126.0,339.0,77.0,121.0,198.0,game,Total,Over,,32.5,kalshi,3233.0,—,—,,6.0,,miss,,,,—,,
2026-10-04T23:00:39.811782+00:00,nfl,2026,4,401872974,4018729741605,2,7:04,"(Shotgun) M.Willis left end pushed ob at MIA 31 for 3 yards (B.Murphy).PENALTY on MIN-D.Orange, Unnecessary Roughness, 15 yards, enforced at MIA 31.",1,10,MIA 28,72,6,Minnesota Vikings,Miami Dolphins,6,0,99.9,0.1,213.0,126.0,339.0,77.0,121.0,198.0,game,Total,,,32.5,,,—,—,,6.0,,hit,,,,—,,
2026-10-04T23:00:39.811782+00:00,nfl,2026,4,401872974,4018729741605,2,7:04,"(Shotgun) M.Willis left end pushed ob at MIA 31 for 3 yards (B.Murphy).PENALTY on MIN-D.Orange, Unnecessary Roughness, 15 yards, enforced at MIA 31.",1,10,MIA 28,72,6,Minnesota Vikings,Miami Dolphins,6,0,99.9,0.1,213.0,126.0,339.0,77.0,121.0,198.0,game,ML,Miami Dolphins,,,betfair,9678.0,—,—,,Loss,,miss,,,,—,,
2026-10-04T23:00:39.811782+00:00,nfl,2026,4,401872974,4018729741638,2,6:46,"PENALTY on MIA-C.Bell, False Start, 5 yards, enforced at MIA 46 - No Play.",1,10,MIA 46,54,6,Minnesota Vikings,Miami Dolphins,6,0,99.9,0.1,213.0,126.0,339.0,77.0,121.0,198.0,game,Spread,Minnesota Vikings,,5.5,polymarket,1566.0,—,—,,+6,,hit,,,,—,,
2026-10-04T23:00:39.811782+00:00,nfl,2026,4,401872974,4018729741638,2,6:46,"PENALTY on MIA-C.Bell, False Start, 5 yards, enforced at MIA 46 - No Play.",1,10,MIA 46,54,6,Minnesota Vikings,Miami Dolphins,6,0,99.9,0.1,213.0,126.0,339.0,77.0,121.0,198.0,game,Spread,Minnesota Vikings,,-5.5,polymarket,1566.0,—,—,,+6,,hit,,,,—,,
2026-10-04T23:00:39.811782+00:00,nfl,2026,4,401872974,4018729741638,2,6:46,"PENALTY on MIA-C.Bell, False Start, 5 yards, enforced at MIA 46 - No Play.",1,10,MIA 46,54,6,Minnesota Vikings,Miami Dolphins,6,0,99.9,0.1,213.0,126.0,339.0,77.0,121.0,198.0,game,Total,Over,,32.5,kalshi,3233.0,—,—,,6.0,,miss,,,,—,,
2026-10-04T23:00:39.811782+00:00,nfl,2026,4,401872974,4018729741638,2,6:46,"PENALTY on MIA-C.Bell, False Start, 5 yards, enforced at MIA 46 - No Play.",1,10,MIA 46,54,6,Minnesota Vikings,Miami Dolphins,6,0,99.9,0.1,213.0,126.0,339.0,77.0,121.0,198.0,game,Total,,,32.5,,,—,—,,6.0,,hit,,,,—,,
2026-10-04T23:00:39.811782+00:00,nfl,2026,4,401872974,4018729741638,2,6:46,"PENALTY on MIA-C.Bell, False Start, 5 yards, enforced at MIA 46 - No Play.",1,10,MIA 46,54,6,Minnesota Vikings,Miami Dolphins,6,0,99.9,0.1,213.0,126.0,339.0,77.0,121.0,198.0,game,ML,Miami Dolphins,,,betfair,9678.0,—,—,,Loss,,miss,,,,—,,
2026-10-04T23:00:39.811782+00:00,nfl,2026,4,401872974,4018729741662,2,6:25,(Shotgun) J.Wright right guard to MIA 48 for 7 yards (J.Metellus).,1,15,MIA 41,59,6,Minnesota Vikings,Miami Dolphins,6,0,99.9,0.1,213.0,126.0,339.0,77.0,121.0,198.0,game,Spread,Minnesota Vikings,,5.5,polymarket,1566.0,—,—,,+6,,hit,,,,—,,
2026-10-04T23:00:39.811782+00:00,nfl,2026,4,401872974,4018729741662,2,6:25,(Shotgun) J.Wright right guard to MIA 48 for 7 yards (J.Metellus).,1,15,MIA 41,59,6,Minnesota Vikings,Miami Dolphins,6,0,99.9,0.1,213.0,126.0,339.0,77.0,121.0,198.0,game,Spread,Minnesota Vikings,,-5.5,polymarket,1566.0,—,—,,+6,,hit,,,,—,,
2026-10-04T23:00:39.811782+00:00,nfl,2026,4,401872974,4018729741662,2,6:25,(Shotgun) J.Wright right guard to MIA 48 for 7 yards (J.Metellus).,1,15,MIA 41,59,6,Minnesota Vikings,Miami Dolphins,6,0,99.9,0.1,213.0,126.0,339.0,77.0,121.0,198.0,game,Total,Over,,32.5,kalshi,3233.0,—,—,,6.0,,miss,,,,—,,
2026-10-04T23:00:39.811782+00:00,nfl,2026,4,401872974,4018729741662,2,6:25,(Shotgun) J.Wright right guard to MIA 48 for 7 yards (J.Metellus).,1,15,MIA 41,59,6,Minnesota Vikings,Miami Dolphins,6,0,99.9,0.1,213.0,126.0,339.0,77.0,121.0,198.0,game,Total,,,32.5,,,—,—,,6.0,,hit,,,,—,,
2026-10-04T23:00:39.811782+00:00,nfl,2026,4,401872974,4018729741662,2,6:25,(Shotgun) J.Wright right guard to MIA 48 for 7 yards (J.Metellus).,1,15,MIA 41,59,6,Minnesota Vikings,Miami Dolphins,6,0,99.9,0.1,213.0,126.0,339.0,77.0,121.0,198.0,game,ML,Miami Dolphins,,,betfair,9678.0,—,—,,Loss,,miss,,,,—,,
2026-10-04T23:00:39.811782+00:00,nfl,2026,4,401872974,4018729741684,2,5:50,"(Shotgun) M.Willis pass incomplete short left to J.Wright.Minnesota challenged the incomplete pass ruling, and the play was REVERSED.(Shotgun) M.Willis sacked at MIA 39 for -9 yards (D.Turner). FUMBLES (D.Turner), RECOVERED by MIN-B.Cashman at 50.",2,8,MIA 48,52,6,Minnesota Vikings,Miami Dolphins,6,0,99.9,0.1,213.0,126.0,339.0,77.0,121.0,198.0,game,Spread,Minnesota Vikings,,5.5,polymarket,1566.0,—,—,,+6,,hit,,,,—,,
2026-10-04T23:00:39.811782+00:00,nfl,2026,4,401872974,4018729741684,2,5:50,"(Shotgun) M.Willis pass incomplete short left to J.Wright.Minnesota challenged the incomplete pass ruling, and the play was REVERSED.(Shotgun) M.Willis sacked at MIA 39 for -9 yards (D.Turner). FUMBLES (D.Turner), RECOVERED by MIN-B.Cashman at 50.",2,8,MIA 48,52,6,Minnesota Vikings,Miami Dolphins,6,0,99.9,0.1,213.0,126.0,339.0,77.0,121.0,198.0,game,Spread,Minnesota Vikings,,-5.5,polymarket,1566.0,—,—,,+6,,hit,,,,—,,
2026-10-04T23:00:39.811782+00:00,nfl,2026,4,401872974,4018729741684,2,5:50,"(Shotgun) M.Willis pass incomplete short left to J.Wright.Minnesota challenged the incomplete pass ruling, and the play was REVERSED.(Shotgun) M.Willis sacked at MIA 39 for -9 yards (D.Turner). FUMBLES (D.Turner), RECOVERED by MIN-B.Cashman at 50.",2,8,MIA 48,52,6,Minnesota Vikings,Miami Dolphins,6,0,99.9,0.1,213.0,126.0,339.0,77.0,121.0,198.0,game,Total,Over,,32.5,kalshi,3233.0,—,—,,6.0,,miss,,,,—,,
2026-10-04T23:00:39.811782+00:00,nfl,2026,4,401872974,4018729741684,2,5:50,"(Shotgun) M.Willis pass incomplete short left to J.Wright.Minnesota challenged the incomplete pass ruling, and the play was REVERSED.(Shotgun) M.Willis sacked at MIA 39 for -9 yards (D.Turner). FUMBLES (D.Turner), RECOVERED by MIN-B.Cashman at 50.",2,8,MIA 48,52,6,Minnesota Vikings,Miami Dolphins,6,0,99.9,0.1,213.0,126.0,339.0,77.0,121.0,198.0,game,Total,,,32.5,,,—,—,,6.0,,hit,,,,—,,
2026-10-04T23:00:39.811782+00:00,nfl,2026,4,401872974,4018729741684,2,5:50,"(Shotgun) M.Willis pass incomplete short left to J.Wright.Minnesota challenged the incomplete pass ruling, and the play was REVERSED.(Shotgun) M.Willis sacked at MIA 39 for -9 yards (D.Turner). FUMBLES (D.Turner), RECOVERED by MIN-B.Cashman at 50.",2,8,MIA 48,52,6,Minnesota Vikings,Miami Dolphins,6,0,99.9,0.1,213.0,126.0,339.0,77.0,121.0,198.0,game,ML,Miami Dolphins,,,betfair,9678.0,—,—,,Loss,,miss,,,,—,,
2026-10-04T23:00:39.811782+00:00,nfl,2026,4,401872974,4018729741696,2,5:45,Official Timeout at 05:45.,1,10,50,50,6,Minnesota Vikings,Miami Dolphins,6,0,99.9,0.1,213.0,126.0,339.0,77.0,121.0,198.0,game,Spread,Minnesota Vikings,,5.5,polymarket,1566.0,—,—,,+6,,hit,,,,—,,
2026-10-04T23:00:39.811782+00:00,nfl,2026,4,401872974,4018729741696,2,5:45,Official Timeout at 05:45.,1,10,50,50,6,Minnesota Vikings,Miami Dolphins,6,0,99.9,0.1,213.0,126.0,339.0,77.0,121.0,198.0,game,Spread,Minnesota Vikings,,-5.5,polymarket,1566.0,—,—,,+6,,hit,,,,—,,
2026-10-04T23:00:39.811782+00:00,nfl,2026,4,401872974,4018729741696,2,5:45,Official Timeout at 05:45.,1,10,50,50,6,Minnesota Vikings,Miami Dolphins,6,0,99.9,0.1,213.0,126.0,339.0,77.0,121.0,198.0,game,Total,Over,,32.5,kalshi,3233.0,—,—,,6.0,,miss,,,,—,,
2026-10-04T23:00:39.811782+00:00,nfl,2026,4,401872974,4018729741696,2,5:45,Official Timeout at 05:45.,1,10,50,50,6,Minnesota Vikings,Miami Dolphins,6,0,99.9,0.1,213.0,126.0,339.0,77.0,121.0,198.0,game,Total,,,32.5,,,—,—,,6.0,,hit,,,,—,,
2026-10-04T23:00:39.811782+00:00,nfl,2026,4,401872974,4018729741696,2,5:45,Official Timeout at 05:45.,1,10,50,50,6,Minnesota Vikings,Miami Dolphins,6,0,99.9,0.1,213.0,126.0,339.0,77.0,121.0,198.0,game,ML,Miami Dolphins,,,betfair,9678.0,—,—,,Loss,,miss,,,,—,,
2026-10-04T23:00:39.811782+00:00,nfl,2026,4,401872974,4018729741707,2,5:45,A.Jones left tackle to MIA 48 for 2 yards (R.McGraw). MIN-C.Darrisaw was injured during the play.,1,10,50,50,6,Minnesota Vikings,Miami Dolphins,6,0,99.9,0.1,213.0,126.0,339.0,77.0,121.0,198.0,game,Spread,Minnesota Vikings,,5.5,polymarket,1566.0,—,—,,+6,,hit,,,,—,,
2026-10-04T23:00:39.811782+00:00,nfl,2026,4,401872974,4018729741707,2,5:45,A.Jones left tackle to MIA 48 for 2 yards (R.McGraw). MIN-C.Darrisaw was injured during the play.,1,10,50,50,6,Minnesota Vikings,Miami Dolphins,6,0,99.9,0.1,213.0,126.0,339.0,77.0,121.0,198.0,game,Spread,Minnesota Vikings,,-5.5,polymarket,1566.0,—,—,,+6,,hit,,,,—,,
2026-10-04T23:00:39.811782+00:00,nfl,2026,4,401872974,4018729741707,2,5:45,A.Jones left tackle to MIA 48 for 2 yards (R.McGraw). MIN-C.Darrisaw was injured during the play.,1,10,50,50,6,Minnesota Vikings,Miami Dolphins,6,0,99.9,0.1,213.0,126.0,339.0,77.0,121.0,198.0,game,Total,Over,,32.5,kalshi,3233.0,—,—,,6.0,,miss,,,,—,,
2026-10-04T23:00:39.811782+00:00,nfl,2026,4,401872974,4018729741707,2,5:45,A.Jones left tackle to MIA 48 for 2 yards (R.McGraw). MIN-C.Darrisaw was injured during the play.,1,10,50,50,6,Minnesota Vikings,Miami Dolphins,6,0,99.9,0.1,213.0,126.0,339.0,77.0,121.0,198.0,game,Total,,,32.5,,,—,—,,6.0,,hit,,,,—,,
2026-10-04T23:00:39.811782+00:00,nfl,2026,4,401872974,4018729741707,2,5:45,A.Jones left tackle to MIA 48 for 2 yards (R.McGraw). MIN-C.Darrisaw was injured during the play.,1,10,50,50,6,Minnesota Vikings,Miami Dolphins,6,0,99.9,0.1,213.0,126.0,339.0,77.0,121.0,198.0,game,ML,Miami Dolphins,,,betfair,9678.0,—,—,,Loss,,miss,,,,—,,
2026-10-04T23:00:39.811782+00:00,nfl,2026,4,401872974,4018729741746,2,5:32,Official Timeout at 05:32.,2,8,MIA 48,52,6,Minnesota Vikings,Miami Dolphins,6,0,99.9,0.1,213.0,126.0,339.0,77.0,121.0,198.0,game,Spread,Minnesota Vikings,,5.5,polymarket,1566.0,—,—,,+6,,hit,,,,—,,
2026-10-04T23:00:39.811782+00:00,nfl,2026,4,401872974,4018729741746,2,5:32,Official Timeout at 05:32.,2,8,MIA 48,52,6,Minnesota Vikings,Miami Dolphins,6,0,99.9,0.1,213.0,126.0,339.0,77.0,121.0,198.0,game,Spread,Minnesota Vikings,,-5.5,polymarket,1566.0,—,—,,+6,,hit,,,,—,,
2026-10-04T23:00:39.811782+00:00,nfl,2026,4,401872974,4018729741746,2,5:32,Official Timeout at 05:32.,2,8,MIA 48,52,6,Minnesota Vikings,Miami Dolphins,6,0,99.9,0.1,213.0,126.0,339.0,77.0,121.0,198.0,game,Total,Over,,32.5,kalshi,3233.0,—,—,,6.0,,miss,,,,—,,
2026-10-04T23:00:39.811782+00:00,nfl,2026,4,401872974,4018729741746,2,5:32,Official Timeout at 05:32.,2,8,MIA 48,52,6,Minnesota Vikings,Miami Dolphins,6,0,99.9,0.1,213.0,126.0,339.0,77.0,121.0,198.0,game,Total,,,32.5,,,—,—,,6.0,,hit,,,,—,,
2026-10-04T23:00:39.811782+00:00,nfl,2026,4,401872974,4018729741746,2,5:32,Official Timeout at 05:32.,2,8,MIA 48,52,6,Minnesota Vikings,Miami Dolphins,6,0,99.9,0.1,213.0,126.0,339.0,77.0,121.0,198.0,game,ML,Miami Dolphins,,,betfair,9678.0,—,—,,Loss,,miss,,,,—,,
2026-10-04T23:00:39.811782+00:00,nfl,2026,4,401872974,4018729741784,2,5:09,K.Murray pass incomplete short right to A.Jones.,2,8,MIA 48,52,6,Minnesota Vikings,Miami Dolphins,6,0,99.9,0.1,213.0,126.0,339.0,77.0,121.0,198.0,game,Spread,Minnesota Vikings,,5.5,polymarket,1566.0,—,—,,+6,,hit,,,,—,,
2026-10-04T23:00:39.811782+00:00,nfl,2026,4,401872974,4018729741784,2,5:09,K.Murray pass incomplete short right to A.Jones.,2,8,MIA 48,52,6,Minnesota Vikings,Miami Dolphins,6,0,99.9,0.1,213.0,126.0,339.0,77.0,121.0,198.0,game,Spread,Minnesota Vikings,,-5.5,polymarket,1566.0,—,—,,+6,,hit,,,,—,,
2026-10-04T23:00:39.811782+00:00,nfl,2026,4,401872974,4018729741784,2,5:09,K.Murray pass incomplete short right to A.Jones.,2,8,MIA 48,52,6,Minnesota Vikings,Miami Dolphins,6,0,99.9,0.1,213.0,126.0,339.0,77.0,121.0,198.0,game,Total,Over,,32.5,kalshi,3233.0,—,—,,6.0,,miss,,,,—,,
2026-10-04T23:00:39.811782+00:00,nfl,2026,4,401872974,4018729741784,2,5:09,K.Murray pass incomplete short right to A.Jones.,2,8,MIA 48,52,6,Minnesota Vikings,Miami Dolphins,6,0,99.9,0.1,213.0,126.0,339.0,77.0,121.0,198.0,game,Total,,,32.5,,,—,—,,6.0,,hit,,,,—,,
2026-10-04T23:00:39.811782+00:00,nfl,2026,4,401872974,4018729741784,2,5:09,K.Murray pass incomplete short right to A.Jones.,2,8,MIA 48,52,6,Minnesota Vikings,Miami Dolphins,6,0,99.9,0.1,213.0,126.0,339.0,77.0,121.0,198.0,game,ML,Miami Dolphins,,,betfair,9678.0,—,—,,Loss,,miss,,,,—,,
2026-10-04T23:00:39.811782+00:00,nfl,2026,4,401872974,4018729741814,2,5:06,(Shotgun) K.Murray pass incomplete deep middle to J.Addison.,3,8,MIA 48,52,6,Minnesota Vikings,Miami Dolphins,6,0,99.9,0.1,213.0,126.0,339.0,77.0,121.0,198.0,game,Spread,Minnesota Vikings,,5.5,polymarket,1566.0,—,—,,+6,,hit,,,,—,,
2026-10-04T23:00:39.811782+00:00,nfl,2026,4,401872974,4018729741814,2,5:06,(Shotgun) K.Murray pass incomplete deep middle to J.Addison.,3,8,MIA 48,52,6,Minnesota Vikings,Miami Dolphins,6,0,99.9,0.1,213.0,126.0,339.0,77.0,121.0,198.0,game,Spread,Minnesota Vikings,,-5.5,polymarket,1566.0,—,—,,+6,,hit,,,,—,,
2026-10-04T23:00:39.811782+00:00,nfl,2026,4,401872974,4018729741814,2,5:06,(Shotgun) K.Murray pass incomplete deep middle to J.Addison.,3,8,MIA 48,52,6,Minnesota Vikings,Miami Dolphins,6,0,99.9,0.1,213.0,126.0,339.0,77.0,121.0,198.0,game,Total,Over,,32.5,kalshi,3233.0,—,—,,6.0,,miss,,,,—,,
2026-10-04T23:00:39.811782+00:00,nfl,2026,4,401872974,4018729741814,2,5:06,(Shotgun) K.Murray pass incomplete deep middle to J.Addison.,3,8,MIA 48,52,6,Minnesota Vikings,Miami Dolphins,6,0,99.9,0.1,213.0,126.0,339.0,77.0,121.0,198.0,game,Total,,,32.5,,,—,—,,6.0,,hit,,,,—,,
2026-10-04T23:00:39.811782+00:00,nfl,2026,4,401872974,4018729741814,2,5:06,(Shotgun) K.Murray pass incomplete deep middle to J.Addison.,3,8,MIA 48,52,6,Minnesota Vikings,Miami Dolphins,6,0,99.9,0.1,213.0,126.0,339.0,77.0,121.0,198.0,game,ML,Miami Dolphins,,,betfair,9678.0,—,—,,Loss,,miss,,,,—,,
2026-10-04T23:00:39.811782+00:00,nfl,2026,4,401872974,4018729741837,2,5:01,"J.Hekker punts 20 yards to MIA 28, Center-A.DePaola, out of bounds.",4,8,MIA 48,52,6,Minnesota Vikings,Miami Dolphins,6,0,99.9,0.1,213.0,126.0,339.0,77.0,121.0,198.0,game,Spread,Minnesota Vikings,,5.5,polymarket,1566.0,—,—,,+6,,hit,,,,—,,
2026-10-04T23:00:39.811782+00:00,nfl,2026,4,401872974,4018729741837,2,5:01,"J.Hekker punts 20 yards to MIA 28, Center-A.DePaola, out of bounds.",4,8,MIA 48,52,6,Minnesota Vikings,Miami Dolphins,6,0,99.9,0.1,213.0,126.0,339.0,77.0,121.0,198.0,game,Spread,Minnesota Vikings,,-5.5,polymarket,1566.0,—,—,,+6,,hit,,,,—,,
2026-10-04T23:00:39.811782+00:00,nfl,2026,4,401872974,4018729741837,2,5:01,"J.Hekker punts 20 yards to MIA 28, Center-A.DePaola, out of bounds.",4,8,MIA 48,52,6,Minnesota Vikings,Miami Dolphins,6,0,99.9,0.1,213.0,126.0,339.0,77.0,121.0,198.0,game,Total,Over,,32.5,kalshi,3233.0,—,—,,6.0,,miss,,,,—,,
2026-10-04T23:00:39.811782+00:00,nfl,2026,4,401872974,4018729741837,2,5:01,"J.Hekker punts 20 yards to MIA 28, Center-A.DePaola, out of bounds.",4,8,MIA 48,52,6,Minnesota Vikings,Miami Dolphins,6,0,99.9,0.1,213.0,126.0,339.0,77.0,121.0,198.0,game,Total,,,32.5,,,—,—,,6.0,,hit,,,,—,,
2026-10-04T23:00:39.811782+00:00,nfl,2026,4,401872974,4018729741837,2,5:01,"J.Hekker punts 20 yards to MIA 28, Center-A.DePaola, out of bounds.",4,8,MIA 48,52,6,Minnesota Vikings,Miami Dolphins,6,0,99.9,0.1,213.0,126.0,339.0,77.0,121.0,198.0,game,ML,Miami Dolphins,,,betfair,9678.0,—,—,,Loss,,miss,,,,—,,
2026-10-04T23:00:39.811782+00:00,nfl,2026,4,401872974,4018729741856,2,4:55,J.Wright right tackle to MIA 30 for 2 yards (J.Metellus).,1,10,MIA 28,72,6,Minnesota Vikings,Miami Dolphins,6,0,99.9,0.1,213.0,126.0,339.0,77.0,121.0,198.0,game,Spread,Minnesota Vikings,,5.5,polymarket,1566.0,—,—,,+6,,hit,,,,—,,
2026-10-04T23:00:39.811782+00:00,nfl,2026,4,401872974,4018729741856,2,4:55,J.Wright right tackle to MIA 30 for 2 yards (J.Metellus).,1,10,MIA 28,72,6,Minnesota Vikings,Miami Dolphins,6,0,99.9,0.1,213.0,126.0,339.0,77.0,121.0,198.0,game,Spread,Minnesota Vikings,,-5.5,polymarket,1566.0,—,—,,+6,,hit,,,,—,,
2026-10-04T23:00:39.811782+00:00,nfl,2026,4,401872974,4018729741856,2,4:55,J.Wright right tackle to MIA 30 for 2 yards (J.Metellus).,1,10,MIA 28,72,6,Minnesota Vikings,Miami Dolphins,6,0,99.9,0.1,213.0,126.0,339.0,77.0,121.0,198.0,game,Total,Over,,32.5,kalshi,3233.0,—,—,,6.0,,miss,,,,—,,
2026-10-04T23:00:39.811782+00:00,nfl,2026,4,401872974,4018729741856,2,4:55,J.Wright right tackle to MIA 30 for 2 yards (J.Metellus).,1,10,MIA 28,72,6,Minnesota Vikings,Miami Dolphins,6,0,99.9,0.1,213.0,126.0,339.0,77.0,121.0,198.0,game,Total,,,32.5,,,—,—,,6.0,,hit,,,,—,,
2026-10-04T23:00:39.811782+00:00,nfl,2026,4,401872974,4018729741856,2,4:55,J.Wright right tackle to MIA 30 for 2 yards (J.Metellus).,1,10,MIA 28,72,6,Minnesota Vikings,Miami Dolphins,6,0,99.9,0.1,213.0,126.0,339.0,77.0,121.0,198.0,game,ML,Miami Dolphins,,,betfair,9678.0,—,—,,Loss,,miss,,,,—,,
2026-10-04T23:00:39.811782+00:00,nfl,2026,4,401872974,4018729741878,2,4:12,"(Shotgun) M.Willis right end ran ob at MIA 41 for 11 yards (J.Metellus).PENALTY on MIA-P.Paul, Offensive Holding, 10 yards, enforced at MIA 30 - No Play.",2,8,MIA 30,70,6,Minnesota Vikings,Miami Dolphins,6,0,99.9,0.1,213.0,126.0,339.0,77.0,121.0,198.0,game,Spread,Minnesota Vikings,,5.5,polymarket,1566.0,—,—,,+6,,hit,,,,—,,
2026-10-04T23:00:39.811782+00:00,nfl,2026,4,401872974,4018729741878,2,4:12,"(Shotgun) M.Willis right end ran ob at MIA 41 for 11 yards (J.Metellus).PENALTY on MIA-P.Paul, Offensive Holding, 10 yards, enforced at MIA 30 - No Play.",2,8,MIA 30,70,6,Minnesota Vikings,Miami Dolphins,6,0,99.9,0.1,213.0,126.0,339.0,77.0,121.0,198.0,game,Spread,Minnesota Vikings,,-5.5,polymarket,1566.0,—,—,,+6,,hit,,,,—,,
2026-10-04T23:00:39.811782+00:00,nfl,2026,4,401872974,4018729741878,2,4:12,"(Shotgun) M.Willis right end ran ob at MIA 41 for 11 yards (J.Metellus).PENALTY on MIA-P.Paul, Offensive Holding, 10 yards, enforced at MIA 30 - No Play.",2,8,MIA 30,70,6,Minnesota Vikings,Miami Dolphins,6,0,99.9,0.1,213.0,126.0,339.0,77.0,121.0,198.0,game,Total,Over,,32.5,kalshi,3233.0,—,—,,6.0,,miss,,,,—,,
2026-10-04T23:00:39.811782+00:00,nfl,2026,4,401872974,4018729741878,2,4:12,"(Shotgun) M.Willis right end ran ob at MIA 41 for 11 yards (J.Metellus).PENALTY on MIA-P.Paul, Offensive Holding, 10 yards, enforced at MIA 30 - No Play.",2,8,MIA 30,70,6,Minnesota Vikings,Miami Dolphins,6,0,99.9,0.1,213.0,126.0,339.0,77.0,121.0,198.0,game,Total,,,32.5,,,—,—,,6.0,,hit,,,,—,,
2026-10-04T23:00:39.811782+00:00,nfl,2026,4,401872974,4018729741878,2,4:12,"(Shotgun) M.Willis right end ran ob at MIA 41 for 11 yards (J.Metellus).PENALTY on MIA-P.Paul, Offensive Holding, 10 yards, enforced at MIA 30 - No Play.",2,8,MIA 30,70,6,Minnesota Vikings,Miami Dolphins,6,0,99.9,0.1,213.0,126.0,339.0,77.0,121.0,198.0,game,ML,Miami Dolphins,,,betfair,9678.0,—,—,,Loss,,miss,,,,—,,
2026-10-04T23:00:39.811782+00:00,nfl,2026,4,401872974,4018729741911,2,3:46,M.Willis pass short left to M.Washington to MIA 31 for 11 yards (J.Redmond).,2,18,MIA 20,80,6,Minnesota Vikings,Miami Dolphins,6,0,99.9,0.1,213.0,126.0,339.0,77.0,121.0,198.0,game,Spread,Minnesota Vikings,,5.5,polymarket,1566.0,—,—,,+6,,hit,,,,—,,
2026-10-04T23:00:39.811782+00:00,nfl,2026,4,401872974,4018729741911,2,3:46,M.Willis pass short left to M.Washington to MIA 31 for 11 yards (J.Redmond).,2,18,MIA 20,80,6,Minnesota Vikings,Miami Dolphins,6,0,99.9,0.1,213.0,126.0,339.0,77.0,121.0,198.0,game,Spread,Minnesota Vikings,,-5.5,polymarket,1566.0,—,—,,+6,,hit,,,,—,,
2026-10-04T23:00:39.811782+00:00,nfl,2026,4,401872974,4018729741911,2,3:46,M.Willis pass short left to M.Washington to MIA 31 for 11 yards (J.Redmond).,2,18,MIA 20,80,6,Minnesota Vikings,Miami Dolphins,6,0,99.9,0.1,213.0,126.0,339.0,77.0,121.0,198.0,game,Total,Over,,32.5,kalshi,3233.0,—,—,,6.0,,miss,,,,—,,
2026-10-04T23:00:39.811782+00:00,nfl,2026,4,401872974,4018729741911,2,3:46,M.Willis pass short left to M.Washington to MIA 31 for 11 yards (J.Redmond).,2,18,MIA 20,80,6,Minnesota Vikings,Miami Dolphins,6,0,99.9,0.1,213.0,126.0,339.0,77.0,121.0,198.0,game,Total,,,32.5,,,—,—,,6.0,,hit,,,,—,,
2026-10-04T23:00:39.811782+00:00,nfl,2026,4,401872974,4018729741911,2,3:46,M.Willis pass short left to M.Washington to MIA 31 for 11 yards (J.Redmond).,2,18,MIA 20,80,6,Minnesota Vikings,Miami Dolphins,6,0,99.9,0.1,213.0,126.0,339.0,77.0,121.0,198.0,game,ML,Miami Dolphins,,,betfair,9678.0,—,—,,Loss,,miss,,,,—,,
2026-10-04T23:00:39.811782+00:00,nfl,2026,4,401872974,4018729741936,2,2:59,(Shotgun) M.Willis pass incomplete short right to K.Coleman (T.Ingram-Dawkins).,3,7,MIA 31,69,6,Minnesota Vikings,Miami Dolphins,6,0,99.9,0.1,213.0,126.0,339.0,77.0,121.0,198.0,game,Spread,Minnesota Vikings,,5.5,polymarket,1566.0,—,—,,+6,,hit,,,,—,,
2026-10-04T23:00:39.811782+00:00,nfl,2026,4,401872974,4018729741936,2,2:59,(Shotgun) M.Willis pass incomplete short right to K.Coleman (T.Ingram-Dawkins).,3,7,MIA 31,69,6,Minnesota Vikings,Miami Dolphins,6,0,99.9,0.1,213.0,126.0,339.0,77.0,121.0,198.0,game,Spread,Minnesota Vikings,,-5.5,polymarket,1566.0,—,—,,+6,,hit,,,,—,,
2026-10-04T23:00:39.811782+00:00,nfl,2026,4,401872974,4018729741936,2,2:59,(Shotgun) M.Willis pass incomplete short right to K.Coleman (T.Ingram-Dawkins).,3,7,MIA 31,69,6,Minnesota Vikings,Miami Dolphins,6,0,99.9,0.1,213.0,126.0,339.0,77.0,121.0,198.0,game,Total,Over,,32.5,kalshi,3233.0,—,—,,6.0,,miss,,,,—,,
2026-10-04T23:00:39.811782+00:00,nfl,2026,4,401872974,4018729741936,2,2:59,(Shotgun) M.Willis pass incomplete short right to K.Coleman (T.Ingram-Dawkins).,3,7,MIA 31,69,6,Minnesota Vikings,Miami Dolphins,6,0,99.9,0.1,213.0,126.0,339.0,77.0,121.0,198.0,game,Total,,,32.5,,,—,—,,6.0,,hit,,,,—,,
2026-10-04T23:00:39.811782+00:00,nfl,2026,4,401872974,4018729741936,2,2:59,(Shotgun) M.Willis pass incomplete short right to K.Coleman (T.Ingram-Dawkins).,3,7,MIA 31,69,6,Minnesota Vikings,Miami Dolphins,6,0,99.9,0.1,213.0,126.0,339.0,77.0,121.0,198.0,game,ML,Miami Dolphins,,,betfair,9678.0,—,—,,Loss,,miss,,,,—,,
2026-10-04T23:00:39.811782+00:00,nfl,2026,4,401872974,4018729741959,2,2:53,"B.Pinion punts 45 yards to MIN 24, Center-T.Addington, downed by MIA-O.Gordon. MIA-R.Taylor was injured during the play.   The penalty was assisted by replay.",4,7,MIA 31,69,6,Minnesota Vikings,Miami Dolphins,6,0,99.9,0.1,213.0,126.0,339.0,77.0,121.0,198.0,game,Spread,Minnesota Vikings,,5.5,polymarket,1566.0,—,—,,+6,,hit,,,,—,,
2026-10-04T23:00:39.811782+00:00,nfl,2026,4,401872974,4018729741959,2,2:53,"B.Pinion punts 45 yards to MIN 24, Center-T.Addington, downed by MIA-O.Gordon. MIA-R.Taylor was injured during the play.   The penalty was assisted by replay.",4,7,MIA 31,69,6,Minnesota Vikings,Miami Dolphins,6,0,99.9,0.1,213.0,126.0,339.0,77.0,121.0,198.0,game,Spread,Minnesota Vikings,,-5.5,polymarket,1566.0,—,—,,+6,,hit,,,,—,,
2026-10-04T23:00:39.811782+00:00,nfl,2026,4,401872974,4018729741959,2,2:53,"B.Pinion punts 45 yards to MIN 24, Center-T.Addington, downed by MIA-O.Gordon. MIA-R.Taylor was injured during the play.   The penalty was assisted by replay.",4,7,MIA 31,69,6,Minnesota Vikings,Miami Dolphins,6,0,99.9,0.1,213.0,126.0,339.0,77.0,121.0,198.0,game,Total,Over,,32.5,kalshi,3233.0,—,—,,6.0,,miss,,,,—,,
2026-10-04T23:00:39.811782+00:00,nfl,2026,4,401872974,4018729741959,2,2:53,"B.Pinion punts 45 yards to MIN 24, Center-T.Addington, downed by MIA-O.Gordon. MIA-R.Taylor was injured during the play.   The penalty was assisted by replay.",4,7,MIA 31,69,6,Minnesota Vikings,Miami Dolphins,6,0,99.9,0.1,213.0,126.0,339.0,77.0,121.0,198.0,game,Total,,,32.5,,,—,—,,6.0,,hit,,,,—,,
2026-10-04T23:00:39.811782+00:00,nfl,2026,4,401872974,4018729741959,2,2:53,"B.Pinion punts 45 yards to MIN 24, Center-T.Addington, downed by MIA-O.Gordon. MIA-R.Taylor was injured during the play.   The penalty was assisted by replay.",4,7,MIA 31,69,6,Minnesota Vikings,Miami Dolphins,6,0,99.9,0.1,213.0,126.0,339.0,77.0,121.0,198.0,game,ML,Miami Dolphins,,,betfair,9678.0,—,—,,Loss,,miss,,,,—,,
2026-10-04T23:00:39.811782+00:00,nfl,2026,4,401872974,4018729742000,2,2:43,C.Tiernan reported in as eligible.  K.Murray pass deep left to J.Addison to MIN 43 for 19 yards (J.Brents).,1,10,MIN 24,24,6,Minnesota Vikings,Miami Dolphins,6,0,99.9,0.1,213.0,126.0,339.0,77.0,121.0,198.0,game,Spread,Minnesota Vikings,,5.5,polymarket,1566.0,—,—,,+6,,hit,,,,—,,
2026-10-04T23:00:39.811782+00:00,nfl,2026,4,401872974,4018729742000,2,2:43,C.Tiernan reported in as eligible.  K.Murray pass deep left to J.Addison to MIN 43 for 19 yards (J.Brents).,1,10,MIN 24,24,6,Minnesota Vikings,Miami Dolphins,6,0,99.9,0.1,213.0,126.0,339.0,77.0,121.0,198.0,game,Spread,Minnesota Vikings,,-5.5,polymarket,1566.0,—,—,,+6,,hit,,,,—,,
2026-10-04T23:00:39.811782+00:00,nfl,2026,4,401872974,4018729742000,2,2:43,C.Tiernan reported in as eligible.  K.Murray pass deep left to J.Addison to MIN 43 for 19 yards (J.Brents).,1,10,MIN 24,24,6,Minnesota Vikings,Miami Dolphins,6,0,99.9,0.1,213.0,126.0,339.0,77.0,121.0,198.0,game,Total,Over,,32.5,kalshi,3233.0,—,—,,6.0,,miss,,,,—,,
2026-10-04T23:00:39.811782+00:00,nfl,2026,4,401872974,4018729742000,2,2:43,C.Tiernan reported in as eligible.  K.Murray pass deep left to J.Addison to MIN 43 for 19 yards (J.Brents).,1,10,MIN 24,24,6,Minnesota Vikings,Miami Dolphins,6,0,99.9,0.1,213.0,126.0,339.0,77.0,121.0,198.0,game,Total,,,32.5,,,—,—,,6.0,,hit,,,,—,,
2026-10-04T23:00:39.811782+00:00,nfl,2026,4,401872974,4018729742000,2,2:43,C.Tiernan reported in as eligible.  K.Murray pass deep left to J.Addison to MIN 43 for 19 yards (J.Brents).,1,10,MIN 24,24,6,Minnesota Vikings,Miami Dolphins,6,0,99.9,0.1,213.0,126.0,339.0,77.0,121.0,198.0,game,ML,Miami Dolphins,,,betfair,9678.0,—,—,,Loss,,miss,,,,—,,
2026-10-04T23:00:39.811782+00:00,nfl,2026,4,401872974,4018729742035,2,2:04,(Shotgun) C.Tiernan reported in as eligible.  K.Murray left end to MIN 49 for 6 yards (J.Brents; M.Taaffe).,1,10,MIN 43,43,6,Minnesota Vikings,Miami Dolphins,6,0,99.9,0.1,213.0,126.0,339.0,77.0,121.0,198.0,game,Spread,Minnesota Vikings,,5.5,polymarket,1566.0,—,—,,+6,,hit,,,,—,,
2026-10-04T23:00:39.811782+00:00,nfl,2026,4,401872974,4018729742035,2,2:04,(Shotgun) C.Tiernan reported in as eligible.  K.Murray left end to MIN 49 for 6 yards (J.Brents; M.Taaffe).,1,10,MIN 43,43,6,Minnesota Vikings,Miami Dolphins,6,0,99.9,0.1,213.0,126.0,339.0,77.0,121.0,198.0,game,Spread,Minnesota Vikings,,-5.5,polymarket,1566.0,—,—,,+6,,hit,,,,—,,
2026-10-04T23:00:39.811782+00:00,nfl,2026,4,401872974,4018729742035,2,2:04,(Shotgun) C.Tiernan reported in as eligible.  K.Murray left end to MIN 49 for 6 yards (J.Brents; M.Taaffe).,1,10,MIN 43,43,6,Minnesota Vikings,Miami Dolphins,6,0,99.9,0.1,213.0,126.0,339.0,77.0,121.0,198.0,game,Total,Over,,32.5,kalshi,3233.0,—,—,,6.0,,miss,,,,—,,
2026-10-04T23:00:39.811782+00:00,nfl,2026,4,401872974,4018729742035,2,2:04,(Shotgun) C.Tiernan reported in as eligible.  K.Murray left end to MIN 49 for 6 yards (J.Brents; M.Taaffe).,1,10,MIN 43,43,6,Minnesota Vikings,Miami Dolphins,6,0,99.9,0.1,213.0,126.0,339.0,77.0,121.0,198.0,game,Total,,,32.5,,,—,—,,6.0,,hit,,,,—,,
2026-10-04T23:00:39.811782+00:00,nfl,2026,4,401872974,4018729742035,2,2:04,(Shotgun) C.Tiernan reported in as eligible.  K.Murray left end to MIN 49 for 6 yards (J.Brents; M.Taaffe).,1,10,MIN 43,43,6,Minnesota Vikings,Miami Dolphins,6,0,99.9,0.1,213.0,126.0,339.0,77.0,121.0,198.0,game,ML,Miami Dolphins,,,betfair,9678.0,—,—,,Loss,,miss,,,,—,,
2026-10-04T23:00:39.811782+00:00,nfl,2026,4,401872974,4018729742049,2,1:59,Two-Minute Warning,2,4,MIN 49,49,6,Minnesota Vikings,Miami Dolphins,6,0,99.9,0.1,213.0,126.0,339.0,77.0,121.0,198.0,game,Spread,Minnesota Vikings,,5.5,polymarket,1566.0,—,—,,+6,,hit,,,,—,,
2026-10-04T23:00:39.811782+00:00,nfl,2026,4,401872974,4018729742049,2,1:59,Two-Minute Warning,2,4,MIN 49,49,6,Minnesota Vikings,Miami Dolphins,6,0,99.9,0.1,213.0,126.0,339.0,77.0,121.0,198.0,game,Spread,Minnesota Vikings,,-5.5,polymarket,1566.0,—,—,,+6,,hit,,,,—,,
2026-10-04T23:00:39.811782+00:00,nfl,2026,4,401872974,4018729742049,2,1:59,Two-Minute Warning,2,4,MIN 49,49,6,Minnesota Vikings,Miami Dolphins,6,0,99.9,0.1,213.0,126.0,339.0,77.0,121.0,198.0,game,Total,Over,,32.5,kalshi,3233.0,—,—,,6.0,,miss,,,,—,,
2026-10-04T23:00:39.811782+00:00,nfl,2026,4,401872974,4018729742049,2,1:59,Two-Minute Warning,2,4,MIN 49,49,6,Minnesota Vikings,Miami Dolphins,6,0,99.9,0.1,213.0,126.0,339.0,77.0,121.0,198.0,game,Total,,,32.5,,,—,—,,6.0,,hit,,,,—,,
2026-10-04T23:00:39.811782+00:00,nfl,2026,4,401872974,4018729742049,2,1:59,Two-Minute Warning,2,4,MIN 49,49,6,Minnesota Vikings,Miami Dolphins,6,0,99.9,0.1,213.0,126.0,339.0,77.0,121.0,198.0,game,ML,Miami Dolphins,,,betfair,9678.0,—,—,,Loss,,miss,,,,—,,
2026-10-04T23:00:39.811782+00:00,nfl,2026,4,401872974,4018729742063,2,1:59,(Shotgun) A.Jones right tackle to MIA 48 for 3 yards (Z.Biggers).,2,4,MIN 49,49,6,Minnesota Vikings,Miami Dolphins,6,0,99.9,0.1,213.0,126.0,339.0,77.0,121.0,198.0,game,Spread,Minnesota Vikings,,5.5,polymarket,1566.0,—,—,,+6,,hit,,,,—,,
2026-10-04T23:00:39.811782+00:00,nfl,2026,4,401872974,4018729742063,2,1:59,(Shotgun) A.Jones right tackle to MIA 48 for 3 yards (Z.Biggers).,2,4,MIN 49,49,6,Minnesota Vikings,Miami Dolphins,6,0,99.9,0.1,213.0,126.0,339.0,77.0,121.0,198.0,game,Spread,Minnesota Vikings,,-5.5,polymarket,1566.0,—,—,,+6,,hit,,,,—,,
2026-10-04T23:00:39.811782+00:00,nfl,2026,4,401872974,4018729742063,2,1:59,(Shotgun) A.Jones right tackle to MIA 48 for 3 yards (Z.Biggers).,2,4,MIN 49,49,6,Minnesota Vikings,Miami Dolphins,6,0,99.9,0.1,213.0,126.0,339.0,77.0,121.0,198.0,game,Total,Over,,32.5,kalshi,3233.0,—,—,,6.0,,miss,,,,—,,
2026-10-04T23:00:39.811782+00:00,nfl,2026,4,401872974,4018729742063,2,1:59,(Shotgun) A.Jones right tackle to MIA 48 for 3 yards (Z.Biggers).,2,4,MIN 49,49,6,Minnesota Vikings,Miami Dolphins,6,0,99.9,0.1,213.0,126.0,339.0,77.0,121.0,198.0,game,Total,,,32.5,,,—,—,,6.0,,hit,,,,—,,
2026-10-04T23:00:39.811782+00:00,nfl,2026,4,401872974,4018729742063,2,1:59,(Shotgun) A.Jones right tackle to MIA 48 for 3 yards (Z.Biggers).,2,4,MIN 49,49,6,Minnesota Vikings,Miami Dolphins,6,0,99.9,0.1,213.0,126.0,339.0,77.0,121.0,198.0,game,ML,Miami Dolphins,,,betfair,9678.0,—,—,,Loss,,miss,,,,—,,
2026-10-04T23:00:39.811782+00:00,nfl,2026,4,401872974,4018729742095,2,1:26,(Shotgun) A.Jones up the middle to MIA 46 for 2 yards (Z.Anderson).,3,1,MIA 48,52,6,Minnesota Vikings,Miami Dolphins,6,0,99.9,0.1,213.0,126.0,339.0,77.0,121.0,198.0,game,Spread,Minnesota Vikings,,5.5,polymarket,1566.0,—,—,,+6,,hit,,,,—,,
2026-10-04T23:00:39.811782+00:00,nfl,2026,4,401872974,4018729742095,2,1:26,(Shotgun) A.Jones up the middle to MIA 46 for 2 yards (Z.Anderson).,3,1,MIA 48,52,6,Minnesota Vikings,Miami Dolphins,6,0,99.9,0.1,213.0,126.0,339.0,77.0,121.0,198.0,game,Spread,Minnesota Vikings,,-5.5,polymarket,1566.0,—,—,,+6,,hit,,,,—,,
2026-10-04T23:00:39.811782+00:00,nfl,2026,4,401872974,4018729742095,2,1:26,(Shotgun) A.Jones up the middle to MIA 46 for 2 yards (Z.Anderson).,3,1,MIA 48,52,6,Minnesota Vikings,Miami Dolphins,6,0,99.9,0.1,213.0,126.0,339.0,77.0,121.0,198.0,game,Total,Over,,32.5,kalshi,3233.0,—,—,,6.0,,miss,,,,—,,
2026-10-04T23:00:39.811782+00:00,nfl,2026,4,401872974,4018729742095,2,1:26,(Shotgun) A.Jones up the middle to MIA 46 for 2 yards (Z.Anderson).,3,1,MIA 48,52,6,Minnesota Vikings,Miami Dolphins,6,0,99.9,0.1,213.0,126.0,339.0,77.0,121.0,198.0,game,Total,,,32.5,,,—,—,,6.0,,hit,,,,—,,
2026-10-04T23:00:39.811782+00:00,nfl,2026,4,401872974,4018729742095,2,1:26,(Shotgun) A.Jones up the middle to MIA 46 for 2 yards (Z.Anderson).,3,1,MIA 48,52,6,Minnesota Vikings,Miami Dolphins,6,0,99.9,0.1,213.0,126.0,339.0,77.0,121.0,198.0,game,ML,Miami Dolphins,,,betfair,9678.0,—,—,,Loss,,miss,,,,—,,
2026-10-04T23:00:39.811782+00:00,nfl,2026,4,401872974,4018729742117,2,0:55,(Shotgun) K.Murray pass deep right to T.Hockenson to MIA 26 for 20 yards (Z.Anderson).,1,10,MIA 46,54,6,Minnesota Vikings,Miami Dolphins,6,0,99.9,0.1,213.0,126.0,339.0,77.0,121.0,198.0,game,Spread,Minnesota Vikings,,5.5,polymarket,1566.0,—,—,,+6,,hit,,,,—,,
2026-10-04T23:00:39.811782+00:00,nfl,2026,4,401872974,4018729742117,2,0:55,(Shotgun) K.Murray pass deep right to T.Hockenson to MIA 26 for 20 yards (Z.Anderson).,1,10,MIA 46,54,6,Minnesota Vikings,Miami Dolphins,6,0,99.9,0.1,213.0,126.0,339.0,77.0,121.0,198.0,game,Spread,Minnesota Vikings,,-5.5,polymarket,1566.0,—,—,,+6,,hit,,,,—,,
2026-10-04T23:00:39.811782+00:00,nfl,2026,4,401872974,4018729742117,2,0:55,(Shotgun) K.Murray pass deep right to T.Hockenson to MIA 26 for 20 yards (Z.Anderson).,1,10,MIA 46,54,6,Minnesota Vikings,Miami Dolphins,6,0,99.9,0.1,213.0,126.0,339.0,77.0,121.0,198.0,game,Total,Over,,32.5,kalshi,3233.0,—,—,,6.0,,miss,,,,—,,
2026-10-04T23:00:39.811782+00:00,nfl,2026,4,401872974,4018729742117,2,0:55,(Shotgun) K.Murray pass deep right to T.Hockenson to MIA 26 for 20 yards (Z.Anderson).,1,10,MIA 46,54,6,Minnesota Vikings,Miami Dolphins,6,0,99.9,0.1,213.0,126.0,339.0,77.0,121.0,198.0,game,Total,,,32.5,,,—,—,,6.0,,hit,,,,—,,
2026-10-04T23:00:39.811782+00:00,nfl,2026,4,401872974,4018729742117,2,0:55,(Shotgun) K.Murray pass deep right to T.Hockenson to MIA 26 for 20 yards (Z.Anderson).,1,10,MIA 46,54,6,Minnesota Vikings,Miami Dolphins,6,0,99.9,0.1,213.0,126.0,339.0,77.0,121.0,198.0,game,ML,Miami Dolphins,,,betfair,9678.0,—,—,,Loss,,miss,,,,—,,
2026-10-04T23:00:39.811782+00:00,nfl,2026,4,401872974,4018729742130,2,0:46,Timeout #1 by MIN at 00:46.,1,10,MIA 26,74,6,Minnesota Vikings,Miami Dolphins,6,0,99.9,0.1,213.0,126.0,339.0,77.0,121.0,198.0,game,Spread,Minnesota Vikings,,5.5,polymarket,1566.0,—,—,,+6,,hit,,,,—,,
2026-10-04T23:00:39.811782+00:00,nfl,2026,4,401872974,4018729742130,2,0:46,Timeout #1 by MIN at 00:46.,1,10,MIA 26,74,6,Minnesota Vikings,Miami Dolphins,6,0,99.9,0.1,213.0,126.0,339.0,77.0,121.0,198.0,game,Spread,Minnesota Vikings,,-5.5,polymarket,1566.0,—,—,,+6,,hit,,,,—,,
2026-10-04T23:00:39.811782+00:00,nfl,2026,4,401872974,4018729742130,2,0:46,Timeout #1 by MIN at 00:46.,1,10,MIA 26,74,6,Minnesota Vikings,Miami Dolphins,6,0,99.9,0.1,213.0,126.0,339.0,77.0,121.0,198.0,game,Total,Over,,32.5,kalshi,3233.0,—,—,,6.0,,miss,,,,—,,
2026-10-04T23:00:39.811782+00:00,nfl,2026,4,401872974,4018729742130,2,0:46,Timeout #1 by MIN at 00:46.,1,10,MIA 26,74,6,Minnesota Vikings,Miami Dolphins,6,0,99.9,0.1,213.0,126.0,339.0,77.0,121.0,198.0,game,Total,,,32.5,,,—,—,,6.0,,hit,,,,—,,
2026-10-04T23:00:39.811782+00:00,nfl,2026,4,401872974,4018729742130,2,0:46,Timeout #1 by MIN at 00:46.,1,10,MIA 26,74,6,Minnesota Vikings,Miami Dolphins,6,0,99.9,0.1,213.0,126.0,339.0,77.0,121.0,198.0,game,ML,Miami Dolphins,,,betfair,9678.0,—,—,,Loss,,miss,,,,—,,
2026-10-04T23:00:39.811782+00:00,nfl,2026,4,401872974,4018729742142,2,0:46,(Shotgun) K.Murray sacked at MIA 33 for -7 yards (Z.Sieler).,1,10,MIA 26,74,6,Minnesota Vikings,Miami Dolphins,6,0,99.9,0.1,213.0,126.0,339.0,77.0,121.0,198.0,game,Spread,Minnesota Vikings,,5.5,polymarket,1566.0,—,—,,+6,,hit,,,,—,,
2026-10-04T23:00:39.811782+00:00,nfl,2026,4,401872974,4018729742142,2,0:46,(Shotgun) K.Murray sacked at MIA 33 for -7 yards (Z.Sieler).,1,10,MIA 26,74,6,Minnesota Vikings,Miami Dolphins,6,0,99.9,0.1,213.0,126.0,339.0,77.0,121.0,198.0,game,Spread,Minnesota Vikings,,-5.5,polymarket,1566.0,—,—,,+6,,hit,,,,—,,
2026-10-04T23:00:39.811782+00:00,nfl,2026,4,401872974,4018729742142,2,0:46,(Shotgun) K.Murray sacked at MIA 33 for -7 yards (Z.Sieler).,1,10,MIA 26,74,6,Minnesota Vikings,Miami Dolphins,6,0,99.9,0.1,213.0,126.0,339.0,77.0,121.0,198.0,game,Total,Over,,32.5,kalshi,3233.0,—,—,,6.0,,miss,,,,—,,
2026-10-04T23:00:39.811782+00:00,nfl,2026,4,401872974,4018729742142,2,0:46,(Shotgun) K.Murray sacked at MIA 33 for -7 yards (Z.Sieler).,1,10,MIA 26,74,6,Minnesota Vikings,Miami Dolphins,6,0,99.9,0.1,213.0,126.0,339.0,77.0,121.0,198.0,game,Total,,,32.5,,,—,—,,6.0,,hit,,,,—,,
2026-10-04T23:00:39.811782+00:00,nfl,2026,4,401872974,4018729742142,2,0:46,(Shotgun) K.Murray sacked at MIA 33 for -7 yards (Z.Sieler).,1,10,MIA 26,74,6,Minnesota Vikings,Miami Dolphins,6,0,99.9,0.1,213.0,126.0,339.0,77.0,121.0,198.0,game,ML,Miami Dolphins,,,betfair,9678.0,—,—,,Loss,,miss,,,,—,,
2026-10-04T23:00:39.811782+00:00,nfl,2026,4,401872974,4018729742158,2,0:40,Timeout #2 by MIN at 00:40.,2,17,MIA 33,67,6,Minnesota Vikings,Miami Dolphins,6,0,99.9,0.1,213.0,126.0,339.0,77.0,121.0,198.0,game,Spread,Minnesota Vikings,,5.5,polymarket,1566.0,—,—,,+6,,hit,,,,—,,
2026-10-04T23:00:39.811782+00:00,nfl,2026,4,401872974,4018729742158,2,0:40,Timeout #2 by MIN at 00:40.,2,17,MIA 33,67,6,Minnesota Vikings,Miami Dolphins,6,0,99.9,0.1,213.0,126.0,339.0,77.0,121.0,198.0,game,Spread,Minnesota Vikings,,-5.5,polymarket,1566.0,—,—,,+6,,hit,,,,—,,
2026-10-04T23:00:39.811782+00:00,nfl,2026,4,401872974,4018729742158,2,0:40,Timeout #2 by MIN at 00:40.,2,17,MIA 33,67,6,Minnesota Vikings,Miami Dolphins,6,0,99.9,0.1,213.0,126.0,339.0,77.0,121.0,198.0,game,Total,Over,,32.5,kalshi,3233.0,—,—,,6.0,,miss,,,,—,,
2026-10-04T23:00:39.811782+00:00,nfl,2026,4,401872974,4018729742158,2,0:40,Timeout #2 by MIN at 00:40.,2,17,MIA 33,67,6,Minnesota Vikings,Miami Dolphins,6,0,99.9,0.1,213.0,126.0,339.0,77.0,121.0,198.0,game,Total,,,32.5,,,—,—,,6.0,,hit,,,,—,,
2026-10-04T23:00:39.811782+00:00,nfl,2026,4,401872974,4018729742158,2,0:40,Timeout #2 by MIN at 00:40.,2,17,MIA 33,67,6,Minnesota Vikings,Miami Dolphins,6,0,99.9,0.1,213.0,126.0,339.0,77.0,121.0,198.0,game,ML,Miami Dolphins,,,betfair,9678.0,—,—,,Loss,,miss,,,,—,,
2026-10-04T23:00:39.811782+00:00,nfl,2026,4,401872974,4018729742174,2,0:40,(Shotgun) K.Murray pass short left to T.Felton to MIA 19 for 14 yards (Z.Anderson).,2,17,MIA 33,67,6,Minnesota Vikings,Miami Dolphins,6,0,99.9,0.1,213.0,126.0,339.0,77.0,121.0,198.0,game,Spread,Minnesota Vikings,,5.5,polymarket,1566.0,—,—,,+6,,hit,,,,—,,
2026-10-04T23:00:39.811782+00:00,nfl,2026,4,401872974,4018729742174,2,0:40,(Shotgun) K.Murray pass short left to T.Felton to MIA 19 for 14 yards (Z.Anderson).,2,17,MIA 33,67,6,Minnesota Vikings,Miami Dolphins,6,0,99.9,0.1,213.0,126.0,339.0,77.0,121.0,198.0,game,Spread,Minnesota Vikings,,-5.5,polymarket,1566.0,—,—,,+6,,hit,,,,—,,
2026-10-04T23:00:39.811782+00:00,nfl,2026,4,401872974,4018729742174,2,0:40,(Shotgun) K.Murray pass short left to T.Felton to MIA 19 for 14 yards (Z.Anderson).,2,17,MIA 33,67,6,Minnesota Vikings,Miami Dolphins,6,0,99.9,0.1,213.0,126.0,339.0,77.0,121.0,198.0,game,Total,Over,,32.5,kalshi,3233.0,—,—,,6.0,,miss,,,,—,,
2026-10-04T23:00:39.811782+00:00,nfl,2026,4,401872974,4018729742174,2,0:40,(Shotgun) K.Murray pass short left to T.Felton to MIA 19 for 14 yards (Z.Anderson).,2,17,MIA 33,67,6,Minnesota Vikings,Miami Dolphins,6,0,99.9,0.1,213.0,126.0,339.0,77.0,121.0,198.0,game,Total,,,32.5,,,—,—,,6.0,,hit,,,,—,,
2026-10-04T23:00:39.811782+00:00,nfl,2026,4,401872974,4018729742174,2,0:40,(Shotgun) K.Murray pass short left to T.Felton to MIA 19 for 14 yards (Z.Anderson).,2,17,MIA 33,67,6,Minnesota Vikings,Miami Dolphins,6,0,99.9,0.1,213.0,126.0,339.0,77.0,121.0,198.0,game,ML,Miami Dolphins,,,betfair,9678.0,—,—,,Loss,,miss,,,,—,,
2026-10-04T23:00:39.811782+00:00,nfl,2026,4,401872974,4018729742206,2,0:16,"(No Huddle, Shotgun) K.Murray pass short middle to T.Hockenson to MIA 15 for 4 yards (J.Brooks; J.Rodriguez).",3,3,MIA 19,81,6,Minnesota Vikings,Miami Dolphins,6,0,99.9,0.1,213.0,126.0,339.0,77.0,121.0,198.0,game,Spread,Minnesota Vikings,,5.5,polymarket,1566.0,—,—,,+6,,hit,,,,—,,
2026-10-04T23:00:39.811782+00:00,nfl,2026,4,401872974,4018729742206,2,0:16,"(No Huddle, Shotgun) K.Murray pass short middle to T.Hockenson to MIA 15 for 4 yards (J.Brooks; J.Rodriguez).",3,3,MIA 19,81,6,Minnesota Vikings,Miami Dolphins,6,0,99.9,0.1,213.0,126.0,339.0,77.0,121.0,198.0,game,Spread,Minnesota Vikings,,-5.5,polymarket,1566.0,—,—,,+6,,hit,,,,—,,
2026-10-04T23:00:39.811782+00:00,nfl,2026,4,401872974,4018729742206,2,0:16,"(No Huddle, Shotgun) K.Murray pass short middle to T.Hockenson to MIA 15 for 4 yards (J.Brooks; J.Rodriguez).",3,3,MIA 19,81,6,Minnesota Vikings,Miami Dolphins,6,0,99.9,0.1,213.0,126.0,339.0,77.0,121.0,198.0,game,Total,Over,,32.5,kalshi,3233.0,—,—,,6.0,,miss,,,,—,,
2026-10-04T23:00:39.811782+00:00,nfl,2026,4,401872974,4018729742206,2,0:16,"(No Huddle, Shotgun) K.Murray pass short middle to T.Hockenson to MIA 15 for 4 yards (J.Brooks; J.Rodriguez).",3,3,MIA 19,81,6,Minnesota Vikings,Miami Dolphins,6,0,99.9,0.1,213.0,126.0,339.0,77.0,121.0,198.0,game,Total,,,32.5,,,—,—,,6.0,,hit,,,,—,,
2026-10-04T23:00:39.811782+00:00,nfl,2026,4,401872974,4018729742206,2,0:16,"(No Huddle, Shotgun) K.Murray pass short middle to T.Hockenson to MIA 15 for 4 yards (J.Brooks; J.Rodriguez).",3,3,MIA 19,81,6,Minnesota Vikings,Miami Dolphins,6,0,99.9,0.1,213.0,126.0,339.0,77.0,121.0,198.0,game,ML,Miami Dolphins,,,betfair,9678.0,—,—,,Loss,,miss,,,,—,,
2026-10-04T23:00:39.811782+00:00,nfl,2026,4,401872974,4018729742219,2,0:10,Timeout #3 by MIN at 00:10.,1,10,MIA 15,85,6,Minnesota Vikings,Miami Dolphins,6,0,99.9,0.1,213.0,126.0,339.0,77.0,121.0,198.0,game,Spread,Minnesota Vikings,,5.5,polymarket,1566.0,—,—,,+6,,hit,,,,—,,
2026-10-04T23:00:39.811782+00:00,nfl,2026,4,401872974,4018729742219,2,0:10,Timeout #3 by MIN at 00:10.,1,10,MIA 15,85,6,Minnesota Vikings,Miami Dolphins,6,0,99.9,0.1,213.0,126.0,339.0,77.0,121.0,198.0,game,Spread,Minnesota Vikings,,-5.5,polymarket,1566.0,—,—,,+6,,hit,,,,—,,
2026-10-04T23:00:39.811782+00:00,nfl,2026,4,401872974,4018729742219,2,0:10,Timeout #3 by MIN at 00:10.,1,10,MIA 15,85,6,Minnesota Vikings,Miami Dolphins,6,0,99.9,0.1,213.0,126.0,339.0,77.0,121.0,198.0,game,Total,Over,,32.5,kalshi,3233.0,—,—,,6.0,,miss,,,,—,,
2026-10-04T23:00:39.811782+00:00,nfl,2026,4,401872974,4018729742219,2,0:10,Timeout #3 by MIN at 00:10.,1,10,MIA 15,85,6,Minnesota Vikings,Miami Dolphins,6,0,99.9,0.1,213.0,126.0,339.0,77.0,121.0,198.0,game,Total,,,32.5,,,—,—,,6.0,,hit,,,,—,,
2026-10-04T23:00:39.811782+00:00,nfl,2026,4,401872974,4018729742219,2,0:10,Timeout #3 by MIN at 00:10.,1,10,MIA 15,85,6,Minnesota Vikings,Miami Dolphins,6,0,99.9,0.1,213.0,126.0,339.0,77.0,121.0,198.0,game,ML,Miami Dolphins,,,betfair,9678.0,—,—,,Loss,,miss,,,,—,,
2026-10-04T23:00:39.811782+00:00,nfl,2026,4,401872974,4018729742231,2,0:10,(Shotgun) K.Murray pass incomplete short left.,1,10,MIA 15,85,6,Minnesota Vikings,Miami Dolphins,6,0,99.9,0.1,213.0,126.0,339.0,77.0,121.0,198.0,game,Spread,Minnesota Vikings,,5.5,polymarket,1566.0,—,—,,+6,,hit,,,,—,,
2026-10-04T23:00:39.811782+00:00,nfl,2026,4,401872974,4018729742231,2,0:10,(Shotgun) K.Murray pass incomplete short left.,1,10,MIA 15,85,6,Minnesota Vikings,Miami Dolphins,6,0,99.9,0.1,213.0,126.0,339.0,77.0,121.0,198.0,game,Spread,Minnesota Vikings,,-5.5,polymarket,1566.0,—,—,,+6,,hit,,,,—,,
2026-10-04T23:00:39.811782+00:00,nfl,2026,4,401872974,4018729742231,2,0:10,(Shotgun) K.Murray pass incomplete short left.,1,10,MIA 15,85,6,Minnesota Vikings,Miami Dolphins,6,0,99.9,0.1,213.0,126.0,339.0,77.0,121.0,198.0,game,Total,Over,,32.5,kalshi,3233.0,—,—,,6.0,,miss,,,,—,,
2026-10-04T23:00:39.811782+00:00,nfl,2026,4,401872974,4018729742231,2,0:10,(Shotgun) K.Murray pass incomplete short left.,1,10,MIA 15,85,6,Minnesota Vikings,Miami Dolphins,6,0,99.9,0.1,213.0,126.0,339.0,77.0,121.0,198.0,game,Total,,,32.5,,,—,—,,6.0,,hit,,,,—,,
2026-10-04T23:00:39.811782+00:00,nfl,2026,4,401872974,4018729742231,2,0:10,(Shotgun) K.Murray pass incomplete short left.,1,10,MIA 15,85,6,Minnesota Vikings,Miami Dolphins,6,0,99.9,0.1,213.0,126.0,339.0,77.0,121.0,198.0,game,ML,Miami Dolphins,,,betfair,9678.0,—,—,,Loss,,miss,,,,—,,
2026-10-04T23:00:39.811782+00:00,nfl,2026,4,401872974,4018729742261,2,0:00,"W.Reichard 33 yard field goal is GOOD, Center-A.DePaola, Holder-J.Hekker.",2,10,MIA 15,85,9,Minnesota Vikings,Miami Dolphins,9,0,99.9,0.1,213.0,126.0,339.0,77.0,121.0,198.0,game,Spread,Minnesota Vikings,,5.5,polymarket,1566.0,—,—,,+9,,hit,,,,—,,
2026-10-04T23:00:39.811782+00:00,nfl,2026,4,401872974,4018729742261,2,0:00,"W.Reichard 33 yard field goal is GOOD, Center-A.DePaola, Holder-J.Hekker.",2,10,MIA 15,85,9,Minnesota Vikings,Miami Dolphins,9,0,99.9,0.1,213.0,126.0,339.0,77.0,121.0,198.0,game,Spread,Minnesota Vikings,,-5.5,polymarket,1566.0,—,—,,+9,,hit,,,,—,,
2026-10-04T23:00:39.811782+00:00,nfl,2026,4,401872974,4018729742261,2,0:00,"W.Reichard 33 yard field goal is GOOD, Center-A.DePaola, Holder-J.Hekker.",2,10,MIA 15,85,9,Minnesota Vikings,Miami Dolphins,9,0,99.9,0.1,213.0,126.0,339.0,77.0,121.0,198.0,game,Total,Over,,32.5,kalshi,3233.0,—,—,,9.0,,miss,,,,—,,
2026-10-04T23:00:39.811782+00:00,nfl,2026,4,401872974,4018729742261,2,0:00,"W.Reichard 33 yard field goal is GOOD, Center-A.DePaola, Holder-J.Hekker.",2,10,MIA 15,85,9,Minnesota Vikings,Miami Dolphins,9,0,99.9,0.1,213.0,126.0,339.0,77.0,121.0,198.0,game,Total,,,32.5,,,—,—,,9.0,,hit,,,,—,,
2026-10-04T23:00:39.811782+00:00,nfl,2026,4,401872974,4018729742261,2,0:00,"W.Reichard 33 yard field goal is GOOD, Center-A.DePaola, Holder-J.Hekker.",2,10,MIA 15,85,9,Minnesota Vikings,Miami Dolphins,9,0,99.9,0.1,213.0,126.0,339.0,77.0,121.0,198.0,game,ML,Miami Dolphins,,,betfair,9678.0,—,—,,Loss,,miss,,,,—,,
2026-10-04T23:00:39.811782+00:00,nfl,2026,4,401872974,4018729742281,2,0:00,END QUARTER 2,1,2,MIA 2,35,9,Minnesota Vikings,Miami Dolphins,9,0,99.9,0.1,213.0,126.0,339.0,77.0,121.0,198.0,game,Spread,Minnesota Vikings,,5.5,polymarket,1566.0,—,—,,+9,,hit,,,,—,,
2026-10-04T23:00:39.811782+00:00,nfl,2026,4,401872974,4018729742281,2,0:00,END QUARTER 2,1,2,MIA 2,35,9,Minnesota Vikings,Miami Dolphins,9,0,99.9,0.1,213.0,126.0,339.0,77.0,121.0,198.0,game,Spread,Minnesota Vikings,,-5.5,polymarket,1566.0,—,—,,+9,,hit,,,,—,,
2026-10-04T23:00:39.811782+00:00,nfl,2026,4,401872974,4018729742281,2,0:00,END QUARTER 2,1,2,MIA 2,35,9,Minnesota Vikings,Miami Dolphins,9,0,99.9,0.1,213.0,126.0,339.0,77.0,121.0,198.0,game,Total,Over,,32.5,kalshi,3233.0,—,—,,9.0,,miss,,,,—,,
2026-10-04T23:00:39.811782+00:00,nfl,2026,4,401872974,4018729742281,2,0:00,END QUARTER 2,1,2,MIA 2,35,9,Minnesota Vikings,Miami Dolphins,9,0,99.9,0.1,213.0,126.0,339.0,77.0,121.0,198.0,game,Total,,,32.5,,,—,—,,9.0,,hit,,,,—,,
2026-10-04T23:00:39.811782+00:00,nfl,2026,4,401872974,4018729742281,2,0:00,END QUARTER 2,1,2,MIA 2,35,9,Minnesota Vikings,Miami Dolphins,9,0,99.9,0.1,213.0,126.0,339.0,77.0,121.0,198.0,game,ML,Miami Dolphins,,,betfair,9678.0,—,—,,Loss,,miss,,,,—,,
2026-10-04T23:00:39.811782+00:00,nfl,2026,4,401872974,4018729742299,3,15:00,W.Reichard kicks 58 yards from MIN 35 to MIA 7. J.Wright to MIA 31 for 24 yards (C.Chambliss).,1,2,MIA 2,35,9,Minnesota Vikings,Miami Dolphins,9,0,99.9,0.1,213.0,126.0,339.0,77.0,121.0,198.0,game,Spread,Minnesota Vikings,,5.5,polymarket,1566.0,—,—,,+9,,hit,,,,—,,
2026-10-04T23:00:39.811782+00:00,nfl,2026,4,401872974,4018729742299,3,15:00,W.Reichard kicks 58 yards from MIN 35 to MIA 7. J.Wright to MIA 31 for 24 yards (C.Chambliss).,1,2,MIA 2,35,9,Minnesota Vikings,Miami Dolphins,9,0,99.9,0.1,213.0,126.0,339.0,77.0,121.0,198.0,game,Spread,Minnesota Vikings,,-5.5,polymarket,1566.0,—,—,,+9,,hit,,,,—,,
2026-10-04T23:00:39.811782+00:00,nfl,2026,4,401872974,4018729742299,3,15:00,W.Reichard kicks 58 yards from MIN 35 to MIA 7. J.Wright to MIA 31 for 24 yards (C.Chambliss).,1,2,MIA 2,35,9,Minnesota Vikings,Miami Dolphins,9,0,99.9,0.1,213.0,126.0,339.0,77.0,121.0,198.0,game,Total,Over,,32.5,kalshi,3233.0,—,—,,9.0,,miss,,,,—,,
2026-10-04T23:00:39.811782+00:00,nfl,2026,4,401872974,4018729742299,3,15:00,W.Reichard kicks 58 yards from MIN 35 to MIA 7. J.Wright to MIA 31 for 24 yards (C.Chambliss).,1,2,MIA 2,35,9,Minnesota Vikings,Miami Dolphins,9,0,99.9,0.1,213.0,126.0,339.0,77.0,121.0,198.0,game,Total,,,32.5,,,—,—,,9.0,,hit,,,,—,,
2026-10-04T23:00:39.811782+00:00,nfl,2026,4,401872974,4018729742299,3,15:00,W.Reichard kicks 58 yards from MIN 35 to MIA 7. J.Wright to MIA 31 for 24 yards (C.Chambliss).,1,2,MIA 2,35,9,Minnesota Vikings,Miami Dolphins,9,0,99.9,0.1,213.0,126.0,339.0,77.0,121.0,198.0,game,ML,Miami Dolphins,,,betfair,9678.0,—,—,,Loss,,miss,,,,—,,
2026-10-04T23:00:39.811782+00:00,nfl,2026,4,401872974,4018729742322,3,14:55,M.Willis pass incomplete short right to W.Kacmarek.,1,10,MIA 31,69,9,Minnesota Vikings,Miami Dolphins,9,0,99.9,0.1,213.0,126.0,339.0,77.0,121.0,198.0,game,Spread,Minnesota Vikings,,5.5,polymarket,1566.0,—,—,,+9,,hit,,,,—,,
2026-10-04T23:00:39.811782+00:00,nfl,2026,4,401872974,4018729742322,3,14:55,M.Willis pass incomplete short right to W.Kacmarek.,1,10,MIA 31,69,9,Minnesota Vikings,Miami Dolphins,9,0,99.9,0.1,213.0,126.0,339.0,77.0,121.0,198.0,game,Spread,Minnesota Vikings,,-5.5,polymarket,1566.0,—,—,,+9,,hit,,,,—,,
2026-10-04T23:00:39.811782+00:00,nfl,2026,4,401872974,4018729742322,3,14:55,M.Willis pass incomplete short right to W.Kacmarek.,1,10,MIA 31,69,9,Minnesota Vikings,Miami Dolphins,9,0,99.9,0.1,213.0,126.0,339.0,77.0,121.0,198.0,game,Total,Over,,32.5,kalshi,3233.0,—,—,,9.0,,miss,,,,—,,
2026-10-04T23:00:39.811782+00:00,nfl,2026,4,401872974,4018729742322,3,14:55,M.Willis pass incomplete short right to W.Kacmarek.,1,10,MIA 31,69,9,Minnesota Vikings,Miami Dolphins,9,0,99.9,0.1,213.0,126.0,339.0,77.0,121.0,198.0,game,Total,,,32.5,,,—,—,,9.0,,hit,,,,—,,
2026-10-04T23:00:39.811782+00:00,nfl,2026,4,401872974,4018729742322,3,14:55,M.Willis pass incomplete short right to W.Kacmarek.,1,10,MIA 31,69,9,Minnesota Vikings,Miami Dolphins,9,0,99.9,0.1,213.0,126.0,339.0,77.0,121.0,198.0,game,ML,Miami Dolphins,,,betfair,9678.0,—,—,,Loss,,miss,,,,—,,
2026-10-04T23:00:39.811782+00:00,nfl,2026,4,401872974,4018729742350,3,14:50,O.Gordon up the middle to MIA 36 for 5 yards (B.Cashman; E.Wilson).,2,10,MIA 31,69,9,Minnesota Vikings,Miami Dolphins,9,0,99.9,0.1,213.0,126.0,339.0,77.0,121.0,198.0,game,Spread,Minnesota Vikings,,5.5,polymarket,1566.0,—,—,,+9,,hit,,,,—,,
2026-10-04T23:00:39.811782+00:00,nfl,2026,4,401872974,4018729742350,3,14:50,O.Gordon up the middle to MIA 36 for 5 yards (B.Cashman; E.Wilson).,2,10,MIA 31,69,9,Minnesota Vikings,Miami Dolphins,9,0,99.9,0.1,213.0,126.0,339.0,77.0,121.0,198.0,game,Spread,Minnesota Vikings,,-5.5,polymarket,1566.0,—,—,,+9,,hit,,,,—,,
2026-10-04T23:00:39.811782+00:00,nfl,2026,4,401872974,4018729742350,3,14:50,O.Gordon up the middle to MIA 36 for 5 yards (B.Cashman; E.Wilson).,2,10,MIA 31,69,9,Minnesota Vikings,Miami Dolphins,9,0,99.9,0.1,213.0,126.0,339.0,77.0,121.0,198.0,game,Total,Over,,32.5,kalshi,3233.0,—,—,,9.0,,miss,,,,—,,
2026-10-04T23:00:39.811782+00:00,nfl,2026,4,401872974,4018729742350,3,14:50,O.Gordon up the middle to MIA 36 for 5 yards (B.Cashman; E.Wilson).,2,10,MIA 31,69,9,Minnesota Vikings,Miami Dolphins,9,0,99.9,0.1,213.0,126.0,339.0,77.0,121.0,198.0,game,Total,,,32.5,,,—,—,,9.0,,hit,,,,—,,
2026-10-04T23:00:39.811782+00:00,nfl,2026,4,401872974,4018729742350,3,14:50,O.Gordon up the middle to MIA 36 for 5 yards (B.Cashman; E.Wilson).,2,10,MIA 31,69,9,Minnesota Vikings,Miami Dolphins,9,0,99.9,0.1,213.0,126.0,339.0,77.0,121.0,198.0,game,ML,Miami Dolphins,,,betfair,9678.0,—,—,,Loss,,miss,,,,—,,
2026-10-04T23:00:39.811782+00:00,nfl,2026,4,401872974,4018729742372,3,14:08,(Shotgun) O.Gordon left tackle pushed ob at MIN 11 for 53 yards (B.Murphy; H.Smith).,3,5,MIA 36,64,9,Minnesota Vikings,Miami Dolphins,9,0,99.9,0.1,213.0,126.0,339.0,77.0,121.0,198.0,game,Spread,Minnesota Vikings,,5.5,polymarket,1566.0,—,—,,+9,,hit,,,,—,,
2026-10-04T23:00:39.811782+00:00,nfl,2026,4,401872974,4018729742372,3,14:08,(Shotgun) O.Gordon left tackle pushed ob at MIN 11 for 53 yards (B.Murphy; H.Smith).,3,5,MIA 36,64,9,Minnesota Vikings,Miami Dolphins,9,0,99.9,0.1,213.0,126.0,339.0,77.0,121.0,198.0,game,Spread,Minnesota Vikings,,-5.5,polymarket,1566.0,—,—,,+9,,hit,,,,—,,
2026-10-04T23:00:39.811782+00:00,nfl,2026,4,401872974,4018729742372,3,14:08,(Shotgun) O.Gordon left tackle pushed ob at MIN 11 for 53 yards (B.Murphy; H.Smith).,3,5,MIA 36,64,9,Minnesota Vikings,Miami Dolphins,9,0,99.9,0.1,213.0,126.0,339.0,77.0,121.0,198.0,game,Total,Over,,32.5,kalshi,3233.0,—,—,,9.0,,miss,,,,—,,
2026-10-04T23:00:39.811782+00:00,nfl,2026,4,401872974,4018729742372,3,14:08,(Shotgun) O.Gordon left tackle pushed ob at MIN 11 for 53 yards (B.Murphy; H.Smith).,3,5,MIA 36,64,9,Minnesota Vikings,Miami Dolphins,9,0,99.9,0.1,213.0,126.0,339.0,77.0,121.0,198.0,game,Total,,,32.5,,,—,—,,9.0,,hit,,,,—,,
2026-10-04T23:00:39.811782+00:00,nfl,2026,4,401872974,4018729742372,3,14:08,(Shotgun) O.Gordon left tackle pushed ob at MIN 11 for 53 yards (B.Murphy; H.Smith).,3,5,MIA 36,64,9,Minnesota Vikings,Miami Dolphins,9,0,99.9,0.1,213.0,126.0,339.0,77.0,121.0,198.0,game,ML,Miami Dolphins,,,betfair,9678.0,—,—,,Loss,,miss,,,,—,,
2026-10-04T23:00:39.811782+00:00,nfl,2026,4,401872974,4018729742394,3,13:28,C.Wallace reported in as eligible.  O.Gordon right tackle to MIN 9 for 2 yards (B.Cashman).,1,10,MIN 11,11,9,Minnesota Vikings,Miami Dolphins,9,0,99.9,0.1,213.0,126.0,339.0,77.0,121.0,198.0,game,Spread,Minnesota Vikings,,5.5,polymarket,1566.0,—,—,,+9,,hit,,,,—,,
2026-10-04T23:00:39.811782+00:00,nfl,2026,4,401872974,4018729742394,3,13:28,C.Wallace reported in as eligible.  O.Gordon right tackle to MIN 9 for 2 yards (B.Cashman).,1,10,MIN 11,11,9,Minnesota Vikings,Miami Dolphins,9,0,99.9,0.1,213.0,126.0,339.0,77.0,121.0,198.0,game,Spread,Minnesota Vikings,,-5.5,polymarket,1566.0,—,—,,+9,,hit,,,,—,,
2026-10-04T23:00:39.811782+00:00,nfl,2026,4,401872974,4018729742394,3,13:28,C.Wallace reported in as eligible.  O.Gordon right tackle to MIN 9 for 2 yards (B.Cashman).,1,10,MIN 11,11,9,Minnesota Vikings,Miami Dolphins,9,0,99.9,0.1,213.0,126.0,339.0,77.0,121.0,198.0,game,Total,Over,,32.5,kalshi,3233.0,—,—,,9.0,,miss,,,,—,,
2026-10-04T23:00:39.811782+00:00,nfl,2026,4,401872974,4018729742394,3,13:28,C.Wallace reported in as eligible.  O.Gordon right tackle to MIN 9 for 2 yards (B.Cashman).,1,10,MIN 11,11,9,Minnesota Vikings,Miami Dolphins,9,0,99.9,0.1,213.0,126.0,339.0,77.0,121.0,198.0,game,Total,,,32.5,,,—,—,,9.0,,hit,,,,—,,
2026-10-04T23:00:39.811782+00:00,nfl,2026,4,401872974,4018729742394,3,13:28,C.Wallace reported in as eligible.  O.Gordon right tackle to MIN 9 for 2 yards (B.Cashman).,1,10,MIN 11,11,9,Minnesota Vikings,Miami Dolphins,9,0,99.9,0.1,213.0,126.0,339.0,77.0,121.0,198.0,game,ML,Miami Dolphins,,,betfair,9678.0,—,—,,Loss,,miss,,,,—,,
2026-10-04T23:00:39.811782+00:00,nfl,2026,4,401872974,4018729742418,3,12:48,M.Washington left end to MIN 9 for no gain (A.Van Ginkel).,2,8,MIN 9,9,9,Minnesota Vikings,Miami Dolphins,9,0,99.9,0.1,213.0,126.0,339.0,77.0,121.0,198.0,game,Spread,Minnesota Vikings,,5.5,polymarket,1566.0,—,—,,+9,,hit,,,,—,,
2026-10-04T23:00:39.811782+00:00,nfl,2026,4,401872974,4018729742418,3,12:48,M.Washington left end to MIN 9 for no gain (A.Van Ginkel).,2,8,MIN 9,9,9,Minnesota Vikings,Miami Dolphins,9,0,99.9,0.1,213.0,126.0,339.0,77.0,121.0,198.0,game,Spread,Minnesota Vikings,,-5.5,polymarket,1566.0,—,—,,+9,,hit,,,,—,,
2026-10-04T23:00:39.811782+00:00,nfl,2026,4,401872974,4018729742418,3,12:48,M.Washington left end to MIN 9 for no gain (A.Van Ginkel).,2,8,MIN 9,9,9,Minnesota Vikings,Miami Dolphins,9,0,99.9,0.1,213.0,126.0,339.0,77.0,121.0,198.0,game,Total,Over,,32.5,kalshi,3233.0,—,—,,9.0,,miss,,,,—,,
2026-10-04T23:00:39.811782+00:00,nfl,2026,4,401872974,4018729742418,3,12:48,M.Washington left end to MIN 9 for no gain (A.Van Ginkel).,2,8,MIN 9,9,9,Minnesota Vikings,Miami Dolphins,9,0,99.9,0.1,213.0,126.0,339.0,77.0,121.0,198.0,game,Total,,,32.5,,,—,—,,9.0,,hit,,,,—,,
2026-10-04T23:00:39.811782+00:00,nfl,2026,4,401872974,4018729742418,3,12:48,M.Washington left end to MIN 9 for no gain (A.Van Ginkel).,2,8,MIN 9,9,9,Minnesota Vikings,Miami Dolphins,9,0,99.9,0.1,213.0,126.0,339.0,77.0,121.0,198.0,game,ML,Miami Dolphins,,,betfair,9678.0,—,—,,Loss,,miss,,,,—,,
2026-10-04T23:00:39.811782+00:00,nfl,2026,4,401872974,4018729742440,3,12:06,(Shotgun) M.Willis pass incomplete short right to K.Coleman (I.Rodgers).,3,8,MIN 9,9,9,Minnesota Vikings,Miami Dolphins,9,0,99.9,0.1,213.0,126.0,339.0,77.0,121.0,198.0,game,Spread,Minnesota Vikings,,5.5,polymarket,1566.0,—,—,,+9,,hit,,,,—,,
2026-10-04T23:00:39.811782+00:00,nfl,2026,4,401872974,4018729742440,3,12:06,(Shotgun) M.Willis pass incomplete short right to K.Coleman (I.Rodgers).,3,8,MIN 9,9,9,Minnesota Vikings,Miami Dolphins,9,0,99.9,0.1,213.0,126.0,339.0,77.0,121.0,198.0,game,Spread,Minnesota Vikings,,-5.5,polymarket,1566.0,—,—,,+9,,hit,,,,—,,
2026-10-04T23:00:39.811782+00:00,nfl,2026,4,401872974,4018729742440,3,12:06,(Shotgun) M.Willis pass incomplete short right to K.Coleman (I.Rodgers).,3,8,MIN 9,9,9,Minnesota Vikings,Miami Dolphins,9,0,99.9,0.1,213.0,126.0,339.0,77.0,121.0,198.0,game,Total,Over,,32.5,kalshi,3233.0,—,—,,9.0,,miss,,,,—,,
2026-10-04T23:00:39.811782+00:00,nfl,2026,4,401872974,4018729742440,3,12:06,(Shotgun) M.Willis pass incomplete short right to K.Coleman (I.Rodgers).,3,8,MIN 9,9,9,Minnesota Vikings,Miami Dolphins,9,0,99.9,0.1,213.0,126.0,339.0,77.0,121.0,198.0,game,Total,,,32.5,,,—,—,,9.0,,hit,,,,—,,
2026-10-04T23:00:39.811782+00:00,nfl,2026,4,401872974,4018729742440,3,12:06,(Shotgun) M.Willis pass incomplete short right to K.Coleman (I.Rodgers).,3,8,MIN 9,9,9,Minnesota Vikings,Miami Dolphins,9,0,99.9,0.1,213.0,126.0,339.0,77.0,121.0,198.0,game,ML,Miami Dolphins,,,betfair,9678.0,—,—,,Loss,,miss,,,,—,,
2026-10-04T23:00:39.811782+00:00,nfl,2026,4,401872974,4018729742473,3,11:56,Official Timeout at 11:56.,-1,2,MIA 35,65,6,Minnesota Vikings,Miami Dolphins,9,3,99.9,0.1,213.0,126.0,339.0,77.0,121.0,198.0,game,Spread,Minnesota Vikings,,5.5,polymarket,1566.0,—,—,,+6,,hit,,,,—,,
2026-10-04T23:00:39.811782+00:00,nfl,2026,4,401872974,4018729742473,3,11:56,Official Timeout at 11:56.,-1,2,MIA 35,65,6,Minnesota Vikings,Miami Dolphins,9,3,99.9,0.1,213.0,126.0,339.0,77.0,121.0,198.0,game,Spread,Minnesota Vikings,,-5.5,polymarket,1566.0,—,—,,+6,,hit,,,,—,,
2026-10-04T23:00:39.811782+00:00,nfl,2026,4,401872974,4018729742473,3,11:56,Official Timeout at 11:56.,-1,2,MIA 35,65,6,Minnesota Vikings,Miami Dolphins,9,3,99.9,0.1,213.0,126.0,339.0,77.0,121.0,198.0,game,Total,Over,,32.5,kalshi,3233.0,—,—,,12.0,,miss,,,,—,,
2026-10-04T23:00:39.811782+00:00,nfl,2026,4,401872974,4018729742473,3,11:56,Official Timeout at 11:56.,-1,2,MIA 35,65,6,Minnesota Vikings,Miami Dolphins,9,3,99.9,0.1,213.0,126.0,339.0,77.0,121.0,198.0,game,Total,,,32.5,,,—,—,,12.0,,hit,,,,—,,
2026-10-04T23:00:39.811782+00:00,nfl,2026,4,401872974,4018729742473,3,11:56,Official Timeout at 11:56.,-1,2,MIA 35,65,6,Minnesota Vikings,Miami Dolphins,9,3,99.9,0.1,213.0,126.0,339.0,77.0,121.0,198.0,game,ML,Miami Dolphins,,,betfair,9678.0,—,—,,Loss,,miss,,,,—,,
2026-10-04T23:00:39.811782+00:00,nfl,2026,4,401872974,4018729742463,3,11:56,"R.Patterson 27 yard field goal is GOOD, Center-T.Addington, Holder-B.Pinion.",4,8,MIN 9,9,6,Minnesota Vikings,Miami Dolphins,9,3,99.9,0.1,213.0,126.0,339.0,77.0,121.0,198.0,game,Spread,Minnesota Vikings,,5.5,polymarket,1566.0,—,—,,+6,,hit,,,,—,,
2026-10-04T23:00:39.811782+00:00,nfl,2026,4,401872974,4018729742463,3,11:56,"R.Patterson 27 yard field goal is GOOD, Center-T.Addington, Holder-B.Pinion.",4,8,MIN 9,9,6,Minnesota Vikings,Miami Dolphins,9,3,99.9,0.1,213.0,126.0,339.0,77.0,121.0,198.0,game,Spread,Minnesota Vikings,,-5.5,polymarket,1566.0,—,—,,+6,,hit,,,,—,,
2026-10-04T23:00:39.811782+00:00,nfl,2026,4,401872974,4018729742463,3,11:56,"R.Patterson 27 yard field goal is GOOD, Center-T.Addington, Holder-B.Pinion.",4,8,MIN 9,9,6,Minnesota Vikings,Miami Dolphins,9,3,99.9,0.1,213.0,126.0,339.0,77.0,121.0,198.0,game,Total,Over,,32.5,kalshi,3233.0,—,—,,12.0,,miss,,,,—,,
2026-10-04T23:00:39.811782+00:00,nfl,2026,4,401872974,4018729742463,3,11:56,"R.Patterson 27 yard field goal is GOOD, Center-T.Addington, Holder-B.Pinion.",4,8,MIN 9,9,6,Minnesota Vikings,Miami Dolphins,9,3,99.9,0.1,213.0,126.0,339.0,77.0,121.0,198.0,game,Total,,,32.5,,,—,—,,12.0,,hit,,,,—,,
2026-10-04T23:00:39.811782+00:00,nfl,2026,4,401872974,4018729742463,3,11:56,"R.Patterson 27 yard field goal is GOOD, Center-T.Addington, Holder-B.Pinion.",4,8,MIN 9,9,6,Minnesota Vikings,Miami Dolphins,9,3,99.9,0.1,213.0,126.0,339.0,77.0,121.0,198.0,game,ML,Miami Dolphins,,,betfair,9678.0,—,—,,Loss,,miss,,,,—,,
2026-10-04T23:00:39.811782+00:00,nfl,2026,4,401872974,4018729742483,3,11:56,"R.Patterson kicks 65 yards from MIA 35 to end zone, Touchback to the MIN 35.",1,2,MIA 2,65,6,Minnesota Vikings,Miami Dolphins,9,3,99.9,0.1,213.0,126.0,339.0,77.0,121.0,198.0,game,Spread,Minnesota Vikings,,5.5,polymarket,1566.0,—,—,,+6,,hit,,,,—,,
2026-10-04T23:00:39.811782+00:00,nfl,2026,4,401872974,4018729742483,3,11:56,"R.Patterson kicks 65 yards from MIA 35 to end zone, Touchback to the MIN 35.",1,2,MIA 2,65,6,Minnesota Vikings,Miami Dolphins,9,3,99.9,0.1,213.0,126.0,339.0,77.0,121.0,198.0,game,Spread,Minnesota Vikings,,-5.5,polymarket,1566.0,—,—,,+6,,hit,,,,—,,
2026-10-04T23:00:39.811782+00:00,nfl,2026,4,401872974,4018729742483,3,11:56,"R.Patterson kicks 65 yards from MIA 35 to end zone, Touchback to the MIN 35.",1,2,MIA 2,65,6,Minnesota Vikings,Miami Dolphins,9,3,99.9,0.1,213.0,126.0,339.0,77.0,121.0,198.0,game,Total,Over,,32.5,kalshi,3233.0,—,—,,12.0,,miss,,,,—,,
2026-10-04T23:00:39.811782+00:00,nfl,2026,4,401872974,4018729742483,3,11:56,"R.Patterson kicks 65 yards from MIA 35 to end zone, Touchback to the MIN 35.",1,2,MIA 2,65,6,Minnesota Vikings,Miami Dolphins,9,3,99.9,0.1,213.0,126.0,339.0,77.0,121.0,198.0,game,Total,,,32.5,,,—,—,,12.0,,hit,,,,—,,
2026-10-04T23:00:39.811782+00:00,nfl,2026,4,401872974,4018729742483,3,11:56,"R.Patterson kicks 65 yards from MIA 35 to end zone, Touchback to the MIN 35.",1,2,MIA 2,65,6,Minnesota Vikings,Miami Dolphins,9,3,99.9,0.1,213.0,126.0,339.0,77.0,121.0,198.0,game,ML,Miami Dolphins,,,betfair,9678.0,—,—,,Loss,,miss,,,,—,,
2026-10-04T23:00:39.811782+00:00,nfl,2026,4,401872974,4018729742512,3,11:56,(Shotgun) D.Claiborne left end to MIN 36 for 1 yard (Z.Sieler). ** Injury Update: MIN-C.Darrisaw has returned to the game.,1,10,MIN 35,35,6,Minnesota Vikings,Miami Dolphins,9,3,99.9,0.1,213.0,126.0,339.0,77.0,121.0,198.0,game,Spread,Minnesota Vikings,,5.5,polymarket,1566.0,—,—,,+6,,hit,,,,—,,
2026-10-04T23:00:39.811782+00:00,nfl,2026,4,401872974,4018729742512,3,11:56,(Shotgun) D.Claiborne left end to MIN 36 for 1 yard (Z.Sieler). ** Injury Update: MIN-C.Darrisaw has returned to the game.,1,10,MIN 35,35,6,Minnesota Vikings,Miami Dolphins,9,3,99.9,0.1,213.0,126.0,339.0,77.0,121.0,198.0,game,Spread,Minnesota Vikings,,-5.5,polymarket,1566.0,—,—,,+6,,hit,,,,—,,
2026-10-04T23:00:39.811782+00:00,nfl,2026,4,401872974,4018729742512,3,11:56,(Shotgun) D.Claiborne left end to MIN 36 for 1 yard (Z.Sieler). ** Injury Update: MIN-C.Darrisaw has returned to the game.,1,10,MIN 35,35,6,Minnesota Vikings,Miami Dolphins,9,3,99.9,0.1,213.0,126.0,339.0,77.0,121.0,198.0,game,Total,Over,,32.5,kalshi,3233.0,—,—,,12.0,,miss,,,,—,,
2026-10-04T23:00:39.811782+00:00,nfl,2026,4,401872974,4018729742512,3,11:56,(Shotgun) D.Claiborne left end to MIN 36 for 1 yard (Z.Sieler). ** Injury Update: MIN-C.Darrisaw has returned to the game.,1,10,MIN 35,35,6,Minnesota Vikings,Miami Dolphins,9,3,99.9,0.1,213.0,126.0,339.0,77.0,121.0,198.0,game,Total,,,32.5,,,—,—,,12.0,,hit,,,,—,,
2026-10-04T23:00:39.811782+00:00,nfl,2026,4,401872974,4018729742512,3,11:56,(Shotgun) D.Claiborne left end to MIN 36 for 1 yard (Z.Sieler). ** Injury Update: MIN-C.Darrisaw has returned to the game.,1,10,MIN 35,35,6,Minnesota Vikings,Miami Dolphins,9,3,99.9,0.1,213.0,126.0,339.0,77.0,121.0,198.0,game,ML,Miami Dolphins,,,betfair,9678.0,—,—,,Loss,,miss,,,,—,,
2026-10-04T23:00:39.811782+00:00,nfl,2026,4,401872974,4018729742534,3,11:30,"(No Huddle, Shotgun) K.Murray pass short left to T.Hockenson to MIN 42 for 6 yards (J.Brooks).",2,9,MIN 36,36,6,Minnesota Vikings,Miami Dolphins,9,3,99.9,0.1,213.0,126.0,339.0,77.0,121.0,198.0,game,Spread,Minnesota Vikings,,5.5,polymarket,1566.0,—,—,,+6,,hit,,,,—,,
2026-10-04T23:00:39.811782+00:00,nfl,2026,4,401872974,4018729742534,3,11:30,"(No Huddle, Shotgun) K.Murray pass short left to T.Hockenson to MIN 42 for 6 yards (J.Brooks).",2,9,MIN 36,36,6,Minnesota Vikings,Miami Dolphins,9,3,99.9,0.1,213.0,126.0,339.0,77.0,121.0,198.0,game,Spread,Minnesota Vikings,,-5.5,polymarket,1566.0,—,—,,+6,,hit,,,,—,,
2026-10-04T23:00:39.811782+00:00,nfl,2026,4,401872974,4018729742534,3,11:30,"(No Huddle, Shotgun) K.Murray pass short left to T.Hockenson to MIN 42 for 6 yards (J.Brooks).",2,9,MIN 36,36,6,Minnesota Vikings,Miami Dolphins,9,3,99.9,0.1,213.0,126.0,339.0,77.0,121.0,198.0,game,Total,Over,,32.5,kalshi,3233.0,—,—,,12.0,,miss,,,,—,,
2026-10-04T23:00:39.811782+00:00,nfl,2026,4,401872974,4018729742534,3,11:30,"(No Huddle, Shotgun) K.Murray pass short left to T.Hockenson to MIN 42 for 6 yards (J.Brooks).",2,9,MIN 36,36,6,Minnesota Vikings,Miami Dolphins,9,3,99.9,0.1,213.0,126.0,339.0,77.0,121.0,198.0,game,Total,,,32.5,,,—,—,,12.0,,hit,,,,—,,
2026-10-04T23:00:39.811782+00:00,nfl,2026,4,401872974,4018729742534,3,11:30,"(No Huddle, Shotgun) K.Murray pass short left to T.Hockenson to MIN 42 for 6 yards (J.Brooks).",2,9,MIN 36,36,6,Minnesota Vikings,Miami Dolphins,9,3,99.9,0.1,213.0,126.0,339.0,77.0,121.0,198.0,game,ML,Miami Dolphins,,,betfair,9678.0,—,—,,Loss,,miss,,,,—,,
2026-10-04T23:00:39.811782+00:00,nfl,2026,4,401872974,4018729742562,3,10:54,(Shotgun) K.Murray pass short right to T.Hockenson pushed ob at MIN 46 for 4 yards (M.Taaffe).,3,3,MIN 42,42,6,Minnesota Vikings,Miami Dolphins,9,3,99.9,0.1,213.0,126.0,339.0,77.0,121.0,198.0,game,Spread,Minnesota Vikings,,5.5,polymarket,1566.0,—,—,,+6,,hit,,,,—,,
2026-10-04T23:00:39.811782+00:00,nfl,2026,4,401872974,4018729742562,3,10:54,(Shotgun) K.Murray pass short right to T.Hockenson pushed ob at MIN 46 for 4 yards (M.Taaffe).,3,3,MIN 42,42,6,Minnesota Vikings,Miami Dolphins,9,3,99.9,0.1,213.0,126.0,339.0,77.0,121.0,198.0,game,Spread,Minnesota Vikings,,-5.5,polymarket,1566.0,—,—,,+6,,hit,,,,—,,
2026-10-04T23:00:39.811782+00:00,nfl,2026,4,401872974,4018729742562,3,10:54,(Shotgun) K.Murray pass short right to T.Hockenson pushed ob at MIN 46 for 4 yards (M.Taaffe).,3,3,MIN 42,42,6,Minnesota Vikings,Miami Dolphins,9,3,99.9,0.1,213.0,126.0,339.0,77.0,121.0,198.0,game,Total,Over,,32.5,kalshi,3233.0,—,—,,12.0,,miss,,,,—,,
2026-10-04T23:00:39.811782+00:00,nfl,2026,4,401872974,4018729742562,3,10:54,(Shotgun) K.Murray pass short right to T.Hockenson pushed ob at MIN 46 for 4 yards (M.Taaffe).,3,3,MIN 42,42,6,Minnesota Vikings,Miami Dolphins,9,3,99.9,0.1,213.0,126.0,339.0,77.0,121.0,198.0,game,Total,,,32.5,,,—,—,,12.0,,hit,,,,—,,
2026-10-04T23:00:39.811782+00:00,nfl,2026,4,401872974,4018729742562,3,10:54,(Shotgun) K.Murray pass short right to T.Hockenson pushed ob at MIN 46 for 4 yards (M.Taaffe).,3,3,MIN 42,42,6,Minnesota Vikings,Miami Dolphins,9,3,99.9,0.1,213.0,126.0,339.0,77.0,121.0,198.0,game,ML,Miami Dolphins,,,betfair,9678.0,—,—,,Loss,,miss,,,,—,,
2026-10-04T23:00:39.811782+00:00,nfl,2026,4,401872974,4018729742592,3,10:22,C.Tiernan reported in as eligible.  K.Murray pass incomplete short right.,1,10,MIN 46,46,6,Minnesota Vikings,Miami Dolphins,9,3,99.9,0.1,213.0,126.0,339.0,77.0,121.0,198.0,game,Spread,Minnesota Vikings,,5.5,polymarket,1566.0,—,—,,+6,,hit,,,,—,,
2026-10-04T23:00:39.811782+00:00,nfl,2026,4,401872974,4018729742592,3,10:22,C.Tiernan reported in as eligible.  K.Murray pass incomplete short right.,1,10,MIN 46,46,6,Minnesota Vikings,Miami Dolphins,9,3,99.9,0.1,213.0,126.0,339.0,77.0,121.0,198.0,game,Spread,Minnesota Vikings,,-5.5,polymarket,1566.0,—,—,,+6,,hit,,,,—,,
2026-10-04T23:00:39.811782+00:00,nfl,2026,4,401872974,4018729742592,3,10:22,C.Tiernan reported in as eligible.  K.Murray pass incomplete short right.,1,10,MIN 46,46,6,Minnesota Vikings,Miami Dolphins,9,3,99.9,0.1,213.0,126.0,339.0,77.0,121.0,198.0,game,Total,Over,,32.5,kalshi,3233.0,—,—,,12.0,,miss,,,,—,,
2026-10-04T23:00:39.811782+00:00,nfl,2026,4,401872974,4018729742592,3,10:22,C.Tiernan reported in as eligible.  K.Murray pass incomplete short right.,1,10,MIN 46,46,6,Minnesota Vikings,Miami Dolphins,9,3,99.9,0.1,213.0,126.0,339.0,77.0,121.0,198.0,game,Total,,,32.5,,,—,—,,12.0,,hit,,,,—,,
2026-10-04T23:00:39.811782+00:00,nfl,2026,4,401872974,4018729742592,3,10:22,C.Tiernan reported in as eligible.  K.Murray pass incomplete short right.,1,10,MIN 46,46,6,Minnesota Vikings,Miami Dolphins,9,3,99.9,0.1,213.0,126.0,339.0,77.0,121.0,198.0,game,ML,Miami Dolphins,,,betfair,9678.0,—,—,,Loss,,miss,,,,—,,
2026-10-04T23:00:39.811782+00:00,nfl,2026,4,401872974,4018729742617,3,10:13,(Shotgun) A.Jones right end pushed ob at MIA 35 for 19 yards (J.Brooks).,2,10,MIN 46,46,6,Minnesota Vikings,Miami Dolphins,9,3,99.9,0.1,213.0,126.0,339.0,77.0,121.0,198.0,game,Spread,Minnesota Vikings,,5.5,polymarket,1566.0,—,—,,+6,,hit,,,,—,,
2026-10-04T23:00:39.811782+00:00,nfl,2026,4,401872974,4018729742617,3,10:13,(Shotgun) A.Jones right end pushed ob at MIA 35 for 19 yards (J.Brooks).,2,10,MIN 46,46,6,Minnesota Vikings,Miami Dolphins,9,3,99.9,0.1,213.0,126.0,339.0,77.0,121.0,198.0,game,Spread,Minnesota Vikings,,-5.5,polymarket,1566.0,—,—,,+6,,hit,,,,—,,
2026-10-04T23:00:39.811782+00:00,nfl,2026,4,401872974,4018729742617,3,10:13,(Shotgun) A.Jones right end pushed ob at MIA 35 for 19 yards (J.Brooks).,2,10,MIN 46,46,6,Minnesota Vikings,Miami Dolphins,9,3,99.9,0.1,213.0,126.0,339.0,77.0,121.0,198.0,game,Total,Over,,32.5,kalshi,3233.0,—,—,,12.0,,miss,,,,—,,
2026-10-04T23:00:39.811782+00:00,nfl,2026,4,401872974,4018729742617,3,10:13,(Shotgun) A.Jones right end pushed ob at MIA 35 for 19 yards (J.Brooks).,2,10,MIN 46,46,6,Minnesota Vikings,Miami Dolphins,9,3,99.9,0.1,213.0,126.0,339.0,77.0,121.0,198.0,game,Total,,,32.5,,,—,—,,12.0,,hit,,,,—,,
2026-10-04T23:00:39.811782+00:00,nfl,2026,4,401872974,4018729742617,3,10:13,(Shotgun) A.Jones right end pushed ob at MIA 35 for 19 yards (J.Brooks).,2,10,MIN 46,46,6,Minnesota Vikings,Miami Dolphins,9,3,99.9,0.1,213.0,126.0,339.0,77.0,121.0,198.0,game,ML,Miami Dolphins,,,betfair,9678.0,—,—,,Loss,,miss,,,,—,,
2026-10-04T23:00:39.811782+00:00,nfl,2026,4,401872974,4018729742644,3,9:42,(Shotgun) A.Jones right guard to MIA 27 for 8 yards (M.Herring).,1,10,MIA 35,65,6,Minnesota Vikings,Miami Dolphins,9,3,99.9,0.1,213.0,126.0,339.0,77.0,121.0,198.0,game,Spread,Minnesota Vikings,,5.5,polymarket,1566.0,—,—,,+6,,hit,,,,—,,
2026-10-04T23:00:39.811782+00:00,nfl,2026,4,401872974,4018729742644,3,9:42,(Shotgun) A.Jones right guard to MIA 27 for 8 yards (M.Herring).,1,10,MIA 35,65,6,Minnesota Vikings,Miami Dolphins,9,3,99.9,0.1,213.0,126.0,339.0,77.0,121.0,198.0,game,Spread,Minnesota Vikings,,-5.5,polymarket,1566.0,—,—,,+6,,hit,,,,—,,
2026-10-04T23:00:39.811782+00:00,nfl,2026,4,401872974,4018729742644,3,9:42,(Shotgun) A.Jones right guard to MIA 27 for 8 yards (M.Herring).,1,10,MIA 35,65,6,Minnesota Vikings,Miami Dolphins,9,3,99.9,0.1,213.0,126.0,339.0,77.0,121.0,198.0,game,Total,Over,,32.5,kalshi,3233.0,—,—,,12.0,,miss,,,,—,,
2026-10-04T23:00:39.811782+00:00,nfl,2026,4,401872974,4018729742644,3,9:42,(Shotgun) A.Jones right guard to MIA 27 for 8 yards (M.Herring).,1,10,MIA 35,65,6,Minnesota Vikings,Miami Dolphins,9,3,99.9,0.1,213.0,126.0,339.0,77.0,121.0,198.0,game,Total,,,32.5,,,—,—,,12.0,,hit,,,,—,,
2026-10-04T23:00:39.811782+00:00,nfl,2026,4,401872974,4018729742644,3,9:42,(Shotgun) A.Jones right guard to MIA 27 for 8 yards (M.Herring).,1,10,MIA 35,65,6,Minnesota Vikings,Miami Dolphins,9,3,99.9,0.1,213.0,126.0,339.0,77.0,121.0,198.0,game,ML,Miami Dolphins,,,betfair,9678.0,—,—,,Loss,,miss,,,,—,,
2026-10-04T23:00:39.811782+00:00,nfl,2026,4,401872974,4018729742666,3,9:06,"(No Huddle, Shotgun) K.Murray pass incomplete short left to J.Jennings.PENALTY on MIA-J.Brents, Illegal Contact, 5 yards, enforced at MIA 27 - No Play.",2,2,MIA 27,73,6,Minnesota Vikings,Miami Dolphins,9,3,99.9,0.1,213.0,126.0,339.0,77.0,121.0,198.0,game,Spread,Minnesota Vikings,,5.5,polymarket,1566.0,—,—,,+6,,hit,,,,—,,
2026-10-04T23:00:39.811782+00:00,nfl,2026,4,401872974,4018729742666,3,9:06,"(No Huddle, Shotgun) K.Murray pass incomplete short left to J.Jennings.PENALTY on MIA-J.Brents, Illegal Contact, 5 yards, enforced at MIA 27 - No Play.",2,2,MIA 27,73,6,Minnesota Vikings,Miami Dolphins,9,3,99.9,0.1,213.0,126.0,339.0,77.0,121.0,198.0,game,Spread,Minnesota Vikings,,-5.5,polymarket,1566.0,—,—,,+6,,hit,,,,—,,
2026-10-04T23:00:39.811782+00:00,nfl,2026,4,401872974,4018729742666,3,9:06,"(No Huddle, Shotgun) K.Murray pass incomplete short left to J.Jennings.PENALTY on MIA-J.Brents, Illegal Contact, 5 yards, enforced at MIA 27 - No Play.",2,2,MIA 27,73,6,Minnesota Vikings,Miami Dolphins,9,3,99.9,0.1,213.0,126.0,339.0,77.0,121.0,198.0,game,Total,Over,,32.5,kalshi,3233.0,—,—,,12.0,,miss,,,,—,,
2026-10-04T23:00:39.811782+00:00,nfl,2026,4,401872974,4018729742666,3,9:06,"(No Huddle, Shotgun) K.Murray pass incomplete short left to J.Jennings.PENALTY on MIA-J.Brents, Illegal Contact, 5 yards, enforced at MIA 27 - No Play.",2,2,MIA 27,73,6,Minnesota Vikings,Miami Dolphins,9,3,99.9,0.1,213.0,126.0,339.0,77.0,121.0,198.0,game,Total,,,32.5,,,—,—,,12.0,,hit,,,,—,,
2026-10-04T23:00:39.811782+00:00,nfl,2026,4,401872974,4018729742666,3,9:06,"(No Huddle, Shotgun) K.Murray pass incomplete short left to J.Jennings.PENALTY on MIA-J.Brents, Illegal Contact, 5 yards, enforced at MIA 27 - No Play.",2,2,MIA 27,73,6,Minnesota Vikings,Miami Dolphins,9,3,99.9,0.1,213.0,126.0,339.0,77.0,121.0,198.0,game,ML,Miami Dolphins,,,betfair,9678.0,—,—,,Loss,,miss,,,,—,,
2026-10-04T23:00:39.811782+00:00,nfl,2026,4,401872974,4018729742700,3,9:01,"(Shotgun) K.Murray pass short left to D.Claiborne to MIA 23 for -1 yards (C.Johnson).PENALTY on MIN-J.Jennings, Offensive Pass Interference, 10 yards, enforced at MIA 22 - No Play.",1,10,MIA 22,78,6,Minnesota Vikings,Miami Dolphins,9,3,99.9,0.1,213.0,126.0,339.0,77.0,121.0,198.0,game,Spread,Minnesota Vikings,,5.5,polymarket,1566.0,—,—,,+6,,hit,,,,—,,
2026-10-04T23:00:39.811782+00:00,nfl,2026,4,401872974,4018729742700,3,9:01,"(Shotgun) K.Murray pass short left to D.Claiborne to MIA 23 for -1 yards (C.Johnson).PENALTY on MIN-J.Jennings, Offensive Pass Interference, 10 yards, enforced at MIA 22 - No Play.",1,10,MIA 22,78,6,Minnesota Vikings,Miami Dolphins,9,3,99.9,0.1,213.0,126.0,339.0,77.0,121.0,198.0,game,Spread,Minnesota Vikings,,-5.5,polymarket,1566.0,—,—,,+6,,hit,,,,—,,
2026-10-04T23:00:39.811782+00:00,nfl,2026,4,401872974,4018729742700,3,9:01,"(Shotgun) K.Murray pass short left to D.Claiborne to MIA 23 for -1 yards (C.Johnson).PENALTY on MIN-J.Jennings, Offensive Pass Interference, 10 yards, enforced at MIA 22 - No Play.",1,10,MIA 22,78,6,Minnesota Vikings,Miami Dolphins,9,3,99.9,0.1,213.0,126.0,339.0,77.0,121.0,198.0,game,Total,Over,,32.5,kalshi,3233.0,—,—,,12.0,,miss,,,,—,,
2026-10-04T23:00:39.811782+00:00,nfl,2026,4,401872974,4018729742700,3,9:01,"(Shotgun) K.Murray pass short left to D.Claiborne to MIA 23 for -1 yards (C.Johnson).PENALTY on MIN-J.Jennings, Offensive Pass Interference, 10 yards, enforced at MIA 22 - No Play.",1,10,MIA 22,78,6,Minnesota Vikings,Miami Dolphins,9,3,99.9,0.1,213.0,126.0,339.0,77.0,121.0,198.0,game,Total,,,32.5,,,—,—,,12.0,,hit,,,,—,,
2026-10-04T23:00:39.811782+00:00,nfl,2026,4,401872974,4018729742700,3,9:01,"(Shotgun) K.Murray pass short left to D.Claiborne to MIA 23 for -1 yards (C.Johnson).PENALTY on MIN-J.Jennings, Offensive Pass Interference, 10 yards, enforced at MIA 22 - No Play.",1,10,MIA 22,78,6,Minnesota Vikings,Miami Dolphins,9,3,99.9,0.1,213.0,126.0,339.0,77.0,121.0,198.0,game,ML,Miami Dolphins,,,betfair,9678.0,—,—,,Loss,,miss,,,,—,,
2026-10-04T23:00:39.811782+00:00,nfl,2026,4,401872974,4018729742736,3,8:30,(Shotgun) D.Claiborne left guard to MIA 29 for 3 yards (J.Rodriguez).,1,20,MIA 32,68,6,Minnesota Vikings,Miami Dolphins,9,3,99.9,0.1,213.0,126.0,339.0,77.0,121.0,198.0,game,Spread,Minnesota Vikings,,5.5,polymarket,1566.0,—,—,,+6,,hit,,,,—,,
2026-10-04T23:00:39.811782+00:00,nfl,2026,4,401872974,4018729742736,3,8:30,(Shotgun) D.Claiborne left guard to MIA 29 for 3 yards (J.Rodriguez).,1,20,MIA 32,68,6,Minnesota Vikings,Miami Dolphins,9,3,99.9,0.1,213.0,126.0,339.0,77.0,121.0,198.0,game,Spread,Minnesota Vikings,,-5.5,polymarket,1566.0,—,—,,+6,,hit,,,,—,,
2026-10-04T23:00:39.811782+00:00,nfl,2026,4,401872974,4018729742736,3,8:30,(Shotgun) D.Claiborne left guard to MIA 29 for 3 yards (J.Rodriguez).,1,20,MIA 32,68,6,Minnesota Vikings,Miami Dolphins,9,3,99.9,0.1,213.0,126.0,339.0,77.0,121.0,198.0,game,Total,Over,,32.5,kalshi,3233.0,—,—,,12.0,,miss,,,,—,,
2026-10-04T23:00:39.811782+00:00,nfl,2026,4,401872974,4018729742736,3,8:30,(Shotgun) D.Claiborne left guard to MIA 29 for 3 yards (J.Rodriguez).,1,20,MIA 32,68,6,Minnesota Vikings,Miami Dolphins,9,3,99.9,0.1,213.0,126.0,339.0,77.0,121.0,198.0,game,Total,,,32.5,,,—,—,,12.0,,hit,,,,—,,
2026-10-04T23:00:39.811782+00:00,nfl,2026,4,401872974,4018729742736,3,8:30,(Shotgun) D.Claiborne left guard to MIA 29 for 3 yards (J.Rodriguez).,1,20,MIA 32,68,6,Minnesota Vikings,Miami Dolphins,9,3,99.9,0.1,213.0,126.0,339.0,77.0,121.0,198.0,game,ML,Miami Dolphins,,,betfair,9678.0,—,—,,Loss,,miss,,,,—,,
2026-10-04T23:00:39.811782+00:00,nfl,2026,4,401872974,4018729742758,3,8:01,"(No Huddle) J.Addison left end to MIA 30 for -1 yards (J.Marshall, J.Uche).",2,17,MIA 29,71,6,Minnesota Vikings,Miami Dolphins,9,3,99.9,0.1,213.0,126.0,339.0,77.0,121.0,198.0,game,Spread,Minnesota Vikings,,5.5,polymarket,1566.0,—,—,,+6,,hit,,,,—,,
2026-10-04T23:00:39.811782+00:00,nfl,2026,4,401872974,4018729742758,3,8:01,"(No Huddle) J.Addison left end to MIA 30 for -1 yards (J.Marshall, J.Uche).",2,17,MIA 29,71,6,Minnesota Vikings,Miami Dolphins,9,3,99.9,0.1,213.0,126.0,339.0,77.0,121.0,198.0,game,Spread,Minnesota Vikings,,-5.5,polymarket,1566.0,—,—,,+6,,hit,,,,—,,
2026-10-04T23:00:39.811782+00:00,nfl,2026,4,401872974,4018729742758,3,8:01,"(No Huddle) J.Addison left end to MIA 30 for -1 yards (J.Marshall, J.Uche).",2,17,MIA 29,71,6,Minnesota Vikings,Miami Dolphins,9,3,99.9,0.1,213.0,126.0,339.0,77.0,121.0,198.0,game,Total,Over,,32.5,kalshi,3233.0,—,—,,12.0,,miss,,,,—,,
2026-10-04T23:00:39.811782+00:00,nfl,2026,4,401872974,4018729742758,3,8:01,"(No Huddle) J.Addison left end to MIA 30 for -1 yards (J.Marshall, J.Uche).",2,17,MIA 29,71,6,Minnesota Vikings,Miami Dolphins,9,3,99.9,0.1,213.0,126.0,339.0,77.0,121.0,198.0,game,Total,,,32.5,,,—,—,,12.0,,hit,,,,—,,
2026-10-04T23:00:39.811782+00:00,nfl,2026,4,401872974,4018729742758,3,8:01,"(No Huddle) J.Addison left end to MIA 30 for -1 yards (J.Marshall, J.Uche).",2,17,MIA 29,71,6,Minnesota Vikings,Miami Dolphins,9,3,99.9,0.1,213.0,126.0,339.0,77.0,121.0,198.0,game,ML,Miami Dolphins,,,betfair,9678.0,—,—,,Loss,,miss,,,,—,,
2026-10-04T23:00:39.811782+00:00,nfl,2026,4,401872974,4018729742780,3,7:18,(Shotgun) K.Murray scrambles right end pushed ob at MIA 23 for 7 yards (J.Rodriguez).,3,18,MIA 30,70,6,Minnesota Vikings,Miami Dolphins,9,3,99.9,0.1,213.0,126.0,339.0,77.0,121.0,198.0,game,Spread,Minnesota Vikings,,5.5,polymarket,1566.0,—,—,,+6,,hit,,,,—,,
2026-10-04T23:00:39.811782+00:00,nfl,2026,4,401872974,4018729742780,3,7:18,(Shotgun) K.Murray scrambles right end pushed ob at MIA 23 for 7 yards (J.Rodriguez).,3,18,MIA 30,70,6,Minnesota Vikings,Miami Dolphins,9,3,99.9,0.1,213.0,126.0,339.0,77.0,121.0,198.0,game,Spread,Minnesota Vikings,,-5.5,polymarket,1566.0,—,—,,+6,,hit,,,,—,,
2026-10-04T23:00:39.811782+00:00,nfl,2026,4,401872974,4018729742780,3,7:18,(Shotgun) K.Murray scrambles right end pushed ob at MIA 23 for 7 yards (J.Rodriguez).,3,18,MIA 30,70,6,Minnesota Vikings,Miami Dolphins,9,3,99.9,0.1,213.0,126.0,339.0,77.0,121.0,198.0,game,Total,Over,,32.5,kalshi,3233.0,—,—,,12.0,,miss,,,,—,,
2026-10-04T23:00:39.811782+00:00,nfl,2026,4,401872974,4018729742780,3,7:18,(Shotgun) K.Murray scrambles right end pushed ob at MIA 23 for 7 yards (J.Rodriguez).,3,18,MIA 30,70,6,Minnesota Vikings,Miami Dolphins,9,3,99.9,0.1,213.0,126.0,339.0,77.0,121.0,198.0,game,Total,,,32.5,,,—,—,,12.0,,hit,,,,—,,
2026-10-04T23:00:39.811782+00:00,nfl,2026,4,401872974,4018729742780,3,7:18,(Shotgun) K.Murray scrambles right end pushed ob at MIA 23 for 7 yards (J.Rodriguez).,3,18,MIA 30,70,6,Minnesota Vikings,Miami Dolphins,9,3,99.9,0.1,213.0,126.0,339.0,77.0,121.0,198.0,game,ML,Miami Dolphins,,,betfair,9678.0,—,—,,Loss,,miss,,,,—,,
2026-10-04T23:00:39.811782+00:00,nfl,2026,4,401872974,4018729742817,3,6:35,Official Timeout at 06:35.,-1,2,MIN 35,35,9,Minnesota Vikings,Miami Dolphins,12,3,99.9,0.1,213.0,126.0,339.0,77.0,121.0,198.0,game,Spread,Minnesota Vikings,,5.5,polymarket,1566.0,—,—,,+9,,hit,,,,—,,
2026-10-04T23:00:39.811782+00:00,nfl,2026,4,401872974,4018729742817,3,6:35,Official Timeout at 06:35.,-1,2,MIN 35,35,9,Minnesota Vikings,Miami Dolphins,12,3,99.9,0.1,213.0,126.0,339.0,77.0,121.0,198.0,game,Spread,Minnesota Vikings,,-5.5,polymarket,1566.0,—,—,,+9,,hit,,,,—,,
2026-10-04T23:00:39.811782+00:00,nfl,2026,4,401872974,4018729742817,3,6:35,Official Timeout at 06:35.,-1,2,MIN 35,35,9,Minnesota Vikings,Miami Dolphins,12,3,99.9,0.1,213.0,126.0,339.0,77.0,121.0,198.0,game,Total,Over,,32.5,kalshi,3233.0,—,—,,15.0,,miss,,,,—,,
2026-10-04T23:00:39.811782+00:00,nfl,2026,4,401872974,4018729742817,3,6:35,Official Timeout at 06:35.,-1,2,MIN 35,35,9,Minnesota Vikings,Miami Dolphins,12,3,99.9,0.1,213.0,126.0,339.0,77.0,121.0,198.0,game,Total,,,32.5,,,—,—,,15.0,,hit,,,,—,,
2026-10-04T23:00:39.811782+00:00,nfl,2026,4,401872974,4018729742817,3,6:35,Official Timeout at 06:35.,-1,2,MIN 35,35,9,Minnesota Vikings,Miami Dolphins,12,3,99.9,0.1,213.0,126.0,339.0,77.0,121.0,198.0,game,ML,Miami Dolphins,,,betfair,9678.0,—,—,,Loss,,miss,,,,—,,
2026-10-04T23:00:39.811782+00:00,nfl,2026,4,401872974,4018729742807,3,6:35,"W.Reichard 41 yard field goal is GOOD, Center-A.DePaola, Holder-J.Hekker.",4,11,MIA 23,77,9,Minnesota Vikings,Miami Dolphins,12,3,99.9,0.1,213.0,126.0,339.0,77.0,121.0,198.0,game,Spread,Minnesota Vikings,,5.5,polymarket,1566.0,—,—,,+9,,hit,,,,—,,
2026-10-04T23:00:39.811782+00:00,nfl,2026,4,401872974,4018729742807,3,6:35,"W.Reichard 41 yard field goal is GOOD, Center-A.DePaola, Holder-J.Hekker.",4,11,MIA 23,77,9,Minnesota Vikings,Miami Dolphins,12,3,99.9,0.1,213.0,126.0,339.0,77.0,121.0,198.0,game,Spread,Minnesota Vikings,,-5.5,polymarket,1566.0,—,—,,+9,,hit,,,,—,,
2026-10-04T23:00:39.811782+00:00,nfl,2026,4,401872974,4018729742807,3,6:35,"W.Reichard 41 yard field goal is GOOD, Center-A.DePaola, Holder-J.Hekker.",4,11,MIA 23,77,9,Minnesota Vikings,Miami Dolphins,12,3,99.9,0.1,213.0,126.0,339.0,77.0,121.0,198.0,game,Total,Over,,32.5,kalshi,3233.0,—,—,,15.0,,miss,,,,—,,
2026-10-04T23:00:39.811782+00:00,nfl,2026,4,401872974,4018729742807,3,6:35,"W.Reichard 41 yard field goal is GOOD, Center-A.DePaola, Holder-J.Hekker.",4,11,MIA 23,77,9,Minnesota Vikings,Miami Dolphins,12,3,99.9,0.1,213.0,126.0,339.0,77.0,121.0,198.0,game,Total,,,32.5,,,—,—,,15.0,,hit,,,,—,,
2026-10-04T23:00:39.811782+00:00,nfl,2026,4,401872974,4018729742807,3,6:35,"W.Reichard 41 yard field goal is GOOD, Center-A.DePaola, Holder-J.Hekker.",4,11,MIA 23,77,9,Minnesota Vikings,Miami Dolphins,12,3,99.9,0.1,213.0,126.0,339.0,77.0,121.0,198.0,game,ML,Miami Dolphins,,,betfair,9678.0,—,—,,Loss,,miss,,,,—,,
2026-10-04T23:00:39.811782+00:00,nfl,2026,4,401872974,4018729742827,3,6:35,W.Reichard kicks 55 yards from MIN 35 to MIA 10. J.Wright to MIA 33 for 23 yards (I.Pace; C.Chambliss).,1,2,MIA 2,35,9,Minnesota Vikings,Miami Dolphins,12,3,99.9,0.1,213.0,126.0,339.0,77.0,121.0,198.0,game,Spread,Minnesota Vikings,,5.5,polymarket,1566.0,—,—,,+9,,hit,,,,—,,
2026-10-04T23:00:39.811782+00:00,nfl,2026,4,401872974,4018729742827,3,6:35,W.Reichard kicks 55 yards from MIN 35 to MIA 10. J.Wright to MIA 33 for 23 yards (I.Pace; C.Chambliss).,1,2,MIA 2,35,9,Minnesota Vikings,Miami Dolphins,12,3,99.9,0.1,213.0,126.0,339.0,77.0,121.0,198.0,game,Spread,Minnesota Vikings,,-5.5,polymarket,1566.0,—,—,,+9,,hit,,,,—,,
2026-10-04T23:00:39.811782+00:00,nfl,2026,4,401872974,4018729742827,3,6:35,W.Reichard kicks 55 yards from MIN 35 to MIA 10. J.Wright to MIA 33 for 23 yards (I.Pace; C.Chambliss).,1,2,MIA 2,35,9,Minnesota Vikings,Miami Dolphins,12,3,99.9,0.1,213.0,126.0,339.0,77.0,121.0,198.0,game,Total,Over,,32.5,kalshi,3233.0,—,—,,15.0,,miss,,,,—,,
2026-10-04T23:00:39.811782+00:00,nfl,2026,4,401872974,4018729742827,3,6:35,W.Reichard kicks 55 yards from MIN 35 to MIA 10. J.Wright to MIA 33 for 23 yards (I.Pace; C.Chambliss).,1,2,MIA 2,35,9,Minnesota Vikings,Miami Dolphins,12,3,99.9,0.1,213.0,126.0,339.0,77.0,121.0,198.0,game,Total,,,32.5,,,—,—,,15.0,,hit,,,,—,,
2026-10-04T23:00:39.811782+00:00,nfl,2026,4,401872974,4018729742827,3,6:35,W.Reichard kicks 55 yards from MIN 35 to MIA 10. J.Wright to MIA 33 for 23 yards (I.Pace; C.Chambliss).,1,2,MIA 2,35,9,Minnesota Vikings,Miami Dolphins,12,3,99.9,0.1,213.0,126.0,339.0,77.0,121.0,198.0,game,ML,Miami Dolphins,,,betfair,9678.0,—,—,,Loss,,miss,,,,—,,
2026-10-04T23:00:39.811782+00:00,nfl,2026,4,401872974,4018729742857,3,6:30,M.Willis pass short left to M.Washington to MIA 39 for 6 yards (B.Cashman; C.Banks).,1,10,MIA 33,67,9,Minnesota Vikings,Miami Dolphins,12,3,99.9,0.1,213.0,126.0,339.0,77.0,121.0,198.0,game,Spread,Minnesota Vikings,,5.5,polymarket,1566.0,—,—,,+9,,hit,,,,—,,
2026-10-04T23:00:39.811782+00:00,nfl,2026,4,401872974,4018729742857,3,6:30,M.Willis pass short left to M.Washington to MIA 39 for 6 yards (B.Cashman; C.Banks).,1,10,MIA 33,67,9,Minnesota Vikings,Miami Dolphins,12,3,99.9,0.1,213.0,126.0,339.0,77.0,121.0,198.0,game,Spread,Minnesota Vikings,,-5.5,polymarket,1566.0,—,—,,+9,,hit,,,,—,,
2026-10-04T23:00:39.811782+00:00,nfl,2026,4,401872974,4018729742857,3,6:30,M.Willis pass short left to M.Washington to MIA 39 for 6 yards (B.Cashman; C.Banks).,1,10,MIA 33,67,9,Minnesota Vikings,Miami Dolphins,12,3,99.9,0.1,213.0,126.0,339.0,77.0,121.0,198.0,game,Total,Over,,32.5,kalshi,3233.0,—,—,,15.0,,miss,,,,—,,
2026-10-04T23:00:39.811782+00:00,nfl,2026,4,401872974,4018729742857,3,6:30,M.Willis pass short left to M.Washington to MIA 39 for 6 yards (B.Cashman; C.Banks).,1,10,MIA 33,67,9,Minnesota Vikings,Miami Dolphins,12,3,99.9,0.1,213.0,126.0,339.0,77.0,121.0,198.0,game,Total,,,32.5,,,—,—,,15.0,,hit,,,,—,,
2026-10-04T23:00:39.811782+00:00,nfl,2026,4,401872974,4018729742857,3,6:30,M.Willis pass short left to M.Washington to MIA 39 for 6 yards (B.Cashman; C.Banks).,1,10,MIA 33,67,9,Minnesota Vikings,Miami Dolphins,12,3,99.9,0.1,213.0,126.0,339.0,77.0,121.0,198.0,game,ML,Miami Dolphins,,,betfair,9678.0,—,—,,Loss,,miss,,,,—,,
2026-10-04T23:00:39.811782+00:00,nfl,2026,4,401872974,4018729742882,3,5:45,(Shotgun) O.Gordon left guard to MIA 41 for 2 yards (B.Cashman).,2,4,MIA 39,61,9,Minnesota Vikings,Miami Dolphins,12,3,99.9,0.1,213.0,126.0,339.0,77.0,121.0,198.0,game,Spread,Minnesota Vikings,,5.5,polymarket,1566.0,—,—,,+9,,hit,,,,—,,
2026-10-04T23:00:39.811782+00:00,nfl,2026,4,401872974,4018729742882,3,5:45,(Shotgun) O.Gordon left guard to MIA 41 for 2 yards (B.Cashman).,2,4,MIA 39,61,9,Minnesota Vikings,Miami Dolphins,12,3,99.9,0.1,213.0,126.0,339.0,77.0,121.0,198.0,game,Spread,Minnesota Vikings,,-5.5,polymarket,1566.0,—,—,,+9,,hit,,,,—,,
2026-10-04T23:00:39.811782+00:00,nfl,2026,4,401872974,4018729742882,3,5:45,(Shotgun) O.Gordon left guard to MIA 41 for 2 yards (B.Cashman).,2,4,MIA 39,61,9,Minnesota Vikings,Miami Dolphins,12,3,99.9,0.1,213.0,126.0,339.0,77.0,121.0,198.0,game,Total,Over,,32.5,kalshi,3233.0,—,—,,15.0,,miss,,,,—,,
2026-10-04T23:00:39.811782+00:00,nfl,2026,4,401872974,4018729742882,3,5:45,(Shotgun) O.Gordon left guard to MIA 41 for 2 yards (B.Cashman).,2,4,MIA 39,61,9,Minnesota Vikings,Miami Dolphins,12,3,99.9,0.1,213.0,126.0,339.0,77.0,121.0,198.0,game,Total,,,32.5,,,—,—,,15.0,,hit,,,,—,,
2026-10-04T23:00:39.811782+00:00,nfl,2026,4,401872974,4018729742882,3,5:45,(Shotgun) O.Gordon left guard to MIA 41 for 2 yards (B.Cashman).,2,4,MIA 39,61,9,Minnesota Vikings,Miami Dolphins,12,3,99.9,0.1,213.0,126.0,339.0,77.0,121.0,198.0,game,ML,Miami Dolphins,,,betfair,9678.0,—,—,,Loss,,miss,,,,—,,
2026-10-04T23:00:39.811782+00:00,nfl,2026,4,401872974,4018729742904,3,4:57,(Shotgun) J.Wright left guard to MIA 38 for -3 yards (K.Van Noy).,3,2,MIA 41,59,9,Minnesota Vikings,Miami Dolphins,12,3,99.9,0.1,213.0,126.0,339.0,77.0,121.0,198.0,game,Spread,Minnesota Vikings,,5.5,polymarket,1566.0,—,—,,+9,,hit,,,,—,,
2026-10-04T23:00:39.811782+00:00,nfl,2026,4,401872974,4018729742904,3,4:57,(Shotgun) J.Wright left guard to MIA 38 for -3 yards (K.Van Noy).,3,2,MIA 41,59,9,Minnesota Vikings,Miami Dolphins,12,3,99.9,0.1,213.0,126.0,339.0,77.0,121.0,198.0,game,Spread,Minnesota Vikings,,-5.5,polymarket,1566.0,—,—,,+9,,hit,,,,—,,
2026-10-04T23:00:39.811782+00:00,nfl,2026,4,401872974,4018729742904,3,4:57,(Shotgun) J.Wright left guard to MIA 38 for -3 yards (K.Van Noy).,3,2,MIA 41,59,9,Minnesota Vikings,Miami Dolphins,12,3,99.9,0.1,213.0,126.0,339.0,77.0,121.0,198.0,game,Total,Over,,32.5,kalshi,3233.0,—,—,,15.0,,miss,,,,—,,
2026-10-04T23:00:39.811782+00:00,nfl,2026,4,401872974,4018729742904,3,4:57,(Shotgun) J.Wright left guard to MIA 38 for -3 yards (K.Van Noy).,3,2,MIA 41,59,9,Minnesota Vikings,Miami Dolphins,12,3,99.9,0.1,213.0,126.0,339.0,77.0,121.0,198.0,game,Total,,,32.5,,,—,—,,15.0,,hit,,,,—,,
2026-10-04T23:00:39.811782+00:00,nfl,2026,4,401872974,4018729742904,3,4:57,(Shotgun) J.Wright left guard to MIA 38 for -3 yards (K.Van Noy).,3,2,MIA 41,59,9,Minnesota Vikings,Miami Dolphins,12,3,99.9,0.1,213.0,126.0,339.0,77.0,121.0,198.0,game,ML,Miami Dolphins,,,betfair,9678.0,—,—,,Loss,,miss,,,,—,,
2026-10-04T23:00:39.811782+00:00,nfl,2026,4,401872974,4018729742926,3,4:21,"B.Pinion punts 48 yards to MIN 14, Center-T.Addington. M.Price pushed ob at MIN 26 for 12 yards (J.Tolbert).",4,5,MIA 38,62,9,Minnesota Vikings,Miami Dolphins,12,3,99.9,0.1,213.0,126.0,339.0,77.0,121.0,198.0,game,Spread,Minnesota Vikings,,5.5,polymarket,1566.0,—,—,,+9,,hit,,,,—,,
2026-10-04T23:00:39.811782+00:00,nfl,2026,4,401872974,4018729742926,3,4:21,"B.Pinion punts 48 yards to MIN 14, Center-T.Addington. M.Price pushed ob at MIN 26 for 12 yards (J.Tolbert).",4,5,MIA 38,62,9,Minnesota Vikings,Miami Dolphins,12,3,99.9,0.1,213.0,126.0,339.0,77.0,121.0,198.0,game,Spread,Minnesota Vikings,,-5.5,polymarket,1566.0,—,—,,+9,,hit,,,,—,,
2026-10-04T23:00:39.811782+00:00,nfl,2026,4,401872974,4018729742926,3,4:21,"B.Pinion punts 48 yards to MIN 14, Center-T.Addington. M.Price pushed ob at MIN 26 for 12 yards (J.Tolbert).",4,5,MIA 38,62,9,Minnesota Vikings,Miami Dolphins,12,3,99.9,0.1,213.0,126.0,339.0,77.0,121.0,198.0,game,Total,Over,,32.5,kalshi,3233.0,—,—,,15.0,,miss,,,,—,,
2026-10-04T23:00:39.811782+00:00,nfl,2026,4,401872974,4018729742926,3,4:21,"B.Pinion punts 48 yards to MIN 14, Center-T.Addington. M.Price pushed ob at MIN 26 for 12 yards (J.Tolbert).",4,5,MIA 38,62,9,Minnesota Vikings,Miami Dolphins,12,3,99.9,0.1,213.0,126.0,339.0,77.0,121.0,198.0,game,Total,,,32.5,,,—,—,,15.0,,hit,,,,—,,
2026-10-04T23:00:39.811782+00:00,nfl,2026,4,401872974,4018729742926,3,4:21,"B.Pinion punts 48 yards to MIN 14, Center-T.Addington. M.Price pushed ob at MIN 26 for 12 yards (J.Tolbert).",4,5,MIA 38,62,9,Minnesota Vikings,Miami Dolphins,12,3,99.9,0.1,213.0,126.0,339.0,77.0,121.0,198.0,game,ML,Miami Dolphins,,,betfair,9678.0,—,—,,Loss,,miss,,,,—,,
2026-10-04T23:00:39.811782+00:00,nfl,2026,4,401872974,4018729742942,3,4:11,Official Timeout at 04:11.,1,10,MIN 26,26,9,Minnesota Vikings,Miami Dolphins,12,3,99.9,0.1,213.0,126.0,339.0,77.0,121.0,198.0,game,Spread,Minnesota Vikings,,5.5,polymarket,1566.0,—,—,,+9,,hit,,,,—,,
2026-10-04T23:00:39.811782+00:00,nfl,2026,4,401872974,4018729742942,3,4:11,Official Timeout at 04:11.,1,10,MIN 26,26,9,Minnesota Vikings,Miami Dolphins,12,3,99.9,0.1,213.0,126.0,339.0,77.0,121.0,198.0,game,Spread,Minnesota Vikings,,-5.5,polymarket,1566.0,—,—,,+9,,hit,,,,—,,
2026-10-04T23:00:39.811782+00:00,nfl,2026,4,401872974,4018729742942,3,4:11,Official Timeout at 04:11.,1,10,MIN 26,26,9,Minnesota Vikings,Miami Dolphins,12,3,99.9,0.1,213.0,126.0,339.0,77.0,121.0,198.0,game,Total,Over,,32.5,kalshi,3233.0,—,—,,15.0,,miss,,,,—,,
2026-10-04T23:00:39.811782+00:00,nfl,2026,4,401872974,4018729742942,3,4:11,Official Timeout at 04:11.,1,10,MIN 26,26,9,Minnesota Vikings,Miami Dolphins,12,3,99.9,0.1,213.0,126.0,339.0,77.0,121.0,198.0,game,Total,,,32.5,,,—,—,,15.0,,hit,,,,—,,
2026-10-04T23:00:39.811782+00:00,nfl,2026,4,401872974,4018729742942,3,4:11,Official Timeout at 04:11.,1,10,MIN 26,26,9,Minnesota Vikings,Miami Dolphins,12,3,99.9,0.1,213.0,126.0,339.0,77.0,121.0,198.0,game,ML,Miami Dolphins,,,betfair,9678.0,—,—,,Loss,,miss,,,,—,,
2026-10-04T23:00:39.811782+00:00,nfl,2026,4,401872974,4018729742957,3,4:11,(Shotgun) A.Jones left guard to MIN 30 for 4 yards (C.Robinson). ** Injury Update: MIA-D.Trader has returned to the game.,1,10,MIN 26,26,9,Minnesota Vikings,Miami Dolphins,12,3,99.9,0.1,213.0,126.0,339.0,77.0,121.0,198.0,game,Spread,Minnesota Vikings,,5.5,polymarket,1566.0,—,—,,+9,,hit,,,,—,,
2026-10-04T23:00:39.811782+00:00,nfl,2026,4,401872974,4018729742957,3,4:11,(Shotgun) A.Jones left guard to MIN 30 for 4 yards (C.Robinson). ** Injury Update: MIA-D.Trader has returned to the game.,1,10,MIN 26,26,9,Minnesota Vikings,Miami Dolphins,12,3,99.9,0.1,213.0,126.0,339.0,77.0,121.0,198.0,game,Spread,Minnesota Vikings,,-5.5,polymarket,1566.0,—,—,,+9,,hit,,,,—,,
2026-10-04T23:00:39.811782+00:00,nfl,2026,4,401872974,4018729742957,3,4:11,(Shotgun) A.Jones left guard to MIN 30 for 4 yards (C.Robinson). ** Injury Update: MIA-D.Trader has returned to the game.,1,10,MIN 26,26,9,Minnesota Vikings,Miami Dolphins,12,3,99.9,0.1,213.0,126.0,339.0,77.0,121.0,198.0,game,Total,Over,,32.5,kalshi,3233.0,—,—,,15.0,,miss,,,,—,,
2026-10-04T23:00:39.811782+00:00,nfl,2026,4,401872974,4018729742957,3,4:11,(Shotgun) A.Jones left guard to MIN 30 for 4 yards (C.Robinson). ** Injury Update: MIA-D.Trader has returned to the game.,1,10,MIN 26,26,9,Minnesota Vikings,Miami Dolphins,12,3,99.9,0.1,213.0,126.0,339.0,77.0,121.0,198.0,game,Total,,,32.5,,,—,—,,15.0,,hit,,,,—,,
2026-10-04T23:00:39.811782+00:00,nfl,2026,4,401872974,4018729742957,3,4:11,(Shotgun) A.Jones left guard to MIN 30 for 4 yards (C.Robinson). ** Injury Update: MIA-D.Trader has returned to the game.,1,10,MIN 26,26,9,Minnesota Vikings,Miami Dolphins,12,3,99.9,0.1,213.0,126.0,339.0,77.0,121.0,198.0,game,ML,Miami Dolphins,,,betfair,9678.0,—,—,,Loss,,miss,,,,—,,
2026-10-04T23:00:39.811782+00:00,nfl,2026,4,401872974,4018729742986,3,3:28,(Shotgun) K.Murray pass short left to T.Hockenson to MIN 35 for 5 yards (J.Rodriguez; J.Brooks).,2,6,MIN 30,30,9,Minnesota Vikings,Miami Dolphins,12,3,99.9,0.1,213.0,126.0,339.0,77.0,121.0,198.0,game,Spread,Minnesota Vikings,,5.5,polymarket,1566.0,—,—,,+9,,hit,,,,—,,
2026-10-04T23:00:39.811782+00:00,nfl,2026,4,401872974,4018729742986,3,3:28,(Shotgun) K.Murray pass short left to T.Hockenson to MIN 35 for 5 yards (J.Rodriguez; J.Brooks).,2,6,MIN 30,30,9,Minnesota Vikings,Miami Dolphins,12,3,99.9,0.1,213.0,126.0,339.0,77.0,121.0,198.0,game,Spread,Minnesota Vikings,,-5.5,polymarket,1566.0,—,—,,+9,,hit,,,,—,,
2026-10-04T23:00:39.811782+00:00,nfl,2026,4,401872974,4018729742986,3,3:28,(Shotgun) K.Murray pass short left to T.Hockenson to MIN 35 for 5 yards (J.Rodriguez; J.Brooks).,2,6,MIN 30,30,9,Minnesota Vikings,Miami Dolphins,12,3,99.9,0.1,213.0,126.0,339.0,77.0,121.0,198.0,game,Total,Over,,32.5,kalshi,3233.0,—,—,,15.0,,miss,,,,—,,
2026-10-04T23:00:39.811782+00:00,nfl,2026,4,401872974,4018729742986,3,3:28,(Shotgun) K.Murray pass short left to T.Hockenson to MIN 35 for 5 yards (J.Rodriguez; J.Brooks).,2,6,MIN 30,30,9,Minnesota Vikings,Miami Dolphins,12,3,99.9,0.1,213.0,126.0,339.0,77.0,121.0,198.0,game,Total,,,32.5,,,—,—,,15.0,,hit,,,,—,,
2026-10-04T23:00:39.811782+00:00,nfl,2026,4,401872974,4018729742986,3,3:28,(Shotgun) K.Murray pass short left to T.Hockenson to MIN 35 for 5 yards (J.Rodriguez; J.Brooks).,2,6,MIN 30,30,9,Minnesota Vikings,Miami Dolphins,12,3,99.9,0.1,213.0,126.0,339.0,77.0,121.0,198.0,game,ML,Miami Dolphins,,,betfair,9678.0,—,—,,Loss,,miss,,,,—,,
2026-10-04T23:00:39.811782+00:00,nfl,2026,4,401872974,4018729743014,3,2:43,(Shotgun) K.Murray sacked at MIN 24 for -11 yards (C.Robinson).,3,1,MIN 35,35,9,Minnesota Vikings,Miami Dolphins,12,3,99.9,0.1,213.0,126.0,339.0,77.0,121.0,198.0,game,Spread,Minnesota Vikings,,5.5,polymarket,1566.0,—,—,,+9,,hit,,,,—,,
2026-10-04T23:00:39.811782+00:00,nfl,2026,4,401872974,4018729743014,3,2:43,(Shotgun) K.Murray sacked at MIN 24 for -11 yards (C.Robinson).,3,1,MIN 35,35,9,Minnesota Vikings,Miami Dolphins,12,3,99.9,0.1,213.0,126.0,339.0,77.0,121.0,198.0,game,Spread,Minnesota Vikings,,-5.5,polymarket,1566.0,—,—,,+9,,hit,,,,—,,
2026-10-04T23:00:39.811782+00:00,nfl,2026,4,401872974,4018729743014,3,2:43,(Shotgun) K.Murray sacked at MIN 24 for -11 yards (C.Robinson).,3,1,MIN 35,35,9,Minnesota Vikings,Miami Dolphins,12,3,99.9,0.1,213.0,126.0,339.0,77.0,121.0,198.0,game,Total,Over,,32.5,kalshi,3233.0,—,—,,15.0,,miss,,,,—,,
2026-10-04T23:00:39.811782+00:00,nfl,2026,4,401872974,4018729743014,3,2:43,(Shotgun) K.Murray sacked at MIN 24 for -11 yards (C.Robinson).,3,1,MIN 35,35,9,Minnesota Vikings,Miami Dolphins,12,3,99.9,0.1,213.0,126.0,339.0,77.0,121.0,198.0,game,Total,,,32.5,,,—,—,,15.0,,hit,,,,—,,
2026-10-04T23:00:39.811782+00:00,nfl,2026,4,401872974,4018729743014,3,2:43,(Shotgun) K.Murray sacked at MIN 24 for -11 yards (C.Robinson).,3,1,MIN 35,35,9,Minnesota Vikings,Miami Dolphins,12,3,99.9,0.1,213.0,126.0,339.0,77.0,121.0,198.0,game,ML,Miami Dolphins,,,betfair,9678.0,—,—,,Loss,,miss,,,,—,,
2026-10-04T23:00:39.811782+00:00,nfl,2026,4,401872974,4018729743034,3,2:00,"J.Hekker punts 31 yards to MIA 45, Center-A.DePaola, out of bounds.",4,12,MIN 24,24,9,Minnesota Vikings,Miami Dolphins,12,3,99.9,0.1,213.0,126.0,339.0,77.0,121.0,198.0,game,Spread,Minnesota Vikings,,5.5,polymarket,1566.0,—,—,,+9,,hit,,,,—,,
2026-10-04T23:00:39.811782+00:00,nfl,2026,4,401872974,4018729743034,3,2:00,"J.Hekker punts 31 yards to MIA 45, Center-A.DePaola, out of bounds.",4,12,MIN 24,24,9,Minnesota Vikings,Miami Dolphins,12,3,99.9,0.1,213.0,126.0,339.0,77.0,121.0,198.0,game,Spread,Minnesota Vikings,,-5.5,polymarket,1566.0,—,—,,+9,,hit,,,,—,,
2026-10-04T23:00:39.811782+00:00,nfl,2026,4,401872974,4018729743034,3,2:00,"J.Hekker punts 31 yards to MIA 45, Center-A.DePaola, out of bounds.",4,12,MIN 24,24,9,Minnesota Vikings,Miami Dolphins,12,3,99.9,0.1,213.0,126.0,339.0,77.0,121.0,198.0,game,Total,Over,,32.5,kalshi,3233.0,—,—,,15.0,,miss,,,,—,,
2026-10-04T23:00:39.811782+00:00,nfl,2026,4,401872974,4018729743034,3,2:00,"J.Hekker punts 31 yards to MIA 45, Center-A.DePaola, out of bounds.",4,12,MIN 24,24,9,Minnesota Vikings,Miami Dolphins,12,3,99.9,0.1,213.0,126.0,339.0,77.0,121.0,198.0,game,Total,,,32.5,,,—,—,,15.0,,hit,,,,—,,
2026-10-04T23:00:39.811782+00:00,nfl,2026,4,401872974,4018729743034,3,2:00,"J.Hekker punts 31 yards to MIA 45, Center-A.DePaola, out of bounds.",4,12,MIN 24,24,9,Minnesota Vikings,Miami Dolphins,12,3,99.9,0.1,213.0,126.0,339.0,77.0,121.0,198.0,game,ML,Miami Dolphins,,,betfair,9678.0,—,—,,Loss,,miss,,,,—,,
2026-10-04T23:00:39.811782+00:00,nfl,2026,4,401872974,4018729743044,3,1:52,Official Timeout at 01:52.,1,10,MIA 45,55,9,Minnesota Vikings,Miami Dolphins,12,3,99.9,0.1,213.0,126.0,339.0,77.0,121.0,198.0,game,Spread,Minnesota Vikings,,5.5,polymarket,1566.0,—,—,,+9,,hit,,,,—,,
2026-10-04T23:00:39.811782+00:00,nfl,2026,4,401872974,4018729743044,3,1:52,Official Timeout at 01:52.,1,10,MIA 45,55,9,Minnesota Vikings,Miami Dolphins,12,3,99.9,0.1,213.0,126.0,339.0,77.0,121.0,198.0,game,Spread,Minnesota Vikings,,-5.5,polymarket,1566.0,—,—,,+9,,hit,,,,—,,
2026-10-04T23:00:39.811782+00:00,nfl,2026,4,401872974,4018729743044,3,1:52,Official Timeout at 01:52.,1,10,MIA 45,55,9,Minnesota Vikings,Miami Dolphins,12,3,99.9,0.1,213.0,126.0,339.0,77.0,121.0,198.0,game,Total,Over,,32.5,kalshi,3233.0,—,—,,15.0,,miss,,,,—,,
2026-10-04T23:00:39.811782+00:00,nfl,2026,4,401872974,4018729743044,3,1:52,Official Timeout at 01:52.,1,10,MIA 45,55,9,Minnesota Vikings,Miami Dolphins,12,3,99.9,0.1,213.0,126.0,339.0,77.0,121.0,198.0,game,Total,,,32.5,,,—,—,,15.0,,hit,,,,—,,
2026-10-04T23:00:39.811782+00:00,nfl,2026,4,401872974,4018729743044,3,1:52,Official Timeout at 01:52.,1,10,MIA 45,55,9,Minnesota Vikings,Miami Dolphins,12,3,99.9,0.1,213.0,126.0,339.0,77.0,121.0,198.0,game,ML,Miami Dolphins,,,betfair,9678.0,—,—,,Loss,,miss,,,,—,,
2026-10-04T23:00:39.811782+00:00,nfl,2026,4,401872974,4018729743053,3,1:52,M.Willis pass deep right to M.Washington ran ob at MIN 38 for 17 yards.,1,10,MIA 45,55,9,Minnesota Vikings,Miami Dolphins,12,3,99.9,0.1,213.0,126.0,339.0,77.0,121.0,198.0,game,Spread,Minnesota Vikings,,5.5,polymarket,1566.0,—,—,,+9,,hit,,,,—,,
2026-10-04T23:00:39.811782+00:00,nfl,2026,4,401872974,4018729743053,3,1:52,M.Willis pass deep right to M.Washington ran ob at MIN 38 for 17 yards.,1,10,MIA 45,55,9,Minnesota Vikings,Miami Dolphins,12,3,99.9,0.1,213.0,126.0,339.0,77.0,121.0,198.0,game,Spread,Minnesota Vikings,,-5.5,polymarket,1566.0,—,—,,+9,,hit,,,,—,,
2026-10-04T23:00:39.811782+00:00,nfl,2026,4,401872974,4018729743053,3,1:52,M.Willis pass deep right to M.Washington ran ob at MIN 38 for 17 yards.,1,10,MIA 45,55,9,Minnesota Vikings,Miami Dolphins,12,3,99.9,0.1,213.0,126.0,339.0,77.0,121.0,198.0,game,Total,Over,,32.5,kalshi,3233.0,—,—,,15.0,,miss,,,,—,,
2026-10-04T23:00:39.811782+00:00,nfl,2026,4,401872974,4018729743053,3,1:52,M.Willis pass deep right to M.Washington ran ob at MIN 38 for 17 yards.,1,10,MIA 45,55,9,Minnesota Vikings,Miami Dolphins,12,3,99.9,0.1,213.0,126.0,339.0,77.0,121.0,198.0,game,Total,,,32.5,,,—,—,,15.0,,hit,,,,—,,
2026-10-04T23:00:39.811782+00:00,nfl,2026,4,401872974,4018729743053,3,1:52,M.Willis pass deep right to M.Washington ran ob at MIN 38 for 17 yards.,1,10,MIA 45,55,9,Minnesota Vikings,Miami Dolphins,12,3,99.9,0.1,213.0,126.0,339.0,77.0,121.0,198.0,game,ML,Miami Dolphins,,,betfair,9678.0,—,—,,Loss,,miss,,,,—,,
2026-10-04T23:00:39.811782+00:00,nfl,2026,4,401872974,4018729743085,3,1:23,O.Gordon left guard to MIN 29 for 9 yards (T.Jackson).,1,10,MIN 38,38,9,Minnesota Vikings,Miami Dolphins,12,3,99.9,0.1,213.0,126.0,339.0,77.0,121.0,198.0,game,Spread,Minnesota Vikings,,5.5,polymarket,1566.0,—,—,,+9,,hit,,,,—,,
2026-10-04T23:00:39.811782+00:00,nfl,2026,4,401872974,4018729743085,3,1:23,O.Gordon left guard to MIN 29 for 9 yards (T.Jackson).,1,10,MIN 38,38,9,Minnesota Vikings,Miami Dolphins,12,3,99.9,0.1,213.0,126.0,339.0,77.0,121.0,198.0,game,Spread,Minnesota Vikings,,-5.5,polymarket,1566.0,—,—,,+9,,hit,,,,—,,
2026-10-04T23:00:39.811782+00:00,nfl,2026,4,401872974,4018729743085,3,1:23,O.Gordon left guard to MIN 29 for 9 yards (T.Jackson).,1,10,MIN 38,38,9,Minnesota Vikings,Miami Dolphins,12,3,99.9,0.1,213.0,126.0,339.0,77.0,121.0,198.0,game,Total,Over,,32.5,kalshi,3233.0,—,—,,15.0,,miss,,,,—,,
2026-10-04T23:00:39.811782+00:00,nfl,2026,4,401872974,4018729743085,3,1:23,O.Gordon left guard to MIN 29 for 9 yards (T.Jackson).,1,10,MIN 38,38,9,Minnesota Vikings,Miami Dolphins,12,3,99.9,0.1,213.0,126.0,339.0,77.0,121.0,198.0,game,Total,,,32.5,,,—,—,,15.0,,hit,,,,—,,
2026-10-04T23:00:39.811782+00:00,nfl,2026,4,401872974,4018729743085,3,1:23,O.Gordon left guard to MIN 29 for 9 yards (T.Jackson).,1,10,MIN 38,38,9,Minnesota Vikings,Miami Dolphins,12,3,99.9,0.1,213.0,126.0,339.0,77.0,121.0,198.0,game,ML,Miami Dolphins,,,betfair,9678.0,—,—,,Loss,,miss,,,,—,,
2026-10-04T23:00:39.811782+00:00,nfl,2026,4,401872974,4018729743107,3,0:47,M.Willis pass deep left to M.Washington ran ob at MIN 12 for 17 yards.,2,1,MIN 29,29,9,Minnesota Vikings,Miami Dolphins,12,3,99.9,0.1,213.0,126.0,339.0,77.0,121.0,198.0,game,Spread,Minnesota Vikings,,5.5,polymarket,1566.0,—,—,,+9,,hit,,,,—,,
2026-10-04T23:00:39.811782+00:00,nfl,2026,4,401872974,4018729743107,3,0:47,M.Willis pass deep left to M.Washington ran ob at MIN 12 for 17 yards.,2,1,MIN 29,29,9,Minnesota Vikings,Miami Dolphins,12,3,99.9,0.1,213.0,126.0,339.0,77.0,121.0,198.0,game,Spread,Minnesota Vikings,,-5.5,polymarket,1566.0,—,—,,+9,,hit,,,,—,,
2026-10-04T23:00:39.811782+00:00,nfl,2026,4,401872974,4018729743107,3,0:47,M.Willis pass deep left to M.Washington ran ob at MIN 12 for 17 yards.,2,1,MIN 29,29,9,Minnesota Vikings,Miami Dolphins,12,3,99.9,0.1,213.0,126.0,339.0,77.0,121.0,198.0,game,Total,Over,,32.5,kalshi,3233.0,—,—,,15.0,,miss,,,,—,,
2026-10-04T23:00:39.811782+00:00,nfl,2026,4,401872974,4018729743107,3,0:47,M.Willis pass deep left to M.Washington ran ob at MIN 12 for 17 yards.,2,1,MIN 29,29,9,Minnesota Vikings,Miami Dolphins,12,3,99.9,0.1,213.0,126.0,339.0,77.0,121.0,198.0,game,Total,,,32.5,,,—,—,,15.0,,hit,,,,—,,
2026-10-04T23:00:39.811782+00:00,nfl,2026,4,401872974,4018729743107,3,0:47,M.Willis pass deep left to M.Washington ran ob at MIN 12 for 17 yards.,2,1,MIN 29,29,9,Minnesota Vikings,Miami Dolphins,12,3,99.9,0.1,213.0,126.0,339.0,77.0,121.0,198.0,game,ML,Miami Dolphins,,,betfair,9678.0,—,—,,Loss,,miss,,,,—,,
2026-10-04T23:00:39.811782+00:00,nfl,2026,4,401872974,4018729743132,3,0:11,"O.Gordon left guard for 12 yards, TOUCHDOWN. R.Patterson extra point is GOOD, Center-T.Addington, Holder-B.Pinion.",1,10,MIN 12,12,2,Minnesota Vikings,Miami Dolphins,12,10,99.9,0.1,213.0,126.0,339.0,77.0,121.0,198.0,game,Spread,Minnesota Vikings,,5.5,polymarket,1566.0,—,—,,+2,,hit,,,,—,,
2026-10-04T23:00:39.811782+00:00,nfl,2026,4,401872974,4018729743132,3,0:11,"O.Gordon left guard for 12 yards, TOUCHDOWN. R.Patterson extra point is GOOD, Center-T.Addington, Holder-B.Pinion.",1,10,MIN 12,12,2,Minnesota Vikings,Miami Dolphins,12,10,99.9,0.1,213.0,126.0,339.0,77.0,121.0,198.0,game,Spread,Minnesota Vikings,,-5.5,polymarket,1566.0,—,—,,+2,,miss,,,,—,,
2026-10-04T23:00:39.811782+00:00,nfl,2026,4,401872974,4018729743132,3,0:11,"O.Gordon left guard for 12 yards, TOUCHDOWN. R.Patterson extra point is GOOD, Center-T.Addington, Holder-B.Pinion.",1,10,MIN 12,12,2,Minnesota Vikings,Miami Dolphins,12,10,99.9,0.1,213.0,126.0,339.0,77.0,121.0,198.0,game,Total,Over,,32.5,kalshi,3233.0,—,—,,22.0,,miss,,,,—,,
2026-10-04T23:00:39.811782+00:00,nfl,2026,4,401872974,4018729743132,3,0:11,"O.Gordon left guard for 12 yards, TOUCHDOWN. R.Patterson extra point is GOOD, Center-T.Addington, Holder-B.Pinion.",1,10,MIN 12,12,2,Minnesota Vikings,Miami Dolphins,12,10,99.9,0.1,213.0,126.0,339.0,77.0,121.0,198.0,game,Total,,,32.5,,,—,—,,22.0,,hit,,,,—,,
2026-10-04T23:00:39.811782+00:00,nfl,2026,4,401872974,4018729743132,3,0:11,"O.Gordon left guard for 12 yards, TOUCHDOWN. R.Patterson extra point is GOOD, Center-T.Addington, Holder-B.Pinion.",1,10,MIN 12,12,2,Minnesota Vikings,Miami Dolphins,12,10,99.9,0.1,213.0,126.0,339.0,77.0,121.0,198.0,game,ML,Miami Dolphins,,,betfair,9678.0,—,—,,Loss,,miss,,,,—,,
2026-10-04T23:00:39.811782+00:00,nfl,2026,4,401872974,4018729743165,3,0:11,R.Patterson kicks 59 yards from MIA 35 to MIN 6. M.Price to MIN 29 for 23 yards (R.McGraw; J.Woodard).,1,2,MIA 2,65,2,Minnesota Vikings,Miami Dolphins,12,10,99.9,0.1,213.0,126.0,339.0,77.0,121.0,198.0,game,Spread,Minnesota Vikings,,5.5,polymarket,1566.0,—,—,,+2,,hit,,,,—,,
2026-10-04T23:00:39.811782+00:00,nfl,2026,4,401872974,4018729743165,3,0:11,R.Patterson kicks 59 yards from MIA 35 to MIN 6. M.Price to MIN 29 for 23 yards (R.McGraw; J.Woodard).,1,2,MIA 2,65,2,Minnesota Vikings,Miami Dolphins,12,10,99.9,0.1,213.0,126.0,339.0,77.0,121.0,198.0,game,Spread,Minnesota Vikings,,-5.5,polymarket,1566.0,—,—,,+2,,miss,,,,—,,
2026-10-04T23:00:39.811782+00:00,nfl,2026,4,401872974,4018729743165,3,0:11,R.Patterson kicks 59 yards from MIA 35 to MIN 6. M.Price to MIN 29 for 23 yards (R.McGraw; J.Woodard).,1,2,MIA 2,65,2,Minnesota Vikings,Miami Dolphins,12,10,99.9,0.1,213.0,126.0,339.0,77.0,121.0,198.0,game,Total,Over,,32.5,kalshi,3233.0,—,—,,22.0,,miss,,,,—,,
2026-10-04T23:00:39.811782+00:00,nfl,2026,4,401872974,4018729743165,3,0:11,R.Patterson kicks 59 yards from MIA 35 to MIN 6. M.Price to MIN 29 for 23 yards (R.McGraw; J.Woodard).,1,2,MIA 2,65,2,Minnesota Vikings,Miami Dolphins,12,10,99.9,0.1,213.0,126.0,339.0,77.0,121.0,198.0,game,Total,,,32.5,,,—,—,,22.0,,hit,,,,—,,
2026-10-04T23:00:39.811782+00:00,nfl,2026,4,401872974,4018729743165,3,0:11,R.Patterson kicks 59 yards from MIA 35 to MIN 6. M.Price to MIN 29 for 23 yards (R.McGraw; J.Woodard).,1,2,MIA 2,65,2,Minnesota Vikings,Miami Dolphins,12,10,99.9,0.1,213.0,126.0,339.0,77.0,121.0,198.0,game,ML,Miami Dolphins,,,betfair,9678.0,—,—,,Loss,,miss,,,,—,,
2026-10-04T23:00:39.811782+00:00,nfl,2026,4,401872974,4018729743188,3,0:05,(Shotgun) K.Murray pass short middle to T.Hockenson to MIN 37 for 8 yards (J.Rodriguez).,1,10,MIN 29,29,2,Minnesota Vikings,Miami Dolphins,12,10,99.9,0.1,213.0,126.0,339.0,77.0,121.0,198.0,game,Spread,Minnesota Vikings,,5.5,polymarket,1566.0,—,—,,+2,,hit,,,,—,,
2026-10-04T23:00:39.811782+00:00,nfl,2026,4,401872974,4018729743188,3,0:05,(Shotgun) K.Murray pass short middle to T.Hockenson to MIN 37 for 8 yards (J.Rodriguez).,1,10,MIN 29,29,2,Minnesota Vikings,Miami Dolphins,12,10,99.9,0.1,213.0,126.0,339.0,77.0,121.0,198.0,game,Spread,Minnesota Vikings,,-5.5,polymarket,1566.0,—,—,,+2,,miss,,,,—,,
2026-10-04T23:00:39.811782+00:00,nfl,2026,4,401872974,4018729743188,3,0:05,(Shotgun) K.Murray pass short middle to T.Hockenson to MIN 37 for 8 yards (J.Rodriguez).,1,10,MIN 29,29,2,Minnesota Vikings,Miami Dolphins,12,10,99.9,0.1,213.0,126.0,339.0,77.0,121.0,198.0,game,Total,Over,,32.5,kalshi,3233.0,—,—,,22.0,,miss,,,,—,,
2026-10-04T23:00:39.811782+00:00,nfl,2026,4,401872974,4018729743188,3,0:05,(Shotgun) K.Murray pass short middle to T.Hockenson to MIN 37 for 8 yards (J.Rodriguez).,1,10,MIN 29,29,2,Minnesota Vikings,Miami Dolphins,12,10,99.9,0.1,213.0,126.0,339.0,77.0,121.0,198.0,game,Total,,,32.5,,,—,—,,22.0,,hit,,,,—,,
2026-10-04T23:00:39.811782+00:00,nfl,2026,4,401872974,4018729743188,3,0:05,(Shotgun) K.Murray pass short middle to T.Hockenson to MIN 37 for 8 yards (J.Rodriguez).,1,10,MIN 29,29,2,Minnesota Vikings,Miami Dolphins,12,10,99.9,0.1,213.0,126.0,339.0,77.0,121.0,198.0,game,ML,Miami Dolphins,,,betfair,9678.0,—,—,,Loss,,miss,,,,—,,
2026-10-04T23:00:39.811782+00:00,nfl,2026,4,401872974,4018729743213,3,0:00,END QUARTER 3,2,2,MIA 2,37,2,Minnesota Vikings,Miami Dolphins,12,10,99.9,0.1,213.0,126.0,339.0,77.0,121.0,198.0,game,Spread,Minnesota Vikings,,5.5,polymarket,1566.0,—,—,,+2,,hit,,,,—,,
2026-10-04T23:00:39.811782+00:00,nfl,2026,4,401872974,4018729743213,3,0:00,END QUARTER 3,2,2,MIA 2,37,2,Minnesota Vikings,Miami Dolphins,12,10,99.9,0.1,213.0,126.0,339.0,77.0,121.0,198.0,game,Spread,Minnesota Vikings,,-5.5,polymarket,1566.0,—,—,,+2,,miss,,,,—,,
2026-10-04T23:00:39.811782+00:00,nfl,2026,4,401872974,4018729743213,3,0:00,END QUARTER 3,2,2,MIA 2,37,2,Minnesota Vikings,Miami Dolphins,12,10,99.9,0.1,213.0,126.0,339.0,77.0,121.0,198.0,game,Total,Over,,32.5,kalshi,3233.0,—,—,,22.0,,miss,,,,—,,
2026-10-04T23:00:39.811782+00:00,nfl,2026,4,401872974,4018729743213,3,0:00,END QUARTER 3,2,2,MIA 2,37,2,Minnesota Vikings,Miami Dolphins,12,10,99.9,0.1,213.0,126.0,339.0,77.0,121.0,198.0,game,Total,,,32.5,,,—,—,,22.0,,hit,,,,—,,
2026-10-04T23:00:39.811782+00:00,nfl,2026,4,401872974,4018729743213,3,0:00,END QUARTER 3,2,2,MIA 2,37,2,Minnesota Vikings,Miami Dolphins,12,10,99.9,0.1,213.0,126.0,339.0,77.0,121.0,198.0,game,ML,Miami Dolphins,,,betfair,9678.0,—,—,,Loss,,miss,,,,—,,
2026-10-04T23:00:39.811782+00:00,nfl,2026,4,401872974,4018729743233,4,15:00,(Shotgun) A.Jones left guard to MIN 37 for no gain (J.Phillips).,2,2,MIN 37,37,2,Minnesota Vikings,Miami Dolphins,12,10,99.9,0.1,213.0,126.0,339.0,77.0,121.0,198.0,game,Spread,Minnesota Vikings,,5.5,polymarket,1566.0,—,—,,+2,,hit,,,,—,,
2026-10-04T23:00:39.811782+00:00,nfl,2026,4,401872974,4018729743233,4,15:00,(Shotgun) A.Jones left guard to MIN 37 for no gain (J.Phillips).,2,2,MIN 37,37,2,Minnesota Vikings,Miami Dolphins,12,10,99.9,0.1,213.0,126.0,339.0,77.0,121.0,198.0,game,Spread,Minnesota Vikings,,-5.5,polymarket,1566.0,—,—,,+2,,miss,,,,—,,
2026-10-04T23:00:39.811782+00:00,nfl,2026,4,401872974,4018729743233,4,15:00,(Shotgun) A.Jones left guard to MIN 37 for no gain (J.Phillips).,2,2,MIN 37,37,2,Minnesota Vikings,Miami Dolphins,12,10,99.9,0.1,213.0,126.0,339.0,77.0,121.0,198.0,game,Total,Over,,32.5,kalshi,3233.0,—,—,,22.0,,miss,,,,—,,
2026-10-04T23:00:39.811782+00:00,nfl,2026,4,401872974,4018729743233,4,15:00,(Shotgun) A.Jones left guard to MIN 37 for no gain (J.Phillips).,2,2,MIN 37,37,2,Minnesota Vikings,Miami Dolphins,12,10,99.9,0.1,213.0,126.0,339.0,77.0,121.0,198.0,game,Total,,,32.5,,,—,—,,22.0,,hit,,,,—,,
2026-10-04T23:00:39.811782+00:00,nfl,2026,4,401872974,4018729743233,4,15:00,(Shotgun) A.Jones left guard to MIN 37 for no gain (J.Phillips).,2,2,MIN 37,37,2,Minnesota Vikings,Miami Dolphins,12,10,99.9,0.1,213.0,126.0,339.0,77.0,121.0,198.0,game,ML,Miami Dolphins,,,betfair,9678.0,—,—,,Loss,,miss,,,,—,,
2026-10-04T23:00:39.811782+00:00,nfl,2026,4,401872974,4018729743255,4,14:18,(Shotgun) K.Murray pass short right to T.Hockenson to MIN 43 for 6 yards (C.Johnson; J.Rodriguez).,3,2,MIN 37,37,2,Minnesota Vikings,Miami Dolphins,12,10,99.9,0.1,213.0,126.0,339.0,77.0,121.0,198.0,game,Spread,Minnesota Vikings,,5.5,polymarket,1566.0,—,—,,+2,,hit,,,,—,,
2026-10-04T23:00:39.811782+00:00,nfl,2026,4,401872974,4018729743255,4,14:18,(Shotgun) K.Murray pass short right to T.Hockenson to MIN 43 for 6 yards (C.Johnson; J.Rodriguez).,3,2,MIN 37,37,2,Minnesota Vikings,Miami Dolphins,12,10,99.9,0.1,213.0,126.0,339.0,77.0,121.0,198.0,game,Spread,Minnesota Vikings,,-5.5,polymarket,1566.0,—,—,,+2,,miss,,,,—,,
2026-10-04T23:00:39.811782+00:00,nfl,2026,4,401872974,4018729743255,4,14:18,(Shotgun) K.Murray pass short right to T.Hockenson to MIN 43 for 6 yards (C.Johnson; J.Rodriguez).,3,2,MIN 37,37,2,Minnesota Vikings,Miami Dolphins,12,10,99.9,0.1,213.0,126.0,339.0,77.0,121.0,198.0,game,Total,Over,,32.5,kalshi,3233.0,—,—,,22.0,,miss,,,,—,,
2026-10-04T23:00:39.811782+00:00,nfl,2026,4,401872974,4018729743255,4,14:18,(Shotgun) K.Murray pass short right to T.Hockenson to MIN 43 for 6 yards (C.Johnson; J.Rodriguez).,3,2,MIN 37,37,2,Minnesota Vikings,Miami Dolphins,12,10,99.9,0.1,213.0,126.0,339.0,77.0,121.0,198.0,game,Total,,,32.5,,,—,—,,22.0,,hit,,,,—,,
2026-10-04T23:00:39.811782+00:00,nfl,2026,4,401872974,4018729743255,4,14:18,(Shotgun) K.Murray pass short right to T.Hockenson to MIN 43 for 6 yards (C.Johnson; J.Rodriguez).,3,2,MIN 37,37,2,Minnesota Vikings,Miami Dolphins,12,10,99.9,0.1,213.0,126.0,339.0,77.0,121.0,198.0,game,ML,Miami Dolphins,,,betfair,9678.0,—,—,,Loss,,miss,,,,—,,
2026-10-04T23:00:39.811782+00:00,nfl,2026,4,401872974,4018729743280,4,13:39,C.Tiernan reported in as eligible.  A.Jones left guard to MIN 45 for 2 yards (J.Rodriguez; D.Trader).,1,10,MIN 43,43,2,Minnesota Vikings,Miami Dolphins,12,10,99.9,0.1,213.0,126.0,339.0,77.0,121.0,198.0,game,Spread,Minnesota Vikings,,5.5,polymarket,1566.0,—,—,,+2,,hit,,,,—,,
2026-10-04T23:00:39.811782+00:00,nfl,2026,4,401872974,4018729743280,4,13:39,C.Tiernan reported in as eligible.  A.Jones left guard to MIN 45 for 2 yards (J.Rodriguez; D.Trader).,1,10,MIN 43,43,2,Minnesota Vikings,Miami Dolphins,12,10,99.9,0.1,213.0,126.0,339.0,77.0,121.0,198.0,game,Spread,Minnesota Vikings,,-5.5,polymarket,1566.0,—,—,,+2,,miss,,,,—,,
2026-10-04T23:00:39.811782+00:00,nfl,2026,4,401872974,4018729743280,4,13:39,C.Tiernan reported in as eligible.  A.Jones left guard to MIN 45 for 2 yards (J.Rodriguez; D.Trader).,1,10,MIN 43,43,2,Minnesota Vikings,Miami Dolphins,12,10,99.9,0.1,213.0,126.0,339.0,77.0,121.0,198.0,game,Total,Over,,32.5,kalshi,3233.0,—,—,,22.0,,miss,,,,—,,
2026-10-04T23:00:39.811782+00:00,nfl,2026,4,401872974,4018729743280,4,13:39,C.Tiernan reported in as eligible.  A.Jones left guard to MIN 45 for 2 yards (J.Rodriguez; D.Trader).,1,10,MIN 43,43,2,Minnesota Vikings,Miami Dolphins,12,10,99.9,0.1,213.0,126.0,339.0,77.0,121.0,198.0,game,Total,,,32.5,,,—,—,,22.0,,hit,,,,—,,
2026-10-04T23:00:39.811782+00:00,nfl,2026,4,401872974,4018729743280,4,13:39,C.Tiernan reported in as eligible.  A.Jones left guard to MIN 45 for 2 yards (J.Rodriguez; D.Trader).,1,10,MIN 43,43,2,Minnesota Vikings,Miami Dolphins,12,10,99.9,0.1,213.0,126.0,339.0,77.0,121.0,198.0,game,ML,Miami Dolphins,,,betfair,9678.0,—,—,,Loss,,miss,,,,—,,
2026-10-04T23:00:39.811782+00:00,nfl,2026,4,401872974,4018729743304,4,12:58,(Shotgun) K.Murray pass short left to T.Hockenson to MIN 47 for 2 yards (J.Brooks).,2,8,MIN 45,45,2,Minnesota Vikings,Miami Dolphins,12,10,99.9,0.1,213.0,126.0,339.0,77.0,121.0,198.0,game,Spread,Minnesota Vikings,,5.5,polymarket,1566.0,—,—,,+2,,hit,,,,—,,
2026-10-04T23:00:39.811782+00:00,nfl,2026,4,401872974,4018729743304,4,12:58,(Shotgun) K.Murray pass short left to T.Hockenson to MIN 47 for 2 yards (J.Brooks).,2,8,MIN 45,45,2,Minnesota Vikings,Miami Dolphins,12,10,99.9,0.1,213.0,126.0,339.0,77.0,121.0,198.0,game,Spread,Minnesota Vikings,,-5.5,polymarket,1566.0,—,—,,+2,,miss,,,,—,,
2026-10-04T23:00:39.811782+00:00,nfl,2026,4,401872974,4018729743304,4,12:58,(Shotgun) K.Murray pass short left to T.Hockenson to MIN 47 for 2 yards (J.Brooks).,2,8,MIN 45,45,2,Minnesota Vikings,Miami Dolphins,12,10,99.9,0.1,213.0,126.0,339.0,77.0,121.0,198.0,game,Total,Over,,32.5,kalshi,3233.0,—,—,,22.0,,miss,,,,—,,
2026-10-04T23:00:39.811782+00:00,nfl,2026,4,401872974,4018729743304,4,12:58,(Shotgun) K.Murray pass short left to T.Hockenson to MIN 47 for 2 yards (J.Brooks).,2,8,MIN 45,45,2,Minnesota Vikings,Miami Dolphins,12,10,99.9,0.1,213.0,126.0,339.0,77.0,121.0,198.0,game,Total,,,32.5,,,—,—,,22.0,,hit,,,,—,,
2026-10-04T23:00:39.811782+00:00,nfl,2026,4,401872974,4018729743304,4,12:58,(Shotgun) K.Murray pass short left to T.Hockenson to MIN 47 for 2 yards (J.Brooks).,2,8,MIN 45,45,2,Minnesota Vikings,Miami Dolphins,12,10,99.9,0.1,213.0,126.0,339.0,77.0,121.0,198.0,game,ML,Miami Dolphins,,,betfair,9678.0,—,—,,Loss,,miss,,,,—,,
2026-10-04T23:00:39.811782+00:00,nfl,2026,4,401872974,4018729743329,4,12:21,(Shotgun) K.Murray pass short middle to T.Hockenson to MIA 39 for 14 yards (J.Marshall).,3,6,MIN 47,47,2,Minnesota Vikings,Miami Dolphins,12,10,99.9,0.1,213.0,126.0,339.0,77.0,121.0,198.0,game,Spread,Minnesota Vikings,,5.5,polymarket,1566.0,—,—,,+2,,hit,,,,—,,
2026-10-04T23:00:39.811782+00:00,nfl,2026,4,401872974,4018729743329,4,12:21,(Shotgun) K.Murray pass short middle to T.Hockenson to MIA 39 for 14 yards (J.Marshall).,3,6,MIN 47,47,2,Minnesota Vikings,Miami Dolphins,12,10,99.9,0.1,213.0,126.0,339.0,77.0,121.0,198.0,game,Spread,Minnesota Vikings,,-5.5,polymarket,1566.0,—,—,,+2,,miss,,,,—,,
2026-10-04T23:00:39.811782+00:00,nfl,2026,4,401872974,4018729743329,4,12:21,(Shotgun) K.Murray pass short middle to T.Hockenson to MIA 39 for 14 yards (J.Marshall).,3,6,MIN 47,47,2,Minnesota Vikings,Miami Dolphins,12,10,99.9,0.1,213.0,126.0,339.0,77.0,121.0,198.0,game,Total,Over,,32.5,kalshi,3233.0,—,—,,22.0,,miss,,,,—,,
2026-10-04T23:00:39.811782+00:00,nfl,2026,4,401872974,4018729743329,4,12:21,(Shotgun) K.Murray pass short middle to T.Hockenson to MIA 39 for 14 yards (J.Marshall).,3,6,MIN 47,47,2,Minnesota Vikings,Miami Dolphins,12,10,99.9,0.1,213.0,126.0,339.0,77.0,121.0,198.0,game,Total,,,32.5,,,—,—,,22.0,,hit,,,,—,,
2026-10-04T23:00:39.811782+00:00,nfl,2026,4,401872974,4018729743329,4,12:21,(Shotgun) K.Murray pass short middle to T.Hockenson to MIA 39 for 14 yards (J.Marshall).,3,6,MIN 47,47,2,Minnesota Vikings,Miami Dolphins,12,10,99.9,0.1,213.0,126.0,339.0,77.0,121.0,198.0,game,ML,Miami Dolphins,,,betfair,9678.0,—,—,,Loss,,miss,,,,—,,
2026-10-04T23:00:39.811782+00:00,nfl,2026,4,401872974,4018729743354,4,11:40,C.Tiernan reported in as eligible.  K.Murray pass incomplete deep left to J.Addison.,1,10,MIA 39,61,2,Minnesota Vikings,Miami Dolphins,12,10,99.9,0.1,213.0,126.0,339.0,77.0,121.0,198.0,game,Spread,Minnesota Vikings,,5.5,polymarket,1566.0,—,—,,+2,,hit,,,,—,,
2026-10-04T23:00:39.811782+00:00,nfl,2026,4,401872974,4018729743354,4,11:40,C.Tiernan reported in as eligible.  K.Murray pass incomplete deep left to J.Addison.,1,10,MIA 39,61,2,Minnesota Vikings,Miami Dolphins,12,10,99.9,0.1,213.0,126.0,339.0,77.0,121.0,198.0,game,Spread,Minnesota Vikings,,-5.5,polymarket,1566.0,—,—,,+2,,miss,,,,—,,
2026-10-04T23:00:39.811782+00:00,nfl,2026,4,401872974,4018729743354,4,11:40,C.Tiernan reported in as eligible.  K.Murray pass incomplete deep left to J.Addison.,1,10,MIA 39,61,2,Minnesota Vikings,Miami Dolphins,12,10,99.9,0.1,213.0,126.0,339.0,77.0,121.0,198.0,game,Total,Over,,32.5,kalshi,3233.0,—,—,,22.0,,miss,,,,—,,
2026-10-04T23:00:39.811782+00:00,nfl,2026,4,401872974,4018729743354,4,11:40,C.Tiernan reported in as eligible.  K.Murray pass incomplete deep left to J.Addison.,1,10,MIA 39,61,2,Minnesota Vikings,Miami Dolphins,12,10,99.9,0.1,213.0,126.0,339.0,77.0,121.0,198.0,game,Total,,,32.5,,,—,—,,22.0,,hit,,,,—,,
2026-10-04T23:00:39.811782+00:00,nfl,2026,4,401872974,4018729743354,4,11:40,C.Tiernan reported in as eligible.  K.Murray pass incomplete deep left to J.Addison.,1,10,MIA 39,61,2,Minnesota Vikings,Miami Dolphins,12,10,99.9,0.1,213.0,126.0,339.0,77.0,121.0,198.0,game,ML,Miami Dolphins,,,betfair,9678.0,—,—,,Loss,,miss,,,,—,,
2026-10-04T23:00:39.811782+00:00,nfl,2026,4,401872974,4018729743383,4,11:35,(Shotgun) K.Murray pass short right to J.Addison to MIA 35 for 4 yards (J.Rodriguez).,2,10,MIA 39,61,2,Minnesota Vikings,Miami Dolphins,12,10,99.9,0.1,213.0,126.0,339.0,77.0,121.0,198.0,game,Spread,Minnesota Vikings,,5.5,polymarket,1566.0,—,—,,+2,,hit,,,,—,,
2026-10-04T23:00:39.811782+00:00,nfl,2026,4,401872974,4018729743383,4,11:35,(Shotgun) K.Murray pass short right to J.Addison to MIA 35 for 4 yards (J.Rodriguez).,2,10,MIA 39,61,2,Minnesota Vikings,Miami Dolphins,12,10,99.9,0.1,213.0,126.0,339.0,77.0,121.0,198.0,game,Spread,Minnesota Vikings,,-5.5,polymarket,1566.0,—,—,,+2,,miss,,,,—,,
2026-10-04T23:00:39.811782+00:00,nfl,2026,4,401872974,4018729743383,4,11:35,(Shotgun) K.Murray pass short right to J.Addison to MIA 35 for 4 yards (J.Rodriguez).,2,10,MIA 39,61,2,Minnesota Vikings,Miami Dolphins,12,10,99.9,0.1,213.0,126.0,339.0,77.0,121.0,198.0,game,Total,Over,,32.5,kalshi,3233.0,—,—,,22.0,,miss,,,,—,,
2026-10-04T23:00:39.811782+00:00,nfl,2026,4,401872974,4018729743383,4,11:35,(Shotgun) K.Murray pass short right to J.Addison to MIA 35 for 4 yards (J.Rodriguez).,2,10,MIA 39,61,2,Minnesota Vikings,Miami Dolphins,12,10,99.9,0.1,213.0,126.0,339.0,77.0,121.0,198.0,game,Total,,,32.5,,,—,—,,22.0,,hit,,,,—,,
2026-10-04T23:00:39.811782+00:00,nfl,2026,4,401872974,4018729743383,4,11:35,(Shotgun) K.Murray pass short right to J.Addison to MIA 35 for 4 yards (J.Rodriguez).,2,10,MIA 39,61,2,Minnesota Vikings,Miami Dolphins,12,10,99.9,0.1,213.0,126.0,339.0,77.0,121.0,198.0,game,ML,Miami Dolphins,,,betfair,9678.0,—,—,,Loss,,miss,,,,—,,
2026-10-04T23:00:39.811782+00:00,nfl,2026,4,401872974,4018729743408,4,10:53,(Shotgun) K.Murray pass short left to M.Price to MIA 30 for 5 yards (J.Rodriguez).,3,6,MIA 35,65,2,Minnesota Vikings,Miami Dolphins,12,10,99.9,0.1,213.0,126.0,339.0,77.0,121.0,198.0,game,Spread,Minnesota Vikings,,5.5,polymarket,1566.0,—,—,,+2,,hit,,,,—,,
2026-10-04T23:00:39.811782+00:00,nfl,2026,4,401872974,4018729743408,4,10:53,(Shotgun) K.Murray pass short left to M.Price to MIA 30 for 5 yards (J.Rodriguez).,3,6,MIA 35,65,2,Minnesota Vikings,Miami Dolphins,12,10,99.9,0.1,213.0,126.0,339.0,77.0,121.0,198.0,game,Spread,Minnesota Vikings,,-5.5,polymarket,1566.0,—,—,,+2,,miss,,,,—,,
2026-10-04T23:00:39.811782+00:00,nfl,2026,4,401872974,4018729743408,4,10:53,(Shotgun) K.Murray pass short left to M.Price to MIA 30 for 5 yards (J.Rodriguez).,3,6,MIA 35,65,2,Minnesota Vikings,Miami Dolphins,12,10,99.9,0.1,213.0,126.0,339.0,77.0,121.0,198.0,game,Total,Over,,32.5,kalshi,3233.0,—,—,,22.0,,miss,,,,—,,
2026-10-04T23:00:39.811782+00:00,nfl,2026,4,401872974,4018729743408,4,10:53,(Shotgun) K.Murray pass short left to M.Price to MIA 30 for 5 yards (J.Rodriguez).,3,6,MIA 35,65,2,Minnesota Vikings,Miami Dolphins,12,10,99.9,0.1,213.0,126.0,339.0,77.0,121.0,198.0,game,Total,,,32.5,,,—,—,,22.0,,hit,,,,—,,
2026-10-04T23:00:39.811782+00:00,nfl,2026,4,401872974,4018729743408,4,10:53,(Shotgun) K.Murray pass short left to M.Price to MIA 30 for 5 yards (J.Rodriguez).,3,6,MIA 35,65,2,Minnesota Vikings,Miami Dolphins,12,10,99.9,0.1,213.0,126.0,339.0,77.0,121.0,198.0,game,ML,Miami Dolphins,,,betfair,9678.0,—,—,,Loss,,miss,,,,—,,
2026-10-04T23:00:39.811782+00:00,nfl,2026,4,401872974,4018729743433,4,10:08,A.Jones up the middle to MIA 27 for 3 yards (J.Uche; J.Brooks).,4,1,MIA 30,70,2,Minnesota Vikings,Miami Dolphins,12,10,99.9,0.1,213.0,126.0,339.0,77.0,121.0,198.0,game,Spread,Minnesota Vikings,,5.5,polymarket,1566.0,—,—,,+2,,hit,,,,—,,
2026-10-04T23:00:39.811782+00:00,nfl,2026,4,401872974,4018729743433,4,10:08,A.Jones up the middle to MIA 27 for 3 yards (J.Uche; J.Brooks).,4,1,MIA 30,70,2,Minnesota Vikings,Miami Dolphins,12,10,99.9,0.1,213.0,126.0,339.0,77.0,121.0,198.0,game,Spread,Minnesota Vikings,,-5.5,polymarket,1566.0,—,—,,+2,,miss,,,,—,,
2026-10-04T23:00:39.811782+00:00,nfl,2026,4,401872974,4018729743433,4,10:08,A.Jones up the middle to MIA 27 for 3 yards (J.Uche; J.Brooks).,4,1,MIA 30,70,2,Minnesota Vikings,Miami Dolphins,12,10,99.9,0.1,213.0,126.0,339.0,77.0,121.0,198.0,game,Total,Over,,32.5,kalshi,3233.0,—,—,,22.0,,miss,,,,—,,
2026-10-04T23:00:39.811782+00:00,nfl,2026,4,401872974,4018729743433,4,10:08,A.Jones up the middle to MIA 27 for 3 yards (J.Uche; J.Brooks).,4,1,MIA 30,70,2,Minnesota Vikings,Miami Dolphins,12,10,99.9,0.1,213.0,126.0,339.0,77.0,121.0,198.0,game,Total,,,32.5,,,—,—,,22.0,,hit,,,,—,,
2026-10-04T23:00:39.811782+00:00,nfl,2026,4,401872974,4018729743433,4,10:08,A.Jones up the middle to MIA 27 for 3 yards (J.Uche; J.Brooks).,4,1,MIA 30,70,2,Minnesota Vikings,Miami Dolphins,12,10,99.9,0.1,213.0,126.0,339.0,77.0,121.0,198.0,game,ML,Miami Dolphins,,,betfair,9678.0,—,—,,Loss,,miss,,,,—,,
2026-10-04T23:00:39.811782+00:00,nfl,2026,4,401872974,4018729743455,4,9:25,(Shotgun) K.Murray pass short left to A.Jones to MIA 16 for 11 yards (J.Brents; J.Rodriguez).,1,10,MIA 27,73,2,Minnesota Vikings,Miami Dolphins,12,10,99.9,0.1,213.0,126.0,339.0,77.0,121.0,198.0,game,Spread,Minnesota Vikings,,5.5,polymarket,1566.0,—,—,,+2,,hit,,,,—,,
2026-10-04T23:00:39.811782+00:00,nfl,2026,4,401872974,4018729743455,4,9:25,(Shotgun) K.Murray pass short left to A.Jones to MIA 16 for 11 yards (J.Brents; J.Rodriguez).,1,10,MIA 27,73,2,Minnesota Vikings,Miami Dolphins,12,10,99.9,0.1,213.0,126.0,339.0,77.0,121.0,198.0,game,Spread,Minnesota Vikings,,-5.5,polymarket,1566.0,—,—,,+2,,miss,,,,—,,
2026-10-04T23:00:39.811782+00:00,nfl,2026,4,401872974,4018729743455,4,9:25,(Shotgun) K.Murray pass short left to A.Jones to MIA 16 for 11 yards (J.Brents; J.Rodriguez).,1,10,MIA 27,73,2,Minnesota Vikings,Miami Dolphins,12,10,99.9,0.1,213.0,126.0,339.0,77.0,121.0,198.0,game,Total,Over,,32.5,kalshi,3233.0,—,—,,22.0,,miss,,,,—,,
2026-10-04T23:00:39.811782+00:00,nfl,2026,4,401872974,4018729743455,4,9:25,(Shotgun) K.Murray pass short left to A.Jones to MIA 16 for 11 yards (J.Brents; J.Rodriguez).,1,10,MIA 27,73,2,Minnesota Vikings,Miami Dolphins,12,10,99.9,0.1,213.0,126.0,339.0,77.0,121.0,198.0,game,Total,,,32.5,,,—,—,,22.0,,hit,,,,—,,
2026-10-04T23:00:39.811782+00:00,nfl,2026,4,401872974,4018729743455,4,9:25,(Shotgun) K.Murray pass short left to A.Jones to MIA 16 for 11 yards (J.Brents; J.Rodriguez).,1,10,MIA 27,73,2,Minnesota Vikings,Miami Dolphins,12,10,99.9,0.1,213.0,126.0,339.0,77.0,121.0,198.0,game,ML,Miami Dolphins,,,betfair,9678.0,—,—,,Loss,,miss,,,,—,,
2026-10-04T23:00:39.811782+00:00,nfl,2026,4,401872974,4018729743480,4,8:47,A.Jones left tackle to MIA 19 for -3 yards (M.Herring).,1,10,MIA 16,84,2,Minnesota Vikings,Miami Dolphins,12,10,99.9,0.1,213.0,126.0,339.0,77.0,121.0,198.0,game,Spread,Minnesota Vikings,,5.5,polymarket,1566.0,—,—,,+2,,hit,,,,—,,
2026-10-04T23:00:39.811782+00:00,nfl,2026,4,401872974,4018729743480,4,8:47,A.Jones left tackle to MIA 19 for -3 yards (M.Herring).,1,10,MIA 16,84,2,Minnesota Vikings,Miami Dolphins,12,10,99.9,0.1,213.0,126.0,339.0,77.0,121.0,198.0,game,Spread,Minnesota Vikings,,-5.5,polymarket,1566.0,—,—,,+2,,miss,,,,—,,
2026-10-04T23:00:39.811782+00:00,nfl,2026,4,401872974,4018729743480,4,8:47,A.Jones left tackle to MIA 19 for -3 yards (M.Herring).,1,10,MIA 16,84,2,Minnesota Vikings,Miami Dolphins,12,10,99.9,0.1,213.0,126.0,339.0,77.0,121.0,198.0,game,Total,Over,,32.5,kalshi,3233.0,—,—,,22.0,,miss,,,,—,,
2026-10-04T23:00:39.811782+00:00,nfl,2026,4,401872974,4018729743480,4,8:47,A.Jones left tackle to MIA 19 for -3 yards (M.Herring).,1,10,MIA 16,84,2,Minnesota Vikings,Miami Dolphins,12,10,99.9,0.1,213.0,126.0,339.0,77.0,121.0,198.0,game,Total,,,32.5,,,—,—,,22.0,,hit,,,,—,,
2026-10-04T23:00:39.811782+00:00,nfl,2026,4,401872974,4018729743480,4,8:47,A.Jones left tackle to MIA 19 for -3 yards (M.Herring).,1,10,MIA 16,84,2,Minnesota Vikings,Miami Dolphins,12,10,99.9,0.1,213.0,126.0,339.0,77.0,121.0,198.0,game,ML,Miami Dolphins,,,betfair,9678.0,—,—,,Loss,,miss,,,,—,,
2026-10-04T23:00:39.811782+00:00,nfl,2026,4,401872974,4018729743502,4,8:12,(Shotgun) K.Murray pass short middle to A.Jones to MIA 14 for 5 yards (J.Brooks).,2,13,MIA 19,81,2,Minnesota Vikings,Miami Dolphins,12,10,99.9,0.1,213.0,126.0,339.0,77.0,121.0,198.0,game,Spread,Minnesota Vikings,,5.5,polymarket,1566.0,—,—,,+2,,hit,,,,—,,
2026-10-04T23:00:39.811782+00:00,nfl,2026,4,401872974,4018729743502,4,8:12,(Shotgun) K.Murray pass short middle to A.Jones to MIA 14 for 5 yards (J.Brooks).,2,13,MIA 19,81,2,Minnesota Vikings,Miami Dolphins,12,10,99.9,0.1,213.0,126.0,339.0,77.0,121.0,198.0,game,Spread,Minnesota Vikings,,-5.5,polymarket,1566.0,—,—,,+2,,miss,,,,—,,
2026-10-04T23:00:39.811782+00:00,nfl,2026,4,401872974,4018729743502,4,8:12,(Shotgun) K.Murray pass short middle to A.Jones to MIA 14 for 5 yards (J.Brooks).,2,13,MIA 19,81,2,Minnesota Vikings,Miami Dolphins,12,10,99.9,0.1,213.0,126.0,339.0,77.0,121.0,198.0,game,Total,Over,,32.5,kalshi,3233.0,—,—,,22.0,,miss,,,,—,,
2026-10-04T23:00:39.811782+00:00,nfl,2026,4,401872974,4018729743502,4,8:12,(Shotgun) K.Murray pass short middle to A.Jones to MIA 14 for 5 yards (J.Brooks).,2,13,MIA 19,81,2,Minnesota Vikings,Miami Dolphins,12,10,99.9,0.1,213.0,126.0,339.0,77.0,121.0,198.0,game,Total,,,32.5,,,—,—,,22.0,,hit,,,,—,,
2026-10-04T23:00:39.811782+00:00,nfl,2026,4,401872974,4018729743502,4,8:12,(Shotgun) K.Murray pass short middle to A.Jones to MIA 14 for 5 yards (J.Brooks).,2,13,MIA 19,81,2,Minnesota Vikings,Miami Dolphins,12,10,99.9,0.1,213.0,126.0,339.0,77.0,121.0,198.0,game,ML,Miami Dolphins,,,betfair,9678.0,—,—,,Loss,,miss,,,,—,,
2026-10-04T23:00:39.811782+00:00,nfl,2026,4,401872974,4018729743527,4,7:28,"(Shotgun) K.Murray pass short right to A.Jones to MIA 11 for 3 yards (J.Uche). FUMBLES (J.Uche), ball out of bounds at MIA 9.",3,8,MIA 14,86,2,Minnesota Vikings,Miami Dolphins,12,10,99.9,0.1,213.0,126.0,339.0,77.0,121.0,198.0,game,Spread,Minnesota Vikings,,5.5,polymarket,1566.0,—,—,,+2,,hit,,,,—,,
2026-10-04T23:00:39.811782+00:00,nfl,2026,4,401872974,4018729743527,4,7:28,"(Shotgun) K.Murray pass short right to A.Jones to MIA 11 for 3 yards (J.Uche). FUMBLES (J.Uche), ball out of bounds at MIA 9.",3,8,MIA 14,86,2,Minnesota Vikings,Miami Dolphins,12,10,99.9,0.1,213.0,126.0,339.0,77.0,121.0,198.0,game,Spread,Minnesota Vikings,,-5.5,polymarket,1566.0,—,—,,+2,,miss,,,,—,,
2026-10-04T23:00:39.811782+00:00,nfl,2026,4,401872974,4018729743527,4,7:28,"(Shotgun) K.Murray pass short right to A.Jones to MIA 11 for 3 yards (J.Uche). FUMBLES (J.Uche), ball out of bounds at MIA 9.",3,8,MIA 14,86,2,Minnesota Vikings,Miami Dolphins,12,10,99.9,0.1,213.0,126.0,339.0,77.0,121.0,198.0,game,Total,Over,,32.5,kalshi,3233.0,—,—,,22.0,,miss,,,,—,,
2026-10-04T23:00:39.811782+00:00,nfl,2026,4,401872974,4018729743527,4,7:28,"(Shotgun) K.Murray pass short right to A.Jones to MIA 11 for 3 yards (J.Uche). FUMBLES (J.Uche), ball out of bounds at MIA 9.",3,8,MIA 14,86,2,Minnesota Vikings,Miami Dolphins,12,10,99.9,0.1,213.0,126.0,339.0,77.0,121.0,198.0,game,Total,,,32.5,,,—,—,,22.0,,hit,,,,—,,
2026-10-04T23:00:39.811782+00:00,nfl,2026,4,401872974,4018729743527,4,7:28,"(Shotgun) K.Murray pass short right to A.Jones to MIA 11 for 3 yards (J.Uche). FUMBLES (J.Uche), ball out of bounds at MIA 9.",3,8,MIA 14,86,2,Minnesota Vikings,Miami Dolphins,12,10,99.9,0.1,213.0,126.0,339.0,77.0,121.0,198.0,game,ML,Miami Dolphins,,,betfair,9678.0,—,—,,Loss,,miss,,,,—,,
2026-10-04T23:00:39.811782+00:00,nfl,2026,4,401872974,4018729743566,4,6:41,Official Timeout at 06:41.,-1,2,MIN 35,35,5,Minnesota Vikings,Miami Dolphins,15,10,99.9,0.1,213.0,126.0,339.0,77.0,121.0,198.0,game,Spread,Minnesota Vikings,,5.5,polymarket,1566.0,—,—,,+5,,hit,,,,—,,
2026-10-04T23:00:39.811782+00:00,nfl,2026,4,401872974,4018729743566,4,6:41,Official Timeout at 06:41.,-1,2,MIN 35,35,5,Minnesota Vikings,Miami Dolphins,15,10,99.9,0.1,213.0,126.0,339.0,77.0,121.0,198.0,game,Spread,Minnesota Vikings,,-5.5,polymarket,1566.0,—,—,,+5,,miss,,,,—,,
2026-10-04T23:00:39.811782+00:00,nfl,2026,4,401872974,4018729743566,4,6:41,Official Timeout at 06:41.,-1,2,MIN 35,35,5,Minnesota Vikings,Miami Dolphins,15,10,99.9,0.1,213.0,126.0,339.0,77.0,121.0,198.0,game,Total,Over,,32.5,kalshi,3233.0,—,—,,25.0,,miss,,,,—,,
2026-10-04T23:00:39.811782+00:00,nfl,2026,4,401872974,4018729743566,4,6:41,Official Timeout at 06:41.,-1,2,MIN 35,35,5,Minnesota Vikings,Miami Dolphins,15,10,99.9,0.1,213.0,126.0,339.0,77.0,121.0,198.0,game,Total,,,32.5,,,—,—,,25.0,,hit,,,,—,,
2026-10-04T23:00:39.811782+00:00,nfl,2026,4,401872974,4018729743566,4,6:41,Official Timeout at 06:41.,-1,2,MIN 35,35,5,Minnesota Vikings,Miami Dolphins,15,10,99.9,0.1,213.0,126.0,339.0,77.0,121.0,198.0,game,ML,Miami Dolphins,,,betfair,9678.0,—,—,,Loss,,miss,,,,—,,
2026-10-04T23:00:39.811782+00:00,nfl,2026,4,401872974,4018729743556,4,6:41," W.Reichard 29 yard field goal is GOOD, Center-A.DePaola, Holder-J.Hekker.",4,5,MIA 11,89,5,Minnesota Vikings,Miami Dolphins,15,10,99.9,0.1,213.0,126.0,339.0,77.0,121.0,198.0,game,Spread,Minnesota Vikings,,5.5,polymarket,1566.0,—,—,,+5,,hit,,,,—,,
2026-10-04T23:00:39.811782+00:00,nfl,2026,4,401872974,4018729743556,4,6:41," W.Reichard 29 yard field goal is GOOD, Center-A.DePaola, Holder-J.Hekker.",4,5,MIA 11,89,5,Minnesota Vikings,Miami Dolphins,15,10,99.9,0.1,213.0,126.0,339.0,77.0,121.0,198.0,game,Spread,Minnesota Vikings,,-5.5,polymarket,1566.0,—,—,,+5,,miss,,,,—,,
2026-10-04T23:00:39.811782+00:00,nfl,2026,4,401872974,4018729743556,4,6:41," W.Reichard 29 yard field goal is GOOD, Center-A.DePaola, Holder-J.Hekker.",4,5,MIA 11,89,5,Minnesota Vikings,Miami Dolphins,15,10,99.9,0.1,213.0,126.0,339.0,77.0,121.0,198.0,game,Total,Over,,32.5,kalshi,3233.0,—,—,,25.0,,miss,,,,—,,
2026-10-04T23:00:39.811782+00:00,nfl,2026,4,401872974,4018729743556,4,6:41," W.Reichard 29 yard field goal is GOOD, Center-A.DePaola, Holder-J.Hekker.",4,5,MIA 11,89,5,Minnesota Vikings,Miami Dolphins,15,10,99.9,0.1,213.0,126.0,339.0,77.0,121.0,198.0,game,Total,,,32.5,,,—,—,,25.0,,hit,,,,—,,
2026-10-04T23:00:39.811782+00:00,nfl,2026,4,401872974,4018729743556,4,6:41," W.Reichard 29 yard field goal is GOOD, Center-A.DePaola, Holder-J.Hekker.",4,5,MIA 11,89,5,Minnesota Vikings,Miami Dolphins,15,10,99.9,0.1,213.0,126.0,339.0,77.0,121.0,198.0,game,ML,Miami Dolphins,,,betfair,9678.0,—,—,,Loss,,miss,,,,—,,
2026-10-04T23:00:39.811782+00:00,nfl,2026,4,401872974,4018729743576,4,6:41,"W.Reichard kicks 51 yards from MIN 35 to MIA 14. J.Wright MUFFS catch, and recovers at MIA 17. J.Wright to MIA 18 for 1 yard (J.Ward).",1,2,MIA 2,35,5,Minnesota Vikings,Miami Dolphins,15,10,99.9,0.1,213.0,126.0,339.0,77.0,121.0,198.0,game,Spread,Minnesota Vikings,,5.5,polymarket,1566.0,—,—,,+5,,hit,,,,—,,
2026-10-04T23:00:39.811782+00:00,nfl,2026,4,401872974,4018729743576,4,6:41,"W.Reichard kicks 51 yards from MIN 35 to MIA 14. J.Wright MUFFS catch, and recovers at MIA 17. J.Wright to MIA 18 for 1 yard (J.Ward).",1,2,MIA 2,35,5,Minnesota Vikings,Miami Dolphins,15,10,99.9,0.1,213.0,126.0,339.0,77.0,121.0,198.0,game,Spread,Minnesota Vikings,,-5.5,polymarket,1566.0,—,—,,+5,,miss,,,,—,,
2026-10-04T23:00:39.811782+00:00,nfl,2026,4,401872974,4018729743576,4,6:41,"W.Reichard kicks 51 yards from MIN 35 to MIA 14. J.Wright MUFFS catch, and recovers at MIA 17. J.Wright to MIA 18 for 1 yard (J.Ward).",1,2,MIA 2,35,5,Minnesota Vikings,Miami Dolphins,15,10,99.9,0.1,213.0,126.0,339.0,77.0,121.0,198.0,game,Total,Over,,32.5,kalshi,3233.0,—,—,,25.0,,miss,,,,—,,
2026-10-04T23:00:39.811782+00:00,nfl,2026,4,401872974,4018729743576,4,6:41,"W.Reichard kicks 51 yards from MIN 35 to MIA 14. J.Wright MUFFS catch, and recovers at MIA 17. J.Wright to MIA 18 for 1 yard (J.Ward).",1,2,MIA 2,35,5,Minnesota Vikings,Miami Dolphins,15,10,99.9,0.1,213.0,126.0,339.0,77.0,121.0,198.0,game,Total,,,32.5,,,—,—,,25.0,,hit,,,,—,,
2026-10-04T23:00:39.811782+00:00,nfl,2026,4,401872974,4018729743576,4,6:41,"W.Reichard kicks 51 yards from MIN 35 to MIA 14. J.Wright MUFFS catch, and recovers at MIA 17. J.Wright to MIA 18 for 1 yard (J.Ward).",1,2,MIA 2,35,5,Minnesota Vikings,Miami Dolphins,15,10,99.9,0.1,213.0,126.0,339.0,77.0,121.0,198.0,game,ML,Miami Dolphins,,,betfair,9678.0,—,—,,Loss,,miss,,,,—,,
2026-10-04T23:00:39.811782+00:00,nfl,2026,4,401872974,4018729743610,4,6:39,O.Gordon up the middle to MIA 20 for 2 yards (E.Wilson; J.Redmond).,1,10,MIA 18,82,5,Minnesota Vikings,Miami Dolphins,15,10,99.9,0.1,213.0,126.0,339.0,77.0,121.0,198.0,game,Spread,Minnesota Vikings,,5.5,polymarket,1566.0,—,—,,+5,,hit,,,,—,,
2026-10-04T23:00:39.811782+00:00,nfl,2026,4,401872974,4018729743610,4,6:39,O.Gordon up the middle to MIA 20 for 2 yards (E.Wilson; J.Redmond).,1,10,MIA 18,82,5,Minnesota Vikings,Miami Dolphins,15,10,99.9,0.1,213.0,126.0,339.0,77.0,121.0,198.0,game,Spread,Minnesota Vikings,,-5.5,polymarket,1566.0,—,—,,+5,,miss,,,,—,,
2026-10-04T23:00:39.811782+00:00,nfl,2026,4,401872974,4018729743610,4,6:39,O.Gordon up the middle to MIA 20 for 2 yards (E.Wilson; J.Redmond).,1,10,MIA 18,82,5,Minnesota Vikings,Miami Dolphins,15,10,99.9,0.1,213.0,126.0,339.0,77.0,121.0,198.0,game,Total,Over,,32.5,kalshi,3233.0,—,—,,25.0,,miss,,,,—,,
2026-10-04T23:00:39.811782+00:00,nfl,2026,4,401872974,4018729743610,4,6:39,O.Gordon up the middle to MIA 20 for 2 yards (E.Wilson; J.Redmond).,1,10,MIA 18,82,5,Minnesota Vikings,Miami Dolphins,15,10,99.9,0.1,213.0,126.0,339.0,77.0,121.0,198.0,game,Total,,,32.5,,,—,—,,25.0,,hit,,,,—,,
2026-10-04T23:00:39.811782+00:00,nfl,2026,4,401872974,4018729743610,4,6:39,O.Gordon up the middle to MIA 20 for 2 yards (E.Wilson; J.Redmond).,1,10,MIA 18,82,5,Minnesota Vikings,Miami Dolphins,15,10,99.9,0.1,213.0,126.0,339.0,77.0,121.0,198.0,game,ML,Miami Dolphins,,,betfair,9678.0,—,—,,Loss,,miss,,,,—,,
2026-10-04T23:00:39.811782+00:00,nfl,2026,4,401872974,4018729743632,4,5:59,M.Willis pass incomplete short right to J.Tolbert.,2,8,MIA 20,80,5,Minnesota Vikings,Miami Dolphins,15,10,99.9,0.1,213.0,126.0,339.0,77.0,121.0,198.0,game,Spread,Minnesota Vikings,,5.5,polymarket,1566.0,—,—,,+5,,hit,,,,—,,
2026-10-04T23:00:39.811782+00:00,nfl,2026,4,401872974,4018729743632,4,5:59,M.Willis pass incomplete short right to J.Tolbert.,2,8,MIA 20,80,5,Minnesota Vikings,Miami Dolphins,15,10,99.9,0.1,213.0,126.0,339.0,77.0,121.0,198.0,game,Spread,Minnesota Vikings,,-5.5,polymarket,1566.0,—,—,,+5,,miss,,,,—,,
2026-10-04T23:00:39.811782+00:00,nfl,2026,4,401872974,4018729743632,4,5:59,M.Willis pass incomplete short right to J.Tolbert.,2,8,MIA 20,80,5,Minnesota Vikings,Miami Dolphins,15,10,99.9,0.1,213.0,126.0,339.0,77.0,121.0,198.0,game,Total,Over,,32.5,kalshi,3233.0,—,—,,25.0,,miss,,,,—,,
2026-10-04T23:00:39.811782+00:00,nfl,2026,4,401872974,4018729743632,4,5:59,M.Willis pass incomplete short right to J.Tolbert.,2,8,MIA 20,80,5,Minnesota Vikings,Miami Dolphins,15,10,99.9,0.1,213.0,126.0,339.0,77.0,121.0,198.0,game,Total,,,32.5,,,—,—,,25.0,,hit,,,,—,,
2026-10-04T23:00:39.811782+00:00,nfl,2026,4,401872974,4018729743632,4,5:59,M.Willis pass incomplete short right to J.Tolbert.,2,8,MIA 20,80,5,Minnesota Vikings,Miami Dolphins,15,10,99.9,0.1,213.0,126.0,339.0,77.0,121.0,198.0,game,ML,Miami Dolphins,,,betfair,9678.0,—,—,,Loss,,miss,,,,—,,
2026-10-04T23:00:39.811782+00:00,nfl,2026,4,401872974,4018729743648,4,5:54,Timeout #1 by MIA at 05:54.,3,8,MIA 20,80,5,Minnesota Vikings,Miami Dolphins,15,10,99.9,0.1,213.0,126.0,339.0,77.0,121.0,198.0,game,Spread,Minnesota Vikings,,5.5,polymarket,1566.0,—,—,,+5,,hit,,,,—,,
2026-10-04T23:00:39.811782+00:00,nfl,2026,4,401872974,4018729743648,4,5:54,Timeout #1 by MIA at 05:54.,3,8,MIA 20,80,5,Minnesota Vikings,Miami Dolphins,15,10,99.9,0.1,213.0,126.0,339.0,77.0,121.0,198.0,game,Spread,Minnesota Vikings,,-5.5,polymarket,1566.0,—,—,,+5,,miss,,,,—,,
2026-10-04T23:00:39.811782+00:00,nfl,2026,4,401872974,4018729743648,4,5:54,Timeout #1 by MIA at 05:54.,3,8,MIA 20,80,5,Minnesota Vikings,Miami Dolphins,15,10,99.9,0.1,213.0,126.0,339.0,77.0,121.0,198.0,game,Total,Over,,32.5,kalshi,3233.0,—,—,,25.0,,miss,,,,—,,
2026-10-04T23:00:39.811782+00:00,nfl,2026,4,401872974,4018729743648,4,5:54,Timeout #1 by MIA at 05:54.,3,8,MIA 20,80,5,Minnesota Vikings,Miami Dolphins,15,10,99.9,0.1,213.0,126.0,339.0,77.0,121.0,198.0,game,Total,,,32.5,,,—,—,,25.0,,hit,,,,—,,
2026-10-04T23:00:39.811782+00:00,nfl,2026,4,401872974,4018729743648,4,5:54,Timeout #1 by MIA at 05:54.,3,8,MIA 20,80,5,Minnesota Vikings,Miami Dolphins,15,10,99.9,0.1,213.0,126.0,339.0,77.0,121.0,198.0,game,ML,Miami Dolphins,,,betfair,9678.0,—,—,,Loss,,miss,,,,—,,
2026-10-04T23:00:39.811782+00:00,nfl,2026,4,401872974,4018729743694,4,5:54,(Shotgun) M.Willis pass incomplete deep middle to C.Bell (H.Smith).,3,8,MIA 20,80,5,Minnesota Vikings,Miami Dolphins,15,10,99.9,0.1,213.0,126.0,339.0,77.0,121.0,198.0,game,Spread,Minnesota Vikings,,5.5,polymarket,1566.0,—,—,,+5,,hit,,,,—,,
2026-10-04T23:00:39.811782+00:00,nfl,2026,4,401872974,4018729743694,4,5:54,(Shotgun) M.Willis pass incomplete deep middle to C.Bell (H.Smith).,3,8,MIA 20,80,5,Minnesota Vikings,Miami Dolphins,15,10,99.9,0.1,213.0,126.0,339.0,77.0,121.0,198.0,game,Spread,Minnesota Vikings,,-5.5,polymarket,1566.0,—,—,,+5,,miss,,,,—,,
2026-10-04T23:00:39.811782+00:00,nfl,2026,4,401872974,4018729743694,4,5:54,(Shotgun) M.Willis pass incomplete deep middle to C.Bell (H.Smith).,3,8,MIA 20,80,5,Minnesota Vikings,Miami Dolphins,15,10,99.9,0.1,213.0,126.0,339.0,77.0,121.0,198.0,game,Total,Over,,32.5,kalshi,3233.0,—,—,,25.0,,miss,,,,—,,
2026-10-04T23:00:39.811782+00:00,nfl,2026,4,401872974,4018729743694,4,5:54,(Shotgun) M.Willis pass incomplete deep middle to C.Bell (H.Smith).,3,8,MIA 20,80,5,Minnesota Vikings,Miami Dolphins,15,10,99.9,0.1,213.0,126.0,339.0,77.0,121.0,198.0,game,Total,,,32.5,,,—,—,,25.0,,hit,,,,—,,
2026-10-04T23:00:39.811782+00:00,nfl,2026,4,401872974,4018729743694,4,5:54,(Shotgun) M.Willis pass incomplete deep middle to C.Bell (H.Smith).,3,8,MIA 20,80,5,Minnesota Vikings,Miami Dolphins,15,10,99.9,0.1,213.0,126.0,339.0,77.0,121.0,198.0,game,ML,Miami Dolphins,,,betfair,9678.0,—,—,,Loss,,miss,,,,—,,
2026-10-04T23:00:39.811782+00:00,nfl,2026,4,401872974,4018729743717,4,5:48,"B.Pinion punts 46 yards to MIN 34, Center-T.Addington, fair catch by M.Price.PENALTY on MIN-J.Jones, Illegal Blindside Block, 15 yards, enforced at MIN 34.",4,8,MIA 20,80,5,Minnesota Vikings,Miami Dolphins,15,10,99.9,0.1,213.0,126.0,339.0,77.0,121.0,198.0,game,Spread,Minnesota Vikings,,5.5,polymarket,1566.0,—,—,,+5,,hit,,,,—,,
2026-10-04T23:00:39.811782+00:00,nfl,2026,4,401872974,4018729743717,4,5:48,"B.Pinion punts 46 yards to MIN 34, Center-T.Addington, fair catch by M.Price.PENALTY on MIN-J.Jones, Illegal Blindside Block, 15 yards, enforced at MIN 34.",4,8,MIA 20,80,5,Minnesota Vikings,Miami Dolphins,15,10,99.9,0.1,213.0,126.0,339.0,77.0,121.0,198.0,game,Spread,Minnesota Vikings,,-5.5,polymarket,1566.0,—,—,,+5,,miss,,,,—,,
2026-10-04T23:00:39.811782+00:00,nfl,2026,4,401872974,4018729743717,4,5:48,"B.Pinion punts 46 yards to MIN 34, Center-T.Addington, fair catch by M.Price.PENALTY on MIN-J.Jones, Illegal Blindside Block, 15 yards, enforced at MIN 34.",4,8,MIA 20,80,5,Minnesota Vikings,Miami Dolphins,15,10,99.9,0.1,213.0,126.0,339.0,77.0,121.0,198.0,game,Total,Over,,32.5,kalshi,3233.0,—,—,,25.0,,miss,,,,—,,
2026-10-04T23:00:39.811782+00:00,nfl,2026,4,401872974,4018729743717,4,5:48,"B.Pinion punts 46 yards to MIN 34, Center-T.Addington, fair catch by M.Price.PENALTY on MIN-J.Jones, Illegal Blindside Block, 15 yards, enforced at MIN 34.",4,8,MIA 20,80,5,Minnesota Vikings,Miami Dolphins,15,10,99.9,0.1,213.0,126.0,339.0,77.0,121.0,198.0,game,Total,,,32.5,,,—,—,,25.0,,hit,,,,—,,
2026-10-04T23:00:39.811782+00:00,nfl,2026,4,401872974,4018729743717,4,5:48,"B.Pinion punts 46 yards to MIN 34, Center-T.Addington, fair catch by M.Price.PENALTY on MIN-J.Jones, Illegal Blindside Block, 15 yards, enforced at MIN 34.",4,8,MIA 20,80,5,Minnesota Vikings,Miami Dolphins,15,10,99.9,0.1,213.0,126.0,339.0,77.0,121.0,198.0,game,ML,Miami Dolphins,,,betfair,9678.0,—,—,,Loss,,miss,,,,—,,
2026-10-04T23:00:39.811782+00:00,nfl,2026,4,401872974,4018729743748,4,5:41,(Shotgun) A.Jones left tackle to MIN 33 for 14 yards (J.Brents; D.Trader).,1,10,MIN 19,19,5,Minnesota Vikings,Miami Dolphins,15,10,99.9,0.1,213.0,126.0,339.0,77.0,121.0,198.0,game,Spread,Minnesota Vikings,,5.5,polymarket,1566.0,—,—,,+5,,hit,,,,—,,
2026-10-04T23:00:39.811782+00:00,nfl,2026,4,401872974,4018729743748,4,5:41,(Shotgun) A.Jones left tackle to MIN 33 for 14 yards (J.Brents; D.Trader).,1,10,MIN 19,19,5,Minnesota Vikings,Miami Dolphins,15,10,99.9,0.1,213.0,126.0,339.0,77.0,121.0,198.0,game,Spread,Minnesota Vikings,,-5.5,polymarket,1566.0,—,—,,+5,,miss,,,,—,,
2026-10-04T23:00:39.811782+00:00,nfl,2026,4,401872974,4018729743748,4,5:41,(Shotgun) A.Jones left tackle to MIN 33 for 14 yards (J.Brents; D.Trader).,1,10,MIN 19,19,5,Minnesota Vikings,Miami Dolphins,15,10,99.9,0.1,213.0,126.0,339.0,77.0,121.0,198.0,game,Total,Over,,32.5,kalshi,3233.0,—,—,,25.0,,miss,,,,—,,
2026-10-04T23:00:39.811782+00:00,nfl,2026,4,401872974,4018729743748,4,5:41,(Shotgun) A.Jones left tackle to MIN 33 for 14 yards (J.Brents; D.Trader).,1,10,MIN 19,19,5,Minnesota Vikings,Miami Dolphins,15,10,99.9,0.1,213.0,126.0,339.0,77.0,121.0,198.0,game,Total,,,32.5,,,—,—,,25.0,,hit,,,,—,,
2026-10-04T23:00:39.811782+00:00,nfl,2026,4,401872974,4018729743748,4,5:41,(Shotgun) A.Jones left tackle to MIN 33 for 14 yards (J.Brents; D.Trader).,1,10,MIN 19,19,5,Minnesota Vikings,Miami Dolphins,15,10,99.9,0.1,213.0,126.0,339.0,77.0,121.0,198.0,game,ML,Miami Dolphins,,,betfair,9678.0,—,—,,Loss,,miss,,,,—,,
2026-10-04T23:00:39.811782+00:00,nfl,2026,4,401872974,4018729743770,4,5:02,(Shotgun) A.Jones right tackle to MIN 33 for no gain (J.Uche; Z.Biggers).,1,10,MIN 33,33,5,Minnesota Vikings,Miami Dolphins,15,10,99.9,0.1,213.0,126.0,339.0,77.0,121.0,198.0,game,Spread,Minnesota Vikings,,5.5,polymarket,1566.0,—,—,,+5,,hit,,,,—,,
2026-10-04T23:00:39.811782+00:00,nfl,2026,4,401872974,4018729743770,4,5:02,(Shotgun) A.Jones right tackle to MIN 33 for no gain (J.Uche; Z.Biggers).,1,10,MIN 33,33,5,Minnesota Vikings,Miami Dolphins,15,10,99.9,0.1,213.0,126.0,339.0,77.0,121.0,198.0,game,Spread,Minnesota Vikings,,-5.5,polymarket,1566.0,—,—,,+5,,miss,,,,—,,
2026-10-04T23:00:39.811782+00:00,nfl,2026,4,401872974,4018729743770,4,5:02,(Shotgun) A.Jones right tackle to MIN 33 for no gain (J.Uche; Z.Biggers).,1,10,MIN 33,33,5,Minnesota Vikings,Miami Dolphins,15,10,99.9,0.1,213.0,126.0,339.0,77.0,121.0,198.0,game,Total,Over,,32.5,kalshi,3233.0,—,—,,25.0,,miss,,,,—,,
2026-10-04T23:00:39.811782+00:00,nfl,2026,4,401872974,4018729743770,4,5:02,(Shotgun) A.Jones right tackle to MIN 33 for no gain (J.Uche; Z.Biggers).,1,10,MIN 33,33,5,Minnesota Vikings,Miami Dolphins,15,10,99.9,0.1,213.0,126.0,339.0,77.0,121.0,198.0,game,Total,,,32.5,,,—,—,,25.0,,hit,,,,—,,
2026-10-04T23:00:39.811782+00:00,nfl,2026,4,401872974,4018729743770,4,5:02,(Shotgun) A.Jones right tackle to MIN 33 for no gain (J.Uche; Z.Biggers).,1,10,MIN 33,33,5,Minnesota Vikings,Miami Dolphins,15,10,99.9,0.1,213.0,126.0,339.0,77.0,121.0,198.0,game,ML,Miami Dolphins,,,betfair,9678.0,—,—,,Loss,,miss,,,,—,,
2026-10-04T23:00:39.811782+00:00,nfl,2026,4,401872974,4018729743792,4,4:22,(Shotgun) K.Murray pass short middle to J.Addison to MIA 40 for 27 yards (C.Johnson; J.Brents).,2,10,MIN 33,33,5,Minnesota Vikings,Miami Dolphins,15,10,99.9,0.1,213.0,126.0,339.0,77.0,121.0,198.0,game,Spread,Minnesota Vikings,,5.5,polymarket,1566.0,—,—,,+5,,hit,,,,—,,
2026-10-04T23:00:39.811782+00:00,nfl,2026,4,401872974,4018729743792,4,4:22,(Shotgun) K.Murray pass short middle to J.Addison to MIA 40 for 27 yards (C.Johnson; J.Brents).,2,10,MIN 33,33,5,Minnesota Vikings,Miami Dolphins,15,10,99.9,0.1,213.0,126.0,339.0,77.0,121.0,198.0,game,Spread,Minnesota Vikings,,-5.5,polymarket,1566.0,—,—,,+5,,miss,,,,—,,
2026-10-04T23:00:39.811782+00:00,nfl,2026,4,401872974,4018729743792,4,4:22,(Shotgun) K.Murray pass short middle to J.Addison to MIA 40 for 27 yards (C.Johnson; J.Brents).,2,10,MIN 33,33,5,Minnesota Vikings,Miami Dolphins,15,10,99.9,0.1,213.0,126.0,339.0,77.0,121.0,198.0,game,Total,Over,,32.5,kalshi,3233.0,—,—,,25.0,,miss,,,,—,,
2026-10-04T23:00:39.811782+00:00,nfl,2026,4,401872974,4018729743792,4,4:22,(Shotgun) K.Murray pass short middle to J.Addison to MIA 40 for 27 yards (C.Johnson; J.Brents).,2,10,MIN 33,33,5,Minnesota Vikings,Miami Dolphins,15,10,99.9,0.1,213.0,126.0,339.0,77.0,121.0,198.0,game,Total,,,32.5,,,—,—,,25.0,,hit,,,,—,,
2026-10-04T23:00:39.811782+00:00,nfl,2026,4,401872974,4018729743792,4,4:22,(Shotgun) K.Murray pass short middle to J.Addison to MIA 40 for 27 yards (C.Johnson; J.Brents).,2,10,MIN 33,33,5,Minnesota Vikings,Miami Dolphins,15,10,99.9,0.1,213.0,126.0,339.0,77.0,121.0,198.0,game,ML,Miami Dolphins,,,betfair,9678.0,—,—,,Loss,,miss,,,,—,,
2026-10-04T23:00:39.811782+00:00,nfl,2026,4,401872974,4018729743817,4,3:41,"C.Tiernan reported in as eligible.  PENALTY on MIN-C.Tiernan, False Start, 5 yards, enforced at MIA 40 - No Play.",1,10,MIA 40,60,5,Minnesota Vikings,Miami Dolphins,15,10,99.9,0.1,213.0,126.0,339.0,77.0,121.0,198.0,game,Spread,Minnesota Vikings,,5.5,polymarket,1566.0,—,—,,+5,,hit,,,,—,,
2026-10-04T23:00:39.811782+00:00,nfl,2026,4,401872974,4018729743817,4,3:41,"C.Tiernan reported in as eligible.  PENALTY on MIN-C.Tiernan, False Start, 5 yards, enforced at MIA 40 - No Play.",1,10,MIA 40,60,5,Minnesota Vikings,Miami Dolphins,15,10,99.9,0.1,213.0,126.0,339.0,77.0,121.0,198.0,game,Spread,Minnesota Vikings,,-5.5,polymarket,1566.0,—,—,,+5,,miss,,,,—,,
2026-10-04T23:00:39.811782+00:00,nfl,2026,4,401872974,4018729743817,4,3:41,"C.Tiernan reported in as eligible.  PENALTY on MIN-C.Tiernan, False Start, 5 yards, enforced at MIA 40 - No Play.",1,10,MIA 40,60,5,Minnesota Vikings,Miami Dolphins,15,10,99.9,0.1,213.0,126.0,339.0,77.0,121.0,198.0,game,Total,Over,,32.5,kalshi,3233.0,—,—,,25.0,,miss,,,,—,,
2026-10-04T23:00:39.811782+00:00,nfl,2026,4,401872974,4018729743817,4,3:41,"C.Tiernan reported in as eligible.  PENALTY on MIN-C.Tiernan, False Start, 5 yards, enforced at MIA 40 - No Play.",1,10,MIA 40,60,5,Minnesota Vikings,Miami Dolphins,15,10,99.9,0.1,213.0,126.0,339.0,77.0,121.0,198.0,game,Total,,,32.5,,,—,—,,25.0,,hit,,,,—,,
2026-10-04T23:00:39.811782+00:00,nfl,2026,4,401872974,4018729743817,4,3:41,"C.Tiernan reported in as eligible.  PENALTY on MIN-C.Tiernan, False Start, 5 yards, enforced at MIA 40 - No Play.",1,10,MIA 40,60,5,Minnesota Vikings,Miami Dolphins,15,10,99.9,0.1,213.0,126.0,339.0,77.0,121.0,198.0,game,ML,Miami Dolphins,,,betfair,9678.0,—,—,,Loss,,miss,,,,—,,
2026-10-04T23:00:39.811782+00:00,nfl,2026,4,401872974,4018729743843,4,3:41,C.Tiernan reported in as eligible.  D.Claiborne right end to MIA 37 for 8 yards (J.Brooks).,1,15,MIA 45,55,5,Minnesota Vikings,Miami Dolphins,15,10,99.9,0.1,213.0,126.0,339.0,77.0,121.0,198.0,game,Spread,Minnesota Vikings,,5.5,polymarket,1566.0,—,—,,+5,,hit,,,,—,,
2026-10-04T23:00:39.811782+00:00,nfl,2026,4,401872974,4018729743843,4,3:41,C.Tiernan reported in as eligible.  D.Claiborne right end to MIA 37 for 8 yards (J.Brooks).,1,15,MIA 45,55,5,Minnesota Vikings,Miami Dolphins,15,10,99.9,0.1,213.0,126.0,339.0,77.0,121.0,198.0,game,Spread,Minnesota Vikings,,-5.5,polymarket,1566.0,—,—,,+5,,miss,,,,—,,
2026-10-04T23:00:39.811782+00:00,nfl,2026,4,401872974,4018729743843,4,3:41,C.Tiernan reported in as eligible.  D.Claiborne right end to MIA 37 for 8 yards (J.Brooks).,1,15,MIA 45,55,5,Minnesota Vikings,Miami Dolphins,15,10,99.9,0.1,213.0,126.0,339.0,77.0,121.0,198.0,game,Total,Over,,32.5,kalshi,3233.0,—,—,,25.0,,miss,,,,—,,
2026-10-04T23:00:39.811782+00:00,nfl,2026,4,401872974,4018729743843,4,3:41,C.Tiernan reported in as eligible.  D.Claiborne right end to MIA 37 for 8 yards (J.Brooks).,1,15,MIA 45,55,5,Minnesota Vikings,Miami Dolphins,15,10,99.9,0.1,213.0,126.0,339.0,77.0,121.0,198.0,game,Total,,,32.5,,,—,—,,25.0,,hit,,,,—,,
2026-10-04T23:00:39.811782+00:00,nfl,2026,4,401872974,4018729743843,4,3:41,C.Tiernan reported in as eligible.  D.Claiborne right end to MIA 37 for 8 yards (J.Brooks).,1,15,MIA 45,55,5,Minnesota Vikings,Miami Dolphins,15,10,99.9,0.1,213.0,126.0,339.0,77.0,121.0,198.0,game,ML,Miami Dolphins,,,betfair,9678.0,—,—,,Loss,,miss,,,,—,,
2026-10-04T23:00:39.811782+00:00,nfl,2026,4,401872974,4018729743871,4,3:01,(Shotgun) K.Murray pass deep right to T.Hockenson to MIA 15 for 22 yards (J.Brooks).,2,7,MIA 37,63,5,Minnesota Vikings,Miami Dolphins,15,10,99.9,0.1,213.0,126.0,339.0,77.0,121.0,198.0,game,Spread,Minnesota Vikings,,5.5,polymarket,1566.0,—,—,,+5,,hit,,,,—,,
2026-10-04T23:00:39.811782+00:00,nfl,2026,4,401872974,4018729743871,4,3:01,(Shotgun) K.Murray pass deep right to T.Hockenson to MIA 15 for 22 yards (J.Brooks).,2,7,MIA 37,63,5,Minnesota Vikings,Miami Dolphins,15,10,99.9,0.1,213.0,126.0,339.0,77.0,121.0,198.0,game,Spread,Minnesota Vikings,,-5.5,polymarket,1566.0,—,—,,+5,,miss,,,,—,,
2026-10-04T23:00:39.811782+00:00,nfl,2026,4,401872974,4018729743871,4,3:01,(Shotgun) K.Murray pass deep right to T.Hockenson to MIA 15 for 22 yards (J.Brooks).,2,7,MIA 37,63,5,Minnesota Vikings,Miami Dolphins,15,10,99.9,0.1,213.0,126.0,339.0,77.0,121.0,198.0,game,Total,Over,,32.5,kalshi,3233.0,—,—,,25.0,,miss,,,,—,,
2026-10-04T23:00:39.811782+00:00,nfl,2026,4,401872974,4018729743871,4,3:01,(Shotgun) K.Murray pass deep right to T.Hockenson to MIA 15 for 22 yards (J.Brooks).,2,7,MIA 37,63,5,Minnesota Vikings,Miami Dolphins,15,10,99.9,0.1,213.0,126.0,339.0,77.0,121.0,198.0,game,Total,,,32.5,,,—,—,,25.0,,hit,,,,—,,
2026-10-04T23:00:39.811782+00:00,nfl,2026,4,401872974,4018729743871,4,3:01,(Shotgun) K.Murray pass deep right to T.Hockenson to MIA 15 for 22 yards (J.Brooks).,2,7,MIA 37,63,5,Minnesota Vikings,Miami Dolphins,15,10,99.9,0.1,213.0,126.0,339.0,77.0,121.0,198.0,game,ML,Miami Dolphins,,,betfair,9678.0,—,—,,Loss,,miss,,,,—,,
2026-10-04T23:00:39.811782+00:00,nfl,2026,4,401872974,4018729743908,4,2:17,Timeout #1 by MIN at 02:17.,1,15,MIA 20,80,5,Minnesota Vikings,Miami Dolphins,15,10,99.9,0.1,213.0,126.0,339.0,77.0,121.0,198.0,game,Spread,Minnesota Vikings,,5.5,polymarket,1566.0,—,—,,+5,,hit,,,,—,,
2026-10-04T23:00:39.811782+00:00,nfl,2026,4,401872974,4018729743908,4,2:17,Timeout #1 by MIN at 02:17.,1,15,MIA 20,80,5,Minnesota Vikings,Miami Dolphins,15,10,99.9,0.1,213.0,126.0,339.0,77.0,121.0,198.0,game,Spread,Minnesota Vikings,,-5.5,polymarket,1566.0,—,—,,+5,,miss,,,,—,,
2026-10-04T23:00:39.811782+00:00,nfl,2026,4,401872974,4018729743908,4,2:17,Timeout #1 by MIN at 02:17.,1,15,MIA 20,80,5,Minnesota Vikings,Miami Dolphins,15,10,99.9,0.1,213.0,126.0,339.0,77.0,121.0,198.0,game,Total,Over,,32.5,kalshi,3233.0,—,—,,25.0,,miss,,,,—,,
2026-10-04T23:00:39.811782+00:00,nfl,2026,4,401872974,4018729743908,4,2:17,Timeout #1 by MIN at 02:17.,1,15,MIA 20,80,5,Minnesota Vikings,Miami Dolphins,15,10,99.9,0.1,213.0,126.0,339.0,77.0,121.0,198.0,game,Total,,,32.5,,,—,—,,25.0,,hit,,,,—,,
2026-10-04T23:00:39.811782+00:00,nfl,2026,4,401872974,4018729743908,4,2:17,Timeout #1 by MIN at 02:17.,1,15,MIA 20,80,5,Minnesota Vikings,Miami Dolphins,15,10,99.9,0.1,213.0,126.0,339.0,77.0,121.0,198.0,game,ML,Miami Dolphins,,,betfair,9678.0,—,—,,Loss,,miss,,,,—,,
2026-10-04T23:00:39.811782+00:00,nfl,2026,4,401872974,4018729743896,4,2:17,"PENALTY on MIN-J.Huber, False Start, 5 yards, enforced at MIA 15 - No Play.",1,10,MIA 15,85,5,Minnesota Vikings,Miami Dolphins,15,10,99.9,0.1,213.0,126.0,339.0,77.0,121.0,198.0,game,Spread,Minnesota Vikings,,5.5,polymarket,1566.0,—,—,,+5,,hit,,,,—,,
2026-10-04T23:00:39.811782+00:00,nfl,2026,4,401872974,4018729743896,4,2:17,"PENALTY on MIN-J.Huber, False Start, 5 yards, enforced at MIA 15 - No Play.",1,10,MIA 15,85,5,Minnesota Vikings,Miami Dolphins,15,10,99.9,0.1,213.0,126.0,339.0,77.0,121.0,198.0,game,Spread,Minnesota Vikings,,-5.5,polymarket,1566.0,—,—,,+5,,miss,,,,—,,
2026-10-04T23:00:39.811782+00:00,nfl,2026,4,401872974,4018729743896,4,2:17,"PENALTY on MIN-J.Huber, False Start, 5 yards, enforced at MIA 15 - No Play.",1,10,MIA 15,85,5,Minnesota Vikings,Miami Dolphins,15,10,99.9,0.1,213.0,126.0,339.0,77.0,121.0,198.0,game,Total,Over,,32.5,kalshi,3233.0,—,—,,25.0,,miss,,,,—,,
2026-10-04T23:00:39.811782+00:00,nfl,2026,4,401872974,4018729743896,4,2:17,"PENALTY on MIN-J.Huber, False Start, 5 yards, enforced at MIA 15 - No Play.",1,10,MIA 15,85,5,Minnesota Vikings,Miami Dolphins,15,10,99.9,0.1,213.0,126.0,339.0,77.0,121.0,198.0,game,Total,,,32.5,,,—,—,,25.0,,hit,,,,—,,
2026-10-04T23:00:39.811782+00:00,nfl,2026,4,401872974,4018729743896,4,2:17,"PENALTY on MIN-J.Huber, False Start, 5 yards, enforced at MIA 15 - No Play.",1,10,MIA 15,85,5,Minnesota Vikings,Miami Dolphins,15,10,99.9,0.1,213.0,126.0,339.0,77.0,121.0,198.0,game,ML,Miami Dolphins,,,betfair,9678.0,—,—,,Loss,,miss,,,,—,,
2026-10-04T23:00:39.811782+00:00,nfl,2026,4,401872974,4018729743920,4,2:17,(Shotgun) K.Murray pass short left to T.Hockenson to MIA 15 for 5 yards (J.Rodriguez).,1,15,MIA 20,80,5,Minnesota Vikings,Miami Dolphins,15,10,99.9,0.1,213.0,126.0,339.0,77.0,121.0,198.0,game,Spread,Minnesota Vikings,,5.5,polymarket,1566.0,—,—,,+5,,hit,,,,—,,
2026-10-04T23:00:39.811782+00:00,nfl,2026,4,401872974,4018729743920,4,2:17,(Shotgun) K.Murray pass short left to T.Hockenson to MIA 15 for 5 yards (J.Rodriguez).,1,15,MIA 20,80,5,Minnesota Vikings,Miami Dolphins,15,10,99.9,0.1,213.0,126.0,339.0,77.0,121.0,198.0,game,Spread,Minnesota Vikings,,-5.5,polymarket,1566.0,—,—,,+5,,miss,,,,—,,
2026-10-04T23:00:39.811782+00:00,nfl,2026,4,401872974,4018729743920,4,2:17,(Shotgun) K.Murray pass short left to T.Hockenson to MIA 15 for 5 yards (J.Rodriguez).,1,15,MIA 20,80,5,Minnesota Vikings,Miami Dolphins,15,10,99.9,0.1,213.0,126.0,339.0,77.0,121.0,198.0,game,Total,Over,,32.5,kalshi,3233.0,—,—,,25.0,,miss,,,,—,,
2026-10-04T23:00:39.811782+00:00,nfl,2026,4,401872974,4018729743920,4,2:17,(Shotgun) K.Murray pass short left to T.Hockenson to MIA 15 for 5 yards (J.Rodriguez).,1,15,MIA 20,80,5,Minnesota Vikings,Miami Dolphins,15,10,99.9,0.1,213.0,126.0,339.0,77.0,121.0,198.0,game,Total,,,32.5,,,—,—,,25.0,,hit,,,,—,,
2026-10-04T23:00:39.811782+00:00,nfl,2026,4,401872974,4018729743920,4,2:17,(Shotgun) K.Murray pass short left to T.Hockenson to MIA 15 for 5 yards (J.Rodriguez).,1,15,MIA 20,80,5,Minnesota Vikings,Miami Dolphins,15,10,99.9,0.1,213.0,126.0,339.0,77.0,121.0,198.0,game,ML,Miami Dolphins,,,betfair,9678.0,—,—,,Loss,,miss,,,,—,,
2026-10-04T23:00:39.811782+00:00,nfl,2026,4,401872974,4018729743936,4,2:12,Timeout #2 by MIA at 02:12.,2,10,MIA 15,85,5,Minnesota Vikings,Miami Dolphins,15,10,99.9,0.1,213.0,126.0,339.0,77.0,121.0,198.0,game,Spread,Minnesota Vikings,,5.5,polymarket,1566.0,—,—,,+5,,hit,,,,—,,
2026-10-04T23:00:39.811782+00:00,nfl,2026,4,401872974,4018729743936,4,2:12,Timeout #2 by MIA at 02:12.,2,10,MIA 15,85,5,Minnesota Vikings,Miami Dolphins,15,10,99.9,0.1,213.0,126.0,339.0,77.0,121.0,198.0,game,Spread,Minnesota Vikings,,-5.5,polymarket,1566.0,—,—,,+5,,miss,,,,—,,
2026-10-04T23:00:39.811782+00:00,nfl,2026,4,401872974,4018729743936,4,2:12,Timeout #2 by MIA at 02:12.,2,10,MIA 15,85,5,Minnesota Vikings,Miami Dolphins,15,10,99.9,0.1,213.0,126.0,339.0,77.0,121.0,198.0,game,Total,Over,,32.5,kalshi,3233.0,—,—,,25.0,,miss,,,,—,,
2026-10-04T23:00:39.811782+00:00,nfl,2026,4,401872974,4018729743936,4,2:12,Timeout #2 by MIA at 02:12.,2,10,MIA 15,85,5,Minnesota Vikings,Miami Dolphins,15,10,99.9,0.1,213.0,126.0,339.0,77.0,121.0,198.0,game,Total,,,32.5,,,—,—,,25.0,,hit,,,,—,,
2026-10-04T23:00:39.811782+00:00,nfl,2026,4,401872974,4018729743936,4,2:12,Timeout #2 by MIA at 02:12.,2,10,MIA 15,85,5,Minnesota Vikings,Miami Dolphins,15,10,99.9,0.1,213.0,126.0,339.0,77.0,121.0,198.0,game,ML,Miami Dolphins,,,betfair,9678.0,—,—,,Loss,,miss,,,,—,,
2026-10-04T23:00:39.811782+00:00,nfl,2026,4,401872974,4018729743952,4,2:12,(Shotgun) A.Jones up the middle to MIA 10 for 5 yards (W.Gay).,2,10,MIA 15,85,5,Minnesota Vikings,Miami Dolphins,15,10,99.9,0.1,213.0,126.0,339.0,77.0,121.0,198.0,game,Spread,Minnesota Vikings,,5.5,polymarket,1566.0,—,—,,+5,,hit,,,,—,,
2026-10-04T23:00:39.811782+00:00,nfl,2026,4,401872974,4018729743952,4,2:12,(Shotgun) A.Jones up the middle to MIA 10 for 5 yards (W.Gay).,2,10,MIA 15,85,5,Minnesota Vikings,Miami Dolphins,15,10,99.9,0.1,213.0,126.0,339.0,77.0,121.0,198.0,game,Spread,Minnesota Vikings,,-5.5,polymarket,1566.0,—,—,,+5,,miss,,,,—,,
2026-10-04T23:00:39.811782+00:00,nfl,2026,4,401872974,4018729743952,4,2:12,(Shotgun) A.Jones up the middle to MIA 10 for 5 yards (W.Gay).,2,10,MIA 15,85,5,Minnesota Vikings,Miami Dolphins,15,10,99.9,0.1,213.0,126.0,339.0,77.0,121.0,198.0,game,Total,Over,,32.5,kalshi,3233.0,—,—,,25.0,,miss,,,,—,,
2026-10-04T23:00:39.811782+00:00,nfl,2026,4,401872974,4018729743952,4,2:12,(Shotgun) A.Jones up the middle to MIA 10 for 5 yards (W.Gay).,2,10,MIA 15,85,5,Minnesota Vikings,Miami Dolphins,15,10,99.9,0.1,213.0,126.0,339.0,77.0,121.0,198.0,game,Total,,,32.5,,,—,—,,25.0,,hit,,,,—,,
2026-10-04T23:00:39.811782+00:00,nfl,2026,4,401872974,4018729743952,4,2:12,(Shotgun) A.Jones up the middle to MIA 10 for 5 yards (W.Gay).,2,10,MIA 15,85,5,Minnesota Vikings,Miami Dolphins,15,10,99.9,0.1,213.0,126.0,339.0,77.0,121.0,198.0,game,ML,Miami Dolphins,,,betfair,9678.0,—,—,,Loss,,miss,,,,—,,
2026-10-04T23:00:39.811782+00:00,nfl,2026,4,401872974,4018729743967,4,2:07,Timeout #3 by MIA at 02:07.,3,5,MIA 10,90,5,Minnesota Vikings,Miami Dolphins,15,10,99.9,0.1,213.0,126.0,339.0,77.0,121.0,198.0,game,Spread,Minnesota Vikings,,5.5,polymarket,1566.0,—,—,,+5,,hit,,,,—,,
2026-10-04T23:00:39.811782+00:00,nfl,2026,4,401872974,4018729743967,4,2:07,Timeout #3 by MIA at 02:07.,3,5,MIA 10,90,5,Minnesota Vikings,Miami Dolphins,15,10,99.9,0.1,213.0,126.0,339.0,77.0,121.0,198.0,game,Spread,Minnesota Vikings,,-5.5,polymarket,1566.0,—,—,,+5,,miss,,,,—,,
2026-10-04T23:00:39.811782+00:00,nfl,2026,4,401872974,4018729743967,4,2:07,Timeout #3 by MIA at 02:07.,3,5,MIA 10,90,5,Minnesota Vikings,Miami Dolphins,15,10,99.9,0.1,213.0,126.0,339.0,77.0,121.0,198.0,game,Total,Over,,32.5,kalshi,3233.0,—,—,,25.0,,miss,,,,—,,
2026-10-04T23:00:39.811782+00:00,nfl,2026,4,401872974,4018729743967,4,2:07,Timeout #3 by MIA at 02:07.,3,5,MIA 10,90,5,Minnesota Vikings,Miami Dolphins,15,10,99.9,0.1,213.0,126.0,339.0,77.0,121.0,198.0,game,Total,,,32.5,,,—,—,,25.0,,hit,,,,—,,
2026-10-04T23:00:39.811782+00:00,nfl,2026,4,401872974,4018729743967,4,2:07,Timeout #3 by MIA at 02:07.,3,5,MIA 10,90,5,Minnesota Vikings,Miami Dolphins,15,10,99.9,0.1,213.0,126.0,339.0,77.0,121.0,198.0,game,ML,Miami Dolphins,,,betfair,9678.0,—,—,,Loss,,miss,,,,—,,
2026-10-04T23:00:39.811782+00:00,nfl,2026,4,401872974,4018729743981,4,2:07, K.Murray pass short left to T.Hockenson to MIA 2 for 8 yards (M.Taaffe).,3,5,MIA 10,90,5,Minnesota Vikings,Miami Dolphins,15,10,99.9,0.1,213.0,126.0,339.0,77.0,121.0,198.0,game,Spread,Minnesota Vikings,,5.5,polymarket,1566.0,—,—,,+5,,hit,,,,—,,
2026-10-04T23:00:39.811782+00:00,nfl,2026,4,401872974,4018729743981,4,2:07, K.Murray pass short left to T.Hockenson to MIA 2 for 8 yards (M.Taaffe).,3,5,MIA 10,90,5,Minnesota Vikings,Miami Dolphins,15,10,99.9,0.1,213.0,126.0,339.0,77.0,121.0,198.0,game,Spread,Minnesota Vikings,,-5.5,polymarket,1566.0,—,—,,+5,,miss,,,,—,,
2026-10-04T23:00:39.811782+00:00,nfl,2026,4,401872974,4018729743981,4,2:07, K.Murray pass short left to T.Hockenson to MIA 2 for 8 yards (M.Taaffe).,3,5,MIA 10,90,5,Minnesota Vikings,Miami Dolphins,15,10,99.9,0.1,213.0,126.0,339.0,77.0,121.0,198.0,game,Total,Over,,32.5,kalshi,3233.0,—,—,,25.0,,miss,,,,—,,
2026-10-04T23:00:39.811782+00:00,nfl,2026,4,401872974,4018729743981,4,2:07, K.Murray pass short left to T.Hockenson to MIA 2 for 8 yards (M.Taaffe).,3,5,MIA 10,90,5,Minnesota Vikings,Miami Dolphins,15,10,99.9,0.1,213.0,126.0,339.0,77.0,121.0,198.0,game,Total,,,32.5,,,—,—,,25.0,,hit,,,,—,,
2026-10-04T23:00:39.811782+00:00,nfl,2026,4,401872974,4018729743981,4,2:07, K.Murray pass short left to T.Hockenson to MIA 2 for 8 yards (M.Taaffe).,3,5,MIA 10,90,5,Minnesota Vikings,Miami Dolphins,15,10,99.9,0.1,213.0,126.0,339.0,77.0,121.0,198.0,game,ML,Miami Dolphins,,,betfair,9678.0,—,—,,Loss,,miss,,,,—,,
2026-10-04T23:00:39.811782+00:00,nfl,2026,4,401872974,4018729743997,4,2:00,Two-Minute Warning,1,2,MIA 2,98,5,Minnesota Vikings,Miami Dolphins,15,10,99.9,0.1,213.0,126.0,339.0,77.0,121.0,198.0,game,Spread,Minnesota Vikings,,5.5,polymarket,1566.0,—,—,,+5,,hit,,,,—,,
2026-10-04T23:00:39.811782+00:00,nfl,2026,4,401872974,4018729743997,4,2:00,Two-Minute Warning,1,2,MIA 2,98,5,Minnesota Vikings,Miami Dolphins,15,10,99.9,0.1,213.0,126.0,339.0,77.0,121.0,198.0,game,Spread,Minnesota Vikings,,-5.5,polymarket,1566.0,—,—,,+5,,miss,,,,—,,
2026-10-04T23:00:39.811782+00:00,nfl,2026,4,401872974,4018729743997,4,2:00,Two-Minute Warning,1,2,MIA 2,98,5,Minnesota Vikings,Miami Dolphins,15,10,99.9,0.1,213.0,126.0,339.0,77.0,121.0,198.0,game,Total,Over,,32.5,kalshi,3233.0,—,—,,25.0,,miss,,,,—,,
2026-10-04T23:00:39.811782+00:00,nfl,2026,4,401872974,4018729743997,4,2:00,Two-Minute Warning,1,2,MIA 2,98,5,Minnesota Vikings,Miami Dolphins,15,10,99.9,0.1,213.0,126.0,339.0,77.0,121.0,198.0,game,Total,,,32.5,,,—,—,,25.0,,hit,,,,—,,
2026-10-04T23:00:39.811782+00:00,nfl,2026,4,401872974,4018729743997,4,2:00,Two-Minute Warning,1,2,MIA 2,98,5,Minnesota Vikings,Miami Dolphins,15,10,99.9,0.1,213.0,126.0,339.0,77.0,121.0,198.0,game,ML,Miami Dolphins,,,betfair,9678.0,—,—,,Loss,,miss,,,,—,,
2026-10-04T23:00:39.811782+00:00,nfl,2026,4,401872974,4018729744013,4,2:00,K.Murray kneels to MIA 4 for -2 yards.,1,2,MIA 2,98,5,Minnesota Vikings,Miami Dolphins,15,10,99.9,0.1,213.0,126.0,339.0,77.0,121.0,198.0,game,Spread,Minnesota Vikings,,5.5,polymarket,1566.0,—,—,,+5,,hit,,,,—,,
2026-10-04T23:00:39.811782+00:00,nfl,2026,4,401872974,4018729744013,4,2:00,K.Murray kneels to MIA 4 for -2 yards.,1,2,MIA 2,98,5,Minnesota Vikings,Miami Dolphins,15,10,99.9,0.1,213.0,126.0,339.0,77.0,121.0,198.0,game,Spread,Minnesota Vikings,,-5.5,polymarket,1566.0,—,—,,+5,,miss,,,,—,,
2026-10-04T23:00:39.811782+00:00,nfl,2026,4,401872974,4018729744013,4,2:00,K.Murray kneels to MIA 4 for -2 yards.,1,2,MIA 2,98,5,Minnesota Vikings,Miami Dolphins,15,10,99.9,0.1,213.0,126.0,339.0,77.0,121.0,198.0,game,Total,Over,,32.5,kalshi,3233.0,—,—,,25.0,,miss,,,,—,,
2026-10-04T23:00:39.811782+00:00,nfl,2026,4,401872974,4018729744013,4,2:00,K.Murray kneels to MIA 4 for -2 yards.,1,2,MIA 2,98,5,Minnesota Vikings,Miami Dolphins,15,10,99.9,0.1,213.0,126.0,339.0,77.0,121.0,198.0,game,Total,,,32.5,,,—,—,,25.0,,hit,,,,—,,
2026-10-04T23:00:39.811782+00:00,nfl,2026,4,401872974,4018729744013,4,2:00,K.Murray kneels to MIA 4 for -2 yards.,1,2,MIA 2,98,5,Minnesota Vikings,Miami Dolphins,15,10,99.9,0.1,213.0,126.0,339.0,77.0,121.0,198.0,game,ML,Miami Dolphins,,,betfair,9678.0,—,—,,Loss,,miss,,,,—,,
