captured_at,sport,year,week,event_id,play_id,period,clock,play_text,down,distance,possession,yard_line,score_margin,home,away,home_score,away_score,home_win_prob,away_win_prob,home_pass_yds,home_rush_yds,home_total_yds,away_pass_yds,away_rush_yds,away_total_yds,market_type,market,selection,player,line,book_id,book_price,model_projection,model_price,model_prob,actual_result,actual_stat,bet_result,expected_roi_pct,pregame_line,pregame_book_price,pregame_projection,pregame_capture_at,pregame_capture_type
2026-10-04T23:00:39.811782+00:00,nfl,2026,4,401872975,4018729751,1,15:00,GAME,3,1,DEN 26,74,0,San Francisco 49ers,Denver Broncos,0,0,89.5,10.5,136.0,137.0,273.0,158.0,52.0,210.0,game,Spread,Denver Broncos,,5.5,kalshi,143,—,—,,0,,hit,,,,—,,
2026-10-04T23:00:39.811782+00:00,nfl,2026,4,401872975,4018729751,1,15:00,GAME,3,1,DEN 26,74,0,San Francisco 49ers,Denver Broncos,0,0,89.5,10.5,136.0,137.0,273.0,158.0,52.0,210.0,game,Spread,San Francisco 49ers,,-5.5,kalshi,-171,—,—,,0,,miss,,,,—,,
2026-10-04T23:00:39.811782+00:00,nfl,2026,4,401872975,4018729751,1,15:00,GAME,3,1,DEN 26,74,0,San Francisco 49ers,Denver Broncos,0,0,89.5,10.5,136.0,137.0,273.0,158.0,52.0,210.0,game,Total,Over,,28.5,betfair,-130,—,—,,0.0,,miss,,,,—,,
2026-10-04T23:00:39.811782+00:00,nfl,2026,4,401872975,4018729751,1,15:00,GAME,3,1,DEN 26,74,0,San Francisco 49ers,Denver Broncos,0,0,89.5,10.5,136.0,137.0,273.0,158.0,52.0,210.0,game,Total,Under,,28.5,polymarket,117,—,—,,0.0,,hit,,,,—,,
2026-10-04T23:00:39.811782+00:00,nfl,2026,4,401872975,4018729751,1,15:00,GAME,3,1,DEN 26,74,0,San Francisco 49ers,Denver Broncos,0,0,89.5,10.5,136.0,137.0,273.0,158.0,52.0,210.0,game,ML,Denver Broncos,,,polymarket,669,—,—,,Loss,,miss,,,,—,,
2026-10-04T23:00:39.811782+00:00,nfl,2026,4,401872975,4018729751,1,15:00,GAME,3,1,DEN 26,74,0,San Francisco 49ers,Denver Broncos,0,0,89.5,10.5,136.0,137.0,273.0,158.0,52.0,210.0,game,ML,San Francisco 49ers,,,betfair,-787,—,—,,Loss,,miss,,,,—,,
2026-10-04T23:00:39.811782+00:00,nfl,2026,4,401872975,40187297539,1,15:00,"E.Pineiro kicks 65 yards from SF 35 to end zone, Touchback to the DEN 35.",3,1,DEN 26,35,0,San Francisco 49ers,Denver Broncos,0,0,89.5,10.5,136.0,137.0,273.0,158.0,52.0,210.0,game,Spread,Denver Broncos,,5.5,kalshi,143,—,—,,0,,hit,,,,—,,
2026-10-04T23:00:39.811782+00:00,nfl,2026,4,401872975,40187297539,1,15:00,"E.Pineiro kicks 65 yards from SF 35 to end zone, Touchback to the DEN 35.",3,1,DEN 26,35,0,San Francisco 49ers,Denver Broncos,0,0,89.5,10.5,136.0,137.0,273.0,158.0,52.0,210.0,game,Spread,San Francisco 49ers,,-5.5,kalshi,-171,—,—,,0,,miss,,,,—,,
2026-10-04T23:00:39.811782+00:00,nfl,2026,4,401872975,40187297539,1,15:00,"E.Pineiro kicks 65 yards from SF 35 to end zone, Touchback to the DEN 35.",3,1,DEN 26,35,0,San Francisco 49ers,Denver Broncos,0,0,89.5,10.5,136.0,137.0,273.0,158.0,52.0,210.0,game,Total,Over,,28.5,betfair,-130,—,—,,0.0,,miss,,,,—,,
2026-10-04T23:00:39.811782+00:00,nfl,2026,4,401872975,40187297539,1,15:00,"E.Pineiro kicks 65 yards from SF 35 to end zone, Touchback to the DEN 35.",3,1,DEN 26,35,0,San Francisco 49ers,Denver Broncos,0,0,89.5,10.5,136.0,137.0,273.0,158.0,52.0,210.0,game,Total,Under,,28.5,polymarket,117,—,—,,0.0,,hit,,,,—,,
2026-10-04T23:00:39.811782+00:00,nfl,2026,4,401872975,40187297539,1,15:00,"E.Pineiro kicks 65 yards from SF 35 to end zone, Touchback to the DEN 35.",3,1,DEN 26,35,0,San Francisco 49ers,Denver Broncos,0,0,89.5,10.5,136.0,137.0,273.0,158.0,52.0,210.0,game,ML,Denver Broncos,,,polymarket,669,—,—,,Loss,,miss,,,,—,,
2026-10-04T23:00:39.811782+00:00,nfl,2026,4,401872975,40187297539,1,15:00,"E.Pineiro kicks 65 yards from SF 35 to end zone, Touchback to the DEN 35.",3,1,DEN 26,35,0,San Francisco 49ers,Denver Broncos,0,0,89.5,10.5,136.0,137.0,273.0,158.0,52.0,210.0,game,ML,San Francisco 49ers,,,betfair,-787,—,—,,Loss,,miss,,,,—,,
2026-10-04T23:00:39.811782+00:00,nfl,2026,4,401872975,40187297556,1,15:00,(Shotgun) B.Nix pass short left to J.Waddle to DEN 37 for 2 yards (R.Green).,1,10,DEN 35,65,0,San Francisco 49ers,Denver Broncos,0,0,89.5,10.5,136.0,137.0,273.0,158.0,52.0,210.0,game,Spread,Denver Broncos,,5.5,kalshi,143,—,—,,0,,hit,,,,—,,
2026-10-04T23:00:39.811782+00:00,nfl,2026,4,401872975,40187297556,1,15:00,(Shotgun) B.Nix pass short left to J.Waddle to DEN 37 for 2 yards (R.Green).,1,10,DEN 35,65,0,San Francisco 49ers,Denver Broncos,0,0,89.5,10.5,136.0,137.0,273.0,158.0,52.0,210.0,game,Spread,San Francisco 49ers,,-5.5,kalshi,-171,—,—,,0,,miss,,,,—,,
2026-10-04T23:00:39.811782+00:00,nfl,2026,4,401872975,40187297556,1,15:00,(Shotgun) B.Nix pass short left to J.Waddle to DEN 37 for 2 yards (R.Green).,1,10,DEN 35,65,0,San Francisco 49ers,Denver Broncos,0,0,89.5,10.5,136.0,137.0,273.0,158.0,52.0,210.0,game,Total,Over,,28.5,betfair,-130,—,—,,0.0,,miss,,,,—,,
2026-10-04T23:00:39.811782+00:00,nfl,2026,4,401872975,40187297556,1,15:00,(Shotgun) B.Nix pass short left to J.Waddle to DEN 37 for 2 yards (R.Green).,1,10,DEN 35,65,0,San Francisco 49ers,Denver Broncos,0,0,89.5,10.5,136.0,137.0,273.0,158.0,52.0,210.0,game,Total,Under,,28.5,polymarket,117,—,—,,0.0,,hit,,,,—,,
2026-10-04T23:00:39.811782+00:00,nfl,2026,4,401872975,40187297556,1,15:00,(Shotgun) B.Nix pass short left to J.Waddle to DEN 37 for 2 yards (R.Green).,1,10,DEN 35,65,0,San Francisco 49ers,Denver Broncos,0,0,89.5,10.5,136.0,137.0,273.0,158.0,52.0,210.0,game,ML,Denver Broncos,,,polymarket,669,—,—,,Loss,,miss,,,,—,,
2026-10-04T23:00:39.811782+00:00,nfl,2026,4,401872975,40187297556,1,15:00,(Shotgun) B.Nix pass short left to J.Waddle to DEN 37 for 2 yards (R.Green).,1,10,DEN 35,65,0,San Francisco 49ers,Denver Broncos,0,0,89.5,10.5,136.0,137.0,273.0,158.0,52.0,210.0,game,ML,San Francisco 49ers,,,betfair,-787,—,—,,Loss,,miss,,,,—,,
2026-10-04T23:00:39.811782+00:00,nfl,2026,4,401872975,40187297581,1,14:28,B.Nix pass incomplete short right.,2,8,DEN 37,63,0,San Francisco 49ers,Denver Broncos,0,0,89.5,10.5,136.0,137.0,273.0,158.0,52.0,210.0,game,Spread,Denver Broncos,,5.5,kalshi,143,—,—,,0,,hit,,,,—,,
2026-10-04T23:00:39.811782+00:00,nfl,2026,4,401872975,40187297581,1,14:28,B.Nix pass incomplete short right.,2,8,DEN 37,63,0,San Francisco 49ers,Denver Broncos,0,0,89.5,10.5,136.0,137.0,273.0,158.0,52.0,210.0,game,Spread,San Francisco 49ers,,-5.5,kalshi,-171,—,—,,0,,miss,,,,—,,
2026-10-04T23:00:39.811782+00:00,nfl,2026,4,401872975,40187297581,1,14:28,B.Nix pass incomplete short right.,2,8,DEN 37,63,0,San Francisco 49ers,Denver Broncos,0,0,89.5,10.5,136.0,137.0,273.0,158.0,52.0,210.0,game,Total,Over,,28.5,betfair,-130,—,—,,0.0,,miss,,,,—,,
2026-10-04T23:00:39.811782+00:00,nfl,2026,4,401872975,40187297581,1,14:28,B.Nix pass incomplete short right.,2,8,DEN 37,63,0,San Francisco 49ers,Denver Broncos,0,0,89.5,10.5,136.0,137.0,273.0,158.0,52.0,210.0,game,Total,Under,,28.5,polymarket,117,—,—,,0.0,,hit,,,,—,,
2026-10-04T23:00:39.811782+00:00,nfl,2026,4,401872975,40187297581,1,14:28,B.Nix pass incomplete short right.,2,8,DEN 37,63,0,San Francisco 49ers,Denver Broncos,0,0,89.5,10.5,136.0,137.0,273.0,158.0,52.0,210.0,game,ML,Denver Broncos,,,polymarket,669,—,—,,Loss,,miss,,,,—,,
2026-10-04T23:00:39.811782+00:00,nfl,2026,4,401872975,40187297581,1,14:28,B.Nix pass incomplete short right.,2,8,DEN 37,63,0,San Francisco 49ers,Denver Broncos,0,0,89.5,10.5,136.0,137.0,273.0,158.0,52.0,210.0,game,ML,San Francisco 49ers,,,betfair,-787,—,—,,Loss,,miss,,,,—,,
2026-10-04T23:00:39.811782+00:00,nfl,2026,4,401872975,40187297593,1,14:21,Timeout #1 by SF at 14:21.,3,8,DEN 37,63,0,San Francisco 49ers,Denver Broncos,0,0,89.5,10.5,136.0,137.0,273.0,158.0,52.0,210.0,game,Spread,Denver Broncos,,5.5,kalshi,143,—,—,,0,,hit,,,,—,,
2026-10-04T23:00:39.811782+00:00,nfl,2026,4,401872975,40187297593,1,14:21,Timeout #1 by SF at 14:21.,3,8,DEN 37,63,0,San Francisco 49ers,Denver Broncos,0,0,89.5,10.5,136.0,137.0,273.0,158.0,52.0,210.0,game,Spread,San Francisco 49ers,,-5.5,kalshi,-171,—,—,,0,,miss,,,,—,,
2026-10-04T23:00:39.811782+00:00,nfl,2026,4,401872975,40187297593,1,14:21,Timeout #1 by SF at 14:21.,3,8,DEN 37,63,0,San Francisco 49ers,Denver Broncos,0,0,89.5,10.5,136.0,137.0,273.0,158.0,52.0,210.0,game,Total,Over,,28.5,betfair,-130,—,—,,0.0,,miss,,,,—,,
2026-10-04T23:00:39.811782+00:00,nfl,2026,4,401872975,40187297593,1,14:21,Timeout #1 by SF at 14:21.,3,8,DEN 37,63,0,San Francisco 49ers,Denver Broncos,0,0,89.5,10.5,136.0,137.0,273.0,158.0,52.0,210.0,game,Total,Under,,28.5,polymarket,117,—,—,,0.0,,hit,,,,—,,
2026-10-04T23:00:39.811782+00:00,nfl,2026,4,401872975,40187297593,1,14:21,Timeout #1 by SF at 14:21.,3,8,DEN 37,63,0,San Francisco 49ers,Denver Broncos,0,0,89.5,10.5,136.0,137.0,273.0,158.0,52.0,210.0,game,ML,Denver Broncos,,,polymarket,669,—,—,,Loss,,miss,,,,—,,
2026-10-04T23:00:39.811782+00:00,nfl,2026,4,401872975,40187297593,1,14:21,Timeout #1 by SF at 14:21.,3,8,DEN 37,63,0,San Francisco 49ers,Denver Broncos,0,0,89.5,10.5,136.0,137.0,273.0,158.0,52.0,210.0,game,ML,San Francisco 49ers,,,betfair,-787,—,—,,Loss,,miss,,,,—,,
2026-10-04T23:00:39.811782+00:00,nfl,2026,4,401872975,401872975104,1,14:21,(Shotgun) B.Nix pass incomplete deep right to C.Sutton.,3,8,DEN 37,63,0,San Francisco 49ers,Denver Broncos,0,0,89.5,10.5,136.0,137.0,273.0,158.0,52.0,210.0,game,Spread,Denver Broncos,,5.5,kalshi,143,—,—,,0,,hit,,,,—,,
2026-10-04T23:00:39.811782+00:00,nfl,2026,4,401872975,401872975104,1,14:21,(Shotgun) B.Nix pass incomplete deep right to C.Sutton.,3,8,DEN 37,63,0,San Francisco 49ers,Denver Broncos,0,0,89.5,10.5,136.0,137.0,273.0,158.0,52.0,210.0,game,Spread,San Francisco 49ers,,-5.5,kalshi,-171,—,—,,0,,miss,,,,—,,
2026-10-04T23:00:39.811782+00:00,nfl,2026,4,401872975,401872975104,1,14:21,(Shotgun) B.Nix pass incomplete deep right to C.Sutton.,3,8,DEN 37,63,0,San Francisco 49ers,Denver Broncos,0,0,89.5,10.5,136.0,137.0,273.0,158.0,52.0,210.0,game,Total,Over,,28.5,betfair,-130,—,—,,0.0,,miss,,,,—,,
2026-10-04T23:00:39.811782+00:00,nfl,2026,4,401872975,401872975104,1,14:21,(Shotgun) B.Nix pass incomplete deep right to C.Sutton.,3,8,DEN 37,63,0,San Francisco 49ers,Denver Broncos,0,0,89.5,10.5,136.0,137.0,273.0,158.0,52.0,210.0,game,Total,Under,,28.5,polymarket,117,—,—,,0.0,,hit,,,,—,,
2026-10-04T23:00:39.811782+00:00,nfl,2026,4,401872975,401872975104,1,14:21,(Shotgun) B.Nix pass incomplete deep right to C.Sutton.,3,8,DEN 37,63,0,San Francisco 49ers,Denver Broncos,0,0,89.5,10.5,136.0,137.0,273.0,158.0,52.0,210.0,game,ML,Denver Broncos,,,polymarket,669,—,—,,Loss,,miss,,,,—,,
2026-10-04T23:00:39.811782+00:00,nfl,2026,4,401872975,401872975104,1,14:21,(Shotgun) B.Nix pass incomplete deep right to C.Sutton.,3,8,DEN 37,63,0,San Francisco 49ers,Denver Broncos,0,0,89.5,10.5,136.0,137.0,273.0,158.0,52.0,210.0,game,ML,San Francisco 49ers,,,betfair,-787,—,—,,Loss,,miss,,,,—,,
2026-10-04T23:00:39.811782+00:00,nfl,2026,4,401872975,401872975134,1,14:17,"J.Crawshaw punts 57 yards to SF 6, Center-M.Fraboni, out of bounds.",4,8,DEN 37,63,0,San Francisco 49ers,Denver Broncos,0,0,89.5,10.5,136.0,137.0,273.0,158.0,52.0,210.0,game,Spread,Denver Broncos,,5.5,kalshi,143,—,—,,0,,hit,,,,—,,
2026-10-04T23:00:39.811782+00:00,nfl,2026,4,401872975,401872975134,1,14:17,"J.Crawshaw punts 57 yards to SF 6, Center-M.Fraboni, out of bounds.",4,8,DEN 37,63,0,San Francisco 49ers,Denver Broncos,0,0,89.5,10.5,136.0,137.0,273.0,158.0,52.0,210.0,game,Spread,San Francisco 49ers,,-5.5,kalshi,-171,—,—,,0,,miss,,,,—,,
2026-10-04T23:00:39.811782+00:00,nfl,2026,4,401872975,401872975134,1,14:17,"J.Crawshaw punts 57 yards to SF 6, Center-M.Fraboni, out of bounds.",4,8,DEN 37,63,0,San Francisco 49ers,Denver Broncos,0,0,89.5,10.5,136.0,137.0,273.0,158.0,52.0,210.0,game,Total,Over,,28.5,betfair,-130,—,—,,0.0,,miss,,,,—,,
2026-10-04T23:00:39.811782+00:00,nfl,2026,4,401872975,401872975134,1,14:17,"J.Crawshaw punts 57 yards to SF 6, Center-M.Fraboni, out of bounds.",4,8,DEN 37,63,0,San Francisco 49ers,Denver Broncos,0,0,89.5,10.5,136.0,137.0,273.0,158.0,52.0,210.0,game,Total,Under,,28.5,polymarket,117,—,—,,0.0,,hit,,,,—,,
2026-10-04T23:00:39.811782+00:00,nfl,2026,4,401872975,401872975134,1,14:17,"J.Crawshaw punts 57 yards to SF 6, Center-M.Fraboni, out of bounds.",4,8,DEN 37,63,0,San Francisco 49ers,Denver Broncos,0,0,89.5,10.5,136.0,137.0,273.0,158.0,52.0,210.0,game,ML,Denver Broncos,,,polymarket,669,—,—,,Loss,,miss,,,,—,,
2026-10-04T23:00:39.811782+00:00,nfl,2026,4,401872975,401872975134,1,14:17,"J.Crawshaw punts 57 yards to SF 6, Center-M.Fraboni, out of bounds.",4,8,DEN 37,63,0,San Francisco 49ers,Denver Broncos,0,0,89.5,10.5,136.0,137.0,273.0,158.0,52.0,210.0,game,ML,San Francisco 49ers,,,betfair,-787,—,—,,Loss,,miss,,,,—,,
2026-10-04T23:00:39.811782+00:00,nfl,2026,4,401872975,401872975153,1,14:09,C.McCaffrey up the middle to SF 9 for 3 yards (D.Jones).,1,10,SF 6,6,0,San Francisco 49ers,Denver Broncos,0,0,89.5,10.5,136.0,137.0,273.0,158.0,52.0,210.0,game,Spread,Denver Broncos,,5.5,kalshi,143,—,—,,0,,hit,,,,—,,
2026-10-04T23:00:39.811782+00:00,nfl,2026,4,401872975,401872975153,1,14:09,C.McCaffrey up the middle to SF 9 for 3 yards (D.Jones).,1,10,SF 6,6,0,San Francisco 49ers,Denver Broncos,0,0,89.5,10.5,136.0,137.0,273.0,158.0,52.0,210.0,game,Spread,San Francisco 49ers,,-5.5,kalshi,-171,—,—,,0,,miss,,,,—,,
2026-10-04T23:00:39.811782+00:00,nfl,2026,4,401872975,401872975153,1,14:09,C.McCaffrey up the middle to SF 9 for 3 yards (D.Jones).,1,10,SF 6,6,0,San Francisco 49ers,Denver Broncos,0,0,89.5,10.5,136.0,137.0,273.0,158.0,52.0,210.0,game,Total,Over,,28.5,betfair,-130,—,—,,0.0,,miss,,,,—,,
2026-10-04T23:00:39.811782+00:00,nfl,2026,4,401872975,401872975153,1,14:09,C.McCaffrey up the middle to SF 9 for 3 yards (D.Jones).,1,10,SF 6,6,0,San Francisco 49ers,Denver Broncos,0,0,89.5,10.5,136.0,137.0,273.0,158.0,52.0,210.0,game,Total,Under,,28.5,polymarket,117,—,—,,0.0,,hit,,,,—,,
2026-10-04T23:00:39.811782+00:00,nfl,2026,4,401872975,401872975153,1,14:09,C.McCaffrey up the middle to SF 9 for 3 yards (D.Jones).,1,10,SF 6,6,0,San Francisco 49ers,Denver Broncos,0,0,89.5,10.5,136.0,137.0,273.0,158.0,52.0,210.0,game,ML,Denver Broncos,,,polymarket,669,—,—,,Loss,,miss,,,,—,,
2026-10-04T23:00:39.811782+00:00,nfl,2026,4,401872975,401872975153,1,14:09,C.McCaffrey up the middle to SF 9 for 3 yards (D.Jones).,1,10,SF 6,6,0,San Francisco 49ers,Denver Broncos,0,0,89.5,10.5,136.0,137.0,273.0,158.0,52.0,210.0,game,ML,San Francisco 49ers,,,betfair,-787,—,—,,Loss,,miss,,,,—,,
2026-10-04T23:00:39.811782+00:00,nfl,2026,4,401872975,401872975175,1,13:33,C.McCaffrey left end to SF 21 for 12 yards (B.Jones; J.Elliss).,2,7,SF 9,9,0,San Francisco 49ers,Denver Broncos,0,0,89.5,10.5,136.0,137.0,273.0,158.0,52.0,210.0,game,Spread,Denver Broncos,,5.5,kalshi,143,—,—,,0,,hit,,,,—,,
2026-10-04T23:00:39.811782+00:00,nfl,2026,4,401872975,401872975175,1,13:33,C.McCaffrey left end to SF 21 for 12 yards (B.Jones; J.Elliss).,2,7,SF 9,9,0,San Francisco 49ers,Denver Broncos,0,0,89.5,10.5,136.0,137.0,273.0,158.0,52.0,210.0,game,Spread,San Francisco 49ers,,-5.5,kalshi,-171,—,—,,0,,miss,,,,—,,
2026-10-04T23:00:39.811782+00:00,nfl,2026,4,401872975,401872975175,1,13:33,C.McCaffrey left end to SF 21 for 12 yards (B.Jones; J.Elliss).,2,7,SF 9,9,0,San Francisco 49ers,Denver Broncos,0,0,89.5,10.5,136.0,137.0,273.0,158.0,52.0,210.0,game,Total,Over,,28.5,betfair,-130,—,—,,0.0,,miss,,,,—,,
2026-10-04T23:00:39.811782+00:00,nfl,2026,4,401872975,401872975175,1,13:33,C.McCaffrey left end to SF 21 for 12 yards (B.Jones; J.Elliss).,2,7,SF 9,9,0,San Francisco 49ers,Denver Broncos,0,0,89.5,10.5,136.0,137.0,273.0,158.0,52.0,210.0,game,Total,Under,,28.5,polymarket,117,—,—,,0.0,,hit,,,,—,,
2026-10-04T23:00:39.811782+00:00,nfl,2026,4,401872975,401872975175,1,13:33,C.McCaffrey left end to SF 21 for 12 yards (B.Jones; J.Elliss).,2,7,SF 9,9,0,San Francisco 49ers,Denver Broncos,0,0,89.5,10.5,136.0,137.0,273.0,158.0,52.0,210.0,game,ML,Denver Broncos,,,polymarket,669,—,—,,Loss,,miss,,,,—,,
2026-10-04T23:00:39.811782+00:00,nfl,2026,4,401872975,401872975175,1,13:33,C.McCaffrey left end to SF 21 for 12 yards (B.Jones; J.Elliss).,2,7,SF 9,9,0,San Francisco 49ers,Denver Broncos,0,0,89.5,10.5,136.0,137.0,273.0,158.0,52.0,210.0,game,ML,San Francisco 49ers,,,betfair,-787,—,—,,Loss,,miss,,,,—,,
2026-10-04T23:00:39.811782+00:00,nfl,2026,4,401872975,401872975197,1,12:54,(Shotgun) B.Purdy pass short left to D.Samuel to SF 28 for 7 yards (A.Singleton; J.Strnad).,1,10,SF 21,21,0,San Francisco 49ers,Denver Broncos,0,0,89.5,10.5,136.0,137.0,273.0,158.0,52.0,210.0,game,Spread,Denver Broncos,,5.5,kalshi,143,—,—,,0,,hit,,,,—,,
2026-10-04T23:00:39.811782+00:00,nfl,2026,4,401872975,401872975197,1,12:54,(Shotgun) B.Purdy pass short left to D.Samuel to SF 28 for 7 yards (A.Singleton; J.Strnad).,1,10,SF 21,21,0,San Francisco 49ers,Denver Broncos,0,0,89.5,10.5,136.0,137.0,273.0,158.0,52.0,210.0,game,Spread,San Francisco 49ers,,-5.5,kalshi,-171,—,—,,0,,miss,,,,—,,
2026-10-04T23:00:39.811782+00:00,nfl,2026,4,401872975,401872975197,1,12:54,(Shotgun) B.Purdy pass short left to D.Samuel to SF 28 for 7 yards (A.Singleton; J.Strnad).,1,10,SF 21,21,0,San Francisco 49ers,Denver Broncos,0,0,89.5,10.5,136.0,137.0,273.0,158.0,52.0,210.0,game,Total,Over,,28.5,betfair,-130,—,—,,0.0,,miss,,,,—,,
2026-10-04T23:00:39.811782+00:00,nfl,2026,4,401872975,401872975197,1,12:54,(Shotgun) B.Purdy pass short left to D.Samuel to SF 28 for 7 yards (A.Singleton; J.Strnad).,1,10,SF 21,21,0,San Francisco 49ers,Denver Broncos,0,0,89.5,10.5,136.0,137.0,273.0,158.0,52.0,210.0,game,Total,Under,,28.5,polymarket,117,—,—,,0.0,,hit,,,,—,,
2026-10-04T23:00:39.811782+00:00,nfl,2026,4,401872975,401872975197,1,12:54,(Shotgun) B.Purdy pass short left to D.Samuel to SF 28 for 7 yards (A.Singleton; J.Strnad).,1,10,SF 21,21,0,San Francisco 49ers,Denver Broncos,0,0,89.5,10.5,136.0,137.0,273.0,158.0,52.0,210.0,game,ML,Denver Broncos,,,polymarket,669,—,—,,Loss,,miss,,,,—,,
2026-10-04T23:00:39.811782+00:00,nfl,2026,4,401872975,401872975197,1,12:54,(Shotgun) B.Purdy pass short left to D.Samuel to SF 28 for 7 yards (A.Singleton; J.Strnad).,1,10,SF 21,21,0,San Francisco 49ers,Denver Broncos,0,0,89.5,10.5,136.0,137.0,273.0,158.0,52.0,210.0,game,ML,San Francisco 49ers,,,betfair,-787,—,—,,Loss,,miss,,,,—,,
2026-10-04T23:00:39.811782+00:00,nfl,2026,4,401872975,401872975243,1,12:17,Official Timeout at 12:17.,3,1,SF 30,30,0,San Francisco 49ers,Denver Broncos,0,0,89.5,10.5,136.0,137.0,273.0,158.0,52.0,210.0,game,Spread,Denver Broncos,,5.5,kalshi,143,—,—,,0,,hit,,,,—,,
2026-10-04T23:00:39.811782+00:00,nfl,2026,4,401872975,401872975243,1,12:17,Official Timeout at 12:17.,3,1,SF 30,30,0,San Francisco 49ers,Denver Broncos,0,0,89.5,10.5,136.0,137.0,273.0,158.0,52.0,210.0,game,Spread,San Francisco 49ers,,-5.5,kalshi,-171,—,—,,0,,miss,,,,—,,
2026-10-04T23:00:39.811782+00:00,nfl,2026,4,401872975,401872975243,1,12:17,Official Timeout at 12:17.,3,1,SF 30,30,0,San Francisco 49ers,Denver Broncos,0,0,89.5,10.5,136.0,137.0,273.0,158.0,52.0,210.0,game,Total,Over,,28.5,betfair,-130,—,—,,0.0,,miss,,,,—,,
2026-10-04T23:00:39.811782+00:00,nfl,2026,4,401872975,401872975243,1,12:17,Official Timeout at 12:17.,3,1,SF 30,30,0,San Francisco 49ers,Denver Broncos,0,0,89.5,10.5,136.0,137.0,273.0,158.0,52.0,210.0,game,Total,Under,,28.5,polymarket,117,—,—,,0.0,,hit,,,,—,,
2026-10-04T23:00:39.811782+00:00,nfl,2026,4,401872975,401872975243,1,12:17,Official Timeout at 12:17.,3,1,SF 30,30,0,San Francisco 49ers,Denver Broncos,0,0,89.5,10.5,136.0,137.0,273.0,158.0,52.0,210.0,game,ML,Denver Broncos,,,polymarket,669,—,—,,Loss,,miss,,,,—,,
2026-10-04T23:00:39.811782+00:00,nfl,2026,4,401872975,401872975243,1,12:17,Official Timeout at 12:17.,3,1,SF 30,30,0,San Francisco 49ers,Denver Broncos,0,0,89.5,10.5,136.0,137.0,273.0,158.0,52.0,210.0,game,ML,San Francisco 49ers,,,betfair,-787,—,—,,Loss,,miss,,,,—,,
2026-10-04T23:00:39.811782+00:00,nfl,2026,4,401872975,401872975222,1,12:17,J.Cowing right end to SF 30 for 2 yards (B.Jones).,2,3,SF 28,28,0,San Francisco 49ers,Denver Broncos,0,0,89.5,10.5,136.0,137.0,273.0,158.0,52.0,210.0,game,Spread,Denver Broncos,,5.5,kalshi,143,—,—,,0,,hit,,,,—,,
2026-10-04T23:00:39.811782+00:00,nfl,2026,4,401872975,401872975222,1,12:17,J.Cowing right end to SF 30 for 2 yards (B.Jones).,2,3,SF 28,28,0,San Francisco 49ers,Denver Broncos,0,0,89.5,10.5,136.0,137.0,273.0,158.0,52.0,210.0,game,Spread,San Francisco 49ers,,-5.5,kalshi,-171,—,—,,0,,miss,,,,—,,
2026-10-04T23:00:39.811782+00:00,nfl,2026,4,401872975,401872975222,1,12:17,J.Cowing right end to SF 30 for 2 yards (B.Jones).,2,3,SF 28,28,0,San Francisco 49ers,Denver Broncos,0,0,89.5,10.5,136.0,137.0,273.0,158.0,52.0,210.0,game,Total,Over,,28.5,betfair,-130,—,—,,0.0,,miss,,,,—,,
2026-10-04T23:00:39.811782+00:00,nfl,2026,4,401872975,401872975222,1,12:17,J.Cowing right end to SF 30 for 2 yards (B.Jones).,2,3,SF 28,28,0,San Francisco 49ers,Denver Broncos,0,0,89.5,10.5,136.0,137.0,273.0,158.0,52.0,210.0,game,Total,Under,,28.5,polymarket,117,—,—,,0.0,,hit,,,,—,,
2026-10-04T23:00:39.811782+00:00,nfl,2026,4,401872975,401872975222,1,12:17,J.Cowing right end to SF 30 for 2 yards (B.Jones).,2,3,SF 28,28,0,San Francisco 49ers,Denver Broncos,0,0,89.5,10.5,136.0,137.0,273.0,158.0,52.0,210.0,game,ML,Denver Broncos,,,polymarket,669,—,—,,Loss,,miss,,,,—,,
2026-10-04T23:00:39.811782+00:00,nfl,2026,4,401872975,401872975222,1,12:17,J.Cowing right end to SF 30 for 2 yards (B.Jones).,2,3,SF 28,28,0,San Francisco 49ers,Denver Broncos,0,0,89.5,10.5,136.0,137.0,273.0,158.0,52.0,210.0,game,ML,San Francisco 49ers,,,betfair,-787,—,—,,Loss,,miss,,,,—,,
2026-10-04T23:00:39.811782+00:00,nfl,2026,4,401872975,401872975264,1,11:39,B.Purdy up the middle to SF 32 for 2 yards (J.Strnad).,3,1,SF 30,30,0,San Francisco 49ers,Denver Broncos,0,0,89.5,10.5,136.0,137.0,273.0,158.0,52.0,210.0,game,Spread,Denver Broncos,,5.5,kalshi,143,—,—,,0,,hit,,,,—,,
2026-10-04T23:00:39.811782+00:00,nfl,2026,4,401872975,401872975264,1,11:39,B.Purdy up the middle to SF 32 for 2 yards (J.Strnad).,3,1,SF 30,30,0,San Francisco 49ers,Denver Broncos,0,0,89.5,10.5,136.0,137.0,273.0,158.0,52.0,210.0,game,Spread,San Francisco 49ers,,-5.5,kalshi,-171,—,—,,0,,miss,,,,—,,
2026-10-04T23:00:39.811782+00:00,nfl,2026,4,401872975,401872975264,1,11:39,B.Purdy up the middle to SF 32 for 2 yards (J.Strnad).,3,1,SF 30,30,0,San Francisco 49ers,Denver Broncos,0,0,89.5,10.5,136.0,137.0,273.0,158.0,52.0,210.0,game,Total,Over,,28.5,betfair,-130,—,—,,0.0,,miss,,,,—,,
2026-10-04T23:00:39.811782+00:00,nfl,2026,4,401872975,401872975264,1,11:39,B.Purdy up the middle to SF 32 for 2 yards (J.Strnad).,3,1,SF 30,30,0,San Francisco 49ers,Denver Broncos,0,0,89.5,10.5,136.0,137.0,273.0,158.0,52.0,210.0,game,Total,Under,,28.5,polymarket,117,—,—,,0.0,,hit,,,,—,,
2026-10-04T23:00:39.811782+00:00,nfl,2026,4,401872975,401872975264,1,11:39,B.Purdy up the middle to SF 32 for 2 yards (J.Strnad).,3,1,SF 30,30,0,San Francisco 49ers,Denver Broncos,0,0,89.5,10.5,136.0,137.0,273.0,158.0,52.0,210.0,game,ML,Denver Broncos,,,polymarket,669,—,—,,Loss,,miss,,,,—,,
2026-10-04T23:00:39.811782+00:00,nfl,2026,4,401872975,401872975264,1,11:39,B.Purdy up the middle to SF 32 for 2 yards (J.Strnad).,3,1,SF 30,30,0,San Francisco 49ers,Denver Broncos,0,0,89.5,10.5,136.0,137.0,273.0,158.0,52.0,210.0,game,ML,San Francisco 49ers,,,betfair,-787,—,—,,Loss,,miss,,,,—,,
2026-10-04T23:00:39.811782+00:00,nfl,2026,4,401872975,401872975286,1,11:04,(Shotgun) K.Black right guard to SF 33 for 1 yard (E.Uwazurike).,1,10,SF 32,32,0,San Francisco 49ers,Denver Broncos,0,0,89.5,10.5,136.0,137.0,273.0,158.0,52.0,210.0,game,Spread,Denver Broncos,,5.5,kalshi,143,—,—,,0,,hit,,,,—,,
2026-10-04T23:00:39.811782+00:00,nfl,2026,4,401872975,401872975286,1,11:04,(Shotgun) K.Black right guard to SF 33 for 1 yard (E.Uwazurike).,1,10,SF 32,32,0,San Francisco 49ers,Denver Broncos,0,0,89.5,10.5,136.0,137.0,273.0,158.0,52.0,210.0,game,Spread,San Francisco 49ers,,-5.5,kalshi,-171,—,—,,0,,miss,,,,—,,
2026-10-04T23:00:39.811782+00:00,nfl,2026,4,401872975,401872975286,1,11:04,(Shotgun) K.Black right guard to SF 33 for 1 yard (E.Uwazurike).,1,10,SF 32,32,0,San Francisco 49ers,Denver Broncos,0,0,89.5,10.5,136.0,137.0,273.0,158.0,52.0,210.0,game,Total,Over,,28.5,betfair,-130,—,—,,0.0,,miss,,,,—,,
2026-10-04T23:00:39.811782+00:00,nfl,2026,4,401872975,401872975286,1,11:04,(Shotgun) K.Black right guard to SF 33 for 1 yard (E.Uwazurike).,1,10,SF 32,32,0,San Francisco 49ers,Denver Broncos,0,0,89.5,10.5,136.0,137.0,273.0,158.0,52.0,210.0,game,Total,Under,,28.5,polymarket,117,—,—,,0.0,,hit,,,,—,,
2026-10-04T23:00:39.811782+00:00,nfl,2026,4,401872975,401872975286,1,11:04,(Shotgun) K.Black right guard to SF 33 for 1 yard (E.Uwazurike).,1,10,SF 32,32,0,San Francisco 49ers,Denver Broncos,0,0,89.5,10.5,136.0,137.0,273.0,158.0,52.0,210.0,game,ML,Denver Broncos,,,polymarket,669,—,—,,Loss,,miss,,,,—,,
2026-10-04T23:00:39.811782+00:00,nfl,2026,4,401872975,401872975286,1,11:04,(Shotgun) K.Black right guard to SF 33 for 1 yard (E.Uwazurike).,1,10,SF 32,32,0,San Francisco 49ers,Denver Broncos,0,0,89.5,10.5,136.0,137.0,273.0,158.0,52.0,210.0,game,ML,San Francisco 49ers,,,betfair,-787,—,—,,Loss,,miss,,,,—,,
2026-10-04T23:00:39.811782+00:00,nfl,2026,4,401872975,401872975308,1,10:23,B.Purdy pass short left to G.Kittle to SF 36 for 3 yards (P.Surtain).,2,9,SF 33,33,0,San Francisco 49ers,Denver Broncos,0,0,89.5,10.5,136.0,137.0,273.0,158.0,52.0,210.0,game,Spread,Denver Broncos,,5.5,kalshi,143,—,—,,0,,hit,,,,—,,
2026-10-04T23:00:39.811782+00:00,nfl,2026,4,401872975,401872975308,1,10:23,B.Purdy pass short left to G.Kittle to SF 36 for 3 yards (P.Surtain).,2,9,SF 33,33,0,San Francisco 49ers,Denver Broncos,0,0,89.5,10.5,136.0,137.0,273.0,158.0,52.0,210.0,game,Spread,San Francisco 49ers,,-5.5,kalshi,-171,—,—,,0,,miss,,,,—,,
2026-10-04T23:00:39.811782+00:00,nfl,2026,4,401872975,401872975308,1,10:23,B.Purdy pass short left to G.Kittle to SF 36 for 3 yards (P.Surtain).,2,9,SF 33,33,0,San Francisco 49ers,Denver Broncos,0,0,89.5,10.5,136.0,137.0,273.0,158.0,52.0,210.0,game,Total,Over,,28.5,betfair,-130,—,—,,0.0,,miss,,,,—,,
2026-10-04T23:00:39.811782+00:00,nfl,2026,4,401872975,401872975308,1,10:23,B.Purdy pass short left to G.Kittle to SF 36 for 3 yards (P.Surtain).,2,9,SF 33,33,0,San Francisco 49ers,Denver Broncos,0,0,89.5,10.5,136.0,137.0,273.0,158.0,52.0,210.0,game,Total,Under,,28.5,polymarket,117,—,—,,0.0,,hit,,,,—,,
2026-10-04T23:00:39.811782+00:00,nfl,2026,4,401872975,401872975308,1,10:23,B.Purdy pass short left to G.Kittle to SF 36 for 3 yards (P.Surtain).,2,9,SF 33,33,0,San Francisco 49ers,Denver Broncos,0,0,89.5,10.5,136.0,137.0,273.0,158.0,52.0,210.0,game,ML,Denver Broncos,,,polymarket,669,—,—,,Loss,,miss,,,,—,,
2026-10-04T23:00:39.811782+00:00,nfl,2026,4,401872975,401872975308,1,10:23,B.Purdy pass short left to G.Kittle to SF 36 for 3 yards (P.Surtain).,2,9,SF 33,33,0,San Francisco 49ers,Denver Broncos,0,0,89.5,10.5,136.0,137.0,273.0,158.0,52.0,210.0,game,ML,San Francisco 49ers,,,betfair,-787,—,—,,Loss,,miss,,,,—,,
2026-10-04T23:00:39.811782+00:00,nfl,2026,4,401872975,401872975344,1,9:43,(Shotgun) B.Purdy pass incomplete short left to J.Cowing.,3,6,SF 36,36,0,San Francisco 49ers,Denver Broncos,0,0,89.5,10.5,136.0,137.0,273.0,158.0,52.0,210.0,game,Spread,Denver Broncos,,5.5,kalshi,143,—,—,,0,,hit,,,,—,,
2026-10-04T23:00:39.811782+00:00,nfl,2026,4,401872975,401872975344,1,9:43,(Shotgun) B.Purdy pass incomplete short left to J.Cowing.,3,6,SF 36,36,0,San Francisco 49ers,Denver Broncos,0,0,89.5,10.5,136.0,137.0,273.0,158.0,52.0,210.0,game,Spread,San Francisco 49ers,,-5.5,kalshi,-171,—,—,,0,,miss,,,,—,,
2026-10-04T23:00:39.811782+00:00,nfl,2026,4,401872975,401872975344,1,9:43,(Shotgun) B.Purdy pass incomplete short left to J.Cowing.,3,6,SF 36,36,0,San Francisco 49ers,Denver Broncos,0,0,89.5,10.5,136.0,137.0,273.0,158.0,52.0,210.0,game,Total,Over,,28.5,betfair,-130,—,—,,0.0,,miss,,,,—,,
2026-10-04T23:00:39.811782+00:00,nfl,2026,4,401872975,401872975344,1,9:43,(Shotgun) B.Purdy pass incomplete short left to J.Cowing.,3,6,SF 36,36,0,San Francisco 49ers,Denver Broncos,0,0,89.5,10.5,136.0,137.0,273.0,158.0,52.0,210.0,game,Total,Under,,28.5,polymarket,117,—,—,,0.0,,hit,,,,—,,
2026-10-04T23:00:39.811782+00:00,nfl,2026,4,401872975,401872975344,1,9:43,(Shotgun) B.Purdy pass incomplete short left to J.Cowing.,3,6,SF 36,36,0,San Francisco 49ers,Denver Broncos,0,0,89.5,10.5,136.0,137.0,273.0,158.0,52.0,210.0,game,ML,Denver Broncos,,,polymarket,669,—,—,,Loss,,miss,,,,—,,
2026-10-04T23:00:39.811782+00:00,nfl,2026,4,401872975,401872975344,1,9:43,(Shotgun) B.Purdy pass incomplete short left to J.Cowing.,3,6,SF 36,36,0,San Francisco 49ers,Denver Broncos,0,0,89.5,10.5,136.0,137.0,273.0,158.0,52.0,210.0,game,ML,San Francisco 49ers,,,betfair,-787,—,—,,Loss,,miss,,,,—,,
2026-10-04T23:00:39.811782+00:00,nfl,2026,4,401872975,401872975367,1,9:38,"C.Waitman punts 53 yards to DEN 11, Center-J.Weeks, fair catch by M.Mims.",4,6,SF 36,36,0,San Francisco 49ers,Denver Broncos,0,0,89.5,10.5,136.0,137.0,273.0,158.0,52.0,210.0,game,Spread,Denver Broncos,,5.5,kalshi,143,—,—,,0,,hit,,,,—,,
2026-10-04T23:00:39.811782+00:00,nfl,2026,4,401872975,401872975367,1,9:38,"C.Waitman punts 53 yards to DEN 11, Center-J.Weeks, fair catch by M.Mims.",4,6,SF 36,36,0,San Francisco 49ers,Denver Broncos,0,0,89.5,10.5,136.0,137.0,273.0,158.0,52.0,210.0,game,Spread,San Francisco 49ers,,-5.5,kalshi,-171,—,—,,0,,miss,,,,—,,
2026-10-04T23:00:39.811782+00:00,nfl,2026,4,401872975,401872975367,1,9:38,"C.Waitman punts 53 yards to DEN 11, Center-J.Weeks, fair catch by M.Mims.",4,6,SF 36,36,0,San Francisco 49ers,Denver Broncos,0,0,89.5,10.5,136.0,137.0,273.0,158.0,52.0,210.0,game,Total,Over,,28.5,betfair,-130,—,—,,0.0,,miss,,,,—,,
2026-10-04T23:00:39.811782+00:00,nfl,2026,4,401872975,401872975367,1,9:38,"C.Waitman punts 53 yards to DEN 11, Center-J.Weeks, fair catch by M.Mims.",4,6,SF 36,36,0,San Francisco 49ers,Denver Broncos,0,0,89.5,10.5,136.0,137.0,273.0,158.0,52.0,210.0,game,Total,Under,,28.5,polymarket,117,—,—,,0.0,,hit,,,,—,,
2026-10-04T23:00:39.811782+00:00,nfl,2026,4,401872975,401872975367,1,9:38,"C.Waitman punts 53 yards to DEN 11, Center-J.Weeks, fair catch by M.Mims.",4,6,SF 36,36,0,San Francisco 49ers,Denver Broncos,0,0,89.5,10.5,136.0,137.0,273.0,158.0,52.0,210.0,game,ML,Denver Broncos,,,polymarket,669,—,—,,Loss,,miss,,,,—,,
2026-10-04T23:00:39.811782+00:00,nfl,2026,4,401872975,401872975367,1,9:38,"C.Waitman punts 53 yards to DEN 11, Center-J.Weeks, fair catch by M.Mims.",4,6,SF 36,36,0,San Francisco 49ers,Denver Broncos,0,0,89.5,10.5,136.0,137.0,273.0,158.0,52.0,210.0,game,ML,San Francisco 49ers,,,betfair,-787,—,—,,Loss,,miss,,,,—,,
2026-10-04T23:00:39.811782+00:00,nfl,2026,4,401872975,401872975378,1,9:31,Official Timeout at 09:31.,1,10,DEN 11,89,0,San Francisco 49ers,Denver Broncos,0,0,89.5,10.5,136.0,137.0,273.0,158.0,52.0,210.0,game,Spread,Denver Broncos,,5.5,kalshi,143,—,—,,0,,hit,,,,—,,
2026-10-04T23:00:39.811782+00:00,nfl,2026,4,401872975,401872975378,1,9:31,Official Timeout at 09:31.,1,10,DEN 11,89,0,San Francisco 49ers,Denver Broncos,0,0,89.5,10.5,136.0,137.0,273.0,158.0,52.0,210.0,game,Spread,San Francisco 49ers,,-5.5,kalshi,-171,—,—,,0,,miss,,,,—,,
2026-10-04T23:00:39.811782+00:00,nfl,2026,4,401872975,401872975378,1,9:31,Official Timeout at 09:31.,1,10,DEN 11,89,0,San Francisco 49ers,Denver Broncos,0,0,89.5,10.5,136.0,137.0,273.0,158.0,52.0,210.0,game,Total,Over,,28.5,betfair,-130,—,—,,0.0,,miss,,,,—,,
2026-10-04T23:00:39.811782+00:00,nfl,2026,4,401872975,401872975378,1,9:31,Official Timeout at 09:31.,1,10,DEN 11,89,0,San Francisco 49ers,Denver Broncos,0,0,89.5,10.5,136.0,137.0,273.0,158.0,52.0,210.0,game,Total,Under,,28.5,polymarket,117,—,—,,0.0,,hit,,,,—,,
2026-10-04T23:00:39.811782+00:00,nfl,2026,4,401872975,401872975378,1,9:31,Official Timeout at 09:31.,1,10,DEN 11,89,0,San Francisco 49ers,Denver Broncos,0,0,89.5,10.5,136.0,137.0,273.0,158.0,52.0,210.0,game,ML,Denver Broncos,,,polymarket,669,—,—,,Loss,,miss,,,,—,,
2026-10-04T23:00:39.811782+00:00,nfl,2026,4,401872975,401872975378,1,9:31,Official Timeout at 09:31.,1,10,DEN 11,89,0,San Francisco 49ers,Denver Broncos,0,0,89.5,10.5,136.0,137.0,273.0,158.0,52.0,210.0,game,ML,San Francisco 49ers,,,betfair,-787,—,—,,Loss,,miss,,,,—,,
2026-10-04T23:00:39.811782+00:00,nfl,2026,4,401872975,401872975388,1,9:31,"(Shotgun) R.Harvey up the middle to DEN 16 for 5 yards (G.Halton; M.Sigle).PENALTY on DEN-M.Mims, Illegal Motion, 5 yards, enforced at DEN 11 - No Play.",1,10,DEN 11,89,0,San Francisco 49ers,Denver Broncos,0,0,89.5,10.5,136.0,137.0,273.0,158.0,52.0,210.0,game,Spread,Denver Broncos,,5.5,kalshi,143,—,—,,0,,hit,,,,—,,
2026-10-04T23:00:39.811782+00:00,nfl,2026,4,401872975,401872975388,1,9:31,"(Shotgun) R.Harvey up the middle to DEN 16 for 5 yards (G.Halton; M.Sigle).PENALTY on DEN-M.Mims, Illegal Motion, 5 yards, enforced at DEN 11 - No Play.",1,10,DEN 11,89,0,San Francisco 49ers,Denver Broncos,0,0,89.5,10.5,136.0,137.0,273.0,158.0,52.0,210.0,game,Spread,San Francisco 49ers,,-5.5,kalshi,-171,—,—,,0,,miss,,,,—,,
2026-10-04T23:00:39.811782+00:00,nfl,2026,4,401872975,401872975388,1,9:31,"(Shotgun) R.Harvey up the middle to DEN 16 for 5 yards (G.Halton; M.Sigle).PENALTY on DEN-M.Mims, Illegal Motion, 5 yards, enforced at DEN 11 - No Play.",1,10,DEN 11,89,0,San Francisco 49ers,Denver Broncos,0,0,89.5,10.5,136.0,137.0,273.0,158.0,52.0,210.0,game,Total,Over,,28.5,betfair,-130,—,—,,0.0,,miss,,,,—,,
2026-10-04T23:00:39.811782+00:00,nfl,2026,4,401872975,401872975388,1,9:31,"(Shotgun) R.Harvey up the middle to DEN 16 for 5 yards (G.Halton; M.Sigle).PENALTY on DEN-M.Mims, Illegal Motion, 5 yards, enforced at DEN 11 - No Play.",1,10,DEN 11,89,0,San Francisco 49ers,Denver Broncos,0,0,89.5,10.5,136.0,137.0,273.0,158.0,52.0,210.0,game,Total,Under,,28.5,polymarket,117,—,—,,0.0,,hit,,,,—,,
2026-10-04T23:00:39.811782+00:00,nfl,2026,4,401872975,401872975388,1,9:31,"(Shotgun) R.Harvey up the middle to DEN 16 for 5 yards (G.Halton; M.Sigle).PENALTY on DEN-M.Mims, Illegal Motion, 5 yards, enforced at DEN 11 - No Play.",1,10,DEN 11,89,0,San Francisco 49ers,Denver Broncos,0,0,89.5,10.5,136.0,137.0,273.0,158.0,52.0,210.0,game,ML,Denver Broncos,,,polymarket,669,—,—,,Loss,,miss,,,,—,,
2026-10-04T23:00:39.811782+00:00,nfl,2026,4,401872975,401872975388,1,9:31,"(Shotgun) R.Harvey up the middle to DEN 16 for 5 yards (G.Halton; M.Sigle).PENALTY on DEN-M.Mims, Illegal Motion, 5 yards, enforced at DEN 11 - No Play.",1,10,DEN 11,89,0,San Francisco 49ers,Denver Broncos,0,0,89.5,10.5,136.0,137.0,273.0,158.0,52.0,210.0,game,ML,San Francisco 49ers,,,betfair,-787,—,—,,Loss,,miss,,,,—,,
2026-10-04T23:00:39.811782+00:00,nfl,2026,4,401872975,401872975441,1,9:12,(Shotgun) B.Nix pass short right to R.Harvey to DEN 12 for 6 yards (D.Greenlaw).,1,15,DEN 6,94,0,San Francisco 49ers,Denver Broncos,0,0,89.5,10.5,136.0,137.0,273.0,158.0,52.0,210.0,game,Spread,Denver Broncos,,5.5,kalshi,143,—,—,,0,,hit,,,,—,,
2026-10-04T23:00:39.811782+00:00,nfl,2026,4,401872975,401872975441,1,9:12,(Shotgun) B.Nix pass short right to R.Harvey to DEN 12 for 6 yards (D.Greenlaw).,1,15,DEN 6,94,0,San Francisco 49ers,Denver Broncos,0,0,89.5,10.5,136.0,137.0,273.0,158.0,52.0,210.0,game,Spread,San Francisco 49ers,,-5.5,kalshi,-171,—,—,,0,,miss,,,,—,,
2026-10-04T23:00:39.811782+00:00,nfl,2026,4,401872975,401872975441,1,9:12,(Shotgun) B.Nix pass short right to R.Harvey to DEN 12 for 6 yards (D.Greenlaw).,1,15,DEN 6,94,0,San Francisco 49ers,Denver Broncos,0,0,89.5,10.5,136.0,137.0,273.0,158.0,52.0,210.0,game,Total,Over,,28.5,betfair,-130,—,—,,0.0,,miss,,,,—,,
2026-10-04T23:00:39.811782+00:00,nfl,2026,4,401872975,401872975441,1,9:12,(Shotgun) B.Nix pass short right to R.Harvey to DEN 12 for 6 yards (D.Greenlaw).,1,15,DEN 6,94,0,San Francisco 49ers,Denver Broncos,0,0,89.5,10.5,136.0,137.0,273.0,158.0,52.0,210.0,game,Total,Under,,28.5,polymarket,117,—,—,,0.0,,hit,,,,—,,
2026-10-04T23:00:39.811782+00:00,nfl,2026,4,401872975,401872975441,1,9:12,(Shotgun) B.Nix pass short right to R.Harvey to DEN 12 for 6 yards (D.Greenlaw).,1,15,DEN 6,94,0,San Francisco 49ers,Denver Broncos,0,0,89.5,10.5,136.0,137.0,273.0,158.0,52.0,210.0,game,ML,Denver Broncos,,,polymarket,669,—,—,,Loss,,miss,,,,—,,
2026-10-04T23:00:39.811782+00:00,nfl,2026,4,401872975,401872975441,1,9:12,(Shotgun) B.Nix pass short right to R.Harvey to DEN 12 for 6 yards (D.Greenlaw).,1,15,DEN 6,94,0,San Francisco 49ers,Denver Broncos,0,0,89.5,10.5,136.0,137.0,273.0,158.0,52.0,210.0,game,ML,San Francisco 49ers,,,betfair,-787,—,—,,Loss,,miss,,,,—,,
2026-10-04T23:00:39.811782+00:00,nfl,2026,4,401872975,401872975466,1,8:27,(Shotgun) B.Nix pass short left to P.Bryant to DEN 18 for 6 yards (R.Height).,2,9,DEN 12,88,0,San Francisco 49ers,Denver Broncos,0,0,89.5,10.5,136.0,137.0,273.0,158.0,52.0,210.0,game,Spread,Denver Broncos,,5.5,kalshi,143,—,—,,0,,hit,,,,—,,
2026-10-04T23:00:39.811782+00:00,nfl,2026,4,401872975,401872975466,1,8:27,(Shotgun) B.Nix pass short left to P.Bryant to DEN 18 for 6 yards (R.Height).,2,9,DEN 12,88,0,San Francisco 49ers,Denver Broncos,0,0,89.5,10.5,136.0,137.0,273.0,158.0,52.0,210.0,game,Spread,San Francisco 49ers,,-5.5,kalshi,-171,—,—,,0,,miss,,,,—,,
2026-10-04T23:00:39.811782+00:00,nfl,2026,4,401872975,401872975466,1,8:27,(Shotgun) B.Nix pass short left to P.Bryant to DEN 18 for 6 yards (R.Height).,2,9,DEN 12,88,0,San Francisco 49ers,Denver Broncos,0,0,89.5,10.5,136.0,137.0,273.0,158.0,52.0,210.0,game,Total,Over,,28.5,betfair,-130,—,—,,0.0,,miss,,,,—,,
2026-10-04T23:00:39.811782+00:00,nfl,2026,4,401872975,401872975466,1,8:27,(Shotgun) B.Nix pass short left to P.Bryant to DEN 18 for 6 yards (R.Height).,2,9,DEN 12,88,0,San Francisco 49ers,Denver Broncos,0,0,89.5,10.5,136.0,137.0,273.0,158.0,52.0,210.0,game,Total,Under,,28.5,polymarket,117,—,—,,0.0,,hit,,,,—,,
2026-10-04T23:00:39.811782+00:00,nfl,2026,4,401872975,401872975466,1,8:27,(Shotgun) B.Nix pass short left to P.Bryant to DEN 18 for 6 yards (R.Height).,2,9,DEN 12,88,0,San Francisco 49ers,Denver Broncos,0,0,89.5,10.5,136.0,137.0,273.0,158.0,52.0,210.0,game,ML,Denver Broncos,,,polymarket,669,—,—,,Loss,,miss,,,,—,,
2026-10-04T23:00:39.811782+00:00,nfl,2026,4,401872975,401872975466,1,8:27,(Shotgun) B.Nix pass short left to P.Bryant to DEN 18 for 6 yards (R.Height).,2,9,DEN 12,88,0,San Francisco 49ers,Denver Broncos,0,0,89.5,10.5,136.0,137.0,273.0,158.0,52.0,210.0,game,ML,San Francisco 49ers,,,betfair,-787,—,—,,Loss,,miss,,,,—,,
2026-10-04T23:00:39.811782+00:00,nfl,2026,4,401872975,401872975491,1,7:46,(Shotgun) B.Nix pass short left to T.Badie ran ob at DEN 43 for 25 yards (M.Sigle).,3,3,DEN 18,82,0,San Francisco 49ers,Denver Broncos,0,0,89.5,10.5,136.0,137.0,273.0,158.0,52.0,210.0,game,Spread,Denver Broncos,,5.5,kalshi,143,—,—,,0,,hit,,,,—,,
2026-10-04T23:00:39.811782+00:00,nfl,2026,4,401872975,401872975491,1,7:46,(Shotgun) B.Nix pass short left to T.Badie ran ob at DEN 43 for 25 yards (M.Sigle).,3,3,DEN 18,82,0,San Francisco 49ers,Denver Broncos,0,0,89.5,10.5,136.0,137.0,273.0,158.0,52.0,210.0,game,Spread,San Francisco 49ers,,-5.5,kalshi,-171,—,—,,0,,miss,,,,—,,
2026-10-04T23:00:39.811782+00:00,nfl,2026,4,401872975,401872975491,1,7:46,(Shotgun) B.Nix pass short left to T.Badie ran ob at DEN 43 for 25 yards (M.Sigle).,3,3,DEN 18,82,0,San Francisco 49ers,Denver Broncos,0,0,89.5,10.5,136.0,137.0,273.0,158.0,52.0,210.0,game,Total,Over,,28.5,betfair,-130,—,—,,0.0,,miss,,,,—,,
2026-10-04T23:00:39.811782+00:00,nfl,2026,4,401872975,401872975491,1,7:46,(Shotgun) B.Nix pass short left to T.Badie ran ob at DEN 43 for 25 yards (M.Sigle).,3,3,DEN 18,82,0,San Francisco 49ers,Denver Broncos,0,0,89.5,10.5,136.0,137.0,273.0,158.0,52.0,210.0,game,Total,Under,,28.5,polymarket,117,—,—,,0.0,,hit,,,,—,,
2026-10-04T23:00:39.811782+00:00,nfl,2026,4,401872975,401872975491,1,7:46,(Shotgun) B.Nix pass short left to T.Badie ran ob at DEN 43 for 25 yards (M.Sigle).,3,3,DEN 18,82,0,San Francisco 49ers,Denver Broncos,0,0,89.5,10.5,136.0,137.0,273.0,158.0,52.0,210.0,game,ML,Denver Broncos,,,polymarket,669,—,—,,Loss,,miss,,,,—,,
2026-10-04T23:00:39.811782+00:00,nfl,2026,4,401872975,401872975491,1,7:46,(Shotgun) B.Nix pass short left to T.Badie ran ob at DEN 43 for 25 yards (M.Sigle).,3,3,DEN 18,82,0,San Francisco 49ers,Denver Broncos,0,0,89.5,10.5,136.0,137.0,273.0,158.0,52.0,210.0,game,ML,San Francisco 49ers,,,betfair,-787,—,—,,Loss,,miss,,,,—,,
2026-10-04T23:00:39.811782+00:00,nfl,2026,4,401872975,401872975521,1,7:15,R.Harvey left guard to DEN 49 for 6 yards (J.Brown).,1,10,DEN 43,57,0,San Francisco 49ers,Denver Broncos,0,0,89.5,10.5,136.0,137.0,273.0,158.0,52.0,210.0,game,Spread,Denver Broncos,,5.5,kalshi,143,—,—,,0,,hit,,,,—,,
2026-10-04T23:00:39.811782+00:00,nfl,2026,4,401872975,401872975521,1,7:15,R.Harvey left guard to DEN 49 for 6 yards (J.Brown).,1,10,DEN 43,57,0,San Francisco 49ers,Denver Broncos,0,0,89.5,10.5,136.0,137.0,273.0,158.0,52.0,210.0,game,Spread,San Francisco 49ers,,-5.5,kalshi,-171,—,—,,0,,miss,,,,—,,
2026-10-04T23:00:39.811782+00:00,nfl,2026,4,401872975,401872975521,1,7:15,R.Harvey left guard to DEN 49 for 6 yards (J.Brown).,1,10,DEN 43,57,0,San Francisco 49ers,Denver Broncos,0,0,89.5,10.5,136.0,137.0,273.0,158.0,52.0,210.0,game,Total,Over,,28.5,betfair,-130,—,—,,0.0,,miss,,,,—,,
2026-10-04T23:00:39.811782+00:00,nfl,2026,4,401872975,401872975521,1,7:15,R.Harvey left guard to DEN 49 for 6 yards (J.Brown).,1,10,DEN 43,57,0,San Francisco 49ers,Denver Broncos,0,0,89.5,10.5,136.0,137.0,273.0,158.0,52.0,210.0,game,Total,Under,,28.5,polymarket,117,—,—,,0.0,,hit,,,,—,,
2026-10-04T23:00:39.811782+00:00,nfl,2026,4,401872975,401872975521,1,7:15,R.Harvey left guard to DEN 49 for 6 yards (J.Brown).,1,10,DEN 43,57,0,San Francisco 49ers,Denver Broncos,0,0,89.5,10.5,136.0,137.0,273.0,158.0,52.0,210.0,game,ML,Denver Broncos,,,polymarket,669,—,—,,Loss,,miss,,,,—,,
2026-10-04T23:00:39.811782+00:00,nfl,2026,4,401872975,401872975521,1,7:15,R.Harvey left guard to DEN 49 for 6 yards (J.Brown).,1,10,DEN 43,57,0,San Francisco 49ers,Denver Broncos,0,0,89.5,10.5,136.0,137.0,273.0,158.0,52.0,210.0,game,ML,San Francisco 49ers,,,betfair,-787,—,—,,Loss,,miss,,,,—,,
2026-10-04T23:00:39.811782+00:00,nfl,2026,4,401872975,401872975543,1,6:35,B.Nix pass short left to R.Harvey to SF 49 for 2 yards (J.Brown).,2,4,DEN 49,51,0,San Francisco 49ers,Denver Broncos,0,0,89.5,10.5,136.0,137.0,273.0,158.0,52.0,210.0,game,Spread,Denver Broncos,,5.5,kalshi,143,—,—,,0,,hit,,,,—,,
2026-10-04T23:00:39.811782+00:00,nfl,2026,4,401872975,401872975543,1,6:35,B.Nix pass short left to R.Harvey to SF 49 for 2 yards (J.Brown).,2,4,DEN 49,51,0,San Francisco 49ers,Denver Broncos,0,0,89.5,10.5,136.0,137.0,273.0,158.0,52.0,210.0,game,Spread,San Francisco 49ers,,-5.5,kalshi,-171,—,—,,0,,miss,,,,—,,
2026-10-04T23:00:39.811782+00:00,nfl,2026,4,401872975,401872975543,1,6:35,B.Nix pass short left to R.Harvey to SF 49 for 2 yards (J.Brown).,2,4,DEN 49,51,0,San Francisco 49ers,Denver Broncos,0,0,89.5,10.5,136.0,137.0,273.0,158.0,52.0,210.0,game,Total,Over,,28.5,betfair,-130,—,—,,0.0,,miss,,,,—,,
2026-10-04T23:00:39.811782+00:00,nfl,2026,4,401872975,401872975543,1,6:35,B.Nix pass short left to R.Harvey to SF 49 for 2 yards (J.Brown).,2,4,DEN 49,51,0,San Francisco 49ers,Denver Broncos,0,0,89.5,10.5,136.0,137.0,273.0,158.0,52.0,210.0,game,Total,Under,,28.5,polymarket,117,—,—,,0.0,,hit,,,,—,,
2026-10-04T23:00:39.811782+00:00,nfl,2026,4,401872975,401872975543,1,6:35,B.Nix pass short left to R.Harvey to SF 49 for 2 yards (J.Brown).,2,4,DEN 49,51,0,San Francisco 49ers,Denver Broncos,0,0,89.5,10.5,136.0,137.0,273.0,158.0,52.0,210.0,game,ML,Denver Broncos,,,polymarket,669,—,—,,Loss,,miss,,,,—,,
2026-10-04T23:00:39.811782+00:00,nfl,2026,4,401872975,401872975543,1,6:35,B.Nix pass short left to R.Harvey to SF 49 for 2 yards (J.Brown).,2,4,DEN 49,51,0,San Francisco 49ers,Denver Broncos,0,0,89.5,10.5,136.0,137.0,273.0,158.0,52.0,210.0,game,ML,San Francisco 49ers,,,betfair,-787,—,—,,Loss,,miss,,,,—,,
2026-10-04T23:00:39.811782+00:00,nfl,2026,4,401872975,401872975568,1,5:52,(Shotgun) T.Badie right guard to SF 45 for 4 yards (F.Warner; U.Stout).,3,2,SF 49,49,0,San Francisco 49ers,Denver Broncos,0,0,89.5,10.5,136.0,137.0,273.0,158.0,52.0,210.0,game,Spread,Denver Broncos,,5.5,kalshi,143,—,—,,0,,hit,,,,—,,
2026-10-04T23:00:39.811782+00:00,nfl,2026,4,401872975,401872975568,1,5:52,(Shotgun) T.Badie right guard to SF 45 for 4 yards (F.Warner; U.Stout).,3,2,SF 49,49,0,San Francisco 49ers,Denver Broncos,0,0,89.5,10.5,136.0,137.0,273.0,158.0,52.0,210.0,game,Spread,San Francisco 49ers,,-5.5,kalshi,-171,—,—,,0,,miss,,,,—,,
2026-10-04T23:00:39.811782+00:00,nfl,2026,4,401872975,401872975568,1,5:52,(Shotgun) T.Badie right guard to SF 45 for 4 yards (F.Warner; U.Stout).,3,2,SF 49,49,0,San Francisco 49ers,Denver Broncos,0,0,89.5,10.5,136.0,137.0,273.0,158.0,52.0,210.0,game,Total,Over,,28.5,betfair,-130,—,—,,0.0,,miss,,,,—,,
2026-10-04T23:00:39.811782+00:00,nfl,2026,4,401872975,401872975568,1,5:52,(Shotgun) T.Badie right guard to SF 45 for 4 yards (F.Warner; U.Stout).,3,2,SF 49,49,0,San Francisco 49ers,Denver Broncos,0,0,89.5,10.5,136.0,137.0,273.0,158.0,52.0,210.0,game,Total,Under,,28.5,polymarket,117,—,—,,0.0,,hit,,,,—,,
2026-10-04T23:00:39.811782+00:00,nfl,2026,4,401872975,401872975568,1,5:52,(Shotgun) T.Badie right guard to SF 45 for 4 yards (F.Warner; U.Stout).,3,2,SF 49,49,0,San Francisco 49ers,Denver Broncos,0,0,89.5,10.5,136.0,137.0,273.0,158.0,52.0,210.0,game,ML,Denver Broncos,,,polymarket,669,—,—,,Loss,,miss,,,,—,,
2026-10-04T23:00:39.811782+00:00,nfl,2026,4,401872975,401872975568,1,5:52,(Shotgun) T.Badie right guard to SF 45 for 4 yards (F.Warner; U.Stout).,3,2,SF 49,49,0,San Francisco 49ers,Denver Broncos,0,0,89.5,10.5,136.0,137.0,273.0,158.0,52.0,210.0,game,ML,San Francisco 49ers,,,betfair,-787,—,—,,Loss,,miss,,,,—,,
2026-10-04T23:00:39.811782+00:00,nfl,2026,4,401872975,401872975590,1,5:11,R.Harvey up the middle to SF 43 for 2 yards (N.Jones; F.Warner).,1,10,SF 45,45,0,San Francisco 49ers,Denver Broncos,0,0,89.5,10.5,136.0,137.0,273.0,158.0,52.0,210.0,game,Spread,Denver Broncos,,5.5,kalshi,143,—,—,,0,,hit,,,,—,,
2026-10-04T23:00:39.811782+00:00,nfl,2026,4,401872975,401872975590,1,5:11,R.Harvey up the middle to SF 43 for 2 yards (N.Jones; F.Warner).,1,10,SF 45,45,0,San Francisco 49ers,Denver Broncos,0,0,89.5,10.5,136.0,137.0,273.0,158.0,52.0,210.0,game,Spread,San Francisco 49ers,,-5.5,kalshi,-171,—,—,,0,,miss,,,,—,,
2026-10-04T23:00:39.811782+00:00,nfl,2026,4,401872975,401872975590,1,5:11,R.Harvey up the middle to SF 43 for 2 yards (N.Jones; F.Warner).,1,10,SF 45,45,0,San Francisco 49ers,Denver Broncos,0,0,89.5,10.5,136.0,137.0,273.0,158.0,52.0,210.0,game,Total,Over,,28.5,betfair,-130,—,—,,0.0,,miss,,,,—,,
2026-10-04T23:00:39.811782+00:00,nfl,2026,4,401872975,401872975590,1,5:11,R.Harvey up the middle to SF 43 for 2 yards (N.Jones; F.Warner).,1,10,SF 45,45,0,San Francisco 49ers,Denver Broncos,0,0,89.5,10.5,136.0,137.0,273.0,158.0,52.0,210.0,game,Total,Under,,28.5,polymarket,117,—,—,,0.0,,hit,,,,—,,
2026-10-04T23:00:39.811782+00:00,nfl,2026,4,401872975,401872975590,1,5:11,R.Harvey up the middle to SF 43 for 2 yards (N.Jones; F.Warner).,1,10,SF 45,45,0,San Francisco 49ers,Denver Broncos,0,0,89.5,10.5,136.0,137.0,273.0,158.0,52.0,210.0,game,ML,Denver Broncos,,,polymarket,669,—,—,,Loss,,miss,,,,—,,
2026-10-04T23:00:39.811782+00:00,nfl,2026,4,401872975,401872975590,1,5:11,R.Harvey up the middle to SF 43 for 2 yards (N.Jones; F.Warner).,1,10,SF 45,45,0,San Francisco 49ers,Denver Broncos,0,0,89.5,10.5,136.0,137.0,273.0,158.0,52.0,210.0,game,ML,San Francisco 49ers,,,betfair,-787,—,—,,Loss,,miss,,,,—,,
2026-10-04T23:00:39.811782+00:00,nfl,2026,4,401872975,401872975612,1,4:30,(Shotgun) B.Nix pass incomplete deep left to J.Waddle.,2,8,SF 43,43,0,San Francisco 49ers,Denver Broncos,0,0,89.5,10.5,136.0,137.0,273.0,158.0,52.0,210.0,game,Spread,Denver Broncos,,5.5,kalshi,143,—,—,,0,,hit,,,,—,,
2026-10-04T23:00:39.811782+00:00,nfl,2026,4,401872975,401872975612,1,4:30,(Shotgun) B.Nix pass incomplete deep left to J.Waddle.,2,8,SF 43,43,0,San Francisco 49ers,Denver Broncos,0,0,89.5,10.5,136.0,137.0,273.0,158.0,52.0,210.0,game,Spread,San Francisco 49ers,,-5.5,kalshi,-171,—,—,,0,,miss,,,,—,,
2026-10-04T23:00:39.811782+00:00,nfl,2026,4,401872975,401872975612,1,4:30,(Shotgun) B.Nix pass incomplete deep left to J.Waddle.,2,8,SF 43,43,0,San Francisco 49ers,Denver Broncos,0,0,89.5,10.5,136.0,137.0,273.0,158.0,52.0,210.0,game,Total,Over,,28.5,betfair,-130,—,—,,0.0,,miss,,,,—,,
2026-10-04T23:00:39.811782+00:00,nfl,2026,4,401872975,401872975612,1,4:30,(Shotgun) B.Nix pass incomplete deep left to J.Waddle.,2,8,SF 43,43,0,San Francisco 49ers,Denver Broncos,0,0,89.5,10.5,136.0,137.0,273.0,158.0,52.0,210.0,game,Total,Under,,28.5,polymarket,117,—,—,,0.0,,hit,,,,—,,
2026-10-04T23:00:39.811782+00:00,nfl,2026,4,401872975,401872975612,1,4:30,(Shotgun) B.Nix pass incomplete deep left to J.Waddle.,2,8,SF 43,43,0,San Francisco 49ers,Denver Broncos,0,0,89.5,10.5,136.0,137.0,273.0,158.0,52.0,210.0,game,ML,Denver Broncos,,,polymarket,669,—,—,,Loss,,miss,,,,—,,
2026-10-04T23:00:39.811782+00:00,nfl,2026,4,401872975,401872975612,1,4:30,(Shotgun) B.Nix pass incomplete deep left to J.Waddle.,2,8,SF 43,43,0,San Francisco 49ers,Denver Broncos,0,0,89.5,10.5,136.0,137.0,273.0,158.0,52.0,210.0,game,ML,San Francisco 49ers,,,betfair,-787,—,—,,Loss,,miss,,,,—,,
2026-10-04T23:00:39.811782+00:00,nfl,2026,4,401872975,401872975635,1,4:23,(Shotgun) B.Nix pass short left to M.Mims to SF 33 for 10 yards (M.Sigle; O.Odighizuwa).,3,8,SF 43,43,0,San Francisco 49ers,Denver Broncos,0,0,89.5,10.5,136.0,137.0,273.0,158.0,52.0,210.0,game,Spread,Denver Broncos,,5.5,kalshi,143,—,—,,0,,hit,,,,—,,
2026-10-04T23:00:39.811782+00:00,nfl,2026,4,401872975,401872975635,1,4:23,(Shotgun) B.Nix pass short left to M.Mims to SF 33 for 10 yards (M.Sigle; O.Odighizuwa).,3,8,SF 43,43,0,San Francisco 49ers,Denver Broncos,0,0,89.5,10.5,136.0,137.0,273.0,158.0,52.0,210.0,game,Spread,San Francisco 49ers,,-5.5,kalshi,-171,—,—,,0,,miss,,,,—,,
2026-10-04T23:00:39.811782+00:00,nfl,2026,4,401872975,401872975635,1,4:23,(Shotgun) B.Nix pass short left to M.Mims to SF 33 for 10 yards (M.Sigle; O.Odighizuwa).,3,8,SF 43,43,0,San Francisco 49ers,Denver Broncos,0,0,89.5,10.5,136.0,137.0,273.0,158.0,52.0,210.0,game,Total,Over,,28.5,betfair,-130,—,—,,0.0,,miss,,,,—,,
2026-10-04T23:00:39.811782+00:00,nfl,2026,4,401872975,401872975635,1,4:23,(Shotgun) B.Nix pass short left to M.Mims to SF 33 for 10 yards (M.Sigle; O.Odighizuwa).,3,8,SF 43,43,0,San Francisco 49ers,Denver Broncos,0,0,89.5,10.5,136.0,137.0,273.0,158.0,52.0,210.0,game,Total,Under,,28.5,polymarket,117,—,—,,0.0,,hit,,,,—,,
2026-10-04T23:00:39.811782+00:00,nfl,2026,4,401872975,401872975635,1,4:23,(Shotgun) B.Nix pass short left to M.Mims to SF 33 for 10 yards (M.Sigle; O.Odighizuwa).,3,8,SF 43,43,0,San Francisco 49ers,Denver Broncos,0,0,89.5,10.5,136.0,137.0,273.0,158.0,52.0,210.0,game,ML,Denver Broncos,,,polymarket,669,—,—,,Loss,,miss,,,,—,,
2026-10-04T23:00:39.811782+00:00,nfl,2026,4,401872975,401872975635,1,4:23,(Shotgun) B.Nix pass short left to M.Mims to SF 33 for 10 yards (M.Sigle; O.Odighizuwa).,3,8,SF 43,43,0,San Francisco 49ers,Denver Broncos,0,0,89.5,10.5,136.0,137.0,273.0,158.0,52.0,210.0,game,ML,San Francisco 49ers,,,betfair,-787,—,—,,Loss,,miss,,,,—,,
2026-10-04T23:00:39.811782+00:00,nfl,2026,4,401872975,401872975660,1,3:41,"J.Dobbins right guard to SF 30 for 3 yards (O.Odighizuwa; S.Valdez).PENALTY on DEN-M.McGlinchey, Offensive Holding, 10 yards, enforced at SF 33 - No Play.",1,10,SF 33,33,0,San Francisco 49ers,Denver Broncos,0,0,89.5,10.5,136.0,137.0,273.0,158.0,52.0,210.0,game,Spread,Denver Broncos,,5.5,kalshi,143,—,—,,0,,hit,,,,—,,
2026-10-04T23:00:39.811782+00:00,nfl,2026,4,401872975,401872975660,1,3:41,"J.Dobbins right guard to SF 30 for 3 yards (O.Odighizuwa; S.Valdez).PENALTY on DEN-M.McGlinchey, Offensive Holding, 10 yards, enforced at SF 33 - No Play.",1,10,SF 33,33,0,San Francisco 49ers,Denver Broncos,0,0,89.5,10.5,136.0,137.0,273.0,158.0,52.0,210.0,game,Spread,San Francisco 49ers,,-5.5,kalshi,-171,—,—,,0,,miss,,,,—,,
2026-10-04T23:00:39.811782+00:00,nfl,2026,4,401872975,401872975660,1,3:41,"J.Dobbins right guard to SF 30 for 3 yards (O.Odighizuwa; S.Valdez).PENALTY on DEN-M.McGlinchey, Offensive Holding, 10 yards, enforced at SF 33 - No Play.",1,10,SF 33,33,0,San Francisco 49ers,Denver Broncos,0,0,89.5,10.5,136.0,137.0,273.0,158.0,52.0,210.0,game,Total,Over,,28.5,betfair,-130,—,—,,0.0,,miss,,,,—,,
2026-10-04T23:00:39.811782+00:00,nfl,2026,4,401872975,401872975660,1,3:41,"J.Dobbins right guard to SF 30 for 3 yards (O.Odighizuwa; S.Valdez).PENALTY on DEN-M.McGlinchey, Offensive Holding, 10 yards, enforced at SF 33 - No Play.",1,10,SF 33,33,0,San Francisco 49ers,Denver Broncos,0,0,89.5,10.5,136.0,137.0,273.0,158.0,52.0,210.0,game,Total,Under,,28.5,polymarket,117,—,—,,0.0,,hit,,,,—,,
2026-10-04T23:00:39.811782+00:00,nfl,2026,4,401872975,401872975660,1,3:41,"J.Dobbins right guard to SF 30 for 3 yards (O.Odighizuwa; S.Valdez).PENALTY on DEN-M.McGlinchey, Offensive Holding, 10 yards, enforced at SF 33 - No Play.",1,10,SF 33,33,0,San Francisco 49ers,Denver Broncos,0,0,89.5,10.5,136.0,137.0,273.0,158.0,52.0,210.0,game,ML,Denver Broncos,,,polymarket,669,—,—,,Loss,,miss,,,,—,,
2026-10-04T23:00:39.811782+00:00,nfl,2026,4,401872975,401872975660,1,3:41,"J.Dobbins right guard to SF 30 for 3 yards (O.Odighizuwa; S.Valdez).PENALTY on DEN-M.McGlinchey, Offensive Holding, 10 yards, enforced at SF 33 - No Play.",1,10,SF 33,33,0,San Francisco 49ers,Denver Broncos,0,0,89.5,10.5,136.0,137.0,273.0,158.0,52.0,210.0,game,ML,San Francisco 49ers,,,betfair,-787,—,—,,Loss,,miss,,,,—,,
2026-10-04T23:00:39.811782+00:00,nfl,2026,4,401872975,401872975693,1,3:18,(Shotgun) B.Nix pass incomplete short middle to E.Engram (F.Warner).,1,20,SF 43,43,0,San Francisco 49ers,Denver Broncos,0,0,89.5,10.5,136.0,137.0,273.0,158.0,52.0,210.0,game,Spread,Denver Broncos,,5.5,kalshi,143,—,—,,0,,hit,,,,—,,
2026-10-04T23:00:39.811782+00:00,nfl,2026,4,401872975,401872975693,1,3:18,(Shotgun) B.Nix pass incomplete short middle to E.Engram (F.Warner).,1,20,SF 43,43,0,San Francisco 49ers,Denver Broncos,0,0,89.5,10.5,136.0,137.0,273.0,158.0,52.0,210.0,game,Spread,San Francisco 49ers,,-5.5,kalshi,-171,—,—,,0,,miss,,,,—,,
2026-10-04T23:00:39.811782+00:00,nfl,2026,4,401872975,401872975693,1,3:18,(Shotgun) B.Nix pass incomplete short middle to E.Engram (F.Warner).,1,20,SF 43,43,0,San Francisco 49ers,Denver Broncos,0,0,89.5,10.5,136.0,137.0,273.0,158.0,52.0,210.0,game,Total,Over,,28.5,betfair,-130,—,—,,0.0,,miss,,,,—,,
2026-10-04T23:00:39.811782+00:00,nfl,2026,4,401872975,401872975693,1,3:18,(Shotgun) B.Nix pass incomplete short middle to E.Engram (F.Warner).,1,20,SF 43,43,0,San Francisco 49ers,Denver Broncos,0,0,89.5,10.5,136.0,137.0,273.0,158.0,52.0,210.0,game,Total,Under,,28.5,polymarket,117,—,—,,0.0,,hit,,,,—,,
2026-10-04T23:00:39.811782+00:00,nfl,2026,4,401872975,401872975693,1,3:18,(Shotgun) B.Nix pass incomplete short middle to E.Engram (F.Warner).,1,20,SF 43,43,0,San Francisco 49ers,Denver Broncos,0,0,89.5,10.5,136.0,137.0,273.0,158.0,52.0,210.0,game,ML,Denver Broncos,,,polymarket,669,—,—,,Loss,,miss,,,,—,,
2026-10-04T23:00:39.811782+00:00,nfl,2026,4,401872975,401872975693,1,3:18,(Shotgun) B.Nix pass incomplete short middle to E.Engram (F.Warner).,1,20,SF 43,43,0,San Francisco 49ers,Denver Broncos,0,0,89.5,10.5,136.0,137.0,273.0,158.0,52.0,210.0,game,ML,San Francisco 49ers,,,betfair,-787,—,—,,Loss,,miss,,,,—,,
2026-10-04T23:00:39.811782+00:00,nfl,2026,4,401872975,401872975728,1,3:11,(Shotgun) B.Nix pass short right to R.Harvey to SF 40 for 3 yards (D.Greenlaw; U.Stout).,2,20,SF 43,43,0,San Francisco 49ers,Denver Broncos,0,0,89.5,10.5,136.0,137.0,273.0,158.0,52.0,210.0,game,Spread,Denver Broncos,,5.5,kalshi,143,—,—,,0,,hit,,,,—,,
2026-10-04T23:00:39.811782+00:00,nfl,2026,4,401872975,401872975728,1,3:11,(Shotgun) B.Nix pass short right to R.Harvey to SF 40 for 3 yards (D.Greenlaw; U.Stout).,2,20,SF 43,43,0,San Francisco 49ers,Denver Broncos,0,0,89.5,10.5,136.0,137.0,273.0,158.0,52.0,210.0,game,Spread,San Francisco 49ers,,-5.5,kalshi,-171,—,—,,0,,miss,,,,—,,
2026-10-04T23:00:39.811782+00:00,nfl,2026,4,401872975,401872975728,1,3:11,(Shotgun) B.Nix pass short right to R.Harvey to SF 40 for 3 yards (D.Greenlaw; U.Stout).,2,20,SF 43,43,0,San Francisco 49ers,Denver Broncos,0,0,89.5,10.5,136.0,137.0,273.0,158.0,52.0,210.0,game,Total,Over,,28.5,betfair,-130,—,—,,0.0,,miss,,,,—,,
2026-10-04T23:00:39.811782+00:00,nfl,2026,4,401872975,401872975728,1,3:11,(Shotgun) B.Nix pass short right to R.Harvey to SF 40 for 3 yards (D.Greenlaw; U.Stout).,2,20,SF 43,43,0,San Francisco 49ers,Denver Broncos,0,0,89.5,10.5,136.0,137.0,273.0,158.0,52.0,210.0,game,Total,Under,,28.5,polymarket,117,—,—,,0.0,,hit,,,,—,,
2026-10-04T23:00:39.811782+00:00,nfl,2026,4,401872975,401872975728,1,3:11,(Shotgun) B.Nix pass short right to R.Harvey to SF 40 for 3 yards (D.Greenlaw; U.Stout).,2,20,SF 43,43,0,San Francisco 49ers,Denver Broncos,0,0,89.5,10.5,136.0,137.0,273.0,158.0,52.0,210.0,game,ML,Denver Broncos,,,polymarket,669,—,—,,Loss,,miss,,,,—,,
2026-10-04T23:00:39.811782+00:00,nfl,2026,4,401872975,401872975728,1,3:11,(Shotgun) B.Nix pass short right to R.Harvey to SF 40 for 3 yards (D.Greenlaw; U.Stout).,2,20,SF 43,43,0,San Francisco 49ers,Denver Broncos,0,0,89.5,10.5,136.0,137.0,273.0,158.0,52.0,210.0,game,ML,San Francisco 49ers,,,betfair,-787,—,—,,Loss,,miss,,,,—,,
2026-10-04T23:00:39.811782+00:00,nfl,2026,4,401872975,401872975753,1,2:27,(Shotgun) B.Nix pass short left to R.Harvey to SF 34 for 6 yards (U.Stout).,3,17,SF 40,40,0,San Francisco 49ers,Denver Broncos,0,0,89.5,10.5,136.0,137.0,273.0,158.0,52.0,210.0,game,Spread,Denver Broncos,,5.5,kalshi,143,—,—,,0,,hit,,,,—,,
2026-10-04T23:00:39.811782+00:00,nfl,2026,4,401872975,401872975753,1,2:27,(Shotgun) B.Nix pass short left to R.Harvey to SF 34 for 6 yards (U.Stout).,3,17,SF 40,40,0,San Francisco 49ers,Denver Broncos,0,0,89.5,10.5,136.0,137.0,273.0,158.0,52.0,210.0,game,Spread,San Francisco 49ers,,-5.5,kalshi,-171,—,—,,0,,miss,,,,—,,
2026-10-04T23:00:39.811782+00:00,nfl,2026,4,401872975,401872975753,1,2:27,(Shotgun) B.Nix pass short left to R.Harvey to SF 34 for 6 yards (U.Stout).,3,17,SF 40,40,0,San Francisco 49ers,Denver Broncos,0,0,89.5,10.5,136.0,137.0,273.0,158.0,52.0,210.0,game,Total,Over,,28.5,betfair,-130,—,—,,0.0,,miss,,,,—,,
2026-10-04T23:00:39.811782+00:00,nfl,2026,4,401872975,401872975753,1,2:27,(Shotgun) B.Nix pass short left to R.Harvey to SF 34 for 6 yards (U.Stout).,3,17,SF 40,40,0,San Francisco 49ers,Denver Broncos,0,0,89.5,10.5,136.0,137.0,273.0,158.0,52.0,210.0,game,Total,Under,,28.5,polymarket,117,—,—,,0.0,,hit,,,,—,,
2026-10-04T23:00:39.811782+00:00,nfl,2026,4,401872975,401872975753,1,2:27,(Shotgun) B.Nix pass short left to R.Harvey to SF 34 for 6 yards (U.Stout).,3,17,SF 40,40,0,San Francisco 49ers,Denver Broncos,0,0,89.5,10.5,136.0,137.0,273.0,158.0,52.0,210.0,game,ML,Denver Broncos,,,polymarket,669,—,—,,Loss,,miss,,,,—,,
2026-10-04T23:00:39.811782+00:00,nfl,2026,4,401872975,401872975753,1,2:27,(Shotgun) B.Nix pass short left to R.Harvey to SF 34 for 6 yards (U.Stout).,3,17,SF 40,40,0,San Francisco 49ers,Denver Broncos,0,0,89.5,10.5,136.0,137.0,273.0,158.0,52.0,210.0,game,ML,San Francisco 49ers,,,betfair,-787,—,—,,Loss,,miss,,,,—,,
2026-10-04T23:00:39.811782+00:00,nfl,2026,4,401872975,401872975790,1,1:43,Official Timeout at 01:43.,-1,1,DEN 35,65,-3,San Francisco 49ers,Denver Broncos,0,3,89.5,10.5,136.0,137.0,273.0,158.0,52.0,210.0,game,Spread,Denver Broncos,,5.5,kalshi,143,—,—,,-3,,hit,,,,—,,
2026-10-04T23:00:39.811782+00:00,nfl,2026,4,401872975,401872975790,1,1:43,Official Timeout at 01:43.,-1,1,DEN 35,65,-3,San Francisco 49ers,Denver Broncos,0,3,89.5,10.5,136.0,137.0,273.0,158.0,52.0,210.0,game,Spread,San Francisco 49ers,,-5.5,kalshi,-171,—,—,,-3,,miss,,,,—,,
2026-10-04T23:00:39.811782+00:00,nfl,2026,4,401872975,401872975790,1,1:43,Official Timeout at 01:43.,-1,1,DEN 35,65,-3,San Francisco 49ers,Denver Broncos,0,3,89.5,10.5,136.0,137.0,273.0,158.0,52.0,210.0,game,Total,Over,,28.5,betfair,-130,—,—,,3.0,,miss,,,,—,,
2026-10-04T23:00:39.811782+00:00,nfl,2026,4,401872975,401872975790,1,1:43,Official Timeout at 01:43.,-1,1,DEN 35,65,-3,San Francisco 49ers,Denver Broncos,0,3,89.5,10.5,136.0,137.0,273.0,158.0,52.0,210.0,game,Total,Under,,28.5,polymarket,117,—,—,,3.0,,hit,,,,—,,
2026-10-04T23:00:39.811782+00:00,nfl,2026,4,401872975,401872975790,1,1:43,Official Timeout at 01:43.,-1,1,DEN 35,65,-3,San Francisco 49ers,Denver Broncos,0,3,89.5,10.5,136.0,137.0,273.0,158.0,52.0,210.0,game,ML,Denver Broncos,,,polymarket,669,—,—,,Win,,hit,,,,—,,
2026-10-04T23:00:39.811782+00:00,nfl,2026,4,401872975,401872975790,1,1:43,Official Timeout at 01:43.,-1,1,DEN 35,65,-3,San Francisco 49ers,Denver Broncos,0,3,89.5,10.5,136.0,137.0,273.0,158.0,52.0,210.0,game,ML,San Francisco 49ers,,,betfair,-787,—,—,,Loss,,miss,,,,—,,
2026-10-04T23:00:39.811782+00:00,nfl,2026,4,401872975,401872975778,1,1:43,"W.Lutz 52 yard field goal is GOOD, Center-M.Fraboni, Holder-J.Crawshaw.",4,11,SF 34,34,-3,San Francisco 49ers,Denver Broncos,0,3,89.5,10.5,136.0,137.0,273.0,158.0,52.0,210.0,game,Spread,Denver Broncos,,5.5,kalshi,143,—,—,,-3,,hit,,,,—,,
2026-10-04T23:00:39.811782+00:00,nfl,2026,4,401872975,401872975778,1,1:43,"W.Lutz 52 yard field goal is GOOD, Center-M.Fraboni, Holder-J.Crawshaw.",4,11,SF 34,34,-3,San Francisco 49ers,Denver Broncos,0,3,89.5,10.5,136.0,137.0,273.0,158.0,52.0,210.0,game,Spread,San Francisco 49ers,,-5.5,kalshi,-171,—,—,,-3,,miss,,,,—,,
2026-10-04T23:00:39.811782+00:00,nfl,2026,4,401872975,401872975778,1,1:43,"W.Lutz 52 yard field goal is GOOD, Center-M.Fraboni, Holder-J.Crawshaw.",4,11,SF 34,34,-3,San Francisco 49ers,Denver Broncos,0,3,89.5,10.5,136.0,137.0,273.0,158.0,52.0,210.0,game,Total,Over,,28.5,betfair,-130,—,—,,3.0,,miss,,,,—,,
2026-10-04T23:00:39.811782+00:00,nfl,2026,4,401872975,401872975778,1,1:43,"W.Lutz 52 yard field goal is GOOD, Center-M.Fraboni, Holder-J.Crawshaw.",4,11,SF 34,34,-3,San Francisco 49ers,Denver Broncos,0,3,89.5,10.5,136.0,137.0,273.0,158.0,52.0,210.0,game,Total,Under,,28.5,polymarket,117,—,—,,3.0,,hit,,,,—,,
2026-10-04T23:00:39.811782+00:00,nfl,2026,4,401872975,401872975778,1,1:43,"W.Lutz 52 yard field goal is GOOD, Center-M.Fraboni, Holder-J.Crawshaw.",4,11,SF 34,34,-3,San Francisco 49ers,Denver Broncos,0,3,89.5,10.5,136.0,137.0,273.0,158.0,52.0,210.0,game,ML,Denver Broncos,,,polymarket,669,—,—,,Win,,hit,,,,—,,
2026-10-04T23:00:39.811782+00:00,nfl,2026,4,401872975,401872975778,1,1:43,"W.Lutz 52 yard field goal is GOOD, Center-M.Fraboni, Holder-J.Crawshaw.",4,11,SF 34,34,-3,San Francisco 49ers,Denver Broncos,0,3,89.5,10.5,136.0,137.0,273.0,158.0,52.0,210.0,game,ML,San Francisco 49ers,,,betfair,-787,—,—,,Loss,,miss,,,,—,,
2026-10-04T23:00:39.811782+00:00,nfl,2026,4,401872975,401872975802,1,1:43,"W.Lutz kicks 65 yards from DEN 35 to end zone, Touchback to the SF 35.",3,1,DEN 26,65,-3,San Francisco 49ers,Denver Broncos,0,3,89.5,10.5,136.0,137.0,273.0,158.0,52.0,210.0,game,Spread,Denver Broncos,,5.5,kalshi,143,—,—,,-3,,hit,,,,—,,
2026-10-04T23:00:39.811782+00:00,nfl,2026,4,401872975,401872975802,1,1:43,"W.Lutz kicks 65 yards from DEN 35 to end zone, Touchback to the SF 35.",3,1,DEN 26,65,-3,San Francisco 49ers,Denver Broncos,0,3,89.5,10.5,136.0,137.0,273.0,158.0,52.0,210.0,game,Spread,San Francisco 49ers,,-5.5,kalshi,-171,—,—,,-3,,miss,,,,—,,
2026-10-04T23:00:39.811782+00:00,nfl,2026,4,401872975,401872975802,1,1:43,"W.Lutz kicks 65 yards from DEN 35 to end zone, Touchback to the SF 35.",3,1,DEN 26,65,-3,San Francisco 49ers,Denver Broncos,0,3,89.5,10.5,136.0,137.0,273.0,158.0,52.0,210.0,game,Total,Over,,28.5,betfair,-130,—,—,,3.0,,miss,,,,—,,
2026-10-04T23:00:39.811782+00:00,nfl,2026,4,401872975,401872975802,1,1:43,"W.Lutz kicks 65 yards from DEN 35 to end zone, Touchback to the SF 35.",3,1,DEN 26,65,-3,San Francisco 49ers,Denver Broncos,0,3,89.5,10.5,136.0,137.0,273.0,158.0,52.0,210.0,game,Total,Under,,28.5,polymarket,117,—,—,,3.0,,hit,,,,—,,
2026-10-04T23:00:39.811782+00:00,nfl,2026,4,401872975,401872975802,1,1:43,"W.Lutz kicks 65 yards from DEN 35 to end zone, Touchback to the SF 35.",3,1,DEN 26,65,-3,San Francisco 49ers,Denver Broncos,0,3,89.5,10.5,136.0,137.0,273.0,158.0,52.0,210.0,game,ML,Denver Broncos,,,polymarket,669,—,—,,Win,,hit,,,,—,,
2026-10-04T23:00:39.811782+00:00,nfl,2026,4,401872975,401872975802,1,1:43,"W.Lutz kicks 65 yards from DEN 35 to end zone, Touchback to the SF 35.",3,1,DEN 26,65,-3,San Francisco 49ers,Denver Broncos,0,3,89.5,10.5,136.0,137.0,273.0,158.0,52.0,210.0,game,ML,San Francisco 49ers,,,betfair,-787,—,—,,Loss,,miss,,,,—,,
2026-10-04T23:00:39.811782+00:00,nfl,2026,4,401872975,401872975826,1,1:43,D.Samuel up the middle pushed ob at DEN 43 for 22 yards (P.Surtain).,1,10,SF 35,35,-3,San Francisco 49ers,Denver Broncos,0,3,89.5,10.5,136.0,137.0,273.0,158.0,52.0,210.0,game,Spread,Denver Broncos,,5.5,kalshi,143,—,—,,-3,,hit,,,,—,,
2026-10-04T23:00:39.811782+00:00,nfl,2026,4,401872975,401872975826,1,1:43,D.Samuel up the middle pushed ob at DEN 43 for 22 yards (P.Surtain).,1,10,SF 35,35,-3,San Francisco 49ers,Denver Broncos,0,3,89.5,10.5,136.0,137.0,273.0,158.0,52.0,210.0,game,Spread,San Francisco 49ers,,-5.5,kalshi,-171,—,—,,-3,,miss,,,,—,,
2026-10-04T23:00:39.811782+00:00,nfl,2026,4,401872975,401872975826,1,1:43,D.Samuel up the middle pushed ob at DEN 43 for 22 yards (P.Surtain).,1,10,SF 35,35,-3,San Francisco 49ers,Denver Broncos,0,3,89.5,10.5,136.0,137.0,273.0,158.0,52.0,210.0,game,Total,Over,,28.5,betfair,-130,—,—,,3.0,,miss,,,,—,,
2026-10-04T23:00:39.811782+00:00,nfl,2026,4,401872975,401872975826,1,1:43,D.Samuel up the middle pushed ob at DEN 43 for 22 yards (P.Surtain).,1,10,SF 35,35,-3,San Francisco 49ers,Denver Broncos,0,3,89.5,10.5,136.0,137.0,273.0,158.0,52.0,210.0,game,Total,Under,,28.5,polymarket,117,—,—,,3.0,,hit,,,,—,,
2026-10-04T23:00:39.811782+00:00,nfl,2026,4,401872975,401872975826,1,1:43,D.Samuel up the middle pushed ob at DEN 43 for 22 yards (P.Surtain).,1,10,SF 35,35,-3,San Francisco 49ers,Denver Broncos,0,3,89.5,10.5,136.0,137.0,273.0,158.0,52.0,210.0,game,ML,Denver Broncos,,,polymarket,669,—,—,,Win,,hit,,,,—,,
2026-10-04T23:00:39.811782+00:00,nfl,2026,4,401872975,401872975826,1,1:43,D.Samuel up the middle pushed ob at DEN 43 for 22 yards (P.Surtain).,1,10,SF 35,35,-3,San Francisco 49ers,Denver Broncos,0,3,89.5,10.5,136.0,137.0,273.0,158.0,52.0,210.0,game,ML,San Francisco 49ers,,,betfair,-787,—,—,,Loss,,miss,,,,—,,
2026-10-04T23:00:39.811782+00:00,nfl,2026,4,401872975,401872975853,1,1:13,C.McCaffrey right guard to DEN 41 for 2 yards (Z.Allen; A.Singleton).,1,10,DEN 43,57,-3,San Francisco 49ers,Denver Broncos,0,3,89.5,10.5,136.0,137.0,273.0,158.0,52.0,210.0,game,Spread,Denver Broncos,,5.5,kalshi,143,—,—,,-3,,hit,,,,—,,
2026-10-04T23:00:39.811782+00:00,nfl,2026,4,401872975,401872975853,1,1:13,C.McCaffrey right guard to DEN 41 for 2 yards (Z.Allen; A.Singleton).,1,10,DEN 43,57,-3,San Francisco 49ers,Denver Broncos,0,3,89.5,10.5,136.0,137.0,273.0,158.0,52.0,210.0,game,Spread,San Francisco 49ers,,-5.5,kalshi,-171,—,—,,-3,,miss,,,,—,,
2026-10-04T23:00:39.811782+00:00,nfl,2026,4,401872975,401872975853,1,1:13,C.McCaffrey right guard to DEN 41 for 2 yards (Z.Allen; A.Singleton).,1,10,DEN 43,57,-3,San Francisco 49ers,Denver Broncos,0,3,89.5,10.5,136.0,137.0,273.0,158.0,52.0,210.0,game,Total,Over,,28.5,betfair,-130,—,—,,3.0,,miss,,,,—,,
2026-10-04T23:00:39.811782+00:00,nfl,2026,4,401872975,401872975853,1,1:13,C.McCaffrey right guard to DEN 41 for 2 yards (Z.Allen; A.Singleton).,1,10,DEN 43,57,-3,San Francisco 49ers,Denver Broncos,0,3,89.5,10.5,136.0,137.0,273.0,158.0,52.0,210.0,game,Total,Under,,28.5,polymarket,117,—,—,,3.0,,hit,,,,—,,
2026-10-04T23:00:39.811782+00:00,nfl,2026,4,401872975,401872975853,1,1:13,C.McCaffrey right guard to DEN 41 for 2 yards (Z.Allen; A.Singleton).,1,10,DEN 43,57,-3,San Francisco 49ers,Denver Broncos,0,3,89.5,10.5,136.0,137.0,273.0,158.0,52.0,210.0,game,ML,Denver Broncos,,,polymarket,669,—,—,,Win,,hit,,,,—,,
2026-10-04T23:00:39.811782+00:00,nfl,2026,4,401872975,401872975853,1,1:13,C.McCaffrey right guard to DEN 41 for 2 yards (Z.Allen; A.Singleton).,1,10,DEN 43,57,-3,San Francisco 49ers,Denver Broncos,0,3,89.5,10.5,136.0,137.0,273.0,158.0,52.0,210.0,game,ML,San Francisco 49ers,,,betfair,-787,—,—,,Loss,,miss,,,,—,,
2026-10-04T23:00:39.811782+00:00,nfl,2026,4,401872975,401872975875,1,0:40,(Shotgun) B.Purdy pass short right to D.Samuel to DEN 37 for 4 yards (B.Jones).,2,8,DEN 41,59,-3,San Francisco 49ers,Denver Broncos,0,3,89.5,10.5,136.0,137.0,273.0,158.0,52.0,210.0,game,Spread,Denver Broncos,,5.5,kalshi,143,—,—,,-3,,hit,,,,—,,
2026-10-04T23:00:39.811782+00:00,nfl,2026,4,401872975,401872975875,1,0:40,(Shotgun) B.Purdy pass short right to D.Samuel to DEN 37 for 4 yards (B.Jones).,2,8,DEN 41,59,-3,San Francisco 49ers,Denver Broncos,0,3,89.5,10.5,136.0,137.0,273.0,158.0,52.0,210.0,game,Spread,San Francisco 49ers,,-5.5,kalshi,-171,—,—,,-3,,miss,,,,—,,
2026-10-04T23:00:39.811782+00:00,nfl,2026,4,401872975,401872975875,1,0:40,(Shotgun) B.Purdy pass short right to D.Samuel to DEN 37 for 4 yards (B.Jones).,2,8,DEN 41,59,-3,San Francisco 49ers,Denver Broncos,0,3,89.5,10.5,136.0,137.0,273.0,158.0,52.0,210.0,game,Total,Over,,28.5,betfair,-130,—,—,,3.0,,miss,,,,—,,
2026-10-04T23:00:39.811782+00:00,nfl,2026,4,401872975,401872975875,1,0:40,(Shotgun) B.Purdy pass short right to D.Samuel to DEN 37 for 4 yards (B.Jones).,2,8,DEN 41,59,-3,San Francisco 49ers,Denver Broncos,0,3,89.5,10.5,136.0,137.0,273.0,158.0,52.0,210.0,game,Total,Under,,28.5,polymarket,117,—,—,,3.0,,hit,,,,—,,
2026-10-04T23:00:39.811782+00:00,nfl,2026,4,401872975,401872975875,1,0:40,(Shotgun) B.Purdy pass short right to D.Samuel to DEN 37 for 4 yards (B.Jones).,2,8,DEN 41,59,-3,San Francisco 49ers,Denver Broncos,0,3,89.5,10.5,136.0,137.0,273.0,158.0,52.0,210.0,game,ML,Denver Broncos,,,polymarket,669,—,—,,Win,,hit,,,,—,,
2026-10-04T23:00:39.811782+00:00,nfl,2026,4,401872975,401872975875,1,0:40,(Shotgun) B.Purdy pass short right to D.Samuel to DEN 37 for 4 yards (B.Jones).,2,8,DEN 41,59,-3,San Francisco 49ers,Denver Broncos,0,3,89.5,10.5,136.0,137.0,273.0,158.0,52.0,210.0,game,ML,San Francisco 49ers,,,betfair,-787,—,—,,Loss,,miss,,,,—,,
2026-10-04T23:00:39.811782+00:00,nfl,2026,4,401872975,401872975900,1,0:00,END QUARTER 1,3,4,DEN 26,63,-3,San Francisco 49ers,Denver Broncos,0,3,89.5,10.5,136.0,137.0,273.0,158.0,52.0,210.0,game,Spread,Denver Broncos,,5.5,kalshi,143,—,—,,-3,,hit,,,,—,,
2026-10-04T23:00:39.811782+00:00,nfl,2026,4,401872975,401872975900,1,0:00,END QUARTER 1,3,4,DEN 26,63,-3,San Francisco 49ers,Denver Broncos,0,3,89.5,10.5,136.0,137.0,273.0,158.0,52.0,210.0,game,Spread,San Francisco 49ers,,-5.5,kalshi,-171,—,—,,-3,,miss,,,,—,,
2026-10-04T23:00:39.811782+00:00,nfl,2026,4,401872975,401872975900,1,0:00,END QUARTER 1,3,4,DEN 26,63,-3,San Francisco 49ers,Denver Broncos,0,3,89.5,10.5,136.0,137.0,273.0,158.0,52.0,210.0,game,Total,Over,,28.5,betfair,-130,—,—,,3.0,,miss,,,,—,,
2026-10-04T23:00:39.811782+00:00,nfl,2026,4,401872975,401872975900,1,0:00,END QUARTER 1,3,4,DEN 26,63,-3,San Francisco 49ers,Denver Broncos,0,3,89.5,10.5,136.0,137.0,273.0,158.0,52.0,210.0,game,Total,Under,,28.5,polymarket,117,—,—,,3.0,,hit,,,,—,,
2026-10-04T23:00:39.811782+00:00,nfl,2026,4,401872975,401872975900,1,0:00,END QUARTER 1,3,4,DEN 26,63,-3,San Francisco 49ers,Denver Broncos,0,3,89.5,10.5,136.0,137.0,273.0,158.0,52.0,210.0,game,ML,Denver Broncos,,,polymarket,669,—,—,,Win,,hit,,,,—,,
2026-10-04T23:00:39.811782+00:00,nfl,2026,4,401872975,401872975900,1,0:00,END QUARTER 1,3,4,DEN 26,63,-3,San Francisco 49ers,Denver Broncos,0,3,89.5,10.5,136.0,137.0,273.0,158.0,52.0,210.0,game,ML,San Francisco 49ers,,,betfair,-787,—,—,,Loss,,miss,,,,—,,
2026-10-04T23:00:39.811782+00:00,nfl,2026,4,401872975,401872975920,2,15:00,(Shotgun) C.McCaffrey up the middle to DEN 34 for 3 yards (M.Roach).,3,4,DEN 37,63,-3,San Francisco 49ers,Denver Broncos,0,3,89.5,10.5,136.0,137.0,273.0,158.0,52.0,210.0,game,Spread,Denver Broncos,,5.5,kalshi,143,—,—,,-3,,hit,,,,—,,
2026-10-04T23:00:39.811782+00:00,nfl,2026,4,401872975,401872975920,2,15:00,(Shotgun) C.McCaffrey up the middle to DEN 34 for 3 yards (M.Roach).,3,4,DEN 37,63,-3,San Francisco 49ers,Denver Broncos,0,3,89.5,10.5,136.0,137.0,273.0,158.0,52.0,210.0,game,Spread,San Francisco 49ers,,-5.5,kalshi,-171,—,—,,-3,,miss,,,,—,,
2026-10-04T23:00:39.811782+00:00,nfl,2026,4,401872975,401872975920,2,15:00,(Shotgun) C.McCaffrey up the middle to DEN 34 for 3 yards (M.Roach).,3,4,DEN 37,63,-3,San Francisco 49ers,Denver Broncos,0,3,89.5,10.5,136.0,137.0,273.0,158.0,52.0,210.0,game,Total,Over,,28.5,betfair,-130,—,—,,3.0,,miss,,,,—,,
2026-10-04T23:00:39.811782+00:00,nfl,2026,4,401872975,401872975920,2,15:00,(Shotgun) C.McCaffrey up the middle to DEN 34 for 3 yards (M.Roach).,3,4,DEN 37,63,-3,San Francisco 49ers,Denver Broncos,0,3,89.5,10.5,136.0,137.0,273.0,158.0,52.0,210.0,game,Total,Under,,28.5,polymarket,117,—,—,,3.0,,hit,,,,—,,
2026-10-04T23:00:39.811782+00:00,nfl,2026,4,401872975,401872975920,2,15:00,(Shotgun) C.McCaffrey up the middle to DEN 34 for 3 yards (M.Roach).,3,4,DEN 37,63,-3,San Francisco 49ers,Denver Broncos,0,3,89.5,10.5,136.0,137.0,273.0,158.0,52.0,210.0,game,ML,Denver Broncos,,,polymarket,669,—,—,,Win,,hit,,,,—,,
2026-10-04T23:00:39.811782+00:00,nfl,2026,4,401872975,401872975920,2,15:00,(Shotgun) C.McCaffrey up the middle to DEN 34 for 3 yards (M.Roach).,3,4,DEN 37,63,-3,San Francisco 49ers,Denver Broncos,0,3,89.5,10.5,136.0,137.0,273.0,158.0,52.0,210.0,game,ML,San Francisco 49ers,,,betfair,-787,—,—,,Loss,,miss,,,,—,,
2026-10-04T23:00:39.811782+00:00,nfl,2026,4,401872975,401872975942,2,14:30,B.Purdy up the middle to DEN 34 for no gain (A.Singleton).,4,1,DEN 34,66,-3,San Francisco 49ers,Denver Broncos,0,3,89.5,10.5,136.0,137.0,273.0,158.0,52.0,210.0,game,Spread,Denver Broncos,,5.5,kalshi,143,—,—,,-3,,hit,,,,—,,
2026-10-04T23:00:39.811782+00:00,nfl,2026,4,401872975,401872975942,2,14:30,B.Purdy up the middle to DEN 34 for no gain (A.Singleton).,4,1,DEN 34,66,-3,San Francisco 49ers,Denver Broncos,0,3,89.5,10.5,136.0,137.0,273.0,158.0,52.0,210.0,game,Spread,San Francisco 49ers,,-5.5,kalshi,-171,—,—,,-3,,miss,,,,—,,
2026-10-04T23:00:39.811782+00:00,nfl,2026,4,401872975,401872975942,2,14:30,B.Purdy up the middle to DEN 34 for no gain (A.Singleton).,4,1,DEN 34,66,-3,San Francisco 49ers,Denver Broncos,0,3,89.5,10.5,136.0,137.0,273.0,158.0,52.0,210.0,game,Total,Over,,28.5,betfair,-130,—,—,,3.0,,miss,,,,—,,
2026-10-04T23:00:39.811782+00:00,nfl,2026,4,401872975,401872975942,2,14:30,B.Purdy up the middle to DEN 34 for no gain (A.Singleton).,4,1,DEN 34,66,-3,San Francisco 49ers,Denver Broncos,0,3,89.5,10.5,136.0,137.0,273.0,158.0,52.0,210.0,game,Total,Under,,28.5,polymarket,117,—,—,,3.0,,hit,,,,—,,
2026-10-04T23:00:39.811782+00:00,nfl,2026,4,401872975,401872975942,2,14:30,B.Purdy up the middle to DEN 34 for no gain (A.Singleton).,4,1,DEN 34,66,-3,San Francisco 49ers,Denver Broncos,0,3,89.5,10.5,136.0,137.0,273.0,158.0,52.0,210.0,game,ML,Denver Broncos,,,polymarket,669,—,—,,Win,,hit,,,,—,,
2026-10-04T23:00:39.811782+00:00,nfl,2026,4,401872975,401872975942,2,14:30,B.Purdy up the middle to DEN 34 for no gain (A.Singleton).,4,1,DEN 34,66,-3,San Francisco 49ers,Denver Broncos,0,3,89.5,10.5,136.0,137.0,273.0,158.0,52.0,210.0,game,ML,San Francisco 49ers,,,betfair,-787,—,—,,Loss,,miss,,,,—,,
2026-10-04T23:00:39.811782+00:00,nfl,2026,4,401872975,401872975953,2,14:21,Official Timeout at 14:21.,1,10,DEN 34,66,-3,San Francisco 49ers,Denver Broncos,0,3,89.5,10.5,136.0,137.0,273.0,158.0,52.0,210.0,game,Spread,Denver Broncos,,5.5,kalshi,143,—,—,,-3,,hit,,,,—,,
2026-10-04T23:00:39.811782+00:00,nfl,2026,4,401872975,401872975953,2,14:21,Official Timeout at 14:21.,1,10,DEN 34,66,-3,San Francisco 49ers,Denver Broncos,0,3,89.5,10.5,136.0,137.0,273.0,158.0,52.0,210.0,game,Spread,San Francisco 49ers,,-5.5,kalshi,-171,—,—,,-3,,miss,,,,—,,
2026-10-04T23:00:39.811782+00:00,nfl,2026,4,401872975,401872975953,2,14:21,Official Timeout at 14:21.,1,10,DEN 34,66,-3,San Francisco 49ers,Denver Broncos,0,3,89.5,10.5,136.0,137.0,273.0,158.0,52.0,210.0,game,Total,Over,,28.5,betfair,-130,—,—,,3.0,,miss,,,,—,,
2026-10-04T23:00:39.811782+00:00,nfl,2026,4,401872975,401872975953,2,14:21,Official Timeout at 14:21.,1,10,DEN 34,66,-3,San Francisco 49ers,Denver Broncos,0,3,89.5,10.5,136.0,137.0,273.0,158.0,52.0,210.0,game,Total,Under,,28.5,polymarket,117,—,—,,3.0,,hit,,,,—,,
2026-10-04T23:00:39.811782+00:00,nfl,2026,4,401872975,401872975953,2,14:21,Official Timeout at 14:21.,1,10,DEN 34,66,-3,San Francisco 49ers,Denver Broncos,0,3,89.5,10.5,136.0,137.0,273.0,158.0,52.0,210.0,game,ML,Denver Broncos,,,polymarket,669,—,—,,Win,,hit,,,,—,,
2026-10-04T23:00:39.811782+00:00,nfl,2026,4,401872975,401872975953,2,14:21,Official Timeout at 14:21.,1,10,DEN 34,66,-3,San Francisco 49ers,Denver Broncos,0,3,89.5,10.5,136.0,137.0,273.0,158.0,52.0,210.0,game,ML,San Francisco 49ers,,,betfair,-787,—,—,,Loss,,miss,,,,—,,
2026-10-04T23:00:39.811782+00:00,nfl,2026,4,401872975,401872975964,2,14:21,R.Harvey left tackle to DEN 36 for 2 yards (M.Judon).,1,10,DEN 34,66,-3,San Francisco 49ers,Denver Broncos,0,3,89.5,10.5,136.0,137.0,273.0,158.0,52.0,210.0,game,Spread,Denver Broncos,,5.5,kalshi,143,—,—,,-3,,hit,,,,—,,
2026-10-04T23:00:39.811782+00:00,nfl,2026,4,401872975,401872975964,2,14:21,R.Harvey left tackle to DEN 36 for 2 yards (M.Judon).,1,10,DEN 34,66,-3,San Francisco 49ers,Denver Broncos,0,3,89.5,10.5,136.0,137.0,273.0,158.0,52.0,210.0,game,Spread,San Francisco 49ers,,-5.5,kalshi,-171,—,—,,-3,,miss,,,,—,,
2026-10-04T23:00:39.811782+00:00,nfl,2026,4,401872975,401872975964,2,14:21,R.Harvey left tackle to DEN 36 for 2 yards (M.Judon).,1,10,DEN 34,66,-3,San Francisco 49ers,Denver Broncos,0,3,89.5,10.5,136.0,137.0,273.0,158.0,52.0,210.0,game,Total,Over,,28.5,betfair,-130,—,—,,3.0,,miss,,,,—,,
2026-10-04T23:00:39.811782+00:00,nfl,2026,4,401872975,401872975964,2,14:21,R.Harvey left tackle to DEN 36 for 2 yards (M.Judon).,1,10,DEN 34,66,-3,San Francisco 49ers,Denver Broncos,0,3,89.5,10.5,136.0,137.0,273.0,158.0,52.0,210.0,game,Total,Under,,28.5,polymarket,117,—,—,,3.0,,hit,,,,—,,
2026-10-04T23:00:39.811782+00:00,nfl,2026,4,401872975,401872975964,2,14:21,R.Harvey left tackle to DEN 36 for 2 yards (M.Judon).,1,10,DEN 34,66,-3,San Francisco 49ers,Denver Broncos,0,3,89.5,10.5,136.0,137.0,273.0,158.0,52.0,210.0,game,ML,Denver Broncos,,,polymarket,669,—,—,,Win,,hit,,,,—,,
2026-10-04T23:00:39.811782+00:00,nfl,2026,4,401872975,401872975964,2,14:21,R.Harvey left tackle to DEN 36 for 2 yards (M.Judon).,1,10,DEN 34,66,-3,San Francisco 49ers,Denver Broncos,0,3,89.5,10.5,136.0,137.0,273.0,158.0,52.0,210.0,game,ML,San Francisco 49ers,,,betfair,-787,—,—,,Loss,,miss,,,,—,,
2026-10-04T23:00:39.811782+00:00,nfl,2026,4,401872975,401872975993,2,13:45,(Shotgun) B.Nix pass short right to J.Waddle to DEN 42 for 6 yards (D.Greenlaw; M.Sigle).,2,8,DEN 36,64,-3,San Francisco 49ers,Denver Broncos,0,3,89.5,10.5,136.0,137.0,273.0,158.0,52.0,210.0,game,Spread,Denver Broncos,,5.5,kalshi,143,—,—,,-3,,hit,,,,—,,
2026-10-04T23:00:39.811782+00:00,nfl,2026,4,401872975,401872975993,2,13:45,(Shotgun) B.Nix pass short right to J.Waddle to DEN 42 for 6 yards (D.Greenlaw; M.Sigle).,2,8,DEN 36,64,-3,San Francisco 49ers,Denver Broncos,0,3,89.5,10.5,136.0,137.0,273.0,158.0,52.0,210.0,game,Spread,San Francisco 49ers,,-5.5,kalshi,-171,—,—,,-3,,miss,,,,—,,
2026-10-04T23:00:39.811782+00:00,nfl,2026,4,401872975,401872975993,2,13:45,(Shotgun) B.Nix pass short right to J.Waddle to DEN 42 for 6 yards (D.Greenlaw; M.Sigle).,2,8,DEN 36,64,-3,San Francisco 49ers,Denver Broncos,0,3,89.5,10.5,136.0,137.0,273.0,158.0,52.0,210.0,game,Total,Over,,28.5,betfair,-130,—,—,,3.0,,miss,,,,—,,
2026-10-04T23:00:39.811782+00:00,nfl,2026,4,401872975,401872975993,2,13:45,(Shotgun) B.Nix pass short right to J.Waddle to DEN 42 for 6 yards (D.Greenlaw; M.Sigle).,2,8,DEN 36,64,-3,San Francisco 49ers,Denver Broncos,0,3,89.5,10.5,136.0,137.0,273.0,158.0,52.0,210.0,game,Total,Under,,28.5,polymarket,117,—,—,,3.0,,hit,,,,—,,
2026-10-04T23:00:39.811782+00:00,nfl,2026,4,401872975,401872975993,2,13:45,(Shotgun) B.Nix pass short right to J.Waddle to DEN 42 for 6 yards (D.Greenlaw; M.Sigle).,2,8,DEN 36,64,-3,San Francisco 49ers,Denver Broncos,0,3,89.5,10.5,136.0,137.0,273.0,158.0,52.0,210.0,game,ML,Denver Broncos,,,polymarket,669,—,—,,Win,,hit,,,,—,,
2026-10-04T23:00:39.811782+00:00,nfl,2026,4,401872975,401872975993,2,13:45,(Shotgun) B.Nix pass short right to J.Waddle to DEN 42 for 6 yards (D.Greenlaw; M.Sigle).,2,8,DEN 36,64,-3,San Francisco 49ers,Denver Broncos,0,3,89.5,10.5,136.0,137.0,273.0,158.0,52.0,210.0,game,ML,San Francisco 49ers,,,betfair,-787,—,—,,Loss,,miss,,,,—,,
2026-10-04T23:00:39.811782+00:00,nfl,2026,4,401872975,4018729751018,2,13:02,"(Shotgun) PENALTY on DEN-G.Bolles, False Start, 5 yards, enforced at DEN 42 - No Play.",3,2,DEN 42,58,-3,San Francisco 49ers,Denver Broncos,0,3,89.5,10.5,136.0,137.0,273.0,158.0,52.0,210.0,game,Spread,Denver Broncos,,5.5,kalshi,143,—,—,,-3,,hit,,,,—,,
2026-10-04T23:00:39.811782+00:00,nfl,2026,4,401872975,4018729751018,2,13:02,"(Shotgun) PENALTY on DEN-G.Bolles, False Start, 5 yards, enforced at DEN 42 - No Play.",3,2,DEN 42,58,-3,San Francisco 49ers,Denver Broncos,0,3,89.5,10.5,136.0,137.0,273.0,158.0,52.0,210.0,game,Spread,San Francisco 49ers,,-5.5,kalshi,-171,—,—,,-3,,miss,,,,—,,
2026-10-04T23:00:39.811782+00:00,nfl,2026,4,401872975,4018729751018,2,13:02,"(Shotgun) PENALTY on DEN-G.Bolles, False Start, 5 yards, enforced at DEN 42 - No Play.",3,2,DEN 42,58,-3,San Francisco 49ers,Denver Broncos,0,3,89.5,10.5,136.0,137.0,273.0,158.0,52.0,210.0,game,Total,Over,,28.5,betfair,-130,—,—,,3.0,,miss,,,,—,,
2026-10-04T23:00:39.811782+00:00,nfl,2026,4,401872975,4018729751018,2,13:02,"(Shotgun) PENALTY on DEN-G.Bolles, False Start, 5 yards, enforced at DEN 42 - No Play.",3,2,DEN 42,58,-3,San Francisco 49ers,Denver Broncos,0,3,89.5,10.5,136.0,137.0,273.0,158.0,52.0,210.0,game,Total,Under,,28.5,polymarket,117,—,—,,3.0,,hit,,,,—,,
2026-10-04T23:00:39.811782+00:00,nfl,2026,4,401872975,4018729751018,2,13:02,"(Shotgun) PENALTY on DEN-G.Bolles, False Start, 5 yards, enforced at DEN 42 - No Play.",3,2,DEN 42,58,-3,San Francisco 49ers,Denver Broncos,0,3,89.5,10.5,136.0,137.0,273.0,158.0,52.0,210.0,game,ML,Denver Broncos,,,polymarket,669,—,—,,Win,,hit,,,,—,,
2026-10-04T23:00:39.811782+00:00,nfl,2026,4,401872975,4018729751018,2,13:02,"(Shotgun) PENALTY on DEN-G.Bolles, False Start, 5 yards, enforced at DEN 42 - No Play.",3,2,DEN 42,58,-3,San Francisco 49ers,Denver Broncos,0,3,89.5,10.5,136.0,137.0,273.0,158.0,52.0,210.0,game,ML,San Francisco 49ers,,,betfair,-787,—,—,,Loss,,miss,,,,—,,
2026-10-04T23:00:39.811782+00:00,nfl,2026,4,401872975,4018729751042,2,12:48,(Shotgun) B.Nix pass incomplete short right to E.Engram.,3,7,DEN 37,63,-3,San Francisco 49ers,Denver Broncos,0,3,89.5,10.5,136.0,137.0,273.0,158.0,52.0,210.0,game,Spread,Denver Broncos,,5.5,kalshi,143,—,—,,-3,,hit,,,,—,,
2026-10-04T23:00:39.811782+00:00,nfl,2026,4,401872975,4018729751042,2,12:48,(Shotgun) B.Nix pass incomplete short right to E.Engram.,3,7,DEN 37,63,-3,San Francisco 49ers,Denver Broncos,0,3,89.5,10.5,136.0,137.0,273.0,158.0,52.0,210.0,game,Spread,San Francisco 49ers,,-5.5,kalshi,-171,—,—,,-3,,miss,,,,—,,
2026-10-04T23:00:39.811782+00:00,nfl,2026,4,401872975,4018729751042,2,12:48,(Shotgun) B.Nix pass incomplete short right to E.Engram.,3,7,DEN 37,63,-3,San Francisco 49ers,Denver Broncos,0,3,89.5,10.5,136.0,137.0,273.0,158.0,52.0,210.0,game,Total,Over,,28.5,betfair,-130,—,—,,3.0,,miss,,,,—,,
2026-10-04T23:00:39.811782+00:00,nfl,2026,4,401872975,4018729751042,2,12:48,(Shotgun) B.Nix pass incomplete short right to E.Engram.,3,7,DEN 37,63,-3,San Francisco 49ers,Denver Broncos,0,3,89.5,10.5,136.0,137.0,273.0,158.0,52.0,210.0,game,Total,Under,,28.5,polymarket,117,—,—,,3.0,,hit,,,,—,,
2026-10-04T23:00:39.811782+00:00,nfl,2026,4,401872975,4018729751042,2,12:48,(Shotgun) B.Nix pass incomplete short right to E.Engram.,3,7,DEN 37,63,-3,San Francisco 49ers,Denver Broncos,0,3,89.5,10.5,136.0,137.0,273.0,158.0,52.0,210.0,game,ML,Denver Broncos,,,polymarket,669,—,—,,Win,,hit,,,,—,,
2026-10-04T23:00:39.811782+00:00,nfl,2026,4,401872975,4018729751042,2,12:48,(Shotgun) B.Nix pass incomplete short right to E.Engram.,3,7,DEN 37,63,-3,San Francisco 49ers,Denver Broncos,0,3,89.5,10.5,136.0,137.0,273.0,158.0,52.0,210.0,game,ML,San Francisco 49ers,,,betfair,-787,—,—,,Loss,,miss,,,,—,,
2026-10-04T23:00:39.811782+00:00,nfl,2026,4,401872975,4018729751065,2,12:43,"J.Crawshaw punts 51 yards to SF 12, Center-M.Fraboni, out of bounds.",4,7,DEN 37,63,-3,San Francisco 49ers,Denver Broncos,0,3,89.5,10.5,136.0,137.0,273.0,158.0,52.0,210.0,game,Spread,Denver Broncos,,5.5,kalshi,143,—,—,,-3,,hit,,,,—,,
2026-10-04T23:00:39.811782+00:00,nfl,2026,4,401872975,4018729751065,2,12:43,"J.Crawshaw punts 51 yards to SF 12, Center-M.Fraboni, out of bounds.",4,7,DEN 37,63,-3,San Francisco 49ers,Denver Broncos,0,3,89.5,10.5,136.0,137.0,273.0,158.0,52.0,210.0,game,Spread,San Francisco 49ers,,-5.5,kalshi,-171,—,—,,-3,,miss,,,,—,,
2026-10-04T23:00:39.811782+00:00,nfl,2026,4,401872975,4018729751065,2,12:43,"J.Crawshaw punts 51 yards to SF 12, Center-M.Fraboni, out of bounds.",4,7,DEN 37,63,-3,San Francisco 49ers,Denver Broncos,0,3,89.5,10.5,136.0,137.0,273.0,158.0,52.0,210.0,game,Total,Over,,28.5,betfair,-130,—,—,,3.0,,miss,,,,—,,
2026-10-04T23:00:39.811782+00:00,nfl,2026,4,401872975,4018729751065,2,12:43,"J.Crawshaw punts 51 yards to SF 12, Center-M.Fraboni, out of bounds.",4,7,DEN 37,63,-3,San Francisco 49ers,Denver Broncos,0,3,89.5,10.5,136.0,137.0,273.0,158.0,52.0,210.0,game,Total,Under,,28.5,polymarket,117,—,—,,3.0,,hit,,,,—,,
2026-10-04T23:00:39.811782+00:00,nfl,2026,4,401872975,4018729751065,2,12:43,"J.Crawshaw punts 51 yards to SF 12, Center-M.Fraboni, out of bounds.",4,7,DEN 37,63,-3,San Francisco 49ers,Denver Broncos,0,3,89.5,10.5,136.0,137.0,273.0,158.0,52.0,210.0,game,ML,Denver Broncos,,,polymarket,669,—,—,,Win,,hit,,,,—,,
2026-10-04T23:00:39.811782+00:00,nfl,2026,4,401872975,4018729751065,2,12:43,"J.Crawshaw punts 51 yards to SF 12, Center-M.Fraboni, out of bounds.",4,7,DEN 37,63,-3,San Francisco 49ers,Denver Broncos,0,3,89.5,10.5,136.0,137.0,273.0,158.0,52.0,210.0,game,ML,San Francisco 49ers,,,betfair,-787,—,—,,Loss,,miss,,,,—,,
2026-10-04T23:00:39.811782+00:00,nfl,2026,4,401872975,4018729751075,2,12:36,Official Timeout at 12:36.,1,10,SF 12,12,-3,San Francisco 49ers,Denver Broncos,0,3,89.5,10.5,136.0,137.0,273.0,158.0,52.0,210.0,game,Spread,Denver Broncos,,5.5,kalshi,143,—,—,,-3,,hit,,,,—,,
2026-10-04T23:00:39.811782+00:00,nfl,2026,4,401872975,4018729751075,2,12:36,Official Timeout at 12:36.,1,10,SF 12,12,-3,San Francisco 49ers,Denver Broncos,0,3,89.5,10.5,136.0,137.0,273.0,158.0,52.0,210.0,game,Spread,San Francisco 49ers,,-5.5,kalshi,-171,—,—,,-3,,miss,,,,—,,
2026-10-04T23:00:39.811782+00:00,nfl,2026,4,401872975,4018729751075,2,12:36,Official Timeout at 12:36.,1,10,SF 12,12,-3,San Francisco 49ers,Denver Broncos,0,3,89.5,10.5,136.0,137.0,273.0,158.0,52.0,210.0,game,Total,Over,,28.5,betfair,-130,—,—,,3.0,,miss,,,,—,,
2026-10-04T23:00:39.811782+00:00,nfl,2026,4,401872975,4018729751075,2,12:36,Official Timeout at 12:36.,1,10,SF 12,12,-3,San Francisco 49ers,Denver Broncos,0,3,89.5,10.5,136.0,137.0,273.0,158.0,52.0,210.0,game,Total,Under,,28.5,polymarket,117,—,—,,3.0,,hit,,,,—,,
2026-10-04T23:00:39.811782+00:00,nfl,2026,4,401872975,4018729751075,2,12:36,Official Timeout at 12:36.,1,10,SF 12,12,-3,San Francisco 49ers,Denver Broncos,0,3,89.5,10.5,136.0,137.0,273.0,158.0,52.0,210.0,game,ML,Denver Broncos,,,polymarket,669,—,—,,Win,,hit,,,,—,,
2026-10-04T23:00:39.811782+00:00,nfl,2026,4,401872975,4018729751075,2,12:36,Official Timeout at 12:36.,1,10,SF 12,12,-3,San Francisco 49ers,Denver Broncos,0,3,89.5,10.5,136.0,137.0,273.0,158.0,52.0,210.0,game,ML,San Francisco 49ers,,,betfair,-787,—,—,,Loss,,miss,,,,—,,
2026-10-04T23:00:39.811782+00:00,nfl,2026,4,401872975,4018729751084,2,12:36,B.Purdy pass short middle to G.Kittle to SF 16 for 4 yards (A.Singleton).,1,10,SF 12,12,-3,San Francisco 49ers,Denver Broncos,0,3,89.5,10.5,136.0,137.0,273.0,158.0,52.0,210.0,game,Spread,Denver Broncos,,5.5,kalshi,143,—,—,,-3,,hit,,,,—,,
2026-10-04T23:00:39.811782+00:00,nfl,2026,4,401872975,4018729751084,2,12:36,B.Purdy pass short middle to G.Kittle to SF 16 for 4 yards (A.Singleton).,1,10,SF 12,12,-3,San Francisco 49ers,Denver Broncos,0,3,89.5,10.5,136.0,137.0,273.0,158.0,52.0,210.0,game,Spread,San Francisco 49ers,,-5.5,kalshi,-171,—,—,,-3,,miss,,,,—,,
2026-10-04T23:00:39.811782+00:00,nfl,2026,4,401872975,4018729751084,2,12:36,B.Purdy pass short middle to G.Kittle to SF 16 for 4 yards (A.Singleton).,1,10,SF 12,12,-3,San Francisco 49ers,Denver Broncos,0,3,89.5,10.5,136.0,137.0,273.0,158.0,52.0,210.0,game,Total,Over,,28.5,betfair,-130,—,—,,3.0,,miss,,,,—,,
2026-10-04T23:00:39.811782+00:00,nfl,2026,4,401872975,4018729751084,2,12:36,B.Purdy pass short middle to G.Kittle to SF 16 for 4 yards (A.Singleton).,1,10,SF 12,12,-3,San Francisco 49ers,Denver Broncos,0,3,89.5,10.5,136.0,137.0,273.0,158.0,52.0,210.0,game,Total,Under,,28.5,polymarket,117,—,—,,3.0,,hit,,,,—,,
2026-10-04T23:00:39.811782+00:00,nfl,2026,4,401872975,4018729751084,2,12:36,B.Purdy pass short middle to G.Kittle to SF 16 for 4 yards (A.Singleton).,1,10,SF 12,12,-3,San Francisco 49ers,Denver Broncos,0,3,89.5,10.5,136.0,137.0,273.0,158.0,52.0,210.0,game,ML,Denver Broncos,,,polymarket,669,—,—,,Win,,hit,,,,—,,
2026-10-04T23:00:39.811782+00:00,nfl,2026,4,401872975,4018729751084,2,12:36,B.Purdy pass short middle to G.Kittle to SF 16 for 4 yards (A.Singleton).,1,10,SF 12,12,-3,San Francisco 49ers,Denver Broncos,0,3,89.5,10.5,136.0,137.0,273.0,158.0,52.0,210.0,game,ML,San Francisco 49ers,,,betfair,-787,—,—,,Loss,,miss,,,,—,,
2026-10-04T23:00:39.811782+00:00,nfl,2026,4,401872975,4018729751116,2,11:53,K.Black up the middle to SF 21 for 5 yards (Q.Robinson; A.Singleton).,2,6,SF 16,16,-3,San Francisco 49ers,Denver Broncos,0,3,89.5,10.5,136.0,137.0,273.0,158.0,52.0,210.0,game,Spread,Denver Broncos,,5.5,kalshi,143,—,—,,-3,,hit,,,,—,,
2026-10-04T23:00:39.811782+00:00,nfl,2026,4,401872975,4018729751116,2,11:53,K.Black up the middle to SF 21 for 5 yards (Q.Robinson; A.Singleton).,2,6,SF 16,16,-3,San Francisco 49ers,Denver Broncos,0,3,89.5,10.5,136.0,137.0,273.0,158.0,52.0,210.0,game,Spread,San Francisco 49ers,,-5.5,kalshi,-171,—,—,,-3,,miss,,,,—,,
2026-10-04T23:00:39.811782+00:00,nfl,2026,4,401872975,4018729751116,2,11:53,K.Black up the middle to SF 21 for 5 yards (Q.Robinson; A.Singleton).,2,6,SF 16,16,-3,San Francisco 49ers,Denver Broncos,0,3,89.5,10.5,136.0,137.0,273.0,158.0,52.0,210.0,game,Total,Over,,28.5,betfair,-130,—,—,,3.0,,miss,,,,—,,
2026-10-04T23:00:39.811782+00:00,nfl,2026,4,401872975,4018729751116,2,11:53,K.Black up the middle to SF 21 for 5 yards (Q.Robinson; A.Singleton).,2,6,SF 16,16,-3,San Francisco 49ers,Denver Broncos,0,3,89.5,10.5,136.0,137.0,273.0,158.0,52.0,210.0,game,Total,Under,,28.5,polymarket,117,—,—,,3.0,,hit,,,,—,,
2026-10-04T23:00:39.811782+00:00,nfl,2026,4,401872975,4018729751116,2,11:53,K.Black up the middle to SF 21 for 5 yards (Q.Robinson; A.Singleton).,2,6,SF 16,16,-3,San Francisco 49ers,Denver Broncos,0,3,89.5,10.5,136.0,137.0,273.0,158.0,52.0,210.0,game,ML,Denver Broncos,,,polymarket,669,—,—,,Win,,hit,,,,—,,
2026-10-04T23:00:39.811782+00:00,nfl,2026,4,401872975,4018729751116,2,11:53,K.Black up the middle to SF 21 for 5 yards (Q.Robinson; A.Singleton).,2,6,SF 16,16,-3,San Francisco 49ers,Denver Broncos,0,3,89.5,10.5,136.0,137.0,273.0,158.0,52.0,210.0,game,ML,San Francisco 49ers,,,betfair,-787,—,—,,Loss,,miss,,,,—,,
2026-10-04T23:00:39.811782+00:00,nfl,2026,4,401872975,4018729751138,2,11:18,C.McCaffrey left guard to SF 21 for no gain (D.Jones).,3,1,SF 21,21,-3,San Francisco 49ers,Denver Broncos,0,3,89.5,10.5,136.0,137.0,273.0,158.0,52.0,210.0,game,Spread,Denver Broncos,,5.5,kalshi,143,—,—,,-3,,hit,,,,—,,
2026-10-04T23:00:39.811782+00:00,nfl,2026,4,401872975,4018729751138,2,11:18,C.McCaffrey left guard to SF 21 for no gain (D.Jones).,3,1,SF 21,21,-3,San Francisco 49ers,Denver Broncos,0,3,89.5,10.5,136.0,137.0,273.0,158.0,52.0,210.0,game,Spread,San Francisco 49ers,,-5.5,kalshi,-171,—,—,,-3,,miss,,,,—,,
2026-10-04T23:00:39.811782+00:00,nfl,2026,4,401872975,4018729751138,2,11:18,C.McCaffrey left guard to SF 21 for no gain (D.Jones).,3,1,SF 21,21,-3,San Francisco 49ers,Denver Broncos,0,3,89.5,10.5,136.0,137.0,273.0,158.0,52.0,210.0,game,Total,Over,,28.5,betfair,-130,—,—,,3.0,,miss,,,,—,,
2026-10-04T23:00:39.811782+00:00,nfl,2026,4,401872975,4018729751138,2,11:18,C.McCaffrey left guard to SF 21 for no gain (D.Jones).,3,1,SF 21,21,-3,San Francisco 49ers,Denver Broncos,0,3,89.5,10.5,136.0,137.0,273.0,158.0,52.0,210.0,game,Total,Under,,28.5,polymarket,117,—,—,,3.0,,hit,,,,—,,
2026-10-04T23:00:39.811782+00:00,nfl,2026,4,401872975,4018729751138,2,11:18,C.McCaffrey left guard to SF 21 for no gain (D.Jones).,3,1,SF 21,21,-3,San Francisco 49ers,Denver Broncos,0,3,89.5,10.5,136.0,137.0,273.0,158.0,52.0,210.0,game,ML,Denver Broncos,,,polymarket,669,—,—,,Win,,hit,,,,—,,
2026-10-04T23:00:39.811782+00:00,nfl,2026,4,401872975,4018729751138,2,11:18,C.McCaffrey left guard to SF 21 for no gain (D.Jones).,3,1,SF 21,21,-3,San Francisco 49ers,Denver Broncos,0,3,89.5,10.5,136.0,137.0,273.0,158.0,52.0,210.0,game,ML,San Francisco 49ers,,,betfair,-787,—,—,,Loss,,miss,,,,—,,
2026-10-04T23:00:39.811782+00:00,nfl,2026,4,401872975,4018729751160,2,10:34,"C.Waitman punts 49 yards to DEN 30, Center-J.Weeks, fair catch by M.Mims.",4,1,SF 21,21,-3,San Francisco 49ers,Denver Broncos,0,3,89.5,10.5,136.0,137.0,273.0,158.0,52.0,210.0,game,Spread,Denver Broncos,,5.5,kalshi,143,—,—,,-3,,hit,,,,—,,
2026-10-04T23:00:39.811782+00:00,nfl,2026,4,401872975,4018729751160,2,10:34,"C.Waitman punts 49 yards to DEN 30, Center-J.Weeks, fair catch by M.Mims.",4,1,SF 21,21,-3,San Francisco 49ers,Denver Broncos,0,3,89.5,10.5,136.0,137.0,273.0,158.0,52.0,210.0,game,Spread,San Francisco 49ers,,-5.5,kalshi,-171,—,—,,-3,,miss,,,,—,,
2026-10-04T23:00:39.811782+00:00,nfl,2026,4,401872975,4018729751160,2,10:34,"C.Waitman punts 49 yards to DEN 30, Center-J.Weeks, fair catch by M.Mims.",4,1,SF 21,21,-3,San Francisco 49ers,Denver Broncos,0,3,89.5,10.5,136.0,137.0,273.0,158.0,52.0,210.0,game,Total,Over,,28.5,betfair,-130,—,—,,3.0,,miss,,,,—,,
2026-10-04T23:00:39.811782+00:00,nfl,2026,4,401872975,4018729751160,2,10:34,"C.Waitman punts 49 yards to DEN 30, Center-J.Weeks, fair catch by M.Mims.",4,1,SF 21,21,-3,San Francisco 49ers,Denver Broncos,0,3,89.5,10.5,136.0,137.0,273.0,158.0,52.0,210.0,game,Total,Under,,28.5,polymarket,117,—,—,,3.0,,hit,,,,—,,
2026-10-04T23:00:39.811782+00:00,nfl,2026,4,401872975,4018729751160,2,10:34,"C.Waitman punts 49 yards to DEN 30, Center-J.Weeks, fair catch by M.Mims.",4,1,SF 21,21,-3,San Francisco 49ers,Denver Broncos,0,3,89.5,10.5,136.0,137.0,273.0,158.0,52.0,210.0,game,ML,Denver Broncos,,,polymarket,669,—,—,,Win,,hit,,,,—,,
2026-10-04T23:00:39.811782+00:00,nfl,2026,4,401872975,4018729751160,2,10:34,"C.Waitman punts 49 yards to DEN 30, Center-J.Weeks, fair catch by M.Mims.",4,1,SF 21,21,-3,San Francisco 49ers,Denver Broncos,0,3,89.5,10.5,136.0,137.0,273.0,158.0,52.0,210.0,game,ML,San Francisco 49ers,,,betfair,-787,—,—,,Loss,,miss,,,,—,,
2026-10-04T23:00:39.811782+00:00,nfl,2026,4,401872975,4018729751170,2,10:28,Official Timeout at 10:28.,1,10,DEN 30,70,-3,San Francisco 49ers,Denver Broncos,0,3,89.5,10.5,136.0,137.0,273.0,158.0,52.0,210.0,game,Spread,Denver Broncos,,5.5,kalshi,143,—,—,,-3,,hit,,,,—,,
2026-10-04T23:00:39.811782+00:00,nfl,2026,4,401872975,4018729751170,2,10:28,Official Timeout at 10:28.,1,10,DEN 30,70,-3,San Francisco 49ers,Denver Broncos,0,3,89.5,10.5,136.0,137.0,273.0,158.0,52.0,210.0,game,Spread,San Francisco 49ers,,-5.5,kalshi,-171,—,—,,-3,,miss,,,,—,,
2026-10-04T23:00:39.811782+00:00,nfl,2026,4,401872975,4018729751170,2,10:28,Official Timeout at 10:28.,1,10,DEN 30,70,-3,San Francisco 49ers,Denver Broncos,0,3,89.5,10.5,136.0,137.0,273.0,158.0,52.0,210.0,game,Total,Over,,28.5,betfair,-130,—,—,,3.0,,miss,,,,—,,
2026-10-04T23:00:39.811782+00:00,nfl,2026,4,401872975,4018729751170,2,10:28,Official Timeout at 10:28.,1,10,DEN 30,70,-3,San Francisco 49ers,Denver Broncos,0,3,89.5,10.5,136.0,137.0,273.0,158.0,52.0,210.0,game,Total,Under,,28.5,polymarket,117,—,—,,3.0,,hit,,,,—,,
2026-10-04T23:00:39.811782+00:00,nfl,2026,4,401872975,4018729751170,2,10:28,Official Timeout at 10:28.,1,10,DEN 30,70,-3,San Francisco 49ers,Denver Broncos,0,3,89.5,10.5,136.0,137.0,273.0,158.0,52.0,210.0,game,ML,Denver Broncos,,,polymarket,669,—,—,,Win,,hit,,,,—,,
2026-10-04T23:00:39.811782+00:00,nfl,2026,4,401872975,4018729751170,2,10:28,Official Timeout at 10:28.,1,10,DEN 30,70,-3,San Francisco 49ers,Denver Broncos,0,3,89.5,10.5,136.0,137.0,273.0,158.0,52.0,210.0,game,ML,San Francisco 49ers,,,betfair,-787,—,—,,Loss,,miss,,,,—,,
2026-10-04T23:00:39.811782+00:00,nfl,2026,4,401872975,4018729751180,2,10:28,J.Dobbins left guard to DEN 30 for no gain (F.Warner).,1,10,DEN 30,70,-3,San Francisco 49ers,Denver Broncos,0,3,89.5,10.5,136.0,137.0,273.0,158.0,52.0,210.0,game,Spread,Denver Broncos,,5.5,kalshi,143,—,—,,-3,,hit,,,,—,,
2026-10-04T23:00:39.811782+00:00,nfl,2026,4,401872975,4018729751180,2,10:28,J.Dobbins left guard to DEN 30 for no gain (F.Warner).,1,10,DEN 30,70,-3,San Francisco 49ers,Denver Broncos,0,3,89.5,10.5,136.0,137.0,273.0,158.0,52.0,210.0,game,Spread,San Francisco 49ers,,-5.5,kalshi,-171,—,—,,-3,,miss,,,,—,,
2026-10-04T23:00:39.811782+00:00,nfl,2026,4,401872975,4018729751180,2,10:28,J.Dobbins left guard to DEN 30 for no gain (F.Warner).,1,10,DEN 30,70,-3,San Francisco 49ers,Denver Broncos,0,3,89.5,10.5,136.0,137.0,273.0,158.0,52.0,210.0,game,Total,Over,,28.5,betfair,-130,—,—,,3.0,,miss,,,,—,,
2026-10-04T23:00:39.811782+00:00,nfl,2026,4,401872975,4018729751180,2,10:28,J.Dobbins left guard to DEN 30 for no gain (F.Warner).,1,10,DEN 30,70,-3,San Francisco 49ers,Denver Broncos,0,3,89.5,10.5,136.0,137.0,273.0,158.0,52.0,210.0,game,Total,Under,,28.5,polymarket,117,—,—,,3.0,,hit,,,,—,,
2026-10-04T23:00:39.811782+00:00,nfl,2026,4,401872975,4018729751180,2,10:28,J.Dobbins left guard to DEN 30 for no gain (F.Warner).,1,10,DEN 30,70,-3,San Francisco 49ers,Denver Broncos,0,3,89.5,10.5,136.0,137.0,273.0,158.0,52.0,210.0,game,ML,Denver Broncos,,,polymarket,669,—,—,,Win,,hit,,,,—,,
2026-10-04T23:00:39.811782+00:00,nfl,2026,4,401872975,4018729751180,2,10:28,J.Dobbins left guard to DEN 30 for no gain (F.Warner).,1,10,DEN 30,70,-3,San Francisco 49ers,Denver Broncos,0,3,89.5,10.5,136.0,137.0,273.0,158.0,52.0,210.0,game,ML,San Francisco 49ers,,,betfair,-787,—,—,,Loss,,miss,,,,—,,
2026-10-04T23:00:39.811782+00:00,nfl,2026,4,401872975,4018729751209,2,9:50,(Shotgun) B.Nix pass short left to J.Waddle to DEN 39 for 9 yards (M.Mustapha).,2,10,DEN 30,70,-3,San Francisco 49ers,Denver Broncos,0,3,89.5,10.5,136.0,137.0,273.0,158.0,52.0,210.0,game,Spread,Denver Broncos,,5.5,kalshi,143,—,—,,-3,,hit,,,,—,,
2026-10-04T23:00:39.811782+00:00,nfl,2026,4,401872975,4018729751209,2,9:50,(Shotgun) B.Nix pass short left to J.Waddle to DEN 39 for 9 yards (M.Mustapha).,2,10,DEN 30,70,-3,San Francisco 49ers,Denver Broncos,0,3,89.5,10.5,136.0,137.0,273.0,158.0,52.0,210.0,game,Spread,San Francisco 49ers,,-5.5,kalshi,-171,—,—,,-3,,miss,,,,—,,
2026-10-04T23:00:39.811782+00:00,nfl,2026,4,401872975,4018729751209,2,9:50,(Shotgun) B.Nix pass short left to J.Waddle to DEN 39 for 9 yards (M.Mustapha).,2,10,DEN 30,70,-3,San Francisco 49ers,Denver Broncos,0,3,89.5,10.5,136.0,137.0,273.0,158.0,52.0,210.0,game,Total,Over,,28.5,betfair,-130,—,—,,3.0,,miss,,,,—,,
2026-10-04T23:00:39.811782+00:00,nfl,2026,4,401872975,4018729751209,2,9:50,(Shotgun) B.Nix pass short left to J.Waddle to DEN 39 for 9 yards (M.Mustapha).,2,10,DEN 30,70,-3,San Francisco 49ers,Denver Broncos,0,3,89.5,10.5,136.0,137.0,273.0,158.0,52.0,210.0,game,Total,Under,,28.5,polymarket,117,—,—,,3.0,,hit,,,,—,,
2026-10-04T23:00:39.811782+00:00,nfl,2026,4,401872975,4018729751209,2,9:50,(Shotgun) B.Nix pass short left to J.Waddle to DEN 39 for 9 yards (M.Mustapha).,2,10,DEN 30,70,-3,San Francisco 49ers,Denver Broncos,0,3,89.5,10.5,136.0,137.0,273.0,158.0,52.0,210.0,game,ML,Denver Broncos,,,polymarket,669,—,—,,Win,,hit,,,,—,,
2026-10-04T23:00:39.811782+00:00,nfl,2026,4,401872975,4018729751209,2,9:50,(Shotgun) B.Nix pass short left to J.Waddle to DEN 39 for 9 yards (M.Mustapha).,2,10,DEN 30,70,-3,San Francisco 49ers,Denver Broncos,0,3,89.5,10.5,136.0,137.0,273.0,158.0,52.0,210.0,game,ML,San Francisco 49ers,,,betfair,-787,—,—,,Loss,,miss,,,,—,,
2026-10-04T23:00:39.811782+00:00,nfl,2026,4,401872975,4018729751234,2,9:06,"PENALTY on DEN-G.Bolles, False Start, 4 yards, enforced at DEN 39 - No Play.",3,1,DEN 39,61,-3,San Francisco 49ers,Denver Broncos,0,3,89.5,10.5,136.0,137.0,273.0,158.0,52.0,210.0,game,Spread,Denver Broncos,,5.5,kalshi,143,—,—,,-3,,hit,,,,—,,
2026-10-04T23:00:39.811782+00:00,nfl,2026,4,401872975,4018729751234,2,9:06,"PENALTY on DEN-G.Bolles, False Start, 4 yards, enforced at DEN 39 - No Play.",3,1,DEN 39,61,-3,San Francisco 49ers,Denver Broncos,0,3,89.5,10.5,136.0,137.0,273.0,158.0,52.0,210.0,game,Spread,San Francisco 49ers,,-5.5,kalshi,-171,—,—,,-3,,miss,,,,—,,
2026-10-04T23:00:39.811782+00:00,nfl,2026,4,401872975,4018729751234,2,9:06,"PENALTY on DEN-G.Bolles, False Start, 4 yards, enforced at DEN 39 - No Play.",3,1,DEN 39,61,-3,San Francisco 49ers,Denver Broncos,0,3,89.5,10.5,136.0,137.0,273.0,158.0,52.0,210.0,game,Total,Over,,28.5,betfair,-130,—,—,,3.0,,miss,,,,—,,
2026-10-04T23:00:39.811782+00:00,nfl,2026,4,401872975,4018729751234,2,9:06,"PENALTY on DEN-G.Bolles, False Start, 4 yards, enforced at DEN 39 - No Play.",3,1,DEN 39,61,-3,San Francisco 49ers,Denver Broncos,0,3,89.5,10.5,136.0,137.0,273.0,158.0,52.0,210.0,game,Total,Under,,28.5,polymarket,117,—,—,,3.0,,hit,,,,—,,
2026-10-04T23:00:39.811782+00:00,nfl,2026,4,401872975,4018729751234,2,9:06,"PENALTY on DEN-G.Bolles, False Start, 4 yards, enforced at DEN 39 - No Play.",3,1,DEN 39,61,-3,San Francisco 49ers,Denver Broncos,0,3,89.5,10.5,136.0,137.0,273.0,158.0,52.0,210.0,game,ML,Denver Broncos,,,polymarket,669,—,—,,Win,,hit,,,,—,,
2026-10-04T23:00:39.811782+00:00,nfl,2026,4,401872975,4018729751234,2,9:06,"PENALTY on DEN-G.Bolles, False Start, 4 yards, enforced at DEN 39 - No Play.",3,1,DEN 39,61,-3,San Francisco 49ers,Denver Broncos,0,3,89.5,10.5,136.0,137.0,273.0,158.0,52.0,210.0,game,ML,San Francisco 49ers,,,betfair,-787,—,—,,Loss,,miss,,,,—,,
2026-10-04T23:00:39.811782+00:00,nfl,2026,4,401872975,4018729751258,2,8:43,(Shotgun) B.Nix scrambles left end to DEN 42 for 7 yards (O.Okoronkwo).,3,5,DEN 35,65,-3,San Francisco 49ers,Denver Broncos,0,3,89.5,10.5,136.0,137.0,273.0,158.0,52.0,210.0,game,Spread,Denver Broncos,,5.5,kalshi,143,—,—,,-3,,hit,,,,—,,
2026-10-04T23:00:39.811782+00:00,nfl,2026,4,401872975,4018729751258,2,8:43,(Shotgun) B.Nix scrambles left end to DEN 42 for 7 yards (O.Okoronkwo).,3,5,DEN 35,65,-3,San Francisco 49ers,Denver Broncos,0,3,89.5,10.5,136.0,137.0,273.0,158.0,52.0,210.0,game,Spread,San Francisco 49ers,,-5.5,kalshi,-171,—,—,,-3,,miss,,,,—,,
2026-10-04T23:00:39.811782+00:00,nfl,2026,4,401872975,4018729751258,2,8:43,(Shotgun) B.Nix scrambles left end to DEN 42 for 7 yards (O.Okoronkwo).,3,5,DEN 35,65,-3,San Francisco 49ers,Denver Broncos,0,3,89.5,10.5,136.0,137.0,273.0,158.0,52.0,210.0,game,Total,Over,,28.5,betfair,-130,—,—,,3.0,,miss,,,,—,,
2026-10-04T23:00:39.811782+00:00,nfl,2026,4,401872975,4018729751258,2,8:43,(Shotgun) B.Nix scrambles left end to DEN 42 for 7 yards (O.Okoronkwo).,3,5,DEN 35,65,-3,San Francisco 49ers,Denver Broncos,0,3,89.5,10.5,136.0,137.0,273.0,158.0,52.0,210.0,game,Total,Under,,28.5,polymarket,117,—,—,,3.0,,hit,,,,—,,
2026-10-04T23:00:39.811782+00:00,nfl,2026,4,401872975,4018729751258,2,8:43,(Shotgun) B.Nix scrambles left end to DEN 42 for 7 yards (O.Okoronkwo).,3,5,DEN 35,65,-3,San Francisco 49ers,Denver Broncos,0,3,89.5,10.5,136.0,137.0,273.0,158.0,52.0,210.0,game,ML,Denver Broncos,,,polymarket,669,—,—,,Win,,hit,,,,—,,
2026-10-04T23:00:39.811782+00:00,nfl,2026,4,401872975,4018729751258,2,8:43,(Shotgun) B.Nix scrambles left end to DEN 42 for 7 yards (O.Okoronkwo).,3,5,DEN 35,65,-3,San Francisco 49ers,Denver Broncos,0,3,89.5,10.5,136.0,137.0,273.0,158.0,52.0,210.0,game,ML,San Francisco 49ers,,,betfair,-787,—,—,,Loss,,miss,,,,—,,
2026-10-04T23:00:39.811782+00:00,nfl,2026,4,401872975,4018729751280,2,7:57,J.Dobbins up the middle to DEN 46 for 4 yards (F.Warner; D.Greenlaw).,1,10,DEN 42,58,-3,San Francisco 49ers,Denver Broncos,0,3,89.5,10.5,136.0,137.0,273.0,158.0,52.0,210.0,game,Spread,Denver Broncos,,5.5,kalshi,143,—,—,,-3,,hit,,,,—,,
2026-10-04T23:00:39.811782+00:00,nfl,2026,4,401872975,4018729751280,2,7:57,J.Dobbins up the middle to DEN 46 for 4 yards (F.Warner; D.Greenlaw).,1,10,DEN 42,58,-3,San Francisco 49ers,Denver Broncos,0,3,89.5,10.5,136.0,137.0,273.0,158.0,52.0,210.0,game,Spread,San Francisco 49ers,,-5.5,kalshi,-171,—,—,,-3,,miss,,,,—,,
2026-10-04T23:00:39.811782+00:00,nfl,2026,4,401872975,4018729751280,2,7:57,J.Dobbins up the middle to DEN 46 for 4 yards (F.Warner; D.Greenlaw).,1,10,DEN 42,58,-3,San Francisco 49ers,Denver Broncos,0,3,89.5,10.5,136.0,137.0,273.0,158.0,52.0,210.0,game,Total,Over,,28.5,betfair,-130,—,—,,3.0,,miss,,,,—,,
2026-10-04T23:00:39.811782+00:00,nfl,2026,4,401872975,4018729751280,2,7:57,J.Dobbins up the middle to DEN 46 for 4 yards (F.Warner; D.Greenlaw).,1,10,DEN 42,58,-3,San Francisco 49ers,Denver Broncos,0,3,89.5,10.5,136.0,137.0,273.0,158.0,52.0,210.0,game,Total,Under,,28.5,polymarket,117,—,—,,3.0,,hit,,,,—,,
2026-10-04T23:00:39.811782+00:00,nfl,2026,4,401872975,4018729751280,2,7:57,J.Dobbins up the middle to DEN 46 for 4 yards (F.Warner; D.Greenlaw).,1,10,DEN 42,58,-3,San Francisco 49ers,Denver Broncos,0,3,89.5,10.5,136.0,137.0,273.0,158.0,52.0,210.0,game,ML,Denver Broncos,,,polymarket,669,—,—,,Win,,hit,,,,—,,
2026-10-04T23:00:39.811782+00:00,nfl,2026,4,401872975,4018729751280,2,7:57,J.Dobbins up the middle to DEN 46 for 4 yards (F.Warner; D.Greenlaw).,1,10,DEN 42,58,-3,San Francisco 49ers,Denver Broncos,0,3,89.5,10.5,136.0,137.0,273.0,158.0,52.0,210.0,game,ML,San Francisco 49ers,,,betfair,-787,—,—,,Loss,,miss,,,,—,,
2026-10-04T23:00:39.811782+00:00,nfl,2026,4,401872975,4018729751302,2,7:18,J.Dobbins right end to 50 for 4 yards (G.Halton; F.Warner).,2,6,DEN 46,54,-3,San Francisco 49ers,Denver Broncos,0,3,89.5,10.5,136.0,137.0,273.0,158.0,52.0,210.0,game,Spread,Denver Broncos,,5.5,kalshi,143,—,—,,-3,,hit,,,,—,,
2026-10-04T23:00:39.811782+00:00,nfl,2026,4,401872975,4018729751302,2,7:18,J.Dobbins right end to 50 for 4 yards (G.Halton; F.Warner).,2,6,DEN 46,54,-3,San Francisco 49ers,Denver Broncos,0,3,89.5,10.5,136.0,137.0,273.0,158.0,52.0,210.0,game,Spread,San Francisco 49ers,,-5.5,kalshi,-171,—,—,,-3,,miss,,,,—,,
2026-10-04T23:00:39.811782+00:00,nfl,2026,4,401872975,4018729751302,2,7:18,J.Dobbins right end to 50 for 4 yards (G.Halton; F.Warner).,2,6,DEN 46,54,-3,San Francisco 49ers,Denver Broncos,0,3,89.5,10.5,136.0,137.0,273.0,158.0,52.0,210.0,game,Total,Over,,28.5,betfair,-130,—,—,,3.0,,miss,,,,—,,
2026-10-04T23:00:39.811782+00:00,nfl,2026,4,401872975,4018729751302,2,7:18,J.Dobbins right end to 50 for 4 yards (G.Halton; F.Warner).,2,6,DEN 46,54,-3,San Francisco 49ers,Denver Broncos,0,3,89.5,10.5,136.0,137.0,273.0,158.0,52.0,210.0,game,Total,Under,,28.5,polymarket,117,—,—,,3.0,,hit,,,,—,,
2026-10-04T23:00:39.811782+00:00,nfl,2026,4,401872975,4018729751302,2,7:18,J.Dobbins right end to 50 for 4 yards (G.Halton; F.Warner).,2,6,DEN 46,54,-3,San Francisco 49ers,Denver Broncos,0,3,89.5,10.5,136.0,137.0,273.0,158.0,52.0,210.0,game,ML,Denver Broncos,,,polymarket,669,—,—,,Win,,hit,,,,—,,
2026-10-04T23:00:39.811782+00:00,nfl,2026,4,401872975,4018729751302,2,7:18,J.Dobbins right end to 50 for 4 yards (G.Halton; F.Warner).,2,6,DEN 46,54,-3,San Francisco 49ers,Denver Broncos,0,3,89.5,10.5,136.0,137.0,273.0,158.0,52.0,210.0,game,ML,San Francisco 49ers,,,betfair,-787,—,—,,Loss,,miss,,,,—,,
2026-10-04T23:00:39.811782+00:00,nfl,2026,4,401872975,4018729751324,2,6:40,T.Badie right guard to SF 47 for 3 yards (F.Warner).,3,2,50,50,-3,San Francisco 49ers,Denver Broncos,0,3,89.5,10.5,136.0,137.0,273.0,158.0,52.0,210.0,game,Spread,Denver Broncos,,5.5,kalshi,143,—,—,,-3,,hit,,,,—,,
2026-10-04T23:00:39.811782+00:00,nfl,2026,4,401872975,4018729751324,2,6:40,T.Badie right guard to SF 47 for 3 yards (F.Warner).,3,2,50,50,-3,San Francisco 49ers,Denver Broncos,0,3,89.5,10.5,136.0,137.0,273.0,158.0,52.0,210.0,game,Spread,San Francisco 49ers,,-5.5,kalshi,-171,—,—,,-3,,miss,,,,—,,
2026-10-04T23:00:39.811782+00:00,nfl,2026,4,401872975,4018729751324,2,6:40,T.Badie right guard to SF 47 for 3 yards (F.Warner).,3,2,50,50,-3,San Francisco 49ers,Denver Broncos,0,3,89.5,10.5,136.0,137.0,273.0,158.0,52.0,210.0,game,Total,Over,,28.5,betfair,-130,—,—,,3.0,,miss,,,,—,,
2026-10-04T23:00:39.811782+00:00,nfl,2026,4,401872975,4018729751324,2,6:40,T.Badie right guard to SF 47 for 3 yards (F.Warner).,3,2,50,50,-3,San Francisco 49ers,Denver Broncos,0,3,89.5,10.5,136.0,137.0,273.0,158.0,52.0,210.0,game,Total,Under,,28.5,polymarket,117,—,—,,3.0,,hit,,,,—,,
2026-10-04T23:00:39.811782+00:00,nfl,2026,4,401872975,4018729751324,2,6:40,T.Badie right guard to SF 47 for 3 yards (F.Warner).,3,2,50,50,-3,San Francisco 49ers,Denver Broncos,0,3,89.5,10.5,136.0,137.0,273.0,158.0,52.0,210.0,game,ML,Denver Broncos,,,polymarket,669,—,—,,Win,,hit,,,,—,,
2026-10-04T23:00:39.811782+00:00,nfl,2026,4,401872975,4018729751324,2,6:40,T.Badie right guard to SF 47 for 3 yards (F.Warner).,3,2,50,50,-3,San Francisco 49ers,Denver Broncos,0,3,89.5,10.5,136.0,137.0,273.0,158.0,52.0,210.0,game,ML,San Francisco 49ers,,,betfair,-787,—,—,,Loss,,miss,,,,—,,
2026-10-04T23:00:39.811782+00:00,nfl,2026,4,401872975,4018729751346,2,6:01,B.Nix pass incomplete short right.,1,10,SF 47,47,-3,San Francisco 49ers,Denver Broncos,0,3,89.5,10.5,136.0,137.0,273.0,158.0,52.0,210.0,game,Spread,Denver Broncos,,5.5,kalshi,143,—,—,,-3,,hit,,,,—,,
2026-10-04T23:00:39.811782+00:00,nfl,2026,4,401872975,4018729751346,2,6:01,B.Nix pass incomplete short right.,1,10,SF 47,47,-3,San Francisco 49ers,Denver Broncos,0,3,89.5,10.5,136.0,137.0,273.0,158.0,52.0,210.0,game,Spread,San Francisco 49ers,,-5.5,kalshi,-171,—,—,,-3,,miss,,,,—,,
2026-10-04T23:00:39.811782+00:00,nfl,2026,4,401872975,4018729751346,2,6:01,B.Nix pass incomplete short right.,1,10,SF 47,47,-3,San Francisco 49ers,Denver Broncos,0,3,89.5,10.5,136.0,137.0,273.0,158.0,52.0,210.0,game,Total,Over,,28.5,betfair,-130,—,—,,3.0,,miss,,,,—,,
2026-10-04T23:00:39.811782+00:00,nfl,2026,4,401872975,4018729751346,2,6:01,B.Nix pass incomplete short right.,1,10,SF 47,47,-3,San Francisco 49ers,Denver Broncos,0,3,89.5,10.5,136.0,137.0,273.0,158.0,52.0,210.0,game,Total,Under,,28.5,polymarket,117,—,—,,3.0,,hit,,,,—,,
2026-10-04T23:00:39.811782+00:00,nfl,2026,4,401872975,4018729751346,2,6:01,B.Nix pass incomplete short right.,1,10,SF 47,47,-3,San Francisco 49ers,Denver Broncos,0,3,89.5,10.5,136.0,137.0,273.0,158.0,52.0,210.0,game,ML,Denver Broncos,,,polymarket,669,—,—,,Win,,hit,,,,—,,
2026-10-04T23:00:39.811782+00:00,nfl,2026,4,401872975,4018729751346,2,6:01,B.Nix pass incomplete short right.,1,10,SF 47,47,-3,San Francisco 49ers,Denver Broncos,0,3,89.5,10.5,136.0,137.0,273.0,158.0,52.0,210.0,game,ML,San Francisco 49ers,,,betfair,-787,—,—,,Loss,,miss,,,,—,,
2026-10-04T23:00:39.811782+00:00,nfl,2026,4,401872975,4018729751383,2,5:53,"(No Huddle, Shotgun) B.Nix pass short left to J.Dobbins pushed ob at SF 42 for 5 yards (U.Stout).",2,10,SF 47,47,-3,San Francisco 49ers,Denver Broncos,0,3,89.5,10.5,136.0,137.0,273.0,158.0,52.0,210.0,game,Spread,Denver Broncos,,5.5,kalshi,143,—,—,,-3,,hit,,,,—,,
2026-10-04T23:00:39.811782+00:00,nfl,2026,4,401872975,4018729751383,2,5:53,"(No Huddle, Shotgun) B.Nix pass short left to J.Dobbins pushed ob at SF 42 for 5 yards (U.Stout).",2,10,SF 47,47,-3,San Francisco 49ers,Denver Broncos,0,3,89.5,10.5,136.0,137.0,273.0,158.0,52.0,210.0,game,Spread,San Francisco 49ers,,-5.5,kalshi,-171,—,—,,-3,,miss,,,,—,,
2026-10-04T23:00:39.811782+00:00,nfl,2026,4,401872975,4018729751383,2,5:53,"(No Huddle, Shotgun) B.Nix pass short left to J.Dobbins pushed ob at SF 42 for 5 yards (U.Stout).",2,10,SF 47,47,-3,San Francisco 49ers,Denver Broncos,0,3,89.5,10.5,136.0,137.0,273.0,158.0,52.0,210.0,game,Total,Over,,28.5,betfair,-130,—,—,,3.0,,miss,,,,—,,
2026-10-04T23:00:39.811782+00:00,nfl,2026,4,401872975,4018729751383,2,5:53,"(No Huddle, Shotgun) B.Nix pass short left to J.Dobbins pushed ob at SF 42 for 5 yards (U.Stout).",2,10,SF 47,47,-3,San Francisco 49ers,Denver Broncos,0,3,89.5,10.5,136.0,137.0,273.0,158.0,52.0,210.0,game,Total,Under,,28.5,polymarket,117,—,—,,3.0,,hit,,,,—,,
2026-10-04T23:00:39.811782+00:00,nfl,2026,4,401872975,4018729751383,2,5:53,"(No Huddle, Shotgun) B.Nix pass short left to J.Dobbins pushed ob at SF 42 for 5 yards (U.Stout).",2,10,SF 47,47,-3,San Francisco 49ers,Denver Broncos,0,3,89.5,10.5,136.0,137.0,273.0,158.0,52.0,210.0,game,ML,Denver Broncos,,,polymarket,669,—,—,,Win,,hit,,,,—,,
2026-10-04T23:00:39.811782+00:00,nfl,2026,4,401872975,4018729751383,2,5:53,"(No Huddle, Shotgun) B.Nix pass short left to J.Dobbins pushed ob at SF 42 for 5 yards (U.Stout).",2,10,SF 47,47,-3,San Francisco 49ers,Denver Broncos,0,3,89.5,10.5,136.0,137.0,273.0,158.0,52.0,210.0,game,ML,San Francisco 49ers,,,betfair,-787,—,—,,Loss,,miss,,,,—,,
2026-10-04T23:00:39.811782+00:00,nfl,2026,4,401872975,4018729751413,2,5:18,(Shotgun) B.Nix pass incomplete short left to E.Engram (M.Mustapha).,3,5,SF 42,42,-3,San Francisco 49ers,Denver Broncos,0,3,89.5,10.5,136.0,137.0,273.0,158.0,52.0,210.0,game,Spread,Denver Broncos,,5.5,kalshi,143,—,—,,-3,,hit,,,,—,,
2026-10-04T23:00:39.811782+00:00,nfl,2026,4,401872975,4018729751413,2,5:18,(Shotgun) B.Nix pass incomplete short left to E.Engram (M.Mustapha).,3,5,SF 42,42,-3,San Francisco 49ers,Denver Broncos,0,3,89.5,10.5,136.0,137.0,273.0,158.0,52.0,210.0,game,Spread,San Francisco 49ers,,-5.5,kalshi,-171,—,—,,-3,,miss,,,,—,,
2026-10-04T23:00:39.811782+00:00,nfl,2026,4,401872975,4018729751413,2,5:18,(Shotgun) B.Nix pass incomplete short left to E.Engram (M.Mustapha).,3,5,SF 42,42,-3,San Francisco 49ers,Denver Broncos,0,3,89.5,10.5,136.0,137.0,273.0,158.0,52.0,210.0,game,Total,Over,,28.5,betfair,-130,—,—,,3.0,,miss,,,,—,,
2026-10-04T23:00:39.811782+00:00,nfl,2026,4,401872975,4018729751413,2,5:18,(Shotgun) B.Nix pass incomplete short left to E.Engram (M.Mustapha).,3,5,SF 42,42,-3,San Francisco 49ers,Denver Broncos,0,3,89.5,10.5,136.0,137.0,273.0,158.0,52.0,210.0,game,Total,Under,,28.5,polymarket,117,—,—,,3.0,,hit,,,,—,,
2026-10-04T23:00:39.811782+00:00,nfl,2026,4,401872975,4018729751413,2,5:18,(Shotgun) B.Nix pass incomplete short left to E.Engram (M.Mustapha).,3,5,SF 42,42,-3,San Francisco 49ers,Denver Broncos,0,3,89.5,10.5,136.0,137.0,273.0,158.0,52.0,210.0,game,ML,Denver Broncos,,,polymarket,669,—,—,,Win,,hit,,,,—,,
2026-10-04T23:00:39.811782+00:00,nfl,2026,4,401872975,4018729751413,2,5:18,(Shotgun) B.Nix pass incomplete short left to E.Engram (M.Mustapha).,3,5,SF 42,42,-3,San Francisco 49ers,Denver Broncos,0,3,89.5,10.5,136.0,137.0,273.0,158.0,52.0,210.0,game,ML,San Francisco 49ers,,,betfair,-787,—,—,,Loss,,miss,,,,—,,
2026-10-04T23:00:39.811782+00:00,nfl,2026,4,401872975,4018729751436,2,5:13,"(Punt formation) PENALTY on DEN, Delay of Game, 5 yards, enforced at SF 42 - No Play.",4,5,SF 42,42,-3,San Francisco 49ers,Denver Broncos,0,3,89.5,10.5,136.0,137.0,273.0,158.0,52.0,210.0,game,Spread,Denver Broncos,,5.5,kalshi,143,—,—,,-3,,hit,,,,—,,
2026-10-04T23:00:39.811782+00:00,nfl,2026,4,401872975,4018729751436,2,5:13,"(Punt formation) PENALTY on DEN, Delay of Game, 5 yards, enforced at SF 42 - No Play.",4,5,SF 42,42,-3,San Francisco 49ers,Denver Broncos,0,3,89.5,10.5,136.0,137.0,273.0,158.0,52.0,210.0,game,Spread,San Francisco 49ers,,-5.5,kalshi,-171,—,—,,-3,,miss,,,,—,,
2026-10-04T23:00:39.811782+00:00,nfl,2026,4,401872975,4018729751436,2,5:13,"(Punt formation) PENALTY on DEN, Delay of Game, 5 yards, enforced at SF 42 - No Play.",4,5,SF 42,42,-3,San Francisco 49ers,Denver Broncos,0,3,89.5,10.5,136.0,137.0,273.0,158.0,52.0,210.0,game,Total,Over,,28.5,betfair,-130,—,—,,3.0,,miss,,,,—,,
2026-10-04T23:00:39.811782+00:00,nfl,2026,4,401872975,4018729751436,2,5:13,"(Punt formation) PENALTY on DEN, Delay of Game, 5 yards, enforced at SF 42 - No Play.",4,5,SF 42,42,-3,San Francisco 49ers,Denver Broncos,0,3,89.5,10.5,136.0,137.0,273.0,158.0,52.0,210.0,game,Total,Under,,28.5,polymarket,117,—,—,,3.0,,hit,,,,—,,
2026-10-04T23:00:39.811782+00:00,nfl,2026,4,401872975,4018729751436,2,5:13,"(Punt formation) PENALTY on DEN, Delay of Game, 5 yards, enforced at SF 42 - No Play.",4,5,SF 42,42,-3,San Francisco 49ers,Denver Broncos,0,3,89.5,10.5,136.0,137.0,273.0,158.0,52.0,210.0,game,ML,Denver Broncos,,,polymarket,669,—,—,,Win,,hit,,,,—,,
2026-10-04T23:00:39.811782+00:00,nfl,2026,4,401872975,4018729751436,2,5:13,"(Punt formation) PENALTY on DEN, Delay of Game, 5 yards, enforced at SF 42 - No Play.",4,5,SF 42,42,-3,San Francisco 49ers,Denver Broncos,0,3,89.5,10.5,136.0,137.0,273.0,158.0,52.0,210.0,game,ML,San Francisco 49ers,,,betfair,-787,—,—,,Loss,,miss,,,,—,,
2026-10-04T23:00:39.811782+00:00,nfl,2026,4,401872975,4018729751455,2,5:13,"J.Crawshaw punts 47 yards to end zone, Center-M.Fraboni, Touchback.",4,10,SF 47,47,-3,San Francisco 49ers,Denver Broncos,0,3,89.5,10.5,136.0,137.0,273.0,158.0,52.0,210.0,game,Spread,Denver Broncos,,5.5,kalshi,143,—,—,,-3,,hit,,,,—,,
2026-10-04T23:00:39.811782+00:00,nfl,2026,4,401872975,4018729751455,2,5:13,"J.Crawshaw punts 47 yards to end zone, Center-M.Fraboni, Touchback.",4,10,SF 47,47,-3,San Francisco 49ers,Denver Broncos,0,3,89.5,10.5,136.0,137.0,273.0,158.0,52.0,210.0,game,Spread,San Francisco 49ers,,-5.5,kalshi,-171,—,—,,-3,,miss,,,,—,,
2026-10-04T23:00:39.811782+00:00,nfl,2026,4,401872975,4018729751455,2,5:13,"J.Crawshaw punts 47 yards to end zone, Center-M.Fraboni, Touchback.",4,10,SF 47,47,-3,San Francisco 49ers,Denver Broncos,0,3,89.5,10.5,136.0,137.0,273.0,158.0,52.0,210.0,game,Total,Over,,28.5,betfair,-130,—,—,,3.0,,miss,,,,—,,
2026-10-04T23:00:39.811782+00:00,nfl,2026,4,401872975,4018729751455,2,5:13,"J.Crawshaw punts 47 yards to end zone, Center-M.Fraboni, Touchback.",4,10,SF 47,47,-3,San Francisco 49ers,Denver Broncos,0,3,89.5,10.5,136.0,137.0,273.0,158.0,52.0,210.0,game,Total,Under,,28.5,polymarket,117,—,—,,3.0,,hit,,,,—,,
2026-10-04T23:00:39.811782+00:00,nfl,2026,4,401872975,4018729751455,2,5:13,"J.Crawshaw punts 47 yards to end zone, Center-M.Fraboni, Touchback.",4,10,SF 47,47,-3,San Francisco 49ers,Denver Broncos,0,3,89.5,10.5,136.0,137.0,273.0,158.0,52.0,210.0,game,ML,Denver Broncos,,,polymarket,669,—,—,,Win,,hit,,,,—,,
2026-10-04T23:00:39.811782+00:00,nfl,2026,4,401872975,4018729751455,2,5:13,"J.Crawshaw punts 47 yards to end zone, Center-M.Fraboni, Touchback.",4,10,SF 47,47,-3,San Francisco 49ers,Denver Broncos,0,3,89.5,10.5,136.0,137.0,273.0,158.0,52.0,210.0,game,ML,San Francisco 49ers,,,betfair,-787,—,—,,Loss,,miss,,,,—,,
2026-10-04T23:00:39.811782+00:00,nfl,2026,4,401872975,4018729751472,2,5:01,Official Timeout at 05:01.,1,10,SF 20,20,-3,San Francisco 49ers,Denver Broncos,0,3,89.5,10.5,136.0,137.0,273.0,158.0,52.0,210.0,game,Spread,Denver Broncos,,5.5,kalshi,143,—,—,,-3,,hit,,,,—,,
2026-10-04T23:00:39.811782+00:00,nfl,2026,4,401872975,4018729751472,2,5:01,Official Timeout at 05:01.,1,10,SF 20,20,-3,San Francisco 49ers,Denver Broncos,0,3,89.5,10.5,136.0,137.0,273.0,158.0,52.0,210.0,game,Spread,San Francisco 49ers,,-5.5,kalshi,-171,—,—,,-3,,miss,,,,—,,
2026-10-04T23:00:39.811782+00:00,nfl,2026,4,401872975,4018729751472,2,5:01,Official Timeout at 05:01.,1,10,SF 20,20,-3,San Francisco 49ers,Denver Broncos,0,3,89.5,10.5,136.0,137.0,273.0,158.0,52.0,210.0,game,Total,Over,,28.5,betfair,-130,—,—,,3.0,,miss,,,,—,,
2026-10-04T23:00:39.811782+00:00,nfl,2026,4,401872975,4018729751472,2,5:01,Official Timeout at 05:01.,1,10,SF 20,20,-3,San Francisco 49ers,Denver Broncos,0,3,89.5,10.5,136.0,137.0,273.0,158.0,52.0,210.0,game,Total,Under,,28.5,polymarket,117,—,—,,3.0,,hit,,,,—,,
2026-10-04T23:00:39.811782+00:00,nfl,2026,4,401872975,4018729751472,2,5:01,Official Timeout at 05:01.,1,10,SF 20,20,-3,San Francisco 49ers,Denver Broncos,0,3,89.5,10.5,136.0,137.0,273.0,158.0,52.0,210.0,game,ML,Denver Broncos,,,polymarket,669,—,—,,Win,,hit,,,,—,,
2026-10-04T23:00:39.811782+00:00,nfl,2026,4,401872975,4018729751472,2,5:01,Official Timeout at 05:01.,1,10,SF 20,20,-3,San Francisco 49ers,Denver Broncos,0,3,89.5,10.5,136.0,137.0,273.0,158.0,52.0,210.0,game,ML,San Francisco 49ers,,,betfair,-787,—,—,,Loss,,miss,,,,—,,
2026-10-04T23:00:39.811782+00:00,nfl,2026,4,401872975,4018729751488,2,5:01,B.Purdy pass deep middle to M.Evans to SF 38 for 18 yards (T.Hufanga) [Z.Allen].,1,10,SF 20,20,-3,San Francisco 49ers,Denver Broncos,0,3,89.5,10.5,136.0,137.0,273.0,158.0,52.0,210.0,game,Spread,Denver Broncos,,5.5,kalshi,143,—,—,,-3,,hit,,,,—,,
2026-10-04T23:00:39.811782+00:00,nfl,2026,4,401872975,4018729751488,2,5:01,B.Purdy pass deep middle to M.Evans to SF 38 for 18 yards (T.Hufanga) [Z.Allen].,1,10,SF 20,20,-3,San Francisco 49ers,Denver Broncos,0,3,89.5,10.5,136.0,137.0,273.0,158.0,52.0,210.0,game,Spread,San Francisco 49ers,,-5.5,kalshi,-171,—,—,,-3,,miss,,,,—,,
2026-10-04T23:00:39.811782+00:00,nfl,2026,4,401872975,4018729751488,2,5:01,B.Purdy pass deep middle to M.Evans to SF 38 for 18 yards (T.Hufanga) [Z.Allen].,1,10,SF 20,20,-3,San Francisco 49ers,Denver Broncos,0,3,89.5,10.5,136.0,137.0,273.0,158.0,52.0,210.0,game,Total,Over,,28.5,betfair,-130,—,—,,3.0,,miss,,,,—,,
2026-10-04T23:00:39.811782+00:00,nfl,2026,4,401872975,4018729751488,2,5:01,B.Purdy pass deep middle to M.Evans to SF 38 for 18 yards (T.Hufanga) [Z.Allen].,1,10,SF 20,20,-3,San Francisco 49ers,Denver Broncos,0,3,89.5,10.5,136.0,137.0,273.0,158.0,52.0,210.0,game,Total,Under,,28.5,polymarket,117,—,—,,3.0,,hit,,,,—,,
2026-10-04T23:00:39.811782+00:00,nfl,2026,4,401872975,4018729751488,2,5:01,B.Purdy pass deep middle to M.Evans to SF 38 for 18 yards (T.Hufanga) [Z.Allen].,1,10,SF 20,20,-3,San Francisco 49ers,Denver Broncos,0,3,89.5,10.5,136.0,137.0,273.0,158.0,52.0,210.0,game,ML,Denver Broncos,,,polymarket,669,—,—,,Win,,hit,,,,—,,
2026-10-04T23:00:39.811782+00:00,nfl,2026,4,401872975,4018729751488,2,5:01,B.Purdy pass deep middle to M.Evans to SF 38 for 18 yards (T.Hufanga) [Z.Allen].,1,10,SF 20,20,-3,San Francisco 49ers,Denver Broncos,0,3,89.5,10.5,136.0,137.0,273.0,158.0,52.0,210.0,game,ML,San Francisco 49ers,,,betfair,-787,—,—,,Loss,,miss,,,,—,,
2026-10-04T23:00:39.811782+00:00,nfl,2026,4,401872975,4018729751520,2,4:18,C.McCaffrey left end to SF 40 for 2 yards (Z.Allen; P.Surtain).,1,10,SF 38,38,-3,San Francisco 49ers,Denver Broncos,0,3,89.5,10.5,136.0,137.0,273.0,158.0,52.0,210.0,game,Spread,Denver Broncos,,5.5,kalshi,143,—,—,,-3,,hit,,,,—,,
2026-10-04T23:00:39.811782+00:00,nfl,2026,4,401872975,4018729751520,2,4:18,C.McCaffrey left end to SF 40 for 2 yards (Z.Allen; P.Surtain).,1,10,SF 38,38,-3,San Francisco 49ers,Denver Broncos,0,3,89.5,10.5,136.0,137.0,273.0,158.0,52.0,210.0,game,Spread,San Francisco 49ers,,-5.5,kalshi,-171,—,—,,-3,,miss,,,,—,,
2026-10-04T23:00:39.811782+00:00,nfl,2026,4,401872975,4018729751520,2,4:18,C.McCaffrey left end to SF 40 for 2 yards (Z.Allen; P.Surtain).,1,10,SF 38,38,-3,San Francisco 49ers,Denver Broncos,0,3,89.5,10.5,136.0,137.0,273.0,158.0,52.0,210.0,game,Total,Over,,28.5,betfair,-130,—,—,,3.0,,miss,,,,—,,
2026-10-04T23:00:39.811782+00:00,nfl,2026,4,401872975,4018729751520,2,4:18,C.McCaffrey left end to SF 40 for 2 yards (Z.Allen; P.Surtain).,1,10,SF 38,38,-3,San Francisco 49ers,Denver Broncos,0,3,89.5,10.5,136.0,137.0,273.0,158.0,52.0,210.0,game,Total,Under,,28.5,polymarket,117,—,—,,3.0,,hit,,,,—,,
2026-10-04T23:00:39.811782+00:00,nfl,2026,4,401872975,4018729751520,2,4:18,C.McCaffrey left end to SF 40 for 2 yards (Z.Allen; P.Surtain).,1,10,SF 38,38,-3,San Francisco 49ers,Denver Broncos,0,3,89.5,10.5,136.0,137.0,273.0,158.0,52.0,210.0,game,ML,Denver Broncos,,,polymarket,669,—,—,,Win,,hit,,,,—,,
2026-10-04T23:00:39.811782+00:00,nfl,2026,4,401872975,4018729751520,2,4:18,C.McCaffrey left end to SF 40 for 2 yards (Z.Allen; P.Surtain).,1,10,SF 38,38,-3,San Francisco 49ers,Denver Broncos,0,3,89.5,10.5,136.0,137.0,273.0,158.0,52.0,210.0,game,ML,San Francisco 49ers,,,betfair,-787,—,—,,Loss,,miss,,,,—,,
2026-10-04T23:00:39.811782+00:00,nfl,2026,4,401872975,4018729751542,2,3:41,B.Purdy scrambles right end pushed ob at SF 47 for 7 yards (Z.Allen).,2,8,SF 40,40,-3,San Francisco 49ers,Denver Broncos,0,3,89.5,10.5,136.0,137.0,273.0,158.0,52.0,210.0,game,Spread,Denver Broncos,,5.5,kalshi,143,—,—,,-3,,hit,,,,—,,
2026-10-04T23:00:39.811782+00:00,nfl,2026,4,401872975,4018729751542,2,3:41,B.Purdy scrambles right end pushed ob at SF 47 for 7 yards (Z.Allen).,2,8,SF 40,40,-3,San Francisco 49ers,Denver Broncos,0,3,89.5,10.5,136.0,137.0,273.0,158.0,52.0,210.0,game,Spread,San Francisco 49ers,,-5.5,kalshi,-171,—,—,,-3,,miss,,,,—,,
2026-10-04T23:00:39.811782+00:00,nfl,2026,4,401872975,4018729751542,2,3:41,B.Purdy scrambles right end pushed ob at SF 47 for 7 yards (Z.Allen).,2,8,SF 40,40,-3,San Francisco 49ers,Denver Broncos,0,3,89.5,10.5,136.0,137.0,273.0,158.0,52.0,210.0,game,Total,Over,,28.5,betfair,-130,—,—,,3.0,,miss,,,,—,,
2026-10-04T23:00:39.811782+00:00,nfl,2026,4,401872975,4018729751542,2,3:41,B.Purdy scrambles right end pushed ob at SF 47 for 7 yards (Z.Allen).,2,8,SF 40,40,-3,San Francisco 49ers,Denver Broncos,0,3,89.5,10.5,136.0,137.0,273.0,158.0,52.0,210.0,game,Total,Under,,28.5,polymarket,117,—,—,,3.0,,hit,,,,—,,
2026-10-04T23:00:39.811782+00:00,nfl,2026,4,401872975,4018729751542,2,3:41,B.Purdy scrambles right end pushed ob at SF 47 for 7 yards (Z.Allen).,2,8,SF 40,40,-3,San Francisco 49ers,Denver Broncos,0,3,89.5,10.5,136.0,137.0,273.0,158.0,52.0,210.0,game,ML,Denver Broncos,,,polymarket,669,—,—,,Win,,hit,,,,—,,
2026-10-04T23:00:39.811782+00:00,nfl,2026,4,401872975,4018729751542,2,3:41,B.Purdy scrambles right end pushed ob at SF 47 for 7 yards (Z.Allen).,2,8,SF 40,40,-3,San Francisco 49ers,Denver Broncos,0,3,89.5,10.5,136.0,137.0,273.0,158.0,52.0,210.0,game,ML,San Francisco 49ers,,,betfair,-787,—,—,,Loss,,miss,,,,—,,
2026-10-04T23:00:39.811782+00:00,nfl,2026,4,401872975,4018729751569,2,3:04,(Shotgun) C.McCaffrey up the middle to DEN 43 for 10 yards (P.Surtain; T.Hufanga).,3,1,SF 47,47,-3,San Francisco 49ers,Denver Broncos,0,3,89.5,10.5,136.0,137.0,273.0,158.0,52.0,210.0,game,Spread,Denver Broncos,,5.5,kalshi,143,—,—,,-3,,hit,,,,—,,
2026-10-04T23:00:39.811782+00:00,nfl,2026,4,401872975,4018729751569,2,3:04,(Shotgun) C.McCaffrey up the middle to DEN 43 for 10 yards (P.Surtain; T.Hufanga).,3,1,SF 47,47,-3,San Francisco 49ers,Denver Broncos,0,3,89.5,10.5,136.0,137.0,273.0,158.0,52.0,210.0,game,Spread,San Francisco 49ers,,-5.5,kalshi,-171,—,—,,-3,,miss,,,,—,,
2026-10-04T23:00:39.811782+00:00,nfl,2026,4,401872975,4018729751569,2,3:04,(Shotgun) C.McCaffrey up the middle to DEN 43 for 10 yards (P.Surtain; T.Hufanga).,3,1,SF 47,47,-3,San Francisco 49ers,Denver Broncos,0,3,89.5,10.5,136.0,137.0,273.0,158.0,52.0,210.0,game,Total,Over,,28.5,betfair,-130,—,—,,3.0,,miss,,,,—,,
2026-10-04T23:00:39.811782+00:00,nfl,2026,4,401872975,4018729751569,2,3:04,(Shotgun) C.McCaffrey up the middle to DEN 43 for 10 yards (P.Surtain; T.Hufanga).,3,1,SF 47,47,-3,San Francisco 49ers,Denver Broncos,0,3,89.5,10.5,136.0,137.0,273.0,158.0,52.0,210.0,game,Total,Under,,28.5,polymarket,117,—,—,,3.0,,hit,,,,—,,
2026-10-04T23:00:39.811782+00:00,nfl,2026,4,401872975,4018729751569,2,3:04,(Shotgun) C.McCaffrey up the middle to DEN 43 for 10 yards (P.Surtain; T.Hufanga).,3,1,SF 47,47,-3,San Francisco 49ers,Denver Broncos,0,3,89.5,10.5,136.0,137.0,273.0,158.0,52.0,210.0,game,ML,Denver Broncos,,,polymarket,669,—,—,,Win,,hit,,,,—,,
2026-10-04T23:00:39.811782+00:00,nfl,2026,4,401872975,4018729751569,2,3:04,(Shotgun) C.McCaffrey up the middle to DEN 43 for 10 yards (P.Surtain; T.Hufanga).,3,1,SF 47,47,-3,San Francisco 49ers,Denver Broncos,0,3,89.5,10.5,136.0,137.0,273.0,158.0,52.0,210.0,game,ML,San Francisco 49ers,,,betfair,-787,—,—,,Loss,,miss,,,,—,,
2026-10-04T23:00:39.811782+00:00,nfl,2026,4,401872975,4018729751596,2,2:21,(Shotgun) B.Purdy pass incomplete deep left to M.Evans.,1,10,DEN 43,57,-3,San Francisco 49ers,Denver Broncos,0,3,89.5,10.5,136.0,137.0,273.0,158.0,52.0,210.0,game,Spread,Denver Broncos,,5.5,kalshi,143,—,—,,-3,,hit,,,,—,,
2026-10-04T23:00:39.811782+00:00,nfl,2026,4,401872975,4018729751596,2,2:21,(Shotgun) B.Purdy pass incomplete deep left to M.Evans.,1,10,DEN 43,57,-3,San Francisco 49ers,Denver Broncos,0,3,89.5,10.5,136.0,137.0,273.0,158.0,52.0,210.0,game,Spread,San Francisco 49ers,,-5.5,kalshi,-171,—,—,,-3,,miss,,,,—,,
2026-10-04T23:00:39.811782+00:00,nfl,2026,4,401872975,4018729751596,2,2:21,(Shotgun) B.Purdy pass incomplete deep left to M.Evans.,1,10,DEN 43,57,-3,San Francisco 49ers,Denver Broncos,0,3,89.5,10.5,136.0,137.0,273.0,158.0,52.0,210.0,game,Total,Over,,28.5,betfair,-130,—,—,,3.0,,miss,,,,—,,
2026-10-04T23:00:39.811782+00:00,nfl,2026,4,401872975,4018729751596,2,2:21,(Shotgun) B.Purdy pass incomplete deep left to M.Evans.,1,10,DEN 43,57,-3,San Francisco 49ers,Denver Broncos,0,3,89.5,10.5,136.0,137.0,273.0,158.0,52.0,210.0,game,Total,Under,,28.5,polymarket,117,—,—,,3.0,,hit,,,,—,,
2026-10-04T23:00:39.811782+00:00,nfl,2026,4,401872975,4018729751596,2,2:21,(Shotgun) B.Purdy pass incomplete deep left to M.Evans.,1,10,DEN 43,57,-3,San Francisco 49ers,Denver Broncos,0,3,89.5,10.5,136.0,137.0,273.0,158.0,52.0,210.0,game,ML,Denver Broncos,,,polymarket,669,—,—,,Win,,hit,,,,—,,
2026-10-04T23:00:39.811782+00:00,nfl,2026,4,401872975,4018729751596,2,2:21,(Shotgun) B.Purdy pass incomplete deep left to M.Evans.,1,10,DEN 43,57,-3,San Francisco 49ers,Denver Broncos,0,3,89.5,10.5,136.0,137.0,273.0,158.0,52.0,210.0,game,ML,San Francisco 49ers,,,betfair,-787,—,—,,Loss,,miss,,,,—,,
2026-10-04T23:00:39.811782+00:00,nfl,2026,4,401872975,4018729751619,2,2:15,D.Samuel left end to DEN 23 for 20 yards (B.Jones).,2,10,DEN 43,57,-3,San Francisco 49ers,Denver Broncos,0,3,89.5,10.5,136.0,137.0,273.0,158.0,52.0,210.0,game,Spread,Denver Broncos,,5.5,kalshi,143,—,—,,-3,,hit,,,,—,,
2026-10-04T23:00:39.811782+00:00,nfl,2026,4,401872975,4018729751619,2,2:15,D.Samuel left end to DEN 23 for 20 yards (B.Jones).,2,10,DEN 43,57,-3,San Francisco 49ers,Denver Broncos,0,3,89.5,10.5,136.0,137.0,273.0,158.0,52.0,210.0,game,Spread,San Francisco 49ers,,-5.5,kalshi,-171,—,—,,-3,,miss,,,,—,,
2026-10-04T23:00:39.811782+00:00,nfl,2026,4,401872975,4018729751619,2,2:15,D.Samuel left end to DEN 23 for 20 yards (B.Jones).,2,10,DEN 43,57,-3,San Francisco 49ers,Denver Broncos,0,3,89.5,10.5,136.0,137.0,273.0,158.0,52.0,210.0,game,Total,Over,,28.5,betfair,-130,—,—,,3.0,,miss,,,,—,,
2026-10-04T23:00:39.811782+00:00,nfl,2026,4,401872975,4018729751619,2,2:15,D.Samuel left end to DEN 23 for 20 yards (B.Jones).,2,10,DEN 43,57,-3,San Francisco 49ers,Denver Broncos,0,3,89.5,10.5,136.0,137.0,273.0,158.0,52.0,210.0,game,Total,Under,,28.5,polymarket,117,—,—,,3.0,,hit,,,,—,,
2026-10-04T23:00:39.811782+00:00,nfl,2026,4,401872975,4018729751619,2,2:15,D.Samuel left end to DEN 23 for 20 yards (B.Jones).,2,10,DEN 43,57,-3,San Francisco 49ers,Denver Broncos,0,3,89.5,10.5,136.0,137.0,273.0,158.0,52.0,210.0,game,ML,Denver Broncos,,,polymarket,669,—,—,,Win,,hit,,,,—,,
2026-10-04T23:00:39.811782+00:00,nfl,2026,4,401872975,4018729751619,2,2:15,D.Samuel left end to DEN 23 for 20 yards (B.Jones).,2,10,DEN 43,57,-3,San Francisco 49ers,Denver Broncos,0,3,89.5,10.5,136.0,137.0,273.0,158.0,52.0,210.0,game,ML,San Francisco 49ers,,,betfair,-787,—,—,,Loss,,miss,,,,—,,
2026-10-04T23:00:39.811782+00:00,nfl,2026,4,401872975,4018729751630,2,2:00,Two-Minute Warning,1,10,DEN 23,77,-3,San Francisco 49ers,Denver Broncos,0,3,89.5,10.5,136.0,137.0,273.0,158.0,52.0,210.0,game,Spread,Denver Broncos,,5.5,kalshi,143,—,—,,-3,,hit,,,,—,,
2026-10-04T23:00:39.811782+00:00,nfl,2026,4,401872975,4018729751630,2,2:00,Two-Minute Warning,1,10,DEN 23,77,-3,San Francisco 49ers,Denver Broncos,0,3,89.5,10.5,136.0,137.0,273.0,158.0,52.0,210.0,game,Spread,San Francisco 49ers,,-5.5,kalshi,-171,—,—,,-3,,miss,,,,—,,
2026-10-04T23:00:39.811782+00:00,nfl,2026,4,401872975,4018729751630,2,2:00,Two-Minute Warning,1,10,DEN 23,77,-3,San Francisco 49ers,Denver Broncos,0,3,89.5,10.5,136.0,137.0,273.0,158.0,52.0,210.0,game,Total,Over,,28.5,betfair,-130,—,—,,3.0,,miss,,,,—,,
2026-10-04T23:00:39.811782+00:00,nfl,2026,4,401872975,4018729751630,2,2:00,Two-Minute Warning,1,10,DEN 23,77,-3,San Francisco 49ers,Denver Broncos,0,3,89.5,10.5,136.0,137.0,273.0,158.0,52.0,210.0,game,Total,Under,,28.5,polymarket,117,—,—,,3.0,,hit,,,,—,,
2026-10-04T23:00:39.811782+00:00,nfl,2026,4,401872975,4018729751630,2,2:00,Two-Minute Warning,1,10,DEN 23,77,-3,San Francisco 49ers,Denver Broncos,0,3,89.5,10.5,136.0,137.0,273.0,158.0,52.0,210.0,game,ML,Denver Broncos,,,polymarket,669,—,—,,Win,,hit,,,,—,,
2026-10-04T23:00:39.811782+00:00,nfl,2026,4,401872975,4018729751630,2,2:00,Two-Minute Warning,1,10,DEN 23,77,-3,San Francisco 49ers,Denver Broncos,0,3,89.5,10.5,136.0,137.0,273.0,158.0,52.0,210.0,game,ML,San Francisco 49ers,,,betfair,-787,—,—,,Loss,,miss,,,,—,,
2026-10-04T23:00:39.811782+00:00,nfl,2026,4,401872975,4018729751641,2,2:00,(Shotgun) B.Purdy pass incomplete short left to D.Samuel (D.Jones) [D.Jones].,1,10,DEN 23,77,-3,San Francisco 49ers,Denver Broncos,0,3,89.5,10.5,136.0,137.0,273.0,158.0,52.0,210.0,game,Spread,Denver Broncos,,5.5,kalshi,143,—,—,,-3,,hit,,,,—,,
2026-10-04T23:00:39.811782+00:00,nfl,2026,4,401872975,4018729751641,2,2:00,(Shotgun) B.Purdy pass incomplete short left to D.Samuel (D.Jones) [D.Jones].,1,10,DEN 23,77,-3,San Francisco 49ers,Denver Broncos,0,3,89.5,10.5,136.0,137.0,273.0,158.0,52.0,210.0,game,Spread,San Francisco 49ers,,-5.5,kalshi,-171,—,—,,-3,,miss,,,,—,,
2026-10-04T23:00:39.811782+00:00,nfl,2026,4,401872975,4018729751641,2,2:00,(Shotgun) B.Purdy pass incomplete short left to D.Samuel (D.Jones) [D.Jones].,1,10,DEN 23,77,-3,San Francisco 49ers,Denver Broncos,0,3,89.5,10.5,136.0,137.0,273.0,158.0,52.0,210.0,game,Total,Over,,28.5,betfair,-130,—,—,,3.0,,miss,,,,—,,
2026-10-04T23:00:39.811782+00:00,nfl,2026,4,401872975,4018729751641,2,2:00,(Shotgun) B.Purdy pass incomplete short left to D.Samuel (D.Jones) [D.Jones].,1,10,DEN 23,77,-3,San Francisco 49ers,Denver Broncos,0,3,89.5,10.5,136.0,137.0,273.0,158.0,52.0,210.0,game,Total,Under,,28.5,polymarket,117,—,—,,3.0,,hit,,,,—,,
2026-10-04T23:00:39.811782+00:00,nfl,2026,4,401872975,4018729751641,2,2:00,(Shotgun) B.Purdy pass incomplete short left to D.Samuel (D.Jones) [D.Jones].,1,10,DEN 23,77,-3,San Francisco 49ers,Denver Broncos,0,3,89.5,10.5,136.0,137.0,273.0,158.0,52.0,210.0,game,ML,Denver Broncos,,,polymarket,669,—,—,,Win,,hit,,,,—,,
2026-10-04T23:00:39.811782+00:00,nfl,2026,4,401872975,4018729751641,2,2:00,(Shotgun) B.Purdy pass incomplete short left to D.Samuel (D.Jones) [D.Jones].,1,10,DEN 23,77,-3,San Francisco 49ers,Denver Broncos,0,3,89.5,10.5,136.0,137.0,273.0,158.0,52.0,210.0,game,ML,San Francisco 49ers,,,betfair,-787,—,—,,Loss,,miss,,,,—,,
2026-10-04T23:00:39.811782+00:00,nfl,2026,4,401872975,4018729751671,2,1:55,(Shotgun) B.Purdy pass short middle to K.Juszczyk to DEN 11 for 12 yards (A.Singleton).,2,10,DEN 23,77,-3,San Francisco 49ers,Denver Broncos,0,3,89.5,10.5,136.0,137.0,273.0,158.0,52.0,210.0,game,Spread,Denver Broncos,,5.5,kalshi,143,—,—,,-3,,hit,,,,—,,
2026-10-04T23:00:39.811782+00:00,nfl,2026,4,401872975,4018729751671,2,1:55,(Shotgun) B.Purdy pass short middle to K.Juszczyk to DEN 11 for 12 yards (A.Singleton).,2,10,DEN 23,77,-3,San Francisco 49ers,Denver Broncos,0,3,89.5,10.5,136.0,137.0,273.0,158.0,52.0,210.0,game,Spread,San Francisco 49ers,,-5.5,kalshi,-171,—,—,,-3,,miss,,,,—,,
2026-10-04T23:00:39.811782+00:00,nfl,2026,4,401872975,4018729751671,2,1:55,(Shotgun) B.Purdy pass short middle to K.Juszczyk to DEN 11 for 12 yards (A.Singleton).,2,10,DEN 23,77,-3,San Francisco 49ers,Denver Broncos,0,3,89.5,10.5,136.0,137.0,273.0,158.0,52.0,210.0,game,Total,Over,,28.5,betfair,-130,—,—,,3.0,,miss,,,,—,,
2026-10-04T23:00:39.811782+00:00,nfl,2026,4,401872975,4018729751671,2,1:55,(Shotgun) B.Purdy pass short middle to K.Juszczyk to DEN 11 for 12 yards (A.Singleton).,2,10,DEN 23,77,-3,San Francisco 49ers,Denver Broncos,0,3,89.5,10.5,136.0,137.0,273.0,158.0,52.0,210.0,game,Total,Under,,28.5,polymarket,117,—,—,,3.0,,hit,,,,—,,
2026-10-04T23:00:39.811782+00:00,nfl,2026,4,401872975,4018729751671,2,1:55,(Shotgun) B.Purdy pass short middle to K.Juszczyk to DEN 11 for 12 yards (A.Singleton).,2,10,DEN 23,77,-3,San Francisco 49ers,Denver Broncos,0,3,89.5,10.5,136.0,137.0,273.0,158.0,52.0,210.0,game,ML,Denver Broncos,,,polymarket,669,—,—,,Win,,hit,,,,—,,
2026-10-04T23:00:39.811782+00:00,nfl,2026,4,401872975,4018729751671,2,1:55,(Shotgun) B.Purdy pass short middle to K.Juszczyk to DEN 11 for 12 yards (A.Singleton).,2,10,DEN 23,77,-3,San Francisco 49ers,Denver Broncos,0,3,89.5,10.5,136.0,137.0,273.0,158.0,52.0,210.0,game,ML,San Francisco 49ers,,,betfair,-787,—,—,,Loss,,miss,,,,—,,
2026-10-04T23:00:39.811782+00:00,nfl,2026,4,401872975,4018729751684,2,1:50,Timeout #1 by DEN at 01:50.,1,10,DEN 11,89,-3,San Francisco 49ers,Denver Broncos,0,3,89.5,10.5,136.0,137.0,273.0,158.0,52.0,210.0,game,Spread,Denver Broncos,,5.5,kalshi,143,—,—,,-3,,hit,,,,—,,
2026-10-04T23:00:39.811782+00:00,nfl,2026,4,401872975,4018729751684,2,1:50,Timeout #1 by DEN at 01:50.,1,10,DEN 11,89,-3,San Francisco 49ers,Denver Broncos,0,3,89.5,10.5,136.0,137.0,273.0,158.0,52.0,210.0,game,Spread,San Francisco 49ers,,-5.5,kalshi,-171,—,—,,-3,,miss,,,,—,,
2026-10-04T23:00:39.811782+00:00,nfl,2026,4,401872975,4018729751684,2,1:50,Timeout #1 by DEN at 01:50.,1,10,DEN 11,89,-3,San Francisco 49ers,Denver Broncos,0,3,89.5,10.5,136.0,137.0,273.0,158.0,52.0,210.0,game,Total,Over,,28.5,betfair,-130,—,—,,3.0,,miss,,,,—,,
2026-10-04T23:00:39.811782+00:00,nfl,2026,4,401872975,4018729751684,2,1:50,Timeout #1 by DEN at 01:50.,1,10,DEN 11,89,-3,San Francisco 49ers,Denver Broncos,0,3,89.5,10.5,136.0,137.0,273.0,158.0,52.0,210.0,game,Total,Under,,28.5,polymarket,117,—,—,,3.0,,hit,,,,—,,
2026-10-04T23:00:39.811782+00:00,nfl,2026,4,401872975,4018729751684,2,1:50,Timeout #1 by DEN at 01:50.,1,10,DEN 11,89,-3,San Francisco 49ers,Denver Broncos,0,3,89.5,10.5,136.0,137.0,273.0,158.0,52.0,210.0,game,ML,Denver Broncos,,,polymarket,669,—,—,,Win,,hit,,,,—,,
2026-10-04T23:00:39.811782+00:00,nfl,2026,4,401872975,4018729751684,2,1:50,Timeout #1 by DEN at 01:50.,1,10,DEN 11,89,-3,San Francisco 49ers,Denver Broncos,0,3,89.5,10.5,136.0,137.0,273.0,158.0,52.0,210.0,game,ML,San Francisco 49ers,,,betfair,-787,—,—,,Loss,,miss,,,,—,,
2026-10-04T23:00:39.811782+00:00,nfl,2026,4,401872975,4018729751696,2,1:50,(Shotgun) K.Black up the middle to DEN 9 for 2 yards (A.Singleton).,1,10,DEN 11,89,-3,San Francisco 49ers,Denver Broncos,0,3,89.5,10.5,136.0,137.0,273.0,158.0,52.0,210.0,game,Spread,Denver Broncos,,5.5,kalshi,143,—,—,,-3,,hit,,,,—,,
2026-10-04T23:00:39.811782+00:00,nfl,2026,4,401872975,4018729751696,2,1:50,(Shotgun) K.Black up the middle to DEN 9 for 2 yards (A.Singleton).,1,10,DEN 11,89,-3,San Francisco 49ers,Denver Broncos,0,3,89.5,10.5,136.0,137.0,273.0,158.0,52.0,210.0,game,Spread,San Francisco 49ers,,-5.5,kalshi,-171,—,—,,-3,,miss,,,,—,,
2026-10-04T23:00:39.811782+00:00,nfl,2026,4,401872975,4018729751696,2,1:50,(Shotgun) K.Black up the middle to DEN 9 for 2 yards (A.Singleton).,1,10,DEN 11,89,-3,San Francisco 49ers,Denver Broncos,0,3,89.5,10.5,136.0,137.0,273.0,158.0,52.0,210.0,game,Total,Over,,28.5,betfair,-130,—,—,,3.0,,miss,,,,—,,
2026-10-04T23:00:39.811782+00:00,nfl,2026,4,401872975,4018729751696,2,1:50,(Shotgun) K.Black up the middle to DEN 9 for 2 yards (A.Singleton).,1,10,DEN 11,89,-3,San Francisco 49ers,Denver Broncos,0,3,89.5,10.5,136.0,137.0,273.0,158.0,52.0,210.0,game,Total,Under,,28.5,polymarket,117,—,—,,3.0,,hit,,,,—,,
2026-10-04T23:00:39.811782+00:00,nfl,2026,4,401872975,4018729751696,2,1:50,(Shotgun) K.Black up the middle to DEN 9 for 2 yards (A.Singleton).,1,10,DEN 11,89,-3,San Francisco 49ers,Denver Broncos,0,3,89.5,10.5,136.0,137.0,273.0,158.0,52.0,210.0,game,ML,Denver Broncos,,,polymarket,669,—,—,,Win,,hit,,,,—,,
2026-10-04T23:00:39.811782+00:00,nfl,2026,4,401872975,4018729751696,2,1:50,(Shotgun) K.Black up the middle to DEN 9 for 2 yards (A.Singleton).,1,10,DEN 11,89,-3,San Francisco 49ers,Denver Broncos,0,3,89.5,10.5,136.0,137.0,273.0,158.0,52.0,210.0,game,ML,San Francisco 49ers,,,betfair,-787,—,—,,Loss,,miss,,,,—,,
2026-10-04T23:00:39.811782+00:00,nfl,2026,4,401872975,4018729751711,2,1:47,Timeout #2 by DEN at 01:47.,2,8,DEN 9,91,-3,San Francisco 49ers,Denver Broncos,0,3,89.5,10.5,136.0,137.0,273.0,158.0,52.0,210.0,game,Spread,Denver Broncos,,5.5,kalshi,143,—,—,,-3,,hit,,,,—,,
2026-10-04T23:00:39.811782+00:00,nfl,2026,4,401872975,4018729751711,2,1:47,Timeout #2 by DEN at 01:47.,2,8,DEN 9,91,-3,San Francisco 49ers,Denver Broncos,0,3,89.5,10.5,136.0,137.0,273.0,158.0,52.0,210.0,game,Spread,San Francisco 49ers,,-5.5,kalshi,-171,—,—,,-3,,miss,,,,—,,
2026-10-04T23:00:39.811782+00:00,nfl,2026,4,401872975,4018729751711,2,1:47,Timeout #2 by DEN at 01:47.,2,8,DEN 9,91,-3,San Francisco 49ers,Denver Broncos,0,3,89.5,10.5,136.0,137.0,273.0,158.0,52.0,210.0,game,Total,Over,,28.5,betfair,-130,—,—,,3.0,,miss,,,,—,,
2026-10-04T23:00:39.811782+00:00,nfl,2026,4,401872975,4018729751711,2,1:47,Timeout #2 by DEN at 01:47.,2,8,DEN 9,91,-3,San Francisco 49ers,Denver Broncos,0,3,89.5,10.5,136.0,137.0,273.0,158.0,52.0,210.0,game,Total,Under,,28.5,polymarket,117,—,—,,3.0,,hit,,,,—,,
2026-10-04T23:00:39.811782+00:00,nfl,2026,4,401872975,4018729751711,2,1:47,Timeout #2 by DEN at 01:47.,2,8,DEN 9,91,-3,San Francisco 49ers,Denver Broncos,0,3,89.5,10.5,136.0,137.0,273.0,158.0,52.0,210.0,game,ML,Denver Broncos,,,polymarket,669,—,—,,Win,,hit,,,,—,,
2026-10-04T23:00:39.811782+00:00,nfl,2026,4,401872975,4018729751711,2,1:47,Timeout #2 by DEN at 01:47.,2,8,DEN 9,91,-3,San Francisco 49ers,Denver Broncos,0,3,89.5,10.5,136.0,137.0,273.0,158.0,52.0,210.0,game,ML,San Francisco 49ers,,,betfair,-787,—,—,,Loss,,miss,,,,—,,
2026-10-04T23:00:39.811782+00:00,nfl,2026,4,401872975,4018729751725,2,1:47,(Shotgun) B.Purdy right guard to DEN 6 for 3 yards (M.Roach).,2,8,DEN 9,91,-3,San Francisco 49ers,Denver Broncos,0,3,89.5,10.5,136.0,137.0,273.0,158.0,52.0,210.0,game,Spread,Denver Broncos,,5.5,kalshi,143,—,—,,-3,,hit,,,,—,,
2026-10-04T23:00:39.811782+00:00,nfl,2026,4,401872975,4018729751725,2,1:47,(Shotgun) B.Purdy right guard to DEN 6 for 3 yards (M.Roach).,2,8,DEN 9,91,-3,San Francisco 49ers,Denver Broncos,0,3,89.5,10.5,136.0,137.0,273.0,158.0,52.0,210.0,game,Spread,San Francisco 49ers,,-5.5,kalshi,-171,—,—,,-3,,miss,,,,—,,
2026-10-04T23:00:39.811782+00:00,nfl,2026,4,401872975,4018729751725,2,1:47,(Shotgun) B.Purdy right guard to DEN 6 for 3 yards (M.Roach).,2,8,DEN 9,91,-3,San Francisco 49ers,Denver Broncos,0,3,89.5,10.5,136.0,137.0,273.0,158.0,52.0,210.0,game,Total,Over,,28.5,betfair,-130,—,—,,3.0,,miss,,,,—,,
2026-10-04T23:00:39.811782+00:00,nfl,2026,4,401872975,4018729751725,2,1:47,(Shotgun) B.Purdy right guard to DEN 6 for 3 yards (M.Roach).,2,8,DEN 9,91,-3,San Francisco 49ers,Denver Broncos,0,3,89.5,10.5,136.0,137.0,273.0,158.0,52.0,210.0,game,Total,Under,,28.5,polymarket,117,—,—,,3.0,,hit,,,,—,,
2026-10-04T23:00:39.811782+00:00,nfl,2026,4,401872975,4018729751725,2,1:47,(Shotgun) B.Purdy right guard to DEN 6 for 3 yards (M.Roach).,2,8,DEN 9,91,-3,San Francisco 49ers,Denver Broncos,0,3,89.5,10.5,136.0,137.0,273.0,158.0,52.0,210.0,game,ML,Denver Broncos,,,polymarket,669,—,—,,Win,,hit,,,,—,,
2026-10-04T23:00:39.811782+00:00,nfl,2026,4,401872975,4018729751725,2,1:47,(Shotgun) B.Purdy right guard to DEN 6 for 3 yards (M.Roach).,2,8,DEN 9,91,-3,San Francisco 49ers,Denver Broncos,0,3,89.5,10.5,136.0,137.0,273.0,158.0,52.0,210.0,game,ML,San Francisco 49ers,,,betfair,-787,—,—,,Loss,,miss,,,,—,,
2026-10-04T23:00:39.811782+00:00,nfl,2026,4,401872975,4018729751740,2,1:43,Timeout #3 by DEN at 01:43.,3,5,DEN 6,94,-3,San Francisco 49ers,Denver Broncos,0,3,89.5,10.5,136.0,137.0,273.0,158.0,52.0,210.0,game,Spread,Denver Broncos,,5.5,kalshi,143,—,—,,-3,,hit,,,,—,,
2026-10-04T23:00:39.811782+00:00,nfl,2026,4,401872975,4018729751740,2,1:43,Timeout #3 by DEN at 01:43.,3,5,DEN 6,94,-3,San Francisco 49ers,Denver Broncos,0,3,89.5,10.5,136.0,137.0,273.0,158.0,52.0,210.0,game,Spread,San Francisco 49ers,,-5.5,kalshi,-171,—,—,,-3,,miss,,,,—,,
2026-10-04T23:00:39.811782+00:00,nfl,2026,4,401872975,4018729751740,2,1:43,Timeout #3 by DEN at 01:43.,3,5,DEN 6,94,-3,San Francisco 49ers,Denver Broncos,0,3,89.5,10.5,136.0,137.0,273.0,158.0,52.0,210.0,game,Total,Over,,28.5,betfair,-130,—,—,,3.0,,miss,,,,—,,
2026-10-04T23:00:39.811782+00:00,nfl,2026,4,401872975,4018729751740,2,1:43,Timeout #3 by DEN at 01:43.,3,5,DEN 6,94,-3,San Francisco 49ers,Denver Broncos,0,3,89.5,10.5,136.0,137.0,273.0,158.0,52.0,210.0,game,Total,Under,,28.5,polymarket,117,—,—,,3.0,,hit,,,,—,,
2026-10-04T23:00:39.811782+00:00,nfl,2026,4,401872975,4018729751740,2,1:43,Timeout #3 by DEN at 01:43.,3,5,DEN 6,94,-3,San Francisco 49ers,Denver Broncos,0,3,89.5,10.5,136.0,137.0,273.0,158.0,52.0,210.0,game,ML,Denver Broncos,,,polymarket,669,—,—,,Win,,hit,,,,—,,
2026-10-04T23:00:39.811782+00:00,nfl,2026,4,401872975,4018729751740,2,1:43,Timeout #3 by DEN at 01:43.,3,5,DEN 6,94,-3,San Francisco 49ers,Denver Broncos,0,3,89.5,10.5,136.0,137.0,273.0,158.0,52.0,210.0,game,ML,San Francisco 49ers,,,betfair,-787,—,—,,Loss,,miss,,,,—,,
2026-10-04T23:00:39.811782+00:00,nfl,2026,4,401872975,4018729751754,2,1:43,(Shotgun) B.Purdy pass incomplete short middle to M.Evans.,3,5,DEN 6,94,-3,San Francisco 49ers,Denver Broncos,0,3,89.5,10.5,136.0,137.0,273.0,158.0,52.0,210.0,game,Spread,Denver Broncos,,5.5,kalshi,143,—,—,,-3,,hit,,,,—,,
2026-10-04T23:00:39.811782+00:00,nfl,2026,4,401872975,4018729751754,2,1:43,(Shotgun) B.Purdy pass incomplete short middle to M.Evans.,3,5,DEN 6,94,-3,San Francisco 49ers,Denver Broncos,0,3,89.5,10.5,136.0,137.0,273.0,158.0,52.0,210.0,game,Spread,San Francisco 49ers,,-5.5,kalshi,-171,—,—,,-3,,miss,,,,—,,
2026-10-04T23:00:39.811782+00:00,nfl,2026,4,401872975,4018729751754,2,1:43,(Shotgun) B.Purdy pass incomplete short middle to M.Evans.,3,5,DEN 6,94,-3,San Francisco 49ers,Denver Broncos,0,3,89.5,10.5,136.0,137.0,273.0,158.0,52.0,210.0,game,Total,Over,,28.5,betfair,-130,—,—,,3.0,,miss,,,,—,,
2026-10-04T23:00:39.811782+00:00,nfl,2026,4,401872975,4018729751754,2,1:43,(Shotgun) B.Purdy pass incomplete short middle to M.Evans.,3,5,DEN 6,94,-3,San Francisco 49ers,Denver Broncos,0,3,89.5,10.5,136.0,137.0,273.0,158.0,52.0,210.0,game,Total,Under,,28.5,polymarket,117,—,—,,3.0,,hit,,,,—,,
2026-10-04T23:00:39.811782+00:00,nfl,2026,4,401872975,4018729751754,2,1:43,(Shotgun) B.Purdy pass incomplete short middle to M.Evans.,3,5,DEN 6,94,-3,San Francisco 49ers,Denver Broncos,0,3,89.5,10.5,136.0,137.0,273.0,158.0,52.0,210.0,game,ML,Denver Broncos,,,polymarket,669,—,—,,Win,,hit,,,,—,,
2026-10-04T23:00:39.811782+00:00,nfl,2026,4,401872975,4018729751754,2,1:43,(Shotgun) B.Purdy pass incomplete short middle to M.Evans.,3,5,DEN 6,94,-3,San Francisco 49ers,Denver Broncos,0,3,89.5,10.5,136.0,137.0,273.0,158.0,52.0,210.0,game,ML,San Francisco 49ers,,,betfair,-787,—,—,,Loss,,miss,,,,—,,
2026-10-04T23:00:39.811782+00:00,nfl,2026,4,401872975,4018729751794,2,1:36,Official Timeout at 01:36.,-1,1,SF 35,35,0,San Francisco 49ers,Denver Broncos,3,3,89.5,10.5,136.0,137.0,273.0,158.0,52.0,210.0,game,Spread,Denver Broncos,,5.5,kalshi,143,—,—,,0,,hit,,,,—,,
2026-10-04T23:00:39.811782+00:00,nfl,2026,4,401872975,4018729751794,2,1:36,Official Timeout at 01:36.,-1,1,SF 35,35,0,San Francisco 49ers,Denver Broncos,3,3,89.5,10.5,136.0,137.0,273.0,158.0,52.0,210.0,game,Spread,San Francisco 49ers,,-5.5,kalshi,-171,—,—,,0,,miss,,,,—,,
2026-10-04T23:00:39.811782+00:00,nfl,2026,4,401872975,4018729751794,2,1:36,Official Timeout at 01:36.,-1,1,SF 35,35,0,San Francisco 49ers,Denver Broncos,3,3,89.5,10.5,136.0,137.0,273.0,158.0,52.0,210.0,game,Total,Over,,28.5,betfair,-130,—,—,,6.0,,miss,,,,—,,
2026-10-04T23:00:39.811782+00:00,nfl,2026,4,401872975,4018729751794,2,1:36,Official Timeout at 01:36.,-1,1,SF 35,35,0,San Francisco 49ers,Denver Broncos,3,3,89.5,10.5,136.0,137.0,273.0,158.0,52.0,210.0,game,Total,Under,,28.5,polymarket,117,—,—,,6.0,,hit,,,,—,,
2026-10-04T23:00:39.811782+00:00,nfl,2026,4,401872975,4018729751794,2,1:36,Official Timeout at 01:36.,-1,1,SF 35,35,0,San Francisco 49ers,Denver Broncos,3,3,89.5,10.5,136.0,137.0,273.0,158.0,52.0,210.0,game,ML,Denver Broncos,,,polymarket,669,—,—,,Loss,,miss,,,,—,,
2026-10-04T23:00:39.811782+00:00,nfl,2026,4,401872975,4018729751794,2,1:36,Official Timeout at 01:36.,-1,1,SF 35,35,0,San Francisco 49ers,Denver Broncos,3,3,89.5,10.5,136.0,137.0,273.0,158.0,52.0,210.0,game,ML,San Francisco 49ers,,,betfair,-787,—,—,,Loss,,miss,,,,—,,
2026-10-04T23:00:39.811782+00:00,nfl,2026,4,401872975,4018729751784,2,1:36,"E.Pineiro 24 yard field goal is GOOD, Center-J.Weeks, Holder-C.Waitman.",4,5,DEN 6,94,0,San Francisco 49ers,Denver Broncos,3,3,89.5,10.5,136.0,137.0,273.0,158.0,52.0,210.0,game,Spread,Denver Broncos,,5.5,kalshi,143,—,—,,0,,hit,,,,—,,
2026-10-04T23:00:39.811782+00:00,nfl,2026,4,401872975,4018729751784,2,1:36,"E.Pineiro 24 yard field goal is GOOD, Center-J.Weeks, Holder-C.Waitman.",4,5,DEN 6,94,0,San Francisco 49ers,Denver Broncos,3,3,89.5,10.5,136.0,137.0,273.0,158.0,52.0,210.0,game,Spread,San Francisco 49ers,,-5.5,kalshi,-171,—,—,,0,,miss,,,,—,,
2026-10-04T23:00:39.811782+00:00,nfl,2026,4,401872975,4018729751784,2,1:36,"E.Pineiro 24 yard field goal is GOOD, Center-J.Weeks, Holder-C.Waitman.",4,5,DEN 6,94,0,San Francisco 49ers,Denver Broncos,3,3,89.5,10.5,136.0,137.0,273.0,158.0,52.0,210.0,game,Total,Over,,28.5,betfair,-130,—,—,,6.0,,miss,,,,—,,
2026-10-04T23:00:39.811782+00:00,nfl,2026,4,401872975,4018729751784,2,1:36,"E.Pineiro 24 yard field goal is GOOD, Center-J.Weeks, Holder-C.Waitman.",4,5,DEN 6,94,0,San Francisco 49ers,Denver Broncos,3,3,89.5,10.5,136.0,137.0,273.0,158.0,52.0,210.0,game,Total,Under,,28.5,polymarket,117,—,—,,6.0,,hit,,,,—,,
2026-10-04T23:00:39.811782+00:00,nfl,2026,4,401872975,4018729751784,2,1:36,"E.Pineiro 24 yard field goal is GOOD, Center-J.Weeks, Holder-C.Waitman.",4,5,DEN 6,94,0,San Francisco 49ers,Denver Broncos,3,3,89.5,10.5,136.0,137.0,273.0,158.0,52.0,210.0,game,ML,Denver Broncos,,,polymarket,669,—,—,,Loss,,miss,,,,—,,
2026-10-04T23:00:39.811782+00:00,nfl,2026,4,401872975,4018729751784,2,1:36,"E.Pineiro 24 yard field goal is GOOD, Center-J.Weeks, Holder-C.Waitman.",4,5,DEN 6,94,0,San Francisco 49ers,Denver Broncos,3,3,89.5,10.5,136.0,137.0,273.0,158.0,52.0,210.0,game,ML,San Francisco 49ers,,,betfair,-787,—,—,,Loss,,miss,,,,—,,
2026-10-04T23:00:39.811782+00:00,nfl,2026,4,401872975,4018729751804,2,1:36,"E.Pineiro kicks 65 yards from SF 35 to landing zone to end zone, Touchback to the DEN 20.",3,1,DEN 26,35,0,San Francisco 49ers,Denver Broncos,3,3,89.5,10.5,136.0,137.0,273.0,158.0,52.0,210.0,game,Spread,Denver Broncos,,5.5,kalshi,143,—,—,,0,,hit,,,,—,,
2026-10-04T23:00:39.811782+00:00,nfl,2026,4,401872975,4018729751804,2,1:36,"E.Pineiro kicks 65 yards from SF 35 to landing zone to end zone, Touchback to the DEN 20.",3,1,DEN 26,35,0,San Francisco 49ers,Denver Broncos,3,3,89.5,10.5,136.0,137.0,273.0,158.0,52.0,210.0,game,Spread,San Francisco 49ers,,-5.5,kalshi,-171,—,—,,0,,miss,,,,—,,
2026-10-04T23:00:39.811782+00:00,nfl,2026,4,401872975,4018729751804,2,1:36,"E.Pineiro kicks 65 yards from SF 35 to landing zone to end zone, Touchback to the DEN 20.",3,1,DEN 26,35,0,San Francisco 49ers,Denver Broncos,3,3,89.5,10.5,136.0,137.0,273.0,158.0,52.0,210.0,game,Total,Over,,28.5,betfair,-130,—,—,,6.0,,miss,,,,—,,
2026-10-04T23:00:39.811782+00:00,nfl,2026,4,401872975,4018729751804,2,1:36,"E.Pineiro kicks 65 yards from SF 35 to landing zone to end zone, Touchback to the DEN 20.",3,1,DEN 26,35,0,San Francisco 49ers,Denver Broncos,3,3,89.5,10.5,136.0,137.0,273.0,158.0,52.0,210.0,game,Total,Under,,28.5,polymarket,117,—,—,,6.0,,hit,,,,—,,
2026-10-04T23:00:39.811782+00:00,nfl,2026,4,401872975,4018729751804,2,1:36,"E.Pineiro kicks 65 yards from SF 35 to landing zone to end zone, Touchback to the DEN 20.",3,1,DEN 26,35,0,San Francisco 49ers,Denver Broncos,3,3,89.5,10.5,136.0,137.0,273.0,158.0,52.0,210.0,game,ML,Denver Broncos,,,polymarket,669,—,—,,Loss,,miss,,,,—,,
2026-10-04T23:00:39.811782+00:00,nfl,2026,4,401872975,4018729751804,2,1:36,"E.Pineiro kicks 65 yards from SF 35 to landing zone to end zone, Touchback to the DEN 20.",3,1,DEN 26,35,0,San Francisco 49ers,Denver Broncos,3,3,89.5,10.5,136.0,137.0,273.0,158.0,52.0,210.0,game,ML,San Francisco 49ers,,,betfair,-787,—,—,,Loss,,miss,,,,—,,
2026-10-04T23:00:39.811782+00:00,nfl,2026,4,401872975,4018729751828,2,1:36,(Shotgun) B.Nix pass short right to R.Harvey to DEN 25 for 5 yards (F.Warner).,1,10,DEN 20,80,0,San Francisco 49ers,Denver Broncos,3,3,89.5,10.5,136.0,137.0,273.0,158.0,52.0,210.0,game,Spread,Denver Broncos,,5.5,kalshi,143,—,—,,0,,hit,,,,—,,
2026-10-04T23:00:39.811782+00:00,nfl,2026,4,401872975,4018729751828,2,1:36,(Shotgun) B.Nix pass short right to R.Harvey to DEN 25 for 5 yards (F.Warner).,1,10,DEN 20,80,0,San Francisco 49ers,Denver Broncos,3,3,89.5,10.5,136.0,137.0,273.0,158.0,52.0,210.0,game,Spread,San Francisco 49ers,,-5.5,kalshi,-171,—,—,,0,,miss,,,,—,,
2026-10-04T23:00:39.811782+00:00,nfl,2026,4,401872975,4018729751828,2,1:36,(Shotgun) B.Nix pass short right to R.Harvey to DEN 25 for 5 yards (F.Warner).,1,10,DEN 20,80,0,San Francisco 49ers,Denver Broncos,3,3,89.5,10.5,136.0,137.0,273.0,158.0,52.0,210.0,game,Total,Over,,28.5,betfair,-130,—,—,,6.0,,miss,,,,—,,
2026-10-04T23:00:39.811782+00:00,nfl,2026,4,401872975,4018729751828,2,1:36,(Shotgun) B.Nix pass short right to R.Harvey to DEN 25 for 5 yards (F.Warner).,1,10,DEN 20,80,0,San Francisco 49ers,Denver Broncos,3,3,89.5,10.5,136.0,137.0,273.0,158.0,52.0,210.0,game,Total,Under,,28.5,polymarket,117,—,—,,6.0,,hit,,,,—,,
2026-10-04T23:00:39.811782+00:00,nfl,2026,4,401872975,4018729751828,2,1:36,(Shotgun) B.Nix pass short right to R.Harvey to DEN 25 for 5 yards (F.Warner).,1,10,DEN 20,80,0,San Francisco 49ers,Denver Broncos,3,3,89.5,10.5,136.0,137.0,273.0,158.0,52.0,210.0,game,ML,Denver Broncos,,,polymarket,669,—,—,,Loss,,miss,,,,—,,
2026-10-04T23:00:39.811782+00:00,nfl,2026,4,401872975,4018729751828,2,1:36,(Shotgun) B.Nix pass short right to R.Harvey to DEN 25 for 5 yards (F.Warner).,1,10,DEN 20,80,0,San Francisco 49ers,Denver Broncos,3,3,89.5,10.5,136.0,137.0,273.0,158.0,52.0,210.0,game,ML,San Francisco 49ers,,,betfair,-787,—,—,,Loss,,miss,,,,—,,
2026-10-04T23:00:39.811782+00:00,nfl,2026,4,401872975,4018729751853,2,1:17,"(No Huddle, Shotgun) B.Nix pass short left to R.Harvey pushed ob at DEN 29 for 4 yards (R.Green).",2,5,DEN 25,75,0,San Francisco 49ers,Denver Broncos,3,3,89.5,10.5,136.0,137.0,273.0,158.0,52.0,210.0,game,Spread,Denver Broncos,,5.5,kalshi,143,—,—,,0,,hit,,,,—,,
2026-10-04T23:00:39.811782+00:00,nfl,2026,4,401872975,4018729751853,2,1:17,"(No Huddle, Shotgun) B.Nix pass short left to R.Harvey pushed ob at DEN 29 for 4 yards (R.Green).",2,5,DEN 25,75,0,San Francisco 49ers,Denver Broncos,3,3,89.5,10.5,136.0,137.0,273.0,158.0,52.0,210.0,game,Spread,San Francisco 49ers,,-5.5,kalshi,-171,—,—,,0,,miss,,,,—,,
2026-10-04T23:00:39.811782+00:00,nfl,2026,4,401872975,4018729751853,2,1:17,"(No Huddle, Shotgun) B.Nix pass short left to R.Harvey pushed ob at DEN 29 for 4 yards (R.Green).",2,5,DEN 25,75,0,San Francisco 49ers,Denver Broncos,3,3,89.5,10.5,136.0,137.0,273.0,158.0,52.0,210.0,game,Total,Over,,28.5,betfair,-130,—,—,,6.0,,miss,,,,—,,
2026-10-04T23:00:39.811782+00:00,nfl,2026,4,401872975,4018729751853,2,1:17,"(No Huddle, Shotgun) B.Nix pass short left to R.Harvey pushed ob at DEN 29 for 4 yards (R.Green).",2,5,DEN 25,75,0,San Francisco 49ers,Denver Broncos,3,3,89.5,10.5,136.0,137.0,273.0,158.0,52.0,210.0,game,Total,Under,,28.5,polymarket,117,—,—,,6.0,,hit,,,,—,,
2026-10-04T23:00:39.811782+00:00,nfl,2026,4,401872975,4018729751853,2,1:17,"(No Huddle, Shotgun) B.Nix pass short left to R.Harvey pushed ob at DEN 29 for 4 yards (R.Green).",2,5,DEN 25,75,0,San Francisco 49ers,Denver Broncos,3,3,89.5,10.5,136.0,137.0,273.0,158.0,52.0,210.0,game,ML,Denver Broncos,,,polymarket,669,—,—,,Loss,,miss,,,,—,,
2026-10-04T23:00:39.811782+00:00,nfl,2026,4,401872975,4018729751853,2,1:17,"(No Huddle, Shotgun) B.Nix pass short left to R.Harvey pushed ob at DEN 29 for 4 yards (R.Green).",2,5,DEN 25,75,0,San Francisco 49ers,Denver Broncos,3,3,89.5,10.5,136.0,137.0,273.0,158.0,52.0,210.0,game,ML,San Francisco 49ers,,,betfair,-787,—,—,,Loss,,miss,,,,—,,
2026-10-04T23:00:39.811782+00:00,nfl,2026,4,401872975,4018729751883,2,1:10,"(Shotgun) B.Nix pass short left to C.Sutton to DEN 33 for 4 yards (D.Lenoir).PENALTY on SF-D.Lenoir, Defensive Delay of Game, 5 yards, enforced at DEN 33.",3,1,DEN 29,71,0,San Francisco 49ers,Denver Broncos,3,3,89.5,10.5,136.0,137.0,273.0,158.0,52.0,210.0,game,Spread,Denver Broncos,,5.5,kalshi,143,—,—,,0,,hit,,,,—,,
2026-10-04T23:00:39.811782+00:00,nfl,2026,4,401872975,4018729751883,2,1:10,"(Shotgun) B.Nix pass short left to C.Sutton to DEN 33 for 4 yards (D.Lenoir).PENALTY on SF-D.Lenoir, Defensive Delay of Game, 5 yards, enforced at DEN 33.",3,1,DEN 29,71,0,San Francisco 49ers,Denver Broncos,3,3,89.5,10.5,136.0,137.0,273.0,158.0,52.0,210.0,game,Spread,San Francisco 49ers,,-5.5,kalshi,-171,—,—,,0,,miss,,,,—,,
2026-10-04T23:00:39.811782+00:00,nfl,2026,4,401872975,4018729751883,2,1:10,"(Shotgun) B.Nix pass short left to C.Sutton to DEN 33 for 4 yards (D.Lenoir).PENALTY on SF-D.Lenoir, Defensive Delay of Game, 5 yards, enforced at DEN 33.",3,1,DEN 29,71,0,San Francisco 49ers,Denver Broncos,3,3,89.5,10.5,136.0,137.0,273.0,158.0,52.0,210.0,game,Total,Over,,28.5,betfair,-130,—,—,,6.0,,miss,,,,—,,
2026-10-04T23:00:39.811782+00:00,nfl,2026,4,401872975,4018729751883,2,1:10,"(Shotgun) B.Nix pass short left to C.Sutton to DEN 33 for 4 yards (D.Lenoir).PENALTY on SF-D.Lenoir, Defensive Delay of Game, 5 yards, enforced at DEN 33.",3,1,DEN 29,71,0,San Francisco 49ers,Denver Broncos,3,3,89.5,10.5,136.0,137.0,273.0,158.0,52.0,210.0,game,Total,Under,,28.5,polymarket,117,—,—,,6.0,,hit,,,,—,,
2026-10-04T23:00:39.811782+00:00,nfl,2026,4,401872975,4018729751883,2,1:10,"(Shotgun) B.Nix pass short left to C.Sutton to DEN 33 for 4 yards (D.Lenoir).PENALTY on SF-D.Lenoir, Defensive Delay of Game, 5 yards, enforced at DEN 33.",3,1,DEN 29,71,0,San Francisco 49ers,Denver Broncos,3,3,89.5,10.5,136.0,137.0,273.0,158.0,52.0,210.0,game,ML,Denver Broncos,,,polymarket,669,—,—,,Loss,,miss,,,,—,,
2026-10-04T23:00:39.811782+00:00,nfl,2026,4,401872975,4018729751883,2,1:10,"(Shotgun) B.Nix pass short left to C.Sutton to DEN 33 for 4 yards (D.Lenoir).PENALTY on SF-D.Lenoir, Defensive Delay of Game, 5 yards, enforced at DEN 33.",3,1,DEN 29,71,0,San Francisco 49ers,Denver Broncos,3,3,89.5,10.5,136.0,137.0,273.0,158.0,52.0,210.0,game,ML,San Francisco 49ers,,,betfair,-787,—,—,,Loss,,miss,,,,—,,
2026-10-04T23:00:39.811782+00:00,nfl,2026,4,401872975,4018729751919,2,1:00,"(No Huddle, Shotgun) B.Nix pass incomplete short left to C.Sutton.",1,10,DEN 38,62,0,San Francisco 49ers,Denver Broncos,3,3,89.5,10.5,136.0,137.0,273.0,158.0,52.0,210.0,game,Spread,Denver Broncos,,5.5,kalshi,143,—,—,,0,,hit,,,,—,,
2026-10-04T23:00:39.811782+00:00,nfl,2026,4,401872975,4018729751919,2,1:00,"(No Huddle, Shotgun) B.Nix pass incomplete short left to C.Sutton.",1,10,DEN 38,62,0,San Francisco 49ers,Denver Broncos,3,3,89.5,10.5,136.0,137.0,273.0,158.0,52.0,210.0,game,Spread,San Francisco 49ers,,-5.5,kalshi,-171,—,—,,0,,miss,,,,—,,
2026-10-04T23:00:39.811782+00:00,nfl,2026,4,401872975,4018729751919,2,1:00,"(No Huddle, Shotgun) B.Nix pass incomplete short left to C.Sutton.",1,10,DEN 38,62,0,San Francisco 49ers,Denver Broncos,3,3,89.5,10.5,136.0,137.0,273.0,158.0,52.0,210.0,game,Total,Over,,28.5,betfair,-130,—,—,,6.0,,miss,,,,—,,
2026-10-04T23:00:39.811782+00:00,nfl,2026,4,401872975,4018729751919,2,1:00,"(No Huddle, Shotgun) B.Nix pass incomplete short left to C.Sutton.",1,10,DEN 38,62,0,San Francisco 49ers,Denver Broncos,3,3,89.5,10.5,136.0,137.0,273.0,158.0,52.0,210.0,game,Total,Under,,28.5,polymarket,117,—,—,,6.0,,hit,,,,—,,
2026-10-04T23:00:39.811782+00:00,nfl,2026,4,401872975,4018729751919,2,1:00,"(No Huddle, Shotgun) B.Nix pass incomplete short left to C.Sutton.",1,10,DEN 38,62,0,San Francisco 49ers,Denver Broncos,3,3,89.5,10.5,136.0,137.0,273.0,158.0,52.0,210.0,game,ML,Denver Broncos,,,polymarket,669,—,—,,Loss,,miss,,,,—,,
2026-10-04T23:00:39.811782+00:00,nfl,2026,4,401872975,4018729751919,2,1:00,"(No Huddle, Shotgun) B.Nix pass incomplete short left to C.Sutton.",1,10,DEN 38,62,0,San Francisco 49ers,Denver Broncos,3,3,89.5,10.5,136.0,137.0,273.0,158.0,52.0,210.0,game,ML,San Francisco 49ers,,,betfair,-787,—,—,,Loss,,miss,,,,—,,
2026-10-04T23:00:39.811782+00:00,nfl,2026,4,401872975,4018729751942,2,0:56,(Shotgun) B.Nix pass incomplete short right.,2,10,DEN 38,62,0,San Francisco 49ers,Denver Broncos,3,3,89.5,10.5,136.0,137.0,273.0,158.0,52.0,210.0,game,Spread,Denver Broncos,,5.5,kalshi,143,—,—,,0,,hit,,,,—,,
2026-10-04T23:00:39.811782+00:00,nfl,2026,4,401872975,4018729751942,2,0:56,(Shotgun) B.Nix pass incomplete short right.,2,10,DEN 38,62,0,San Francisco 49ers,Denver Broncos,3,3,89.5,10.5,136.0,137.0,273.0,158.0,52.0,210.0,game,Spread,San Francisco 49ers,,-5.5,kalshi,-171,—,—,,0,,miss,,,,—,,
2026-10-04T23:00:39.811782+00:00,nfl,2026,4,401872975,4018729751942,2,0:56,(Shotgun) B.Nix pass incomplete short right.,2,10,DEN 38,62,0,San Francisco 49ers,Denver Broncos,3,3,89.5,10.5,136.0,137.0,273.0,158.0,52.0,210.0,game,Total,Over,,28.5,betfair,-130,—,—,,6.0,,miss,,,,—,,
2026-10-04T23:00:39.811782+00:00,nfl,2026,4,401872975,4018729751942,2,0:56,(Shotgun) B.Nix pass incomplete short right.,2,10,DEN 38,62,0,San Francisco 49ers,Denver Broncos,3,3,89.5,10.5,136.0,137.0,273.0,158.0,52.0,210.0,game,Total,Under,,28.5,polymarket,117,—,—,,6.0,,hit,,,,—,,
2026-10-04T23:00:39.811782+00:00,nfl,2026,4,401872975,4018729751942,2,0:56,(Shotgun) B.Nix pass incomplete short right.,2,10,DEN 38,62,0,San Francisco 49ers,Denver Broncos,3,3,89.5,10.5,136.0,137.0,273.0,158.0,52.0,210.0,game,ML,Denver Broncos,,,polymarket,669,—,—,,Loss,,miss,,,,—,,
2026-10-04T23:00:39.811782+00:00,nfl,2026,4,401872975,4018729751942,2,0:56,(Shotgun) B.Nix pass incomplete short right.,2,10,DEN 38,62,0,San Francisco 49ers,Denver Broncos,3,3,89.5,10.5,136.0,137.0,273.0,158.0,52.0,210.0,game,ML,San Francisco 49ers,,,betfair,-787,—,—,,Loss,,miss,,,,—,,
2026-10-04T23:00:39.811782+00:00,nfl,2026,4,401872975,4018729751965,2,0:52,(Shotgun) B.Nix pass incomplete short left to C.Sutton.,3,10,DEN 38,62,0,San Francisco 49ers,Denver Broncos,3,3,89.5,10.5,136.0,137.0,273.0,158.0,52.0,210.0,game,Spread,Denver Broncos,,5.5,kalshi,143,—,—,,0,,hit,,,,—,,
2026-10-04T23:00:39.811782+00:00,nfl,2026,4,401872975,4018729751965,2,0:52,(Shotgun) B.Nix pass incomplete short left to C.Sutton.,3,10,DEN 38,62,0,San Francisco 49ers,Denver Broncos,3,3,89.5,10.5,136.0,137.0,273.0,158.0,52.0,210.0,game,Spread,San Francisco 49ers,,-5.5,kalshi,-171,—,—,,0,,miss,,,,—,,
2026-10-04T23:00:39.811782+00:00,nfl,2026,4,401872975,4018729751965,2,0:52,(Shotgun) B.Nix pass incomplete short left to C.Sutton.,3,10,DEN 38,62,0,San Francisco 49ers,Denver Broncos,3,3,89.5,10.5,136.0,137.0,273.0,158.0,52.0,210.0,game,Total,Over,,28.5,betfair,-130,—,—,,6.0,,miss,,,,—,,
2026-10-04T23:00:39.811782+00:00,nfl,2026,4,401872975,4018729751965,2,0:52,(Shotgun) B.Nix pass incomplete short left to C.Sutton.,3,10,DEN 38,62,0,San Francisco 49ers,Denver Broncos,3,3,89.5,10.5,136.0,137.0,273.0,158.0,52.0,210.0,game,Total,Under,,28.5,polymarket,117,—,—,,6.0,,hit,,,,—,,
2026-10-04T23:00:39.811782+00:00,nfl,2026,4,401872975,4018729751965,2,0:52,(Shotgun) B.Nix pass incomplete short left to C.Sutton.,3,10,DEN 38,62,0,San Francisco 49ers,Denver Broncos,3,3,89.5,10.5,136.0,137.0,273.0,158.0,52.0,210.0,game,ML,Denver Broncos,,,polymarket,669,—,—,,Loss,,miss,,,,—,,
2026-10-04T23:00:39.811782+00:00,nfl,2026,4,401872975,4018729751965,2,0:52,(Shotgun) B.Nix pass incomplete short left to C.Sutton.,3,10,DEN 38,62,0,San Francisco 49ers,Denver Broncos,3,3,89.5,10.5,136.0,137.0,273.0,158.0,52.0,210.0,game,ML,San Francisco 49ers,,,betfair,-787,—,—,,Loss,,miss,,,,—,,
2026-10-04T23:00:39.811782+00:00,nfl,2026,4,401872975,4018729751988,2,0:47,"J.Crawshaw punts 44 yards to SF 18, Center-M.Fraboni, out of bounds.",4,10,DEN 38,62,0,San Francisco 49ers,Denver Broncos,3,3,89.5,10.5,136.0,137.0,273.0,158.0,52.0,210.0,game,Spread,Denver Broncos,,5.5,kalshi,143,—,—,,0,,hit,,,,—,,
2026-10-04T23:00:39.811782+00:00,nfl,2026,4,401872975,4018729751988,2,0:47,"J.Crawshaw punts 44 yards to SF 18, Center-M.Fraboni, out of bounds.",4,10,DEN 38,62,0,San Francisco 49ers,Denver Broncos,3,3,89.5,10.5,136.0,137.0,273.0,158.0,52.0,210.0,game,Spread,San Francisco 49ers,,-5.5,kalshi,-171,—,—,,0,,miss,,,,—,,
2026-10-04T23:00:39.811782+00:00,nfl,2026,4,401872975,4018729751988,2,0:47,"J.Crawshaw punts 44 yards to SF 18, Center-M.Fraboni, out of bounds.",4,10,DEN 38,62,0,San Francisco 49ers,Denver Broncos,3,3,89.5,10.5,136.0,137.0,273.0,158.0,52.0,210.0,game,Total,Over,,28.5,betfair,-130,—,—,,6.0,,miss,,,,—,,
2026-10-04T23:00:39.811782+00:00,nfl,2026,4,401872975,4018729751988,2,0:47,"J.Crawshaw punts 44 yards to SF 18, Center-M.Fraboni, out of bounds.",4,10,DEN 38,62,0,San Francisco 49ers,Denver Broncos,3,3,89.5,10.5,136.0,137.0,273.0,158.0,52.0,210.0,game,Total,Under,,28.5,polymarket,117,—,—,,6.0,,hit,,,,—,,
2026-10-04T23:00:39.811782+00:00,nfl,2026,4,401872975,4018729751988,2,0:47,"J.Crawshaw punts 44 yards to SF 18, Center-M.Fraboni, out of bounds.",4,10,DEN 38,62,0,San Francisco 49ers,Denver Broncos,3,3,89.5,10.5,136.0,137.0,273.0,158.0,52.0,210.0,game,ML,Denver Broncos,,,polymarket,669,—,—,,Loss,,miss,,,,—,,
2026-10-04T23:00:39.811782+00:00,nfl,2026,4,401872975,4018729751988,2,0:47,"J.Crawshaw punts 44 yards to SF 18, Center-M.Fraboni, out of bounds.",4,10,DEN 38,62,0,San Francisco 49ers,Denver Broncos,3,3,89.5,10.5,136.0,137.0,273.0,158.0,52.0,210.0,game,ML,San Francisco 49ers,,,betfair,-787,—,—,,Loss,,miss,,,,—,,
2026-10-04T23:00:39.811782+00:00,nfl,2026,4,401872975,4018729751998,2,0:41,Official Timeout at 00:41.,1,10,SF 18,18,0,San Francisco 49ers,Denver Broncos,3,3,89.5,10.5,136.0,137.0,273.0,158.0,52.0,210.0,game,Spread,Denver Broncos,,5.5,kalshi,143,—,—,,0,,hit,,,,—,,
2026-10-04T23:00:39.811782+00:00,nfl,2026,4,401872975,4018729751998,2,0:41,Official Timeout at 00:41.,1,10,SF 18,18,0,San Francisco 49ers,Denver Broncos,3,3,89.5,10.5,136.0,137.0,273.0,158.0,52.0,210.0,game,Spread,San Francisco 49ers,,-5.5,kalshi,-171,—,—,,0,,miss,,,,—,,
2026-10-04T23:00:39.811782+00:00,nfl,2026,4,401872975,4018729751998,2,0:41,Official Timeout at 00:41.,1,10,SF 18,18,0,San Francisco 49ers,Denver Broncos,3,3,89.5,10.5,136.0,137.0,273.0,158.0,52.0,210.0,game,Total,Over,,28.5,betfair,-130,—,—,,6.0,,miss,,,,—,,
2026-10-04T23:00:39.811782+00:00,nfl,2026,4,401872975,4018729751998,2,0:41,Official Timeout at 00:41.,1,10,SF 18,18,0,San Francisco 49ers,Denver Broncos,3,3,89.5,10.5,136.0,137.0,273.0,158.0,52.0,210.0,game,Total,Under,,28.5,polymarket,117,—,—,,6.0,,hit,,,,—,,
2026-10-04T23:00:39.811782+00:00,nfl,2026,4,401872975,4018729751998,2,0:41,Official Timeout at 00:41.,1,10,SF 18,18,0,San Francisco 49ers,Denver Broncos,3,3,89.5,10.5,136.0,137.0,273.0,158.0,52.0,210.0,game,ML,Denver Broncos,,,polymarket,669,—,—,,Loss,,miss,,,,—,,
2026-10-04T23:00:39.811782+00:00,nfl,2026,4,401872975,4018729751998,2,0:41,Official Timeout at 00:41.,1,10,SF 18,18,0,San Francisco 49ers,Denver Broncos,3,3,89.5,10.5,136.0,137.0,273.0,158.0,52.0,210.0,game,ML,San Francisco 49ers,,,betfair,-787,—,—,,Loss,,miss,,,,—,,
2026-10-04T23:00:39.811782+00:00,nfl,2026,4,401872975,4018729752007,2,0:41,(Shotgun) B.Purdy pass incomplete deep left to G.Kittle.,1,10,SF 18,18,0,San Francisco 49ers,Denver Broncos,3,3,89.5,10.5,136.0,137.0,273.0,158.0,52.0,210.0,game,Spread,Denver Broncos,,5.5,kalshi,143,—,—,,0,,hit,,,,—,,
2026-10-04T23:00:39.811782+00:00,nfl,2026,4,401872975,4018729752007,2,0:41,(Shotgun) B.Purdy pass incomplete deep left to G.Kittle.,1,10,SF 18,18,0,San Francisco 49ers,Denver Broncos,3,3,89.5,10.5,136.0,137.0,273.0,158.0,52.0,210.0,game,Spread,San Francisco 49ers,,-5.5,kalshi,-171,—,—,,0,,miss,,,,—,,
2026-10-04T23:00:39.811782+00:00,nfl,2026,4,401872975,4018729752007,2,0:41,(Shotgun) B.Purdy pass incomplete deep left to G.Kittle.,1,10,SF 18,18,0,San Francisco 49ers,Denver Broncos,3,3,89.5,10.5,136.0,137.0,273.0,158.0,52.0,210.0,game,Total,Over,,28.5,betfair,-130,—,—,,6.0,,miss,,,,—,,
2026-10-04T23:00:39.811782+00:00,nfl,2026,4,401872975,4018729752007,2,0:41,(Shotgun) B.Purdy pass incomplete deep left to G.Kittle.,1,10,SF 18,18,0,San Francisco 49ers,Denver Broncos,3,3,89.5,10.5,136.0,137.0,273.0,158.0,52.0,210.0,game,Total,Under,,28.5,polymarket,117,—,—,,6.0,,hit,,,,—,,
2026-10-04T23:00:39.811782+00:00,nfl,2026,4,401872975,4018729752007,2,0:41,(Shotgun) B.Purdy pass incomplete deep left to G.Kittle.,1,10,SF 18,18,0,San Francisco 49ers,Denver Broncos,3,3,89.5,10.5,136.0,137.0,273.0,158.0,52.0,210.0,game,ML,Denver Broncos,,,polymarket,669,—,—,,Loss,,miss,,,,—,,
2026-10-04T23:00:39.811782+00:00,nfl,2026,4,401872975,4018729752007,2,0:41,(Shotgun) B.Purdy pass incomplete deep left to G.Kittle.,1,10,SF 18,18,0,San Francisco 49ers,Denver Broncos,3,3,89.5,10.5,136.0,137.0,273.0,158.0,52.0,210.0,game,ML,San Francisco 49ers,,,betfair,-787,—,—,,Loss,,miss,,,,—,,
2026-10-04T23:00:39.811782+00:00,nfl,2026,4,401872975,4018729752037,2,0:38,(Shotgun) B.Purdy pass deep middle to M.Evans to SF 42 for 24 yards (B.Jones). DEN-P.Surtain was injured during the play.,2,10,SF 18,18,0,San Francisco 49ers,Denver Broncos,3,3,89.5,10.5,136.0,137.0,273.0,158.0,52.0,210.0,game,Spread,Denver Broncos,,5.5,kalshi,143,—,—,,0,,hit,,,,—,,
2026-10-04T23:00:39.811782+00:00,nfl,2026,4,401872975,4018729752037,2,0:38,(Shotgun) B.Purdy pass deep middle to M.Evans to SF 42 for 24 yards (B.Jones). DEN-P.Surtain was injured during the play.,2,10,SF 18,18,0,San Francisco 49ers,Denver Broncos,3,3,89.5,10.5,136.0,137.0,273.0,158.0,52.0,210.0,game,Spread,San Francisco 49ers,,-5.5,kalshi,-171,—,—,,0,,miss,,,,—,,
2026-10-04T23:00:39.811782+00:00,nfl,2026,4,401872975,4018729752037,2,0:38,(Shotgun) B.Purdy pass deep middle to M.Evans to SF 42 for 24 yards (B.Jones). DEN-P.Surtain was injured during the play.,2,10,SF 18,18,0,San Francisco 49ers,Denver Broncos,3,3,89.5,10.5,136.0,137.0,273.0,158.0,52.0,210.0,game,Total,Over,,28.5,betfair,-130,—,—,,6.0,,miss,,,,—,,
2026-10-04T23:00:39.811782+00:00,nfl,2026,4,401872975,4018729752037,2,0:38,(Shotgun) B.Purdy pass deep middle to M.Evans to SF 42 for 24 yards (B.Jones). DEN-P.Surtain was injured during the play.,2,10,SF 18,18,0,San Francisco 49ers,Denver Broncos,3,3,89.5,10.5,136.0,137.0,273.0,158.0,52.0,210.0,game,Total,Under,,28.5,polymarket,117,—,—,,6.0,,hit,,,,—,,
2026-10-04T23:00:39.811782+00:00,nfl,2026,4,401872975,4018729752037,2,0:38,(Shotgun) B.Purdy pass deep middle to M.Evans to SF 42 for 24 yards (B.Jones). DEN-P.Surtain was injured during the play.,2,10,SF 18,18,0,San Francisco 49ers,Denver Broncos,3,3,89.5,10.5,136.0,137.0,273.0,158.0,52.0,210.0,game,ML,Denver Broncos,,,polymarket,669,—,—,,Loss,,miss,,,,—,,
2026-10-04T23:00:39.811782+00:00,nfl,2026,4,401872975,4018729752037,2,0:38,(Shotgun) B.Purdy pass deep middle to M.Evans to SF 42 for 24 yards (B.Jones). DEN-P.Surtain was injured during the play.,2,10,SF 18,18,0,San Francisco 49ers,Denver Broncos,3,3,89.5,10.5,136.0,137.0,273.0,158.0,52.0,210.0,game,ML,San Francisco 49ers,,,betfair,-787,—,—,,Loss,,miss,,,,—,,
2026-10-04T23:00:39.811782+00:00,nfl,2026,4,401872975,4018729752051,2,0:30,Timeout #4 by DEN at 00:30.,1,10,SF 42,42,0,San Francisco 49ers,Denver Broncos,3,3,89.5,10.5,136.0,137.0,273.0,158.0,52.0,210.0,game,Spread,Denver Broncos,,5.5,kalshi,143,—,—,,0,,hit,,,,—,,
2026-10-04T23:00:39.811782+00:00,nfl,2026,4,401872975,4018729752051,2,0:30,Timeout #4 by DEN at 00:30.,1,10,SF 42,42,0,San Francisco 49ers,Denver Broncos,3,3,89.5,10.5,136.0,137.0,273.0,158.0,52.0,210.0,game,Spread,San Francisco 49ers,,-5.5,kalshi,-171,—,—,,0,,miss,,,,—,,
2026-10-04T23:00:39.811782+00:00,nfl,2026,4,401872975,4018729752051,2,0:30,Timeout #4 by DEN at 00:30.,1,10,SF 42,42,0,San Francisco 49ers,Denver Broncos,3,3,89.5,10.5,136.0,137.0,273.0,158.0,52.0,210.0,game,Total,Over,,28.5,betfair,-130,—,—,,6.0,,miss,,,,—,,
2026-10-04T23:00:39.811782+00:00,nfl,2026,4,401872975,4018729752051,2,0:30,Timeout #4 by DEN at 00:30.,1,10,SF 42,42,0,San Francisco 49ers,Denver Broncos,3,3,89.5,10.5,136.0,137.0,273.0,158.0,52.0,210.0,game,Total,Under,,28.5,polymarket,117,—,—,,6.0,,hit,,,,—,,
2026-10-04T23:00:39.811782+00:00,nfl,2026,4,401872975,4018729752051,2,0:30,Timeout #4 by DEN at 00:30.,1,10,SF 42,42,0,San Francisco 49ers,Denver Broncos,3,3,89.5,10.5,136.0,137.0,273.0,158.0,52.0,210.0,game,ML,Denver Broncos,,,polymarket,669,—,—,,Loss,,miss,,,,—,,
2026-10-04T23:00:39.811782+00:00,nfl,2026,4,401872975,4018729752051,2,0:30,Timeout #4 by DEN at 00:30.,1,10,SF 42,42,0,San Francisco 49ers,Denver Broncos,3,3,89.5,10.5,136.0,137.0,273.0,158.0,52.0,210.0,game,ML,San Francisco 49ers,,,betfair,-787,—,—,,Loss,,miss,,,,—,,
2026-10-04T23:00:39.811782+00:00,nfl,2026,4,401872975,4018729752065,2,0:30,(Shotgun) B.Purdy pass short left to C.McCaffrey to SF 46 for 4 yards (R.Moss; J.McMillian).,1,10,SF 42,42,0,San Francisco 49ers,Denver Broncos,3,3,89.5,10.5,136.0,137.0,273.0,158.0,52.0,210.0,game,Spread,Denver Broncos,,5.5,kalshi,143,—,—,,0,,hit,,,,—,,
2026-10-04T23:00:39.811782+00:00,nfl,2026,4,401872975,4018729752065,2,0:30,(Shotgun) B.Purdy pass short left to C.McCaffrey to SF 46 for 4 yards (R.Moss; J.McMillian).,1,10,SF 42,42,0,San Francisco 49ers,Denver Broncos,3,3,89.5,10.5,136.0,137.0,273.0,158.0,52.0,210.0,game,Spread,San Francisco 49ers,,-5.5,kalshi,-171,—,—,,0,,miss,,,,—,,
2026-10-04T23:00:39.811782+00:00,nfl,2026,4,401872975,4018729752065,2,0:30,(Shotgun) B.Purdy pass short left to C.McCaffrey to SF 46 for 4 yards (R.Moss; J.McMillian).,1,10,SF 42,42,0,San Francisco 49ers,Denver Broncos,3,3,89.5,10.5,136.0,137.0,273.0,158.0,52.0,210.0,game,Total,Over,,28.5,betfair,-130,—,—,,6.0,,miss,,,,—,,
2026-10-04T23:00:39.811782+00:00,nfl,2026,4,401872975,4018729752065,2,0:30,(Shotgun) B.Purdy pass short left to C.McCaffrey to SF 46 for 4 yards (R.Moss; J.McMillian).,1,10,SF 42,42,0,San Francisco 49ers,Denver Broncos,3,3,89.5,10.5,136.0,137.0,273.0,158.0,52.0,210.0,game,Total,Under,,28.5,polymarket,117,—,—,,6.0,,hit,,,,—,,
2026-10-04T23:00:39.811782+00:00,nfl,2026,4,401872975,4018729752065,2,0:30,(Shotgun) B.Purdy pass short left to C.McCaffrey to SF 46 for 4 yards (R.Moss; J.McMillian).,1,10,SF 42,42,0,San Francisco 49ers,Denver Broncos,3,3,89.5,10.5,136.0,137.0,273.0,158.0,52.0,210.0,game,ML,Denver Broncos,,,polymarket,669,—,—,,Loss,,miss,,,,—,,
2026-10-04T23:00:39.811782+00:00,nfl,2026,4,401872975,4018729752065,2,0:30,(Shotgun) B.Purdy pass short left to C.McCaffrey to SF 46 for 4 yards (R.Moss; J.McMillian).,1,10,SF 42,42,0,San Francisco 49ers,Denver Broncos,3,3,89.5,10.5,136.0,137.0,273.0,158.0,52.0,210.0,game,ML,San Francisco 49ers,,,betfair,-787,—,—,,Loss,,miss,,,,—,,
2026-10-04T23:00:39.811782+00:00,nfl,2026,4,401872975,4018729752081,2,0:25,Timeout #2 by SF at 00:25.,2,6,SF 46,46,0,San Francisco 49ers,Denver Broncos,3,3,89.5,10.5,136.0,137.0,273.0,158.0,52.0,210.0,game,Spread,Denver Broncos,,5.5,kalshi,143,—,—,,0,,hit,,,,—,,
2026-10-04T23:00:39.811782+00:00,nfl,2026,4,401872975,4018729752081,2,0:25,Timeout #2 by SF at 00:25.,2,6,SF 46,46,0,San Francisco 49ers,Denver Broncos,3,3,89.5,10.5,136.0,137.0,273.0,158.0,52.0,210.0,game,Spread,San Francisco 49ers,,-5.5,kalshi,-171,—,—,,0,,miss,,,,—,,
2026-10-04T23:00:39.811782+00:00,nfl,2026,4,401872975,4018729752081,2,0:25,Timeout #2 by SF at 00:25.,2,6,SF 46,46,0,San Francisco 49ers,Denver Broncos,3,3,89.5,10.5,136.0,137.0,273.0,158.0,52.0,210.0,game,Total,Over,,28.5,betfair,-130,—,—,,6.0,,miss,,,,—,,
2026-10-04T23:00:39.811782+00:00,nfl,2026,4,401872975,4018729752081,2,0:25,Timeout #2 by SF at 00:25.,2,6,SF 46,46,0,San Francisco 49ers,Denver Broncos,3,3,89.5,10.5,136.0,137.0,273.0,158.0,52.0,210.0,game,Total,Under,,28.5,polymarket,117,—,—,,6.0,,hit,,,,—,,
2026-10-04T23:00:39.811782+00:00,nfl,2026,4,401872975,4018729752081,2,0:25,Timeout #2 by SF at 00:25.,2,6,SF 46,46,0,San Francisco 49ers,Denver Broncos,3,3,89.5,10.5,136.0,137.0,273.0,158.0,52.0,210.0,game,ML,Denver Broncos,,,polymarket,669,—,—,,Loss,,miss,,,,—,,
2026-10-04T23:00:39.811782+00:00,nfl,2026,4,401872975,4018729752081,2,0:25,Timeout #2 by SF at 00:25.,2,6,SF 46,46,0,San Francisco 49ers,Denver Broncos,3,3,89.5,10.5,136.0,137.0,273.0,158.0,52.0,210.0,game,ML,San Francisco 49ers,,,betfair,-787,—,—,,Loss,,miss,,,,—,,
2026-10-04T23:00:39.811782+00:00,nfl,2026,4,401872975,4018729752097,2,0:25,(Shotgun) B.Purdy scrambles right end pushed ob at DEN 49 for 5 yards (J.Strnad).,2,6,SF 46,46,0,San Francisco 49ers,Denver Broncos,3,3,89.5,10.5,136.0,137.0,273.0,158.0,52.0,210.0,game,Spread,Denver Broncos,,5.5,kalshi,143,—,—,,0,,hit,,,,—,,
2026-10-04T23:00:39.811782+00:00,nfl,2026,4,401872975,4018729752097,2,0:25,(Shotgun) B.Purdy scrambles right end pushed ob at DEN 49 for 5 yards (J.Strnad).,2,6,SF 46,46,0,San Francisco 49ers,Denver Broncos,3,3,89.5,10.5,136.0,137.0,273.0,158.0,52.0,210.0,game,Spread,San Francisco 49ers,,-5.5,kalshi,-171,—,—,,0,,miss,,,,—,,
2026-10-04T23:00:39.811782+00:00,nfl,2026,4,401872975,4018729752097,2,0:25,(Shotgun) B.Purdy scrambles right end pushed ob at DEN 49 for 5 yards (J.Strnad).,2,6,SF 46,46,0,San Francisco 49ers,Denver Broncos,3,3,89.5,10.5,136.0,137.0,273.0,158.0,52.0,210.0,game,Total,Over,,28.5,betfair,-130,—,—,,6.0,,miss,,,,—,,
2026-10-04T23:00:39.811782+00:00,nfl,2026,4,401872975,4018729752097,2,0:25,(Shotgun) B.Purdy scrambles right end pushed ob at DEN 49 for 5 yards (J.Strnad).,2,6,SF 46,46,0,San Francisco 49ers,Denver Broncos,3,3,89.5,10.5,136.0,137.0,273.0,158.0,52.0,210.0,game,Total,Under,,28.5,polymarket,117,—,—,,6.0,,hit,,,,—,,
2026-10-04T23:00:39.811782+00:00,nfl,2026,4,401872975,4018729752097,2,0:25,(Shotgun) B.Purdy scrambles right end pushed ob at DEN 49 for 5 yards (J.Strnad).,2,6,SF 46,46,0,San Francisco 49ers,Denver Broncos,3,3,89.5,10.5,136.0,137.0,273.0,158.0,52.0,210.0,game,ML,Denver Broncos,,,polymarket,669,—,—,,Loss,,miss,,,,—,,
2026-10-04T23:00:39.811782+00:00,nfl,2026,4,401872975,4018729752097,2,0:25,(Shotgun) B.Purdy scrambles right end pushed ob at DEN 49 for 5 yards (J.Strnad).,2,6,SF 46,46,0,San Francisco 49ers,Denver Broncos,3,3,89.5,10.5,136.0,137.0,273.0,158.0,52.0,210.0,game,ML,San Francisco 49ers,,,betfair,-787,—,—,,Loss,,miss,,,,—,,
2026-10-04T23:00:39.811782+00:00,nfl,2026,4,401872975,4018729752131,2,0:18,(Shotgun) B.Purdy pass short left to M.Evans to DEN 41 for 8 yards (R.Moss) [Z.Allen].,3,1,DEN 49,51,0,San Francisco 49ers,Denver Broncos,3,3,89.5,10.5,136.0,137.0,273.0,158.0,52.0,210.0,game,Spread,Denver Broncos,,5.5,kalshi,143,—,—,,0,,hit,,,,—,,
2026-10-04T23:00:39.811782+00:00,nfl,2026,4,401872975,4018729752131,2,0:18,(Shotgun) B.Purdy pass short left to M.Evans to DEN 41 for 8 yards (R.Moss) [Z.Allen].,3,1,DEN 49,51,0,San Francisco 49ers,Denver Broncos,3,3,89.5,10.5,136.0,137.0,273.0,158.0,52.0,210.0,game,Spread,San Francisco 49ers,,-5.5,kalshi,-171,—,—,,0,,miss,,,,—,,
2026-10-04T23:00:39.811782+00:00,nfl,2026,4,401872975,4018729752131,2,0:18,(Shotgun) B.Purdy pass short left to M.Evans to DEN 41 for 8 yards (R.Moss) [Z.Allen].,3,1,DEN 49,51,0,San Francisco 49ers,Denver Broncos,3,3,89.5,10.5,136.0,137.0,273.0,158.0,52.0,210.0,game,Total,Over,,28.5,betfair,-130,—,—,,6.0,,miss,,,,—,,
2026-10-04T23:00:39.811782+00:00,nfl,2026,4,401872975,4018729752131,2,0:18,(Shotgun) B.Purdy pass short left to M.Evans to DEN 41 for 8 yards (R.Moss) [Z.Allen].,3,1,DEN 49,51,0,San Francisco 49ers,Denver Broncos,3,3,89.5,10.5,136.0,137.0,273.0,158.0,52.0,210.0,game,Total,Under,,28.5,polymarket,117,—,—,,6.0,,hit,,,,—,,
2026-10-04T23:00:39.811782+00:00,nfl,2026,4,401872975,4018729752131,2,0:18,(Shotgun) B.Purdy pass short left to M.Evans to DEN 41 for 8 yards (R.Moss) [Z.Allen].,3,1,DEN 49,51,0,San Francisco 49ers,Denver Broncos,3,3,89.5,10.5,136.0,137.0,273.0,158.0,52.0,210.0,game,ML,Denver Broncos,,,polymarket,669,—,—,,Loss,,miss,,,,—,,
2026-10-04T23:00:39.811782+00:00,nfl,2026,4,401872975,4018729752131,2,0:18,(Shotgun) B.Purdy pass short left to M.Evans to DEN 41 for 8 yards (R.Moss) [Z.Allen].,3,1,DEN 49,51,0,San Francisco 49ers,Denver Broncos,3,3,89.5,10.5,136.0,137.0,273.0,158.0,52.0,210.0,game,ML,San Francisco 49ers,,,betfair,-787,—,—,,Loss,,miss,,,,—,,
2026-10-04T23:00:39.811782+00:00,nfl,2026,4,401872975,4018729752144,2,0:13,Timeout #3 by SF at 00:13.,1,10,DEN 41,59,0,San Francisco 49ers,Denver Broncos,3,3,89.5,10.5,136.0,137.0,273.0,158.0,52.0,210.0,game,Spread,Denver Broncos,,5.5,kalshi,143,—,—,,0,,hit,,,,—,,
2026-10-04T23:00:39.811782+00:00,nfl,2026,4,401872975,4018729752144,2,0:13,Timeout #3 by SF at 00:13.,1,10,DEN 41,59,0,San Francisco 49ers,Denver Broncos,3,3,89.5,10.5,136.0,137.0,273.0,158.0,52.0,210.0,game,Spread,San Francisco 49ers,,-5.5,kalshi,-171,—,—,,0,,miss,,,,—,,
2026-10-04T23:00:39.811782+00:00,nfl,2026,4,401872975,4018729752144,2,0:13,Timeout #3 by SF at 00:13.,1,10,DEN 41,59,0,San Francisco 49ers,Denver Broncos,3,3,89.5,10.5,136.0,137.0,273.0,158.0,52.0,210.0,game,Total,Over,,28.5,betfair,-130,—,—,,6.0,,miss,,,,—,,
2026-10-04T23:00:39.811782+00:00,nfl,2026,4,401872975,4018729752144,2,0:13,Timeout #3 by SF at 00:13.,1,10,DEN 41,59,0,San Francisco 49ers,Denver Broncos,3,3,89.5,10.5,136.0,137.0,273.0,158.0,52.0,210.0,game,Total,Under,,28.5,polymarket,117,—,—,,6.0,,hit,,,,—,,
2026-10-04T23:00:39.811782+00:00,nfl,2026,4,401872975,4018729752144,2,0:13,Timeout #3 by SF at 00:13.,1,10,DEN 41,59,0,San Francisco 49ers,Denver Broncos,3,3,89.5,10.5,136.0,137.0,273.0,158.0,52.0,210.0,game,ML,Denver Broncos,,,polymarket,669,—,—,,Loss,,miss,,,,—,,
2026-10-04T23:00:39.811782+00:00,nfl,2026,4,401872975,4018729752144,2,0:13,Timeout #3 by SF at 00:13.,1,10,DEN 41,59,0,San Francisco 49ers,Denver Broncos,3,3,89.5,10.5,136.0,137.0,273.0,158.0,52.0,210.0,game,ML,San Francisco 49ers,,,betfair,-787,—,—,,Loss,,miss,,,,—,,
2026-10-04T23:00:39.811782+00:00,nfl,2026,4,401872975,4018729752156,2,0:13,(Shotgun) B.Purdy pass short middle to C.McCaffrey to DEN 36 for 5 yards (A.Singleton).,1,10,DEN 41,59,0,San Francisco 49ers,Denver Broncos,3,3,89.5,10.5,136.0,137.0,273.0,158.0,52.0,210.0,game,Spread,Denver Broncos,,5.5,kalshi,143,—,—,,0,,hit,,,,—,,
2026-10-04T23:00:39.811782+00:00,nfl,2026,4,401872975,4018729752156,2,0:13,(Shotgun) B.Purdy pass short middle to C.McCaffrey to DEN 36 for 5 yards (A.Singleton).,1,10,DEN 41,59,0,San Francisco 49ers,Denver Broncos,3,3,89.5,10.5,136.0,137.0,273.0,158.0,52.0,210.0,game,Spread,San Francisco 49ers,,-5.5,kalshi,-171,—,—,,0,,miss,,,,—,,
2026-10-04T23:00:39.811782+00:00,nfl,2026,4,401872975,4018729752156,2,0:13,(Shotgun) B.Purdy pass short middle to C.McCaffrey to DEN 36 for 5 yards (A.Singleton).,1,10,DEN 41,59,0,San Francisco 49ers,Denver Broncos,3,3,89.5,10.5,136.0,137.0,273.0,158.0,52.0,210.0,game,Total,Over,,28.5,betfair,-130,—,—,,6.0,,miss,,,,—,,
2026-10-04T23:00:39.811782+00:00,nfl,2026,4,401872975,4018729752156,2,0:13,(Shotgun) B.Purdy pass short middle to C.McCaffrey to DEN 36 for 5 yards (A.Singleton).,1,10,DEN 41,59,0,San Francisco 49ers,Denver Broncos,3,3,89.5,10.5,136.0,137.0,273.0,158.0,52.0,210.0,game,Total,Under,,28.5,polymarket,117,—,—,,6.0,,hit,,,,—,,
2026-10-04T23:00:39.811782+00:00,nfl,2026,4,401872975,4018729752156,2,0:13,(Shotgun) B.Purdy pass short middle to C.McCaffrey to DEN 36 for 5 yards (A.Singleton).,1,10,DEN 41,59,0,San Francisco 49ers,Denver Broncos,3,3,89.5,10.5,136.0,137.0,273.0,158.0,52.0,210.0,game,ML,Denver Broncos,,,polymarket,669,—,—,,Loss,,miss,,,,—,,
2026-10-04T23:00:39.811782+00:00,nfl,2026,4,401872975,4018729752156,2,0:13,(Shotgun) B.Purdy pass short middle to C.McCaffrey to DEN 36 for 5 yards (A.Singleton).,1,10,DEN 41,59,0,San Francisco 49ers,Denver Broncos,3,3,89.5,10.5,136.0,137.0,273.0,158.0,52.0,210.0,game,ML,San Francisco 49ers,,,betfair,-787,—,—,,Loss,,miss,,,,—,,
2026-10-04T23:00:39.811782+00:00,nfl,2026,4,401872975,4018729752188,2,0:05,(No Huddle) B.Purdy spiked the ball to stop the clock.,2,5,DEN 36,64,0,San Francisco 49ers,Denver Broncos,3,3,89.5,10.5,136.0,137.0,273.0,158.0,52.0,210.0,game,Spread,Denver Broncos,,5.5,kalshi,143,—,—,,0,,hit,,,,—,,
2026-10-04T23:00:39.811782+00:00,nfl,2026,4,401872975,4018729752188,2,0:05,(No Huddle) B.Purdy spiked the ball to stop the clock.,2,5,DEN 36,64,0,San Francisco 49ers,Denver Broncos,3,3,89.5,10.5,136.0,137.0,273.0,158.0,52.0,210.0,game,Spread,San Francisco 49ers,,-5.5,kalshi,-171,—,—,,0,,miss,,,,—,,
2026-10-04T23:00:39.811782+00:00,nfl,2026,4,401872975,4018729752188,2,0:05,(No Huddle) B.Purdy spiked the ball to stop the clock.,2,5,DEN 36,64,0,San Francisco 49ers,Denver Broncos,3,3,89.5,10.5,136.0,137.0,273.0,158.0,52.0,210.0,game,Total,Over,,28.5,betfair,-130,—,—,,6.0,,miss,,,,—,,
2026-10-04T23:00:39.811782+00:00,nfl,2026,4,401872975,4018729752188,2,0:05,(No Huddle) B.Purdy spiked the ball to stop the clock.,2,5,DEN 36,64,0,San Francisco 49ers,Denver Broncos,3,3,89.5,10.5,136.0,137.0,273.0,158.0,52.0,210.0,game,Total,Under,,28.5,polymarket,117,—,—,,6.0,,hit,,,,—,,
2026-10-04T23:00:39.811782+00:00,nfl,2026,4,401872975,4018729752188,2,0:05,(No Huddle) B.Purdy spiked the ball to stop the clock.,2,5,DEN 36,64,0,San Francisco 49ers,Denver Broncos,3,3,89.5,10.5,136.0,137.0,273.0,158.0,52.0,210.0,game,ML,Denver Broncos,,,polymarket,669,—,—,,Loss,,miss,,,,—,,
2026-10-04T23:00:39.811782+00:00,nfl,2026,4,401872975,4018729752188,2,0:05,(No Huddle) B.Purdy spiked the ball to stop the clock.,2,5,DEN 36,64,0,San Francisco 49ers,Denver Broncos,3,3,89.5,10.5,136.0,137.0,273.0,158.0,52.0,210.0,game,ML,San Francisco 49ers,,,betfair,-787,—,—,,Loss,,miss,,,,—,,
2026-10-04T23:00:39.811782+00:00,nfl,2026,4,401872975,4018729752223,2,0:04,"E.Pineiro 54 yard field goal is BLOCKED (Z.Allen), Center-J.Weeks, Holder-C.Waitman, RECOVERED by DEN-T.Hufanga at DEN 37. T.Hufanga to DEN 42 for 5 yards (L.Farrell). FUMBLES (L.Farrell), recovered by DEN-D.Key at DEN 42. D.Key to DEN 46 for 4 yards (L.Farrell; C.McKivitz).",3,5,DEN 36,64,0,San Francisco 49ers,Denver Broncos,3,3,89.5,10.5,136.0,137.0,273.0,158.0,52.0,210.0,game,Spread,Denver Broncos,,5.5,kalshi,143,—,—,,0,,hit,,,,—,,
2026-10-04T23:00:39.811782+00:00,nfl,2026,4,401872975,4018729752223,2,0:04,"E.Pineiro 54 yard field goal is BLOCKED (Z.Allen), Center-J.Weeks, Holder-C.Waitman, RECOVERED by DEN-T.Hufanga at DEN 37. T.Hufanga to DEN 42 for 5 yards (L.Farrell). FUMBLES (L.Farrell), recovered by DEN-D.Key at DEN 42. D.Key to DEN 46 for 4 yards (L.Farrell; C.McKivitz).",3,5,DEN 36,64,0,San Francisco 49ers,Denver Broncos,3,3,89.5,10.5,136.0,137.0,273.0,158.0,52.0,210.0,game,Spread,San Francisco 49ers,,-5.5,kalshi,-171,—,—,,0,,miss,,,,—,,
2026-10-04T23:00:39.811782+00:00,nfl,2026,4,401872975,4018729752223,2,0:04,"E.Pineiro 54 yard field goal is BLOCKED (Z.Allen), Center-J.Weeks, Holder-C.Waitman, RECOVERED by DEN-T.Hufanga at DEN 37. T.Hufanga to DEN 42 for 5 yards (L.Farrell). FUMBLES (L.Farrell), recovered by DEN-D.Key at DEN 42. D.Key to DEN 46 for 4 yards (L.Farrell; C.McKivitz).",3,5,DEN 36,64,0,San Francisco 49ers,Denver Broncos,3,3,89.5,10.5,136.0,137.0,273.0,158.0,52.0,210.0,game,Total,Over,,28.5,betfair,-130,—,—,,6.0,,miss,,,,—,,
2026-10-04T23:00:39.811782+00:00,nfl,2026,4,401872975,4018729752223,2,0:04,"E.Pineiro 54 yard field goal is BLOCKED (Z.Allen), Center-J.Weeks, Holder-C.Waitman, RECOVERED by DEN-T.Hufanga at DEN 37. T.Hufanga to DEN 42 for 5 yards (L.Farrell). FUMBLES (L.Farrell), recovered by DEN-D.Key at DEN 42. D.Key to DEN 46 for 4 yards (L.Farrell; C.McKivitz).",3,5,DEN 36,64,0,San Francisco 49ers,Denver Broncos,3,3,89.5,10.5,136.0,137.0,273.0,158.0,52.0,210.0,game,Total,Under,,28.5,polymarket,117,—,—,,6.0,,hit,,,,—,,
2026-10-04T23:00:39.811782+00:00,nfl,2026,4,401872975,4018729752223,2,0:04,"E.Pineiro 54 yard field goal is BLOCKED (Z.Allen), Center-J.Weeks, Holder-C.Waitman, RECOVERED by DEN-T.Hufanga at DEN 37. T.Hufanga to DEN 42 for 5 yards (L.Farrell). FUMBLES (L.Farrell), recovered by DEN-D.Key at DEN 42. D.Key to DEN 46 for 4 yards (L.Farrell; C.McKivitz).",3,5,DEN 36,64,0,San Francisco 49ers,Denver Broncos,3,3,89.5,10.5,136.0,137.0,273.0,158.0,52.0,210.0,game,ML,Denver Broncos,,,polymarket,669,—,—,,Loss,,miss,,,,—,,
2026-10-04T23:00:39.811782+00:00,nfl,2026,4,401872975,4018729752223,2,0:04,"E.Pineiro 54 yard field goal is BLOCKED (Z.Allen), Center-J.Weeks, Holder-C.Waitman, RECOVERED by DEN-T.Hufanga at DEN 37. T.Hufanga to DEN 42 for 5 yards (L.Farrell). FUMBLES (L.Farrell), recovered by DEN-D.Key at DEN 42. D.Key to DEN 46 for 4 yards (L.Farrell; C.McKivitz).",3,5,DEN 36,64,0,San Francisco 49ers,Denver Broncos,3,3,89.5,10.5,136.0,137.0,273.0,158.0,52.0,210.0,game,ML,San Francisco 49ers,,,betfair,-787,—,—,,Loss,,miss,,,,—,,
2026-10-04T23:00:39.811782+00:00,nfl,2026,4,401872975,4018729752269,2,0:00,END QUARTER 2,3,1,DEN 26,54,0,San Francisco 49ers,Denver Broncos,3,3,89.5,10.5,136.0,137.0,273.0,158.0,52.0,210.0,game,Spread,Denver Broncos,,5.5,kalshi,143,—,—,,0,,hit,,,,—,,
2026-10-04T23:00:39.811782+00:00,nfl,2026,4,401872975,4018729752269,2,0:00,END QUARTER 2,3,1,DEN 26,54,0,San Francisco 49ers,Denver Broncos,3,3,89.5,10.5,136.0,137.0,273.0,158.0,52.0,210.0,game,Spread,San Francisco 49ers,,-5.5,kalshi,-171,—,—,,0,,miss,,,,—,,
2026-10-04T23:00:39.811782+00:00,nfl,2026,4,401872975,4018729752269,2,0:00,END QUARTER 2,3,1,DEN 26,54,0,San Francisco 49ers,Denver Broncos,3,3,89.5,10.5,136.0,137.0,273.0,158.0,52.0,210.0,game,Total,Over,,28.5,betfair,-130,—,—,,6.0,,miss,,,,—,,
2026-10-04T23:00:39.811782+00:00,nfl,2026,4,401872975,4018729752269,2,0:00,END QUARTER 2,3,1,DEN 26,54,0,San Francisco 49ers,Denver Broncos,3,3,89.5,10.5,136.0,137.0,273.0,158.0,52.0,210.0,game,Total,Under,,28.5,polymarket,117,—,—,,6.0,,hit,,,,—,,
2026-10-04T23:00:39.811782+00:00,nfl,2026,4,401872975,4018729752269,2,0:00,END QUARTER 2,3,1,DEN 26,54,0,San Francisco 49ers,Denver Broncos,3,3,89.5,10.5,136.0,137.0,273.0,158.0,52.0,210.0,game,ML,Denver Broncos,,,polymarket,669,—,—,,Loss,,miss,,,,—,,
2026-10-04T23:00:39.811782+00:00,nfl,2026,4,401872975,4018729752269,2,0:00,END QUARTER 2,3,1,DEN 26,54,0,San Francisco 49ers,Denver Broncos,3,3,89.5,10.5,136.0,137.0,273.0,158.0,52.0,210.0,game,ML,San Francisco 49ers,,,betfair,-787,—,—,,Loss,,miss,,,,—,,
2026-10-04T23:00:39.811782+00:00,nfl,2026,4,401872975,4018729752289,3,15:00,"W.Lutz kicks 61 yards from DEN 35 to SF 4. D.Samuel to SF 30 for 26 yards (J.Turner). FUMBLES (J.Turner), recovered by SF-B.Willis at SF 29. B.Willis to SF 31 for 2 yards.",3,1,DEN 26,65,0,San Francisco 49ers,Denver Broncos,3,3,89.5,10.5,136.0,137.0,273.0,158.0,52.0,210.0,game,Spread,Denver Broncos,,5.5,kalshi,143,—,—,,0,,hit,,,,—,,
2026-10-04T23:00:39.811782+00:00,nfl,2026,4,401872975,4018729752289,3,15:00,"W.Lutz kicks 61 yards from DEN 35 to SF 4. D.Samuel to SF 30 for 26 yards (J.Turner). FUMBLES (J.Turner), recovered by SF-B.Willis at SF 29. B.Willis to SF 31 for 2 yards.",3,1,DEN 26,65,0,San Francisco 49ers,Denver Broncos,3,3,89.5,10.5,136.0,137.0,273.0,158.0,52.0,210.0,game,Spread,San Francisco 49ers,,-5.5,kalshi,-171,—,—,,0,,miss,,,,—,,
2026-10-04T23:00:39.811782+00:00,nfl,2026,4,401872975,4018729752289,3,15:00,"W.Lutz kicks 61 yards from DEN 35 to SF 4. D.Samuel to SF 30 for 26 yards (J.Turner). FUMBLES (J.Turner), recovered by SF-B.Willis at SF 29. B.Willis to SF 31 for 2 yards.",3,1,DEN 26,65,0,San Francisco 49ers,Denver Broncos,3,3,89.5,10.5,136.0,137.0,273.0,158.0,52.0,210.0,game,Total,Over,,28.5,betfair,-130,—,—,,6.0,,miss,,,,—,,
2026-10-04T23:00:39.811782+00:00,nfl,2026,4,401872975,4018729752289,3,15:00,"W.Lutz kicks 61 yards from DEN 35 to SF 4. D.Samuel to SF 30 for 26 yards (J.Turner). FUMBLES (J.Turner), recovered by SF-B.Willis at SF 29. B.Willis to SF 31 for 2 yards.",3,1,DEN 26,65,0,San Francisco 49ers,Denver Broncos,3,3,89.5,10.5,136.0,137.0,273.0,158.0,52.0,210.0,game,Total,Under,,28.5,polymarket,117,—,—,,6.0,,hit,,,,—,,
2026-10-04T23:00:39.811782+00:00,nfl,2026,4,401872975,4018729752289,3,15:00,"W.Lutz kicks 61 yards from DEN 35 to SF 4. D.Samuel to SF 30 for 26 yards (J.Turner). FUMBLES (J.Turner), recovered by SF-B.Willis at SF 29. B.Willis to SF 31 for 2 yards.",3,1,DEN 26,65,0,San Francisco 49ers,Denver Broncos,3,3,89.5,10.5,136.0,137.0,273.0,158.0,52.0,210.0,game,ML,Denver Broncos,,,polymarket,669,—,—,,Loss,,miss,,,,—,,
2026-10-04T23:00:39.811782+00:00,nfl,2026,4,401872975,4018729752289,3,15:00,"W.Lutz kicks 61 yards from DEN 35 to SF 4. D.Samuel to SF 30 for 26 yards (J.Turner). FUMBLES (J.Turner), recovered by SF-B.Willis at SF 29. B.Willis to SF 31 for 2 yards.",3,1,DEN 26,65,0,San Francisco 49ers,Denver Broncos,3,3,89.5,10.5,136.0,137.0,273.0,158.0,52.0,210.0,game,ML,San Francisco 49ers,,,betfair,-787,—,—,,Loss,,miss,,,,—,,
2026-10-04T23:00:39.811782+00:00,nfl,2026,4,401872975,4018729752333,3,14:55,(Shotgun) B.Purdy scrambles up the middle to SF 32 for 1 yard (N.Bonitto).,1,10,SF 31,31,0,San Francisco 49ers,Denver Broncos,3,3,89.5,10.5,136.0,137.0,273.0,158.0,52.0,210.0,game,Spread,Denver Broncos,,5.5,kalshi,143,—,—,,0,,hit,,,,—,,
2026-10-04T23:00:39.811782+00:00,nfl,2026,4,401872975,4018729752333,3,14:55,(Shotgun) B.Purdy scrambles up the middle to SF 32 for 1 yard (N.Bonitto).,1,10,SF 31,31,0,San Francisco 49ers,Denver Broncos,3,3,89.5,10.5,136.0,137.0,273.0,158.0,52.0,210.0,game,Spread,San Francisco 49ers,,-5.5,kalshi,-171,—,—,,0,,miss,,,,—,,
2026-10-04T23:00:39.811782+00:00,nfl,2026,4,401872975,4018729752333,3,14:55,(Shotgun) B.Purdy scrambles up the middle to SF 32 for 1 yard (N.Bonitto).,1,10,SF 31,31,0,San Francisco 49ers,Denver Broncos,3,3,89.5,10.5,136.0,137.0,273.0,158.0,52.0,210.0,game,Total,Over,,28.5,betfair,-130,—,—,,6.0,,miss,,,,—,,
2026-10-04T23:00:39.811782+00:00,nfl,2026,4,401872975,4018729752333,3,14:55,(Shotgun) B.Purdy scrambles up the middle to SF 32 for 1 yard (N.Bonitto).,1,10,SF 31,31,0,San Francisco 49ers,Denver Broncos,3,3,89.5,10.5,136.0,137.0,273.0,158.0,52.0,210.0,game,Total,Under,,28.5,polymarket,117,—,—,,6.0,,hit,,,,—,,
2026-10-04T23:00:39.811782+00:00,nfl,2026,4,401872975,4018729752333,3,14:55,(Shotgun) B.Purdy scrambles up the middle to SF 32 for 1 yard (N.Bonitto).,1,10,SF 31,31,0,San Francisco 49ers,Denver Broncos,3,3,89.5,10.5,136.0,137.0,273.0,158.0,52.0,210.0,game,ML,Denver Broncos,,,polymarket,669,—,—,,Loss,,miss,,,,—,,
2026-10-04T23:00:39.811782+00:00,nfl,2026,4,401872975,4018729752333,3,14:55,(Shotgun) B.Purdy scrambles up the middle to SF 32 for 1 yard (N.Bonitto).,1,10,SF 31,31,0,San Francisco 49ers,Denver Broncos,3,3,89.5,10.5,136.0,137.0,273.0,158.0,52.0,210.0,game,ML,San Francisco 49ers,,,betfair,-787,—,—,,Loss,,miss,,,,—,,
2026-10-04T23:00:39.811782+00:00,nfl,2026,4,401872975,4018729752355,3,14:15,"(14:15) (Shotgun) B.Purdy pass incomplete short left to G.Kittle.
Penalty on SF, Illegal Shift, declined.",2,9,SF 32,32,0,San Francisco 49ers,Denver Broncos,3,3,89.5,10.5,136.0,137.0,273.0,158.0,52.0,210.0,game,Spread,Denver Broncos,,5.5,kalshi,143,—,—,,0,,hit,,,,—,,
2026-10-04T23:00:39.811782+00:00,nfl,2026,4,401872975,4018729752355,3,14:15,"(14:15) (Shotgun) B.Purdy pass incomplete short left to G.Kittle.
Penalty on SF, Illegal Shift, declined.",2,9,SF 32,32,0,San Francisco 49ers,Denver Broncos,3,3,89.5,10.5,136.0,137.0,273.0,158.0,52.0,210.0,game,Spread,San Francisco 49ers,,-5.5,kalshi,-171,—,—,,0,,miss,,,,—,,
2026-10-04T23:00:39.811782+00:00,nfl,2026,4,401872975,4018729752355,3,14:15,"(14:15) (Shotgun) B.Purdy pass incomplete short left to G.Kittle.
Penalty on SF, Illegal Shift, declined.",2,9,SF 32,32,0,San Francisco 49ers,Denver Broncos,3,3,89.5,10.5,136.0,137.0,273.0,158.0,52.0,210.0,game,Total,Over,,28.5,betfair,-130,—,—,,6.0,,miss,,,,—,,
2026-10-04T23:00:39.811782+00:00,nfl,2026,4,401872975,4018729752355,3,14:15,"(14:15) (Shotgun) B.Purdy pass incomplete short left to G.Kittle.
Penalty on SF, Illegal Shift, declined.",2,9,SF 32,32,0,San Francisco 49ers,Denver Broncos,3,3,89.5,10.5,136.0,137.0,273.0,158.0,52.0,210.0,game,Total,Under,,28.5,polymarket,117,—,—,,6.0,,hit,,,,—,,
2026-10-04T23:00:39.811782+00:00,nfl,2026,4,401872975,4018729752355,3,14:15,"(14:15) (Shotgun) B.Purdy pass incomplete short left to G.Kittle.
Penalty on SF, Illegal Shift, declined.",2,9,SF 32,32,0,San Francisco 49ers,Denver Broncos,3,3,89.5,10.5,136.0,137.0,273.0,158.0,52.0,210.0,game,ML,Denver Broncos,,,polymarket,669,—,—,,Loss,,miss,,,,—,,
2026-10-04T23:00:39.811782+00:00,nfl,2026,4,401872975,4018729752355,3,14:15,"(14:15) (Shotgun) B.Purdy pass incomplete short left to G.Kittle.
Penalty on SF, Illegal Shift, declined.",2,9,SF 32,32,0,San Francisco 49ers,Denver Broncos,3,3,89.5,10.5,136.0,137.0,273.0,158.0,52.0,210.0,game,ML,San Francisco 49ers,,,betfair,-787,—,—,,Loss,,miss,,,,—,,
2026-10-04T23:00:39.811782+00:00,nfl,2026,4,401872975,4018729752389,3,14:09,(Shotgun) B.Purdy pass incomplete short right to B.Cooks (J.Barron).,3,9,SF 32,32,0,San Francisco 49ers,Denver Broncos,3,3,89.5,10.5,136.0,137.0,273.0,158.0,52.0,210.0,game,Spread,Denver Broncos,,5.5,kalshi,143,—,—,,0,,hit,,,,—,,
2026-10-04T23:00:39.811782+00:00,nfl,2026,4,401872975,4018729752389,3,14:09,(Shotgun) B.Purdy pass incomplete short right to B.Cooks (J.Barron).,3,9,SF 32,32,0,San Francisco 49ers,Denver Broncos,3,3,89.5,10.5,136.0,137.0,273.0,158.0,52.0,210.0,game,Spread,San Francisco 49ers,,-5.5,kalshi,-171,—,—,,0,,miss,,,,—,,
2026-10-04T23:00:39.811782+00:00,nfl,2026,4,401872975,4018729752389,3,14:09,(Shotgun) B.Purdy pass incomplete short right to B.Cooks (J.Barron).,3,9,SF 32,32,0,San Francisco 49ers,Denver Broncos,3,3,89.5,10.5,136.0,137.0,273.0,158.0,52.0,210.0,game,Total,Over,,28.5,betfair,-130,—,—,,6.0,,miss,,,,—,,
2026-10-04T23:00:39.811782+00:00,nfl,2026,4,401872975,4018729752389,3,14:09,(Shotgun) B.Purdy pass incomplete short right to B.Cooks (J.Barron).,3,9,SF 32,32,0,San Francisco 49ers,Denver Broncos,3,3,89.5,10.5,136.0,137.0,273.0,158.0,52.0,210.0,game,Total,Under,,28.5,polymarket,117,—,—,,6.0,,hit,,,,—,,
2026-10-04T23:00:39.811782+00:00,nfl,2026,4,401872975,4018729752389,3,14:09,(Shotgun) B.Purdy pass incomplete short right to B.Cooks (J.Barron).,3,9,SF 32,32,0,San Francisco 49ers,Denver Broncos,3,3,89.5,10.5,136.0,137.0,273.0,158.0,52.0,210.0,game,ML,Denver Broncos,,,polymarket,669,—,—,,Loss,,miss,,,,—,,
2026-10-04T23:00:39.811782+00:00,nfl,2026,4,401872975,4018729752389,3,14:09,(Shotgun) B.Purdy pass incomplete short right to B.Cooks (J.Barron).,3,9,SF 32,32,0,San Francisco 49ers,Denver Broncos,3,3,89.5,10.5,136.0,137.0,273.0,158.0,52.0,210.0,game,ML,San Francisco 49ers,,,betfair,-787,—,—,,Loss,,miss,,,,—,,
2026-10-04T23:00:39.811782+00:00,nfl,2026,4,401872975,4018729752412,3,14:05,"C.Waitman punts 45 yards to DEN 23, Center-J.Weeks, out of bounds.",4,9,SF 32,32,0,San Francisco 49ers,Denver Broncos,3,3,89.5,10.5,136.0,137.0,273.0,158.0,52.0,210.0,game,Spread,Denver Broncos,,5.5,kalshi,143,—,—,,0,,hit,,,,—,,
2026-10-04T23:00:39.811782+00:00,nfl,2026,4,401872975,4018729752412,3,14:05,"C.Waitman punts 45 yards to DEN 23, Center-J.Weeks, out of bounds.",4,9,SF 32,32,0,San Francisco 49ers,Denver Broncos,3,3,89.5,10.5,136.0,137.0,273.0,158.0,52.0,210.0,game,Spread,San Francisco 49ers,,-5.5,kalshi,-171,—,—,,0,,miss,,,,—,,
2026-10-04T23:00:39.811782+00:00,nfl,2026,4,401872975,4018729752412,3,14:05,"C.Waitman punts 45 yards to DEN 23, Center-J.Weeks, out of bounds.",4,9,SF 32,32,0,San Francisco 49ers,Denver Broncos,3,3,89.5,10.5,136.0,137.0,273.0,158.0,52.0,210.0,game,Total,Over,,28.5,betfair,-130,—,—,,6.0,,miss,,,,—,,
2026-10-04T23:00:39.811782+00:00,nfl,2026,4,401872975,4018729752412,3,14:05,"C.Waitman punts 45 yards to DEN 23, Center-J.Weeks, out of bounds.",4,9,SF 32,32,0,San Francisco 49ers,Denver Broncos,3,3,89.5,10.5,136.0,137.0,273.0,158.0,52.0,210.0,game,Total,Under,,28.5,polymarket,117,—,—,,6.0,,hit,,,,—,,
2026-10-04T23:00:39.811782+00:00,nfl,2026,4,401872975,4018729752412,3,14:05,"C.Waitman punts 45 yards to DEN 23, Center-J.Weeks, out of bounds.",4,9,SF 32,32,0,San Francisco 49ers,Denver Broncos,3,3,89.5,10.5,136.0,137.0,273.0,158.0,52.0,210.0,game,ML,Denver Broncos,,,polymarket,669,—,—,,Loss,,miss,,,,—,,
2026-10-04T23:00:39.811782+00:00,nfl,2026,4,401872975,4018729752412,3,14:05,"C.Waitman punts 45 yards to DEN 23, Center-J.Weeks, out of bounds.",4,9,SF 32,32,0,San Francisco 49ers,Denver Broncos,3,3,89.5,10.5,136.0,137.0,273.0,158.0,52.0,210.0,game,ML,San Francisco 49ers,,,betfair,-787,—,—,,Loss,,miss,,,,—,,
2026-10-04T23:00:39.811782+00:00,nfl,2026,4,401872975,4018729752423,3,13:56,Official Timeout at 13:56.,1,10,DEN 23,77,0,San Francisco 49ers,Denver Broncos,3,3,89.5,10.5,136.0,137.0,273.0,158.0,52.0,210.0,game,Spread,Denver Broncos,,5.5,kalshi,143,—,—,,0,,hit,,,,—,,
2026-10-04T23:00:39.811782+00:00,nfl,2026,4,401872975,4018729752423,3,13:56,Official Timeout at 13:56.,1,10,DEN 23,77,0,San Francisco 49ers,Denver Broncos,3,3,89.5,10.5,136.0,137.0,273.0,158.0,52.0,210.0,game,Spread,San Francisco 49ers,,-5.5,kalshi,-171,—,—,,0,,miss,,,,—,,
2026-10-04T23:00:39.811782+00:00,nfl,2026,4,401872975,4018729752423,3,13:56,Official Timeout at 13:56.,1,10,DEN 23,77,0,San Francisco 49ers,Denver Broncos,3,3,89.5,10.5,136.0,137.0,273.0,158.0,52.0,210.0,game,Total,Over,,28.5,betfair,-130,—,—,,6.0,,miss,,,,—,,
2026-10-04T23:00:39.811782+00:00,nfl,2026,4,401872975,4018729752423,3,13:56,Official Timeout at 13:56.,1,10,DEN 23,77,0,San Francisco 49ers,Denver Broncos,3,3,89.5,10.5,136.0,137.0,273.0,158.0,52.0,210.0,game,Total,Under,,28.5,polymarket,117,—,—,,6.0,,hit,,,,—,,
2026-10-04T23:00:39.811782+00:00,nfl,2026,4,401872975,4018729752423,3,13:56,Official Timeout at 13:56.,1,10,DEN 23,77,0,San Francisco 49ers,Denver Broncos,3,3,89.5,10.5,136.0,137.0,273.0,158.0,52.0,210.0,game,ML,Denver Broncos,,,polymarket,669,—,—,,Loss,,miss,,,,—,,
2026-10-04T23:00:39.811782+00:00,nfl,2026,4,401872975,4018729752423,3,13:56,Official Timeout at 13:56.,1,10,DEN 23,77,0,San Francisco 49ers,Denver Broncos,3,3,89.5,10.5,136.0,137.0,273.0,158.0,52.0,210.0,game,ML,San Francisco 49ers,,,betfair,-787,—,—,,Loss,,miss,,,,—,,
2026-10-04T23:00:39.811782+00:00,nfl,2026,4,401872975,4018729752434,3,13:56,J.Dobbins up the middle to DEN 25 for 2 yards (M.Sigle). SF-M.Sigle was injured during the play.,1,10,DEN 23,77,0,San Francisco 49ers,Denver Broncos,3,3,89.5,10.5,136.0,137.0,273.0,158.0,52.0,210.0,game,Spread,Denver Broncos,,5.5,kalshi,143,—,—,,0,,hit,,,,—,,
2026-10-04T23:00:39.811782+00:00,nfl,2026,4,401872975,4018729752434,3,13:56,J.Dobbins up the middle to DEN 25 for 2 yards (M.Sigle). SF-M.Sigle was injured during the play.,1,10,DEN 23,77,0,San Francisco 49ers,Denver Broncos,3,3,89.5,10.5,136.0,137.0,273.0,158.0,52.0,210.0,game,Spread,San Francisco 49ers,,-5.5,kalshi,-171,—,—,,0,,miss,,,,—,,
2026-10-04T23:00:39.811782+00:00,nfl,2026,4,401872975,4018729752434,3,13:56,J.Dobbins up the middle to DEN 25 for 2 yards (M.Sigle). SF-M.Sigle was injured during the play.,1,10,DEN 23,77,0,San Francisco 49ers,Denver Broncos,3,3,89.5,10.5,136.0,137.0,273.0,158.0,52.0,210.0,game,Total,Over,,28.5,betfair,-130,—,—,,6.0,,miss,,,,—,,
2026-10-04T23:00:39.811782+00:00,nfl,2026,4,401872975,4018729752434,3,13:56,J.Dobbins up the middle to DEN 25 for 2 yards (M.Sigle). SF-M.Sigle was injured during the play.,1,10,DEN 23,77,0,San Francisco 49ers,Denver Broncos,3,3,89.5,10.5,136.0,137.0,273.0,158.0,52.0,210.0,game,Total,Under,,28.5,polymarket,117,—,—,,6.0,,hit,,,,—,,
2026-10-04T23:00:39.811782+00:00,nfl,2026,4,401872975,4018729752434,3,13:56,J.Dobbins up the middle to DEN 25 for 2 yards (M.Sigle). SF-M.Sigle was injured during the play.,1,10,DEN 23,77,0,San Francisco 49ers,Denver Broncos,3,3,89.5,10.5,136.0,137.0,273.0,158.0,52.0,210.0,game,ML,Denver Broncos,,,polymarket,669,—,—,,Loss,,miss,,,,—,,
2026-10-04T23:00:39.811782+00:00,nfl,2026,4,401872975,4018729752434,3,13:56,J.Dobbins up the middle to DEN 25 for 2 yards (M.Sigle). SF-M.Sigle was injured during the play.,1,10,DEN 23,77,0,San Francisco 49ers,Denver Broncos,3,3,89.5,10.5,136.0,137.0,273.0,158.0,52.0,210.0,game,ML,San Francisco 49ers,,,betfair,-787,—,—,,Loss,,miss,,,,—,,
2026-10-04T23:00:39.811782+00:00,nfl,2026,4,401872975,4018729752453,3,13:34,Official Timeout at 13:34.,2,8,DEN 25,75,0,San Francisco 49ers,Denver Broncos,3,3,89.5,10.5,136.0,137.0,273.0,158.0,52.0,210.0,game,Spread,Denver Broncos,,5.5,kalshi,143,—,—,,0,,hit,,,,—,,
2026-10-04T23:00:39.811782+00:00,nfl,2026,4,401872975,4018729752453,3,13:34,Official Timeout at 13:34.,2,8,DEN 25,75,0,San Francisco 49ers,Denver Broncos,3,3,89.5,10.5,136.0,137.0,273.0,158.0,52.0,210.0,game,Spread,San Francisco 49ers,,-5.5,kalshi,-171,—,—,,0,,miss,,,,—,,
2026-10-04T23:00:39.811782+00:00,nfl,2026,4,401872975,4018729752453,3,13:34,Official Timeout at 13:34.,2,8,DEN 25,75,0,San Francisco 49ers,Denver Broncos,3,3,89.5,10.5,136.0,137.0,273.0,158.0,52.0,210.0,game,Total,Over,,28.5,betfair,-130,—,—,,6.0,,miss,,,,—,,
2026-10-04T23:00:39.811782+00:00,nfl,2026,4,401872975,4018729752453,3,13:34,Official Timeout at 13:34.,2,8,DEN 25,75,0,San Francisco 49ers,Denver Broncos,3,3,89.5,10.5,136.0,137.0,273.0,158.0,52.0,210.0,game,Total,Under,,28.5,polymarket,117,—,—,,6.0,,hit,,,,—,,
2026-10-04T23:00:39.811782+00:00,nfl,2026,4,401872975,4018729752453,3,13:34,Official Timeout at 13:34.,2,8,DEN 25,75,0,San Francisco 49ers,Denver Broncos,3,3,89.5,10.5,136.0,137.0,273.0,158.0,52.0,210.0,game,ML,Denver Broncos,,,polymarket,669,—,—,,Loss,,miss,,,,—,,
2026-10-04T23:00:39.811782+00:00,nfl,2026,4,401872975,4018729752453,3,13:34,Official Timeout at 13:34.,2,8,DEN 25,75,0,San Francisco 49ers,Denver Broncos,3,3,89.5,10.5,136.0,137.0,273.0,158.0,52.0,210.0,game,ML,San Francisco 49ers,,,betfair,-787,—,—,,Loss,,miss,,,,—,,
2026-10-04T23:00:39.811782+00:00,nfl,2026,4,401872975,4018729752471,3,13:23,(Shotgun) J.Dobbins up the middle to DEN 26 for 1 yard (G.Halton; D.Greenlaw).,2,8,DEN 25,75,0,San Francisco 49ers,Denver Broncos,3,3,89.5,10.5,136.0,137.0,273.0,158.0,52.0,210.0,game,Spread,Denver Broncos,,5.5,kalshi,143,—,—,,0,,hit,,,,—,,
2026-10-04T23:00:39.811782+00:00,nfl,2026,4,401872975,4018729752471,3,13:23,(Shotgun) J.Dobbins up the middle to DEN 26 for 1 yard (G.Halton; D.Greenlaw).,2,8,DEN 25,75,0,San Francisco 49ers,Denver Broncos,3,3,89.5,10.5,136.0,137.0,273.0,158.0,52.0,210.0,game,Spread,San Francisco 49ers,,-5.5,kalshi,-171,—,—,,0,,miss,,,,—,,
2026-10-04T23:00:39.811782+00:00,nfl,2026,4,401872975,4018729752471,3,13:23,(Shotgun) J.Dobbins up the middle to DEN 26 for 1 yard (G.Halton; D.Greenlaw).,2,8,DEN 25,75,0,San Francisco 49ers,Denver Broncos,3,3,89.5,10.5,136.0,137.0,273.0,158.0,52.0,210.0,game,Total,Over,,28.5,betfair,-130,—,—,,6.0,,miss,,,,—,,
2026-10-04T23:00:39.811782+00:00,nfl,2026,4,401872975,4018729752471,3,13:23,(Shotgun) J.Dobbins up the middle to DEN 26 for 1 yard (G.Halton; D.Greenlaw).,2,8,DEN 25,75,0,San Francisco 49ers,Denver Broncos,3,3,89.5,10.5,136.0,137.0,273.0,158.0,52.0,210.0,game,Total,Under,,28.5,polymarket,117,—,—,,6.0,,hit,,,,—,,
2026-10-04T23:00:39.811782+00:00,nfl,2026,4,401872975,4018729752471,3,13:23,(Shotgun) J.Dobbins up the middle to DEN 26 for 1 yard (G.Halton; D.Greenlaw).,2,8,DEN 25,75,0,San Francisco 49ers,Denver Broncos,3,3,89.5,10.5,136.0,137.0,273.0,158.0,52.0,210.0,game,ML,Denver Broncos,,,polymarket,669,—,—,,Loss,,miss,,,,—,,
2026-10-04T23:00:39.811782+00:00,nfl,2026,4,401872975,4018729752471,3,13:23,(Shotgun) J.Dobbins up the middle to DEN 26 for 1 yard (G.Halton; D.Greenlaw).,2,8,DEN 25,75,0,San Francisco 49ers,Denver Broncos,3,3,89.5,10.5,136.0,137.0,273.0,158.0,52.0,210.0,game,ML,San Francisco 49ers,,,betfair,-787,—,—,,Loss,,miss,,,,—,,
2026-10-04T23:00:39.811782+00:00,nfl,2026,4,401872975,4018729752500,3,12:43,(Shotgun) B.Nix pass short left to P.Bryant ran ob at DEN 37 for 11 yards (U.Stout).,3,7,DEN 26,74,0,San Francisco 49ers,Denver Broncos,3,3,89.5,10.5,136.0,137.0,273.0,158.0,52.0,210.0,game,Spread,Denver Broncos,,5.5,kalshi,143,—,—,,0,,hit,,,,—,,
2026-10-04T23:00:39.811782+00:00,nfl,2026,4,401872975,4018729752500,3,12:43,(Shotgun) B.Nix pass short left to P.Bryant ran ob at DEN 37 for 11 yards (U.Stout).,3,7,DEN 26,74,0,San Francisco 49ers,Denver Broncos,3,3,89.5,10.5,136.0,137.0,273.0,158.0,52.0,210.0,game,Spread,San Francisco 49ers,,-5.5,kalshi,-171,—,—,,0,,miss,,,,—,,
2026-10-04T23:00:39.811782+00:00,nfl,2026,4,401872975,4018729752500,3,12:43,(Shotgun) B.Nix pass short left to P.Bryant ran ob at DEN 37 for 11 yards (U.Stout).,3,7,DEN 26,74,0,San Francisco 49ers,Denver Broncos,3,3,89.5,10.5,136.0,137.0,273.0,158.0,52.0,210.0,game,Total,Over,,28.5,betfair,-130,—,—,,6.0,,miss,,,,—,,
2026-10-04T23:00:39.811782+00:00,nfl,2026,4,401872975,4018729752500,3,12:43,(Shotgun) B.Nix pass short left to P.Bryant ran ob at DEN 37 for 11 yards (U.Stout).,3,7,DEN 26,74,0,San Francisco 49ers,Denver Broncos,3,3,89.5,10.5,136.0,137.0,273.0,158.0,52.0,210.0,game,Total,Under,,28.5,polymarket,117,—,—,,6.0,,hit,,,,—,,
2026-10-04T23:00:39.811782+00:00,nfl,2026,4,401872975,4018729752500,3,12:43,(Shotgun) B.Nix pass short left to P.Bryant ran ob at DEN 37 for 11 yards (U.Stout).,3,7,DEN 26,74,0,San Francisco 49ers,Denver Broncos,3,3,89.5,10.5,136.0,137.0,273.0,158.0,52.0,210.0,game,ML,Denver Broncos,,,polymarket,669,—,—,,Loss,,miss,,,,—,,
2026-10-04T23:00:39.811782+00:00,nfl,2026,4,401872975,4018729752500,3,12:43,(Shotgun) B.Nix pass short left to P.Bryant ran ob at DEN 37 for 11 yards (U.Stout).,3,7,DEN 26,74,0,San Francisco 49ers,Denver Broncos,3,3,89.5,10.5,136.0,137.0,273.0,158.0,52.0,210.0,game,ML,San Francisco 49ers,,,betfair,-787,—,—,,Loss,,miss,,,,—,,
2026-10-04T23:00:39.811782+00:00,nfl,2026,4,401872975,4018729752530,3,12:17,B.Nix pass incomplete short middle to A.Trautman (F.Warner).,1,10,DEN 37,63,0,San Francisco 49ers,Denver Broncos,3,3,89.5,10.5,136.0,137.0,273.0,158.0,52.0,210.0,game,Spread,Denver Broncos,,5.5,kalshi,143,—,—,,0,,hit,,,,—,,
2026-10-04T23:00:39.811782+00:00,nfl,2026,4,401872975,4018729752530,3,12:17,B.Nix pass incomplete short middle to A.Trautman (F.Warner).,1,10,DEN 37,63,0,San Francisco 49ers,Denver Broncos,3,3,89.5,10.5,136.0,137.0,273.0,158.0,52.0,210.0,game,Spread,San Francisco 49ers,,-5.5,kalshi,-171,—,—,,0,,miss,,,,—,,
2026-10-04T23:00:39.811782+00:00,nfl,2026,4,401872975,4018729752530,3,12:17,B.Nix pass incomplete short middle to A.Trautman (F.Warner).,1,10,DEN 37,63,0,San Francisco 49ers,Denver Broncos,3,3,89.5,10.5,136.0,137.0,273.0,158.0,52.0,210.0,game,Total,Over,,28.5,betfair,-130,—,—,,6.0,,miss,,,,—,,
2026-10-04T23:00:39.811782+00:00,nfl,2026,4,401872975,4018729752530,3,12:17,B.Nix pass incomplete short middle to A.Trautman (F.Warner).,1,10,DEN 37,63,0,San Francisco 49ers,Denver Broncos,3,3,89.5,10.5,136.0,137.0,273.0,158.0,52.0,210.0,game,Total,Under,,28.5,polymarket,117,—,—,,6.0,,hit,,,,—,,
2026-10-04T23:00:39.811782+00:00,nfl,2026,4,401872975,4018729752530,3,12:17,B.Nix pass incomplete short middle to A.Trautman (F.Warner).,1,10,DEN 37,63,0,San Francisco 49ers,Denver Broncos,3,3,89.5,10.5,136.0,137.0,273.0,158.0,52.0,210.0,game,ML,Denver Broncos,,,polymarket,669,—,—,,Loss,,miss,,,,—,,
2026-10-04T23:00:39.811782+00:00,nfl,2026,4,401872975,4018729752530,3,12:17,B.Nix pass incomplete short middle to A.Trautman (F.Warner).,1,10,DEN 37,63,0,San Francisco 49ers,Denver Broncos,3,3,89.5,10.5,136.0,137.0,273.0,158.0,52.0,210.0,game,ML,San Francisco 49ers,,,betfair,-787,—,—,,Loss,,miss,,,,—,,
2026-10-04T23:00:39.811782+00:00,nfl,2026,4,401872975,4018729752565,3,12:10,J.Dobbins up the middle to DEN 42 for 5 yards (O.Odighizuwa; K.White).,2,10,DEN 37,63,0,San Francisco 49ers,Denver Broncos,3,3,89.5,10.5,136.0,137.0,273.0,158.0,52.0,210.0,game,Spread,Denver Broncos,,5.5,kalshi,143,—,—,,0,,hit,,,,—,,
2026-10-04T23:00:39.811782+00:00,nfl,2026,4,401872975,4018729752565,3,12:10,J.Dobbins up the middle to DEN 42 for 5 yards (O.Odighizuwa; K.White).,2,10,DEN 37,63,0,San Francisco 49ers,Denver Broncos,3,3,89.5,10.5,136.0,137.0,273.0,158.0,52.0,210.0,game,Spread,San Francisco 49ers,,-5.5,kalshi,-171,—,—,,0,,miss,,,,—,,
2026-10-04T23:00:39.811782+00:00,nfl,2026,4,401872975,4018729752565,3,12:10,J.Dobbins up the middle to DEN 42 for 5 yards (O.Odighizuwa; K.White).,2,10,DEN 37,63,0,San Francisco 49ers,Denver Broncos,3,3,89.5,10.5,136.0,137.0,273.0,158.0,52.0,210.0,game,Total,Over,,28.5,betfair,-130,—,—,,6.0,,miss,,,,—,,
2026-10-04T23:00:39.811782+00:00,nfl,2026,4,401872975,4018729752565,3,12:10,J.Dobbins up the middle to DEN 42 for 5 yards (O.Odighizuwa; K.White).,2,10,DEN 37,63,0,San Francisco 49ers,Denver Broncos,3,3,89.5,10.5,136.0,137.0,273.0,158.0,52.0,210.0,game,Total,Under,,28.5,polymarket,117,—,—,,6.0,,hit,,,,—,,
2026-10-04T23:00:39.811782+00:00,nfl,2026,4,401872975,4018729752565,3,12:10,J.Dobbins up the middle to DEN 42 for 5 yards (O.Odighizuwa; K.White).,2,10,DEN 37,63,0,San Francisco 49ers,Denver Broncos,3,3,89.5,10.5,136.0,137.0,273.0,158.0,52.0,210.0,game,ML,Denver Broncos,,,polymarket,669,—,—,,Loss,,miss,,,,—,,
2026-10-04T23:00:39.811782+00:00,nfl,2026,4,401872975,4018729752565,3,12:10,J.Dobbins up the middle to DEN 42 for 5 yards (O.Odighizuwa; K.White).,2,10,DEN 37,63,0,San Francisco 49ers,Denver Broncos,3,3,89.5,10.5,136.0,137.0,273.0,158.0,52.0,210.0,game,ML,San Francisco 49ers,,,betfair,-787,—,—,,Loss,,miss,,,,—,,
2026-10-04T23:00:39.811782+00:00,nfl,2026,4,401872975,4018729752592,3,11:28,(Shotgun) B.Nix scrambles left tackle pushed ob at DEN 45 for 3 yards (D.Greenlaw).,3,5,DEN 42,58,0,San Francisco 49ers,Denver Broncos,3,3,89.5,10.5,136.0,137.0,273.0,158.0,52.0,210.0,game,Spread,Denver Broncos,,5.5,kalshi,143,—,—,,0,,hit,,,,—,,
2026-10-04T23:00:39.811782+00:00,nfl,2026,4,401872975,4018729752592,3,11:28,(Shotgun) B.Nix scrambles left tackle pushed ob at DEN 45 for 3 yards (D.Greenlaw).,3,5,DEN 42,58,0,San Francisco 49ers,Denver Broncos,3,3,89.5,10.5,136.0,137.0,273.0,158.0,52.0,210.0,game,Spread,San Francisco 49ers,,-5.5,kalshi,-171,—,—,,0,,miss,,,,—,,
2026-10-04T23:00:39.811782+00:00,nfl,2026,4,401872975,4018729752592,3,11:28,(Shotgun) B.Nix scrambles left tackle pushed ob at DEN 45 for 3 yards (D.Greenlaw).,3,5,DEN 42,58,0,San Francisco 49ers,Denver Broncos,3,3,89.5,10.5,136.0,137.0,273.0,158.0,52.0,210.0,game,Total,Over,,28.5,betfair,-130,—,—,,6.0,,miss,,,,—,,
2026-10-04T23:00:39.811782+00:00,nfl,2026,4,401872975,4018729752592,3,11:28,(Shotgun) B.Nix scrambles left tackle pushed ob at DEN 45 for 3 yards (D.Greenlaw).,3,5,DEN 42,58,0,San Francisco 49ers,Denver Broncos,3,3,89.5,10.5,136.0,137.0,273.0,158.0,52.0,210.0,game,Total,Under,,28.5,polymarket,117,—,—,,6.0,,hit,,,,—,,
2026-10-04T23:00:39.811782+00:00,nfl,2026,4,401872975,4018729752592,3,11:28,(Shotgun) B.Nix scrambles left tackle pushed ob at DEN 45 for 3 yards (D.Greenlaw).,3,5,DEN 42,58,0,San Francisco 49ers,Denver Broncos,3,3,89.5,10.5,136.0,137.0,273.0,158.0,52.0,210.0,game,ML,Denver Broncos,,,polymarket,669,—,—,,Loss,,miss,,,,—,,
2026-10-04T23:00:39.811782+00:00,nfl,2026,4,401872975,4018729752592,3,11:28,(Shotgun) B.Nix scrambles left tackle pushed ob at DEN 45 for 3 yards (D.Greenlaw).,3,5,DEN 42,58,0,San Francisco 49ers,Denver Broncos,3,3,89.5,10.5,136.0,137.0,273.0,158.0,52.0,210.0,game,ML,San Francisco 49ers,,,betfair,-787,—,—,,Loss,,miss,,,,—,,
2026-10-04T23:00:39.811782+00:00,nfl,2026,4,401872975,4018729752622,3,10:52,"J.Crawshaw punts 47 yards to SF 8, Center-M.Fraboni, fair catch by J.Cowing.",4,2,DEN 45,55,0,San Francisco 49ers,Denver Broncos,3,3,89.5,10.5,136.0,137.0,273.0,158.0,52.0,210.0,game,Spread,Denver Broncos,,5.5,kalshi,143,—,—,,0,,hit,,,,—,,
2026-10-04T23:00:39.811782+00:00,nfl,2026,4,401872975,4018729752622,3,10:52,"J.Crawshaw punts 47 yards to SF 8, Center-M.Fraboni, fair catch by J.Cowing.",4,2,DEN 45,55,0,San Francisco 49ers,Denver Broncos,3,3,89.5,10.5,136.0,137.0,273.0,158.0,52.0,210.0,game,Spread,San Francisco 49ers,,-5.5,kalshi,-171,—,—,,0,,miss,,,,—,,
2026-10-04T23:00:39.811782+00:00,nfl,2026,4,401872975,4018729752622,3,10:52,"J.Crawshaw punts 47 yards to SF 8, Center-M.Fraboni, fair catch by J.Cowing.",4,2,DEN 45,55,0,San Francisco 49ers,Denver Broncos,3,3,89.5,10.5,136.0,137.0,273.0,158.0,52.0,210.0,game,Total,Over,,28.5,betfair,-130,—,—,,6.0,,miss,,,,—,,
2026-10-04T23:00:39.811782+00:00,nfl,2026,4,401872975,4018729752622,3,10:52,"J.Crawshaw punts 47 yards to SF 8, Center-M.Fraboni, fair catch by J.Cowing.",4,2,DEN 45,55,0,San Francisco 49ers,Denver Broncos,3,3,89.5,10.5,136.0,137.0,273.0,158.0,52.0,210.0,game,Total,Under,,28.5,polymarket,117,—,—,,6.0,,hit,,,,—,,
2026-10-04T23:00:39.811782+00:00,nfl,2026,4,401872975,4018729752622,3,10:52,"J.Crawshaw punts 47 yards to SF 8, Center-M.Fraboni, fair catch by J.Cowing.",4,2,DEN 45,55,0,San Francisco 49ers,Denver Broncos,3,3,89.5,10.5,136.0,137.0,273.0,158.0,52.0,210.0,game,ML,Denver Broncos,,,polymarket,669,—,—,,Loss,,miss,,,,—,,
2026-10-04T23:00:39.811782+00:00,nfl,2026,4,401872975,4018729752622,3,10:52,"J.Crawshaw punts 47 yards to SF 8, Center-M.Fraboni, fair catch by J.Cowing.",4,2,DEN 45,55,0,San Francisco 49ers,Denver Broncos,3,3,89.5,10.5,136.0,137.0,273.0,158.0,52.0,210.0,game,ML,San Francisco 49ers,,,betfair,-787,—,—,,Loss,,miss,,,,—,,
2026-10-04T23:00:39.811782+00:00,nfl,2026,4,401872975,4018729752632,3,10:44,Official Timeout at 10:44.,1,10,SF 9,9,0,San Francisco 49ers,Denver Broncos,3,3,89.5,10.5,136.0,137.0,273.0,158.0,52.0,210.0,game,Spread,Denver Broncos,,5.5,kalshi,143,—,—,,0,,hit,,,,—,,
2026-10-04T23:00:39.811782+00:00,nfl,2026,4,401872975,4018729752632,3,10:44,Official Timeout at 10:44.,1,10,SF 9,9,0,San Francisco 49ers,Denver Broncos,3,3,89.5,10.5,136.0,137.0,273.0,158.0,52.0,210.0,game,Spread,San Francisco 49ers,,-5.5,kalshi,-171,—,—,,0,,miss,,,,—,,
2026-10-04T23:00:39.811782+00:00,nfl,2026,4,401872975,4018729752632,3,10:44,Official Timeout at 10:44.,1,10,SF 9,9,0,San Francisco 49ers,Denver Broncos,3,3,89.5,10.5,136.0,137.0,273.0,158.0,52.0,210.0,game,Total,Over,,28.5,betfair,-130,—,—,,6.0,,miss,,,,—,,
2026-10-04T23:00:39.811782+00:00,nfl,2026,4,401872975,4018729752632,3,10:44,Official Timeout at 10:44.,1,10,SF 9,9,0,San Francisco 49ers,Denver Broncos,3,3,89.5,10.5,136.0,137.0,273.0,158.0,52.0,210.0,game,Total,Under,,28.5,polymarket,117,—,—,,6.0,,hit,,,,—,,
2026-10-04T23:00:39.811782+00:00,nfl,2026,4,401872975,4018729752632,3,10:44,Official Timeout at 10:44.,1,10,SF 9,9,0,San Francisco 49ers,Denver Broncos,3,3,89.5,10.5,136.0,137.0,273.0,158.0,52.0,210.0,game,ML,Denver Broncos,,,polymarket,669,—,—,,Loss,,miss,,,,—,,
2026-10-04T23:00:39.811782+00:00,nfl,2026,4,401872975,4018729752632,3,10:44,Official Timeout at 10:44.,1,10,SF 9,9,0,San Francisco 49ers,Denver Broncos,3,3,89.5,10.5,136.0,137.0,273.0,158.0,52.0,210.0,game,ML,San Francisco 49ers,,,betfair,-787,—,—,,Loss,,miss,,,,—,,
2026-10-04T23:00:39.811782+00:00,nfl,2026,4,401872975,4018729752642,3,10:44,(Shotgun) B.Purdy pass incomplete short left to C.McCaffrey (M.Roach).,1,10,SF 8,8,0,San Francisco 49ers,Denver Broncos,3,3,89.5,10.5,136.0,137.0,273.0,158.0,52.0,210.0,game,Spread,Denver Broncos,,5.5,kalshi,143,—,—,,0,,hit,,,,—,,
2026-10-04T23:00:39.811782+00:00,nfl,2026,4,401872975,4018729752642,3,10:44,(Shotgun) B.Purdy pass incomplete short left to C.McCaffrey (M.Roach).,1,10,SF 8,8,0,San Francisco 49ers,Denver Broncos,3,3,89.5,10.5,136.0,137.0,273.0,158.0,52.0,210.0,game,Spread,San Francisco 49ers,,-5.5,kalshi,-171,—,—,,0,,miss,,,,—,,
2026-10-04T23:00:39.811782+00:00,nfl,2026,4,401872975,4018729752642,3,10:44,(Shotgun) B.Purdy pass incomplete short left to C.McCaffrey (M.Roach).,1,10,SF 8,8,0,San Francisco 49ers,Denver Broncos,3,3,89.5,10.5,136.0,137.0,273.0,158.0,52.0,210.0,game,Total,Over,,28.5,betfair,-130,—,—,,6.0,,miss,,,,—,,
2026-10-04T23:00:39.811782+00:00,nfl,2026,4,401872975,4018729752642,3,10:44,(Shotgun) B.Purdy pass incomplete short left to C.McCaffrey (M.Roach).,1,10,SF 8,8,0,San Francisco 49ers,Denver Broncos,3,3,89.5,10.5,136.0,137.0,273.0,158.0,52.0,210.0,game,Total,Under,,28.5,polymarket,117,—,—,,6.0,,hit,,,,—,,
2026-10-04T23:00:39.811782+00:00,nfl,2026,4,401872975,4018729752642,3,10:44,(Shotgun) B.Purdy pass incomplete short left to C.McCaffrey (M.Roach).,1,10,SF 8,8,0,San Francisco 49ers,Denver Broncos,3,3,89.5,10.5,136.0,137.0,273.0,158.0,52.0,210.0,game,ML,Denver Broncos,,,polymarket,669,—,—,,Loss,,miss,,,,—,,
2026-10-04T23:00:39.811782+00:00,nfl,2026,4,401872975,4018729752642,3,10:44,(Shotgun) B.Purdy pass incomplete short left to C.McCaffrey (M.Roach).,1,10,SF 8,8,0,San Francisco 49ers,Denver Broncos,3,3,89.5,10.5,136.0,137.0,273.0,158.0,52.0,210.0,game,ML,San Francisco 49ers,,,betfair,-787,—,—,,Loss,,miss,,,,—,,
2026-10-04T23:00:39.811782+00:00,nfl,2026,4,401872975,4018729752672,3,10:40,C.McCaffrey up the middle to SF 11 for 3 yards (A.Singleton).,2,10,SF 8,8,0,San Francisco 49ers,Denver Broncos,3,3,89.5,10.5,136.0,137.0,273.0,158.0,52.0,210.0,game,Spread,Denver Broncos,,5.5,kalshi,143,—,—,,0,,hit,,,,—,,
2026-10-04T23:00:39.811782+00:00,nfl,2026,4,401872975,4018729752672,3,10:40,C.McCaffrey up the middle to SF 11 for 3 yards (A.Singleton).,2,10,SF 8,8,0,San Francisco 49ers,Denver Broncos,3,3,89.5,10.5,136.0,137.0,273.0,158.0,52.0,210.0,game,Spread,San Francisco 49ers,,-5.5,kalshi,-171,—,—,,0,,miss,,,,—,,
2026-10-04T23:00:39.811782+00:00,nfl,2026,4,401872975,4018729752672,3,10:40,C.McCaffrey up the middle to SF 11 for 3 yards (A.Singleton).,2,10,SF 8,8,0,San Francisco 49ers,Denver Broncos,3,3,89.5,10.5,136.0,137.0,273.0,158.0,52.0,210.0,game,Total,Over,,28.5,betfair,-130,—,—,,6.0,,miss,,,,—,,
2026-10-04T23:00:39.811782+00:00,nfl,2026,4,401872975,4018729752672,3,10:40,C.McCaffrey up the middle to SF 11 for 3 yards (A.Singleton).,2,10,SF 8,8,0,San Francisco 49ers,Denver Broncos,3,3,89.5,10.5,136.0,137.0,273.0,158.0,52.0,210.0,game,Total,Under,,28.5,polymarket,117,—,—,,6.0,,hit,,,,—,,
2026-10-04T23:00:39.811782+00:00,nfl,2026,4,401872975,4018729752672,3,10:40,C.McCaffrey up the middle to SF 11 for 3 yards (A.Singleton).,2,10,SF 8,8,0,San Francisco 49ers,Denver Broncos,3,3,89.5,10.5,136.0,137.0,273.0,158.0,52.0,210.0,game,ML,Denver Broncos,,,polymarket,669,—,—,,Loss,,miss,,,,—,,
2026-10-04T23:00:39.811782+00:00,nfl,2026,4,401872975,4018729752672,3,10:40,C.McCaffrey up the middle to SF 11 for 3 yards (A.Singleton).,2,10,SF 8,8,0,San Francisco 49ers,Denver Broncos,3,3,89.5,10.5,136.0,137.0,273.0,158.0,52.0,210.0,game,ML,San Francisco 49ers,,,betfair,-787,—,—,,Loss,,miss,,,,—,,
2026-10-04T23:00:39.811782+00:00,nfl,2026,4,401872975,4018729752694,3,9:59,(Shotgun) B.Purdy pass incomplete deep left to M.Evans.,3,7,SF 11,11,0,San Francisco 49ers,Denver Broncos,3,3,89.5,10.5,136.0,137.0,273.0,158.0,52.0,210.0,game,Spread,Denver Broncos,,5.5,kalshi,143,—,—,,0,,hit,,,,—,,
2026-10-04T23:00:39.811782+00:00,nfl,2026,4,401872975,4018729752694,3,9:59,(Shotgun) B.Purdy pass incomplete deep left to M.Evans.,3,7,SF 11,11,0,San Francisco 49ers,Denver Broncos,3,3,89.5,10.5,136.0,137.0,273.0,158.0,52.0,210.0,game,Spread,San Francisco 49ers,,-5.5,kalshi,-171,—,—,,0,,miss,,,,—,,
2026-10-04T23:00:39.811782+00:00,nfl,2026,4,401872975,4018729752694,3,9:59,(Shotgun) B.Purdy pass incomplete deep left to M.Evans.,3,7,SF 11,11,0,San Francisco 49ers,Denver Broncos,3,3,89.5,10.5,136.0,137.0,273.0,158.0,52.0,210.0,game,Total,Over,,28.5,betfair,-130,—,—,,6.0,,miss,,,,—,,
2026-10-04T23:00:39.811782+00:00,nfl,2026,4,401872975,4018729752694,3,9:59,(Shotgun) B.Purdy pass incomplete deep left to M.Evans.,3,7,SF 11,11,0,San Francisco 49ers,Denver Broncos,3,3,89.5,10.5,136.0,137.0,273.0,158.0,52.0,210.0,game,Total,Under,,28.5,polymarket,117,—,—,,6.0,,hit,,,,—,,
2026-10-04T23:00:39.811782+00:00,nfl,2026,4,401872975,4018729752694,3,9:59,(Shotgun) B.Purdy pass incomplete deep left to M.Evans.,3,7,SF 11,11,0,San Francisco 49ers,Denver Broncos,3,3,89.5,10.5,136.0,137.0,273.0,158.0,52.0,210.0,game,ML,Denver Broncos,,,polymarket,669,—,—,,Loss,,miss,,,,—,,
2026-10-04T23:00:39.811782+00:00,nfl,2026,4,401872975,4018729752694,3,9:59,(Shotgun) B.Purdy pass incomplete deep left to M.Evans.,3,7,SF 11,11,0,San Francisco 49ers,Denver Broncos,3,3,89.5,10.5,136.0,137.0,273.0,158.0,52.0,210.0,game,ML,San Francisco 49ers,,,betfair,-787,—,—,,Loss,,miss,,,,—,,
2026-10-04T23:00:39.811782+00:00,nfl,2026,4,401872975,4018729752717,3,9:52,"C.Waitman punts 61 yards to DEN 28, Center-J.Weeks. M.Mims to DEN 29 for 1 yard (S.Neal). FUMBLES (S.Neal), RECOVERED by SF-S.Neal at DEN 28. S.Neal to DEN 28 for no gain (M.Mims).",4,7,SF 11,11,0,San Francisco 49ers,Denver Broncos,3,3,89.5,10.5,136.0,137.0,273.0,158.0,52.0,210.0,game,Spread,Denver Broncos,,5.5,kalshi,143,—,—,,0,,hit,,,,—,,
2026-10-04T23:00:39.811782+00:00,nfl,2026,4,401872975,4018729752717,3,9:52,"C.Waitman punts 61 yards to DEN 28, Center-J.Weeks. M.Mims to DEN 29 for 1 yard (S.Neal). FUMBLES (S.Neal), RECOVERED by SF-S.Neal at DEN 28. S.Neal to DEN 28 for no gain (M.Mims).",4,7,SF 11,11,0,San Francisco 49ers,Denver Broncos,3,3,89.5,10.5,136.0,137.0,273.0,158.0,52.0,210.0,game,Spread,San Francisco 49ers,,-5.5,kalshi,-171,—,—,,0,,miss,,,,—,,
2026-10-04T23:00:39.811782+00:00,nfl,2026,4,401872975,4018729752717,3,9:52,"C.Waitman punts 61 yards to DEN 28, Center-J.Weeks. M.Mims to DEN 29 for 1 yard (S.Neal). FUMBLES (S.Neal), RECOVERED by SF-S.Neal at DEN 28. S.Neal to DEN 28 for no gain (M.Mims).",4,7,SF 11,11,0,San Francisco 49ers,Denver Broncos,3,3,89.5,10.5,136.0,137.0,273.0,158.0,52.0,210.0,game,Total,Over,,28.5,betfair,-130,—,—,,6.0,,miss,,,,—,,
2026-10-04T23:00:39.811782+00:00,nfl,2026,4,401872975,4018729752717,3,9:52,"C.Waitman punts 61 yards to DEN 28, Center-J.Weeks. M.Mims to DEN 29 for 1 yard (S.Neal). FUMBLES (S.Neal), RECOVERED by SF-S.Neal at DEN 28. S.Neal to DEN 28 for no gain (M.Mims).",4,7,SF 11,11,0,San Francisco 49ers,Denver Broncos,3,3,89.5,10.5,136.0,137.0,273.0,158.0,52.0,210.0,game,Total,Under,,28.5,polymarket,117,—,—,,6.0,,hit,,,,—,,
2026-10-04T23:00:39.811782+00:00,nfl,2026,4,401872975,4018729752717,3,9:52,"C.Waitman punts 61 yards to DEN 28, Center-J.Weeks. M.Mims to DEN 29 for 1 yard (S.Neal). FUMBLES (S.Neal), RECOVERED by SF-S.Neal at DEN 28. S.Neal to DEN 28 for no gain (M.Mims).",4,7,SF 11,11,0,San Francisco 49ers,Denver Broncos,3,3,89.5,10.5,136.0,137.0,273.0,158.0,52.0,210.0,game,ML,Denver Broncos,,,polymarket,669,—,—,,Loss,,miss,,,,—,,
2026-10-04T23:00:39.811782+00:00,nfl,2026,4,401872975,4018729752717,3,9:52,"C.Waitman punts 61 yards to DEN 28, Center-J.Weeks. M.Mims to DEN 29 for 1 yard (S.Neal). FUMBLES (S.Neal), RECOVERED by SF-S.Neal at DEN 28. S.Neal to DEN 28 for no gain (M.Mims).",4,7,SF 11,11,0,San Francisco 49ers,Denver Broncos,3,3,89.5,10.5,136.0,137.0,273.0,158.0,52.0,210.0,game,ML,San Francisco 49ers,,,betfair,-787,—,—,,Loss,,miss,,,,—,,
2026-10-04T23:00:39.811782+00:00,nfl,2026,4,401872975,4018729752759,3,9:40,D.Samuel right end to DEN 26 for 2 yards (J.Jackson).,1,10,DEN 28,72,0,San Francisco 49ers,Denver Broncos,3,3,89.5,10.5,136.0,137.0,273.0,158.0,52.0,210.0,game,Spread,Denver Broncos,,5.5,kalshi,143,—,—,,0,,hit,,,,—,,
2026-10-04T23:00:39.811782+00:00,nfl,2026,4,401872975,4018729752759,3,9:40,D.Samuel right end to DEN 26 for 2 yards (J.Jackson).,1,10,DEN 28,72,0,San Francisco 49ers,Denver Broncos,3,3,89.5,10.5,136.0,137.0,273.0,158.0,52.0,210.0,game,Spread,San Francisco 49ers,,-5.5,kalshi,-171,—,—,,0,,miss,,,,—,,
2026-10-04T23:00:39.811782+00:00,nfl,2026,4,401872975,4018729752759,3,9:40,D.Samuel right end to DEN 26 for 2 yards (J.Jackson).,1,10,DEN 28,72,0,San Francisco 49ers,Denver Broncos,3,3,89.5,10.5,136.0,137.0,273.0,158.0,52.0,210.0,game,Total,Over,,28.5,betfair,-130,—,—,,6.0,,miss,,,,—,,
2026-10-04T23:00:39.811782+00:00,nfl,2026,4,401872975,4018729752759,3,9:40,D.Samuel right end to DEN 26 for 2 yards (J.Jackson).,1,10,DEN 28,72,0,San Francisco 49ers,Denver Broncos,3,3,89.5,10.5,136.0,137.0,273.0,158.0,52.0,210.0,game,Total,Under,,28.5,polymarket,117,—,—,,6.0,,hit,,,,—,,
2026-10-04T23:00:39.811782+00:00,nfl,2026,4,401872975,4018729752759,3,9:40,D.Samuel right end to DEN 26 for 2 yards (J.Jackson).,1,10,DEN 28,72,0,San Francisco 49ers,Denver Broncos,3,3,89.5,10.5,136.0,137.0,273.0,158.0,52.0,210.0,game,ML,Denver Broncos,,,polymarket,669,—,—,,Loss,,miss,,,,—,,
2026-10-04T23:00:39.811782+00:00,nfl,2026,4,401872975,4018729752759,3,9:40,D.Samuel right end to DEN 26 for 2 yards (J.Jackson).,1,10,DEN 28,72,0,San Francisco 49ers,Denver Broncos,3,3,89.5,10.5,136.0,137.0,273.0,158.0,52.0,210.0,game,ML,San Francisco 49ers,,,betfair,-787,—,—,,Loss,,miss,,,,—,,
2026-10-04T23:00:39.811782+00:00,nfl,2026,4,401872975,4018729752781,3,8:56,(Shotgun) B.Purdy pass short right to G.Kittle to DEN 19 for 7 yards (A.Singleton; J.Barron).,2,8,DEN 26,74,0,San Francisco 49ers,Denver Broncos,3,3,89.5,10.5,136.0,137.0,273.0,158.0,52.0,210.0,game,Spread,Denver Broncos,,5.5,kalshi,143,—,—,,0,,hit,,,,—,,
2026-10-04T23:00:39.811782+00:00,nfl,2026,4,401872975,4018729752781,3,8:56,(Shotgun) B.Purdy pass short right to G.Kittle to DEN 19 for 7 yards (A.Singleton; J.Barron).,2,8,DEN 26,74,0,San Francisco 49ers,Denver Broncos,3,3,89.5,10.5,136.0,137.0,273.0,158.0,52.0,210.0,game,Spread,San Francisco 49ers,,-5.5,kalshi,-171,—,—,,0,,miss,,,,—,,
2026-10-04T23:00:39.811782+00:00,nfl,2026,4,401872975,4018729752781,3,8:56,(Shotgun) B.Purdy pass short right to G.Kittle to DEN 19 for 7 yards (A.Singleton; J.Barron).,2,8,DEN 26,74,0,San Francisco 49ers,Denver Broncos,3,3,89.5,10.5,136.0,137.0,273.0,158.0,52.0,210.0,game,Total,Over,,28.5,betfair,-130,—,—,,6.0,,miss,,,,—,,
2026-10-04T23:00:39.811782+00:00,nfl,2026,4,401872975,4018729752781,3,8:56,(Shotgun) B.Purdy pass short right to G.Kittle to DEN 19 for 7 yards (A.Singleton; J.Barron).,2,8,DEN 26,74,0,San Francisco 49ers,Denver Broncos,3,3,89.5,10.5,136.0,137.0,273.0,158.0,52.0,210.0,game,Total,Under,,28.5,polymarket,117,—,—,,6.0,,hit,,,,—,,
2026-10-04T23:00:39.811782+00:00,nfl,2026,4,401872975,4018729752781,3,8:56,(Shotgun) B.Purdy pass short right to G.Kittle to DEN 19 for 7 yards (A.Singleton; J.Barron).,2,8,DEN 26,74,0,San Francisco 49ers,Denver Broncos,3,3,89.5,10.5,136.0,137.0,273.0,158.0,52.0,210.0,game,ML,Denver Broncos,,,polymarket,669,—,—,,Loss,,miss,,,,—,,
2026-10-04T23:00:39.811782+00:00,nfl,2026,4,401872975,4018729752781,3,8:56,(Shotgun) B.Purdy pass short right to G.Kittle to DEN 19 for 7 yards (A.Singleton; J.Barron).,2,8,DEN 26,74,0,San Francisco 49ers,Denver Broncos,3,3,89.5,10.5,136.0,137.0,273.0,158.0,52.0,210.0,game,ML,San Francisco 49ers,,,betfair,-787,—,—,,Loss,,miss,,,,—,,
2026-10-04T23:00:39.811782+00:00,nfl,2026,4,401872975,4018729752806,3,8:10,K.Black right end to DEN 19 for no gain (B.Jones; J.Barron).,3,1,DEN 19,81,0,San Francisco 49ers,Denver Broncos,3,3,89.5,10.5,136.0,137.0,273.0,158.0,52.0,210.0,game,Spread,Denver Broncos,,5.5,kalshi,143,—,—,,0,,hit,,,,—,,
2026-10-04T23:00:39.811782+00:00,nfl,2026,4,401872975,4018729752806,3,8:10,K.Black right end to DEN 19 for no gain (B.Jones; J.Barron).,3,1,DEN 19,81,0,San Francisco 49ers,Denver Broncos,3,3,89.5,10.5,136.0,137.0,273.0,158.0,52.0,210.0,game,Spread,San Francisco 49ers,,-5.5,kalshi,-171,—,—,,0,,miss,,,,—,,
2026-10-04T23:00:39.811782+00:00,nfl,2026,4,401872975,4018729752806,3,8:10,K.Black right end to DEN 19 for no gain (B.Jones; J.Barron).,3,1,DEN 19,81,0,San Francisco 49ers,Denver Broncos,3,3,89.5,10.5,136.0,137.0,273.0,158.0,52.0,210.0,game,Total,Over,,28.5,betfair,-130,—,—,,6.0,,miss,,,,—,,
2026-10-04T23:00:39.811782+00:00,nfl,2026,4,401872975,4018729752806,3,8:10,K.Black right end to DEN 19 for no gain (B.Jones; J.Barron).,3,1,DEN 19,81,0,San Francisco 49ers,Denver Broncos,3,3,89.5,10.5,136.0,137.0,273.0,158.0,52.0,210.0,game,Total,Under,,28.5,polymarket,117,—,—,,6.0,,hit,,,,—,,
2026-10-04T23:00:39.811782+00:00,nfl,2026,4,401872975,4018729752806,3,8:10,K.Black right end to DEN 19 for no gain (B.Jones; J.Barron).,3,1,DEN 19,81,0,San Francisco 49ers,Denver Broncos,3,3,89.5,10.5,136.0,137.0,273.0,158.0,52.0,210.0,game,ML,Denver Broncos,,,polymarket,669,—,—,,Loss,,miss,,,,—,,
2026-10-04T23:00:39.811782+00:00,nfl,2026,4,401872975,4018729752806,3,8:10,K.Black right end to DEN 19 for no gain (B.Jones; J.Barron).,3,1,DEN 19,81,0,San Francisco 49ers,Denver Broncos,3,3,89.5,10.5,136.0,137.0,273.0,158.0,52.0,210.0,game,ML,San Francisco 49ers,,,betfair,-787,—,—,,Loss,,miss,,,,—,,
2026-10-04T23:00:39.811782+00:00,nfl,2026,4,401872975,4018729752828,3,7:24,(Shotgun) K.Black up the middle to DEN 17 for 2 yards (B.Jones).,4,1,DEN 19,81,0,San Francisco 49ers,Denver Broncos,3,3,89.5,10.5,136.0,137.0,273.0,158.0,52.0,210.0,game,Spread,Denver Broncos,,5.5,kalshi,143,—,—,,0,,hit,,,,—,,
2026-10-04T23:00:39.811782+00:00,nfl,2026,4,401872975,4018729752828,3,7:24,(Shotgun) K.Black up the middle to DEN 17 for 2 yards (B.Jones).,4,1,DEN 19,81,0,San Francisco 49ers,Denver Broncos,3,3,89.5,10.5,136.0,137.0,273.0,158.0,52.0,210.0,game,Spread,San Francisco 49ers,,-5.5,kalshi,-171,—,—,,0,,miss,,,,—,,
2026-10-04T23:00:39.811782+00:00,nfl,2026,4,401872975,4018729752828,3,7:24,(Shotgun) K.Black up the middle to DEN 17 for 2 yards (B.Jones).,4,1,DEN 19,81,0,San Francisco 49ers,Denver Broncos,3,3,89.5,10.5,136.0,137.0,273.0,158.0,52.0,210.0,game,Total,Over,,28.5,betfair,-130,—,—,,6.0,,miss,,,,—,,
2026-10-04T23:00:39.811782+00:00,nfl,2026,4,401872975,4018729752828,3,7:24,(Shotgun) K.Black up the middle to DEN 17 for 2 yards (B.Jones).,4,1,DEN 19,81,0,San Francisco 49ers,Denver Broncos,3,3,89.5,10.5,136.0,137.0,273.0,158.0,52.0,210.0,game,Total,Under,,28.5,polymarket,117,—,—,,6.0,,hit,,,,—,,
2026-10-04T23:00:39.811782+00:00,nfl,2026,4,401872975,4018729752828,3,7:24,(Shotgun) K.Black up the middle to DEN 17 for 2 yards (B.Jones).,4,1,DEN 19,81,0,San Francisco 49ers,Denver Broncos,3,3,89.5,10.5,136.0,137.0,273.0,158.0,52.0,210.0,game,ML,Denver Broncos,,,polymarket,669,—,—,,Loss,,miss,,,,—,,
2026-10-04T23:00:39.811782+00:00,nfl,2026,4,401872975,4018729752828,3,7:24,(Shotgun) K.Black up the middle to DEN 17 for 2 yards (B.Jones).,4,1,DEN 19,81,0,San Francisco 49ers,Denver Broncos,3,3,89.5,10.5,136.0,137.0,273.0,158.0,52.0,210.0,game,ML,San Francisco 49ers,,,betfair,-787,—,—,,Loss,,miss,,,,—,,
2026-10-04T23:00:39.811782+00:00,nfl,2026,4,401872975,4018729752852,3,6:50,"C.McCaffrey up the middle to DEN 18 for -1 yards (A.Singleton, J.Strnad).",1,10,DEN 17,83,0,San Francisco 49ers,Denver Broncos,3,3,89.5,10.5,136.0,137.0,273.0,158.0,52.0,210.0,game,Spread,Denver Broncos,,5.5,kalshi,143,—,—,,0,,hit,,,,—,,
2026-10-04T23:00:39.811782+00:00,nfl,2026,4,401872975,4018729752852,3,6:50,"C.McCaffrey up the middle to DEN 18 for -1 yards (A.Singleton, J.Strnad).",1,10,DEN 17,83,0,San Francisco 49ers,Denver Broncos,3,3,89.5,10.5,136.0,137.0,273.0,158.0,52.0,210.0,game,Spread,San Francisco 49ers,,-5.5,kalshi,-171,—,—,,0,,miss,,,,—,,
2026-10-04T23:00:39.811782+00:00,nfl,2026,4,401872975,4018729752852,3,6:50,"C.McCaffrey up the middle to DEN 18 for -1 yards (A.Singleton, J.Strnad).",1,10,DEN 17,83,0,San Francisco 49ers,Denver Broncos,3,3,89.5,10.5,136.0,137.0,273.0,158.0,52.0,210.0,game,Total,Over,,28.5,betfair,-130,—,—,,6.0,,miss,,,,—,,
2026-10-04T23:00:39.811782+00:00,nfl,2026,4,401872975,4018729752852,3,6:50,"C.McCaffrey up the middle to DEN 18 for -1 yards (A.Singleton, J.Strnad).",1,10,DEN 17,83,0,San Francisco 49ers,Denver Broncos,3,3,89.5,10.5,136.0,137.0,273.0,158.0,52.0,210.0,game,Total,Under,,28.5,polymarket,117,—,—,,6.0,,hit,,,,—,,
2026-10-04T23:00:39.811782+00:00,nfl,2026,4,401872975,4018729752852,3,6:50,"C.McCaffrey up the middle to DEN 18 for -1 yards (A.Singleton, J.Strnad).",1,10,DEN 17,83,0,San Francisco 49ers,Denver Broncos,3,3,89.5,10.5,136.0,137.0,273.0,158.0,52.0,210.0,game,ML,Denver Broncos,,,polymarket,669,—,—,,Loss,,miss,,,,—,,
2026-10-04T23:00:39.811782+00:00,nfl,2026,4,401872975,4018729752852,3,6:50,"C.McCaffrey up the middle to DEN 18 for -1 yards (A.Singleton, J.Strnad).",1,10,DEN 17,83,0,San Francisco 49ers,Denver Broncos,3,3,89.5,10.5,136.0,137.0,273.0,158.0,52.0,210.0,game,ML,San Francisco 49ers,,,betfair,-787,—,—,,Loss,,miss,,,,—,,
2026-10-04T23:00:39.811782+00:00,nfl,2026,4,401872975,4018729752874,3,6:12,(Shotgun) B.Purdy scrambles left end pushed ob at DEN 7 for 11 yards (N.Bonitto).,2,11,DEN 18,82,0,San Francisco 49ers,Denver Broncos,3,3,89.5,10.5,136.0,137.0,273.0,158.0,52.0,210.0,game,Spread,Denver Broncos,,5.5,kalshi,143,—,—,,0,,hit,,,,—,,
2026-10-04T23:00:39.811782+00:00,nfl,2026,4,401872975,4018729752874,3,6:12,(Shotgun) B.Purdy scrambles left end pushed ob at DEN 7 for 11 yards (N.Bonitto).,2,11,DEN 18,82,0,San Francisco 49ers,Denver Broncos,3,3,89.5,10.5,136.0,137.0,273.0,158.0,52.0,210.0,game,Spread,San Francisco 49ers,,-5.5,kalshi,-171,—,—,,0,,miss,,,,—,,
2026-10-04T23:00:39.811782+00:00,nfl,2026,4,401872975,4018729752874,3,6:12,(Shotgun) B.Purdy scrambles left end pushed ob at DEN 7 for 11 yards (N.Bonitto).,2,11,DEN 18,82,0,San Francisco 49ers,Denver Broncos,3,3,89.5,10.5,136.0,137.0,273.0,158.0,52.0,210.0,game,Total,Over,,28.5,betfair,-130,—,—,,6.0,,miss,,,,—,,
2026-10-04T23:00:39.811782+00:00,nfl,2026,4,401872975,4018729752874,3,6:12,(Shotgun) B.Purdy scrambles left end pushed ob at DEN 7 for 11 yards (N.Bonitto).,2,11,DEN 18,82,0,San Francisco 49ers,Denver Broncos,3,3,89.5,10.5,136.0,137.0,273.0,158.0,52.0,210.0,game,Total,Under,,28.5,polymarket,117,—,—,,6.0,,hit,,,,—,,
2026-10-04T23:00:39.811782+00:00,nfl,2026,4,401872975,4018729752874,3,6:12,(Shotgun) B.Purdy scrambles left end pushed ob at DEN 7 for 11 yards (N.Bonitto).,2,11,DEN 18,82,0,San Francisco 49ers,Denver Broncos,3,3,89.5,10.5,136.0,137.0,273.0,158.0,52.0,210.0,game,ML,Denver Broncos,,,polymarket,669,—,—,,Loss,,miss,,,,—,,
2026-10-04T23:00:39.811782+00:00,nfl,2026,4,401872975,4018729752874,3,6:12,(Shotgun) B.Purdy scrambles left end pushed ob at DEN 7 for 11 yards (N.Bonitto).,2,11,DEN 18,82,0,San Francisco 49ers,Denver Broncos,3,3,89.5,10.5,136.0,137.0,273.0,158.0,52.0,210.0,game,ML,San Francisco 49ers,,,betfair,-787,—,—,,Loss,,miss,,,,—,,
2026-10-04T23:00:39.811782+00:00,nfl,2026,4,401872975,4018729752901,3,5:40,B.Purdy pass short right to D.Samuel to DEN 1 for 6 yards (B.Jones; N.Bonitto).,1,7,DEN 7,93,0,San Francisco 49ers,Denver Broncos,3,3,89.5,10.5,136.0,137.0,273.0,158.0,52.0,210.0,game,Spread,Denver Broncos,,5.5,kalshi,143,—,—,,0,,hit,,,,—,,
2026-10-04T23:00:39.811782+00:00,nfl,2026,4,401872975,4018729752901,3,5:40,B.Purdy pass short right to D.Samuel to DEN 1 for 6 yards (B.Jones; N.Bonitto).,1,7,DEN 7,93,0,San Francisco 49ers,Denver Broncos,3,3,89.5,10.5,136.0,137.0,273.0,158.0,52.0,210.0,game,Spread,San Francisco 49ers,,-5.5,kalshi,-171,—,—,,0,,miss,,,,—,,
2026-10-04T23:00:39.811782+00:00,nfl,2026,4,401872975,4018729752901,3,5:40,B.Purdy pass short right to D.Samuel to DEN 1 for 6 yards (B.Jones; N.Bonitto).,1,7,DEN 7,93,0,San Francisco 49ers,Denver Broncos,3,3,89.5,10.5,136.0,137.0,273.0,158.0,52.0,210.0,game,Total,Over,,28.5,betfair,-130,—,—,,6.0,,miss,,,,—,,
2026-10-04T23:00:39.811782+00:00,nfl,2026,4,401872975,4018729752901,3,5:40,B.Purdy pass short right to D.Samuel to DEN 1 for 6 yards (B.Jones; N.Bonitto).,1,7,DEN 7,93,0,San Francisco 49ers,Denver Broncos,3,3,89.5,10.5,136.0,137.0,273.0,158.0,52.0,210.0,game,Total,Under,,28.5,polymarket,117,—,—,,6.0,,hit,,,,—,,
2026-10-04T23:00:39.811782+00:00,nfl,2026,4,401872975,4018729752901,3,5:40,B.Purdy pass short right to D.Samuel to DEN 1 for 6 yards (B.Jones; N.Bonitto).,1,7,DEN 7,93,0,San Francisco 49ers,Denver Broncos,3,3,89.5,10.5,136.0,137.0,273.0,158.0,52.0,210.0,game,ML,Denver Broncos,,,polymarket,669,—,—,,Loss,,miss,,,,—,,
2026-10-04T23:00:39.811782+00:00,nfl,2026,4,401872975,4018729752901,3,5:40,B.Purdy pass short right to D.Samuel to DEN 1 for 6 yards (B.Jones; N.Bonitto).,1,7,DEN 7,93,0,San Francisco 49ers,Denver Broncos,3,3,89.5,10.5,136.0,137.0,273.0,158.0,52.0,210.0,game,ML,San Francisco 49ers,,,betfair,-787,—,—,,Loss,,miss,,,,—,,
2026-10-04T23:00:39.811782+00:00,nfl,2026,4,401872975,4018729752926,3,5:01,C.McCaffrey up the middle to DEN 1 for no gain (Z.Allen).,2,1,DEN 1,99,0,San Francisco 49ers,Denver Broncos,3,3,89.5,10.5,136.0,137.0,273.0,158.0,52.0,210.0,game,Spread,Denver Broncos,,5.5,kalshi,143,—,—,,0,,hit,,,,—,,
2026-10-04T23:00:39.811782+00:00,nfl,2026,4,401872975,4018729752926,3,5:01,C.McCaffrey up the middle to DEN 1 for no gain (Z.Allen).,2,1,DEN 1,99,0,San Francisco 49ers,Denver Broncos,3,3,89.5,10.5,136.0,137.0,273.0,158.0,52.0,210.0,game,Spread,San Francisco 49ers,,-5.5,kalshi,-171,—,—,,0,,miss,,,,—,,
2026-10-04T23:00:39.811782+00:00,nfl,2026,4,401872975,4018729752926,3,5:01,C.McCaffrey up the middle to DEN 1 for no gain (Z.Allen).,2,1,DEN 1,99,0,San Francisco 49ers,Denver Broncos,3,3,89.5,10.5,136.0,137.0,273.0,158.0,52.0,210.0,game,Total,Over,,28.5,betfair,-130,—,—,,6.0,,miss,,,,—,,
2026-10-04T23:00:39.811782+00:00,nfl,2026,4,401872975,4018729752926,3,5:01,C.McCaffrey up the middle to DEN 1 for no gain (Z.Allen).,2,1,DEN 1,99,0,San Francisco 49ers,Denver Broncos,3,3,89.5,10.5,136.0,137.0,273.0,158.0,52.0,210.0,game,Total,Under,,28.5,polymarket,117,—,—,,6.0,,hit,,,,—,,
2026-10-04T23:00:39.811782+00:00,nfl,2026,4,401872975,4018729752926,3,5:01,C.McCaffrey up the middle to DEN 1 for no gain (Z.Allen).,2,1,DEN 1,99,0,San Francisco 49ers,Denver Broncos,3,3,89.5,10.5,136.0,137.0,273.0,158.0,52.0,210.0,game,ML,Denver Broncos,,,polymarket,669,—,—,,Loss,,miss,,,,—,,
2026-10-04T23:00:39.811782+00:00,nfl,2026,4,401872975,4018729752926,3,5:01,C.McCaffrey up the middle to DEN 1 for no gain (Z.Allen).,2,1,DEN 1,99,0,San Francisco 49ers,Denver Broncos,3,3,89.5,10.5,136.0,137.0,273.0,158.0,52.0,210.0,game,ML,San Francisco 49ers,,,betfair,-787,—,—,,Loss,,miss,,,,—,,
2026-10-04T23:00:39.811782+00:00,nfl,2026,4,401872975,4018729752991,3,4:15,Official Timeout at 04:15.,-1,1,DEN 15,85,7,San Francisco 49ers,Denver Broncos,10,3,89.5,10.5,136.0,137.0,273.0,158.0,52.0,210.0,game,Spread,Denver Broncos,,5.5,kalshi,143,—,—,,+7,,miss,,,,—,,
2026-10-04T23:00:39.811782+00:00,nfl,2026,4,401872975,4018729752991,3,4:15,Official Timeout at 04:15.,-1,1,DEN 15,85,7,San Francisco 49ers,Denver Broncos,10,3,89.5,10.5,136.0,137.0,273.0,158.0,52.0,210.0,game,Spread,San Francisco 49ers,,-5.5,kalshi,-171,—,—,,+7,,hit,,,,—,,
2026-10-04T23:00:39.811782+00:00,nfl,2026,4,401872975,4018729752991,3,4:15,Official Timeout at 04:15.,-1,1,DEN 15,85,7,San Francisco 49ers,Denver Broncos,10,3,89.5,10.5,136.0,137.0,273.0,158.0,52.0,210.0,game,Total,Over,,28.5,betfair,-130,—,—,,13.0,,miss,,,,—,,
2026-10-04T23:00:39.811782+00:00,nfl,2026,4,401872975,4018729752991,3,4:15,Official Timeout at 04:15.,-1,1,DEN 15,85,7,San Francisco 49ers,Denver Broncos,10,3,89.5,10.5,136.0,137.0,273.0,158.0,52.0,210.0,game,Total,Under,,28.5,polymarket,117,—,—,,13.0,,hit,,,,—,,
2026-10-04T23:00:39.811782+00:00,nfl,2026,4,401872975,4018729752991,3,4:15,Official Timeout at 04:15.,-1,1,DEN 15,85,7,San Francisco 49ers,Denver Broncos,10,3,89.5,10.5,136.0,137.0,273.0,158.0,52.0,210.0,game,ML,Denver Broncos,,,polymarket,669,—,—,,Loss,,miss,,,,—,,
2026-10-04T23:00:39.811782+00:00,nfl,2026,4,401872975,4018729752991,3,4:15,Official Timeout at 04:15.,-1,1,DEN 15,85,7,San Francisco 49ers,Denver Broncos,10,3,89.5,10.5,136.0,137.0,273.0,158.0,52.0,210.0,game,ML,San Francisco 49ers,,,betfair,-787,—,—,,Win,,hit,,,,—,,
2026-10-04T23:00:39.811782+00:00,nfl,2026,4,401872975,4018729752957,3,4:15,"B.Purdy pass short left to D.Samuel for 1 yard, TOUCHDOWN. E.Pineiro extra point is GOOD, Center-J.Weeks, Holder-C.Waitman.",3,1,DEN 1,99,7,San Francisco 49ers,Denver Broncos,10,3,89.5,10.5,136.0,137.0,273.0,158.0,52.0,210.0,game,Spread,Denver Broncos,,5.5,kalshi,143,—,—,,+7,,miss,,,,—,,
2026-10-04T23:00:39.811782+00:00,nfl,2026,4,401872975,4018729752957,3,4:15,"B.Purdy pass short left to D.Samuel for 1 yard, TOUCHDOWN. E.Pineiro extra point is GOOD, Center-J.Weeks, Holder-C.Waitman.",3,1,DEN 1,99,7,San Francisco 49ers,Denver Broncos,10,3,89.5,10.5,136.0,137.0,273.0,158.0,52.0,210.0,game,Spread,San Francisco 49ers,,-5.5,kalshi,-171,—,—,,+7,,hit,,,,—,,
2026-10-04T23:00:39.811782+00:00,nfl,2026,4,401872975,4018729752957,3,4:15,"B.Purdy pass short left to D.Samuel for 1 yard, TOUCHDOWN. E.Pineiro extra point is GOOD, Center-J.Weeks, Holder-C.Waitman.",3,1,DEN 1,99,7,San Francisco 49ers,Denver Broncos,10,3,89.5,10.5,136.0,137.0,273.0,158.0,52.0,210.0,game,Total,Over,,28.5,betfair,-130,—,—,,13.0,,miss,,,,—,,
2026-10-04T23:00:39.811782+00:00,nfl,2026,4,401872975,4018729752957,3,4:15,"B.Purdy pass short left to D.Samuel for 1 yard, TOUCHDOWN. E.Pineiro extra point is GOOD, Center-J.Weeks, Holder-C.Waitman.",3,1,DEN 1,99,7,San Francisco 49ers,Denver Broncos,10,3,89.5,10.5,136.0,137.0,273.0,158.0,52.0,210.0,game,Total,Under,,28.5,polymarket,117,—,—,,13.0,,hit,,,,—,,
2026-10-04T23:00:39.811782+00:00,nfl,2026,4,401872975,4018729752957,3,4:15,"B.Purdy pass short left to D.Samuel for 1 yard, TOUCHDOWN. E.Pineiro extra point is GOOD, Center-J.Weeks, Holder-C.Waitman.",3,1,DEN 1,99,7,San Francisco 49ers,Denver Broncos,10,3,89.5,10.5,136.0,137.0,273.0,158.0,52.0,210.0,game,ML,Denver Broncos,,,polymarket,669,—,—,,Loss,,miss,,,,—,,
2026-10-04T23:00:39.811782+00:00,nfl,2026,4,401872975,4018729752957,3,4:15,"B.Purdy pass short left to D.Samuel for 1 yard, TOUCHDOWN. E.Pineiro extra point is GOOD, Center-J.Weeks, Holder-C.Waitman.",3,1,DEN 1,99,7,San Francisco 49ers,Denver Broncos,10,3,89.5,10.5,136.0,137.0,273.0,158.0,52.0,210.0,game,ML,San Francisco 49ers,,,betfair,-787,—,—,,Win,,hit,,,,—,,
2026-10-04T23:00:39.811782+00:00,nfl,2026,4,401872975,4018729752998,3,4:15,"E.Pineiro kicks 61 yards from SF 35 to DEN 4. T.Badie pushed ob at DEN 34 for 30 yards (L.Gifford). ** Injury Update: SF-M.Sigle has returned to the game. PENALTY on DEN-J.Turner, Illegal Block Above the Waist, 10 yards, enforced at DEN 25.",3,1,DEN 26,35,7,San Francisco 49ers,Denver Broncos,10,3,89.5,10.5,136.0,137.0,273.0,158.0,52.0,210.0,game,Spread,Denver Broncos,,5.5,kalshi,143,—,—,,+7,,miss,,,,—,,
2026-10-04T23:00:39.811782+00:00,nfl,2026,4,401872975,4018729752998,3,4:15,"E.Pineiro kicks 61 yards from SF 35 to DEN 4. T.Badie pushed ob at DEN 34 for 30 yards (L.Gifford). ** Injury Update: SF-M.Sigle has returned to the game. PENALTY on DEN-J.Turner, Illegal Block Above the Waist, 10 yards, enforced at DEN 25.",3,1,DEN 26,35,7,San Francisco 49ers,Denver Broncos,10,3,89.5,10.5,136.0,137.0,273.0,158.0,52.0,210.0,game,Spread,San Francisco 49ers,,-5.5,kalshi,-171,—,—,,+7,,hit,,,,—,,
2026-10-04T23:00:39.811782+00:00,nfl,2026,4,401872975,4018729752998,3,4:15,"E.Pineiro kicks 61 yards from SF 35 to DEN 4. T.Badie pushed ob at DEN 34 for 30 yards (L.Gifford). ** Injury Update: SF-M.Sigle has returned to the game. PENALTY on DEN-J.Turner, Illegal Block Above the Waist, 10 yards, enforced at DEN 25.",3,1,DEN 26,35,7,San Francisco 49ers,Denver Broncos,10,3,89.5,10.5,136.0,137.0,273.0,158.0,52.0,210.0,game,Total,Over,,28.5,betfair,-130,—,—,,13.0,,miss,,,,—,,
2026-10-04T23:00:39.811782+00:00,nfl,2026,4,401872975,4018729752998,3,4:15,"E.Pineiro kicks 61 yards from SF 35 to DEN 4. T.Badie pushed ob at DEN 34 for 30 yards (L.Gifford). ** Injury Update: SF-M.Sigle has returned to the game. PENALTY on DEN-J.Turner, Illegal Block Above the Waist, 10 yards, enforced at DEN 25.",3,1,DEN 26,35,7,San Francisco 49ers,Denver Broncos,10,3,89.5,10.5,136.0,137.0,273.0,158.0,52.0,210.0,game,Total,Under,,28.5,polymarket,117,—,—,,13.0,,hit,,,,—,,
2026-10-04T23:00:39.811782+00:00,nfl,2026,4,401872975,4018729752998,3,4:15,"E.Pineiro kicks 61 yards from SF 35 to DEN 4. T.Badie pushed ob at DEN 34 for 30 yards (L.Gifford). ** Injury Update: SF-M.Sigle has returned to the game. PENALTY on DEN-J.Turner, Illegal Block Above the Waist, 10 yards, enforced at DEN 25.",3,1,DEN 26,35,7,San Francisco 49ers,Denver Broncos,10,3,89.5,10.5,136.0,137.0,273.0,158.0,52.0,210.0,game,ML,Denver Broncos,,,polymarket,669,—,—,,Loss,,miss,,,,—,,
2026-10-04T23:00:39.811782+00:00,nfl,2026,4,401872975,4018729752998,3,4:15,"E.Pineiro kicks 61 yards from SF 35 to DEN 4. T.Badie pushed ob at DEN 34 for 30 yards (L.Gifford). ** Injury Update: SF-M.Sigle has returned to the game. PENALTY on DEN-J.Turner, Illegal Block Above the Waist, 10 yards, enforced at DEN 25.",3,1,DEN 26,35,7,San Francisco 49ers,Denver Broncos,10,3,89.5,10.5,136.0,137.0,273.0,158.0,52.0,210.0,game,ML,San Francisco 49ers,,,betfair,-787,—,—,,Win,,hit,,,,—,,
2026-10-04T23:00:39.811782+00:00,nfl,2026,4,401872975,4018729753049,3,4:08,R.Harvey right guard to DEN 15 for no gain (D.Greenlaw).,1,10,DEN 15,85,7,San Francisco 49ers,Denver Broncos,10,3,89.5,10.5,136.0,137.0,273.0,158.0,52.0,210.0,game,Spread,Denver Broncos,,5.5,kalshi,143,—,—,,+7,,miss,,,,—,,
2026-10-04T23:00:39.811782+00:00,nfl,2026,4,401872975,4018729753049,3,4:08,R.Harvey right guard to DEN 15 for no gain (D.Greenlaw).,1,10,DEN 15,85,7,San Francisco 49ers,Denver Broncos,10,3,89.5,10.5,136.0,137.0,273.0,158.0,52.0,210.0,game,Spread,San Francisco 49ers,,-5.5,kalshi,-171,—,—,,+7,,hit,,,,—,,
2026-10-04T23:00:39.811782+00:00,nfl,2026,4,401872975,4018729753049,3,4:08,R.Harvey right guard to DEN 15 for no gain (D.Greenlaw).,1,10,DEN 15,85,7,San Francisco 49ers,Denver Broncos,10,3,89.5,10.5,136.0,137.0,273.0,158.0,52.0,210.0,game,Total,Over,,28.5,betfair,-130,—,—,,13.0,,miss,,,,—,,
2026-10-04T23:00:39.811782+00:00,nfl,2026,4,401872975,4018729753049,3,4:08,R.Harvey right guard to DEN 15 for no gain (D.Greenlaw).,1,10,DEN 15,85,7,San Francisco 49ers,Denver Broncos,10,3,89.5,10.5,136.0,137.0,273.0,158.0,52.0,210.0,game,Total,Under,,28.5,polymarket,117,—,—,,13.0,,hit,,,,—,,
2026-10-04T23:00:39.811782+00:00,nfl,2026,4,401872975,4018729753049,3,4:08,R.Harvey right guard to DEN 15 for no gain (D.Greenlaw).,1,10,DEN 15,85,7,San Francisco 49ers,Denver Broncos,10,3,89.5,10.5,136.0,137.0,273.0,158.0,52.0,210.0,game,ML,Denver Broncos,,,polymarket,669,—,—,,Loss,,miss,,,,—,,
2026-10-04T23:00:39.811782+00:00,nfl,2026,4,401872975,4018729753049,3,4:08,R.Harvey right guard to DEN 15 for no gain (D.Greenlaw).,1,10,DEN 15,85,7,San Francisco 49ers,Denver Broncos,10,3,89.5,10.5,136.0,137.0,273.0,158.0,52.0,210.0,game,ML,San Francisco 49ers,,,betfair,-787,—,—,,Win,,hit,,,,—,,
2026-10-04T23:00:39.811782+00:00,nfl,2026,4,401872975,4018729753079,3,3:29,(Shotgun) R.Harvey left guard to DEN 19 for 4 yards (D.Greenlaw).,2,10,DEN 15,85,7,San Francisco 49ers,Denver Broncos,10,3,89.5,10.5,136.0,137.0,273.0,158.0,52.0,210.0,game,Spread,Denver Broncos,,5.5,kalshi,143,—,—,,+7,,miss,,,,—,,
2026-10-04T23:00:39.811782+00:00,nfl,2026,4,401872975,4018729753079,3,3:29,(Shotgun) R.Harvey left guard to DEN 19 for 4 yards (D.Greenlaw).,2,10,DEN 15,85,7,San Francisco 49ers,Denver Broncos,10,3,89.5,10.5,136.0,137.0,273.0,158.0,52.0,210.0,game,Spread,San Francisco 49ers,,-5.5,kalshi,-171,—,—,,+7,,hit,,,,—,,
2026-10-04T23:00:39.811782+00:00,nfl,2026,4,401872975,4018729753079,3,3:29,(Shotgun) R.Harvey left guard to DEN 19 for 4 yards (D.Greenlaw).,2,10,DEN 15,85,7,San Francisco 49ers,Denver Broncos,10,3,89.5,10.5,136.0,137.0,273.0,158.0,52.0,210.0,game,Total,Over,,28.5,betfair,-130,—,—,,13.0,,miss,,,,—,,
2026-10-04T23:00:39.811782+00:00,nfl,2026,4,401872975,4018729753079,3,3:29,(Shotgun) R.Harvey left guard to DEN 19 for 4 yards (D.Greenlaw).,2,10,DEN 15,85,7,San Francisco 49ers,Denver Broncos,10,3,89.5,10.5,136.0,137.0,273.0,158.0,52.0,210.0,game,Total,Under,,28.5,polymarket,117,—,—,,13.0,,hit,,,,—,,
2026-10-04T23:00:39.811782+00:00,nfl,2026,4,401872975,4018729753079,3,3:29,(Shotgun) R.Harvey left guard to DEN 19 for 4 yards (D.Greenlaw).,2,10,DEN 15,85,7,San Francisco 49ers,Denver Broncos,10,3,89.5,10.5,136.0,137.0,273.0,158.0,52.0,210.0,game,ML,Denver Broncos,,,polymarket,669,—,—,,Loss,,miss,,,,—,,
2026-10-04T23:00:39.811782+00:00,nfl,2026,4,401872975,4018729753079,3,3:29,(Shotgun) R.Harvey left guard to DEN 19 for 4 yards (D.Greenlaw).,2,10,DEN 15,85,7,San Francisco 49ers,Denver Broncos,10,3,89.5,10.5,136.0,137.0,273.0,158.0,52.0,210.0,game,ML,San Francisco 49ers,,,betfair,-787,—,—,,Win,,hit,,,,—,,
2026-10-04T23:00:39.811782+00:00,nfl,2026,4,401872975,4018729753101,3,2:48,(Shotgun) B.Nix pass deep right to P.Bryant to DEN 49 for 30 yards (J.Brown; D.Lenoir). DEN-P.Bryant was injured during the play.,3,6,DEN 19,81,7,San Francisco 49ers,Denver Broncos,10,3,89.5,10.5,136.0,137.0,273.0,158.0,52.0,210.0,game,Spread,Denver Broncos,,5.5,kalshi,143,—,—,,+7,,miss,,,,—,,
2026-10-04T23:00:39.811782+00:00,nfl,2026,4,401872975,4018729753101,3,2:48,(Shotgun) B.Nix pass deep right to P.Bryant to DEN 49 for 30 yards (J.Brown; D.Lenoir). DEN-P.Bryant was injured during the play.,3,6,DEN 19,81,7,San Francisco 49ers,Denver Broncos,10,3,89.5,10.5,136.0,137.0,273.0,158.0,52.0,210.0,game,Spread,San Francisco 49ers,,-5.5,kalshi,-171,—,—,,+7,,hit,,,,—,,
2026-10-04T23:00:39.811782+00:00,nfl,2026,4,401872975,4018729753101,3,2:48,(Shotgun) B.Nix pass deep right to P.Bryant to DEN 49 for 30 yards (J.Brown; D.Lenoir). DEN-P.Bryant was injured during the play.,3,6,DEN 19,81,7,San Francisco 49ers,Denver Broncos,10,3,89.5,10.5,136.0,137.0,273.0,158.0,52.0,210.0,game,Total,Over,,28.5,betfair,-130,—,—,,13.0,,miss,,,,—,,
2026-10-04T23:00:39.811782+00:00,nfl,2026,4,401872975,4018729753101,3,2:48,(Shotgun) B.Nix pass deep right to P.Bryant to DEN 49 for 30 yards (J.Brown; D.Lenoir). DEN-P.Bryant was injured during the play.,3,6,DEN 19,81,7,San Francisco 49ers,Denver Broncos,10,3,89.5,10.5,136.0,137.0,273.0,158.0,52.0,210.0,game,Total,Under,,28.5,polymarket,117,—,—,,13.0,,hit,,,,—,,
2026-10-04T23:00:39.811782+00:00,nfl,2026,4,401872975,4018729753101,3,2:48,(Shotgun) B.Nix pass deep right to P.Bryant to DEN 49 for 30 yards (J.Brown; D.Lenoir). DEN-P.Bryant was injured during the play.,3,6,DEN 19,81,7,San Francisco 49ers,Denver Broncos,10,3,89.5,10.5,136.0,137.0,273.0,158.0,52.0,210.0,game,ML,Denver Broncos,,,polymarket,669,—,—,,Loss,,miss,,,,—,,
2026-10-04T23:00:39.811782+00:00,nfl,2026,4,401872975,4018729753101,3,2:48,(Shotgun) B.Nix pass deep right to P.Bryant to DEN 49 for 30 yards (J.Brown; D.Lenoir). DEN-P.Bryant was injured during the play.,3,6,DEN 19,81,7,San Francisco 49ers,Denver Broncos,10,3,89.5,10.5,136.0,137.0,273.0,158.0,52.0,210.0,game,ML,San Francisco 49ers,,,betfair,-787,—,—,,Win,,hit,,,,—,,
2026-10-04T23:00:39.811782+00:00,nfl,2026,4,401872975,4018729753115,3,2:28,Official Timeout at 02:28.,1,10,50,50,7,San Francisco 49ers,Denver Broncos,10,3,89.5,10.5,136.0,137.0,273.0,158.0,52.0,210.0,game,Spread,Denver Broncos,,5.5,kalshi,143,—,—,,+7,,miss,,,,—,,
2026-10-04T23:00:39.811782+00:00,nfl,2026,4,401872975,4018729753115,3,2:28,Official Timeout at 02:28.,1,10,50,50,7,San Francisco 49ers,Denver Broncos,10,3,89.5,10.5,136.0,137.0,273.0,158.0,52.0,210.0,game,Spread,San Francisco 49ers,,-5.5,kalshi,-171,—,—,,+7,,hit,,,,—,,
2026-10-04T23:00:39.811782+00:00,nfl,2026,4,401872975,4018729753115,3,2:28,Official Timeout at 02:28.,1,10,50,50,7,San Francisco 49ers,Denver Broncos,10,3,89.5,10.5,136.0,137.0,273.0,158.0,52.0,210.0,game,Total,Over,,28.5,betfair,-130,—,—,,13.0,,miss,,,,—,,
2026-10-04T23:00:39.811782+00:00,nfl,2026,4,401872975,4018729753115,3,2:28,Official Timeout at 02:28.,1,10,50,50,7,San Francisco 49ers,Denver Broncos,10,3,89.5,10.5,136.0,137.0,273.0,158.0,52.0,210.0,game,Total,Under,,28.5,polymarket,117,—,—,,13.0,,hit,,,,—,,
2026-10-04T23:00:39.811782+00:00,nfl,2026,4,401872975,4018729753115,3,2:28,Official Timeout at 02:28.,1,10,50,50,7,San Francisco 49ers,Denver Broncos,10,3,89.5,10.5,136.0,137.0,273.0,158.0,52.0,210.0,game,ML,Denver Broncos,,,polymarket,669,—,—,,Loss,,miss,,,,—,,
2026-10-04T23:00:39.811782+00:00,nfl,2026,4,401872975,4018729753115,3,2:28,Official Timeout at 02:28.,1,10,50,50,7,San Francisco 49ers,Denver Broncos,10,3,89.5,10.5,136.0,137.0,273.0,158.0,52.0,210.0,game,ML,San Francisco 49ers,,,betfair,-787,—,—,,Win,,hit,,,,—,,
2026-10-04T23:00:39.811782+00:00,nfl,2026,4,401872975,4018729753129,3,2:07,A.Palczewski reported in as eligible.  B.Nix pass short right to R.Harvey to SF 42 for 9 yards (J.Brown).,1,10,DEN 49,51,7,San Francisco 49ers,Denver Broncos,10,3,89.5,10.5,136.0,137.0,273.0,158.0,52.0,210.0,game,Spread,Denver Broncos,,5.5,kalshi,143,—,—,,+7,,miss,,,,—,,
2026-10-04T23:00:39.811782+00:00,nfl,2026,4,401872975,4018729753129,3,2:07,A.Palczewski reported in as eligible.  B.Nix pass short right to R.Harvey to SF 42 for 9 yards (J.Brown).,1,10,DEN 49,51,7,San Francisco 49ers,Denver Broncos,10,3,89.5,10.5,136.0,137.0,273.0,158.0,52.0,210.0,game,Spread,San Francisco 49ers,,-5.5,kalshi,-171,—,—,,+7,,hit,,,,—,,
2026-10-04T23:00:39.811782+00:00,nfl,2026,4,401872975,4018729753129,3,2:07,A.Palczewski reported in as eligible.  B.Nix pass short right to R.Harvey to SF 42 for 9 yards (J.Brown).,1,10,DEN 49,51,7,San Francisco 49ers,Denver Broncos,10,3,89.5,10.5,136.0,137.0,273.0,158.0,52.0,210.0,game,Total,Over,,28.5,betfair,-130,—,—,,13.0,,miss,,,,—,,
2026-10-04T23:00:39.811782+00:00,nfl,2026,4,401872975,4018729753129,3,2:07,A.Palczewski reported in as eligible.  B.Nix pass short right to R.Harvey to SF 42 for 9 yards (J.Brown).,1,10,DEN 49,51,7,San Francisco 49ers,Denver Broncos,10,3,89.5,10.5,136.0,137.0,273.0,158.0,52.0,210.0,game,Total,Under,,28.5,polymarket,117,—,—,,13.0,,hit,,,,—,,
2026-10-04T23:00:39.811782+00:00,nfl,2026,4,401872975,4018729753129,3,2:07,A.Palczewski reported in as eligible.  B.Nix pass short right to R.Harvey to SF 42 for 9 yards (J.Brown).,1,10,DEN 49,51,7,San Francisco 49ers,Denver Broncos,10,3,89.5,10.5,136.0,137.0,273.0,158.0,52.0,210.0,game,ML,Denver Broncos,,,polymarket,669,—,—,,Loss,,miss,,,,—,,
2026-10-04T23:00:39.811782+00:00,nfl,2026,4,401872975,4018729753129,3,2:07,A.Palczewski reported in as eligible.  B.Nix pass short right to R.Harvey to SF 42 for 9 yards (J.Brown).,1,10,DEN 49,51,7,San Francisco 49ers,Denver Broncos,10,3,89.5,10.5,136.0,137.0,273.0,158.0,52.0,210.0,game,ML,San Francisco 49ers,,,betfair,-787,—,—,,Win,,hit,,,,—,,
2026-10-04T23:00:39.811782+00:00,nfl,2026,4,401872975,4018729753163,3,1:23,R.Harvey up the middle to SF 40 for 2 yards (S.Valdez; D.Greenlaw).,2,1,SF 42,42,7,San Francisco 49ers,Denver Broncos,10,3,89.5,10.5,136.0,137.0,273.0,158.0,52.0,210.0,game,Spread,Denver Broncos,,5.5,kalshi,143,—,—,,+7,,miss,,,,—,,
2026-10-04T23:00:39.811782+00:00,nfl,2026,4,401872975,4018729753163,3,1:23,R.Harvey up the middle to SF 40 for 2 yards (S.Valdez; D.Greenlaw).,2,1,SF 42,42,7,San Francisco 49ers,Denver Broncos,10,3,89.5,10.5,136.0,137.0,273.0,158.0,52.0,210.0,game,Spread,San Francisco 49ers,,-5.5,kalshi,-171,—,—,,+7,,hit,,,,—,,
2026-10-04T23:00:39.811782+00:00,nfl,2026,4,401872975,4018729753163,3,1:23,R.Harvey up the middle to SF 40 for 2 yards (S.Valdez; D.Greenlaw).,2,1,SF 42,42,7,San Francisco 49ers,Denver Broncos,10,3,89.5,10.5,136.0,137.0,273.0,158.0,52.0,210.0,game,Total,Over,,28.5,betfair,-130,—,—,,13.0,,miss,,,,—,,
2026-10-04T23:00:39.811782+00:00,nfl,2026,4,401872975,4018729753163,3,1:23,R.Harvey up the middle to SF 40 for 2 yards (S.Valdez; D.Greenlaw).,2,1,SF 42,42,7,San Francisco 49ers,Denver Broncos,10,3,89.5,10.5,136.0,137.0,273.0,158.0,52.0,210.0,game,Total,Under,,28.5,polymarket,117,—,—,,13.0,,hit,,,,—,,
2026-10-04T23:00:39.811782+00:00,nfl,2026,4,401872975,4018729753163,3,1:23,R.Harvey up the middle to SF 40 for 2 yards (S.Valdez; D.Greenlaw).,2,1,SF 42,42,7,San Francisco 49ers,Denver Broncos,10,3,89.5,10.5,136.0,137.0,273.0,158.0,52.0,210.0,game,ML,Denver Broncos,,,polymarket,669,—,—,,Loss,,miss,,,,—,,
2026-10-04T23:00:39.811782+00:00,nfl,2026,4,401872975,4018729753163,3,1:23,R.Harvey up the middle to SF 40 for 2 yards (S.Valdez; D.Greenlaw).,2,1,SF 42,42,7,San Francisco 49ers,Denver Broncos,10,3,89.5,10.5,136.0,137.0,273.0,158.0,52.0,210.0,game,ML,San Francisco 49ers,,,betfair,-787,—,—,,Win,,hit,,,,—,,
2026-10-04T23:00:39.811782+00:00,nfl,2026,4,401872975,4018729753185,3,0:42,J.Dobbins right tackle to SF 37 for 3 yards (G.Halton; K.Kareem).,1,10,SF 40,40,7,San Francisco 49ers,Denver Broncos,10,3,89.5,10.5,136.0,137.0,273.0,158.0,52.0,210.0,game,Spread,Denver Broncos,,5.5,kalshi,143,—,—,,+7,,miss,,,,—,,
2026-10-04T23:00:39.811782+00:00,nfl,2026,4,401872975,4018729753185,3,0:42,J.Dobbins right tackle to SF 37 for 3 yards (G.Halton; K.Kareem).,1,10,SF 40,40,7,San Francisco 49ers,Denver Broncos,10,3,89.5,10.5,136.0,137.0,273.0,158.0,52.0,210.0,game,Spread,San Francisco 49ers,,-5.5,kalshi,-171,—,—,,+7,,hit,,,,—,,
2026-10-04T23:00:39.811782+00:00,nfl,2026,4,401872975,4018729753185,3,0:42,J.Dobbins right tackle to SF 37 for 3 yards (G.Halton; K.Kareem).,1,10,SF 40,40,7,San Francisco 49ers,Denver Broncos,10,3,89.5,10.5,136.0,137.0,273.0,158.0,52.0,210.0,game,Total,Over,,28.5,betfair,-130,—,—,,13.0,,miss,,,,—,,
2026-10-04T23:00:39.811782+00:00,nfl,2026,4,401872975,4018729753185,3,0:42,J.Dobbins right tackle to SF 37 for 3 yards (G.Halton; K.Kareem).,1,10,SF 40,40,7,San Francisco 49ers,Denver Broncos,10,3,89.5,10.5,136.0,137.0,273.0,158.0,52.0,210.0,game,Total,Under,,28.5,polymarket,117,—,—,,13.0,,hit,,,,—,,
2026-10-04T23:00:39.811782+00:00,nfl,2026,4,401872975,4018729753185,3,0:42,J.Dobbins right tackle to SF 37 for 3 yards (G.Halton; K.Kareem).,1,10,SF 40,40,7,San Francisco 49ers,Denver Broncos,10,3,89.5,10.5,136.0,137.0,273.0,158.0,52.0,210.0,game,ML,Denver Broncos,,,polymarket,669,—,—,,Loss,,miss,,,,—,,
2026-10-04T23:00:39.811782+00:00,nfl,2026,4,401872975,4018729753185,3,0:42,J.Dobbins right tackle to SF 37 for 3 yards (G.Halton; K.Kareem).,1,10,SF 40,40,7,San Francisco 49ers,Denver Broncos,10,3,89.5,10.5,136.0,137.0,273.0,158.0,52.0,210.0,game,ML,San Francisco 49ers,,,betfair,-787,—,—,,Win,,hit,,,,—,,
2026-10-04T23:00:39.811782+00:00,nfl,2026,4,401872975,4018729753207,3,0:02,(Shotgun) B.Nix pass short left to J.Dobbins to SF 30 for 7 yards (U.Stout).,2,7,SF 37,37,7,San Francisco 49ers,Denver Broncos,10,3,89.5,10.5,136.0,137.0,273.0,158.0,52.0,210.0,game,Spread,Denver Broncos,,5.5,kalshi,143,—,—,,+7,,miss,,,,—,,
2026-10-04T23:00:39.811782+00:00,nfl,2026,4,401872975,4018729753207,3,0:02,(Shotgun) B.Nix pass short left to J.Dobbins to SF 30 for 7 yards (U.Stout).,2,7,SF 37,37,7,San Francisco 49ers,Denver Broncos,10,3,89.5,10.5,136.0,137.0,273.0,158.0,52.0,210.0,game,Spread,San Francisco 49ers,,-5.5,kalshi,-171,—,—,,+7,,hit,,,,—,,
2026-10-04T23:00:39.811782+00:00,nfl,2026,4,401872975,4018729753207,3,0:02,(Shotgun) B.Nix pass short left to J.Dobbins to SF 30 for 7 yards (U.Stout).,2,7,SF 37,37,7,San Francisco 49ers,Denver Broncos,10,3,89.5,10.5,136.0,137.0,273.0,158.0,52.0,210.0,game,Total,Over,,28.5,betfair,-130,—,—,,13.0,,miss,,,,—,,
2026-10-04T23:00:39.811782+00:00,nfl,2026,4,401872975,4018729753207,3,0:02,(Shotgun) B.Nix pass short left to J.Dobbins to SF 30 for 7 yards (U.Stout).,2,7,SF 37,37,7,San Francisco 49ers,Denver Broncos,10,3,89.5,10.5,136.0,137.0,273.0,158.0,52.0,210.0,game,Total,Under,,28.5,polymarket,117,—,—,,13.0,,hit,,,,—,,
2026-10-04T23:00:39.811782+00:00,nfl,2026,4,401872975,4018729753207,3,0:02,(Shotgun) B.Nix pass short left to J.Dobbins to SF 30 for 7 yards (U.Stout).,2,7,SF 37,37,7,San Francisco 49ers,Denver Broncos,10,3,89.5,10.5,136.0,137.0,273.0,158.0,52.0,210.0,game,ML,Denver Broncos,,,polymarket,669,—,—,,Loss,,miss,,,,—,,
2026-10-04T23:00:39.811782+00:00,nfl,2026,4,401872975,4018729753207,3,0:02,(Shotgun) B.Nix pass short left to J.Dobbins to SF 30 for 7 yards (U.Stout).,2,7,SF 37,37,7,San Francisco 49ers,Denver Broncos,10,3,89.5,10.5,136.0,137.0,273.0,158.0,52.0,210.0,game,ML,San Francisco 49ers,,,betfair,-787,—,—,,Win,,hit,,,,—,,
2026-10-04T23:00:39.811782+00:00,nfl,2026,4,401872975,4018729753232,3,0:00,END QUARTER 3,1,10,DEN 26,30,7,San Francisco 49ers,Denver Broncos,10,3,89.5,10.5,136.0,137.0,273.0,158.0,52.0,210.0,game,Spread,Denver Broncos,,5.5,kalshi,143,—,—,,+7,,miss,,,,—,,
2026-10-04T23:00:39.811782+00:00,nfl,2026,4,401872975,4018729753232,3,0:00,END QUARTER 3,1,10,DEN 26,30,7,San Francisco 49ers,Denver Broncos,10,3,89.5,10.5,136.0,137.0,273.0,158.0,52.0,210.0,game,Spread,San Francisco 49ers,,-5.5,kalshi,-171,—,—,,+7,,hit,,,,—,,
2026-10-04T23:00:39.811782+00:00,nfl,2026,4,401872975,4018729753232,3,0:00,END QUARTER 3,1,10,DEN 26,30,7,San Francisco 49ers,Denver Broncos,10,3,89.5,10.5,136.0,137.0,273.0,158.0,52.0,210.0,game,Total,Over,,28.5,betfair,-130,—,—,,13.0,,miss,,,,—,,
2026-10-04T23:00:39.811782+00:00,nfl,2026,4,401872975,4018729753232,3,0:00,END QUARTER 3,1,10,DEN 26,30,7,San Francisco 49ers,Denver Broncos,10,3,89.5,10.5,136.0,137.0,273.0,158.0,52.0,210.0,game,Total,Under,,28.5,polymarket,117,—,—,,13.0,,hit,,,,—,,
2026-10-04T23:00:39.811782+00:00,nfl,2026,4,401872975,4018729753232,3,0:00,END QUARTER 3,1,10,DEN 26,30,7,San Francisco 49ers,Denver Broncos,10,3,89.5,10.5,136.0,137.0,273.0,158.0,52.0,210.0,game,ML,Denver Broncos,,,polymarket,669,—,—,,Loss,,miss,,,,—,,
2026-10-04T23:00:39.811782+00:00,nfl,2026,4,401872975,4018729753232,3,0:00,END QUARTER 3,1,10,DEN 26,30,7,San Francisco 49ers,Denver Broncos,10,3,89.5,10.5,136.0,137.0,273.0,158.0,52.0,210.0,game,ML,San Francisco 49ers,,,betfair,-787,—,—,,Win,,hit,,,,—,,
2026-10-04T23:00:39.811782+00:00,nfl,2026,4,401872975,4018729753252,4,15:00,B.Nix pass incomplete short right [S.Valdez].,1,10,SF 30,30,7,San Francisco 49ers,Denver Broncos,10,3,89.5,10.5,136.0,137.0,273.0,158.0,52.0,210.0,game,Spread,Denver Broncos,,5.5,kalshi,143,—,—,,+7,,miss,,,,—,,
2026-10-04T23:00:39.811782+00:00,nfl,2026,4,401872975,4018729753252,4,15:00,B.Nix pass incomplete short right [S.Valdez].,1,10,SF 30,30,7,San Francisco 49ers,Denver Broncos,10,3,89.5,10.5,136.0,137.0,273.0,158.0,52.0,210.0,game,Spread,San Francisco 49ers,,-5.5,kalshi,-171,—,—,,+7,,hit,,,,—,,
2026-10-04T23:00:39.811782+00:00,nfl,2026,4,401872975,4018729753252,4,15:00,B.Nix pass incomplete short right [S.Valdez].,1,10,SF 30,30,7,San Francisco 49ers,Denver Broncos,10,3,89.5,10.5,136.0,137.0,273.0,158.0,52.0,210.0,game,Total,Over,,28.5,betfair,-130,—,—,,13.0,,miss,,,,—,,
2026-10-04T23:00:39.811782+00:00,nfl,2026,4,401872975,4018729753252,4,15:00,B.Nix pass incomplete short right [S.Valdez].,1,10,SF 30,30,7,San Francisco 49ers,Denver Broncos,10,3,89.5,10.5,136.0,137.0,273.0,158.0,52.0,210.0,game,Total,Under,,28.5,polymarket,117,—,—,,13.0,,hit,,,,—,,
2026-10-04T23:00:39.811782+00:00,nfl,2026,4,401872975,4018729753252,4,15:00,B.Nix pass incomplete short right [S.Valdez].,1,10,SF 30,30,7,San Francisco 49ers,Denver Broncos,10,3,89.5,10.5,136.0,137.0,273.0,158.0,52.0,210.0,game,ML,Denver Broncos,,,polymarket,669,—,—,,Loss,,miss,,,,—,,
2026-10-04T23:00:39.811782+00:00,nfl,2026,4,401872975,4018729753252,4,15:00,B.Nix pass incomplete short right [S.Valdez].,1,10,SF 30,30,7,San Francisco 49ers,Denver Broncos,10,3,89.5,10.5,136.0,137.0,273.0,158.0,52.0,210.0,game,ML,San Francisco 49ers,,,betfair,-787,—,—,,Win,,hit,,,,—,,
2026-10-04T23:00:39.811782+00:00,nfl,2026,4,401872975,4018729753275,4,14:56,(Shotgun) B.Nix pass incomplete short right to M.Mims.,2,10,SF 30,30,7,San Francisco 49ers,Denver Broncos,10,3,89.5,10.5,136.0,137.0,273.0,158.0,52.0,210.0,game,Spread,Denver Broncos,,5.5,kalshi,143,—,—,,+7,,miss,,,,—,,
2026-10-04T23:00:39.811782+00:00,nfl,2026,4,401872975,4018729753275,4,14:56,(Shotgun) B.Nix pass incomplete short right to M.Mims.,2,10,SF 30,30,7,San Francisco 49ers,Denver Broncos,10,3,89.5,10.5,136.0,137.0,273.0,158.0,52.0,210.0,game,Spread,San Francisco 49ers,,-5.5,kalshi,-171,—,—,,+7,,hit,,,,—,,
2026-10-04T23:00:39.811782+00:00,nfl,2026,4,401872975,4018729753275,4,14:56,(Shotgun) B.Nix pass incomplete short right to M.Mims.,2,10,SF 30,30,7,San Francisco 49ers,Denver Broncos,10,3,89.5,10.5,136.0,137.0,273.0,158.0,52.0,210.0,game,Total,Over,,28.5,betfair,-130,—,—,,13.0,,miss,,,,—,,
2026-10-04T23:00:39.811782+00:00,nfl,2026,4,401872975,4018729753275,4,14:56,(Shotgun) B.Nix pass incomplete short right to M.Mims.,2,10,SF 30,30,7,San Francisco 49ers,Denver Broncos,10,3,89.5,10.5,136.0,137.0,273.0,158.0,52.0,210.0,game,Total,Under,,28.5,polymarket,117,—,—,,13.0,,hit,,,,—,,
2026-10-04T23:00:39.811782+00:00,nfl,2026,4,401872975,4018729753275,4,14:56,(Shotgun) B.Nix pass incomplete short right to M.Mims.,2,10,SF 30,30,7,San Francisco 49ers,Denver Broncos,10,3,89.5,10.5,136.0,137.0,273.0,158.0,52.0,210.0,game,ML,Denver Broncos,,,polymarket,669,—,—,,Loss,,miss,,,,—,,
2026-10-04T23:00:39.811782+00:00,nfl,2026,4,401872975,4018729753275,4,14:56,(Shotgun) B.Nix pass incomplete short right to M.Mims.,2,10,SF 30,30,7,San Francisco 49ers,Denver Broncos,10,3,89.5,10.5,136.0,137.0,273.0,158.0,52.0,210.0,game,ML,San Francisco 49ers,,,betfair,-787,—,—,,Win,,hit,,,,—,,
2026-10-04T23:00:39.811782+00:00,nfl,2026,4,401872975,4018729753298,4,14:53, (Shotgun) B.Nix pass short right to R.Harvey pushed ob at SF 22 for 8 yards (D.Greenlaw).,3,10,SF 30,30,7,San Francisco 49ers,Denver Broncos,10,3,89.5,10.5,136.0,137.0,273.0,158.0,52.0,210.0,game,Spread,Denver Broncos,,5.5,kalshi,143,—,—,,+7,,miss,,,,—,,
2026-10-04T23:00:39.811782+00:00,nfl,2026,4,401872975,4018729753298,4,14:53, (Shotgun) B.Nix pass short right to R.Harvey pushed ob at SF 22 for 8 yards (D.Greenlaw).,3,10,SF 30,30,7,San Francisco 49ers,Denver Broncos,10,3,89.5,10.5,136.0,137.0,273.0,158.0,52.0,210.0,game,Spread,San Francisco 49ers,,-5.5,kalshi,-171,—,—,,+7,,hit,,,,—,,
2026-10-04T23:00:39.811782+00:00,nfl,2026,4,401872975,4018729753298,4,14:53, (Shotgun) B.Nix pass short right to R.Harvey pushed ob at SF 22 for 8 yards (D.Greenlaw).,3,10,SF 30,30,7,San Francisco 49ers,Denver Broncos,10,3,89.5,10.5,136.0,137.0,273.0,158.0,52.0,210.0,game,Total,Over,,28.5,betfair,-130,—,—,,13.0,,miss,,,,—,,
2026-10-04T23:00:39.811782+00:00,nfl,2026,4,401872975,4018729753298,4,14:53, (Shotgun) B.Nix pass short right to R.Harvey pushed ob at SF 22 for 8 yards (D.Greenlaw).,3,10,SF 30,30,7,San Francisco 49ers,Denver Broncos,10,3,89.5,10.5,136.0,137.0,273.0,158.0,52.0,210.0,game,Total,Under,,28.5,polymarket,117,—,—,,13.0,,hit,,,,—,,
2026-10-04T23:00:39.811782+00:00,nfl,2026,4,401872975,4018729753298,4,14:53, (Shotgun) B.Nix pass short right to R.Harvey pushed ob at SF 22 for 8 yards (D.Greenlaw).,3,10,SF 30,30,7,San Francisco 49ers,Denver Broncos,10,3,89.5,10.5,136.0,137.0,273.0,158.0,52.0,210.0,game,ML,Denver Broncos,,,polymarket,669,—,—,,Loss,,miss,,,,—,,
2026-10-04T23:00:39.811782+00:00,nfl,2026,4,401872975,4018729753298,4,14:53, (Shotgun) B.Nix pass short right to R.Harvey pushed ob at SF 22 for 8 yards (D.Greenlaw).,3,10,SF 30,30,7,San Francisco 49ers,Denver Broncos,10,3,89.5,10.5,136.0,137.0,273.0,158.0,52.0,210.0,game,ML,San Francisco 49ers,,,betfair,-787,—,—,,Win,,hit,,,,—,,
2026-10-04T23:00:39.811782+00:00,nfl,2026,4,401872975,4018729753328,4,14:08," W.Lutz 40 yard field goal is GOOD, Center-M.Fraboni, Holder-J.Crawshaw.",4,2,SF 22,22,4,San Francisco 49ers,Denver Broncos,10,6,89.5,10.5,136.0,137.0,273.0,158.0,52.0,210.0,game,Spread,Denver Broncos,,5.5,kalshi,143,—,—,,+4,,hit,,,,—,,
2026-10-04T23:00:39.811782+00:00,nfl,2026,4,401872975,4018729753328,4,14:08," W.Lutz 40 yard field goal is GOOD, Center-M.Fraboni, Holder-J.Crawshaw.",4,2,SF 22,22,4,San Francisco 49ers,Denver Broncos,10,6,89.5,10.5,136.0,137.0,273.0,158.0,52.0,210.0,game,Spread,San Francisco 49ers,,-5.5,kalshi,-171,—,—,,+4,,miss,,,,—,,
2026-10-04T23:00:39.811782+00:00,nfl,2026,4,401872975,4018729753328,4,14:08," W.Lutz 40 yard field goal is GOOD, Center-M.Fraboni, Holder-J.Crawshaw.",4,2,SF 22,22,4,San Francisco 49ers,Denver Broncos,10,6,89.5,10.5,136.0,137.0,273.0,158.0,52.0,210.0,game,Total,Over,,28.5,betfair,-130,—,—,,16.0,,miss,,,,—,,
2026-10-04T23:00:39.811782+00:00,nfl,2026,4,401872975,4018729753328,4,14:08," W.Lutz 40 yard field goal is GOOD, Center-M.Fraboni, Holder-J.Crawshaw.",4,2,SF 22,22,4,San Francisco 49ers,Denver Broncos,10,6,89.5,10.5,136.0,137.0,273.0,158.0,52.0,210.0,game,Total,Under,,28.5,polymarket,117,—,—,,16.0,,hit,,,,—,,
2026-10-04T23:00:39.811782+00:00,nfl,2026,4,401872975,4018729753328,4,14:08," W.Lutz 40 yard field goal is GOOD, Center-M.Fraboni, Holder-J.Crawshaw.",4,2,SF 22,22,4,San Francisco 49ers,Denver Broncos,10,6,89.5,10.5,136.0,137.0,273.0,158.0,52.0,210.0,game,ML,Denver Broncos,,,polymarket,669,—,—,,Loss,,miss,,,,—,,
2026-10-04T23:00:39.811782+00:00,nfl,2026,4,401872975,4018729753328,4,14:08," W.Lutz 40 yard field goal is GOOD, Center-M.Fraboni, Holder-J.Crawshaw.",4,2,SF 22,22,4,San Francisco 49ers,Denver Broncos,10,6,89.5,10.5,136.0,137.0,273.0,158.0,52.0,210.0,game,ML,San Francisco 49ers,,,betfair,-787,—,—,,Win,,hit,,,,—,,
2026-10-04T23:00:39.811782+00:00,nfl,2026,4,401872975,4018729753348,4,14:08,W.Lutz kicks 65 yards from DEN 35 to SF 0. J.Cowing to SF 26 for 26 yards (K.Reid).,3,1,DEN 26,65,4,San Francisco 49ers,Denver Broncos,10,6,89.5,10.5,136.0,137.0,273.0,158.0,52.0,210.0,game,Spread,Denver Broncos,,5.5,kalshi,143,—,—,,+4,,hit,,,,—,,
2026-10-04T23:00:39.811782+00:00,nfl,2026,4,401872975,4018729753348,4,14:08,W.Lutz kicks 65 yards from DEN 35 to SF 0. J.Cowing to SF 26 for 26 yards (K.Reid).,3,1,DEN 26,65,4,San Francisco 49ers,Denver Broncos,10,6,89.5,10.5,136.0,137.0,273.0,158.0,52.0,210.0,game,Spread,San Francisco 49ers,,-5.5,kalshi,-171,—,—,,+4,,miss,,,,—,,
2026-10-04T23:00:39.811782+00:00,nfl,2026,4,401872975,4018729753348,4,14:08,W.Lutz kicks 65 yards from DEN 35 to SF 0. J.Cowing to SF 26 for 26 yards (K.Reid).,3,1,DEN 26,65,4,San Francisco 49ers,Denver Broncos,10,6,89.5,10.5,136.0,137.0,273.0,158.0,52.0,210.0,game,Total,Over,,28.5,betfair,-130,—,—,,16.0,,miss,,,,—,,
2026-10-04T23:00:39.811782+00:00,nfl,2026,4,401872975,4018729753348,4,14:08,W.Lutz kicks 65 yards from DEN 35 to SF 0. J.Cowing to SF 26 for 26 yards (K.Reid).,3,1,DEN 26,65,4,San Francisco 49ers,Denver Broncos,10,6,89.5,10.5,136.0,137.0,273.0,158.0,52.0,210.0,game,Total,Under,,28.5,polymarket,117,—,—,,16.0,,hit,,,,—,,
2026-10-04T23:00:39.811782+00:00,nfl,2026,4,401872975,4018729753348,4,14:08,W.Lutz kicks 65 yards from DEN 35 to SF 0. J.Cowing to SF 26 for 26 yards (K.Reid).,3,1,DEN 26,65,4,San Francisco 49ers,Denver Broncos,10,6,89.5,10.5,136.0,137.0,273.0,158.0,52.0,210.0,game,ML,Denver Broncos,,,polymarket,669,—,—,,Loss,,miss,,,,—,,
2026-10-04T23:00:39.811782+00:00,nfl,2026,4,401872975,4018729753348,4,14:08,W.Lutz kicks 65 yards from DEN 35 to SF 0. J.Cowing to SF 26 for 26 yards (K.Reid).,3,1,DEN 26,65,4,San Francisco 49ers,Denver Broncos,10,6,89.5,10.5,136.0,137.0,273.0,158.0,52.0,210.0,game,ML,San Francisco 49ers,,,betfair,-787,—,—,,Win,,hit,,,,—,,
2026-10-04T23:00:39.811782+00:00,nfl,2026,4,401872975,4018729753371,4,14:03, B.Purdy pass short left to K.Juszczyk to SF 42 for 16 yards (J.Barron) [Z.Allen]. SF-K.Juszczyk was injured during the play.,1,10,SF 26,26,4,San Francisco 49ers,Denver Broncos,10,6,89.5,10.5,136.0,137.0,273.0,158.0,52.0,210.0,game,Spread,Denver Broncos,,5.5,kalshi,143,—,—,,+4,,hit,,,,—,,
2026-10-04T23:00:39.811782+00:00,nfl,2026,4,401872975,4018729753371,4,14:03, B.Purdy pass short left to K.Juszczyk to SF 42 for 16 yards (J.Barron) [Z.Allen]. SF-K.Juszczyk was injured during the play.,1,10,SF 26,26,4,San Francisco 49ers,Denver Broncos,10,6,89.5,10.5,136.0,137.0,273.0,158.0,52.0,210.0,game,Spread,San Francisco 49ers,,-5.5,kalshi,-171,—,—,,+4,,miss,,,,—,,
2026-10-04T23:00:39.811782+00:00,nfl,2026,4,401872975,4018729753371,4,14:03, B.Purdy pass short left to K.Juszczyk to SF 42 for 16 yards (J.Barron) [Z.Allen]. SF-K.Juszczyk was injured during the play.,1,10,SF 26,26,4,San Francisco 49ers,Denver Broncos,10,6,89.5,10.5,136.0,137.0,273.0,158.0,52.0,210.0,game,Total,Over,,28.5,betfair,-130,—,—,,16.0,,miss,,,,—,,
2026-10-04T23:00:39.811782+00:00,nfl,2026,4,401872975,4018729753371,4,14:03, B.Purdy pass short left to K.Juszczyk to SF 42 for 16 yards (J.Barron) [Z.Allen]. SF-K.Juszczyk was injured during the play.,1,10,SF 26,26,4,San Francisco 49ers,Denver Broncos,10,6,89.5,10.5,136.0,137.0,273.0,158.0,52.0,210.0,game,Total,Under,,28.5,polymarket,117,—,—,,16.0,,hit,,,,—,,
2026-10-04T23:00:39.811782+00:00,nfl,2026,4,401872975,4018729753371,4,14:03, B.Purdy pass short left to K.Juszczyk to SF 42 for 16 yards (J.Barron) [Z.Allen]. SF-K.Juszczyk was injured during the play.,1,10,SF 26,26,4,San Francisco 49ers,Denver Broncos,10,6,89.5,10.5,136.0,137.0,273.0,158.0,52.0,210.0,game,ML,Denver Broncos,,,polymarket,669,—,—,,Loss,,miss,,,,—,,
2026-10-04T23:00:39.811782+00:00,nfl,2026,4,401872975,4018729753371,4,14:03, B.Purdy pass short left to K.Juszczyk to SF 42 for 16 yards (J.Barron) [Z.Allen]. SF-K.Juszczyk was injured during the play.,1,10,SF 26,26,4,San Francisco 49ers,Denver Broncos,10,6,89.5,10.5,136.0,137.0,273.0,158.0,52.0,210.0,game,ML,San Francisco 49ers,,,betfair,-787,—,—,,Win,,hit,,,,—,,
2026-10-04T23:00:39.811782+00:00,nfl,2026,4,401872975,4018729753385,4,13:47,Official Timeout at 13:47.,1,10,SF 42,42,4,San Francisco 49ers,Denver Broncos,10,6,89.5,10.5,136.0,137.0,273.0,158.0,52.0,210.0,game,Spread,Denver Broncos,,5.5,kalshi,143,—,—,,+4,,hit,,,,—,,
2026-10-04T23:00:39.811782+00:00,nfl,2026,4,401872975,4018729753385,4,13:47,Official Timeout at 13:47.,1,10,SF 42,42,4,San Francisco 49ers,Denver Broncos,10,6,89.5,10.5,136.0,137.0,273.0,158.0,52.0,210.0,game,Spread,San Francisco 49ers,,-5.5,kalshi,-171,—,—,,+4,,miss,,,,—,,
2026-10-04T23:00:39.811782+00:00,nfl,2026,4,401872975,4018729753385,4,13:47,Official Timeout at 13:47.,1,10,SF 42,42,4,San Francisco 49ers,Denver Broncos,10,6,89.5,10.5,136.0,137.0,273.0,158.0,52.0,210.0,game,Total,Over,,28.5,betfair,-130,—,—,,16.0,,miss,,,,—,,
2026-10-04T23:00:39.811782+00:00,nfl,2026,4,401872975,4018729753385,4,13:47,Official Timeout at 13:47.,1,10,SF 42,42,4,San Francisco 49ers,Denver Broncos,10,6,89.5,10.5,136.0,137.0,273.0,158.0,52.0,210.0,game,Total,Under,,28.5,polymarket,117,—,—,,16.0,,hit,,,,—,,
2026-10-04T23:00:39.811782+00:00,nfl,2026,4,401872975,4018729753385,4,13:47,Official Timeout at 13:47.,1,10,SF 42,42,4,San Francisco 49ers,Denver Broncos,10,6,89.5,10.5,136.0,137.0,273.0,158.0,52.0,210.0,game,ML,Denver Broncos,,,polymarket,669,—,—,,Loss,,miss,,,,—,,
2026-10-04T23:00:39.811782+00:00,nfl,2026,4,401872975,4018729753385,4,13:47,Official Timeout at 13:47.,1,10,SF 42,42,4,San Francisco 49ers,Denver Broncos,10,6,89.5,10.5,136.0,137.0,273.0,158.0,52.0,210.0,game,ML,San Francisco 49ers,,,betfair,-787,—,—,,Win,,hit,,,,—,,
2026-10-04T23:00:39.811782+00:00,nfl,2026,4,401872975,4018729753399,4,13:41, B.Purdy pass short right to M.Evans to DEN 49 for 9 yards (K.Abrams-Draine).,1,10,SF 42,42,4,San Francisco 49ers,Denver Broncos,10,6,89.5,10.5,136.0,137.0,273.0,158.0,52.0,210.0,game,Spread,Denver Broncos,,5.5,kalshi,143,—,—,,+4,,hit,,,,—,,
2026-10-04T23:00:39.811782+00:00,nfl,2026,4,401872975,4018729753399,4,13:41, B.Purdy pass short right to M.Evans to DEN 49 for 9 yards (K.Abrams-Draine).,1,10,SF 42,42,4,San Francisco 49ers,Denver Broncos,10,6,89.5,10.5,136.0,137.0,273.0,158.0,52.0,210.0,game,Spread,San Francisco 49ers,,-5.5,kalshi,-171,—,—,,+4,,miss,,,,—,,
2026-10-04T23:00:39.811782+00:00,nfl,2026,4,401872975,4018729753399,4,13:41, B.Purdy pass short right to M.Evans to DEN 49 for 9 yards (K.Abrams-Draine).,1,10,SF 42,42,4,San Francisco 49ers,Denver Broncos,10,6,89.5,10.5,136.0,137.0,273.0,158.0,52.0,210.0,game,Total,Over,,28.5,betfair,-130,—,—,,16.0,,miss,,,,—,,
2026-10-04T23:00:39.811782+00:00,nfl,2026,4,401872975,4018729753399,4,13:41, B.Purdy pass short right to M.Evans to DEN 49 for 9 yards (K.Abrams-Draine).,1,10,SF 42,42,4,San Francisco 49ers,Denver Broncos,10,6,89.5,10.5,136.0,137.0,273.0,158.0,52.0,210.0,game,Total,Under,,28.5,polymarket,117,—,—,,16.0,,hit,,,,—,,
2026-10-04T23:00:39.811782+00:00,nfl,2026,4,401872975,4018729753399,4,13:41, B.Purdy pass short right to M.Evans to DEN 49 for 9 yards (K.Abrams-Draine).,1,10,SF 42,42,4,San Francisco 49ers,Denver Broncos,10,6,89.5,10.5,136.0,137.0,273.0,158.0,52.0,210.0,game,ML,Denver Broncos,,,polymarket,669,—,—,,Loss,,miss,,,,—,,
2026-10-04T23:00:39.811782+00:00,nfl,2026,4,401872975,4018729753399,4,13:41, B.Purdy pass short right to M.Evans to DEN 49 for 9 yards (K.Abrams-Draine).,1,10,SF 42,42,4,San Francisco 49ers,Denver Broncos,10,6,89.5,10.5,136.0,137.0,273.0,158.0,52.0,210.0,game,ML,San Francisco 49ers,,,betfair,-787,—,—,,Win,,hit,,,,—,,
2026-10-04T23:00:39.811782+00:00,nfl,2026,4,401872975,4018729753431,4,13:06, C.McCaffrey up the middle to DEN 35 for 14 yards (K.Abrams-Draine).,2,1,DEN 49,51,4,San Francisco 49ers,Denver Broncos,10,6,89.5,10.5,136.0,137.0,273.0,158.0,52.0,210.0,game,Spread,Denver Broncos,,5.5,kalshi,143,—,—,,+4,,hit,,,,—,,
2026-10-04T23:00:39.811782+00:00,nfl,2026,4,401872975,4018729753431,4,13:06, C.McCaffrey up the middle to DEN 35 for 14 yards (K.Abrams-Draine).,2,1,DEN 49,51,4,San Francisco 49ers,Denver Broncos,10,6,89.5,10.5,136.0,137.0,273.0,158.0,52.0,210.0,game,Spread,San Francisco 49ers,,-5.5,kalshi,-171,—,—,,+4,,miss,,,,—,,
2026-10-04T23:00:39.811782+00:00,nfl,2026,4,401872975,4018729753431,4,13:06, C.McCaffrey up the middle to DEN 35 for 14 yards (K.Abrams-Draine).,2,1,DEN 49,51,4,San Francisco 49ers,Denver Broncos,10,6,89.5,10.5,136.0,137.0,273.0,158.0,52.0,210.0,game,Total,Over,,28.5,betfair,-130,—,—,,16.0,,miss,,,,—,,
2026-10-04T23:00:39.811782+00:00,nfl,2026,4,401872975,4018729753431,4,13:06, C.McCaffrey up the middle to DEN 35 for 14 yards (K.Abrams-Draine).,2,1,DEN 49,51,4,San Francisco 49ers,Denver Broncos,10,6,89.5,10.5,136.0,137.0,273.0,158.0,52.0,210.0,game,Total,Under,,28.5,polymarket,117,—,—,,16.0,,hit,,,,—,,
2026-10-04T23:00:39.811782+00:00,nfl,2026,4,401872975,4018729753431,4,13:06, C.McCaffrey up the middle to DEN 35 for 14 yards (K.Abrams-Draine).,2,1,DEN 49,51,4,San Francisco 49ers,Denver Broncos,10,6,89.5,10.5,136.0,137.0,273.0,158.0,52.0,210.0,game,ML,Denver Broncos,,,polymarket,669,—,—,,Loss,,miss,,,,—,,
2026-10-04T23:00:39.811782+00:00,nfl,2026,4,401872975,4018729753431,4,13:06, C.McCaffrey up the middle to DEN 35 for 14 yards (K.Abrams-Draine).,2,1,DEN 49,51,4,San Francisco 49ers,Denver Broncos,10,6,89.5,10.5,136.0,137.0,273.0,158.0,52.0,210.0,game,ML,San Francisco 49ers,,,betfair,-787,—,—,,Win,,hit,,,,—,,
2026-10-04T23:00:39.811782+00:00,nfl,2026,4,401872975,4018729753453,4,12:29, (Shotgun) C.McCaffrey right guard to DEN 34 for 1 yard (D.Jones).,1,10,DEN 35,65,4,San Francisco 49ers,Denver Broncos,10,6,89.5,10.5,136.0,137.0,273.0,158.0,52.0,210.0,game,Spread,Denver Broncos,,5.5,kalshi,143,—,—,,+4,,hit,,,,—,,
2026-10-04T23:00:39.811782+00:00,nfl,2026,4,401872975,4018729753453,4,12:29, (Shotgun) C.McCaffrey right guard to DEN 34 for 1 yard (D.Jones).,1,10,DEN 35,65,4,San Francisco 49ers,Denver Broncos,10,6,89.5,10.5,136.0,137.0,273.0,158.0,52.0,210.0,game,Spread,San Francisco 49ers,,-5.5,kalshi,-171,—,—,,+4,,miss,,,,—,,
2026-10-04T23:00:39.811782+00:00,nfl,2026,4,401872975,4018729753453,4,12:29, (Shotgun) C.McCaffrey right guard to DEN 34 for 1 yard (D.Jones).,1,10,DEN 35,65,4,San Francisco 49ers,Denver Broncos,10,6,89.5,10.5,136.0,137.0,273.0,158.0,52.0,210.0,game,Total,Over,,28.5,betfair,-130,—,—,,16.0,,miss,,,,—,,
2026-10-04T23:00:39.811782+00:00,nfl,2026,4,401872975,4018729753453,4,12:29, (Shotgun) C.McCaffrey right guard to DEN 34 for 1 yard (D.Jones).,1,10,DEN 35,65,4,San Francisco 49ers,Denver Broncos,10,6,89.5,10.5,136.0,137.0,273.0,158.0,52.0,210.0,game,Total,Under,,28.5,polymarket,117,—,—,,16.0,,hit,,,,—,,
2026-10-04T23:00:39.811782+00:00,nfl,2026,4,401872975,4018729753453,4,12:29, (Shotgun) C.McCaffrey right guard to DEN 34 for 1 yard (D.Jones).,1,10,DEN 35,65,4,San Francisco 49ers,Denver Broncos,10,6,89.5,10.5,136.0,137.0,273.0,158.0,52.0,210.0,game,ML,Denver Broncos,,,polymarket,669,—,—,,Loss,,miss,,,,—,,
2026-10-04T23:00:39.811782+00:00,nfl,2026,4,401872975,4018729753453,4,12:29, (Shotgun) C.McCaffrey right guard to DEN 34 for 1 yard (D.Jones).,1,10,DEN 35,65,4,San Francisco 49ers,Denver Broncos,10,6,89.5,10.5,136.0,137.0,273.0,158.0,52.0,210.0,game,ML,San Francisco 49ers,,,betfair,-787,—,—,,Win,,hit,,,,—,,
2026-10-04T23:00:39.811782+00:00,nfl,2026,4,401872975,4018729753475,4,11:53,(Shotgun) B.Purdy pass short right to D.Samuel to DEN 26 for 8 yards (K.Abrams-Draine).,2,9,DEN 34,66,4,San Francisco 49ers,Denver Broncos,10,6,89.5,10.5,136.0,137.0,273.0,158.0,52.0,210.0,game,Spread,Denver Broncos,,5.5,kalshi,143,—,—,,+4,,hit,,,,—,,
2026-10-04T23:00:39.811782+00:00,nfl,2026,4,401872975,4018729753475,4,11:53,(Shotgun) B.Purdy pass short right to D.Samuel to DEN 26 for 8 yards (K.Abrams-Draine).,2,9,DEN 34,66,4,San Francisco 49ers,Denver Broncos,10,6,89.5,10.5,136.0,137.0,273.0,158.0,52.0,210.0,game,Spread,San Francisco 49ers,,-5.5,kalshi,-171,—,—,,+4,,miss,,,,—,,
2026-10-04T23:00:39.811782+00:00,nfl,2026,4,401872975,4018729753475,4,11:53,(Shotgun) B.Purdy pass short right to D.Samuel to DEN 26 for 8 yards (K.Abrams-Draine).,2,9,DEN 34,66,4,San Francisco 49ers,Denver Broncos,10,6,89.5,10.5,136.0,137.0,273.0,158.0,52.0,210.0,game,Total,Over,,28.5,betfair,-130,—,—,,16.0,,miss,,,,—,,
2026-10-04T23:00:39.811782+00:00,nfl,2026,4,401872975,4018729753475,4,11:53,(Shotgun) B.Purdy pass short right to D.Samuel to DEN 26 for 8 yards (K.Abrams-Draine).,2,9,DEN 34,66,4,San Francisco 49ers,Denver Broncos,10,6,89.5,10.5,136.0,137.0,273.0,158.0,52.0,210.0,game,Total,Under,,28.5,polymarket,117,—,—,,16.0,,hit,,,,—,,
2026-10-04T23:00:39.811782+00:00,nfl,2026,4,401872975,4018729753475,4,11:53,(Shotgun) B.Purdy pass short right to D.Samuel to DEN 26 for 8 yards (K.Abrams-Draine).,2,9,DEN 34,66,4,San Francisco 49ers,Denver Broncos,10,6,89.5,10.5,136.0,137.0,273.0,158.0,52.0,210.0,game,ML,Denver Broncos,,,polymarket,669,—,—,,Loss,,miss,,,,—,,
2026-10-04T23:00:39.811782+00:00,nfl,2026,4,401872975,4018729753475,4,11:53,(Shotgun) B.Purdy pass short right to D.Samuel to DEN 26 for 8 yards (K.Abrams-Draine).,2,9,DEN 34,66,4,San Francisco 49ers,Denver Broncos,10,6,89.5,10.5,136.0,137.0,273.0,158.0,52.0,210.0,game,ML,San Francisco 49ers,,,betfair,-787,—,—,,Win,,hit,,,,—,,
2026-10-04T23:00:39.811782+00:00,nfl,2026,4,401872975,4018729753500,4,11:15, K.Black up the middle to DEN 23 for 3 yards (B.Jones).,3,1,DEN 26,74,4,San Francisco 49ers,Denver Broncos,10,6,89.5,10.5,136.0,137.0,273.0,158.0,52.0,210.0,game,Spread,Denver Broncos,,5.5,kalshi,143,—,—,,+4,,hit,,,,—,,
2026-10-04T23:00:39.811782+00:00,nfl,2026,4,401872975,4018729753500,4,11:15, K.Black up the middle to DEN 23 for 3 yards (B.Jones).,3,1,DEN 26,74,4,San Francisco 49ers,Denver Broncos,10,6,89.5,10.5,136.0,137.0,273.0,158.0,52.0,210.0,game,Spread,San Francisco 49ers,,-5.5,kalshi,-171,—,—,,+4,,miss,,,,—,,
2026-10-04T23:00:39.811782+00:00,nfl,2026,4,401872975,4018729753500,4,11:15, K.Black up the middle to DEN 23 for 3 yards (B.Jones).,3,1,DEN 26,74,4,San Francisco 49ers,Denver Broncos,10,6,89.5,10.5,136.0,137.0,273.0,158.0,52.0,210.0,game,Total,Over,,28.5,betfair,-130,—,—,,16.0,,miss,,,,—,,
2026-10-04T23:00:39.811782+00:00,nfl,2026,4,401872975,4018729753500,4,11:15, K.Black up the middle to DEN 23 for 3 yards (B.Jones).,3,1,DEN 26,74,4,San Francisco 49ers,Denver Broncos,10,6,89.5,10.5,136.0,137.0,273.0,158.0,52.0,210.0,game,Total,Under,,28.5,polymarket,117,—,—,,16.0,,hit,,,,—,,
2026-10-04T23:00:39.811782+00:00,nfl,2026,4,401872975,4018729753500,4,11:15, K.Black up the middle to DEN 23 for 3 yards (B.Jones).,3,1,DEN 26,74,4,San Francisco 49ers,Denver Broncos,10,6,89.5,10.5,136.0,137.0,273.0,158.0,52.0,210.0,game,ML,Denver Broncos,,,polymarket,669,—,—,,Loss,,miss,,,,—,,
2026-10-04T23:00:39.811782+00:00,nfl,2026,4,401872975,4018729753500,4,11:15, K.Black up the middle to DEN 23 for 3 yards (B.Jones).,3,1,DEN 26,74,4,San Francisco 49ers,Denver Broncos,10,6,89.5,10.5,136.0,137.0,273.0,158.0,52.0,210.0,game,ML,San Francisco 49ers,,,betfair,-787,—,—,,Win,,hit,,,,—,,
