captured_at,sport,year,week,event_id,play_id,period,clock,play_text,down,distance,possession,yard_line,score_margin,home,away,home_score,away_score,home_win_prob,away_win_prob,home_pass_yds,home_rush_yds,home_total_yds,away_pass_yds,away_rush_yds,away_total_yds,market_type,market,selection,player,line,book_id,book_price,model_projection,model_price,model_prob,actual_result,actual_stat,bet_result,expected_roi_pct,pregame_line,pregame_book_price,pregame_projection,pregame_capture_at,pregame_capture_type
2026-09-20T19:22:51.890725+00:00,nfl,2026,2,401872934,4018729341,1,15:00,GAME,3,11,CIN 27,73,0,Houston Texans,Cincinnati Bengals,0,0,9.5,90.5,227.0,61.0,288.0,162.0,59.0,221.0,game,Spread,Cincinnati Bengals,,-9.5,polymarketus,-105,—,—,,0,,miss,,,,—,,
2026-09-20T19:22:51.890725+00:00,nfl,2026,2,401872934,4018729341,1,15:00,GAME,3,11,CIN 27,73,0,Houston Texans,Cincinnati Bengals,0,0,9.5,90.5,227.0,61.0,288.0,162.0,59.0,221.0,game,Spread,Houston Texans,,9.5,polymarketus,-109,—,—,,0,,hit,,,,—,,
2026-09-20T19:22:51.890725+00:00,nfl,2026,2,401872934,4018729341,1,15:00,GAME,3,11,CIN 27,73,0,Houston Texans,Cincinnati Bengals,0,0,9.5,90.5,227.0,61.0,288.0,162.0,59.0,221.0,game,Total,Over,,35.5,polymarket,104,—,—,,0.0,,miss,,,,—,,
2026-09-20T19:22:51.890725+00:00,nfl,2026,2,401872934,4018729341,1,15:00,GAME,3,11,CIN 27,73,0,Houston Texans,Cincinnati Bengals,0,0,9.5,90.5,227.0,61.0,288.0,162.0,59.0,221.0,game,Total,Under,,35.5,polymarket,-123,—,—,,0.0,,hit,,,,—,,
2026-09-20T19:22:51.890725+00:00,nfl,2026,2,401872934,4018729341,1,15:00,GAME,3,11,CIN 27,73,0,Houston Texans,Cincinnati Bengals,0,0,9.5,90.5,227.0,61.0,288.0,162.0,59.0,221.0,game,ML,Cincinnati Bengals,,,polymarketus,1666,—,—,,Loss,,miss,,,,—,,
2026-09-20T19:22:51.890725+00:00,nfl,2026,2,401872934,4018729341,1,15:00,GAME,3,11,CIN 27,73,0,Houston Texans,Cincinnati Bengals,0,0,9.5,90.5,227.0,61.0,288.0,162.0,59.0,221.0,game,ML,Houston Texans,,,polymarket,809,—,—,,Loss,,miss,,,,—,,
2026-09-20T19:22:51.890725+00:00,nfl,2026,2,401872934,40187293440,1,15:00,K.Fairbairn kicks 64 yards from HST 35 to CIN 1. D.Meyers to CIN 41 for 40 yards (K.Fairbairn).,3,11,CIN 27,35,0,Houston Texans,Cincinnati Bengals,0,0,9.5,90.5,227.0,61.0,288.0,162.0,59.0,221.0,game,Spread,Cincinnati Bengals,,-9.5,polymarketus,-105,—,—,,0,,miss,,,,—,,
2026-09-20T19:22:51.890725+00:00,nfl,2026,2,401872934,40187293440,1,15:00,K.Fairbairn kicks 64 yards from HST 35 to CIN 1. D.Meyers to CIN 41 for 40 yards (K.Fairbairn).,3,11,CIN 27,35,0,Houston Texans,Cincinnati Bengals,0,0,9.5,90.5,227.0,61.0,288.0,162.0,59.0,221.0,game,Spread,Houston Texans,,9.5,polymarketus,-109,—,—,,0,,hit,,,,—,,
2026-09-20T19:22:51.890725+00:00,nfl,2026,2,401872934,40187293440,1,15:00,K.Fairbairn kicks 64 yards from HST 35 to CIN 1. D.Meyers to CIN 41 for 40 yards (K.Fairbairn).,3,11,CIN 27,35,0,Houston Texans,Cincinnati Bengals,0,0,9.5,90.5,227.0,61.0,288.0,162.0,59.0,221.0,game,Total,Over,,35.5,polymarket,104,—,—,,0.0,,miss,,,,—,,
2026-09-20T19:22:51.890725+00:00,nfl,2026,2,401872934,40187293440,1,15:00,K.Fairbairn kicks 64 yards from HST 35 to CIN 1. D.Meyers to CIN 41 for 40 yards (K.Fairbairn).,3,11,CIN 27,35,0,Houston Texans,Cincinnati Bengals,0,0,9.5,90.5,227.0,61.0,288.0,162.0,59.0,221.0,game,Total,Under,,35.5,polymarket,-123,—,—,,0.0,,hit,,,,—,,
2026-09-20T19:22:51.890725+00:00,nfl,2026,2,401872934,40187293440,1,15:00,K.Fairbairn kicks 64 yards from HST 35 to CIN 1. D.Meyers to CIN 41 for 40 yards (K.Fairbairn).,3,11,CIN 27,35,0,Houston Texans,Cincinnati Bengals,0,0,9.5,90.5,227.0,61.0,288.0,162.0,59.0,221.0,game,ML,Cincinnati Bengals,,,polymarketus,1666,—,—,,Loss,,miss,,,,—,,
2026-09-20T19:22:51.890725+00:00,nfl,2026,2,401872934,40187293440,1,15:00,K.Fairbairn kicks 64 yards from HST 35 to CIN 1. D.Meyers to CIN 41 for 40 yards (K.Fairbairn).,3,11,CIN 27,35,0,Houston Texans,Cincinnati Bengals,0,0,9.5,90.5,227.0,61.0,288.0,162.0,59.0,221.0,game,ML,Houston Texans,,,polymarket,809,—,—,,Loss,,miss,,,,—,,
2026-09-20T19:22:51.890725+00:00,nfl,2026,2,401872934,40187293463,1,14:51,(Shotgun) J.Burrow pass incomplete short left to C.Brown [R.Blankenship].,1,10,CIN 41,59,0,Houston Texans,Cincinnati Bengals,0,0,9.5,90.5,227.0,61.0,288.0,162.0,59.0,221.0,game,Spread,Cincinnati Bengals,,-9.5,polymarketus,-105,—,—,,0,,miss,,,,—,,
2026-09-20T19:22:51.890725+00:00,nfl,2026,2,401872934,40187293463,1,14:51,(Shotgun) J.Burrow pass incomplete short left to C.Brown [R.Blankenship].,1,10,CIN 41,59,0,Houston Texans,Cincinnati Bengals,0,0,9.5,90.5,227.0,61.0,288.0,162.0,59.0,221.0,game,Spread,Houston Texans,,9.5,polymarketus,-109,—,—,,0,,hit,,,,—,,
2026-09-20T19:22:51.890725+00:00,nfl,2026,2,401872934,40187293463,1,14:51,(Shotgun) J.Burrow pass incomplete short left to C.Brown [R.Blankenship].,1,10,CIN 41,59,0,Houston Texans,Cincinnati Bengals,0,0,9.5,90.5,227.0,61.0,288.0,162.0,59.0,221.0,game,Total,Over,,35.5,polymarket,104,—,—,,0.0,,miss,,,,—,,
2026-09-20T19:22:51.890725+00:00,nfl,2026,2,401872934,40187293463,1,14:51,(Shotgun) J.Burrow pass incomplete short left to C.Brown [R.Blankenship].,1,10,CIN 41,59,0,Houston Texans,Cincinnati Bengals,0,0,9.5,90.5,227.0,61.0,288.0,162.0,59.0,221.0,game,Total,Under,,35.5,polymarket,-123,—,—,,0.0,,hit,,,,—,,
2026-09-20T19:22:51.890725+00:00,nfl,2026,2,401872934,40187293463,1,14:51,(Shotgun) J.Burrow pass incomplete short left to C.Brown [R.Blankenship].,1,10,CIN 41,59,0,Houston Texans,Cincinnati Bengals,0,0,9.5,90.5,227.0,61.0,288.0,162.0,59.0,221.0,game,ML,Cincinnati Bengals,,,polymarketus,1666,—,—,,Loss,,miss,,,,—,,
2026-09-20T19:22:51.890725+00:00,nfl,2026,2,401872934,40187293463,1,14:51,(Shotgun) J.Burrow pass incomplete short left to C.Brown [R.Blankenship].,1,10,CIN 41,59,0,Houston Texans,Cincinnati Bengals,0,0,9.5,90.5,227.0,61.0,288.0,162.0,59.0,221.0,game,ML,Houston Texans,,,polymarket,809,—,—,,Loss,,miss,,,,—,,
2026-09-20T19:22:51.890725+00:00,nfl,2026,2,401872934,40187293486,1,14:47,(Shotgun) J.Burrow pass short left to J.Chase to CIN 47 for 6 yards (K.Lassiter).,2,10,CIN 41,59,0,Houston Texans,Cincinnati Bengals,0,0,9.5,90.5,227.0,61.0,288.0,162.0,59.0,221.0,game,Spread,Cincinnati Bengals,,-9.5,polymarketus,-105,—,—,,0,,miss,,,,—,,
2026-09-20T19:22:51.890725+00:00,nfl,2026,2,401872934,40187293486,1,14:47,(Shotgun) J.Burrow pass short left to J.Chase to CIN 47 for 6 yards (K.Lassiter).,2,10,CIN 41,59,0,Houston Texans,Cincinnati Bengals,0,0,9.5,90.5,227.0,61.0,288.0,162.0,59.0,221.0,game,Spread,Houston Texans,,9.5,polymarketus,-109,—,—,,0,,hit,,,,—,,
2026-09-20T19:22:51.890725+00:00,nfl,2026,2,401872934,40187293486,1,14:47,(Shotgun) J.Burrow pass short left to J.Chase to CIN 47 for 6 yards (K.Lassiter).,2,10,CIN 41,59,0,Houston Texans,Cincinnati Bengals,0,0,9.5,90.5,227.0,61.0,288.0,162.0,59.0,221.0,game,Total,Over,,35.5,polymarket,104,—,—,,0.0,,miss,,,,—,,
2026-09-20T19:22:51.890725+00:00,nfl,2026,2,401872934,40187293486,1,14:47,(Shotgun) J.Burrow pass short left to J.Chase to CIN 47 for 6 yards (K.Lassiter).,2,10,CIN 41,59,0,Houston Texans,Cincinnati Bengals,0,0,9.5,90.5,227.0,61.0,288.0,162.0,59.0,221.0,game,Total,Under,,35.5,polymarket,-123,—,—,,0.0,,hit,,,,—,,
2026-09-20T19:22:51.890725+00:00,nfl,2026,2,401872934,40187293486,1,14:47,(Shotgun) J.Burrow pass short left to J.Chase to CIN 47 for 6 yards (K.Lassiter).,2,10,CIN 41,59,0,Houston Texans,Cincinnati Bengals,0,0,9.5,90.5,227.0,61.0,288.0,162.0,59.0,221.0,game,ML,Cincinnati Bengals,,,polymarketus,1666,—,—,,Loss,,miss,,,,—,,
2026-09-20T19:22:51.890725+00:00,nfl,2026,2,401872934,40187293486,1,14:47,(Shotgun) J.Burrow pass short left to J.Chase to CIN 47 for 6 yards (K.Lassiter).,2,10,CIN 41,59,0,Houston Texans,Cincinnati Bengals,0,0,9.5,90.5,227.0,61.0,288.0,162.0,59.0,221.0,game,ML,Houston Texans,,,polymarket,809,—,—,,Loss,,miss,,,,—,,
2026-09-20T19:22:51.890725+00:00,nfl,2026,2,401872934,401872934111,1,14:09,(Shotgun) J.Burrow pass incomplete short middle to J.Chase.,3,4,CIN 47,53,0,Houston Texans,Cincinnati Bengals,0,0,9.5,90.5,227.0,61.0,288.0,162.0,59.0,221.0,game,Spread,Cincinnati Bengals,,-9.5,polymarketus,-105,—,—,,0,,miss,,,,—,,
2026-09-20T19:22:51.890725+00:00,nfl,2026,2,401872934,401872934111,1,14:09,(Shotgun) J.Burrow pass incomplete short middle to J.Chase.,3,4,CIN 47,53,0,Houston Texans,Cincinnati Bengals,0,0,9.5,90.5,227.0,61.0,288.0,162.0,59.0,221.0,game,Spread,Houston Texans,,9.5,polymarketus,-109,—,—,,0,,hit,,,,—,,
2026-09-20T19:22:51.890725+00:00,nfl,2026,2,401872934,401872934111,1,14:09,(Shotgun) J.Burrow pass incomplete short middle to J.Chase.,3,4,CIN 47,53,0,Houston Texans,Cincinnati Bengals,0,0,9.5,90.5,227.0,61.0,288.0,162.0,59.0,221.0,game,Total,Over,,35.5,polymarket,104,—,—,,0.0,,miss,,,,—,,
2026-09-20T19:22:51.890725+00:00,nfl,2026,2,401872934,401872934111,1,14:09,(Shotgun) J.Burrow pass incomplete short middle to J.Chase.,3,4,CIN 47,53,0,Houston Texans,Cincinnati Bengals,0,0,9.5,90.5,227.0,61.0,288.0,162.0,59.0,221.0,game,Total,Under,,35.5,polymarket,-123,—,—,,0.0,,hit,,,,—,,
2026-09-20T19:22:51.890725+00:00,nfl,2026,2,401872934,401872934111,1,14:09,(Shotgun) J.Burrow pass incomplete short middle to J.Chase.,3,4,CIN 47,53,0,Houston Texans,Cincinnati Bengals,0,0,9.5,90.5,227.0,61.0,288.0,162.0,59.0,221.0,game,ML,Cincinnati Bengals,,,polymarketus,1666,—,—,,Loss,,miss,,,,—,,
2026-09-20T19:22:51.890725+00:00,nfl,2026,2,401872934,401872934111,1,14:09,(Shotgun) J.Burrow pass incomplete short middle to J.Chase.,3,4,CIN 47,53,0,Houston Texans,Cincinnati Bengals,0,0,9.5,90.5,227.0,61.0,288.0,162.0,59.0,221.0,game,ML,Houston Texans,,,polymarket,809,—,—,,Loss,,miss,,,,—,,
2026-09-20T19:22:51.890725+00:00,nfl,2026,2,401872934,401872934136,1,14:04,"R.Rehkow punts 45 yards to HST 8, Center-W.Wagner. J.Noel pushed ob at HST 13 for 5 yards (O.Burks).",4,4,CIN 47,53,0,Houston Texans,Cincinnati Bengals,0,0,9.5,90.5,227.0,61.0,288.0,162.0,59.0,221.0,game,Spread,Cincinnati Bengals,,-9.5,polymarketus,-105,—,—,,0,,miss,,,,—,,
2026-09-20T19:22:51.890725+00:00,nfl,2026,2,401872934,401872934136,1,14:04,"R.Rehkow punts 45 yards to HST 8, Center-W.Wagner. J.Noel pushed ob at HST 13 for 5 yards (O.Burks).",4,4,CIN 47,53,0,Houston Texans,Cincinnati Bengals,0,0,9.5,90.5,227.0,61.0,288.0,162.0,59.0,221.0,game,Spread,Houston Texans,,9.5,polymarketus,-109,—,—,,0,,hit,,,,—,,
2026-09-20T19:22:51.890725+00:00,nfl,2026,2,401872934,401872934136,1,14:04,"R.Rehkow punts 45 yards to HST 8, Center-W.Wagner. J.Noel pushed ob at HST 13 for 5 yards (O.Burks).",4,4,CIN 47,53,0,Houston Texans,Cincinnati Bengals,0,0,9.5,90.5,227.0,61.0,288.0,162.0,59.0,221.0,game,Total,Over,,35.5,polymarket,104,—,—,,0.0,,miss,,,,—,,
2026-09-20T19:22:51.890725+00:00,nfl,2026,2,401872934,401872934136,1,14:04,"R.Rehkow punts 45 yards to HST 8, Center-W.Wagner. J.Noel pushed ob at HST 13 for 5 yards (O.Burks).",4,4,CIN 47,53,0,Houston Texans,Cincinnati Bengals,0,0,9.5,90.5,227.0,61.0,288.0,162.0,59.0,221.0,game,Total,Under,,35.5,polymarket,-123,—,—,,0.0,,hit,,,,—,,
2026-09-20T19:22:51.890725+00:00,nfl,2026,2,401872934,401872934136,1,14:04,"R.Rehkow punts 45 yards to HST 8, Center-W.Wagner. J.Noel pushed ob at HST 13 for 5 yards (O.Burks).",4,4,CIN 47,53,0,Houston Texans,Cincinnati Bengals,0,0,9.5,90.5,227.0,61.0,288.0,162.0,59.0,221.0,game,ML,Cincinnati Bengals,,,polymarketus,1666,—,—,,Loss,,miss,,,,—,,
2026-09-20T19:22:51.890725+00:00,nfl,2026,2,401872934,401872934136,1,14:04,"R.Rehkow punts 45 yards to HST 8, Center-W.Wagner. J.Noel pushed ob at HST 13 for 5 yards (O.Burks).",4,4,CIN 47,53,0,Houston Texans,Cincinnati Bengals,0,0,9.5,90.5,227.0,61.0,288.0,162.0,59.0,221.0,game,ML,Houston Texans,,,polymarket,809,—,—,,Loss,,miss,,,,—,,
2026-09-20T19:22:51.890725+00:00,nfl,2026,2,401872934,401872934207,1,13:55,D.Montgomery right guard to HST 15 for 2 yards (B.Carter; D.Hill).,1,10,HOU 13,13,0,Houston Texans,Cincinnati Bengals,0,0,9.5,90.5,227.0,61.0,288.0,162.0,59.0,221.0,game,Spread,Cincinnati Bengals,,-9.5,polymarketus,-105,—,—,,0,,miss,,,,—,,
2026-09-20T19:22:51.890725+00:00,nfl,2026,2,401872934,401872934207,1,13:55,D.Montgomery right guard to HST 15 for 2 yards (B.Carter; D.Hill).,1,10,HOU 13,13,0,Houston Texans,Cincinnati Bengals,0,0,9.5,90.5,227.0,61.0,288.0,162.0,59.0,221.0,game,Spread,Houston Texans,,9.5,polymarketus,-109,—,—,,0,,hit,,,,—,,
2026-09-20T19:22:51.890725+00:00,nfl,2026,2,401872934,401872934207,1,13:55,D.Montgomery right guard to HST 15 for 2 yards (B.Carter; D.Hill).,1,10,HOU 13,13,0,Houston Texans,Cincinnati Bengals,0,0,9.5,90.5,227.0,61.0,288.0,162.0,59.0,221.0,game,Total,Over,,35.5,polymarket,104,—,—,,0.0,,miss,,,,—,,
2026-09-20T19:22:51.890725+00:00,nfl,2026,2,401872934,401872934207,1,13:55,D.Montgomery right guard to HST 15 for 2 yards (B.Carter; D.Hill).,1,10,HOU 13,13,0,Houston Texans,Cincinnati Bengals,0,0,9.5,90.5,227.0,61.0,288.0,162.0,59.0,221.0,game,Total,Under,,35.5,polymarket,-123,—,—,,0.0,,hit,,,,—,,
2026-09-20T19:22:51.890725+00:00,nfl,2026,2,401872934,401872934207,1,13:55,D.Montgomery right guard to HST 15 for 2 yards (B.Carter; D.Hill).,1,10,HOU 13,13,0,Houston Texans,Cincinnati Bengals,0,0,9.5,90.5,227.0,61.0,288.0,162.0,59.0,221.0,game,ML,Cincinnati Bengals,,,polymarketus,1666,—,—,,Loss,,miss,,,,—,,
2026-09-20T19:22:51.890725+00:00,nfl,2026,2,401872934,401872934207,1,13:55,D.Montgomery right guard to HST 15 for 2 yards (B.Carter; D.Hill).,1,10,HOU 13,13,0,Houston Texans,Cincinnati Bengals,0,0,9.5,90.5,227.0,61.0,288.0,162.0,59.0,221.0,game,ML,Houston Texans,,,polymarket,809,—,—,,Loss,,miss,,,,—,,
2026-09-20T19:22:51.890725+00:00,nfl,2026,2,401872934,401872934229,1,13:29,"(No Huddle, Shotgun) C.Stroud pass incomplete short left to X.Hutchinson (D.Turner).",2,8,HOU 15,15,0,Houston Texans,Cincinnati Bengals,0,0,9.5,90.5,227.0,61.0,288.0,162.0,59.0,221.0,game,Spread,Cincinnati Bengals,,-9.5,polymarketus,-105,—,—,,0,,miss,,,,—,,
2026-09-20T19:22:51.890725+00:00,nfl,2026,2,401872934,401872934229,1,13:29,"(No Huddle, Shotgun) C.Stroud pass incomplete short left to X.Hutchinson (D.Turner).",2,8,HOU 15,15,0,Houston Texans,Cincinnati Bengals,0,0,9.5,90.5,227.0,61.0,288.0,162.0,59.0,221.0,game,Spread,Houston Texans,,9.5,polymarketus,-109,—,—,,0,,hit,,,,—,,
2026-09-20T19:22:51.890725+00:00,nfl,2026,2,401872934,401872934229,1,13:29,"(No Huddle, Shotgun) C.Stroud pass incomplete short left to X.Hutchinson (D.Turner).",2,8,HOU 15,15,0,Houston Texans,Cincinnati Bengals,0,0,9.5,90.5,227.0,61.0,288.0,162.0,59.0,221.0,game,Total,Over,,35.5,polymarket,104,—,—,,0.0,,miss,,,,—,,
2026-09-20T19:22:51.890725+00:00,nfl,2026,2,401872934,401872934229,1,13:29,"(No Huddle, Shotgun) C.Stroud pass incomplete short left to X.Hutchinson (D.Turner).",2,8,HOU 15,15,0,Houston Texans,Cincinnati Bengals,0,0,9.5,90.5,227.0,61.0,288.0,162.0,59.0,221.0,game,Total,Under,,35.5,polymarket,-123,—,—,,0.0,,hit,,,,—,,
2026-09-20T19:22:51.890725+00:00,nfl,2026,2,401872934,401872934229,1,13:29,"(No Huddle, Shotgun) C.Stroud pass incomplete short left to X.Hutchinson (D.Turner).",2,8,HOU 15,15,0,Houston Texans,Cincinnati Bengals,0,0,9.5,90.5,227.0,61.0,288.0,162.0,59.0,221.0,game,ML,Cincinnati Bengals,,,polymarketus,1666,—,—,,Loss,,miss,,,,—,,
2026-09-20T19:22:51.890725+00:00,nfl,2026,2,401872934,401872934229,1,13:29,"(No Huddle, Shotgun) C.Stroud pass incomplete short left to X.Hutchinson (D.Turner).",2,8,HOU 15,15,0,Houston Texans,Cincinnati Bengals,0,0,9.5,90.5,227.0,61.0,288.0,162.0,59.0,221.0,game,ML,Houston Texans,,,polymarket,809,—,—,,Loss,,miss,,,,—,,
2026-09-20T19:22:51.890725+00:00,nfl,2026,2,401872934,401872934252,1,13:24,(Shotgun) C.Stroud pass incomplete short middle to J.Wayne (J.Davis).,3,8,HOU 15,15,0,Houston Texans,Cincinnati Bengals,0,0,9.5,90.5,227.0,61.0,288.0,162.0,59.0,221.0,game,Spread,Cincinnati Bengals,,-9.5,polymarketus,-105,—,—,,0,,miss,,,,—,,
2026-09-20T19:22:51.890725+00:00,nfl,2026,2,401872934,401872934252,1,13:24,(Shotgun) C.Stroud pass incomplete short middle to J.Wayne (J.Davis).,3,8,HOU 15,15,0,Houston Texans,Cincinnati Bengals,0,0,9.5,90.5,227.0,61.0,288.0,162.0,59.0,221.0,game,Spread,Houston Texans,,9.5,polymarketus,-109,—,—,,0,,hit,,,,—,,
2026-09-20T19:22:51.890725+00:00,nfl,2026,2,401872934,401872934252,1,13:24,(Shotgun) C.Stroud pass incomplete short middle to J.Wayne (J.Davis).,3,8,HOU 15,15,0,Houston Texans,Cincinnati Bengals,0,0,9.5,90.5,227.0,61.0,288.0,162.0,59.0,221.0,game,Total,Over,,35.5,polymarket,104,—,—,,0.0,,miss,,,,—,,
2026-09-20T19:22:51.890725+00:00,nfl,2026,2,401872934,401872934252,1,13:24,(Shotgun) C.Stroud pass incomplete short middle to J.Wayne (J.Davis).,3,8,HOU 15,15,0,Houston Texans,Cincinnati Bengals,0,0,9.5,90.5,227.0,61.0,288.0,162.0,59.0,221.0,game,Total,Under,,35.5,polymarket,-123,—,—,,0.0,,hit,,,,—,,
2026-09-20T19:22:51.890725+00:00,nfl,2026,2,401872934,401872934252,1,13:24,(Shotgun) C.Stroud pass incomplete short middle to J.Wayne (J.Davis).,3,8,HOU 15,15,0,Houston Texans,Cincinnati Bengals,0,0,9.5,90.5,227.0,61.0,288.0,162.0,59.0,221.0,game,ML,Cincinnati Bengals,,,polymarketus,1666,—,—,,Loss,,miss,,,,—,,
2026-09-20T19:22:51.890725+00:00,nfl,2026,2,401872934,401872934252,1,13:24,(Shotgun) C.Stroud pass incomplete short middle to J.Wayne (J.Davis).,3,8,HOU 15,15,0,Houston Texans,Cincinnati Bengals,0,0,9.5,90.5,227.0,61.0,288.0,162.0,59.0,221.0,game,ML,Houston Texans,,,polymarket,809,—,—,,Loss,,miss,,,,—,,
2026-09-20T19:22:51.890725+00:00,nfl,2026,2,401872934,401872934287,1,13:19,"K.Kroeger punts 39 yards to CIN 46, Center-A.Brinkman, fair catch by D.Meyers.",4,8,HOU 15,15,0,Houston Texans,Cincinnati Bengals,0,0,9.5,90.5,227.0,61.0,288.0,162.0,59.0,221.0,game,Spread,Cincinnati Bengals,,-9.5,polymarketus,-105,—,—,,0,,miss,,,,—,,
2026-09-20T19:22:51.890725+00:00,nfl,2026,2,401872934,401872934287,1,13:19,"K.Kroeger punts 39 yards to CIN 46, Center-A.Brinkman, fair catch by D.Meyers.",4,8,HOU 15,15,0,Houston Texans,Cincinnati Bengals,0,0,9.5,90.5,227.0,61.0,288.0,162.0,59.0,221.0,game,Spread,Houston Texans,,9.5,polymarketus,-109,—,—,,0,,hit,,,,—,,
2026-09-20T19:22:51.890725+00:00,nfl,2026,2,401872934,401872934287,1,13:19,"K.Kroeger punts 39 yards to CIN 46, Center-A.Brinkman, fair catch by D.Meyers.",4,8,HOU 15,15,0,Houston Texans,Cincinnati Bengals,0,0,9.5,90.5,227.0,61.0,288.0,162.0,59.0,221.0,game,Total,Over,,35.5,polymarket,104,—,—,,0.0,,miss,,,,—,,
2026-09-20T19:22:51.890725+00:00,nfl,2026,2,401872934,401872934287,1,13:19,"K.Kroeger punts 39 yards to CIN 46, Center-A.Brinkman, fair catch by D.Meyers.",4,8,HOU 15,15,0,Houston Texans,Cincinnati Bengals,0,0,9.5,90.5,227.0,61.0,288.0,162.0,59.0,221.0,game,Total,Under,,35.5,polymarket,-123,—,—,,0.0,,hit,,,,—,,
2026-09-20T19:22:51.890725+00:00,nfl,2026,2,401872934,401872934287,1,13:19,"K.Kroeger punts 39 yards to CIN 46, Center-A.Brinkman, fair catch by D.Meyers.",4,8,HOU 15,15,0,Houston Texans,Cincinnati Bengals,0,0,9.5,90.5,227.0,61.0,288.0,162.0,59.0,221.0,game,ML,Cincinnati Bengals,,,polymarketus,1666,—,—,,Loss,,miss,,,,—,,
2026-09-20T19:22:51.890725+00:00,nfl,2026,2,401872934,401872934287,1,13:19,"K.Kroeger punts 39 yards to CIN 46, Center-A.Brinkman, fair catch by D.Meyers.",4,8,HOU 15,15,0,Houston Texans,Cincinnati Bengals,0,0,9.5,90.5,227.0,61.0,288.0,162.0,59.0,221.0,game,ML,Houston Texans,,,polymarket,809,—,—,,Loss,,miss,,,,—,,
2026-09-20T19:22:51.890725+00:00,nfl,2026,2,401872934,401872934297,1,13:12,Official Timeout at 13:12.,1,10,CIN 46,54,0,Houston Texans,Cincinnati Bengals,0,0,9.5,90.5,227.0,61.0,288.0,162.0,59.0,221.0,game,Spread,Cincinnati Bengals,,-9.5,polymarketus,-105,—,—,,0,,miss,,,,—,,
2026-09-20T19:22:51.890725+00:00,nfl,2026,2,401872934,401872934297,1,13:12,Official Timeout at 13:12.,1,10,CIN 46,54,0,Houston Texans,Cincinnati Bengals,0,0,9.5,90.5,227.0,61.0,288.0,162.0,59.0,221.0,game,Spread,Houston Texans,,9.5,polymarketus,-109,—,—,,0,,hit,,,,—,,
2026-09-20T19:22:51.890725+00:00,nfl,2026,2,401872934,401872934297,1,13:12,Official Timeout at 13:12.,1,10,CIN 46,54,0,Houston Texans,Cincinnati Bengals,0,0,9.5,90.5,227.0,61.0,288.0,162.0,59.0,221.0,game,Total,Over,,35.5,polymarket,104,—,—,,0.0,,miss,,,,—,,
2026-09-20T19:22:51.890725+00:00,nfl,2026,2,401872934,401872934297,1,13:12,Official Timeout at 13:12.,1,10,CIN 46,54,0,Houston Texans,Cincinnati Bengals,0,0,9.5,90.5,227.0,61.0,288.0,162.0,59.0,221.0,game,Total,Under,,35.5,polymarket,-123,—,—,,0.0,,hit,,,,—,,
2026-09-20T19:22:51.890725+00:00,nfl,2026,2,401872934,401872934297,1,13:12,Official Timeout at 13:12.,1,10,CIN 46,54,0,Houston Texans,Cincinnati Bengals,0,0,9.5,90.5,227.0,61.0,288.0,162.0,59.0,221.0,game,ML,Cincinnati Bengals,,,polymarketus,1666,—,—,,Loss,,miss,,,,—,,
2026-09-20T19:22:51.890725+00:00,nfl,2026,2,401872934,401872934297,1,13:12,Official Timeout at 13:12.,1,10,CIN 46,54,0,Houston Texans,Cincinnati Bengals,0,0,9.5,90.5,227.0,61.0,288.0,162.0,59.0,221.0,game,ML,Houston Texans,,,polymarket,809,—,—,,Loss,,miss,,,,—,,
2026-09-20T19:22:51.890725+00:00,nfl,2026,2,401872934,401872934307,1,13:12,(Shotgun) S.Perine up the middle to CIN 48 for 2 yards (M.Edwards; T.Togiai).,1,10,CIN 46,54,0,Houston Texans,Cincinnati Bengals,0,0,9.5,90.5,227.0,61.0,288.0,162.0,59.0,221.0,game,Spread,Cincinnati Bengals,,-9.5,polymarketus,-105,—,—,,0,,miss,,,,—,,
2026-09-20T19:22:51.890725+00:00,nfl,2026,2,401872934,401872934307,1,13:12,(Shotgun) S.Perine up the middle to CIN 48 for 2 yards (M.Edwards; T.Togiai).,1,10,CIN 46,54,0,Houston Texans,Cincinnati Bengals,0,0,9.5,90.5,227.0,61.0,288.0,162.0,59.0,221.0,game,Spread,Houston Texans,,9.5,polymarketus,-109,—,—,,0,,hit,,,,—,,
2026-09-20T19:22:51.890725+00:00,nfl,2026,2,401872934,401872934307,1,13:12,(Shotgun) S.Perine up the middle to CIN 48 for 2 yards (M.Edwards; T.Togiai).,1,10,CIN 46,54,0,Houston Texans,Cincinnati Bengals,0,0,9.5,90.5,227.0,61.0,288.0,162.0,59.0,221.0,game,Total,Over,,35.5,polymarket,104,—,—,,0.0,,miss,,,,—,,
2026-09-20T19:22:51.890725+00:00,nfl,2026,2,401872934,401872934307,1,13:12,(Shotgun) S.Perine up the middle to CIN 48 for 2 yards (M.Edwards; T.Togiai).,1,10,CIN 46,54,0,Houston Texans,Cincinnati Bengals,0,0,9.5,90.5,227.0,61.0,288.0,162.0,59.0,221.0,game,Total,Under,,35.5,polymarket,-123,—,—,,0.0,,hit,,,,—,,
2026-09-20T19:22:51.890725+00:00,nfl,2026,2,401872934,401872934307,1,13:12,(Shotgun) S.Perine up the middle to CIN 48 for 2 yards (M.Edwards; T.Togiai).,1,10,CIN 46,54,0,Houston Texans,Cincinnati Bengals,0,0,9.5,90.5,227.0,61.0,288.0,162.0,59.0,221.0,game,ML,Cincinnati Bengals,,,polymarketus,1666,—,—,,Loss,,miss,,,,—,,
2026-09-20T19:22:51.890725+00:00,nfl,2026,2,401872934,401872934307,1,13:12,(Shotgun) S.Perine up the middle to CIN 48 for 2 yards (M.Edwards; T.Togiai).,1,10,CIN 46,54,0,Houston Texans,Cincinnati Bengals,0,0,9.5,90.5,227.0,61.0,288.0,162.0,59.0,221.0,game,ML,Houston Texans,,,polymarket,809,—,—,,Loss,,miss,,,,—,,
2026-09-20T19:22:51.890725+00:00,nfl,2026,2,401872934,401872934336,1,12:38,(Shotgun) J.Burrow pass short middle to J.Chase to HST 44 for 8 yards (K.Lassiter; J.Hansen).,2,8,CIN 48,52,0,Houston Texans,Cincinnati Bengals,0,0,9.5,90.5,227.0,61.0,288.0,162.0,59.0,221.0,game,Spread,Cincinnati Bengals,,-9.5,polymarketus,-105,—,—,,0,,miss,,,,—,,
2026-09-20T19:22:51.890725+00:00,nfl,2026,2,401872934,401872934336,1,12:38,(Shotgun) J.Burrow pass short middle to J.Chase to HST 44 for 8 yards (K.Lassiter; J.Hansen).,2,8,CIN 48,52,0,Houston Texans,Cincinnati Bengals,0,0,9.5,90.5,227.0,61.0,288.0,162.0,59.0,221.0,game,Spread,Houston Texans,,9.5,polymarketus,-109,—,—,,0,,hit,,,,—,,
2026-09-20T19:22:51.890725+00:00,nfl,2026,2,401872934,401872934336,1,12:38,(Shotgun) J.Burrow pass short middle to J.Chase to HST 44 for 8 yards (K.Lassiter; J.Hansen).,2,8,CIN 48,52,0,Houston Texans,Cincinnati Bengals,0,0,9.5,90.5,227.0,61.0,288.0,162.0,59.0,221.0,game,Total,Over,,35.5,polymarket,104,—,—,,0.0,,miss,,,,—,,
2026-09-20T19:22:51.890725+00:00,nfl,2026,2,401872934,401872934336,1,12:38,(Shotgun) J.Burrow pass short middle to J.Chase to HST 44 for 8 yards (K.Lassiter; J.Hansen).,2,8,CIN 48,52,0,Houston Texans,Cincinnati Bengals,0,0,9.5,90.5,227.0,61.0,288.0,162.0,59.0,221.0,game,Total,Under,,35.5,polymarket,-123,—,—,,0.0,,hit,,,,—,,
2026-09-20T19:22:51.890725+00:00,nfl,2026,2,401872934,401872934336,1,12:38,(Shotgun) J.Burrow pass short middle to J.Chase to HST 44 for 8 yards (K.Lassiter; J.Hansen).,2,8,CIN 48,52,0,Houston Texans,Cincinnati Bengals,0,0,9.5,90.5,227.0,61.0,288.0,162.0,59.0,221.0,game,ML,Cincinnati Bengals,,,polymarketus,1666,—,—,,Loss,,miss,,,,—,,
2026-09-20T19:22:51.890725+00:00,nfl,2026,2,401872934,401872934336,1,12:38,(Shotgun) J.Burrow pass short middle to J.Chase to HST 44 for 8 yards (K.Lassiter; J.Hansen).,2,8,CIN 48,52,0,Houston Texans,Cincinnati Bengals,0,0,9.5,90.5,227.0,61.0,288.0,162.0,59.0,221.0,game,ML,Houston Texans,,,polymarket,809,—,—,,Loss,,miss,,,,—,,
2026-09-20T19:22:51.890725+00:00,nfl,2026,2,401872934,401872934361,1,11:55,"(Shotgun) PENALTY on CIN-J.Chase, False Start, 5 yards, enforced at HST 44 - No Play.",1,10,HOU 44,44,0,Houston Texans,Cincinnati Bengals,0,0,9.5,90.5,227.0,61.0,288.0,162.0,59.0,221.0,game,Spread,Cincinnati Bengals,,-9.5,polymarketus,-105,—,—,,0,,miss,,,,—,,
2026-09-20T19:22:51.890725+00:00,nfl,2026,2,401872934,401872934361,1,11:55,"(Shotgun) PENALTY on CIN-J.Chase, False Start, 5 yards, enforced at HST 44 - No Play.",1,10,HOU 44,44,0,Houston Texans,Cincinnati Bengals,0,0,9.5,90.5,227.0,61.0,288.0,162.0,59.0,221.0,game,Spread,Houston Texans,,9.5,polymarketus,-109,—,—,,0,,hit,,,,—,,
2026-09-20T19:22:51.890725+00:00,nfl,2026,2,401872934,401872934361,1,11:55,"(Shotgun) PENALTY on CIN-J.Chase, False Start, 5 yards, enforced at HST 44 - No Play.",1,10,HOU 44,44,0,Houston Texans,Cincinnati Bengals,0,0,9.5,90.5,227.0,61.0,288.0,162.0,59.0,221.0,game,Total,Over,,35.5,polymarket,104,—,—,,0.0,,miss,,,,—,,
2026-09-20T19:22:51.890725+00:00,nfl,2026,2,401872934,401872934361,1,11:55,"(Shotgun) PENALTY on CIN-J.Chase, False Start, 5 yards, enforced at HST 44 - No Play.",1,10,HOU 44,44,0,Houston Texans,Cincinnati Bengals,0,0,9.5,90.5,227.0,61.0,288.0,162.0,59.0,221.0,game,Total,Under,,35.5,polymarket,-123,—,—,,0.0,,hit,,,,—,,
2026-09-20T19:22:51.890725+00:00,nfl,2026,2,401872934,401872934361,1,11:55,"(Shotgun) PENALTY on CIN-J.Chase, False Start, 5 yards, enforced at HST 44 - No Play.",1,10,HOU 44,44,0,Houston Texans,Cincinnati Bengals,0,0,9.5,90.5,227.0,61.0,288.0,162.0,59.0,221.0,game,ML,Cincinnati Bengals,,,polymarketus,1666,—,—,,Loss,,miss,,,,—,,
2026-09-20T19:22:51.890725+00:00,nfl,2026,2,401872934,401872934361,1,11:55,"(Shotgun) PENALTY on CIN-J.Chase, False Start, 5 yards, enforced at HST 44 - No Play.",1,10,HOU 44,44,0,Houston Texans,Cincinnati Bengals,0,0,9.5,90.5,227.0,61.0,288.0,162.0,59.0,221.0,game,ML,Houston Texans,,,polymarket,809,—,—,,Loss,,miss,,,,—,,
2026-09-20T19:22:51.890725+00:00,nfl,2026,2,401872934,401872934385,1,11:38,(Shotgun) C.Brown up the middle to HST 45 for 4 yards (T.Togiai; M.Edwards).,1,15,HOU 49,49,0,Houston Texans,Cincinnati Bengals,0,0,9.5,90.5,227.0,61.0,288.0,162.0,59.0,221.0,game,Spread,Cincinnati Bengals,,-9.5,polymarketus,-105,—,—,,0,,miss,,,,—,,
2026-09-20T19:22:51.890725+00:00,nfl,2026,2,401872934,401872934385,1,11:38,(Shotgun) C.Brown up the middle to HST 45 for 4 yards (T.Togiai; M.Edwards).,1,15,HOU 49,49,0,Houston Texans,Cincinnati Bengals,0,0,9.5,90.5,227.0,61.0,288.0,162.0,59.0,221.0,game,Spread,Houston Texans,,9.5,polymarketus,-109,—,—,,0,,hit,,,,—,,
2026-09-20T19:22:51.890725+00:00,nfl,2026,2,401872934,401872934385,1,11:38,(Shotgun) C.Brown up the middle to HST 45 for 4 yards (T.Togiai; M.Edwards).,1,15,HOU 49,49,0,Houston Texans,Cincinnati Bengals,0,0,9.5,90.5,227.0,61.0,288.0,162.0,59.0,221.0,game,Total,Over,,35.5,polymarket,104,—,—,,0.0,,miss,,,,—,,
2026-09-20T19:22:51.890725+00:00,nfl,2026,2,401872934,401872934385,1,11:38,(Shotgun) C.Brown up the middle to HST 45 for 4 yards (T.Togiai; M.Edwards).,1,15,HOU 49,49,0,Houston Texans,Cincinnati Bengals,0,0,9.5,90.5,227.0,61.0,288.0,162.0,59.0,221.0,game,Total,Under,,35.5,polymarket,-123,—,—,,0.0,,hit,,,,—,,
2026-09-20T19:22:51.890725+00:00,nfl,2026,2,401872934,401872934385,1,11:38,(Shotgun) C.Brown up the middle to HST 45 for 4 yards (T.Togiai; M.Edwards).,1,15,HOU 49,49,0,Houston Texans,Cincinnati Bengals,0,0,9.5,90.5,227.0,61.0,288.0,162.0,59.0,221.0,game,ML,Cincinnati Bengals,,,polymarketus,1666,—,—,,Loss,,miss,,,,—,,
2026-09-20T19:22:51.890725+00:00,nfl,2026,2,401872934,401872934385,1,11:38,(Shotgun) C.Brown up the middle to HST 45 for 4 yards (T.Togiai; M.Edwards).,1,15,HOU 49,49,0,Houston Texans,Cincinnati Bengals,0,0,9.5,90.5,227.0,61.0,288.0,162.0,59.0,221.0,game,ML,Houston Texans,,,polymarket,809,—,—,,Loss,,miss,,,,—,,
2026-09-20T19:22:51.890725+00:00,nfl,2026,2,401872934,401872934407,1,11:04,(Shotgun) J.Burrow pass incomplete short left to C.Brown (W.Anderson).,2,11,HOU 45,45,0,Houston Texans,Cincinnati Bengals,0,0,9.5,90.5,227.0,61.0,288.0,162.0,59.0,221.0,game,Spread,Cincinnati Bengals,,-9.5,polymarketus,-105,—,—,,0,,miss,,,,—,,
2026-09-20T19:22:51.890725+00:00,nfl,2026,2,401872934,401872934407,1,11:04,(Shotgun) J.Burrow pass incomplete short left to C.Brown (W.Anderson).,2,11,HOU 45,45,0,Houston Texans,Cincinnati Bengals,0,0,9.5,90.5,227.0,61.0,288.0,162.0,59.0,221.0,game,Spread,Houston Texans,,9.5,polymarketus,-109,—,—,,0,,hit,,,,—,,
2026-09-20T19:22:51.890725+00:00,nfl,2026,2,401872934,401872934407,1,11:04,(Shotgun) J.Burrow pass incomplete short left to C.Brown (W.Anderson).,2,11,HOU 45,45,0,Houston Texans,Cincinnati Bengals,0,0,9.5,90.5,227.0,61.0,288.0,162.0,59.0,221.0,game,Total,Over,,35.5,polymarket,104,—,—,,0.0,,miss,,,,—,,
2026-09-20T19:22:51.890725+00:00,nfl,2026,2,401872934,401872934407,1,11:04,(Shotgun) J.Burrow pass incomplete short left to C.Brown (W.Anderson).,2,11,HOU 45,45,0,Houston Texans,Cincinnati Bengals,0,0,9.5,90.5,227.0,61.0,288.0,162.0,59.0,221.0,game,Total,Under,,35.5,polymarket,-123,—,—,,0.0,,hit,,,,—,,
2026-09-20T19:22:51.890725+00:00,nfl,2026,2,401872934,401872934407,1,11:04,(Shotgun) J.Burrow pass incomplete short left to C.Brown (W.Anderson).,2,11,HOU 45,45,0,Houston Texans,Cincinnati Bengals,0,0,9.5,90.5,227.0,61.0,288.0,162.0,59.0,221.0,game,ML,Cincinnati Bengals,,,polymarketus,1666,—,—,,Loss,,miss,,,,—,,
2026-09-20T19:22:51.890725+00:00,nfl,2026,2,401872934,401872934407,1,11:04,(Shotgun) J.Burrow pass incomplete short left to C.Brown (W.Anderson).,2,11,HOU 45,45,0,Houston Texans,Cincinnati Bengals,0,0,9.5,90.5,227.0,61.0,288.0,162.0,59.0,221.0,game,ML,Houston Texans,,,polymarket,809,—,—,,Loss,,miss,,,,—,,
2026-09-20T19:22:51.890725+00:00,nfl,2026,2,401872934,401872934430,1,10:58,(Shotgun) J.Burrow sacked at CIN 49 for -6 yards (L.Hall).,3,11,HOU 45,45,0,Houston Texans,Cincinnati Bengals,0,0,9.5,90.5,227.0,61.0,288.0,162.0,59.0,221.0,game,Spread,Cincinnati Bengals,,-9.5,polymarketus,-105,—,—,,0,,miss,,,,—,,
2026-09-20T19:22:51.890725+00:00,nfl,2026,2,401872934,401872934430,1,10:58,(Shotgun) J.Burrow sacked at CIN 49 for -6 yards (L.Hall).,3,11,HOU 45,45,0,Houston Texans,Cincinnati Bengals,0,0,9.5,90.5,227.0,61.0,288.0,162.0,59.0,221.0,game,Spread,Houston Texans,,9.5,polymarketus,-109,—,—,,0,,hit,,,,—,,
2026-09-20T19:22:51.890725+00:00,nfl,2026,2,401872934,401872934430,1,10:58,(Shotgun) J.Burrow sacked at CIN 49 for -6 yards (L.Hall).,3,11,HOU 45,45,0,Houston Texans,Cincinnati Bengals,0,0,9.5,90.5,227.0,61.0,288.0,162.0,59.0,221.0,game,Total,Over,,35.5,polymarket,104,—,—,,0.0,,miss,,,,—,,
2026-09-20T19:22:51.890725+00:00,nfl,2026,2,401872934,401872934430,1,10:58,(Shotgun) J.Burrow sacked at CIN 49 for -6 yards (L.Hall).,3,11,HOU 45,45,0,Houston Texans,Cincinnati Bengals,0,0,9.5,90.5,227.0,61.0,288.0,162.0,59.0,221.0,game,Total,Under,,35.5,polymarket,-123,—,—,,0.0,,hit,,,,—,,
2026-09-20T19:22:51.890725+00:00,nfl,2026,2,401872934,401872934430,1,10:58,(Shotgun) J.Burrow sacked at CIN 49 for -6 yards (L.Hall).,3,11,HOU 45,45,0,Houston Texans,Cincinnati Bengals,0,0,9.5,90.5,227.0,61.0,288.0,162.0,59.0,221.0,game,ML,Cincinnati Bengals,,,polymarketus,1666,—,—,,Loss,,miss,,,,—,,
2026-09-20T19:22:51.890725+00:00,nfl,2026,2,401872934,401872934430,1,10:58,(Shotgun) J.Burrow sacked at CIN 49 for -6 yards (L.Hall).,3,11,HOU 45,45,0,Houston Texans,Cincinnati Bengals,0,0,9.5,90.5,227.0,61.0,288.0,162.0,59.0,221.0,game,ML,Houston Texans,,,polymarket,809,—,—,,Loss,,miss,,,,—,,
2026-09-20T19:22:51.890725+00:00,nfl,2026,2,401872934,401872934450,1,10:15,"R.Rehkow punts 43 yards to HST 8, Center-W.Wagner, fair catch by J.Noel.",4,17,CIN 49,51,0,Houston Texans,Cincinnati Bengals,0,0,9.5,90.5,227.0,61.0,288.0,162.0,59.0,221.0,game,Spread,Cincinnati Bengals,,-9.5,polymarketus,-105,—,—,,0,,miss,,,,—,,
2026-09-20T19:22:51.890725+00:00,nfl,2026,2,401872934,401872934450,1,10:15,"R.Rehkow punts 43 yards to HST 8, Center-W.Wagner, fair catch by J.Noel.",4,17,CIN 49,51,0,Houston Texans,Cincinnati Bengals,0,0,9.5,90.5,227.0,61.0,288.0,162.0,59.0,221.0,game,Spread,Houston Texans,,9.5,polymarketus,-109,—,—,,0,,hit,,,,—,,
2026-09-20T19:22:51.890725+00:00,nfl,2026,2,401872934,401872934450,1,10:15,"R.Rehkow punts 43 yards to HST 8, Center-W.Wagner, fair catch by J.Noel.",4,17,CIN 49,51,0,Houston Texans,Cincinnati Bengals,0,0,9.5,90.5,227.0,61.0,288.0,162.0,59.0,221.0,game,Total,Over,,35.5,polymarket,104,—,—,,0.0,,miss,,,,—,,
2026-09-20T19:22:51.890725+00:00,nfl,2026,2,401872934,401872934450,1,10:15,"R.Rehkow punts 43 yards to HST 8, Center-W.Wagner, fair catch by J.Noel.",4,17,CIN 49,51,0,Houston Texans,Cincinnati Bengals,0,0,9.5,90.5,227.0,61.0,288.0,162.0,59.0,221.0,game,Total,Under,,35.5,polymarket,-123,—,—,,0.0,,hit,,,,—,,
2026-09-20T19:22:51.890725+00:00,nfl,2026,2,401872934,401872934450,1,10:15,"R.Rehkow punts 43 yards to HST 8, Center-W.Wagner, fair catch by J.Noel.",4,17,CIN 49,51,0,Houston Texans,Cincinnati Bengals,0,0,9.5,90.5,227.0,61.0,288.0,162.0,59.0,221.0,game,ML,Cincinnati Bengals,,,polymarketus,1666,—,—,,Loss,,miss,,,,—,,
2026-09-20T19:22:51.890725+00:00,nfl,2026,2,401872934,401872934450,1,10:15,"R.Rehkow punts 43 yards to HST 8, Center-W.Wagner, fair catch by J.Noel.",4,17,CIN 49,51,0,Houston Texans,Cincinnati Bengals,0,0,9.5,90.5,227.0,61.0,288.0,162.0,59.0,221.0,game,ML,Houston Texans,,,polymarket,809,—,—,,Loss,,miss,,,,—,,
2026-09-20T19:22:51.890725+00:00,nfl,2026,2,401872934,401872934460,1,10:08,Official Timeout at 10:08.,1,10,HOU 8,8,0,Houston Texans,Cincinnati Bengals,0,0,9.5,90.5,227.0,61.0,288.0,162.0,59.0,221.0,game,Spread,Cincinnati Bengals,,-9.5,polymarketus,-105,—,—,,0,,miss,,,,—,,
2026-09-20T19:22:51.890725+00:00,nfl,2026,2,401872934,401872934460,1,10:08,Official Timeout at 10:08.,1,10,HOU 8,8,0,Houston Texans,Cincinnati Bengals,0,0,9.5,90.5,227.0,61.0,288.0,162.0,59.0,221.0,game,Spread,Houston Texans,,9.5,polymarketus,-109,—,—,,0,,hit,,,,—,,
2026-09-20T19:22:51.890725+00:00,nfl,2026,2,401872934,401872934460,1,10:08,Official Timeout at 10:08.,1,10,HOU 8,8,0,Houston Texans,Cincinnati Bengals,0,0,9.5,90.5,227.0,61.0,288.0,162.0,59.0,221.0,game,Total,Over,,35.5,polymarket,104,—,—,,0.0,,miss,,,,—,,
2026-09-20T19:22:51.890725+00:00,nfl,2026,2,401872934,401872934460,1,10:08,Official Timeout at 10:08.,1,10,HOU 8,8,0,Houston Texans,Cincinnati Bengals,0,0,9.5,90.5,227.0,61.0,288.0,162.0,59.0,221.0,game,Total,Under,,35.5,polymarket,-123,—,—,,0.0,,hit,,,,—,,
2026-09-20T19:22:51.890725+00:00,nfl,2026,2,401872934,401872934460,1,10:08,Official Timeout at 10:08.,1,10,HOU 8,8,0,Houston Texans,Cincinnati Bengals,0,0,9.5,90.5,227.0,61.0,288.0,162.0,59.0,221.0,game,ML,Cincinnati Bengals,,,polymarketus,1666,—,—,,Loss,,miss,,,,—,,
2026-09-20T19:22:51.890725+00:00,nfl,2026,2,401872934,401872934460,1,10:08,Official Timeout at 10:08.,1,10,HOU 8,8,0,Houston Texans,Cincinnati Bengals,0,0,9.5,90.5,227.0,61.0,288.0,162.0,59.0,221.0,game,ML,Houston Texans,,,polymarket,809,—,—,,Loss,,miss,,,,—,,
2026-09-20T19:22:51.890725+00:00,nfl,2026,2,401872934,401872934470,1,10:08,(Shotgun) D.Montgomery left guard to HST 12 for 4 yards (B.Mafe).,1,10,HOU 8,8,0,Houston Texans,Cincinnati Bengals,0,0,9.5,90.5,227.0,61.0,288.0,162.0,59.0,221.0,game,Spread,Cincinnati Bengals,,-9.5,polymarketus,-105,—,—,,0,,miss,,,,—,,
2026-09-20T19:22:51.890725+00:00,nfl,2026,2,401872934,401872934470,1,10:08,(Shotgun) D.Montgomery left guard to HST 12 for 4 yards (B.Mafe).,1,10,HOU 8,8,0,Houston Texans,Cincinnati Bengals,0,0,9.5,90.5,227.0,61.0,288.0,162.0,59.0,221.0,game,Spread,Houston Texans,,9.5,polymarketus,-109,—,—,,0,,hit,,,,—,,
2026-09-20T19:22:51.890725+00:00,nfl,2026,2,401872934,401872934470,1,10:08,(Shotgun) D.Montgomery left guard to HST 12 for 4 yards (B.Mafe).,1,10,HOU 8,8,0,Houston Texans,Cincinnati Bengals,0,0,9.5,90.5,227.0,61.0,288.0,162.0,59.0,221.0,game,Total,Over,,35.5,polymarket,104,—,—,,0.0,,miss,,,,—,,
2026-09-20T19:22:51.890725+00:00,nfl,2026,2,401872934,401872934470,1,10:08,(Shotgun) D.Montgomery left guard to HST 12 for 4 yards (B.Mafe).,1,10,HOU 8,8,0,Houston Texans,Cincinnati Bengals,0,0,9.5,90.5,227.0,61.0,288.0,162.0,59.0,221.0,game,Total,Under,,35.5,polymarket,-123,—,—,,0.0,,hit,,,,—,,
2026-09-20T19:22:51.890725+00:00,nfl,2026,2,401872934,401872934470,1,10:08,(Shotgun) D.Montgomery left guard to HST 12 for 4 yards (B.Mafe).,1,10,HOU 8,8,0,Houston Texans,Cincinnati Bengals,0,0,9.5,90.5,227.0,61.0,288.0,162.0,59.0,221.0,game,ML,Cincinnati Bengals,,,polymarketus,1666,—,—,,Loss,,miss,,,,—,,
2026-09-20T19:22:51.890725+00:00,nfl,2026,2,401872934,401872934470,1,10:08,(Shotgun) D.Montgomery left guard to HST 12 for 4 yards (B.Mafe).,1,10,HOU 8,8,0,Houston Texans,Cincinnati Bengals,0,0,9.5,90.5,227.0,61.0,288.0,162.0,59.0,221.0,game,ML,Houston Texans,,,polymarket,809,—,—,,Loss,,miss,,,,—,,
2026-09-20T19:22:51.890725+00:00,nfl,2026,2,401872934,401872934499,1,9:30,(Shotgun) D.Montgomery up the middle to HST 13 for 1 yard (D.Lawrence; B.Carter).,2,6,HOU 12,12,0,Houston Texans,Cincinnati Bengals,0,0,9.5,90.5,227.0,61.0,288.0,162.0,59.0,221.0,game,Spread,Cincinnati Bengals,,-9.5,polymarketus,-105,—,—,,0,,miss,,,,—,,
2026-09-20T19:22:51.890725+00:00,nfl,2026,2,401872934,401872934499,1,9:30,(Shotgun) D.Montgomery up the middle to HST 13 for 1 yard (D.Lawrence; B.Carter).,2,6,HOU 12,12,0,Houston Texans,Cincinnati Bengals,0,0,9.5,90.5,227.0,61.0,288.0,162.0,59.0,221.0,game,Spread,Houston Texans,,9.5,polymarketus,-109,—,—,,0,,hit,,,,—,,
2026-09-20T19:22:51.890725+00:00,nfl,2026,2,401872934,401872934499,1,9:30,(Shotgun) D.Montgomery up the middle to HST 13 for 1 yard (D.Lawrence; B.Carter).,2,6,HOU 12,12,0,Houston Texans,Cincinnati Bengals,0,0,9.5,90.5,227.0,61.0,288.0,162.0,59.0,221.0,game,Total,Over,,35.5,polymarket,104,—,—,,0.0,,miss,,,,—,,
2026-09-20T19:22:51.890725+00:00,nfl,2026,2,401872934,401872934499,1,9:30,(Shotgun) D.Montgomery up the middle to HST 13 for 1 yard (D.Lawrence; B.Carter).,2,6,HOU 12,12,0,Houston Texans,Cincinnati Bengals,0,0,9.5,90.5,227.0,61.0,288.0,162.0,59.0,221.0,game,Total,Under,,35.5,polymarket,-123,—,—,,0.0,,hit,,,,—,,
2026-09-20T19:22:51.890725+00:00,nfl,2026,2,401872934,401872934499,1,9:30,(Shotgun) D.Montgomery up the middle to HST 13 for 1 yard (D.Lawrence; B.Carter).,2,6,HOU 12,12,0,Houston Texans,Cincinnati Bengals,0,0,9.5,90.5,227.0,61.0,288.0,162.0,59.0,221.0,game,ML,Cincinnati Bengals,,,polymarketus,1666,—,—,,Loss,,miss,,,,—,,
2026-09-20T19:22:51.890725+00:00,nfl,2026,2,401872934,401872934499,1,9:30,(Shotgun) D.Montgomery up the middle to HST 13 for 1 yard (D.Lawrence; B.Carter).,2,6,HOU 12,12,0,Houston Texans,Cincinnati Bengals,0,0,9.5,90.5,227.0,61.0,288.0,162.0,59.0,221.0,game,ML,Houston Texans,,,polymarket,809,—,—,,Loss,,miss,,,,—,,
2026-09-20T19:22:51.890725+00:00,nfl,2026,2,401872934,401872934521,1,8:51,(Shotgun) C.Stroud pass incomplete short left to X.Hutchinson (D.Hill).,3,5,HOU 13,13,0,Houston Texans,Cincinnati Bengals,0,0,9.5,90.5,227.0,61.0,288.0,162.0,59.0,221.0,game,Spread,Cincinnati Bengals,,-9.5,polymarketus,-105,—,—,,0,,miss,,,,—,,
2026-09-20T19:22:51.890725+00:00,nfl,2026,2,401872934,401872934521,1,8:51,(Shotgun) C.Stroud pass incomplete short left to X.Hutchinson (D.Hill).,3,5,HOU 13,13,0,Houston Texans,Cincinnati Bengals,0,0,9.5,90.5,227.0,61.0,288.0,162.0,59.0,221.0,game,Spread,Houston Texans,,9.5,polymarketus,-109,—,—,,0,,hit,,,,—,,
2026-09-20T19:22:51.890725+00:00,nfl,2026,2,401872934,401872934521,1,8:51,(Shotgun) C.Stroud pass incomplete short left to X.Hutchinson (D.Hill).,3,5,HOU 13,13,0,Houston Texans,Cincinnati Bengals,0,0,9.5,90.5,227.0,61.0,288.0,162.0,59.0,221.0,game,Total,Over,,35.5,polymarket,104,—,—,,0.0,,miss,,,,—,,
2026-09-20T19:22:51.890725+00:00,nfl,2026,2,401872934,401872934521,1,8:51,(Shotgun) C.Stroud pass incomplete short left to X.Hutchinson (D.Hill).,3,5,HOU 13,13,0,Houston Texans,Cincinnati Bengals,0,0,9.5,90.5,227.0,61.0,288.0,162.0,59.0,221.0,game,Total,Under,,35.5,polymarket,-123,—,—,,0.0,,hit,,,,—,,
2026-09-20T19:22:51.890725+00:00,nfl,2026,2,401872934,401872934521,1,8:51,(Shotgun) C.Stroud pass incomplete short left to X.Hutchinson (D.Hill).,3,5,HOU 13,13,0,Houston Texans,Cincinnati Bengals,0,0,9.5,90.5,227.0,61.0,288.0,162.0,59.0,221.0,game,ML,Cincinnati Bengals,,,polymarketus,1666,—,—,,Loss,,miss,,,,—,,
2026-09-20T19:22:51.890725+00:00,nfl,2026,2,401872934,401872934521,1,8:51,(Shotgun) C.Stroud pass incomplete short left to X.Hutchinson (D.Hill).,3,5,HOU 13,13,0,Houston Texans,Cincinnati Bengals,0,0,9.5,90.5,227.0,61.0,288.0,162.0,59.0,221.0,game,ML,Houston Texans,,,polymarket,809,—,—,,Loss,,miss,,,,—,,
2026-09-20T19:22:51.890725+00:00,nfl,2026,2,401872934,401872934544,1,8:47,"K.Kroeger punts 47 yards to CIN 40, impetus ends at CIN 48, Center-A.Brinkman. D.Meyers to CIN 40 for no gain.",4,5,HOU 13,13,0,Houston Texans,Cincinnati Bengals,0,0,9.5,90.5,227.0,61.0,288.0,162.0,59.0,221.0,game,Spread,Cincinnati Bengals,,-9.5,polymarketus,-105,—,—,,0,,miss,,,,—,,
2026-09-20T19:22:51.890725+00:00,nfl,2026,2,401872934,401872934544,1,8:47,"K.Kroeger punts 47 yards to CIN 40, impetus ends at CIN 48, Center-A.Brinkman. D.Meyers to CIN 40 for no gain.",4,5,HOU 13,13,0,Houston Texans,Cincinnati Bengals,0,0,9.5,90.5,227.0,61.0,288.0,162.0,59.0,221.0,game,Spread,Houston Texans,,9.5,polymarketus,-109,—,—,,0,,hit,,,,—,,
2026-09-20T19:22:51.890725+00:00,nfl,2026,2,401872934,401872934544,1,8:47,"K.Kroeger punts 47 yards to CIN 40, impetus ends at CIN 48, Center-A.Brinkman. D.Meyers to CIN 40 for no gain.",4,5,HOU 13,13,0,Houston Texans,Cincinnati Bengals,0,0,9.5,90.5,227.0,61.0,288.0,162.0,59.0,221.0,game,Total,Over,,35.5,polymarket,104,—,—,,0.0,,miss,,,,—,,
2026-09-20T19:22:51.890725+00:00,nfl,2026,2,401872934,401872934544,1,8:47,"K.Kroeger punts 47 yards to CIN 40, impetus ends at CIN 48, Center-A.Brinkman. D.Meyers to CIN 40 for no gain.",4,5,HOU 13,13,0,Houston Texans,Cincinnati Bengals,0,0,9.5,90.5,227.0,61.0,288.0,162.0,59.0,221.0,game,Total,Under,,35.5,polymarket,-123,—,—,,0.0,,hit,,,,—,,
2026-09-20T19:22:51.890725+00:00,nfl,2026,2,401872934,401872934544,1,8:47,"K.Kroeger punts 47 yards to CIN 40, impetus ends at CIN 48, Center-A.Brinkman. D.Meyers to CIN 40 for no gain.",4,5,HOU 13,13,0,Houston Texans,Cincinnati Bengals,0,0,9.5,90.5,227.0,61.0,288.0,162.0,59.0,221.0,game,ML,Cincinnati Bengals,,,polymarketus,1666,—,—,,Loss,,miss,,,,—,,
2026-09-20T19:22:51.890725+00:00,nfl,2026,2,401872934,401872934544,1,8:47,"K.Kroeger punts 47 yards to CIN 40, impetus ends at CIN 48, Center-A.Brinkman. D.Meyers to CIN 40 for no gain.",4,5,HOU 13,13,0,Houston Texans,Cincinnati Bengals,0,0,9.5,90.5,227.0,61.0,288.0,162.0,59.0,221.0,game,ML,Houston Texans,,,polymarket,809,—,—,,Loss,,miss,,,,—,,
2026-09-20T19:22:51.890725+00:00,nfl,2026,2,401872934,401872934575,1,8:36,C.Brown up the middle to CIN 45 for 5 yards (J.Pitre).,1,10,CIN 40,60,0,Houston Texans,Cincinnati Bengals,0,0,9.5,90.5,227.0,61.0,288.0,162.0,59.0,221.0,game,Spread,Cincinnati Bengals,,-9.5,polymarketus,-105,—,—,,0,,miss,,,,—,,
2026-09-20T19:22:51.890725+00:00,nfl,2026,2,401872934,401872934575,1,8:36,C.Brown up the middle to CIN 45 for 5 yards (J.Pitre).,1,10,CIN 40,60,0,Houston Texans,Cincinnati Bengals,0,0,9.5,90.5,227.0,61.0,288.0,162.0,59.0,221.0,game,Spread,Houston Texans,,9.5,polymarketus,-109,—,—,,0,,hit,,,,—,,
2026-09-20T19:22:51.890725+00:00,nfl,2026,2,401872934,401872934575,1,8:36,C.Brown up the middle to CIN 45 for 5 yards (J.Pitre).,1,10,CIN 40,60,0,Houston Texans,Cincinnati Bengals,0,0,9.5,90.5,227.0,61.0,288.0,162.0,59.0,221.0,game,Total,Over,,35.5,polymarket,104,—,—,,0.0,,miss,,,,—,,
2026-09-20T19:22:51.890725+00:00,nfl,2026,2,401872934,401872934575,1,8:36,C.Brown up the middle to CIN 45 for 5 yards (J.Pitre).,1,10,CIN 40,60,0,Houston Texans,Cincinnati Bengals,0,0,9.5,90.5,227.0,61.0,288.0,162.0,59.0,221.0,game,Total,Under,,35.5,polymarket,-123,—,—,,0.0,,hit,,,,—,,
2026-09-20T19:22:51.890725+00:00,nfl,2026,2,401872934,401872934575,1,8:36,C.Brown up the middle to CIN 45 for 5 yards (J.Pitre).,1,10,CIN 40,60,0,Houston Texans,Cincinnati Bengals,0,0,9.5,90.5,227.0,61.0,288.0,162.0,59.0,221.0,game,ML,Cincinnati Bengals,,,polymarketus,1666,—,—,,Loss,,miss,,,,—,,
2026-09-20T19:22:51.890725+00:00,nfl,2026,2,401872934,401872934575,1,8:36,C.Brown up the middle to CIN 45 for 5 yards (J.Pitre).,1,10,CIN 40,60,0,Houston Texans,Cincinnati Bengals,0,0,9.5,90.5,227.0,61.0,288.0,162.0,59.0,221.0,game,ML,Houston Texans,,,polymarket,809,—,—,,Loss,,miss,,,,—,,
2026-09-20T19:22:51.890725+00:00,nfl,2026,2,401872934,401872934597,1,7:58,C.Brown left guard to HST 45 for 10 yards (S.Harsh).,2,5,CIN 45,55,0,Houston Texans,Cincinnati Bengals,0,0,9.5,90.5,227.0,61.0,288.0,162.0,59.0,221.0,game,Spread,Cincinnati Bengals,,-9.5,polymarketus,-105,—,—,,0,,miss,,,,—,,
2026-09-20T19:22:51.890725+00:00,nfl,2026,2,401872934,401872934597,1,7:58,C.Brown left guard to HST 45 for 10 yards (S.Harsh).,2,5,CIN 45,55,0,Houston Texans,Cincinnati Bengals,0,0,9.5,90.5,227.0,61.0,288.0,162.0,59.0,221.0,game,Spread,Houston Texans,,9.5,polymarketus,-109,—,—,,0,,hit,,,,—,,
2026-09-20T19:22:51.890725+00:00,nfl,2026,2,401872934,401872934597,1,7:58,C.Brown left guard to HST 45 for 10 yards (S.Harsh).,2,5,CIN 45,55,0,Houston Texans,Cincinnati Bengals,0,0,9.5,90.5,227.0,61.0,288.0,162.0,59.0,221.0,game,Total,Over,,35.5,polymarket,104,—,—,,0.0,,miss,,,,—,,
2026-09-20T19:22:51.890725+00:00,nfl,2026,2,401872934,401872934597,1,7:58,C.Brown left guard to HST 45 for 10 yards (S.Harsh).,2,5,CIN 45,55,0,Houston Texans,Cincinnati Bengals,0,0,9.5,90.5,227.0,61.0,288.0,162.0,59.0,221.0,game,Total,Under,,35.5,polymarket,-123,—,—,,0.0,,hit,,,,—,,
2026-09-20T19:22:51.890725+00:00,nfl,2026,2,401872934,401872934597,1,7:58,C.Brown left guard to HST 45 for 10 yards (S.Harsh).,2,5,CIN 45,55,0,Houston Texans,Cincinnati Bengals,0,0,9.5,90.5,227.0,61.0,288.0,162.0,59.0,221.0,game,ML,Cincinnati Bengals,,,polymarketus,1666,—,—,,Loss,,miss,,,,—,,
2026-09-20T19:22:51.890725+00:00,nfl,2026,2,401872934,401872934597,1,7:58,C.Brown left guard to HST 45 for 10 yards (S.Harsh).,2,5,CIN 45,55,0,Houston Texans,Cincinnati Bengals,0,0,9.5,90.5,227.0,61.0,288.0,162.0,59.0,221.0,game,ML,Houston Texans,,,polymarket,809,—,—,,Loss,,miss,,,,—,,
2026-09-20T19:22:51.890725+00:00,nfl,2026,2,401872934,401872934619,1,7:21,"C.Brown left guard pushed ob at HST 19 for 26 yards (R.Blankenship).PENALTY on CIN-D.Fairchild, Offensive Holding, 10 yards, enforced at HST 45 - No Play.",1,10,HOU 45,45,0,Houston Texans,Cincinnati Bengals,0,0,9.5,90.5,227.0,61.0,288.0,162.0,59.0,221.0,game,Spread,Cincinnati Bengals,,-9.5,polymarketus,-105,—,—,,0,,miss,,,,—,,
2026-09-20T19:22:51.890725+00:00,nfl,2026,2,401872934,401872934619,1,7:21,"C.Brown left guard pushed ob at HST 19 for 26 yards (R.Blankenship).PENALTY on CIN-D.Fairchild, Offensive Holding, 10 yards, enforced at HST 45 - No Play.",1,10,HOU 45,45,0,Houston Texans,Cincinnati Bengals,0,0,9.5,90.5,227.0,61.0,288.0,162.0,59.0,221.0,game,Spread,Houston Texans,,9.5,polymarketus,-109,—,—,,0,,hit,,,,—,,
2026-09-20T19:22:51.890725+00:00,nfl,2026,2,401872934,401872934619,1,7:21,"C.Brown left guard pushed ob at HST 19 for 26 yards (R.Blankenship).PENALTY on CIN-D.Fairchild, Offensive Holding, 10 yards, enforced at HST 45 - No Play.",1,10,HOU 45,45,0,Houston Texans,Cincinnati Bengals,0,0,9.5,90.5,227.0,61.0,288.0,162.0,59.0,221.0,game,Total,Over,,35.5,polymarket,104,—,—,,0.0,,miss,,,,—,,
2026-09-20T19:22:51.890725+00:00,nfl,2026,2,401872934,401872934619,1,7:21,"C.Brown left guard pushed ob at HST 19 for 26 yards (R.Blankenship).PENALTY on CIN-D.Fairchild, Offensive Holding, 10 yards, enforced at HST 45 - No Play.",1,10,HOU 45,45,0,Houston Texans,Cincinnati Bengals,0,0,9.5,90.5,227.0,61.0,288.0,162.0,59.0,221.0,game,Total,Under,,35.5,polymarket,-123,—,—,,0.0,,hit,,,,—,,
2026-09-20T19:22:51.890725+00:00,nfl,2026,2,401872934,401872934619,1,7:21,"C.Brown left guard pushed ob at HST 19 for 26 yards (R.Blankenship).PENALTY on CIN-D.Fairchild, Offensive Holding, 10 yards, enforced at HST 45 - No Play.",1,10,HOU 45,45,0,Houston Texans,Cincinnati Bengals,0,0,9.5,90.5,227.0,61.0,288.0,162.0,59.0,221.0,game,ML,Cincinnati Bengals,,,polymarketus,1666,—,—,,Loss,,miss,,,,—,,
2026-09-20T19:22:51.890725+00:00,nfl,2026,2,401872934,401872934619,1,7:21,"C.Brown left guard pushed ob at HST 19 for 26 yards (R.Blankenship).PENALTY on CIN-D.Fairchild, Offensive Holding, 10 yards, enforced at HST 45 - No Play.",1,10,HOU 45,45,0,Houston Texans,Cincinnati Bengals,0,0,9.5,90.5,227.0,61.0,288.0,162.0,59.0,221.0,game,ML,Houston Texans,,,polymarket,809,—,—,,Loss,,miss,,,,—,,
2026-09-20T19:22:51.890725+00:00,nfl,2026,2,401872934,401872934667,1,6:55,(Shotgun) J.Burrow pass short middle to C.Young to HST 48 for 7 yards (A.Al-Shaair; R.Blankenship).,1,20,CIN 45,55,0,Houston Texans,Cincinnati Bengals,0,0,9.5,90.5,227.0,61.0,288.0,162.0,59.0,221.0,game,Spread,Cincinnati Bengals,,-9.5,polymarketus,-105,—,—,,0,,miss,,,,—,,
2026-09-20T19:22:51.890725+00:00,nfl,2026,2,401872934,401872934667,1,6:55,(Shotgun) J.Burrow pass short middle to C.Young to HST 48 for 7 yards (A.Al-Shaair; R.Blankenship).,1,20,CIN 45,55,0,Houston Texans,Cincinnati Bengals,0,0,9.5,90.5,227.0,61.0,288.0,162.0,59.0,221.0,game,Spread,Houston Texans,,9.5,polymarketus,-109,—,—,,0,,hit,,,,—,,
2026-09-20T19:22:51.890725+00:00,nfl,2026,2,401872934,401872934667,1,6:55,(Shotgun) J.Burrow pass short middle to C.Young to HST 48 for 7 yards (A.Al-Shaair; R.Blankenship).,1,20,CIN 45,55,0,Houston Texans,Cincinnati Bengals,0,0,9.5,90.5,227.0,61.0,288.0,162.0,59.0,221.0,game,Total,Over,,35.5,polymarket,104,—,—,,0.0,,miss,,,,—,,
2026-09-20T19:22:51.890725+00:00,nfl,2026,2,401872934,401872934667,1,6:55,(Shotgun) J.Burrow pass short middle to C.Young to HST 48 for 7 yards (A.Al-Shaair; R.Blankenship).,1,20,CIN 45,55,0,Houston Texans,Cincinnati Bengals,0,0,9.5,90.5,227.0,61.0,288.0,162.0,59.0,221.0,game,Total,Under,,35.5,polymarket,-123,—,—,,0.0,,hit,,,,—,,
2026-09-20T19:22:51.890725+00:00,nfl,2026,2,401872934,401872934667,1,6:55,(Shotgun) J.Burrow pass short middle to C.Young to HST 48 for 7 yards (A.Al-Shaair; R.Blankenship).,1,20,CIN 45,55,0,Houston Texans,Cincinnati Bengals,0,0,9.5,90.5,227.0,61.0,288.0,162.0,59.0,221.0,game,ML,Cincinnati Bengals,,,polymarketus,1666,—,—,,Loss,,miss,,,,—,,
2026-09-20T19:22:51.890725+00:00,nfl,2026,2,401872934,401872934667,1,6:55,(Shotgun) J.Burrow pass short middle to C.Young to HST 48 for 7 yards (A.Al-Shaair; R.Blankenship).,1,20,CIN 45,55,0,Houston Texans,Cincinnati Bengals,0,0,9.5,90.5,227.0,61.0,288.0,162.0,59.0,221.0,game,ML,Houston Texans,,,polymarket,809,—,—,,Loss,,miss,,,,—,,
2026-09-20T19:22:51.890725+00:00,nfl,2026,2,401872934,401872934692,1,6:23,(Shotgun) J.Burrow pass short left to J.Chase pushed ob at HST 46 for 2 yards (K.Lassiter).,2,13,HOU 48,48,0,Houston Texans,Cincinnati Bengals,0,0,9.5,90.5,227.0,61.0,288.0,162.0,59.0,221.0,game,Spread,Cincinnati Bengals,,-9.5,polymarketus,-105,—,—,,0,,miss,,,,—,,
2026-09-20T19:22:51.890725+00:00,nfl,2026,2,401872934,401872934692,1,6:23,(Shotgun) J.Burrow pass short left to J.Chase pushed ob at HST 46 for 2 yards (K.Lassiter).,2,13,HOU 48,48,0,Houston Texans,Cincinnati Bengals,0,0,9.5,90.5,227.0,61.0,288.0,162.0,59.0,221.0,game,Spread,Houston Texans,,9.5,polymarketus,-109,—,—,,0,,hit,,,,—,,
2026-09-20T19:22:51.890725+00:00,nfl,2026,2,401872934,401872934692,1,6:23,(Shotgun) J.Burrow pass short left to J.Chase pushed ob at HST 46 for 2 yards (K.Lassiter).,2,13,HOU 48,48,0,Houston Texans,Cincinnati Bengals,0,0,9.5,90.5,227.0,61.0,288.0,162.0,59.0,221.0,game,Total,Over,,35.5,polymarket,104,—,—,,0.0,,miss,,,,—,,
2026-09-20T19:22:51.890725+00:00,nfl,2026,2,401872934,401872934692,1,6:23,(Shotgun) J.Burrow pass short left to J.Chase pushed ob at HST 46 for 2 yards (K.Lassiter).,2,13,HOU 48,48,0,Houston Texans,Cincinnati Bengals,0,0,9.5,90.5,227.0,61.0,288.0,162.0,59.0,221.0,game,Total,Under,,35.5,polymarket,-123,—,—,,0.0,,hit,,,,—,,
2026-09-20T19:22:51.890725+00:00,nfl,2026,2,401872934,401872934692,1,6:23,(Shotgun) J.Burrow pass short left to J.Chase pushed ob at HST 46 for 2 yards (K.Lassiter).,2,13,HOU 48,48,0,Houston Texans,Cincinnati Bengals,0,0,9.5,90.5,227.0,61.0,288.0,162.0,59.0,221.0,game,ML,Cincinnati Bengals,,,polymarketus,1666,—,—,,Loss,,miss,,,,—,,
2026-09-20T19:22:51.890725+00:00,nfl,2026,2,401872934,401872934692,1,6:23,(Shotgun) J.Burrow pass short left to J.Chase pushed ob at HST 46 for 2 yards (K.Lassiter).,2,13,HOU 48,48,0,Houston Texans,Cincinnati Bengals,0,0,9.5,90.5,227.0,61.0,288.0,162.0,59.0,221.0,game,ML,Houston Texans,,,polymarket,809,—,—,,Loss,,miss,,,,—,,
2026-09-20T19:22:51.890725+00:00,nfl,2026,2,401872934,401872934724,1,5:48,(Shotgun) J.Burrow pass short right to C.Brown to HST 40 for 6 yards (A.Al-Shaair; J.Pitre).,3,11,HOU 46,46,0,Houston Texans,Cincinnati Bengals,0,0,9.5,90.5,227.0,61.0,288.0,162.0,59.0,221.0,game,Spread,Cincinnati Bengals,,-9.5,polymarketus,-105,—,—,,0,,miss,,,,—,,
2026-09-20T19:22:51.890725+00:00,nfl,2026,2,401872934,401872934724,1,5:48,(Shotgun) J.Burrow pass short right to C.Brown to HST 40 for 6 yards (A.Al-Shaair; J.Pitre).,3,11,HOU 46,46,0,Houston Texans,Cincinnati Bengals,0,0,9.5,90.5,227.0,61.0,288.0,162.0,59.0,221.0,game,Spread,Houston Texans,,9.5,polymarketus,-109,—,—,,0,,hit,,,,—,,
2026-09-20T19:22:51.890725+00:00,nfl,2026,2,401872934,401872934724,1,5:48,(Shotgun) J.Burrow pass short right to C.Brown to HST 40 for 6 yards (A.Al-Shaair; J.Pitre).,3,11,HOU 46,46,0,Houston Texans,Cincinnati Bengals,0,0,9.5,90.5,227.0,61.0,288.0,162.0,59.0,221.0,game,Total,Over,,35.5,polymarket,104,—,—,,0.0,,miss,,,,—,,
2026-09-20T19:22:51.890725+00:00,nfl,2026,2,401872934,401872934724,1,5:48,(Shotgun) J.Burrow pass short right to C.Brown to HST 40 for 6 yards (A.Al-Shaair; J.Pitre).,3,11,HOU 46,46,0,Houston Texans,Cincinnati Bengals,0,0,9.5,90.5,227.0,61.0,288.0,162.0,59.0,221.0,game,Total,Under,,35.5,polymarket,-123,—,—,,0.0,,hit,,,,—,,
2026-09-20T19:22:51.890725+00:00,nfl,2026,2,401872934,401872934724,1,5:48,(Shotgun) J.Burrow pass short right to C.Brown to HST 40 for 6 yards (A.Al-Shaair; J.Pitre).,3,11,HOU 46,46,0,Houston Texans,Cincinnati Bengals,0,0,9.5,90.5,227.0,61.0,288.0,162.0,59.0,221.0,game,ML,Cincinnati Bengals,,,polymarketus,1666,—,—,,Loss,,miss,,,,—,,
2026-09-20T19:22:51.890725+00:00,nfl,2026,2,401872934,401872934724,1,5:48,(Shotgun) J.Burrow pass short right to C.Brown to HST 40 for 6 yards (A.Al-Shaair; J.Pitre).,3,11,HOU 46,46,0,Houston Texans,Cincinnati Bengals,0,0,9.5,90.5,227.0,61.0,288.0,162.0,59.0,221.0,game,ML,Houston Texans,,,polymarket,809,—,—,,Loss,,miss,,,,—,,
2026-09-20T19:22:51.890725+00:00,nfl,2026,2,401872934,401872934759,1,5:04,"(Field Goal formation) PENALTY on CIN-D.Risner, False Start, 5 yards, enforced at HST 40 - No Play.",4,5,HOU 40,40,0,Houston Texans,Cincinnati Bengals,0,0,9.5,90.5,227.0,61.0,288.0,162.0,59.0,221.0,game,Spread,Cincinnati Bengals,,-9.5,polymarketus,-105,—,—,,0,,miss,,,,—,,
2026-09-20T19:22:51.890725+00:00,nfl,2026,2,401872934,401872934759,1,5:04,"(Field Goal formation) PENALTY on CIN-D.Risner, False Start, 5 yards, enforced at HST 40 - No Play.",4,5,HOU 40,40,0,Houston Texans,Cincinnati Bengals,0,0,9.5,90.5,227.0,61.0,288.0,162.0,59.0,221.0,game,Spread,Houston Texans,,9.5,polymarketus,-109,—,—,,0,,hit,,,,—,,
2026-09-20T19:22:51.890725+00:00,nfl,2026,2,401872934,401872934759,1,5:04,"(Field Goal formation) PENALTY on CIN-D.Risner, False Start, 5 yards, enforced at HST 40 - No Play.",4,5,HOU 40,40,0,Houston Texans,Cincinnati Bengals,0,0,9.5,90.5,227.0,61.0,288.0,162.0,59.0,221.0,game,Total,Over,,35.5,polymarket,104,—,—,,0.0,,miss,,,,—,,
2026-09-20T19:22:51.890725+00:00,nfl,2026,2,401872934,401872934759,1,5:04,"(Field Goal formation) PENALTY on CIN-D.Risner, False Start, 5 yards, enforced at HST 40 - No Play.",4,5,HOU 40,40,0,Houston Texans,Cincinnati Bengals,0,0,9.5,90.5,227.0,61.0,288.0,162.0,59.0,221.0,game,Total,Under,,35.5,polymarket,-123,—,—,,0.0,,hit,,,,—,,
2026-09-20T19:22:51.890725+00:00,nfl,2026,2,401872934,401872934759,1,5:04,"(Field Goal formation) PENALTY on CIN-D.Risner, False Start, 5 yards, enforced at HST 40 - No Play.",4,5,HOU 40,40,0,Houston Texans,Cincinnati Bengals,0,0,9.5,90.5,227.0,61.0,288.0,162.0,59.0,221.0,game,ML,Cincinnati Bengals,,,polymarketus,1666,—,—,,Loss,,miss,,,,—,,
2026-09-20T19:22:51.890725+00:00,nfl,2026,2,401872934,401872934759,1,5:04,"(Field Goal formation) PENALTY on CIN-D.Risner, False Start, 5 yards, enforced at HST 40 - No Play.",4,5,HOU 40,40,0,Houston Texans,Cincinnati Bengals,0,0,9.5,90.5,227.0,61.0,288.0,162.0,59.0,221.0,game,ML,Houston Texans,,,polymarket,809,—,—,,Loss,,miss,,,,—,,
2026-09-20T19:22:51.890725+00:00,nfl,2026,2,401872934,401872934789,1,4:47,"R.Rehkow punts 37 yards to HST 8, Center-W.Wagner, fair catch by J.Noel.",4,10,HOU 45,45,0,Houston Texans,Cincinnati Bengals,0,0,9.5,90.5,227.0,61.0,288.0,162.0,59.0,221.0,game,Spread,Cincinnati Bengals,,-9.5,polymarketus,-105,—,—,,0,,miss,,,,—,,
2026-09-20T19:22:51.890725+00:00,nfl,2026,2,401872934,401872934789,1,4:47,"R.Rehkow punts 37 yards to HST 8, Center-W.Wagner, fair catch by J.Noel.",4,10,HOU 45,45,0,Houston Texans,Cincinnati Bengals,0,0,9.5,90.5,227.0,61.0,288.0,162.0,59.0,221.0,game,Spread,Houston Texans,,9.5,polymarketus,-109,—,—,,0,,hit,,,,—,,
2026-09-20T19:22:51.890725+00:00,nfl,2026,2,401872934,401872934789,1,4:47,"R.Rehkow punts 37 yards to HST 8, Center-W.Wagner, fair catch by J.Noel.",4,10,HOU 45,45,0,Houston Texans,Cincinnati Bengals,0,0,9.5,90.5,227.0,61.0,288.0,162.0,59.0,221.0,game,Total,Over,,35.5,polymarket,104,—,—,,0.0,,miss,,,,—,,
2026-09-20T19:22:51.890725+00:00,nfl,2026,2,401872934,401872934789,1,4:47,"R.Rehkow punts 37 yards to HST 8, Center-W.Wagner, fair catch by J.Noel.",4,10,HOU 45,45,0,Houston Texans,Cincinnati Bengals,0,0,9.5,90.5,227.0,61.0,288.0,162.0,59.0,221.0,game,Total,Under,,35.5,polymarket,-123,—,—,,0.0,,hit,,,,—,,
2026-09-20T19:22:51.890725+00:00,nfl,2026,2,401872934,401872934789,1,4:47,"R.Rehkow punts 37 yards to HST 8, Center-W.Wagner, fair catch by J.Noel.",4,10,HOU 45,45,0,Houston Texans,Cincinnati Bengals,0,0,9.5,90.5,227.0,61.0,288.0,162.0,59.0,221.0,game,ML,Cincinnati Bengals,,,polymarketus,1666,—,—,,Loss,,miss,,,,—,,
2026-09-20T19:22:51.890725+00:00,nfl,2026,2,401872934,401872934789,1,4:47,"R.Rehkow punts 37 yards to HST 8, Center-W.Wagner, fair catch by J.Noel.",4,10,HOU 45,45,0,Houston Texans,Cincinnati Bengals,0,0,9.5,90.5,227.0,61.0,288.0,162.0,59.0,221.0,game,ML,Houston Texans,,,polymarket,809,—,—,,Loss,,miss,,,,—,,
2026-09-20T19:22:51.890725+00:00,nfl,2026,2,401872934,401872934799,1,4:40,Official Timeout at 04:40.,1,10,HOU 8,8,0,Houston Texans,Cincinnati Bengals,0,0,9.5,90.5,227.0,61.0,288.0,162.0,59.0,221.0,game,Spread,Cincinnati Bengals,,-9.5,polymarketus,-105,—,—,,0,,miss,,,,—,,
2026-09-20T19:22:51.890725+00:00,nfl,2026,2,401872934,401872934799,1,4:40,Official Timeout at 04:40.,1,10,HOU 8,8,0,Houston Texans,Cincinnati Bengals,0,0,9.5,90.5,227.0,61.0,288.0,162.0,59.0,221.0,game,Spread,Houston Texans,,9.5,polymarketus,-109,—,—,,0,,hit,,,,—,,
2026-09-20T19:22:51.890725+00:00,nfl,2026,2,401872934,401872934799,1,4:40,Official Timeout at 04:40.,1,10,HOU 8,8,0,Houston Texans,Cincinnati Bengals,0,0,9.5,90.5,227.0,61.0,288.0,162.0,59.0,221.0,game,Total,Over,,35.5,polymarket,104,—,—,,0.0,,miss,,,,—,,
2026-09-20T19:22:51.890725+00:00,nfl,2026,2,401872934,401872934799,1,4:40,Official Timeout at 04:40.,1,10,HOU 8,8,0,Houston Texans,Cincinnati Bengals,0,0,9.5,90.5,227.0,61.0,288.0,162.0,59.0,221.0,game,Total,Under,,35.5,polymarket,-123,—,—,,0.0,,hit,,,,—,,
2026-09-20T19:22:51.890725+00:00,nfl,2026,2,401872934,401872934799,1,4:40,Official Timeout at 04:40.,1,10,HOU 8,8,0,Houston Texans,Cincinnati Bengals,0,0,9.5,90.5,227.0,61.0,288.0,162.0,59.0,221.0,game,ML,Cincinnati Bengals,,,polymarketus,1666,—,—,,Loss,,miss,,,,—,,
2026-09-20T19:22:51.890725+00:00,nfl,2026,2,401872934,401872934799,1,4:40,Official Timeout at 04:40.,1,10,HOU 8,8,0,Houston Texans,Cincinnati Bengals,0,0,9.5,90.5,227.0,61.0,288.0,162.0,59.0,221.0,game,ML,Houston Texans,,,polymarket,809,—,—,,Loss,,miss,,,,—,,
2026-09-20T19:22:51.890725+00:00,nfl,2026,2,401872934,401872934809,1,4:40,C.Stroud pass incomplete short left to J.Noel.,1,10,HOU 8,8,0,Houston Texans,Cincinnati Bengals,0,0,9.5,90.5,227.0,61.0,288.0,162.0,59.0,221.0,game,Spread,Cincinnati Bengals,,-9.5,polymarketus,-105,—,—,,0,,miss,,,,—,,
2026-09-20T19:22:51.890725+00:00,nfl,2026,2,401872934,401872934809,1,4:40,C.Stroud pass incomplete short left to J.Noel.,1,10,HOU 8,8,0,Houston Texans,Cincinnati Bengals,0,0,9.5,90.5,227.0,61.0,288.0,162.0,59.0,221.0,game,Spread,Houston Texans,,9.5,polymarketus,-109,—,—,,0,,hit,,,,—,,
2026-09-20T19:22:51.890725+00:00,nfl,2026,2,401872934,401872934809,1,4:40,C.Stroud pass incomplete short left to J.Noel.,1,10,HOU 8,8,0,Houston Texans,Cincinnati Bengals,0,0,9.5,90.5,227.0,61.0,288.0,162.0,59.0,221.0,game,Total,Over,,35.5,polymarket,104,—,—,,0.0,,miss,,,,—,,
2026-09-20T19:22:51.890725+00:00,nfl,2026,2,401872934,401872934809,1,4:40,C.Stroud pass incomplete short left to J.Noel.,1,10,HOU 8,8,0,Houston Texans,Cincinnati Bengals,0,0,9.5,90.5,227.0,61.0,288.0,162.0,59.0,221.0,game,Total,Under,,35.5,polymarket,-123,—,—,,0.0,,hit,,,,—,,
2026-09-20T19:22:51.890725+00:00,nfl,2026,2,401872934,401872934809,1,4:40,C.Stroud pass incomplete short left to J.Noel.,1,10,HOU 8,8,0,Houston Texans,Cincinnati Bengals,0,0,9.5,90.5,227.0,61.0,288.0,162.0,59.0,221.0,game,ML,Cincinnati Bengals,,,polymarketus,1666,—,—,,Loss,,miss,,,,—,,
2026-09-20T19:22:51.890725+00:00,nfl,2026,2,401872934,401872934809,1,4:40,C.Stroud pass incomplete short left to J.Noel.,1,10,HOU 8,8,0,Houston Texans,Cincinnati Bengals,0,0,9.5,90.5,227.0,61.0,288.0,162.0,59.0,221.0,game,ML,Houston Texans,,,polymarket,809,—,—,,Loss,,miss,,,,—,,
2026-09-20T19:22:51.890725+00:00,nfl,2026,2,401872934,401872934848,1,4:34,(Shotgun) C.Stroud pass short right to D.Schultz to HST 15 for 7 yards (J.Battle; C.Howell).,2,10,HOU 8,8,0,Houston Texans,Cincinnati Bengals,0,0,9.5,90.5,227.0,61.0,288.0,162.0,59.0,221.0,game,Spread,Cincinnati Bengals,,-9.5,polymarketus,-105,—,—,,0,,miss,,,,—,,
2026-09-20T19:22:51.890725+00:00,nfl,2026,2,401872934,401872934848,1,4:34,(Shotgun) C.Stroud pass short right to D.Schultz to HST 15 for 7 yards (J.Battle; C.Howell).,2,10,HOU 8,8,0,Houston Texans,Cincinnati Bengals,0,0,9.5,90.5,227.0,61.0,288.0,162.0,59.0,221.0,game,Spread,Houston Texans,,9.5,polymarketus,-109,—,—,,0,,hit,,,,—,,
2026-09-20T19:22:51.890725+00:00,nfl,2026,2,401872934,401872934848,1,4:34,(Shotgun) C.Stroud pass short right to D.Schultz to HST 15 for 7 yards (J.Battle; C.Howell).,2,10,HOU 8,8,0,Houston Texans,Cincinnati Bengals,0,0,9.5,90.5,227.0,61.0,288.0,162.0,59.0,221.0,game,Total,Over,,35.5,polymarket,104,—,—,,0.0,,miss,,,,—,,
2026-09-20T19:22:51.890725+00:00,nfl,2026,2,401872934,401872934848,1,4:34,(Shotgun) C.Stroud pass short right to D.Schultz to HST 15 for 7 yards (J.Battle; C.Howell).,2,10,HOU 8,8,0,Houston Texans,Cincinnati Bengals,0,0,9.5,90.5,227.0,61.0,288.0,162.0,59.0,221.0,game,Total,Under,,35.5,polymarket,-123,—,—,,0.0,,hit,,,,—,,
2026-09-20T19:22:51.890725+00:00,nfl,2026,2,401872934,401872934848,1,4:34,(Shotgun) C.Stroud pass short right to D.Schultz to HST 15 for 7 yards (J.Battle; C.Howell).,2,10,HOU 8,8,0,Houston Texans,Cincinnati Bengals,0,0,9.5,90.5,227.0,61.0,288.0,162.0,59.0,221.0,game,ML,Cincinnati Bengals,,,polymarketus,1666,—,—,,Loss,,miss,,,,—,,
2026-09-20T19:22:51.890725+00:00,nfl,2026,2,401872934,401872934848,1,4:34,(Shotgun) C.Stroud pass short right to D.Schultz to HST 15 for 7 yards (J.Battle; C.Howell).,2,10,HOU 8,8,0,Houston Texans,Cincinnati Bengals,0,0,9.5,90.5,227.0,61.0,288.0,162.0,59.0,221.0,game,ML,Houston Texans,,,polymarket,809,—,—,,Loss,,miss,,,,—,,
2026-09-20T19:22:51.890725+00:00,nfl,2026,2,401872934,401872934873,1,3:57,(Shotgun) C.Stroud pass short right to D.Schultz to 50 for 35 yards (J.Battle).,3,3,HOU 15,15,0,Houston Texans,Cincinnati Bengals,0,0,9.5,90.5,227.0,61.0,288.0,162.0,59.0,221.0,game,Spread,Cincinnati Bengals,,-9.5,polymarketus,-105,—,—,,0,,miss,,,,—,,
2026-09-20T19:22:51.890725+00:00,nfl,2026,2,401872934,401872934873,1,3:57,(Shotgun) C.Stroud pass short right to D.Schultz to 50 for 35 yards (J.Battle).,3,3,HOU 15,15,0,Houston Texans,Cincinnati Bengals,0,0,9.5,90.5,227.0,61.0,288.0,162.0,59.0,221.0,game,Spread,Houston Texans,,9.5,polymarketus,-109,—,—,,0,,hit,,,,—,,
2026-09-20T19:22:51.890725+00:00,nfl,2026,2,401872934,401872934873,1,3:57,(Shotgun) C.Stroud pass short right to D.Schultz to 50 for 35 yards (J.Battle).,3,3,HOU 15,15,0,Houston Texans,Cincinnati Bengals,0,0,9.5,90.5,227.0,61.0,288.0,162.0,59.0,221.0,game,Total,Over,,35.5,polymarket,104,—,—,,0.0,,miss,,,,—,,
2026-09-20T19:22:51.890725+00:00,nfl,2026,2,401872934,401872934873,1,3:57,(Shotgun) C.Stroud pass short right to D.Schultz to 50 for 35 yards (J.Battle).,3,3,HOU 15,15,0,Houston Texans,Cincinnati Bengals,0,0,9.5,90.5,227.0,61.0,288.0,162.0,59.0,221.0,game,Total,Under,,35.5,polymarket,-123,—,—,,0.0,,hit,,,,—,,
2026-09-20T19:22:51.890725+00:00,nfl,2026,2,401872934,401872934873,1,3:57,(Shotgun) C.Stroud pass short right to D.Schultz to 50 for 35 yards (J.Battle).,3,3,HOU 15,15,0,Houston Texans,Cincinnati Bengals,0,0,9.5,90.5,227.0,61.0,288.0,162.0,59.0,221.0,game,ML,Cincinnati Bengals,,,polymarketus,1666,—,—,,Loss,,miss,,,,—,,
2026-09-20T19:22:51.890725+00:00,nfl,2026,2,401872934,401872934873,1,3:57,(Shotgun) C.Stroud pass short right to D.Schultz to 50 for 35 yards (J.Battle).,3,3,HOU 15,15,0,Houston Texans,Cincinnati Bengals,0,0,9.5,90.5,227.0,61.0,288.0,162.0,59.0,221.0,game,ML,Houston Texans,,,polymarket,809,—,—,,Loss,,miss,,,,—,,
2026-09-20T19:22:51.890725+00:00,nfl,2026,2,401872934,401872934898,1,3:07,"(Shotgun) B.Fisher reported in as eligible.  C.Stroud pass short right to W.Marks to CIN 45 for 5 yards (D.Hill).PENALTY on HST-T.Brown, Offensive Holding, 10 yards, enforced at 50 - No Play.",1,10,50,50,0,Houston Texans,Cincinnati Bengals,0,0,9.5,90.5,227.0,61.0,288.0,162.0,59.0,221.0,game,Spread,Cincinnati Bengals,,-9.5,polymarketus,-105,—,—,,0,,miss,,,,—,,
2026-09-20T19:22:51.890725+00:00,nfl,2026,2,401872934,401872934898,1,3:07,"(Shotgun) B.Fisher reported in as eligible.  C.Stroud pass short right to W.Marks to CIN 45 for 5 yards (D.Hill).PENALTY on HST-T.Brown, Offensive Holding, 10 yards, enforced at 50 - No Play.",1,10,50,50,0,Houston Texans,Cincinnati Bengals,0,0,9.5,90.5,227.0,61.0,288.0,162.0,59.0,221.0,game,Spread,Houston Texans,,9.5,polymarketus,-109,—,—,,0,,hit,,,,—,,
2026-09-20T19:22:51.890725+00:00,nfl,2026,2,401872934,401872934898,1,3:07,"(Shotgun) B.Fisher reported in as eligible.  C.Stroud pass short right to W.Marks to CIN 45 for 5 yards (D.Hill).PENALTY on HST-T.Brown, Offensive Holding, 10 yards, enforced at 50 - No Play.",1,10,50,50,0,Houston Texans,Cincinnati Bengals,0,0,9.5,90.5,227.0,61.0,288.0,162.0,59.0,221.0,game,Total,Over,,35.5,polymarket,104,—,—,,0.0,,miss,,,,—,,
2026-09-20T19:22:51.890725+00:00,nfl,2026,2,401872934,401872934898,1,3:07,"(Shotgun) B.Fisher reported in as eligible.  C.Stroud pass short right to W.Marks to CIN 45 for 5 yards (D.Hill).PENALTY on HST-T.Brown, Offensive Holding, 10 yards, enforced at 50 - No Play.",1,10,50,50,0,Houston Texans,Cincinnati Bengals,0,0,9.5,90.5,227.0,61.0,288.0,162.0,59.0,221.0,game,Total,Under,,35.5,polymarket,-123,—,—,,0.0,,hit,,,,—,,
2026-09-20T19:22:51.890725+00:00,nfl,2026,2,401872934,401872934898,1,3:07,"(Shotgun) B.Fisher reported in as eligible.  C.Stroud pass short right to W.Marks to CIN 45 for 5 yards (D.Hill).PENALTY on HST-T.Brown, Offensive Holding, 10 yards, enforced at 50 - No Play.",1,10,50,50,0,Houston Texans,Cincinnati Bengals,0,0,9.5,90.5,227.0,61.0,288.0,162.0,59.0,221.0,game,ML,Cincinnati Bengals,,,polymarketus,1666,—,—,,Loss,,miss,,,,—,,
2026-09-20T19:22:51.890725+00:00,nfl,2026,2,401872934,401872934898,1,3:07,"(Shotgun) B.Fisher reported in as eligible.  C.Stroud pass short right to W.Marks to CIN 45 for 5 yards (D.Hill).PENALTY on HST-T.Brown, Offensive Holding, 10 yards, enforced at 50 - No Play.",1,10,50,50,0,Houston Texans,Cincinnati Bengals,0,0,9.5,90.5,227.0,61.0,288.0,162.0,59.0,221.0,game,ML,Houston Texans,,,polymarket,809,—,—,,Loss,,miss,,,,—,,
2026-09-20T19:22:51.890725+00:00,nfl,2026,2,401872934,401872934936,1,2:49,(Shotgun) C.Stroud pass short middle to K.Boutte to CIN 45 for 15 yards (D.Knight).,1,20,HOU 40,40,0,Houston Texans,Cincinnati Bengals,0,0,9.5,90.5,227.0,61.0,288.0,162.0,59.0,221.0,game,Spread,Cincinnati Bengals,,-9.5,polymarketus,-105,—,—,,0,,miss,,,,—,,
2026-09-20T19:22:51.890725+00:00,nfl,2026,2,401872934,401872934936,1,2:49,(Shotgun) C.Stroud pass short middle to K.Boutte to CIN 45 for 15 yards (D.Knight).,1,20,HOU 40,40,0,Houston Texans,Cincinnati Bengals,0,0,9.5,90.5,227.0,61.0,288.0,162.0,59.0,221.0,game,Spread,Houston Texans,,9.5,polymarketus,-109,—,—,,0,,hit,,,,—,,
2026-09-20T19:22:51.890725+00:00,nfl,2026,2,401872934,401872934936,1,2:49,(Shotgun) C.Stroud pass short middle to K.Boutte to CIN 45 for 15 yards (D.Knight).,1,20,HOU 40,40,0,Houston Texans,Cincinnati Bengals,0,0,9.5,90.5,227.0,61.0,288.0,162.0,59.0,221.0,game,Total,Over,,35.5,polymarket,104,—,—,,0.0,,miss,,,,—,,
2026-09-20T19:22:51.890725+00:00,nfl,2026,2,401872934,401872934936,1,2:49,(Shotgun) C.Stroud pass short middle to K.Boutte to CIN 45 for 15 yards (D.Knight).,1,20,HOU 40,40,0,Houston Texans,Cincinnati Bengals,0,0,9.5,90.5,227.0,61.0,288.0,162.0,59.0,221.0,game,Total,Under,,35.5,polymarket,-123,—,—,,0.0,,hit,,,,—,,
2026-09-20T19:22:51.890725+00:00,nfl,2026,2,401872934,401872934936,1,2:49,(Shotgun) C.Stroud pass short middle to K.Boutte to CIN 45 for 15 yards (D.Knight).,1,20,HOU 40,40,0,Houston Texans,Cincinnati Bengals,0,0,9.5,90.5,227.0,61.0,288.0,162.0,59.0,221.0,game,ML,Cincinnati Bengals,,,polymarketus,1666,—,—,,Loss,,miss,,,,—,,
2026-09-20T19:22:51.890725+00:00,nfl,2026,2,401872934,401872934936,1,2:49,(Shotgun) C.Stroud pass short middle to K.Boutte to CIN 45 for 15 yards (D.Knight).,1,20,HOU 40,40,0,Houston Texans,Cincinnati Bengals,0,0,9.5,90.5,227.0,61.0,288.0,162.0,59.0,221.0,game,ML,Houston Texans,,,polymarket,809,—,—,,Loss,,miss,,,,—,,
2026-09-20T19:22:51.890725+00:00,nfl,2026,2,401872934,401872934961,1,2:07,J.Noel right end to CIN 32 for 13 yards (D.Turner; J.Davis).,2,5,CIN 45,55,0,Houston Texans,Cincinnati Bengals,0,0,9.5,90.5,227.0,61.0,288.0,162.0,59.0,221.0,game,Spread,Cincinnati Bengals,,-9.5,polymarketus,-105,—,—,,0,,miss,,,,—,,
2026-09-20T19:22:51.890725+00:00,nfl,2026,2,401872934,401872934961,1,2:07,J.Noel right end to CIN 32 for 13 yards (D.Turner; J.Davis).,2,5,CIN 45,55,0,Houston Texans,Cincinnati Bengals,0,0,9.5,90.5,227.0,61.0,288.0,162.0,59.0,221.0,game,Spread,Houston Texans,,9.5,polymarketus,-109,—,—,,0,,hit,,,,—,,
2026-09-20T19:22:51.890725+00:00,nfl,2026,2,401872934,401872934961,1,2:07,J.Noel right end to CIN 32 for 13 yards (D.Turner; J.Davis).,2,5,CIN 45,55,0,Houston Texans,Cincinnati Bengals,0,0,9.5,90.5,227.0,61.0,288.0,162.0,59.0,221.0,game,Total,Over,,35.5,polymarket,104,—,—,,0.0,,miss,,,,—,,
2026-09-20T19:22:51.890725+00:00,nfl,2026,2,401872934,401872934961,1,2:07,J.Noel right end to CIN 32 for 13 yards (D.Turner; J.Davis).,2,5,CIN 45,55,0,Houston Texans,Cincinnati Bengals,0,0,9.5,90.5,227.0,61.0,288.0,162.0,59.0,221.0,game,Total,Under,,35.5,polymarket,-123,—,—,,0.0,,hit,,,,—,,
2026-09-20T19:22:51.890725+00:00,nfl,2026,2,401872934,401872934961,1,2:07,J.Noel right end to CIN 32 for 13 yards (D.Turner; J.Davis).,2,5,CIN 45,55,0,Houston Texans,Cincinnati Bengals,0,0,9.5,90.5,227.0,61.0,288.0,162.0,59.0,221.0,game,ML,Cincinnati Bengals,,,polymarketus,1666,—,—,,Loss,,miss,,,,—,,
2026-09-20T19:22:51.890725+00:00,nfl,2026,2,401872934,401872934961,1,2:07,J.Noel right end to CIN 32 for 13 yards (D.Turner; J.Davis).,2,5,CIN 45,55,0,Houston Texans,Cincinnati Bengals,0,0,9.5,90.5,227.0,61.0,288.0,162.0,59.0,221.0,game,ML,Houston Texans,,,polymarket,809,—,—,,Loss,,miss,,,,—,,
2026-09-20T19:22:51.890725+00:00,nfl,2026,2,401872934,401872934983,1,1:25,"W.Marks left guard to CIN 34 for -2 yards (J.Allen, B.Mafe).",1,10,CIN 32,68,0,Houston Texans,Cincinnati Bengals,0,0,9.5,90.5,227.0,61.0,288.0,162.0,59.0,221.0,game,Spread,Cincinnati Bengals,,-9.5,polymarketus,-105,—,—,,0,,miss,,,,—,,
2026-09-20T19:22:51.890725+00:00,nfl,2026,2,401872934,401872934983,1,1:25,"W.Marks left guard to CIN 34 for -2 yards (J.Allen, B.Mafe).",1,10,CIN 32,68,0,Houston Texans,Cincinnati Bengals,0,0,9.5,90.5,227.0,61.0,288.0,162.0,59.0,221.0,game,Spread,Houston Texans,,9.5,polymarketus,-109,—,—,,0,,hit,,,,—,,
2026-09-20T19:22:51.890725+00:00,nfl,2026,2,401872934,401872934983,1,1:25,"W.Marks left guard to CIN 34 for -2 yards (J.Allen, B.Mafe).",1,10,CIN 32,68,0,Houston Texans,Cincinnati Bengals,0,0,9.5,90.5,227.0,61.0,288.0,162.0,59.0,221.0,game,Total,Over,,35.5,polymarket,104,—,—,,0.0,,miss,,,,—,,
2026-09-20T19:22:51.890725+00:00,nfl,2026,2,401872934,401872934983,1,1:25,"W.Marks left guard to CIN 34 for -2 yards (J.Allen, B.Mafe).",1,10,CIN 32,68,0,Houston Texans,Cincinnati Bengals,0,0,9.5,90.5,227.0,61.0,288.0,162.0,59.0,221.0,game,Total,Under,,35.5,polymarket,-123,—,—,,0.0,,hit,,,,—,,
2026-09-20T19:22:51.890725+00:00,nfl,2026,2,401872934,401872934983,1,1:25,"W.Marks left guard to CIN 34 for -2 yards (J.Allen, B.Mafe).",1,10,CIN 32,68,0,Houston Texans,Cincinnati Bengals,0,0,9.5,90.5,227.0,61.0,288.0,162.0,59.0,221.0,game,ML,Cincinnati Bengals,,,polymarketus,1666,—,—,,Loss,,miss,,,,—,,
2026-09-20T19:22:51.890725+00:00,nfl,2026,2,401872934,401872934983,1,1:25,"W.Marks left guard to CIN 34 for -2 yards (J.Allen, B.Mafe).",1,10,CIN 32,68,0,Houston Texans,Cincinnati Bengals,0,0,9.5,90.5,227.0,61.0,288.0,162.0,59.0,221.0,game,ML,Houston Texans,,,polymarket,809,—,—,,Loss,,miss,,,,—,,
2026-09-20T19:22:51.890725+00:00,nfl,2026,2,401872934,4018729341005,1,0:44,(Shotgun) C.Stroud pass incomplete short middle to X.Hutchinson [D.Knight].,2,12,CIN 34,66,0,Houston Texans,Cincinnati Bengals,0,0,9.5,90.5,227.0,61.0,288.0,162.0,59.0,221.0,game,Spread,Cincinnati Bengals,,-9.5,polymarketus,-105,—,—,,0,,miss,,,,—,,
2026-09-20T19:22:51.890725+00:00,nfl,2026,2,401872934,4018729341005,1,0:44,(Shotgun) C.Stroud pass incomplete short middle to X.Hutchinson [D.Knight].,2,12,CIN 34,66,0,Houston Texans,Cincinnati Bengals,0,0,9.5,90.5,227.0,61.0,288.0,162.0,59.0,221.0,game,Spread,Houston Texans,,9.5,polymarketus,-109,—,—,,0,,hit,,,,—,,
2026-09-20T19:22:51.890725+00:00,nfl,2026,2,401872934,4018729341005,1,0:44,(Shotgun) C.Stroud pass incomplete short middle to X.Hutchinson [D.Knight].,2,12,CIN 34,66,0,Houston Texans,Cincinnati Bengals,0,0,9.5,90.5,227.0,61.0,288.0,162.0,59.0,221.0,game,Total,Over,,35.5,polymarket,104,—,—,,0.0,,miss,,,,—,,
2026-09-20T19:22:51.890725+00:00,nfl,2026,2,401872934,4018729341005,1,0:44,(Shotgun) C.Stroud pass incomplete short middle to X.Hutchinson [D.Knight].,2,12,CIN 34,66,0,Houston Texans,Cincinnati Bengals,0,0,9.5,90.5,227.0,61.0,288.0,162.0,59.0,221.0,game,Total,Under,,35.5,polymarket,-123,—,—,,0.0,,hit,,,,—,,
2026-09-20T19:22:51.890725+00:00,nfl,2026,2,401872934,4018729341005,1,0:44,(Shotgun) C.Stroud pass incomplete short middle to X.Hutchinson [D.Knight].,2,12,CIN 34,66,0,Houston Texans,Cincinnati Bengals,0,0,9.5,90.5,227.0,61.0,288.0,162.0,59.0,221.0,game,ML,Cincinnati Bengals,,,polymarketus,1666,—,—,,Loss,,miss,,,,—,,
2026-09-20T19:22:51.890725+00:00,nfl,2026,2,401872934,4018729341005,1,0:44,(Shotgun) C.Stroud pass incomplete short middle to X.Hutchinson [D.Knight].,2,12,CIN 34,66,0,Houston Texans,Cincinnati Bengals,0,0,9.5,90.5,227.0,61.0,288.0,162.0,59.0,221.0,game,ML,Houston Texans,,,polymarket,809,—,—,,Loss,,miss,,,,—,,
2026-09-20T19:22:51.890725+00:00,nfl,2026,2,401872934,4018729341028,1,0:41,(Shotgun) C.Stroud pass short right to W.Marks to CIN 22 for 12 yards (B.Cook; B.Carter).,3,12,CIN 34,66,0,Houston Texans,Cincinnati Bengals,0,0,9.5,90.5,227.0,61.0,288.0,162.0,59.0,221.0,game,Spread,Cincinnati Bengals,,-9.5,polymarketus,-105,—,—,,0,,miss,,,,—,,
2026-09-20T19:22:51.890725+00:00,nfl,2026,2,401872934,4018729341028,1,0:41,(Shotgun) C.Stroud pass short right to W.Marks to CIN 22 for 12 yards (B.Cook; B.Carter).,3,12,CIN 34,66,0,Houston Texans,Cincinnati Bengals,0,0,9.5,90.5,227.0,61.0,288.0,162.0,59.0,221.0,game,Spread,Houston Texans,,9.5,polymarketus,-109,—,—,,0,,hit,,,,—,,
2026-09-20T19:22:51.890725+00:00,nfl,2026,2,401872934,4018729341028,1,0:41,(Shotgun) C.Stroud pass short right to W.Marks to CIN 22 for 12 yards (B.Cook; B.Carter).,3,12,CIN 34,66,0,Houston Texans,Cincinnati Bengals,0,0,9.5,90.5,227.0,61.0,288.0,162.0,59.0,221.0,game,Total,Over,,35.5,polymarket,104,—,—,,0.0,,miss,,,,—,,
2026-09-20T19:22:51.890725+00:00,nfl,2026,2,401872934,4018729341028,1,0:41,(Shotgun) C.Stroud pass short right to W.Marks to CIN 22 for 12 yards (B.Cook; B.Carter).,3,12,CIN 34,66,0,Houston Texans,Cincinnati Bengals,0,0,9.5,90.5,227.0,61.0,288.0,162.0,59.0,221.0,game,Total,Under,,35.5,polymarket,-123,—,—,,0.0,,hit,,,,—,,
2026-09-20T19:22:51.890725+00:00,nfl,2026,2,401872934,4018729341028,1,0:41,(Shotgun) C.Stroud pass short right to W.Marks to CIN 22 for 12 yards (B.Cook; B.Carter).,3,12,CIN 34,66,0,Houston Texans,Cincinnati Bengals,0,0,9.5,90.5,227.0,61.0,288.0,162.0,59.0,221.0,game,ML,Cincinnati Bengals,,,polymarketus,1666,—,—,,Loss,,miss,,,,—,,
2026-09-20T19:22:51.890725+00:00,nfl,2026,2,401872934,4018729341028,1,0:41,(Shotgun) C.Stroud pass short right to W.Marks to CIN 22 for 12 yards (B.Cook; B.Carter).,3,12,CIN 34,66,0,Houston Texans,Cincinnati Bengals,0,0,9.5,90.5,227.0,61.0,288.0,162.0,59.0,221.0,game,ML,Houston Texans,,,polymarket,809,—,—,,Loss,,miss,,,,—,,
2026-09-20T19:22:51.890725+00:00,nfl,2026,2,401872934,4018729341053,1,0:00,END QUARTER 1,1,10,CIN 27,78,0,Houston Texans,Cincinnati Bengals,0,0,9.5,90.5,227.0,61.0,288.0,162.0,59.0,221.0,game,Spread,Cincinnati Bengals,,-9.5,polymarketus,-105,—,—,,0,,miss,,,,—,,
2026-09-20T19:22:51.890725+00:00,nfl,2026,2,401872934,4018729341053,1,0:00,END QUARTER 1,1,10,CIN 27,78,0,Houston Texans,Cincinnati Bengals,0,0,9.5,90.5,227.0,61.0,288.0,162.0,59.0,221.0,game,Spread,Houston Texans,,9.5,polymarketus,-109,—,—,,0,,hit,,,,—,,
2026-09-20T19:22:51.890725+00:00,nfl,2026,2,401872934,4018729341053,1,0:00,END QUARTER 1,1,10,CIN 27,78,0,Houston Texans,Cincinnati Bengals,0,0,9.5,90.5,227.0,61.0,288.0,162.0,59.0,221.0,game,Total,Over,,35.5,polymarket,104,—,—,,0.0,,miss,,,,—,,
2026-09-20T19:22:51.890725+00:00,nfl,2026,2,401872934,4018729341053,1,0:00,END QUARTER 1,1,10,CIN 27,78,0,Houston Texans,Cincinnati Bengals,0,0,9.5,90.5,227.0,61.0,288.0,162.0,59.0,221.0,game,Total,Under,,35.5,polymarket,-123,—,—,,0.0,,hit,,,,—,,
2026-09-20T19:22:51.890725+00:00,nfl,2026,2,401872934,4018729341053,1,0:00,END QUARTER 1,1,10,CIN 27,78,0,Houston Texans,Cincinnati Bengals,0,0,9.5,90.5,227.0,61.0,288.0,162.0,59.0,221.0,game,ML,Cincinnati Bengals,,,polymarketus,1666,—,—,,Loss,,miss,,,,—,,
2026-09-20T19:22:51.890725+00:00,nfl,2026,2,401872934,4018729341053,1,0:00,END QUARTER 1,1,10,CIN 27,78,0,Houston Texans,Cincinnati Bengals,0,0,9.5,90.5,227.0,61.0,288.0,162.0,59.0,221.0,game,ML,Houston Texans,,,polymarket,809,—,—,,Loss,,miss,,,,—,,
2026-09-20T19:22:51.890725+00:00,nfl,2026,2,401872934,4018729341073,2,15:00,(Shotgun) W.Marks right tackle to CIN 22 for no gain (M.Murphy).,1,10,CIN 22,78,0,Houston Texans,Cincinnati Bengals,0,0,9.5,90.5,227.0,61.0,288.0,162.0,59.0,221.0,game,Spread,Cincinnati Bengals,,-9.5,polymarketus,-105,—,—,,0,,miss,,,,—,,
2026-09-20T19:22:51.890725+00:00,nfl,2026,2,401872934,4018729341073,2,15:00,(Shotgun) W.Marks right tackle to CIN 22 for no gain (M.Murphy).,1,10,CIN 22,78,0,Houston Texans,Cincinnati Bengals,0,0,9.5,90.5,227.0,61.0,288.0,162.0,59.0,221.0,game,Spread,Houston Texans,,9.5,polymarketus,-109,—,—,,0,,hit,,,,—,,
2026-09-20T19:22:51.890725+00:00,nfl,2026,2,401872934,4018729341073,2,15:00,(Shotgun) W.Marks right tackle to CIN 22 for no gain (M.Murphy).,1,10,CIN 22,78,0,Houston Texans,Cincinnati Bengals,0,0,9.5,90.5,227.0,61.0,288.0,162.0,59.0,221.0,game,Total,Over,,35.5,polymarket,104,—,—,,0.0,,miss,,,,—,,
2026-09-20T19:22:51.890725+00:00,nfl,2026,2,401872934,4018729341073,2,15:00,(Shotgun) W.Marks right tackle to CIN 22 for no gain (M.Murphy).,1,10,CIN 22,78,0,Houston Texans,Cincinnati Bengals,0,0,9.5,90.5,227.0,61.0,288.0,162.0,59.0,221.0,game,Total,Under,,35.5,polymarket,-123,—,—,,0.0,,hit,,,,—,,
2026-09-20T19:22:51.890725+00:00,nfl,2026,2,401872934,4018729341073,2,15:00,(Shotgun) W.Marks right tackle to CIN 22 for no gain (M.Murphy).,1,10,CIN 22,78,0,Houston Texans,Cincinnati Bengals,0,0,9.5,90.5,227.0,61.0,288.0,162.0,59.0,221.0,game,ML,Cincinnati Bengals,,,polymarketus,1666,—,—,,Loss,,miss,,,,—,,
2026-09-20T19:22:51.890725+00:00,nfl,2026,2,401872934,4018729341073,2,15:00,(Shotgun) W.Marks right tackle to CIN 22 for no gain (M.Murphy).,1,10,CIN 22,78,0,Houston Texans,Cincinnati Bengals,0,0,9.5,90.5,227.0,61.0,288.0,162.0,59.0,221.0,game,ML,Houston Texans,,,polymarket,809,—,—,,Loss,,miss,,,,—,,
2026-09-20T19:22:51.890725+00:00,nfl,2026,2,401872934,4018729341095,2,14:25,(Shotgun) W.Marks right tackle to CIN 20 for 2 yards (J.Battle).,2,10,CIN 22,78,0,Houston Texans,Cincinnati Bengals,0,0,9.5,90.5,227.0,61.0,288.0,162.0,59.0,221.0,game,Spread,Cincinnati Bengals,,-9.5,kalshi,-109,—,—,,0,,miss,,,,—,,
2026-09-20T19:22:51.890725+00:00,nfl,2026,2,401872934,4018729341095,2,14:25,(Shotgun) W.Marks right tackle to CIN 20 for 2 yards (J.Battle).,2,10,CIN 22,78,0,Houston Texans,Cincinnati Bengals,0,0,9.5,90.5,227.0,61.0,288.0,162.0,59.0,221.0,game,Spread,Houston Texans,,9.5,kalshi,-171,—,—,,0,,hit,,,,—,,
2026-09-20T19:22:51.890725+00:00,nfl,2026,2,401872934,4018729341095,2,14:25,(Shotgun) W.Marks right tackle to CIN 20 for 2 yards (J.Battle).,2,10,CIN 22,78,0,Houston Texans,Cincinnati Bengals,0,0,9.5,90.5,227.0,61.0,288.0,162.0,59.0,221.0,game,Total,Over,,35.5,kalshi,-186,—,—,,0.0,,miss,,,,—,,
2026-09-20T19:22:51.890725+00:00,nfl,2026,2,401872934,4018729341095,2,14:25,(Shotgun) W.Marks right tackle to CIN 20 for 2 yards (J.Battle).,2,10,CIN 22,78,0,Houston Texans,Cincinnati Bengals,0,0,9.5,90.5,227.0,61.0,288.0,162.0,59.0,221.0,game,Total,Under,,35.5,kalshi,-118,—,—,,0.0,,hit,,,,—,,
2026-09-20T19:22:51.890725+00:00,nfl,2026,2,401872934,4018729341095,2,14:25,(Shotgun) W.Marks right tackle to CIN 20 for 2 yards (J.Battle).,2,10,CIN 22,78,0,Houston Texans,Cincinnati Bengals,0,0,9.5,90.5,227.0,61.0,288.0,162.0,59.0,221.0,game,ML,Cincinnati Bengals,,,polymarket,-810,—,—,,Loss,,miss,,,,—,,
2026-09-20T19:22:51.890725+00:00,nfl,2026,2,401872934,4018729341095,2,14:25,(Shotgun) W.Marks right tackle to CIN 20 for 2 yards (J.Battle).,2,10,CIN 22,78,0,Houston Texans,Cincinnati Bengals,0,0,9.5,90.5,227.0,61.0,288.0,162.0,59.0,221.0,game,ML,Houston Texans,,,kalshi,733,—,—,,Loss,,miss,,,,—,,
2026-09-20T19:22:51.890725+00:00,nfl,2026,2,401872934,4018729341117,2,13:49,"(13:49) (Shotgun) C.Stroud pass short right to W.Marks to CIN 16 for 4 yards (B.Carter).
Penalty on HST-W.Teller, Offensive Holding, declined.",3,8,CIN 20,80,0,Houston Texans,Cincinnati Bengals,0,0,9.5,90.5,227.0,61.0,288.0,162.0,59.0,221.0,game,Spread,Cincinnati Bengals,,-9.5,kalshi,-109,—,—,,0,,miss,,,,—,,
2026-09-20T19:22:51.890725+00:00,nfl,2026,2,401872934,4018729341117,2,13:49,"(13:49) (Shotgun) C.Stroud pass short right to W.Marks to CIN 16 for 4 yards (B.Carter).
Penalty on HST-W.Teller, Offensive Holding, declined.",3,8,CIN 20,80,0,Houston Texans,Cincinnati Bengals,0,0,9.5,90.5,227.0,61.0,288.0,162.0,59.0,221.0,game,Spread,Houston Texans,,9.5,kalshi,-171,—,—,,0,,hit,,,,—,,
2026-09-20T19:22:51.890725+00:00,nfl,2026,2,401872934,4018729341117,2,13:49,"(13:49) (Shotgun) C.Stroud pass short right to W.Marks to CIN 16 for 4 yards (B.Carter).
Penalty on HST-W.Teller, Offensive Holding, declined.",3,8,CIN 20,80,0,Houston Texans,Cincinnati Bengals,0,0,9.5,90.5,227.0,61.0,288.0,162.0,59.0,221.0,game,Total,Over,,35.5,kalshi,-186,—,—,,0.0,,miss,,,,—,,
2026-09-20T19:22:51.890725+00:00,nfl,2026,2,401872934,4018729341117,2,13:49,"(13:49) (Shotgun) C.Stroud pass short right to W.Marks to CIN 16 for 4 yards (B.Carter).
Penalty on HST-W.Teller, Offensive Holding, declined.",3,8,CIN 20,80,0,Houston Texans,Cincinnati Bengals,0,0,9.5,90.5,227.0,61.0,288.0,162.0,59.0,221.0,game,Total,Under,,35.5,kalshi,-118,—,—,,0.0,,hit,,,,—,,
2026-09-20T19:22:51.890725+00:00,nfl,2026,2,401872934,4018729341117,2,13:49,"(13:49) (Shotgun) C.Stroud pass short right to W.Marks to CIN 16 for 4 yards (B.Carter).
Penalty on HST-W.Teller, Offensive Holding, declined.",3,8,CIN 20,80,0,Houston Texans,Cincinnati Bengals,0,0,9.5,90.5,227.0,61.0,288.0,162.0,59.0,221.0,game,ML,Cincinnati Bengals,,,polymarket,-810,—,—,,Loss,,miss,,,,—,,
2026-09-20T19:22:51.890725+00:00,nfl,2026,2,401872934,4018729341117,2,13:49,"(13:49) (Shotgun) C.Stroud pass short right to W.Marks to CIN 16 for 4 yards (B.Carter).
Penalty on HST-W.Teller, Offensive Holding, declined.",3,8,CIN 20,80,0,Houston Texans,Cincinnati Bengals,0,0,9.5,90.5,227.0,61.0,288.0,162.0,59.0,221.0,game,ML,Houston Texans,,,kalshi,733,—,—,,Loss,,miss,,,,—,,
2026-09-20T19:22:51.890725+00:00,nfl,2026,2,401872934,4018729341153,2,13:28,"(Field Goal formation) K.Kroeger to CIN 24 for -8 yards. FUMBLES, and recovers at CIN 25. K.Kroeger pass incomplete short right.",4,4,CIN 16,84,0,Houston Texans,Cincinnati Bengals,0,0,9.5,90.5,227.0,61.0,288.0,162.0,59.0,221.0,game,Spread,Cincinnati Bengals,,-9.5,kalshi,-109,—,—,,0,,miss,,,,—,,
2026-09-20T19:22:51.890725+00:00,nfl,2026,2,401872934,4018729341153,2,13:28,"(Field Goal formation) K.Kroeger to CIN 24 for -8 yards. FUMBLES, and recovers at CIN 25. K.Kroeger pass incomplete short right.",4,4,CIN 16,84,0,Houston Texans,Cincinnati Bengals,0,0,9.5,90.5,227.0,61.0,288.0,162.0,59.0,221.0,game,Spread,Houston Texans,,9.5,kalshi,-171,—,—,,0,,hit,,,,—,,
2026-09-20T19:22:51.890725+00:00,nfl,2026,2,401872934,4018729341153,2,13:28,"(Field Goal formation) K.Kroeger to CIN 24 for -8 yards. FUMBLES, and recovers at CIN 25. K.Kroeger pass incomplete short right.",4,4,CIN 16,84,0,Houston Texans,Cincinnati Bengals,0,0,9.5,90.5,227.0,61.0,288.0,162.0,59.0,221.0,game,Total,Over,,35.5,kalshi,-186,—,—,,0.0,,miss,,,,—,,
2026-09-20T19:22:51.890725+00:00,nfl,2026,2,401872934,4018729341153,2,13:28,"(Field Goal formation) K.Kroeger to CIN 24 for -8 yards. FUMBLES, and recovers at CIN 25. K.Kroeger pass incomplete short right.",4,4,CIN 16,84,0,Houston Texans,Cincinnati Bengals,0,0,9.5,90.5,227.0,61.0,288.0,162.0,59.0,221.0,game,Total,Under,,35.5,kalshi,-118,—,—,,0.0,,hit,,,,—,,
2026-09-20T19:22:51.890725+00:00,nfl,2026,2,401872934,4018729341153,2,13:28,"(Field Goal formation) K.Kroeger to CIN 24 for -8 yards. FUMBLES, and recovers at CIN 25. K.Kroeger pass incomplete short right.",4,4,CIN 16,84,0,Houston Texans,Cincinnati Bengals,0,0,9.5,90.5,227.0,61.0,288.0,162.0,59.0,221.0,game,ML,Cincinnati Bengals,,,polymarket,-810,—,—,,Loss,,miss,,,,—,,
2026-09-20T19:22:51.890725+00:00,nfl,2026,2,401872934,4018729341153,2,13:28,"(Field Goal formation) K.Kroeger to CIN 24 for -8 yards. FUMBLES, and recovers at CIN 25. K.Kroeger pass incomplete short right.",4,4,CIN 16,84,0,Houston Texans,Cincinnati Bengals,0,0,9.5,90.5,227.0,61.0,288.0,162.0,59.0,221.0,game,ML,Houston Texans,,,kalshi,733,—,—,,Loss,,miss,,,,—,,
2026-09-20T19:22:51.890725+00:00,nfl,2026,2,401872934,4018729341180,2,13:20,Official Timeout at 13:20.,1,10,CIN 12,88,0,Houston Texans,Cincinnati Bengals,0,0,9.5,90.5,227.0,61.0,288.0,162.0,59.0,221.0,game,Spread,Cincinnati Bengals,,-9.5,kalshi,-109,—,—,,0,,miss,,,,—,,
2026-09-20T19:22:51.890725+00:00,nfl,2026,2,401872934,4018729341180,2,13:20,Official Timeout at 13:20.,1,10,CIN 12,88,0,Houston Texans,Cincinnati Bengals,0,0,9.5,90.5,227.0,61.0,288.0,162.0,59.0,221.0,game,Spread,Houston Texans,,9.5,kalshi,-171,—,—,,0,,hit,,,,—,,
2026-09-20T19:22:51.890725+00:00,nfl,2026,2,401872934,4018729341180,2,13:20,Official Timeout at 13:20.,1,10,CIN 12,88,0,Houston Texans,Cincinnati Bengals,0,0,9.5,90.5,227.0,61.0,288.0,162.0,59.0,221.0,game,Total,Over,,35.5,kalshi,-186,—,—,,0.0,,miss,,,,—,,
2026-09-20T19:22:51.890725+00:00,nfl,2026,2,401872934,4018729341180,2,13:20,Official Timeout at 13:20.,1,10,CIN 12,88,0,Houston Texans,Cincinnati Bengals,0,0,9.5,90.5,227.0,61.0,288.0,162.0,59.0,221.0,game,Total,Under,,35.5,kalshi,-118,—,—,,0.0,,hit,,,,—,,
2026-09-20T19:22:51.890725+00:00,nfl,2026,2,401872934,4018729341180,2,13:20,Official Timeout at 13:20.,1,10,CIN 12,88,0,Houston Texans,Cincinnati Bengals,0,0,9.5,90.5,227.0,61.0,288.0,162.0,59.0,221.0,game,ML,Cincinnati Bengals,,,polymarket,-810,—,—,,Loss,,miss,,,,—,,
2026-09-20T19:22:51.890725+00:00,nfl,2026,2,401872934,4018729341180,2,13:20,Official Timeout at 13:20.,1,10,CIN 12,88,0,Houston Texans,Cincinnati Bengals,0,0,9.5,90.5,227.0,61.0,288.0,162.0,59.0,221.0,game,ML,Houston Texans,,,kalshi,733,—,—,,Loss,,miss,,,,—,,
2026-09-20T19:22:51.890725+00:00,nfl,2026,2,401872934,4018729341206,2,13:20,C.Brown right guard to CIN 23 for 7 yards (J.Hansen).,1,10,CIN 16,84,0,Houston Texans,Cincinnati Bengals,0,0,9.5,90.5,227.0,61.0,288.0,162.0,59.0,221.0,game,Spread,Cincinnati Bengals,,-9.5,kalshi,-109,—,—,,0,,miss,,,,—,,
2026-09-20T19:22:51.890725+00:00,nfl,2026,2,401872934,4018729341206,2,13:20,C.Brown right guard to CIN 23 for 7 yards (J.Hansen).,1,10,CIN 16,84,0,Houston Texans,Cincinnati Bengals,0,0,9.5,90.5,227.0,61.0,288.0,162.0,59.0,221.0,game,Spread,Houston Texans,,9.5,kalshi,-171,—,—,,0,,hit,,,,—,,
2026-09-20T19:22:51.890725+00:00,nfl,2026,2,401872934,4018729341206,2,13:20,C.Brown right guard to CIN 23 for 7 yards (J.Hansen).,1,10,CIN 16,84,0,Houston Texans,Cincinnati Bengals,0,0,9.5,90.5,227.0,61.0,288.0,162.0,59.0,221.0,game,Total,Over,,35.5,kalshi,-186,—,—,,0.0,,miss,,,,—,,
2026-09-20T19:22:51.890725+00:00,nfl,2026,2,401872934,4018729341206,2,13:20,C.Brown right guard to CIN 23 for 7 yards (J.Hansen).,1,10,CIN 16,84,0,Houston Texans,Cincinnati Bengals,0,0,9.5,90.5,227.0,61.0,288.0,162.0,59.0,221.0,game,Total,Under,,35.5,kalshi,-118,—,—,,0.0,,hit,,,,—,,
2026-09-20T19:22:51.890725+00:00,nfl,2026,2,401872934,4018729341206,2,13:20,C.Brown right guard to CIN 23 for 7 yards (J.Hansen).,1,10,CIN 16,84,0,Houston Texans,Cincinnati Bengals,0,0,9.5,90.5,227.0,61.0,288.0,162.0,59.0,221.0,game,ML,Cincinnati Bengals,,,polymarket,-810,—,—,,Loss,,miss,,,,—,,
2026-09-20T19:22:51.890725+00:00,nfl,2026,2,401872934,4018729341206,2,13:20,C.Brown right guard to CIN 23 for 7 yards (J.Hansen).,1,10,CIN 16,84,0,Houston Texans,Cincinnati Bengals,0,0,9.5,90.5,227.0,61.0,288.0,162.0,59.0,221.0,game,ML,Houston Texans,,,kalshi,733,—,—,,Loss,,miss,,,,—,,
2026-09-20T19:22:51.890725+00:00,nfl,2026,2,401872934,4018729341235,2,12:46,(Shotgun) J.Burrow pass short middle to T.Higgins to CIN 44 for 21 yards (R.Blankenship; D.Stingley).,2,3,CIN 23,77,0,Houston Texans,Cincinnati Bengals,0,0,9.5,90.5,227.0,61.0,288.0,162.0,59.0,221.0,game,Spread,Cincinnati Bengals,,-9.5,kalshi,-109,—,—,,0,,miss,,,,—,,
2026-09-20T19:22:51.890725+00:00,nfl,2026,2,401872934,4018729341235,2,12:46,(Shotgun) J.Burrow pass short middle to T.Higgins to CIN 44 for 21 yards (R.Blankenship; D.Stingley).,2,3,CIN 23,77,0,Houston Texans,Cincinnati Bengals,0,0,9.5,90.5,227.0,61.0,288.0,162.0,59.0,221.0,game,Spread,Houston Texans,,9.5,kalshi,-171,—,—,,0,,hit,,,,—,,
2026-09-20T19:22:51.890725+00:00,nfl,2026,2,401872934,4018729341235,2,12:46,(Shotgun) J.Burrow pass short middle to T.Higgins to CIN 44 for 21 yards (R.Blankenship; D.Stingley).,2,3,CIN 23,77,0,Houston Texans,Cincinnati Bengals,0,0,9.5,90.5,227.0,61.0,288.0,162.0,59.0,221.0,game,Total,Over,,35.5,kalshi,-186,—,—,,0.0,,miss,,,,—,,
2026-09-20T19:22:51.890725+00:00,nfl,2026,2,401872934,4018729341235,2,12:46,(Shotgun) J.Burrow pass short middle to T.Higgins to CIN 44 for 21 yards (R.Blankenship; D.Stingley).,2,3,CIN 23,77,0,Houston Texans,Cincinnati Bengals,0,0,9.5,90.5,227.0,61.0,288.0,162.0,59.0,221.0,game,Total,Under,,35.5,kalshi,-118,—,—,,0.0,,hit,,,,—,,
2026-09-20T19:22:51.890725+00:00,nfl,2026,2,401872934,4018729341235,2,12:46,(Shotgun) J.Burrow pass short middle to T.Higgins to CIN 44 for 21 yards (R.Blankenship; D.Stingley).,2,3,CIN 23,77,0,Houston Texans,Cincinnati Bengals,0,0,9.5,90.5,227.0,61.0,288.0,162.0,59.0,221.0,game,ML,Cincinnati Bengals,,,polymarket,-810,—,—,,Loss,,miss,,,,—,,
2026-09-20T19:22:51.890725+00:00,nfl,2026,2,401872934,4018729341235,2,12:46,(Shotgun) J.Burrow pass short middle to T.Higgins to CIN 44 for 21 yards (R.Blankenship; D.Stingley).,2,3,CIN 23,77,0,Houston Texans,Cincinnati Bengals,0,0,9.5,90.5,227.0,61.0,288.0,162.0,59.0,221.0,game,ML,Houston Texans,,,kalshi,733,—,—,,Loss,,miss,,,,—,,
2026-09-20T19:22:51.890725+00:00,nfl,2026,2,401872934,4018729341260,2,12:01,J.Burrow pass incomplete short right to T.Higgins.,1,10,CIN 44,56,0,Houston Texans,Cincinnati Bengals,0,0,9.5,90.5,227.0,61.0,288.0,162.0,59.0,221.0,game,Spread,Cincinnati Bengals,,-9.5,kalshi,-109,—,—,,0,,miss,,,,—,,
2026-09-20T19:22:51.890725+00:00,nfl,2026,2,401872934,4018729341260,2,12:01,J.Burrow pass incomplete short right to T.Higgins.,1,10,CIN 44,56,0,Houston Texans,Cincinnati Bengals,0,0,9.5,90.5,227.0,61.0,288.0,162.0,59.0,221.0,game,Spread,Houston Texans,,9.5,kalshi,-171,—,—,,0,,hit,,,,—,,
2026-09-20T19:22:51.890725+00:00,nfl,2026,2,401872934,4018729341260,2,12:01,J.Burrow pass incomplete short right to T.Higgins.,1,10,CIN 44,56,0,Houston Texans,Cincinnati Bengals,0,0,9.5,90.5,227.0,61.0,288.0,162.0,59.0,221.0,game,Total,Over,,35.5,kalshi,-186,—,—,,0.0,,miss,,,,—,,
2026-09-20T19:22:51.890725+00:00,nfl,2026,2,401872934,4018729341260,2,12:01,J.Burrow pass incomplete short right to T.Higgins.,1,10,CIN 44,56,0,Houston Texans,Cincinnati Bengals,0,0,9.5,90.5,227.0,61.0,288.0,162.0,59.0,221.0,game,Total,Under,,35.5,kalshi,-118,—,—,,0.0,,hit,,,,—,,
2026-09-20T19:22:51.890725+00:00,nfl,2026,2,401872934,4018729341260,2,12:01,J.Burrow pass incomplete short right to T.Higgins.,1,10,CIN 44,56,0,Houston Texans,Cincinnati Bengals,0,0,9.5,90.5,227.0,61.0,288.0,162.0,59.0,221.0,game,ML,Cincinnati Bengals,,,polymarket,-810,—,—,,Loss,,miss,,,,—,,
2026-09-20T19:22:51.890725+00:00,nfl,2026,2,401872934,4018729341260,2,12:01,J.Burrow pass incomplete short right to T.Higgins.,1,10,CIN 44,56,0,Houston Texans,Cincinnati Bengals,0,0,9.5,90.5,227.0,61.0,288.0,162.0,59.0,221.0,game,ML,Houston Texans,,,kalshi,733,—,—,,Loss,,miss,,,,—,,
2026-09-20T19:22:51.890725+00:00,nfl,2026,2,401872934,4018729341283,2,11:56,"(Shotgun) PENALTY on CIN-T.Karras, False Start, 5 yards, enforced at CIN 44 - No Play.",2,10,CIN 44,56,0,Houston Texans,Cincinnati Bengals,0,0,9.5,90.5,227.0,61.0,288.0,162.0,59.0,221.0,game,Spread,Cincinnati Bengals,,-9.5,kalshi,-109,—,—,,0,,miss,,,,—,,
2026-09-20T19:22:51.890725+00:00,nfl,2026,2,401872934,4018729341283,2,11:56,"(Shotgun) PENALTY on CIN-T.Karras, False Start, 5 yards, enforced at CIN 44 - No Play.",2,10,CIN 44,56,0,Houston Texans,Cincinnati Bengals,0,0,9.5,90.5,227.0,61.0,288.0,162.0,59.0,221.0,game,Spread,Houston Texans,,9.5,kalshi,-171,—,—,,0,,hit,,,,—,,
2026-09-20T19:22:51.890725+00:00,nfl,2026,2,401872934,4018729341283,2,11:56,"(Shotgun) PENALTY on CIN-T.Karras, False Start, 5 yards, enforced at CIN 44 - No Play.",2,10,CIN 44,56,0,Houston Texans,Cincinnati Bengals,0,0,9.5,90.5,227.0,61.0,288.0,162.0,59.0,221.0,game,Total,Over,,35.5,kalshi,-186,—,—,,0.0,,miss,,,,—,,
2026-09-20T19:22:51.890725+00:00,nfl,2026,2,401872934,4018729341283,2,11:56,"(Shotgun) PENALTY on CIN-T.Karras, False Start, 5 yards, enforced at CIN 44 - No Play.",2,10,CIN 44,56,0,Houston Texans,Cincinnati Bengals,0,0,9.5,90.5,227.0,61.0,288.0,162.0,59.0,221.0,game,Total,Under,,35.5,kalshi,-118,—,—,,0.0,,hit,,,,—,,
2026-09-20T19:22:51.890725+00:00,nfl,2026,2,401872934,4018729341283,2,11:56,"(Shotgun) PENALTY on CIN-T.Karras, False Start, 5 yards, enforced at CIN 44 - No Play.",2,10,CIN 44,56,0,Houston Texans,Cincinnati Bengals,0,0,9.5,90.5,227.0,61.0,288.0,162.0,59.0,221.0,game,ML,Cincinnati Bengals,,,polymarket,-810,—,—,,Loss,,miss,,,,—,,
2026-09-20T19:22:51.890725+00:00,nfl,2026,2,401872934,4018729341283,2,11:56,"(Shotgun) PENALTY on CIN-T.Karras, False Start, 5 yards, enforced at CIN 44 - No Play.",2,10,CIN 44,56,0,Houston Texans,Cincinnati Bengals,0,0,9.5,90.5,227.0,61.0,288.0,162.0,59.0,221.0,game,ML,Houston Texans,,,kalshi,733,—,—,,Loss,,miss,,,,—,,
2026-09-20T19:22:51.890725+00:00,nfl,2026,2,401872934,4018729341307,2,11:56,(Shotgun) J.Burrow sacked at CIN 33 for -6 yards (D.Hunter).,2,15,CIN 39,61,0,Houston Texans,Cincinnati Bengals,0,0,9.5,90.5,227.0,61.0,288.0,162.0,59.0,221.0,game,Spread,Cincinnati Bengals,,-9.5,kalshi,-109,—,—,,0,,miss,,,,—,,
2026-09-20T19:22:51.890725+00:00,nfl,2026,2,401872934,4018729341307,2,11:56,(Shotgun) J.Burrow sacked at CIN 33 for -6 yards (D.Hunter).,2,15,CIN 39,61,0,Houston Texans,Cincinnati Bengals,0,0,9.5,90.5,227.0,61.0,288.0,162.0,59.0,221.0,game,Spread,Houston Texans,,9.5,kalshi,-171,—,—,,0,,hit,,,,—,,
2026-09-20T19:22:51.890725+00:00,nfl,2026,2,401872934,4018729341307,2,11:56,(Shotgun) J.Burrow sacked at CIN 33 for -6 yards (D.Hunter).,2,15,CIN 39,61,0,Houston Texans,Cincinnati Bengals,0,0,9.5,90.5,227.0,61.0,288.0,162.0,59.0,221.0,game,Total,Over,,35.5,kalshi,-186,—,—,,0.0,,miss,,,,—,,
2026-09-20T19:22:51.890725+00:00,nfl,2026,2,401872934,4018729341307,2,11:56,(Shotgun) J.Burrow sacked at CIN 33 for -6 yards (D.Hunter).,2,15,CIN 39,61,0,Houston Texans,Cincinnati Bengals,0,0,9.5,90.5,227.0,61.0,288.0,162.0,59.0,221.0,game,Total,Under,,35.5,kalshi,-118,—,—,,0.0,,hit,,,,—,,
2026-09-20T19:22:51.890725+00:00,nfl,2026,2,401872934,4018729341307,2,11:56,(Shotgun) J.Burrow sacked at CIN 33 for -6 yards (D.Hunter).,2,15,CIN 39,61,0,Houston Texans,Cincinnati Bengals,0,0,9.5,90.5,227.0,61.0,288.0,162.0,59.0,221.0,game,ML,Cincinnati Bengals,,,polymarket,-810,—,—,,Loss,,miss,,,,—,,
2026-09-20T19:22:51.890725+00:00,nfl,2026,2,401872934,4018729341307,2,11:56,(Shotgun) J.Burrow sacked at CIN 33 for -6 yards (D.Hunter).,2,15,CIN 39,61,0,Houston Texans,Cincinnati Bengals,0,0,9.5,90.5,227.0,61.0,288.0,162.0,59.0,221.0,game,ML,Houston Texans,,,kalshi,733,—,—,,Loss,,miss,,,,—,,
2026-09-20T19:22:51.890725+00:00,nfl,2026,2,401872934,4018729341327,2,11:14,"(Shotgun) PENALTY on CIN-O.Brown, False Start, 5 yards, enforced at CIN 33 - No Play.",3,21,CIN 33,67,0,Houston Texans,Cincinnati Bengals,0,0,9.5,90.5,227.0,61.0,288.0,162.0,59.0,221.0,game,Spread,Cincinnati Bengals,,-9.5,kalshi,-109,—,—,,0,,miss,,,,—,,
2026-09-20T19:22:51.890725+00:00,nfl,2026,2,401872934,4018729341327,2,11:14,"(Shotgun) PENALTY on CIN-O.Brown, False Start, 5 yards, enforced at CIN 33 - No Play.",3,21,CIN 33,67,0,Houston Texans,Cincinnati Bengals,0,0,9.5,90.5,227.0,61.0,288.0,162.0,59.0,221.0,game,Spread,Houston Texans,,9.5,kalshi,-171,—,—,,0,,hit,,,,—,,
2026-09-20T19:22:51.890725+00:00,nfl,2026,2,401872934,4018729341327,2,11:14,"(Shotgun) PENALTY on CIN-O.Brown, False Start, 5 yards, enforced at CIN 33 - No Play.",3,21,CIN 33,67,0,Houston Texans,Cincinnati Bengals,0,0,9.5,90.5,227.0,61.0,288.0,162.0,59.0,221.0,game,Total,Over,,35.5,kalshi,-186,—,—,,0.0,,miss,,,,—,,
2026-09-20T19:22:51.890725+00:00,nfl,2026,2,401872934,4018729341327,2,11:14,"(Shotgun) PENALTY on CIN-O.Brown, False Start, 5 yards, enforced at CIN 33 - No Play.",3,21,CIN 33,67,0,Houston Texans,Cincinnati Bengals,0,0,9.5,90.5,227.0,61.0,288.0,162.0,59.0,221.0,game,Total,Under,,35.5,kalshi,-118,—,—,,0.0,,hit,,,,—,,
2026-09-20T19:22:51.890725+00:00,nfl,2026,2,401872934,4018729341327,2,11:14,"(Shotgun) PENALTY on CIN-O.Brown, False Start, 5 yards, enforced at CIN 33 - No Play.",3,21,CIN 33,67,0,Houston Texans,Cincinnati Bengals,0,0,9.5,90.5,227.0,61.0,288.0,162.0,59.0,221.0,game,ML,Cincinnati Bengals,,,polymarket,-810,—,—,,Loss,,miss,,,,—,,
2026-09-20T19:22:51.890725+00:00,nfl,2026,2,401872934,4018729341327,2,11:14,"(Shotgun) PENALTY on CIN-O.Brown, False Start, 5 yards, enforced at CIN 33 - No Play.",3,21,CIN 33,67,0,Houston Texans,Cincinnati Bengals,0,0,9.5,90.5,227.0,61.0,288.0,162.0,59.0,221.0,game,ML,Houston Texans,,,kalshi,733,—,—,,Loss,,miss,,,,—,,
2026-09-20T19:22:51.890725+00:00,nfl,2026,2,401872934,4018729341351,2,10:57,"(Shotgun) J.Burrow pass short middle to C.Brown to CIN 27 for -1 yards (S.Rankins, W.Anderson).",3,26,CIN 28,72,0,Houston Texans,Cincinnati Bengals,0,0,9.5,90.5,227.0,61.0,288.0,162.0,59.0,221.0,game,Spread,Cincinnati Bengals,,-9.5,kalshi,-109,—,—,,0,,miss,,,,—,,
2026-09-20T19:22:51.890725+00:00,nfl,2026,2,401872934,4018729341351,2,10:57,"(Shotgun) J.Burrow pass short middle to C.Brown to CIN 27 for -1 yards (S.Rankins, W.Anderson).",3,26,CIN 28,72,0,Houston Texans,Cincinnati Bengals,0,0,9.5,90.5,227.0,61.0,288.0,162.0,59.0,221.0,game,Spread,Houston Texans,,9.5,kalshi,-171,—,—,,0,,hit,,,,—,,
2026-09-20T19:22:51.890725+00:00,nfl,2026,2,401872934,4018729341351,2,10:57,"(Shotgun) J.Burrow pass short middle to C.Brown to CIN 27 for -1 yards (S.Rankins, W.Anderson).",3,26,CIN 28,72,0,Houston Texans,Cincinnati Bengals,0,0,9.5,90.5,227.0,61.0,288.0,162.0,59.0,221.0,game,Total,Over,,35.5,kalshi,-186,—,—,,0.0,,miss,,,,—,,
2026-09-20T19:22:51.890725+00:00,nfl,2026,2,401872934,4018729341351,2,10:57,"(Shotgun) J.Burrow pass short middle to C.Brown to CIN 27 for -1 yards (S.Rankins, W.Anderson).",3,26,CIN 28,72,0,Houston Texans,Cincinnati Bengals,0,0,9.5,90.5,227.0,61.0,288.0,162.0,59.0,221.0,game,Total,Under,,35.5,kalshi,-118,—,—,,0.0,,hit,,,,—,,
2026-09-20T19:22:51.890725+00:00,nfl,2026,2,401872934,4018729341351,2,10:57,"(Shotgun) J.Burrow pass short middle to C.Brown to CIN 27 for -1 yards (S.Rankins, W.Anderson).",3,26,CIN 28,72,0,Houston Texans,Cincinnati Bengals,0,0,9.5,90.5,227.0,61.0,288.0,162.0,59.0,221.0,game,ML,Cincinnati Bengals,,,polymarket,-810,—,—,,Loss,,miss,,,,—,,
2026-09-20T19:22:51.890725+00:00,nfl,2026,2,401872934,4018729341351,2,10:57,"(Shotgun) J.Burrow pass short middle to C.Brown to CIN 27 for -1 yards (S.Rankins, W.Anderson).",3,26,CIN 28,72,0,Houston Texans,Cincinnati Bengals,0,0,9.5,90.5,227.0,61.0,288.0,162.0,59.0,221.0,game,ML,Houston Texans,,,kalshi,733,—,—,,Loss,,miss,,,,—,,
2026-09-20T19:22:51.890725+00:00,nfl,2026,2,401872934,4018729341376,2,10:16,"R.Rehkow punts 40 yards to HST 33, Center-W.Wagner, out of bounds.",4,27,CIN 27,73,0,Houston Texans,Cincinnati Bengals,0,0,9.5,90.5,227.0,61.0,288.0,162.0,59.0,221.0,game,Spread,Cincinnati Bengals,,-9.5,kalshi,-109,—,—,,0,,miss,,,,—,,
2026-09-20T19:22:51.890725+00:00,nfl,2026,2,401872934,4018729341376,2,10:16,"R.Rehkow punts 40 yards to HST 33, Center-W.Wagner, out of bounds.",4,27,CIN 27,73,0,Houston Texans,Cincinnati Bengals,0,0,9.5,90.5,227.0,61.0,288.0,162.0,59.0,221.0,game,Spread,Houston Texans,,9.5,kalshi,-171,—,—,,0,,hit,,,,—,,
2026-09-20T19:22:51.890725+00:00,nfl,2026,2,401872934,4018729341376,2,10:16,"R.Rehkow punts 40 yards to HST 33, Center-W.Wagner, out of bounds.",4,27,CIN 27,73,0,Houston Texans,Cincinnati Bengals,0,0,9.5,90.5,227.0,61.0,288.0,162.0,59.0,221.0,game,Total,Over,,35.5,kalshi,-186,—,—,,0.0,,miss,,,,—,,
2026-09-20T19:22:51.890725+00:00,nfl,2026,2,401872934,4018729341376,2,10:16,"R.Rehkow punts 40 yards to HST 33, Center-W.Wagner, out of bounds.",4,27,CIN 27,73,0,Houston Texans,Cincinnati Bengals,0,0,9.5,90.5,227.0,61.0,288.0,162.0,59.0,221.0,game,Total,Under,,35.5,kalshi,-118,—,—,,0.0,,hit,,,,—,,
2026-09-20T19:22:51.890725+00:00,nfl,2026,2,401872934,4018729341376,2,10:16,"R.Rehkow punts 40 yards to HST 33, Center-W.Wagner, out of bounds.",4,27,CIN 27,73,0,Houston Texans,Cincinnati Bengals,0,0,9.5,90.5,227.0,61.0,288.0,162.0,59.0,221.0,game,ML,Cincinnati Bengals,,,polymarket,-810,—,—,,Loss,,miss,,,,—,,
2026-09-20T19:22:51.890725+00:00,nfl,2026,2,401872934,4018729341376,2,10:16,"R.Rehkow punts 40 yards to HST 33, Center-W.Wagner, out of bounds.",4,27,CIN 27,73,0,Houston Texans,Cincinnati Bengals,0,0,9.5,90.5,227.0,61.0,288.0,162.0,59.0,221.0,game,ML,Houston Texans,,,kalshi,733,—,—,,Loss,,miss,,,,—,,
2026-09-20T19:22:51.890725+00:00,nfl,2026,2,401872934,4018729341386,2,10:08,Official Timeout at 10:08.,1,10,HOU 33,33,0,Houston Texans,Cincinnati Bengals,0,0,9.5,90.5,227.0,61.0,288.0,162.0,59.0,221.0,game,Spread,Cincinnati Bengals,,-9.5,kalshi,-109,—,—,,0,,miss,,,,—,,
2026-09-20T19:22:51.890725+00:00,nfl,2026,2,401872934,4018729341386,2,10:08,Official Timeout at 10:08.,1,10,HOU 33,33,0,Houston Texans,Cincinnati Bengals,0,0,9.5,90.5,227.0,61.0,288.0,162.0,59.0,221.0,game,Spread,Houston Texans,,9.5,kalshi,-171,—,—,,0,,hit,,,,—,,
2026-09-20T19:22:51.890725+00:00,nfl,2026,2,401872934,4018729341386,2,10:08,Official Timeout at 10:08.,1,10,HOU 33,33,0,Houston Texans,Cincinnati Bengals,0,0,9.5,90.5,227.0,61.0,288.0,162.0,59.0,221.0,game,Total,Over,,35.5,kalshi,-186,—,—,,0.0,,miss,,,,—,,
2026-09-20T19:22:51.890725+00:00,nfl,2026,2,401872934,4018729341386,2,10:08,Official Timeout at 10:08.,1,10,HOU 33,33,0,Houston Texans,Cincinnati Bengals,0,0,9.5,90.5,227.0,61.0,288.0,162.0,59.0,221.0,game,Total,Under,,35.5,kalshi,-118,—,—,,0.0,,hit,,,,—,,
2026-09-20T19:22:51.890725+00:00,nfl,2026,2,401872934,4018729341386,2,10:08,Official Timeout at 10:08.,1,10,HOU 33,33,0,Houston Texans,Cincinnati Bengals,0,0,9.5,90.5,227.0,61.0,288.0,162.0,59.0,221.0,game,ML,Cincinnati Bengals,,,polymarket,-810,—,—,,Loss,,miss,,,,—,,
2026-09-20T19:22:51.890725+00:00,nfl,2026,2,401872934,4018729341386,2,10:08,Official Timeout at 10:08.,1,10,HOU 33,33,0,Houston Texans,Cincinnati Bengals,0,0,9.5,90.5,227.0,61.0,288.0,162.0,59.0,221.0,game,ML,Houston Texans,,,kalshi,733,—,—,,Loss,,miss,,,,—,,
2026-09-20T19:22:51.890725+00:00,nfl,2026,2,401872934,4018729341395,2,10:08,C.Stroud pass short middle to F.Moreau to CIN 42 for 25 yards (B.Cook).,1,10,HOU 33,33,0,Houston Texans,Cincinnati Bengals,0,0,9.5,90.5,227.0,61.0,288.0,162.0,59.0,221.0,game,Spread,Cincinnati Bengals,,-9.5,kalshi,-109,—,—,,0,,miss,,,,—,,
2026-09-20T19:22:51.890725+00:00,nfl,2026,2,401872934,4018729341395,2,10:08,C.Stroud pass short middle to F.Moreau to CIN 42 for 25 yards (B.Cook).,1,10,HOU 33,33,0,Houston Texans,Cincinnati Bengals,0,0,9.5,90.5,227.0,61.0,288.0,162.0,59.0,221.0,game,Spread,Houston Texans,,9.5,kalshi,-171,—,—,,0,,hit,,,,—,,
2026-09-20T19:22:51.890725+00:00,nfl,2026,2,401872934,4018729341395,2,10:08,C.Stroud pass short middle to F.Moreau to CIN 42 for 25 yards (B.Cook).,1,10,HOU 33,33,0,Houston Texans,Cincinnati Bengals,0,0,9.5,90.5,227.0,61.0,288.0,162.0,59.0,221.0,game,Total,Over,,35.5,kalshi,-186,—,—,,0.0,,miss,,,,—,,
2026-09-20T19:22:51.890725+00:00,nfl,2026,2,401872934,4018729341395,2,10:08,C.Stroud pass short middle to F.Moreau to CIN 42 for 25 yards (B.Cook).,1,10,HOU 33,33,0,Houston Texans,Cincinnati Bengals,0,0,9.5,90.5,227.0,61.0,288.0,162.0,59.0,221.0,game,Total,Under,,35.5,kalshi,-118,—,—,,0.0,,hit,,,,—,,
2026-09-20T19:22:51.890725+00:00,nfl,2026,2,401872934,4018729341395,2,10:08,C.Stroud pass short middle to F.Moreau to CIN 42 for 25 yards (B.Cook).,1,10,HOU 33,33,0,Houston Texans,Cincinnati Bengals,0,0,9.5,90.5,227.0,61.0,288.0,162.0,59.0,221.0,game,ML,Cincinnati Bengals,,,polymarket,-810,—,—,,Loss,,miss,,,,—,,
2026-09-20T19:22:51.890725+00:00,nfl,2026,2,401872934,4018729341395,2,10:08,C.Stroud pass short middle to F.Moreau to CIN 42 for 25 yards (B.Cook).,1,10,HOU 33,33,0,Houston Texans,Cincinnati Bengals,0,0,9.5,90.5,227.0,61.0,288.0,162.0,59.0,221.0,game,ML,Houston Texans,,,kalshi,733,—,—,,Loss,,miss,,,,—,,
2026-09-20T19:22:51.890725+00:00,nfl,2026,2,401872934,4018729341427,2,9:45,"(No Huddle, Shotgun) D.Montgomery left guard to CIN 38 for 4 yards (C.Johnson; D.Knight).",1,10,CIN 42,58,0,Houston Texans,Cincinnati Bengals,0,0,9.5,90.5,227.0,61.0,288.0,162.0,59.0,221.0,game,Spread,Cincinnati Bengals,,-9.5,kalshi,-109,—,—,,0,,miss,,,,—,,
2026-09-20T19:22:51.890725+00:00,nfl,2026,2,401872934,4018729341427,2,9:45,"(No Huddle, Shotgun) D.Montgomery left guard to CIN 38 for 4 yards (C.Johnson; D.Knight).",1,10,CIN 42,58,0,Houston Texans,Cincinnati Bengals,0,0,9.5,90.5,227.0,61.0,288.0,162.0,59.0,221.0,game,Spread,Houston Texans,,9.5,kalshi,-171,—,—,,0,,hit,,,,—,,
2026-09-20T19:22:51.890725+00:00,nfl,2026,2,401872934,4018729341427,2,9:45,"(No Huddle, Shotgun) D.Montgomery left guard to CIN 38 for 4 yards (C.Johnson; D.Knight).",1,10,CIN 42,58,0,Houston Texans,Cincinnati Bengals,0,0,9.5,90.5,227.0,61.0,288.0,162.0,59.0,221.0,game,Total,Over,,35.5,kalshi,-186,—,—,,0.0,,miss,,,,—,,
2026-09-20T19:22:51.890725+00:00,nfl,2026,2,401872934,4018729341427,2,9:45,"(No Huddle, Shotgun) D.Montgomery left guard to CIN 38 for 4 yards (C.Johnson; D.Knight).",1,10,CIN 42,58,0,Houston Texans,Cincinnati Bengals,0,0,9.5,90.5,227.0,61.0,288.0,162.0,59.0,221.0,game,Total,Under,,35.5,kalshi,-118,—,—,,0.0,,hit,,,,—,,
2026-09-20T19:22:51.890725+00:00,nfl,2026,2,401872934,4018729341427,2,9:45,"(No Huddle, Shotgun) D.Montgomery left guard to CIN 38 for 4 yards (C.Johnson; D.Knight).",1,10,CIN 42,58,0,Houston Texans,Cincinnati Bengals,0,0,9.5,90.5,227.0,61.0,288.0,162.0,59.0,221.0,game,ML,Cincinnati Bengals,,,polymarket,-810,—,—,,Loss,,miss,,,,—,,
2026-09-20T19:22:51.890725+00:00,nfl,2026,2,401872934,4018729341427,2,9:45,"(No Huddle, Shotgun) D.Montgomery left guard to CIN 38 for 4 yards (C.Johnson; D.Knight).",1,10,CIN 42,58,0,Houston Texans,Cincinnati Bengals,0,0,9.5,90.5,227.0,61.0,288.0,162.0,59.0,221.0,game,ML,Houston Texans,,,kalshi,733,—,—,,Loss,,miss,,,,—,,
2026-09-20T19:22:51.890725+00:00,nfl,2026,2,401872934,4018729341449,2,9:09,(Shotgun) C.Stroud pass short middle to D.Schultz to CIN 27 for 11 yards (T.Davis).,2,6,CIN 38,62,0,Houston Texans,Cincinnati Bengals,0,0,9.5,90.5,227.0,61.0,288.0,162.0,59.0,221.0,game,Spread,Cincinnati Bengals,,-9.5,kalshi,-109,—,—,,0,,miss,,,,—,,
2026-09-20T19:22:51.890725+00:00,nfl,2026,2,401872934,4018729341449,2,9:09,(Shotgun) C.Stroud pass short middle to D.Schultz to CIN 27 for 11 yards (T.Davis).,2,6,CIN 38,62,0,Houston Texans,Cincinnati Bengals,0,0,9.5,90.5,227.0,61.0,288.0,162.0,59.0,221.0,game,Spread,Houston Texans,,9.5,kalshi,-171,—,—,,0,,hit,,,,—,,
2026-09-20T19:22:51.890725+00:00,nfl,2026,2,401872934,4018729341449,2,9:09,(Shotgun) C.Stroud pass short middle to D.Schultz to CIN 27 for 11 yards (T.Davis).,2,6,CIN 38,62,0,Houston Texans,Cincinnati Bengals,0,0,9.5,90.5,227.0,61.0,288.0,162.0,59.0,221.0,game,Total,Over,,35.5,kalshi,-186,—,—,,0.0,,miss,,,,—,,
2026-09-20T19:22:51.890725+00:00,nfl,2026,2,401872934,4018729341449,2,9:09,(Shotgun) C.Stroud pass short middle to D.Schultz to CIN 27 for 11 yards (T.Davis).,2,6,CIN 38,62,0,Houston Texans,Cincinnati Bengals,0,0,9.5,90.5,227.0,61.0,288.0,162.0,59.0,221.0,game,Total,Under,,35.5,kalshi,-118,—,—,,0.0,,hit,,,,—,,
2026-09-20T19:22:51.890725+00:00,nfl,2026,2,401872934,4018729341449,2,9:09,(Shotgun) C.Stroud pass short middle to D.Schultz to CIN 27 for 11 yards (T.Davis).,2,6,CIN 38,62,0,Houston Texans,Cincinnati Bengals,0,0,9.5,90.5,227.0,61.0,288.0,162.0,59.0,221.0,game,ML,Cincinnati Bengals,,,polymarket,-810,—,—,,Loss,,miss,,,,—,,
2026-09-20T19:22:51.890725+00:00,nfl,2026,2,401872934,4018729341449,2,9:09,(Shotgun) C.Stroud pass short middle to D.Schultz to CIN 27 for 11 yards (T.Davis).,2,6,CIN 38,62,0,Houston Texans,Cincinnati Bengals,0,0,9.5,90.5,227.0,61.0,288.0,162.0,59.0,221.0,game,ML,Houston Texans,,,kalshi,733,—,—,,Loss,,miss,,,,—,,
2026-09-20T19:22:51.890725+00:00,nfl,2026,2,401872934,4018729341474,2,8:45,"(No Huddle, Shotgun) C.Stroud pass short right to K.Boutte to CIN 26 for 1 yard (D.Turner).",1,10,CIN 27,73,0,Houston Texans,Cincinnati Bengals,0,0,9.5,90.5,227.0,61.0,288.0,162.0,59.0,221.0,game,Spread,Cincinnati Bengals,,-9.5,kalshi,-109,—,—,,0,,miss,,,,—,,
2026-09-20T19:22:51.890725+00:00,nfl,2026,2,401872934,4018729341474,2,8:45,"(No Huddle, Shotgun) C.Stroud pass short right to K.Boutte to CIN 26 for 1 yard (D.Turner).",1,10,CIN 27,73,0,Houston Texans,Cincinnati Bengals,0,0,9.5,90.5,227.0,61.0,288.0,162.0,59.0,221.0,game,Spread,Houston Texans,,9.5,kalshi,-171,—,—,,0,,hit,,,,—,,
2026-09-20T19:22:51.890725+00:00,nfl,2026,2,401872934,4018729341474,2,8:45,"(No Huddle, Shotgun) C.Stroud pass short right to K.Boutte to CIN 26 for 1 yard (D.Turner).",1,10,CIN 27,73,0,Houston Texans,Cincinnati Bengals,0,0,9.5,90.5,227.0,61.0,288.0,162.0,59.0,221.0,game,Total,Over,,35.5,kalshi,-186,—,—,,0.0,,miss,,,,—,,
2026-09-20T19:22:51.890725+00:00,nfl,2026,2,401872934,4018729341474,2,8:45,"(No Huddle, Shotgun) C.Stroud pass short right to K.Boutte to CIN 26 for 1 yard (D.Turner).",1,10,CIN 27,73,0,Houston Texans,Cincinnati Bengals,0,0,9.5,90.5,227.0,61.0,288.0,162.0,59.0,221.0,game,Total,Under,,35.5,kalshi,-118,—,—,,0.0,,hit,,,,—,,
2026-09-20T19:22:51.890725+00:00,nfl,2026,2,401872934,4018729341474,2,8:45,"(No Huddle, Shotgun) C.Stroud pass short right to K.Boutte to CIN 26 for 1 yard (D.Turner).",1,10,CIN 27,73,0,Houston Texans,Cincinnati Bengals,0,0,9.5,90.5,227.0,61.0,288.0,162.0,59.0,221.0,game,ML,Cincinnati Bengals,,,polymarket,-810,—,—,,Loss,,miss,,,,—,,
2026-09-20T19:22:51.890725+00:00,nfl,2026,2,401872934,4018729341474,2,8:45,"(No Huddle, Shotgun) C.Stroud pass short right to K.Boutte to CIN 26 for 1 yard (D.Turner).",1,10,CIN 27,73,0,Houston Texans,Cincinnati Bengals,0,0,9.5,90.5,227.0,61.0,288.0,162.0,59.0,221.0,game,ML,Houston Texans,,,kalshi,733,—,—,,Loss,,miss,,,,—,,
2026-09-20T19:22:51.890725+00:00,nfl,2026,2,401872934,4018729341499,2,8:08,D.Montgomery left guard to CIN 26 for no gain (D.Lawrence).,2,9,CIN 26,74,0,Houston Texans,Cincinnati Bengals,0,0,9.5,90.5,227.0,61.0,288.0,162.0,59.0,221.0,game,Spread,Cincinnati Bengals,,-9.5,kalshi,-109,—,—,,0,,miss,,,,—,,
2026-09-20T19:22:51.890725+00:00,nfl,2026,2,401872934,4018729341499,2,8:08,D.Montgomery left guard to CIN 26 for no gain (D.Lawrence).,2,9,CIN 26,74,0,Houston Texans,Cincinnati Bengals,0,0,9.5,90.5,227.0,61.0,288.0,162.0,59.0,221.0,game,Spread,Houston Texans,,9.5,kalshi,-171,—,—,,0,,hit,,,,—,,
2026-09-20T19:22:51.890725+00:00,nfl,2026,2,401872934,4018729341499,2,8:08,D.Montgomery left guard to CIN 26 for no gain (D.Lawrence).,2,9,CIN 26,74,0,Houston Texans,Cincinnati Bengals,0,0,9.5,90.5,227.0,61.0,288.0,162.0,59.0,221.0,game,Total,Over,,35.5,kalshi,-186,—,—,,0.0,,miss,,,,—,,
2026-09-20T19:22:51.890725+00:00,nfl,2026,2,401872934,4018729341499,2,8:08,D.Montgomery left guard to CIN 26 for no gain (D.Lawrence).,2,9,CIN 26,74,0,Houston Texans,Cincinnati Bengals,0,0,9.5,90.5,227.0,61.0,288.0,162.0,59.0,221.0,game,Total,Under,,35.5,kalshi,-118,—,—,,0.0,,hit,,,,—,,
2026-09-20T19:22:51.890725+00:00,nfl,2026,2,401872934,4018729341499,2,8:08,D.Montgomery left guard to CIN 26 for no gain (D.Lawrence).,2,9,CIN 26,74,0,Houston Texans,Cincinnati Bengals,0,0,9.5,90.5,227.0,61.0,288.0,162.0,59.0,221.0,game,ML,Cincinnati Bengals,,,polymarket,-810,—,—,,Loss,,miss,,,,—,,
2026-09-20T19:22:51.890725+00:00,nfl,2026,2,401872934,4018729341499,2,8:08,D.Montgomery left guard to CIN 26 for no gain (D.Lawrence).,2,9,CIN 26,74,0,Houston Texans,Cincinnati Bengals,0,0,9.5,90.5,227.0,61.0,288.0,162.0,59.0,221.0,game,ML,Houston Texans,,,kalshi,733,—,—,,Loss,,miss,,,,—,,
2026-09-20T19:22:51.890725+00:00,nfl,2026,2,401872934,4018729341521,2,7:27,(Shotgun) C.Stroud pass short left to D.Montgomery to CIN 18 for 8 yards (D.Hill; J.Battle).  (Virtual Measurement).,3,9,CIN 26,74,0,Houston Texans,Cincinnati Bengals,0,0,9.5,90.5,227.0,61.0,288.0,162.0,59.0,221.0,game,Spread,Cincinnati Bengals,,-9.5,kalshi,-109,—,—,,0,,miss,,,,—,,
2026-09-20T19:22:51.890725+00:00,nfl,2026,2,401872934,4018729341521,2,7:27,(Shotgun) C.Stroud pass short left to D.Montgomery to CIN 18 for 8 yards (D.Hill; J.Battle).  (Virtual Measurement).,3,9,CIN 26,74,0,Houston Texans,Cincinnati Bengals,0,0,9.5,90.5,227.0,61.0,288.0,162.0,59.0,221.0,game,Spread,Houston Texans,,9.5,kalshi,-171,—,—,,0,,hit,,,,—,,
2026-09-20T19:22:51.890725+00:00,nfl,2026,2,401872934,4018729341521,2,7:27,(Shotgun) C.Stroud pass short left to D.Montgomery to CIN 18 for 8 yards (D.Hill; J.Battle).  (Virtual Measurement).,3,9,CIN 26,74,0,Houston Texans,Cincinnati Bengals,0,0,9.5,90.5,227.0,61.0,288.0,162.0,59.0,221.0,game,Total,Over,,35.5,kalshi,-186,—,—,,0.0,,miss,,,,—,,
2026-09-20T19:22:51.890725+00:00,nfl,2026,2,401872934,4018729341521,2,7:27,(Shotgun) C.Stroud pass short left to D.Montgomery to CIN 18 for 8 yards (D.Hill; J.Battle).  (Virtual Measurement).,3,9,CIN 26,74,0,Houston Texans,Cincinnati Bengals,0,0,9.5,90.5,227.0,61.0,288.0,162.0,59.0,221.0,game,Total,Under,,35.5,kalshi,-118,—,—,,0.0,,hit,,,,—,,
2026-09-20T19:22:51.890725+00:00,nfl,2026,2,401872934,4018729341521,2,7:27,(Shotgun) C.Stroud pass short left to D.Montgomery to CIN 18 for 8 yards (D.Hill; J.Battle).  (Virtual Measurement).,3,9,CIN 26,74,0,Houston Texans,Cincinnati Bengals,0,0,9.5,90.5,227.0,61.0,288.0,162.0,59.0,221.0,game,ML,Cincinnati Bengals,,,polymarket,-810,—,—,,Loss,,miss,,,,—,,
2026-09-20T19:22:51.890725+00:00,nfl,2026,2,401872934,4018729341521,2,7:27,(Shotgun) C.Stroud pass short left to D.Montgomery to CIN 18 for 8 yards (D.Hill; J.Battle).  (Virtual Measurement).,3,9,CIN 26,74,0,Houston Texans,Cincinnati Bengals,0,0,9.5,90.5,227.0,61.0,288.0,162.0,59.0,221.0,game,ML,Houston Texans,,,kalshi,733,—,—,,Loss,,miss,,,,—,,
2026-09-20T19:22:51.890725+00:00,nfl,2026,2,401872934,4018729341547,2,6:58,B.Fisher reported in as eligible.  D.Montgomery right tackle to CIN 19 for -1 yards (D.Lawrence).,4,1,CIN 18,82,0,Houston Texans,Cincinnati Bengals,0,0,9.5,90.5,227.0,61.0,288.0,162.0,59.0,221.0,game,Spread,Cincinnati Bengals,,-9.5,kalshi,-109,—,—,,0,,miss,,,,—,,
2026-09-20T19:22:51.890725+00:00,nfl,2026,2,401872934,4018729341547,2,6:58,B.Fisher reported in as eligible.  D.Montgomery right tackle to CIN 19 for -1 yards (D.Lawrence).,4,1,CIN 18,82,0,Houston Texans,Cincinnati Bengals,0,0,9.5,90.5,227.0,61.0,288.0,162.0,59.0,221.0,game,Spread,Houston Texans,,9.5,kalshi,-171,—,—,,0,,hit,,,,—,,
2026-09-20T19:22:51.890725+00:00,nfl,2026,2,401872934,4018729341547,2,6:58,B.Fisher reported in as eligible.  D.Montgomery right tackle to CIN 19 for -1 yards (D.Lawrence).,4,1,CIN 18,82,0,Houston Texans,Cincinnati Bengals,0,0,9.5,90.5,227.0,61.0,288.0,162.0,59.0,221.0,game,Total,Over,,35.5,kalshi,-186,—,—,,0.0,,miss,,,,—,,
2026-09-20T19:22:51.890725+00:00,nfl,2026,2,401872934,4018729341547,2,6:58,B.Fisher reported in as eligible.  D.Montgomery right tackle to CIN 19 for -1 yards (D.Lawrence).,4,1,CIN 18,82,0,Houston Texans,Cincinnati Bengals,0,0,9.5,90.5,227.0,61.0,288.0,162.0,59.0,221.0,game,Total,Under,,35.5,kalshi,-118,—,—,,0.0,,hit,,,,—,,
2026-09-20T19:22:51.890725+00:00,nfl,2026,2,401872934,4018729341547,2,6:58,B.Fisher reported in as eligible.  D.Montgomery right tackle to CIN 19 for -1 yards (D.Lawrence).,4,1,CIN 18,82,0,Houston Texans,Cincinnati Bengals,0,0,9.5,90.5,227.0,61.0,288.0,162.0,59.0,221.0,game,ML,Cincinnati Bengals,,,polymarket,-810,—,—,,Loss,,miss,,,,—,,
2026-09-20T19:22:51.890725+00:00,nfl,2026,2,401872934,4018729341547,2,6:58,B.Fisher reported in as eligible.  D.Montgomery right tackle to CIN 19 for -1 yards (D.Lawrence).,4,1,CIN 18,82,0,Houston Texans,Cincinnati Bengals,0,0,9.5,90.5,227.0,61.0,288.0,162.0,59.0,221.0,game,ML,Houston Texans,,,kalshi,733,—,—,,Loss,,miss,,,,—,,
2026-09-20T19:22:51.890725+00:00,nfl,2026,2,401872934,4018729341559,2,6:53,Official Timeout at 06:53.,1,10,CIN 19,81,0,Houston Texans,Cincinnati Bengals,0,0,9.5,90.5,227.0,61.0,288.0,162.0,59.0,221.0,game,Spread,Cincinnati Bengals,,-9.5,kalshi,-109,—,—,,0,,miss,,,,—,,
2026-09-20T19:22:51.890725+00:00,nfl,2026,2,401872934,4018729341559,2,6:53,Official Timeout at 06:53.,1,10,CIN 19,81,0,Houston Texans,Cincinnati Bengals,0,0,9.5,90.5,227.0,61.0,288.0,162.0,59.0,221.0,game,Spread,Houston Texans,,9.5,kalshi,-171,—,—,,0,,hit,,,,—,,
2026-09-20T19:22:51.890725+00:00,nfl,2026,2,401872934,4018729341559,2,6:53,Official Timeout at 06:53.,1,10,CIN 19,81,0,Houston Texans,Cincinnati Bengals,0,0,9.5,90.5,227.0,61.0,288.0,162.0,59.0,221.0,game,Total,Over,,35.5,kalshi,-186,—,—,,0.0,,miss,,,,—,,
2026-09-20T19:22:51.890725+00:00,nfl,2026,2,401872934,4018729341559,2,6:53,Official Timeout at 06:53.,1,10,CIN 19,81,0,Houston Texans,Cincinnati Bengals,0,0,9.5,90.5,227.0,61.0,288.0,162.0,59.0,221.0,game,Total,Under,,35.5,kalshi,-118,—,—,,0.0,,hit,,,,—,,
2026-09-20T19:22:51.890725+00:00,nfl,2026,2,401872934,4018729341559,2,6:53,Official Timeout at 06:53.,1,10,CIN 19,81,0,Houston Texans,Cincinnati Bengals,0,0,9.5,90.5,227.0,61.0,288.0,162.0,59.0,221.0,game,ML,Cincinnati Bengals,,,polymarket,-810,—,—,,Loss,,miss,,,,—,,
2026-09-20T19:22:51.890725+00:00,nfl,2026,2,401872934,4018729341559,2,6:53,Official Timeout at 06:53.,1,10,CIN 19,81,0,Houston Texans,Cincinnati Bengals,0,0,9.5,90.5,227.0,61.0,288.0,162.0,59.0,221.0,game,ML,Houston Texans,,,kalshi,733,—,—,,Loss,,miss,,,,—,,
2026-09-20T19:22:51.890725+00:00,nfl,2026,2,401872934,4018729341571,2,6:53,C.Brown up the middle to CIN 24 for 5 yards (A.Al-Shaair; L.Hall).,1,10,CIN 19,81,0,Houston Texans,Cincinnati Bengals,0,0,9.5,90.5,227.0,61.0,288.0,162.0,59.0,221.0,game,Spread,Cincinnati Bengals,,-9.5,kalshi,-109,—,—,,0,,miss,,,,—,,
2026-09-20T19:22:51.890725+00:00,nfl,2026,2,401872934,4018729341571,2,6:53,C.Brown up the middle to CIN 24 for 5 yards (A.Al-Shaair; L.Hall).,1,10,CIN 19,81,0,Houston Texans,Cincinnati Bengals,0,0,9.5,90.5,227.0,61.0,288.0,162.0,59.0,221.0,game,Spread,Houston Texans,,9.5,kalshi,-171,—,—,,0,,hit,,,,—,,
2026-09-20T19:22:51.890725+00:00,nfl,2026,2,401872934,4018729341571,2,6:53,C.Brown up the middle to CIN 24 for 5 yards (A.Al-Shaair; L.Hall).,1,10,CIN 19,81,0,Houston Texans,Cincinnati Bengals,0,0,9.5,90.5,227.0,61.0,288.0,162.0,59.0,221.0,game,Total,Over,,35.5,kalshi,-186,—,—,,0.0,,miss,,,,—,,
2026-09-20T19:22:51.890725+00:00,nfl,2026,2,401872934,4018729341571,2,6:53,C.Brown up the middle to CIN 24 for 5 yards (A.Al-Shaair; L.Hall).,1,10,CIN 19,81,0,Houston Texans,Cincinnati Bengals,0,0,9.5,90.5,227.0,61.0,288.0,162.0,59.0,221.0,game,Total,Under,,35.5,kalshi,-118,—,—,,0.0,,hit,,,,—,,
2026-09-20T19:22:51.890725+00:00,nfl,2026,2,401872934,4018729341571,2,6:53,C.Brown up the middle to CIN 24 for 5 yards (A.Al-Shaair; L.Hall).,1,10,CIN 19,81,0,Houston Texans,Cincinnati Bengals,0,0,9.5,90.5,227.0,61.0,288.0,162.0,59.0,221.0,game,ML,Cincinnati Bengals,,,polymarket,-810,—,—,,Loss,,miss,,,,—,,
2026-09-20T19:22:51.890725+00:00,nfl,2026,2,401872934,4018729341571,2,6:53,C.Brown up the middle to CIN 24 for 5 yards (A.Al-Shaair; L.Hall).,1,10,CIN 19,81,0,Houston Texans,Cincinnati Bengals,0,0,9.5,90.5,227.0,61.0,288.0,162.0,59.0,221.0,game,ML,Houston Texans,,,kalshi,733,—,—,,Loss,,miss,,,,—,,
2026-09-20T19:22:51.890725+00:00,nfl,2026,2,401872934,4018729341600,2,6:14,(Shotgun) J.Burrow pass short left to C.Brown to CIN 21 for -3 yards (K.Lassiter) [W.Anderson]. CIN-A.Mims was injured during the play.,2,5,CIN 24,76,0,Houston Texans,Cincinnati Bengals,0,0,9.5,90.5,227.0,61.0,288.0,162.0,59.0,221.0,game,Spread,Cincinnati Bengals,,-9.5,kalshi,-109,—,—,,0,,miss,,,,—,,
2026-09-20T19:22:51.890725+00:00,nfl,2026,2,401872934,4018729341600,2,6:14,(Shotgun) J.Burrow pass short left to C.Brown to CIN 21 for -3 yards (K.Lassiter) [W.Anderson]. CIN-A.Mims was injured during the play.,2,5,CIN 24,76,0,Houston Texans,Cincinnati Bengals,0,0,9.5,90.5,227.0,61.0,288.0,162.0,59.0,221.0,game,Spread,Houston Texans,,9.5,kalshi,-171,—,—,,0,,hit,,,,—,,
2026-09-20T19:22:51.890725+00:00,nfl,2026,2,401872934,4018729341600,2,6:14,(Shotgun) J.Burrow pass short left to C.Brown to CIN 21 for -3 yards (K.Lassiter) [W.Anderson]. CIN-A.Mims was injured during the play.,2,5,CIN 24,76,0,Houston Texans,Cincinnati Bengals,0,0,9.5,90.5,227.0,61.0,288.0,162.0,59.0,221.0,game,Total,Over,,35.5,kalshi,-186,—,—,,0.0,,miss,,,,—,,
2026-09-20T19:22:51.890725+00:00,nfl,2026,2,401872934,4018729341600,2,6:14,(Shotgun) J.Burrow pass short left to C.Brown to CIN 21 for -3 yards (K.Lassiter) [W.Anderson]. CIN-A.Mims was injured during the play.,2,5,CIN 24,76,0,Houston Texans,Cincinnati Bengals,0,0,9.5,90.5,227.0,61.0,288.0,162.0,59.0,221.0,game,Total,Under,,35.5,kalshi,-118,—,—,,0.0,,hit,,,,—,,
2026-09-20T19:22:51.890725+00:00,nfl,2026,2,401872934,4018729341600,2,6:14,(Shotgun) J.Burrow pass short left to C.Brown to CIN 21 for -3 yards (K.Lassiter) [W.Anderson]. CIN-A.Mims was injured during the play.,2,5,CIN 24,76,0,Houston Texans,Cincinnati Bengals,0,0,9.5,90.5,227.0,61.0,288.0,162.0,59.0,221.0,game,ML,Cincinnati Bengals,,,polymarket,-810,—,—,,Loss,,miss,,,,—,,
2026-09-20T19:22:51.890725+00:00,nfl,2026,2,401872934,4018729341600,2,6:14,(Shotgun) J.Burrow pass short left to C.Brown to CIN 21 for -3 yards (K.Lassiter) [W.Anderson]. CIN-A.Mims was injured during the play.,2,5,CIN 24,76,0,Houston Texans,Cincinnati Bengals,0,0,9.5,90.5,227.0,61.0,288.0,162.0,59.0,221.0,game,ML,Houston Texans,,,kalshi,733,—,—,,Loss,,miss,,,,—,,
2026-09-20T19:22:51.890725+00:00,nfl,2026,2,401872934,4018729341625,2,5:32,(Shotgun) J.Burrow pass short middle to T.Higgins to CIN 39 for 18 yards (A.Al-Shaair).,3,8,CIN 21,79,0,Houston Texans,Cincinnati Bengals,0,0,9.5,90.5,227.0,61.0,288.0,162.0,59.0,221.0,game,Spread,Cincinnati Bengals,,-9.5,kalshi,-109,—,—,,0,,miss,,,,—,,
2026-09-20T19:22:51.890725+00:00,nfl,2026,2,401872934,4018729341625,2,5:32,(Shotgun) J.Burrow pass short middle to T.Higgins to CIN 39 for 18 yards (A.Al-Shaair).,3,8,CIN 21,79,0,Houston Texans,Cincinnati Bengals,0,0,9.5,90.5,227.0,61.0,288.0,162.0,59.0,221.0,game,Spread,Houston Texans,,9.5,kalshi,-171,—,—,,0,,hit,,,,—,,
2026-09-20T19:22:51.890725+00:00,nfl,2026,2,401872934,4018729341625,2,5:32,(Shotgun) J.Burrow pass short middle to T.Higgins to CIN 39 for 18 yards (A.Al-Shaair).,3,8,CIN 21,79,0,Houston Texans,Cincinnati Bengals,0,0,9.5,90.5,227.0,61.0,288.0,162.0,59.0,221.0,game,Total,Over,,35.5,kalshi,-186,—,—,,0.0,,miss,,,,—,,
2026-09-20T19:22:51.890725+00:00,nfl,2026,2,401872934,4018729341625,2,5:32,(Shotgun) J.Burrow pass short middle to T.Higgins to CIN 39 for 18 yards (A.Al-Shaair).,3,8,CIN 21,79,0,Houston Texans,Cincinnati Bengals,0,0,9.5,90.5,227.0,61.0,288.0,162.0,59.0,221.0,game,Total,Under,,35.5,kalshi,-118,—,—,,0.0,,hit,,,,—,,
2026-09-20T19:22:51.890725+00:00,nfl,2026,2,401872934,4018729341625,2,5:32,(Shotgun) J.Burrow pass short middle to T.Higgins to CIN 39 for 18 yards (A.Al-Shaair).,3,8,CIN 21,79,0,Houston Texans,Cincinnati Bengals,0,0,9.5,90.5,227.0,61.0,288.0,162.0,59.0,221.0,game,ML,Cincinnati Bengals,,,polymarket,-810,—,—,,Loss,,miss,,,,—,,
2026-09-20T19:22:51.890725+00:00,nfl,2026,2,401872934,4018729341625,2,5:32,(Shotgun) J.Burrow pass short middle to T.Higgins to CIN 39 for 18 yards (A.Al-Shaair).,3,8,CIN 21,79,0,Houston Texans,Cincinnati Bengals,0,0,9.5,90.5,227.0,61.0,288.0,162.0,59.0,221.0,game,ML,Houston Texans,,,kalshi,733,—,—,,Loss,,miss,,,,—,,
2026-09-20T19:22:51.890725+00:00,nfl,2026,2,401872934,4018729341653,2,4:55,C.Brown left tackle to CIN 45 for 6 yards (R.Blankenship).,1,10,CIN 39,61,0,Houston Texans,Cincinnati Bengals,0,0,9.5,90.5,227.0,61.0,288.0,162.0,59.0,221.0,game,Spread,Cincinnati Bengals,,-9.5,kalshi,-109,—,—,,0,,miss,,,,—,,
2026-09-20T19:22:51.890725+00:00,nfl,2026,2,401872934,4018729341653,2,4:55,C.Brown left tackle to CIN 45 for 6 yards (R.Blankenship).,1,10,CIN 39,61,0,Houston Texans,Cincinnati Bengals,0,0,9.5,90.5,227.0,61.0,288.0,162.0,59.0,221.0,game,Spread,Houston Texans,,9.5,kalshi,-171,—,—,,0,,hit,,,,—,,
2026-09-20T19:22:51.890725+00:00,nfl,2026,2,401872934,4018729341653,2,4:55,C.Brown left tackle to CIN 45 for 6 yards (R.Blankenship).,1,10,CIN 39,61,0,Houston Texans,Cincinnati Bengals,0,0,9.5,90.5,227.0,61.0,288.0,162.0,59.0,221.0,game,Total,Over,,35.5,kalshi,-186,—,—,,0.0,,miss,,,,—,,
2026-09-20T19:22:51.890725+00:00,nfl,2026,2,401872934,4018729341653,2,4:55,C.Brown left tackle to CIN 45 for 6 yards (R.Blankenship).,1,10,CIN 39,61,0,Houston Texans,Cincinnati Bengals,0,0,9.5,90.5,227.0,61.0,288.0,162.0,59.0,221.0,game,Total,Under,,35.5,kalshi,-118,—,—,,0.0,,hit,,,,—,,
2026-09-20T19:22:51.890725+00:00,nfl,2026,2,401872934,4018729341653,2,4:55,C.Brown left tackle to CIN 45 for 6 yards (R.Blankenship).,1,10,CIN 39,61,0,Houston Texans,Cincinnati Bengals,0,0,9.5,90.5,227.0,61.0,288.0,162.0,59.0,221.0,game,ML,Cincinnati Bengals,,,polymarket,-810,—,—,,Loss,,miss,,,,—,,
2026-09-20T19:22:51.890725+00:00,nfl,2026,2,401872934,4018729341653,2,4:55,C.Brown left tackle to CIN 45 for 6 yards (R.Blankenship).,1,10,CIN 39,61,0,Houston Texans,Cincinnati Bengals,0,0,9.5,90.5,227.0,61.0,288.0,162.0,59.0,221.0,game,ML,Houston Texans,,,kalshi,733,—,—,,Loss,,miss,,,,—,,
2026-09-20T19:22:51.890725+00:00,nfl,2026,2,401872934,4018729341675,2,4:24,(Shotgun) J.Burrow pass incomplete short right to J.Chase.,2,4,CIN 45,55,0,Houston Texans,Cincinnati Bengals,0,0,9.5,90.5,227.0,61.0,288.0,162.0,59.0,221.0,game,Spread,Cincinnati Bengals,,-9.5,kalshi,-109,—,—,,0,,miss,,,,—,,
2026-09-20T19:22:51.890725+00:00,nfl,2026,2,401872934,4018729341675,2,4:24,(Shotgun) J.Burrow pass incomplete short right to J.Chase.,2,4,CIN 45,55,0,Houston Texans,Cincinnati Bengals,0,0,9.5,90.5,227.0,61.0,288.0,162.0,59.0,221.0,game,Spread,Houston Texans,,9.5,kalshi,-171,—,—,,0,,hit,,,,—,,
2026-09-20T19:22:51.890725+00:00,nfl,2026,2,401872934,4018729341675,2,4:24,(Shotgun) J.Burrow pass incomplete short right to J.Chase.,2,4,CIN 45,55,0,Houston Texans,Cincinnati Bengals,0,0,9.5,90.5,227.0,61.0,288.0,162.0,59.0,221.0,game,Total,Over,,35.5,kalshi,-186,—,—,,0.0,,miss,,,,—,,
2026-09-20T19:22:51.890725+00:00,nfl,2026,2,401872934,4018729341675,2,4:24,(Shotgun) J.Burrow pass incomplete short right to J.Chase.,2,4,CIN 45,55,0,Houston Texans,Cincinnati Bengals,0,0,9.5,90.5,227.0,61.0,288.0,162.0,59.0,221.0,game,Total,Under,,35.5,kalshi,-118,—,—,,0.0,,hit,,,,—,,
2026-09-20T19:22:51.890725+00:00,nfl,2026,2,401872934,4018729341675,2,4:24,(Shotgun) J.Burrow pass incomplete short right to J.Chase.,2,4,CIN 45,55,0,Houston Texans,Cincinnati Bengals,0,0,9.5,90.5,227.0,61.0,288.0,162.0,59.0,221.0,game,ML,Cincinnati Bengals,,,polymarket,-810,—,—,,Loss,,miss,,,,—,,
2026-09-20T19:22:51.890725+00:00,nfl,2026,2,401872934,4018729341675,2,4:24,(Shotgun) J.Burrow pass incomplete short right to J.Chase.,2,4,CIN 45,55,0,Houston Texans,Cincinnati Bengals,0,0,9.5,90.5,227.0,61.0,288.0,162.0,59.0,221.0,game,ML,Houston Texans,,,kalshi,733,—,—,,Loss,,miss,,,,—,,
2026-09-20T19:22:51.890725+00:00,nfl,2026,2,401872934,4018729341698,2,4:21,(Shotgun) J.Burrow pass short middle to T.Higgins to HST 32 for 23 yards (A.Al-Shaair). ** Injury Update: CIN-A.Mims has returned to the game.,3,4,CIN 45,55,0,Houston Texans,Cincinnati Bengals,0,0,9.5,90.5,227.0,61.0,288.0,162.0,59.0,221.0,game,Spread,Cincinnati Bengals,,-9.5,kalshi,-109,—,—,,0,,miss,,,,—,,
2026-09-20T19:22:51.890725+00:00,nfl,2026,2,401872934,4018729341698,2,4:21,(Shotgun) J.Burrow pass short middle to T.Higgins to HST 32 for 23 yards (A.Al-Shaair). ** Injury Update: CIN-A.Mims has returned to the game.,3,4,CIN 45,55,0,Houston Texans,Cincinnati Bengals,0,0,9.5,90.5,227.0,61.0,288.0,162.0,59.0,221.0,game,Spread,Houston Texans,,9.5,kalshi,-171,—,—,,0,,hit,,,,—,,
2026-09-20T19:22:51.890725+00:00,nfl,2026,2,401872934,4018729341698,2,4:21,(Shotgun) J.Burrow pass short middle to T.Higgins to HST 32 for 23 yards (A.Al-Shaair). ** Injury Update: CIN-A.Mims has returned to the game.,3,4,CIN 45,55,0,Houston Texans,Cincinnati Bengals,0,0,9.5,90.5,227.0,61.0,288.0,162.0,59.0,221.0,game,Total,Over,,35.5,kalshi,-186,—,—,,0.0,,miss,,,,—,,
2026-09-20T19:22:51.890725+00:00,nfl,2026,2,401872934,4018729341698,2,4:21,(Shotgun) J.Burrow pass short middle to T.Higgins to HST 32 for 23 yards (A.Al-Shaair). ** Injury Update: CIN-A.Mims has returned to the game.,3,4,CIN 45,55,0,Houston Texans,Cincinnati Bengals,0,0,9.5,90.5,227.0,61.0,288.0,162.0,59.0,221.0,game,Total,Under,,35.5,kalshi,-118,—,—,,0.0,,hit,,,,—,,
2026-09-20T19:22:51.890725+00:00,nfl,2026,2,401872934,4018729341698,2,4:21,(Shotgun) J.Burrow pass short middle to T.Higgins to HST 32 for 23 yards (A.Al-Shaair). ** Injury Update: CIN-A.Mims has returned to the game.,3,4,CIN 45,55,0,Houston Texans,Cincinnati Bengals,0,0,9.5,90.5,227.0,61.0,288.0,162.0,59.0,221.0,game,ML,Cincinnati Bengals,,,polymarket,-810,—,—,,Loss,,miss,,,,—,,
2026-09-20T19:22:51.890725+00:00,nfl,2026,2,401872934,4018729341698,2,4:21,(Shotgun) J.Burrow pass short middle to T.Higgins to HST 32 for 23 yards (A.Al-Shaair). ** Injury Update: CIN-A.Mims has returned to the game.,3,4,CIN 45,55,0,Houston Texans,Cincinnati Bengals,0,0,9.5,90.5,227.0,61.0,288.0,162.0,59.0,221.0,game,ML,Houston Texans,,,kalshi,733,—,—,,Loss,,miss,,,,—,,
2026-09-20T19:22:51.890725+00:00,nfl,2026,2,401872934,4018729341760,2,3:29,Official Timeout at 03:29.,-1,11,HOU 15,15,-7,Houston Texans,Cincinnati Bengals,0,7,9.5,90.5,227.0,61.0,288.0,162.0,59.0,221.0,game,Spread,Cincinnati Bengals,,-9.5,kalshi,-109,—,—,,-7,,miss,,,,—,,
2026-09-20T19:22:51.890725+00:00,nfl,2026,2,401872934,4018729341760,2,3:29,Official Timeout at 03:29.,-1,11,HOU 15,15,-7,Houston Texans,Cincinnati Bengals,0,7,9.5,90.5,227.0,61.0,288.0,162.0,59.0,221.0,game,Spread,Houston Texans,,9.5,kalshi,-171,—,—,,-7,,hit,,,,—,,
2026-09-20T19:22:51.890725+00:00,nfl,2026,2,401872934,4018729341760,2,3:29,Official Timeout at 03:29.,-1,11,HOU 15,15,-7,Houston Texans,Cincinnati Bengals,0,7,9.5,90.5,227.0,61.0,288.0,162.0,59.0,221.0,game,Total,Over,,35.5,kalshi,-186,—,—,,7.0,,miss,,,,—,,
2026-09-20T19:22:51.890725+00:00,nfl,2026,2,401872934,4018729341760,2,3:29,Official Timeout at 03:29.,-1,11,HOU 15,15,-7,Houston Texans,Cincinnati Bengals,0,7,9.5,90.5,227.0,61.0,288.0,162.0,59.0,221.0,game,Total,Under,,35.5,kalshi,-118,—,—,,7.0,,hit,,,,—,,
2026-09-20T19:22:51.890725+00:00,nfl,2026,2,401872934,4018729341760,2,3:29,Official Timeout at 03:29.,-1,11,HOU 15,15,-7,Houston Texans,Cincinnati Bengals,0,7,9.5,90.5,227.0,61.0,288.0,162.0,59.0,221.0,game,ML,Cincinnati Bengals,,,polymarket,-810,—,—,,Win,,hit,,,,—,,
2026-09-20T19:22:51.890725+00:00,nfl,2026,2,401872934,4018729341760,2,3:29,Official Timeout at 03:29.,-1,11,HOU 15,15,-7,Houston Texans,Cincinnati Bengals,0,7,9.5,90.5,227.0,61.0,288.0,162.0,59.0,221.0,game,ML,Houston Texans,,,kalshi,733,—,—,,Loss,,miss,,,,—,,
2026-09-20T19:22:51.890725+00:00,nfl,2026,2,401872934,4018729341723,2,3:29,"(Shotgun) J.Burrow pass deep right to J.Chase for 32 yards, TOUCHDOWN. E.McPherson extra point is GOOD, Center-W.Wagner, Holder-R.Rehkow.",1,10,HOU 32,32,-7,Houston Texans,Cincinnati Bengals,0,7,9.5,90.5,227.0,61.0,288.0,162.0,59.0,221.0,game,Spread,Cincinnati Bengals,,-9.5,kalshi,-109,—,—,,-7,,miss,,,,—,,
2026-09-20T19:22:51.890725+00:00,nfl,2026,2,401872934,4018729341723,2,3:29,"(Shotgun) J.Burrow pass deep right to J.Chase for 32 yards, TOUCHDOWN. E.McPherson extra point is GOOD, Center-W.Wagner, Holder-R.Rehkow.",1,10,HOU 32,32,-7,Houston Texans,Cincinnati Bengals,0,7,9.5,90.5,227.0,61.0,288.0,162.0,59.0,221.0,game,Spread,Houston Texans,,9.5,kalshi,-171,—,—,,-7,,hit,,,,—,,
2026-09-20T19:22:51.890725+00:00,nfl,2026,2,401872934,4018729341723,2,3:29,"(Shotgun) J.Burrow pass deep right to J.Chase for 32 yards, TOUCHDOWN. E.McPherson extra point is GOOD, Center-W.Wagner, Holder-R.Rehkow.",1,10,HOU 32,32,-7,Houston Texans,Cincinnati Bengals,0,7,9.5,90.5,227.0,61.0,288.0,162.0,59.0,221.0,game,Total,Over,,35.5,kalshi,-186,—,—,,7.0,,miss,,,,—,,
2026-09-20T19:22:51.890725+00:00,nfl,2026,2,401872934,4018729341723,2,3:29,"(Shotgun) J.Burrow pass deep right to J.Chase for 32 yards, TOUCHDOWN. E.McPherson extra point is GOOD, Center-W.Wagner, Holder-R.Rehkow.",1,10,HOU 32,32,-7,Houston Texans,Cincinnati Bengals,0,7,9.5,90.5,227.0,61.0,288.0,162.0,59.0,221.0,game,Total,Under,,35.5,kalshi,-118,—,—,,7.0,,hit,,,,—,,
2026-09-20T19:22:51.890725+00:00,nfl,2026,2,401872934,4018729341723,2,3:29,"(Shotgun) J.Burrow pass deep right to J.Chase for 32 yards, TOUCHDOWN. E.McPherson extra point is GOOD, Center-W.Wagner, Holder-R.Rehkow.",1,10,HOU 32,32,-7,Houston Texans,Cincinnati Bengals,0,7,9.5,90.5,227.0,61.0,288.0,162.0,59.0,221.0,game,ML,Cincinnati Bengals,,,polymarket,-810,—,—,,Win,,hit,,,,—,,
2026-09-20T19:22:51.890725+00:00,nfl,2026,2,401872934,4018729341723,2,3:29,"(Shotgun) J.Burrow pass deep right to J.Chase for 32 yards, TOUCHDOWN. E.McPherson extra point is GOOD, Center-W.Wagner, Holder-R.Rehkow.",1,10,HOU 32,32,-7,Houston Texans,Cincinnati Bengals,0,7,9.5,90.5,227.0,61.0,288.0,162.0,59.0,221.0,game,ML,Houston Texans,,,kalshi,733,—,—,,Loss,,miss,,,,—,,
2026-09-20T19:22:51.890725+00:00,nfl,2026,2,401872934,4018729341767,2,3:29,E.McPherson kicks 60 yards from CIN 35 to HST 5. T.Smith to HST 27 for 22 yards (D.Ivey). CIN-D.Ivey was injured during the play.,3,11,CIN 27,65,-7,Houston Texans,Cincinnati Bengals,0,7,9.5,90.5,227.0,61.0,288.0,162.0,59.0,221.0,game,Spread,Cincinnati Bengals,,-9.5,kalshi,-109,—,—,,-7,,miss,,,,—,,
2026-09-20T19:22:51.890725+00:00,nfl,2026,2,401872934,4018729341767,2,3:29,E.McPherson kicks 60 yards from CIN 35 to HST 5. T.Smith to HST 27 for 22 yards (D.Ivey). CIN-D.Ivey was injured during the play.,3,11,CIN 27,65,-7,Houston Texans,Cincinnati Bengals,0,7,9.5,90.5,227.0,61.0,288.0,162.0,59.0,221.0,game,Spread,Houston Texans,,9.5,kalshi,-171,—,—,,-7,,hit,,,,—,,
2026-09-20T19:22:51.890725+00:00,nfl,2026,2,401872934,4018729341767,2,3:29,E.McPherson kicks 60 yards from CIN 35 to HST 5. T.Smith to HST 27 for 22 yards (D.Ivey). CIN-D.Ivey was injured during the play.,3,11,CIN 27,65,-7,Houston Texans,Cincinnati Bengals,0,7,9.5,90.5,227.0,61.0,288.0,162.0,59.0,221.0,game,Total,Over,,35.5,kalshi,-186,—,—,,7.0,,miss,,,,—,,
2026-09-20T19:22:51.890725+00:00,nfl,2026,2,401872934,4018729341767,2,3:29,E.McPherson kicks 60 yards from CIN 35 to HST 5. T.Smith to HST 27 for 22 yards (D.Ivey). CIN-D.Ivey was injured during the play.,3,11,CIN 27,65,-7,Houston Texans,Cincinnati Bengals,0,7,9.5,90.5,227.0,61.0,288.0,162.0,59.0,221.0,game,Total,Under,,35.5,kalshi,-118,—,—,,7.0,,hit,,,,—,,
2026-09-20T19:22:51.890725+00:00,nfl,2026,2,401872934,4018729341767,2,3:29,E.McPherson kicks 60 yards from CIN 35 to HST 5. T.Smith to HST 27 for 22 yards (D.Ivey). CIN-D.Ivey was injured during the play.,3,11,CIN 27,65,-7,Houston Texans,Cincinnati Bengals,0,7,9.5,90.5,227.0,61.0,288.0,162.0,59.0,221.0,game,ML,Cincinnati Bengals,,,polymarket,-810,—,—,,Win,,hit,,,,—,,
2026-09-20T19:22:51.890725+00:00,nfl,2026,2,401872934,4018729341767,2,3:29,E.McPherson kicks 60 yards from CIN 35 to HST 5. T.Smith to HST 27 for 22 yards (D.Ivey). CIN-D.Ivey was injured during the play.,3,11,CIN 27,65,-7,Houston Texans,Cincinnati Bengals,0,7,9.5,90.5,227.0,61.0,288.0,162.0,59.0,221.0,game,ML,Houston Texans,,,kalshi,733,—,—,,Loss,,miss,,,,—,,
2026-09-20T19:22:51.890725+00:00,nfl,2026,2,401872934,4018729341800,2,3:24,(Shotgun) C.Stroud pass short middle to X.Hutchinson to HST 40 for 13 yards (D.Hill).,1,10,HOU 27,27,-7,Houston Texans,Cincinnati Bengals,0,7,9.5,90.5,227.0,61.0,288.0,162.0,59.0,221.0,game,Spread,Cincinnati Bengals,,-9.5,kalshi,-109,—,—,,-7,,miss,,,,—,,
2026-09-20T19:22:51.890725+00:00,nfl,2026,2,401872934,4018729341800,2,3:24,(Shotgun) C.Stroud pass short middle to X.Hutchinson to HST 40 for 13 yards (D.Hill).,1,10,HOU 27,27,-7,Houston Texans,Cincinnati Bengals,0,7,9.5,90.5,227.0,61.0,288.0,162.0,59.0,221.0,game,Spread,Houston Texans,,9.5,kalshi,-171,—,—,,-7,,hit,,,,—,,
2026-09-20T19:22:51.890725+00:00,nfl,2026,2,401872934,4018729341800,2,3:24,(Shotgun) C.Stroud pass short middle to X.Hutchinson to HST 40 for 13 yards (D.Hill).,1,10,HOU 27,27,-7,Houston Texans,Cincinnati Bengals,0,7,9.5,90.5,227.0,61.0,288.0,162.0,59.0,221.0,game,Total,Over,,35.5,kalshi,-186,—,—,,7.0,,miss,,,,—,,
2026-09-20T19:22:51.890725+00:00,nfl,2026,2,401872934,4018729341800,2,3:24,(Shotgun) C.Stroud pass short middle to X.Hutchinson to HST 40 for 13 yards (D.Hill).,1,10,HOU 27,27,-7,Houston Texans,Cincinnati Bengals,0,7,9.5,90.5,227.0,61.0,288.0,162.0,59.0,221.0,game,Total,Under,,35.5,kalshi,-118,—,—,,7.0,,hit,,,,—,,
2026-09-20T19:22:51.890725+00:00,nfl,2026,2,401872934,4018729341800,2,3:24,(Shotgun) C.Stroud pass short middle to X.Hutchinson to HST 40 for 13 yards (D.Hill).,1,10,HOU 27,27,-7,Houston Texans,Cincinnati Bengals,0,7,9.5,90.5,227.0,61.0,288.0,162.0,59.0,221.0,game,ML,Cincinnati Bengals,,,polymarket,-810,—,—,,Win,,hit,,,,—,,
2026-09-20T19:22:51.890725+00:00,nfl,2026,2,401872934,4018729341800,2,3:24,(Shotgun) C.Stroud pass short middle to X.Hutchinson to HST 40 for 13 yards (D.Hill).,1,10,HOU 27,27,-7,Houston Texans,Cincinnati Bengals,0,7,9.5,90.5,227.0,61.0,288.0,162.0,59.0,221.0,game,ML,Houston Texans,,,kalshi,733,—,—,,Loss,,miss,,,,—,,
2026-09-20T19:22:51.890725+00:00,nfl,2026,2,401872934,4018729341825,2,2:47,(Shotgun) C.Stroud pass short left to D.Schultz to CIN 45 for 15 yards (J.Davis).,1,10,HOU 40,40,-7,Houston Texans,Cincinnati Bengals,0,7,9.5,90.5,227.0,61.0,288.0,162.0,59.0,221.0,game,Spread,Cincinnati Bengals,,-9.5,kalshi,-109,—,—,,-7,,miss,,,,—,,
2026-09-20T19:22:51.890725+00:00,nfl,2026,2,401872934,4018729341825,2,2:47,(Shotgun) C.Stroud pass short left to D.Schultz to CIN 45 for 15 yards (J.Davis).,1,10,HOU 40,40,-7,Houston Texans,Cincinnati Bengals,0,7,9.5,90.5,227.0,61.0,288.0,162.0,59.0,221.0,game,Spread,Houston Texans,,9.5,kalshi,-171,—,—,,-7,,hit,,,,—,,
2026-09-20T19:22:51.890725+00:00,nfl,2026,2,401872934,4018729341825,2,2:47,(Shotgun) C.Stroud pass short left to D.Schultz to CIN 45 for 15 yards (J.Davis).,1,10,HOU 40,40,-7,Houston Texans,Cincinnati Bengals,0,7,9.5,90.5,227.0,61.0,288.0,162.0,59.0,221.0,game,Total,Over,,35.5,kalshi,-186,—,—,,7.0,,miss,,,,—,,
2026-09-20T19:22:51.890725+00:00,nfl,2026,2,401872934,4018729341825,2,2:47,(Shotgun) C.Stroud pass short left to D.Schultz to CIN 45 for 15 yards (J.Davis).,1,10,HOU 40,40,-7,Houston Texans,Cincinnati Bengals,0,7,9.5,90.5,227.0,61.0,288.0,162.0,59.0,221.0,game,Total,Under,,35.5,kalshi,-118,—,—,,7.0,,hit,,,,—,,
2026-09-20T19:22:51.890725+00:00,nfl,2026,2,401872934,4018729341825,2,2:47,(Shotgun) C.Stroud pass short left to D.Schultz to CIN 45 for 15 yards (J.Davis).,1,10,HOU 40,40,-7,Houston Texans,Cincinnati Bengals,0,7,9.5,90.5,227.0,61.0,288.0,162.0,59.0,221.0,game,ML,Cincinnati Bengals,,,polymarket,-810,—,—,,Win,,hit,,,,—,,
2026-09-20T19:22:51.890725+00:00,nfl,2026,2,401872934,4018729341825,2,2:47,(Shotgun) C.Stroud pass short left to D.Schultz to CIN 45 for 15 yards (J.Davis).,1,10,HOU 40,40,-7,Houston Texans,Cincinnati Bengals,0,7,9.5,90.5,227.0,61.0,288.0,162.0,59.0,221.0,game,ML,Houston Texans,,,kalshi,733,—,—,,Loss,,miss,,,,—,,
2026-09-20T19:22:51.890725+00:00,nfl,2026,2,401872934,4018729341850,2,2:05,(Shotgun) C.Stroud pass short right to X.Hutchinson to CIN 39 for 6 yards (D.Turner).,1,10,CIN 45,55,-7,Houston Texans,Cincinnati Bengals,0,7,9.5,90.5,227.0,61.0,288.0,162.0,59.0,221.0,game,Spread,Cincinnati Bengals,,-9.5,kalshi,-109,—,—,,-7,,miss,,,,—,,
2026-09-20T19:22:51.890725+00:00,nfl,2026,2,401872934,4018729341850,2,2:05,(Shotgun) C.Stroud pass short right to X.Hutchinson to CIN 39 for 6 yards (D.Turner).,1,10,CIN 45,55,-7,Houston Texans,Cincinnati Bengals,0,7,9.5,90.5,227.0,61.0,288.0,162.0,59.0,221.0,game,Spread,Houston Texans,,9.5,kalshi,-171,—,—,,-7,,hit,,,,—,,
2026-09-20T19:22:51.890725+00:00,nfl,2026,2,401872934,4018729341850,2,2:05,(Shotgun) C.Stroud pass short right to X.Hutchinson to CIN 39 for 6 yards (D.Turner).,1,10,CIN 45,55,-7,Houston Texans,Cincinnati Bengals,0,7,9.5,90.5,227.0,61.0,288.0,162.0,59.0,221.0,game,Total,Over,,35.5,kalshi,-186,—,—,,7.0,,miss,,,,—,,
2026-09-20T19:22:51.890725+00:00,nfl,2026,2,401872934,4018729341850,2,2:05,(Shotgun) C.Stroud pass short right to X.Hutchinson to CIN 39 for 6 yards (D.Turner).,1,10,CIN 45,55,-7,Houston Texans,Cincinnati Bengals,0,7,9.5,90.5,227.0,61.0,288.0,162.0,59.0,221.0,game,Total,Under,,35.5,kalshi,-118,—,—,,7.0,,hit,,,,—,,
2026-09-20T19:22:51.890725+00:00,nfl,2026,2,401872934,4018729341850,2,2:05,(Shotgun) C.Stroud pass short right to X.Hutchinson to CIN 39 for 6 yards (D.Turner).,1,10,CIN 45,55,-7,Houston Texans,Cincinnati Bengals,0,7,9.5,90.5,227.0,61.0,288.0,162.0,59.0,221.0,game,ML,Cincinnati Bengals,,,polymarket,-810,—,—,,Win,,hit,,,,—,,
2026-09-20T19:22:51.890725+00:00,nfl,2026,2,401872934,4018729341850,2,2:05,(Shotgun) C.Stroud pass short right to X.Hutchinson to CIN 39 for 6 yards (D.Turner).,1,10,CIN 45,55,-7,Houston Texans,Cincinnati Bengals,0,7,9.5,90.5,227.0,61.0,288.0,162.0,59.0,221.0,game,ML,Houston Texans,,,kalshi,733,—,—,,Loss,,miss,,,,—,,
2026-09-20T19:22:51.890725+00:00,nfl,2026,2,401872934,4018729341863,2,2:00,Two-Minute Warning,2,4,CIN 39,61,-7,Houston Texans,Cincinnati Bengals,0,7,9.5,90.5,227.0,61.0,288.0,162.0,59.0,221.0,game,Spread,Cincinnati Bengals,,-9.5,kalshi,-109,—,—,,-7,,miss,,,,—,,
2026-09-20T19:22:51.890725+00:00,nfl,2026,2,401872934,4018729341863,2,2:00,Two-Minute Warning,2,4,CIN 39,61,-7,Houston Texans,Cincinnati Bengals,0,7,9.5,90.5,227.0,61.0,288.0,162.0,59.0,221.0,game,Spread,Houston Texans,,9.5,kalshi,-171,—,—,,-7,,hit,,,,—,,
2026-09-20T19:22:51.890725+00:00,nfl,2026,2,401872934,4018729341863,2,2:00,Two-Minute Warning,2,4,CIN 39,61,-7,Houston Texans,Cincinnati Bengals,0,7,9.5,90.5,227.0,61.0,288.0,162.0,59.0,221.0,game,Total,Over,,35.5,kalshi,-186,—,—,,7.0,,miss,,,,—,,
2026-09-20T19:22:51.890725+00:00,nfl,2026,2,401872934,4018729341863,2,2:00,Two-Minute Warning,2,4,CIN 39,61,-7,Houston Texans,Cincinnati Bengals,0,7,9.5,90.5,227.0,61.0,288.0,162.0,59.0,221.0,game,Total,Under,,35.5,kalshi,-118,—,—,,7.0,,hit,,,,—,,
2026-09-20T19:22:51.890725+00:00,nfl,2026,2,401872934,4018729341863,2,2:00,Two-Minute Warning,2,4,CIN 39,61,-7,Houston Texans,Cincinnati Bengals,0,7,9.5,90.5,227.0,61.0,288.0,162.0,59.0,221.0,game,ML,Cincinnati Bengals,,,polymarket,-810,—,—,,Win,,hit,,,,—,,
2026-09-20T19:22:51.890725+00:00,nfl,2026,2,401872934,4018729341863,2,2:00,Two-Minute Warning,2,4,CIN 39,61,-7,Houston Texans,Cincinnati Bengals,0,7,9.5,90.5,227.0,61.0,288.0,162.0,59.0,221.0,game,ML,Houston Texans,,,kalshi,733,—,—,,Loss,,miss,,,,—,,
2026-09-20T19:22:51.890725+00:00,nfl,2026,2,401872934,4018729341875,2,2:00,C.Stroud pass incomplete deep right to J.Wayne.,2,4,CIN 39,61,-7,Houston Texans,Cincinnati Bengals,0,7,9.5,90.5,227.0,61.0,288.0,162.0,59.0,221.0,game,Spread,Cincinnati Bengals,,-9.5,kalshi,-109,—,—,,-7,,miss,,,,—,,
2026-09-20T19:22:51.890725+00:00,nfl,2026,2,401872934,4018729341875,2,2:00,C.Stroud pass incomplete deep right to J.Wayne.,2,4,CIN 39,61,-7,Houston Texans,Cincinnati Bengals,0,7,9.5,90.5,227.0,61.0,288.0,162.0,59.0,221.0,game,Spread,Houston Texans,,9.5,kalshi,-171,—,—,,-7,,hit,,,,—,,
2026-09-20T19:22:51.890725+00:00,nfl,2026,2,401872934,4018729341875,2,2:00,C.Stroud pass incomplete deep right to J.Wayne.,2,4,CIN 39,61,-7,Houston Texans,Cincinnati Bengals,0,7,9.5,90.5,227.0,61.0,288.0,162.0,59.0,221.0,game,Total,Over,,35.5,kalshi,-186,—,—,,7.0,,miss,,,,—,,
2026-09-20T19:22:51.890725+00:00,nfl,2026,2,401872934,4018729341875,2,2:00,C.Stroud pass incomplete deep right to J.Wayne.,2,4,CIN 39,61,-7,Houston Texans,Cincinnati Bengals,0,7,9.5,90.5,227.0,61.0,288.0,162.0,59.0,221.0,game,Total,Under,,35.5,kalshi,-118,—,—,,7.0,,hit,,,,—,,
2026-09-20T19:22:51.890725+00:00,nfl,2026,2,401872934,4018729341875,2,2:00,C.Stroud pass incomplete deep right to J.Wayne.,2,4,CIN 39,61,-7,Houston Texans,Cincinnati Bengals,0,7,9.5,90.5,227.0,61.0,288.0,162.0,59.0,221.0,game,ML,Cincinnati Bengals,,,polymarket,-810,—,—,,Win,,hit,,,,—,,
2026-09-20T19:22:51.890725+00:00,nfl,2026,2,401872934,4018729341875,2,2:00,C.Stroud pass incomplete deep right to J.Wayne.,2,4,CIN 39,61,-7,Houston Texans,Cincinnati Bengals,0,7,9.5,90.5,227.0,61.0,288.0,162.0,59.0,221.0,game,ML,Houston Texans,,,kalshi,733,—,—,,Loss,,miss,,,,—,,
2026-09-20T19:22:51.890725+00:00,nfl,2026,2,401872934,4018729341905,2,1:53,"(Shotgun) C.Stroud pass incomplete short right to K.Boutte.PENALTY on CIN-D.Hill, Defensive Holding, 5 yards, enforced at CIN 39 - No Play.",3,4,CIN 39,61,-7,Houston Texans,Cincinnati Bengals,0,7,9.5,90.5,227.0,61.0,288.0,162.0,59.0,221.0,game,Spread,Cincinnati Bengals,,-9.5,kalshi,-109,—,—,,-7,,miss,,,,—,,
2026-09-20T19:22:51.890725+00:00,nfl,2026,2,401872934,4018729341905,2,1:53,"(Shotgun) C.Stroud pass incomplete short right to K.Boutte.PENALTY on CIN-D.Hill, Defensive Holding, 5 yards, enforced at CIN 39 - No Play.",3,4,CIN 39,61,-7,Houston Texans,Cincinnati Bengals,0,7,9.5,90.5,227.0,61.0,288.0,162.0,59.0,221.0,game,Spread,Houston Texans,,9.5,kalshi,-171,—,—,,-7,,hit,,,,—,,
2026-09-20T19:22:51.890725+00:00,nfl,2026,2,401872934,4018729341905,2,1:53,"(Shotgun) C.Stroud pass incomplete short right to K.Boutte.PENALTY on CIN-D.Hill, Defensive Holding, 5 yards, enforced at CIN 39 - No Play.",3,4,CIN 39,61,-7,Houston Texans,Cincinnati Bengals,0,7,9.5,90.5,227.0,61.0,288.0,162.0,59.0,221.0,game,Total,Over,,35.5,kalshi,-186,—,—,,7.0,,miss,,,,—,,
2026-09-20T19:22:51.890725+00:00,nfl,2026,2,401872934,4018729341905,2,1:53,"(Shotgun) C.Stroud pass incomplete short right to K.Boutte.PENALTY on CIN-D.Hill, Defensive Holding, 5 yards, enforced at CIN 39 - No Play.",3,4,CIN 39,61,-7,Houston Texans,Cincinnati Bengals,0,7,9.5,90.5,227.0,61.0,288.0,162.0,59.0,221.0,game,Total,Under,,35.5,kalshi,-118,—,—,,7.0,,hit,,,,—,,
2026-09-20T19:22:51.890725+00:00,nfl,2026,2,401872934,4018729341905,2,1:53,"(Shotgun) C.Stroud pass incomplete short right to K.Boutte.PENALTY on CIN-D.Hill, Defensive Holding, 5 yards, enforced at CIN 39 - No Play.",3,4,CIN 39,61,-7,Houston Texans,Cincinnati Bengals,0,7,9.5,90.5,227.0,61.0,288.0,162.0,59.0,221.0,game,ML,Cincinnati Bengals,,,polymarket,-810,—,—,,Win,,hit,,,,—,,
2026-09-20T19:22:51.890725+00:00,nfl,2026,2,401872934,4018729341905,2,1:53,"(Shotgun) C.Stroud pass incomplete short right to K.Boutte.PENALTY on CIN-D.Hill, Defensive Holding, 5 yards, enforced at CIN 39 - No Play.",3,4,CIN 39,61,-7,Houston Texans,Cincinnati Bengals,0,7,9.5,90.5,227.0,61.0,288.0,162.0,59.0,221.0,game,ML,Houston Texans,,,kalshi,733,—,—,,Loss,,miss,,,,—,,
2026-09-20T19:22:51.890725+00:00,nfl,2026,2,401872934,4018729341939,2,1:46,(Shotgun) C.Stroud pass short right to X.Hutchinson ran ob at CIN 16 for 18 yards (B.Cook).,1,10,CIN 34,66,-7,Houston Texans,Cincinnati Bengals,0,7,9.5,90.5,227.0,61.0,288.0,162.0,59.0,221.0,game,Spread,Cincinnati Bengals,,-9.5,kalshi,-109,—,—,,-7,,miss,,,,—,,
2026-09-20T19:22:51.890725+00:00,nfl,2026,2,401872934,4018729341939,2,1:46,(Shotgun) C.Stroud pass short right to X.Hutchinson ran ob at CIN 16 for 18 yards (B.Cook).,1,10,CIN 34,66,-7,Houston Texans,Cincinnati Bengals,0,7,9.5,90.5,227.0,61.0,288.0,162.0,59.0,221.0,game,Spread,Houston Texans,,9.5,kalshi,-171,—,—,,-7,,hit,,,,—,,
2026-09-20T19:22:51.890725+00:00,nfl,2026,2,401872934,4018729341939,2,1:46,(Shotgun) C.Stroud pass short right to X.Hutchinson ran ob at CIN 16 for 18 yards (B.Cook).,1,10,CIN 34,66,-7,Houston Texans,Cincinnati Bengals,0,7,9.5,90.5,227.0,61.0,288.0,162.0,59.0,221.0,game,Total,Over,,35.5,kalshi,-186,—,—,,7.0,,miss,,,,—,,
2026-09-20T19:22:51.890725+00:00,nfl,2026,2,401872934,4018729341939,2,1:46,(Shotgun) C.Stroud pass short right to X.Hutchinson ran ob at CIN 16 for 18 yards (B.Cook).,1,10,CIN 34,66,-7,Houston Texans,Cincinnati Bengals,0,7,9.5,90.5,227.0,61.0,288.0,162.0,59.0,221.0,game,Total,Under,,35.5,kalshi,-118,—,—,,7.0,,hit,,,,—,,
2026-09-20T19:22:51.890725+00:00,nfl,2026,2,401872934,4018729341939,2,1:46,(Shotgun) C.Stroud pass short right to X.Hutchinson ran ob at CIN 16 for 18 yards (B.Cook).,1,10,CIN 34,66,-7,Houston Texans,Cincinnati Bengals,0,7,9.5,90.5,227.0,61.0,288.0,162.0,59.0,221.0,game,ML,Cincinnati Bengals,,,polymarket,-810,—,—,,Win,,hit,,,,—,,
2026-09-20T19:22:51.890725+00:00,nfl,2026,2,401872934,4018729341939,2,1:46,(Shotgun) C.Stroud pass short right to X.Hutchinson ran ob at CIN 16 for 18 yards (B.Cook).,1,10,CIN 34,66,-7,Houston Texans,Cincinnati Bengals,0,7,9.5,90.5,227.0,61.0,288.0,162.0,59.0,221.0,game,ML,Houston Texans,,,kalshi,733,—,—,,Loss,,miss,,,,—,,
2026-09-20T19:22:51.890725+00:00,nfl,2026,2,401872934,4018729341969,2,1:39,(Shotgun) W.Marks up the middle to CIN 13 for 3 yards (K.Jenkins).,1,10,CIN 16,84,-7,Houston Texans,Cincinnati Bengals,0,7,9.5,90.5,227.0,61.0,288.0,162.0,59.0,221.0,game,Spread,Cincinnati Bengals,,-9.5,kalshi,-109,—,—,,-7,,miss,,,,—,,
2026-09-20T19:22:51.890725+00:00,nfl,2026,2,401872934,4018729341969,2,1:39,(Shotgun) W.Marks up the middle to CIN 13 for 3 yards (K.Jenkins).,1,10,CIN 16,84,-7,Houston Texans,Cincinnati Bengals,0,7,9.5,90.5,227.0,61.0,288.0,162.0,59.0,221.0,game,Spread,Houston Texans,,9.5,kalshi,-171,—,—,,-7,,hit,,,,—,,
2026-09-20T19:22:51.890725+00:00,nfl,2026,2,401872934,4018729341969,2,1:39,(Shotgun) W.Marks up the middle to CIN 13 for 3 yards (K.Jenkins).,1,10,CIN 16,84,-7,Houston Texans,Cincinnati Bengals,0,7,9.5,90.5,227.0,61.0,288.0,162.0,59.0,221.0,game,Total,Over,,35.5,kalshi,-186,—,—,,7.0,,miss,,,,—,,
2026-09-20T19:22:51.890725+00:00,nfl,2026,2,401872934,4018729341969,2,1:39,(Shotgun) W.Marks up the middle to CIN 13 for 3 yards (K.Jenkins).,1,10,CIN 16,84,-7,Houston Texans,Cincinnati Bengals,0,7,9.5,90.5,227.0,61.0,288.0,162.0,59.0,221.0,game,Total,Under,,35.5,kalshi,-118,—,—,,7.0,,hit,,,,—,,
2026-09-20T19:22:51.890725+00:00,nfl,2026,2,401872934,4018729341969,2,1:39,(Shotgun) W.Marks up the middle to CIN 13 for 3 yards (K.Jenkins).,1,10,CIN 16,84,-7,Houston Texans,Cincinnati Bengals,0,7,9.5,90.5,227.0,61.0,288.0,162.0,59.0,221.0,game,ML,Cincinnati Bengals,,,polymarket,-810,—,—,,Win,,hit,,,,—,,
2026-09-20T19:22:51.890725+00:00,nfl,2026,2,401872934,4018729341969,2,1:39,(Shotgun) W.Marks up the middle to CIN 13 for 3 yards (K.Jenkins).,1,10,CIN 16,84,-7,Houston Texans,Cincinnati Bengals,0,7,9.5,90.5,227.0,61.0,288.0,162.0,59.0,221.0,game,ML,Houston Texans,,,kalshi,733,—,—,,Loss,,miss,,,,—,,
2026-09-20T19:22:51.890725+00:00,nfl,2026,2,401872934,4018729341980,2,1:34,Timeout #1 by CIN at 01:34.,2,7,CIN 13,87,-7,Houston Texans,Cincinnati Bengals,0,7,9.5,90.5,227.0,61.0,288.0,162.0,59.0,221.0,game,Spread,Cincinnati Bengals,,-9.5,kalshi,-109,—,—,,-7,,miss,,,,—,,
2026-09-20T19:22:51.890725+00:00,nfl,2026,2,401872934,4018729341980,2,1:34,Timeout #1 by CIN at 01:34.,2,7,CIN 13,87,-7,Houston Texans,Cincinnati Bengals,0,7,9.5,90.5,227.0,61.0,288.0,162.0,59.0,221.0,game,Spread,Houston Texans,,9.5,kalshi,-171,—,—,,-7,,hit,,,,—,,
2026-09-20T19:22:51.890725+00:00,nfl,2026,2,401872934,4018729341980,2,1:34,Timeout #1 by CIN at 01:34.,2,7,CIN 13,87,-7,Houston Texans,Cincinnati Bengals,0,7,9.5,90.5,227.0,61.0,288.0,162.0,59.0,221.0,game,Total,Over,,35.5,kalshi,-186,—,—,,7.0,,miss,,,,—,,
2026-09-20T19:22:51.890725+00:00,nfl,2026,2,401872934,4018729341980,2,1:34,Timeout #1 by CIN at 01:34.,2,7,CIN 13,87,-7,Houston Texans,Cincinnati Bengals,0,7,9.5,90.5,227.0,61.0,288.0,162.0,59.0,221.0,game,Total,Under,,35.5,kalshi,-118,—,—,,7.0,,hit,,,,—,,
2026-09-20T19:22:51.890725+00:00,nfl,2026,2,401872934,4018729341980,2,1:34,Timeout #1 by CIN at 01:34.,2,7,CIN 13,87,-7,Houston Texans,Cincinnati Bengals,0,7,9.5,90.5,227.0,61.0,288.0,162.0,59.0,221.0,game,ML,Cincinnati Bengals,,,polymarket,-810,—,—,,Win,,hit,,,,—,,
2026-09-20T19:22:51.890725+00:00,nfl,2026,2,401872934,4018729341980,2,1:34,Timeout #1 by CIN at 01:34.,2,7,CIN 13,87,-7,Houston Texans,Cincinnati Bengals,0,7,9.5,90.5,227.0,61.0,288.0,162.0,59.0,221.0,game,ML,Houston Texans,,,kalshi,733,—,—,,Loss,,miss,,,,—,,
2026-09-20T19:22:51.890725+00:00,nfl,2026,2,401872934,4018729341991,2,1:34,(Shotgun) C.Stroud pass short left to W.Marks to CIN 19 for -6 yards (B.Carter).,2,7,CIN 13,87,-7,Houston Texans,Cincinnati Bengals,0,7,9.5,90.5,227.0,61.0,288.0,162.0,59.0,221.0,game,Spread,Cincinnati Bengals,,-9.5,kalshi,-109,—,—,,-7,,miss,,,,—,,
2026-09-20T19:22:51.890725+00:00,nfl,2026,2,401872934,4018729341991,2,1:34,(Shotgun) C.Stroud pass short left to W.Marks to CIN 19 for -6 yards (B.Carter).,2,7,CIN 13,87,-7,Houston Texans,Cincinnati Bengals,0,7,9.5,90.5,227.0,61.0,288.0,162.0,59.0,221.0,game,Spread,Houston Texans,,9.5,kalshi,-171,—,—,,-7,,hit,,,,—,,
2026-09-20T19:22:51.890725+00:00,nfl,2026,2,401872934,4018729341991,2,1:34,(Shotgun) C.Stroud pass short left to W.Marks to CIN 19 for -6 yards (B.Carter).,2,7,CIN 13,87,-7,Houston Texans,Cincinnati Bengals,0,7,9.5,90.5,227.0,61.0,288.0,162.0,59.0,221.0,game,Total,Over,,35.5,kalshi,-186,—,—,,7.0,,miss,,,,—,,
2026-09-20T19:22:51.890725+00:00,nfl,2026,2,401872934,4018729341991,2,1:34,(Shotgun) C.Stroud pass short left to W.Marks to CIN 19 for -6 yards (B.Carter).,2,7,CIN 13,87,-7,Houston Texans,Cincinnati Bengals,0,7,9.5,90.5,227.0,61.0,288.0,162.0,59.0,221.0,game,Total,Under,,35.5,kalshi,-118,—,—,,7.0,,hit,,,,—,,
2026-09-20T19:22:51.890725+00:00,nfl,2026,2,401872934,4018729341991,2,1:34,(Shotgun) C.Stroud pass short left to W.Marks to CIN 19 for -6 yards (B.Carter).,2,7,CIN 13,87,-7,Houston Texans,Cincinnati Bengals,0,7,9.5,90.5,227.0,61.0,288.0,162.0,59.0,221.0,game,ML,Cincinnati Bengals,,,polymarket,-810,—,—,,Win,,hit,,,,—,,
2026-09-20T19:22:51.890725+00:00,nfl,2026,2,401872934,4018729341991,2,1:34,(Shotgun) C.Stroud pass short left to W.Marks to CIN 19 for -6 yards (B.Carter).,2,7,CIN 13,87,-7,Houston Texans,Cincinnati Bengals,0,7,9.5,90.5,227.0,61.0,288.0,162.0,59.0,221.0,game,ML,Houston Texans,,,kalshi,733,—,—,,Loss,,miss,,,,—,,
2026-09-20T19:22:51.890725+00:00,nfl,2026,2,401872934,4018729342007,2,1:28,Timeout #2 by CIN at 01:28.,3,13,CIN 19,81,-7,Houston Texans,Cincinnati Bengals,0,7,9.5,90.5,227.0,61.0,288.0,162.0,59.0,221.0,game,Spread,Cincinnati Bengals,,-9.5,kalshi,-109,—,—,,-7,,miss,,,,—,,
2026-09-20T19:22:51.890725+00:00,nfl,2026,2,401872934,4018729342007,2,1:28,Timeout #2 by CIN at 01:28.,3,13,CIN 19,81,-7,Houston Texans,Cincinnati Bengals,0,7,9.5,90.5,227.0,61.0,288.0,162.0,59.0,221.0,game,Spread,Houston Texans,,9.5,kalshi,-171,—,—,,-7,,hit,,,,—,,
2026-09-20T19:22:51.890725+00:00,nfl,2026,2,401872934,4018729342007,2,1:28,Timeout #2 by CIN at 01:28.,3,13,CIN 19,81,-7,Houston Texans,Cincinnati Bengals,0,7,9.5,90.5,227.0,61.0,288.0,162.0,59.0,221.0,game,Total,Over,,35.5,kalshi,-186,—,—,,7.0,,miss,,,,—,,
2026-09-20T19:22:51.890725+00:00,nfl,2026,2,401872934,4018729342007,2,1:28,Timeout #2 by CIN at 01:28.,3,13,CIN 19,81,-7,Houston Texans,Cincinnati Bengals,0,7,9.5,90.5,227.0,61.0,288.0,162.0,59.0,221.0,game,Total,Under,,35.5,kalshi,-118,—,—,,7.0,,hit,,,,—,,
2026-09-20T19:22:51.890725+00:00,nfl,2026,2,401872934,4018729342007,2,1:28,Timeout #2 by CIN at 01:28.,3,13,CIN 19,81,-7,Houston Texans,Cincinnati Bengals,0,7,9.5,90.5,227.0,61.0,288.0,162.0,59.0,221.0,game,ML,Cincinnati Bengals,,,polymarket,-810,—,—,,Win,,hit,,,,—,,
2026-09-20T19:22:51.890725+00:00,nfl,2026,2,401872934,4018729342007,2,1:28,Timeout #2 by CIN at 01:28.,3,13,CIN 19,81,-7,Houston Texans,Cincinnati Bengals,0,7,9.5,90.5,227.0,61.0,288.0,162.0,59.0,221.0,game,ML,Houston Texans,,,kalshi,733,—,—,,Loss,,miss,,,,—,,
2026-09-20T19:22:51.890725+00:00,nfl,2026,2,401872934,4018729342023,2,1:28,(Shotgun) C.Stroud pass incomplete short right. ** Injury Update: CIN-D.Ivey has returned to the game.,3,13,CIN 19,81,-7,Houston Texans,Cincinnati Bengals,0,7,9.5,90.5,227.0,61.0,288.0,162.0,59.0,221.0,game,Spread,Cincinnati Bengals,,-9.5,kalshi,-109,—,—,,-7,,miss,,,,—,,
2026-09-20T19:22:51.890725+00:00,nfl,2026,2,401872934,4018729342023,2,1:28,(Shotgun) C.Stroud pass incomplete short right. ** Injury Update: CIN-D.Ivey has returned to the game.,3,13,CIN 19,81,-7,Houston Texans,Cincinnati Bengals,0,7,9.5,90.5,227.0,61.0,288.0,162.0,59.0,221.0,game,Spread,Houston Texans,,9.5,kalshi,-171,—,—,,-7,,hit,,,,—,,
2026-09-20T19:22:51.890725+00:00,nfl,2026,2,401872934,4018729342023,2,1:28,(Shotgun) C.Stroud pass incomplete short right. ** Injury Update: CIN-D.Ivey has returned to the game.,3,13,CIN 19,81,-7,Houston Texans,Cincinnati Bengals,0,7,9.5,90.5,227.0,61.0,288.0,162.0,59.0,221.0,game,Total,Over,,35.5,kalshi,-186,—,—,,7.0,,miss,,,,—,,
2026-09-20T19:22:51.890725+00:00,nfl,2026,2,401872934,4018729342023,2,1:28,(Shotgun) C.Stroud pass incomplete short right. ** Injury Update: CIN-D.Ivey has returned to the game.,3,13,CIN 19,81,-7,Houston Texans,Cincinnati Bengals,0,7,9.5,90.5,227.0,61.0,288.0,162.0,59.0,221.0,game,Total,Under,,35.5,kalshi,-118,—,—,,7.0,,hit,,,,—,,
2026-09-20T19:22:51.890725+00:00,nfl,2026,2,401872934,4018729342023,2,1:28,(Shotgun) C.Stroud pass incomplete short right. ** Injury Update: CIN-D.Ivey has returned to the game.,3,13,CIN 19,81,-7,Houston Texans,Cincinnati Bengals,0,7,9.5,90.5,227.0,61.0,288.0,162.0,59.0,221.0,game,ML,Cincinnati Bengals,,,polymarket,-810,—,—,,Win,,hit,,,,—,,
2026-09-20T19:22:51.890725+00:00,nfl,2026,2,401872934,4018729342023,2,1:28,(Shotgun) C.Stroud pass incomplete short right. ** Injury Update: CIN-D.Ivey has returned to the game.,3,13,CIN 19,81,-7,Houston Texans,Cincinnati Bengals,0,7,9.5,90.5,227.0,61.0,288.0,162.0,59.0,221.0,game,ML,Houston Texans,,,kalshi,733,—,—,,Loss,,miss,,,,—,,
2026-09-20T19:22:51.890725+00:00,nfl,2026,2,401872934,4018729342053,2,1:17,"K.Fairbairn 37 yard field goal is GOOD, Center-A.Brinkman, Holder-K.Kroeger.",4,13,CIN 19,81,-4,Houston Texans,Cincinnati Bengals,3,7,9.5,90.5,227.0,61.0,288.0,162.0,59.0,221.0,game,Spread,Cincinnati Bengals,,-9.5,kalshi,-109,—,—,,-4,,miss,,,,—,,
2026-09-20T19:22:51.890725+00:00,nfl,2026,2,401872934,4018729342053,2,1:17,"K.Fairbairn 37 yard field goal is GOOD, Center-A.Brinkman, Holder-K.Kroeger.",4,13,CIN 19,81,-4,Houston Texans,Cincinnati Bengals,3,7,9.5,90.5,227.0,61.0,288.0,162.0,59.0,221.0,game,Spread,Houston Texans,,9.5,kalshi,-171,—,—,,-4,,hit,,,,—,,
2026-09-20T19:22:51.890725+00:00,nfl,2026,2,401872934,4018729342053,2,1:17,"K.Fairbairn 37 yard field goal is GOOD, Center-A.Brinkman, Holder-K.Kroeger.",4,13,CIN 19,81,-4,Houston Texans,Cincinnati Bengals,3,7,9.5,90.5,227.0,61.0,288.0,162.0,59.0,221.0,game,Total,Over,,35.5,kalshi,-186,—,—,,10.0,,miss,,,,—,,
2026-09-20T19:22:51.890725+00:00,nfl,2026,2,401872934,4018729342053,2,1:17,"K.Fairbairn 37 yard field goal is GOOD, Center-A.Brinkman, Holder-K.Kroeger.",4,13,CIN 19,81,-4,Houston Texans,Cincinnati Bengals,3,7,9.5,90.5,227.0,61.0,288.0,162.0,59.0,221.0,game,Total,Under,,35.5,kalshi,-118,—,—,,10.0,,hit,,,,—,,
2026-09-20T19:22:51.890725+00:00,nfl,2026,2,401872934,4018729342053,2,1:17,"K.Fairbairn 37 yard field goal is GOOD, Center-A.Brinkman, Holder-K.Kroeger.",4,13,CIN 19,81,-4,Houston Texans,Cincinnati Bengals,3,7,9.5,90.5,227.0,61.0,288.0,162.0,59.0,221.0,game,ML,Cincinnati Bengals,,,polymarket,-810,—,—,,Win,,hit,,,,—,,
2026-09-20T19:22:51.890725+00:00,nfl,2026,2,401872934,4018729342053,2,1:17,"K.Fairbairn 37 yard field goal is GOOD, Center-A.Brinkman, Holder-K.Kroeger.",4,13,CIN 19,81,-4,Houston Texans,Cincinnati Bengals,3,7,9.5,90.5,227.0,61.0,288.0,162.0,59.0,221.0,game,ML,Houston Texans,,,kalshi,733,—,—,,Loss,,miss,,,,—,,
2026-09-20T19:22:51.890725+00:00,nfl,2026,2,401872934,4018729342073,2,1:17,"K.Fairbairn kicks 62 yards from HST 35 to CIN 3. D.Meyers to CIN 28 for 25 yards (A.Fisher).PENALTY on CIN-C.Johnson, Offensive Holding, 10 yards, enforced at CIN 28.",3,11,CIN 27,35,-4,Houston Texans,Cincinnati Bengals,3,7,9.5,90.5,227.0,61.0,288.0,162.0,59.0,221.0,game,Spread,Cincinnati Bengals,,-9.5,kalshi,-109,—,—,,-4,,miss,,,,—,,
2026-09-20T19:22:51.890725+00:00,nfl,2026,2,401872934,4018729342073,2,1:17,"K.Fairbairn kicks 62 yards from HST 35 to CIN 3. D.Meyers to CIN 28 for 25 yards (A.Fisher).PENALTY on CIN-C.Johnson, Offensive Holding, 10 yards, enforced at CIN 28.",3,11,CIN 27,35,-4,Houston Texans,Cincinnati Bengals,3,7,9.5,90.5,227.0,61.0,288.0,162.0,59.0,221.0,game,Spread,Houston Texans,,9.5,kalshi,-171,—,—,,-4,,hit,,,,—,,
2026-09-20T19:22:51.890725+00:00,nfl,2026,2,401872934,4018729342073,2,1:17,"K.Fairbairn kicks 62 yards from HST 35 to CIN 3. D.Meyers to CIN 28 for 25 yards (A.Fisher).PENALTY on CIN-C.Johnson, Offensive Holding, 10 yards, enforced at CIN 28.",3,11,CIN 27,35,-4,Houston Texans,Cincinnati Bengals,3,7,9.5,90.5,227.0,61.0,288.0,162.0,59.0,221.0,game,Total,Over,,35.5,kalshi,-186,—,—,,10.0,,miss,,,,—,,
2026-09-20T19:22:51.890725+00:00,nfl,2026,2,401872934,4018729342073,2,1:17,"K.Fairbairn kicks 62 yards from HST 35 to CIN 3. D.Meyers to CIN 28 for 25 yards (A.Fisher).PENALTY on CIN-C.Johnson, Offensive Holding, 10 yards, enforced at CIN 28.",3,11,CIN 27,35,-4,Houston Texans,Cincinnati Bengals,3,7,9.5,90.5,227.0,61.0,288.0,162.0,59.0,221.0,game,Total,Under,,35.5,kalshi,-118,—,—,,10.0,,hit,,,,—,,
2026-09-20T19:22:51.890725+00:00,nfl,2026,2,401872934,4018729342073,2,1:17,"K.Fairbairn kicks 62 yards from HST 35 to CIN 3. D.Meyers to CIN 28 for 25 yards (A.Fisher).PENALTY on CIN-C.Johnson, Offensive Holding, 10 yards, enforced at CIN 28.",3,11,CIN 27,35,-4,Houston Texans,Cincinnati Bengals,3,7,9.5,90.5,227.0,61.0,288.0,162.0,59.0,221.0,game,ML,Cincinnati Bengals,,,polymarket,-810,—,—,,Win,,hit,,,,—,,
2026-09-20T19:22:51.890725+00:00,nfl,2026,2,401872934,4018729342073,2,1:17,"K.Fairbairn kicks 62 yards from HST 35 to CIN 3. D.Meyers to CIN 28 for 25 yards (A.Fisher).PENALTY on CIN-C.Johnson, Offensive Holding, 10 yards, enforced at CIN 28.",3,11,CIN 27,35,-4,Houston Texans,Cincinnati Bengals,3,7,9.5,90.5,227.0,61.0,288.0,162.0,59.0,221.0,game,ML,Houston Texans,,,kalshi,733,—,—,,Loss,,miss,,,,—,,
2026-09-20T19:22:51.890725+00:00,nfl,2026,2,401872934,4018729342107,2,1:12,(Shotgun) J.Burrow pass incomplete short right to T.Higgins [S.Rankins].,1,10,CIN 18,82,-4,Houston Texans,Cincinnati Bengals,3,7,9.5,90.5,227.0,61.0,288.0,162.0,59.0,221.0,game,Spread,Cincinnati Bengals,,-9.5,kalshi,-109,—,—,,-4,,miss,,,,—,,
2026-09-20T19:22:51.890725+00:00,nfl,2026,2,401872934,4018729342107,2,1:12,(Shotgun) J.Burrow pass incomplete short right to T.Higgins [S.Rankins].,1,10,CIN 18,82,-4,Houston Texans,Cincinnati Bengals,3,7,9.5,90.5,227.0,61.0,288.0,162.0,59.0,221.0,game,Spread,Houston Texans,,9.5,kalshi,-171,—,—,,-4,,hit,,,,—,,
2026-09-20T19:22:51.890725+00:00,nfl,2026,2,401872934,4018729342107,2,1:12,(Shotgun) J.Burrow pass incomplete short right to T.Higgins [S.Rankins].,1,10,CIN 18,82,-4,Houston Texans,Cincinnati Bengals,3,7,9.5,90.5,227.0,61.0,288.0,162.0,59.0,221.0,game,Total,Over,,35.5,kalshi,-186,—,—,,10.0,,miss,,,,—,,
2026-09-20T19:22:51.890725+00:00,nfl,2026,2,401872934,4018729342107,2,1:12,(Shotgun) J.Burrow pass incomplete short right to T.Higgins [S.Rankins].,1,10,CIN 18,82,-4,Houston Texans,Cincinnati Bengals,3,7,9.5,90.5,227.0,61.0,288.0,162.0,59.0,221.0,game,Total,Under,,35.5,kalshi,-118,—,—,,10.0,,hit,,,,—,,
2026-09-20T19:22:51.890725+00:00,nfl,2026,2,401872934,4018729342107,2,1:12,(Shotgun) J.Burrow pass incomplete short right to T.Higgins [S.Rankins].,1,10,CIN 18,82,-4,Houston Texans,Cincinnati Bengals,3,7,9.5,90.5,227.0,61.0,288.0,162.0,59.0,221.0,game,ML,Cincinnati Bengals,,,polymarket,-810,—,—,,Win,,hit,,,,—,,
2026-09-20T19:22:51.890725+00:00,nfl,2026,2,401872934,4018729342107,2,1:12,(Shotgun) J.Burrow pass incomplete short right to T.Higgins [S.Rankins].,1,10,CIN 18,82,-4,Houston Texans,Cincinnati Bengals,3,7,9.5,90.5,227.0,61.0,288.0,162.0,59.0,221.0,game,ML,Houston Texans,,,kalshi,733,—,—,,Loss,,miss,,,,—,,
2026-09-20T19:22:51.890725+00:00,nfl,2026,2,401872934,4018729342130,2,1:07,(Shotgun) J.Burrow pass short right to T.Higgins to CIN 28 for 10 yards (A.Al-Shaair).,2,10,CIN 18,82,-4,Houston Texans,Cincinnati Bengals,3,7,9.5,90.5,227.0,61.0,288.0,162.0,59.0,221.0,game,Spread,Cincinnati Bengals,,-9.5,kalshi,-109,—,—,,-4,,miss,,,,—,,
2026-09-20T19:22:51.890725+00:00,nfl,2026,2,401872934,4018729342130,2,1:07,(Shotgun) J.Burrow pass short right to T.Higgins to CIN 28 for 10 yards (A.Al-Shaair).,2,10,CIN 18,82,-4,Houston Texans,Cincinnati Bengals,3,7,9.5,90.5,227.0,61.0,288.0,162.0,59.0,221.0,game,Spread,Houston Texans,,9.5,kalshi,-171,—,—,,-4,,hit,,,,—,,
2026-09-20T19:22:51.890725+00:00,nfl,2026,2,401872934,4018729342130,2,1:07,(Shotgun) J.Burrow pass short right to T.Higgins to CIN 28 for 10 yards (A.Al-Shaair).,2,10,CIN 18,82,-4,Houston Texans,Cincinnati Bengals,3,7,9.5,90.5,227.0,61.0,288.0,162.0,59.0,221.0,game,Total,Over,,35.5,kalshi,-186,—,—,,10.0,,miss,,,,—,,
2026-09-20T19:22:51.890725+00:00,nfl,2026,2,401872934,4018729342130,2,1:07,(Shotgun) J.Burrow pass short right to T.Higgins to CIN 28 for 10 yards (A.Al-Shaair).,2,10,CIN 18,82,-4,Houston Texans,Cincinnati Bengals,3,7,9.5,90.5,227.0,61.0,288.0,162.0,59.0,221.0,game,Total,Under,,35.5,kalshi,-118,—,—,,10.0,,hit,,,,—,,
2026-09-20T19:22:51.890725+00:00,nfl,2026,2,401872934,4018729342130,2,1:07,(Shotgun) J.Burrow pass short right to T.Higgins to CIN 28 for 10 yards (A.Al-Shaair).,2,10,CIN 18,82,-4,Houston Texans,Cincinnati Bengals,3,7,9.5,90.5,227.0,61.0,288.0,162.0,59.0,221.0,game,ML,Cincinnati Bengals,,,polymarket,-810,—,—,,Win,,hit,,,,—,,
2026-09-20T19:22:51.890725+00:00,nfl,2026,2,401872934,4018729342130,2,1:07,(Shotgun) J.Burrow pass short right to T.Higgins to CIN 28 for 10 yards (A.Al-Shaair).,2,10,CIN 18,82,-4,Houston Texans,Cincinnati Bengals,3,7,9.5,90.5,227.0,61.0,288.0,162.0,59.0,221.0,game,ML,Houston Texans,,,kalshi,733,—,—,,Loss,,miss,,,,—,,
2026-09-20T19:22:51.890725+00:00,nfl,2026,2,401872934,4018729342155,2,0:46,"(No Huddle, Shotgun) J.Burrow pass incomplete short right to T.Higgins.",1,10,CIN 28,72,-4,Houston Texans,Cincinnati Bengals,3,7,9.5,90.5,227.0,61.0,288.0,162.0,59.0,221.0,game,Spread,Cincinnati Bengals,,-9.5,kalshi,-109,—,—,,-4,,miss,,,,—,,
2026-09-20T19:22:51.890725+00:00,nfl,2026,2,401872934,4018729342155,2,0:46,"(No Huddle, Shotgun) J.Burrow pass incomplete short right to T.Higgins.",1,10,CIN 28,72,-4,Houston Texans,Cincinnati Bengals,3,7,9.5,90.5,227.0,61.0,288.0,162.0,59.0,221.0,game,Spread,Houston Texans,,9.5,kalshi,-171,—,—,,-4,,hit,,,,—,,
2026-09-20T19:22:51.890725+00:00,nfl,2026,2,401872934,4018729342155,2,0:46,"(No Huddle, Shotgun) J.Burrow pass incomplete short right to T.Higgins.",1,10,CIN 28,72,-4,Houston Texans,Cincinnati Bengals,3,7,9.5,90.5,227.0,61.0,288.0,162.0,59.0,221.0,game,Total,Over,,35.5,kalshi,-186,—,—,,10.0,,miss,,,,—,,
2026-09-20T19:22:51.890725+00:00,nfl,2026,2,401872934,4018729342155,2,0:46,"(No Huddle, Shotgun) J.Burrow pass incomplete short right to T.Higgins.",1,10,CIN 28,72,-4,Houston Texans,Cincinnati Bengals,3,7,9.5,90.5,227.0,61.0,288.0,162.0,59.0,221.0,game,Total,Under,,35.5,kalshi,-118,—,—,,10.0,,hit,,,,—,,
2026-09-20T19:22:51.890725+00:00,nfl,2026,2,401872934,4018729342155,2,0:46,"(No Huddle, Shotgun) J.Burrow pass incomplete short right to T.Higgins.",1,10,CIN 28,72,-4,Houston Texans,Cincinnati Bengals,3,7,9.5,90.5,227.0,61.0,288.0,162.0,59.0,221.0,game,ML,Cincinnati Bengals,,,polymarket,-810,—,—,,Win,,hit,,,,—,,
2026-09-20T19:22:51.890725+00:00,nfl,2026,2,401872934,4018729342155,2,0:46,"(No Huddle, Shotgun) J.Burrow pass incomplete short right to T.Higgins.",1,10,CIN 28,72,-4,Houston Texans,Cincinnati Bengals,3,7,9.5,90.5,227.0,61.0,288.0,162.0,59.0,221.0,game,ML,Houston Texans,,,kalshi,733,—,—,,Loss,,miss,,,,—,,
2026-09-20T19:22:51.890725+00:00,nfl,2026,2,401872934,4018729342178,2,0:42,(Shotgun) J.Burrow sacked at CIN 23 for -5 yards (W.Anderson).,2,10,CIN 28,72,-4,Houston Texans,Cincinnati Bengals,3,7,9.5,90.5,227.0,61.0,288.0,162.0,59.0,221.0,game,Spread,Cincinnati Bengals,,-9.5,kalshi,-109,—,—,,-4,,miss,,,,—,,
2026-09-20T19:22:51.890725+00:00,nfl,2026,2,401872934,4018729342178,2,0:42,(Shotgun) J.Burrow sacked at CIN 23 for -5 yards (W.Anderson).,2,10,CIN 28,72,-4,Houston Texans,Cincinnati Bengals,3,7,9.5,90.5,227.0,61.0,288.0,162.0,59.0,221.0,game,Spread,Houston Texans,,9.5,kalshi,-171,—,—,,-4,,hit,,,,—,,
2026-09-20T19:22:51.890725+00:00,nfl,2026,2,401872934,4018729342178,2,0:42,(Shotgun) J.Burrow sacked at CIN 23 for -5 yards (W.Anderson).,2,10,CIN 28,72,-4,Houston Texans,Cincinnati Bengals,3,7,9.5,90.5,227.0,61.0,288.0,162.0,59.0,221.0,game,Total,Over,,35.5,kalshi,-186,—,—,,10.0,,miss,,,,—,,
2026-09-20T19:22:51.890725+00:00,nfl,2026,2,401872934,4018729342178,2,0:42,(Shotgun) J.Burrow sacked at CIN 23 for -5 yards (W.Anderson).,2,10,CIN 28,72,-4,Houston Texans,Cincinnati Bengals,3,7,9.5,90.5,227.0,61.0,288.0,162.0,59.0,221.0,game,Total,Under,,35.5,kalshi,-118,—,—,,10.0,,hit,,,,—,,
2026-09-20T19:22:51.890725+00:00,nfl,2026,2,401872934,4018729342178,2,0:42,(Shotgun) J.Burrow sacked at CIN 23 for -5 yards (W.Anderson).,2,10,CIN 28,72,-4,Houston Texans,Cincinnati Bengals,3,7,9.5,90.5,227.0,61.0,288.0,162.0,59.0,221.0,game,ML,Cincinnati Bengals,,,polymarket,-810,—,—,,Win,,hit,,,,—,,
2026-09-20T19:22:51.890725+00:00,nfl,2026,2,401872934,4018729342178,2,0:42,(Shotgun) J.Burrow sacked at CIN 23 for -5 yards (W.Anderson).,2,10,CIN 28,72,-4,Houston Texans,Cincinnati Bengals,3,7,9.5,90.5,227.0,61.0,288.0,162.0,59.0,221.0,game,ML,Houston Texans,,,kalshi,733,—,—,,Loss,,miss,,,,—,,
2026-09-20T19:22:51.890725+00:00,nfl,2026,2,401872934,4018729342188,2,0:36,Timeout #1 by HST at 00:36.,3,15,CIN 23,77,-4,Houston Texans,Cincinnati Bengals,3,7,9.5,90.5,227.0,61.0,288.0,162.0,59.0,221.0,game,Spread,Cincinnati Bengals,,-9.5,kalshi,-109,—,—,,-4,,miss,,,,—,,
2026-09-20T19:22:51.890725+00:00,nfl,2026,2,401872934,4018729342188,2,0:36,Timeout #1 by HST at 00:36.,3,15,CIN 23,77,-4,Houston Texans,Cincinnati Bengals,3,7,9.5,90.5,227.0,61.0,288.0,162.0,59.0,221.0,game,Spread,Houston Texans,,9.5,kalshi,-171,—,—,,-4,,hit,,,,—,,
2026-09-20T19:22:51.890725+00:00,nfl,2026,2,401872934,4018729342188,2,0:36,Timeout #1 by HST at 00:36.,3,15,CIN 23,77,-4,Houston Texans,Cincinnati Bengals,3,7,9.5,90.5,227.0,61.0,288.0,162.0,59.0,221.0,game,Total,Over,,35.5,kalshi,-186,—,—,,10.0,,miss,,,,—,,
2026-09-20T19:22:51.890725+00:00,nfl,2026,2,401872934,4018729342188,2,0:36,Timeout #1 by HST at 00:36.,3,15,CIN 23,77,-4,Houston Texans,Cincinnati Bengals,3,7,9.5,90.5,227.0,61.0,288.0,162.0,59.0,221.0,game,Total,Under,,35.5,kalshi,-118,—,—,,10.0,,hit,,,,—,,
2026-09-20T19:22:51.890725+00:00,nfl,2026,2,401872934,4018729342188,2,0:36,Timeout #1 by HST at 00:36.,3,15,CIN 23,77,-4,Houston Texans,Cincinnati Bengals,3,7,9.5,90.5,227.0,61.0,288.0,162.0,59.0,221.0,game,ML,Cincinnati Bengals,,,polymarket,-810,—,—,,Win,,hit,,,,—,,
2026-09-20T19:22:51.890725+00:00,nfl,2026,2,401872934,4018729342188,2,0:36,Timeout #1 by HST at 00:36.,3,15,CIN 23,77,-4,Houston Texans,Cincinnati Bengals,3,7,9.5,90.5,227.0,61.0,288.0,162.0,59.0,221.0,game,ML,Houston Texans,,,kalshi,733,—,—,,Loss,,miss,,,,—,,
2026-09-20T19:22:51.890725+00:00,nfl,2026,2,401872934,4018729342198,2,0:36,(Shotgun) C.Brown up the middle to CIN 28 for 5 yards (S.Rankins; J.Hansen).,3,15,CIN 23,77,-4,Houston Texans,Cincinnati Bengals,3,7,9.5,90.5,227.0,61.0,288.0,162.0,59.0,221.0,game,Spread,Cincinnati Bengals,,-9.5,kalshi,-109,—,—,,-4,,miss,,,,—,,
2026-09-20T19:22:51.890725+00:00,nfl,2026,2,401872934,4018729342198,2,0:36,(Shotgun) C.Brown up the middle to CIN 28 for 5 yards (S.Rankins; J.Hansen).,3,15,CIN 23,77,-4,Houston Texans,Cincinnati Bengals,3,7,9.5,90.5,227.0,61.0,288.0,162.0,59.0,221.0,game,Spread,Houston Texans,,9.5,kalshi,-171,—,—,,-4,,hit,,,,—,,
2026-09-20T19:22:51.890725+00:00,nfl,2026,2,401872934,4018729342198,2,0:36,(Shotgun) C.Brown up the middle to CIN 28 for 5 yards (S.Rankins; J.Hansen).,3,15,CIN 23,77,-4,Houston Texans,Cincinnati Bengals,3,7,9.5,90.5,227.0,61.0,288.0,162.0,59.0,221.0,game,Total,Over,,35.5,kalshi,-186,—,—,,10.0,,miss,,,,—,,
2026-09-20T19:22:51.890725+00:00,nfl,2026,2,401872934,4018729342198,2,0:36,(Shotgun) C.Brown up the middle to CIN 28 for 5 yards (S.Rankins; J.Hansen).,3,15,CIN 23,77,-4,Houston Texans,Cincinnati Bengals,3,7,9.5,90.5,227.0,61.0,288.0,162.0,59.0,221.0,game,Total,Under,,35.5,kalshi,-118,—,—,,10.0,,hit,,,,—,,
2026-09-20T19:22:51.890725+00:00,nfl,2026,2,401872934,4018729342198,2,0:36,(Shotgun) C.Brown up the middle to CIN 28 for 5 yards (S.Rankins; J.Hansen).,3,15,CIN 23,77,-4,Houston Texans,Cincinnati Bengals,3,7,9.5,90.5,227.0,61.0,288.0,162.0,59.0,221.0,game,ML,Cincinnati Bengals,,,polymarket,-810,—,—,,Win,,hit,,,,—,,
2026-09-20T19:22:51.890725+00:00,nfl,2026,2,401872934,4018729342198,2,0:36,(Shotgun) C.Brown up the middle to CIN 28 for 5 yards (S.Rankins; J.Hansen).,3,15,CIN 23,77,-4,Houston Texans,Cincinnati Bengals,3,7,9.5,90.5,227.0,61.0,288.0,162.0,59.0,221.0,game,ML,Houston Texans,,,kalshi,733,—,—,,Loss,,miss,,,,—,,
2026-09-20T19:22:51.890725+00:00,nfl,2026,2,401872934,4018729342213,2,0:31,Timeout #2 by HST at 00:31.,4,10,CIN 28,72,-4,Houston Texans,Cincinnati Bengals,3,7,9.5,90.5,227.0,61.0,288.0,162.0,59.0,221.0,game,Spread,Cincinnati Bengals,,-9.5,kalshi,-109,—,—,,-4,,miss,,,,—,,
2026-09-20T19:22:51.890725+00:00,nfl,2026,2,401872934,4018729342213,2,0:31,Timeout #2 by HST at 00:31.,4,10,CIN 28,72,-4,Houston Texans,Cincinnati Bengals,3,7,9.5,90.5,227.0,61.0,288.0,162.0,59.0,221.0,game,Spread,Houston Texans,,9.5,kalshi,-171,—,—,,-4,,hit,,,,—,,
2026-09-20T19:22:51.890725+00:00,nfl,2026,2,401872934,4018729342213,2,0:31,Timeout #2 by HST at 00:31.,4,10,CIN 28,72,-4,Houston Texans,Cincinnati Bengals,3,7,9.5,90.5,227.0,61.0,288.0,162.0,59.0,221.0,game,Total,Over,,35.5,kalshi,-186,—,—,,10.0,,miss,,,,—,,
2026-09-20T19:22:51.890725+00:00,nfl,2026,2,401872934,4018729342213,2,0:31,Timeout #2 by HST at 00:31.,4,10,CIN 28,72,-4,Houston Texans,Cincinnati Bengals,3,7,9.5,90.5,227.0,61.0,288.0,162.0,59.0,221.0,game,Total,Under,,35.5,kalshi,-118,—,—,,10.0,,hit,,,,—,,
2026-09-20T19:22:51.890725+00:00,nfl,2026,2,401872934,4018729342213,2,0:31,Timeout #2 by HST at 00:31.,4,10,CIN 28,72,-4,Houston Texans,Cincinnati Bengals,3,7,9.5,90.5,227.0,61.0,288.0,162.0,59.0,221.0,game,ML,Cincinnati Bengals,,,polymarket,-810,—,—,,Win,,hit,,,,—,,
2026-09-20T19:22:51.890725+00:00,nfl,2026,2,401872934,4018729342213,2,0:31,Timeout #2 by HST at 00:31.,4,10,CIN 28,72,-4,Houston Texans,Cincinnati Bengals,3,7,9.5,90.5,227.0,61.0,288.0,162.0,59.0,221.0,game,ML,Houston Texans,,,kalshi,733,—,—,,Loss,,miss,,,,—,,
2026-09-20T19:22:51.890725+00:00,nfl,2026,2,401872934,4018729342227,2,0:31,"R.Rehkow punts 58 yards to HST 14, Center-W.Wagner. J.Noel to HST 24 for 10 yards (D.Ivey; J.Giles-Harris).",4,10,CIN 28,72,-4,Houston Texans,Cincinnati Bengals,3,7,9.5,90.5,227.0,61.0,288.0,162.0,59.0,221.0,game,Spread,Cincinnati Bengals,,-9.5,kalshi,-109,—,—,,-4,,miss,,,,—,,
2026-09-20T19:22:51.890725+00:00,nfl,2026,2,401872934,4018729342227,2,0:31,"R.Rehkow punts 58 yards to HST 14, Center-W.Wagner. J.Noel to HST 24 for 10 yards (D.Ivey; J.Giles-Harris).",4,10,CIN 28,72,-4,Houston Texans,Cincinnati Bengals,3,7,9.5,90.5,227.0,61.0,288.0,162.0,59.0,221.0,game,Spread,Houston Texans,,9.5,kalshi,-171,—,—,,-4,,hit,,,,—,,
2026-09-20T19:22:51.890725+00:00,nfl,2026,2,401872934,4018729342227,2,0:31,"R.Rehkow punts 58 yards to HST 14, Center-W.Wagner. J.Noel to HST 24 for 10 yards (D.Ivey; J.Giles-Harris).",4,10,CIN 28,72,-4,Houston Texans,Cincinnati Bengals,3,7,9.5,90.5,227.0,61.0,288.0,162.0,59.0,221.0,game,Total,Over,,35.5,kalshi,-186,—,—,,10.0,,miss,,,,—,,
2026-09-20T19:22:51.890725+00:00,nfl,2026,2,401872934,4018729342227,2,0:31,"R.Rehkow punts 58 yards to HST 14, Center-W.Wagner. J.Noel to HST 24 for 10 yards (D.Ivey; J.Giles-Harris).",4,10,CIN 28,72,-4,Houston Texans,Cincinnati Bengals,3,7,9.5,90.5,227.0,61.0,288.0,162.0,59.0,221.0,game,Total,Under,,35.5,kalshi,-118,—,—,,10.0,,hit,,,,—,,
2026-09-20T19:22:51.890725+00:00,nfl,2026,2,401872934,4018729342227,2,0:31,"R.Rehkow punts 58 yards to HST 14, Center-W.Wagner. J.Noel to HST 24 for 10 yards (D.Ivey; J.Giles-Harris).",4,10,CIN 28,72,-4,Houston Texans,Cincinnati Bengals,3,7,9.5,90.5,227.0,61.0,288.0,162.0,59.0,221.0,game,ML,Cincinnati Bengals,,,polymarket,-810,—,—,,Win,,hit,,,,—,,
2026-09-20T19:22:51.890725+00:00,nfl,2026,2,401872934,4018729342227,2,0:31,"R.Rehkow punts 58 yards to HST 14, Center-W.Wagner. J.Noel to HST 24 for 10 yards (D.Ivey; J.Giles-Harris).",4,10,CIN 28,72,-4,Houston Texans,Cincinnati Bengals,3,7,9.5,90.5,227.0,61.0,288.0,162.0,59.0,221.0,game,ML,Houston Texans,,,kalshi,733,—,—,,Loss,,miss,,,,—,,
2026-09-20T19:22:51.890725+00:00,nfl,2026,2,401872934,4018729342260,2,0:21,(Shotgun) C.Stroud pass short left to J.Wayne to HST 42 for 18 yards (D.Hill).,1,10,HOU 24,24,-4,Houston Texans,Cincinnati Bengals,3,7,9.5,90.5,227.0,61.0,288.0,162.0,59.0,221.0,game,Spread,Cincinnati Bengals,,-9.5,kalshi,-109,—,—,,-4,,miss,,,,—,,
2026-09-20T19:22:51.890725+00:00,nfl,2026,2,401872934,4018729342260,2,0:21,(Shotgun) C.Stroud pass short left to J.Wayne to HST 42 for 18 yards (D.Hill).,1,10,HOU 24,24,-4,Houston Texans,Cincinnati Bengals,3,7,9.5,90.5,227.0,61.0,288.0,162.0,59.0,221.0,game,Spread,Houston Texans,,9.5,kalshi,-171,—,—,,-4,,hit,,,,—,,
2026-09-20T19:22:51.890725+00:00,nfl,2026,2,401872934,4018729342260,2,0:21,(Shotgun) C.Stroud pass short left to J.Wayne to HST 42 for 18 yards (D.Hill).,1,10,HOU 24,24,-4,Houston Texans,Cincinnati Bengals,3,7,9.5,90.5,227.0,61.0,288.0,162.0,59.0,221.0,game,Total,Over,,35.5,kalshi,-186,—,—,,10.0,,miss,,,,—,,
2026-09-20T19:22:51.890725+00:00,nfl,2026,2,401872934,4018729342260,2,0:21,(Shotgun) C.Stroud pass short left to J.Wayne to HST 42 for 18 yards (D.Hill).,1,10,HOU 24,24,-4,Houston Texans,Cincinnati Bengals,3,7,9.5,90.5,227.0,61.0,288.0,162.0,59.0,221.0,game,Total,Under,,35.5,kalshi,-118,—,—,,10.0,,hit,,,,—,,
2026-09-20T19:22:51.890725+00:00,nfl,2026,2,401872934,4018729342260,2,0:21,(Shotgun) C.Stroud pass short left to J.Wayne to HST 42 for 18 yards (D.Hill).,1,10,HOU 24,24,-4,Houston Texans,Cincinnati Bengals,3,7,9.5,90.5,227.0,61.0,288.0,162.0,59.0,221.0,game,ML,Cincinnati Bengals,,,polymarket,-810,—,—,,Win,,hit,,,,—,,
2026-09-20T19:22:51.890725+00:00,nfl,2026,2,401872934,4018729342260,2,0:21,(Shotgun) C.Stroud pass short left to J.Wayne to HST 42 for 18 yards (D.Hill).,1,10,HOU 24,24,-4,Houston Texans,Cincinnati Bengals,3,7,9.5,90.5,227.0,61.0,288.0,162.0,59.0,221.0,game,ML,Houston Texans,,,kalshi,733,—,—,,Loss,,miss,,,,—,,
2026-09-20T19:22:51.890725+00:00,nfl,2026,2,401872934,4018729342273,2,0:14,Timeout #3 by HST at 00:14.,1,10,HOU 42,42,-4,Houston Texans,Cincinnati Bengals,3,7,9.5,90.5,227.0,61.0,288.0,162.0,59.0,221.0,game,Spread,Cincinnati Bengals,,-9.5,kalshi,-109,—,—,,-4,,miss,,,,—,,
2026-09-20T19:22:51.890725+00:00,nfl,2026,2,401872934,4018729342273,2,0:14,Timeout #3 by HST at 00:14.,1,10,HOU 42,42,-4,Houston Texans,Cincinnati Bengals,3,7,9.5,90.5,227.0,61.0,288.0,162.0,59.0,221.0,game,Spread,Houston Texans,,9.5,kalshi,-171,—,—,,-4,,hit,,,,—,,
2026-09-20T19:22:51.890725+00:00,nfl,2026,2,401872934,4018729342273,2,0:14,Timeout #3 by HST at 00:14.,1,10,HOU 42,42,-4,Houston Texans,Cincinnati Bengals,3,7,9.5,90.5,227.0,61.0,288.0,162.0,59.0,221.0,game,Total,Over,,35.5,kalshi,-186,—,—,,10.0,,miss,,,,—,,
2026-09-20T19:22:51.890725+00:00,nfl,2026,2,401872934,4018729342273,2,0:14,Timeout #3 by HST at 00:14.,1,10,HOU 42,42,-4,Houston Texans,Cincinnati Bengals,3,7,9.5,90.5,227.0,61.0,288.0,162.0,59.0,221.0,game,Total,Under,,35.5,kalshi,-118,—,—,,10.0,,hit,,,,—,,
2026-09-20T19:22:51.890725+00:00,nfl,2026,2,401872934,4018729342273,2,0:14,Timeout #3 by HST at 00:14.,1,10,HOU 42,42,-4,Houston Texans,Cincinnati Bengals,3,7,9.5,90.5,227.0,61.0,288.0,162.0,59.0,221.0,game,ML,Cincinnati Bengals,,,polymarket,-810,—,—,,Win,,hit,,,,—,,
2026-09-20T19:22:51.890725+00:00,nfl,2026,2,401872934,4018729342273,2,0:14,Timeout #3 by HST at 00:14.,1,10,HOU 42,42,-4,Houston Texans,Cincinnati Bengals,3,7,9.5,90.5,227.0,61.0,288.0,162.0,59.0,221.0,game,ML,Houston Texans,,,kalshi,733,—,—,,Loss,,miss,,,,—,,
2026-09-20T19:22:51.890725+00:00,nfl,2026,2,401872934,4018729342285,2,0:14,"(Shotgun) C.Stroud pass incomplete short right.PENALTY on CIN-T.Davis, Illegal Contact, 5 yards, enforced at HST 42 - No Play.",1,10,HOU 42,42,-4,Houston Texans,Cincinnati Bengals,3,7,9.5,90.5,227.0,61.0,288.0,162.0,59.0,221.0,game,Spread,Cincinnati Bengals,,-9.5,kalshi,-109,—,—,,-4,,miss,,,,—,,
2026-09-20T19:22:51.890725+00:00,nfl,2026,2,401872934,4018729342285,2,0:14,"(Shotgun) C.Stroud pass incomplete short right.PENALTY on CIN-T.Davis, Illegal Contact, 5 yards, enforced at HST 42 - No Play.",1,10,HOU 42,42,-4,Houston Texans,Cincinnati Bengals,3,7,9.5,90.5,227.0,61.0,288.0,162.0,59.0,221.0,game,Spread,Houston Texans,,9.5,kalshi,-171,—,—,,-4,,hit,,,,—,,
2026-09-20T19:22:51.890725+00:00,nfl,2026,2,401872934,4018729342285,2,0:14,"(Shotgun) C.Stroud pass incomplete short right.PENALTY on CIN-T.Davis, Illegal Contact, 5 yards, enforced at HST 42 - No Play.",1,10,HOU 42,42,-4,Houston Texans,Cincinnati Bengals,3,7,9.5,90.5,227.0,61.0,288.0,162.0,59.0,221.0,game,Total,Over,,35.5,kalshi,-186,—,—,,10.0,,miss,,,,—,,
2026-09-20T19:22:51.890725+00:00,nfl,2026,2,401872934,4018729342285,2,0:14,"(Shotgun) C.Stroud pass incomplete short right.PENALTY on CIN-T.Davis, Illegal Contact, 5 yards, enforced at HST 42 - No Play.",1,10,HOU 42,42,-4,Houston Texans,Cincinnati Bengals,3,7,9.5,90.5,227.0,61.0,288.0,162.0,59.0,221.0,game,Total,Under,,35.5,kalshi,-118,—,—,,10.0,,hit,,,,—,,
2026-09-20T19:22:51.890725+00:00,nfl,2026,2,401872934,4018729342285,2,0:14,"(Shotgun) C.Stroud pass incomplete short right.PENALTY on CIN-T.Davis, Illegal Contact, 5 yards, enforced at HST 42 - No Play.",1,10,HOU 42,42,-4,Houston Texans,Cincinnati Bengals,3,7,9.5,90.5,227.0,61.0,288.0,162.0,59.0,221.0,game,ML,Cincinnati Bengals,,,polymarket,-810,—,—,,Win,,hit,,,,—,,
2026-09-20T19:22:51.890725+00:00,nfl,2026,2,401872934,4018729342285,2,0:14,"(Shotgun) C.Stroud pass incomplete short right.PENALTY on CIN-T.Davis, Illegal Contact, 5 yards, enforced at HST 42 - No Play.",1,10,HOU 42,42,-4,Houston Texans,Cincinnati Bengals,3,7,9.5,90.5,227.0,61.0,288.0,162.0,59.0,221.0,game,ML,Houston Texans,,,kalshi,733,—,—,,Loss,,miss,,,,—,,
2026-09-20T19:22:51.890725+00:00,nfl,2026,2,401872934,4018729342329,2,0:08,(Shotgun) C.Stroud pass incomplete short left to J.Noel.,1,10,HOU 47,47,-4,Houston Texans,Cincinnati Bengals,3,7,9.5,90.5,227.0,61.0,288.0,162.0,59.0,221.0,game,Spread,Cincinnati Bengals,,-9.5,kalshi,-109,—,—,,-4,,miss,,,,—,,
2026-09-20T19:22:51.890725+00:00,nfl,2026,2,401872934,4018729342329,2,0:08,(Shotgun) C.Stroud pass incomplete short left to J.Noel.,1,10,HOU 47,47,-4,Houston Texans,Cincinnati Bengals,3,7,9.5,90.5,227.0,61.0,288.0,162.0,59.0,221.0,game,Spread,Houston Texans,,9.5,kalshi,-171,—,—,,-4,,hit,,,,—,,
2026-09-20T19:22:51.890725+00:00,nfl,2026,2,401872934,4018729342329,2,0:08,(Shotgun) C.Stroud pass incomplete short left to J.Noel.,1,10,HOU 47,47,-4,Houston Texans,Cincinnati Bengals,3,7,9.5,90.5,227.0,61.0,288.0,162.0,59.0,221.0,game,Total,Over,,35.5,kalshi,-186,—,—,,10.0,,miss,,,,—,,
2026-09-20T19:22:51.890725+00:00,nfl,2026,2,401872934,4018729342329,2,0:08,(Shotgun) C.Stroud pass incomplete short left to J.Noel.,1,10,HOU 47,47,-4,Houston Texans,Cincinnati Bengals,3,7,9.5,90.5,227.0,61.0,288.0,162.0,59.0,221.0,game,Total,Under,,35.5,kalshi,-118,—,—,,10.0,,hit,,,,—,,
2026-09-20T19:22:51.890725+00:00,nfl,2026,2,401872934,4018729342329,2,0:08,(Shotgun) C.Stroud pass incomplete short left to J.Noel.,1,10,HOU 47,47,-4,Houston Texans,Cincinnati Bengals,3,7,9.5,90.5,227.0,61.0,288.0,162.0,59.0,221.0,game,ML,Cincinnati Bengals,,,polymarket,-810,—,—,,Win,,hit,,,,—,,
2026-09-20T19:22:51.890725+00:00,nfl,2026,2,401872934,4018729342329,2,0:08,(Shotgun) C.Stroud pass incomplete short left to J.Noel.,1,10,HOU 47,47,-4,Houston Texans,Cincinnati Bengals,3,7,9.5,90.5,227.0,61.0,288.0,162.0,59.0,221.0,game,ML,Houston Texans,,,kalshi,733,—,—,,Loss,,miss,,,,—,,
2026-09-20T19:22:51.890725+00:00,nfl,2026,2,401872934,4018729342352,2,0:04,(Shotgun) C.Stroud pass incomplete short right.,2,10,HOU 47,47,-4,Houston Texans,Cincinnati Bengals,3,7,9.5,90.5,227.0,61.0,288.0,162.0,59.0,221.0,game,Spread,Cincinnati Bengals,,-9.5,kalshi,-109,—,—,,-4,,miss,,,,—,,
2026-09-20T19:22:51.890725+00:00,nfl,2026,2,401872934,4018729342352,2,0:04,(Shotgun) C.Stroud pass incomplete short right.,2,10,HOU 47,47,-4,Houston Texans,Cincinnati Bengals,3,7,9.5,90.5,227.0,61.0,288.0,162.0,59.0,221.0,game,Spread,Houston Texans,,9.5,kalshi,-171,—,—,,-4,,hit,,,,—,,
2026-09-20T19:22:51.890725+00:00,nfl,2026,2,401872934,4018729342352,2,0:04,(Shotgun) C.Stroud pass incomplete short right.,2,10,HOU 47,47,-4,Houston Texans,Cincinnati Bengals,3,7,9.5,90.5,227.0,61.0,288.0,162.0,59.0,221.0,game,Total,Over,,35.5,kalshi,-186,—,—,,10.0,,miss,,,,—,,
2026-09-20T19:22:51.890725+00:00,nfl,2026,2,401872934,4018729342352,2,0:04,(Shotgun) C.Stroud pass incomplete short right.,2,10,HOU 47,47,-4,Houston Texans,Cincinnati Bengals,3,7,9.5,90.5,227.0,61.0,288.0,162.0,59.0,221.0,game,Total,Under,,35.5,kalshi,-118,—,—,,10.0,,hit,,,,—,,
2026-09-20T19:22:51.890725+00:00,nfl,2026,2,401872934,4018729342352,2,0:04,(Shotgun) C.Stroud pass incomplete short right.,2,10,HOU 47,47,-4,Houston Texans,Cincinnati Bengals,3,7,9.5,90.5,227.0,61.0,288.0,162.0,59.0,221.0,game,ML,Cincinnati Bengals,,,polymarket,-810,—,—,,Win,,hit,,,,—,,
2026-09-20T19:22:51.890725+00:00,nfl,2026,2,401872934,4018729342352,2,0:04,(Shotgun) C.Stroud pass incomplete short right.,2,10,HOU 47,47,-4,Houston Texans,Cincinnati Bengals,3,7,9.5,90.5,227.0,61.0,288.0,162.0,59.0,221.0,game,ML,Houston Texans,,,kalshi,733,—,—,,Loss,,miss,,,,—,,
2026-09-20T19:22:51.890725+00:00,nfl,2026,2,401872934,4018729342375,2,0:00,END QUARTER 2,3,11,CIN 27,47,-4,Houston Texans,Cincinnati Bengals,3,7,9.5,90.5,227.0,61.0,288.0,162.0,59.0,221.0,game,Spread,Cincinnati Bengals,,-9.5,kalshi,-109,—,—,,-4,,miss,,,,—,,
2026-09-20T19:22:51.890725+00:00,nfl,2026,2,401872934,4018729342375,2,0:00,END QUARTER 2,3,11,CIN 27,47,-4,Houston Texans,Cincinnati Bengals,3,7,9.5,90.5,227.0,61.0,288.0,162.0,59.0,221.0,game,Spread,Houston Texans,,9.5,kalshi,-171,—,—,,-4,,hit,,,,—,,
2026-09-20T19:22:51.890725+00:00,nfl,2026,2,401872934,4018729342375,2,0:00,END QUARTER 2,3,11,CIN 27,47,-4,Houston Texans,Cincinnati Bengals,3,7,9.5,90.5,227.0,61.0,288.0,162.0,59.0,221.0,game,Total,Over,,35.5,kalshi,-186,—,—,,10.0,,miss,,,,—,,
2026-09-20T19:22:51.890725+00:00,nfl,2026,2,401872934,4018729342375,2,0:00,END QUARTER 2,3,11,CIN 27,47,-4,Houston Texans,Cincinnati Bengals,3,7,9.5,90.5,227.0,61.0,288.0,162.0,59.0,221.0,game,Total,Under,,35.5,kalshi,-118,—,—,,10.0,,hit,,,,—,,
2026-09-20T19:22:51.890725+00:00,nfl,2026,2,401872934,4018729342375,2,0:00,END QUARTER 2,3,11,CIN 27,47,-4,Houston Texans,Cincinnati Bengals,3,7,9.5,90.5,227.0,61.0,288.0,162.0,59.0,221.0,game,ML,Cincinnati Bengals,,,polymarket,-810,—,—,,Win,,hit,,,,—,,
2026-09-20T19:22:51.890725+00:00,nfl,2026,2,401872934,4018729342375,2,0:00,END QUARTER 2,3,11,CIN 27,47,-4,Houston Texans,Cincinnati Bengals,3,7,9.5,90.5,227.0,61.0,288.0,162.0,59.0,221.0,game,ML,Houston Texans,,,kalshi,733,—,—,,Loss,,miss,,,,—,,
2026-09-20T19:22:51.890725+00:00,nfl,2026,2,401872934,4018729342395,3,15:00,E.McPherson kicks 60 yards from CIN 35 to HST 5. J.Noel to HST 36 for 31 yards (T.Davis; P.Jules).,3,11,CIN 27,65,-4,Houston Texans,Cincinnati Bengals,3,7,9.5,90.5,227.0,61.0,288.0,162.0,59.0,221.0,game,Spread,Cincinnati Bengals,,-9.5,kalshi,-109,—,—,,-4,,miss,,,,—,,
2026-09-20T19:22:51.890725+00:00,nfl,2026,2,401872934,4018729342395,3,15:00,E.McPherson kicks 60 yards from CIN 35 to HST 5. J.Noel to HST 36 for 31 yards (T.Davis; P.Jules).,3,11,CIN 27,65,-4,Houston Texans,Cincinnati Bengals,3,7,9.5,90.5,227.0,61.0,288.0,162.0,59.0,221.0,game,Spread,Houston Texans,,9.5,kalshi,-171,—,—,,-4,,hit,,,,—,,
2026-09-20T19:22:51.890725+00:00,nfl,2026,2,401872934,4018729342395,3,15:00,E.McPherson kicks 60 yards from CIN 35 to HST 5. J.Noel to HST 36 for 31 yards (T.Davis; P.Jules).,3,11,CIN 27,65,-4,Houston Texans,Cincinnati Bengals,3,7,9.5,90.5,227.0,61.0,288.0,162.0,59.0,221.0,game,Total,Over,,35.5,kalshi,-186,—,—,,10.0,,miss,,,,—,,
2026-09-20T19:22:51.890725+00:00,nfl,2026,2,401872934,4018729342395,3,15:00,E.McPherson kicks 60 yards from CIN 35 to HST 5. J.Noel to HST 36 for 31 yards (T.Davis; P.Jules).,3,11,CIN 27,65,-4,Houston Texans,Cincinnati Bengals,3,7,9.5,90.5,227.0,61.0,288.0,162.0,59.0,221.0,game,Total,Under,,35.5,kalshi,-118,—,—,,10.0,,hit,,,,—,,
2026-09-20T19:22:51.890725+00:00,nfl,2026,2,401872934,4018729342395,3,15:00,E.McPherson kicks 60 yards from CIN 35 to HST 5. J.Noel to HST 36 for 31 yards (T.Davis; P.Jules).,3,11,CIN 27,65,-4,Houston Texans,Cincinnati Bengals,3,7,9.5,90.5,227.0,61.0,288.0,162.0,59.0,221.0,game,ML,Cincinnati Bengals,,,polymarket,-810,—,—,,Win,,hit,,,,—,,
2026-09-20T19:22:51.890725+00:00,nfl,2026,2,401872934,4018729342395,3,15:00,E.McPherson kicks 60 yards from CIN 35 to HST 5. J.Noel to HST 36 for 31 yards (T.Davis; P.Jules).,3,11,CIN 27,65,-4,Houston Texans,Cincinnati Bengals,3,7,9.5,90.5,227.0,61.0,288.0,162.0,59.0,221.0,game,ML,Houston Texans,,,kalshi,733,—,—,,Loss,,miss,,,,—,,
2026-09-20T19:22:51.890725+00:00,nfl,2026,2,401872934,4018729342421,3,14:54,(Shotgun) C.Stroud pass incomplete short middle to X.Hutchinson (D.Turner).,1,10,HOU 36,36,-4,Houston Texans,Cincinnati Bengals,3,7,9.5,90.5,227.0,61.0,288.0,162.0,59.0,221.0,game,Spread,Cincinnati Bengals,,-9.5,kalshi,-109,—,—,,-4,,miss,,,,—,,
2026-09-20T19:22:51.890725+00:00,nfl,2026,2,401872934,4018729342421,3,14:54,(Shotgun) C.Stroud pass incomplete short middle to X.Hutchinson (D.Turner).,1,10,HOU 36,36,-4,Houston Texans,Cincinnati Bengals,3,7,9.5,90.5,227.0,61.0,288.0,162.0,59.0,221.0,game,Spread,Houston Texans,,9.5,kalshi,-171,—,—,,-4,,hit,,,,—,,
2026-09-20T19:22:51.890725+00:00,nfl,2026,2,401872934,4018729342421,3,14:54,(Shotgun) C.Stroud pass incomplete short middle to X.Hutchinson (D.Turner).,1,10,HOU 36,36,-4,Houston Texans,Cincinnati Bengals,3,7,9.5,90.5,227.0,61.0,288.0,162.0,59.0,221.0,game,Total,Over,,35.5,kalshi,-186,—,—,,10.0,,miss,,,,—,,
2026-09-20T19:22:51.890725+00:00,nfl,2026,2,401872934,4018729342421,3,14:54,(Shotgun) C.Stroud pass incomplete short middle to X.Hutchinson (D.Turner).,1,10,HOU 36,36,-4,Houston Texans,Cincinnati Bengals,3,7,9.5,90.5,227.0,61.0,288.0,162.0,59.0,221.0,game,Total,Under,,35.5,kalshi,-118,—,—,,10.0,,hit,,,,—,,
2026-09-20T19:22:51.890725+00:00,nfl,2026,2,401872934,4018729342421,3,14:54,(Shotgun) C.Stroud pass incomplete short middle to X.Hutchinson (D.Turner).,1,10,HOU 36,36,-4,Houston Texans,Cincinnati Bengals,3,7,9.5,90.5,227.0,61.0,288.0,162.0,59.0,221.0,game,ML,Cincinnati Bengals,,,polymarket,-810,—,—,,Win,,hit,,,,—,,
2026-09-20T19:22:51.890725+00:00,nfl,2026,2,401872934,4018729342421,3,14:54,(Shotgun) C.Stroud pass incomplete short middle to X.Hutchinson (D.Turner).,1,10,HOU 36,36,-4,Houston Texans,Cincinnati Bengals,3,7,9.5,90.5,227.0,61.0,288.0,162.0,59.0,221.0,game,ML,Houston Texans,,,kalshi,733,—,—,,Loss,,miss,,,,—,,
2026-09-20T19:22:51.890725+00:00,nfl,2026,2,401872934,4018729342444,3,14:49,(Shotgun) C.Stroud pass incomplete short right to J.Noel (D.Hill).,2,10,HOU 36,36,-4,Houston Texans,Cincinnati Bengals,3,7,9.5,90.5,227.0,61.0,288.0,162.0,59.0,221.0,game,Spread,Cincinnati Bengals,,-9.5,kalshi,-109,—,—,,-4,,miss,,,,—,,
2026-09-20T19:22:51.890725+00:00,nfl,2026,2,401872934,4018729342444,3,14:49,(Shotgun) C.Stroud pass incomplete short right to J.Noel (D.Hill).,2,10,HOU 36,36,-4,Houston Texans,Cincinnati Bengals,3,7,9.5,90.5,227.0,61.0,288.0,162.0,59.0,221.0,game,Spread,Houston Texans,,9.5,kalshi,-171,—,—,,-4,,hit,,,,—,,
2026-09-20T19:22:51.890725+00:00,nfl,2026,2,401872934,4018729342444,3,14:49,(Shotgun) C.Stroud pass incomplete short right to J.Noel (D.Hill).,2,10,HOU 36,36,-4,Houston Texans,Cincinnati Bengals,3,7,9.5,90.5,227.0,61.0,288.0,162.0,59.0,221.0,game,Total,Over,,35.5,kalshi,-186,—,—,,10.0,,miss,,,,—,,
2026-09-20T19:22:51.890725+00:00,nfl,2026,2,401872934,4018729342444,3,14:49,(Shotgun) C.Stroud pass incomplete short right to J.Noel (D.Hill).,2,10,HOU 36,36,-4,Houston Texans,Cincinnati Bengals,3,7,9.5,90.5,227.0,61.0,288.0,162.0,59.0,221.0,game,Total,Under,,35.5,kalshi,-118,—,—,,10.0,,hit,,,,—,,
2026-09-20T19:22:51.890725+00:00,nfl,2026,2,401872934,4018729342444,3,14:49,(Shotgun) C.Stroud pass incomplete short right to J.Noel (D.Hill).,2,10,HOU 36,36,-4,Houston Texans,Cincinnati Bengals,3,7,9.5,90.5,227.0,61.0,288.0,162.0,59.0,221.0,game,ML,Cincinnati Bengals,,,polymarket,-810,—,—,,Win,,hit,,,,—,,
2026-09-20T19:22:51.890725+00:00,nfl,2026,2,401872934,4018729342444,3,14:49,(Shotgun) C.Stroud pass incomplete short right to J.Noel (D.Hill).,2,10,HOU 36,36,-4,Houston Texans,Cincinnati Bengals,3,7,9.5,90.5,227.0,61.0,288.0,162.0,59.0,221.0,game,ML,Houston Texans,,,kalshi,733,—,—,,Loss,,miss,,,,—,,
2026-09-20T19:22:51.890725+00:00,nfl,2026,2,401872934,4018729342467,3,14:44,(Shotgun) C.Stroud pass incomplete short middle to J.Wayne (D.Hill).,3,10,HOU 36,36,-4,Houston Texans,Cincinnati Bengals,3,7,9.5,90.5,227.0,61.0,288.0,162.0,59.0,221.0,game,Spread,Cincinnati Bengals,,-9.5,kalshi,-109,—,—,,-4,,miss,,,,—,,
2026-09-20T19:22:51.890725+00:00,nfl,2026,2,401872934,4018729342467,3,14:44,(Shotgun) C.Stroud pass incomplete short middle to J.Wayne (D.Hill).,3,10,HOU 36,36,-4,Houston Texans,Cincinnati Bengals,3,7,9.5,90.5,227.0,61.0,288.0,162.0,59.0,221.0,game,Spread,Houston Texans,,9.5,kalshi,-171,—,—,,-4,,hit,,,,—,,
2026-09-20T19:22:51.890725+00:00,nfl,2026,2,401872934,4018729342467,3,14:44,(Shotgun) C.Stroud pass incomplete short middle to J.Wayne (D.Hill).,3,10,HOU 36,36,-4,Houston Texans,Cincinnati Bengals,3,7,9.5,90.5,227.0,61.0,288.0,162.0,59.0,221.0,game,Total,Over,,35.5,kalshi,-186,—,—,,10.0,,miss,,,,—,,
2026-09-20T19:22:51.890725+00:00,nfl,2026,2,401872934,4018729342467,3,14:44,(Shotgun) C.Stroud pass incomplete short middle to J.Wayne (D.Hill).,3,10,HOU 36,36,-4,Houston Texans,Cincinnati Bengals,3,7,9.5,90.5,227.0,61.0,288.0,162.0,59.0,221.0,game,Total,Under,,35.5,kalshi,-118,—,—,,10.0,,hit,,,,—,,
2026-09-20T19:22:51.890725+00:00,nfl,2026,2,401872934,4018729342467,3,14:44,(Shotgun) C.Stroud pass incomplete short middle to J.Wayne (D.Hill).,3,10,HOU 36,36,-4,Houston Texans,Cincinnati Bengals,3,7,9.5,90.5,227.0,61.0,288.0,162.0,59.0,221.0,game,ML,Cincinnati Bengals,,,polymarket,-810,—,—,,Win,,hit,,,,—,,
2026-09-20T19:22:51.890725+00:00,nfl,2026,2,401872934,4018729342467,3,14:44,(Shotgun) C.Stroud pass incomplete short middle to J.Wayne (D.Hill).,3,10,HOU 36,36,-4,Houston Texans,Cincinnati Bengals,3,7,9.5,90.5,227.0,61.0,288.0,162.0,59.0,221.0,game,ML,Houston Texans,,,kalshi,733,—,—,,Loss,,miss,,,,—,,
2026-09-20T19:22:51.890725+00:00,nfl,2026,2,401872934,4018729342490,3,14:40,"K.Kroeger punts 35 yards to CIN 29, Center-A.Brinkman. D.Meyers pushed ob at CIN 44 for 15 yards (F.Moreau).PENALTY on HST-F.Moreau, Lowering the Head to Make Forcible Contact, 15 yards, enforced at CIN 44.",4,10,HOU 36,36,-4,Houston Texans,Cincinnati Bengals,3,7,9.5,90.5,227.0,61.0,288.0,162.0,59.0,221.0,game,Spread,Cincinnati Bengals,,-9.5,kalshi,-109,—,—,,-4,,miss,,,,—,,
2026-09-20T19:22:51.890725+00:00,nfl,2026,2,401872934,4018729342490,3,14:40,"K.Kroeger punts 35 yards to CIN 29, Center-A.Brinkman. D.Meyers pushed ob at CIN 44 for 15 yards (F.Moreau).PENALTY on HST-F.Moreau, Lowering the Head to Make Forcible Contact, 15 yards, enforced at CIN 44.",4,10,HOU 36,36,-4,Houston Texans,Cincinnati Bengals,3,7,9.5,90.5,227.0,61.0,288.0,162.0,59.0,221.0,game,Spread,Houston Texans,,9.5,kalshi,-171,—,—,,-4,,hit,,,,—,,
2026-09-20T19:22:51.890725+00:00,nfl,2026,2,401872934,4018729342490,3,14:40,"K.Kroeger punts 35 yards to CIN 29, Center-A.Brinkman. D.Meyers pushed ob at CIN 44 for 15 yards (F.Moreau).PENALTY on HST-F.Moreau, Lowering the Head to Make Forcible Contact, 15 yards, enforced at CIN 44.",4,10,HOU 36,36,-4,Houston Texans,Cincinnati Bengals,3,7,9.5,90.5,227.0,61.0,288.0,162.0,59.0,221.0,game,Total,Over,,35.5,kalshi,-186,—,—,,10.0,,miss,,,,—,,
2026-09-20T19:22:51.890725+00:00,nfl,2026,2,401872934,4018729342490,3,14:40,"K.Kroeger punts 35 yards to CIN 29, Center-A.Brinkman. D.Meyers pushed ob at CIN 44 for 15 yards (F.Moreau).PENALTY on HST-F.Moreau, Lowering the Head to Make Forcible Contact, 15 yards, enforced at CIN 44.",4,10,HOU 36,36,-4,Houston Texans,Cincinnati Bengals,3,7,9.5,90.5,227.0,61.0,288.0,162.0,59.0,221.0,game,Total,Under,,35.5,kalshi,-118,—,—,,10.0,,hit,,,,—,,
2026-09-20T19:22:51.890725+00:00,nfl,2026,2,401872934,4018729342490,3,14:40,"K.Kroeger punts 35 yards to CIN 29, Center-A.Brinkman. D.Meyers pushed ob at CIN 44 for 15 yards (F.Moreau).PENALTY on HST-F.Moreau, Lowering the Head to Make Forcible Contact, 15 yards, enforced at CIN 44.",4,10,HOU 36,36,-4,Houston Texans,Cincinnati Bengals,3,7,9.5,90.5,227.0,61.0,288.0,162.0,59.0,221.0,game,ML,Cincinnati Bengals,,,polymarket,-810,—,—,,Win,,hit,,,,—,,
2026-09-20T19:22:51.890725+00:00,nfl,2026,2,401872934,4018729342490,3,14:40,"K.Kroeger punts 35 yards to CIN 29, Center-A.Brinkman. D.Meyers pushed ob at CIN 44 for 15 yards (F.Moreau).PENALTY on HST-F.Moreau, Lowering the Head to Make Forcible Contact, 15 yards, enforced at CIN 44.",4,10,HOU 36,36,-4,Houston Texans,Cincinnati Bengals,3,7,9.5,90.5,227.0,61.0,288.0,162.0,59.0,221.0,game,ML,Houston Texans,,,kalshi,733,—,—,,Loss,,miss,,,,—,,
2026-09-20T19:22:51.890725+00:00,nfl,2026,2,401872934,4018729342511,3,14:30,Official Timeout at 14:30.,1,10,HOU 41,41,-4,Houston Texans,Cincinnati Bengals,3,7,9.5,90.5,227.0,61.0,288.0,162.0,59.0,221.0,game,Spread,Cincinnati Bengals,,-9.5,kalshi,-109,—,—,,-4,,miss,,,,—,,
2026-09-20T19:22:51.890725+00:00,nfl,2026,2,401872934,4018729342511,3,14:30,Official Timeout at 14:30.,1,10,HOU 41,41,-4,Houston Texans,Cincinnati Bengals,3,7,9.5,90.5,227.0,61.0,288.0,162.0,59.0,221.0,game,Spread,Houston Texans,,9.5,kalshi,-171,—,—,,-4,,hit,,,,—,,
2026-09-20T19:22:51.890725+00:00,nfl,2026,2,401872934,4018729342511,3,14:30,Official Timeout at 14:30.,1,10,HOU 41,41,-4,Houston Texans,Cincinnati Bengals,3,7,9.5,90.5,227.0,61.0,288.0,162.0,59.0,221.0,game,Total,Over,,35.5,kalshi,-186,—,—,,10.0,,miss,,,,—,,
2026-09-20T19:22:51.890725+00:00,nfl,2026,2,401872934,4018729342511,3,14:30,Official Timeout at 14:30.,1,10,HOU 41,41,-4,Houston Texans,Cincinnati Bengals,3,7,9.5,90.5,227.0,61.0,288.0,162.0,59.0,221.0,game,Total,Under,,35.5,kalshi,-118,—,—,,10.0,,hit,,,,—,,
2026-09-20T19:22:51.890725+00:00,nfl,2026,2,401872934,4018729342511,3,14:30,Official Timeout at 14:30.,1,10,HOU 41,41,-4,Houston Texans,Cincinnati Bengals,3,7,9.5,90.5,227.0,61.0,288.0,162.0,59.0,221.0,game,ML,Cincinnati Bengals,,,polymarket,-810,—,—,,Win,,hit,,,,—,,
2026-09-20T19:22:51.890725+00:00,nfl,2026,2,401872934,4018729342511,3,14:30,Official Timeout at 14:30.,1,10,HOU 41,41,-4,Houston Texans,Cincinnati Bengals,3,7,9.5,90.5,227.0,61.0,288.0,162.0,59.0,221.0,game,ML,Houston Texans,,,kalshi,733,—,—,,Loss,,miss,,,,—,,
2026-09-20T19:22:51.890725+00:00,nfl,2026,2,401872934,4018729342532,3,14:30,J.Burrow pass short middle to E.All to HST 36 for 5 yards (W.Anderson).,1,10,HOU 41,41,-4,Houston Texans,Cincinnati Bengals,3,7,9.5,90.5,227.0,61.0,288.0,162.0,59.0,221.0,game,Spread,Cincinnati Bengals,,-9.5,kalshi,-109,—,—,,-4,,miss,,,,—,,
2026-09-20T19:22:51.890725+00:00,nfl,2026,2,401872934,4018729342532,3,14:30,J.Burrow pass short middle to E.All to HST 36 for 5 yards (W.Anderson).,1,10,HOU 41,41,-4,Houston Texans,Cincinnati Bengals,3,7,9.5,90.5,227.0,61.0,288.0,162.0,59.0,221.0,game,Spread,Houston Texans,,9.5,kalshi,-171,—,—,,-4,,hit,,,,—,,
2026-09-20T19:22:51.890725+00:00,nfl,2026,2,401872934,4018729342532,3,14:30,J.Burrow pass short middle to E.All to HST 36 for 5 yards (W.Anderson).,1,10,HOU 41,41,-4,Houston Texans,Cincinnati Bengals,3,7,9.5,90.5,227.0,61.0,288.0,162.0,59.0,221.0,game,Total,Over,,35.5,kalshi,-186,—,—,,10.0,,miss,,,,—,,
2026-09-20T19:22:51.890725+00:00,nfl,2026,2,401872934,4018729342532,3,14:30,J.Burrow pass short middle to E.All to HST 36 for 5 yards (W.Anderson).,1,10,HOU 41,41,-4,Houston Texans,Cincinnati Bengals,3,7,9.5,90.5,227.0,61.0,288.0,162.0,59.0,221.0,game,Total,Under,,35.5,kalshi,-118,—,—,,10.0,,hit,,,,—,,
2026-09-20T19:22:51.890725+00:00,nfl,2026,2,401872934,4018729342532,3,14:30,J.Burrow pass short middle to E.All to HST 36 for 5 yards (W.Anderson).,1,10,HOU 41,41,-4,Houston Texans,Cincinnati Bengals,3,7,9.5,90.5,227.0,61.0,288.0,162.0,59.0,221.0,game,ML,Cincinnati Bengals,,,polymarket,-810,—,—,,Win,,hit,,,,—,,
2026-09-20T19:22:51.890725+00:00,nfl,2026,2,401872934,4018729342532,3,14:30,J.Burrow pass short middle to E.All to HST 36 for 5 yards (W.Anderson).,1,10,HOU 41,41,-4,Houston Texans,Cincinnati Bengals,3,7,9.5,90.5,227.0,61.0,288.0,162.0,59.0,221.0,game,ML,Houston Texans,,,kalshi,733,—,—,,Loss,,miss,,,,—,,
2026-09-20T19:22:51.890725+00:00,nfl,2026,2,401872934,4018729342564,3,13:54,"C.Brown left guard to HST 40 for -4 yards (W.Anderson, A.Al-Shaair).",2,5,HOU 36,36,-4,Houston Texans,Cincinnati Bengals,3,7,9.5,90.5,227.0,61.0,288.0,162.0,59.0,221.0,game,Spread,Cincinnati Bengals,,-9.5,kalshi,-109,—,—,,-4,,miss,,,,—,,
2026-09-20T19:22:51.890725+00:00,nfl,2026,2,401872934,4018729342564,3,13:54,"C.Brown left guard to HST 40 for -4 yards (W.Anderson, A.Al-Shaair).",2,5,HOU 36,36,-4,Houston Texans,Cincinnati Bengals,3,7,9.5,90.5,227.0,61.0,288.0,162.0,59.0,221.0,game,Spread,Houston Texans,,9.5,kalshi,-171,—,—,,-4,,hit,,,,—,,
2026-09-20T19:22:51.890725+00:00,nfl,2026,2,401872934,4018729342564,3,13:54,"C.Brown left guard to HST 40 for -4 yards (W.Anderson, A.Al-Shaair).",2,5,HOU 36,36,-4,Houston Texans,Cincinnati Bengals,3,7,9.5,90.5,227.0,61.0,288.0,162.0,59.0,221.0,game,Total,Over,,35.5,kalshi,-186,—,—,,10.0,,miss,,,,—,,
2026-09-20T19:22:51.890725+00:00,nfl,2026,2,401872934,4018729342564,3,13:54,"C.Brown left guard to HST 40 for -4 yards (W.Anderson, A.Al-Shaair).",2,5,HOU 36,36,-4,Houston Texans,Cincinnati Bengals,3,7,9.5,90.5,227.0,61.0,288.0,162.0,59.0,221.0,game,Total,Under,,35.5,kalshi,-118,—,—,,10.0,,hit,,,,—,,
2026-09-20T19:22:51.890725+00:00,nfl,2026,2,401872934,4018729342564,3,13:54,"C.Brown left guard to HST 40 for -4 yards (W.Anderson, A.Al-Shaair).",2,5,HOU 36,36,-4,Houston Texans,Cincinnati Bengals,3,7,9.5,90.5,227.0,61.0,288.0,162.0,59.0,221.0,game,ML,Cincinnati Bengals,,,polymarket,-810,—,—,,Win,,hit,,,,—,,
2026-09-20T19:22:51.890725+00:00,nfl,2026,2,401872934,4018729342564,3,13:54,"C.Brown left guard to HST 40 for -4 yards (W.Anderson, A.Al-Shaair).",2,5,HOU 36,36,-4,Houston Texans,Cincinnati Bengals,3,7,9.5,90.5,227.0,61.0,288.0,162.0,59.0,221.0,game,ML,Houston Texans,,,kalshi,733,—,—,,Loss,,miss,,,,—,,
2026-09-20T19:22:51.890725+00:00,nfl,2026,2,401872934,4018729342586,3,13:14,(Shotgun) J.Burrow pass short middle to A.Iosivas to HST 33 for 7 yards (R.Blankenship).,3,9,HOU 40,40,-4,Houston Texans,Cincinnati Bengals,3,7,9.5,90.5,227.0,61.0,288.0,162.0,59.0,221.0,game,Spread,Cincinnati Bengals,,-9.5,kalshi,-109,—,—,,-4,,miss,,,,—,,
2026-09-20T19:22:51.890725+00:00,nfl,2026,2,401872934,4018729342586,3,13:14,(Shotgun) J.Burrow pass short middle to A.Iosivas to HST 33 for 7 yards (R.Blankenship).,3,9,HOU 40,40,-4,Houston Texans,Cincinnati Bengals,3,7,9.5,90.5,227.0,61.0,288.0,162.0,59.0,221.0,game,Spread,Houston Texans,,9.5,kalshi,-171,—,—,,-4,,hit,,,,—,,
2026-09-20T19:22:51.890725+00:00,nfl,2026,2,401872934,4018729342586,3,13:14,(Shotgun) J.Burrow pass short middle to A.Iosivas to HST 33 for 7 yards (R.Blankenship).,3,9,HOU 40,40,-4,Houston Texans,Cincinnati Bengals,3,7,9.5,90.5,227.0,61.0,288.0,162.0,59.0,221.0,game,Total,Over,,35.5,kalshi,-186,—,—,,10.0,,miss,,,,—,,
2026-09-20T19:22:51.890725+00:00,nfl,2026,2,401872934,4018729342586,3,13:14,(Shotgun) J.Burrow pass short middle to A.Iosivas to HST 33 for 7 yards (R.Blankenship).,3,9,HOU 40,40,-4,Houston Texans,Cincinnati Bengals,3,7,9.5,90.5,227.0,61.0,288.0,162.0,59.0,221.0,game,Total,Under,,35.5,kalshi,-118,—,—,,10.0,,hit,,,,—,,
2026-09-20T19:22:51.890725+00:00,nfl,2026,2,401872934,4018729342586,3,13:14,(Shotgun) J.Burrow pass short middle to A.Iosivas to HST 33 for 7 yards (R.Blankenship).,3,9,HOU 40,40,-4,Houston Texans,Cincinnati Bengals,3,7,9.5,90.5,227.0,61.0,288.0,162.0,59.0,221.0,game,ML,Cincinnati Bengals,,,polymarket,-810,—,—,,Win,,hit,,,,—,,
2026-09-20T19:22:51.890725+00:00,nfl,2026,2,401872934,4018729342586,3,13:14,(Shotgun) J.Burrow pass short middle to A.Iosivas to HST 33 for 7 yards (R.Blankenship).,3,9,HOU 40,40,-4,Houston Texans,Cincinnati Bengals,3,7,9.5,90.5,227.0,61.0,288.0,162.0,59.0,221.0,game,ML,Houston Texans,,,kalshi,733,—,—,,Loss,,miss,,,,—,,
2026-09-20T19:22:51.890725+00:00,nfl,2026,2,401872934,4018729342621,3,12:28,Official Timeout at 12:28.,-1,11,CIN 35,65,-7,Houston Texans,Cincinnati Bengals,3,10,9.5,90.5,227.0,61.0,288.0,162.0,59.0,221.0,game,Spread,Cincinnati Bengals,,-9.5,kalshi,-109,—,—,,-7,,miss,,,,—,,
2026-09-20T19:22:51.890725+00:00,nfl,2026,2,401872934,4018729342621,3,12:28,Official Timeout at 12:28.,-1,11,CIN 35,65,-7,Houston Texans,Cincinnati Bengals,3,10,9.5,90.5,227.0,61.0,288.0,162.0,59.0,221.0,game,Spread,Houston Texans,,9.5,kalshi,-171,—,—,,-7,,hit,,,,—,,
2026-09-20T19:22:51.890725+00:00,nfl,2026,2,401872934,4018729342621,3,12:28,Official Timeout at 12:28.,-1,11,CIN 35,65,-7,Houston Texans,Cincinnati Bengals,3,10,9.5,90.5,227.0,61.0,288.0,162.0,59.0,221.0,game,Total,Over,,35.5,kalshi,-186,—,—,,13.0,,miss,,,,—,,
2026-09-20T19:22:51.890725+00:00,nfl,2026,2,401872934,4018729342621,3,12:28,Official Timeout at 12:28.,-1,11,CIN 35,65,-7,Houston Texans,Cincinnati Bengals,3,10,9.5,90.5,227.0,61.0,288.0,162.0,59.0,221.0,game,Total,Under,,35.5,kalshi,-118,—,—,,13.0,,hit,,,,—,,
2026-09-20T19:22:51.890725+00:00,nfl,2026,2,401872934,4018729342621,3,12:28,Official Timeout at 12:28.,-1,11,CIN 35,65,-7,Houston Texans,Cincinnati Bengals,3,10,9.5,90.5,227.0,61.0,288.0,162.0,59.0,221.0,game,ML,Cincinnati Bengals,,,polymarket,-810,—,—,,Win,,hit,,,,—,,
2026-09-20T19:22:51.890725+00:00,nfl,2026,2,401872934,4018729342621,3,12:28,Official Timeout at 12:28.,-1,11,CIN 35,65,-7,Houston Texans,Cincinnati Bengals,3,10,9.5,90.5,227.0,61.0,288.0,162.0,59.0,221.0,game,ML,Houston Texans,,,kalshi,733,—,—,,Loss,,miss,,,,—,,
2026-09-20T19:22:51.890725+00:00,nfl,2026,2,401872934,4018729342611,3,12:28,"E.McPherson 51 yard field goal is GOOD, Center-W.Wagner, Holder-R.Rehkow.",4,2,HOU 33,33,-7,Houston Texans,Cincinnati Bengals,3,10,9.5,90.5,227.0,61.0,288.0,162.0,59.0,221.0,game,Spread,Cincinnati Bengals,,-9.5,kalshi,-109,—,—,,-7,,miss,,,,—,,
2026-09-20T19:22:51.890725+00:00,nfl,2026,2,401872934,4018729342611,3,12:28,"E.McPherson 51 yard field goal is GOOD, Center-W.Wagner, Holder-R.Rehkow.",4,2,HOU 33,33,-7,Houston Texans,Cincinnati Bengals,3,10,9.5,90.5,227.0,61.0,288.0,162.0,59.0,221.0,game,Spread,Houston Texans,,9.5,kalshi,-171,—,—,,-7,,hit,,,,—,,
2026-09-20T19:22:51.890725+00:00,nfl,2026,2,401872934,4018729342611,3,12:28,"E.McPherson 51 yard field goal is GOOD, Center-W.Wagner, Holder-R.Rehkow.",4,2,HOU 33,33,-7,Houston Texans,Cincinnati Bengals,3,10,9.5,90.5,227.0,61.0,288.0,162.0,59.0,221.0,game,Total,Over,,35.5,kalshi,-186,—,—,,13.0,,miss,,,,—,,
2026-09-20T19:22:51.890725+00:00,nfl,2026,2,401872934,4018729342611,3,12:28,"E.McPherson 51 yard field goal is GOOD, Center-W.Wagner, Holder-R.Rehkow.",4,2,HOU 33,33,-7,Houston Texans,Cincinnati Bengals,3,10,9.5,90.5,227.0,61.0,288.0,162.0,59.0,221.0,game,Total,Under,,35.5,kalshi,-118,—,—,,13.0,,hit,,,,—,,
2026-09-20T19:22:51.890725+00:00,nfl,2026,2,401872934,4018729342611,3,12:28,"E.McPherson 51 yard field goal is GOOD, Center-W.Wagner, Holder-R.Rehkow.",4,2,HOU 33,33,-7,Houston Texans,Cincinnati Bengals,3,10,9.5,90.5,227.0,61.0,288.0,162.0,59.0,221.0,game,ML,Cincinnati Bengals,,,polymarket,-810,—,—,,Win,,hit,,,,—,,
2026-09-20T19:22:51.890725+00:00,nfl,2026,2,401872934,4018729342611,3,12:28,"E.McPherson 51 yard field goal is GOOD, Center-W.Wagner, Holder-R.Rehkow.",4,2,HOU 33,33,-7,Houston Texans,Cincinnati Bengals,3,10,9.5,90.5,227.0,61.0,288.0,162.0,59.0,221.0,game,ML,Houston Texans,,,kalshi,733,—,—,,Loss,,miss,,,,—,,
2026-09-20T19:22:51.890725+00:00,nfl,2026,2,401872934,4018729342631,3,12:28,E.McPherson kicks 60 yards from CIN 35 to HST 5. W.Marks to HST 27 for 22 yards (K.Dugger).,3,11,CIN 27,65,-7,Houston Texans,Cincinnati Bengals,3,10,9.5,90.5,227.0,61.0,288.0,162.0,59.0,221.0,game,Spread,Cincinnati Bengals,,-9.5,kalshi,-109,—,—,,-7,,miss,,,,—,,
2026-09-20T19:22:51.890725+00:00,nfl,2026,2,401872934,4018729342631,3,12:28,E.McPherson kicks 60 yards from CIN 35 to HST 5. W.Marks to HST 27 for 22 yards (K.Dugger).,3,11,CIN 27,65,-7,Houston Texans,Cincinnati Bengals,3,10,9.5,90.5,227.0,61.0,288.0,162.0,59.0,221.0,game,Spread,Houston Texans,,9.5,kalshi,-171,—,—,,-7,,hit,,,,—,,
2026-09-20T19:22:51.890725+00:00,nfl,2026,2,401872934,4018729342631,3,12:28,E.McPherson kicks 60 yards from CIN 35 to HST 5. W.Marks to HST 27 for 22 yards (K.Dugger).,3,11,CIN 27,65,-7,Houston Texans,Cincinnati Bengals,3,10,9.5,90.5,227.0,61.0,288.0,162.0,59.0,221.0,game,Total,Over,,35.5,kalshi,-186,—,—,,13.0,,miss,,,,—,,
2026-09-20T19:22:51.890725+00:00,nfl,2026,2,401872934,4018729342631,3,12:28,E.McPherson kicks 60 yards from CIN 35 to HST 5. W.Marks to HST 27 for 22 yards (K.Dugger).,3,11,CIN 27,65,-7,Houston Texans,Cincinnati Bengals,3,10,9.5,90.5,227.0,61.0,288.0,162.0,59.0,221.0,game,Total,Under,,35.5,kalshi,-118,—,—,,13.0,,hit,,,,—,,
2026-09-20T19:22:51.890725+00:00,nfl,2026,2,401872934,4018729342631,3,12:28,E.McPherson kicks 60 yards from CIN 35 to HST 5. W.Marks to HST 27 for 22 yards (K.Dugger).,3,11,CIN 27,65,-7,Houston Texans,Cincinnati Bengals,3,10,9.5,90.5,227.0,61.0,288.0,162.0,59.0,221.0,game,ML,Cincinnati Bengals,,,polymarket,-810,—,—,,Win,,hit,,,,—,,
2026-09-20T19:22:51.890725+00:00,nfl,2026,2,401872934,4018729342631,3,12:28,E.McPherson kicks 60 yards from CIN 35 to HST 5. W.Marks to HST 27 for 22 yards (K.Dugger).,3,11,CIN 27,65,-7,Houston Texans,Cincinnati Bengals,3,10,9.5,90.5,227.0,61.0,288.0,162.0,59.0,221.0,game,ML,Houston Texans,,,kalshi,733,—,—,,Loss,,miss,,,,—,,
2026-09-20T19:22:51.890725+00:00,nfl,2026,2,401872934,4018729342661,3,12:24,W.Marks left tackle to HST 30 for 3 yards (J.Battle; D.Knight).,1,10,HOU 27,27,-7,Houston Texans,Cincinnati Bengals,3,10,9.5,90.5,227.0,61.0,288.0,162.0,59.0,221.0,game,Spread,Cincinnati Bengals,,-9.5,kalshi,-109,—,—,,-7,,miss,,,,—,,
2026-09-20T19:22:51.890725+00:00,nfl,2026,2,401872934,4018729342661,3,12:24,W.Marks left tackle to HST 30 for 3 yards (J.Battle; D.Knight).,1,10,HOU 27,27,-7,Houston Texans,Cincinnati Bengals,3,10,9.5,90.5,227.0,61.0,288.0,162.0,59.0,221.0,game,Spread,Houston Texans,,9.5,kalshi,-171,—,—,,-7,,hit,,,,—,,
2026-09-20T19:22:51.890725+00:00,nfl,2026,2,401872934,4018729342661,3,12:24,W.Marks left tackle to HST 30 for 3 yards (J.Battle; D.Knight).,1,10,HOU 27,27,-7,Houston Texans,Cincinnati Bengals,3,10,9.5,90.5,227.0,61.0,288.0,162.0,59.0,221.0,game,Total,Over,,35.5,kalshi,-186,—,—,,13.0,,miss,,,,—,,
2026-09-20T19:22:51.890725+00:00,nfl,2026,2,401872934,4018729342661,3,12:24,W.Marks left tackle to HST 30 for 3 yards (J.Battle; D.Knight).,1,10,HOU 27,27,-7,Houston Texans,Cincinnati Bengals,3,10,9.5,90.5,227.0,61.0,288.0,162.0,59.0,221.0,game,Total,Under,,35.5,kalshi,-118,—,—,,13.0,,hit,,,,—,,
2026-09-20T19:22:51.890725+00:00,nfl,2026,2,401872934,4018729342661,3,12:24,W.Marks left tackle to HST 30 for 3 yards (J.Battle; D.Knight).,1,10,HOU 27,27,-7,Houston Texans,Cincinnati Bengals,3,10,9.5,90.5,227.0,61.0,288.0,162.0,59.0,221.0,game,ML,Cincinnati Bengals,,,polymarket,-810,—,—,,Win,,hit,,,,—,,
2026-09-20T19:22:51.890725+00:00,nfl,2026,2,401872934,4018729342661,3,12:24,W.Marks left tackle to HST 30 for 3 yards (J.Battle; D.Knight).,1,10,HOU 27,27,-7,Houston Texans,Cincinnati Bengals,3,10,9.5,90.5,227.0,61.0,288.0,162.0,59.0,221.0,game,ML,Houston Texans,,,kalshi,733,—,—,,Loss,,miss,,,,—,,
2026-09-20T19:22:51.890725+00:00,nfl,2026,2,401872934,4018729342683,3,11:52,C.Stroud pass short right to F.Moreau to HST 39 for 9 yards (D.Hill).,2,7,HOU 30,30,-7,Houston Texans,Cincinnati Bengals,3,10,9.5,90.5,227.0,61.0,288.0,162.0,59.0,221.0,game,Spread,Cincinnati Bengals,,-9.5,kalshi,-109,—,—,,-7,,miss,,,,—,,
2026-09-20T19:22:51.890725+00:00,nfl,2026,2,401872934,4018729342683,3,11:52,C.Stroud pass short right to F.Moreau to HST 39 for 9 yards (D.Hill).,2,7,HOU 30,30,-7,Houston Texans,Cincinnati Bengals,3,10,9.5,90.5,227.0,61.0,288.0,162.0,59.0,221.0,game,Spread,Houston Texans,,9.5,kalshi,-171,—,—,,-7,,hit,,,,—,,
2026-09-20T19:22:51.890725+00:00,nfl,2026,2,401872934,4018729342683,3,11:52,C.Stroud pass short right to F.Moreau to HST 39 for 9 yards (D.Hill).,2,7,HOU 30,30,-7,Houston Texans,Cincinnati Bengals,3,10,9.5,90.5,227.0,61.0,288.0,162.0,59.0,221.0,game,Total,Over,,35.5,kalshi,-186,—,—,,13.0,,miss,,,,—,,
2026-09-20T19:22:51.890725+00:00,nfl,2026,2,401872934,4018729342683,3,11:52,C.Stroud pass short right to F.Moreau to HST 39 for 9 yards (D.Hill).,2,7,HOU 30,30,-7,Houston Texans,Cincinnati Bengals,3,10,9.5,90.5,227.0,61.0,288.0,162.0,59.0,221.0,game,Total,Under,,35.5,kalshi,-118,—,—,,13.0,,hit,,,,—,,
2026-09-20T19:22:51.890725+00:00,nfl,2026,2,401872934,4018729342683,3,11:52,C.Stroud pass short right to F.Moreau to HST 39 for 9 yards (D.Hill).,2,7,HOU 30,30,-7,Houston Texans,Cincinnati Bengals,3,10,9.5,90.5,227.0,61.0,288.0,162.0,59.0,221.0,game,ML,Cincinnati Bengals,,,polymarket,-810,—,—,,Win,,hit,,,,—,,
2026-09-20T19:22:51.890725+00:00,nfl,2026,2,401872934,4018729342683,3,11:52,C.Stroud pass short right to F.Moreau to HST 39 for 9 yards (D.Hill).,2,7,HOU 30,30,-7,Houston Texans,Cincinnati Bengals,3,10,9.5,90.5,227.0,61.0,288.0,162.0,59.0,221.0,game,ML,Houston Texans,,,kalshi,733,—,—,,Loss,,miss,,,,—,,
2026-09-20T19:22:51.890725+00:00,nfl,2026,2,401872934,4018729342708,3,11:12,"PENALTY on HST-K.Rutledge, False Start, 5 yards, enforced at HST 39 - No Play.",1,10,HOU 39,39,-7,Houston Texans,Cincinnati Bengals,3,10,9.5,90.5,227.0,61.0,288.0,162.0,59.0,221.0,game,Spread,Cincinnati Bengals,,-9.5,kalshi,-109,—,—,,-7,,miss,,,,—,,
2026-09-20T19:22:51.890725+00:00,nfl,2026,2,401872934,4018729342708,3,11:12,"PENALTY on HST-K.Rutledge, False Start, 5 yards, enforced at HST 39 - No Play.",1,10,HOU 39,39,-7,Houston Texans,Cincinnati Bengals,3,10,9.5,90.5,227.0,61.0,288.0,162.0,59.0,221.0,game,Spread,Houston Texans,,9.5,kalshi,-171,—,—,,-7,,hit,,,,—,,
2026-09-20T19:22:51.890725+00:00,nfl,2026,2,401872934,4018729342708,3,11:12,"PENALTY on HST-K.Rutledge, False Start, 5 yards, enforced at HST 39 - No Play.",1,10,HOU 39,39,-7,Houston Texans,Cincinnati Bengals,3,10,9.5,90.5,227.0,61.0,288.0,162.0,59.0,221.0,game,Total,Over,,35.5,kalshi,-186,—,—,,13.0,,miss,,,,—,,
2026-09-20T19:22:51.890725+00:00,nfl,2026,2,401872934,4018729342708,3,11:12,"PENALTY on HST-K.Rutledge, False Start, 5 yards, enforced at HST 39 - No Play.",1,10,HOU 39,39,-7,Houston Texans,Cincinnati Bengals,3,10,9.5,90.5,227.0,61.0,288.0,162.0,59.0,221.0,game,Total,Under,,35.5,kalshi,-118,—,—,,13.0,,hit,,,,—,,
2026-09-20T19:22:51.890725+00:00,nfl,2026,2,401872934,4018729342708,3,11:12,"PENALTY on HST-K.Rutledge, False Start, 5 yards, enforced at HST 39 - No Play.",1,10,HOU 39,39,-7,Houston Texans,Cincinnati Bengals,3,10,9.5,90.5,227.0,61.0,288.0,162.0,59.0,221.0,game,ML,Cincinnati Bengals,,,polymarket,-810,—,—,,Win,,hit,,,,—,,
2026-09-20T19:22:51.890725+00:00,nfl,2026,2,401872934,4018729342708,3,11:12,"PENALTY on HST-K.Rutledge, False Start, 5 yards, enforced at HST 39 - No Play.",1,10,HOU 39,39,-7,Houston Texans,Cincinnati Bengals,3,10,9.5,90.5,227.0,61.0,288.0,162.0,59.0,221.0,game,ML,Houston Texans,,,kalshi,733,—,—,,Loss,,miss,,,,—,,
2026-09-20T19:22:51.890725+00:00,nfl,2026,2,401872934,4018729342732,3,10:51,(Shotgun) C.Stroud scrambles up the middle to HST 48 for 14 yards (D.Knight).,1,15,HOU 34,34,-7,Houston Texans,Cincinnati Bengals,3,10,9.5,90.5,227.0,61.0,288.0,162.0,59.0,221.0,game,Spread,Cincinnati Bengals,,-9.5,kalshi,-109,—,—,,-7,,miss,,,,—,,
2026-09-20T19:22:51.890725+00:00,nfl,2026,2,401872934,4018729342732,3,10:51,(Shotgun) C.Stroud scrambles up the middle to HST 48 for 14 yards (D.Knight).,1,15,HOU 34,34,-7,Houston Texans,Cincinnati Bengals,3,10,9.5,90.5,227.0,61.0,288.0,162.0,59.0,221.0,game,Spread,Houston Texans,,9.5,kalshi,-171,—,—,,-7,,hit,,,,—,,
2026-09-20T19:22:51.890725+00:00,nfl,2026,2,401872934,4018729342732,3,10:51,(Shotgun) C.Stroud scrambles up the middle to HST 48 for 14 yards (D.Knight).,1,15,HOU 34,34,-7,Houston Texans,Cincinnati Bengals,3,10,9.5,90.5,227.0,61.0,288.0,162.0,59.0,221.0,game,Total,Over,,35.5,kalshi,-186,—,—,,13.0,,miss,,,,—,,
2026-09-20T19:22:51.890725+00:00,nfl,2026,2,401872934,4018729342732,3,10:51,(Shotgun) C.Stroud scrambles up the middle to HST 48 for 14 yards (D.Knight).,1,15,HOU 34,34,-7,Houston Texans,Cincinnati Bengals,3,10,9.5,90.5,227.0,61.0,288.0,162.0,59.0,221.0,game,Total,Under,,35.5,kalshi,-118,—,—,,13.0,,hit,,,,—,,
2026-09-20T19:22:51.890725+00:00,nfl,2026,2,401872934,4018729342732,3,10:51,(Shotgun) C.Stroud scrambles up the middle to HST 48 for 14 yards (D.Knight).,1,15,HOU 34,34,-7,Houston Texans,Cincinnati Bengals,3,10,9.5,90.5,227.0,61.0,288.0,162.0,59.0,221.0,game,ML,Cincinnati Bengals,,,polymarket,-810,—,—,,Win,,hit,,,,—,,
2026-09-20T19:22:51.890725+00:00,nfl,2026,2,401872934,4018729342732,3,10:51,(Shotgun) C.Stroud scrambles up the middle to HST 48 for 14 yards (D.Knight).,1,15,HOU 34,34,-7,Houston Texans,Cincinnati Bengals,3,10,9.5,90.5,227.0,61.0,288.0,162.0,59.0,221.0,game,ML,Houston Texans,,,kalshi,733,—,—,,Loss,,miss,,,,—,,
2026-09-20T19:22:51.890725+00:00,nfl,2026,2,401872934,4018729342754,3,9:51,W.Marks up the middle to CIN 49 for 3 yards (T.Slaton).,2,1,HOU 48,48,-7,Houston Texans,Cincinnati Bengals,3,10,9.5,90.5,227.0,61.0,288.0,162.0,59.0,221.0,game,Spread,Cincinnati Bengals,,-9.5,kalshi,-109,—,—,,-7,,miss,,,,—,,
2026-09-20T19:22:51.890725+00:00,nfl,2026,2,401872934,4018729342754,3,9:51,W.Marks up the middle to CIN 49 for 3 yards (T.Slaton).,2,1,HOU 48,48,-7,Houston Texans,Cincinnati Bengals,3,10,9.5,90.5,227.0,61.0,288.0,162.0,59.0,221.0,game,Spread,Houston Texans,,9.5,kalshi,-171,—,—,,-7,,hit,,,,—,,
2026-09-20T19:22:51.890725+00:00,nfl,2026,2,401872934,4018729342754,3,9:51,W.Marks up the middle to CIN 49 for 3 yards (T.Slaton).,2,1,HOU 48,48,-7,Houston Texans,Cincinnati Bengals,3,10,9.5,90.5,227.0,61.0,288.0,162.0,59.0,221.0,game,Total,Over,,35.5,kalshi,-186,—,—,,13.0,,miss,,,,—,,
2026-09-20T19:22:51.890725+00:00,nfl,2026,2,401872934,4018729342754,3,9:51,W.Marks up the middle to CIN 49 for 3 yards (T.Slaton).,2,1,HOU 48,48,-7,Houston Texans,Cincinnati Bengals,3,10,9.5,90.5,227.0,61.0,288.0,162.0,59.0,221.0,game,Total,Under,,35.5,kalshi,-118,—,—,,13.0,,hit,,,,—,,
2026-09-20T19:22:51.890725+00:00,nfl,2026,2,401872934,4018729342754,3,9:51,W.Marks up the middle to CIN 49 for 3 yards (T.Slaton).,2,1,HOU 48,48,-7,Houston Texans,Cincinnati Bengals,3,10,9.5,90.5,227.0,61.0,288.0,162.0,59.0,221.0,game,ML,Cincinnati Bengals,,,polymarket,-810,—,—,,Win,,hit,,,,—,,
2026-09-20T19:22:51.890725+00:00,nfl,2026,2,401872934,4018729342754,3,9:51,W.Marks up the middle to CIN 49 for 3 yards (T.Slaton).,2,1,HOU 48,48,-7,Houston Texans,Cincinnati Bengals,3,10,9.5,90.5,227.0,61.0,288.0,162.0,59.0,221.0,game,ML,Houston Texans,,,kalshi,733,—,—,,Loss,,miss,,,,—,,
2026-09-20T19:22:51.890725+00:00,nfl,2026,2,401872934,4018729342776,3,9:09,C.Stroud pass short middle to W.Marks to CIN 40 for 9 yards (D.Knight; D.Hill).,1,10,CIN 49,51,-7,Houston Texans,Cincinnati Bengals,3,10,9.5,90.5,227.0,61.0,288.0,162.0,59.0,221.0,game,Spread,Cincinnati Bengals,,-9.5,kalshi,-109,—,—,,-7,,miss,,,,—,,
2026-09-20T19:22:51.890725+00:00,nfl,2026,2,401872934,4018729342776,3,9:09,C.Stroud pass short middle to W.Marks to CIN 40 for 9 yards (D.Knight; D.Hill).,1,10,CIN 49,51,-7,Houston Texans,Cincinnati Bengals,3,10,9.5,90.5,227.0,61.0,288.0,162.0,59.0,221.0,game,Spread,Houston Texans,,9.5,kalshi,-171,—,—,,-7,,hit,,,,—,,
2026-09-20T19:22:51.890725+00:00,nfl,2026,2,401872934,4018729342776,3,9:09,C.Stroud pass short middle to W.Marks to CIN 40 for 9 yards (D.Knight; D.Hill).,1,10,CIN 49,51,-7,Houston Texans,Cincinnati Bengals,3,10,9.5,90.5,227.0,61.0,288.0,162.0,59.0,221.0,game,Total,Over,,35.5,kalshi,-186,—,—,,13.0,,miss,,,,—,,
2026-09-20T19:22:51.890725+00:00,nfl,2026,2,401872934,4018729342776,3,9:09,C.Stroud pass short middle to W.Marks to CIN 40 for 9 yards (D.Knight; D.Hill).,1,10,CIN 49,51,-7,Houston Texans,Cincinnati Bengals,3,10,9.5,90.5,227.0,61.0,288.0,162.0,59.0,221.0,game,Total,Under,,35.5,kalshi,-118,—,—,,13.0,,hit,,,,—,,
2026-09-20T19:22:51.890725+00:00,nfl,2026,2,401872934,4018729342776,3,9:09,C.Stroud pass short middle to W.Marks to CIN 40 for 9 yards (D.Knight; D.Hill).,1,10,CIN 49,51,-7,Houston Texans,Cincinnati Bengals,3,10,9.5,90.5,227.0,61.0,288.0,162.0,59.0,221.0,game,ML,Cincinnati Bengals,,,polymarket,-810,—,—,,Win,,hit,,,,—,,
2026-09-20T19:22:51.890725+00:00,nfl,2026,2,401872934,4018729342776,3,9:09,C.Stroud pass short middle to W.Marks to CIN 40 for 9 yards (D.Knight; D.Hill).,1,10,CIN 49,51,-7,Houston Texans,Cincinnati Bengals,3,10,9.5,90.5,227.0,61.0,288.0,162.0,59.0,221.0,game,ML,Houston Texans,,,kalshi,733,—,—,,Loss,,miss,,,,—,,
2026-09-20T19:22:51.890725+00:00,nfl,2026,2,401872934,4018729342801,3,8:24,C.Stroud pass incomplete short middle to W.Marks.,2,1,CIN 40,60,-7,Houston Texans,Cincinnati Bengals,3,10,9.5,90.5,227.0,61.0,288.0,162.0,59.0,221.0,game,Spread,Cincinnati Bengals,,-9.5,kalshi,-109,—,—,,-7,,miss,,,,—,,
2026-09-20T19:22:51.890725+00:00,nfl,2026,2,401872934,4018729342801,3,8:24,C.Stroud pass incomplete short middle to W.Marks.,2,1,CIN 40,60,-7,Houston Texans,Cincinnati Bengals,3,10,9.5,90.5,227.0,61.0,288.0,162.0,59.0,221.0,game,Spread,Houston Texans,,9.5,kalshi,-171,—,—,,-7,,hit,,,,—,,
2026-09-20T19:22:51.890725+00:00,nfl,2026,2,401872934,4018729342801,3,8:24,C.Stroud pass incomplete short middle to W.Marks.,2,1,CIN 40,60,-7,Houston Texans,Cincinnati Bengals,3,10,9.5,90.5,227.0,61.0,288.0,162.0,59.0,221.0,game,Total,Over,,35.5,kalshi,-186,—,—,,13.0,,miss,,,,—,,
2026-09-20T19:22:51.890725+00:00,nfl,2026,2,401872934,4018729342801,3,8:24,C.Stroud pass incomplete short middle to W.Marks.,2,1,CIN 40,60,-7,Houston Texans,Cincinnati Bengals,3,10,9.5,90.5,227.0,61.0,288.0,162.0,59.0,221.0,game,Total,Under,,35.5,kalshi,-118,—,—,,13.0,,hit,,,,—,,
2026-09-20T19:22:51.890725+00:00,nfl,2026,2,401872934,4018729342801,3,8:24,C.Stroud pass incomplete short middle to W.Marks.,2,1,CIN 40,60,-7,Houston Texans,Cincinnati Bengals,3,10,9.5,90.5,227.0,61.0,288.0,162.0,59.0,221.0,game,ML,Cincinnati Bengals,,,polymarket,-810,—,—,,Win,,hit,,,,—,,
2026-09-20T19:22:51.890725+00:00,nfl,2026,2,401872934,4018729342801,3,8:24,C.Stroud pass incomplete short middle to W.Marks.,2,1,CIN 40,60,-7,Houston Texans,Cincinnati Bengals,3,10,9.5,90.5,227.0,61.0,288.0,162.0,59.0,221.0,game,ML,Houston Texans,,,kalshi,733,—,—,,Loss,,miss,,,,—,,
2026-09-20T19:22:51.890725+00:00,nfl,2026,2,401872934,4018729342824,3,8:19,W.Marks right guard to CIN 40 for no gain (T.Slaton).,3,1,CIN 40,60,-7,Houston Texans,Cincinnati Bengals,3,10,9.5,90.5,227.0,61.0,288.0,162.0,59.0,221.0,game,Spread,Cincinnati Bengals,,-9.5,kalshi,-109,—,—,,-7,,miss,,,,—,,
2026-09-20T19:22:51.890725+00:00,nfl,2026,2,401872934,4018729342824,3,8:19,W.Marks right guard to CIN 40 for no gain (T.Slaton).,3,1,CIN 40,60,-7,Houston Texans,Cincinnati Bengals,3,10,9.5,90.5,227.0,61.0,288.0,162.0,59.0,221.0,game,Spread,Houston Texans,,9.5,kalshi,-171,—,—,,-7,,hit,,,,—,,
2026-09-20T19:22:51.890725+00:00,nfl,2026,2,401872934,4018729342824,3,8:19,W.Marks right guard to CIN 40 for no gain (T.Slaton).,3,1,CIN 40,60,-7,Houston Texans,Cincinnati Bengals,3,10,9.5,90.5,227.0,61.0,288.0,162.0,59.0,221.0,game,Total,Over,,35.5,kalshi,-186,—,—,,13.0,,miss,,,,—,,
2026-09-20T19:22:51.890725+00:00,nfl,2026,2,401872934,4018729342824,3,8:19,W.Marks right guard to CIN 40 for no gain (T.Slaton).,3,1,CIN 40,60,-7,Houston Texans,Cincinnati Bengals,3,10,9.5,90.5,227.0,61.0,288.0,162.0,59.0,221.0,game,Total,Under,,35.5,kalshi,-118,—,—,,13.0,,hit,,,,—,,
2026-09-20T19:22:51.890725+00:00,nfl,2026,2,401872934,4018729342824,3,8:19,W.Marks right guard to CIN 40 for no gain (T.Slaton).,3,1,CIN 40,60,-7,Houston Texans,Cincinnati Bengals,3,10,9.5,90.5,227.0,61.0,288.0,162.0,59.0,221.0,game,ML,Cincinnati Bengals,,,polymarket,-810,—,—,,Win,,hit,,,,—,,
2026-09-20T19:22:51.890725+00:00,nfl,2026,2,401872934,4018729342824,3,8:19,W.Marks right guard to CIN 40 for no gain (T.Slaton).,3,1,CIN 40,60,-7,Houston Texans,Cincinnati Bengals,3,10,9.5,90.5,227.0,61.0,288.0,162.0,59.0,221.0,game,ML,Houston Texans,,,kalshi,733,—,—,,Loss,,miss,,,,—,,
2026-09-20T19:22:51.890725+00:00,nfl,2026,2,401872934,4018729342846,3,7:33,"K.Fairbairn 58 yard field goal is No Good, Short, Center-A.Brinkman, Holder-K.Kroeger.",4,1,CIN 40,60,-7,Houston Texans,Cincinnati Bengals,3,10,9.5,90.5,227.0,61.0,288.0,162.0,59.0,221.0,game,Spread,Cincinnati Bengals,,-9.5,kalshi,-109,—,—,,-7,,miss,,,,—,,
2026-09-20T19:22:51.890725+00:00,nfl,2026,2,401872934,4018729342846,3,7:33,"K.Fairbairn 58 yard field goal is No Good, Short, Center-A.Brinkman, Holder-K.Kroeger.",4,1,CIN 40,60,-7,Houston Texans,Cincinnati Bengals,3,10,9.5,90.5,227.0,61.0,288.0,162.0,59.0,221.0,game,Spread,Houston Texans,,9.5,kalshi,-171,—,—,,-7,,hit,,,,—,,
2026-09-20T19:22:51.890725+00:00,nfl,2026,2,401872934,4018729342846,3,7:33,"K.Fairbairn 58 yard field goal is No Good, Short, Center-A.Brinkman, Holder-K.Kroeger.",4,1,CIN 40,60,-7,Houston Texans,Cincinnati Bengals,3,10,9.5,90.5,227.0,61.0,288.0,162.0,59.0,221.0,game,Total,Over,,35.5,kalshi,-186,—,—,,13.0,,miss,,,,—,,
2026-09-20T19:22:51.890725+00:00,nfl,2026,2,401872934,4018729342846,3,7:33,"K.Fairbairn 58 yard field goal is No Good, Short, Center-A.Brinkman, Holder-K.Kroeger.",4,1,CIN 40,60,-7,Houston Texans,Cincinnati Bengals,3,10,9.5,90.5,227.0,61.0,288.0,162.0,59.0,221.0,game,Total,Under,,35.5,kalshi,-118,—,—,,13.0,,hit,,,,—,,
2026-09-20T19:22:51.890725+00:00,nfl,2026,2,401872934,4018729342846,3,7:33,"K.Fairbairn 58 yard field goal is No Good, Short, Center-A.Brinkman, Holder-K.Kroeger.",4,1,CIN 40,60,-7,Houston Texans,Cincinnati Bengals,3,10,9.5,90.5,227.0,61.0,288.0,162.0,59.0,221.0,game,ML,Cincinnati Bengals,,,polymarket,-810,—,—,,Win,,hit,,,,—,,
2026-09-20T19:22:51.890725+00:00,nfl,2026,2,401872934,4018729342846,3,7:33,"K.Fairbairn 58 yard field goal is No Good, Short, Center-A.Brinkman, Holder-K.Kroeger.",4,1,CIN 40,60,-7,Houston Texans,Cincinnati Bengals,3,10,9.5,90.5,227.0,61.0,288.0,162.0,59.0,221.0,game,ML,Houston Texans,,,kalshi,733,—,—,,Loss,,miss,,,,—,,
2026-09-20T19:22:51.890725+00:00,nfl,2026,2,401872934,4018729342857,3,7:29,Official Timeout at 07:29.,1,10,CIN 48,52,-7,Houston Texans,Cincinnati Bengals,3,10,9.5,90.5,227.0,61.0,288.0,162.0,59.0,221.0,game,Spread,Cincinnati Bengals,,-9.5,kalshi,-109,—,—,,-7,,miss,,,,—,,
2026-09-20T19:22:51.890725+00:00,nfl,2026,2,401872934,4018729342857,3,7:29,Official Timeout at 07:29.,1,10,CIN 48,52,-7,Houston Texans,Cincinnati Bengals,3,10,9.5,90.5,227.0,61.0,288.0,162.0,59.0,221.0,game,Spread,Houston Texans,,9.5,kalshi,-171,—,—,,-7,,hit,,,,—,,
2026-09-20T19:22:51.890725+00:00,nfl,2026,2,401872934,4018729342857,3,7:29,Official Timeout at 07:29.,1,10,CIN 48,52,-7,Houston Texans,Cincinnati Bengals,3,10,9.5,90.5,227.0,61.0,288.0,162.0,59.0,221.0,game,Total,Over,,35.5,kalshi,-186,—,—,,13.0,,miss,,,,—,,
2026-09-20T19:22:51.890725+00:00,nfl,2026,2,401872934,4018729342857,3,7:29,Official Timeout at 07:29.,1,10,CIN 48,52,-7,Houston Texans,Cincinnati Bengals,3,10,9.5,90.5,227.0,61.0,288.0,162.0,59.0,221.0,game,Total,Under,,35.5,kalshi,-118,—,—,,13.0,,hit,,,,—,,
2026-09-20T19:22:51.890725+00:00,nfl,2026,2,401872934,4018729342857,3,7:29,Official Timeout at 07:29.,1,10,CIN 48,52,-7,Houston Texans,Cincinnati Bengals,3,10,9.5,90.5,227.0,61.0,288.0,162.0,59.0,221.0,game,ML,Cincinnati Bengals,,,polymarket,-810,—,—,,Win,,hit,,,,—,,
2026-09-20T19:22:51.890725+00:00,nfl,2026,2,401872934,4018729342857,3,7:29,Official Timeout at 07:29.,1,10,CIN 48,52,-7,Houston Texans,Cincinnati Bengals,3,10,9.5,90.5,227.0,61.0,288.0,162.0,59.0,221.0,game,ML,Houston Texans,,,kalshi,733,—,—,,Loss,,miss,,,,—,,
2026-09-20T19:22:51.890725+00:00,nfl,2026,2,401872934,4018729342867,3,7:29,(Shotgun) J.Burrow pass short right to J.Chase to HST 48 for 4 yards (A.Al-Shaair).,1,10,CIN 48,52,-7,Houston Texans,Cincinnati Bengals,3,10,9.5,90.5,227.0,61.0,288.0,162.0,59.0,221.0,game,Spread,Cincinnati Bengals,,-9.5,kalshi,-109,—,—,,-7,,miss,,,,—,,
2026-09-20T19:22:51.890725+00:00,nfl,2026,2,401872934,4018729342867,3,7:29,(Shotgun) J.Burrow pass short right to J.Chase to HST 48 for 4 yards (A.Al-Shaair).,1,10,CIN 48,52,-7,Houston Texans,Cincinnati Bengals,3,10,9.5,90.5,227.0,61.0,288.0,162.0,59.0,221.0,game,Spread,Houston Texans,,9.5,kalshi,-171,—,—,,-7,,hit,,,,—,,
2026-09-20T19:22:51.890725+00:00,nfl,2026,2,401872934,4018729342867,3,7:29,(Shotgun) J.Burrow pass short right to J.Chase to HST 48 for 4 yards (A.Al-Shaair).,1,10,CIN 48,52,-7,Houston Texans,Cincinnati Bengals,3,10,9.5,90.5,227.0,61.0,288.0,162.0,59.0,221.0,game,Total,Over,,35.5,kalshi,-186,—,—,,13.0,,miss,,,,—,,
2026-09-20T19:22:51.890725+00:00,nfl,2026,2,401872934,4018729342867,3,7:29,(Shotgun) J.Burrow pass short right to J.Chase to HST 48 for 4 yards (A.Al-Shaair).,1,10,CIN 48,52,-7,Houston Texans,Cincinnati Bengals,3,10,9.5,90.5,227.0,61.0,288.0,162.0,59.0,221.0,game,Total,Under,,35.5,kalshi,-118,—,—,,13.0,,hit,,,,—,,
2026-09-20T19:22:51.890725+00:00,nfl,2026,2,401872934,4018729342867,3,7:29,(Shotgun) J.Burrow pass short right to J.Chase to HST 48 for 4 yards (A.Al-Shaair).,1,10,CIN 48,52,-7,Houston Texans,Cincinnati Bengals,3,10,9.5,90.5,227.0,61.0,288.0,162.0,59.0,221.0,game,ML,Cincinnati Bengals,,,polymarket,-810,—,—,,Win,,hit,,,,—,,
2026-09-20T19:22:51.890725+00:00,nfl,2026,2,401872934,4018729342867,3,7:29,(Shotgun) J.Burrow pass short right to J.Chase to HST 48 for 4 yards (A.Al-Shaair).,1,10,CIN 48,52,-7,Houston Texans,Cincinnati Bengals,3,10,9.5,90.5,227.0,61.0,288.0,162.0,59.0,221.0,game,ML,Houston Texans,,,kalshi,733,—,—,,Loss,,miss,,,,—,,
2026-09-20T19:22:51.890725+00:00,nfl,2026,2,401872934,4018729342899,3,6:54,"PENALTY on CIN-O.Brown, False Start, 5 yards, enforced at HST 48 - No Play.",2,6,HOU 48,48,-7,Houston Texans,Cincinnati Bengals,3,10,9.5,90.5,227.0,61.0,288.0,162.0,59.0,221.0,game,Spread,Cincinnati Bengals,,-9.5,kalshi,-109,—,—,,-7,,miss,,,,—,,
2026-09-20T19:22:51.890725+00:00,nfl,2026,2,401872934,4018729342899,3,6:54,"PENALTY on CIN-O.Brown, False Start, 5 yards, enforced at HST 48 - No Play.",2,6,HOU 48,48,-7,Houston Texans,Cincinnati Bengals,3,10,9.5,90.5,227.0,61.0,288.0,162.0,59.0,221.0,game,Spread,Houston Texans,,9.5,kalshi,-171,—,—,,-7,,hit,,,,—,,
2026-09-20T19:22:51.890725+00:00,nfl,2026,2,401872934,4018729342899,3,6:54,"PENALTY on CIN-O.Brown, False Start, 5 yards, enforced at HST 48 - No Play.",2,6,HOU 48,48,-7,Houston Texans,Cincinnati Bengals,3,10,9.5,90.5,227.0,61.0,288.0,162.0,59.0,221.0,game,Total,Over,,35.5,kalshi,-186,—,—,,13.0,,miss,,,,—,,
2026-09-20T19:22:51.890725+00:00,nfl,2026,2,401872934,4018729342899,3,6:54,"PENALTY on CIN-O.Brown, False Start, 5 yards, enforced at HST 48 - No Play.",2,6,HOU 48,48,-7,Houston Texans,Cincinnati Bengals,3,10,9.5,90.5,227.0,61.0,288.0,162.0,59.0,221.0,game,Total,Under,,35.5,kalshi,-118,—,—,,13.0,,hit,,,,—,,
2026-09-20T19:22:51.890725+00:00,nfl,2026,2,401872934,4018729342899,3,6:54,"PENALTY on CIN-O.Brown, False Start, 5 yards, enforced at HST 48 - No Play.",2,6,HOU 48,48,-7,Houston Texans,Cincinnati Bengals,3,10,9.5,90.5,227.0,61.0,288.0,162.0,59.0,221.0,game,ML,Cincinnati Bengals,,,polymarket,-810,—,—,,Win,,hit,,,,—,,
2026-09-20T19:22:51.890725+00:00,nfl,2026,2,401872934,4018729342899,3,6:54,"PENALTY on CIN-O.Brown, False Start, 5 yards, enforced at HST 48 - No Play.",2,6,HOU 48,48,-7,Houston Texans,Cincinnati Bengals,3,10,9.5,90.5,227.0,61.0,288.0,162.0,59.0,221.0,game,ML,Houston Texans,,,kalshi,733,—,—,,Loss,,miss,,,,—,,
2026-09-20T19:22:51.890725+00:00,nfl,2026,2,401872934,4018729342923,3,6:34,(Shotgun) S.Perine right guard to HST 49 for 4 yards (L.Hall).,2,11,CIN 47,53,-7,Houston Texans,Cincinnati Bengals,3,10,9.5,90.5,227.0,61.0,288.0,162.0,59.0,221.0,game,Spread,Cincinnati Bengals,,-9.5,kalshi,-109,—,—,,-7,,miss,,,,—,,
2026-09-20T19:22:51.890725+00:00,nfl,2026,2,401872934,4018729342923,3,6:34,(Shotgun) S.Perine right guard to HST 49 for 4 yards (L.Hall).,2,11,CIN 47,53,-7,Houston Texans,Cincinnati Bengals,3,10,9.5,90.5,227.0,61.0,288.0,162.0,59.0,221.0,game,Spread,Houston Texans,,9.5,kalshi,-171,—,—,,-7,,hit,,,,—,,
2026-09-20T19:22:51.890725+00:00,nfl,2026,2,401872934,4018729342923,3,6:34,(Shotgun) S.Perine right guard to HST 49 for 4 yards (L.Hall).,2,11,CIN 47,53,-7,Houston Texans,Cincinnati Bengals,3,10,9.5,90.5,227.0,61.0,288.0,162.0,59.0,221.0,game,Total,Over,,35.5,kalshi,-186,—,—,,13.0,,miss,,,,—,,
2026-09-20T19:22:51.890725+00:00,nfl,2026,2,401872934,4018729342923,3,6:34,(Shotgun) S.Perine right guard to HST 49 for 4 yards (L.Hall).,2,11,CIN 47,53,-7,Houston Texans,Cincinnati Bengals,3,10,9.5,90.5,227.0,61.0,288.0,162.0,59.0,221.0,game,Total,Under,,35.5,kalshi,-118,—,—,,13.0,,hit,,,,—,,
2026-09-20T19:22:51.890725+00:00,nfl,2026,2,401872934,4018729342923,3,6:34,(Shotgun) S.Perine right guard to HST 49 for 4 yards (L.Hall).,2,11,CIN 47,53,-7,Houston Texans,Cincinnati Bengals,3,10,9.5,90.5,227.0,61.0,288.0,162.0,59.0,221.0,game,ML,Cincinnati Bengals,,,polymarket,-810,—,—,,Win,,hit,,,,—,,
2026-09-20T19:22:51.890725+00:00,nfl,2026,2,401872934,4018729342923,3,6:34,(Shotgun) S.Perine right guard to HST 49 for 4 yards (L.Hall).,2,11,CIN 47,53,-7,Houston Texans,Cincinnati Bengals,3,10,9.5,90.5,227.0,61.0,288.0,162.0,59.0,221.0,game,ML,Houston Texans,,,kalshi,733,—,—,,Loss,,miss,,,,—,,
2026-09-20T19:22:51.890725+00:00,nfl,2026,2,401872934,4018729342945,3,5:56,(Shotgun) J.Burrow pass short left to S.Perine to HST 33 for 16 yards (J.Smith) [L.Hall].,3,7,HOU 49,49,-7,Houston Texans,Cincinnati Bengals,3,10,9.5,90.5,227.0,61.0,288.0,162.0,59.0,221.0,game,Spread,Cincinnati Bengals,,-9.5,kalshi,-109,—,—,,-7,,miss,,,,—,,
2026-09-20T19:22:51.890725+00:00,nfl,2026,2,401872934,4018729342945,3,5:56,(Shotgun) J.Burrow pass short left to S.Perine to HST 33 for 16 yards (J.Smith) [L.Hall].,3,7,HOU 49,49,-7,Houston Texans,Cincinnati Bengals,3,10,9.5,90.5,227.0,61.0,288.0,162.0,59.0,221.0,game,Spread,Houston Texans,,9.5,kalshi,-171,—,—,,-7,,hit,,,,—,,
2026-09-20T19:22:51.890725+00:00,nfl,2026,2,401872934,4018729342945,3,5:56,(Shotgun) J.Burrow pass short left to S.Perine to HST 33 for 16 yards (J.Smith) [L.Hall].,3,7,HOU 49,49,-7,Houston Texans,Cincinnati Bengals,3,10,9.5,90.5,227.0,61.0,288.0,162.0,59.0,221.0,game,Total,Over,,35.5,kalshi,-186,—,—,,13.0,,miss,,,,—,,
2026-09-20T19:22:51.890725+00:00,nfl,2026,2,401872934,4018729342945,3,5:56,(Shotgun) J.Burrow pass short left to S.Perine to HST 33 for 16 yards (J.Smith) [L.Hall].,3,7,HOU 49,49,-7,Houston Texans,Cincinnati Bengals,3,10,9.5,90.5,227.0,61.0,288.0,162.0,59.0,221.0,game,Total,Under,,35.5,kalshi,-118,—,—,,13.0,,hit,,,,—,,
2026-09-20T19:22:51.890725+00:00,nfl,2026,2,401872934,4018729342945,3,5:56,(Shotgun) J.Burrow pass short left to S.Perine to HST 33 for 16 yards (J.Smith) [L.Hall].,3,7,HOU 49,49,-7,Houston Texans,Cincinnati Bengals,3,10,9.5,90.5,227.0,61.0,288.0,162.0,59.0,221.0,game,ML,Cincinnati Bengals,,,polymarket,-810,—,—,,Win,,hit,,,,—,,
2026-09-20T19:22:51.890725+00:00,nfl,2026,2,401872934,4018729342945,3,5:56,(Shotgun) J.Burrow pass short left to S.Perine to HST 33 for 16 yards (J.Smith) [L.Hall].,3,7,HOU 49,49,-7,Houston Texans,Cincinnati Bengals,3,10,9.5,90.5,227.0,61.0,288.0,162.0,59.0,221.0,game,ML,Houston Texans,,,kalshi,733,—,—,,Loss,,miss,,,,—,,
2026-09-20T19:22:51.890725+00:00,nfl,2026,2,401872934,4018729342970,3,5:11,J.Burrow pass incomplete short left to E.All (D.Hunter).,1,10,HOU 33,33,-7,Houston Texans,Cincinnati Bengals,3,10,9.5,90.5,227.0,61.0,288.0,162.0,59.0,221.0,game,Spread,Cincinnati Bengals,,-9.5,kalshi,-109,—,—,,-7,,miss,,,,—,,
2026-09-20T19:22:51.890725+00:00,nfl,2026,2,401872934,4018729342970,3,5:11,J.Burrow pass incomplete short left to E.All (D.Hunter).,1,10,HOU 33,33,-7,Houston Texans,Cincinnati Bengals,3,10,9.5,90.5,227.0,61.0,288.0,162.0,59.0,221.0,game,Spread,Houston Texans,,9.5,kalshi,-171,—,—,,-7,,hit,,,,—,,
2026-09-20T19:22:51.890725+00:00,nfl,2026,2,401872934,4018729342970,3,5:11,J.Burrow pass incomplete short left to E.All (D.Hunter).,1,10,HOU 33,33,-7,Houston Texans,Cincinnati Bengals,3,10,9.5,90.5,227.0,61.0,288.0,162.0,59.0,221.0,game,Total,Over,,35.5,kalshi,-186,—,—,,13.0,,miss,,,,—,,
2026-09-20T19:22:51.890725+00:00,nfl,2026,2,401872934,4018729342970,3,5:11,J.Burrow pass incomplete short left to E.All (D.Hunter).,1,10,HOU 33,33,-7,Houston Texans,Cincinnati Bengals,3,10,9.5,90.5,227.0,61.0,288.0,162.0,59.0,221.0,game,Total,Under,,35.5,kalshi,-118,—,—,,13.0,,hit,,,,—,,
2026-09-20T19:22:51.890725+00:00,nfl,2026,2,401872934,4018729342970,3,5:11,J.Burrow pass incomplete short left to E.All (D.Hunter).,1,10,HOU 33,33,-7,Houston Texans,Cincinnati Bengals,3,10,9.5,90.5,227.0,61.0,288.0,162.0,59.0,221.0,game,ML,Cincinnati Bengals,,,polymarket,-810,—,—,,Win,,hit,,,,—,,
2026-09-20T19:22:51.890725+00:00,nfl,2026,2,401872934,4018729342970,3,5:11,J.Burrow pass incomplete short left to E.All (D.Hunter).,1,10,HOU 33,33,-7,Houston Texans,Cincinnati Bengals,3,10,9.5,90.5,227.0,61.0,288.0,162.0,59.0,221.0,game,ML,Houston Texans,,,kalshi,733,—,—,,Loss,,miss,,,,—,,
2026-09-20T19:22:51.890725+00:00,nfl,2026,2,401872934,4018729342993,3,5:06,C.Brown left guard to HST 22 for 11 yards (J.Pitre).,2,10,HOU 33,33,-7,Houston Texans,Cincinnati Bengals,3,10,9.5,90.5,227.0,61.0,288.0,162.0,59.0,221.0,game,Spread,Cincinnati Bengals,,-9.5,kalshi,-109,—,—,,-7,,miss,,,,—,,
2026-09-20T19:22:51.890725+00:00,nfl,2026,2,401872934,4018729342993,3,5:06,C.Brown left guard to HST 22 for 11 yards (J.Pitre).,2,10,HOU 33,33,-7,Houston Texans,Cincinnati Bengals,3,10,9.5,90.5,227.0,61.0,288.0,162.0,59.0,221.0,game,Spread,Houston Texans,,9.5,kalshi,-171,—,—,,-7,,hit,,,,—,,
2026-09-20T19:22:51.890725+00:00,nfl,2026,2,401872934,4018729342993,3,5:06,C.Brown left guard to HST 22 for 11 yards (J.Pitre).,2,10,HOU 33,33,-7,Houston Texans,Cincinnati Bengals,3,10,9.5,90.5,227.0,61.0,288.0,162.0,59.0,221.0,game,Total,Over,,35.5,kalshi,-186,—,—,,13.0,,miss,,,,—,,
2026-09-20T19:22:51.890725+00:00,nfl,2026,2,401872934,4018729342993,3,5:06,C.Brown left guard to HST 22 for 11 yards (J.Pitre).,2,10,HOU 33,33,-7,Houston Texans,Cincinnati Bengals,3,10,9.5,90.5,227.0,61.0,288.0,162.0,59.0,221.0,game,Total,Under,,35.5,kalshi,-118,—,—,,13.0,,hit,,,,—,,
2026-09-20T19:22:51.890725+00:00,nfl,2026,2,401872934,4018729342993,3,5:06,C.Brown left guard to HST 22 for 11 yards (J.Pitre).,2,10,HOU 33,33,-7,Houston Texans,Cincinnati Bengals,3,10,9.5,90.5,227.0,61.0,288.0,162.0,59.0,221.0,game,ML,Cincinnati Bengals,,,polymarket,-810,—,—,,Win,,hit,,,,—,,
2026-09-20T19:22:51.890725+00:00,nfl,2026,2,401872934,4018729342993,3,5:06,C.Brown left guard to HST 22 for 11 yards (J.Pitre).,2,10,HOU 33,33,-7,Houston Texans,Cincinnati Bengals,3,10,9.5,90.5,227.0,61.0,288.0,162.0,59.0,221.0,game,ML,Houston Texans,,,kalshi,733,—,—,,Loss,,miss,,,,—,,
2026-09-20T19:22:51.890725+00:00,nfl,2026,2,401872934,4018729343015,3,4:31,C.Brown left tackle to HST 20 for 2 yards (J.Pitre).,1,10,HOU 22,22,-7,Houston Texans,Cincinnati Bengals,3,10,9.5,90.5,227.0,61.0,288.0,162.0,59.0,221.0,game,Spread,Cincinnati Bengals,,-9.5,kalshi,-109,—,—,,-7,,miss,,,,—,,
2026-09-20T19:22:51.890725+00:00,nfl,2026,2,401872934,4018729343015,3,4:31,C.Brown left tackle to HST 20 for 2 yards (J.Pitre).,1,10,HOU 22,22,-7,Houston Texans,Cincinnati Bengals,3,10,9.5,90.5,227.0,61.0,288.0,162.0,59.0,221.0,game,Spread,Houston Texans,,9.5,kalshi,-171,—,—,,-7,,hit,,,,—,,
2026-09-20T19:22:51.890725+00:00,nfl,2026,2,401872934,4018729343015,3,4:31,C.Brown left tackle to HST 20 for 2 yards (J.Pitre).,1,10,HOU 22,22,-7,Houston Texans,Cincinnati Bengals,3,10,9.5,90.5,227.0,61.0,288.0,162.0,59.0,221.0,game,Total,Over,,35.5,kalshi,-186,—,—,,13.0,,miss,,,,—,,
2026-09-20T19:22:51.890725+00:00,nfl,2026,2,401872934,4018729343015,3,4:31,C.Brown left tackle to HST 20 for 2 yards (J.Pitre).,1,10,HOU 22,22,-7,Houston Texans,Cincinnati Bengals,3,10,9.5,90.5,227.0,61.0,288.0,162.0,59.0,221.0,game,Total,Under,,35.5,kalshi,-118,—,—,,13.0,,hit,,,,—,,
2026-09-20T19:22:51.890725+00:00,nfl,2026,2,401872934,4018729343015,3,4:31,C.Brown left tackle to HST 20 for 2 yards (J.Pitre).,1,10,HOU 22,22,-7,Houston Texans,Cincinnati Bengals,3,10,9.5,90.5,227.0,61.0,288.0,162.0,59.0,221.0,game,ML,Cincinnati Bengals,,,polymarket,-810,—,—,,Win,,hit,,,,—,,
2026-09-20T19:22:51.890725+00:00,nfl,2026,2,401872934,4018729343015,3,4:31,C.Brown left tackle to HST 20 for 2 yards (J.Pitre).,1,10,HOU 22,22,-7,Houston Texans,Cincinnati Bengals,3,10,9.5,90.5,227.0,61.0,288.0,162.0,59.0,221.0,game,ML,Houston Texans,,,kalshi,733,—,—,,Loss,,miss,,,,—,,
2026-09-20T19:22:51.890725+00:00,nfl,2026,2,401872934,4018729343037,3,3:51,C.Brown up the middle pushed ob at HST 18 for 2 yards (A.Al-Shaair).,2,8,HOU 20,20,-7,Houston Texans,Cincinnati Bengals,3,10,9.5,90.5,227.0,61.0,288.0,162.0,59.0,221.0,game,Spread,Cincinnati Bengals,,-9.5,kalshi,-109,—,—,,-7,,miss,,,,—,,
2026-09-20T19:22:51.890725+00:00,nfl,2026,2,401872934,4018729343037,3,3:51,C.Brown up the middle pushed ob at HST 18 for 2 yards (A.Al-Shaair).,2,8,HOU 20,20,-7,Houston Texans,Cincinnati Bengals,3,10,9.5,90.5,227.0,61.0,288.0,162.0,59.0,221.0,game,Spread,Houston Texans,,9.5,kalshi,-171,—,—,,-7,,hit,,,,—,,
2026-09-20T19:22:51.890725+00:00,nfl,2026,2,401872934,4018729343037,3,3:51,C.Brown up the middle pushed ob at HST 18 for 2 yards (A.Al-Shaair).,2,8,HOU 20,20,-7,Houston Texans,Cincinnati Bengals,3,10,9.5,90.5,227.0,61.0,288.0,162.0,59.0,221.0,game,Total,Over,,35.5,kalshi,-186,—,—,,13.0,,miss,,,,—,,
2026-09-20T19:22:51.890725+00:00,nfl,2026,2,401872934,4018729343037,3,3:51,C.Brown up the middle pushed ob at HST 18 for 2 yards (A.Al-Shaair).,2,8,HOU 20,20,-7,Houston Texans,Cincinnati Bengals,3,10,9.5,90.5,227.0,61.0,288.0,162.0,59.0,221.0,game,Total,Under,,35.5,kalshi,-118,—,—,,13.0,,hit,,,,—,,
2026-09-20T19:22:51.890725+00:00,nfl,2026,2,401872934,4018729343037,3,3:51,C.Brown up the middle pushed ob at HST 18 for 2 yards (A.Al-Shaair).,2,8,HOU 20,20,-7,Houston Texans,Cincinnati Bengals,3,10,9.5,90.5,227.0,61.0,288.0,162.0,59.0,221.0,game,ML,Cincinnati Bengals,,,polymarket,-810,—,—,,Win,,hit,,,,—,,
2026-09-20T19:22:51.890725+00:00,nfl,2026,2,401872934,4018729343037,3,3:51,C.Brown up the middle pushed ob at HST 18 for 2 yards (A.Al-Shaair).,2,8,HOU 20,20,-7,Houston Texans,Cincinnati Bengals,3,10,9.5,90.5,227.0,61.0,288.0,162.0,59.0,221.0,game,ML,Houston Texans,,,kalshi,733,—,—,,Loss,,miss,,,,—,,
2026-09-20T19:22:51.890725+00:00,nfl,2026,2,401872934,4018729343098,3,3:03,Official Timeout at 03:03.,-1,11,HOU 15,15,-14,Houston Texans,Cincinnati Bengals,3,17,9.5,90.5,227.0,61.0,288.0,162.0,59.0,221.0,game,Spread,Cincinnati Bengals,,-9.5,kalshi,-109,—,—,,-14,,hit,,,,—,,
2026-09-20T19:22:51.890725+00:00,nfl,2026,2,401872934,4018729343098,3,3:03,Official Timeout at 03:03.,-1,11,HOU 15,15,-14,Houston Texans,Cincinnati Bengals,3,17,9.5,90.5,227.0,61.0,288.0,162.0,59.0,221.0,game,Spread,Houston Texans,,9.5,kalshi,-171,—,—,,-14,,miss,,,,—,,
2026-09-20T19:22:51.890725+00:00,nfl,2026,2,401872934,4018729343098,3,3:03,Official Timeout at 03:03.,-1,11,HOU 15,15,-14,Houston Texans,Cincinnati Bengals,3,17,9.5,90.5,227.0,61.0,288.0,162.0,59.0,221.0,game,Total,Over,,35.5,kalshi,-186,—,—,,20.0,,miss,,,,—,,
2026-09-20T19:22:51.890725+00:00,nfl,2026,2,401872934,4018729343098,3,3:03,Official Timeout at 03:03.,-1,11,HOU 15,15,-14,Houston Texans,Cincinnati Bengals,3,17,9.5,90.5,227.0,61.0,288.0,162.0,59.0,221.0,game,Total,Under,,35.5,kalshi,-118,—,—,,20.0,,hit,,,,—,,
2026-09-20T19:22:51.890725+00:00,nfl,2026,2,401872934,4018729343098,3,3:03,Official Timeout at 03:03.,-1,11,HOU 15,15,-14,Houston Texans,Cincinnati Bengals,3,17,9.5,90.5,227.0,61.0,288.0,162.0,59.0,221.0,game,ML,Cincinnati Bengals,,,polymarket,-810,—,—,,Win,,hit,,,,—,,
2026-09-20T19:22:51.890725+00:00,nfl,2026,2,401872934,4018729343098,3,3:03,Official Timeout at 03:03.,-1,11,HOU 15,15,-14,Houston Texans,Cincinnati Bengals,3,17,9.5,90.5,227.0,61.0,288.0,162.0,59.0,221.0,game,ML,Houston Texans,,,kalshi,733,—,—,,Loss,,miss,,,,—,,
2026-09-20T19:22:51.890725+00:00,nfl,2026,2,401872934,4018729343064,3,3:03,"(Shotgun) J.Burrow pass deep right to J.Chase for 18 yards, TOUCHDOWN. E.McPherson extra point is GOOD, Center-W.Wagner, Holder-R.Rehkow.",3,6,HOU 18,18,-14,Houston Texans,Cincinnati Bengals,3,17,9.5,90.5,227.0,61.0,288.0,162.0,59.0,221.0,game,Spread,Cincinnati Bengals,,-9.5,kalshi,-109,—,—,,-14,,hit,,,,—,,
2026-09-20T19:22:51.890725+00:00,nfl,2026,2,401872934,4018729343064,3,3:03,"(Shotgun) J.Burrow pass deep right to J.Chase for 18 yards, TOUCHDOWN. E.McPherson extra point is GOOD, Center-W.Wagner, Holder-R.Rehkow.",3,6,HOU 18,18,-14,Houston Texans,Cincinnati Bengals,3,17,9.5,90.5,227.0,61.0,288.0,162.0,59.0,221.0,game,Spread,Houston Texans,,9.5,kalshi,-171,—,—,,-14,,miss,,,,—,,
2026-09-20T19:22:51.890725+00:00,nfl,2026,2,401872934,4018729343064,3,3:03,"(Shotgun) J.Burrow pass deep right to J.Chase for 18 yards, TOUCHDOWN. E.McPherson extra point is GOOD, Center-W.Wagner, Holder-R.Rehkow.",3,6,HOU 18,18,-14,Houston Texans,Cincinnati Bengals,3,17,9.5,90.5,227.0,61.0,288.0,162.0,59.0,221.0,game,Total,Over,,35.5,kalshi,-186,—,—,,20.0,,miss,,,,—,,
2026-09-20T19:22:51.890725+00:00,nfl,2026,2,401872934,4018729343064,3,3:03,"(Shotgun) J.Burrow pass deep right to J.Chase for 18 yards, TOUCHDOWN. E.McPherson extra point is GOOD, Center-W.Wagner, Holder-R.Rehkow.",3,6,HOU 18,18,-14,Houston Texans,Cincinnati Bengals,3,17,9.5,90.5,227.0,61.0,288.0,162.0,59.0,221.0,game,Total,Under,,35.5,kalshi,-118,—,—,,20.0,,hit,,,,—,,
2026-09-20T19:22:51.890725+00:00,nfl,2026,2,401872934,4018729343064,3,3:03,"(Shotgun) J.Burrow pass deep right to J.Chase for 18 yards, TOUCHDOWN. E.McPherson extra point is GOOD, Center-W.Wagner, Holder-R.Rehkow.",3,6,HOU 18,18,-14,Houston Texans,Cincinnati Bengals,3,17,9.5,90.5,227.0,61.0,288.0,162.0,59.0,221.0,game,ML,Cincinnati Bengals,,,polymarket,-810,—,—,,Win,,hit,,,,—,,
2026-09-20T19:22:51.890725+00:00,nfl,2026,2,401872934,4018729343064,3,3:03,"(Shotgun) J.Burrow pass deep right to J.Chase for 18 yards, TOUCHDOWN. E.McPherson extra point is GOOD, Center-W.Wagner, Holder-R.Rehkow.",3,6,HOU 18,18,-14,Houston Texans,Cincinnati Bengals,3,17,9.5,90.5,227.0,61.0,288.0,162.0,59.0,221.0,game,ML,Houston Texans,,,kalshi,733,—,—,,Loss,,miss,,,,—,,
2026-09-20T19:22:51.890725+00:00,nfl,2026,2,401872934,4018729343105,3,3:03,E.McPherson kicks 52 yards from CIN 35 to HST 13. W.Marks to HST 31 for 18 yards (C.Johnson).,3,11,CIN 27,65,-14,Houston Texans,Cincinnati Bengals,3,17,9.5,90.5,227.0,61.0,288.0,162.0,59.0,221.0,game,Spread,Cincinnati Bengals,,-9.5,kalshi,-109,—,—,,-14,,hit,,,,—,,
2026-09-20T19:22:51.890725+00:00,nfl,2026,2,401872934,4018729343105,3,3:03,E.McPherson kicks 52 yards from CIN 35 to HST 13. W.Marks to HST 31 for 18 yards (C.Johnson).,3,11,CIN 27,65,-14,Houston Texans,Cincinnati Bengals,3,17,9.5,90.5,227.0,61.0,288.0,162.0,59.0,221.0,game,Spread,Houston Texans,,9.5,kalshi,-171,—,—,,-14,,miss,,,,—,,
2026-09-20T19:22:51.890725+00:00,nfl,2026,2,401872934,4018729343105,3,3:03,E.McPherson kicks 52 yards from CIN 35 to HST 13. W.Marks to HST 31 for 18 yards (C.Johnson).,3,11,CIN 27,65,-14,Houston Texans,Cincinnati Bengals,3,17,9.5,90.5,227.0,61.0,288.0,162.0,59.0,221.0,game,Total,Over,,35.5,kalshi,-186,—,—,,20.0,,miss,,,,—,,
2026-09-20T19:22:51.890725+00:00,nfl,2026,2,401872934,4018729343105,3,3:03,E.McPherson kicks 52 yards from CIN 35 to HST 13. W.Marks to HST 31 for 18 yards (C.Johnson).,3,11,CIN 27,65,-14,Houston Texans,Cincinnati Bengals,3,17,9.5,90.5,227.0,61.0,288.0,162.0,59.0,221.0,game,Total,Under,,35.5,kalshi,-118,—,—,,20.0,,hit,,,,—,,
2026-09-20T19:22:51.890725+00:00,nfl,2026,2,401872934,4018729343105,3,3:03,E.McPherson kicks 52 yards from CIN 35 to HST 13. W.Marks to HST 31 for 18 yards (C.Johnson).,3,11,CIN 27,65,-14,Houston Texans,Cincinnati Bengals,3,17,9.5,90.5,227.0,61.0,288.0,162.0,59.0,221.0,game,ML,Cincinnati Bengals,,,polymarket,-810,—,—,,Win,,hit,,,,—,,
2026-09-20T19:22:51.890725+00:00,nfl,2026,2,401872934,4018729343105,3,3:03,E.McPherson kicks 52 yards from CIN 35 to HST 13. W.Marks to HST 31 for 18 yards (C.Johnson).,3,11,CIN 27,65,-14,Houston Texans,Cincinnati Bengals,3,17,9.5,90.5,227.0,61.0,288.0,162.0,59.0,221.0,game,ML,Houston Texans,,,kalshi,733,—,—,,Loss,,miss,,,,—,,
2026-09-20T19:22:51.890725+00:00,nfl,2026,2,401872934,4018729343135,3,2:59,"(Shotgun) C.Stroud scrambles right end ran ob at HST 42 for 11 yards (S.Stewart).PENALTY on CIN-B.Carter, Defensive Holding, 5 yards, enforced at HST 42.",1,10,HOU 31,31,-14,Houston Texans,Cincinnati Bengals,3,17,9.5,90.5,227.0,61.0,288.0,162.0,59.0,221.0,game,Spread,Cincinnati Bengals,,-9.5,kalshi,-109,—,—,,-14,,hit,,,,—,,
2026-09-20T19:22:51.890725+00:00,nfl,2026,2,401872934,4018729343135,3,2:59,"(Shotgun) C.Stroud scrambles right end ran ob at HST 42 for 11 yards (S.Stewart).PENALTY on CIN-B.Carter, Defensive Holding, 5 yards, enforced at HST 42.",1,10,HOU 31,31,-14,Houston Texans,Cincinnati Bengals,3,17,9.5,90.5,227.0,61.0,288.0,162.0,59.0,221.0,game,Spread,Houston Texans,,9.5,kalshi,-171,—,—,,-14,,miss,,,,—,,
2026-09-20T19:22:51.890725+00:00,nfl,2026,2,401872934,4018729343135,3,2:59,"(Shotgun) C.Stroud scrambles right end ran ob at HST 42 for 11 yards (S.Stewart).PENALTY on CIN-B.Carter, Defensive Holding, 5 yards, enforced at HST 42.",1,10,HOU 31,31,-14,Houston Texans,Cincinnati Bengals,3,17,9.5,90.5,227.0,61.0,288.0,162.0,59.0,221.0,game,Total,Over,,35.5,kalshi,-186,—,—,,20.0,,miss,,,,—,,
2026-09-20T19:22:51.890725+00:00,nfl,2026,2,401872934,4018729343135,3,2:59,"(Shotgun) C.Stroud scrambles right end ran ob at HST 42 for 11 yards (S.Stewart).PENALTY on CIN-B.Carter, Defensive Holding, 5 yards, enforced at HST 42.",1,10,HOU 31,31,-14,Houston Texans,Cincinnati Bengals,3,17,9.5,90.5,227.0,61.0,288.0,162.0,59.0,221.0,game,Total,Under,,35.5,kalshi,-118,—,—,,20.0,,hit,,,,—,,
2026-09-20T19:22:51.890725+00:00,nfl,2026,2,401872934,4018729343135,3,2:59,"(Shotgun) C.Stroud scrambles right end ran ob at HST 42 for 11 yards (S.Stewart).PENALTY on CIN-B.Carter, Defensive Holding, 5 yards, enforced at HST 42.",1,10,HOU 31,31,-14,Houston Texans,Cincinnati Bengals,3,17,9.5,90.5,227.0,61.0,288.0,162.0,59.0,221.0,game,ML,Cincinnati Bengals,,,polymarket,-810,—,—,,Win,,hit,,,,—,,
2026-09-20T19:22:51.890725+00:00,nfl,2026,2,401872934,4018729343135,3,2:59,"(Shotgun) C.Stroud scrambles right end ran ob at HST 42 for 11 yards (S.Stewart).PENALTY on CIN-B.Carter, Defensive Holding, 5 yards, enforced at HST 42.",1,10,HOU 31,31,-14,Houston Texans,Cincinnati Bengals,3,17,9.5,90.5,227.0,61.0,288.0,162.0,59.0,221.0,game,ML,Houston Texans,,,kalshi,733,—,—,,Loss,,miss,,,,—,,
2026-09-20T19:22:51.890725+00:00,nfl,2026,2,401872934,4018729343173,3,2:39,(Shotgun) C.Stroud pass short right to D.Montgomery to CIN 47 for 6 yards (J.Battle; D.Knight).,1,10,HOU 47,47,-14,Houston Texans,Cincinnati Bengals,3,17,9.5,90.5,227.0,61.0,288.0,162.0,59.0,221.0,game,Spread,Cincinnati Bengals,,-9.5,kalshi,-109,—,—,,-14,,hit,,,,—,,
2026-09-20T19:22:51.890725+00:00,nfl,2026,2,401872934,4018729343173,3,2:39,(Shotgun) C.Stroud pass short right to D.Montgomery to CIN 47 for 6 yards (J.Battle; D.Knight).,1,10,HOU 47,47,-14,Houston Texans,Cincinnati Bengals,3,17,9.5,90.5,227.0,61.0,288.0,162.0,59.0,221.0,game,Spread,Houston Texans,,9.5,kalshi,-171,—,—,,-14,,miss,,,,—,,
2026-09-20T19:22:51.890725+00:00,nfl,2026,2,401872934,4018729343173,3,2:39,(Shotgun) C.Stroud pass short right to D.Montgomery to CIN 47 for 6 yards (J.Battle; D.Knight).,1,10,HOU 47,47,-14,Houston Texans,Cincinnati Bengals,3,17,9.5,90.5,227.0,61.0,288.0,162.0,59.0,221.0,game,Total,Over,,35.5,kalshi,-186,—,—,,20.0,,miss,,,,—,,
2026-09-20T19:22:51.890725+00:00,nfl,2026,2,401872934,4018729343173,3,2:39,(Shotgun) C.Stroud pass short right to D.Montgomery to CIN 47 for 6 yards (J.Battle; D.Knight).,1,10,HOU 47,47,-14,Houston Texans,Cincinnati Bengals,3,17,9.5,90.5,227.0,61.0,288.0,162.0,59.0,221.0,game,Total,Under,,35.5,kalshi,-118,—,—,,20.0,,hit,,,,—,,
2026-09-20T19:22:51.890725+00:00,nfl,2026,2,401872934,4018729343173,3,2:39,(Shotgun) C.Stroud pass short right to D.Montgomery to CIN 47 for 6 yards (J.Battle; D.Knight).,1,10,HOU 47,47,-14,Houston Texans,Cincinnati Bengals,3,17,9.5,90.5,227.0,61.0,288.0,162.0,59.0,221.0,game,ML,Cincinnati Bengals,,,polymarket,-810,—,—,,Win,,hit,,,,—,,
2026-09-20T19:22:51.890725+00:00,nfl,2026,2,401872934,4018729343173,3,2:39,(Shotgun) C.Stroud pass short right to D.Montgomery to CIN 47 for 6 yards (J.Battle; D.Knight).,1,10,HOU 47,47,-14,Houston Texans,Cincinnati Bengals,3,17,9.5,90.5,227.0,61.0,288.0,162.0,59.0,221.0,game,ML,Houston Texans,,,kalshi,733,—,—,,Loss,,miss,,,,—,,
2026-09-20T19:22:51.890725+00:00,nfl,2026,2,401872934,4018729343198,3,1:58,(Shotgun) C.Stroud pass deep left to K.Boutte to CIN 26 for 21 yards (J.Davis).,2,4,CIN 47,53,-14,Houston Texans,Cincinnati Bengals,3,17,9.5,90.5,227.0,61.0,288.0,162.0,59.0,221.0,game,Spread,Cincinnati Bengals,,-9.5,kalshi,-109,—,—,,-14,,hit,,,,—,,
2026-09-20T19:22:51.890725+00:00,nfl,2026,2,401872934,4018729343198,3,1:58,(Shotgun) C.Stroud pass deep left to K.Boutte to CIN 26 for 21 yards (J.Davis).,2,4,CIN 47,53,-14,Houston Texans,Cincinnati Bengals,3,17,9.5,90.5,227.0,61.0,288.0,162.0,59.0,221.0,game,Spread,Houston Texans,,9.5,kalshi,-171,—,—,,-14,,miss,,,,—,,
2026-09-20T19:22:51.890725+00:00,nfl,2026,2,401872934,4018729343198,3,1:58,(Shotgun) C.Stroud pass deep left to K.Boutte to CIN 26 for 21 yards (J.Davis).,2,4,CIN 47,53,-14,Houston Texans,Cincinnati Bengals,3,17,9.5,90.5,227.0,61.0,288.0,162.0,59.0,221.0,game,Total,Over,,35.5,kalshi,-186,—,—,,20.0,,miss,,,,—,,
2026-09-20T19:22:51.890725+00:00,nfl,2026,2,401872934,4018729343198,3,1:58,(Shotgun) C.Stroud pass deep left to K.Boutte to CIN 26 for 21 yards (J.Davis).,2,4,CIN 47,53,-14,Houston Texans,Cincinnati Bengals,3,17,9.5,90.5,227.0,61.0,288.0,162.0,59.0,221.0,game,Total,Under,,35.5,kalshi,-118,—,—,,20.0,,hit,,,,—,,
2026-09-20T19:22:51.890725+00:00,nfl,2026,2,401872934,4018729343198,3,1:58,(Shotgun) C.Stroud pass deep left to K.Boutte to CIN 26 for 21 yards (J.Davis).,2,4,CIN 47,53,-14,Houston Texans,Cincinnati Bengals,3,17,9.5,90.5,227.0,61.0,288.0,162.0,59.0,221.0,game,ML,Cincinnati Bengals,,,polymarket,-810,—,—,,Win,,hit,,,,—,,
2026-09-20T19:22:51.890725+00:00,nfl,2026,2,401872934,4018729343198,3,1:58,(Shotgun) C.Stroud pass deep left to K.Boutte to CIN 26 for 21 yards (J.Davis).,2,4,CIN 47,53,-14,Houston Texans,Cincinnati Bengals,3,17,9.5,90.5,227.0,61.0,288.0,162.0,59.0,221.0,game,ML,Houston Texans,,,kalshi,733,—,—,,Loss,,miss,,,,—,,
2026-09-20T19:22:51.890725+00:00,nfl,2026,2,401872934,4018729343223,3,1:28," (No Huddle, Shotgun) C.Stroud scrambles left end to CIN 22 for 4 yards (B.Cook).",1,10,CIN 26,74,-14,Houston Texans,Cincinnati Bengals,3,17,9.5,90.5,227.0,61.0,288.0,162.0,59.0,221.0,game,Spread,Cincinnati Bengals,,-9.5,kalshi,-109,—,—,,-14,,hit,,,,—,,
2026-09-20T19:22:51.890725+00:00,nfl,2026,2,401872934,4018729343223,3,1:28," (No Huddle, Shotgun) C.Stroud scrambles left end to CIN 22 for 4 yards (B.Cook).",1,10,CIN 26,74,-14,Houston Texans,Cincinnati Bengals,3,17,9.5,90.5,227.0,61.0,288.0,162.0,59.0,221.0,game,Spread,Houston Texans,,9.5,kalshi,-171,—,—,,-14,,miss,,,,—,,
2026-09-20T19:22:51.890725+00:00,nfl,2026,2,401872934,4018729343223,3,1:28," (No Huddle, Shotgun) C.Stroud scrambles left end to CIN 22 for 4 yards (B.Cook).",1,10,CIN 26,74,-14,Houston Texans,Cincinnati Bengals,3,17,9.5,90.5,227.0,61.0,288.0,162.0,59.0,221.0,game,Total,Over,,35.5,kalshi,-186,—,—,,20.0,,miss,,,,—,,
2026-09-20T19:22:51.890725+00:00,nfl,2026,2,401872934,4018729343223,3,1:28," (No Huddle, Shotgun) C.Stroud scrambles left end to CIN 22 for 4 yards (B.Cook).",1,10,CIN 26,74,-14,Houston Texans,Cincinnati Bengals,3,17,9.5,90.5,227.0,61.0,288.0,162.0,59.0,221.0,game,Total,Under,,35.5,kalshi,-118,—,—,,20.0,,hit,,,,—,,
2026-09-20T19:22:51.890725+00:00,nfl,2026,2,401872934,4018729343223,3,1:28," (No Huddle, Shotgun) C.Stroud scrambles left end to CIN 22 for 4 yards (B.Cook).",1,10,CIN 26,74,-14,Houston Texans,Cincinnati Bengals,3,17,9.5,90.5,227.0,61.0,288.0,162.0,59.0,221.0,game,ML,Cincinnati Bengals,,,polymarket,-810,—,—,,Win,,hit,,,,—,,
2026-09-20T19:22:51.890725+00:00,nfl,2026,2,401872934,4018729343223,3,1:28," (No Huddle, Shotgun) C.Stroud scrambles left end to CIN 22 for 4 yards (B.Cook).",1,10,CIN 26,74,-14,Houston Texans,Cincinnati Bengals,3,17,9.5,90.5,227.0,61.0,288.0,162.0,59.0,221.0,game,ML,Houston Texans,,,kalshi,733,—,—,,Loss,,miss,,,,—,,
2026-09-20T19:22:51.890725+00:00,nfl,2026,2,401872934,4018729343245,3,0:49, (Shotgun) C.Stroud pass incomplete deep right to J.Wayne.,2,6,CIN 22,78,-14,Houston Texans,Cincinnati Bengals,3,17,9.5,90.5,227.0,61.0,288.0,162.0,59.0,221.0,game,Spread,Cincinnati Bengals,,-9.5,kalshi,-109,—,—,,-14,,hit,,,,—,,
2026-09-20T19:22:51.890725+00:00,nfl,2026,2,401872934,4018729343245,3,0:49, (Shotgun) C.Stroud pass incomplete deep right to J.Wayne.,2,6,CIN 22,78,-14,Houston Texans,Cincinnati Bengals,3,17,9.5,90.5,227.0,61.0,288.0,162.0,59.0,221.0,game,Spread,Houston Texans,,9.5,kalshi,-171,—,—,,-14,,miss,,,,—,,
2026-09-20T19:22:51.890725+00:00,nfl,2026,2,401872934,4018729343245,3,0:49, (Shotgun) C.Stroud pass incomplete deep right to J.Wayne.,2,6,CIN 22,78,-14,Houston Texans,Cincinnati Bengals,3,17,9.5,90.5,227.0,61.0,288.0,162.0,59.0,221.0,game,Total,Over,,35.5,kalshi,-186,—,—,,20.0,,miss,,,,—,,
2026-09-20T19:22:51.890725+00:00,nfl,2026,2,401872934,4018729343245,3,0:49, (Shotgun) C.Stroud pass incomplete deep right to J.Wayne.,2,6,CIN 22,78,-14,Houston Texans,Cincinnati Bengals,3,17,9.5,90.5,227.0,61.0,288.0,162.0,59.0,221.0,game,Total,Under,,35.5,kalshi,-118,—,—,,20.0,,hit,,,,—,,
2026-09-20T19:22:51.890725+00:00,nfl,2026,2,401872934,4018729343245,3,0:49, (Shotgun) C.Stroud pass incomplete deep right to J.Wayne.,2,6,CIN 22,78,-14,Houston Texans,Cincinnati Bengals,3,17,9.5,90.5,227.0,61.0,288.0,162.0,59.0,221.0,game,ML,Cincinnati Bengals,,,polymarket,-810,—,—,,Win,,hit,,,,—,,
2026-09-20T19:22:51.890725+00:00,nfl,2026,2,401872934,4018729343245,3,0:49, (Shotgun) C.Stroud pass incomplete deep right to J.Wayne.,2,6,CIN 22,78,-14,Houston Texans,Cincinnati Bengals,3,17,9.5,90.5,227.0,61.0,288.0,162.0,59.0,221.0,game,ML,Houston Texans,,,kalshi,733,—,—,,Loss,,miss,,,,—,,
2026-09-20T19:22:51.890725+00:00,nfl,2026,2,401872934,4018729343268,3,0:44," (Shotgun) PENALTY on HST-T.Brown, False Start, 5 yards, enforced at CIN 22 - No Play.",3,6,CIN 22,78,-14,Houston Texans,Cincinnati Bengals,3,17,9.5,90.5,227.0,61.0,288.0,162.0,59.0,221.0,game,Spread,Cincinnati Bengals,,-9.5,kalshi,-109,—,—,,-14,,hit,,,,—,,
2026-09-20T19:22:51.890725+00:00,nfl,2026,2,401872934,4018729343268,3,0:44," (Shotgun) PENALTY on HST-T.Brown, False Start, 5 yards, enforced at CIN 22 - No Play.",3,6,CIN 22,78,-14,Houston Texans,Cincinnati Bengals,3,17,9.5,90.5,227.0,61.0,288.0,162.0,59.0,221.0,game,Spread,Houston Texans,,9.5,kalshi,-171,—,—,,-14,,miss,,,,—,,
2026-09-20T19:22:51.890725+00:00,nfl,2026,2,401872934,4018729343268,3,0:44," (Shotgun) PENALTY on HST-T.Brown, False Start, 5 yards, enforced at CIN 22 - No Play.",3,6,CIN 22,78,-14,Houston Texans,Cincinnati Bengals,3,17,9.5,90.5,227.0,61.0,288.0,162.0,59.0,221.0,game,Total,Over,,35.5,kalshi,-186,—,—,,20.0,,miss,,,,—,,
2026-09-20T19:22:51.890725+00:00,nfl,2026,2,401872934,4018729343268,3,0:44," (Shotgun) PENALTY on HST-T.Brown, False Start, 5 yards, enforced at CIN 22 - No Play.",3,6,CIN 22,78,-14,Houston Texans,Cincinnati Bengals,3,17,9.5,90.5,227.0,61.0,288.0,162.0,59.0,221.0,game,Total,Under,,35.5,kalshi,-118,—,—,,20.0,,hit,,,,—,,
2026-09-20T19:22:51.890725+00:00,nfl,2026,2,401872934,4018729343268,3,0:44," (Shotgun) PENALTY on HST-T.Brown, False Start, 5 yards, enforced at CIN 22 - No Play.",3,6,CIN 22,78,-14,Houston Texans,Cincinnati Bengals,3,17,9.5,90.5,227.0,61.0,288.0,162.0,59.0,221.0,game,ML,Cincinnati Bengals,,,polymarket,-810,—,—,,Win,,hit,,,,—,,
2026-09-20T19:22:51.890725+00:00,nfl,2026,2,401872934,4018729343268,3,0:44," (Shotgun) PENALTY on HST-T.Brown, False Start, 5 yards, enforced at CIN 22 - No Play.",3,6,CIN 22,78,-14,Houston Texans,Cincinnati Bengals,3,17,9.5,90.5,227.0,61.0,288.0,162.0,59.0,221.0,game,ML,Houston Texans,,,kalshi,733,—,—,,Loss,,miss,,,,—,,
2026-09-20T19:22:51.890725+00:00,nfl,2026,2,401872934,4018729343292,3,0:44, (Shotgun) C.Stroud pass incomplete deep right to D.Schultz [C.Howell].,3,11,CIN 27,73,-14,Houston Texans,Cincinnati Bengals,3,17,9.5,90.5,227.0,61.0,288.0,162.0,59.0,221.0,game,Spread,Cincinnati Bengals,,-9.5,kalshi,-109,—,—,,-14,,hit,,,,—,,
2026-09-20T19:22:51.890725+00:00,nfl,2026,2,401872934,4018729343292,3,0:44, (Shotgun) C.Stroud pass incomplete deep right to D.Schultz [C.Howell].,3,11,CIN 27,73,-14,Houston Texans,Cincinnati Bengals,3,17,9.5,90.5,227.0,61.0,288.0,162.0,59.0,221.0,game,Spread,Houston Texans,,9.5,kalshi,-171,—,—,,-14,,miss,,,,—,,
2026-09-20T19:22:51.890725+00:00,nfl,2026,2,401872934,4018729343292,3,0:44, (Shotgun) C.Stroud pass incomplete deep right to D.Schultz [C.Howell].,3,11,CIN 27,73,-14,Houston Texans,Cincinnati Bengals,3,17,9.5,90.5,227.0,61.0,288.0,162.0,59.0,221.0,game,Total,Over,,35.5,kalshi,-186,—,—,,20.0,,miss,,,,—,,
2026-09-20T19:22:51.890725+00:00,nfl,2026,2,401872934,4018729343292,3,0:44, (Shotgun) C.Stroud pass incomplete deep right to D.Schultz [C.Howell].,3,11,CIN 27,73,-14,Houston Texans,Cincinnati Bengals,3,17,9.5,90.5,227.0,61.0,288.0,162.0,59.0,221.0,game,Total,Under,,35.5,kalshi,-118,—,—,,20.0,,hit,,,,—,,
2026-09-20T19:22:51.890725+00:00,nfl,2026,2,401872934,4018729343292,3,0:44, (Shotgun) C.Stroud pass incomplete deep right to D.Schultz [C.Howell].,3,11,CIN 27,73,-14,Houston Texans,Cincinnati Bengals,3,17,9.5,90.5,227.0,61.0,288.0,162.0,59.0,221.0,game,ML,Cincinnati Bengals,,,polymarket,-810,—,—,,Win,,hit,,,,—,,
2026-09-20T19:22:51.890725+00:00,nfl,2026,2,401872934,4018729343292,3,0:44, (Shotgun) C.Stroud pass incomplete deep right to D.Schultz [C.Howell].,3,11,CIN 27,73,-14,Houston Texans,Cincinnati Bengals,3,17,9.5,90.5,227.0,61.0,288.0,162.0,59.0,221.0,game,ML,Houston Texans,,,kalshi,733,—,—,,Loss,,miss,,,,—,,
