captured_at,sport,year,week,event_id,play_id,period,clock,play_text,down,distance,possession,yard_line,score_margin,home,away,home_score,away_score,home_win_prob,away_win_prob,home_pass_yds,home_rush_yds,home_total_yds,away_pass_yds,away_rush_yds,away_total_yds,market_type,market,selection,player,line,book_id,book_price,model_projection,model_price,model_prob,actual_result,actual_stat,bet_result,expected_roi_pct,pregame_line,pregame_book_price,pregame_projection,pregame_capture_at,pregame_capture_type
2026-09-27T17:16:08.602614+00:00,nfl,2026,3,401872949,4018729491,1,15:00,GAME,1,10,CAR 19,81,0,Cleveland Browns,Carolina Panthers,0,0,35.8,64.2,7.0,27.0,34.0,16.0,3.0,19.0,game,Spread,Carolina Panthers,,-2.5,polymarket,108.0,—,—,,0,,miss,,,,—,,
2026-09-27T17:16:08.602614+00:00,nfl,2026,3,401872949,4018729491,1,15:00,GAME,1,10,CAR 19,81,0,Cleveland Browns,Carolina Panthers,0,0,35.8,64.2,7.0,27.0,34.0,16.0,3.0,19.0,game,Spread,Cleveland Browns,,2.5,polymarket,-118.0,—,—,,0,,hit,,,,—,,
2026-09-27T17:16:08.602614+00:00,nfl,2026,3,401872949,4018729491,1,15:00,GAME,1,10,CAR 19,81,0,Cleveland Browns,Carolina Panthers,0,0,35.8,64.2,7.0,27.0,34.0,16.0,3.0,19.0,game,Total,Over,,39.5,novig,127.0,—,—,,0.0,,miss,,,,—,,
2026-09-27T17:16:08.602614+00:00,nfl,2026,3,401872949,4018729491,1,15:00,GAME,1,10,CAR 19,81,0,Cleveland Browns,Carolina Panthers,0,0,35.8,64.2,7.0,27.0,34.0,16.0,3.0,19.0,game,Total,,,39.5,,,—,—,,0.0,,hit,,,,—,,
2026-09-27T17:16:08.602614+00:00,nfl,2026,3,401872949,4018729491,1,15:00,GAME,1,10,CAR 19,81,0,Cleveland Browns,Carolina Panthers,0,0,35.8,64.2,7.0,27.0,34.0,16.0,3.0,19.0,game,ML,Carolina Panthers,,,polymarket,-113.0,—,—,,Loss,,miss,,,,—,,
2026-09-27T17:16:08.602614+00:00,nfl,2026,3,401872949,40187294940,1,15:00,A.Szmyt kicks 58 yards from CLV 35 to CAR 7. D.Moore to CAR 29 for 22 yards (M.Corley).,1,10,CAR 19,35,0,Cleveland Browns,Carolina Panthers,0,0,35.8,64.2,7.0,27.0,34.0,16.0,3.0,19.0,game,Spread,Carolina Panthers,,-2.5,polymarket,108.0,—,—,,0,,miss,,,,—,,
2026-09-27T17:16:08.602614+00:00,nfl,2026,3,401872949,40187294940,1,15:00,A.Szmyt kicks 58 yards from CLV 35 to CAR 7. D.Moore to CAR 29 for 22 yards (M.Corley).,1,10,CAR 19,35,0,Cleveland Browns,Carolina Panthers,0,0,35.8,64.2,7.0,27.0,34.0,16.0,3.0,19.0,game,Spread,Cleveland Browns,,2.5,polymarket,-118.0,—,—,,0,,hit,,,,—,,
2026-09-27T17:16:08.602614+00:00,nfl,2026,3,401872949,40187294940,1,15:00,A.Szmyt kicks 58 yards from CLV 35 to CAR 7. D.Moore to CAR 29 for 22 yards (M.Corley).,1,10,CAR 19,35,0,Cleveland Browns,Carolina Panthers,0,0,35.8,64.2,7.0,27.0,34.0,16.0,3.0,19.0,game,Total,Over,,39.5,novig,127.0,—,—,,0.0,,miss,,,,—,,
2026-09-27T17:16:08.602614+00:00,nfl,2026,3,401872949,40187294940,1,15:00,A.Szmyt kicks 58 yards from CLV 35 to CAR 7. D.Moore to CAR 29 for 22 yards (M.Corley).,1,10,CAR 19,35,0,Cleveland Browns,Carolina Panthers,0,0,35.8,64.2,7.0,27.0,34.0,16.0,3.0,19.0,game,Total,,,39.5,,,—,—,,0.0,,hit,,,,—,,
2026-09-27T17:16:08.602614+00:00,nfl,2026,3,401872949,40187294940,1,15:00,A.Szmyt kicks 58 yards from CLV 35 to CAR 7. D.Moore to CAR 29 for 22 yards (M.Corley).,1,10,CAR 19,35,0,Cleveland Browns,Carolina Panthers,0,0,35.8,64.2,7.0,27.0,34.0,16.0,3.0,19.0,game,ML,Carolina Panthers,,,polymarket,-113.0,—,—,,Loss,,miss,,,,—,,
2026-09-27T17:16:08.602614+00:00,nfl,2026,3,401872949,40187294963,1,14:56,C.Hubbard right tackle to CAR 29 for no gain (M.Graham; I.McGuire).,1,10,CAR 29,71,0,Cleveland Browns,Carolina Panthers,0,0,35.8,64.2,7.0,27.0,34.0,16.0,3.0,19.0,game,Spread,Carolina Panthers,,-2.5,polymarket,108.0,—,—,,0,,miss,,,,—,,
2026-09-27T17:16:08.602614+00:00,nfl,2026,3,401872949,40187294963,1,14:56,C.Hubbard right tackle to CAR 29 for no gain (M.Graham; I.McGuire).,1,10,CAR 29,71,0,Cleveland Browns,Carolina Panthers,0,0,35.8,64.2,7.0,27.0,34.0,16.0,3.0,19.0,game,Spread,Cleveland Browns,,2.5,polymarket,-118.0,—,—,,0,,hit,,,,—,,
2026-09-27T17:16:08.602614+00:00,nfl,2026,3,401872949,40187294963,1,14:56,C.Hubbard right tackle to CAR 29 for no gain (M.Graham; I.McGuire).,1,10,CAR 29,71,0,Cleveland Browns,Carolina Panthers,0,0,35.8,64.2,7.0,27.0,34.0,16.0,3.0,19.0,game,Total,Over,,39.5,novig,127.0,—,—,,0.0,,miss,,,,—,,
2026-09-27T17:16:08.602614+00:00,nfl,2026,3,401872949,40187294963,1,14:56,C.Hubbard right tackle to CAR 29 for no gain (M.Graham; I.McGuire).,1,10,CAR 29,71,0,Cleveland Browns,Carolina Panthers,0,0,35.8,64.2,7.0,27.0,34.0,16.0,3.0,19.0,game,Total,,,39.5,,,—,—,,0.0,,hit,,,,—,,
2026-09-27T17:16:08.602614+00:00,nfl,2026,3,401872949,40187294963,1,14:56,C.Hubbard right tackle to CAR 29 for no gain (M.Graham; I.McGuire).,1,10,CAR 29,71,0,Cleveland Browns,Carolina Panthers,0,0,35.8,64.2,7.0,27.0,34.0,16.0,3.0,19.0,game,ML,Carolina Panthers,,,polymarket,-113.0,—,—,,Loss,,miss,,,,—,,
2026-09-27T17:16:08.602614+00:00,nfl,2026,3,401872949,40187294985,1,14:27,"(Shotgun) PENALTY on CAR-R.Walker, False Start, 5 yards, enforced at CAR 29 - No Play.",2,10,CAR 29,71,0,Cleveland Browns,Carolina Panthers,0,0,35.8,64.2,7.0,27.0,34.0,16.0,3.0,19.0,game,Spread,Carolina Panthers,,-2.5,polymarket,108.0,—,—,,0,,miss,,,,—,,
2026-09-27T17:16:08.602614+00:00,nfl,2026,3,401872949,40187294985,1,14:27,"(Shotgun) PENALTY on CAR-R.Walker, False Start, 5 yards, enforced at CAR 29 - No Play.",2,10,CAR 29,71,0,Cleveland Browns,Carolina Panthers,0,0,35.8,64.2,7.0,27.0,34.0,16.0,3.0,19.0,game,Spread,Cleveland Browns,,2.5,polymarket,-118.0,—,—,,0,,hit,,,,—,,
2026-09-27T17:16:08.602614+00:00,nfl,2026,3,401872949,40187294985,1,14:27,"(Shotgun) PENALTY on CAR-R.Walker, False Start, 5 yards, enforced at CAR 29 - No Play.",2,10,CAR 29,71,0,Cleveland Browns,Carolina Panthers,0,0,35.8,64.2,7.0,27.0,34.0,16.0,3.0,19.0,game,Total,Over,,39.5,novig,127.0,—,—,,0.0,,miss,,,,—,,
2026-09-27T17:16:08.602614+00:00,nfl,2026,3,401872949,40187294985,1,14:27,"(Shotgun) PENALTY on CAR-R.Walker, False Start, 5 yards, enforced at CAR 29 - No Play.",2,10,CAR 29,71,0,Cleveland Browns,Carolina Panthers,0,0,35.8,64.2,7.0,27.0,34.0,16.0,3.0,19.0,game,Total,,,39.5,,,—,—,,0.0,,hit,,,,—,,
2026-09-27T17:16:08.602614+00:00,nfl,2026,3,401872949,40187294985,1,14:27,"(Shotgun) PENALTY on CAR-R.Walker, False Start, 5 yards, enforced at CAR 29 - No Play.",2,10,CAR 29,71,0,Cleveland Browns,Carolina Panthers,0,0,35.8,64.2,7.0,27.0,34.0,16.0,3.0,19.0,game,ML,Carolina Panthers,,,polymarket,-113.0,—,—,,Loss,,miss,,,,—,,
2026-09-27T17:16:08.602614+00:00,nfl,2026,3,401872949,401872949109,1,14:10,(Shotgun) B.Young pass short right to B.Tremayne to CAR 40 for 16 yards (C.Schwesinger; M.Blackmon).,2,15,CAR 24,76,0,Cleveland Browns,Carolina Panthers,0,0,35.8,64.2,7.0,27.0,34.0,16.0,3.0,19.0,game,Spread,Carolina Panthers,,-2.5,polymarket,108.0,—,—,,0,,miss,,,,—,,
2026-09-27T17:16:08.602614+00:00,nfl,2026,3,401872949,401872949109,1,14:10,(Shotgun) B.Young pass short right to B.Tremayne to CAR 40 for 16 yards (C.Schwesinger; M.Blackmon).,2,15,CAR 24,76,0,Cleveland Browns,Carolina Panthers,0,0,35.8,64.2,7.0,27.0,34.0,16.0,3.0,19.0,game,Spread,Cleveland Browns,,2.5,polymarket,-118.0,—,—,,0,,hit,,,,—,,
2026-09-27T17:16:08.602614+00:00,nfl,2026,3,401872949,401872949109,1,14:10,(Shotgun) B.Young pass short right to B.Tremayne to CAR 40 for 16 yards (C.Schwesinger; M.Blackmon).,2,15,CAR 24,76,0,Cleveland Browns,Carolina Panthers,0,0,35.8,64.2,7.0,27.0,34.0,16.0,3.0,19.0,game,Total,Over,,39.5,novig,127.0,—,—,,0.0,,miss,,,,—,,
2026-09-27T17:16:08.602614+00:00,nfl,2026,3,401872949,401872949109,1,14:10,(Shotgun) B.Young pass short right to B.Tremayne to CAR 40 for 16 yards (C.Schwesinger; M.Blackmon).,2,15,CAR 24,76,0,Cleveland Browns,Carolina Panthers,0,0,35.8,64.2,7.0,27.0,34.0,16.0,3.0,19.0,game,Total,,,39.5,,,—,—,,0.0,,hit,,,,—,,
2026-09-27T17:16:08.602614+00:00,nfl,2026,3,401872949,401872949109,1,14:10,(Shotgun) B.Young pass short right to B.Tremayne to CAR 40 for 16 yards (C.Schwesinger; M.Blackmon).,2,15,CAR 24,76,0,Cleveland Browns,Carolina Panthers,0,0,35.8,64.2,7.0,27.0,34.0,16.0,3.0,19.0,game,ML,Carolina Panthers,,,polymarket,-113.0,—,—,,Loss,,miss,,,,—,,
2026-09-27T17:16:08.602614+00:00,nfl,2026,3,401872949,401872949134,1,13:41,(Shotgun) C.Hubbard left guard to CAR 41 for 1 yard (M.Graham).,1,10,CAR 40,60,0,Cleveland Browns,Carolina Panthers,0,0,35.8,64.2,7.0,27.0,34.0,16.0,3.0,19.0,game,Spread,Carolina Panthers,,-2.5,polymarket,108.0,—,—,,0,,miss,,,,—,,
2026-09-27T17:16:08.602614+00:00,nfl,2026,3,401872949,401872949134,1,13:41,(Shotgun) C.Hubbard left guard to CAR 41 for 1 yard (M.Graham).,1,10,CAR 40,60,0,Cleveland Browns,Carolina Panthers,0,0,35.8,64.2,7.0,27.0,34.0,16.0,3.0,19.0,game,Spread,Cleveland Browns,,2.5,polymarket,-118.0,—,—,,0,,hit,,,,—,,
2026-09-27T17:16:08.602614+00:00,nfl,2026,3,401872949,401872949134,1,13:41,(Shotgun) C.Hubbard left guard to CAR 41 for 1 yard (M.Graham).,1,10,CAR 40,60,0,Cleveland Browns,Carolina Panthers,0,0,35.8,64.2,7.0,27.0,34.0,16.0,3.0,19.0,game,Total,Over,,39.5,novig,127.0,—,—,,0.0,,miss,,,,—,,
2026-09-27T17:16:08.602614+00:00,nfl,2026,3,401872949,401872949134,1,13:41,(Shotgun) C.Hubbard left guard to CAR 41 for 1 yard (M.Graham).,1,10,CAR 40,60,0,Cleveland Browns,Carolina Panthers,0,0,35.8,64.2,7.0,27.0,34.0,16.0,3.0,19.0,game,Total,,,39.5,,,—,—,,0.0,,hit,,,,—,,
2026-09-27T17:16:08.602614+00:00,nfl,2026,3,401872949,401872949134,1,13:41,(Shotgun) C.Hubbard left guard to CAR 41 for 1 yard (M.Graham).,1,10,CAR 40,60,0,Cleveland Browns,Carolina Panthers,0,0,35.8,64.2,7.0,27.0,34.0,16.0,3.0,19.0,game,ML,Carolina Panthers,,,polymarket,-113.0,—,—,,Loss,,miss,,,,—,,
2026-09-27T17:16:08.602614+00:00,nfl,2026,3,401872949,401872949156,1,13:03,"(Shotgun) B.Young pass incomplete short middle [J.Verse].PENALTY on CAR-B.Young, Intentional Grounding, 10 yards, enforced at CAR 41.",2,9,CAR 41,59,0,Cleveland Browns,Carolina Panthers,0,0,35.8,64.2,7.0,27.0,34.0,16.0,3.0,19.0,game,Spread,Carolina Panthers,,-2.5,polymarket,108.0,—,—,,0,,miss,,,,—,,
2026-09-27T17:16:08.602614+00:00,nfl,2026,3,401872949,401872949156,1,13:03,"(Shotgun) B.Young pass incomplete short middle [J.Verse].PENALTY on CAR-B.Young, Intentional Grounding, 10 yards, enforced at CAR 41.",2,9,CAR 41,59,0,Cleveland Browns,Carolina Panthers,0,0,35.8,64.2,7.0,27.0,34.0,16.0,3.0,19.0,game,Spread,Cleveland Browns,,2.5,polymarket,-118.0,—,—,,0,,hit,,,,—,,
2026-09-27T17:16:08.602614+00:00,nfl,2026,3,401872949,401872949156,1,13:03,"(Shotgun) B.Young pass incomplete short middle [J.Verse].PENALTY on CAR-B.Young, Intentional Grounding, 10 yards, enforced at CAR 41.",2,9,CAR 41,59,0,Cleveland Browns,Carolina Panthers,0,0,35.8,64.2,7.0,27.0,34.0,16.0,3.0,19.0,game,Total,Over,,39.5,novig,127.0,—,—,,0.0,,miss,,,,—,,
2026-09-27T17:16:08.602614+00:00,nfl,2026,3,401872949,401872949156,1,13:03,"(Shotgun) B.Young pass incomplete short middle [J.Verse].PENALTY on CAR-B.Young, Intentional Grounding, 10 yards, enforced at CAR 41.",2,9,CAR 41,59,0,Cleveland Browns,Carolina Panthers,0,0,35.8,64.2,7.0,27.0,34.0,16.0,3.0,19.0,game,Total,,,39.5,,,—,—,,0.0,,hit,,,,—,,
2026-09-27T17:16:08.602614+00:00,nfl,2026,3,401872949,401872949156,1,13:03,"(Shotgun) B.Young pass incomplete short middle [J.Verse].PENALTY on CAR-B.Young, Intentional Grounding, 10 yards, enforced at CAR 41.",2,9,CAR 41,59,0,Cleveland Browns,Carolina Panthers,0,0,35.8,64.2,7.0,27.0,34.0,16.0,3.0,19.0,game,ML,Carolina Panthers,,,polymarket,-113.0,—,—,,Loss,,miss,,,,—,,
2026-09-27T17:16:08.602614+00:00,nfl,2026,3,401872949,401872949191,1,12:56,(Shotgun) C.Hubbard left guard to CAR 33 for 2 yards (J.Verse).,3,19,CAR 31,69,0,Cleveland Browns,Carolina Panthers,0,0,35.8,64.2,7.0,27.0,34.0,16.0,3.0,19.0,game,Spread,Carolina Panthers,,-2.5,polymarket,108.0,—,—,,0,,miss,,,,—,,
2026-09-27T17:16:08.602614+00:00,nfl,2026,3,401872949,401872949191,1,12:56,(Shotgun) C.Hubbard left guard to CAR 33 for 2 yards (J.Verse).,3,19,CAR 31,69,0,Cleveland Browns,Carolina Panthers,0,0,35.8,64.2,7.0,27.0,34.0,16.0,3.0,19.0,game,Spread,Cleveland Browns,,2.5,polymarket,-118.0,—,—,,0,,hit,,,,—,,
2026-09-27T17:16:08.602614+00:00,nfl,2026,3,401872949,401872949191,1,12:56,(Shotgun) C.Hubbard left guard to CAR 33 for 2 yards (J.Verse).,3,19,CAR 31,69,0,Cleveland Browns,Carolina Panthers,0,0,35.8,64.2,7.0,27.0,34.0,16.0,3.0,19.0,game,Total,Over,,39.5,novig,127.0,—,—,,0.0,,miss,,,,—,,
2026-09-27T17:16:08.602614+00:00,nfl,2026,3,401872949,401872949191,1,12:56,(Shotgun) C.Hubbard left guard to CAR 33 for 2 yards (J.Verse).,3,19,CAR 31,69,0,Cleveland Browns,Carolina Panthers,0,0,35.8,64.2,7.0,27.0,34.0,16.0,3.0,19.0,game,Total,,,39.5,,,—,—,,0.0,,hit,,,,—,,
2026-09-27T17:16:08.602614+00:00,nfl,2026,3,401872949,401872949191,1,12:56,(Shotgun) C.Hubbard left guard to CAR 33 for 2 yards (J.Verse).,3,19,CAR 31,69,0,Cleveland Browns,Carolina Panthers,0,0,35.8,64.2,7.0,27.0,34.0,16.0,3.0,19.0,game,ML,Carolina Panthers,,,polymarket,-113.0,—,—,,Loss,,miss,,,,—,,
2026-09-27T17:16:08.602614+00:00,nfl,2026,3,401872949,401872949213,1,12:10,"S.Martin punts 52 yards to CLV 15, Center-J.Jansen. K.Concepcion to CLV 18 for 3 yards (M.Njongmeta; J.Kuwatch).PENALTY on CLV, Illegal Block Above the Waist, 8 yards, enforced at CLV 16.",4,17,CAR 33,67,0,Cleveland Browns,Carolina Panthers,0,0,35.8,64.2,7.0,27.0,34.0,16.0,3.0,19.0,game,Spread,Carolina Panthers,,-2.5,polymarket,108.0,—,—,,0,,miss,,,,—,,
2026-09-27T17:16:08.602614+00:00,nfl,2026,3,401872949,401872949213,1,12:10,"S.Martin punts 52 yards to CLV 15, Center-J.Jansen. K.Concepcion to CLV 18 for 3 yards (M.Njongmeta; J.Kuwatch).PENALTY on CLV, Illegal Block Above the Waist, 8 yards, enforced at CLV 16.",4,17,CAR 33,67,0,Cleveland Browns,Carolina Panthers,0,0,35.8,64.2,7.0,27.0,34.0,16.0,3.0,19.0,game,Spread,Cleveland Browns,,2.5,polymarket,-118.0,—,—,,0,,hit,,,,—,,
2026-09-27T17:16:08.602614+00:00,nfl,2026,3,401872949,401872949213,1,12:10,"S.Martin punts 52 yards to CLV 15, Center-J.Jansen. K.Concepcion to CLV 18 for 3 yards (M.Njongmeta; J.Kuwatch).PENALTY on CLV, Illegal Block Above the Waist, 8 yards, enforced at CLV 16.",4,17,CAR 33,67,0,Cleveland Browns,Carolina Panthers,0,0,35.8,64.2,7.0,27.0,34.0,16.0,3.0,19.0,game,Total,Over,,39.5,novig,127.0,—,—,,0.0,,miss,,,,—,,
2026-09-27T17:16:08.602614+00:00,nfl,2026,3,401872949,401872949213,1,12:10,"S.Martin punts 52 yards to CLV 15, Center-J.Jansen. K.Concepcion to CLV 18 for 3 yards (M.Njongmeta; J.Kuwatch).PENALTY on CLV, Illegal Block Above the Waist, 8 yards, enforced at CLV 16.",4,17,CAR 33,67,0,Cleveland Browns,Carolina Panthers,0,0,35.8,64.2,7.0,27.0,34.0,16.0,3.0,19.0,game,Total,,,39.5,,,—,—,,0.0,,hit,,,,—,,
2026-09-27T17:16:08.602614+00:00,nfl,2026,3,401872949,401872949213,1,12:10,"S.Martin punts 52 yards to CLV 15, Center-J.Jansen. K.Concepcion to CLV 18 for 3 yards (M.Njongmeta; J.Kuwatch).PENALTY on CLV, Illegal Block Above the Waist, 8 yards, enforced at CLV 16.",4,17,CAR 33,67,0,Cleveland Browns,Carolina Panthers,0,0,35.8,64.2,7.0,27.0,34.0,16.0,3.0,19.0,game,ML,Carolina Panthers,,,polymarket,-113.0,—,—,,Loss,,miss,,,,—,,
2026-09-27T17:16:08.602614+00:00,nfl,2026,3,401872949,401872949250,1,12:00,(Shotgun) Q.Judkins up the middle to CLV 11 for 3 yards (P.Jones; L.Hunter).,1,10,CLE 8,8,0,Cleveland Browns,Carolina Panthers,0,0,35.8,64.2,7.0,27.0,34.0,16.0,3.0,19.0,game,Spread,Carolina Panthers,,-2.5,polymarket,108.0,—,—,,0,,miss,,,,—,,
2026-09-27T17:16:08.602614+00:00,nfl,2026,3,401872949,401872949250,1,12:00,(Shotgun) Q.Judkins up the middle to CLV 11 for 3 yards (P.Jones; L.Hunter).,1,10,CLE 8,8,0,Cleveland Browns,Carolina Panthers,0,0,35.8,64.2,7.0,27.0,34.0,16.0,3.0,19.0,game,Spread,Cleveland Browns,,2.5,polymarket,-118.0,—,—,,0,,hit,,,,—,,
2026-09-27T17:16:08.602614+00:00,nfl,2026,3,401872949,401872949250,1,12:00,(Shotgun) Q.Judkins up the middle to CLV 11 for 3 yards (P.Jones; L.Hunter).,1,10,CLE 8,8,0,Cleveland Browns,Carolina Panthers,0,0,35.8,64.2,7.0,27.0,34.0,16.0,3.0,19.0,game,Total,Over,,39.5,novig,127.0,—,—,,0.0,,miss,,,,—,,
2026-09-27T17:16:08.602614+00:00,nfl,2026,3,401872949,401872949250,1,12:00,(Shotgun) Q.Judkins up the middle to CLV 11 for 3 yards (P.Jones; L.Hunter).,1,10,CLE 8,8,0,Cleveland Browns,Carolina Panthers,0,0,35.8,64.2,7.0,27.0,34.0,16.0,3.0,19.0,game,Total,,,39.5,,,—,—,,0.0,,hit,,,,—,,
2026-09-27T17:16:08.602614+00:00,nfl,2026,3,401872949,401872949250,1,12:00,(Shotgun) Q.Judkins up the middle to CLV 11 for 3 yards (P.Jones; L.Hunter).,1,10,CLE 8,8,0,Cleveland Browns,Carolina Panthers,0,0,35.8,64.2,7.0,27.0,34.0,16.0,3.0,19.0,game,ML,Carolina Panthers,,,polymarket,-113.0,—,—,,Loss,,miss,,,,—,,
2026-09-27T17:16:08.602614+00:00,nfl,2026,3,401872949,401872949272,1,11:25,(Shotgun) D.Watson scrambles left end ran ob at CLV 19 for 8 yards (D.Brown).,2,7,CLE 11,11,0,Cleveland Browns,Carolina Panthers,0,0,35.8,64.2,7.0,27.0,34.0,16.0,3.0,19.0,game,Spread,Carolina Panthers,,-2.5,polymarket,108.0,—,—,,0,,miss,,,,—,,
2026-09-27T17:16:08.602614+00:00,nfl,2026,3,401872949,401872949272,1,11:25,(Shotgun) D.Watson scrambles left end ran ob at CLV 19 for 8 yards (D.Brown).,2,7,CLE 11,11,0,Cleveland Browns,Carolina Panthers,0,0,35.8,64.2,7.0,27.0,34.0,16.0,3.0,19.0,game,Spread,Cleveland Browns,,2.5,polymarket,-118.0,—,—,,0,,hit,,,,—,,
2026-09-27T17:16:08.602614+00:00,nfl,2026,3,401872949,401872949272,1,11:25,(Shotgun) D.Watson scrambles left end ran ob at CLV 19 for 8 yards (D.Brown).,2,7,CLE 11,11,0,Cleveland Browns,Carolina Panthers,0,0,35.8,64.2,7.0,27.0,34.0,16.0,3.0,19.0,game,Total,Over,,39.5,novig,127.0,—,—,,0.0,,miss,,,,—,,
2026-09-27T17:16:08.602614+00:00,nfl,2026,3,401872949,401872949272,1,11:25,(Shotgun) D.Watson scrambles left end ran ob at CLV 19 for 8 yards (D.Brown).,2,7,CLE 11,11,0,Cleveland Browns,Carolina Panthers,0,0,35.8,64.2,7.0,27.0,34.0,16.0,3.0,19.0,game,Total,,,39.5,,,—,—,,0.0,,hit,,,,—,,
2026-09-27T17:16:08.602614+00:00,nfl,2026,3,401872949,401872949272,1,11:25,(Shotgun) D.Watson scrambles left end ran ob at CLV 19 for 8 yards (D.Brown).,2,7,CLE 11,11,0,Cleveland Browns,Carolina Panthers,0,0,35.8,64.2,7.0,27.0,34.0,16.0,3.0,19.0,game,ML,Carolina Panthers,,,polymarket,-113.0,—,—,,Loss,,miss,,,,—,,
2026-09-27T17:16:08.602614+00:00,nfl,2026,3,401872949,401872949299,1,10:52,(Shotgun) D.Watson pass incomplete short left to K.Concepcion (D.Brown).,1,10,CLE 19,19,0,Cleveland Browns,Carolina Panthers,0,0,35.8,64.2,7.0,27.0,34.0,16.0,3.0,19.0,game,Spread,Carolina Panthers,,-2.5,polymarket,108.0,—,—,,0,,miss,,,,—,,
2026-09-27T17:16:08.602614+00:00,nfl,2026,3,401872949,401872949299,1,10:52,(Shotgun) D.Watson pass incomplete short left to K.Concepcion (D.Brown).,1,10,CLE 19,19,0,Cleveland Browns,Carolina Panthers,0,0,35.8,64.2,7.0,27.0,34.0,16.0,3.0,19.0,game,Spread,Cleveland Browns,,2.5,polymarket,-118.0,—,—,,0,,hit,,,,—,,
2026-09-27T17:16:08.602614+00:00,nfl,2026,3,401872949,401872949299,1,10:52,(Shotgun) D.Watson pass incomplete short left to K.Concepcion (D.Brown).,1,10,CLE 19,19,0,Cleveland Browns,Carolina Panthers,0,0,35.8,64.2,7.0,27.0,34.0,16.0,3.0,19.0,game,Total,Over,,39.5,novig,127.0,—,—,,0.0,,miss,,,,—,,
2026-09-27T17:16:08.602614+00:00,nfl,2026,3,401872949,401872949299,1,10:52,(Shotgun) D.Watson pass incomplete short left to K.Concepcion (D.Brown).,1,10,CLE 19,19,0,Cleveland Browns,Carolina Panthers,0,0,35.8,64.2,7.0,27.0,34.0,16.0,3.0,19.0,game,Total,,,39.5,,,—,—,,0.0,,hit,,,,—,,
2026-09-27T17:16:08.602614+00:00,nfl,2026,3,401872949,401872949299,1,10:52,(Shotgun) D.Watson pass incomplete short left to K.Concepcion (D.Brown).,1,10,CLE 19,19,0,Cleveland Browns,Carolina Panthers,0,0,35.8,64.2,7.0,27.0,34.0,16.0,3.0,19.0,game,ML,Carolina Panthers,,,polymarket,-113.0,—,—,,Loss,,miss,,,,—,,
2026-09-27T17:16:08.602614+00:00,nfl,2026,3,401872949,401872949322,1,10:34,(Shotgun) Q.Judkins right guard to CLV 23 for 4 yards (J.Phillips; L.Hunter).,2,10,CLE 19,19,0,Cleveland Browns,Carolina Panthers,0,0,35.8,64.2,7.0,27.0,34.0,16.0,3.0,19.0,game,Spread,Carolina Panthers,,-2.5,polymarket,108.0,—,—,,0,,miss,,,,—,,
2026-09-27T17:16:08.602614+00:00,nfl,2026,3,401872949,401872949322,1,10:34,(Shotgun) Q.Judkins right guard to CLV 23 for 4 yards (J.Phillips; L.Hunter).,2,10,CLE 19,19,0,Cleveland Browns,Carolina Panthers,0,0,35.8,64.2,7.0,27.0,34.0,16.0,3.0,19.0,game,Spread,Cleveland Browns,,2.5,polymarket,-118.0,—,—,,0,,hit,,,,—,,
2026-09-27T17:16:08.602614+00:00,nfl,2026,3,401872949,401872949322,1,10:34,(Shotgun) Q.Judkins right guard to CLV 23 for 4 yards (J.Phillips; L.Hunter).,2,10,CLE 19,19,0,Cleveland Browns,Carolina Panthers,0,0,35.8,64.2,7.0,27.0,34.0,16.0,3.0,19.0,game,Total,Over,,39.5,novig,127.0,—,—,,0.0,,miss,,,,—,,
2026-09-27T17:16:08.602614+00:00,nfl,2026,3,401872949,401872949322,1,10:34,(Shotgun) Q.Judkins right guard to CLV 23 for 4 yards (J.Phillips; L.Hunter).,2,10,CLE 19,19,0,Cleveland Browns,Carolina Panthers,0,0,35.8,64.2,7.0,27.0,34.0,16.0,3.0,19.0,game,Total,,,39.5,,,—,—,,0.0,,hit,,,,—,,
2026-09-27T17:16:08.602614+00:00,nfl,2026,3,401872949,401872949322,1,10:34,(Shotgun) Q.Judkins right guard to CLV 23 for 4 yards (J.Phillips; L.Hunter).,2,10,CLE 19,19,0,Cleveland Browns,Carolina Panthers,0,0,35.8,64.2,7.0,27.0,34.0,16.0,3.0,19.0,game,ML,Carolina Panthers,,,polymarket,-113.0,—,—,,Loss,,miss,,,,—,,
2026-09-27T17:16:08.602614+00:00,nfl,2026,3,401872949,401872949344,1,10:13, (Shotgun) D.Watson scrambles up the middle to CLV 35 for 12 yards (M.Jackson).,3,6,CLE 23,23,0,Cleveland Browns,Carolina Panthers,0,0,35.8,64.2,7.0,27.0,34.0,16.0,3.0,19.0,game,Spread,Carolina Panthers,,-2.5,polymarket,108.0,—,—,,0,,miss,,,,—,,
2026-09-27T17:16:08.602614+00:00,nfl,2026,3,401872949,401872949344,1,10:13, (Shotgun) D.Watson scrambles up the middle to CLV 35 for 12 yards (M.Jackson).,3,6,CLE 23,23,0,Cleveland Browns,Carolina Panthers,0,0,35.8,64.2,7.0,27.0,34.0,16.0,3.0,19.0,game,Spread,Cleveland Browns,,2.5,polymarket,-118.0,—,—,,0,,hit,,,,—,,
2026-09-27T17:16:08.602614+00:00,nfl,2026,3,401872949,401872949344,1,10:13, (Shotgun) D.Watson scrambles up the middle to CLV 35 for 12 yards (M.Jackson).,3,6,CLE 23,23,0,Cleveland Browns,Carolina Panthers,0,0,35.8,64.2,7.0,27.0,34.0,16.0,3.0,19.0,game,Total,Over,,39.5,novig,127.0,—,—,,0.0,,miss,,,,—,,
2026-09-27T17:16:08.602614+00:00,nfl,2026,3,401872949,401872949344,1,10:13, (Shotgun) D.Watson scrambles up the middle to CLV 35 for 12 yards (M.Jackson).,3,6,CLE 23,23,0,Cleveland Browns,Carolina Panthers,0,0,35.8,64.2,7.0,27.0,34.0,16.0,3.0,19.0,game,Total,,,39.5,,,—,—,,0.0,,hit,,,,—,,
2026-09-27T17:16:08.602614+00:00,nfl,2026,3,401872949,401872949344,1,10:13, (Shotgun) D.Watson scrambles up the middle to CLV 35 for 12 yards (M.Jackson).,3,6,CLE 23,23,0,Cleveland Browns,Carolina Panthers,0,0,35.8,64.2,7.0,27.0,34.0,16.0,3.0,19.0,game,ML,Carolina Panthers,,,polymarket,-113.0,—,—,,Loss,,miss,,,,—,,
2026-09-27T17:16:08.602614+00:00,nfl,2026,3,401872949,401872949366,1,9:32,D.Watson pass incomplete deep middle to H.Fannin [A.Hall].,1,10,CLE 35,35,0,Cleveland Browns,Carolina Panthers,0,0,35.8,64.2,7.0,27.0,34.0,16.0,3.0,19.0,game,Spread,Carolina Panthers,,-2.5,polymarket,108.0,—,—,,0,,miss,,,,—,,
2026-09-27T17:16:08.602614+00:00,nfl,2026,3,401872949,401872949366,1,9:32,D.Watson pass incomplete deep middle to H.Fannin [A.Hall].,1,10,CLE 35,35,0,Cleveland Browns,Carolina Panthers,0,0,35.8,64.2,7.0,27.0,34.0,16.0,3.0,19.0,game,Spread,Cleveland Browns,,2.5,polymarket,-118.0,—,—,,0,,hit,,,,—,,
2026-09-27T17:16:08.602614+00:00,nfl,2026,3,401872949,401872949366,1,9:32,D.Watson pass incomplete deep middle to H.Fannin [A.Hall].,1,10,CLE 35,35,0,Cleveland Browns,Carolina Panthers,0,0,35.8,64.2,7.0,27.0,34.0,16.0,3.0,19.0,game,Total,Over,,39.5,novig,127.0,—,—,,0.0,,miss,,,,—,,
2026-09-27T17:16:08.602614+00:00,nfl,2026,3,401872949,401872949366,1,9:32,D.Watson pass incomplete deep middle to H.Fannin [A.Hall].,1,10,CLE 35,35,0,Cleveland Browns,Carolina Panthers,0,0,35.8,64.2,7.0,27.0,34.0,16.0,3.0,19.0,game,Total,,,39.5,,,—,—,,0.0,,hit,,,,—,,
2026-09-27T17:16:08.602614+00:00,nfl,2026,3,401872949,401872949366,1,9:32,D.Watson pass incomplete deep middle to H.Fannin [A.Hall].,1,10,CLE 35,35,0,Cleveland Browns,Carolina Panthers,0,0,35.8,64.2,7.0,27.0,34.0,16.0,3.0,19.0,game,ML,Carolina Panthers,,,polymarket,-113.0,—,—,,Loss,,miss,,,,—,,
2026-09-27T17:16:08.602614+00:00,nfl,2026,3,401872949,401872949389,1,9:26,(Shotgun) D.Watson pass incomplete short left to K.Concepcion (W.Lee).,2,10,CLE 35,35,0,Cleveland Browns,Carolina Panthers,0,0,35.8,64.2,7.0,27.0,34.0,16.0,3.0,19.0,game,Spread,Carolina Panthers,,-2.5,polymarket,108.0,—,—,,0,,miss,,,,—,,
2026-09-27T17:16:08.602614+00:00,nfl,2026,3,401872949,401872949389,1,9:26,(Shotgun) D.Watson pass incomplete short left to K.Concepcion (W.Lee).,2,10,CLE 35,35,0,Cleveland Browns,Carolina Panthers,0,0,35.8,64.2,7.0,27.0,34.0,16.0,3.0,19.0,game,Spread,Cleveland Browns,,2.5,polymarket,-118.0,—,—,,0,,hit,,,,—,,
2026-09-27T17:16:08.602614+00:00,nfl,2026,3,401872949,401872949389,1,9:26,(Shotgun) D.Watson pass incomplete short left to K.Concepcion (W.Lee).,2,10,CLE 35,35,0,Cleveland Browns,Carolina Panthers,0,0,35.8,64.2,7.0,27.0,34.0,16.0,3.0,19.0,game,Total,Over,,39.5,novig,127.0,—,—,,0.0,,miss,,,,—,,
2026-09-27T17:16:08.602614+00:00,nfl,2026,3,401872949,401872949389,1,9:26,(Shotgun) D.Watson pass incomplete short left to K.Concepcion (W.Lee).,2,10,CLE 35,35,0,Cleveland Browns,Carolina Panthers,0,0,35.8,64.2,7.0,27.0,34.0,16.0,3.0,19.0,game,Total,,,39.5,,,—,—,,0.0,,hit,,,,—,,
2026-09-27T17:16:08.602614+00:00,nfl,2026,3,401872949,401872949389,1,9:26,(Shotgun) D.Watson pass incomplete short left to K.Concepcion (W.Lee).,2,10,CLE 35,35,0,Cleveland Browns,Carolina Panthers,0,0,35.8,64.2,7.0,27.0,34.0,16.0,3.0,19.0,game,ML,Carolina Panthers,,,polymarket,-113.0,—,—,,Loss,,miss,,,,—,,
2026-09-27T17:16:08.602614+00:00,nfl,2026,3,401872949,401872949412,1,9:22, (Shotgun) D.Watson pass short left to R.Sanders pushed ob at CLV 42 for 7 yards (T.Moehrig).,3,10,CLE 35,35,0,Cleveland Browns,Carolina Panthers,0,0,35.8,64.2,7.0,27.0,34.0,16.0,3.0,19.0,game,Spread,Carolina Panthers,,-2.5,polymarket,108.0,—,—,,0,,miss,,,,—,,
2026-09-27T17:16:08.602614+00:00,nfl,2026,3,401872949,401872949412,1,9:22, (Shotgun) D.Watson pass short left to R.Sanders pushed ob at CLV 42 for 7 yards (T.Moehrig).,3,10,CLE 35,35,0,Cleveland Browns,Carolina Panthers,0,0,35.8,64.2,7.0,27.0,34.0,16.0,3.0,19.0,game,Spread,Cleveland Browns,,2.5,polymarket,-118.0,—,—,,0,,hit,,,,—,,
2026-09-27T17:16:08.602614+00:00,nfl,2026,3,401872949,401872949412,1,9:22, (Shotgun) D.Watson pass short left to R.Sanders pushed ob at CLV 42 for 7 yards (T.Moehrig).,3,10,CLE 35,35,0,Cleveland Browns,Carolina Panthers,0,0,35.8,64.2,7.0,27.0,34.0,16.0,3.0,19.0,game,Total,Over,,39.5,novig,127.0,—,—,,0.0,,miss,,,,—,,
2026-09-27T17:16:08.602614+00:00,nfl,2026,3,401872949,401872949412,1,9:22, (Shotgun) D.Watson pass short left to R.Sanders pushed ob at CLV 42 for 7 yards (T.Moehrig).,3,10,CLE 35,35,0,Cleveland Browns,Carolina Panthers,0,0,35.8,64.2,7.0,27.0,34.0,16.0,3.0,19.0,game,Total,,,39.5,,,—,—,,0.0,,hit,,,,—,,
2026-09-27T17:16:08.602614+00:00,nfl,2026,3,401872949,401872949412,1,9:22, (Shotgun) D.Watson pass short left to R.Sanders pushed ob at CLV 42 for 7 yards (T.Moehrig).,3,10,CLE 35,35,0,Cleveland Browns,Carolina Panthers,0,0,35.8,64.2,7.0,27.0,34.0,16.0,3.0,19.0,game,ML,Carolina Panthers,,,polymarket,-113.0,—,—,,Loss,,miss,,,,—,,
2026-09-27T17:16:08.602614+00:00,nfl,2026,3,401872949,401872949442,1,8:41," C.Bojorquez punts 39 yards to CAR 19, Center-R.Sunahara, fair catch by D.Moore.",4,3,CLE 42,42,0,Cleveland Browns,Carolina Panthers,0,0,35.8,64.2,7.0,27.0,34.0,16.0,3.0,19.0,game,Spread,Carolina Panthers,,-2.5,polymarket,108.0,—,—,,0,,miss,,,,—,,
2026-09-27T17:16:08.602614+00:00,nfl,2026,3,401872949,401872949442,1,8:41," C.Bojorquez punts 39 yards to CAR 19, Center-R.Sunahara, fair catch by D.Moore.",4,3,CLE 42,42,0,Cleveland Browns,Carolina Panthers,0,0,35.8,64.2,7.0,27.0,34.0,16.0,3.0,19.0,game,Spread,Cleveland Browns,,2.5,polymarket,-118.0,—,—,,0,,hit,,,,—,,
2026-09-27T17:16:08.602614+00:00,nfl,2026,3,401872949,401872949442,1,8:41," C.Bojorquez punts 39 yards to CAR 19, Center-R.Sunahara, fair catch by D.Moore.",4,3,CLE 42,42,0,Cleveland Browns,Carolina Panthers,0,0,35.8,64.2,7.0,27.0,34.0,16.0,3.0,19.0,game,Total,Over,,39.5,novig,127.0,—,—,,0.0,,miss,,,,—,,
2026-09-27T17:16:08.602614+00:00,nfl,2026,3,401872949,401872949442,1,8:41," C.Bojorquez punts 39 yards to CAR 19, Center-R.Sunahara, fair catch by D.Moore.",4,3,CLE 42,42,0,Cleveland Browns,Carolina Panthers,0,0,35.8,64.2,7.0,27.0,34.0,16.0,3.0,19.0,game,Total,,,39.5,,,—,—,,0.0,,hit,,,,—,,
2026-09-27T17:16:08.602614+00:00,nfl,2026,3,401872949,401872949442,1,8:41," C.Bojorquez punts 39 yards to CAR 19, Center-R.Sunahara, fair catch by D.Moore.",4,3,CLE 42,42,0,Cleveland Browns,Carolina Panthers,0,0,35.8,64.2,7.0,27.0,34.0,16.0,3.0,19.0,game,ML,Carolina Panthers,,,polymarket,-113.0,—,—,,Loss,,miss,,,,—,,
2026-09-27T17:16:08.602614+00:00,nfl,2026,3,401872949,401872949452,1,8:34,Official Timeout at 08:34.,1,10,CAR 19,81,0,Cleveland Browns,Carolina Panthers,0,0,35.8,64.2,7.0,27.0,34.0,16.0,3.0,19.0,game,Spread,Carolina Panthers,,-2.5,polymarket,108.0,—,—,,0,,miss,,,,—,,
2026-09-27T17:16:08.602614+00:00,nfl,2026,3,401872949,401872949452,1,8:34,Official Timeout at 08:34.,1,10,CAR 19,81,0,Cleveland Browns,Carolina Panthers,0,0,35.8,64.2,7.0,27.0,34.0,16.0,3.0,19.0,game,Spread,Cleveland Browns,,2.5,polymarket,-118.0,—,—,,0,,hit,,,,—,,
2026-09-27T17:16:08.602614+00:00,nfl,2026,3,401872949,401872949452,1,8:34,Official Timeout at 08:34.,1,10,CAR 19,81,0,Cleveland Browns,Carolina Panthers,0,0,35.8,64.2,7.0,27.0,34.0,16.0,3.0,19.0,game,Total,Over,,39.5,novig,127.0,—,—,,0.0,,miss,,,,—,,
2026-09-27T17:16:08.602614+00:00,nfl,2026,3,401872949,401872949452,1,8:34,Official Timeout at 08:34.,1,10,CAR 19,81,0,Cleveland Browns,Carolina Panthers,0,0,35.8,64.2,7.0,27.0,34.0,16.0,3.0,19.0,game,Total,,,39.5,,,—,—,,0.0,,hit,,,,—,,
2026-09-27T17:16:08.602614+00:00,nfl,2026,3,401872949,401872949452,1,8:34,Official Timeout at 08:34.,1,10,CAR 19,81,0,Cleveland Browns,Carolina Panthers,0,0,35.8,64.2,7.0,27.0,34.0,16.0,3.0,19.0,game,ML,Carolina Panthers,,,polymarket,-113.0,—,—,,Loss,,miss,,,,—,,
2026-09-27T20:12:49.904557+00:00,nfl,2026,3,401872949,401872949462,1,8:34,B.Young pass short right to T.Tremble to CAR 36 for 17 yards (E.McNeil-Warren; R.Hickman).,1,10,CAR 19,81,0,Cleveland Browns,Carolina Panthers,0,0,65.9,34.1,127.0,126.0,253.0,229.0,98.0,327.0,game,Spread,Carolina Panthers,,1.5,polymarket,185,—,—,,0,,hit,,,,—,,
2026-09-27T20:12:49.904557+00:00,nfl,2026,3,401872949,401872949462,1,8:34,B.Young pass short right to T.Tremble to CAR 36 for 17 yards (E.McNeil-Warren; R.Hickman).,1,10,CAR 19,81,0,Cleveland Browns,Carolina Panthers,0,0,65.9,34.1,127.0,126.0,253.0,229.0,98.0,327.0,game,Spread,Cleveland Browns,,-1.5,polymarket,-234,—,—,,0,,miss,,,,—,,
2026-09-27T20:12:49.904557+00:00,nfl,2026,3,401872949,401872949462,1,8:34,B.Young pass short right to T.Tremble to CAR 36 for 17 yards (E.McNeil-Warren; R.Hickman).,1,10,CAR 19,81,0,Cleveland Browns,Carolina Panthers,0,0,65.9,34.1,127.0,126.0,253.0,229.0,98.0,327.0,game,Total,Over,,40.5,kalshi,108,—,—,,0.0,,miss,,,,—,,
2026-09-27T20:12:49.904557+00:00,nfl,2026,3,401872949,401872949462,1,8:34,B.Young pass short right to T.Tremble to CAR 36 for 17 yards (E.McNeil-Warren; R.Hickman).,1,10,CAR 19,81,0,Cleveland Browns,Carolina Panthers,0,0,65.9,34.1,127.0,126.0,253.0,229.0,98.0,327.0,game,Total,Under,,40.5,kalshi,-139,—,—,,0.0,,hit,,,,—,,
2026-09-27T20:12:49.904557+00:00,nfl,2026,3,401872949,401872949462,1,8:34,B.Young pass short right to T.Tremble to CAR 36 for 17 yards (E.McNeil-Warren; R.Hickman).,1,10,CAR 19,81,0,Cleveland Browns,Carolina Panthers,0,0,65.9,34.1,127.0,126.0,253.0,229.0,98.0,327.0,game,ML,Cleveland Browns,,,bet365,-210,—,—,,Loss,,miss,,,,—,,
2026-09-27T20:12:49.904557+00:00,nfl,2026,3,401872949,401872949494,1,8:01,C.Hubbard right tackle to CAR 36 for no gain (M.Hall).,1,10,CAR 36,64,0,Cleveland Browns,Carolina Panthers,0,0,65.9,34.1,127.0,126.0,253.0,229.0,98.0,327.0,game,Spread,Carolina Panthers,,1.5,polymarket,185,—,—,,0,,hit,,,,—,,
2026-09-27T20:12:49.904557+00:00,nfl,2026,3,401872949,401872949494,1,8:01,C.Hubbard right tackle to CAR 36 for no gain (M.Hall).,1,10,CAR 36,64,0,Cleveland Browns,Carolina Panthers,0,0,65.9,34.1,127.0,126.0,253.0,229.0,98.0,327.0,game,Spread,Cleveland Browns,,-1.5,polymarket,-234,—,—,,0,,miss,,,,—,,
2026-09-27T20:12:49.904557+00:00,nfl,2026,3,401872949,401872949494,1,8:01,C.Hubbard right tackle to CAR 36 for no gain (M.Hall).,1,10,CAR 36,64,0,Cleveland Browns,Carolina Panthers,0,0,65.9,34.1,127.0,126.0,253.0,229.0,98.0,327.0,game,Total,Over,,40.5,kalshi,108,—,—,,0.0,,miss,,,,—,,
2026-09-27T20:12:49.904557+00:00,nfl,2026,3,401872949,401872949494,1,8:01,C.Hubbard right tackle to CAR 36 for no gain (M.Hall).,1,10,CAR 36,64,0,Cleveland Browns,Carolina Panthers,0,0,65.9,34.1,127.0,126.0,253.0,229.0,98.0,327.0,game,Total,Under,,40.5,kalshi,-139,—,—,,0.0,,hit,,,,—,,
2026-09-27T20:12:49.904557+00:00,nfl,2026,3,401872949,401872949494,1,8:01,C.Hubbard right tackle to CAR 36 for no gain (M.Hall).,1,10,CAR 36,64,0,Cleveland Browns,Carolina Panthers,0,0,65.9,34.1,127.0,126.0,253.0,229.0,98.0,327.0,game,ML,Cleveland Browns,,,bet365,-210,—,—,,Loss,,miss,,,,—,,
2026-09-27T20:12:49.904557+00:00,nfl,2026,3,401872949,401872949516,1,7:28,(Shotgun) C.Hubbard left tackle to CAR 39 for 3 yards (Q.Williams).,2,10,CAR 36,64,0,Cleveland Browns,Carolina Panthers,0,0,65.9,34.1,127.0,126.0,253.0,229.0,98.0,327.0,game,Spread,Carolina Panthers,,1.5,polymarket,185,—,—,,0,,hit,,,,—,,
2026-09-27T20:12:49.904557+00:00,nfl,2026,3,401872949,401872949516,1,7:28,(Shotgun) C.Hubbard left tackle to CAR 39 for 3 yards (Q.Williams).,2,10,CAR 36,64,0,Cleveland Browns,Carolina Panthers,0,0,65.9,34.1,127.0,126.0,253.0,229.0,98.0,327.0,game,Spread,Cleveland Browns,,-1.5,polymarket,-234,—,—,,0,,miss,,,,—,,
2026-09-27T20:12:49.904557+00:00,nfl,2026,3,401872949,401872949516,1,7:28,(Shotgun) C.Hubbard left tackle to CAR 39 for 3 yards (Q.Williams).,2,10,CAR 36,64,0,Cleveland Browns,Carolina Panthers,0,0,65.9,34.1,127.0,126.0,253.0,229.0,98.0,327.0,game,Total,Over,,40.5,kalshi,108,—,—,,0.0,,miss,,,,—,,
2026-09-27T20:12:49.904557+00:00,nfl,2026,3,401872949,401872949516,1,7:28,(Shotgun) C.Hubbard left tackle to CAR 39 for 3 yards (Q.Williams).,2,10,CAR 36,64,0,Cleveland Browns,Carolina Panthers,0,0,65.9,34.1,127.0,126.0,253.0,229.0,98.0,327.0,game,Total,Under,,40.5,kalshi,-139,—,—,,0.0,,hit,,,,—,,
2026-09-27T20:12:49.904557+00:00,nfl,2026,3,401872949,401872949516,1,7:28,(Shotgun) C.Hubbard left tackle to CAR 39 for 3 yards (Q.Williams).,2,10,CAR 36,64,0,Cleveland Browns,Carolina Panthers,0,0,65.9,34.1,127.0,126.0,253.0,229.0,98.0,327.0,game,ML,Cleveland Browns,,,bet365,-210,—,—,,Loss,,miss,,,,—,,
2026-09-27T20:12:49.904557+00:00,nfl,2026,3,401872949,401872949538,1,6:43,(Shotgun) B.Young pass short middle to T.McMillan to CAR 44 for 5 yards (R.Hickman).,3,7,CAR 39,61,0,Cleveland Browns,Carolina Panthers,0,0,65.9,34.1,127.0,126.0,253.0,229.0,98.0,327.0,game,Spread,Carolina Panthers,,1.5,polymarket,185,—,—,,0,,hit,,,,—,,
2026-09-27T20:12:49.904557+00:00,nfl,2026,3,401872949,401872949538,1,6:43,(Shotgun) B.Young pass short middle to T.McMillan to CAR 44 for 5 yards (R.Hickman).,3,7,CAR 39,61,0,Cleveland Browns,Carolina Panthers,0,0,65.9,34.1,127.0,126.0,253.0,229.0,98.0,327.0,game,Spread,Cleveland Browns,,-1.5,polymarket,-234,—,—,,0,,miss,,,,—,,
2026-09-27T20:12:49.904557+00:00,nfl,2026,3,401872949,401872949538,1,6:43,(Shotgun) B.Young pass short middle to T.McMillan to CAR 44 for 5 yards (R.Hickman).,3,7,CAR 39,61,0,Cleveland Browns,Carolina Panthers,0,0,65.9,34.1,127.0,126.0,253.0,229.0,98.0,327.0,game,Total,Over,,40.5,kalshi,108,—,—,,0.0,,miss,,,,—,,
2026-09-27T20:12:49.904557+00:00,nfl,2026,3,401872949,401872949538,1,6:43,(Shotgun) B.Young pass short middle to T.McMillan to CAR 44 for 5 yards (R.Hickman).,3,7,CAR 39,61,0,Cleveland Browns,Carolina Panthers,0,0,65.9,34.1,127.0,126.0,253.0,229.0,98.0,327.0,game,Total,Under,,40.5,kalshi,-139,—,—,,0.0,,hit,,,,—,,
2026-09-27T20:12:49.904557+00:00,nfl,2026,3,401872949,401872949538,1,6:43,(Shotgun) B.Young pass short middle to T.McMillan to CAR 44 for 5 yards (R.Hickman).,3,7,CAR 39,61,0,Cleveland Browns,Carolina Panthers,0,0,65.9,34.1,127.0,126.0,253.0,229.0,98.0,327.0,game,ML,Cleveland Browns,,,bet365,-210,—,—,,Loss,,miss,,,,—,,
2026-09-27T20:12:49.904557+00:00,nfl,2026,3,401872949,401872949563,1,6:00,"S.Martin punts 47 yards to CLV 9, Center-J.Jansen, downed by CAR-A.Evans.",4,2,CAR 44,56,0,Cleveland Browns,Carolina Panthers,0,0,65.9,34.1,127.0,126.0,253.0,229.0,98.0,327.0,game,Spread,Carolina Panthers,,1.5,polymarket,185,—,—,,0,,hit,,,,—,,
2026-09-27T20:12:49.904557+00:00,nfl,2026,3,401872949,401872949563,1,6:00,"S.Martin punts 47 yards to CLV 9, Center-J.Jansen, downed by CAR-A.Evans.",4,2,CAR 44,56,0,Cleveland Browns,Carolina Panthers,0,0,65.9,34.1,127.0,126.0,253.0,229.0,98.0,327.0,game,Spread,Cleveland Browns,,-1.5,polymarket,-234,—,—,,0,,miss,,,,—,,
2026-09-27T20:12:49.904557+00:00,nfl,2026,3,401872949,401872949563,1,6:00,"S.Martin punts 47 yards to CLV 9, Center-J.Jansen, downed by CAR-A.Evans.",4,2,CAR 44,56,0,Cleveland Browns,Carolina Panthers,0,0,65.9,34.1,127.0,126.0,253.0,229.0,98.0,327.0,game,Total,Over,,40.5,kalshi,108,—,—,,0.0,,miss,,,,—,,
2026-09-27T20:12:49.904557+00:00,nfl,2026,3,401872949,401872949563,1,6:00,"S.Martin punts 47 yards to CLV 9, Center-J.Jansen, downed by CAR-A.Evans.",4,2,CAR 44,56,0,Cleveland Browns,Carolina Panthers,0,0,65.9,34.1,127.0,126.0,253.0,229.0,98.0,327.0,game,Total,Under,,40.5,kalshi,-139,—,—,,0.0,,hit,,,,—,,
2026-09-27T20:12:49.904557+00:00,nfl,2026,3,401872949,401872949563,1,6:00,"S.Martin punts 47 yards to CLV 9, Center-J.Jansen, downed by CAR-A.Evans.",4,2,CAR 44,56,0,Cleveland Browns,Carolina Panthers,0,0,65.9,34.1,127.0,126.0,253.0,229.0,98.0,327.0,game,ML,Cleveland Browns,,,bet365,-210,—,—,,Loss,,miss,,,,—,,
2026-09-27T20:12:49.904557+00:00,nfl,2026,3,401872949,401872949573,1,5:51,Official Timeout at 05:51.,1,10,CLE 9,9,0,Cleveland Browns,Carolina Panthers,0,0,65.9,34.1,127.0,126.0,253.0,229.0,98.0,327.0,game,Spread,Carolina Panthers,,1.5,polymarket,185,—,—,,0,,hit,,,,—,,
2026-09-27T20:12:49.904557+00:00,nfl,2026,3,401872949,401872949573,1,5:51,Official Timeout at 05:51.,1,10,CLE 9,9,0,Cleveland Browns,Carolina Panthers,0,0,65.9,34.1,127.0,126.0,253.0,229.0,98.0,327.0,game,Spread,Cleveland Browns,,-1.5,polymarket,-234,—,—,,0,,miss,,,,—,,
2026-09-27T20:12:49.904557+00:00,nfl,2026,3,401872949,401872949573,1,5:51,Official Timeout at 05:51.,1,10,CLE 9,9,0,Cleveland Browns,Carolina Panthers,0,0,65.9,34.1,127.0,126.0,253.0,229.0,98.0,327.0,game,Total,Over,,40.5,kalshi,108,—,—,,0.0,,miss,,,,—,,
2026-09-27T20:12:49.904557+00:00,nfl,2026,3,401872949,401872949573,1,5:51,Official Timeout at 05:51.,1,10,CLE 9,9,0,Cleveland Browns,Carolina Panthers,0,0,65.9,34.1,127.0,126.0,253.0,229.0,98.0,327.0,game,Total,Under,,40.5,kalshi,-139,—,—,,0.0,,hit,,,,—,,
2026-09-27T20:12:49.904557+00:00,nfl,2026,3,401872949,401872949573,1,5:51,Official Timeout at 05:51.,1,10,CLE 9,9,0,Cleveland Browns,Carolina Panthers,0,0,65.9,34.1,127.0,126.0,253.0,229.0,98.0,327.0,game,ML,Cleveland Browns,,,bet365,-210,—,—,,Loss,,miss,,,,—,,
2026-09-27T20:12:49.904557+00:00,nfl,2026,3,401872949,401872949583,1,5:51,(Shotgun) Q.Judkins left end to CLV 11 for 2 yards (L.Ransom).,1,10,CLE 9,9,0,Cleveland Browns,Carolina Panthers,0,0,65.9,34.1,127.0,126.0,253.0,229.0,98.0,327.0,game,Spread,Carolina Panthers,,1.5,polymarket,185,—,—,,0,,hit,,,,—,,
2026-09-27T20:12:49.904557+00:00,nfl,2026,3,401872949,401872949583,1,5:51,(Shotgun) Q.Judkins left end to CLV 11 for 2 yards (L.Ransom).,1,10,CLE 9,9,0,Cleveland Browns,Carolina Panthers,0,0,65.9,34.1,127.0,126.0,253.0,229.0,98.0,327.0,game,Spread,Cleveland Browns,,-1.5,polymarket,-234,—,—,,0,,miss,,,,—,,
2026-09-27T20:12:49.904557+00:00,nfl,2026,3,401872949,401872949583,1,5:51,(Shotgun) Q.Judkins left end to CLV 11 for 2 yards (L.Ransom).,1,10,CLE 9,9,0,Cleveland Browns,Carolina Panthers,0,0,65.9,34.1,127.0,126.0,253.0,229.0,98.0,327.0,game,Total,Over,,40.5,kalshi,108,—,—,,0.0,,miss,,,,—,,
2026-09-27T20:12:49.904557+00:00,nfl,2026,3,401872949,401872949583,1,5:51,(Shotgun) Q.Judkins left end to CLV 11 for 2 yards (L.Ransom).,1,10,CLE 9,9,0,Cleveland Browns,Carolina Panthers,0,0,65.9,34.1,127.0,126.0,253.0,229.0,98.0,327.0,game,Total,Under,,40.5,kalshi,-139,—,—,,0.0,,hit,,,,—,,
2026-09-27T20:12:49.904557+00:00,nfl,2026,3,401872949,401872949583,1,5:51,(Shotgun) Q.Judkins left end to CLV 11 for 2 yards (L.Ransom).,1,10,CLE 9,9,0,Cleveland Browns,Carolina Panthers,0,0,65.9,34.1,127.0,126.0,253.0,229.0,98.0,327.0,game,ML,Cleveland Browns,,,bet365,-210,—,—,,Loss,,miss,,,,—,,
2026-09-27T20:12:49.904557+00:00,nfl,2026,3,401872949,401872949617,1,5:22,Q.Judkins left guard to CLV 11 for no gain (B.Brown; T.Dodson).,2,8,CLE 11,11,0,Cleveland Browns,Carolina Panthers,0,0,65.9,34.1,127.0,126.0,253.0,229.0,98.0,327.0,game,Spread,Carolina Panthers,,1.5,polymarket,185,—,—,,0,,hit,,,,—,,
2026-09-27T20:12:49.904557+00:00,nfl,2026,3,401872949,401872949617,1,5:22,Q.Judkins left guard to CLV 11 for no gain (B.Brown; T.Dodson).,2,8,CLE 11,11,0,Cleveland Browns,Carolina Panthers,0,0,65.9,34.1,127.0,126.0,253.0,229.0,98.0,327.0,game,Spread,Cleveland Browns,,-1.5,polymarket,-234,—,—,,0,,miss,,,,—,,
2026-09-27T20:12:49.904557+00:00,nfl,2026,3,401872949,401872949617,1,5:22,Q.Judkins left guard to CLV 11 for no gain (B.Brown; T.Dodson).,2,8,CLE 11,11,0,Cleveland Browns,Carolina Panthers,0,0,65.9,34.1,127.0,126.0,253.0,229.0,98.0,327.0,game,Total,Over,,40.5,kalshi,108,—,—,,0.0,,miss,,,,—,,
2026-09-27T20:12:49.904557+00:00,nfl,2026,3,401872949,401872949617,1,5:22,Q.Judkins left guard to CLV 11 for no gain (B.Brown; T.Dodson).,2,8,CLE 11,11,0,Cleveland Browns,Carolina Panthers,0,0,65.9,34.1,127.0,126.0,253.0,229.0,98.0,327.0,game,Total,Under,,40.5,kalshi,-139,—,—,,0.0,,hit,,,,—,,
2026-09-27T20:12:49.904557+00:00,nfl,2026,3,401872949,401872949617,1,5:22,Q.Judkins left guard to CLV 11 for no gain (B.Brown; T.Dodson).,2,8,CLE 11,11,0,Cleveland Browns,Carolina Panthers,0,0,65.9,34.1,127.0,126.0,253.0,229.0,98.0,327.0,game,ML,Cleveland Browns,,,bet365,-210,—,—,,Loss,,miss,,,,—,,
2026-09-27T20:12:49.904557+00:00,nfl,2026,3,401872949,401872949639,1,4:45,(Shotgun) D.Watson pass short left to R.Sanders to CLV 20 for 9 yards (P.Umanmielen; L.Ransom).,3,8,CLE 11,11,0,Cleveland Browns,Carolina Panthers,0,0,65.9,34.1,127.0,126.0,253.0,229.0,98.0,327.0,game,Spread,Carolina Panthers,,1.5,polymarket,185,—,—,,0,,hit,,,,—,,
2026-09-27T20:12:49.904557+00:00,nfl,2026,3,401872949,401872949639,1,4:45,(Shotgun) D.Watson pass short left to R.Sanders to CLV 20 for 9 yards (P.Umanmielen; L.Ransom).,3,8,CLE 11,11,0,Cleveland Browns,Carolina Panthers,0,0,65.9,34.1,127.0,126.0,253.0,229.0,98.0,327.0,game,Spread,Cleveland Browns,,-1.5,polymarket,-234,—,—,,0,,miss,,,,—,,
2026-09-27T20:12:49.904557+00:00,nfl,2026,3,401872949,401872949639,1,4:45,(Shotgun) D.Watson pass short left to R.Sanders to CLV 20 for 9 yards (P.Umanmielen; L.Ransom).,3,8,CLE 11,11,0,Cleveland Browns,Carolina Panthers,0,0,65.9,34.1,127.0,126.0,253.0,229.0,98.0,327.0,game,Total,Over,,40.5,kalshi,108,—,—,,0.0,,miss,,,,—,,
2026-09-27T20:12:49.904557+00:00,nfl,2026,3,401872949,401872949639,1,4:45,(Shotgun) D.Watson pass short left to R.Sanders to CLV 20 for 9 yards (P.Umanmielen; L.Ransom).,3,8,CLE 11,11,0,Cleveland Browns,Carolina Panthers,0,0,65.9,34.1,127.0,126.0,253.0,229.0,98.0,327.0,game,Total,Under,,40.5,kalshi,-139,—,—,,0.0,,hit,,,,—,,
2026-09-27T20:12:49.904557+00:00,nfl,2026,3,401872949,401872949639,1,4:45,(Shotgun) D.Watson pass short left to R.Sanders to CLV 20 for 9 yards (P.Umanmielen; L.Ransom).,3,8,CLE 11,11,0,Cleveland Browns,Carolina Panthers,0,0,65.9,34.1,127.0,126.0,253.0,229.0,98.0,327.0,game,ML,Cleveland Browns,,,bet365,-210,—,—,,Loss,,miss,,,,—,,
2026-09-27T20:12:49.904557+00:00,nfl,2026,3,401872949,401872949664,1,4:04,(Shotgun) Q.Judkins right end to CLV 29 for 9 yards (B.Okereke; T.Moehrig).,1,10,CLE 20,20,0,Cleveland Browns,Carolina Panthers,0,0,65.9,34.1,127.0,126.0,253.0,229.0,98.0,327.0,game,Spread,Carolina Panthers,,1.5,polymarket,185,—,—,,0,,hit,,,,—,,
2026-09-27T20:12:49.904557+00:00,nfl,2026,3,401872949,401872949664,1,4:04,(Shotgun) Q.Judkins right end to CLV 29 for 9 yards (B.Okereke; T.Moehrig).,1,10,CLE 20,20,0,Cleveland Browns,Carolina Panthers,0,0,65.9,34.1,127.0,126.0,253.0,229.0,98.0,327.0,game,Spread,Cleveland Browns,,-1.5,polymarket,-234,—,—,,0,,miss,,,,—,,
2026-09-27T20:12:49.904557+00:00,nfl,2026,3,401872949,401872949664,1,4:04,(Shotgun) Q.Judkins right end to CLV 29 for 9 yards (B.Okereke; T.Moehrig).,1,10,CLE 20,20,0,Cleveland Browns,Carolina Panthers,0,0,65.9,34.1,127.0,126.0,253.0,229.0,98.0,327.0,game,Total,Over,,40.5,kalshi,108,—,—,,0.0,,miss,,,,—,,
2026-09-27T20:12:49.904557+00:00,nfl,2026,3,401872949,401872949664,1,4:04,(Shotgun) Q.Judkins right end to CLV 29 for 9 yards (B.Okereke; T.Moehrig).,1,10,CLE 20,20,0,Cleveland Browns,Carolina Panthers,0,0,65.9,34.1,127.0,126.0,253.0,229.0,98.0,327.0,game,Total,Under,,40.5,kalshi,-139,—,—,,0.0,,hit,,,,—,,
2026-09-27T20:12:49.904557+00:00,nfl,2026,3,401872949,401872949664,1,4:04,(Shotgun) Q.Judkins right end to CLV 29 for 9 yards (B.Okereke; T.Moehrig).,1,10,CLE 20,20,0,Cleveland Browns,Carolina Panthers,0,0,65.9,34.1,127.0,126.0,253.0,229.0,98.0,327.0,game,ML,Cleveland Browns,,,bet365,-210,—,—,,Loss,,miss,,,,—,,
2026-09-27T20:12:49.904557+00:00,nfl,2026,3,401872949,401872949686,1,3:27,"Q.Judkins right guard to CLV 33 for 4 yards (Ja.Horn).PENALTY on CLV, Illegal Formation, 4 yards, enforced at CLV 29 - No Play.",2,1,CLE 29,29,0,Cleveland Browns,Carolina Panthers,0,0,65.9,34.1,127.0,126.0,253.0,229.0,98.0,327.0,game,Spread,Carolina Panthers,,1.5,polymarket,185,—,—,,0,,hit,,,,—,,
2026-09-27T20:12:49.904557+00:00,nfl,2026,3,401872949,401872949686,1,3:27,"Q.Judkins right guard to CLV 33 for 4 yards (Ja.Horn).PENALTY on CLV, Illegal Formation, 4 yards, enforced at CLV 29 - No Play.",2,1,CLE 29,29,0,Cleveland Browns,Carolina Panthers,0,0,65.9,34.1,127.0,126.0,253.0,229.0,98.0,327.0,game,Spread,Cleveland Browns,,-1.5,polymarket,-234,—,—,,0,,miss,,,,—,,
2026-09-27T20:12:49.904557+00:00,nfl,2026,3,401872949,401872949686,1,3:27,"Q.Judkins right guard to CLV 33 for 4 yards (Ja.Horn).PENALTY on CLV, Illegal Formation, 4 yards, enforced at CLV 29 - No Play.",2,1,CLE 29,29,0,Cleveland Browns,Carolina Panthers,0,0,65.9,34.1,127.0,126.0,253.0,229.0,98.0,327.0,game,Total,Over,,40.5,kalshi,108,—,—,,0.0,,miss,,,,—,,
2026-09-27T20:12:49.904557+00:00,nfl,2026,3,401872949,401872949686,1,3:27,"Q.Judkins right guard to CLV 33 for 4 yards (Ja.Horn).PENALTY on CLV, Illegal Formation, 4 yards, enforced at CLV 29 - No Play.",2,1,CLE 29,29,0,Cleveland Browns,Carolina Panthers,0,0,65.9,34.1,127.0,126.0,253.0,229.0,98.0,327.0,game,Total,Under,,40.5,kalshi,-139,—,—,,0.0,,hit,,,,—,,
2026-09-27T20:12:49.904557+00:00,nfl,2026,3,401872949,401872949686,1,3:27,"Q.Judkins right guard to CLV 33 for 4 yards (Ja.Horn).PENALTY on CLV, Illegal Formation, 4 yards, enforced at CLV 29 - No Play.",2,1,CLE 29,29,0,Cleveland Browns,Carolina Panthers,0,0,65.9,34.1,127.0,126.0,253.0,229.0,98.0,327.0,game,ML,Cleveland Browns,,,bet365,-210,—,—,,Loss,,miss,,,,—,,
2026-09-27T20:12:49.904557+00:00,nfl,2026,3,401872949,401872949719,1,3:01,(Shotgun) D.Watson pass short right to H.Fannin to CLV 38 for 13 yards (P.Umanmielen).,2,5,CLE 25,25,0,Cleveland Browns,Carolina Panthers,0,0,65.9,34.1,127.0,126.0,253.0,229.0,98.0,327.0,game,Spread,Carolina Panthers,,1.5,polymarket,185,—,—,,0,,hit,,,,—,,
2026-09-27T20:12:49.904557+00:00,nfl,2026,3,401872949,401872949719,1,3:01,(Shotgun) D.Watson pass short right to H.Fannin to CLV 38 for 13 yards (P.Umanmielen).,2,5,CLE 25,25,0,Cleveland Browns,Carolina Panthers,0,0,65.9,34.1,127.0,126.0,253.0,229.0,98.0,327.0,game,Spread,Cleveland Browns,,-1.5,polymarket,-234,—,—,,0,,miss,,,,—,,
2026-09-27T20:12:49.904557+00:00,nfl,2026,3,401872949,401872949719,1,3:01,(Shotgun) D.Watson pass short right to H.Fannin to CLV 38 for 13 yards (P.Umanmielen).,2,5,CLE 25,25,0,Cleveland Browns,Carolina Panthers,0,0,65.9,34.1,127.0,126.0,253.0,229.0,98.0,327.0,game,Total,Over,,40.5,kalshi,108,—,—,,0.0,,miss,,,,—,,
2026-09-27T20:12:49.904557+00:00,nfl,2026,3,401872949,401872949719,1,3:01,(Shotgun) D.Watson pass short right to H.Fannin to CLV 38 for 13 yards (P.Umanmielen).,2,5,CLE 25,25,0,Cleveland Browns,Carolina Panthers,0,0,65.9,34.1,127.0,126.0,253.0,229.0,98.0,327.0,game,Total,Under,,40.5,kalshi,-139,—,—,,0.0,,hit,,,,—,,
2026-09-27T20:12:49.904557+00:00,nfl,2026,3,401872949,401872949719,1,3:01,(Shotgun) D.Watson pass short right to H.Fannin to CLV 38 for 13 yards (P.Umanmielen).,2,5,CLE 25,25,0,Cleveland Browns,Carolina Panthers,0,0,65.9,34.1,127.0,126.0,253.0,229.0,98.0,327.0,game,ML,Cleveland Browns,,,bet365,-210,—,—,,Loss,,miss,,,,—,,
2026-09-27T20:12:49.904557+00:00,nfl,2026,3,401872949,401872949744,1,2:24,"(Shotgun) D.Watson pass incomplete deep right to J.Jeudy. CAR-M.Jackson was injured during the play. PENALTY on CAR-M.Jackson, Defensive Pass Interference, 17 yards, enforced at CLV 38 - No Play.",1,10,CLE 38,38,0,Cleveland Browns,Carolina Panthers,0,0,65.9,34.1,127.0,126.0,253.0,229.0,98.0,327.0,game,Spread,Carolina Panthers,,1.5,polymarket,185,—,—,,0,,hit,,,,—,,
2026-09-27T20:12:49.904557+00:00,nfl,2026,3,401872949,401872949744,1,2:24,"(Shotgun) D.Watson pass incomplete deep right to J.Jeudy. CAR-M.Jackson was injured during the play. PENALTY on CAR-M.Jackson, Defensive Pass Interference, 17 yards, enforced at CLV 38 - No Play.",1,10,CLE 38,38,0,Cleveland Browns,Carolina Panthers,0,0,65.9,34.1,127.0,126.0,253.0,229.0,98.0,327.0,game,Spread,Cleveland Browns,,-1.5,polymarket,-234,—,—,,0,,miss,,,,—,,
2026-09-27T20:12:49.904557+00:00,nfl,2026,3,401872949,401872949744,1,2:24,"(Shotgun) D.Watson pass incomplete deep right to J.Jeudy. CAR-M.Jackson was injured during the play. PENALTY on CAR-M.Jackson, Defensive Pass Interference, 17 yards, enforced at CLV 38 - No Play.",1,10,CLE 38,38,0,Cleveland Browns,Carolina Panthers,0,0,65.9,34.1,127.0,126.0,253.0,229.0,98.0,327.0,game,Total,Over,,40.5,kalshi,108,—,—,,0.0,,miss,,,,—,,
2026-09-27T20:12:49.904557+00:00,nfl,2026,3,401872949,401872949744,1,2:24,"(Shotgun) D.Watson pass incomplete deep right to J.Jeudy. CAR-M.Jackson was injured during the play. PENALTY on CAR-M.Jackson, Defensive Pass Interference, 17 yards, enforced at CLV 38 - No Play.",1,10,CLE 38,38,0,Cleveland Browns,Carolina Panthers,0,0,65.9,34.1,127.0,126.0,253.0,229.0,98.0,327.0,game,Total,Under,,40.5,kalshi,-139,—,—,,0.0,,hit,,,,—,,
2026-09-27T20:12:49.904557+00:00,nfl,2026,3,401872949,401872949744,1,2:24,"(Shotgun) D.Watson pass incomplete deep right to J.Jeudy. CAR-M.Jackson was injured during the play. PENALTY on CAR-M.Jackson, Defensive Pass Interference, 17 yards, enforced at CLV 38 - No Play.",1,10,CLE 38,38,0,Cleveland Browns,Carolina Panthers,0,0,65.9,34.1,127.0,126.0,253.0,229.0,98.0,327.0,game,ML,Cleveland Browns,,,bet365,-210,—,—,,Loss,,miss,,,,—,,
2026-09-27T20:12:49.904557+00:00,nfl,2026,3,401872949,401872949764,1,2:19,Official Timeout at 02:19.,1,10,CAR 45,55,0,Cleveland Browns,Carolina Panthers,0,0,65.9,34.1,127.0,126.0,253.0,229.0,98.0,327.0,game,Spread,Carolina Panthers,,1.5,polymarket,185,—,—,,0,,hit,,,,—,,
2026-09-27T20:12:49.904557+00:00,nfl,2026,3,401872949,401872949764,1,2:19,Official Timeout at 02:19.,1,10,CAR 45,55,0,Cleveland Browns,Carolina Panthers,0,0,65.9,34.1,127.0,126.0,253.0,229.0,98.0,327.0,game,Spread,Cleveland Browns,,-1.5,polymarket,-234,—,—,,0,,miss,,,,—,,
2026-09-27T20:12:49.904557+00:00,nfl,2026,3,401872949,401872949764,1,2:19,Official Timeout at 02:19.,1,10,CAR 45,55,0,Cleveland Browns,Carolina Panthers,0,0,65.9,34.1,127.0,126.0,253.0,229.0,98.0,327.0,game,Total,Over,,40.5,kalshi,108,—,—,,0.0,,miss,,,,—,,
2026-09-27T20:12:49.904557+00:00,nfl,2026,3,401872949,401872949764,1,2:19,Official Timeout at 02:19.,1,10,CAR 45,55,0,Cleveland Browns,Carolina Panthers,0,0,65.9,34.1,127.0,126.0,253.0,229.0,98.0,327.0,game,Total,Under,,40.5,kalshi,-139,—,—,,0.0,,hit,,,,—,,
2026-09-27T20:12:49.904557+00:00,nfl,2026,3,401872949,401872949764,1,2:19,Official Timeout at 02:19.,1,10,CAR 45,55,0,Cleveland Browns,Carolina Panthers,0,0,65.9,34.1,127.0,126.0,253.0,229.0,98.0,327.0,game,ML,Cleveland Browns,,,bet365,-210,—,—,,Loss,,miss,,,,—,,
2026-09-27T20:12:49.904557+00:00,nfl,2026,3,401872949,401872949784,1,2:19,Q.Judkins up the middle to CAR 39 for 6 yards (T.Dodson; T.Edwards).,1,10,CAR 45,55,0,Cleveland Browns,Carolina Panthers,0,0,65.9,34.1,127.0,126.0,253.0,229.0,98.0,327.0,game,Spread,Carolina Panthers,,1.5,polymarket,185,—,—,,0,,hit,,,,—,,
2026-09-27T20:12:49.904557+00:00,nfl,2026,3,401872949,401872949784,1,2:19,Q.Judkins up the middle to CAR 39 for 6 yards (T.Dodson; T.Edwards).,1,10,CAR 45,55,0,Cleveland Browns,Carolina Panthers,0,0,65.9,34.1,127.0,126.0,253.0,229.0,98.0,327.0,game,Spread,Cleveland Browns,,-1.5,polymarket,-234,—,—,,0,,miss,,,,—,,
2026-09-27T20:12:49.904557+00:00,nfl,2026,3,401872949,401872949784,1,2:19,Q.Judkins up the middle to CAR 39 for 6 yards (T.Dodson; T.Edwards).,1,10,CAR 45,55,0,Cleveland Browns,Carolina Panthers,0,0,65.9,34.1,127.0,126.0,253.0,229.0,98.0,327.0,game,Total,Over,,40.5,kalshi,108,—,—,,0.0,,miss,,,,—,,
2026-09-27T20:12:49.904557+00:00,nfl,2026,3,401872949,401872949784,1,2:19,Q.Judkins up the middle to CAR 39 for 6 yards (T.Dodson; T.Edwards).,1,10,CAR 45,55,0,Cleveland Browns,Carolina Panthers,0,0,65.9,34.1,127.0,126.0,253.0,229.0,98.0,327.0,game,Total,Under,,40.5,kalshi,-139,—,—,,0.0,,hit,,,,—,,
2026-09-27T20:12:49.904557+00:00,nfl,2026,3,401872949,401872949784,1,2:19,Q.Judkins up the middle to CAR 39 for 6 yards (T.Dodson; T.Edwards).,1,10,CAR 45,55,0,Cleveland Browns,Carolina Panthers,0,0,65.9,34.1,127.0,126.0,253.0,229.0,98.0,327.0,game,ML,Cleveland Browns,,,bet365,-210,—,—,,Loss,,miss,,,,—,,
2026-09-27T20:12:49.904557+00:00,nfl,2026,3,401872949,401872949814,1,1:44,(Shotgun) Q.Judkins up the middle to CAR 36 for 3 yards (D.Brown).,2,4,CAR 39,61,0,Cleveland Browns,Carolina Panthers,0,0,65.9,34.1,127.0,126.0,253.0,229.0,98.0,327.0,game,Spread,Carolina Panthers,,1.5,polymarket,185,—,—,,0,,hit,,,,—,,
2026-09-27T20:12:49.904557+00:00,nfl,2026,3,401872949,401872949814,1,1:44,(Shotgun) Q.Judkins up the middle to CAR 36 for 3 yards (D.Brown).,2,4,CAR 39,61,0,Cleveland Browns,Carolina Panthers,0,0,65.9,34.1,127.0,126.0,253.0,229.0,98.0,327.0,game,Spread,Cleveland Browns,,-1.5,polymarket,-234,—,—,,0,,miss,,,,—,,
2026-09-27T20:12:49.904557+00:00,nfl,2026,3,401872949,401872949814,1,1:44,(Shotgun) Q.Judkins up the middle to CAR 36 for 3 yards (D.Brown).,2,4,CAR 39,61,0,Cleveland Browns,Carolina Panthers,0,0,65.9,34.1,127.0,126.0,253.0,229.0,98.0,327.0,game,Total,Over,,40.5,kalshi,108,—,—,,0.0,,miss,,,,—,,
2026-09-27T20:12:49.904557+00:00,nfl,2026,3,401872949,401872949814,1,1:44,(Shotgun) Q.Judkins up the middle to CAR 36 for 3 yards (D.Brown).,2,4,CAR 39,61,0,Cleveland Browns,Carolina Panthers,0,0,65.9,34.1,127.0,126.0,253.0,229.0,98.0,327.0,game,Total,Under,,40.5,kalshi,-139,—,—,,0.0,,hit,,,,—,,
2026-09-27T20:12:49.904557+00:00,nfl,2026,3,401872949,401872949814,1,1:44,(Shotgun) Q.Judkins up the middle to CAR 36 for 3 yards (D.Brown).,2,4,CAR 39,61,0,Cleveland Browns,Carolina Panthers,0,0,65.9,34.1,127.0,126.0,253.0,229.0,98.0,327.0,game,ML,Cleveland Browns,,,bet365,-210,—,—,,Loss,,miss,,,,—,,
2026-09-27T20:12:49.904557+00:00,nfl,2026,3,401872949,401872949836,1,1:12,"(Shotgun) PENALTY on CLV-A.Barber, False Start, 5 yards, enforced at CAR 36 - No Play.",3,1,CAR 36,64,0,Cleveland Browns,Carolina Panthers,0,0,65.9,34.1,127.0,126.0,253.0,229.0,98.0,327.0,game,Spread,Carolina Panthers,,1.5,polymarket,185,—,—,,0,,hit,,,,—,,
2026-09-27T20:12:49.904557+00:00,nfl,2026,3,401872949,401872949836,1,1:12,"(Shotgun) PENALTY on CLV-A.Barber, False Start, 5 yards, enforced at CAR 36 - No Play.",3,1,CAR 36,64,0,Cleveland Browns,Carolina Panthers,0,0,65.9,34.1,127.0,126.0,253.0,229.0,98.0,327.0,game,Spread,Cleveland Browns,,-1.5,polymarket,-234,—,—,,0,,miss,,,,—,,
2026-09-27T20:12:49.904557+00:00,nfl,2026,3,401872949,401872949836,1,1:12,"(Shotgun) PENALTY on CLV-A.Barber, False Start, 5 yards, enforced at CAR 36 - No Play.",3,1,CAR 36,64,0,Cleveland Browns,Carolina Panthers,0,0,65.9,34.1,127.0,126.0,253.0,229.0,98.0,327.0,game,Total,Over,,40.5,kalshi,108,—,—,,0.0,,miss,,,,—,,
2026-09-27T20:12:49.904557+00:00,nfl,2026,3,401872949,401872949836,1,1:12,"(Shotgun) PENALTY on CLV-A.Barber, False Start, 5 yards, enforced at CAR 36 - No Play.",3,1,CAR 36,64,0,Cleveland Browns,Carolina Panthers,0,0,65.9,34.1,127.0,126.0,253.0,229.0,98.0,327.0,game,Total,Under,,40.5,kalshi,-139,—,—,,0.0,,hit,,,,—,,
2026-09-27T20:12:49.904557+00:00,nfl,2026,3,401872949,401872949836,1,1:12,"(Shotgun) PENALTY on CLV-A.Barber, False Start, 5 yards, enforced at CAR 36 - No Play.",3,1,CAR 36,64,0,Cleveland Browns,Carolina Panthers,0,0,65.9,34.1,127.0,126.0,253.0,229.0,98.0,327.0,game,ML,Cleveland Browns,,,bet365,-210,—,—,,Loss,,miss,,,,—,,
2026-09-27T20:12:49.904557+00:00,nfl,2026,3,401872949,401872949860,1,0:50,"(Shotgun) PENALTY on CLV-T.Howard, False Start, 5 yards, enforced at CAR 41 - No Play.",3,6,CAR 41,59,0,Cleveland Browns,Carolina Panthers,0,0,65.9,34.1,127.0,126.0,253.0,229.0,98.0,327.0,game,Spread,Carolina Panthers,,1.5,polymarket,185,—,—,,0,,hit,,,,—,,
2026-09-27T20:12:49.904557+00:00,nfl,2026,3,401872949,401872949860,1,0:50,"(Shotgun) PENALTY on CLV-T.Howard, False Start, 5 yards, enforced at CAR 41 - No Play.",3,6,CAR 41,59,0,Cleveland Browns,Carolina Panthers,0,0,65.9,34.1,127.0,126.0,253.0,229.0,98.0,327.0,game,Spread,Cleveland Browns,,-1.5,polymarket,-234,—,—,,0,,miss,,,,—,,
2026-09-27T20:12:49.904557+00:00,nfl,2026,3,401872949,401872949860,1,0:50,"(Shotgun) PENALTY on CLV-T.Howard, False Start, 5 yards, enforced at CAR 41 - No Play.",3,6,CAR 41,59,0,Cleveland Browns,Carolina Panthers,0,0,65.9,34.1,127.0,126.0,253.0,229.0,98.0,327.0,game,Total,Over,,40.5,kalshi,108,—,—,,0.0,,miss,,,,—,,
2026-09-27T20:12:49.904557+00:00,nfl,2026,3,401872949,401872949860,1,0:50,"(Shotgun) PENALTY on CLV-T.Howard, False Start, 5 yards, enforced at CAR 41 - No Play.",3,6,CAR 41,59,0,Cleveland Browns,Carolina Panthers,0,0,65.9,34.1,127.0,126.0,253.0,229.0,98.0,327.0,game,Total,Under,,40.5,kalshi,-139,—,—,,0.0,,hit,,,,—,,
2026-09-27T20:12:49.904557+00:00,nfl,2026,3,401872949,401872949860,1,0:50,"(Shotgun) PENALTY on CLV-T.Howard, False Start, 5 yards, enforced at CAR 41 - No Play.",3,6,CAR 41,59,0,Cleveland Browns,Carolina Panthers,0,0,65.9,34.1,127.0,126.0,253.0,229.0,98.0,327.0,game,ML,Cleveland Browns,,,bet365,-210,—,—,,Loss,,miss,,,,—,,
2026-09-27T20:12:49.904557+00:00,nfl,2026,3,401872949,401872949884,1,0:32,(Shotgun) D.Watson pass short left to R.Sanders to CAR 38 for 8 yards (B.Okereke; A.Evans).,3,11,CAR 46,54,0,Cleveland Browns,Carolina Panthers,0,0,65.9,34.1,127.0,126.0,253.0,229.0,98.0,327.0,game,Spread,Carolina Panthers,,1.5,polymarket,185,—,—,,0,,hit,,,,—,,
2026-09-27T20:12:49.904557+00:00,nfl,2026,3,401872949,401872949884,1,0:32,(Shotgun) D.Watson pass short left to R.Sanders to CAR 38 for 8 yards (B.Okereke; A.Evans).,3,11,CAR 46,54,0,Cleveland Browns,Carolina Panthers,0,0,65.9,34.1,127.0,126.0,253.0,229.0,98.0,327.0,game,Spread,Cleveland Browns,,-1.5,polymarket,-234,—,—,,0,,miss,,,,—,,
2026-09-27T20:12:49.904557+00:00,nfl,2026,3,401872949,401872949884,1,0:32,(Shotgun) D.Watson pass short left to R.Sanders to CAR 38 for 8 yards (B.Okereke; A.Evans).,3,11,CAR 46,54,0,Cleveland Browns,Carolina Panthers,0,0,65.9,34.1,127.0,126.0,253.0,229.0,98.0,327.0,game,Total,Over,,40.5,kalshi,108,—,—,,0.0,,miss,,,,—,,
2026-09-27T20:12:49.904557+00:00,nfl,2026,3,401872949,401872949884,1,0:32,(Shotgun) D.Watson pass short left to R.Sanders to CAR 38 for 8 yards (B.Okereke; A.Evans).,3,11,CAR 46,54,0,Cleveland Browns,Carolina Panthers,0,0,65.9,34.1,127.0,126.0,253.0,229.0,98.0,327.0,game,Total,Under,,40.5,kalshi,-139,—,—,,0.0,,hit,,,,—,,
2026-09-27T20:12:49.904557+00:00,nfl,2026,3,401872949,401872949884,1,0:32,(Shotgun) D.Watson pass short left to R.Sanders to CAR 38 for 8 yards (B.Okereke; A.Evans).,3,11,CAR 46,54,0,Cleveland Browns,Carolina Panthers,0,0,65.9,34.1,127.0,126.0,253.0,229.0,98.0,327.0,game,ML,Cleveland Browns,,,bet365,-210,—,—,,Loss,,miss,,,,—,,
2026-09-27T20:12:49.904557+00:00,nfl,2026,3,401872949,401872949909,1,0:00,END QUARTER 1,4,3,CAR 14,62,0,Cleveland Browns,Carolina Panthers,0,0,65.9,34.1,127.0,126.0,253.0,229.0,98.0,327.0,game,Spread,Carolina Panthers,,1.5,polymarket,185,—,—,,0,,hit,,,,—,,
2026-09-27T20:12:49.904557+00:00,nfl,2026,3,401872949,401872949909,1,0:00,END QUARTER 1,4,3,CAR 14,62,0,Cleveland Browns,Carolina Panthers,0,0,65.9,34.1,127.0,126.0,253.0,229.0,98.0,327.0,game,Spread,Cleveland Browns,,-1.5,polymarket,-234,—,—,,0,,miss,,,,—,,
2026-09-27T20:12:49.904557+00:00,nfl,2026,3,401872949,401872949909,1,0:00,END QUARTER 1,4,3,CAR 14,62,0,Cleveland Browns,Carolina Panthers,0,0,65.9,34.1,127.0,126.0,253.0,229.0,98.0,327.0,game,Total,Over,,40.5,kalshi,108,—,—,,0.0,,miss,,,,—,,
2026-09-27T20:12:49.904557+00:00,nfl,2026,3,401872949,401872949909,1,0:00,END QUARTER 1,4,3,CAR 14,62,0,Cleveland Browns,Carolina Panthers,0,0,65.9,34.1,127.0,126.0,253.0,229.0,98.0,327.0,game,Total,Under,,40.5,kalshi,-139,—,—,,0.0,,hit,,,,—,,
2026-09-27T20:12:49.904557+00:00,nfl,2026,3,401872949,401872949909,1,0:00,END QUARTER 1,4,3,CAR 14,62,0,Cleveland Browns,Carolina Panthers,0,0,65.9,34.1,127.0,126.0,253.0,229.0,98.0,327.0,game,ML,Cleveland Browns,,,bet365,-210,—,—,,Loss,,miss,,,,—,,
2026-09-27T20:12:49.904557+00:00,nfl,2026,3,401872949,401872949929,2,15:00,(Shotgun) D.Watson pass short right to K.Concepcion to CAR 34 for 4 yards (A.Evans).,4,3,CAR 38,62,0,Cleveland Browns,Carolina Panthers,0,0,65.9,34.1,127.0,126.0,253.0,229.0,98.0,327.0,game,Spread,Carolina Panthers,,1.5,polymarket,185,—,—,,0,,hit,,,,—,,
2026-09-27T20:12:49.904557+00:00,nfl,2026,3,401872949,401872949929,2,15:00,(Shotgun) D.Watson pass short right to K.Concepcion to CAR 34 for 4 yards (A.Evans).,4,3,CAR 38,62,0,Cleveland Browns,Carolina Panthers,0,0,65.9,34.1,127.0,126.0,253.0,229.0,98.0,327.0,game,Spread,Cleveland Browns,,-1.5,polymarket,-234,—,—,,0,,miss,,,,—,,
2026-09-27T20:12:49.904557+00:00,nfl,2026,3,401872949,401872949929,2,15:00,(Shotgun) D.Watson pass short right to K.Concepcion to CAR 34 for 4 yards (A.Evans).,4,3,CAR 38,62,0,Cleveland Browns,Carolina Panthers,0,0,65.9,34.1,127.0,126.0,253.0,229.0,98.0,327.0,game,Total,Over,,40.5,kalshi,108,—,—,,0.0,,miss,,,,—,,
2026-09-27T20:12:49.904557+00:00,nfl,2026,3,401872949,401872949929,2,15:00,(Shotgun) D.Watson pass short right to K.Concepcion to CAR 34 for 4 yards (A.Evans).,4,3,CAR 38,62,0,Cleveland Browns,Carolina Panthers,0,0,65.9,34.1,127.0,126.0,253.0,229.0,98.0,327.0,game,Total,Under,,40.5,kalshi,-139,—,—,,0.0,,hit,,,,—,,
2026-09-27T20:12:49.904557+00:00,nfl,2026,3,401872949,401872949929,2,15:00,(Shotgun) D.Watson pass short right to K.Concepcion to CAR 34 for 4 yards (A.Evans).,4,3,CAR 38,62,0,Cleveland Browns,Carolina Panthers,0,0,65.9,34.1,127.0,126.0,253.0,229.0,98.0,327.0,game,ML,Cleveland Browns,,,bet365,-210,—,—,,Loss,,miss,,,,—,,
2026-09-27T20:12:49.904557+00:00,nfl,2026,3,401872949,401872949954,2,14:25,(Shotgun) D.Watson pass incomplete short right to K.Concepcion.,1,10,CAR 34,66,0,Cleveland Browns,Carolina Panthers,0,0,65.9,34.1,127.0,126.0,253.0,229.0,98.0,327.0,game,Spread,Carolina Panthers,,1.5,polymarket,185,—,—,,0,,hit,,,,—,,
2026-09-27T20:12:49.904557+00:00,nfl,2026,3,401872949,401872949954,2,14:25,(Shotgun) D.Watson pass incomplete short right to K.Concepcion.,1,10,CAR 34,66,0,Cleveland Browns,Carolina Panthers,0,0,65.9,34.1,127.0,126.0,253.0,229.0,98.0,327.0,game,Spread,Cleveland Browns,,-1.5,polymarket,-234,—,—,,0,,miss,,,,—,,
2026-09-27T20:12:49.904557+00:00,nfl,2026,3,401872949,401872949954,2,14:25,(Shotgun) D.Watson pass incomplete short right to K.Concepcion.,1,10,CAR 34,66,0,Cleveland Browns,Carolina Panthers,0,0,65.9,34.1,127.0,126.0,253.0,229.0,98.0,327.0,game,Total,Over,,40.5,kalshi,108,—,—,,0.0,,miss,,,,—,,
2026-09-27T20:12:49.904557+00:00,nfl,2026,3,401872949,401872949954,2,14:25,(Shotgun) D.Watson pass incomplete short right to K.Concepcion.,1,10,CAR 34,66,0,Cleveland Browns,Carolina Panthers,0,0,65.9,34.1,127.0,126.0,253.0,229.0,98.0,327.0,game,Total,Under,,40.5,kalshi,-139,—,—,,0.0,,hit,,,,—,,
2026-09-27T20:12:49.904557+00:00,nfl,2026,3,401872949,401872949954,2,14:25,(Shotgun) D.Watson pass incomplete short right to K.Concepcion.,1,10,CAR 34,66,0,Cleveland Browns,Carolina Panthers,0,0,65.9,34.1,127.0,126.0,253.0,229.0,98.0,327.0,game,ML,Cleveland Browns,,,bet365,-210,—,—,,Loss,,miss,,,,—,,
2026-09-27T20:12:49.904557+00:00,nfl,2026,3,401872949,401872949977,2,14:21,"(Shotgun) D.Watson pass short left to D.Boston pushed ob at CAR 11 for 23 yards (A.Evans).PENALTY on CLV-S.Fano, Offensive Holding, 10 yards, enforced at CAR 34 - No Play.",2,10,CAR 34,66,0,Cleveland Browns,Carolina Panthers,0,0,65.9,34.1,127.0,126.0,253.0,229.0,98.0,327.0,game,Spread,Carolina Panthers,,1.5,polymarket,185,—,—,,0,,hit,,,,—,,
2026-09-27T20:12:49.904557+00:00,nfl,2026,3,401872949,401872949977,2,14:21,"(Shotgun) D.Watson pass short left to D.Boston pushed ob at CAR 11 for 23 yards (A.Evans).PENALTY on CLV-S.Fano, Offensive Holding, 10 yards, enforced at CAR 34 - No Play.",2,10,CAR 34,66,0,Cleveland Browns,Carolina Panthers,0,0,65.9,34.1,127.0,126.0,253.0,229.0,98.0,327.0,game,Spread,Cleveland Browns,,-1.5,polymarket,-234,—,—,,0,,miss,,,,—,,
2026-09-27T20:12:49.904557+00:00,nfl,2026,3,401872949,401872949977,2,14:21,"(Shotgun) D.Watson pass short left to D.Boston pushed ob at CAR 11 for 23 yards (A.Evans).PENALTY on CLV-S.Fano, Offensive Holding, 10 yards, enforced at CAR 34 - No Play.",2,10,CAR 34,66,0,Cleveland Browns,Carolina Panthers,0,0,65.9,34.1,127.0,126.0,253.0,229.0,98.0,327.0,game,Total,Over,,40.5,kalshi,108,—,—,,0.0,,miss,,,,—,,
2026-09-27T20:12:49.904557+00:00,nfl,2026,3,401872949,401872949977,2,14:21,"(Shotgun) D.Watson pass short left to D.Boston pushed ob at CAR 11 for 23 yards (A.Evans).PENALTY on CLV-S.Fano, Offensive Holding, 10 yards, enforced at CAR 34 - No Play.",2,10,CAR 34,66,0,Cleveland Browns,Carolina Panthers,0,0,65.9,34.1,127.0,126.0,253.0,229.0,98.0,327.0,game,Total,Under,,40.5,kalshi,-139,—,—,,0.0,,hit,,,,—,,
2026-09-27T20:12:49.904557+00:00,nfl,2026,3,401872949,401872949977,2,14:21,"(Shotgun) D.Watson pass short left to D.Boston pushed ob at CAR 11 for 23 yards (A.Evans).PENALTY on CLV-S.Fano, Offensive Holding, 10 yards, enforced at CAR 34 - No Play.",2,10,CAR 34,66,0,Cleveland Browns,Carolina Panthers,0,0,65.9,34.1,127.0,126.0,253.0,229.0,98.0,327.0,game,ML,Cleveland Browns,,,bet365,-210,—,—,,Loss,,miss,,,,—,,
2026-09-27T20:12:49.904557+00:00,nfl,2026,3,401872949,4018729491018,2,13:53,"(Shotgun) D.Watson sacked at CAR 46 for -2 yards (D.Brown).PENALTY on CAR-W.Lee, Defensive Holding, 5 yards, enforced at CAR 44 - No Play.",2,20,CAR 44,56,0,Cleveland Browns,Carolina Panthers,0,0,65.9,34.1,127.0,126.0,253.0,229.0,98.0,327.0,game,Spread,Carolina Panthers,,1.5,polymarket,185,—,—,,0,,hit,,,,—,,
2026-09-27T20:12:49.904557+00:00,nfl,2026,3,401872949,4018729491018,2,13:53,"(Shotgun) D.Watson sacked at CAR 46 for -2 yards (D.Brown).PENALTY on CAR-W.Lee, Defensive Holding, 5 yards, enforced at CAR 44 - No Play.",2,20,CAR 44,56,0,Cleveland Browns,Carolina Panthers,0,0,65.9,34.1,127.0,126.0,253.0,229.0,98.0,327.0,game,Spread,Cleveland Browns,,-1.5,polymarket,-234,—,—,,0,,miss,,,,—,,
2026-09-27T20:12:49.904557+00:00,nfl,2026,3,401872949,4018729491018,2,13:53,"(Shotgun) D.Watson sacked at CAR 46 for -2 yards (D.Brown).PENALTY on CAR-W.Lee, Defensive Holding, 5 yards, enforced at CAR 44 - No Play.",2,20,CAR 44,56,0,Cleveland Browns,Carolina Panthers,0,0,65.9,34.1,127.0,126.0,253.0,229.0,98.0,327.0,game,Total,Over,,40.5,kalshi,108,—,—,,0.0,,miss,,,,—,,
2026-09-27T20:12:49.904557+00:00,nfl,2026,3,401872949,4018729491018,2,13:53,"(Shotgun) D.Watson sacked at CAR 46 for -2 yards (D.Brown).PENALTY on CAR-W.Lee, Defensive Holding, 5 yards, enforced at CAR 44 - No Play.",2,20,CAR 44,56,0,Cleveland Browns,Carolina Panthers,0,0,65.9,34.1,127.0,126.0,253.0,229.0,98.0,327.0,game,Total,Under,,40.5,kalshi,-139,—,—,,0.0,,hit,,,,—,,
2026-09-27T20:12:49.904557+00:00,nfl,2026,3,401872949,4018729491018,2,13:53,"(Shotgun) D.Watson sacked at CAR 46 for -2 yards (D.Brown).PENALTY on CAR-W.Lee, Defensive Holding, 5 yards, enforced at CAR 44 - No Play.",2,20,CAR 44,56,0,Cleveland Browns,Carolina Panthers,0,0,65.9,34.1,127.0,126.0,253.0,229.0,98.0,327.0,game,ML,Cleveland Browns,,,bet365,-210,—,—,,Loss,,miss,,,,—,,
2026-09-27T20:12:49.904557+00:00,nfl,2026,3,401872949,4018729491049,2,13:22,Q.Judkins up the middle to CAR 38 for 1 yard (Ja.Horn; T.Edwards).,1,10,CAR 39,61,0,Cleveland Browns,Carolina Panthers,0,0,65.9,34.1,127.0,126.0,253.0,229.0,98.0,327.0,game,Spread,Carolina Panthers,,1.5,polymarket,185,—,—,,0,,hit,,,,—,,
2026-09-27T20:12:49.904557+00:00,nfl,2026,3,401872949,4018729491049,2,13:22,Q.Judkins up the middle to CAR 38 for 1 yard (Ja.Horn; T.Edwards).,1,10,CAR 39,61,0,Cleveland Browns,Carolina Panthers,0,0,65.9,34.1,127.0,126.0,253.0,229.0,98.0,327.0,game,Spread,Cleveland Browns,,-1.5,polymarket,-234,—,—,,0,,miss,,,,—,,
2026-09-27T20:12:49.904557+00:00,nfl,2026,3,401872949,4018729491049,2,13:22,Q.Judkins up the middle to CAR 38 for 1 yard (Ja.Horn; T.Edwards).,1,10,CAR 39,61,0,Cleveland Browns,Carolina Panthers,0,0,65.9,34.1,127.0,126.0,253.0,229.0,98.0,327.0,game,Total,Over,,40.5,kalshi,108,—,—,,0.0,,miss,,,,—,,
2026-09-27T20:12:49.904557+00:00,nfl,2026,3,401872949,4018729491049,2,13:22,Q.Judkins up the middle to CAR 38 for 1 yard (Ja.Horn; T.Edwards).,1,10,CAR 39,61,0,Cleveland Browns,Carolina Panthers,0,0,65.9,34.1,127.0,126.0,253.0,229.0,98.0,327.0,game,Total,Under,,40.5,kalshi,-139,—,—,,0.0,,hit,,,,—,,
2026-09-27T20:12:49.904557+00:00,nfl,2026,3,401872949,4018729491049,2,13:22,Q.Judkins up the middle to CAR 38 for 1 yard (Ja.Horn; T.Edwards).,1,10,CAR 39,61,0,Cleveland Browns,Carolina Panthers,0,0,65.9,34.1,127.0,126.0,253.0,229.0,98.0,327.0,game,ML,Cleveland Browns,,,bet365,-210,—,—,,Loss,,miss,,,,—,,
2026-09-27T20:12:49.904557+00:00,nfl,2026,3,401872949,4018729491071,2,12:37,"(Shotgun) PENALTY on CLV-T.Howard, False Start, 5 yards, enforced at CAR 38 - No Play.",2,9,CAR 38,62,0,Cleveland Browns,Carolina Panthers,0,0,65.9,34.1,127.0,126.0,253.0,229.0,98.0,327.0,game,Spread,Carolina Panthers,,1.5,polymarket,185,—,—,,0,,hit,,,,—,,
2026-09-27T20:12:49.904557+00:00,nfl,2026,3,401872949,4018729491071,2,12:37,"(Shotgun) PENALTY on CLV-T.Howard, False Start, 5 yards, enforced at CAR 38 - No Play.",2,9,CAR 38,62,0,Cleveland Browns,Carolina Panthers,0,0,65.9,34.1,127.0,126.0,253.0,229.0,98.0,327.0,game,Spread,Cleveland Browns,,-1.5,polymarket,-234,—,—,,0,,miss,,,,—,,
2026-09-27T20:12:49.904557+00:00,nfl,2026,3,401872949,4018729491071,2,12:37,"(Shotgun) PENALTY on CLV-T.Howard, False Start, 5 yards, enforced at CAR 38 - No Play.",2,9,CAR 38,62,0,Cleveland Browns,Carolina Panthers,0,0,65.9,34.1,127.0,126.0,253.0,229.0,98.0,327.0,game,Total,Over,,40.5,kalshi,108,—,—,,0.0,,miss,,,,—,,
2026-09-27T20:12:49.904557+00:00,nfl,2026,3,401872949,4018729491071,2,12:37,"(Shotgun) PENALTY on CLV-T.Howard, False Start, 5 yards, enforced at CAR 38 - No Play.",2,9,CAR 38,62,0,Cleveland Browns,Carolina Panthers,0,0,65.9,34.1,127.0,126.0,253.0,229.0,98.0,327.0,game,Total,Under,,40.5,kalshi,-139,—,—,,0.0,,hit,,,,—,,
2026-09-27T20:12:49.904557+00:00,nfl,2026,3,401872949,4018729491071,2,12:37,"(Shotgun) PENALTY on CLV-T.Howard, False Start, 5 yards, enforced at CAR 38 - No Play.",2,9,CAR 38,62,0,Cleveland Browns,Carolina Panthers,0,0,65.9,34.1,127.0,126.0,253.0,229.0,98.0,327.0,game,ML,Cleveland Browns,,,bet365,-210,—,—,,Loss,,miss,,,,—,,
2026-09-27T20:12:49.904557+00:00,nfl,2026,3,401872949,4018729491095,2,12:13,(Shotgun) D.Watson pass incomplete short left to D.Boston (A.Evans).,2,14,CAR 43,57,0,Cleveland Browns,Carolina Panthers,0,0,65.9,34.1,127.0,126.0,253.0,229.0,98.0,327.0,game,Spread,Carolina Panthers,,1.5,polymarket,185,—,—,,0,,hit,,,,—,,
2026-09-27T20:12:49.904557+00:00,nfl,2026,3,401872949,4018729491095,2,12:13,(Shotgun) D.Watson pass incomplete short left to D.Boston (A.Evans).,2,14,CAR 43,57,0,Cleveland Browns,Carolina Panthers,0,0,65.9,34.1,127.0,126.0,253.0,229.0,98.0,327.0,game,Spread,Cleveland Browns,,-1.5,polymarket,-234,—,—,,0,,miss,,,,—,,
2026-09-27T20:12:49.904557+00:00,nfl,2026,3,401872949,4018729491095,2,12:13,(Shotgun) D.Watson pass incomplete short left to D.Boston (A.Evans).,2,14,CAR 43,57,0,Cleveland Browns,Carolina Panthers,0,0,65.9,34.1,127.0,126.0,253.0,229.0,98.0,327.0,game,Total,Over,,40.5,kalshi,108,—,—,,0.0,,miss,,,,—,,
2026-09-27T20:12:49.904557+00:00,nfl,2026,3,401872949,4018729491095,2,12:13,(Shotgun) D.Watson pass incomplete short left to D.Boston (A.Evans).,2,14,CAR 43,57,0,Cleveland Browns,Carolina Panthers,0,0,65.9,34.1,127.0,126.0,253.0,229.0,98.0,327.0,game,Total,Under,,40.5,kalshi,-139,—,—,,0.0,,hit,,,,—,,
2026-09-27T20:12:49.904557+00:00,nfl,2026,3,401872949,4018729491095,2,12:13,(Shotgun) D.Watson pass incomplete short left to D.Boston (A.Evans).,2,14,CAR 43,57,0,Cleveland Browns,Carolina Panthers,0,0,65.9,34.1,127.0,126.0,253.0,229.0,98.0,327.0,game,ML,Cleveland Browns,,,bet365,-210,—,—,,Loss,,miss,,,,—,,
2026-09-27T20:12:49.904557+00:00,nfl,2026,3,401872949,4018729491118,2,12:08,(Shotgun) D.Watson pass incomplete short right to R.Sanders.,3,14,CAR 43,57,0,Cleveland Browns,Carolina Panthers,0,0,65.9,34.1,127.0,126.0,253.0,229.0,98.0,327.0,game,Spread,Carolina Panthers,,1.5,polymarket,185,—,—,,0,,hit,,,,—,,
2026-09-27T20:12:49.904557+00:00,nfl,2026,3,401872949,4018729491118,2,12:08,(Shotgun) D.Watson pass incomplete short right to R.Sanders.,3,14,CAR 43,57,0,Cleveland Browns,Carolina Panthers,0,0,65.9,34.1,127.0,126.0,253.0,229.0,98.0,327.0,game,Spread,Cleveland Browns,,-1.5,polymarket,-234,—,—,,0,,miss,,,,—,,
2026-09-27T20:12:49.904557+00:00,nfl,2026,3,401872949,4018729491118,2,12:08,(Shotgun) D.Watson pass incomplete short right to R.Sanders.,3,14,CAR 43,57,0,Cleveland Browns,Carolina Panthers,0,0,65.9,34.1,127.0,126.0,253.0,229.0,98.0,327.0,game,Total,Over,,40.5,kalshi,108,—,—,,0.0,,miss,,,,—,,
2026-09-27T20:12:49.904557+00:00,nfl,2026,3,401872949,4018729491118,2,12:08,(Shotgun) D.Watson pass incomplete short right to R.Sanders.,3,14,CAR 43,57,0,Cleveland Browns,Carolina Panthers,0,0,65.9,34.1,127.0,126.0,253.0,229.0,98.0,327.0,game,Total,Under,,40.5,kalshi,-139,—,—,,0.0,,hit,,,,—,,
2026-09-27T20:12:49.904557+00:00,nfl,2026,3,401872949,4018729491118,2,12:08,(Shotgun) D.Watson pass incomplete short right to R.Sanders.,3,14,CAR 43,57,0,Cleveland Browns,Carolina Panthers,0,0,65.9,34.1,127.0,126.0,253.0,229.0,98.0,327.0,game,ML,Cleveland Browns,,,bet365,-210,—,—,,Loss,,miss,,,,—,,
2026-09-27T20:12:49.904557+00:00,nfl,2026,3,401872949,4018729491141,2,12:03,"C.Bojorquez punts 27 yards to CAR 16, Center-R.Sunahara, out of bounds.",4,14,CAR 43,57,0,Cleveland Browns,Carolina Panthers,0,0,65.9,34.1,127.0,126.0,253.0,229.0,98.0,327.0,game,Spread,Carolina Panthers,,1.5,polymarket,185,—,—,,0,,hit,,,,—,,
2026-09-27T20:12:49.904557+00:00,nfl,2026,3,401872949,4018729491141,2,12:03,"C.Bojorquez punts 27 yards to CAR 16, Center-R.Sunahara, out of bounds.",4,14,CAR 43,57,0,Cleveland Browns,Carolina Panthers,0,0,65.9,34.1,127.0,126.0,253.0,229.0,98.0,327.0,game,Spread,Cleveland Browns,,-1.5,polymarket,-234,—,—,,0,,miss,,,,—,,
2026-09-27T20:12:49.904557+00:00,nfl,2026,3,401872949,4018729491141,2,12:03,"C.Bojorquez punts 27 yards to CAR 16, Center-R.Sunahara, out of bounds.",4,14,CAR 43,57,0,Cleveland Browns,Carolina Panthers,0,0,65.9,34.1,127.0,126.0,253.0,229.0,98.0,327.0,game,Total,Over,,40.5,kalshi,108,—,—,,0.0,,miss,,,,—,,
2026-09-27T20:12:49.904557+00:00,nfl,2026,3,401872949,4018729491141,2,12:03,"C.Bojorquez punts 27 yards to CAR 16, Center-R.Sunahara, out of bounds.",4,14,CAR 43,57,0,Cleveland Browns,Carolina Panthers,0,0,65.9,34.1,127.0,126.0,253.0,229.0,98.0,327.0,game,Total,Under,,40.5,kalshi,-139,—,—,,0.0,,hit,,,,—,,
2026-09-27T20:12:49.904557+00:00,nfl,2026,3,401872949,4018729491141,2,12:03,"C.Bojorquez punts 27 yards to CAR 16, Center-R.Sunahara, out of bounds.",4,14,CAR 43,57,0,Cleveland Browns,Carolina Panthers,0,0,65.9,34.1,127.0,126.0,253.0,229.0,98.0,327.0,game,ML,Cleveland Browns,,,bet365,-210,—,—,,Loss,,miss,,,,—,,
2026-09-27T20:12:49.904557+00:00,nfl,2026,3,401872949,4018729491151,2,11:56,Official Timeout at 11:56.,1,10,CAR 16,84,0,Cleveland Browns,Carolina Panthers,0,0,65.9,34.1,127.0,126.0,253.0,229.0,98.0,327.0,game,Spread,Carolina Panthers,,1.5,polymarket,185,—,—,,0,,hit,,,,—,,
2026-09-27T20:12:49.904557+00:00,nfl,2026,3,401872949,4018729491151,2,11:56,Official Timeout at 11:56.,1,10,CAR 16,84,0,Cleveland Browns,Carolina Panthers,0,0,65.9,34.1,127.0,126.0,253.0,229.0,98.0,327.0,game,Spread,Cleveland Browns,,-1.5,polymarket,-234,—,—,,0,,miss,,,,—,,
2026-09-27T20:12:49.904557+00:00,nfl,2026,3,401872949,4018729491151,2,11:56,Official Timeout at 11:56.,1,10,CAR 16,84,0,Cleveland Browns,Carolina Panthers,0,0,65.9,34.1,127.0,126.0,253.0,229.0,98.0,327.0,game,Total,Over,,40.5,kalshi,108,—,—,,0.0,,miss,,,,—,,
2026-09-27T20:12:49.904557+00:00,nfl,2026,3,401872949,4018729491151,2,11:56,Official Timeout at 11:56.,1,10,CAR 16,84,0,Cleveland Browns,Carolina Panthers,0,0,65.9,34.1,127.0,126.0,253.0,229.0,98.0,327.0,game,Total,Under,,40.5,kalshi,-139,—,—,,0.0,,hit,,,,—,,
2026-09-27T20:12:49.904557+00:00,nfl,2026,3,401872949,4018729491151,2,11:56,Official Timeout at 11:56.,1,10,CAR 16,84,0,Cleveland Browns,Carolina Panthers,0,0,65.9,34.1,127.0,126.0,253.0,229.0,98.0,327.0,game,ML,Cleveland Browns,,,bet365,-210,—,—,,Loss,,miss,,,,—,,
2026-09-27T20:12:49.904557+00:00,nfl,2026,3,401872949,4018729491160,2,11:56,(Shotgun) B.Young pass short left to M.Evans to CAR 27 for 11 yards (R.Hickman; M.Blackmon).,1,10,CAR 16,84,0,Cleveland Browns,Carolina Panthers,0,0,65.9,34.1,127.0,126.0,253.0,229.0,98.0,327.0,game,Spread,Carolina Panthers,,1.5,polymarket,185,—,—,,0,,hit,,,,—,,
2026-09-27T20:12:49.904557+00:00,nfl,2026,3,401872949,4018729491160,2,11:56,(Shotgun) B.Young pass short left to M.Evans to CAR 27 for 11 yards (R.Hickman; M.Blackmon).,1,10,CAR 16,84,0,Cleveland Browns,Carolina Panthers,0,0,65.9,34.1,127.0,126.0,253.0,229.0,98.0,327.0,game,Spread,Cleveland Browns,,-1.5,polymarket,-234,—,—,,0,,miss,,,,—,,
2026-09-27T20:12:49.904557+00:00,nfl,2026,3,401872949,4018729491160,2,11:56,(Shotgun) B.Young pass short left to M.Evans to CAR 27 for 11 yards (R.Hickman; M.Blackmon).,1,10,CAR 16,84,0,Cleveland Browns,Carolina Panthers,0,0,65.9,34.1,127.0,126.0,253.0,229.0,98.0,327.0,game,Total,Over,,40.5,kalshi,108,—,—,,0.0,,miss,,,,—,,
2026-09-27T20:12:49.904557+00:00,nfl,2026,3,401872949,4018729491160,2,11:56,(Shotgun) B.Young pass short left to M.Evans to CAR 27 for 11 yards (R.Hickman; M.Blackmon).,1,10,CAR 16,84,0,Cleveland Browns,Carolina Panthers,0,0,65.9,34.1,127.0,126.0,253.0,229.0,98.0,327.0,game,Total,Under,,40.5,kalshi,-139,—,—,,0.0,,hit,,,,—,,
2026-09-27T20:12:49.904557+00:00,nfl,2026,3,401872949,4018729491160,2,11:56,(Shotgun) B.Young pass short left to M.Evans to CAR 27 for 11 yards (R.Hickman; M.Blackmon).,1,10,CAR 16,84,0,Cleveland Browns,Carolina Panthers,0,0,65.9,34.1,127.0,126.0,253.0,229.0,98.0,327.0,game,ML,Cleveland Browns,,,bet365,-210,—,—,,Loss,,miss,,,,—,,
2026-09-27T20:12:49.904557+00:00,nfl,2026,3,401872949,4018729491192,2,11:20,C.Hubbard right tackle to CAR 28 for 1 yard (M.Hall).,1,10,CAR 27,73,0,Cleveland Browns,Carolina Panthers,0,0,65.9,34.1,127.0,126.0,253.0,229.0,98.0,327.0,game,Spread,Carolina Panthers,,1.5,polymarket,185,—,—,,0,,hit,,,,—,,
2026-09-27T20:12:49.904557+00:00,nfl,2026,3,401872949,4018729491192,2,11:20,C.Hubbard right tackle to CAR 28 for 1 yard (M.Hall).,1,10,CAR 27,73,0,Cleveland Browns,Carolina Panthers,0,0,65.9,34.1,127.0,126.0,253.0,229.0,98.0,327.0,game,Spread,Cleveland Browns,,-1.5,polymarket,-234,—,—,,0,,miss,,,,—,,
2026-09-27T20:12:49.904557+00:00,nfl,2026,3,401872949,4018729491192,2,11:20,C.Hubbard right tackle to CAR 28 for 1 yard (M.Hall).,1,10,CAR 27,73,0,Cleveland Browns,Carolina Panthers,0,0,65.9,34.1,127.0,126.0,253.0,229.0,98.0,327.0,game,Total,Over,,40.5,kalshi,108,—,—,,0.0,,miss,,,,—,,
2026-09-27T20:12:49.904557+00:00,nfl,2026,3,401872949,4018729491192,2,11:20,C.Hubbard right tackle to CAR 28 for 1 yard (M.Hall).,1,10,CAR 27,73,0,Cleveland Browns,Carolina Panthers,0,0,65.9,34.1,127.0,126.0,253.0,229.0,98.0,327.0,game,Total,Under,,40.5,kalshi,-139,—,—,,0.0,,hit,,,,—,,
2026-09-27T20:12:49.904557+00:00,nfl,2026,3,401872949,4018729491192,2,11:20,C.Hubbard right tackle to CAR 28 for 1 yard (M.Hall).,1,10,CAR 27,73,0,Cleveland Browns,Carolina Panthers,0,0,65.9,34.1,127.0,126.0,253.0,229.0,98.0,327.0,game,ML,Cleveland Browns,,,bet365,-210,—,—,,Loss,,miss,,,,—,,
2026-09-27T20:12:49.904557+00:00,nfl,2026,3,401872949,4018729491214,2,10:44,(Shotgun) B.Young pass short right to T.Tremble to CAR 37 for 9 yards (M.Blackmon). CAR-D.Lewis was injured during the play.,2,9,CAR 28,72,0,Cleveland Browns,Carolina Panthers,0,0,65.9,34.1,127.0,126.0,253.0,229.0,98.0,327.0,game,Spread,Carolina Panthers,,1.5,polymarket,185,—,—,,0,,hit,,,,—,,
2026-09-27T20:12:49.904557+00:00,nfl,2026,3,401872949,4018729491214,2,10:44,(Shotgun) B.Young pass short right to T.Tremble to CAR 37 for 9 yards (M.Blackmon). CAR-D.Lewis was injured during the play.,2,9,CAR 28,72,0,Cleveland Browns,Carolina Panthers,0,0,65.9,34.1,127.0,126.0,253.0,229.0,98.0,327.0,game,Spread,Cleveland Browns,,-1.5,polymarket,-234,—,—,,0,,miss,,,,—,,
2026-09-27T20:12:49.904557+00:00,nfl,2026,3,401872949,4018729491214,2,10:44,(Shotgun) B.Young pass short right to T.Tremble to CAR 37 for 9 yards (M.Blackmon). CAR-D.Lewis was injured during the play.,2,9,CAR 28,72,0,Cleveland Browns,Carolina Panthers,0,0,65.9,34.1,127.0,126.0,253.0,229.0,98.0,327.0,game,Total,Over,,40.5,kalshi,108,—,—,,0.0,,miss,,,,—,,
2026-09-27T20:12:49.904557+00:00,nfl,2026,3,401872949,4018729491214,2,10:44,(Shotgun) B.Young pass short right to T.Tremble to CAR 37 for 9 yards (M.Blackmon). CAR-D.Lewis was injured during the play.,2,9,CAR 28,72,0,Cleveland Browns,Carolina Panthers,0,0,65.9,34.1,127.0,126.0,253.0,229.0,98.0,327.0,game,Total,Under,,40.5,kalshi,-139,—,—,,0.0,,hit,,,,—,,
2026-09-27T20:12:49.904557+00:00,nfl,2026,3,401872949,4018729491214,2,10:44,(Shotgun) B.Young pass short right to T.Tremble to CAR 37 for 9 yards (M.Blackmon). CAR-D.Lewis was injured during the play.,2,9,CAR 28,72,0,Cleveland Browns,Carolina Panthers,0,0,65.9,34.1,127.0,126.0,253.0,229.0,98.0,327.0,game,ML,Cleveland Browns,,,bet365,-210,—,—,,Loss,,miss,,,,—,,
2026-09-27T20:12:49.904557+00:00,nfl,2026,3,401872949,4018729491239,2,10:13,"(10:13) B.Young pass short left to J.Coker pushed ob at 50 for 13 yards (M.Blackmon).
Penalty on CLV-M.Blackmon, Defensive Pass Interference, declined.",1,10,CAR 37,63,0,Cleveland Browns,Carolina Panthers,0,0,65.9,34.1,127.0,126.0,253.0,229.0,98.0,327.0,game,Spread,Carolina Panthers,,1.5,polymarket,185,—,—,,0,,hit,,,,—,,
2026-09-27T20:12:49.904557+00:00,nfl,2026,3,401872949,4018729491239,2,10:13,"(10:13) B.Young pass short left to J.Coker pushed ob at 50 for 13 yards (M.Blackmon).
Penalty on CLV-M.Blackmon, Defensive Pass Interference, declined.",1,10,CAR 37,63,0,Cleveland Browns,Carolina Panthers,0,0,65.9,34.1,127.0,126.0,253.0,229.0,98.0,327.0,game,Spread,Cleveland Browns,,-1.5,polymarket,-234,—,—,,0,,miss,,,,—,,
2026-09-27T20:12:49.904557+00:00,nfl,2026,3,401872949,4018729491239,2,10:13,"(10:13) B.Young pass short left to J.Coker pushed ob at 50 for 13 yards (M.Blackmon).
Penalty on CLV-M.Blackmon, Defensive Pass Interference, declined.",1,10,CAR 37,63,0,Cleveland Browns,Carolina Panthers,0,0,65.9,34.1,127.0,126.0,253.0,229.0,98.0,327.0,game,Total,Over,,40.5,kalshi,108,—,—,,0.0,,miss,,,,—,,
2026-09-27T20:12:49.904557+00:00,nfl,2026,3,401872949,4018729491239,2,10:13,"(10:13) B.Young pass short left to J.Coker pushed ob at 50 for 13 yards (M.Blackmon).
Penalty on CLV-M.Blackmon, Defensive Pass Interference, declined.",1,10,CAR 37,63,0,Cleveland Browns,Carolina Panthers,0,0,65.9,34.1,127.0,126.0,253.0,229.0,98.0,327.0,game,Total,Under,,40.5,kalshi,-139,—,—,,0.0,,hit,,,,—,,
2026-09-27T20:12:49.904557+00:00,nfl,2026,3,401872949,4018729491239,2,10:13,"(10:13) B.Young pass short left to J.Coker pushed ob at 50 for 13 yards (M.Blackmon).
Penalty on CLV-M.Blackmon, Defensive Pass Interference, declined.",1,10,CAR 37,63,0,Cleveland Browns,Carolina Panthers,0,0,65.9,34.1,127.0,126.0,253.0,229.0,98.0,327.0,game,ML,Cleveland Browns,,,bet365,-210,—,—,,Loss,,miss,,,,—,,
2026-09-27T20:12:49.904557+00:00,nfl,2026,3,401872949,4018729491283,2,9:55,B.Young pass short right to J.Coker to CLV 45 for 5 yards (M.Blackmon).,1,10,50,50,0,Cleveland Browns,Carolina Panthers,0,0,65.9,34.1,127.0,126.0,253.0,229.0,98.0,327.0,game,Spread,Carolina Panthers,,1.5,polymarket,185,—,—,,0,,hit,,,,—,,
2026-09-27T20:12:49.904557+00:00,nfl,2026,3,401872949,4018729491283,2,9:55,B.Young pass short right to J.Coker to CLV 45 for 5 yards (M.Blackmon).,1,10,50,50,0,Cleveland Browns,Carolina Panthers,0,0,65.9,34.1,127.0,126.0,253.0,229.0,98.0,327.0,game,Spread,Cleveland Browns,,-1.5,polymarket,-234,—,—,,0,,miss,,,,—,,
2026-09-27T20:12:49.904557+00:00,nfl,2026,3,401872949,4018729491283,2,9:55,B.Young pass short right to J.Coker to CLV 45 for 5 yards (M.Blackmon).,1,10,50,50,0,Cleveland Browns,Carolina Panthers,0,0,65.9,34.1,127.0,126.0,253.0,229.0,98.0,327.0,game,Total,Over,,40.5,kalshi,108,—,—,,0.0,,miss,,,,—,,
2026-09-27T20:12:49.904557+00:00,nfl,2026,3,401872949,4018729491283,2,9:55,B.Young pass short right to J.Coker to CLV 45 for 5 yards (M.Blackmon).,1,10,50,50,0,Cleveland Browns,Carolina Panthers,0,0,65.9,34.1,127.0,126.0,253.0,229.0,98.0,327.0,game,Total,Under,,40.5,kalshi,-139,—,—,,0.0,,hit,,,,—,,
2026-09-27T20:12:49.904557+00:00,nfl,2026,3,401872949,4018729491283,2,9:55,B.Young pass short right to J.Coker to CLV 45 for 5 yards (M.Blackmon).,1,10,50,50,0,Cleveland Browns,Carolina Panthers,0,0,65.9,34.1,127.0,126.0,253.0,229.0,98.0,327.0,game,ML,Cleveland Browns,,,bet365,-210,—,—,,Loss,,miss,,,,—,,
2026-09-27T20:12:49.904557+00:00,nfl,2026,3,401872949,4018729491308,2,9:20,(Shotgun) C.Hubbard left guard to CLV 43 for 2 yards (Q.Williams; M.Graham).,2,5,CLE 45,45,0,Cleveland Browns,Carolina Panthers,0,0,65.9,34.1,127.0,126.0,253.0,229.0,98.0,327.0,game,Spread,Carolina Panthers,,1.5,polymarket,185,—,—,,0,,hit,,,,—,,
2026-09-27T20:12:49.904557+00:00,nfl,2026,3,401872949,4018729491308,2,9:20,(Shotgun) C.Hubbard left guard to CLV 43 for 2 yards (Q.Williams; M.Graham).,2,5,CLE 45,45,0,Cleveland Browns,Carolina Panthers,0,0,65.9,34.1,127.0,126.0,253.0,229.0,98.0,327.0,game,Spread,Cleveland Browns,,-1.5,polymarket,-234,—,—,,0,,miss,,,,—,,
2026-09-27T20:12:49.904557+00:00,nfl,2026,3,401872949,4018729491308,2,9:20,(Shotgun) C.Hubbard left guard to CLV 43 for 2 yards (Q.Williams; M.Graham).,2,5,CLE 45,45,0,Cleveland Browns,Carolina Panthers,0,0,65.9,34.1,127.0,126.0,253.0,229.0,98.0,327.0,game,Total,Over,,40.5,kalshi,108,—,—,,0.0,,miss,,,,—,,
2026-09-27T20:12:49.904557+00:00,nfl,2026,3,401872949,4018729491308,2,9:20,(Shotgun) C.Hubbard left guard to CLV 43 for 2 yards (Q.Williams; M.Graham).,2,5,CLE 45,45,0,Cleveland Browns,Carolina Panthers,0,0,65.9,34.1,127.0,126.0,253.0,229.0,98.0,327.0,game,Total,Under,,40.5,kalshi,-139,—,—,,0.0,,hit,,,,—,,
2026-09-27T20:12:49.904557+00:00,nfl,2026,3,401872949,4018729491308,2,9:20,(Shotgun) C.Hubbard left guard to CLV 43 for 2 yards (Q.Williams; M.Graham).,2,5,CLE 45,45,0,Cleveland Browns,Carolina Panthers,0,0,65.9,34.1,127.0,126.0,253.0,229.0,98.0,327.0,game,ML,Cleveland Browns,,,bet365,-210,—,—,,Loss,,miss,,,,—,,
2026-09-27T20:12:49.904557+00:00,nfl,2026,3,401872949,4018729491330,2,8:43,(Shotgun) B.Young pass incomplete deep left to J.Coker (M.Blackmon).,3,3,CLE 43,43,0,Cleveland Browns,Carolina Panthers,0,0,65.9,34.1,127.0,126.0,253.0,229.0,98.0,327.0,game,Spread,Carolina Panthers,,1.5,polymarket,185,—,—,,0,,hit,,,,—,,
2026-09-27T20:12:49.904557+00:00,nfl,2026,3,401872949,4018729491330,2,8:43,(Shotgun) B.Young pass incomplete deep left to J.Coker (M.Blackmon).,3,3,CLE 43,43,0,Cleveland Browns,Carolina Panthers,0,0,65.9,34.1,127.0,126.0,253.0,229.0,98.0,327.0,game,Spread,Cleveland Browns,,-1.5,polymarket,-234,—,—,,0,,miss,,,,—,,
2026-09-27T20:12:49.904557+00:00,nfl,2026,3,401872949,4018729491330,2,8:43,(Shotgun) B.Young pass incomplete deep left to J.Coker (M.Blackmon).,3,3,CLE 43,43,0,Cleveland Browns,Carolina Panthers,0,0,65.9,34.1,127.0,126.0,253.0,229.0,98.0,327.0,game,Total,Over,,40.5,kalshi,108,—,—,,0.0,,miss,,,,—,,
2026-09-27T20:12:49.904557+00:00,nfl,2026,3,401872949,4018729491330,2,8:43,(Shotgun) B.Young pass incomplete deep left to J.Coker (M.Blackmon).,3,3,CLE 43,43,0,Cleveland Browns,Carolina Panthers,0,0,65.9,34.1,127.0,126.0,253.0,229.0,98.0,327.0,game,Total,Under,,40.5,kalshi,-139,—,—,,0.0,,hit,,,,—,,
2026-09-27T20:12:49.904557+00:00,nfl,2026,3,401872949,4018729491330,2,8:43,(Shotgun) B.Young pass incomplete deep left to J.Coker (M.Blackmon).,3,3,CLE 43,43,0,Cleveland Browns,Carolina Panthers,0,0,65.9,34.1,127.0,126.0,253.0,229.0,98.0,327.0,game,ML,Cleveland Browns,,,bet365,-210,—,—,,Loss,,miss,,,,—,,
2026-09-27T20:12:49.904557+00:00,nfl,2026,3,401872949,4018729491342,2,8:38,Timeout #1 by CAR at 08:38.,4,3,CLE 43,43,0,Cleveland Browns,Carolina Panthers,0,0,65.9,34.1,127.0,126.0,253.0,229.0,98.0,327.0,game,Spread,Carolina Panthers,,1.5,polymarket,185,—,—,,0,,hit,,,,—,,
2026-09-27T20:12:49.904557+00:00,nfl,2026,3,401872949,4018729491342,2,8:38,Timeout #1 by CAR at 08:38.,4,3,CLE 43,43,0,Cleveland Browns,Carolina Panthers,0,0,65.9,34.1,127.0,126.0,253.0,229.0,98.0,327.0,game,Spread,Cleveland Browns,,-1.5,polymarket,-234,—,—,,0,,miss,,,,—,,
2026-09-27T20:12:49.904557+00:00,nfl,2026,3,401872949,4018729491342,2,8:38,Timeout #1 by CAR at 08:38.,4,3,CLE 43,43,0,Cleveland Browns,Carolina Panthers,0,0,65.9,34.1,127.0,126.0,253.0,229.0,98.0,327.0,game,Total,Over,,40.5,kalshi,108,—,—,,0.0,,miss,,,,—,,
2026-09-27T20:12:49.904557+00:00,nfl,2026,3,401872949,4018729491342,2,8:38,Timeout #1 by CAR at 08:38.,4,3,CLE 43,43,0,Cleveland Browns,Carolina Panthers,0,0,65.9,34.1,127.0,126.0,253.0,229.0,98.0,327.0,game,Total,Under,,40.5,kalshi,-139,—,—,,0.0,,hit,,,,—,,
2026-09-27T20:12:49.904557+00:00,nfl,2026,3,401872949,4018729491342,2,8:38,Timeout #1 by CAR at 08:38.,4,3,CLE 43,43,0,Cleveland Browns,Carolina Panthers,0,0,65.9,34.1,127.0,126.0,253.0,229.0,98.0,327.0,game,ML,Cleveland Browns,,,bet365,-210,—,—,,Loss,,miss,,,,—,,
2026-09-27T20:12:49.904557+00:00,nfl,2026,3,401872949,4018729491353,2,8:38, (Shotgun) B.Young sacked at CAR 47 for -10 yards (M.Graham).,4,3,CLE 43,43,0,Cleveland Browns,Carolina Panthers,0,0,65.9,34.1,127.0,126.0,253.0,229.0,98.0,327.0,game,Spread,Carolina Panthers,,1.5,polymarket,185,—,—,,0,,hit,,,,—,,
2026-09-27T20:12:49.904557+00:00,nfl,2026,3,401872949,4018729491353,2,8:38, (Shotgun) B.Young sacked at CAR 47 for -10 yards (M.Graham).,4,3,CLE 43,43,0,Cleveland Browns,Carolina Panthers,0,0,65.9,34.1,127.0,126.0,253.0,229.0,98.0,327.0,game,Spread,Cleveland Browns,,-1.5,polymarket,-234,—,—,,0,,miss,,,,—,,
2026-09-27T20:12:49.904557+00:00,nfl,2026,3,401872949,4018729491353,2,8:38, (Shotgun) B.Young sacked at CAR 47 for -10 yards (M.Graham).,4,3,CLE 43,43,0,Cleveland Browns,Carolina Panthers,0,0,65.9,34.1,127.0,126.0,253.0,229.0,98.0,327.0,game,Total,Over,,40.5,kalshi,108,—,—,,0.0,,miss,,,,—,,
2026-09-27T20:12:49.904557+00:00,nfl,2026,3,401872949,4018729491353,2,8:38, (Shotgun) B.Young sacked at CAR 47 for -10 yards (M.Graham).,4,3,CLE 43,43,0,Cleveland Browns,Carolina Panthers,0,0,65.9,34.1,127.0,126.0,253.0,229.0,98.0,327.0,game,Total,Under,,40.5,kalshi,-139,—,—,,0.0,,hit,,,,—,,
2026-09-27T20:12:49.904557+00:00,nfl,2026,3,401872949,4018729491353,2,8:38, (Shotgun) B.Young sacked at CAR 47 for -10 yards (M.Graham).,4,3,CLE 43,43,0,Cleveland Browns,Carolina Panthers,0,0,65.9,34.1,127.0,126.0,253.0,229.0,98.0,327.0,game,ML,Cleveland Browns,,,bet365,-210,—,—,,Loss,,miss,,,,—,,
2026-09-27T20:12:49.904557+00:00,nfl,2026,3,401872949,4018729491367,2,8:33,Official Timeout at 08:33.,1,10,CAR 47,53,0,Cleveland Browns,Carolina Panthers,0,0,65.9,34.1,127.0,126.0,253.0,229.0,98.0,327.0,game,Spread,Carolina Panthers,,1.5,polymarket,185,—,—,,0,,hit,,,,—,,
2026-09-27T20:12:49.904557+00:00,nfl,2026,3,401872949,4018729491367,2,8:33,Official Timeout at 08:33.,1,10,CAR 47,53,0,Cleveland Browns,Carolina Panthers,0,0,65.9,34.1,127.0,126.0,253.0,229.0,98.0,327.0,game,Spread,Cleveland Browns,,-1.5,polymarket,-234,—,—,,0,,miss,,,,—,,
2026-09-27T20:12:49.904557+00:00,nfl,2026,3,401872949,4018729491367,2,8:33,Official Timeout at 08:33.,1,10,CAR 47,53,0,Cleveland Browns,Carolina Panthers,0,0,65.9,34.1,127.0,126.0,253.0,229.0,98.0,327.0,game,Total,Over,,40.5,kalshi,108,—,—,,0.0,,miss,,,,—,,
2026-09-27T20:12:49.904557+00:00,nfl,2026,3,401872949,4018729491367,2,8:33,Official Timeout at 08:33.,1,10,CAR 47,53,0,Cleveland Browns,Carolina Panthers,0,0,65.9,34.1,127.0,126.0,253.0,229.0,98.0,327.0,game,Total,Under,,40.5,kalshi,-139,—,—,,0.0,,hit,,,,—,,
2026-09-27T20:12:49.904557+00:00,nfl,2026,3,401872949,4018729491367,2,8:33,Official Timeout at 08:33.,1,10,CAR 47,53,0,Cleveland Browns,Carolina Panthers,0,0,65.9,34.1,127.0,126.0,253.0,229.0,98.0,327.0,game,ML,Cleveland Browns,,,bet365,-210,—,—,,Loss,,miss,,,,—,,
2026-09-27T20:12:49.904557+00:00,nfl,2026,3,401872949,4018729491380,2,8:33,D.Watson pass short right to Q.Judkins to CAR 38 for 9 yards (A.Hall; T.Moehrig).,1,10,CAR 47,53,0,Cleveland Browns,Carolina Panthers,0,0,65.9,34.1,127.0,126.0,253.0,229.0,98.0,327.0,game,Spread,Carolina Panthers,,1.5,polymarket,185,—,—,,0,,hit,,,,—,,
2026-09-27T20:12:49.904557+00:00,nfl,2026,3,401872949,4018729491380,2,8:33,D.Watson pass short right to Q.Judkins to CAR 38 for 9 yards (A.Hall; T.Moehrig).,1,10,CAR 47,53,0,Cleveland Browns,Carolina Panthers,0,0,65.9,34.1,127.0,126.0,253.0,229.0,98.0,327.0,game,Spread,Cleveland Browns,,-1.5,polymarket,-234,—,—,,0,,miss,,,,—,,
2026-09-27T20:12:49.904557+00:00,nfl,2026,3,401872949,4018729491380,2,8:33,D.Watson pass short right to Q.Judkins to CAR 38 for 9 yards (A.Hall; T.Moehrig).,1,10,CAR 47,53,0,Cleveland Browns,Carolina Panthers,0,0,65.9,34.1,127.0,126.0,253.0,229.0,98.0,327.0,game,Total,Over,,40.5,kalshi,108,—,—,,0.0,,miss,,,,—,,
2026-09-27T20:12:49.904557+00:00,nfl,2026,3,401872949,4018729491380,2,8:33,D.Watson pass short right to Q.Judkins to CAR 38 for 9 yards (A.Hall; T.Moehrig).,1,10,CAR 47,53,0,Cleveland Browns,Carolina Panthers,0,0,65.9,34.1,127.0,126.0,253.0,229.0,98.0,327.0,game,Total,Under,,40.5,kalshi,-139,—,—,,0.0,,hit,,,,—,,
2026-09-27T20:12:49.904557+00:00,nfl,2026,3,401872949,4018729491380,2,8:33,D.Watson pass short right to Q.Judkins to CAR 38 for 9 yards (A.Hall; T.Moehrig).,1,10,CAR 47,53,0,Cleveland Browns,Carolina Panthers,0,0,65.9,34.1,127.0,126.0,253.0,229.0,98.0,327.0,game,ML,Cleveland Browns,,,bet365,-210,—,—,,Loss,,miss,,,,—,,
2026-09-27T20:12:49.904557+00:00,nfl,2026,3,401872949,4018729491412,2,7:55,(Shotgun) D.Watson pass incomplete short right to M.Burton.,2,1,CAR 38,62,0,Cleveland Browns,Carolina Panthers,0,0,65.9,34.1,127.0,126.0,253.0,229.0,98.0,327.0,game,Spread,Carolina Panthers,,1.5,polymarket,185,—,—,,0,,hit,,,,—,,
2026-09-27T20:12:49.904557+00:00,nfl,2026,3,401872949,4018729491412,2,7:55,(Shotgun) D.Watson pass incomplete short right to M.Burton.,2,1,CAR 38,62,0,Cleveland Browns,Carolina Panthers,0,0,65.9,34.1,127.0,126.0,253.0,229.0,98.0,327.0,game,Spread,Cleveland Browns,,-1.5,polymarket,-234,—,—,,0,,miss,,,,—,,
2026-09-27T20:12:49.904557+00:00,nfl,2026,3,401872949,4018729491412,2,7:55,(Shotgun) D.Watson pass incomplete short right to M.Burton.,2,1,CAR 38,62,0,Cleveland Browns,Carolina Panthers,0,0,65.9,34.1,127.0,126.0,253.0,229.0,98.0,327.0,game,Total,Over,,40.5,kalshi,108,—,—,,0.0,,miss,,,,—,,
2026-09-27T20:12:49.904557+00:00,nfl,2026,3,401872949,4018729491412,2,7:55,(Shotgun) D.Watson pass incomplete short right to M.Burton.,2,1,CAR 38,62,0,Cleveland Browns,Carolina Panthers,0,0,65.9,34.1,127.0,126.0,253.0,229.0,98.0,327.0,game,Total,Under,,40.5,kalshi,-139,—,—,,0.0,,hit,,,,—,,
2026-09-27T20:12:49.904557+00:00,nfl,2026,3,401872949,4018729491412,2,7:55,(Shotgun) D.Watson pass incomplete short right to M.Burton.,2,1,CAR 38,62,0,Cleveland Browns,Carolina Panthers,0,0,65.9,34.1,127.0,126.0,253.0,229.0,98.0,327.0,game,ML,Cleveland Browns,,,bet365,-210,—,—,,Loss,,miss,,,,—,,
2026-09-27T20:12:49.904557+00:00,nfl,2026,3,401872949,4018729491435,2,7:51,D.Watson up the middle to CAR 35 for 3 yards (B.Okereke).,3,1,CAR 38,62,0,Cleveland Browns,Carolina Panthers,0,0,65.9,34.1,127.0,126.0,253.0,229.0,98.0,327.0,game,Spread,Carolina Panthers,,1.5,polymarket,185,—,—,,0,,hit,,,,—,,
2026-09-27T20:12:49.904557+00:00,nfl,2026,3,401872949,4018729491435,2,7:51,D.Watson up the middle to CAR 35 for 3 yards (B.Okereke).,3,1,CAR 38,62,0,Cleveland Browns,Carolina Panthers,0,0,65.9,34.1,127.0,126.0,253.0,229.0,98.0,327.0,game,Spread,Cleveland Browns,,-1.5,polymarket,-234,—,—,,0,,miss,,,,—,,
2026-09-27T20:12:49.904557+00:00,nfl,2026,3,401872949,4018729491435,2,7:51,D.Watson up the middle to CAR 35 for 3 yards (B.Okereke).,3,1,CAR 38,62,0,Cleveland Browns,Carolina Panthers,0,0,65.9,34.1,127.0,126.0,253.0,229.0,98.0,327.0,game,Total,Over,,40.5,kalshi,108,—,—,,0.0,,miss,,,,—,,
2026-09-27T20:12:49.904557+00:00,nfl,2026,3,401872949,4018729491435,2,7:51,D.Watson up the middle to CAR 35 for 3 yards (B.Okereke).,3,1,CAR 38,62,0,Cleveland Browns,Carolina Panthers,0,0,65.9,34.1,127.0,126.0,253.0,229.0,98.0,327.0,game,Total,Under,,40.5,kalshi,-139,—,—,,0.0,,hit,,,,—,,
2026-09-27T20:12:49.904557+00:00,nfl,2026,3,401872949,4018729491435,2,7:51,D.Watson up the middle to CAR 35 for 3 yards (B.Okereke).,3,1,CAR 38,62,0,Cleveland Browns,Carolina Panthers,0,0,65.9,34.1,127.0,126.0,253.0,229.0,98.0,327.0,game,ML,Cleveland Browns,,,bet365,-210,—,—,,Loss,,miss,,,,—,,
2026-09-27T20:12:49.904557+00:00,nfl,2026,3,401872949,4018729491457,2,7:14,D.Watson pass incomplete deep middle to K.Concepcion (L.Ransom).,1,10,CAR 35,65,0,Cleveland Browns,Carolina Panthers,0,0,65.9,34.1,127.0,126.0,253.0,229.0,98.0,327.0,game,Spread,Carolina Panthers,,1.5,polymarket,185,—,—,,0,,hit,,,,—,,
2026-09-27T20:12:49.904557+00:00,nfl,2026,3,401872949,4018729491457,2,7:14,D.Watson pass incomplete deep middle to K.Concepcion (L.Ransom).,1,10,CAR 35,65,0,Cleveland Browns,Carolina Panthers,0,0,65.9,34.1,127.0,126.0,253.0,229.0,98.0,327.0,game,Spread,Cleveland Browns,,-1.5,polymarket,-234,—,—,,0,,miss,,,,—,,
2026-09-27T20:12:49.904557+00:00,nfl,2026,3,401872949,4018729491457,2,7:14,D.Watson pass incomplete deep middle to K.Concepcion (L.Ransom).,1,10,CAR 35,65,0,Cleveland Browns,Carolina Panthers,0,0,65.9,34.1,127.0,126.0,253.0,229.0,98.0,327.0,game,Total,Over,,40.5,kalshi,108,—,—,,0.0,,miss,,,,—,,
2026-09-27T20:12:49.904557+00:00,nfl,2026,3,401872949,4018729491457,2,7:14,D.Watson pass incomplete deep middle to K.Concepcion (L.Ransom).,1,10,CAR 35,65,0,Cleveland Browns,Carolina Panthers,0,0,65.9,34.1,127.0,126.0,253.0,229.0,98.0,327.0,game,Total,Under,,40.5,kalshi,-139,—,—,,0.0,,hit,,,,—,,
2026-09-27T20:12:49.904557+00:00,nfl,2026,3,401872949,4018729491457,2,7:14,D.Watson pass incomplete deep middle to K.Concepcion (L.Ransom).,1,10,CAR 35,65,0,Cleveland Browns,Carolina Panthers,0,0,65.9,34.1,127.0,126.0,253.0,229.0,98.0,327.0,game,ML,Cleveland Browns,,,bet365,-210,—,—,,Loss,,miss,,,,—,,
2026-09-27T20:12:49.904557+00:00,nfl,2026,3,401872949,4018729491480,2,7:10,(Shotgun) D.Watson pass short left to H.Fannin to CAR 27 for 8 yards (Z.Wheatley).,2,10,CAR 35,65,0,Cleveland Browns,Carolina Panthers,0,0,65.9,34.1,127.0,126.0,253.0,229.0,98.0,327.0,game,Spread,Carolina Panthers,,1.5,polymarket,185,—,—,,0,,hit,,,,—,,
2026-09-27T20:12:49.904557+00:00,nfl,2026,3,401872949,4018729491480,2,7:10,(Shotgun) D.Watson pass short left to H.Fannin to CAR 27 for 8 yards (Z.Wheatley).,2,10,CAR 35,65,0,Cleveland Browns,Carolina Panthers,0,0,65.9,34.1,127.0,126.0,253.0,229.0,98.0,327.0,game,Spread,Cleveland Browns,,-1.5,polymarket,-234,—,—,,0,,miss,,,,—,,
2026-09-27T20:12:49.904557+00:00,nfl,2026,3,401872949,4018729491480,2,7:10,(Shotgun) D.Watson pass short left to H.Fannin to CAR 27 for 8 yards (Z.Wheatley).,2,10,CAR 35,65,0,Cleveland Browns,Carolina Panthers,0,0,65.9,34.1,127.0,126.0,253.0,229.0,98.0,327.0,game,Total,Over,,40.5,kalshi,108,—,—,,0.0,,miss,,,,—,,
2026-09-27T20:12:49.904557+00:00,nfl,2026,3,401872949,4018729491480,2,7:10,(Shotgun) D.Watson pass short left to H.Fannin to CAR 27 for 8 yards (Z.Wheatley).,2,10,CAR 35,65,0,Cleveland Browns,Carolina Panthers,0,0,65.9,34.1,127.0,126.0,253.0,229.0,98.0,327.0,game,Total,Under,,40.5,kalshi,-139,—,—,,0.0,,hit,,,,—,,
2026-09-27T20:12:49.904557+00:00,nfl,2026,3,401872949,4018729491480,2,7:10,(Shotgun) D.Watson pass short left to H.Fannin to CAR 27 for 8 yards (Z.Wheatley).,2,10,CAR 35,65,0,Cleveland Browns,Carolina Panthers,0,0,65.9,34.1,127.0,126.0,253.0,229.0,98.0,327.0,game,ML,Cleveland Browns,,,bet365,-210,—,—,,Loss,,miss,,,,—,,
2026-09-27T20:12:49.904557+00:00,nfl,2026,3,401872949,4018729491505,2,6:30,(Shotgun) D.Watson up the middle to CAR 29 for -2 yards (T.Moehrig).,3,2,CAR 27,73,0,Cleveland Browns,Carolina Panthers,0,0,65.9,34.1,127.0,126.0,253.0,229.0,98.0,327.0,game,Spread,Carolina Panthers,,1.5,polymarket,185,—,—,,0,,hit,,,,—,,
2026-09-27T20:12:49.904557+00:00,nfl,2026,3,401872949,4018729491505,2,6:30,(Shotgun) D.Watson up the middle to CAR 29 for -2 yards (T.Moehrig).,3,2,CAR 27,73,0,Cleveland Browns,Carolina Panthers,0,0,65.9,34.1,127.0,126.0,253.0,229.0,98.0,327.0,game,Spread,Cleveland Browns,,-1.5,polymarket,-234,—,—,,0,,miss,,,,—,,
2026-09-27T20:12:49.904557+00:00,nfl,2026,3,401872949,4018729491505,2,6:30,(Shotgun) D.Watson up the middle to CAR 29 for -2 yards (T.Moehrig).,3,2,CAR 27,73,0,Cleveland Browns,Carolina Panthers,0,0,65.9,34.1,127.0,126.0,253.0,229.0,98.0,327.0,game,Total,Over,,40.5,kalshi,108,—,—,,0.0,,miss,,,,—,,
2026-09-27T20:12:49.904557+00:00,nfl,2026,3,401872949,4018729491505,2,6:30,(Shotgun) D.Watson up the middle to CAR 29 for -2 yards (T.Moehrig).,3,2,CAR 27,73,0,Cleveland Browns,Carolina Panthers,0,0,65.9,34.1,127.0,126.0,253.0,229.0,98.0,327.0,game,Total,Under,,40.5,kalshi,-139,—,—,,0.0,,hit,,,,—,,
2026-09-27T20:12:49.904557+00:00,nfl,2026,3,401872949,4018729491505,2,6:30,(Shotgun) D.Watson up the middle to CAR 29 for -2 yards (T.Moehrig).,3,2,CAR 27,73,0,Cleveland Browns,Carolina Panthers,0,0,65.9,34.1,127.0,126.0,253.0,229.0,98.0,327.0,game,ML,Cleveland Browns,,,bet365,-210,—,—,,Loss,,miss,,,,—,,
2026-09-27T20:12:49.904557+00:00,nfl,2026,3,401872949,4018729491537,2,5:43,Official Timeout at 05:43.,-1,10,CLE 35,35,3,Cleveland Browns,Carolina Panthers,3,0,65.9,34.1,127.0,126.0,253.0,229.0,98.0,327.0,game,Spread,Carolina Panthers,,1.5,polymarket,185,—,—,,+3,,miss,,,,—,,
2026-09-27T20:12:49.904557+00:00,nfl,2026,3,401872949,4018729491537,2,5:43,Official Timeout at 05:43.,-1,10,CLE 35,35,3,Cleveland Browns,Carolina Panthers,3,0,65.9,34.1,127.0,126.0,253.0,229.0,98.0,327.0,game,Spread,Cleveland Browns,,-1.5,polymarket,-234,—,—,,+3,,hit,,,,—,,
2026-09-27T20:12:49.904557+00:00,nfl,2026,3,401872949,4018729491537,2,5:43,Official Timeout at 05:43.,-1,10,CLE 35,35,3,Cleveland Browns,Carolina Panthers,3,0,65.9,34.1,127.0,126.0,253.0,229.0,98.0,327.0,game,Total,Over,,40.5,kalshi,108,—,—,,3.0,,miss,,,,—,,
2026-09-27T20:12:49.904557+00:00,nfl,2026,3,401872949,4018729491537,2,5:43,Official Timeout at 05:43.,-1,10,CLE 35,35,3,Cleveland Browns,Carolina Panthers,3,0,65.9,34.1,127.0,126.0,253.0,229.0,98.0,327.0,game,Total,Under,,40.5,kalshi,-139,—,—,,3.0,,hit,,,,—,,
2026-09-27T20:12:49.904557+00:00,nfl,2026,3,401872949,4018729491537,2,5:43,Official Timeout at 05:43.,-1,10,CLE 35,35,3,Cleveland Browns,Carolina Panthers,3,0,65.9,34.1,127.0,126.0,253.0,229.0,98.0,327.0,game,ML,Cleveland Browns,,,bet365,-210,—,—,,Win,,hit,,,,—,,
2026-09-27T20:12:49.904557+00:00,nfl,2026,3,401872949,4018729491527,2,5:43,"A.Szmyt 48 yard field goal is GOOD, Center-R.Sunahara, Holder-C.Bojorquez.",4,4,CAR 29,71,3,Cleveland Browns,Carolina Panthers,3,0,65.9,34.1,127.0,126.0,253.0,229.0,98.0,327.0,game,Spread,Carolina Panthers,,1.5,polymarket,185,—,—,,+3,,miss,,,,—,,
2026-09-27T20:12:49.904557+00:00,nfl,2026,3,401872949,4018729491527,2,5:43,"A.Szmyt 48 yard field goal is GOOD, Center-R.Sunahara, Holder-C.Bojorquez.",4,4,CAR 29,71,3,Cleveland Browns,Carolina Panthers,3,0,65.9,34.1,127.0,126.0,253.0,229.0,98.0,327.0,game,Spread,Cleveland Browns,,-1.5,polymarket,-234,—,—,,+3,,hit,,,,—,,
2026-09-27T20:12:49.904557+00:00,nfl,2026,3,401872949,4018729491527,2,5:43,"A.Szmyt 48 yard field goal is GOOD, Center-R.Sunahara, Holder-C.Bojorquez.",4,4,CAR 29,71,3,Cleveland Browns,Carolina Panthers,3,0,65.9,34.1,127.0,126.0,253.0,229.0,98.0,327.0,game,Total,Over,,40.5,kalshi,108,—,—,,3.0,,miss,,,,—,,
2026-09-27T20:12:49.904557+00:00,nfl,2026,3,401872949,4018729491527,2,5:43,"A.Szmyt 48 yard field goal is GOOD, Center-R.Sunahara, Holder-C.Bojorquez.",4,4,CAR 29,71,3,Cleveland Browns,Carolina Panthers,3,0,65.9,34.1,127.0,126.0,253.0,229.0,98.0,327.0,game,Total,Under,,40.5,kalshi,-139,—,—,,3.0,,hit,,,,—,,
2026-09-27T20:12:49.904557+00:00,nfl,2026,3,401872949,4018729491527,2,5:43,"A.Szmyt 48 yard field goal is GOOD, Center-R.Sunahara, Holder-C.Bojorquez.",4,4,CAR 29,71,3,Cleveland Browns,Carolina Panthers,3,0,65.9,34.1,127.0,126.0,253.0,229.0,98.0,327.0,game,ML,Cleveland Browns,,,bet365,-210,—,—,,Win,,hit,,,,—,,
2026-09-27T20:12:49.904557+00:00,nfl,2026,3,401872949,4018729491547,2,5:43,A.Szmyt kicks 56 yards from CLV 35 to CAR 9. A.Tyus to CAR 31 for 22 yards (T.Wallace; E.Mascarenas-Arnold).,3,10,CAR 14,35,3,Cleveland Browns,Carolina Panthers,3,0,65.9,34.1,127.0,126.0,253.0,229.0,98.0,327.0,game,Spread,Carolina Panthers,,1.5,polymarket,185,—,—,,+3,,miss,,,,—,,
2026-09-27T20:12:49.904557+00:00,nfl,2026,3,401872949,4018729491547,2,5:43,A.Szmyt kicks 56 yards from CLV 35 to CAR 9. A.Tyus to CAR 31 for 22 yards (T.Wallace; E.Mascarenas-Arnold).,3,10,CAR 14,35,3,Cleveland Browns,Carolina Panthers,3,0,65.9,34.1,127.0,126.0,253.0,229.0,98.0,327.0,game,Spread,Cleveland Browns,,-1.5,polymarket,-234,—,—,,+3,,hit,,,,—,,
2026-09-27T20:12:49.904557+00:00,nfl,2026,3,401872949,4018729491547,2,5:43,A.Szmyt kicks 56 yards from CLV 35 to CAR 9. A.Tyus to CAR 31 for 22 yards (T.Wallace; E.Mascarenas-Arnold).,3,10,CAR 14,35,3,Cleveland Browns,Carolina Panthers,3,0,65.9,34.1,127.0,126.0,253.0,229.0,98.0,327.0,game,Total,Over,,40.5,kalshi,108,—,—,,3.0,,miss,,,,—,,
2026-09-27T20:12:49.904557+00:00,nfl,2026,3,401872949,4018729491547,2,5:43,A.Szmyt kicks 56 yards from CLV 35 to CAR 9. A.Tyus to CAR 31 for 22 yards (T.Wallace; E.Mascarenas-Arnold).,3,10,CAR 14,35,3,Cleveland Browns,Carolina Panthers,3,0,65.9,34.1,127.0,126.0,253.0,229.0,98.0,327.0,game,Total,Under,,40.5,kalshi,-139,—,—,,3.0,,hit,,,,—,,
2026-09-27T20:12:49.904557+00:00,nfl,2026,3,401872949,4018729491547,2,5:43,A.Szmyt kicks 56 yards from CLV 35 to CAR 9. A.Tyus to CAR 31 for 22 yards (T.Wallace; E.Mascarenas-Arnold).,3,10,CAR 14,35,3,Cleveland Browns,Carolina Panthers,3,0,65.9,34.1,127.0,126.0,253.0,229.0,98.0,327.0,game,ML,Cleveland Browns,,,bet365,-210,—,—,,Win,,hit,,,,—,,
2026-09-27T20:12:49.904557+00:00,nfl,2026,3,401872949,4018729491577,2,5:38,C.Hubbard right end to CAR 34 for 3 yards (Q.Williams).,1,10,CAR 31,69,3,Cleveland Browns,Carolina Panthers,3,0,65.9,34.1,127.0,126.0,253.0,229.0,98.0,327.0,game,Spread,Carolina Panthers,,1.5,polymarket,185,—,—,,+3,,miss,,,,—,,
2026-09-27T20:12:49.904557+00:00,nfl,2026,3,401872949,4018729491577,2,5:38,C.Hubbard right end to CAR 34 for 3 yards (Q.Williams).,1,10,CAR 31,69,3,Cleveland Browns,Carolina Panthers,3,0,65.9,34.1,127.0,126.0,253.0,229.0,98.0,327.0,game,Spread,Cleveland Browns,,-1.5,polymarket,-234,—,—,,+3,,hit,,,,—,,
2026-09-27T20:12:49.904557+00:00,nfl,2026,3,401872949,4018729491577,2,5:38,C.Hubbard right end to CAR 34 for 3 yards (Q.Williams).,1,10,CAR 31,69,3,Cleveland Browns,Carolina Panthers,3,0,65.9,34.1,127.0,126.0,253.0,229.0,98.0,327.0,game,Total,Over,,40.5,kalshi,108,—,—,,3.0,,miss,,,,—,,
2026-09-27T20:12:49.904557+00:00,nfl,2026,3,401872949,4018729491577,2,5:38,C.Hubbard right end to CAR 34 for 3 yards (Q.Williams).,1,10,CAR 31,69,3,Cleveland Browns,Carolina Panthers,3,0,65.9,34.1,127.0,126.0,253.0,229.0,98.0,327.0,game,Total,Under,,40.5,kalshi,-139,—,—,,3.0,,hit,,,,—,,
2026-09-27T20:12:49.904557+00:00,nfl,2026,3,401872949,4018729491577,2,5:38,C.Hubbard right end to CAR 34 for 3 yards (Q.Williams).,1,10,CAR 31,69,3,Cleveland Browns,Carolina Panthers,3,0,65.9,34.1,127.0,126.0,253.0,229.0,98.0,327.0,game,ML,Cleveland Browns,,,bet365,-210,—,—,,Win,,hit,,,,—,,
2026-09-27T20:12:49.904557+00:00,nfl,2026,3,401872949,4018729491604,2,5:01,(Shotgun) C.Hubbard up the middle to CAR 39 for 5 yards (Q.Williams; M.Collins).,2,7,CAR 34,66,3,Cleveland Browns,Carolina Panthers,3,0,65.9,34.1,127.0,126.0,253.0,229.0,98.0,327.0,game,Spread,Carolina Panthers,,1.5,polymarket,185,—,—,,+3,,miss,,,,—,,
2026-09-27T20:12:49.904557+00:00,nfl,2026,3,401872949,4018729491604,2,5:01,(Shotgun) C.Hubbard up the middle to CAR 39 for 5 yards (Q.Williams; M.Collins).,2,7,CAR 34,66,3,Cleveland Browns,Carolina Panthers,3,0,65.9,34.1,127.0,126.0,253.0,229.0,98.0,327.0,game,Spread,Cleveland Browns,,-1.5,polymarket,-234,—,—,,+3,,hit,,,,—,,
2026-09-27T20:12:49.904557+00:00,nfl,2026,3,401872949,4018729491604,2,5:01,(Shotgun) C.Hubbard up the middle to CAR 39 for 5 yards (Q.Williams; M.Collins).,2,7,CAR 34,66,3,Cleveland Browns,Carolina Panthers,3,0,65.9,34.1,127.0,126.0,253.0,229.0,98.0,327.0,game,Total,Over,,40.5,kalshi,108,—,—,,3.0,,miss,,,,—,,
2026-09-27T20:12:49.904557+00:00,nfl,2026,3,401872949,4018729491604,2,5:01,(Shotgun) C.Hubbard up the middle to CAR 39 for 5 yards (Q.Williams; M.Collins).,2,7,CAR 34,66,3,Cleveland Browns,Carolina Panthers,3,0,65.9,34.1,127.0,126.0,253.0,229.0,98.0,327.0,game,Total,Under,,40.5,kalshi,-139,—,—,,3.0,,hit,,,,—,,
2026-09-27T20:12:49.904557+00:00,nfl,2026,3,401872949,4018729491604,2,5:01,(Shotgun) C.Hubbard up the middle to CAR 39 for 5 yards (Q.Williams; M.Collins).,2,7,CAR 34,66,3,Cleveland Browns,Carolina Panthers,3,0,65.9,34.1,127.0,126.0,253.0,229.0,98.0,327.0,game,ML,Cleveland Browns,,,bet365,-210,—,—,,Win,,hit,,,,—,,
2026-09-27T20:12:49.904557+00:00,nfl,2026,3,401872949,4018729491626,2,4:20,(Shotgun) C.Hubbard up the middle to CAR 40 for 1 yard (S.Williams; M.Collins).,3,2,CAR 39,61,3,Cleveland Browns,Carolina Panthers,3,0,65.9,34.1,127.0,126.0,253.0,229.0,98.0,327.0,game,Spread,Carolina Panthers,,1.5,polymarket,185,—,—,,+3,,miss,,,,—,,
2026-09-27T20:12:49.904557+00:00,nfl,2026,3,401872949,4018729491626,2,4:20,(Shotgun) C.Hubbard up the middle to CAR 40 for 1 yard (S.Williams; M.Collins).,3,2,CAR 39,61,3,Cleveland Browns,Carolina Panthers,3,0,65.9,34.1,127.0,126.0,253.0,229.0,98.0,327.0,game,Spread,Cleveland Browns,,-1.5,polymarket,-234,—,—,,+3,,hit,,,,—,,
2026-09-27T20:12:49.904557+00:00,nfl,2026,3,401872949,4018729491626,2,4:20,(Shotgun) C.Hubbard up the middle to CAR 40 for 1 yard (S.Williams; M.Collins).,3,2,CAR 39,61,3,Cleveland Browns,Carolina Panthers,3,0,65.9,34.1,127.0,126.0,253.0,229.0,98.0,327.0,game,Total,Over,,40.5,kalshi,108,—,—,,3.0,,miss,,,,—,,
2026-09-27T20:12:49.904557+00:00,nfl,2026,3,401872949,4018729491626,2,4:20,(Shotgun) C.Hubbard up the middle to CAR 40 for 1 yard (S.Williams; M.Collins).,3,2,CAR 39,61,3,Cleveland Browns,Carolina Panthers,3,0,65.9,34.1,127.0,126.0,253.0,229.0,98.0,327.0,game,Total,Under,,40.5,kalshi,-139,—,—,,3.0,,hit,,,,—,,
2026-09-27T20:12:49.904557+00:00,nfl,2026,3,401872949,4018729491626,2,4:20,(Shotgun) C.Hubbard up the middle to CAR 40 for 1 yard (S.Williams; M.Collins).,3,2,CAR 39,61,3,Cleveland Browns,Carolina Panthers,3,0,65.9,34.1,127.0,126.0,253.0,229.0,98.0,327.0,game,ML,Cleveland Browns,,,bet365,-210,—,—,,Win,,hit,,,,—,,
2026-09-27T20:12:49.904557+00:00,nfl,2026,3,401872949,4018729491648,2,3:40,B.Young pass incomplete short left to T.Tremble.,4,1,CAR 40,60,3,Cleveland Browns,Carolina Panthers,3,0,65.9,34.1,127.0,126.0,253.0,229.0,98.0,327.0,game,Spread,Carolina Panthers,,1.5,polymarket,185,—,—,,+3,,miss,,,,—,,
2026-09-27T20:12:49.904557+00:00,nfl,2026,3,401872949,4018729491648,2,3:40,B.Young pass incomplete short left to T.Tremble.,4,1,CAR 40,60,3,Cleveland Browns,Carolina Panthers,3,0,65.9,34.1,127.0,126.0,253.0,229.0,98.0,327.0,game,Spread,Cleveland Browns,,-1.5,polymarket,-234,—,—,,+3,,hit,,,,—,,
2026-09-27T20:12:49.904557+00:00,nfl,2026,3,401872949,4018729491648,2,3:40,B.Young pass incomplete short left to T.Tremble.,4,1,CAR 40,60,3,Cleveland Browns,Carolina Panthers,3,0,65.9,34.1,127.0,126.0,253.0,229.0,98.0,327.0,game,Total,Over,,40.5,kalshi,108,—,—,,3.0,,miss,,,,—,,
2026-09-27T20:12:49.904557+00:00,nfl,2026,3,401872949,4018729491648,2,3:40,B.Young pass incomplete short left to T.Tremble.,4,1,CAR 40,60,3,Cleveland Browns,Carolina Panthers,3,0,65.9,34.1,127.0,126.0,253.0,229.0,98.0,327.0,game,Total,Under,,40.5,kalshi,-139,—,—,,3.0,,hit,,,,—,,
2026-09-27T20:12:49.904557+00:00,nfl,2026,3,401872949,4018729491648,2,3:40,B.Young pass incomplete short left to T.Tremble.,4,1,CAR 40,60,3,Cleveland Browns,Carolina Panthers,3,0,65.9,34.1,127.0,126.0,253.0,229.0,98.0,327.0,game,ML,Cleveland Browns,,,bet365,-210,—,—,,Win,,hit,,,,—,,
2026-09-27T20:12:49.904557+00:00,nfl,2026,3,401872949,4018729491660,2,3:36,Official Timeout at 03:36.,1,10,CAR 40,60,3,Cleveland Browns,Carolina Panthers,3,0,65.9,34.1,127.0,126.0,253.0,229.0,98.0,327.0,game,Spread,Carolina Panthers,,1.5,polymarket,185,—,—,,+3,,miss,,,,—,,
2026-09-27T20:12:49.904557+00:00,nfl,2026,3,401872949,4018729491660,2,3:36,Official Timeout at 03:36.,1,10,CAR 40,60,3,Cleveland Browns,Carolina Panthers,3,0,65.9,34.1,127.0,126.0,253.0,229.0,98.0,327.0,game,Spread,Cleveland Browns,,-1.5,polymarket,-234,—,—,,+3,,hit,,,,—,,
2026-09-27T20:12:49.904557+00:00,nfl,2026,3,401872949,4018729491660,2,3:36,Official Timeout at 03:36.,1,10,CAR 40,60,3,Cleveland Browns,Carolina Panthers,3,0,65.9,34.1,127.0,126.0,253.0,229.0,98.0,327.0,game,Total,Over,,40.5,kalshi,108,—,—,,3.0,,miss,,,,—,,
2026-09-27T20:12:49.904557+00:00,nfl,2026,3,401872949,4018729491660,2,3:36,Official Timeout at 03:36.,1,10,CAR 40,60,3,Cleveland Browns,Carolina Panthers,3,0,65.9,34.1,127.0,126.0,253.0,229.0,98.0,327.0,game,Total,Under,,40.5,kalshi,-139,—,—,,3.0,,hit,,,,—,,
2026-09-27T20:12:49.904557+00:00,nfl,2026,3,401872949,4018729491660,2,3:36,Official Timeout at 03:36.,1,10,CAR 40,60,3,Cleveland Browns,Carolina Panthers,3,0,65.9,34.1,127.0,126.0,253.0,229.0,98.0,327.0,game,ML,Cleveland Browns,,,bet365,-210,—,—,,Win,,hit,,,,—,,
2026-09-27T20:12:49.904557+00:00,nfl,2026,3,401872949,4018729491671,2,3:36,(Shotgun) Q.Judkins left guard to CAR 29 for 11 yards (Z.Wheatley).,1,10,CAR 40,60,3,Cleveland Browns,Carolina Panthers,3,0,65.9,34.1,127.0,126.0,253.0,229.0,98.0,327.0,game,Spread,Carolina Panthers,,1.5,polymarket,185,—,—,,+3,,miss,,,,—,,
2026-09-27T20:12:49.904557+00:00,nfl,2026,3,401872949,4018729491671,2,3:36,(Shotgun) Q.Judkins left guard to CAR 29 for 11 yards (Z.Wheatley).,1,10,CAR 40,60,3,Cleveland Browns,Carolina Panthers,3,0,65.9,34.1,127.0,126.0,253.0,229.0,98.0,327.0,game,Spread,Cleveland Browns,,-1.5,polymarket,-234,—,—,,+3,,hit,,,,—,,
2026-09-27T20:12:49.904557+00:00,nfl,2026,3,401872949,4018729491671,2,3:36,(Shotgun) Q.Judkins left guard to CAR 29 for 11 yards (Z.Wheatley).,1,10,CAR 40,60,3,Cleveland Browns,Carolina Panthers,3,0,65.9,34.1,127.0,126.0,253.0,229.0,98.0,327.0,game,Total,Over,,40.5,kalshi,108,—,—,,3.0,,miss,,,,—,,
2026-09-27T20:12:49.904557+00:00,nfl,2026,3,401872949,4018729491671,2,3:36,(Shotgun) Q.Judkins left guard to CAR 29 for 11 yards (Z.Wheatley).,1,10,CAR 40,60,3,Cleveland Browns,Carolina Panthers,3,0,65.9,34.1,127.0,126.0,253.0,229.0,98.0,327.0,game,Total,Under,,40.5,kalshi,-139,—,—,,3.0,,hit,,,,—,,
2026-09-27T20:12:49.904557+00:00,nfl,2026,3,401872949,4018729491671,2,3:36,(Shotgun) Q.Judkins left guard to CAR 29 for 11 yards (Z.Wheatley).,1,10,CAR 40,60,3,Cleveland Browns,Carolina Panthers,3,0,65.9,34.1,127.0,126.0,253.0,229.0,98.0,327.0,game,ML,Cleveland Browns,,,bet365,-210,—,—,,Win,,hit,,,,—,,
2026-09-27T20:12:49.904557+00:00,nfl,2026,3,401872949,4018729491700,2,2:58,Q.Judkins up the middle to CAR 27 for 2 yards (L.Hunter).,1,10,CAR 29,71,3,Cleveland Browns,Carolina Panthers,3,0,65.9,34.1,127.0,126.0,253.0,229.0,98.0,327.0,game,Spread,Carolina Panthers,,1.5,polymarket,185,—,—,,+3,,miss,,,,—,,
2026-09-27T20:12:49.904557+00:00,nfl,2026,3,401872949,4018729491700,2,2:58,Q.Judkins up the middle to CAR 27 for 2 yards (L.Hunter).,1,10,CAR 29,71,3,Cleveland Browns,Carolina Panthers,3,0,65.9,34.1,127.0,126.0,253.0,229.0,98.0,327.0,game,Spread,Cleveland Browns,,-1.5,polymarket,-234,—,—,,+3,,hit,,,,—,,
2026-09-27T20:12:49.904557+00:00,nfl,2026,3,401872949,4018729491700,2,2:58,Q.Judkins up the middle to CAR 27 for 2 yards (L.Hunter).,1,10,CAR 29,71,3,Cleveland Browns,Carolina Panthers,3,0,65.9,34.1,127.0,126.0,253.0,229.0,98.0,327.0,game,Total,Over,,40.5,kalshi,108,—,—,,3.0,,miss,,,,—,,
2026-09-27T20:12:49.904557+00:00,nfl,2026,3,401872949,4018729491700,2,2:58,Q.Judkins up the middle to CAR 27 for 2 yards (L.Hunter).,1,10,CAR 29,71,3,Cleveland Browns,Carolina Panthers,3,0,65.9,34.1,127.0,126.0,253.0,229.0,98.0,327.0,game,Total,Under,,40.5,kalshi,-139,—,—,,3.0,,hit,,,,—,,
2026-09-27T20:12:49.904557+00:00,nfl,2026,3,401872949,4018729491700,2,2:58,Q.Judkins up the middle to CAR 27 for 2 yards (L.Hunter).,1,10,CAR 29,71,3,Cleveland Browns,Carolina Panthers,3,0,65.9,34.1,127.0,126.0,253.0,229.0,98.0,327.0,game,ML,Cleveland Browns,,,bet365,-210,—,—,,Win,,hit,,,,—,,
2026-09-27T20:12:49.904557+00:00,nfl,2026,3,401872949,4018729491722,2,2:21,(Shotgun) R.Sanders right tackle to CAR 10 for 17 yards (L.Ransom).,2,8,CAR 27,73,3,Cleveland Browns,Carolina Panthers,3,0,65.9,34.1,127.0,126.0,253.0,229.0,98.0,327.0,game,Spread,Carolina Panthers,,1.5,polymarket,185,—,—,,+3,,miss,,,,—,,
2026-09-27T20:12:49.904557+00:00,nfl,2026,3,401872949,4018729491722,2,2:21,(Shotgun) R.Sanders right tackle to CAR 10 for 17 yards (L.Ransom).,2,8,CAR 27,73,3,Cleveland Browns,Carolina Panthers,3,0,65.9,34.1,127.0,126.0,253.0,229.0,98.0,327.0,game,Spread,Cleveland Browns,,-1.5,polymarket,-234,—,—,,+3,,hit,,,,—,,
2026-09-27T20:12:49.904557+00:00,nfl,2026,3,401872949,4018729491722,2,2:21,(Shotgun) R.Sanders right tackle to CAR 10 for 17 yards (L.Ransom).,2,8,CAR 27,73,3,Cleveland Browns,Carolina Panthers,3,0,65.9,34.1,127.0,126.0,253.0,229.0,98.0,327.0,game,Total,Over,,40.5,kalshi,108,—,—,,3.0,,miss,,,,—,,
2026-09-27T20:12:49.904557+00:00,nfl,2026,3,401872949,4018729491722,2,2:21,(Shotgun) R.Sanders right tackle to CAR 10 for 17 yards (L.Ransom).,2,8,CAR 27,73,3,Cleveland Browns,Carolina Panthers,3,0,65.9,34.1,127.0,126.0,253.0,229.0,98.0,327.0,game,Total,Under,,40.5,kalshi,-139,—,—,,3.0,,hit,,,,—,,
2026-09-27T20:12:49.904557+00:00,nfl,2026,3,401872949,4018729491722,2,2:21,(Shotgun) R.Sanders right tackle to CAR 10 for 17 yards (L.Ransom).,2,8,CAR 27,73,3,Cleveland Browns,Carolina Panthers,3,0,65.9,34.1,127.0,126.0,253.0,229.0,98.0,327.0,game,ML,Cleveland Browns,,,bet365,-210,—,—,,Win,,hit,,,,—,,
2026-09-27T20:12:49.904557+00:00,nfl,2026,3,401872949,4018729491733,2,2:00,Two-Minute Warning,1,10,CAR 10,90,3,Cleveland Browns,Carolina Panthers,3,0,65.9,34.1,127.0,126.0,253.0,229.0,98.0,327.0,game,Spread,Carolina Panthers,,1.5,polymarket,185,—,—,,+3,,miss,,,,—,,
2026-09-27T20:12:49.904557+00:00,nfl,2026,3,401872949,4018729491733,2,2:00,Two-Minute Warning,1,10,CAR 10,90,3,Cleveland Browns,Carolina Panthers,3,0,65.9,34.1,127.0,126.0,253.0,229.0,98.0,327.0,game,Spread,Cleveland Browns,,-1.5,polymarket,-234,—,—,,+3,,hit,,,,—,,
2026-09-27T20:12:49.904557+00:00,nfl,2026,3,401872949,4018729491733,2,2:00,Two-Minute Warning,1,10,CAR 10,90,3,Cleveland Browns,Carolina Panthers,3,0,65.9,34.1,127.0,126.0,253.0,229.0,98.0,327.0,game,Total,Over,,40.5,kalshi,108,—,—,,3.0,,miss,,,,—,,
2026-09-27T20:12:49.904557+00:00,nfl,2026,3,401872949,4018729491733,2,2:00,Two-Minute Warning,1,10,CAR 10,90,3,Cleveland Browns,Carolina Panthers,3,0,65.9,34.1,127.0,126.0,253.0,229.0,98.0,327.0,game,Total,Under,,40.5,kalshi,-139,—,—,,3.0,,hit,,,,—,,
2026-09-27T20:12:49.904557+00:00,nfl,2026,3,401872949,4018729491733,2,2:00,Two-Minute Warning,1,10,CAR 10,90,3,Cleveland Browns,Carolina Panthers,3,0,65.9,34.1,127.0,126.0,253.0,229.0,98.0,327.0,game,ML,Cleveland Browns,,,bet365,-210,—,—,,Win,,hit,,,,—,,
2026-09-27T20:12:49.904557+00:00,nfl,2026,3,401872949,4018729491744,2,2:00,Q.Judkins left tackle to CAR 6 for 4 yards (P.Jones). CAR-B.Brown was injured during the play.,1,10,CAR 10,90,3,Cleveland Browns,Carolina Panthers,3,0,65.9,34.1,127.0,126.0,253.0,229.0,98.0,327.0,game,Spread,Carolina Panthers,,1.5,polymarket,185,—,—,,+3,,miss,,,,—,,
2026-09-27T20:12:49.904557+00:00,nfl,2026,3,401872949,4018729491744,2,2:00,Q.Judkins left tackle to CAR 6 for 4 yards (P.Jones). CAR-B.Brown was injured during the play.,1,10,CAR 10,90,3,Cleveland Browns,Carolina Panthers,3,0,65.9,34.1,127.0,126.0,253.0,229.0,98.0,327.0,game,Spread,Cleveland Browns,,-1.5,polymarket,-234,—,—,,+3,,hit,,,,—,,
2026-09-27T20:12:49.904557+00:00,nfl,2026,3,401872949,4018729491744,2,2:00,Q.Judkins left tackle to CAR 6 for 4 yards (P.Jones). CAR-B.Brown was injured during the play.,1,10,CAR 10,90,3,Cleveland Browns,Carolina Panthers,3,0,65.9,34.1,127.0,126.0,253.0,229.0,98.0,327.0,game,Total,Over,,40.5,kalshi,108,—,—,,3.0,,miss,,,,—,,
2026-09-27T20:12:49.904557+00:00,nfl,2026,3,401872949,4018729491744,2,2:00,Q.Judkins left tackle to CAR 6 for 4 yards (P.Jones). CAR-B.Brown was injured during the play.,1,10,CAR 10,90,3,Cleveland Browns,Carolina Panthers,3,0,65.9,34.1,127.0,126.0,253.0,229.0,98.0,327.0,game,Total,Under,,40.5,kalshi,-139,—,—,,3.0,,hit,,,,—,,
2026-09-27T20:12:49.904557+00:00,nfl,2026,3,401872949,4018729491744,2,2:00,Q.Judkins left tackle to CAR 6 for 4 yards (P.Jones). CAR-B.Brown was injured during the play.,1,10,CAR 10,90,3,Cleveland Browns,Carolina Panthers,3,0,65.9,34.1,127.0,126.0,253.0,229.0,98.0,327.0,game,ML,Cleveland Browns,,,bet365,-210,—,—,,Win,,hit,,,,—,,
2026-09-27T20:12:49.904557+00:00,nfl,2026,3,401872949,4018729491759,2,1:56,Timeout #2 by CAR at 01:56.,2,7,CAR 7,93,3,Cleveland Browns,Carolina Panthers,3,0,65.9,34.1,127.0,126.0,253.0,229.0,98.0,327.0,game,Spread,Carolina Panthers,,1.5,polymarket,185,—,—,,+3,,miss,,,,—,,
2026-09-27T20:12:49.904557+00:00,nfl,2026,3,401872949,4018729491759,2,1:56,Timeout #2 by CAR at 01:56.,2,7,CAR 7,93,3,Cleveland Browns,Carolina Panthers,3,0,65.9,34.1,127.0,126.0,253.0,229.0,98.0,327.0,game,Spread,Cleveland Browns,,-1.5,polymarket,-234,—,—,,+3,,hit,,,,—,,
2026-09-27T20:12:49.904557+00:00,nfl,2026,3,401872949,4018729491759,2,1:56,Timeout #2 by CAR at 01:56.,2,7,CAR 7,93,3,Cleveland Browns,Carolina Panthers,3,0,65.9,34.1,127.0,126.0,253.0,229.0,98.0,327.0,game,Total,Over,,40.5,kalshi,108,—,—,,3.0,,miss,,,,—,,
2026-09-27T20:12:49.904557+00:00,nfl,2026,3,401872949,4018729491759,2,1:56,Timeout #2 by CAR at 01:56.,2,7,CAR 7,93,3,Cleveland Browns,Carolina Panthers,3,0,65.9,34.1,127.0,126.0,253.0,229.0,98.0,327.0,game,Total,Under,,40.5,kalshi,-139,—,—,,3.0,,hit,,,,—,,
2026-09-27T20:12:49.904557+00:00,nfl,2026,3,401872949,4018729491759,2,1:56,Timeout #2 by CAR at 01:56.,2,7,CAR 7,93,3,Cleveland Browns,Carolina Panthers,3,0,65.9,34.1,127.0,126.0,253.0,229.0,98.0,327.0,game,ML,Cleveland Browns,,,bet365,-210,—,—,,Win,,hit,,,,—,,
2026-09-27T20:12:49.904557+00:00,nfl,2026,3,401872949,4018729491773,2,1:56,(Shotgun) D.Watson left end to CAR 5 for 1 yard (Z.Wheatley).,2,6,CAR 6,94,3,Cleveland Browns,Carolina Panthers,3,0,65.9,34.1,127.0,126.0,253.0,229.0,98.0,327.0,game,Spread,Carolina Panthers,,1.5,polymarket,185,—,—,,+3,,miss,,,,—,,
2026-09-27T20:12:49.904557+00:00,nfl,2026,3,401872949,4018729491773,2,1:56,(Shotgun) D.Watson left end to CAR 5 for 1 yard (Z.Wheatley).,2,6,CAR 6,94,3,Cleveland Browns,Carolina Panthers,3,0,65.9,34.1,127.0,126.0,253.0,229.0,98.0,327.0,game,Spread,Cleveland Browns,,-1.5,polymarket,-234,—,—,,+3,,hit,,,,—,,
2026-09-27T20:12:49.904557+00:00,nfl,2026,3,401872949,4018729491773,2,1:56,(Shotgun) D.Watson left end to CAR 5 for 1 yard (Z.Wheatley).,2,6,CAR 6,94,3,Cleveland Browns,Carolina Panthers,3,0,65.9,34.1,127.0,126.0,253.0,229.0,98.0,327.0,game,Total,Over,,40.5,kalshi,108,—,—,,3.0,,miss,,,,—,,
2026-09-27T20:12:49.904557+00:00,nfl,2026,3,401872949,4018729491773,2,1:56,(Shotgun) D.Watson left end to CAR 5 for 1 yard (Z.Wheatley).,2,6,CAR 6,94,3,Cleveland Browns,Carolina Panthers,3,0,65.9,34.1,127.0,126.0,253.0,229.0,98.0,327.0,game,Total,Under,,40.5,kalshi,-139,—,—,,3.0,,hit,,,,—,,
2026-09-27T20:12:49.904557+00:00,nfl,2026,3,401872949,4018729491773,2,1:56,(Shotgun) D.Watson left end to CAR 5 for 1 yard (Z.Wheatley).,2,6,CAR 6,94,3,Cleveland Browns,Carolina Panthers,3,0,65.9,34.1,127.0,126.0,253.0,229.0,98.0,327.0,game,ML,Cleveland Browns,,,bet365,-210,—,—,,Win,,hit,,,,—,,
2026-09-27T20:12:49.904557+00:00,nfl,2026,3,401872949,4018729491789,2,1:51,Timeout #3 by CAR at 01:51.,3,5,CAR 5,95,3,Cleveland Browns,Carolina Panthers,3,0,65.9,34.1,127.0,126.0,253.0,229.0,98.0,327.0,game,Spread,Carolina Panthers,,1.5,polymarket,185,—,—,,+3,,miss,,,,—,,
2026-09-27T20:12:49.904557+00:00,nfl,2026,3,401872949,4018729491789,2,1:51,Timeout #3 by CAR at 01:51.,3,5,CAR 5,95,3,Cleveland Browns,Carolina Panthers,3,0,65.9,34.1,127.0,126.0,253.0,229.0,98.0,327.0,game,Spread,Cleveland Browns,,-1.5,polymarket,-234,—,—,,+3,,hit,,,,—,,
2026-09-27T20:12:49.904557+00:00,nfl,2026,3,401872949,4018729491789,2,1:51,Timeout #3 by CAR at 01:51.,3,5,CAR 5,95,3,Cleveland Browns,Carolina Panthers,3,0,65.9,34.1,127.0,126.0,253.0,229.0,98.0,327.0,game,Total,Over,,40.5,kalshi,108,—,—,,3.0,,miss,,,,—,,
2026-09-27T20:12:49.904557+00:00,nfl,2026,3,401872949,4018729491789,2,1:51,Timeout #3 by CAR at 01:51.,3,5,CAR 5,95,3,Cleveland Browns,Carolina Panthers,3,0,65.9,34.1,127.0,126.0,253.0,229.0,98.0,327.0,game,Total,Under,,40.5,kalshi,-139,—,—,,3.0,,hit,,,,—,,
2026-09-27T20:12:49.904557+00:00,nfl,2026,3,401872949,4018729491789,2,1:51,Timeout #3 by CAR at 01:51.,3,5,CAR 5,95,3,Cleveland Browns,Carolina Panthers,3,0,65.9,34.1,127.0,126.0,253.0,229.0,98.0,327.0,game,ML,Cleveland Browns,,,bet365,-210,—,—,,Win,,hit,,,,—,,
2026-09-27T20:12:49.904557+00:00,nfl,2026,3,401872949,4018729491805,2,1:51,(Shotgun) D.Watson scrambles left end pushed ob at CAR 2 for 3 yards (L.Ransom).,3,5,CAR 5,95,3,Cleveland Browns,Carolina Panthers,3,0,65.9,34.1,127.0,126.0,253.0,229.0,98.0,327.0,game,Spread,Carolina Panthers,,1.5,polymarket,185,—,—,,+3,,miss,,,,—,,
2026-09-27T20:12:49.904557+00:00,nfl,2026,3,401872949,4018729491805,2,1:51,(Shotgun) D.Watson scrambles left end pushed ob at CAR 2 for 3 yards (L.Ransom).,3,5,CAR 5,95,3,Cleveland Browns,Carolina Panthers,3,0,65.9,34.1,127.0,126.0,253.0,229.0,98.0,327.0,game,Spread,Cleveland Browns,,-1.5,polymarket,-234,—,—,,+3,,hit,,,,—,,
2026-09-27T20:12:49.904557+00:00,nfl,2026,3,401872949,4018729491805,2,1:51,(Shotgun) D.Watson scrambles left end pushed ob at CAR 2 for 3 yards (L.Ransom).,3,5,CAR 5,95,3,Cleveland Browns,Carolina Panthers,3,0,65.9,34.1,127.0,126.0,253.0,229.0,98.0,327.0,game,Total,Over,,40.5,kalshi,108,—,—,,3.0,,miss,,,,—,,
2026-09-27T20:12:49.904557+00:00,nfl,2026,3,401872949,4018729491805,2,1:51,(Shotgun) D.Watson scrambles left end pushed ob at CAR 2 for 3 yards (L.Ransom).,3,5,CAR 5,95,3,Cleveland Browns,Carolina Panthers,3,0,65.9,34.1,127.0,126.0,253.0,229.0,98.0,327.0,game,Total,Under,,40.5,kalshi,-139,—,—,,3.0,,hit,,,,—,,
2026-09-27T20:12:49.904557+00:00,nfl,2026,3,401872949,4018729491805,2,1:51,(Shotgun) D.Watson scrambles left end pushed ob at CAR 2 for 3 yards (L.Ransom).,3,5,CAR 5,95,3,Cleveland Browns,Carolina Panthers,3,0,65.9,34.1,127.0,126.0,253.0,229.0,98.0,327.0,game,ML,Cleveland Browns,,,bet365,-210,—,—,,Win,,hit,,,,—,,
2026-09-27T20:12:49.904557+00:00,nfl,2026,3,401872949,4018729491822,2,1:43,Timeout #1 by CLV at 01:43.,4,2,CAR 2,98,3,Cleveland Browns,Carolina Panthers,3,0,65.9,34.1,127.0,126.0,253.0,229.0,98.0,327.0,game,Spread,Carolina Panthers,,1.5,polymarket,185,—,—,,+3,,miss,,,,—,,
2026-09-27T20:12:49.904557+00:00,nfl,2026,3,401872949,4018729491822,2,1:43,Timeout #1 by CLV at 01:43.,4,2,CAR 2,98,3,Cleveland Browns,Carolina Panthers,3,0,65.9,34.1,127.0,126.0,253.0,229.0,98.0,327.0,game,Spread,Cleveland Browns,,-1.5,polymarket,-234,—,—,,+3,,hit,,,,—,,
2026-09-27T20:12:49.904557+00:00,nfl,2026,3,401872949,4018729491822,2,1:43,Timeout #1 by CLV at 01:43.,4,2,CAR 2,98,3,Cleveland Browns,Carolina Panthers,3,0,65.9,34.1,127.0,126.0,253.0,229.0,98.0,327.0,game,Total,Over,,40.5,kalshi,108,—,—,,3.0,,miss,,,,—,,
2026-09-27T20:12:49.904557+00:00,nfl,2026,3,401872949,4018729491822,2,1:43,Timeout #1 by CLV at 01:43.,4,2,CAR 2,98,3,Cleveland Browns,Carolina Panthers,3,0,65.9,34.1,127.0,126.0,253.0,229.0,98.0,327.0,game,Total,Under,,40.5,kalshi,-139,—,—,,3.0,,hit,,,,—,,
2026-09-27T20:12:49.904557+00:00,nfl,2026,3,401872949,4018729491822,2,1:43,Timeout #1 by CLV at 01:43.,4,2,CAR 2,98,3,Cleveland Browns,Carolina Panthers,3,0,65.9,34.1,127.0,126.0,253.0,229.0,98.0,327.0,game,ML,Cleveland Browns,,,bet365,-210,—,—,,Win,,hit,,,,—,,
2026-09-27T20:12:49.904557+00:00,nfl,2026,3,401872949,4018729491891,2,1:37,Official Timeout at 01:37.,-1,10,CAR 15,85,10,Cleveland Browns,Carolina Panthers,10,0,65.9,34.1,127.0,126.0,253.0,229.0,98.0,327.0,game,Spread,Carolina Panthers,,1.5,polymarket,185,—,—,,+10,,miss,,,,—,,
2026-09-27T20:12:49.904557+00:00,nfl,2026,3,401872949,4018729491891,2,1:37,Official Timeout at 01:37.,-1,10,CAR 15,85,10,Cleveland Browns,Carolina Panthers,10,0,65.9,34.1,127.0,126.0,253.0,229.0,98.0,327.0,game,Spread,Cleveland Browns,,-1.5,polymarket,-234,—,—,,+10,,hit,,,,—,,
2026-09-27T20:12:49.904557+00:00,nfl,2026,3,401872949,4018729491891,2,1:37,Official Timeout at 01:37.,-1,10,CAR 15,85,10,Cleveland Browns,Carolina Panthers,10,0,65.9,34.1,127.0,126.0,253.0,229.0,98.0,327.0,game,Total,Over,,40.5,kalshi,108,—,—,,10.0,,miss,,,,—,,
2026-09-27T20:12:49.904557+00:00,nfl,2026,3,401872949,4018729491891,2,1:37,Official Timeout at 01:37.,-1,10,CAR 15,85,10,Cleveland Browns,Carolina Panthers,10,0,65.9,34.1,127.0,126.0,253.0,229.0,98.0,327.0,game,Total,Under,,40.5,kalshi,-139,—,—,,10.0,,hit,,,,—,,
2026-09-27T20:12:49.904557+00:00,nfl,2026,3,401872949,4018729491891,2,1:37,Official Timeout at 01:37.,-1,10,CAR 15,85,10,Cleveland Browns,Carolina Panthers,10,0,65.9,34.1,127.0,126.0,253.0,229.0,98.0,327.0,game,ML,Cleveland Browns,,,bet365,-210,—,—,,Win,,hit,,,,—,,
2026-09-27T20:12:49.904557+00:00,nfl,2026,3,401872949,4018729491839,2,1:37,"(Shotgun) D.Watson pass short right to H.Fannin for 2 yards, TOUCHDOWN.Penalty on CAR-T.Moehrig, Defensive Holding, declined. A.Szmyt extra point is GOOD, Center-R.Sunahara, Holder-C.Bojorquez.",4,2,CAR 2,98,10,Cleveland Browns,Carolina Panthers,10,0,65.9,34.1,127.0,126.0,253.0,229.0,98.0,327.0,game,Spread,Carolina Panthers,,1.5,polymarket,185,—,—,,+10,,miss,,,,—,,
2026-09-27T20:12:49.904557+00:00,nfl,2026,3,401872949,4018729491839,2,1:37,"(Shotgun) D.Watson pass short right to H.Fannin for 2 yards, TOUCHDOWN.Penalty on CAR-T.Moehrig, Defensive Holding, declined. A.Szmyt extra point is GOOD, Center-R.Sunahara, Holder-C.Bojorquez.",4,2,CAR 2,98,10,Cleveland Browns,Carolina Panthers,10,0,65.9,34.1,127.0,126.0,253.0,229.0,98.0,327.0,game,Spread,Cleveland Browns,,-1.5,polymarket,-234,—,—,,+10,,hit,,,,—,,
2026-09-27T20:12:49.904557+00:00,nfl,2026,3,401872949,4018729491839,2,1:37,"(Shotgun) D.Watson pass short right to H.Fannin for 2 yards, TOUCHDOWN.Penalty on CAR-T.Moehrig, Defensive Holding, declined. A.Szmyt extra point is GOOD, Center-R.Sunahara, Holder-C.Bojorquez.",4,2,CAR 2,98,10,Cleveland Browns,Carolina Panthers,10,0,65.9,34.1,127.0,126.0,253.0,229.0,98.0,327.0,game,Total,Over,,40.5,kalshi,108,—,—,,10.0,,miss,,,,—,,
2026-09-27T20:12:49.904557+00:00,nfl,2026,3,401872949,4018729491839,2,1:37,"(Shotgun) D.Watson pass short right to H.Fannin for 2 yards, TOUCHDOWN.Penalty on CAR-T.Moehrig, Defensive Holding, declined. A.Szmyt extra point is GOOD, Center-R.Sunahara, Holder-C.Bojorquez.",4,2,CAR 2,98,10,Cleveland Browns,Carolina Panthers,10,0,65.9,34.1,127.0,126.0,253.0,229.0,98.0,327.0,game,Total,Under,,40.5,kalshi,-139,—,—,,10.0,,hit,,,,—,,
2026-09-27T20:12:49.904557+00:00,nfl,2026,3,401872949,4018729491839,2,1:37,"(Shotgun) D.Watson pass short right to H.Fannin for 2 yards, TOUCHDOWN.Penalty on CAR-T.Moehrig, Defensive Holding, declined. A.Szmyt extra point is GOOD, Center-R.Sunahara, Holder-C.Bojorquez.",4,2,CAR 2,98,10,Cleveland Browns,Carolina Panthers,10,0,65.9,34.1,127.0,126.0,253.0,229.0,98.0,327.0,game,ML,Cleveland Browns,,,bet365,-210,—,—,,Win,,hit,,,,—,,
2026-09-27T20:12:49.904557+00:00,nfl,2026,3,401872949,4018729491898,2,1:37,A.Szmyt kicks 63 yards from CLV 35 to CAR 2. A.Tyus pushed ob at CAR 27 for 25 yards (E.Mascarenas-Arnold; A.Huntington).,3,10,CAR 14,35,10,Cleveland Browns,Carolina Panthers,10,0,65.9,34.1,127.0,126.0,253.0,229.0,98.0,327.0,game,Spread,Carolina Panthers,,1.5,polymarket,185,—,—,,+10,,miss,,,,—,,
2026-09-27T20:12:49.904557+00:00,nfl,2026,3,401872949,4018729491898,2,1:37,A.Szmyt kicks 63 yards from CLV 35 to CAR 2. A.Tyus pushed ob at CAR 27 for 25 yards (E.Mascarenas-Arnold; A.Huntington).,3,10,CAR 14,35,10,Cleveland Browns,Carolina Panthers,10,0,65.9,34.1,127.0,126.0,253.0,229.0,98.0,327.0,game,Spread,Cleveland Browns,,-1.5,polymarket,-234,—,—,,+10,,hit,,,,—,,
2026-09-27T20:12:49.904557+00:00,nfl,2026,3,401872949,4018729491898,2,1:37,A.Szmyt kicks 63 yards from CLV 35 to CAR 2. A.Tyus pushed ob at CAR 27 for 25 yards (E.Mascarenas-Arnold; A.Huntington).,3,10,CAR 14,35,10,Cleveland Browns,Carolina Panthers,10,0,65.9,34.1,127.0,126.0,253.0,229.0,98.0,327.0,game,Total,Over,,40.5,kalshi,108,—,—,,10.0,,miss,,,,—,,
2026-09-27T20:12:49.904557+00:00,nfl,2026,3,401872949,4018729491898,2,1:37,A.Szmyt kicks 63 yards from CLV 35 to CAR 2. A.Tyus pushed ob at CAR 27 for 25 yards (E.Mascarenas-Arnold; A.Huntington).,3,10,CAR 14,35,10,Cleveland Browns,Carolina Panthers,10,0,65.9,34.1,127.0,126.0,253.0,229.0,98.0,327.0,game,Total,Under,,40.5,kalshi,-139,—,—,,10.0,,hit,,,,—,,
2026-09-27T20:12:49.904557+00:00,nfl,2026,3,401872949,4018729491898,2,1:37,A.Szmyt kicks 63 yards from CLV 35 to CAR 2. A.Tyus pushed ob at CAR 27 for 25 yards (E.Mascarenas-Arnold; A.Huntington).,3,10,CAR 14,35,10,Cleveland Browns,Carolina Panthers,10,0,65.9,34.1,127.0,126.0,253.0,229.0,98.0,327.0,game,ML,Cleveland Browns,,,bet365,-210,—,—,,Win,,hit,,,,—,,
2026-09-27T20:12:49.904557+00:00,nfl,2026,3,401872949,4018729491933,2,1:31,(Shotgun) B.Young pass incomplete deep left.,1,10,CAR 27,73,10,Cleveland Browns,Carolina Panthers,10,0,65.9,34.1,127.0,126.0,253.0,229.0,98.0,327.0,game,Spread,Carolina Panthers,,1.5,polymarket,185,—,—,,+10,,miss,,,,—,,
2026-09-27T20:12:49.904557+00:00,nfl,2026,3,401872949,4018729491933,2,1:31,(Shotgun) B.Young pass incomplete deep left.,1,10,CAR 27,73,10,Cleveland Browns,Carolina Panthers,10,0,65.9,34.1,127.0,126.0,253.0,229.0,98.0,327.0,game,Spread,Cleveland Browns,,-1.5,polymarket,-234,—,—,,+10,,hit,,,,—,,
2026-09-27T20:12:49.904557+00:00,nfl,2026,3,401872949,4018729491933,2,1:31,(Shotgun) B.Young pass incomplete deep left.,1,10,CAR 27,73,10,Cleveland Browns,Carolina Panthers,10,0,65.9,34.1,127.0,126.0,253.0,229.0,98.0,327.0,game,Total,Over,,40.5,kalshi,108,—,—,,10.0,,miss,,,,—,,
2026-09-27T20:12:49.904557+00:00,nfl,2026,3,401872949,4018729491933,2,1:31,(Shotgun) B.Young pass incomplete deep left.,1,10,CAR 27,73,10,Cleveland Browns,Carolina Panthers,10,0,65.9,34.1,127.0,126.0,253.0,229.0,98.0,327.0,game,Total,Under,,40.5,kalshi,-139,—,—,,10.0,,hit,,,,—,,
2026-09-27T20:12:49.904557+00:00,nfl,2026,3,401872949,4018729491933,2,1:31,(Shotgun) B.Young pass incomplete deep left.,1,10,CAR 27,73,10,Cleveland Browns,Carolina Panthers,10,0,65.9,34.1,127.0,126.0,253.0,229.0,98.0,327.0,game,ML,Cleveland Browns,,,bet365,-210,—,—,,Win,,hit,,,,—,,
2026-09-27T20:12:49.904557+00:00,nfl,2026,3,401872949,4018729491956,2,1:26,(Shotgun) B.Young pass incomplete deep middle to J.Coker.,2,10,CAR 27,73,10,Cleveland Browns,Carolina Panthers,10,0,65.9,34.1,127.0,126.0,253.0,229.0,98.0,327.0,game,Spread,Carolina Panthers,,1.5,polymarket,185,—,—,,+10,,miss,,,,—,,
2026-09-27T20:12:49.904557+00:00,nfl,2026,3,401872949,4018729491956,2,1:26,(Shotgun) B.Young pass incomplete deep middle to J.Coker.,2,10,CAR 27,73,10,Cleveland Browns,Carolina Panthers,10,0,65.9,34.1,127.0,126.0,253.0,229.0,98.0,327.0,game,Spread,Cleveland Browns,,-1.5,polymarket,-234,—,—,,+10,,hit,,,,—,,
2026-09-27T20:12:49.904557+00:00,nfl,2026,3,401872949,4018729491956,2,1:26,(Shotgun) B.Young pass incomplete deep middle to J.Coker.,2,10,CAR 27,73,10,Cleveland Browns,Carolina Panthers,10,0,65.9,34.1,127.0,126.0,253.0,229.0,98.0,327.0,game,Total,Over,,40.5,kalshi,108,—,—,,10.0,,miss,,,,—,,
2026-09-27T20:12:49.904557+00:00,nfl,2026,3,401872949,4018729491956,2,1:26,(Shotgun) B.Young pass incomplete deep middle to J.Coker.,2,10,CAR 27,73,10,Cleveland Browns,Carolina Panthers,10,0,65.9,34.1,127.0,126.0,253.0,229.0,98.0,327.0,game,Total,Under,,40.5,kalshi,-139,—,—,,10.0,,hit,,,,—,,
2026-09-27T20:12:49.904557+00:00,nfl,2026,3,401872949,4018729491956,2,1:26,(Shotgun) B.Young pass incomplete deep middle to J.Coker.,2,10,CAR 27,73,10,Cleveland Browns,Carolina Panthers,10,0,65.9,34.1,127.0,126.0,253.0,229.0,98.0,327.0,game,ML,Cleveland Browns,,,bet365,-210,—,—,,Win,,hit,,,,—,,
2026-09-27T20:12:49.904557+00:00,nfl,2026,3,401872949,4018729491979,2,1:20,(Shotgun) B.Young pass short left to T.McMillan ran ob at CAR 39 for 12 yards.,3,10,CAR 27,73,10,Cleveland Browns,Carolina Panthers,10,0,65.9,34.1,127.0,126.0,253.0,229.0,98.0,327.0,game,Spread,Carolina Panthers,,1.5,polymarket,185,—,—,,+10,,miss,,,,—,,
2026-09-27T20:12:49.904557+00:00,nfl,2026,3,401872949,4018729491979,2,1:20,(Shotgun) B.Young pass short left to T.McMillan ran ob at CAR 39 for 12 yards.,3,10,CAR 27,73,10,Cleveland Browns,Carolina Panthers,10,0,65.9,34.1,127.0,126.0,253.0,229.0,98.0,327.0,game,Spread,Cleveland Browns,,-1.5,polymarket,-234,—,—,,+10,,hit,,,,—,,
2026-09-27T20:12:49.904557+00:00,nfl,2026,3,401872949,4018729491979,2,1:20,(Shotgun) B.Young pass short left to T.McMillan ran ob at CAR 39 for 12 yards.,3,10,CAR 27,73,10,Cleveland Browns,Carolina Panthers,10,0,65.9,34.1,127.0,126.0,253.0,229.0,98.0,327.0,game,Total,Over,,40.5,kalshi,108,—,—,,10.0,,miss,,,,—,,
2026-09-27T20:12:49.904557+00:00,nfl,2026,3,401872949,4018729491979,2,1:20,(Shotgun) B.Young pass short left to T.McMillan ran ob at CAR 39 for 12 yards.,3,10,CAR 27,73,10,Cleveland Browns,Carolina Panthers,10,0,65.9,34.1,127.0,126.0,253.0,229.0,98.0,327.0,game,Total,Under,,40.5,kalshi,-139,—,—,,10.0,,hit,,,,—,,
2026-09-27T20:12:49.904557+00:00,nfl,2026,3,401872949,4018729491979,2,1:20,(Shotgun) B.Young pass short left to T.McMillan ran ob at CAR 39 for 12 yards.,3,10,CAR 27,73,10,Cleveland Browns,Carolina Panthers,10,0,65.9,34.1,127.0,126.0,253.0,229.0,98.0,327.0,game,ML,Cleveland Browns,,,bet365,-210,—,—,,Win,,hit,,,,—,,
2026-09-27T20:12:49.904557+00:00,nfl,2026,3,401872949,4018729492009,2,1:15,"(No Huddle, Shotgun) B.Young pass incomplete short left.PENALTY on CLV-M.Hall, Roughing the Passer, 15 yards, enforced at CAR 39 - No Play.",1,10,CAR 39,61,10,Cleveland Browns,Carolina Panthers,10,0,65.9,34.1,127.0,126.0,253.0,229.0,98.0,327.0,game,Spread,Carolina Panthers,,1.5,polymarket,185,—,—,,+10,,miss,,,,—,,
2026-09-27T20:12:49.904557+00:00,nfl,2026,3,401872949,4018729492009,2,1:15,"(No Huddle, Shotgun) B.Young pass incomplete short left.PENALTY on CLV-M.Hall, Roughing the Passer, 15 yards, enforced at CAR 39 - No Play.",1,10,CAR 39,61,10,Cleveland Browns,Carolina Panthers,10,0,65.9,34.1,127.0,126.0,253.0,229.0,98.0,327.0,game,Spread,Cleveland Browns,,-1.5,polymarket,-234,—,—,,+10,,hit,,,,—,,
2026-09-27T20:12:49.904557+00:00,nfl,2026,3,401872949,4018729492009,2,1:15,"(No Huddle, Shotgun) B.Young pass incomplete short left.PENALTY on CLV-M.Hall, Roughing the Passer, 15 yards, enforced at CAR 39 - No Play.",1,10,CAR 39,61,10,Cleveland Browns,Carolina Panthers,10,0,65.9,34.1,127.0,126.0,253.0,229.0,98.0,327.0,game,Total,Over,,40.5,kalshi,108,—,—,,10.0,,miss,,,,—,,
2026-09-27T20:12:49.904557+00:00,nfl,2026,3,401872949,4018729492009,2,1:15,"(No Huddle, Shotgun) B.Young pass incomplete short left.PENALTY on CLV-M.Hall, Roughing the Passer, 15 yards, enforced at CAR 39 - No Play.",1,10,CAR 39,61,10,Cleveland Browns,Carolina Panthers,10,0,65.9,34.1,127.0,126.0,253.0,229.0,98.0,327.0,game,Total,Under,,40.5,kalshi,-139,—,—,,10.0,,hit,,,,—,,
2026-09-27T20:12:49.904557+00:00,nfl,2026,3,401872949,4018729492009,2,1:15,"(No Huddle, Shotgun) B.Young pass incomplete short left.PENALTY on CLV-M.Hall, Roughing the Passer, 15 yards, enforced at CAR 39 - No Play.",1,10,CAR 39,61,10,Cleveland Browns,Carolina Panthers,10,0,65.9,34.1,127.0,126.0,253.0,229.0,98.0,327.0,game,ML,Cleveland Browns,,,bet365,-210,—,—,,Win,,hit,,,,—,,
2026-09-27T20:12:49.904557+00:00,nfl,2026,3,401872949,4018729492043,2,1:09,(Shotgun) B.Young pass incomplete short left to T.McMillan [M.Collins].,1,10,CLE 46,46,10,Cleveland Browns,Carolina Panthers,10,0,65.9,34.1,127.0,126.0,253.0,229.0,98.0,327.0,game,Spread,Carolina Panthers,,1.5,polymarket,185,—,—,,+10,,miss,,,,—,,
2026-09-27T20:12:49.904557+00:00,nfl,2026,3,401872949,4018729492043,2,1:09,(Shotgun) B.Young pass incomplete short left to T.McMillan [M.Collins].,1,10,CLE 46,46,10,Cleveland Browns,Carolina Panthers,10,0,65.9,34.1,127.0,126.0,253.0,229.0,98.0,327.0,game,Spread,Cleveland Browns,,-1.5,polymarket,-234,—,—,,+10,,hit,,,,—,,
2026-09-27T20:12:49.904557+00:00,nfl,2026,3,401872949,4018729492043,2,1:09,(Shotgun) B.Young pass incomplete short left to T.McMillan [M.Collins].,1,10,CLE 46,46,10,Cleveland Browns,Carolina Panthers,10,0,65.9,34.1,127.0,126.0,253.0,229.0,98.0,327.0,game,Total,Over,,40.5,kalshi,108,—,—,,10.0,,miss,,,,—,,
2026-09-27T20:12:49.904557+00:00,nfl,2026,3,401872949,4018729492043,2,1:09,(Shotgun) B.Young pass incomplete short left to T.McMillan [M.Collins].,1,10,CLE 46,46,10,Cleveland Browns,Carolina Panthers,10,0,65.9,34.1,127.0,126.0,253.0,229.0,98.0,327.0,game,Total,Under,,40.5,kalshi,-139,—,—,,10.0,,hit,,,,—,,
2026-09-27T20:12:49.904557+00:00,nfl,2026,3,401872949,4018729492043,2,1:09,(Shotgun) B.Young pass incomplete short left to T.McMillan [M.Collins].,1,10,CLE 46,46,10,Cleveland Browns,Carolina Panthers,10,0,65.9,34.1,127.0,126.0,253.0,229.0,98.0,327.0,game,ML,Cleveland Browns,,,bet365,-210,—,—,,Win,,hit,,,,—,,
2026-09-27T20:12:49.904557+00:00,nfl,2026,3,401872949,4018729492066,2,1:04,"(Shotgun) B.Young pass short middle to C.Hubbard to CLV 16 for 30 yards (D.Ward).PENALTY on CLV-S.Williams, Roughing the Passer, 8 yards, enforced at CLV 16.",2,10,CLE 46,46,10,Cleveland Browns,Carolina Panthers,10,0,65.9,34.1,127.0,126.0,253.0,229.0,98.0,327.0,game,Spread,Carolina Panthers,,1.5,polymarket,185,—,—,,+10,,miss,,,,—,,
2026-09-27T20:12:49.904557+00:00,nfl,2026,3,401872949,4018729492066,2,1:04,"(Shotgun) B.Young pass short middle to C.Hubbard to CLV 16 for 30 yards (D.Ward).PENALTY on CLV-S.Williams, Roughing the Passer, 8 yards, enforced at CLV 16.",2,10,CLE 46,46,10,Cleveland Browns,Carolina Panthers,10,0,65.9,34.1,127.0,126.0,253.0,229.0,98.0,327.0,game,Spread,Cleveland Browns,,-1.5,polymarket,-234,—,—,,+10,,hit,,,,—,,
2026-09-27T20:12:49.904557+00:00,nfl,2026,3,401872949,4018729492066,2,1:04,"(Shotgun) B.Young pass short middle to C.Hubbard to CLV 16 for 30 yards (D.Ward).PENALTY on CLV-S.Williams, Roughing the Passer, 8 yards, enforced at CLV 16.",2,10,CLE 46,46,10,Cleveland Browns,Carolina Panthers,10,0,65.9,34.1,127.0,126.0,253.0,229.0,98.0,327.0,game,Total,Over,,40.5,kalshi,108,—,—,,10.0,,miss,,,,—,,
2026-09-27T20:12:49.904557+00:00,nfl,2026,3,401872949,4018729492066,2,1:04,"(Shotgun) B.Young pass short middle to C.Hubbard to CLV 16 for 30 yards (D.Ward).PENALTY on CLV-S.Williams, Roughing the Passer, 8 yards, enforced at CLV 16.",2,10,CLE 46,46,10,Cleveland Browns,Carolina Panthers,10,0,65.9,34.1,127.0,126.0,253.0,229.0,98.0,327.0,game,Total,Under,,40.5,kalshi,-139,—,—,,10.0,,hit,,,,—,,
2026-09-27T20:12:49.904557+00:00,nfl,2026,3,401872949,4018729492066,2,1:04,"(Shotgun) B.Young pass short middle to C.Hubbard to CLV 16 for 30 yards (D.Ward).PENALTY on CLV-S.Williams, Roughing the Passer, 8 yards, enforced at CLV 16.",2,10,CLE 46,46,10,Cleveland Browns,Carolina Panthers,10,0,65.9,34.1,127.0,126.0,253.0,229.0,98.0,327.0,game,ML,Cleveland Browns,,,bet365,-210,—,—,,Win,,hit,,,,—,,
2026-09-27T20:12:49.904557+00:00,nfl,2026,3,401872949,4018729492102,2,0:54,"(Shotgun) B.Young pass incomplete short middle to T.McMillan [D.Barnett].PENALTY on CLV-M.Blackmon, Defensive Holding, 4 yards, enforced at CLV 8 - No Play.",1,8,CLE 8,8,10,Cleveland Browns,Carolina Panthers,10,0,65.9,34.1,127.0,126.0,253.0,229.0,98.0,327.0,game,Spread,Carolina Panthers,,1.5,polymarket,185,—,—,,+10,,miss,,,,—,,
2026-09-27T20:12:49.904557+00:00,nfl,2026,3,401872949,4018729492102,2,0:54,"(Shotgun) B.Young pass incomplete short middle to T.McMillan [D.Barnett].PENALTY on CLV-M.Blackmon, Defensive Holding, 4 yards, enforced at CLV 8 - No Play.",1,8,CLE 8,8,10,Cleveland Browns,Carolina Panthers,10,0,65.9,34.1,127.0,126.0,253.0,229.0,98.0,327.0,game,Spread,Cleveland Browns,,-1.5,polymarket,-234,—,—,,+10,,hit,,,,—,,
2026-09-27T20:12:49.904557+00:00,nfl,2026,3,401872949,4018729492102,2,0:54,"(Shotgun) B.Young pass incomplete short middle to T.McMillan [D.Barnett].PENALTY on CLV-M.Blackmon, Defensive Holding, 4 yards, enforced at CLV 8 - No Play.",1,8,CLE 8,8,10,Cleveland Browns,Carolina Panthers,10,0,65.9,34.1,127.0,126.0,253.0,229.0,98.0,327.0,game,Total,Over,,40.5,kalshi,108,—,—,,10.0,,miss,,,,—,,
2026-09-27T20:12:49.904557+00:00,nfl,2026,3,401872949,4018729492102,2,0:54,"(Shotgun) B.Young pass incomplete short middle to T.McMillan [D.Barnett].PENALTY on CLV-M.Blackmon, Defensive Holding, 4 yards, enforced at CLV 8 - No Play.",1,8,CLE 8,8,10,Cleveland Browns,Carolina Panthers,10,0,65.9,34.1,127.0,126.0,253.0,229.0,98.0,327.0,game,Total,Under,,40.5,kalshi,-139,—,—,,10.0,,hit,,,,—,,
2026-09-27T20:12:49.904557+00:00,nfl,2026,3,401872949,4018729492102,2,0:54,"(Shotgun) B.Young pass incomplete short middle to T.McMillan [D.Barnett].PENALTY on CLV-M.Blackmon, Defensive Holding, 4 yards, enforced at CLV 8 - No Play.",1,8,CLE 8,8,10,Cleveland Browns,Carolina Panthers,10,0,65.9,34.1,127.0,126.0,253.0,229.0,98.0,327.0,game,ML,Cleveland Browns,,,bet365,-210,—,—,,Win,,hit,,,,—,,
2026-09-27T20:12:49.904557+00:00,nfl,2026,3,401872949,4018729492136,2,0:47,(Shotgun) B.Young pass incomplete short right.,1,4,CLE 4,4,10,Cleveland Browns,Carolina Panthers,10,0,65.9,34.1,127.0,126.0,253.0,229.0,98.0,327.0,game,Spread,Carolina Panthers,,1.5,polymarket,185,—,—,,+10,,miss,,,,—,,
2026-09-27T20:12:49.904557+00:00,nfl,2026,3,401872949,4018729492136,2,0:47,(Shotgun) B.Young pass incomplete short right.,1,4,CLE 4,4,10,Cleveland Browns,Carolina Panthers,10,0,65.9,34.1,127.0,126.0,253.0,229.0,98.0,327.0,game,Spread,Cleveland Browns,,-1.5,polymarket,-234,—,—,,+10,,hit,,,,—,,
2026-09-27T20:12:49.904557+00:00,nfl,2026,3,401872949,4018729492136,2,0:47,(Shotgun) B.Young pass incomplete short right.,1,4,CLE 4,4,10,Cleveland Browns,Carolina Panthers,10,0,65.9,34.1,127.0,126.0,253.0,229.0,98.0,327.0,game,Total,Over,,40.5,kalshi,108,—,—,,10.0,,miss,,,,—,,
2026-09-27T20:12:49.904557+00:00,nfl,2026,3,401872949,4018729492136,2,0:47,(Shotgun) B.Young pass incomplete short right.,1,4,CLE 4,4,10,Cleveland Browns,Carolina Panthers,10,0,65.9,34.1,127.0,126.0,253.0,229.0,98.0,327.0,game,Total,Under,,40.5,kalshi,-139,—,—,,10.0,,hit,,,,—,,
2026-09-27T20:12:49.904557+00:00,nfl,2026,3,401872949,4018729492136,2,0:47,(Shotgun) B.Young pass incomplete short right.,1,4,CLE 4,4,10,Cleveland Browns,Carolina Panthers,10,0,65.9,34.1,127.0,126.0,253.0,229.0,98.0,327.0,game,ML,Cleveland Browns,,,bet365,-210,—,—,,Win,,hit,,,,—,,
2026-09-27T20:12:49.904557+00:00,nfl,2026,3,401872949,4018729492159,2,0:42,(Shotgun) B.Young pass incomplete short left to T.McMillan.,2,4,CLE 4,4,10,Cleveland Browns,Carolina Panthers,10,0,65.9,34.1,127.0,126.0,253.0,229.0,98.0,327.0,game,Spread,Carolina Panthers,,1.5,polymarket,185,—,—,,+10,,miss,,,,—,,
2026-09-27T20:12:49.904557+00:00,nfl,2026,3,401872949,4018729492159,2,0:42,(Shotgun) B.Young pass incomplete short left to T.McMillan.,2,4,CLE 4,4,10,Cleveland Browns,Carolina Panthers,10,0,65.9,34.1,127.0,126.0,253.0,229.0,98.0,327.0,game,Spread,Cleveland Browns,,-1.5,polymarket,-234,—,—,,+10,,hit,,,,—,,
2026-09-27T20:12:49.904557+00:00,nfl,2026,3,401872949,4018729492159,2,0:42,(Shotgun) B.Young pass incomplete short left to T.McMillan.,2,4,CLE 4,4,10,Cleveland Browns,Carolina Panthers,10,0,65.9,34.1,127.0,126.0,253.0,229.0,98.0,327.0,game,Total,Over,,40.5,kalshi,108,—,—,,10.0,,miss,,,,—,,
2026-09-27T20:12:49.904557+00:00,nfl,2026,3,401872949,4018729492159,2,0:42,(Shotgun) B.Young pass incomplete short left to T.McMillan.,2,4,CLE 4,4,10,Cleveland Browns,Carolina Panthers,10,0,65.9,34.1,127.0,126.0,253.0,229.0,98.0,327.0,game,Total,Under,,40.5,kalshi,-139,—,—,,10.0,,hit,,,,—,,
2026-09-27T20:12:49.904557+00:00,nfl,2026,3,401872949,4018729492159,2,0:42,(Shotgun) B.Young pass incomplete short left to T.McMillan.,2,4,CLE 4,4,10,Cleveland Browns,Carolina Panthers,10,0,65.9,34.1,127.0,126.0,253.0,229.0,98.0,327.0,game,ML,Cleveland Browns,,,bet365,-210,—,—,,Win,,hit,,,,—,,
2026-09-27T20:12:49.904557+00:00,nfl,2026,3,401872949,4018729492182,2,0:37,(Shotgun) B.Young sacked at CLV 17 for -13 yards (I.McGuire).,3,4,CLE 4,4,10,Cleveland Browns,Carolina Panthers,10,0,65.9,34.1,127.0,126.0,253.0,229.0,98.0,327.0,game,Spread,Carolina Panthers,,1.5,polymarket,185,—,—,,+10,,miss,,,,—,,
2026-09-27T20:12:49.904557+00:00,nfl,2026,3,401872949,4018729492182,2,0:37,(Shotgun) B.Young sacked at CLV 17 for -13 yards (I.McGuire).,3,4,CLE 4,4,10,Cleveland Browns,Carolina Panthers,10,0,65.9,34.1,127.0,126.0,253.0,229.0,98.0,327.0,game,Spread,Cleveland Browns,,-1.5,polymarket,-234,—,—,,+10,,hit,,,,—,,
2026-09-27T20:12:49.904557+00:00,nfl,2026,3,401872949,4018729492182,2,0:37,(Shotgun) B.Young sacked at CLV 17 for -13 yards (I.McGuire).,3,4,CLE 4,4,10,Cleveland Browns,Carolina Panthers,10,0,65.9,34.1,127.0,126.0,253.0,229.0,98.0,327.0,game,Total,Over,,40.5,kalshi,108,—,—,,10.0,,miss,,,,—,,
2026-09-27T20:12:49.904557+00:00,nfl,2026,3,401872949,4018729492182,2,0:37,(Shotgun) B.Young sacked at CLV 17 for -13 yards (I.McGuire).,3,4,CLE 4,4,10,Cleveland Browns,Carolina Panthers,10,0,65.9,34.1,127.0,126.0,253.0,229.0,98.0,327.0,game,Total,Under,,40.5,kalshi,-139,—,—,,10.0,,hit,,,,—,,
2026-09-27T20:12:49.904557+00:00,nfl,2026,3,401872949,4018729492182,2,0:37,(Shotgun) B.Young sacked at CLV 17 for -13 yards (I.McGuire).,3,4,CLE 4,4,10,Cleveland Browns,Carolina Panthers,10,0,65.9,34.1,127.0,126.0,253.0,229.0,98.0,327.0,game,ML,Cleveland Browns,,,bet365,-210,—,—,,Win,,hit,,,,—,,
2026-09-27T20:12:49.904557+00:00,nfl,2026,3,401872949,4018729492192,2,0:30,Timeout #2 by CLV at 00:30.,4,19,CLE 19,19,10,Cleveland Browns,Carolina Panthers,10,0,65.9,34.1,127.0,126.0,253.0,229.0,98.0,327.0,game,Spread,Carolina Panthers,,1.5,polymarket,185,—,—,,+10,,miss,,,,—,,
2026-09-27T20:12:49.904557+00:00,nfl,2026,3,401872949,4018729492192,2,0:30,Timeout #2 by CLV at 00:30.,4,19,CLE 19,19,10,Cleveland Browns,Carolina Panthers,10,0,65.9,34.1,127.0,126.0,253.0,229.0,98.0,327.0,game,Spread,Cleveland Browns,,-1.5,polymarket,-234,—,—,,+10,,hit,,,,—,,
2026-09-27T20:12:49.904557+00:00,nfl,2026,3,401872949,4018729492192,2,0:30,Timeout #2 by CLV at 00:30.,4,19,CLE 19,19,10,Cleveland Browns,Carolina Panthers,10,0,65.9,34.1,127.0,126.0,253.0,229.0,98.0,327.0,game,Total,Over,,40.5,kalshi,108,—,—,,10.0,,miss,,,,—,,
2026-09-27T20:12:49.904557+00:00,nfl,2026,3,401872949,4018729492192,2,0:30,Timeout #2 by CLV at 00:30.,4,19,CLE 19,19,10,Cleveland Browns,Carolina Panthers,10,0,65.9,34.1,127.0,126.0,253.0,229.0,98.0,327.0,game,Total,Under,,40.5,kalshi,-139,—,—,,10.0,,hit,,,,—,,
2026-09-27T20:12:49.904557+00:00,nfl,2026,3,401872949,4018729492192,2,0:30,Timeout #2 by CLV at 00:30.,4,19,CLE 19,19,10,Cleveland Browns,Carolina Panthers,10,0,65.9,34.1,127.0,126.0,253.0,229.0,98.0,327.0,game,ML,Cleveland Browns,,,bet365,-210,—,—,,Win,,hit,,,,—,,
2026-09-27T20:12:49.904557+00:00,nfl,2026,3,401872949,4018729492202,2,0:27," R.Fitzgerald 35 yard field goal is GOOD, Center-J.Jansen, Holder-S.Martin.",4,17,CLE 17,17,7,Cleveland Browns,Carolina Panthers,10,3,65.9,34.1,127.0,126.0,253.0,229.0,98.0,327.0,game,Spread,Carolina Panthers,,1.5,polymarket,185,—,—,,+7,,miss,,,,—,,
2026-09-27T20:12:49.904557+00:00,nfl,2026,3,401872949,4018729492202,2,0:27," R.Fitzgerald 35 yard field goal is GOOD, Center-J.Jansen, Holder-S.Martin.",4,17,CLE 17,17,7,Cleveland Browns,Carolina Panthers,10,3,65.9,34.1,127.0,126.0,253.0,229.0,98.0,327.0,game,Spread,Cleveland Browns,,-1.5,polymarket,-234,—,—,,+7,,hit,,,,—,,
2026-09-27T20:12:49.904557+00:00,nfl,2026,3,401872949,4018729492202,2,0:27," R.Fitzgerald 35 yard field goal is GOOD, Center-J.Jansen, Holder-S.Martin.",4,17,CLE 17,17,7,Cleveland Browns,Carolina Panthers,10,3,65.9,34.1,127.0,126.0,253.0,229.0,98.0,327.0,game,Total,Over,,40.5,kalshi,108,—,—,,13.0,,miss,,,,—,,
2026-09-27T20:12:49.904557+00:00,nfl,2026,3,401872949,4018729492202,2,0:27," R.Fitzgerald 35 yard field goal is GOOD, Center-J.Jansen, Holder-S.Martin.",4,17,CLE 17,17,7,Cleveland Browns,Carolina Panthers,10,3,65.9,34.1,127.0,126.0,253.0,229.0,98.0,327.0,game,Total,Under,,40.5,kalshi,-139,—,—,,13.0,,hit,,,,—,,
2026-09-27T20:12:49.904557+00:00,nfl,2026,3,401872949,4018729492202,2,0:27," R.Fitzgerald 35 yard field goal is GOOD, Center-J.Jansen, Holder-S.Martin.",4,17,CLE 17,17,7,Cleveland Browns,Carolina Panthers,10,3,65.9,34.1,127.0,126.0,253.0,229.0,98.0,327.0,game,ML,Cleveland Browns,,,bet365,-210,—,—,,Win,,hit,,,,—,,
2026-09-27T20:12:49.904557+00:00,nfl,2026,3,401872949,4018729492229,2,0:27,"R.Fitzgerald kicks 64 yards from CAR 35 to CLV 1. M.Corley to CLV 28 for 27 yards (M.Njongmeta).PENALTY on CLV-C.Ryan, Offensive Holding, 10 yards, enforced at CLV 28.",3,10,CAR 14,65,7,Cleveland Browns,Carolina Panthers,10,3,65.9,34.1,127.0,126.0,253.0,229.0,98.0,327.0,game,Spread,Carolina Panthers,,1.5,polymarket,185,—,—,,+7,,miss,,,,—,,
2026-09-27T20:12:49.904557+00:00,nfl,2026,3,401872949,4018729492229,2,0:27,"R.Fitzgerald kicks 64 yards from CAR 35 to CLV 1. M.Corley to CLV 28 for 27 yards (M.Njongmeta).PENALTY on CLV-C.Ryan, Offensive Holding, 10 yards, enforced at CLV 28.",3,10,CAR 14,65,7,Cleveland Browns,Carolina Panthers,10,3,65.9,34.1,127.0,126.0,253.0,229.0,98.0,327.0,game,Spread,Cleveland Browns,,-1.5,polymarket,-234,—,—,,+7,,hit,,,,—,,
2026-09-27T20:12:49.904557+00:00,nfl,2026,3,401872949,4018729492229,2,0:27,"R.Fitzgerald kicks 64 yards from CAR 35 to CLV 1. M.Corley to CLV 28 for 27 yards (M.Njongmeta).PENALTY on CLV-C.Ryan, Offensive Holding, 10 yards, enforced at CLV 28.",3,10,CAR 14,65,7,Cleveland Browns,Carolina Panthers,10,3,65.9,34.1,127.0,126.0,253.0,229.0,98.0,327.0,game,Total,Over,,40.5,kalshi,108,—,—,,13.0,,miss,,,,—,,
2026-09-27T20:12:49.904557+00:00,nfl,2026,3,401872949,4018729492229,2,0:27,"R.Fitzgerald kicks 64 yards from CAR 35 to CLV 1. M.Corley to CLV 28 for 27 yards (M.Njongmeta).PENALTY on CLV-C.Ryan, Offensive Holding, 10 yards, enforced at CLV 28.",3,10,CAR 14,65,7,Cleveland Browns,Carolina Panthers,10,3,65.9,34.1,127.0,126.0,253.0,229.0,98.0,327.0,game,Total,Under,,40.5,kalshi,-139,—,—,,13.0,,hit,,,,—,,
2026-09-27T20:12:49.904557+00:00,nfl,2026,3,401872949,4018729492229,2,0:27,"R.Fitzgerald kicks 64 yards from CAR 35 to CLV 1. M.Corley to CLV 28 for 27 yards (M.Njongmeta).PENALTY on CLV-C.Ryan, Offensive Holding, 10 yards, enforced at CLV 28.",3,10,CAR 14,65,7,Cleveland Browns,Carolina Panthers,10,3,65.9,34.1,127.0,126.0,253.0,229.0,98.0,327.0,game,ML,Cleveland Browns,,,bet365,-210,—,—,,Win,,hit,,,,—,,
2026-09-27T20:12:49.904557+00:00,nfl,2026,3,401872949,4018729492263,2,0:20,D.Watson kneels to CLV 17 for -1 yards.,1,10,CLE 18,18,7,Cleveland Browns,Carolina Panthers,10,3,65.9,34.1,127.0,126.0,253.0,229.0,98.0,327.0,game,Spread,Carolina Panthers,,1.5,polymarket,185,—,—,,+7,,miss,,,,—,,
2026-09-27T20:12:49.904557+00:00,nfl,2026,3,401872949,4018729492263,2,0:20,D.Watson kneels to CLV 17 for -1 yards.,1,10,CLE 18,18,7,Cleveland Browns,Carolina Panthers,10,3,65.9,34.1,127.0,126.0,253.0,229.0,98.0,327.0,game,Spread,Cleveland Browns,,-1.5,polymarket,-234,—,—,,+7,,hit,,,,—,,
2026-09-27T20:12:49.904557+00:00,nfl,2026,3,401872949,4018729492263,2,0:20,D.Watson kneels to CLV 17 for -1 yards.,1,10,CLE 18,18,7,Cleveland Browns,Carolina Panthers,10,3,65.9,34.1,127.0,126.0,253.0,229.0,98.0,327.0,game,Total,Over,,40.5,kalshi,108,—,—,,13.0,,miss,,,,—,,
2026-09-27T20:12:49.904557+00:00,nfl,2026,3,401872949,4018729492263,2,0:20,D.Watson kneels to CLV 17 for -1 yards.,1,10,CLE 18,18,7,Cleveland Browns,Carolina Panthers,10,3,65.9,34.1,127.0,126.0,253.0,229.0,98.0,327.0,game,Total,Under,,40.5,kalshi,-139,—,—,,13.0,,hit,,,,—,,
2026-09-27T20:12:49.904557+00:00,nfl,2026,3,401872949,4018729492263,2,0:20,D.Watson kneels to CLV 17 for -1 yards.,1,10,CLE 18,18,7,Cleveland Browns,Carolina Panthers,10,3,65.9,34.1,127.0,126.0,253.0,229.0,98.0,327.0,game,ML,Cleveland Browns,,,bet365,-210,—,—,,Win,,hit,,,,—,,
2026-09-27T20:12:49.904557+00:00,nfl,2026,3,401872949,4018729492285,2,0:00,END QUARTER 2,3,10,CAR 14,17,7,Cleveland Browns,Carolina Panthers,10,3,65.9,34.1,127.0,126.0,253.0,229.0,98.0,327.0,game,Spread,Carolina Panthers,,1.5,polymarket,185,—,—,,+7,,miss,,,,—,,
2026-09-27T20:12:49.904557+00:00,nfl,2026,3,401872949,4018729492285,2,0:00,END QUARTER 2,3,10,CAR 14,17,7,Cleveland Browns,Carolina Panthers,10,3,65.9,34.1,127.0,126.0,253.0,229.0,98.0,327.0,game,Spread,Cleveland Browns,,-1.5,polymarket,-234,—,—,,+7,,hit,,,,—,,
2026-09-27T20:12:49.904557+00:00,nfl,2026,3,401872949,4018729492285,2,0:00,END QUARTER 2,3,10,CAR 14,17,7,Cleveland Browns,Carolina Panthers,10,3,65.9,34.1,127.0,126.0,253.0,229.0,98.0,327.0,game,Total,Over,,40.5,kalshi,108,—,—,,13.0,,miss,,,,—,,
2026-09-27T20:12:49.904557+00:00,nfl,2026,3,401872949,4018729492285,2,0:00,END QUARTER 2,3,10,CAR 14,17,7,Cleveland Browns,Carolina Panthers,10,3,65.9,34.1,127.0,126.0,253.0,229.0,98.0,327.0,game,Total,Under,,40.5,kalshi,-139,—,—,,13.0,,hit,,,,—,,
2026-09-27T20:12:49.904557+00:00,nfl,2026,3,401872949,4018729492285,2,0:00,END QUARTER 2,3,10,CAR 14,17,7,Cleveland Browns,Carolina Panthers,10,3,65.9,34.1,127.0,126.0,253.0,229.0,98.0,327.0,game,ML,Cleveland Browns,,,bet365,-210,—,—,,Win,,hit,,,,—,,
2026-09-27T20:12:49.904557+00:00,nfl,2026,3,401872949,4018729492305,3,15:00,"R.Fitzgerald kicks 61 yards from CAR 35 to CLV 4. M.Corley to CLV 21 for 17 yards (T.Incoom).PENALTY on CAR-T.Incoom, Illegal Formation, 5 yards, enforced at CAR 35 - No Play.",3,10,CAR 14,65,7,Cleveland Browns,Carolina Panthers,10,3,65.9,34.1,127.0,126.0,253.0,229.0,98.0,327.0,game,Spread,Carolina Panthers,,1.5,polymarket,185,—,—,,+7,,miss,,,,—,,
2026-09-27T20:12:49.904557+00:00,nfl,2026,3,401872949,4018729492305,3,15:00,"R.Fitzgerald kicks 61 yards from CAR 35 to CLV 4. M.Corley to CLV 21 for 17 yards (T.Incoom).PENALTY on CAR-T.Incoom, Illegal Formation, 5 yards, enforced at CAR 35 - No Play.",3,10,CAR 14,65,7,Cleveland Browns,Carolina Panthers,10,3,65.9,34.1,127.0,126.0,253.0,229.0,98.0,327.0,game,Spread,Cleveland Browns,,-1.5,polymarket,-234,—,—,,+7,,hit,,,,—,,
2026-09-27T20:12:49.904557+00:00,nfl,2026,3,401872949,4018729492305,3,15:00,"R.Fitzgerald kicks 61 yards from CAR 35 to CLV 4. M.Corley to CLV 21 for 17 yards (T.Incoom).PENALTY on CAR-T.Incoom, Illegal Formation, 5 yards, enforced at CAR 35 - No Play.",3,10,CAR 14,65,7,Cleveland Browns,Carolina Panthers,10,3,65.9,34.1,127.0,126.0,253.0,229.0,98.0,327.0,game,Total,Over,,40.5,kalshi,108,—,—,,13.0,,miss,,,,—,,
2026-09-27T20:12:49.904557+00:00,nfl,2026,3,401872949,4018729492305,3,15:00,"R.Fitzgerald kicks 61 yards from CAR 35 to CLV 4. M.Corley to CLV 21 for 17 yards (T.Incoom).PENALTY on CAR-T.Incoom, Illegal Formation, 5 yards, enforced at CAR 35 - No Play.",3,10,CAR 14,65,7,Cleveland Browns,Carolina Panthers,10,3,65.9,34.1,127.0,126.0,253.0,229.0,98.0,327.0,game,Total,Under,,40.5,kalshi,-139,—,—,,13.0,,hit,,,,—,,
2026-09-27T20:12:49.904557+00:00,nfl,2026,3,401872949,4018729492305,3,15:00,"R.Fitzgerald kicks 61 yards from CAR 35 to CLV 4. M.Corley to CLV 21 for 17 yards (T.Incoom).PENALTY on CAR-T.Incoom, Illegal Formation, 5 yards, enforced at CAR 35 - No Play.",3,10,CAR 14,65,7,Cleveland Browns,Carolina Panthers,10,3,65.9,34.1,127.0,126.0,253.0,229.0,98.0,327.0,game,ML,Cleveland Browns,,,bet365,-210,—,—,,Win,,hit,,,,—,,
2026-09-27T20:12:49.904557+00:00,nfl,2026,3,401872949,4018729492339,3,14:56,"R.Fitzgerald kicks 66 yards from CAR 30 to CLV 4. M.Corley to CLV 27 for 23 yards (M.Njongmeta). FUMBLES (M.Njongmeta), RECOVERED by CAR-T.Incoom at CLV 30.",3,10,CAR 14,70,7,Cleveland Browns,Carolina Panthers,10,3,65.9,34.1,127.0,126.0,253.0,229.0,98.0,327.0,game,Spread,Carolina Panthers,,1.5,polymarket,185,—,—,,+7,,miss,,,,—,,
2026-09-27T20:12:49.904557+00:00,nfl,2026,3,401872949,4018729492339,3,14:56,"R.Fitzgerald kicks 66 yards from CAR 30 to CLV 4. M.Corley to CLV 27 for 23 yards (M.Njongmeta). FUMBLES (M.Njongmeta), RECOVERED by CAR-T.Incoom at CLV 30.",3,10,CAR 14,70,7,Cleveland Browns,Carolina Panthers,10,3,65.9,34.1,127.0,126.0,253.0,229.0,98.0,327.0,game,Spread,Cleveland Browns,,-1.5,polymarket,-234,—,—,,+7,,hit,,,,—,,
2026-09-27T20:12:49.904557+00:00,nfl,2026,3,401872949,4018729492339,3,14:56,"R.Fitzgerald kicks 66 yards from CAR 30 to CLV 4. M.Corley to CLV 27 for 23 yards (M.Njongmeta). FUMBLES (M.Njongmeta), RECOVERED by CAR-T.Incoom at CLV 30.",3,10,CAR 14,70,7,Cleveland Browns,Carolina Panthers,10,3,65.9,34.1,127.0,126.0,253.0,229.0,98.0,327.0,game,Total,Over,,40.5,kalshi,108,—,—,,13.0,,miss,,,,—,,
2026-09-27T20:12:49.904557+00:00,nfl,2026,3,401872949,4018729492339,3,14:56,"R.Fitzgerald kicks 66 yards from CAR 30 to CLV 4. M.Corley to CLV 27 for 23 yards (M.Njongmeta). FUMBLES (M.Njongmeta), RECOVERED by CAR-T.Incoom at CLV 30.",3,10,CAR 14,70,7,Cleveland Browns,Carolina Panthers,10,3,65.9,34.1,127.0,126.0,253.0,229.0,98.0,327.0,game,Total,Under,,40.5,kalshi,-139,—,—,,13.0,,hit,,,,—,,
2026-09-27T20:12:49.904557+00:00,nfl,2026,3,401872949,4018729492339,3,14:56,"R.Fitzgerald kicks 66 yards from CAR 30 to CLV 4. M.Corley to CLV 27 for 23 yards (M.Njongmeta). FUMBLES (M.Njongmeta), RECOVERED by CAR-T.Incoom at CLV 30.",3,10,CAR 14,70,7,Cleveland Browns,Carolina Panthers,10,3,65.9,34.1,127.0,126.0,253.0,229.0,98.0,327.0,game,ML,Cleveland Browns,,,bet365,-210,—,—,,Win,,hit,,,,—,,
2026-09-27T20:12:49.904557+00:00,nfl,2026,3,401872949,4018729492378,3,14:49,B.Young pass short left to C.Hubbard pushed ob at CLV 28 for 2 yards (G.Delpit). ** Injury Update: CAR-D.Lewis has returned to the game.,1,10,CLE 30,30,7,Cleveland Browns,Carolina Panthers,10,3,65.9,34.1,127.0,126.0,253.0,229.0,98.0,327.0,game,Spread,Carolina Panthers,,1.5,polymarket,185,—,—,,+7,,miss,,,,—,,
2026-09-27T20:12:49.904557+00:00,nfl,2026,3,401872949,4018729492378,3,14:49,B.Young pass short left to C.Hubbard pushed ob at CLV 28 for 2 yards (G.Delpit). ** Injury Update: CAR-D.Lewis has returned to the game.,1,10,CLE 30,30,7,Cleveland Browns,Carolina Panthers,10,3,65.9,34.1,127.0,126.0,253.0,229.0,98.0,327.0,game,Spread,Cleveland Browns,,-1.5,polymarket,-234,—,—,,+7,,hit,,,,—,,
2026-09-27T20:12:49.904557+00:00,nfl,2026,3,401872949,4018729492378,3,14:49,B.Young pass short left to C.Hubbard pushed ob at CLV 28 for 2 yards (G.Delpit). ** Injury Update: CAR-D.Lewis has returned to the game.,1,10,CLE 30,30,7,Cleveland Browns,Carolina Panthers,10,3,65.9,34.1,127.0,126.0,253.0,229.0,98.0,327.0,game,Total,Over,,40.5,kalshi,108,—,—,,13.0,,miss,,,,—,,
2026-09-27T20:12:49.904557+00:00,nfl,2026,3,401872949,4018729492378,3,14:49,B.Young pass short left to C.Hubbard pushed ob at CLV 28 for 2 yards (G.Delpit). ** Injury Update: CAR-D.Lewis has returned to the game.,1,10,CLE 30,30,7,Cleveland Browns,Carolina Panthers,10,3,65.9,34.1,127.0,126.0,253.0,229.0,98.0,327.0,game,Total,Under,,40.5,kalshi,-139,—,—,,13.0,,hit,,,,—,,
2026-09-27T20:12:49.904557+00:00,nfl,2026,3,401872949,4018729492378,3,14:49,B.Young pass short left to C.Hubbard pushed ob at CLV 28 for 2 yards (G.Delpit). ** Injury Update: CAR-D.Lewis has returned to the game.,1,10,CLE 30,30,7,Cleveland Browns,Carolina Panthers,10,3,65.9,34.1,127.0,126.0,253.0,229.0,98.0,327.0,game,ML,Cleveland Browns,,,bet365,-210,—,—,,Win,,hit,,,,—,,
2026-09-27T20:12:49.904557+00:00,nfl,2026,3,401872949,4018729492408,3,14:16,(Shotgun) C.Hubbard right guard to CLV 22 for 6 yards (Q.Williams).,2,8,CLE 28,28,7,Cleveland Browns,Carolina Panthers,10,3,65.9,34.1,127.0,126.0,253.0,229.0,98.0,327.0,game,Spread,Carolina Panthers,,1.5,polymarket,185,—,—,,+7,,miss,,,,—,,
2026-09-27T20:12:49.904557+00:00,nfl,2026,3,401872949,4018729492408,3,14:16,(Shotgun) C.Hubbard right guard to CLV 22 for 6 yards (Q.Williams).,2,8,CLE 28,28,7,Cleveland Browns,Carolina Panthers,10,3,65.9,34.1,127.0,126.0,253.0,229.0,98.0,327.0,game,Spread,Cleveland Browns,,-1.5,polymarket,-234,—,—,,+7,,hit,,,,—,,
2026-09-27T20:12:49.904557+00:00,nfl,2026,3,401872949,4018729492408,3,14:16,(Shotgun) C.Hubbard right guard to CLV 22 for 6 yards (Q.Williams).,2,8,CLE 28,28,7,Cleveland Browns,Carolina Panthers,10,3,65.9,34.1,127.0,126.0,253.0,229.0,98.0,327.0,game,Total,Over,,40.5,kalshi,108,—,—,,13.0,,miss,,,,—,,
2026-09-27T20:12:49.904557+00:00,nfl,2026,3,401872949,4018729492408,3,14:16,(Shotgun) C.Hubbard right guard to CLV 22 for 6 yards (Q.Williams).,2,8,CLE 28,28,7,Cleveland Browns,Carolina Panthers,10,3,65.9,34.1,127.0,126.0,253.0,229.0,98.0,327.0,game,Total,Under,,40.5,kalshi,-139,—,—,,13.0,,hit,,,,—,,
2026-09-27T20:12:49.904557+00:00,nfl,2026,3,401872949,4018729492408,3,14:16,(Shotgun) C.Hubbard right guard to CLV 22 for 6 yards (Q.Williams).,2,8,CLE 28,28,7,Cleveland Browns,Carolina Panthers,10,3,65.9,34.1,127.0,126.0,253.0,229.0,98.0,327.0,game,ML,Cleveland Browns,,,bet365,-210,—,—,,Win,,hit,,,,—,,
2026-09-27T20:12:49.904557+00:00,nfl,2026,3,401872949,4018729492430,3,13:31,(Shotgun) B.Young pass incomplete short left to J.Metchie.,3,2,CLE 22,22,7,Cleveland Browns,Carolina Panthers,10,3,65.9,34.1,127.0,126.0,253.0,229.0,98.0,327.0,game,Spread,Carolina Panthers,,1.5,polymarket,185,—,—,,+7,,miss,,,,—,,
2026-09-27T20:12:49.904557+00:00,nfl,2026,3,401872949,4018729492430,3,13:31,(Shotgun) B.Young pass incomplete short left to J.Metchie.,3,2,CLE 22,22,7,Cleveland Browns,Carolina Panthers,10,3,65.9,34.1,127.0,126.0,253.0,229.0,98.0,327.0,game,Spread,Cleveland Browns,,-1.5,polymarket,-234,—,—,,+7,,hit,,,,—,,
2026-09-27T20:12:49.904557+00:00,nfl,2026,3,401872949,4018729492430,3,13:31,(Shotgun) B.Young pass incomplete short left to J.Metchie.,3,2,CLE 22,22,7,Cleveland Browns,Carolina Panthers,10,3,65.9,34.1,127.0,126.0,253.0,229.0,98.0,327.0,game,Total,Over,,40.5,kalshi,108,—,—,,13.0,,miss,,,,—,,
2026-09-27T20:12:49.904557+00:00,nfl,2026,3,401872949,4018729492430,3,13:31,(Shotgun) B.Young pass incomplete short left to J.Metchie.,3,2,CLE 22,22,7,Cleveland Browns,Carolina Panthers,10,3,65.9,34.1,127.0,126.0,253.0,229.0,98.0,327.0,game,Total,Under,,40.5,kalshi,-139,—,—,,13.0,,hit,,,,—,,
2026-09-27T20:12:49.904557+00:00,nfl,2026,3,401872949,4018729492430,3,13:31,(Shotgun) B.Young pass incomplete short left to J.Metchie.,3,2,CLE 22,22,7,Cleveland Browns,Carolina Panthers,10,3,65.9,34.1,127.0,126.0,253.0,229.0,98.0,327.0,game,ML,Cleveland Browns,,,bet365,-210,—,—,,Win,,hit,,,,—,,
2026-09-27T20:12:49.904557+00:00,nfl,2026,3,401872949,4018729492463,3,13:22,Official Timeout at 13:22.,-1,10,CAR 35,65,4,Cleveland Browns,Carolina Panthers,10,6,65.9,34.1,127.0,126.0,253.0,229.0,98.0,327.0,game,Spread,Carolina Panthers,,1.5,polymarket,185,—,—,,+4,,miss,,,,—,,
2026-09-27T20:12:49.904557+00:00,nfl,2026,3,401872949,4018729492463,3,13:22,Official Timeout at 13:22.,-1,10,CAR 35,65,4,Cleveland Browns,Carolina Panthers,10,6,65.9,34.1,127.0,126.0,253.0,229.0,98.0,327.0,game,Spread,Cleveland Browns,,-1.5,polymarket,-234,—,—,,+4,,hit,,,,—,,
2026-09-27T20:12:49.904557+00:00,nfl,2026,3,401872949,4018729492463,3,13:22,Official Timeout at 13:22.,-1,10,CAR 35,65,4,Cleveland Browns,Carolina Panthers,10,6,65.9,34.1,127.0,126.0,253.0,229.0,98.0,327.0,game,Total,Over,,40.5,kalshi,108,—,—,,16.0,,miss,,,,—,,
2026-09-27T20:12:49.904557+00:00,nfl,2026,3,401872949,4018729492463,3,13:22,Official Timeout at 13:22.,-1,10,CAR 35,65,4,Cleveland Browns,Carolina Panthers,10,6,65.9,34.1,127.0,126.0,253.0,229.0,98.0,327.0,game,Total,Under,,40.5,kalshi,-139,—,—,,16.0,,hit,,,,—,,
2026-09-27T20:12:49.904557+00:00,nfl,2026,3,401872949,4018729492463,3,13:22,Official Timeout at 13:22.,-1,10,CAR 35,65,4,Cleveland Browns,Carolina Panthers,10,6,65.9,34.1,127.0,126.0,253.0,229.0,98.0,327.0,game,ML,Cleveland Browns,,,bet365,-210,—,—,,Win,,hit,,,,—,,
2026-09-27T20:12:49.904557+00:00,nfl,2026,3,401872949,4018729492453,3,13:22,"R.Fitzgerald 41 yard field goal is GOOD, Center-J.Jansen, Holder-S.Martin.",4,2,CLE 22,22,4,Cleveland Browns,Carolina Panthers,10,6,65.9,34.1,127.0,126.0,253.0,229.0,98.0,327.0,game,Spread,Carolina Panthers,,1.5,polymarket,185,—,—,,+4,,miss,,,,—,,
2026-09-27T20:12:49.904557+00:00,nfl,2026,3,401872949,4018729492453,3,13:22,"R.Fitzgerald 41 yard field goal is GOOD, Center-J.Jansen, Holder-S.Martin.",4,2,CLE 22,22,4,Cleveland Browns,Carolina Panthers,10,6,65.9,34.1,127.0,126.0,253.0,229.0,98.0,327.0,game,Spread,Cleveland Browns,,-1.5,polymarket,-234,—,—,,+4,,hit,,,,—,,
2026-09-27T20:12:49.904557+00:00,nfl,2026,3,401872949,4018729492453,3,13:22,"R.Fitzgerald 41 yard field goal is GOOD, Center-J.Jansen, Holder-S.Martin.",4,2,CLE 22,22,4,Cleveland Browns,Carolina Panthers,10,6,65.9,34.1,127.0,126.0,253.0,229.0,98.0,327.0,game,Total,Over,,40.5,kalshi,108,—,—,,16.0,,miss,,,,—,,
2026-09-27T20:12:49.904557+00:00,nfl,2026,3,401872949,4018729492453,3,13:22,"R.Fitzgerald 41 yard field goal is GOOD, Center-J.Jansen, Holder-S.Martin.",4,2,CLE 22,22,4,Cleveland Browns,Carolina Panthers,10,6,65.9,34.1,127.0,126.0,253.0,229.0,98.0,327.0,game,Total,Under,,40.5,kalshi,-139,—,—,,16.0,,hit,,,,—,,
2026-09-27T20:12:49.904557+00:00,nfl,2026,3,401872949,4018729492453,3,13:22,"R.Fitzgerald 41 yard field goal is GOOD, Center-J.Jansen, Holder-S.Martin.",4,2,CLE 22,22,4,Cleveland Browns,Carolina Panthers,10,6,65.9,34.1,127.0,126.0,253.0,229.0,98.0,327.0,game,ML,Cleveland Browns,,,bet365,-210,—,—,,Win,,hit,,,,—,,
2026-09-27T20:12:49.904557+00:00,nfl,2026,3,401872949,4018729492473,3,13:22,R.Fitzgerald kicks 62 yards from CAR 35 to CLV 3. R.Sanders to CLV 29 for 26 yards (T.Incoom).,3,10,CAR 14,65,4,Cleveland Browns,Carolina Panthers,10,6,65.9,34.1,127.0,126.0,253.0,229.0,98.0,327.0,game,Spread,Carolina Panthers,,1.5,polymarket,185,—,—,,+4,,miss,,,,—,,
2026-09-27T20:12:49.904557+00:00,nfl,2026,3,401872949,4018729492473,3,13:22,R.Fitzgerald kicks 62 yards from CAR 35 to CLV 3. R.Sanders to CLV 29 for 26 yards (T.Incoom).,3,10,CAR 14,65,4,Cleveland Browns,Carolina Panthers,10,6,65.9,34.1,127.0,126.0,253.0,229.0,98.0,327.0,game,Spread,Cleveland Browns,,-1.5,polymarket,-234,—,—,,+4,,hit,,,,—,,
2026-09-27T20:12:49.904557+00:00,nfl,2026,3,401872949,4018729492473,3,13:22,R.Fitzgerald kicks 62 yards from CAR 35 to CLV 3. R.Sanders to CLV 29 for 26 yards (T.Incoom).,3,10,CAR 14,65,4,Cleveland Browns,Carolina Panthers,10,6,65.9,34.1,127.0,126.0,253.0,229.0,98.0,327.0,game,Total,Over,,40.5,kalshi,108,—,—,,16.0,,miss,,,,—,,
2026-09-27T20:12:49.904557+00:00,nfl,2026,3,401872949,4018729492473,3,13:22,R.Fitzgerald kicks 62 yards from CAR 35 to CLV 3. R.Sanders to CLV 29 for 26 yards (T.Incoom).,3,10,CAR 14,65,4,Cleveland Browns,Carolina Panthers,10,6,65.9,34.1,127.0,126.0,253.0,229.0,98.0,327.0,game,Total,Under,,40.5,kalshi,-139,—,—,,16.0,,hit,,,,—,,
2026-09-27T20:12:49.904557+00:00,nfl,2026,3,401872949,4018729492473,3,13:22,R.Fitzgerald kicks 62 yards from CAR 35 to CLV 3. R.Sanders to CLV 29 for 26 yards (T.Incoom).,3,10,CAR 14,65,4,Cleveland Browns,Carolina Panthers,10,6,65.9,34.1,127.0,126.0,253.0,229.0,98.0,327.0,game,ML,Cleveland Browns,,,bet365,-210,—,—,,Win,,hit,,,,—,,
2026-09-27T20:12:49.904557+00:00,nfl,2026,3,401872949,4018729492506,3,13:18,(Shotgun) Q.Judkins left tackle to CLV 32 for 3 yards (D.Brown).,1,10,CLE 29,29,4,Cleveland Browns,Carolina Panthers,10,6,65.9,34.1,127.0,126.0,253.0,229.0,98.0,327.0,game,Spread,Carolina Panthers,,1.5,polymarket,185,—,—,,+4,,miss,,,,—,,
2026-09-27T20:12:49.904557+00:00,nfl,2026,3,401872949,4018729492506,3,13:18,(Shotgun) Q.Judkins left tackle to CLV 32 for 3 yards (D.Brown).,1,10,CLE 29,29,4,Cleveland Browns,Carolina Panthers,10,6,65.9,34.1,127.0,126.0,253.0,229.0,98.0,327.0,game,Spread,Cleveland Browns,,-1.5,polymarket,-234,—,—,,+4,,hit,,,,—,,
2026-09-27T20:12:49.904557+00:00,nfl,2026,3,401872949,4018729492506,3,13:18,(Shotgun) Q.Judkins left tackle to CLV 32 for 3 yards (D.Brown).,1,10,CLE 29,29,4,Cleveland Browns,Carolina Panthers,10,6,65.9,34.1,127.0,126.0,253.0,229.0,98.0,327.0,game,Total,Over,,40.5,kalshi,108,—,—,,16.0,,miss,,,,—,,
2026-09-27T20:12:49.904557+00:00,nfl,2026,3,401872949,4018729492506,3,13:18,(Shotgun) Q.Judkins left tackle to CLV 32 for 3 yards (D.Brown).,1,10,CLE 29,29,4,Cleveland Browns,Carolina Panthers,10,6,65.9,34.1,127.0,126.0,253.0,229.0,98.0,327.0,game,Total,Under,,40.5,kalshi,-139,—,—,,16.0,,hit,,,,—,,
2026-09-27T20:12:49.904557+00:00,nfl,2026,3,401872949,4018729492506,3,13:18,(Shotgun) Q.Judkins left tackle to CLV 32 for 3 yards (D.Brown).,1,10,CLE 29,29,4,Cleveland Browns,Carolina Panthers,10,6,65.9,34.1,127.0,126.0,253.0,229.0,98.0,327.0,game,ML,Cleveland Browns,,,bet365,-210,—,—,,Win,,hit,,,,—,,
2026-09-27T20:12:49.904557+00:00,nfl,2026,3,401872949,4018729492528,3,12:41,D.Watson pass short right to H.Fannin to CLV 33 for 1 yard (T.Dodson; L.Hunter).,2,7,CLE 32,32,4,Cleveland Browns,Carolina Panthers,10,6,65.9,34.1,127.0,126.0,253.0,229.0,98.0,327.0,game,Spread,Carolina Panthers,,1.5,polymarket,185,—,—,,+4,,miss,,,,—,,
2026-09-27T20:12:49.904557+00:00,nfl,2026,3,401872949,4018729492528,3,12:41,D.Watson pass short right to H.Fannin to CLV 33 for 1 yard (T.Dodson; L.Hunter).,2,7,CLE 32,32,4,Cleveland Browns,Carolina Panthers,10,6,65.9,34.1,127.0,126.0,253.0,229.0,98.0,327.0,game,Spread,Cleveland Browns,,-1.5,polymarket,-234,—,—,,+4,,hit,,,,—,,
2026-09-27T20:12:49.904557+00:00,nfl,2026,3,401872949,4018729492528,3,12:41,D.Watson pass short right to H.Fannin to CLV 33 for 1 yard (T.Dodson; L.Hunter).,2,7,CLE 32,32,4,Cleveland Browns,Carolina Panthers,10,6,65.9,34.1,127.0,126.0,253.0,229.0,98.0,327.0,game,Total,Over,,40.5,kalshi,108,—,—,,16.0,,miss,,,,—,,
2026-09-27T20:12:49.904557+00:00,nfl,2026,3,401872949,4018729492528,3,12:41,D.Watson pass short right to H.Fannin to CLV 33 for 1 yard (T.Dodson; L.Hunter).,2,7,CLE 32,32,4,Cleveland Browns,Carolina Panthers,10,6,65.9,34.1,127.0,126.0,253.0,229.0,98.0,327.0,game,Total,Under,,40.5,kalshi,-139,—,—,,16.0,,hit,,,,—,,
2026-09-27T20:12:49.904557+00:00,nfl,2026,3,401872949,4018729492528,3,12:41,D.Watson pass short right to H.Fannin to CLV 33 for 1 yard (T.Dodson; L.Hunter).,2,7,CLE 32,32,4,Cleveland Browns,Carolina Panthers,10,6,65.9,34.1,127.0,126.0,253.0,229.0,98.0,327.0,game,ML,Cleveland Browns,,,bet365,-210,—,—,,Win,,hit,,,,—,,
2026-09-27T20:12:49.904557+00:00,nfl,2026,3,401872949,4018729492553,3,12:00,(Shotgun) D.Watson sacked at CLV 26 for -7 yards (P.Umanmielen).,3,6,CLE 33,33,4,Cleveland Browns,Carolina Panthers,10,6,65.9,34.1,127.0,126.0,253.0,229.0,98.0,327.0,game,Spread,Carolina Panthers,,1.5,polymarket,177,—,—,,+4,,miss,,,,—,,
2026-09-27T20:12:49.904557+00:00,nfl,2026,3,401872949,4018729492553,3,12:00,(Shotgun) D.Watson sacked at CLV 26 for -7 yards (P.Umanmielen).,3,6,CLE 33,33,4,Cleveland Browns,Carolina Panthers,10,6,65.9,34.1,127.0,126.0,253.0,229.0,98.0,327.0,game,Spread,Cleveland Browns,,-1.5,polymarket,-234,—,—,,+4,,hit,,,,—,,
2026-09-27T20:12:49.904557+00:00,nfl,2026,3,401872949,4018729492553,3,12:00,(Shotgun) D.Watson sacked at CLV 26 for -7 yards (P.Umanmielen).,3,6,CLE 33,33,4,Cleveland Browns,Carolina Panthers,10,6,65.9,34.1,127.0,126.0,253.0,229.0,98.0,327.0,game,Total,Over,,40.5,kalshi,108,—,—,,16.0,,miss,,,,—,,
2026-09-27T20:12:49.904557+00:00,nfl,2026,3,401872949,4018729492553,3,12:00,(Shotgun) D.Watson sacked at CLV 26 for -7 yards (P.Umanmielen).,3,6,CLE 33,33,4,Cleveland Browns,Carolina Panthers,10,6,65.9,34.1,127.0,126.0,253.0,229.0,98.0,327.0,game,Total,Under,,40.5,kalshi,-123,—,—,,16.0,,hit,,,,—,,
2026-09-27T20:12:49.904557+00:00,nfl,2026,3,401872949,4018729492553,3,12:00,(Shotgun) D.Watson sacked at CLV 26 for -7 yards (P.Umanmielen).,3,6,CLE 33,33,4,Cleveland Browns,Carolina Panthers,10,6,65.9,34.1,127.0,126.0,253.0,229.0,98.0,327.0,game,ML,Carolina Panthers,,,betfair,215,—,—,,Loss,,miss,,,,—,,
2026-09-27T20:12:49.904557+00:00,nfl,2026,3,401872949,4018729492553,3,12:00,(Shotgun) D.Watson sacked at CLV 26 for -7 yards (P.Umanmielen).,3,6,CLE 33,33,4,Cleveland Browns,Carolina Panthers,10,6,65.9,34.1,127.0,126.0,253.0,229.0,98.0,327.0,game,ML,Cleveland Browns,,,polymarket,-223,—,—,,Win,,hit,,,,—,,
2026-09-27T20:12:49.904557+00:00,nfl,2026,3,401872949,4018729492573,3,11:09," C.Bojorquez punts 62 yards to CAR 12, Center-R.Sunahara. D.Moore to CAR 20 for 8 yards (M.Corley).",4,13,CLE 26,26,4,Cleveland Browns,Carolina Panthers,10,6,65.9,34.1,127.0,126.0,253.0,229.0,98.0,327.0,game,Spread,Carolina Panthers,,1.5,polymarket,177,—,—,,+4,,miss,,,,—,,
2026-09-27T20:12:49.904557+00:00,nfl,2026,3,401872949,4018729492573,3,11:09," C.Bojorquez punts 62 yards to CAR 12, Center-R.Sunahara. D.Moore to CAR 20 for 8 yards (M.Corley).",4,13,CLE 26,26,4,Cleveland Browns,Carolina Panthers,10,6,65.9,34.1,127.0,126.0,253.0,229.0,98.0,327.0,game,Spread,Cleveland Browns,,-1.5,polymarket,-234,—,—,,+4,,hit,,,,—,,
2026-09-27T20:12:49.904557+00:00,nfl,2026,3,401872949,4018729492573,3,11:09," C.Bojorquez punts 62 yards to CAR 12, Center-R.Sunahara. D.Moore to CAR 20 for 8 yards (M.Corley).",4,13,CLE 26,26,4,Cleveland Browns,Carolina Panthers,10,6,65.9,34.1,127.0,126.0,253.0,229.0,98.0,327.0,game,Total,Over,,40.5,kalshi,108,—,—,,16.0,,miss,,,,—,,
2026-09-27T20:12:49.904557+00:00,nfl,2026,3,401872949,4018729492573,3,11:09," C.Bojorquez punts 62 yards to CAR 12, Center-R.Sunahara. D.Moore to CAR 20 for 8 yards (M.Corley).",4,13,CLE 26,26,4,Cleveland Browns,Carolina Panthers,10,6,65.9,34.1,127.0,126.0,253.0,229.0,98.0,327.0,game,Total,Under,,40.5,kalshi,-123,—,—,,16.0,,hit,,,,—,,
2026-09-27T20:12:49.904557+00:00,nfl,2026,3,401872949,4018729492573,3,11:09," C.Bojorquez punts 62 yards to CAR 12, Center-R.Sunahara. D.Moore to CAR 20 for 8 yards (M.Corley).",4,13,CLE 26,26,4,Cleveland Browns,Carolina Panthers,10,6,65.9,34.1,127.0,126.0,253.0,229.0,98.0,327.0,game,ML,Carolina Panthers,,,betfair,215,—,—,,Loss,,miss,,,,—,,
2026-09-27T20:12:49.904557+00:00,nfl,2026,3,401872949,4018729492573,3,11:09," C.Bojorquez punts 62 yards to CAR 12, Center-R.Sunahara. D.Moore to CAR 20 for 8 yards (M.Corley).",4,13,CLE 26,26,4,Cleveland Browns,Carolina Panthers,10,6,65.9,34.1,127.0,126.0,253.0,229.0,98.0,327.0,game,ML,Cleveland Browns,,,polymarket,-223,—,—,,Win,,hit,,,,—,,
2026-09-27T20:12:49.904557+00:00,nfl,2026,3,401872949,4018729492586,3,10:57,Official Timeout at 10:57.,1,10,CAR 20,80,4,Cleveland Browns,Carolina Panthers,10,6,65.9,34.1,127.0,126.0,253.0,229.0,98.0,327.0,game,Spread,Carolina Panthers,,1.5,polymarket,177,—,—,,+4,,miss,,,,—,,
2026-09-27T20:12:49.904557+00:00,nfl,2026,3,401872949,4018729492586,3,10:57,Official Timeout at 10:57.,1,10,CAR 20,80,4,Cleveland Browns,Carolina Panthers,10,6,65.9,34.1,127.0,126.0,253.0,229.0,98.0,327.0,game,Spread,Cleveland Browns,,-1.5,polymarket,-234,—,—,,+4,,hit,,,,—,,
2026-09-27T20:12:49.904557+00:00,nfl,2026,3,401872949,4018729492586,3,10:57,Official Timeout at 10:57.,1,10,CAR 20,80,4,Cleveland Browns,Carolina Panthers,10,6,65.9,34.1,127.0,126.0,253.0,229.0,98.0,327.0,game,Total,Over,,40.5,kalshi,108,—,—,,16.0,,miss,,,,—,,
2026-09-27T20:12:49.904557+00:00,nfl,2026,3,401872949,4018729492586,3,10:57,Official Timeout at 10:57.,1,10,CAR 20,80,4,Cleveland Browns,Carolina Panthers,10,6,65.9,34.1,127.0,126.0,253.0,229.0,98.0,327.0,game,Total,Under,,40.5,kalshi,-123,—,—,,16.0,,hit,,,,—,,
2026-09-27T20:12:49.904557+00:00,nfl,2026,3,401872949,4018729492586,3,10:57,Official Timeout at 10:57.,1,10,CAR 20,80,4,Cleveland Browns,Carolina Panthers,10,6,65.9,34.1,127.0,126.0,253.0,229.0,98.0,327.0,game,ML,Carolina Panthers,,,betfair,215,—,—,,Loss,,miss,,,,—,,
2026-09-27T20:12:49.904557+00:00,nfl,2026,3,401872949,4018729492586,3,10:57,Official Timeout at 10:57.,1,10,CAR 20,80,4,Cleveland Browns,Carolina Panthers,10,6,65.9,34.1,127.0,126.0,253.0,229.0,98.0,327.0,game,ML,Cleveland Browns,,,polymarket,-223,—,—,,Win,,hit,,,,—,,
2026-09-27T20:12:49.904557+00:00,nfl,2026,3,401872949,4018729492599,3,10:57,C.Hubbard right tackle to CAR 23 for 3 yards (J.Verse).,1,10,CAR 20,80,4,Cleveland Browns,Carolina Panthers,10,6,65.9,34.1,127.0,126.0,253.0,229.0,98.0,327.0,game,Spread,Carolina Panthers,,1.5,polymarket,177,—,—,,+4,,miss,,,,—,,
2026-09-27T20:12:49.904557+00:00,nfl,2026,3,401872949,4018729492599,3,10:57,C.Hubbard right tackle to CAR 23 for 3 yards (J.Verse).,1,10,CAR 20,80,4,Cleveland Browns,Carolina Panthers,10,6,65.9,34.1,127.0,126.0,253.0,229.0,98.0,327.0,game,Spread,Cleveland Browns,,-1.5,polymarket,-234,—,—,,+4,,hit,,,,—,,
2026-09-27T20:12:49.904557+00:00,nfl,2026,3,401872949,4018729492599,3,10:57,C.Hubbard right tackle to CAR 23 for 3 yards (J.Verse).,1,10,CAR 20,80,4,Cleveland Browns,Carolina Panthers,10,6,65.9,34.1,127.0,126.0,253.0,229.0,98.0,327.0,game,Total,Over,,40.5,kalshi,108,—,—,,16.0,,miss,,,,—,,
2026-09-27T20:12:49.904557+00:00,nfl,2026,3,401872949,4018729492599,3,10:57,C.Hubbard right tackle to CAR 23 for 3 yards (J.Verse).,1,10,CAR 20,80,4,Cleveland Browns,Carolina Panthers,10,6,65.9,34.1,127.0,126.0,253.0,229.0,98.0,327.0,game,Total,Under,,40.5,kalshi,-123,—,—,,16.0,,hit,,,,—,,
2026-09-27T20:12:49.904557+00:00,nfl,2026,3,401872949,4018729492599,3,10:57,C.Hubbard right tackle to CAR 23 for 3 yards (J.Verse).,1,10,CAR 20,80,4,Cleveland Browns,Carolina Panthers,10,6,65.9,34.1,127.0,126.0,253.0,229.0,98.0,327.0,game,ML,Carolina Panthers,,,betfair,215,—,—,,Loss,,miss,,,,—,,
2026-09-27T20:12:49.904557+00:00,nfl,2026,3,401872949,4018729492599,3,10:57,C.Hubbard right tackle to CAR 23 for 3 yards (J.Verse).,1,10,CAR 20,80,4,Cleveland Browns,Carolina Panthers,10,6,65.9,34.1,127.0,126.0,253.0,229.0,98.0,327.0,game,ML,Cleveland Browns,,,polymarket,-223,—,—,,Win,,hit,,,,—,,
2026-09-27T20:12:49.904557+00:00,nfl,2026,3,401872949,4018729492628,3,10:14,(Shotgun) B.Young pass short left to B.Tremayne to CAR 39 for 16 yards (G.Delpit).,2,7,CAR 23,77,4,Cleveland Browns,Carolina Panthers,10,6,65.9,34.1,127.0,126.0,253.0,229.0,98.0,327.0,game,Spread,Carolina Panthers,,1.5,polymarket,177,—,—,,+4,,miss,,,,—,,
2026-09-27T20:12:49.904557+00:00,nfl,2026,3,401872949,4018729492628,3,10:14,(Shotgun) B.Young pass short left to B.Tremayne to CAR 39 for 16 yards (G.Delpit).,2,7,CAR 23,77,4,Cleveland Browns,Carolina Panthers,10,6,65.9,34.1,127.0,126.0,253.0,229.0,98.0,327.0,game,Spread,Cleveland Browns,,-1.5,polymarket,-234,—,—,,+4,,hit,,,,—,,
2026-09-27T20:12:49.904557+00:00,nfl,2026,3,401872949,4018729492628,3,10:14,(Shotgun) B.Young pass short left to B.Tremayne to CAR 39 for 16 yards (G.Delpit).,2,7,CAR 23,77,4,Cleveland Browns,Carolina Panthers,10,6,65.9,34.1,127.0,126.0,253.0,229.0,98.0,327.0,game,Total,Over,,40.5,kalshi,108,—,—,,16.0,,miss,,,,—,,
2026-09-27T20:12:49.904557+00:00,nfl,2026,3,401872949,4018729492628,3,10:14,(Shotgun) B.Young pass short left to B.Tremayne to CAR 39 for 16 yards (G.Delpit).,2,7,CAR 23,77,4,Cleveland Browns,Carolina Panthers,10,6,65.9,34.1,127.0,126.0,253.0,229.0,98.0,327.0,game,Total,Under,,40.5,kalshi,-123,—,—,,16.0,,hit,,,,—,,
2026-09-27T20:12:49.904557+00:00,nfl,2026,3,401872949,4018729492628,3,10:14,(Shotgun) B.Young pass short left to B.Tremayne to CAR 39 for 16 yards (G.Delpit).,2,7,CAR 23,77,4,Cleveland Browns,Carolina Panthers,10,6,65.9,34.1,127.0,126.0,253.0,229.0,98.0,327.0,game,ML,Carolina Panthers,,,betfair,215,—,—,,Loss,,miss,,,,—,,
2026-09-27T20:12:49.904557+00:00,nfl,2026,3,401872949,4018729492628,3,10:14,(Shotgun) B.Young pass short left to B.Tremayne to CAR 39 for 16 yards (G.Delpit).,2,7,CAR 23,77,4,Cleveland Browns,Carolina Panthers,10,6,65.9,34.1,127.0,126.0,253.0,229.0,98.0,327.0,game,ML,Cleveland Browns,,,polymarket,-223,—,—,,Win,,hit,,,,—,,
2026-09-27T20:12:49.904557+00:00,nfl,2026,3,401872949,4018729492653,3,9:42,(Shotgun) C.Hubbard left guard to CAR 48 for 9 yards (C.Schwesinger; G.Delpit).,1,10,CAR 39,61,4,Cleveland Browns,Carolina Panthers,10,6,65.9,34.1,127.0,126.0,253.0,229.0,98.0,327.0,game,Spread,Carolina Panthers,,1.5,polymarket,177,—,—,,+4,,miss,,,,—,,
2026-09-27T20:12:49.904557+00:00,nfl,2026,3,401872949,4018729492653,3,9:42,(Shotgun) C.Hubbard left guard to CAR 48 for 9 yards (C.Schwesinger; G.Delpit).,1,10,CAR 39,61,4,Cleveland Browns,Carolina Panthers,10,6,65.9,34.1,127.0,126.0,253.0,229.0,98.0,327.0,game,Spread,Cleveland Browns,,-1.5,polymarket,-234,—,—,,+4,,hit,,,,—,,
2026-09-27T20:12:49.904557+00:00,nfl,2026,3,401872949,4018729492653,3,9:42,(Shotgun) C.Hubbard left guard to CAR 48 for 9 yards (C.Schwesinger; G.Delpit).,1,10,CAR 39,61,4,Cleveland Browns,Carolina Panthers,10,6,65.9,34.1,127.0,126.0,253.0,229.0,98.0,327.0,game,Total,Over,,40.5,kalshi,108,—,—,,16.0,,miss,,,,—,,
2026-09-27T20:12:49.904557+00:00,nfl,2026,3,401872949,4018729492653,3,9:42,(Shotgun) C.Hubbard left guard to CAR 48 for 9 yards (C.Schwesinger; G.Delpit).,1,10,CAR 39,61,4,Cleveland Browns,Carolina Panthers,10,6,65.9,34.1,127.0,126.0,253.0,229.0,98.0,327.0,game,Total,Under,,40.5,kalshi,-123,—,—,,16.0,,hit,,,,—,,
2026-09-27T20:12:49.904557+00:00,nfl,2026,3,401872949,4018729492653,3,9:42,(Shotgun) C.Hubbard left guard to CAR 48 for 9 yards (C.Schwesinger; G.Delpit).,1,10,CAR 39,61,4,Cleveland Browns,Carolina Panthers,10,6,65.9,34.1,127.0,126.0,253.0,229.0,98.0,327.0,game,ML,Carolina Panthers,,,betfair,215,—,—,,Loss,,miss,,,,—,,
2026-09-27T20:12:49.904557+00:00,nfl,2026,3,401872949,4018729492653,3,9:42,(Shotgun) C.Hubbard left guard to CAR 48 for 9 yards (C.Schwesinger; G.Delpit).,1,10,CAR 39,61,4,Cleveland Browns,Carolina Panthers,10,6,65.9,34.1,127.0,126.0,253.0,229.0,98.0,327.0,game,ML,Cleveland Browns,,,polymarket,-223,—,—,,Win,,hit,,,,—,,
2026-09-27T20:12:49.904557+00:00,nfl,2026,3,401872949,4018729492680,3,9:06,(Shotgun) B.Young pass incomplete short left [Q.Williams].,2,1,CAR 48,52,4,Cleveland Browns,Carolina Panthers,10,6,65.9,34.1,127.0,126.0,253.0,229.0,98.0,327.0,game,Spread,Carolina Panthers,,1.5,polymarket,177,—,—,,+4,,miss,,,,—,,
2026-09-27T20:12:49.904557+00:00,nfl,2026,3,401872949,4018729492680,3,9:06,(Shotgun) B.Young pass incomplete short left [Q.Williams].,2,1,CAR 48,52,4,Cleveland Browns,Carolina Panthers,10,6,65.9,34.1,127.0,126.0,253.0,229.0,98.0,327.0,game,Spread,Cleveland Browns,,-1.5,polymarket,-234,—,—,,+4,,hit,,,,—,,
2026-09-27T20:12:49.904557+00:00,nfl,2026,3,401872949,4018729492680,3,9:06,(Shotgun) B.Young pass incomplete short left [Q.Williams].,2,1,CAR 48,52,4,Cleveland Browns,Carolina Panthers,10,6,65.9,34.1,127.0,126.0,253.0,229.0,98.0,327.0,game,Total,Over,,40.5,kalshi,108,—,—,,16.0,,miss,,,,—,,
2026-09-27T20:12:49.904557+00:00,nfl,2026,3,401872949,4018729492680,3,9:06,(Shotgun) B.Young pass incomplete short left [Q.Williams].,2,1,CAR 48,52,4,Cleveland Browns,Carolina Panthers,10,6,65.9,34.1,127.0,126.0,253.0,229.0,98.0,327.0,game,Total,Under,,40.5,kalshi,-123,—,—,,16.0,,hit,,,,—,,
2026-09-27T20:12:49.904557+00:00,nfl,2026,3,401872949,4018729492680,3,9:06,(Shotgun) B.Young pass incomplete short left [Q.Williams].,2,1,CAR 48,52,4,Cleveland Browns,Carolina Panthers,10,6,65.9,34.1,127.0,126.0,253.0,229.0,98.0,327.0,game,ML,Carolina Panthers,,,betfair,215,—,—,,Loss,,miss,,,,—,,
2026-09-27T20:12:49.904557+00:00,nfl,2026,3,401872949,4018729492680,3,9:06,(Shotgun) B.Young pass incomplete short left [Q.Williams].,2,1,CAR 48,52,4,Cleveland Browns,Carolina Panthers,10,6,65.9,34.1,127.0,126.0,253.0,229.0,98.0,327.0,game,ML,Cleveland Browns,,,polymarket,-223,—,—,,Win,,hit,,,,—,,
2026-09-27T20:12:49.904557+00:00,nfl,2026,3,401872949,4018729492703,3,9:02,C.Hubbard left end ran ob at CLV 41 for 11 yards (M.Blackmon).,3,1,CAR 48,52,4,Cleveland Browns,Carolina Panthers,10,6,65.9,34.1,127.0,126.0,253.0,229.0,98.0,327.0,game,Spread,Carolina Panthers,,1.5,polymarket,177,—,—,,+4,,miss,,,,—,,
2026-09-27T20:12:49.904557+00:00,nfl,2026,3,401872949,4018729492703,3,9:02,C.Hubbard left end ran ob at CLV 41 for 11 yards (M.Blackmon).,3,1,CAR 48,52,4,Cleveland Browns,Carolina Panthers,10,6,65.9,34.1,127.0,126.0,253.0,229.0,98.0,327.0,game,Spread,Cleveland Browns,,-1.5,polymarket,-234,—,—,,+4,,hit,,,,—,,
2026-09-27T20:12:49.904557+00:00,nfl,2026,3,401872949,4018729492703,3,9:02,C.Hubbard left end ran ob at CLV 41 for 11 yards (M.Blackmon).,3,1,CAR 48,52,4,Cleveland Browns,Carolina Panthers,10,6,65.9,34.1,127.0,126.0,253.0,229.0,98.0,327.0,game,Total,Over,,40.5,kalshi,108,—,—,,16.0,,miss,,,,—,,
2026-09-27T20:12:49.904557+00:00,nfl,2026,3,401872949,4018729492703,3,9:02,C.Hubbard left end ran ob at CLV 41 for 11 yards (M.Blackmon).,3,1,CAR 48,52,4,Cleveland Browns,Carolina Panthers,10,6,65.9,34.1,127.0,126.0,253.0,229.0,98.0,327.0,game,Total,Under,,40.5,kalshi,-123,—,—,,16.0,,hit,,,,—,,
2026-09-27T20:12:49.904557+00:00,nfl,2026,3,401872949,4018729492703,3,9:02,C.Hubbard left end ran ob at CLV 41 for 11 yards (M.Blackmon).,3,1,CAR 48,52,4,Cleveland Browns,Carolina Panthers,10,6,65.9,34.1,127.0,126.0,253.0,229.0,98.0,327.0,game,ML,Carolina Panthers,,,betfair,215,—,—,,Loss,,miss,,,,—,,
2026-09-27T20:12:49.904557+00:00,nfl,2026,3,401872949,4018729492703,3,9:02,C.Hubbard left end ran ob at CLV 41 for 11 yards (M.Blackmon).,3,1,CAR 48,52,4,Cleveland Browns,Carolina Panthers,10,6,65.9,34.1,127.0,126.0,253.0,229.0,98.0,327.0,game,ML,Cleveland Browns,,,polymarket,-223,—,—,,Win,,hit,,,,—,,
2026-09-27T20:12:49.904557+00:00,nfl,2026,3,401872949,4018729492730,3,8:32,"(Shotgun) B.Young pass short left to C.Hubbard to CLV 45 for -4 yards (Q.Williams, A.Huntington).",1,10,CLE 41,41,4,Cleveland Browns,Carolina Panthers,10,6,65.9,34.1,127.0,126.0,253.0,229.0,98.0,327.0,game,Spread,Carolina Panthers,,1.5,polymarket,177,—,—,,+4,,miss,,,,—,,
2026-09-27T20:12:49.904557+00:00,nfl,2026,3,401872949,4018729492730,3,8:32,"(Shotgun) B.Young pass short left to C.Hubbard to CLV 45 for -4 yards (Q.Williams, A.Huntington).",1,10,CLE 41,41,4,Cleveland Browns,Carolina Panthers,10,6,65.9,34.1,127.0,126.0,253.0,229.0,98.0,327.0,game,Spread,Cleveland Browns,,-1.5,polymarket,-234,—,—,,+4,,hit,,,,—,,
2026-09-27T20:12:49.904557+00:00,nfl,2026,3,401872949,4018729492730,3,8:32,"(Shotgun) B.Young pass short left to C.Hubbard to CLV 45 for -4 yards (Q.Williams, A.Huntington).",1,10,CLE 41,41,4,Cleveland Browns,Carolina Panthers,10,6,65.9,34.1,127.0,126.0,253.0,229.0,98.0,327.0,game,Total,Over,,40.5,kalshi,108,—,—,,16.0,,miss,,,,—,,
2026-09-27T20:12:49.904557+00:00,nfl,2026,3,401872949,4018729492730,3,8:32,"(Shotgun) B.Young pass short left to C.Hubbard to CLV 45 for -4 yards (Q.Williams, A.Huntington).",1,10,CLE 41,41,4,Cleveland Browns,Carolina Panthers,10,6,65.9,34.1,127.0,126.0,253.0,229.0,98.0,327.0,game,Total,Under,,40.5,kalshi,-123,—,—,,16.0,,hit,,,,—,,
2026-09-27T20:12:49.904557+00:00,nfl,2026,3,401872949,4018729492730,3,8:32,"(Shotgun) B.Young pass short left to C.Hubbard to CLV 45 for -4 yards (Q.Williams, A.Huntington).",1,10,CLE 41,41,4,Cleveland Browns,Carolina Panthers,10,6,65.9,34.1,127.0,126.0,253.0,229.0,98.0,327.0,game,ML,Carolina Panthers,,,betfair,215,—,—,,Loss,,miss,,,,—,,
2026-09-27T20:12:49.904557+00:00,nfl,2026,3,401872949,4018729492730,3,8:32,"(Shotgun) B.Young pass short left to C.Hubbard to CLV 45 for -4 yards (Q.Williams, A.Huntington).",1,10,CLE 41,41,4,Cleveland Browns,Carolina Panthers,10,6,65.9,34.1,127.0,126.0,253.0,229.0,98.0,327.0,game,ML,Cleveland Browns,,,polymarket,-223,—,—,,Win,,hit,,,,—,,
2026-09-27T20:12:49.904557+00:00,nfl,2026,3,401872949,4018729492755,3,7:54,(Shotgun) B.Young pass incomplete short right to B.Tremayne.,2,14,CLE 45,45,4,Cleveland Browns,Carolina Panthers,10,6,65.9,34.1,127.0,126.0,253.0,229.0,98.0,327.0,game,Spread,Carolina Panthers,,1.5,polymarket,177,—,—,,+4,,miss,,,,—,,
2026-09-27T20:12:49.904557+00:00,nfl,2026,3,401872949,4018729492755,3,7:54,(Shotgun) B.Young pass incomplete short right to B.Tremayne.,2,14,CLE 45,45,4,Cleveland Browns,Carolina Panthers,10,6,65.9,34.1,127.0,126.0,253.0,229.0,98.0,327.0,game,Spread,Cleveland Browns,,-1.5,polymarket,-234,—,—,,+4,,hit,,,,—,,
2026-09-27T20:12:49.904557+00:00,nfl,2026,3,401872949,4018729492755,3,7:54,(Shotgun) B.Young pass incomplete short right to B.Tremayne.,2,14,CLE 45,45,4,Cleveland Browns,Carolina Panthers,10,6,65.9,34.1,127.0,126.0,253.0,229.0,98.0,327.0,game,Total,Over,,40.5,kalshi,108,—,—,,16.0,,miss,,,,—,,
2026-09-27T20:12:49.904557+00:00,nfl,2026,3,401872949,4018729492755,3,7:54,(Shotgun) B.Young pass incomplete short right to B.Tremayne.,2,14,CLE 45,45,4,Cleveland Browns,Carolina Panthers,10,6,65.9,34.1,127.0,126.0,253.0,229.0,98.0,327.0,game,Total,Under,,40.5,kalshi,-123,—,—,,16.0,,hit,,,,—,,
2026-09-27T20:12:49.904557+00:00,nfl,2026,3,401872949,4018729492755,3,7:54,(Shotgun) B.Young pass incomplete short right to B.Tremayne.,2,14,CLE 45,45,4,Cleveland Browns,Carolina Panthers,10,6,65.9,34.1,127.0,126.0,253.0,229.0,98.0,327.0,game,ML,Carolina Panthers,,,betfair,215,—,—,,Loss,,miss,,,,—,,
2026-09-27T20:12:49.904557+00:00,nfl,2026,3,401872949,4018729492755,3,7:54,(Shotgun) B.Young pass incomplete short right to B.Tremayne.,2,14,CLE 45,45,4,Cleveland Browns,Carolina Panthers,10,6,65.9,34.1,127.0,126.0,253.0,229.0,98.0,327.0,game,ML,Cleveland Browns,,,polymarket,-223,—,—,,Win,,hit,,,,—,,
2026-09-27T20:12:49.904557+00:00,nfl,2026,3,401872949,4018729492778,3,7:51,(Shotgun) B.Young pass incomplete short right to D.Waller (M.Harden).,3,14,CLE 45,45,4,Cleveland Browns,Carolina Panthers,10,6,65.9,34.1,127.0,126.0,253.0,229.0,98.0,327.0,game,Spread,Carolina Panthers,,1.5,polymarket,177,—,—,,+4,,miss,,,,—,,
2026-09-27T20:12:49.904557+00:00,nfl,2026,3,401872949,4018729492778,3,7:51,(Shotgun) B.Young pass incomplete short right to D.Waller (M.Harden).,3,14,CLE 45,45,4,Cleveland Browns,Carolina Panthers,10,6,65.9,34.1,127.0,126.0,253.0,229.0,98.0,327.0,game,Spread,Cleveland Browns,,-1.5,polymarket,-234,—,—,,+4,,hit,,,,—,,
2026-09-27T20:12:49.904557+00:00,nfl,2026,3,401872949,4018729492778,3,7:51,(Shotgun) B.Young pass incomplete short right to D.Waller (M.Harden).,3,14,CLE 45,45,4,Cleveland Browns,Carolina Panthers,10,6,65.9,34.1,127.0,126.0,253.0,229.0,98.0,327.0,game,Total,Over,,40.5,kalshi,108,—,—,,16.0,,miss,,,,—,,
2026-09-27T20:12:49.904557+00:00,nfl,2026,3,401872949,4018729492778,3,7:51,(Shotgun) B.Young pass incomplete short right to D.Waller (M.Harden).,3,14,CLE 45,45,4,Cleveland Browns,Carolina Panthers,10,6,65.9,34.1,127.0,126.0,253.0,229.0,98.0,327.0,game,Total,Under,,40.5,kalshi,-123,—,—,,16.0,,hit,,,,—,,
2026-09-27T20:12:49.904557+00:00,nfl,2026,3,401872949,4018729492778,3,7:51,(Shotgun) B.Young pass incomplete short right to D.Waller (M.Harden).,3,14,CLE 45,45,4,Cleveland Browns,Carolina Panthers,10,6,65.9,34.1,127.0,126.0,253.0,229.0,98.0,327.0,game,ML,Carolina Panthers,,,betfair,215,—,—,,Loss,,miss,,,,—,,
2026-09-27T20:12:49.904557+00:00,nfl,2026,3,401872949,4018729492778,3,7:51,(Shotgun) B.Young pass incomplete short right to D.Waller (M.Harden).,3,14,CLE 45,45,4,Cleveland Browns,Carolina Panthers,10,6,65.9,34.1,127.0,126.0,253.0,229.0,98.0,327.0,game,ML,Cleveland Browns,,,polymarket,-223,—,—,,Win,,hit,,,,—,,
2026-09-27T20:12:49.904557+00:00,nfl,2026,3,401872949,4018729492812,3,7:42,"S.Martin punts 40 yards to CLV 5, Center-J.Jansen, downed by CAR-D.Moore.",4,14,CLE 45,45,4,Cleveland Browns,Carolina Panthers,10,6,65.9,34.1,127.0,126.0,253.0,229.0,98.0,327.0,game,Spread,Carolina Panthers,,1.5,polymarket,177,—,—,,+4,,miss,,,,—,,
2026-09-27T20:12:49.904557+00:00,nfl,2026,3,401872949,4018729492812,3,7:42,"S.Martin punts 40 yards to CLV 5, Center-J.Jansen, downed by CAR-D.Moore.",4,14,CLE 45,45,4,Cleveland Browns,Carolina Panthers,10,6,65.9,34.1,127.0,126.0,253.0,229.0,98.0,327.0,game,Spread,Cleveland Browns,,-1.5,polymarket,-234,—,—,,+4,,hit,,,,—,,
2026-09-27T20:12:49.904557+00:00,nfl,2026,3,401872949,4018729492812,3,7:42,"S.Martin punts 40 yards to CLV 5, Center-J.Jansen, downed by CAR-D.Moore.",4,14,CLE 45,45,4,Cleveland Browns,Carolina Panthers,10,6,65.9,34.1,127.0,126.0,253.0,229.0,98.0,327.0,game,Total,Over,,40.5,kalshi,108,—,—,,16.0,,miss,,,,—,,
2026-09-27T20:12:49.904557+00:00,nfl,2026,3,401872949,4018729492812,3,7:42,"S.Martin punts 40 yards to CLV 5, Center-J.Jansen, downed by CAR-D.Moore.",4,14,CLE 45,45,4,Cleveland Browns,Carolina Panthers,10,6,65.9,34.1,127.0,126.0,253.0,229.0,98.0,327.0,game,Total,Under,,40.5,kalshi,-123,—,—,,16.0,,hit,,,,—,,
2026-09-27T20:12:49.904557+00:00,nfl,2026,3,401872949,4018729492812,3,7:42,"S.Martin punts 40 yards to CLV 5, Center-J.Jansen, downed by CAR-D.Moore.",4,14,CLE 45,45,4,Cleveland Browns,Carolina Panthers,10,6,65.9,34.1,127.0,126.0,253.0,229.0,98.0,327.0,game,ML,Carolina Panthers,,,betfair,215,—,—,,Loss,,miss,,,,—,,
2026-09-27T20:12:49.904557+00:00,nfl,2026,3,401872949,4018729492812,3,7:42,"S.Martin punts 40 yards to CLV 5, Center-J.Jansen, downed by CAR-D.Moore.",4,14,CLE 45,45,4,Cleveland Browns,Carolina Panthers,10,6,65.9,34.1,127.0,126.0,253.0,229.0,98.0,327.0,game,ML,Cleveland Browns,,,polymarket,-223,—,—,,Win,,hit,,,,—,,
2026-09-27T20:12:49.904557+00:00,nfl,2026,3,401872949,4018729492822,3,7:34,Official Timeout at 07:34.,1,10,CLE 5,5,4,Cleveland Browns,Carolina Panthers,10,6,65.9,34.1,127.0,126.0,253.0,229.0,98.0,327.0,game,Spread,Carolina Panthers,,1.5,polymarket,177,—,—,,+4,,miss,,,,—,,
2026-09-27T20:12:49.904557+00:00,nfl,2026,3,401872949,4018729492822,3,7:34,Official Timeout at 07:34.,1,10,CLE 5,5,4,Cleveland Browns,Carolina Panthers,10,6,65.9,34.1,127.0,126.0,253.0,229.0,98.0,327.0,game,Spread,Cleveland Browns,,-1.5,polymarket,-234,—,—,,+4,,hit,,,,—,,
2026-09-27T20:12:49.904557+00:00,nfl,2026,3,401872949,4018729492822,3,7:34,Official Timeout at 07:34.,1,10,CLE 5,5,4,Cleveland Browns,Carolina Panthers,10,6,65.9,34.1,127.0,126.0,253.0,229.0,98.0,327.0,game,Total,Over,,40.5,kalshi,108,—,—,,16.0,,miss,,,,—,,
2026-09-27T20:12:49.904557+00:00,nfl,2026,3,401872949,4018729492822,3,7:34,Official Timeout at 07:34.,1,10,CLE 5,5,4,Cleveland Browns,Carolina Panthers,10,6,65.9,34.1,127.0,126.0,253.0,229.0,98.0,327.0,game,Total,Under,,40.5,kalshi,-123,—,—,,16.0,,hit,,,,—,,
2026-09-27T20:12:49.904557+00:00,nfl,2026,3,401872949,4018729492822,3,7:34,Official Timeout at 07:34.,1,10,CLE 5,5,4,Cleveland Browns,Carolina Panthers,10,6,65.9,34.1,127.0,126.0,253.0,229.0,98.0,327.0,game,ML,Carolina Panthers,,,betfair,215,—,—,,Loss,,miss,,,,—,,
2026-09-27T20:12:49.904557+00:00,nfl,2026,3,401872949,4018729492822,3,7:34,Official Timeout at 07:34.,1,10,CLE 5,5,4,Cleveland Browns,Carolina Panthers,10,6,65.9,34.1,127.0,126.0,253.0,229.0,98.0,327.0,game,ML,Cleveland Browns,,,polymarket,-223,—,—,,Win,,hit,,,,—,,
2026-09-27T20:12:49.904557+00:00,nfl,2026,3,401872949,4018729492832,3,7:34,Q.Judkins right guard to CLV 7 for 2 yards (D.Brown). ** Injury Update: CAR-B.Brown has returned to the game.,1,10,CLE 5,5,4,Cleveland Browns,Carolina Panthers,10,6,65.9,34.1,127.0,126.0,253.0,229.0,98.0,327.0,game,Spread,Carolina Panthers,,1.5,polymarket,177,—,—,,+4,,miss,,,,—,,
2026-09-27T20:12:49.904557+00:00,nfl,2026,3,401872949,4018729492832,3,7:34,Q.Judkins right guard to CLV 7 for 2 yards (D.Brown). ** Injury Update: CAR-B.Brown has returned to the game.,1,10,CLE 5,5,4,Cleveland Browns,Carolina Panthers,10,6,65.9,34.1,127.0,126.0,253.0,229.0,98.0,327.0,game,Spread,Cleveland Browns,,-1.5,polymarket,-234,—,—,,+4,,hit,,,,—,,
2026-09-27T20:12:49.904557+00:00,nfl,2026,3,401872949,4018729492832,3,7:34,Q.Judkins right guard to CLV 7 for 2 yards (D.Brown). ** Injury Update: CAR-B.Brown has returned to the game.,1,10,CLE 5,5,4,Cleveland Browns,Carolina Panthers,10,6,65.9,34.1,127.0,126.0,253.0,229.0,98.0,327.0,game,Total,Over,,40.5,kalshi,108,—,—,,16.0,,miss,,,,—,,
2026-09-27T20:12:49.904557+00:00,nfl,2026,3,401872949,4018729492832,3,7:34,Q.Judkins right guard to CLV 7 for 2 yards (D.Brown). ** Injury Update: CAR-B.Brown has returned to the game.,1,10,CLE 5,5,4,Cleveland Browns,Carolina Panthers,10,6,65.9,34.1,127.0,126.0,253.0,229.0,98.0,327.0,game,Total,Under,,40.5,kalshi,-123,—,—,,16.0,,hit,,,,—,,
2026-09-27T20:12:49.904557+00:00,nfl,2026,3,401872949,4018729492832,3,7:34,Q.Judkins right guard to CLV 7 for 2 yards (D.Brown). ** Injury Update: CAR-B.Brown has returned to the game.,1,10,CLE 5,5,4,Cleveland Browns,Carolina Panthers,10,6,65.9,34.1,127.0,126.0,253.0,229.0,98.0,327.0,game,ML,Carolina Panthers,,,betfair,215,—,—,,Loss,,miss,,,,—,,
2026-09-27T20:12:49.904557+00:00,nfl,2026,3,401872949,4018729492832,3,7:34,Q.Judkins right guard to CLV 7 for 2 yards (D.Brown). ** Injury Update: CAR-B.Brown has returned to the game.,1,10,CLE 5,5,4,Cleveland Browns,Carolina Panthers,10,6,65.9,34.1,127.0,126.0,253.0,229.0,98.0,327.0,game,ML,Cleveland Browns,,,polymarket,-223,—,—,,Win,,hit,,,,—,,
2026-09-27T20:12:49.904557+00:00,nfl,2026,3,401872949,4018729492872,3,6:58,(Shotgun) Q.Judkins right guard to CLV 10 for 3 yards (L.Ransom; J.Phillips).,2,8,CLE 7,7,4,Cleveland Browns,Carolina Panthers,10,6,65.9,34.1,127.0,126.0,253.0,229.0,98.0,327.0,game,Spread,Carolina Panthers,,1.5,polymarket,177,—,—,,+4,,miss,,,,—,,
2026-09-27T20:12:49.904557+00:00,nfl,2026,3,401872949,4018729492872,3,6:58,(Shotgun) Q.Judkins right guard to CLV 10 for 3 yards (L.Ransom; J.Phillips).,2,8,CLE 7,7,4,Cleveland Browns,Carolina Panthers,10,6,65.9,34.1,127.0,126.0,253.0,229.0,98.0,327.0,game,Spread,Cleveland Browns,,-1.5,polymarket,-234,—,—,,+4,,hit,,,,—,,
2026-09-27T20:12:49.904557+00:00,nfl,2026,3,401872949,4018729492872,3,6:58,(Shotgun) Q.Judkins right guard to CLV 10 for 3 yards (L.Ransom; J.Phillips).,2,8,CLE 7,7,4,Cleveland Browns,Carolina Panthers,10,6,65.9,34.1,127.0,126.0,253.0,229.0,98.0,327.0,game,Total,Over,,40.5,kalshi,108,—,—,,16.0,,miss,,,,—,,
2026-09-27T20:12:49.904557+00:00,nfl,2026,3,401872949,4018729492872,3,6:58,(Shotgun) Q.Judkins right guard to CLV 10 for 3 yards (L.Ransom; J.Phillips).,2,8,CLE 7,7,4,Cleveland Browns,Carolina Panthers,10,6,65.9,34.1,127.0,126.0,253.0,229.0,98.0,327.0,game,Total,Under,,40.5,kalshi,-123,—,—,,16.0,,hit,,,,—,,
2026-09-27T20:12:49.904557+00:00,nfl,2026,3,401872949,4018729492872,3,6:58,(Shotgun) Q.Judkins right guard to CLV 10 for 3 yards (L.Ransom; J.Phillips).,2,8,CLE 7,7,4,Cleveland Browns,Carolina Panthers,10,6,65.9,34.1,127.0,126.0,253.0,229.0,98.0,327.0,game,ML,Carolina Panthers,,,betfair,215,—,—,,Loss,,miss,,,,—,,
2026-09-27T20:12:49.904557+00:00,nfl,2026,3,401872949,4018729492872,3,6:58,(Shotgun) Q.Judkins right guard to CLV 10 for 3 yards (L.Ransom; J.Phillips).,2,8,CLE 7,7,4,Cleveland Browns,Carolina Panthers,10,6,65.9,34.1,127.0,126.0,253.0,229.0,98.0,327.0,game,ML,Cleveland Browns,,,polymarket,-223,—,—,,Win,,hit,,,,—,,
2026-09-27T20:12:49.904557+00:00,nfl,2026,3,401872949,4018729492897,3,6:15,(Shotgun) D.Watson pass incomplete short left to K.Concepcion.,3,5,CLE 10,10,4,Cleveland Browns,Carolina Panthers,10,6,65.9,34.1,127.0,126.0,253.0,229.0,98.0,327.0,game,Spread,Carolina Panthers,,1.5,polymarket,177,—,—,,+4,,miss,,,,—,,
2026-09-27T20:12:49.904557+00:00,nfl,2026,3,401872949,4018729492897,3,6:15,(Shotgun) D.Watson pass incomplete short left to K.Concepcion.,3,5,CLE 10,10,4,Cleveland Browns,Carolina Panthers,10,6,65.9,34.1,127.0,126.0,253.0,229.0,98.0,327.0,game,Spread,Cleveland Browns,,-1.5,polymarket,-234,—,—,,+4,,hit,,,,—,,
2026-09-27T20:12:49.904557+00:00,nfl,2026,3,401872949,4018729492897,3,6:15,(Shotgun) D.Watson pass incomplete short left to K.Concepcion.,3,5,CLE 10,10,4,Cleveland Browns,Carolina Panthers,10,6,65.9,34.1,127.0,126.0,253.0,229.0,98.0,327.0,game,Total,Over,,40.5,kalshi,108,—,—,,16.0,,miss,,,,—,,
2026-09-27T20:12:49.904557+00:00,nfl,2026,3,401872949,4018729492897,3,6:15,(Shotgun) D.Watson pass incomplete short left to K.Concepcion.,3,5,CLE 10,10,4,Cleveland Browns,Carolina Panthers,10,6,65.9,34.1,127.0,126.0,253.0,229.0,98.0,327.0,game,Total,Under,,40.5,kalshi,-123,—,—,,16.0,,hit,,,,—,,
2026-09-27T20:12:49.904557+00:00,nfl,2026,3,401872949,4018729492897,3,6:15,(Shotgun) D.Watson pass incomplete short left to K.Concepcion.,3,5,CLE 10,10,4,Cleveland Browns,Carolina Panthers,10,6,65.9,34.1,127.0,126.0,253.0,229.0,98.0,327.0,game,ML,Carolina Panthers,,,betfair,215,—,—,,Loss,,miss,,,,—,,
2026-09-27T20:12:49.904557+00:00,nfl,2026,3,401872949,4018729492897,3,6:15,(Shotgun) D.Watson pass incomplete short left to K.Concepcion.,3,5,CLE 10,10,4,Cleveland Browns,Carolina Panthers,10,6,65.9,34.1,127.0,126.0,253.0,229.0,98.0,327.0,game,ML,Cleveland Browns,,,polymarket,-223,—,—,,Win,,hit,,,,—,,
2026-09-27T20:12:49.904557+00:00,nfl,2026,3,401872949,4018729492920,3,6:12,"C.Bojorquez punts 62 yards to CAR 28, Center-R.Sunahara. D.Moore to CAR 34 for 6 yards (D.Thomas).",4,5,CLE 10,10,4,Cleveland Browns,Carolina Panthers,10,6,65.9,34.1,127.0,126.0,253.0,229.0,98.0,327.0,game,Spread,Carolina Panthers,,1.5,polymarket,177,—,—,,+4,,miss,,,,—,,
2026-09-27T20:12:49.904557+00:00,nfl,2026,3,401872949,4018729492920,3,6:12,"C.Bojorquez punts 62 yards to CAR 28, Center-R.Sunahara. D.Moore to CAR 34 for 6 yards (D.Thomas).",4,5,CLE 10,10,4,Cleveland Browns,Carolina Panthers,10,6,65.9,34.1,127.0,126.0,253.0,229.0,98.0,327.0,game,Spread,Cleveland Browns,,-1.5,polymarket,-234,—,—,,+4,,hit,,,,—,,
2026-09-27T20:12:49.904557+00:00,nfl,2026,3,401872949,4018729492920,3,6:12,"C.Bojorquez punts 62 yards to CAR 28, Center-R.Sunahara. D.Moore to CAR 34 for 6 yards (D.Thomas).",4,5,CLE 10,10,4,Cleveland Browns,Carolina Panthers,10,6,65.9,34.1,127.0,126.0,253.0,229.0,98.0,327.0,game,Total,Over,,40.5,kalshi,108,—,—,,16.0,,miss,,,,—,,
2026-09-27T20:12:49.904557+00:00,nfl,2026,3,401872949,4018729492920,3,6:12,"C.Bojorquez punts 62 yards to CAR 28, Center-R.Sunahara. D.Moore to CAR 34 for 6 yards (D.Thomas).",4,5,CLE 10,10,4,Cleveland Browns,Carolina Panthers,10,6,65.9,34.1,127.0,126.0,253.0,229.0,98.0,327.0,game,Total,Under,,40.5,kalshi,-123,—,—,,16.0,,hit,,,,—,,
2026-09-27T20:12:49.904557+00:00,nfl,2026,3,401872949,4018729492920,3,6:12,"C.Bojorquez punts 62 yards to CAR 28, Center-R.Sunahara. D.Moore to CAR 34 for 6 yards (D.Thomas).",4,5,CLE 10,10,4,Cleveland Browns,Carolina Panthers,10,6,65.9,34.1,127.0,126.0,253.0,229.0,98.0,327.0,game,ML,Carolina Panthers,,,betfair,215,—,—,,Loss,,miss,,,,—,,
2026-09-27T20:12:49.904557+00:00,nfl,2026,3,401872949,4018729492920,3,6:12,"C.Bojorquez punts 62 yards to CAR 28, Center-R.Sunahara. D.Moore to CAR 34 for 6 yards (D.Thomas).",4,5,CLE 10,10,4,Cleveland Browns,Carolina Panthers,10,6,65.9,34.1,127.0,126.0,253.0,229.0,98.0,327.0,game,ML,Cleveland Browns,,,polymarket,-223,—,—,,Win,,hit,,,,—,,
2026-09-27T20:12:49.904557+00:00,nfl,2026,3,401872949,4018729492933,3,6:00,Official Timeout at 06:00.,1,10,CAR 34,66,4,Cleveland Browns,Carolina Panthers,10,6,65.9,34.1,127.0,126.0,253.0,229.0,98.0,327.0,game,Spread,Carolina Panthers,,1.5,polymarket,177,—,—,,+4,,miss,,,,—,,
2026-09-27T20:12:49.904557+00:00,nfl,2026,3,401872949,4018729492933,3,6:00,Official Timeout at 06:00.,1,10,CAR 34,66,4,Cleveland Browns,Carolina Panthers,10,6,65.9,34.1,127.0,126.0,253.0,229.0,98.0,327.0,game,Spread,Cleveland Browns,,-1.5,polymarket,-234,—,—,,+4,,hit,,,,—,,
2026-09-27T20:12:49.904557+00:00,nfl,2026,3,401872949,4018729492933,3,6:00,Official Timeout at 06:00.,1,10,CAR 34,66,4,Cleveland Browns,Carolina Panthers,10,6,65.9,34.1,127.0,126.0,253.0,229.0,98.0,327.0,game,Total,Over,,40.5,kalshi,108,—,—,,16.0,,miss,,,,—,,
2026-09-27T20:12:49.904557+00:00,nfl,2026,3,401872949,4018729492933,3,6:00,Official Timeout at 06:00.,1,10,CAR 34,66,4,Cleveland Browns,Carolina Panthers,10,6,65.9,34.1,127.0,126.0,253.0,229.0,98.0,327.0,game,Total,Under,,40.5,kalshi,-123,—,—,,16.0,,hit,,,,—,,
2026-09-27T20:12:49.904557+00:00,nfl,2026,3,401872949,4018729492933,3,6:00,Official Timeout at 06:00.,1,10,CAR 34,66,4,Cleveland Browns,Carolina Panthers,10,6,65.9,34.1,127.0,126.0,253.0,229.0,98.0,327.0,game,ML,Carolina Panthers,,,betfair,215,—,—,,Loss,,miss,,,,—,,
2026-09-27T20:12:49.904557+00:00,nfl,2026,3,401872949,4018729492933,3,6:00,Official Timeout at 06:00.,1,10,CAR 34,66,4,Cleveland Browns,Carolina Panthers,10,6,65.9,34.1,127.0,126.0,253.0,229.0,98.0,327.0,game,ML,Cleveland Browns,,,polymarket,-223,—,—,,Win,,hit,,,,—,,
2026-09-27T20:12:49.904557+00:00,nfl,2026,3,401872949,4018729492946,3,6:00,(Shotgun) B.Young pass incomplete short right to T.McMillan.,1,10,CAR 34,66,4,Cleveland Browns,Carolina Panthers,10,6,65.9,34.1,127.0,126.0,253.0,229.0,98.0,327.0,game,Spread,Carolina Panthers,,1.5,polymarket,177,—,—,,+4,,miss,,,,—,,
2026-09-27T20:12:49.904557+00:00,nfl,2026,3,401872949,4018729492946,3,6:00,(Shotgun) B.Young pass incomplete short right to T.McMillan.,1,10,CAR 34,66,4,Cleveland Browns,Carolina Panthers,10,6,65.9,34.1,127.0,126.0,253.0,229.0,98.0,327.0,game,Spread,Cleveland Browns,,-1.5,polymarket,-234,—,—,,+4,,hit,,,,—,,
2026-09-27T20:12:49.904557+00:00,nfl,2026,3,401872949,4018729492946,3,6:00,(Shotgun) B.Young pass incomplete short right to T.McMillan.,1,10,CAR 34,66,4,Cleveland Browns,Carolina Panthers,10,6,65.9,34.1,127.0,126.0,253.0,229.0,98.0,327.0,game,Total,Over,,40.5,kalshi,108,—,—,,16.0,,miss,,,,—,,
2026-09-27T20:12:49.904557+00:00,nfl,2026,3,401872949,4018729492946,3,6:00,(Shotgun) B.Young pass incomplete short right to T.McMillan.,1,10,CAR 34,66,4,Cleveland Browns,Carolina Panthers,10,6,65.9,34.1,127.0,126.0,253.0,229.0,98.0,327.0,game,Total,Under,,40.5,kalshi,-123,—,—,,16.0,,hit,,,,—,,
2026-09-27T20:12:49.904557+00:00,nfl,2026,3,401872949,4018729492946,3,6:00,(Shotgun) B.Young pass incomplete short right to T.McMillan.,1,10,CAR 34,66,4,Cleveland Browns,Carolina Panthers,10,6,65.9,34.1,127.0,126.0,253.0,229.0,98.0,327.0,game,ML,Carolina Panthers,,,betfair,215,—,—,,Loss,,miss,,,,—,,
2026-09-27T20:12:49.904557+00:00,nfl,2026,3,401872949,4018729492946,3,6:00,(Shotgun) B.Young pass incomplete short right to T.McMillan.,1,10,CAR 34,66,4,Cleveland Browns,Carolina Panthers,10,6,65.9,34.1,127.0,126.0,253.0,229.0,98.0,327.0,game,ML,Cleveland Browns,,,polymarket,-223,—,—,,Win,,hit,,,,—,,
2026-09-27T20:12:49.904557+00:00,nfl,2026,3,401872949,4018729492981,3,5:57,(Shotgun) B.Young pass short middle to D.Waller to CAR 48 for 14 yards (D.Ward).,2,10,CAR 34,66,4,Cleveland Browns,Carolina Panthers,10,6,65.9,34.1,127.0,126.0,253.0,229.0,98.0,327.0,game,Spread,Carolina Panthers,,1.5,polymarket,177,—,—,,+4,,miss,,,,—,,
2026-09-27T20:12:49.904557+00:00,nfl,2026,3,401872949,4018729492981,3,5:57,(Shotgun) B.Young pass short middle to D.Waller to CAR 48 for 14 yards (D.Ward).,2,10,CAR 34,66,4,Cleveland Browns,Carolina Panthers,10,6,65.9,34.1,127.0,126.0,253.0,229.0,98.0,327.0,game,Spread,Cleveland Browns,,-1.5,polymarket,-234,—,—,,+4,,hit,,,,—,,
2026-09-27T20:12:49.904557+00:00,nfl,2026,3,401872949,4018729492981,3,5:57,(Shotgun) B.Young pass short middle to D.Waller to CAR 48 for 14 yards (D.Ward).,2,10,CAR 34,66,4,Cleveland Browns,Carolina Panthers,10,6,65.9,34.1,127.0,126.0,253.0,229.0,98.0,327.0,game,Total,Over,,40.5,kalshi,108,—,—,,16.0,,miss,,,,—,,
2026-09-27T20:12:49.904557+00:00,nfl,2026,3,401872949,4018729492981,3,5:57,(Shotgun) B.Young pass short middle to D.Waller to CAR 48 for 14 yards (D.Ward).,2,10,CAR 34,66,4,Cleveland Browns,Carolina Panthers,10,6,65.9,34.1,127.0,126.0,253.0,229.0,98.0,327.0,game,Total,Under,,40.5,kalshi,-123,—,—,,16.0,,hit,,,,—,,
2026-09-27T20:12:49.904557+00:00,nfl,2026,3,401872949,4018729492981,3,5:57,(Shotgun) B.Young pass short middle to D.Waller to CAR 48 for 14 yards (D.Ward).,2,10,CAR 34,66,4,Cleveland Browns,Carolina Panthers,10,6,65.9,34.1,127.0,126.0,253.0,229.0,98.0,327.0,game,ML,Carolina Panthers,,,betfair,215,—,—,,Loss,,miss,,,,—,,
2026-09-27T20:12:49.904557+00:00,nfl,2026,3,401872949,4018729492981,3,5:57,(Shotgun) B.Young pass short middle to D.Waller to CAR 48 for 14 yards (D.Ward).,2,10,CAR 34,66,4,Cleveland Browns,Carolina Panthers,10,6,65.9,34.1,127.0,126.0,253.0,229.0,98.0,327.0,game,ML,Cleveland Browns,,,polymarket,-223,—,—,,Win,,hit,,,,—,,
2026-09-27T20:12:49.904557+00:00,nfl,2026,3,401872949,4018729493006,3,5:25,C.Hubbard right tackle to 50 for 2 yards (D.Barnett).,1,10,CAR 48,52,4,Cleveland Browns,Carolina Panthers,10,6,65.9,34.1,127.0,126.0,253.0,229.0,98.0,327.0,game,Spread,Carolina Panthers,,1.5,polymarket,177,—,—,,+4,,miss,,,,—,,
2026-09-27T20:12:49.904557+00:00,nfl,2026,3,401872949,4018729493006,3,5:25,C.Hubbard right tackle to 50 for 2 yards (D.Barnett).,1,10,CAR 48,52,4,Cleveland Browns,Carolina Panthers,10,6,65.9,34.1,127.0,126.0,253.0,229.0,98.0,327.0,game,Spread,Cleveland Browns,,-1.5,polymarket,-234,—,—,,+4,,hit,,,,—,,
2026-09-27T20:12:49.904557+00:00,nfl,2026,3,401872949,4018729493006,3,5:25,C.Hubbard right tackle to 50 for 2 yards (D.Barnett).,1,10,CAR 48,52,4,Cleveland Browns,Carolina Panthers,10,6,65.9,34.1,127.0,126.0,253.0,229.0,98.0,327.0,game,Total,Over,,40.5,kalshi,108,—,—,,16.0,,miss,,,,—,,
2026-09-27T20:12:49.904557+00:00,nfl,2026,3,401872949,4018729493006,3,5:25,C.Hubbard right tackle to 50 for 2 yards (D.Barnett).,1,10,CAR 48,52,4,Cleveland Browns,Carolina Panthers,10,6,65.9,34.1,127.0,126.0,253.0,229.0,98.0,327.0,game,Total,Under,,40.5,kalshi,-123,—,—,,16.0,,hit,,,,—,,
2026-09-27T20:12:49.904557+00:00,nfl,2026,3,401872949,4018729493006,3,5:25,C.Hubbard right tackle to 50 for 2 yards (D.Barnett).,1,10,CAR 48,52,4,Cleveland Browns,Carolina Panthers,10,6,65.9,34.1,127.0,126.0,253.0,229.0,98.0,327.0,game,ML,Carolina Panthers,,,betfair,215,—,—,,Loss,,miss,,,,—,,
2026-09-27T20:12:49.904557+00:00,nfl,2026,3,401872949,4018729493006,3,5:25,C.Hubbard right tackle to 50 for 2 yards (D.Barnett).,1,10,CAR 48,52,4,Cleveland Browns,Carolina Panthers,10,6,65.9,34.1,127.0,126.0,253.0,229.0,98.0,327.0,game,ML,Cleveland Browns,,,polymarket,-223,—,—,,Win,,hit,,,,—,,
2026-09-27T20:12:49.904557+00:00,nfl,2026,3,401872949,4018729493028,3,4:51,(Shotgun) B.Young pass short right to D.Waller to CLV 38 for 12 yards (D.Ward).,2,8,50,50,4,Cleveland Browns,Carolina Panthers,10,6,65.9,34.1,127.0,126.0,253.0,229.0,98.0,327.0,game,Spread,Carolina Panthers,,1.5,polymarket,177,—,—,,+4,,miss,,,,—,,
2026-09-27T20:12:49.904557+00:00,nfl,2026,3,401872949,4018729493028,3,4:51,(Shotgun) B.Young pass short right to D.Waller to CLV 38 for 12 yards (D.Ward).,2,8,50,50,4,Cleveland Browns,Carolina Panthers,10,6,65.9,34.1,127.0,126.0,253.0,229.0,98.0,327.0,game,Spread,Cleveland Browns,,-1.5,polymarket,-234,—,—,,+4,,hit,,,,—,,
2026-09-27T20:12:49.904557+00:00,nfl,2026,3,401872949,4018729493028,3,4:51,(Shotgun) B.Young pass short right to D.Waller to CLV 38 for 12 yards (D.Ward).,2,8,50,50,4,Cleveland Browns,Carolina Panthers,10,6,65.9,34.1,127.0,126.0,253.0,229.0,98.0,327.0,game,Total,Over,,40.5,kalshi,108,—,—,,16.0,,miss,,,,—,,
2026-09-27T20:12:49.904557+00:00,nfl,2026,3,401872949,4018729493028,3,4:51,(Shotgun) B.Young pass short right to D.Waller to CLV 38 for 12 yards (D.Ward).,2,8,50,50,4,Cleveland Browns,Carolina Panthers,10,6,65.9,34.1,127.0,126.0,253.0,229.0,98.0,327.0,game,Total,Under,,40.5,kalshi,-123,—,—,,16.0,,hit,,,,—,,
2026-09-27T20:12:49.904557+00:00,nfl,2026,3,401872949,4018729493028,3,4:51,(Shotgun) B.Young pass short right to D.Waller to CLV 38 for 12 yards (D.Ward).,2,8,50,50,4,Cleveland Browns,Carolina Panthers,10,6,65.9,34.1,127.0,126.0,253.0,229.0,98.0,327.0,game,ML,Carolina Panthers,,,betfair,215,—,—,,Loss,,miss,,,,—,,
2026-09-27T20:12:49.904557+00:00,nfl,2026,3,401872949,4018729493028,3,4:51,(Shotgun) B.Young pass short right to D.Waller to CLV 38 for 12 yards (D.Ward).,2,8,50,50,4,Cleveland Browns,Carolina Panthers,10,6,65.9,34.1,127.0,126.0,253.0,229.0,98.0,327.0,game,ML,Cleveland Browns,,,polymarket,-223,—,—,,Win,,hit,,,,—,,
2026-09-27T20:12:49.904557+00:00,nfl,2026,3,401872949,4018729493053,3,4:17,B.Young pass incomplete deep middle to D.Moore.,1,10,CLE 38,38,4,Cleveland Browns,Carolina Panthers,10,6,65.9,34.1,127.0,126.0,253.0,229.0,98.0,327.0,game,Spread,Carolina Panthers,,1.5,polymarket,177,—,—,,+4,,miss,,,,—,,
2026-09-27T20:12:49.904557+00:00,nfl,2026,3,401872949,4018729493053,3,4:17,B.Young pass incomplete deep middle to D.Moore.,1,10,CLE 38,38,4,Cleveland Browns,Carolina Panthers,10,6,65.9,34.1,127.0,126.0,253.0,229.0,98.0,327.0,game,Spread,Cleveland Browns,,-1.5,polymarket,-234,—,—,,+4,,hit,,,,—,,
2026-09-27T20:12:49.904557+00:00,nfl,2026,3,401872949,4018729493053,3,4:17,B.Young pass incomplete deep middle to D.Moore.,1,10,CLE 38,38,4,Cleveland Browns,Carolina Panthers,10,6,65.9,34.1,127.0,126.0,253.0,229.0,98.0,327.0,game,Total,Over,,40.5,kalshi,108,—,—,,16.0,,miss,,,,—,,
2026-09-27T20:12:49.904557+00:00,nfl,2026,3,401872949,4018729493053,3,4:17,B.Young pass incomplete deep middle to D.Moore.,1,10,CLE 38,38,4,Cleveland Browns,Carolina Panthers,10,6,65.9,34.1,127.0,126.0,253.0,229.0,98.0,327.0,game,Total,Under,,40.5,kalshi,-123,—,—,,16.0,,hit,,,,—,,
2026-09-27T20:12:49.904557+00:00,nfl,2026,3,401872949,4018729493053,3,4:17,B.Young pass incomplete deep middle to D.Moore.,1,10,CLE 38,38,4,Cleveland Browns,Carolina Panthers,10,6,65.9,34.1,127.0,126.0,253.0,229.0,98.0,327.0,game,ML,Carolina Panthers,,,betfair,215,—,—,,Loss,,miss,,,,—,,
2026-09-27T20:12:49.904557+00:00,nfl,2026,3,401872949,4018729493053,3,4:17,B.Young pass incomplete deep middle to D.Moore.,1,10,CLE 38,38,4,Cleveland Browns,Carolina Panthers,10,6,65.9,34.1,127.0,126.0,253.0,229.0,98.0,327.0,game,ML,Cleveland Browns,,,polymarket,-223,—,—,,Win,,hit,,,,—,,
2026-09-27T20:12:49.904557+00:00,nfl,2026,3,401872949,4018729493076,3,4:09,C.Hubbard right tackle to CLV 35 for 3 yards (S.Williams; M.Graham).,2,10,CLE 38,38,4,Cleveland Browns,Carolina Panthers,10,6,65.9,34.1,127.0,126.0,253.0,229.0,98.0,327.0,game,Spread,Carolina Panthers,,1.5,polymarket,177,—,—,,+4,,miss,,,,—,,
2026-09-27T20:12:49.904557+00:00,nfl,2026,3,401872949,4018729493076,3,4:09,C.Hubbard right tackle to CLV 35 for 3 yards (S.Williams; M.Graham).,2,10,CLE 38,38,4,Cleveland Browns,Carolina Panthers,10,6,65.9,34.1,127.0,126.0,253.0,229.0,98.0,327.0,game,Spread,Cleveland Browns,,-1.5,polymarket,-234,—,—,,+4,,hit,,,,—,,
2026-09-27T20:12:49.904557+00:00,nfl,2026,3,401872949,4018729493076,3,4:09,C.Hubbard right tackle to CLV 35 for 3 yards (S.Williams; M.Graham).,2,10,CLE 38,38,4,Cleveland Browns,Carolina Panthers,10,6,65.9,34.1,127.0,126.0,253.0,229.0,98.0,327.0,game,Total,Over,,40.5,kalshi,108,—,—,,16.0,,miss,,,,—,,
2026-09-27T20:12:49.904557+00:00,nfl,2026,3,401872949,4018729493076,3,4:09,C.Hubbard right tackle to CLV 35 for 3 yards (S.Williams; M.Graham).,2,10,CLE 38,38,4,Cleveland Browns,Carolina Panthers,10,6,65.9,34.1,127.0,126.0,253.0,229.0,98.0,327.0,game,Total,Under,,40.5,kalshi,-123,—,—,,16.0,,hit,,,,—,,
2026-09-27T20:12:49.904557+00:00,nfl,2026,3,401872949,4018729493076,3,4:09,C.Hubbard right tackle to CLV 35 for 3 yards (S.Williams; M.Graham).,2,10,CLE 38,38,4,Cleveland Browns,Carolina Panthers,10,6,65.9,34.1,127.0,126.0,253.0,229.0,98.0,327.0,game,ML,Carolina Panthers,,,betfair,215,—,—,,Loss,,miss,,,,—,,
2026-09-27T20:12:49.904557+00:00,nfl,2026,3,401872949,4018729493076,3,4:09,C.Hubbard right tackle to CLV 35 for 3 yards (S.Williams; M.Graham).,2,10,CLE 38,38,4,Cleveland Browns,Carolina Panthers,10,6,65.9,34.1,127.0,126.0,253.0,229.0,98.0,327.0,game,ML,Cleveland Browns,,,polymarket,-223,—,—,,Win,,hit,,,,—,,
2026-09-27T20:12:49.904557+00:00,nfl,2026,3,401872949,4018729493098,3,3:27,(Shotgun) B.Young pass incomplete deep left to B.Tremayne.,3,7,CLE 35,35,4,Cleveland Browns,Carolina Panthers,10,6,65.9,34.1,127.0,126.0,253.0,229.0,98.0,327.0,game,Spread,Carolina Panthers,,1.5,polymarket,177,—,—,,+4,,miss,,,,—,,
2026-09-27T20:12:49.904557+00:00,nfl,2026,3,401872949,4018729493098,3,3:27,(Shotgun) B.Young pass incomplete deep left to B.Tremayne.,3,7,CLE 35,35,4,Cleveland Browns,Carolina Panthers,10,6,65.9,34.1,127.0,126.0,253.0,229.0,98.0,327.0,game,Spread,Cleveland Browns,,-1.5,polymarket,-234,—,—,,+4,,hit,,,,—,,
2026-09-27T20:12:49.904557+00:00,nfl,2026,3,401872949,4018729493098,3,3:27,(Shotgun) B.Young pass incomplete deep left to B.Tremayne.,3,7,CLE 35,35,4,Cleveland Browns,Carolina Panthers,10,6,65.9,34.1,127.0,126.0,253.0,229.0,98.0,327.0,game,Total,Over,,40.5,kalshi,108,—,—,,16.0,,miss,,,,—,,
2026-09-27T20:12:49.904557+00:00,nfl,2026,3,401872949,4018729493098,3,3:27,(Shotgun) B.Young pass incomplete deep left to B.Tremayne.,3,7,CLE 35,35,4,Cleveland Browns,Carolina Panthers,10,6,65.9,34.1,127.0,126.0,253.0,229.0,98.0,327.0,game,Total,Under,,40.5,kalshi,-123,—,—,,16.0,,hit,,,,—,,
2026-09-27T20:12:49.904557+00:00,nfl,2026,3,401872949,4018729493098,3,3:27,(Shotgun) B.Young pass incomplete deep left to B.Tremayne.,3,7,CLE 35,35,4,Cleveland Browns,Carolina Panthers,10,6,65.9,34.1,127.0,126.0,253.0,229.0,98.0,327.0,game,ML,Carolina Panthers,,,betfair,215,—,—,,Loss,,miss,,,,—,,
2026-09-27T20:12:49.904557+00:00,nfl,2026,3,401872949,4018729493098,3,3:27,(Shotgun) B.Young pass incomplete deep left to B.Tremayne.,3,7,CLE 35,35,4,Cleveland Browns,Carolina Panthers,10,6,65.9,34.1,127.0,126.0,253.0,229.0,98.0,327.0,game,ML,Cleveland Browns,,,polymarket,-223,—,—,,Win,,hit,,,,—,,
2026-09-27T20:12:49.904557+00:00,nfl,2026,3,401872949,4018729493121,3,3:17,"R.Fitzgerald 53 yard field goal is GOOD, Center-J.Jansen, Holder-S.Martin.",4,7,CLE 35,35,1,Cleveland Browns,Carolina Panthers,10,9,65.9,34.1,127.0,126.0,253.0,229.0,98.0,327.0,game,Spread,Carolina Panthers,,1.5,polymarket,177,—,—,,+1,,hit,,,,—,,
2026-09-27T20:12:49.904557+00:00,nfl,2026,3,401872949,4018729493121,3,3:17,"R.Fitzgerald 53 yard field goal is GOOD, Center-J.Jansen, Holder-S.Martin.",4,7,CLE 35,35,1,Cleveland Browns,Carolina Panthers,10,9,65.9,34.1,127.0,126.0,253.0,229.0,98.0,327.0,game,Spread,Cleveland Browns,,-1.5,polymarket,-234,—,—,,+1,,miss,,,,—,,
2026-09-27T20:12:49.904557+00:00,nfl,2026,3,401872949,4018729493121,3,3:17,"R.Fitzgerald 53 yard field goal is GOOD, Center-J.Jansen, Holder-S.Martin.",4,7,CLE 35,35,1,Cleveland Browns,Carolina Panthers,10,9,65.9,34.1,127.0,126.0,253.0,229.0,98.0,327.0,game,Total,Over,,40.5,kalshi,108,—,—,,19.0,,miss,,,,—,,
2026-09-27T20:12:49.904557+00:00,nfl,2026,3,401872949,4018729493121,3,3:17,"R.Fitzgerald 53 yard field goal is GOOD, Center-J.Jansen, Holder-S.Martin.",4,7,CLE 35,35,1,Cleveland Browns,Carolina Panthers,10,9,65.9,34.1,127.0,126.0,253.0,229.0,98.0,327.0,game,Total,Under,,40.5,kalshi,-123,—,—,,19.0,,hit,,,,—,,
2026-09-27T20:12:49.904557+00:00,nfl,2026,3,401872949,4018729493121,3,3:17,"R.Fitzgerald 53 yard field goal is GOOD, Center-J.Jansen, Holder-S.Martin.",4,7,CLE 35,35,1,Cleveland Browns,Carolina Panthers,10,9,65.9,34.1,127.0,126.0,253.0,229.0,98.0,327.0,game,ML,Carolina Panthers,,,betfair,215,—,—,,Loss,,miss,,,,—,,
2026-09-27T20:12:49.904557+00:00,nfl,2026,3,401872949,4018729493121,3,3:17,"R.Fitzgerald 53 yard field goal is GOOD, Center-J.Jansen, Holder-S.Martin.",4,7,CLE 35,35,1,Cleveland Browns,Carolina Panthers,10,9,65.9,34.1,127.0,126.0,253.0,229.0,98.0,327.0,game,ML,Cleveland Browns,,,polymarket,-223,—,—,,Win,,hit,,,,—,,
2026-09-27T20:12:49.904557+00:00,nfl,2026,3,401872949,4018729493141,3,3:17,R.Fitzgerald kicks 58 yards from CAR 35 to CLV 7. M.Corley to CLV 33 for 26 yards (C.Smith-Wade; A.Evans).,3,10,CAR 14,65,1,Cleveland Browns,Carolina Panthers,10,9,65.9,34.1,127.0,126.0,253.0,229.0,98.0,327.0,game,Spread,Carolina Panthers,,1.5,polymarket,177,—,—,,+1,,hit,,,,—,,
2026-09-27T20:12:49.904557+00:00,nfl,2026,3,401872949,4018729493141,3,3:17,R.Fitzgerald kicks 58 yards from CAR 35 to CLV 7. M.Corley to CLV 33 for 26 yards (C.Smith-Wade; A.Evans).,3,10,CAR 14,65,1,Cleveland Browns,Carolina Panthers,10,9,65.9,34.1,127.0,126.0,253.0,229.0,98.0,327.0,game,Spread,Cleveland Browns,,-1.5,polymarket,-234,—,—,,+1,,miss,,,,—,,
2026-09-27T20:12:49.904557+00:00,nfl,2026,3,401872949,4018729493141,3,3:17,R.Fitzgerald kicks 58 yards from CAR 35 to CLV 7. M.Corley to CLV 33 for 26 yards (C.Smith-Wade; A.Evans).,3,10,CAR 14,65,1,Cleveland Browns,Carolina Panthers,10,9,65.9,34.1,127.0,126.0,253.0,229.0,98.0,327.0,game,Total,Over,,40.5,kalshi,108,—,—,,19.0,,miss,,,,—,,
2026-09-27T20:12:49.904557+00:00,nfl,2026,3,401872949,4018729493141,3,3:17,R.Fitzgerald kicks 58 yards from CAR 35 to CLV 7. M.Corley to CLV 33 for 26 yards (C.Smith-Wade; A.Evans).,3,10,CAR 14,65,1,Cleveland Browns,Carolina Panthers,10,9,65.9,34.1,127.0,126.0,253.0,229.0,98.0,327.0,game,Total,Under,,40.5,kalshi,-123,—,—,,19.0,,hit,,,,—,,
2026-09-27T20:12:49.904557+00:00,nfl,2026,3,401872949,4018729493141,3,3:17,R.Fitzgerald kicks 58 yards from CAR 35 to CLV 7. M.Corley to CLV 33 for 26 yards (C.Smith-Wade; A.Evans).,3,10,CAR 14,65,1,Cleveland Browns,Carolina Panthers,10,9,65.9,34.1,127.0,126.0,253.0,229.0,98.0,327.0,game,ML,Carolina Panthers,,,betfair,215,—,—,,Loss,,miss,,,,—,,
2026-09-27T20:12:49.904557+00:00,nfl,2026,3,401872949,4018729493141,3,3:17,R.Fitzgerald kicks 58 yards from CAR 35 to CLV 7. M.Corley to CLV 33 for 26 yards (C.Smith-Wade; A.Evans).,3,10,CAR 14,65,1,Cleveland Browns,Carolina Panthers,10,9,65.9,34.1,127.0,126.0,253.0,229.0,98.0,327.0,game,ML,Cleveland Browns,,,polymarket,-223,—,—,,Win,,hit,,,,—,,
2026-09-27T20:12:49.904557+00:00,nfl,2026,3,401872949,4018729493164,3,3:12,(Shotgun) D.Watson pass incomplete short left to K.Concepcion.,1,10,CLE 33,33,1,Cleveland Browns,Carolina Panthers,10,9,65.9,34.1,127.0,126.0,253.0,229.0,98.0,327.0,game,Spread,Carolina Panthers,,1.5,polymarket,177,—,—,,+1,,hit,,,,—,,
2026-09-27T20:12:49.904557+00:00,nfl,2026,3,401872949,4018729493164,3,3:12,(Shotgun) D.Watson pass incomplete short left to K.Concepcion.,1,10,CLE 33,33,1,Cleveland Browns,Carolina Panthers,10,9,65.9,34.1,127.0,126.0,253.0,229.0,98.0,327.0,game,Spread,Cleveland Browns,,-1.5,polymarket,-234,—,—,,+1,,miss,,,,—,,
2026-09-27T20:12:49.904557+00:00,nfl,2026,3,401872949,4018729493164,3,3:12,(Shotgun) D.Watson pass incomplete short left to K.Concepcion.,1,10,CLE 33,33,1,Cleveland Browns,Carolina Panthers,10,9,65.9,34.1,127.0,126.0,253.0,229.0,98.0,327.0,game,Total,Over,,40.5,kalshi,108,—,—,,19.0,,miss,,,,—,,
2026-09-27T20:12:49.904557+00:00,nfl,2026,3,401872949,4018729493164,3,3:12,(Shotgun) D.Watson pass incomplete short left to K.Concepcion.,1,10,CLE 33,33,1,Cleveland Browns,Carolina Panthers,10,9,65.9,34.1,127.0,126.0,253.0,229.0,98.0,327.0,game,Total,Under,,40.5,kalshi,-123,—,—,,19.0,,hit,,,,—,,
2026-09-27T20:12:49.904557+00:00,nfl,2026,3,401872949,4018729493164,3,3:12,(Shotgun) D.Watson pass incomplete short left to K.Concepcion.,1,10,CLE 33,33,1,Cleveland Browns,Carolina Panthers,10,9,65.9,34.1,127.0,126.0,253.0,229.0,98.0,327.0,game,ML,Carolina Panthers,,,betfair,215,—,—,,Loss,,miss,,,,—,,
2026-09-27T20:12:49.904557+00:00,nfl,2026,3,401872949,4018729493164,3,3:12,(Shotgun) D.Watson pass incomplete short left to K.Concepcion.,1,10,CLE 33,33,1,Cleveland Browns,Carolina Panthers,10,9,65.9,34.1,127.0,126.0,253.0,229.0,98.0,327.0,game,ML,Cleveland Browns,,,polymarket,-223,—,—,,Win,,hit,,,,—,,
2026-09-27T20:12:49.904557+00:00,nfl,2026,3,401872949,4018729493187,3,3:09,(Shotgun) D.Watson pass incomplete short right to K.Concepcion [T.Edwards].,2,10,CLE 33,33,1,Cleveland Browns,Carolina Panthers,10,9,65.9,34.1,127.0,126.0,253.0,229.0,98.0,327.0,game,Spread,Carolina Panthers,,1.5,polymarket,177,—,—,,+1,,hit,,,,—,,
2026-09-27T20:12:49.904557+00:00,nfl,2026,3,401872949,4018729493187,3,3:09,(Shotgun) D.Watson pass incomplete short right to K.Concepcion [T.Edwards].,2,10,CLE 33,33,1,Cleveland Browns,Carolina Panthers,10,9,65.9,34.1,127.0,126.0,253.0,229.0,98.0,327.0,game,Spread,Cleveland Browns,,-1.5,polymarket,-234,—,—,,+1,,miss,,,,—,,
2026-09-27T20:12:49.904557+00:00,nfl,2026,3,401872949,4018729493187,3,3:09,(Shotgun) D.Watson pass incomplete short right to K.Concepcion [T.Edwards].,2,10,CLE 33,33,1,Cleveland Browns,Carolina Panthers,10,9,65.9,34.1,127.0,126.0,253.0,229.0,98.0,327.0,game,Total,Over,,40.5,kalshi,108,—,—,,19.0,,miss,,,,—,,
2026-09-27T20:12:49.904557+00:00,nfl,2026,3,401872949,4018729493187,3,3:09,(Shotgun) D.Watson pass incomplete short right to K.Concepcion [T.Edwards].,2,10,CLE 33,33,1,Cleveland Browns,Carolina Panthers,10,9,65.9,34.1,127.0,126.0,253.0,229.0,98.0,327.0,game,Total,Under,,40.5,kalshi,-123,—,—,,19.0,,hit,,,,—,,
2026-09-27T20:12:49.904557+00:00,nfl,2026,3,401872949,4018729493187,3,3:09,(Shotgun) D.Watson pass incomplete short right to K.Concepcion [T.Edwards].,2,10,CLE 33,33,1,Cleveland Browns,Carolina Panthers,10,9,65.9,34.1,127.0,126.0,253.0,229.0,98.0,327.0,game,ML,Carolina Panthers,,,betfair,215,—,—,,Loss,,miss,,,,—,,
2026-09-27T20:12:49.904557+00:00,nfl,2026,3,401872949,4018729493187,3,3:09,(Shotgun) D.Watson pass incomplete short right to K.Concepcion [T.Edwards].,2,10,CLE 33,33,1,Cleveland Browns,Carolina Panthers,10,9,65.9,34.1,127.0,126.0,253.0,229.0,98.0,327.0,game,ML,Cleveland Browns,,,polymarket,-223,—,—,,Win,,hit,,,,—,,
2026-09-27T20:12:49.904557+00:00,nfl,2026,3,401872949,4018729493210,3,3:00,"(Shotgun) PENALTY on CLV-T.Howard, False Start, 5 yards, enforced at CLV 33 - No Play.",3,10,CLE 33,33,1,Cleveland Browns,Carolina Panthers,10,9,65.9,34.1,127.0,126.0,253.0,229.0,98.0,327.0,game,Spread,Carolina Panthers,,1.5,polymarket,177,—,—,,+1,,hit,,,,—,,
2026-09-27T20:12:49.904557+00:00,nfl,2026,3,401872949,4018729493210,3,3:00,"(Shotgun) PENALTY on CLV-T.Howard, False Start, 5 yards, enforced at CLV 33 - No Play.",3,10,CLE 33,33,1,Cleveland Browns,Carolina Panthers,10,9,65.9,34.1,127.0,126.0,253.0,229.0,98.0,327.0,game,Spread,Cleveland Browns,,-1.5,polymarket,-234,—,—,,+1,,miss,,,,—,,
2026-09-27T20:12:49.904557+00:00,nfl,2026,3,401872949,4018729493210,3,3:00,"(Shotgun) PENALTY on CLV-T.Howard, False Start, 5 yards, enforced at CLV 33 - No Play.",3,10,CLE 33,33,1,Cleveland Browns,Carolina Panthers,10,9,65.9,34.1,127.0,126.0,253.0,229.0,98.0,327.0,game,Total,Over,,40.5,kalshi,108,—,—,,19.0,,miss,,,,—,,
2026-09-27T20:12:49.904557+00:00,nfl,2026,3,401872949,4018729493210,3,3:00,"(Shotgun) PENALTY on CLV-T.Howard, False Start, 5 yards, enforced at CLV 33 - No Play.",3,10,CLE 33,33,1,Cleveland Browns,Carolina Panthers,10,9,65.9,34.1,127.0,126.0,253.0,229.0,98.0,327.0,game,Total,Under,,40.5,kalshi,-123,—,—,,19.0,,hit,,,,—,,
2026-09-27T20:12:49.904557+00:00,nfl,2026,3,401872949,4018729493210,3,3:00,"(Shotgun) PENALTY on CLV-T.Howard, False Start, 5 yards, enforced at CLV 33 - No Play.",3,10,CLE 33,33,1,Cleveland Browns,Carolina Panthers,10,9,65.9,34.1,127.0,126.0,253.0,229.0,98.0,327.0,game,ML,Carolina Panthers,,,betfair,215,—,—,,Loss,,miss,,,,—,,
2026-09-27T20:12:49.904557+00:00,nfl,2026,3,401872949,4018729493210,3,3:00,"(Shotgun) PENALTY on CLV-T.Howard, False Start, 5 yards, enforced at CLV 33 - No Play.",3,10,CLE 33,33,1,Cleveland Browns,Carolina Panthers,10,9,65.9,34.1,127.0,126.0,253.0,229.0,98.0,327.0,game,ML,Cleveland Browns,,,polymarket,-223,—,—,,Win,,hit,,,,—,,
2026-09-27T20:12:49.904557+00:00,nfl,2026,3,401872949,4018729493234,3,3:00,(Shotgun) D.Watson pass short middle to H.Fannin to CLV 34 for 6 yards (L.Ransom) [P.Jones].,3,15,CLE 28,28,1,Cleveland Browns,Carolina Panthers,10,9,65.9,34.1,127.0,126.0,253.0,229.0,98.0,327.0,game,Spread,Carolina Panthers,,1.5,polymarket,177,—,—,,+1,,hit,,,,—,,
2026-09-27T20:12:49.904557+00:00,nfl,2026,3,401872949,4018729493234,3,3:00,(Shotgun) D.Watson pass short middle to H.Fannin to CLV 34 for 6 yards (L.Ransom) [P.Jones].,3,15,CLE 28,28,1,Cleveland Browns,Carolina Panthers,10,9,65.9,34.1,127.0,126.0,253.0,229.0,98.0,327.0,game,Spread,Cleveland Browns,,-1.5,polymarket,-234,—,—,,+1,,miss,,,,—,,
2026-09-27T20:12:49.904557+00:00,nfl,2026,3,401872949,4018729493234,3,3:00,(Shotgun) D.Watson pass short middle to H.Fannin to CLV 34 for 6 yards (L.Ransom) [P.Jones].,3,15,CLE 28,28,1,Cleveland Browns,Carolina Panthers,10,9,65.9,34.1,127.0,126.0,253.0,229.0,98.0,327.0,game,Total,Over,,40.5,kalshi,108,—,—,,19.0,,miss,,,,—,,
2026-09-27T20:12:49.904557+00:00,nfl,2026,3,401872949,4018729493234,3,3:00,(Shotgun) D.Watson pass short middle to H.Fannin to CLV 34 for 6 yards (L.Ransom) [P.Jones].,3,15,CLE 28,28,1,Cleveland Browns,Carolina Panthers,10,9,65.9,34.1,127.0,126.0,253.0,229.0,98.0,327.0,game,Total,Under,,40.5,kalshi,-123,—,—,,19.0,,hit,,,,—,,
2026-09-27T20:12:49.904557+00:00,nfl,2026,3,401872949,4018729493234,3,3:00,(Shotgun) D.Watson pass short middle to H.Fannin to CLV 34 for 6 yards (L.Ransom) [P.Jones].,3,15,CLE 28,28,1,Cleveland Browns,Carolina Panthers,10,9,65.9,34.1,127.0,126.0,253.0,229.0,98.0,327.0,game,ML,Carolina Panthers,,,betfair,215,—,—,,Loss,,miss,,,,—,,
2026-09-27T20:12:49.904557+00:00,nfl,2026,3,401872949,4018729493234,3,3:00,(Shotgun) D.Watson pass short middle to H.Fannin to CLV 34 for 6 yards (L.Ransom) [P.Jones].,3,15,CLE 28,28,1,Cleveland Browns,Carolina Panthers,10,9,65.9,34.1,127.0,126.0,253.0,229.0,98.0,327.0,game,ML,Cleveland Browns,,,polymarket,-223,—,—,,Win,,hit,,,,—,,
2026-09-27T20:12:49.904557+00:00,nfl,2026,3,401872949,4018729493259,3,2:18,"C.Bojorquez punts 53 yards to CAR 13, Center-R.Sunahara, out of bounds.",4,9,CLE 34,34,1,Cleveland Browns,Carolina Panthers,10,9,65.9,34.1,127.0,126.0,253.0,229.0,98.0,327.0,game,Spread,Carolina Panthers,,1.5,polymarket,177,—,—,,+1,,hit,,,,—,,
2026-09-27T20:12:49.904557+00:00,nfl,2026,3,401872949,4018729493259,3,2:18,"C.Bojorquez punts 53 yards to CAR 13, Center-R.Sunahara, out of bounds.",4,9,CLE 34,34,1,Cleveland Browns,Carolina Panthers,10,9,65.9,34.1,127.0,126.0,253.0,229.0,98.0,327.0,game,Spread,Cleveland Browns,,-1.5,polymarket,-234,—,—,,+1,,miss,,,,—,,
2026-09-27T20:12:49.904557+00:00,nfl,2026,3,401872949,4018729493259,3,2:18,"C.Bojorquez punts 53 yards to CAR 13, Center-R.Sunahara, out of bounds.",4,9,CLE 34,34,1,Cleveland Browns,Carolina Panthers,10,9,65.9,34.1,127.0,126.0,253.0,229.0,98.0,327.0,game,Total,Over,,40.5,kalshi,108,—,—,,19.0,,miss,,,,—,,
2026-09-27T20:12:49.904557+00:00,nfl,2026,3,401872949,4018729493259,3,2:18,"C.Bojorquez punts 53 yards to CAR 13, Center-R.Sunahara, out of bounds.",4,9,CLE 34,34,1,Cleveland Browns,Carolina Panthers,10,9,65.9,34.1,127.0,126.0,253.0,229.0,98.0,327.0,game,Total,Under,,40.5,kalshi,-123,—,—,,19.0,,hit,,,,—,,
2026-09-27T20:12:49.904557+00:00,nfl,2026,3,401872949,4018729493259,3,2:18,"C.Bojorquez punts 53 yards to CAR 13, Center-R.Sunahara, out of bounds.",4,9,CLE 34,34,1,Cleveland Browns,Carolina Panthers,10,9,65.9,34.1,127.0,126.0,253.0,229.0,98.0,327.0,game,ML,Carolina Panthers,,,betfair,215,—,—,,Loss,,miss,,,,—,,
2026-09-27T20:12:49.904557+00:00,nfl,2026,3,401872949,4018729493259,3,2:18,"C.Bojorquez punts 53 yards to CAR 13, Center-R.Sunahara, out of bounds.",4,9,CLE 34,34,1,Cleveland Browns,Carolina Panthers,10,9,65.9,34.1,127.0,126.0,253.0,229.0,98.0,327.0,game,ML,Cleveland Browns,,,polymarket,-223,—,—,,Win,,hit,,,,—,,
2026-09-27T20:12:49.904557+00:00,nfl,2026,3,401872949,4018729493278,3,2:10,A.Dillon left guard to CAR 17 for 4 yards (R.Hickman; M.Hall).,1,10,CAR 13,87,1,Cleveland Browns,Carolina Panthers,10,9,65.9,34.1,127.0,126.0,253.0,229.0,98.0,327.0,game,Spread,Carolina Panthers,,1.5,polymarket,177,—,—,,+1,,hit,,,,—,,
2026-09-27T20:12:49.904557+00:00,nfl,2026,3,401872949,4018729493278,3,2:10,A.Dillon left guard to CAR 17 for 4 yards (R.Hickman; M.Hall).,1,10,CAR 13,87,1,Cleveland Browns,Carolina Panthers,10,9,65.9,34.1,127.0,126.0,253.0,229.0,98.0,327.0,game,Spread,Cleveland Browns,,-1.5,polymarket,-234,—,—,,+1,,miss,,,,—,,
2026-09-27T20:12:49.904557+00:00,nfl,2026,3,401872949,4018729493278,3,2:10,A.Dillon left guard to CAR 17 for 4 yards (R.Hickman; M.Hall).,1,10,CAR 13,87,1,Cleveland Browns,Carolina Panthers,10,9,65.9,34.1,127.0,126.0,253.0,229.0,98.0,327.0,game,Total,Over,,40.5,kalshi,108,—,—,,19.0,,miss,,,,—,,
2026-09-27T20:12:49.904557+00:00,nfl,2026,3,401872949,4018729493278,3,2:10,A.Dillon left guard to CAR 17 for 4 yards (R.Hickman; M.Hall).,1,10,CAR 13,87,1,Cleveland Browns,Carolina Panthers,10,9,65.9,34.1,127.0,126.0,253.0,229.0,98.0,327.0,game,Total,Under,,40.5,kalshi,-123,—,—,,19.0,,hit,,,,—,,
2026-09-27T20:12:49.904557+00:00,nfl,2026,3,401872949,4018729493278,3,2:10,A.Dillon left guard to CAR 17 for 4 yards (R.Hickman; M.Hall).,1,10,CAR 13,87,1,Cleveland Browns,Carolina Panthers,10,9,65.9,34.1,127.0,126.0,253.0,229.0,98.0,327.0,game,ML,Carolina Panthers,,,betfair,215,—,—,,Loss,,miss,,,,—,,
2026-09-27T20:12:49.904557+00:00,nfl,2026,3,401872949,4018729493278,3,2:10,A.Dillon left guard to CAR 17 for 4 yards (R.Hickman; M.Hall).,1,10,CAR 13,87,1,Cleveland Browns,Carolina Panthers,10,9,65.9,34.1,127.0,126.0,253.0,229.0,98.0,327.0,game,ML,Cleveland Browns,,,polymarket,-223,—,—,,Win,,hit,,,,—,,
2026-09-27T20:12:49.904557+00:00,nfl,2026,3,401872949,4018729493300,3,1:36,A.Dillon left tackle to CAR 28 for 11 yards (E.McNeil-Warren; C.Schwesinger).,2,6,CAR 17,83,1,Cleveland Browns,Carolina Panthers,10,9,65.9,34.1,127.0,126.0,253.0,229.0,98.0,327.0,game,Spread,Carolina Panthers,,1.5,polymarket,177,—,—,,+1,,hit,,,,—,,
2026-09-27T20:12:49.904557+00:00,nfl,2026,3,401872949,4018729493300,3,1:36,A.Dillon left tackle to CAR 28 for 11 yards (E.McNeil-Warren; C.Schwesinger).,2,6,CAR 17,83,1,Cleveland Browns,Carolina Panthers,10,9,65.9,34.1,127.0,126.0,253.0,229.0,98.0,327.0,game,Spread,Cleveland Browns,,-1.5,polymarket,-234,—,—,,+1,,miss,,,,—,,
2026-09-27T20:12:49.904557+00:00,nfl,2026,3,401872949,4018729493300,3,1:36,A.Dillon left tackle to CAR 28 for 11 yards (E.McNeil-Warren; C.Schwesinger).,2,6,CAR 17,83,1,Cleveland Browns,Carolina Panthers,10,9,65.9,34.1,127.0,126.0,253.0,229.0,98.0,327.0,game,Total,Over,,40.5,kalshi,108,—,—,,19.0,,miss,,,,—,,
2026-09-27T20:12:49.904557+00:00,nfl,2026,3,401872949,4018729493300,3,1:36,A.Dillon left tackle to CAR 28 for 11 yards (E.McNeil-Warren; C.Schwesinger).,2,6,CAR 17,83,1,Cleveland Browns,Carolina Panthers,10,9,65.9,34.1,127.0,126.0,253.0,229.0,98.0,327.0,game,Total,Under,,40.5,kalshi,-123,—,—,,19.0,,hit,,,,—,,
2026-09-27T20:12:49.904557+00:00,nfl,2026,3,401872949,4018729493300,3,1:36,A.Dillon left tackle to CAR 28 for 11 yards (E.McNeil-Warren; C.Schwesinger).,2,6,CAR 17,83,1,Cleveland Browns,Carolina Panthers,10,9,65.9,34.1,127.0,126.0,253.0,229.0,98.0,327.0,game,ML,Carolina Panthers,,,betfair,215,—,—,,Loss,,miss,,,,—,,
2026-09-27T20:12:49.904557+00:00,nfl,2026,3,401872949,4018729493300,3,1:36,A.Dillon left tackle to CAR 28 for 11 yards (E.McNeil-Warren; C.Schwesinger).,2,6,CAR 17,83,1,Cleveland Browns,Carolina Panthers,10,9,65.9,34.1,127.0,126.0,253.0,229.0,98.0,327.0,game,ML,Cleveland Browns,,,polymarket,-223,—,—,,Win,,hit,,,,—,,
2026-09-27T20:12:49.904557+00:00,nfl,2026,3,401872949,4018729493322,3,0:59,(Shotgun) B.Young pass incomplete short left.,1,10,CAR 28,72,1,Cleveland Browns,Carolina Panthers,10,9,65.9,34.1,127.0,126.0,253.0,229.0,98.0,327.0,game,Spread,Carolina Panthers,,1.5,polymarket,177,—,—,,+1,,hit,,,,—,,
2026-09-27T20:12:49.904557+00:00,nfl,2026,3,401872949,4018729493322,3,0:59,(Shotgun) B.Young pass incomplete short left.,1,10,CAR 28,72,1,Cleveland Browns,Carolina Panthers,10,9,65.9,34.1,127.0,126.0,253.0,229.0,98.0,327.0,game,Spread,Cleveland Browns,,-1.5,polymarket,-234,—,—,,+1,,miss,,,,—,,
2026-09-27T20:12:49.904557+00:00,nfl,2026,3,401872949,4018729493322,3,0:59,(Shotgun) B.Young pass incomplete short left.,1,10,CAR 28,72,1,Cleveland Browns,Carolina Panthers,10,9,65.9,34.1,127.0,126.0,253.0,229.0,98.0,327.0,game,Total,Over,,40.5,kalshi,108,—,—,,19.0,,miss,,,,—,,
2026-09-27T20:12:49.904557+00:00,nfl,2026,3,401872949,4018729493322,3,0:59,(Shotgun) B.Young pass incomplete short left.,1,10,CAR 28,72,1,Cleveland Browns,Carolina Panthers,10,9,65.9,34.1,127.0,126.0,253.0,229.0,98.0,327.0,game,Total,Under,,40.5,kalshi,-123,—,—,,19.0,,hit,,,,—,,
2026-09-27T20:12:49.904557+00:00,nfl,2026,3,401872949,4018729493322,3,0:59,(Shotgun) B.Young pass incomplete short left.,1,10,CAR 28,72,1,Cleveland Browns,Carolina Panthers,10,9,65.9,34.1,127.0,126.0,253.0,229.0,98.0,327.0,game,ML,Carolina Panthers,,,betfair,215,—,—,,Loss,,miss,,,,—,,
2026-09-27T20:12:49.904557+00:00,nfl,2026,3,401872949,4018729493322,3,0:59,(Shotgun) B.Young pass incomplete short left.,1,10,CAR 28,72,1,Cleveland Browns,Carolina Panthers,10,9,65.9,34.1,127.0,126.0,253.0,229.0,98.0,327.0,game,ML,Cleveland Browns,,,polymarket,-223,—,—,,Win,,hit,,,,—,,
2026-09-27T20:12:49.904557+00:00,nfl,2026,3,401872949,4018729493345,3,0:52,(Shotgun) B.Young pass short right to M.Evans to CAR 34 for 6 yards (G.Delpit; C.Schwesinger).,2,10,CAR 28,72,1,Cleveland Browns,Carolina Panthers,10,9,65.9,34.1,127.0,126.0,253.0,229.0,98.0,327.0,game,Spread,Carolina Panthers,,1.5,polymarket,177,—,—,,+1,,hit,,,,—,,
2026-09-27T20:12:49.904557+00:00,nfl,2026,3,401872949,4018729493345,3,0:52,(Shotgun) B.Young pass short right to M.Evans to CAR 34 for 6 yards (G.Delpit; C.Schwesinger).,2,10,CAR 28,72,1,Cleveland Browns,Carolina Panthers,10,9,65.9,34.1,127.0,126.0,253.0,229.0,98.0,327.0,game,Spread,Cleveland Browns,,-1.5,polymarket,-234,—,—,,+1,,miss,,,,—,,
2026-09-27T20:12:49.904557+00:00,nfl,2026,3,401872949,4018729493345,3,0:52,(Shotgun) B.Young pass short right to M.Evans to CAR 34 for 6 yards (G.Delpit; C.Schwesinger).,2,10,CAR 28,72,1,Cleveland Browns,Carolina Panthers,10,9,65.9,34.1,127.0,126.0,253.0,229.0,98.0,327.0,game,Total,Over,,40.5,kalshi,108,—,—,,19.0,,miss,,,,—,,
2026-09-27T20:12:49.904557+00:00,nfl,2026,3,401872949,4018729493345,3,0:52,(Shotgun) B.Young pass short right to M.Evans to CAR 34 for 6 yards (G.Delpit; C.Schwesinger).,2,10,CAR 28,72,1,Cleveland Browns,Carolina Panthers,10,9,65.9,34.1,127.0,126.0,253.0,229.0,98.0,327.0,game,Total,Under,,40.5,kalshi,-123,—,—,,19.0,,hit,,,,—,,
2026-09-27T20:12:49.904557+00:00,nfl,2026,3,401872949,4018729493345,3,0:52,(Shotgun) B.Young pass short right to M.Evans to CAR 34 for 6 yards (G.Delpit; C.Schwesinger).,2,10,CAR 28,72,1,Cleveland Browns,Carolina Panthers,10,9,65.9,34.1,127.0,126.0,253.0,229.0,98.0,327.0,game,ML,Carolina Panthers,,,betfair,215,—,—,,Loss,,miss,,,,—,,
2026-09-27T20:12:49.904557+00:00,nfl,2026,3,401872949,4018729493345,3,0:52,(Shotgun) B.Young pass short right to M.Evans to CAR 34 for 6 yards (G.Delpit; C.Schwesinger).,2,10,CAR 28,72,1,Cleveland Browns,Carolina Panthers,10,9,65.9,34.1,127.0,126.0,253.0,229.0,98.0,327.0,game,ML,Cleveland Browns,,,polymarket,-223,—,—,,Win,,hit,,,,—,,
2026-09-27T20:12:49.904557+00:00,nfl,2026,3,401872949,4018729493370,3,0:13,(Shotgun) B.Young pass deep left to B.Tremayne to CLV 35 for 31 yards (M.Blackmon).,3,4,CAR 34,66,1,Cleveland Browns,Carolina Panthers,10,9,65.9,34.1,127.0,126.0,253.0,229.0,98.0,327.0,game,Spread,Carolina Panthers,,1.5,polymarket,177,—,—,,+1,,hit,,,,—,,
2026-09-27T20:12:49.904557+00:00,nfl,2026,3,401872949,4018729493370,3,0:13,(Shotgun) B.Young pass deep left to B.Tremayne to CLV 35 for 31 yards (M.Blackmon).,3,4,CAR 34,66,1,Cleveland Browns,Carolina Panthers,10,9,65.9,34.1,127.0,126.0,253.0,229.0,98.0,327.0,game,Spread,Cleveland Browns,,-1.5,polymarket,-234,—,—,,+1,,miss,,,,—,,
2026-09-27T20:12:49.904557+00:00,nfl,2026,3,401872949,4018729493370,3,0:13,(Shotgun) B.Young pass deep left to B.Tremayne to CLV 35 for 31 yards (M.Blackmon).,3,4,CAR 34,66,1,Cleveland Browns,Carolina Panthers,10,9,65.9,34.1,127.0,126.0,253.0,229.0,98.0,327.0,game,Total,Over,,40.5,kalshi,108,—,—,,19.0,,miss,,,,—,,
2026-09-27T20:12:49.904557+00:00,nfl,2026,3,401872949,4018729493370,3,0:13,(Shotgun) B.Young pass deep left to B.Tremayne to CLV 35 for 31 yards (M.Blackmon).,3,4,CAR 34,66,1,Cleveland Browns,Carolina Panthers,10,9,65.9,34.1,127.0,126.0,253.0,229.0,98.0,327.0,game,Total,Under,,40.5,kalshi,-123,—,—,,19.0,,hit,,,,—,,
2026-09-27T20:12:49.904557+00:00,nfl,2026,3,401872949,4018729493370,3,0:13,(Shotgun) B.Young pass deep left to B.Tremayne to CLV 35 for 31 yards (M.Blackmon).,3,4,CAR 34,66,1,Cleveland Browns,Carolina Panthers,10,9,65.9,34.1,127.0,126.0,253.0,229.0,98.0,327.0,game,ML,Carolina Panthers,,,betfair,215,—,—,,Loss,,miss,,,,—,,
2026-09-27T20:12:49.904557+00:00,nfl,2026,3,401872949,4018729493370,3,0:13,(Shotgun) B.Young pass deep left to B.Tremayne to CLV 35 for 31 yards (M.Blackmon).,3,4,CAR 34,66,1,Cleveland Browns,Carolina Panthers,10,9,65.9,34.1,127.0,126.0,253.0,229.0,98.0,327.0,game,ML,Cleveland Browns,,,polymarket,-223,—,—,,Win,,hit,,,,—,,
2026-09-27T20:12:49.904557+00:00,nfl,2026,3,401872949,4018729493395,3,0:00,END QUARTER 3,1,10,CAR 14,35,1,Cleveland Browns,Carolina Panthers,10,9,65.9,34.1,127.0,126.0,253.0,229.0,98.0,327.0,game,Spread,Carolina Panthers,,1.5,polymarket,177,—,—,,+1,,hit,,,,—,,
2026-09-27T20:12:49.904557+00:00,nfl,2026,3,401872949,4018729493395,3,0:00,END QUARTER 3,1,10,CAR 14,35,1,Cleveland Browns,Carolina Panthers,10,9,65.9,34.1,127.0,126.0,253.0,229.0,98.0,327.0,game,Spread,Cleveland Browns,,-1.5,polymarket,-234,—,—,,+1,,miss,,,,—,,
2026-09-27T20:12:49.904557+00:00,nfl,2026,3,401872949,4018729493395,3,0:00,END QUARTER 3,1,10,CAR 14,35,1,Cleveland Browns,Carolina Panthers,10,9,65.9,34.1,127.0,126.0,253.0,229.0,98.0,327.0,game,Total,Over,,40.5,kalshi,108,—,—,,19.0,,miss,,,,—,,
2026-09-27T20:12:49.904557+00:00,nfl,2026,3,401872949,4018729493395,3,0:00,END QUARTER 3,1,10,CAR 14,35,1,Cleveland Browns,Carolina Panthers,10,9,65.9,34.1,127.0,126.0,253.0,229.0,98.0,327.0,game,Total,Under,,40.5,kalshi,-123,—,—,,19.0,,hit,,,,—,,
2026-09-27T20:12:49.904557+00:00,nfl,2026,3,401872949,4018729493395,3,0:00,END QUARTER 3,1,10,CAR 14,35,1,Cleveland Browns,Carolina Panthers,10,9,65.9,34.1,127.0,126.0,253.0,229.0,98.0,327.0,game,ML,Carolina Panthers,,,betfair,215,—,—,,Loss,,miss,,,,—,,
2026-09-27T20:12:49.904557+00:00,nfl,2026,3,401872949,4018729493395,3,0:00,END QUARTER 3,1,10,CAR 14,35,1,Cleveland Browns,Carolina Panthers,10,9,65.9,34.1,127.0,126.0,253.0,229.0,98.0,327.0,game,ML,Cleveland Browns,,,polymarket,-223,—,—,,Win,,hit,,,,—,,
2026-09-27T20:12:49.904557+00:00,nfl,2026,3,401872949,4018729493415,4,15:00,A.Dillon right guard to CLV 32 for 3 yards (Q.Williams; R.Hickman).,1,10,CLE 35,35,1,Cleveland Browns,Carolina Panthers,10,9,65.9,34.1,127.0,126.0,253.0,229.0,98.0,327.0,game,Spread,Carolina Panthers,,1.5,polymarket,177,—,—,,+1,,hit,,,,—,,
2026-09-27T20:12:49.904557+00:00,nfl,2026,3,401872949,4018729493415,4,15:00,A.Dillon right guard to CLV 32 for 3 yards (Q.Williams; R.Hickman).,1,10,CLE 35,35,1,Cleveland Browns,Carolina Panthers,10,9,65.9,34.1,127.0,126.0,253.0,229.0,98.0,327.0,game,Spread,Cleveland Browns,,-1.5,polymarket,-234,—,—,,+1,,miss,,,,—,,
2026-09-27T20:12:49.904557+00:00,nfl,2026,3,401872949,4018729493415,4,15:00,A.Dillon right guard to CLV 32 for 3 yards (Q.Williams; R.Hickman).,1,10,CLE 35,35,1,Cleveland Browns,Carolina Panthers,10,9,65.9,34.1,127.0,126.0,253.0,229.0,98.0,327.0,game,Total,Over,,40.5,kalshi,108,—,—,,19.0,,miss,,,,—,,
2026-09-27T20:12:49.904557+00:00,nfl,2026,3,401872949,4018729493415,4,15:00,A.Dillon right guard to CLV 32 for 3 yards (Q.Williams; R.Hickman).,1,10,CLE 35,35,1,Cleveland Browns,Carolina Panthers,10,9,65.9,34.1,127.0,126.0,253.0,229.0,98.0,327.0,game,Total,Under,,40.5,kalshi,-123,—,—,,19.0,,hit,,,,—,,
2026-09-27T20:12:49.904557+00:00,nfl,2026,3,401872949,4018729493415,4,15:00,A.Dillon right guard to CLV 32 for 3 yards (Q.Williams; R.Hickman).,1,10,CLE 35,35,1,Cleveland Browns,Carolina Panthers,10,9,65.9,34.1,127.0,126.0,253.0,229.0,98.0,327.0,game,ML,Carolina Panthers,,,betfair,215,—,—,,Loss,,miss,,,,—,,
2026-09-27T20:12:49.904557+00:00,nfl,2026,3,401872949,4018729493415,4,15:00,A.Dillon right guard to CLV 32 for 3 yards (Q.Williams; R.Hickman).,1,10,CLE 35,35,1,Cleveland Browns,Carolina Panthers,10,9,65.9,34.1,127.0,126.0,253.0,229.0,98.0,327.0,game,ML,Cleveland Browns,,,polymarket,-223,—,—,,Win,,hit,,,,—,,
2026-09-27T20:12:49.904557+00:00,nfl,2026,3,401872949,4018729493437,4,14:28,"B.Young pass short right to A.Dillon to CLV 34 for -2 yards (I.McGuire, Q.Williams).",2,7,CLE 32,32,1,Cleveland Browns,Carolina Panthers,10,9,65.9,34.1,127.0,126.0,253.0,229.0,98.0,327.0,game,Spread,Carolina Panthers,,1.5,polymarket,177,—,—,,+1,,hit,,,,—,,
2026-09-27T20:12:49.904557+00:00,nfl,2026,3,401872949,4018729493437,4,14:28,"B.Young pass short right to A.Dillon to CLV 34 for -2 yards (I.McGuire, Q.Williams).",2,7,CLE 32,32,1,Cleveland Browns,Carolina Panthers,10,9,65.9,34.1,127.0,126.0,253.0,229.0,98.0,327.0,game,Spread,Cleveland Browns,,-1.5,polymarket,-234,—,—,,+1,,miss,,,,—,,
2026-09-27T20:12:49.904557+00:00,nfl,2026,3,401872949,4018729493437,4,14:28,"B.Young pass short right to A.Dillon to CLV 34 for -2 yards (I.McGuire, Q.Williams).",2,7,CLE 32,32,1,Cleveland Browns,Carolina Panthers,10,9,65.9,34.1,127.0,126.0,253.0,229.0,98.0,327.0,game,Total,Over,,40.5,kalshi,108,—,—,,19.0,,miss,,,,—,,
2026-09-27T20:12:49.904557+00:00,nfl,2026,3,401872949,4018729493437,4,14:28,"B.Young pass short right to A.Dillon to CLV 34 for -2 yards (I.McGuire, Q.Williams).",2,7,CLE 32,32,1,Cleveland Browns,Carolina Panthers,10,9,65.9,34.1,127.0,126.0,253.0,229.0,98.0,327.0,game,Total,Under,,40.5,kalshi,-123,—,—,,19.0,,hit,,,,—,,
2026-09-27T20:12:49.904557+00:00,nfl,2026,3,401872949,4018729493437,4,14:28,"B.Young pass short right to A.Dillon to CLV 34 for -2 yards (I.McGuire, Q.Williams).",2,7,CLE 32,32,1,Cleveland Browns,Carolina Panthers,10,9,65.9,34.1,127.0,126.0,253.0,229.0,98.0,327.0,game,ML,Carolina Panthers,,,betfair,215,—,—,,Loss,,miss,,,,—,,
2026-09-27T20:12:49.904557+00:00,nfl,2026,3,401872949,4018729493437,4,14:28,"B.Young pass short right to A.Dillon to CLV 34 for -2 yards (I.McGuire, Q.Williams).",2,7,CLE 32,32,1,Cleveland Browns,Carolina Panthers,10,9,65.9,34.1,127.0,126.0,253.0,229.0,98.0,327.0,game,ML,Cleveland Browns,,,polymarket,-223,—,—,,Win,,hit,,,,—,,
2026-09-27T20:12:49.904557+00:00,nfl,2026,3,401872949,4018729493462,4,13:40,(Shotgun) B.Young pass short left to J.Metchie ran ob at CLV 23 for 11 yards.,3,9,CLE 34,34,1,Cleveland Browns,Carolina Panthers,10,9,65.9,34.1,127.0,126.0,253.0,229.0,98.0,327.0,game,Spread,Carolina Panthers,,1.5,polymarket,177,—,—,,+1,,hit,,,,—,,
2026-09-27T20:12:49.904557+00:00,nfl,2026,3,401872949,4018729493462,4,13:40,(Shotgun) B.Young pass short left to J.Metchie ran ob at CLV 23 for 11 yards.,3,9,CLE 34,34,1,Cleveland Browns,Carolina Panthers,10,9,65.9,34.1,127.0,126.0,253.0,229.0,98.0,327.0,game,Spread,Cleveland Browns,,-1.5,polymarket,-234,—,—,,+1,,miss,,,,—,,
2026-09-27T20:12:49.904557+00:00,nfl,2026,3,401872949,4018729493462,4,13:40,(Shotgun) B.Young pass short left to J.Metchie ran ob at CLV 23 for 11 yards.,3,9,CLE 34,34,1,Cleveland Browns,Carolina Panthers,10,9,65.9,34.1,127.0,126.0,253.0,229.0,98.0,327.0,game,Total,Over,,40.5,kalshi,108,—,—,,19.0,,miss,,,,—,,
2026-09-27T20:12:49.904557+00:00,nfl,2026,3,401872949,4018729493462,4,13:40,(Shotgun) B.Young pass short left to J.Metchie ran ob at CLV 23 for 11 yards.,3,9,CLE 34,34,1,Cleveland Browns,Carolina Panthers,10,9,65.9,34.1,127.0,126.0,253.0,229.0,98.0,327.0,game,Total,Under,,40.5,kalshi,-123,—,—,,19.0,,hit,,,,—,,
2026-09-27T20:12:49.904557+00:00,nfl,2026,3,401872949,4018729493462,4,13:40,(Shotgun) B.Young pass short left to J.Metchie ran ob at CLV 23 for 11 yards.,3,9,CLE 34,34,1,Cleveland Browns,Carolina Panthers,10,9,65.9,34.1,127.0,126.0,253.0,229.0,98.0,327.0,game,ML,Carolina Panthers,,,betfair,215,—,—,,Loss,,miss,,,,—,,
2026-09-27T20:12:49.904557+00:00,nfl,2026,3,401872949,4018729493462,4,13:40,(Shotgun) B.Young pass short left to J.Metchie ran ob at CLV 23 for 11 yards.,3,9,CLE 34,34,1,Cleveland Browns,Carolina Panthers,10,9,65.9,34.1,127.0,126.0,253.0,229.0,98.0,327.0,game,ML,Cleveland Browns,,,polymarket,-223,—,—,,Win,,hit,,,,—,,
2026-09-27T20:12:49.904557+00:00,nfl,2026,3,401872949,4018729493492,4,13:13,(Shotgun) A.Dillon left end to CLV 25 for -2 yards (M.Graham).,1,10,CLE 23,23,1,Cleveland Browns,Carolina Panthers,10,9,65.9,34.1,127.0,126.0,253.0,229.0,98.0,327.0,game,Spread,Carolina Panthers,,1.5,polymarket,177,—,—,,+1,,hit,,,,—,,
2026-09-27T20:12:49.904557+00:00,nfl,2026,3,401872949,4018729493492,4,13:13,(Shotgun) A.Dillon left end to CLV 25 for -2 yards (M.Graham).,1,10,CLE 23,23,1,Cleveland Browns,Carolina Panthers,10,9,65.9,34.1,127.0,126.0,253.0,229.0,98.0,327.0,game,Spread,Cleveland Browns,,-1.5,polymarket,-234,—,—,,+1,,miss,,,,—,,
2026-09-27T20:12:49.904557+00:00,nfl,2026,3,401872949,4018729493492,4,13:13,(Shotgun) A.Dillon left end to CLV 25 for -2 yards (M.Graham).,1,10,CLE 23,23,1,Cleveland Browns,Carolina Panthers,10,9,65.9,34.1,127.0,126.0,253.0,229.0,98.0,327.0,game,Total,Over,,40.5,kalshi,108,—,—,,19.0,,miss,,,,—,,
2026-09-27T20:12:49.904557+00:00,nfl,2026,3,401872949,4018729493492,4,13:13,(Shotgun) A.Dillon left end to CLV 25 for -2 yards (M.Graham).,1,10,CLE 23,23,1,Cleveland Browns,Carolina Panthers,10,9,65.9,34.1,127.0,126.0,253.0,229.0,98.0,327.0,game,Total,Under,,40.5,kalshi,-123,—,—,,19.0,,hit,,,,—,,
2026-09-27T20:12:49.904557+00:00,nfl,2026,3,401872949,4018729493492,4,13:13,(Shotgun) A.Dillon left end to CLV 25 for -2 yards (M.Graham).,1,10,CLE 23,23,1,Cleveland Browns,Carolina Panthers,10,9,65.9,34.1,127.0,126.0,253.0,229.0,98.0,327.0,game,ML,Carolina Panthers,,,betfair,215,—,—,,Loss,,miss,,,,—,,
2026-09-27T20:12:49.904557+00:00,nfl,2026,3,401872949,4018729493492,4,13:13,(Shotgun) A.Dillon left end to CLV 25 for -2 yards (M.Graham).,1,10,CLE 23,23,1,Cleveland Browns,Carolina Panthers,10,9,65.9,34.1,127.0,126.0,253.0,229.0,98.0,327.0,game,ML,Cleveland Browns,,,polymarket,-223,—,—,,Win,,hit,,,,—,,
2026-09-27T20:12:49.904557+00:00,nfl,2026,3,401872949,4018729493514,4,12:32,(Shotgun) B.Young pass incomplete short right to J.Metchie.,2,12,CLE 25,25,1,Cleveland Browns,Carolina Panthers,10,9,65.9,34.1,127.0,126.0,253.0,229.0,98.0,327.0,game,Spread,Carolina Panthers,,1.5,polymarket,177,—,—,,+1,,hit,,,,—,,
2026-09-27T20:12:49.904557+00:00,nfl,2026,3,401872949,4018729493514,4,12:32,(Shotgun) B.Young pass incomplete short right to J.Metchie.,2,12,CLE 25,25,1,Cleveland Browns,Carolina Panthers,10,9,65.9,34.1,127.0,126.0,253.0,229.0,98.0,327.0,game,Spread,Cleveland Browns,,-1.5,polymarket,-234,—,—,,+1,,miss,,,,—,,
2026-09-27T20:12:49.904557+00:00,nfl,2026,3,401872949,4018729493514,4,12:32,(Shotgun) B.Young pass incomplete short right to J.Metchie.,2,12,CLE 25,25,1,Cleveland Browns,Carolina Panthers,10,9,65.9,34.1,127.0,126.0,253.0,229.0,98.0,327.0,game,Total,Over,,40.5,kalshi,108,—,—,,19.0,,miss,,,,—,,
2026-09-27T20:12:49.904557+00:00,nfl,2026,3,401872949,4018729493514,4,12:32,(Shotgun) B.Young pass incomplete short right to J.Metchie.,2,12,CLE 25,25,1,Cleveland Browns,Carolina Panthers,10,9,65.9,34.1,127.0,126.0,253.0,229.0,98.0,327.0,game,Total,Under,,40.5,kalshi,-123,—,—,,19.0,,hit,,,,—,,
2026-09-27T20:12:49.904557+00:00,nfl,2026,3,401872949,4018729493514,4,12:32,(Shotgun) B.Young pass incomplete short right to J.Metchie.,2,12,CLE 25,25,1,Cleveland Browns,Carolina Panthers,10,9,65.9,34.1,127.0,126.0,253.0,229.0,98.0,327.0,game,ML,Carolina Panthers,,,betfair,215,—,—,,Loss,,miss,,,,—,,
2026-09-27T20:12:49.904557+00:00,nfl,2026,3,401872949,4018729493514,4,12:32,(Shotgun) B.Young pass incomplete short right to J.Metchie.,2,12,CLE 25,25,1,Cleveland Browns,Carolina Panthers,10,9,65.9,34.1,127.0,126.0,253.0,229.0,98.0,327.0,game,ML,Cleveland Browns,,,polymarket,-223,—,—,,Win,,hit,,,,—,,
2026-09-27T20:12:49.904557+00:00,nfl,2026,3,401872949,4018729493537,4,12:26,(Shotgun) B.Young pass short right to D.Waller to CLV 19 for 6 yards (M.Harden).,3,12,CLE 25,25,1,Cleveland Browns,Carolina Panthers,10,9,65.9,34.1,127.0,126.0,253.0,229.0,98.0,327.0,game,Spread,Carolina Panthers,,1.5,polymarket,177,—,—,,+1,,hit,,,,—,,
2026-09-27T20:12:49.904557+00:00,nfl,2026,3,401872949,4018729493537,4,12:26,(Shotgun) B.Young pass short right to D.Waller to CLV 19 for 6 yards (M.Harden).,3,12,CLE 25,25,1,Cleveland Browns,Carolina Panthers,10,9,65.9,34.1,127.0,126.0,253.0,229.0,98.0,327.0,game,Spread,Cleveland Browns,,-1.5,polymarket,-234,—,—,,+1,,miss,,,,—,,
2026-09-27T20:12:49.904557+00:00,nfl,2026,3,401872949,4018729493537,4,12:26,(Shotgun) B.Young pass short right to D.Waller to CLV 19 for 6 yards (M.Harden).,3,12,CLE 25,25,1,Cleveland Browns,Carolina Panthers,10,9,65.9,34.1,127.0,126.0,253.0,229.0,98.0,327.0,game,Total,Over,,40.5,kalshi,108,—,—,,19.0,,miss,,,,—,,
2026-09-27T20:12:49.904557+00:00,nfl,2026,3,401872949,4018729493537,4,12:26,(Shotgun) B.Young pass short right to D.Waller to CLV 19 for 6 yards (M.Harden).,3,12,CLE 25,25,1,Cleveland Browns,Carolina Panthers,10,9,65.9,34.1,127.0,126.0,253.0,229.0,98.0,327.0,game,Total,Under,,40.5,kalshi,-123,—,—,,19.0,,hit,,,,—,,
2026-09-27T20:12:49.904557+00:00,nfl,2026,3,401872949,4018729493537,4,12:26,(Shotgun) B.Young pass short right to D.Waller to CLV 19 for 6 yards (M.Harden).,3,12,CLE 25,25,1,Cleveland Browns,Carolina Panthers,10,9,65.9,34.1,127.0,126.0,253.0,229.0,98.0,327.0,game,ML,Carolina Panthers,,,betfair,215,—,—,,Loss,,miss,,,,—,,
2026-09-27T20:12:49.904557+00:00,nfl,2026,3,401872949,4018729493537,4,12:26,(Shotgun) B.Young pass short right to D.Waller to CLV 19 for 6 yards (M.Harden).,3,12,CLE 25,25,1,Cleveland Browns,Carolina Panthers,10,9,65.9,34.1,127.0,126.0,253.0,229.0,98.0,327.0,game,ML,Cleveland Browns,,,polymarket,-223,—,—,,Win,,hit,,,,—,,
2026-09-27T20:12:49.904557+00:00,nfl,2026,3,401872949,4018729493572,4,11:41,Official Timeout at 11:41.,-1,10,CAR 35,65,-2,Cleveland Browns,Carolina Panthers,10,12,65.9,34.1,127.0,126.0,253.0,229.0,98.0,327.0,game,Spread,Carolina Panthers,,1.5,polymarket,177,—,—,,-2,,hit,,,,—,,
2026-09-27T20:12:49.904557+00:00,nfl,2026,3,401872949,4018729493572,4,11:41,Official Timeout at 11:41.,-1,10,CAR 35,65,-2,Cleveland Browns,Carolina Panthers,10,12,65.9,34.1,127.0,126.0,253.0,229.0,98.0,327.0,game,Spread,Cleveland Browns,,-1.5,polymarket,-234,—,—,,-2,,miss,,,,—,,
2026-09-27T20:12:49.904557+00:00,nfl,2026,3,401872949,4018729493572,4,11:41,Official Timeout at 11:41.,-1,10,CAR 35,65,-2,Cleveland Browns,Carolina Panthers,10,12,65.9,34.1,127.0,126.0,253.0,229.0,98.0,327.0,game,Total,Over,,40.5,kalshi,108,—,—,,22.0,,miss,,,,—,,
2026-09-27T20:12:49.904557+00:00,nfl,2026,3,401872949,4018729493572,4,11:41,Official Timeout at 11:41.,-1,10,CAR 35,65,-2,Cleveland Browns,Carolina Panthers,10,12,65.9,34.1,127.0,126.0,253.0,229.0,98.0,327.0,game,Total,Under,,40.5,kalshi,-123,—,—,,22.0,,hit,,,,—,,
2026-09-27T20:12:49.904557+00:00,nfl,2026,3,401872949,4018729493572,4,11:41,Official Timeout at 11:41.,-1,10,CAR 35,65,-2,Cleveland Browns,Carolina Panthers,10,12,65.9,34.1,127.0,126.0,253.0,229.0,98.0,327.0,game,ML,Carolina Panthers,,,betfair,215,—,—,,Win,,hit,,,,—,,
2026-09-27T20:12:49.904557+00:00,nfl,2026,3,401872949,4018729493572,4,11:41,Official Timeout at 11:41.,-1,10,CAR 35,65,-2,Cleveland Browns,Carolina Panthers,10,12,65.9,34.1,127.0,126.0,253.0,229.0,98.0,327.0,game,ML,Cleveland Browns,,,polymarket,-223,—,—,,Loss,,miss,,,,—,,
2026-09-27T20:12:49.904557+00:00,nfl,2026,3,401872949,4018729493562,4,11:41,"R.Fitzgerald 37 yard field goal is GOOD, Center-J.Jansen, Holder-S.Martin.",4,6,CLE 19,19,-2,Cleveland Browns,Carolina Panthers,10,12,65.9,34.1,127.0,126.0,253.0,229.0,98.0,327.0,game,Spread,Carolina Panthers,,1.5,polymarket,177,—,—,,-2,,hit,,,,—,,
2026-09-27T20:12:49.904557+00:00,nfl,2026,3,401872949,4018729493562,4,11:41,"R.Fitzgerald 37 yard field goal is GOOD, Center-J.Jansen, Holder-S.Martin.",4,6,CLE 19,19,-2,Cleveland Browns,Carolina Panthers,10,12,65.9,34.1,127.0,126.0,253.0,229.0,98.0,327.0,game,Spread,Cleveland Browns,,-1.5,polymarket,-234,—,—,,-2,,miss,,,,—,,
2026-09-27T20:12:49.904557+00:00,nfl,2026,3,401872949,4018729493562,4,11:41,"R.Fitzgerald 37 yard field goal is GOOD, Center-J.Jansen, Holder-S.Martin.",4,6,CLE 19,19,-2,Cleveland Browns,Carolina Panthers,10,12,65.9,34.1,127.0,126.0,253.0,229.0,98.0,327.0,game,Total,Over,,40.5,kalshi,108,—,—,,22.0,,miss,,,,—,,
2026-09-27T20:12:49.904557+00:00,nfl,2026,3,401872949,4018729493562,4,11:41,"R.Fitzgerald 37 yard field goal is GOOD, Center-J.Jansen, Holder-S.Martin.",4,6,CLE 19,19,-2,Cleveland Browns,Carolina Panthers,10,12,65.9,34.1,127.0,126.0,253.0,229.0,98.0,327.0,game,Total,Under,,40.5,kalshi,-123,—,—,,22.0,,hit,,,,—,,
2026-09-27T20:12:49.904557+00:00,nfl,2026,3,401872949,4018729493562,4,11:41,"R.Fitzgerald 37 yard field goal is GOOD, Center-J.Jansen, Holder-S.Martin.",4,6,CLE 19,19,-2,Cleveland Browns,Carolina Panthers,10,12,65.9,34.1,127.0,126.0,253.0,229.0,98.0,327.0,game,ML,Carolina Panthers,,,betfair,215,—,—,,Win,,hit,,,,—,,
2026-09-27T20:12:49.904557+00:00,nfl,2026,3,401872949,4018729493562,4,11:41,"R.Fitzgerald 37 yard field goal is GOOD, Center-J.Jansen, Holder-S.Martin.",4,6,CLE 19,19,-2,Cleveland Browns,Carolina Panthers,10,12,65.9,34.1,127.0,126.0,253.0,229.0,98.0,327.0,game,ML,Cleveland Browns,,,polymarket,-223,—,—,,Loss,,miss,,,,—,,
2026-09-27T20:12:49.904557+00:00,nfl,2026,3,401872949,4018729493582,4,11:41,R.Fitzgerald kicks 57 yards from CAR 35 to CLV 8. R.Sanders to CLV 29 for 21 yards (I.Simmons).,3,10,CAR 14,65,-2,Cleveland Browns,Carolina Panthers,10,12,65.9,34.1,127.0,126.0,253.0,229.0,98.0,327.0,game,Spread,Carolina Panthers,,1.5,polymarket,177,—,—,,-2,,hit,,,,—,,
2026-09-27T20:12:49.904557+00:00,nfl,2026,3,401872949,4018729493582,4,11:41,R.Fitzgerald kicks 57 yards from CAR 35 to CLV 8. R.Sanders to CLV 29 for 21 yards (I.Simmons).,3,10,CAR 14,65,-2,Cleveland Browns,Carolina Panthers,10,12,65.9,34.1,127.0,126.0,253.0,229.0,98.0,327.0,game,Spread,Cleveland Browns,,-1.5,polymarket,-234,—,—,,-2,,miss,,,,—,,
2026-09-27T20:12:49.904557+00:00,nfl,2026,3,401872949,4018729493582,4,11:41,R.Fitzgerald kicks 57 yards from CAR 35 to CLV 8. R.Sanders to CLV 29 for 21 yards (I.Simmons).,3,10,CAR 14,65,-2,Cleveland Browns,Carolina Panthers,10,12,65.9,34.1,127.0,126.0,253.0,229.0,98.0,327.0,game,Total,Over,,40.5,kalshi,108,—,—,,22.0,,miss,,,,—,,
2026-09-27T20:12:49.904557+00:00,nfl,2026,3,401872949,4018729493582,4,11:41,R.Fitzgerald kicks 57 yards from CAR 35 to CLV 8. R.Sanders to CLV 29 for 21 yards (I.Simmons).,3,10,CAR 14,65,-2,Cleveland Browns,Carolina Panthers,10,12,65.9,34.1,127.0,126.0,253.0,229.0,98.0,327.0,game,Total,Under,,40.5,kalshi,-123,—,—,,22.0,,hit,,,,—,,
2026-09-27T20:12:49.904557+00:00,nfl,2026,3,401872949,4018729493582,4,11:41,R.Fitzgerald kicks 57 yards from CAR 35 to CLV 8. R.Sanders to CLV 29 for 21 yards (I.Simmons).,3,10,CAR 14,65,-2,Cleveland Browns,Carolina Panthers,10,12,65.9,34.1,127.0,126.0,253.0,229.0,98.0,327.0,game,ML,Carolina Panthers,,,betfair,215,—,—,,Win,,hit,,,,—,,
2026-09-27T20:12:49.904557+00:00,nfl,2026,3,401872949,4018729493582,4,11:41,R.Fitzgerald kicks 57 yards from CAR 35 to CLV 8. R.Sanders to CLV 29 for 21 yards (I.Simmons).,3,10,CAR 14,65,-2,Cleveland Browns,Carolina Panthers,10,12,65.9,34.1,127.0,126.0,253.0,229.0,98.0,327.0,game,ML,Cleveland Browns,,,polymarket,-223,—,—,,Loss,,miss,,,,—,,
2026-09-27T20:12:49.904557+00:00,nfl,2026,3,401872949,4018729493612,4,11:35,(Shotgun) D.Watson pass deep right to D.Boston to CAR 43 for 28 yards (Ja.Horn).,1,10,CLE 29,29,-2,Cleveland Browns,Carolina Panthers,10,12,65.9,34.1,127.0,126.0,253.0,229.0,98.0,327.0,game,Spread,Carolina Panthers,,1.5,polymarket,177,—,—,,-2,,hit,,,,—,,
2026-09-27T20:12:49.904557+00:00,nfl,2026,3,401872949,4018729493612,4,11:35,(Shotgun) D.Watson pass deep right to D.Boston to CAR 43 for 28 yards (Ja.Horn).,1,10,CLE 29,29,-2,Cleveland Browns,Carolina Panthers,10,12,65.9,34.1,127.0,126.0,253.0,229.0,98.0,327.0,game,Spread,Cleveland Browns,,-1.5,polymarket,-234,—,—,,-2,,miss,,,,—,,
2026-09-27T20:12:49.904557+00:00,nfl,2026,3,401872949,4018729493612,4,11:35,(Shotgun) D.Watson pass deep right to D.Boston to CAR 43 for 28 yards (Ja.Horn).,1,10,CLE 29,29,-2,Cleveland Browns,Carolina Panthers,10,12,65.9,34.1,127.0,126.0,253.0,229.0,98.0,327.0,game,Total,Over,,40.5,kalshi,108,—,—,,22.0,,miss,,,,—,,
2026-09-27T20:12:49.904557+00:00,nfl,2026,3,401872949,4018729493612,4,11:35,(Shotgun) D.Watson pass deep right to D.Boston to CAR 43 for 28 yards (Ja.Horn).,1,10,CLE 29,29,-2,Cleveland Browns,Carolina Panthers,10,12,65.9,34.1,127.0,126.0,253.0,229.0,98.0,327.0,game,Total,Under,,40.5,kalshi,-123,—,—,,22.0,,hit,,,,—,,
2026-09-27T20:12:49.904557+00:00,nfl,2026,3,401872949,4018729493612,4,11:35,(Shotgun) D.Watson pass deep right to D.Boston to CAR 43 for 28 yards (Ja.Horn).,1,10,CLE 29,29,-2,Cleveland Browns,Carolina Panthers,10,12,65.9,34.1,127.0,126.0,253.0,229.0,98.0,327.0,game,ML,Carolina Panthers,,,betfair,215,—,—,,Win,,hit,,,,—,,
2026-09-27T20:12:49.904557+00:00,nfl,2026,3,401872949,4018729493612,4,11:35,(Shotgun) D.Watson pass deep right to D.Boston to CAR 43 for 28 yards (Ja.Horn).,1,10,CLE 29,29,-2,Cleveland Browns,Carolina Panthers,10,12,65.9,34.1,127.0,126.0,253.0,229.0,98.0,327.0,game,ML,Cleveland Browns,,,polymarket,-223,—,—,,Loss,,miss,,,,—,,
2026-09-27T20:12:49.904557+00:00,nfl,2026,3,401872949,4018729493637,4,10:59,(Shotgun) D.Watson pass short left to K.Concepcion to CAR 38 for 5 yards (W.Lee).,1,10,CAR 43,57,-2,Cleveland Browns,Carolina Panthers,10,12,65.9,34.1,127.0,126.0,253.0,229.0,98.0,327.0,game,Spread,Carolina Panthers,,1.5,polymarket,177,—,—,,-2,,hit,,,,—,,
2026-09-27T20:12:49.904557+00:00,nfl,2026,3,401872949,4018729493637,4,10:59,(Shotgun) D.Watson pass short left to K.Concepcion to CAR 38 for 5 yards (W.Lee).,1,10,CAR 43,57,-2,Cleveland Browns,Carolina Panthers,10,12,65.9,34.1,127.0,126.0,253.0,229.0,98.0,327.0,game,Spread,Cleveland Browns,,-1.5,polymarket,-234,—,—,,-2,,miss,,,,—,,
2026-09-27T20:12:49.904557+00:00,nfl,2026,3,401872949,4018729493637,4,10:59,(Shotgun) D.Watson pass short left to K.Concepcion to CAR 38 for 5 yards (W.Lee).,1,10,CAR 43,57,-2,Cleveland Browns,Carolina Panthers,10,12,65.9,34.1,127.0,126.0,253.0,229.0,98.0,327.0,game,Total,Over,,40.5,kalshi,108,—,—,,22.0,,miss,,,,—,,
2026-09-27T20:12:49.904557+00:00,nfl,2026,3,401872949,4018729493637,4,10:59,(Shotgun) D.Watson pass short left to K.Concepcion to CAR 38 for 5 yards (W.Lee).,1,10,CAR 43,57,-2,Cleveland Browns,Carolina Panthers,10,12,65.9,34.1,127.0,126.0,253.0,229.0,98.0,327.0,game,Total,Under,,40.5,kalshi,-123,—,—,,22.0,,hit,,,,—,,
2026-09-27T20:12:49.904557+00:00,nfl,2026,3,401872949,4018729493637,4,10:59,(Shotgun) D.Watson pass short left to K.Concepcion to CAR 38 for 5 yards (W.Lee).,1,10,CAR 43,57,-2,Cleveland Browns,Carolina Panthers,10,12,65.9,34.1,127.0,126.0,253.0,229.0,98.0,327.0,game,ML,Carolina Panthers,,,betfair,215,—,—,,Win,,hit,,,,—,,
2026-09-27T20:12:49.904557+00:00,nfl,2026,3,401872949,4018729493637,4,10:59,(Shotgun) D.Watson pass short left to K.Concepcion to CAR 38 for 5 yards (W.Lee).,1,10,CAR 43,57,-2,Cleveland Browns,Carolina Panthers,10,12,65.9,34.1,127.0,126.0,253.0,229.0,98.0,327.0,game,ML,Cleveland Browns,,,polymarket,-223,—,—,,Loss,,miss,,,,—,,
2026-09-27T20:12:49.904557+00:00,nfl,2026,3,401872949,4018729493662,4,10:24,(Shotgun) Q.Judkins right end to CAR 28 for 10 yards (W.Lee; L.Ransom).,2,5,CAR 38,62,-2,Cleveland Browns,Carolina Panthers,10,12,65.9,34.1,127.0,126.0,253.0,229.0,98.0,327.0,game,Spread,Carolina Panthers,,1.5,polymarket,177,—,—,,-2,,hit,,,,—,,
2026-09-27T20:12:49.904557+00:00,nfl,2026,3,401872949,4018729493662,4,10:24,(Shotgun) Q.Judkins right end to CAR 28 for 10 yards (W.Lee; L.Ransom).,2,5,CAR 38,62,-2,Cleveland Browns,Carolina Panthers,10,12,65.9,34.1,127.0,126.0,253.0,229.0,98.0,327.0,game,Spread,Cleveland Browns,,-1.5,polymarket,-234,—,—,,-2,,miss,,,,—,,
2026-09-27T20:12:49.904557+00:00,nfl,2026,3,401872949,4018729493662,4,10:24,(Shotgun) Q.Judkins right end to CAR 28 for 10 yards (W.Lee; L.Ransom).,2,5,CAR 38,62,-2,Cleveland Browns,Carolina Panthers,10,12,65.9,34.1,127.0,126.0,253.0,229.0,98.0,327.0,game,Total,Over,,40.5,kalshi,108,—,—,,22.0,,miss,,,,—,,
2026-09-27T20:12:49.904557+00:00,nfl,2026,3,401872949,4018729493662,4,10:24,(Shotgun) Q.Judkins right end to CAR 28 for 10 yards (W.Lee; L.Ransom).,2,5,CAR 38,62,-2,Cleveland Browns,Carolina Panthers,10,12,65.9,34.1,127.0,126.0,253.0,229.0,98.0,327.0,game,Total,Under,,40.5,kalshi,-123,—,—,,22.0,,hit,,,,—,,
2026-09-27T20:12:49.904557+00:00,nfl,2026,3,401872949,4018729493662,4,10:24,(Shotgun) Q.Judkins right end to CAR 28 for 10 yards (W.Lee; L.Ransom).,2,5,CAR 38,62,-2,Cleveland Browns,Carolina Panthers,10,12,65.9,34.1,127.0,126.0,253.0,229.0,98.0,327.0,game,ML,Carolina Panthers,,,betfair,215,—,—,,Win,,hit,,,,—,,
2026-09-27T20:12:49.904557+00:00,nfl,2026,3,401872949,4018729493662,4,10:24,(Shotgun) Q.Judkins right end to CAR 28 for 10 yards (W.Lee; L.Ransom).,2,5,CAR 38,62,-2,Cleveland Browns,Carolina Panthers,10,12,65.9,34.1,127.0,126.0,253.0,229.0,98.0,327.0,game,ML,Cleveland Browns,,,polymarket,-223,—,—,,Loss,,miss,,,,—,,
2026-09-27T20:12:49.904557+00:00,nfl,2026,3,401872949,4018729493684,4,9:38,(Shotgun) D.Watson sacked at CAR 38 for -10 yards (T.Gipson).,1,10,CAR 28,72,-2,Cleveland Browns,Carolina Panthers,10,12,65.9,34.1,127.0,126.0,253.0,229.0,98.0,327.0,game,Spread,Carolina Panthers,,1.5,polymarket,177,—,—,,-2,,hit,,,,—,,
2026-09-27T20:12:49.904557+00:00,nfl,2026,3,401872949,4018729493684,4,9:38,(Shotgun) D.Watson sacked at CAR 38 for -10 yards (T.Gipson).,1,10,CAR 28,72,-2,Cleveland Browns,Carolina Panthers,10,12,65.9,34.1,127.0,126.0,253.0,229.0,98.0,327.0,game,Spread,Cleveland Browns,,-1.5,polymarket,-234,—,—,,-2,,miss,,,,—,,
2026-09-27T20:12:49.904557+00:00,nfl,2026,3,401872949,4018729493684,4,9:38,(Shotgun) D.Watson sacked at CAR 38 for -10 yards (T.Gipson).,1,10,CAR 28,72,-2,Cleveland Browns,Carolina Panthers,10,12,65.9,34.1,127.0,126.0,253.0,229.0,98.0,327.0,game,Total,Over,,40.5,kalshi,108,—,—,,22.0,,miss,,,,—,,
2026-09-27T20:12:49.904557+00:00,nfl,2026,3,401872949,4018729493684,4,9:38,(Shotgun) D.Watson sacked at CAR 38 for -10 yards (T.Gipson).,1,10,CAR 28,72,-2,Cleveland Browns,Carolina Panthers,10,12,65.9,34.1,127.0,126.0,253.0,229.0,98.0,327.0,game,Total,Under,,40.5,kalshi,-123,—,—,,22.0,,hit,,,,—,,
2026-09-27T20:12:49.904557+00:00,nfl,2026,3,401872949,4018729493684,4,9:38,(Shotgun) D.Watson sacked at CAR 38 for -10 yards (T.Gipson).,1,10,CAR 28,72,-2,Cleveland Browns,Carolina Panthers,10,12,65.9,34.1,127.0,126.0,253.0,229.0,98.0,327.0,game,ML,Carolina Panthers,,,betfair,215,—,—,,Win,,hit,,,,—,,
2026-09-27T20:12:49.904557+00:00,nfl,2026,3,401872949,4018729493684,4,9:38,(Shotgun) D.Watson sacked at CAR 38 for -10 yards (T.Gipson).,1,10,CAR 28,72,-2,Cleveland Browns,Carolina Panthers,10,12,65.9,34.1,127.0,126.0,253.0,229.0,98.0,327.0,game,ML,Cleveland Browns,,,polymarket,-223,—,—,,Loss,,miss,,,,—,,
2026-09-27T20:12:49.904557+00:00,nfl,2026,3,401872949,4018729493704,4,9:00,(Shotgun) D.Watson pass short right to R.Sanders to CAR 28 for 10 yards (W.Lee; Z.Wheatley).,2,20,CAR 38,62,-2,Cleveland Browns,Carolina Panthers,10,12,65.9,34.1,127.0,126.0,253.0,229.0,98.0,327.0,game,Spread,Carolina Panthers,,1.5,polymarket,177,—,—,,-2,,hit,,,,—,,
2026-09-27T20:12:49.904557+00:00,nfl,2026,3,401872949,4018729493704,4,9:00,(Shotgun) D.Watson pass short right to R.Sanders to CAR 28 for 10 yards (W.Lee; Z.Wheatley).,2,20,CAR 38,62,-2,Cleveland Browns,Carolina Panthers,10,12,65.9,34.1,127.0,126.0,253.0,229.0,98.0,327.0,game,Spread,Cleveland Browns,,-1.5,polymarket,-234,—,—,,-2,,miss,,,,—,,
2026-09-27T20:12:49.904557+00:00,nfl,2026,3,401872949,4018729493704,4,9:00,(Shotgun) D.Watson pass short right to R.Sanders to CAR 28 for 10 yards (W.Lee; Z.Wheatley).,2,20,CAR 38,62,-2,Cleveland Browns,Carolina Panthers,10,12,65.9,34.1,127.0,126.0,253.0,229.0,98.0,327.0,game,Total,Over,,40.5,kalshi,108,—,—,,22.0,,miss,,,,—,,
2026-09-27T20:12:49.904557+00:00,nfl,2026,3,401872949,4018729493704,4,9:00,(Shotgun) D.Watson pass short right to R.Sanders to CAR 28 for 10 yards (W.Lee; Z.Wheatley).,2,20,CAR 38,62,-2,Cleveland Browns,Carolina Panthers,10,12,65.9,34.1,127.0,126.0,253.0,229.0,98.0,327.0,game,Total,Under,,40.5,kalshi,-123,—,—,,22.0,,hit,,,,—,,
2026-09-27T20:12:49.904557+00:00,nfl,2026,3,401872949,4018729493704,4,9:00,(Shotgun) D.Watson pass short right to R.Sanders to CAR 28 for 10 yards (W.Lee; Z.Wheatley).,2,20,CAR 38,62,-2,Cleveland Browns,Carolina Panthers,10,12,65.9,34.1,127.0,126.0,253.0,229.0,98.0,327.0,game,ML,Carolina Panthers,,,betfair,215,—,—,,Win,,hit,,,,—,,
2026-09-27T20:12:49.904557+00:00,nfl,2026,3,401872949,4018729493704,4,9:00,(Shotgun) D.Watson pass short right to R.Sanders to CAR 28 for 10 yards (W.Lee; Z.Wheatley).,2,20,CAR 38,62,-2,Cleveland Browns,Carolina Panthers,10,12,65.9,34.1,127.0,126.0,253.0,229.0,98.0,327.0,game,ML,Cleveland Browns,,,polymarket,-223,—,—,,Loss,,miss,,,,—,,
2026-09-27T20:12:49.904557+00:00,nfl,2026,3,401872949,4018729493729,4,8:15,(Shotgun) D.Watson scrambles up the middle to CAR 27 for 1 yard (D.Brown).,3,10,CAR 28,72,-2,Cleveland Browns,Carolina Panthers,10,12,65.9,34.1,127.0,126.0,253.0,229.0,98.0,327.0,game,Spread,Carolina Panthers,,1.5,polymarket,177,—,—,,-2,,hit,,,,—,,
2026-09-27T20:12:49.904557+00:00,nfl,2026,3,401872949,4018729493729,4,8:15,(Shotgun) D.Watson scrambles up the middle to CAR 27 for 1 yard (D.Brown).,3,10,CAR 28,72,-2,Cleveland Browns,Carolina Panthers,10,12,65.9,34.1,127.0,126.0,253.0,229.0,98.0,327.0,game,Spread,Cleveland Browns,,-1.5,polymarket,-234,—,—,,-2,,miss,,,,—,,
2026-09-27T20:12:49.904557+00:00,nfl,2026,3,401872949,4018729493729,4,8:15,(Shotgun) D.Watson scrambles up the middle to CAR 27 for 1 yard (D.Brown).,3,10,CAR 28,72,-2,Cleveland Browns,Carolina Panthers,10,12,65.9,34.1,127.0,126.0,253.0,229.0,98.0,327.0,game,Total,Over,,40.5,kalshi,108,—,—,,22.0,,miss,,,,—,,
2026-09-27T20:12:49.904557+00:00,nfl,2026,3,401872949,4018729493729,4,8:15,(Shotgun) D.Watson scrambles up the middle to CAR 27 for 1 yard (D.Brown).,3,10,CAR 28,72,-2,Cleveland Browns,Carolina Panthers,10,12,65.9,34.1,127.0,126.0,253.0,229.0,98.0,327.0,game,Total,Under,,40.5,kalshi,-123,—,—,,22.0,,hit,,,,—,,
2026-09-27T20:12:49.904557+00:00,nfl,2026,3,401872949,4018729493729,4,8:15,(Shotgun) D.Watson scrambles up the middle to CAR 27 for 1 yard (D.Brown).,3,10,CAR 28,72,-2,Cleveland Browns,Carolina Panthers,10,12,65.9,34.1,127.0,126.0,253.0,229.0,98.0,327.0,game,ML,Carolina Panthers,,,betfair,215,—,—,,Win,,hit,,,,—,,
2026-09-27T20:12:49.904557+00:00,nfl,2026,3,401872949,4018729493729,4,8:15,(Shotgun) D.Watson scrambles up the middle to CAR 27 for 1 yard (D.Brown).,3,10,CAR 28,72,-2,Cleveland Browns,Carolina Panthers,10,12,65.9,34.1,127.0,126.0,253.0,229.0,98.0,327.0,game,ML,Cleveland Browns,,,polymarket,-223,—,—,,Loss,,miss,,,,—,,
2026-09-27T20:12:49.904557+00:00,nfl,2026,3,401872949,4018729493761,4,7:30,Official Timeout at 07:30.,-1,10,CLE 35,35,1,Cleveland Browns,Carolina Panthers,13,12,65.9,34.1,127.0,126.0,253.0,229.0,98.0,327.0,game,Spread,Carolina Panthers,,1.5,polymarket,177,—,—,,+1,,hit,,,,—,,
2026-09-27T20:12:49.904557+00:00,nfl,2026,3,401872949,4018729493761,4,7:30,Official Timeout at 07:30.,-1,10,CLE 35,35,1,Cleveland Browns,Carolina Panthers,13,12,65.9,34.1,127.0,126.0,253.0,229.0,98.0,327.0,game,Spread,Cleveland Browns,,-1.5,polymarket,-234,—,—,,+1,,miss,,,,—,,
2026-09-27T20:12:49.904557+00:00,nfl,2026,3,401872949,4018729493761,4,7:30,Official Timeout at 07:30.,-1,10,CLE 35,35,1,Cleveland Browns,Carolina Panthers,13,12,65.9,34.1,127.0,126.0,253.0,229.0,98.0,327.0,game,Total,Over,,40.5,kalshi,108,—,—,,25.0,,miss,,,,—,,
2026-09-27T20:12:49.904557+00:00,nfl,2026,3,401872949,4018729493761,4,7:30,Official Timeout at 07:30.,-1,10,CLE 35,35,1,Cleveland Browns,Carolina Panthers,13,12,65.9,34.1,127.0,126.0,253.0,229.0,98.0,327.0,game,Total,Under,,40.5,kalshi,-123,—,—,,25.0,,hit,,,,—,,
2026-09-27T20:12:49.904557+00:00,nfl,2026,3,401872949,4018729493761,4,7:30,Official Timeout at 07:30.,-1,10,CLE 35,35,1,Cleveland Browns,Carolina Panthers,13,12,65.9,34.1,127.0,126.0,253.0,229.0,98.0,327.0,game,ML,Carolina Panthers,,,betfair,215,—,—,,Loss,,miss,,,,—,,
2026-09-27T20:12:49.904557+00:00,nfl,2026,3,401872949,4018729493761,4,7:30,Official Timeout at 07:30.,-1,10,CLE 35,35,1,Cleveland Browns,Carolina Panthers,13,12,65.9,34.1,127.0,126.0,253.0,229.0,98.0,327.0,game,ML,Cleveland Browns,,,polymarket,-223,—,—,,Win,,hit,,,,—,,
2026-09-27T20:12:49.904557+00:00,nfl,2026,3,401872949,4018729493751,4,7:30,"A.Szmyt 45 yard field goal is GOOD, Center-R.Sunahara, Holder-C.Bojorquez.",4,9,CAR 27,73,1,Cleveland Browns,Carolina Panthers,13,12,65.9,34.1,127.0,126.0,253.0,229.0,98.0,327.0,game,Spread,Carolina Panthers,,1.5,polymarket,177,—,—,,+1,,hit,,,,—,,
2026-09-27T20:12:49.904557+00:00,nfl,2026,3,401872949,4018729493751,4,7:30,"A.Szmyt 45 yard field goal is GOOD, Center-R.Sunahara, Holder-C.Bojorquez.",4,9,CAR 27,73,1,Cleveland Browns,Carolina Panthers,13,12,65.9,34.1,127.0,126.0,253.0,229.0,98.0,327.0,game,Spread,Cleveland Browns,,-1.5,polymarket,-234,—,—,,+1,,miss,,,,—,,
2026-09-27T20:12:49.904557+00:00,nfl,2026,3,401872949,4018729493751,4,7:30,"A.Szmyt 45 yard field goal is GOOD, Center-R.Sunahara, Holder-C.Bojorquez.",4,9,CAR 27,73,1,Cleveland Browns,Carolina Panthers,13,12,65.9,34.1,127.0,126.0,253.0,229.0,98.0,327.0,game,Total,Over,,40.5,kalshi,108,—,—,,25.0,,miss,,,,—,,
2026-09-27T20:12:49.904557+00:00,nfl,2026,3,401872949,4018729493751,4,7:30,"A.Szmyt 45 yard field goal is GOOD, Center-R.Sunahara, Holder-C.Bojorquez.",4,9,CAR 27,73,1,Cleveland Browns,Carolina Panthers,13,12,65.9,34.1,127.0,126.0,253.0,229.0,98.0,327.0,game,Total,Under,,40.5,kalshi,-123,—,—,,25.0,,hit,,,,—,,
2026-09-27T20:12:49.904557+00:00,nfl,2026,3,401872949,4018729493751,4,7:30,"A.Szmyt 45 yard field goal is GOOD, Center-R.Sunahara, Holder-C.Bojorquez.",4,9,CAR 27,73,1,Cleveland Browns,Carolina Panthers,13,12,65.9,34.1,127.0,126.0,253.0,229.0,98.0,327.0,game,ML,Carolina Panthers,,,betfair,215,—,—,,Loss,,miss,,,,—,,
2026-09-27T20:12:49.904557+00:00,nfl,2026,3,401872949,4018729493751,4,7:30,"A.Szmyt 45 yard field goal is GOOD, Center-R.Sunahara, Holder-C.Bojorquez.",4,9,CAR 27,73,1,Cleveland Browns,Carolina Panthers,13,12,65.9,34.1,127.0,126.0,253.0,229.0,98.0,327.0,game,ML,Cleveland Browns,,,polymarket,-223,—,—,,Win,,hit,,,,—,,
2026-09-27T20:12:49.904557+00:00,nfl,2026,3,401872949,4018729493771,4,7:30,A.Szmyt kicks 58 yards from CLV 35 to CAR 7. D.Moore pushed ob at CAR 28 for 21 yards (E.Mascarenas-Arnold; E.McNeil-Warren).,3,10,CAR 14,35,1,Cleveland Browns,Carolina Panthers,13,12,65.9,34.1,127.0,126.0,253.0,229.0,98.0,327.0,game,Spread,Carolina Panthers,,1.5,polymarket,177,—,—,,+1,,hit,,,,—,,
2026-09-27T20:12:49.904557+00:00,nfl,2026,3,401872949,4018729493771,4,7:30,A.Szmyt kicks 58 yards from CLV 35 to CAR 7. D.Moore pushed ob at CAR 28 for 21 yards (E.Mascarenas-Arnold; E.McNeil-Warren).,3,10,CAR 14,35,1,Cleveland Browns,Carolina Panthers,13,12,65.9,34.1,127.0,126.0,253.0,229.0,98.0,327.0,game,Spread,Cleveland Browns,,-1.5,polymarket,-234,—,—,,+1,,miss,,,,—,,
2026-09-27T20:12:49.904557+00:00,nfl,2026,3,401872949,4018729493771,4,7:30,A.Szmyt kicks 58 yards from CLV 35 to CAR 7. D.Moore pushed ob at CAR 28 for 21 yards (E.Mascarenas-Arnold; E.McNeil-Warren).,3,10,CAR 14,35,1,Cleveland Browns,Carolina Panthers,13,12,65.9,34.1,127.0,126.0,253.0,229.0,98.0,327.0,game,Total,Over,,40.5,kalshi,108,—,—,,25.0,,miss,,,,—,,
2026-09-27T20:12:49.904557+00:00,nfl,2026,3,401872949,4018729493771,4,7:30,A.Szmyt kicks 58 yards from CLV 35 to CAR 7. D.Moore pushed ob at CAR 28 for 21 yards (E.Mascarenas-Arnold; E.McNeil-Warren).,3,10,CAR 14,35,1,Cleveland Browns,Carolina Panthers,13,12,65.9,34.1,127.0,126.0,253.0,229.0,98.0,327.0,game,Total,Under,,40.5,kalshi,-123,—,—,,25.0,,hit,,,,—,,
2026-09-27T20:12:49.904557+00:00,nfl,2026,3,401872949,4018729493771,4,7:30,A.Szmyt kicks 58 yards from CLV 35 to CAR 7. D.Moore pushed ob at CAR 28 for 21 yards (E.Mascarenas-Arnold; E.McNeil-Warren).,3,10,CAR 14,35,1,Cleveland Browns,Carolina Panthers,13,12,65.9,34.1,127.0,126.0,253.0,229.0,98.0,327.0,game,ML,Carolina Panthers,,,betfair,215,—,—,,Loss,,miss,,,,—,,
2026-09-27T20:12:49.904557+00:00,nfl,2026,3,401872949,4018729493771,4,7:30,A.Szmyt kicks 58 yards from CLV 35 to CAR 7. D.Moore pushed ob at CAR 28 for 21 yards (E.Mascarenas-Arnold; E.McNeil-Warren).,3,10,CAR 14,35,1,Cleveland Browns,Carolina Panthers,13,12,65.9,34.1,127.0,126.0,253.0,229.0,98.0,327.0,game,ML,Cleveland Browns,,,polymarket,-223,—,—,,Win,,hit,,,,—,,
2026-09-27T20:12:49.904557+00:00,nfl,2026,3,401872949,4018729493806,4,7:23,B.Young pass short right to M.Evans to CAR 47 for 19 yards (E.McNeil-Warren; R.Hickman).,1,10,CAR 28,72,1,Cleveland Browns,Carolina Panthers,13,12,65.9,34.1,127.0,126.0,253.0,229.0,98.0,327.0,game,Spread,Carolina Panthers,,1.5,polymarket,177,—,—,,+1,,hit,,,,—,,
2026-09-27T20:12:49.904557+00:00,nfl,2026,3,401872949,4018729493806,4,7:23,B.Young pass short right to M.Evans to CAR 47 for 19 yards (E.McNeil-Warren; R.Hickman).,1,10,CAR 28,72,1,Cleveland Browns,Carolina Panthers,13,12,65.9,34.1,127.0,126.0,253.0,229.0,98.0,327.0,game,Spread,Cleveland Browns,,-1.5,polymarket,-234,—,—,,+1,,miss,,,,—,,
2026-09-27T20:12:49.904557+00:00,nfl,2026,3,401872949,4018729493806,4,7:23,B.Young pass short right to M.Evans to CAR 47 for 19 yards (E.McNeil-Warren; R.Hickman).,1,10,CAR 28,72,1,Cleveland Browns,Carolina Panthers,13,12,65.9,34.1,127.0,126.0,253.0,229.0,98.0,327.0,game,Total,Over,,40.5,kalshi,108,—,—,,25.0,,miss,,,,—,,
2026-09-27T20:12:49.904557+00:00,nfl,2026,3,401872949,4018729493806,4,7:23,B.Young pass short right to M.Evans to CAR 47 for 19 yards (E.McNeil-Warren; R.Hickman).,1,10,CAR 28,72,1,Cleveland Browns,Carolina Panthers,13,12,65.9,34.1,127.0,126.0,253.0,229.0,98.0,327.0,game,Total,Under,,40.5,kalshi,-123,—,—,,25.0,,hit,,,,—,,
2026-09-27T20:12:49.904557+00:00,nfl,2026,3,401872949,4018729493806,4,7:23,B.Young pass short right to M.Evans to CAR 47 for 19 yards (E.McNeil-Warren; R.Hickman).,1,10,CAR 28,72,1,Cleveland Browns,Carolina Panthers,13,12,65.9,34.1,127.0,126.0,253.0,229.0,98.0,327.0,game,ML,Carolina Panthers,,,betfair,215,—,—,,Loss,,miss,,,,—,,
2026-09-27T20:12:49.904557+00:00,nfl,2026,3,401872949,4018729493806,4,7:23,B.Young pass short right to M.Evans to CAR 47 for 19 yards (E.McNeil-Warren; R.Hickman).,1,10,CAR 28,72,1,Cleveland Browns,Carolina Panthers,13,12,65.9,34.1,127.0,126.0,253.0,229.0,98.0,327.0,game,ML,Cleveland Browns,,,polymarket,-223,—,—,,Win,,hit,,,,—,,
2026-09-27T20:12:49.904557+00:00,nfl,2026,3,401872949,4018729493831,4,6:49,(Shotgun) C.Hubbard left guard to 50 for 3 yards (M.Collins; J.Verse).,1,10,CAR 47,53,1,Cleveland Browns,Carolina Panthers,13,12,65.9,34.1,127.0,126.0,253.0,229.0,98.0,327.0,game,Spread,Carolina Panthers,,1.5,polymarket,177,—,—,,+1,,hit,,,,—,,
2026-09-27T20:12:49.904557+00:00,nfl,2026,3,401872949,4018729493831,4,6:49,(Shotgun) C.Hubbard left guard to 50 for 3 yards (M.Collins; J.Verse).,1,10,CAR 47,53,1,Cleveland Browns,Carolina Panthers,13,12,65.9,34.1,127.0,126.0,253.0,229.0,98.0,327.0,game,Spread,Cleveland Browns,,-1.5,polymarket,-234,—,—,,+1,,miss,,,,—,,
2026-09-27T20:12:49.904557+00:00,nfl,2026,3,401872949,4018729493831,4,6:49,(Shotgun) C.Hubbard left guard to 50 for 3 yards (M.Collins; J.Verse).,1,10,CAR 47,53,1,Cleveland Browns,Carolina Panthers,13,12,65.9,34.1,127.0,126.0,253.0,229.0,98.0,327.0,game,Total,Over,,40.5,kalshi,108,—,—,,25.0,,miss,,,,—,,
2026-09-27T20:12:49.904557+00:00,nfl,2026,3,401872949,4018729493831,4,6:49,(Shotgun) C.Hubbard left guard to 50 for 3 yards (M.Collins; J.Verse).,1,10,CAR 47,53,1,Cleveland Browns,Carolina Panthers,13,12,65.9,34.1,127.0,126.0,253.0,229.0,98.0,327.0,game,Total,Under,,40.5,kalshi,-123,—,—,,25.0,,hit,,,,—,,
2026-09-27T20:12:49.904557+00:00,nfl,2026,3,401872949,4018729493831,4,6:49,(Shotgun) C.Hubbard left guard to 50 for 3 yards (M.Collins; J.Verse).,1,10,CAR 47,53,1,Cleveland Browns,Carolina Panthers,13,12,65.9,34.1,127.0,126.0,253.0,229.0,98.0,327.0,game,ML,Carolina Panthers,,,betfair,215,—,—,,Loss,,miss,,,,—,,
2026-09-27T20:12:49.904557+00:00,nfl,2026,3,401872949,4018729493831,4,6:49,(Shotgun) C.Hubbard left guard to 50 for 3 yards (M.Collins; J.Verse).,1,10,CAR 47,53,1,Cleveland Browns,Carolina Panthers,13,12,65.9,34.1,127.0,126.0,253.0,229.0,98.0,327.0,game,ML,Cleveland Browns,,,polymarket,-223,—,—,,Win,,hit,,,,—,,
2026-09-27T20:12:49.904557+00:00,nfl,2026,3,401872949,4018729493853,4,6:23,(No Huddle) C.Hubbard left guard to CLV 39 for 11 yards (R.Hickman).,2,7,50,50,1,Cleveland Browns,Carolina Panthers,13,12,65.9,34.1,127.0,126.0,253.0,229.0,98.0,327.0,game,Spread,Carolina Panthers,,1.5,polymarket,177,—,—,,+1,,hit,,,,—,,
2026-09-27T20:12:49.904557+00:00,nfl,2026,3,401872949,4018729493853,4,6:23,(No Huddle) C.Hubbard left guard to CLV 39 for 11 yards (R.Hickman).,2,7,50,50,1,Cleveland Browns,Carolina Panthers,13,12,65.9,34.1,127.0,126.0,253.0,229.0,98.0,327.0,game,Spread,Cleveland Browns,,-1.5,polymarket,-234,—,—,,+1,,miss,,,,—,,
2026-09-27T20:12:49.904557+00:00,nfl,2026,3,401872949,4018729493853,4,6:23,(No Huddle) C.Hubbard left guard to CLV 39 for 11 yards (R.Hickman).,2,7,50,50,1,Cleveland Browns,Carolina Panthers,13,12,65.9,34.1,127.0,126.0,253.0,229.0,98.0,327.0,game,Total,Over,,40.5,kalshi,108,—,—,,25.0,,miss,,,,—,,
2026-09-27T20:12:49.904557+00:00,nfl,2026,3,401872949,4018729493853,4,6:23,(No Huddle) C.Hubbard left guard to CLV 39 for 11 yards (R.Hickman).,2,7,50,50,1,Cleveland Browns,Carolina Panthers,13,12,65.9,34.1,127.0,126.0,253.0,229.0,98.0,327.0,game,Total,Under,,40.5,kalshi,-123,—,—,,25.0,,hit,,,,—,,
2026-09-27T20:12:49.904557+00:00,nfl,2026,3,401872949,4018729493853,4,6:23,(No Huddle) C.Hubbard left guard to CLV 39 for 11 yards (R.Hickman).,2,7,50,50,1,Cleveland Browns,Carolina Panthers,13,12,65.9,34.1,127.0,126.0,253.0,229.0,98.0,327.0,game,ML,Carolina Panthers,,,betfair,215,—,—,,Loss,,miss,,,,—,,
2026-09-27T20:12:49.904557+00:00,nfl,2026,3,401872949,4018729493853,4,6:23,(No Huddle) C.Hubbard left guard to CLV 39 for 11 yards (R.Hickman).,2,7,50,50,1,Cleveland Browns,Carolina Panthers,13,12,65.9,34.1,127.0,126.0,253.0,229.0,98.0,327.0,game,ML,Cleveland Browns,,,polymarket,-223,—,—,,Win,,hit,,,,—,,
2026-09-27T20:12:49.904557+00:00,nfl,2026,3,401872949,4018729493875,4,5:47,C.Hubbard left guard to CLV 23 for 16 yards (R.Hickman).,1,10,CLE 39,39,1,Cleveland Browns,Carolina Panthers,13,12,65.9,34.1,127.0,126.0,253.0,229.0,98.0,327.0,game,Spread,Carolina Panthers,,1.5,polymarket,177,—,—,,+1,,hit,,,,—,,
2026-09-27T20:12:49.904557+00:00,nfl,2026,3,401872949,4018729493875,4,5:47,C.Hubbard left guard to CLV 23 for 16 yards (R.Hickman).,1,10,CLE 39,39,1,Cleveland Browns,Carolina Panthers,13,12,65.9,34.1,127.0,126.0,253.0,229.0,98.0,327.0,game,Spread,Cleveland Browns,,-1.5,polymarket,-234,—,—,,+1,,miss,,,,—,,
2026-09-27T20:12:49.904557+00:00,nfl,2026,3,401872949,4018729493875,4,5:47,C.Hubbard left guard to CLV 23 for 16 yards (R.Hickman).,1,10,CLE 39,39,1,Cleveland Browns,Carolina Panthers,13,12,65.9,34.1,127.0,126.0,253.0,229.0,98.0,327.0,game,Total,Over,,40.5,kalshi,108,—,—,,25.0,,miss,,,,—,,
2026-09-27T20:12:49.904557+00:00,nfl,2026,3,401872949,4018729493875,4,5:47,C.Hubbard left guard to CLV 23 for 16 yards (R.Hickman).,1,10,CLE 39,39,1,Cleveland Browns,Carolina Panthers,13,12,65.9,34.1,127.0,126.0,253.0,229.0,98.0,327.0,game,Total,Under,,40.5,kalshi,-123,—,—,,25.0,,hit,,,,—,,
2026-09-27T20:12:49.904557+00:00,nfl,2026,3,401872949,4018729493875,4,5:47,C.Hubbard left guard to CLV 23 for 16 yards (R.Hickman).,1,10,CLE 39,39,1,Cleveland Browns,Carolina Panthers,13,12,65.9,34.1,127.0,126.0,253.0,229.0,98.0,327.0,game,ML,Carolina Panthers,,,betfair,215,—,—,,Loss,,miss,,,,—,,
2026-09-27T20:12:49.904557+00:00,nfl,2026,3,401872949,4018729493875,4,5:47,C.Hubbard left guard to CLV 23 for 16 yards (R.Hickman).,1,10,CLE 39,39,1,Cleveland Browns,Carolina Panthers,13,12,65.9,34.1,127.0,126.0,253.0,229.0,98.0,327.0,game,ML,Cleveland Browns,,,polymarket,-223,—,—,,Win,,hit,,,,—,,
2026-09-27T20:12:49.904557+00:00,nfl,2026,3,401872949,4018729493897,4,5:10,B.Young pass short left to T.Tremble to CLV 8 for 15 yards (M.Blackmon).,1,10,CLE 23,23,1,Cleveland Browns,Carolina Panthers,13,12,65.9,34.1,127.0,126.0,253.0,229.0,98.0,327.0,game,Spread,Carolina Panthers,,1.5,polymarket,177,—,—,,+1,,hit,,,,—,,
2026-09-27T20:12:49.904557+00:00,nfl,2026,3,401872949,4018729493897,4,5:10,B.Young pass short left to T.Tremble to CLV 8 for 15 yards (M.Blackmon).,1,10,CLE 23,23,1,Cleveland Browns,Carolina Panthers,13,12,65.9,34.1,127.0,126.0,253.0,229.0,98.0,327.0,game,Spread,Cleveland Browns,,-1.5,polymarket,-234,—,—,,+1,,miss,,,,—,,
2026-09-27T20:12:49.904557+00:00,nfl,2026,3,401872949,4018729493897,4,5:10,B.Young pass short left to T.Tremble to CLV 8 for 15 yards (M.Blackmon).,1,10,CLE 23,23,1,Cleveland Browns,Carolina Panthers,13,12,65.9,34.1,127.0,126.0,253.0,229.0,98.0,327.0,game,Total,Over,,40.5,kalshi,108,—,—,,25.0,,miss,,,,—,,
2026-09-27T20:12:49.904557+00:00,nfl,2026,3,401872949,4018729493897,4,5:10,B.Young pass short left to T.Tremble to CLV 8 for 15 yards (M.Blackmon).,1,10,CLE 23,23,1,Cleveland Browns,Carolina Panthers,13,12,65.9,34.1,127.0,126.0,253.0,229.0,98.0,327.0,game,Total,Under,,40.5,kalshi,-123,—,—,,25.0,,hit,,,,—,,
2026-09-27T20:12:49.904557+00:00,nfl,2026,3,401872949,4018729493897,4,5:10,B.Young pass short left to T.Tremble to CLV 8 for 15 yards (M.Blackmon).,1,10,CLE 23,23,1,Cleveland Browns,Carolina Panthers,13,12,65.9,34.1,127.0,126.0,253.0,229.0,98.0,327.0,game,ML,Carolina Panthers,,,betfair,215,—,—,,Loss,,miss,,,,—,,
2026-09-27T20:12:49.904557+00:00,nfl,2026,3,401872949,4018729493897,4,5:10,B.Young pass short left to T.Tremble to CLV 8 for 15 yards (M.Blackmon).,1,10,CLE 23,23,1,Cleveland Browns,Carolina Panthers,13,12,65.9,34.1,127.0,126.0,253.0,229.0,98.0,327.0,game,ML,Cleveland Browns,,,polymarket,-223,—,—,,Win,,hit,,,,—,,
2026-09-27T20:12:49.904557+00:00,nfl,2026,3,401872949,4018729493922,4,4:25,"(Shotgun) B.Young pass short left to J.Metchie for 8 yards, TOUCHDOWN. TWO-POINT CONVERSION ATTEMPT. C.Hubbard rushes up the middle. ATTEMPT FAILS. CAR-D.Lewis was injured during the play.",1,8,CLE 8,8,-5,Cleveland Browns,Carolina Panthers,13,18,65.9,34.1,127.0,126.0,253.0,229.0,98.0,327.0,game,Spread,Carolina Panthers,,1.5,polymarket,177,—,—,,-5,,hit,,,,—,,
2026-09-27T20:12:49.904557+00:00,nfl,2026,3,401872949,4018729493922,4,4:25,"(Shotgun) B.Young pass short left to J.Metchie for 8 yards, TOUCHDOWN. TWO-POINT CONVERSION ATTEMPT. C.Hubbard rushes up the middle. ATTEMPT FAILS. CAR-D.Lewis was injured during the play.",1,8,CLE 8,8,-5,Cleveland Browns,Carolina Panthers,13,18,65.9,34.1,127.0,126.0,253.0,229.0,98.0,327.0,game,Spread,Cleveland Browns,,-1.5,polymarket,-234,—,—,,-5,,miss,,,,—,,
2026-09-27T20:12:49.904557+00:00,nfl,2026,3,401872949,4018729493922,4,4:25,"(Shotgun) B.Young pass short left to J.Metchie for 8 yards, TOUCHDOWN. TWO-POINT CONVERSION ATTEMPT. C.Hubbard rushes up the middle. ATTEMPT FAILS. CAR-D.Lewis was injured during the play.",1,8,CLE 8,8,-5,Cleveland Browns,Carolina Panthers,13,18,65.9,34.1,127.0,126.0,253.0,229.0,98.0,327.0,game,Total,Over,,40.5,kalshi,108,—,—,,31.0,,miss,,,,—,,
2026-09-27T20:12:49.904557+00:00,nfl,2026,3,401872949,4018729493922,4,4:25,"(Shotgun) B.Young pass short left to J.Metchie for 8 yards, TOUCHDOWN. TWO-POINT CONVERSION ATTEMPT. C.Hubbard rushes up the middle. ATTEMPT FAILS. CAR-D.Lewis was injured during the play.",1,8,CLE 8,8,-5,Cleveland Browns,Carolina Panthers,13,18,65.9,34.1,127.0,126.0,253.0,229.0,98.0,327.0,game,Total,Under,,40.5,kalshi,-123,—,—,,31.0,,hit,,,,—,,
2026-09-27T20:12:49.904557+00:00,nfl,2026,3,401872949,4018729493922,4,4:25,"(Shotgun) B.Young pass short left to J.Metchie for 8 yards, TOUCHDOWN. TWO-POINT CONVERSION ATTEMPT. C.Hubbard rushes up the middle. ATTEMPT FAILS. CAR-D.Lewis was injured during the play.",1,8,CLE 8,8,-5,Cleveland Browns,Carolina Panthers,13,18,65.9,34.1,127.0,126.0,253.0,229.0,98.0,327.0,game,ML,Carolina Panthers,,,betfair,215,—,—,,Win,,hit,,,,—,,
2026-09-27T20:12:49.904557+00:00,nfl,2026,3,401872949,4018729493922,4,4:25,"(Shotgun) B.Young pass short left to J.Metchie for 8 yards, TOUCHDOWN. TWO-POINT CONVERSION ATTEMPT. C.Hubbard rushes up the middle. ATTEMPT FAILS. CAR-D.Lewis was injured during the play.",1,8,CLE 8,8,-5,Cleveland Browns,Carolina Panthers,13,18,65.9,34.1,127.0,126.0,253.0,229.0,98.0,327.0,game,ML,Cleveland Browns,,,polymarket,-223,—,—,,Loss,,miss,,,,—,,
2026-09-27T20:12:49.904557+00:00,nfl,2026,3,401872949,4018729493961,4,4:25,R.Fitzgerald kicks 58 yards from CAR 35 to CLV 7. M.Corley to CLV 35 for 28 yards (A.Evans; F.Franks). CLV-T.Wallace was injured during the play.,3,10,CAR 14,65,-5,Cleveland Browns,Carolina Panthers,13,18,65.9,34.1,127.0,126.0,253.0,229.0,98.0,327.0,game,Spread,Carolina Panthers,,1.5,polymarket,177,—,—,,-5,,hit,,,,—,,
2026-09-27T20:12:49.904557+00:00,nfl,2026,3,401872949,4018729493961,4,4:25,R.Fitzgerald kicks 58 yards from CAR 35 to CLV 7. M.Corley to CLV 35 for 28 yards (A.Evans; F.Franks). CLV-T.Wallace was injured during the play.,3,10,CAR 14,65,-5,Cleveland Browns,Carolina Panthers,13,18,65.9,34.1,127.0,126.0,253.0,229.0,98.0,327.0,game,Spread,Cleveland Browns,,-1.5,polymarket,-234,—,—,,-5,,miss,,,,—,,
2026-09-27T20:12:49.904557+00:00,nfl,2026,3,401872949,4018729493961,4,4:25,R.Fitzgerald kicks 58 yards from CAR 35 to CLV 7. M.Corley to CLV 35 for 28 yards (A.Evans; F.Franks). CLV-T.Wallace was injured during the play.,3,10,CAR 14,65,-5,Cleveland Browns,Carolina Panthers,13,18,65.9,34.1,127.0,126.0,253.0,229.0,98.0,327.0,game,Total,Over,,40.5,kalshi,108,—,—,,31.0,,miss,,,,—,,
2026-09-27T20:12:49.904557+00:00,nfl,2026,3,401872949,4018729493961,4,4:25,R.Fitzgerald kicks 58 yards from CAR 35 to CLV 7. M.Corley to CLV 35 for 28 yards (A.Evans; F.Franks). CLV-T.Wallace was injured during the play.,3,10,CAR 14,65,-5,Cleveland Browns,Carolina Panthers,13,18,65.9,34.1,127.0,126.0,253.0,229.0,98.0,327.0,game,Total,Under,,40.5,kalshi,-123,—,—,,31.0,,hit,,,,—,,
2026-09-27T20:12:49.904557+00:00,nfl,2026,3,401872949,4018729493961,4,4:25,R.Fitzgerald kicks 58 yards from CAR 35 to CLV 7. M.Corley to CLV 35 for 28 yards (A.Evans; F.Franks). CLV-T.Wallace was injured during the play.,3,10,CAR 14,65,-5,Cleveland Browns,Carolina Panthers,13,18,65.9,34.1,127.0,126.0,253.0,229.0,98.0,327.0,game,ML,Carolina Panthers,,,betfair,215,—,—,,Win,,hit,,,,—,,
2026-09-27T20:12:49.904557+00:00,nfl,2026,3,401872949,4018729493961,4,4:25,R.Fitzgerald kicks 58 yards from CAR 35 to CLV 7. M.Corley to CLV 35 for 28 yards (A.Evans; F.Franks). CLV-T.Wallace was injured during the play.,3,10,CAR 14,65,-5,Cleveland Browns,Carolina Panthers,13,18,65.9,34.1,127.0,126.0,253.0,229.0,98.0,327.0,game,ML,Cleveland Browns,,,polymarket,-223,—,—,,Loss,,miss,,,,—,,
2026-09-27T20:12:49.904557+00:00,nfl,2026,3,401872949,4018729493976,4,4:19,Official Timeout at 04:19.,1,10,CLE 35,35,-5,Cleveland Browns,Carolina Panthers,13,18,65.9,34.1,127.0,126.0,253.0,229.0,98.0,327.0,game,Spread,Carolina Panthers,,1.5,polymarket,177,—,—,,-5,,hit,,,,—,,
2026-09-27T20:12:49.904557+00:00,nfl,2026,3,401872949,4018729493976,4,4:19,Official Timeout at 04:19.,1,10,CLE 35,35,-5,Cleveland Browns,Carolina Panthers,13,18,65.9,34.1,127.0,126.0,253.0,229.0,98.0,327.0,game,Spread,Cleveland Browns,,-1.5,polymarket,-234,—,—,,-5,,miss,,,,—,,
2026-09-27T20:12:49.904557+00:00,nfl,2026,3,401872949,4018729493976,4,4:19,Official Timeout at 04:19.,1,10,CLE 35,35,-5,Cleveland Browns,Carolina Panthers,13,18,65.9,34.1,127.0,126.0,253.0,229.0,98.0,327.0,game,Total,Over,,40.5,kalshi,108,—,—,,31.0,,miss,,,,—,,
2026-09-27T20:12:49.904557+00:00,nfl,2026,3,401872949,4018729493976,4,4:19,Official Timeout at 04:19.,1,10,CLE 35,35,-5,Cleveland Browns,Carolina Panthers,13,18,65.9,34.1,127.0,126.0,253.0,229.0,98.0,327.0,game,Total,Under,,40.5,kalshi,-123,—,—,,31.0,,hit,,,,—,,
2026-09-27T20:12:49.904557+00:00,nfl,2026,3,401872949,4018729493976,4,4:19,Official Timeout at 04:19.,1,10,CLE 35,35,-5,Cleveland Browns,Carolina Panthers,13,18,65.9,34.1,127.0,126.0,253.0,229.0,98.0,327.0,game,ML,Carolina Panthers,,,betfair,215,—,—,,Win,,hit,,,,—,,
2026-09-27T20:12:49.904557+00:00,nfl,2026,3,401872949,4018729493976,4,4:19,Official Timeout at 04:19.,1,10,CLE 35,35,-5,Cleveland Browns,Carolina Panthers,13,18,65.9,34.1,127.0,126.0,253.0,229.0,98.0,327.0,game,ML,Cleveland Browns,,,polymarket,-223,—,—,,Loss,,miss,,,,—,,
2026-09-27T20:12:49.904557+00:00,nfl,2026,3,401872949,4018729493990,4,4:19,(Shotgun) D.Watson pass short middle to D.Boston to CLV 48 for 13 yards (W.Lee).,1,10,CLE 35,35,-5,Cleveland Browns,Carolina Panthers,13,18,65.9,34.1,127.0,126.0,253.0,229.0,98.0,327.0,game,Spread,Carolina Panthers,,1.5,polymarket,177,—,—,,-5,,hit,,,,—,,
2026-09-27T20:12:49.904557+00:00,nfl,2026,3,401872949,4018729493990,4,4:19,(Shotgun) D.Watson pass short middle to D.Boston to CLV 48 for 13 yards (W.Lee).,1,10,CLE 35,35,-5,Cleveland Browns,Carolina Panthers,13,18,65.9,34.1,127.0,126.0,253.0,229.0,98.0,327.0,game,Spread,Cleveland Browns,,-1.5,polymarket,-234,—,—,,-5,,miss,,,,—,,
2026-09-27T20:12:49.904557+00:00,nfl,2026,3,401872949,4018729493990,4,4:19,(Shotgun) D.Watson pass short middle to D.Boston to CLV 48 for 13 yards (W.Lee).,1,10,CLE 35,35,-5,Cleveland Browns,Carolina Panthers,13,18,65.9,34.1,127.0,126.0,253.0,229.0,98.0,327.0,game,Total,Over,,40.5,kalshi,108,—,—,,31.0,,miss,,,,—,,
2026-09-27T20:12:49.904557+00:00,nfl,2026,3,401872949,4018729493990,4,4:19,(Shotgun) D.Watson pass short middle to D.Boston to CLV 48 for 13 yards (W.Lee).,1,10,CLE 35,35,-5,Cleveland Browns,Carolina Panthers,13,18,65.9,34.1,127.0,126.0,253.0,229.0,98.0,327.0,game,Total,Under,,40.5,kalshi,-123,—,—,,31.0,,hit,,,,—,,
2026-09-27T20:12:49.904557+00:00,nfl,2026,3,401872949,4018729493990,4,4:19,(Shotgun) D.Watson pass short middle to D.Boston to CLV 48 for 13 yards (W.Lee).,1,10,CLE 35,35,-5,Cleveland Browns,Carolina Panthers,13,18,65.9,34.1,127.0,126.0,253.0,229.0,98.0,327.0,game,ML,Carolina Panthers,,,betfair,215,—,—,,Win,,hit,,,,—,,
2026-09-27T20:12:49.904557+00:00,nfl,2026,3,401872949,4018729493990,4,4:19,(Shotgun) D.Watson pass short middle to D.Boston to CLV 48 for 13 yards (W.Lee).,1,10,CLE 35,35,-5,Cleveland Browns,Carolina Panthers,13,18,65.9,34.1,127.0,126.0,253.0,229.0,98.0,327.0,game,ML,Cleveland Browns,,,polymarket,-223,—,—,,Loss,,miss,,,,—,,
2026-09-27T20:12:49.904557+00:00,nfl,2026,3,401872949,4018729494028,4,3:41,(Shotgun) D.Watson pass incomplete short right to H.Fannin [J.Phillips].,1,10,CLE 48,48,-5,Cleveland Browns,Carolina Panthers,13,18,65.9,34.1,127.0,126.0,253.0,229.0,98.0,327.0,game,Spread,Carolina Panthers,,1.5,polymarket,177,—,—,,-5,,hit,,,,—,,
2026-09-27T20:12:49.904557+00:00,nfl,2026,3,401872949,4018729494028,4,3:41,(Shotgun) D.Watson pass incomplete short right to H.Fannin [J.Phillips].,1,10,CLE 48,48,-5,Cleveland Browns,Carolina Panthers,13,18,65.9,34.1,127.0,126.0,253.0,229.0,98.0,327.0,game,Spread,Cleveland Browns,,-1.5,polymarket,-234,—,—,,-5,,miss,,,,—,,
2026-09-27T20:12:49.904557+00:00,nfl,2026,3,401872949,4018729494028,4,3:41,(Shotgun) D.Watson pass incomplete short right to H.Fannin [J.Phillips].,1,10,CLE 48,48,-5,Cleveland Browns,Carolina Panthers,13,18,65.9,34.1,127.0,126.0,253.0,229.0,98.0,327.0,game,Total,Over,,40.5,kalshi,108,—,—,,31.0,,miss,,,,—,,
2026-09-27T20:12:49.904557+00:00,nfl,2026,3,401872949,4018729494028,4,3:41,(Shotgun) D.Watson pass incomplete short right to H.Fannin [J.Phillips].,1,10,CLE 48,48,-5,Cleveland Browns,Carolina Panthers,13,18,65.9,34.1,127.0,126.0,253.0,229.0,98.0,327.0,game,Total,Under,,40.5,kalshi,-123,—,—,,31.0,,hit,,,,—,,
2026-09-27T20:12:49.904557+00:00,nfl,2026,3,401872949,4018729494028,4,3:41,(Shotgun) D.Watson pass incomplete short right to H.Fannin [J.Phillips].,1,10,CLE 48,48,-5,Cleveland Browns,Carolina Panthers,13,18,65.9,34.1,127.0,126.0,253.0,229.0,98.0,327.0,game,ML,Carolina Panthers,,,betfair,215,—,—,,Win,,hit,,,,—,,
2026-09-27T20:12:49.904557+00:00,nfl,2026,3,401872949,4018729494028,4,3:41,(Shotgun) D.Watson pass incomplete short right to H.Fannin [J.Phillips].,1,10,CLE 48,48,-5,Cleveland Browns,Carolina Panthers,13,18,65.9,34.1,127.0,126.0,253.0,229.0,98.0,327.0,game,ML,Cleveland Browns,,,polymarket,-223,—,—,,Loss,,miss,,,,—,,
2026-09-27T20:12:49.904557+00:00,nfl,2026,3,401872949,4018729494051,4,3:34,(Shotgun) D.Watson pass short left to H.Fannin to CAR 45 for 7 yards (Z.Wheatley).,2,10,CLE 48,48,-5,Cleveland Browns,Carolina Panthers,13,18,65.9,34.1,127.0,126.0,253.0,229.0,98.0,327.0,game,Spread,Carolina Panthers,,1.5,polymarket,177,—,—,,-5,,hit,,,,—,,
2026-09-27T20:12:49.904557+00:00,nfl,2026,3,401872949,4018729494051,4,3:34,(Shotgun) D.Watson pass short left to H.Fannin to CAR 45 for 7 yards (Z.Wheatley).,2,10,CLE 48,48,-5,Cleveland Browns,Carolina Panthers,13,18,65.9,34.1,127.0,126.0,253.0,229.0,98.0,327.0,game,Spread,Cleveland Browns,,-1.5,polymarket,-234,—,—,,-5,,miss,,,,—,,
2026-09-27T20:12:49.904557+00:00,nfl,2026,3,401872949,4018729494051,4,3:34,(Shotgun) D.Watson pass short left to H.Fannin to CAR 45 for 7 yards (Z.Wheatley).,2,10,CLE 48,48,-5,Cleveland Browns,Carolina Panthers,13,18,65.9,34.1,127.0,126.0,253.0,229.0,98.0,327.0,game,Total,Over,,40.5,kalshi,108,—,—,,31.0,,miss,,,,—,,
2026-09-27T20:12:49.904557+00:00,nfl,2026,3,401872949,4018729494051,4,3:34,(Shotgun) D.Watson pass short left to H.Fannin to CAR 45 for 7 yards (Z.Wheatley).,2,10,CLE 48,48,-5,Cleveland Browns,Carolina Panthers,13,18,65.9,34.1,127.0,126.0,253.0,229.0,98.0,327.0,game,Total,Under,,40.5,kalshi,-123,—,—,,31.0,,hit,,,,—,,
2026-09-27T20:12:49.904557+00:00,nfl,2026,3,401872949,4018729494051,4,3:34,(Shotgun) D.Watson pass short left to H.Fannin to CAR 45 for 7 yards (Z.Wheatley).,2,10,CLE 48,48,-5,Cleveland Browns,Carolina Panthers,13,18,65.9,34.1,127.0,126.0,253.0,229.0,98.0,327.0,game,ML,Carolina Panthers,,,betfair,215,—,—,,Win,,hit,,,,—,,
2026-09-27T20:12:49.904557+00:00,nfl,2026,3,401872949,4018729494051,4,3:34,(Shotgun) D.Watson pass short left to H.Fannin to CAR 45 for 7 yards (Z.Wheatley).,2,10,CLE 48,48,-5,Cleveland Browns,Carolina Panthers,13,18,65.9,34.1,127.0,126.0,253.0,229.0,98.0,327.0,game,ML,Cleveland Browns,,,polymarket,-223,—,—,,Loss,,miss,,,,—,,
2026-09-27T20:12:49.904557+00:00,nfl,2026,3,401872949,4018729494076,4,2:55,(Shotgun) D.Watson scrambles left guard ran ob at CAR 24 for 21 yards (L.Ransom).,3,3,CAR 45,55,-5,Cleveland Browns,Carolina Panthers,13,18,65.9,34.1,127.0,126.0,253.0,229.0,98.0,327.0,game,Spread,Carolina Panthers,,1.5,polymarket,177,—,—,,-5,,hit,,,,—,,
2026-09-27T20:12:49.904557+00:00,nfl,2026,3,401872949,4018729494076,4,2:55,(Shotgun) D.Watson scrambles left guard ran ob at CAR 24 for 21 yards (L.Ransom).,3,3,CAR 45,55,-5,Cleveland Browns,Carolina Panthers,13,18,65.9,34.1,127.0,126.0,253.0,229.0,98.0,327.0,game,Spread,Cleveland Browns,,-1.5,polymarket,-234,—,—,,-5,,miss,,,,—,,
2026-09-27T20:12:49.904557+00:00,nfl,2026,3,401872949,4018729494076,4,2:55,(Shotgun) D.Watson scrambles left guard ran ob at CAR 24 for 21 yards (L.Ransom).,3,3,CAR 45,55,-5,Cleveland Browns,Carolina Panthers,13,18,65.9,34.1,127.0,126.0,253.0,229.0,98.0,327.0,game,Total,Over,,40.5,kalshi,108,—,—,,31.0,,miss,,,,—,,
2026-09-27T20:12:49.904557+00:00,nfl,2026,3,401872949,4018729494076,4,2:55,(Shotgun) D.Watson scrambles left guard ran ob at CAR 24 for 21 yards (L.Ransom).,3,3,CAR 45,55,-5,Cleveland Browns,Carolina Panthers,13,18,65.9,34.1,127.0,126.0,253.0,229.0,98.0,327.0,game,Total,Under,,40.5,kalshi,-123,—,—,,31.0,,hit,,,,—,,
2026-09-27T20:12:49.904557+00:00,nfl,2026,3,401872949,4018729494076,4,2:55,(Shotgun) D.Watson scrambles left guard ran ob at CAR 24 for 21 yards (L.Ransom).,3,3,CAR 45,55,-5,Cleveland Browns,Carolina Panthers,13,18,65.9,34.1,127.0,126.0,253.0,229.0,98.0,327.0,game,ML,Carolina Panthers,,,betfair,215,—,—,,Win,,hit,,,,—,,
2026-09-27T20:12:49.904557+00:00,nfl,2026,3,401872949,4018729494076,4,2:55,(Shotgun) D.Watson scrambles left guard ran ob at CAR 24 for 21 yards (L.Ransom).,3,3,CAR 45,55,-5,Cleveland Browns,Carolina Panthers,13,18,65.9,34.1,127.0,126.0,253.0,229.0,98.0,327.0,game,ML,Cleveland Browns,,,polymarket,-223,—,—,,Loss,,miss,,,,—,,
2026-09-27T20:12:49.904557+00:00,nfl,2026,3,401872949,4018729494103,4,2:48,(Shotgun) D.Watson pass incomplete short left.,1,10,CAR 24,76,-5,Cleveland Browns,Carolina Panthers,13,18,65.9,34.1,127.0,126.0,253.0,229.0,98.0,327.0,game,Spread,Carolina Panthers,,1.5,polymarket,177,—,—,,-5,,hit,,,,—,,
2026-09-27T20:12:49.904557+00:00,nfl,2026,3,401872949,4018729494103,4,2:48,(Shotgun) D.Watson pass incomplete short left.,1,10,CAR 24,76,-5,Cleveland Browns,Carolina Panthers,13,18,65.9,34.1,127.0,126.0,253.0,229.0,98.0,327.0,game,Spread,Cleveland Browns,,-1.5,polymarket,-234,—,—,,-5,,miss,,,,—,,
2026-09-27T20:12:49.904557+00:00,nfl,2026,3,401872949,4018729494103,4,2:48,(Shotgun) D.Watson pass incomplete short left.,1,10,CAR 24,76,-5,Cleveland Browns,Carolina Panthers,13,18,65.9,34.1,127.0,126.0,253.0,229.0,98.0,327.0,game,Total,Over,,40.5,kalshi,108,—,—,,31.0,,miss,,,,—,,
2026-09-27T20:12:49.904557+00:00,nfl,2026,3,401872949,4018729494103,4,2:48,(Shotgun) D.Watson pass incomplete short left.,1,10,CAR 24,76,-5,Cleveland Browns,Carolina Panthers,13,18,65.9,34.1,127.0,126.0,253.0,229.0,98.0,327.0,game,Total,Under,,40.5,kalshi,-123,—,—,,31.0,,hit,,,,—,,
2026-09-27T20:12:49.904557+00:00,nfl,2026,3,401872949,4018729494103,4,2:48,(Shotgun) D.Watson pass incomplete short left.,1,10,CAR 24,76,-5,Cleveland Browns,Carolina Panthers,13,18,65.9,34.1,127.0,126.0,253.0,229.0,98.0,327.0,game,ML,Carolina Panthers,,,betfair,215,—,—,,Win,,hit,,,,—,,
2026-09-27T20:12:49.904557+00:00,nfl,2026,3,401872949,4018729494103,4,2:48,(Shotgun) D.Watson pass incomplete short left.,1,10,CAR 24,76,-5,Cleveland Browns,Carolina Panthers,13,18,65.9,34.1,127.0,126.0,253.0,229.0,98.0,327.0,game,ML,Cleveland Browns,,,polymarket,-223,—,—,,Loss,,miss,,,,—,,
2026-09-27T20:12:49.904557+00:00,nfl,2026,3,401872949,4018729494126,4,2:41,"(Shotgun) D.Watson pass short left to K.Concepcion to CAR 19 for 5 yards (L.Ransom).PENALTY on CLV-M.Corley, Illegal Shift, 5 yards, enforced at CAR 24 - No Play.",2,10,CAR 24,76,-5,Cleveland Browns,Carolina Panthers,13,18,65.9,34.1,127.0,126.0,253.0,229.0,98.0,327.0,game,Spread,Carolina Panthers,,1.5,polymarket,177,—,—,,-5,,hit,,,,—,,
2026-09-27T20:12:49.904557+00:00,nfl,2026,3,401872949,4018729494126,4,2:41,"(Shotgun) D.Watson pass short left to K.Concepcion to CAR 19 for 5 yards (L.Ransom).PENALTY on CLV-M.Corley, Illegal Shift, 5 yards, enforced at CAR 24 - No Play.",2,10,CAR 24,76,-5,Cleveland Browns,Carolina Panthers,13,18,65.9,34.1,127.0,126.0,253.0,229.0,98.0,327.0,game,Spread,Cleveland Browns,,-1.5,polymarket,-234,—,—,,-5,,miss,,,,—,,
2026-09-27T20:12:49.904557+00:00,nfl,2026,3,401872949,4018729494126,4,2:41,"(Shotgun) D.Watson pass short left to K.Concepcion to CAR 19 for 5 yards (L.Ransom).PENALTY on CLV-M.Corley, Illegal Shift, 5 yards, enforced at CAR 24 - No Play.",2,10,CAR 24,76,-5,Cleveland Browns,Carolina Panthers,13,18,65.9,34.1,127.0,126.0,253.0,229.0,98.0,327.0,game,Total,Over,,40.5,kalshi,108,—,—,,31.0,,miss,,,,—,,
2026-09-27T20:12:49.904557+00:00,nfl,2026,3,401872949,4018729494126,4,2:41,"(Shotgun) D.Watson pass short left to K.Concepcion to CAR 19 for 5 yards (L.Ransom).PENALTY on CLV-M.Corley, Illegal Shift, 5 yards, enforced at CAR 24 - No Play.",2,10,CAR 24,76,-5,Cleveland Browns,Carolina Panthers,13,18,65.9,34.1,127.0,126.0,253.0,229.0,98.0,327.0,game,Total,Under,,40.5,kalshi,-123,—,—,,31.0,,hit,,,,—,,
2026-09-27T20:12:49.904557+00:00,nfl,2026,3,401872949,4018729494126,4,2:41,"(Shotgun) D.Watson pass short left to K.Concepcion to CAR 19 for 5 yards (L.Ransom).PENALTY on CLV-M.Corley, Illegal Shift, 5 yards, enforced at CAR 24 - No Play.",2,10,CAR 24,76,-5,Cleveland Browns,Carolina Panthers,13,18,65.9,34.1,127.0,126.0,253.0,229.0,98.0,327.0,game,ML,Carolina Panthers,,,betfair,215,—,—,,Win,,hit,,,,—,,
2026-09-27T20:12:49.904557+00:00,nfl,2026,3,401872949,4018729494126,4,2:41,"(Shotgun) D.Watson pass short left to K.Concepcion to CAR 19 for 5 yards (L.Ransom).PENALTY on CLV-M.Corley, Illegal Shift, 5 yards, enforced at CAR 24 - No Play.",2,10,CAR 24,76,-5,Cleveland Browns,Carolina Panthers,13,18,65.9,34.1,127.0,126.0,253.0,229.0,98.0,327.0,game,ML,Cleveland Browns,,,polymarket,-223,—,—,,Loss,,miss,,,,—,,
2026-09-27T20:12:49.904557+00:00,nfl,2026,3,401872949,4018729494162,4,2:36," (Shotgun) D.Watson pass deep right intended for K.Concepcion INTERCEPTED by A.Evans (W.Lee) at CAR -3. Touchback. CLV-D.Watson was injured during the play. 
PENALTY on CAR-B.Okereke, Roughing the Passer, 15 yards, enforced at CAR 29 - No Play.",2,15,CAR 29,71,-5,Cleveland Browns,Carolina Panthers,13,18,65.9,34.1,127.0,126.0,253.0,229.0,98.0,327.0,game,Spread,Carolina Panthers,,1.5,polymarket,177,—,—,,-5,,hit,,,,—,,
2026-09-27T20:12:49.904557+00:00,nfl,2026,3,401872949,4018729494162,4,2:36," (Shotgun) D.Watson pass deep right intended for K.Concepcion INTERCEPTED by A.Evans (W.Lee) at CAR -3. Touchback. CLV-D.Watson was injured during the play. 
PENALTY on CAR-B.Okereke, Roughing the Passer, 15 yards, enforced at CAR 29 - No Play.",2,15,CAR 29,71,-5,Cleveland Browns,Carolina Panthers,13,18,65.9,34.1,127.0,126.0,253.0,229.0,98.0,327.0,game,Spread,Cleveland Browns,,-1.5,polymarket,-234,—,—,,-5,,miss,,,,—,,
2026-09-27T20:12:49.904557+00:00,nfl,2026,3,401872949,4018729494162,4,2:36," (Shotgun) D.Watson pass deep right intended for K.Concepcion INTERCEPTED by A.Evans (W.Lee) at CAR -3. Touchback. CLV-D.Watson was injured during the play. 
PENALTY on CAR-B.Okereke, Roughing the Passer, 15 yards, enforced at CAR 29 - No Play.",2,15,CAR 29,71,-5,Cleveland Browns,Carolina Panthers,13,18,65.9,34.1,127.0,126.0,253.0,229.0,98.0,327.0,game,Total,Over,,40.5,kalshi,108,—,—,,31.0,,miss,,,,—,,
2026-09-27T20:12:49.904557+00:00,nfl,2026,3,401872949,4018729494162,4,2:36," (Shotgun) D.Watson pass deep right intended for K.Concepcion INTERCEPTED by A.Evans (W.Lee) at CAR -3. Touchback. CLV-D.Watson was injured during the play. 
PENALTY on CAR-B.Okereke, Roughing the Passer, 15 yards, enforced at CAR 29 - No Play.",2,15,CAR 29,71,-5,Cleveland Browns,Carolina Panthers,13,18,65.9,34.1,127.0,126.0,253.0,229.0,98.0,327.0,game,Total,Under,,40.5,kalshi,-123,—,—,,31.0,,hit,,,,—,,
2026-09-27T20:12:49.904557+00:00,nfl,2026,3,401872949,4018729494162,4,2:36," (Shotgun) D.Watson pass deep right intended for K.Concepcion INTERCEPTED by A.Evans (W.Lee) at CAR -3. Touchback. CLV-D.Watson was injured during the play. 
PENALTY on CAR-B.Okereke, Roughing the Passer, 15 yards, enforced at CAR 29 - No Play.",2,15,CAR 29,71,-5,Cleveland Browns,Carolina Panthers,13,18,65.9,34.1,127.0,126.0,253.0,229.0,98.0,327.0,game,ML,Carolina Panthers,,,betfair,215,—,—,,Win,,hit,,,,—,,
2026-09-27T20:12:49.904557+00:00,nfl,2026,3,401872949,4018729494162,4,2:36," (Shotgun) D.Watson pass deep right intended for K.Concepcion INTERCEPTED by A.Evans (W.Lee) at CAR -3. Touchback. CLV-D.Watson was injured during the play. 
PENALTY on CAR-B.Okereke, Roughing the Passer, 15 yards, enforced at CAR 29 - No Play.",2,15,CAR 29,71,-5,Cleveland Browns,Carolina Panthers,13,18,65.9,34.1,127.0,126.0,253.0,229.0,98.0,327.0,game,ML,Cleveland Browns,,,polymarket,-223,—,—,,Loss,,miss,,,,—,,
2026-09-27T20:12:49.904557+00:00,nfl,2026,3,401872949,4018729494204,4,2:29, (Shotgun) S.Sanders pass short right to Q.Judkins to CAR 14 for no gain (W.Lee; T.Dodson).,1,10,CAR 14,86,-5,Cleveland Browns,Carolina Panthers,13,18,65.9,34.1,127.0,126.0,253.0,229.0,98.0,327.0,game,Spread,Carolina Panthers,,1.5,polymarket,177,—,—,,-5,,hit,,,,—,,
2026-09-27T20:12:49.904557+00:00,nfl,2026,3,401872949,4018729494204,4,2:29, (Shotgun) S.Sanders pass short right to Q.Judkins to CAR 14 for no gain (W.Lee; T.Dodson).,1,10,CAR 14,86,-5,Cleveland Browns,Carolina Panthers,13,18,65.9,34.1,127.0,126.0,253.0,229.0,98.0,327.0,game,Spread,Cleveland Browns,,-1.5,polymarket,-234,—,—,,-5,,miss,,,,—,,
2026-09-27T20:12:49.904557+00:00,nfl,2026,3,401872949,4018729494204,4,2:29, (Shotgun) S.Sanders pass short right to Q.Judkins to CAR 14 for no gain (W.Lee; T.Dodson).,1,10,CAR 14,86,-5,Cleveland Browns,Carolina Panthers,13,18,65.9,34.1,127.0,126.0,253.0,229.0,98.0,327.0,game,Total,Over,,40.5,kalshi,108,—,—,,31.0,,miss,,,,—,,
2026-09-27T20:12:49.904557+00:00,nfl,2026,3,401872949,4018729494204,4,2:29, (Shotgun) S.Sanders pass short right to Q.Judkins to CAR 14 for no gain (W.Lee; T.Dodson).,1,10,CAR 14,86,-5,Cleveland Browns,Carolina Panthers,13,18,65.9,34.1,127.0,126.0,253.0,229.0,98.0,327.0,game,Total,Under,,40.5,kalshi,-123,—,—,,31.0,,hit,,,,—,,
2026-09-27T20:12:49.904557+00:00,nfl,2026,3,401872949,4018729494204,4,2:29, (Shotgun) S.Sanders pass short right to Q.Judkins to CAR 14 for no gain (W.Lee; T.Dodson).,1,10,CAR 14,86,-5,Cleveland Browns,Carolina Panthers,13,18,65.9,34.1,127.0,126.0,253.0,229.0,98.0,327.0,game,ML,Carolina Panthers,,,betfair,215,—,—,,Win,,hit,,,,—,,
2026-09-27T20:12:49.904557+00:00,nfl,2026,3,401872949,4018729494204,4,2:29, (Shotgun) S.Sanders pass short right to Q.Judkins to CAR 14 for no gain (W.Lee; T.Dodson).,1,10,CAR 14,86,-5,Cleveland Browns,Carolina Panthers,13,18,65.9,34.1,127.0,126.0,253.0,229.0,98.0,327.0,game,ML,Cleveland Browns,,,polymarket,-223,—,—,,Loss,,miss,,,,—,,
2026-09-27T20:12:49.904557+00:00,nfl,2026,3,401872949,4018729494217,4,2:00,Two-Minute Warning,2,10,CAR 14,86,-5,Cleveland Browns,Carolina Panthers,13,18,65.9,34.1,127.0,126.0,253.0,229.0,98.0,327.0,game,Spread,Carolina Panthers,,1.5,polymarket,177,—,—,,-5,,hit,,,,—,,
2026-09-27T20:12:49.904557+00:00,nfl,2026,3,401872949,4018729494217,4,2:00,Two-Minute Warning,2,10,CAR 14,86,-5,Cleveland Browns,Carolina Panthers,13,18,65.9,34.1,127.0,126.0,253.0,229.0,98.0,327.0,game,Spread,Cleveland Browns,,-1.5,polymarket,-234,—,—,,-5,,miss,,,,—,,
2026-09-27T20:12:49.904557+00:00,nfl,2026,3,401872949,4018729494217,4,2:00,Two-Minute Warning,2,10,CAR 14,86,-5,Cleveland Browns,Carolina Panthers,13,18,65.9,34.1,127.0,126.0,253.0,229.0,98.0,327.0,game,Total,Over,,40.5,kalshi,108,—,—,,31.0,,miss,,,,—,,
2026-09-27T20:12:49.904557+00:00,nfl,2026,3,401872949,4018729494217,4,2:00,Two-Minute Warning,2,10,CAR 14,86,-5,Cleveland Browns,Carolina Panthers,13,18,65.9,34.1,127.0,126.0,253.0,229.0,98.0,327.0,game,Total,Under,,40.5,kalshi,-123,—,—,,31.0,,hit,,,,—,,
2026-09-27T20:12:49.904557+00:00,nfl,2026,3,401872949,4018729494217,4,2:00,Two-Minute Warning,2,10,CAR 14,86,-5,Cleveland Browns,Carolina Panthers,13,18,65.9,34.1,127.0,126.0,253.0,229.0,98.0,327.0,game,ML,Carolina Panthers,,,betfair,215,—,—,,Win,,hit,,,,—,,
2026-09-27T20:12:49.904557+00:00,nfl,2026,3,401872949,4018729494217,4,2:00,Two-Minute Warning,2,10,CAR 14,86,-5,Cleveland Browns,Carolina Panthers,13,18,65.9,34.1,127.0,126.0,253.0,229.0,98.0,327.0,game,ML,Cleveland Browns,,,polymarket,-223,—,—,,Loss,,miss,,,,—,,
2026-09-27T20:12:49.904557+00:00,nfl,2026,3,401872949,4018729494229,4,2:00, (Shotgun) D.Watson pass incomplete short right to D.Boston.,2,10,CAR 14,86,-5,Cleveland Browns,Carolina Panthers,13,18,65.9,34.1,127.0,126.0,253.0,229.0,98.0,327.0,game,Spread,Carolina Panthers,,1.5,polymarket,177,—,—,,-5,,hit,,,,—,,
2026-09-27T20:12:49.904557+00:00,nfl,2026,3,401872949,4018729494229,4,2:00, (Shotgun) D.Watson pass incomplete short right to D.Boston.,2,10,CAR 14,86,-5,Cleveland Browns,Carolina Panthers,13,18,65.9,34.1,127.0,126.0,253.0,229.0,98.0,327.0,game,Spread,Cleveland Browns,,-1.5,polymarket,-234,—,—,,-5,,miss,,,,—,,
2026-09-27T20:12:49.904557+00:00,nfl,2026,3,401872949,4018729494229,4,2:00, (Shotgun) D.Watson pass incomplete short right to D.Boston.,2,10,CAR 14,86,-5,Cleveland Browns,Carolina Panthers,13,18,65.9,34.1,127.0,126.0,253.0,229.0,98.0,327.0,game,Total,Over,,40.5,kalshi,108,—,—,,31.0,,miss,,,,—,,
2026-09-27T20:12:49.904557+00:00,nfl,2026,3,401872949,4018729494229,4,2:00, (Shotgun) D.Watson pass incomplete short right to D.Boston.,2,10,CAR 14,86,-5,Cleveland Browns,Carolina Panthers,13,18,65.9,34.1,127.0,126.0,253.0,229.0,98.0,327.0,game,Total,Under,,40.5,kalshi,-123,—,—,,31.0,,hit,,,,—,,
2026-09-27T20:12:49.904557+00:00,nfl,2026,3,401872949,4018729494229,4,2:00, (Shotgun) D.Watson pass incomplete short right to D.Boston.,2,10,CAR 14,86,-5,Cleveland Browns,Carolina Panthers,13,18,65.9,34.1,127.0,126.0,253.0,229.0,98.0,327.0,game,ML,Carolina Panthers,,,betfair,215,—,—,,Win,,hit,,,,—,,
2026-09-27T20:12:49.904557+00:00,nfl,2026,3,401872949,4018729494229,4,2:00, (Shotgun) D.Watson pass incomplete short right to D.Boston.,2,10,CAR 14,86,-5,Cleveland Browns,Carolina Panthers,13,18,65.9,34.1,127.0,126.0,253.0,229.0,98.0,327.0,game,ML,Cleveland Browns,,,polymarket,-223,—,—,,Loss,,miss,,,,—,,
2026-09-27T20:12:49.904557+00:00,nfl,2026,3,401872949,4018729494259,4,1:48,"(Shotgun) D.Watson pass short left to H.Fannin for 14 yards, TOUCHDOWN. CAR-Ja.Horn was injured during the play. TWO-POINT CONVERSION ATTEMPT. D.Watson pass to D.Boston is complete. ATTEMPT SUCCEEDS.",3,10,CAR 14,86,3,Cleveland Browns,Carolina Panthers,21,18,65.9,34.1,127.0,126.0,253.0,229.0,98.0,327.0,game,Spread,Carolina Panthers,,1.5,polymarket,177,—,—,,+3,,miss,,,,—,,
2026-09-27T20:12:49.904557+00:00,nfl,2026,3,401872949,4018729494259,4,1:48,"(Shotgun) D.Watson pass short left to H.Fannin for 14 yards, TOUCHDOWN. CAR-Ja.Horn was injured during the play. TWO-POINT CONVERSION ATTEMPT. D.Watson pass to D.Boston is complete. ATTEMPT SUCCEEDS.",3,10,CAR 14,86,3,Cleveland Browns,Carolina Panthers,21,18,65.9,34.1,127.0,126.0,253.0,229.0,98.0,327.0,game,Spread,Cleveland Browns,,-1.5,polymarket,-234,—,—,,+3,,hit,,,,—,,
2026-09-27T20:12:49.904557+00:00,nfl,2026,3,401872949,4018729494259,4,1:48,"(Shotgun) D.Watson pass short left to H.Fannin for 14 yards, TOUCHDOWN. CAR-Ja.Horn was injured during the play. TWO-POINT CONVERSION ATTEMPT. D.Watson pass to D.Boston is complete. ATTEMPT SUCCEEDS.",3,10,CAR 14,86,3,Cleveland Browns,Carolina Panthers,21,18,65.9,34.1,127.0,126.0,253.0,229.0,98.0,327.0,game,Total,Over,,40.5,kalshi,108,—,—,,39.0,,miss,,,,—,,
2026-09-27T20:12:49.904557+00:00,nfl,2026,3,401872949,4018729494259,4,1:48,"(Shotgun) D.Watson pass short left to H.Fannin for 14 yards, TOUCHDOWN. CAR-Ja.Horn was injured during the play. TWO-POINT CONVERSION ATTEMPT. D.Watson pass to D.Boston is complete. ATTEMPT SUCCEEDS.",3,10,CAR 14,86,3,Cleveland Browns,Carolina Panthers,21,18,65.9,34.1,127.0,126.0,253.0,229.0,98.0,327.0,game,Total,Under,,40.5,kalshi,-123,—,—,,39.0,,hit,,,,—,,
2026-09-27T20:12:49.904557+00:00,nfl,2026,3,401872949,4018729494259,4,1:48,"(Shotgun) D.Watson pass short left to H.Fannin for 14 yards, TOUCHDOWN. CAR-Ja.Horn was injured during the play. TWO-POINT CONVERSION ATTEMPT. D.Watson pass to D.Boston is complete. ATTEMPT SUCCEEDS.",3,10,CAR 14,86,3,Cleveland Browns,Carolina Panthers,21,18,65.9,34.1,127.0,126.0,253.0,229.0,98.0,327.0,game,ML,Carolina Panthers,,,betfair,215,—,—,,Loss,,miss,,,,—,,
2026-09-27T20:12:49.904557+00:00,nfl,2026,3,401872949,4018729494259,4,1:48,"(Shotgun) D.Watson pass short left to H.Fannin for 14 yards, TOUCHDOWN. CAR-Ja.Horn was injured during the play. TWO-POINT CONVERSION ATTEMPT. D.Watson pass to D.Boston is complete. ATTEMPT SUCCEEDS.",3,10,CAR 14,86,3,Cleveland Browns,Carolina Panthers,21,18,65.9,34.1,127.0,126.0,253.0,229.0,98.0,327.0,game,ML,Cleveland Browns,,,polymarket,-223,—,—,,Win,,hit,,,,—,,
