captured_at,sport,year,week,event_id,play_id,period,clock,play_text,down,distance,possession,yard_line,score_margin,home,away,home_score,away_score,home_win_prob,away_win_prob,home_pass_yds,home_rush_yds,home_total_yds,away_pass_yds,away_rush_yds,away_total_yds,market_type,market,selection,player,line,book_id,book_price,model_projection,model_price,model_prob,actual_result,actual_stat,bet_result,expected_roi_pct,pregame_line,pregame_book_price,pregame_projection,pregame_capture_at,pregame_capture_type
2026-09-20T19:22:51.890725+00:00,nfl,2026,2,401872935,4018729351,1,15:00,GAME,3,8,,31,0,Tampa Bay Buccaneers,Cleveland Browns,0,0,66.7,33.3,87.0,114.0,201.0,152.0,33.0,185.0,game,Spread,Cleveland Browns,,8.5,polymarketus,-1012,—,—,,0,,hit,,,,—,,
2026-09-20T19:22:51.890725+00:00,nfl,2026,2,401872935,4018729351,1,15:00,GAME,3,8,,31,0,Tampa Bay Buccaneers,Cleveland Browns,0,0,66.7,33.3,87.0,114.0,201.0,152.0,33.0,185.0,game,Spread,Tampa Bay Buccaneers,,-8.5,polymarket,733,—,—,,0,,miss,,,,—,,
2026-09-20T19:22:51.890725+00:00,nfl,2026,2,401872935,4018729351,1,15:00,GAME,3,8,,31,0,Tampa Bay Buccaneers,Cleveland Browns,0,0,66.7,33.3,87.0,114.0,201.0,152.0,33.0,185.0,game,Total,Over,,42.5,betfair,109,—,—,,0.0,,miss,,,,—,,
2026-09-20T19:22:51.890725+00:00,nfl,2026,2,401872935,4018729351,1,15:00,GAME,3,8,,31,0,Tampa Bay Buccaneers,Cleveland Browns,0,0,66.7,33.3,87.0,114.0,201.0,152.0,33.0,185.0,game,Total,Under,,42.5,betfair,-130,—,—,,0.0,,hit,,,,—,,
2026-09-20T19:22:51.890725+00:00,nfl,2026,2,401872935,4018729351,1,15:00,GAME,3,8,,31,0,Tampa Bay Buccaneers,Cleveland Browns,0,0,66.7,33.3,87.0,114.0,201.0,152.0,33.0,185.0,game,ML,Tampa Bay Buccaneers,,,polymarket,-195,—,—,,Loss,,miss,,,,—,,
2026-09-20T19:22:51.890725+00:00,nfl,2026,2,401872935,40187293540,1,15:00,C.McLaughlin kicks 60 yards from TB 35 to CLV 5. M.Corley to CLV 33 for 28 yards (K.Johnson).,3,8,,35,0,Tampa Bay Buccaneers,Cleveland Browns,0,0,66.7,33.3,87.0,114.0,201.0,152.0,33.0,185.0,game,Spread,Cleveland Browns,,8.5,polymarketus,-1012,—,—,,0,,hit,,,,—,,
2026-09-20T19:22:51.890725+00:00,nfl,2026,2,401872935,40187293540,1,15:00,C.McLaughlin kicks 60 yards from TB 35 to CLV 5. M.Corley to CLV 33 for 28 yards (K.Johnson).,3,8,,35,0,Tampa Bay Buccaneers,Cleveland Browns,0,0,66.7,33.3,87.0,114.0,201.0,152.0,33.0,185.0,game,Spread,Tampa Bay Buccaneers,,-8.5,polymarket,733,—,—,,0,,miss,,,,—,,
2026-09-20T19:22:51.890725+00:00,nfl,2026,2,401872935,40187293540,1,15:00,C.McLaughlin kicks 60 yards from TB 35 to CLV 5. M.Corley to CLV 33 for 28 yards (K.Johnson).,3,8,,35,0,Tampa Bay Buccaneers,Cleveland Browns,0,0,66.7,33.3,87.0,114.0,201.0,152.0,33.0,185.0,game,Total,Over,,42.5,betfair,109,—,—,,0.0,,miss,,,,—,,
2026-09-20T19:22:51.890725+00:00,nfl,2026,2,401872935,40187293540,1,15:00,C.McLaughlin kicks 60 yards from TB 35 to CLV 5. M.Corley to CLV 33 for 28 yards (K.Johnson).,3,8,,35,0,Tampa Bay Buccaneers,Cleveland Browns,0,0,66.7,33.3,87.0,114.0,201.0,152.0,33.0,185.0,game,Total,Under,,42.5,betfair,-130,—,—,,0.0,,hit,,,,—,,
2026-09-20T19:22:51.890725+00:00,nfl,2026,2,401872935,40187293540,1,15:00,C.McLaughlin kicks 60 yards from TB 35 to CLV 5. M.Corley to CLV 33 for 28 yards (K.Johnson).,3,8,,35,0,Tampa Bay Buccaneers,Cleveland Browns,0,0,66.7,33.3,87.0,114.0,201.0,152.0,33.0,185.0,game,ML,Tampa Bay Buccaneers,,,polymarket,-195,—,—,,Loss,,miss,,,,—,,
2026-09-20T19:22:51.890725+00:00,nfl,2026,2,401872935,40187293563,1,14:54,D.Watson pass short right to K.Concepcion to CLV 42 for 9 yards (B.Morrison).,1,10,CLE 33,67,0,Tampa Bay Buccaneers,Cleveland Browns,0,0,66.7,33.3,87.0,114.0,201.0,152.0,33.0,185.0,game,Spread,Cleveland Browns,,8.5,polymarketus,-1012,—,—,,0,,hit,,,,—,,
2026-09-20T19:22:51.890725+00:00,nfl,2026,2,401872935,40187293563,1,14:54,D.Watson pass short right to K.Concepcion to CLV 42 for 9 yards (B.Morrison).,1,10,CLE 33,67,0,Tampa Bay Buccaneers,Cleveland Browns,0,0,66.7,33.3,87.0,114.0,201.0,152.0,33.0,185.0,game,Spread,Tampa Bay Buccaneers,,-8.5,polymarket,733,—,—,,0,,miss,,,,—,,
2026-09-20T19:22:51.890725+00:00,nfl,2026,2,401872935,40187293563,1,14:54,D.Watson pass short right to K.Concepcion to CLV 42 for 9 yards (B.Morrison).,1,10,CLE 33,67,0,Tampa Bay Buccaneers,Cleveland Browns,0,0,66.7,33.3,87.0,114.0,201.0,152.0,33.0,185.0,game,Total,Over,,42.5,betfair,109,—,—,,0.0,,miss,,,,—,,
2026-09-20T19:22:51.890725+00:00,nfl,2026,2,401872935,40187293563,1,14:54,D.Watson pass short right to K.Concepcion to CLV 42 for 9 yards (B.Morrison).,1,10,CLE 33,67,0,Tampa Bay Buccaneers,Cleveland Browns,0,0,66.7,33.3,87.0,114.0,201.0,152.0,33.0,185.0,game,Total,Under,,42.5,betfair,-130,—,—,,0.0,,hit,,,,—,,
2026-09-20T19:22:51.890725+00:00,nfl,2026,2,401872935,40187293563,1,14:54,D.Watson pass short right to K.Concepcion to CLV 42 for 9 yards (B.Morrison).,1,10,CLE 33,67,0,Tampa Bay Buccaneers,Cleveland Browns,0,0,66.7,33.3,87.0,114.0,201.0,152.0,33.0,185.0,game,ML,Tampa Bay Buccaneers,,,polymarket,-195,—,—,,Loss,,miss,,,,—,,
2026-09-20T19:22:51.890725+00:00,nfl,2026,2,401872935,40187293588,1,14:18,(No Huddle) K.Concepcion left end to CLV 36 for -6 yards (Y.Diaby).,2,1,CLE 42,58,0,Tampa Bay Buccaneers,Cleveland Browns,0,0,66.7,33.3,87.0,114.0,201.0,152.0,33.0,185.0,game,Spread,Cleveland Browns,,8.5,polymarketus,-1012,—,—,,0,,hit,,,,—,,
2026-09-20T19:22:51.890725+00:00,nfl,2026,2,401872935,40187293588,1,14:18,(No Huddle) K.Concepcion left end to CLV 36 for -6 yards (Y.Diaby).,2,1,CLE 42,58,0,Tampa Bay Buccaneers,Cleveland Browns,0,0,66.7,33.3,87.0,114.0,201.0,152.0,33.0,185.0,game,Spread,Tampa Bay Buccaneers,,-8.5,polymarket,733,—,—,,0,,miss,,,,—,,
2026-09-20T19:22:51.890725+00:00,nfl,2026,2,401872935,40187293588,1,14:18,(No Huddle) K.Concepcion left end to CLV 36 for -6 yards (Y.Diaby).,2,1,CLE 42,58,0,Tampa Bay Buccaneers,Cleveland Browns,0,0,66.7,33.3,87.0,114.0,201.0,152.0,33.0,185.0,game,Total,Over,,42.5,betfair,109,—,—,,0.0,,miss,,,,—,,
2026-09-20T19:22:51.890725+00:00,nfl,2026,2,401872935,40187293588,1,14:18,(No Huddle) K.Concepcion left end to CLV 36 for -6 yards (Y.Diaby).,2,1,CLE 42,58,0,Tampa Bay Buccaneers,Cleveland Browns,0,0,66.7,33.3,87.0,114.0,201.0,152.0,33.0,185.0,game,Total,Under,,42.5,betfair,-130,—,—,,0.0,,hit,,,,—,,
2026-09-20T19:22:51.890725+00:00,nfl,2026,2,401872935,40187293588,1,14:18,(No Huddle) K.Concepcion left end to CLV 36 for -6 yards (Y.Diaby).,2,1,CLE 42,58,0,Tampa Bay Buccaneers,Cleveland Browns,0,0,66.7,33.3,87.0,114.0,201.0,152.0,33.0,185.0,game,ML,Tampa Bay Buccaneers,,,polymarket,-195,—,—,,Loss,,miss,,,,—,,
2026-09-20T19:22:51.890725+00:00,nfl,2026,2,401872935,401872935110,1,13:36,"(13:36) (Shotgun) Q.Judkins left guard to CLV 38 for 2 yards (J.Trotter; A.Winfield).
Penalty on CLV-D.Jones, Illegal Formation, declined.",3,7,CLE 36,64,0,Tampa Bay Buccaneers,Cleveland Browns,0,0,66.7,33.3,87.0,114.0,201.0,152.0,33.0,185.0,game,Spread,Cleveland Browns,,8.5,polymarketus,-1012,—,—,,0,,hit,,,,—,,
2026-09-20T19:22:51.890725+00:00,nfl,2026,2,401872935,401872935110,1,13:36,"(13:36) (Shotgun) Q.Judkins left guard to CLV 38 for 2 yards (J.Trotter; A.Winfield).
Penalty on CLV-D.Jones, Illegal Formation, declined.",3,7,CLE 36,64,0,Tampa Bay Buccaneers,Cleveland Browns,0,0,66.7,33.3,87.0,114.0,201.0,152.0,33.0,185.0,game,Spread,Tampa Bay Buccaneers,,-8.5,polymarket,733,—,—,,0,,miss,,,,—,,
2026-09-20T19:22:51.890725+00:00,nfl,2026,2,401872935,401872935110,1,13:36,"(13:36) (Shotgun) Q.Judkins left guard to CLV 38 for 2 yards (J.Trotter; A.Winfield).
Penalty on CLV-D.Jones, Illegal Formation, declined.",3,7,CLE 36,64,0,Tampa Bay Buccaneers,Cleveland Browns,0,0,66.7,33.3,87.0,114.0,201.0,152.0,33.0,185.0,game,Total,Over,,42.5,betfair,109,—,—,,0.0,,miss,,,,—,,
2026-09-20T19:22:51.890725+00:00,nfl,2026,2,401872935,401872935110,1,13:36,"(13:36) (Shotgun) Q.Judkins left guard to CLV 38 for 2 yards (J.Trotter; A.Winfield).
Penalty on CLV-D.Jones, Illegal Formation, declined.",3,7,CLE 36,64,0,Tampa Bay Buccaneers,Cleveland Browns,0,0,66.7,33.3,87.0,114.0,201.0,152.0,33.0,185.0,game,Total,Under,,42.5,betfair,-130,—,—,,0.0,,hit,,,,—,,
2026-09-20T19:22:51.890725+00:00,nfl,2026,2,401872935,401872935110,1,13:36,"(13:36) (Shotgun) Q.Judkins left guard to CLV 38 for 2 yards (J.Trotter; A.Winfield).
Penalty on CLV-D.Jones, Illegal Formation, declined.",3,7,CLE 36,64,0,Tampa Bay Buccaneers,Cleveland Browns,0,0,66.7,33.3,87.0,114.0,201.0,152.0,33.0,185.0,game,ML,Tampa Bay Buccaneers,,,polymarket,-195,—,—,,Loss,,miss,,,,—,,
2026-09-20T19:22:51.890725+00:00,nfl,2026,2,401872935,401872935143,1,13:28,"C.Bojorquez punts 46 yards to TB 16, Center-R.Sunahara. T.Johnson to TB 21 for 5 yards (S.Williams).PENALTY on CLV-S.Williams, Face Mask, 15 yards, enforced at TB 21.",4,5,CLE 38,62,0,Tampa Bay Buccaneers,Cleveland Browns,0,0,66.7,33.3,87.0,114.0,201.0,152.0,33.0,185.0,game,Spread,Cleveland Browns,,8.5,polymarketus,-1012,—,—,,0,,hit,,,,—,,
2026-09-20T19:22:51.890725+00:00,nfl,2026,2,401872935,401872935143,1,13:28,"C.Bojorquez punts 46 yards to TB 16, Center-R.Sunahara. T.Johnson to TB 21 for 5 yards (S.Williams).PENALTY on CLV-S.Williams, Face Mask, 15 yards, enforced at TB 21.",4,5,CLE 38,62,0,Tampa Bay Buccaneers,Cleveland Browns,0,0,66.7,33.3,87.0,114.0,201.0,152.0,33.0,185.0,game,Spread,Tampa Bay Buccaneers,,-8.5,polymarket,733,—,—,,0,,miss,,,,—,,
2026-09-20T19:22:51.890725+00:00,nfl,2026,2,401872935,401872935143,1,13:28,"C.Bojorquez punts 46 yards to TB 16, Center-R.Sunahara. T.Johnson to TB 21 for 5 yards (S.Williams).PENALTY on CLV-S.Williams, Face Mask, 15 yards, enforced at TB 21.",4,5,CLE 38,62,0,Tampa Bay Buccaneers,Cleveland Browns,0,0,66.7,33.3,87.0,114.0,201.0,152.0,33.0,185.0,game,Total,Over,,42.5,betfair,109,—,—,,0.0,,miss,,,,—,,
2026-09-20T19:22:51.890725+00:00,nfl,2026,2,401872935,401872935143,1,13:28,"C.Bojorquez punts 46 yards to TB 16, Center-R.Sunahara. T.Johnson to TB 21 for 5 yards (S.Williams).PENALTY on CLV-S.Williams, Face Mask, 15 yards, enforced at TB 21.",4,5,CLE 38,62,0,Tampa Bay Buccaneers,Cleveland Browns,0,0,66.7,33.3,87.0,114.0,201.0,152.0,33.0,185.0,game,Total,Under,,42.5,betfair,-130,—,—,,0.0,,hit,,,,—,,
2026-09-20T19:22:51.890725+00:00,nfl,2026,2,401872935,401872935143,1,13:28,"C.Bojorquez punts 46 yards to TB 16, Center-R.Sunahara. T.Johnson to TB 21 for 5 yards (S.Williams).PENALTY on CLV-S.Williams, Face Mask, 15 yards, enforced at TB 21.",4,5,CLE 38,62,0,Tampa Bay Buccaneers,Cleveland Browns,0,0,66.7,33.3,87.0,114.0,201.0,152.0,33.0,185.0,game,ML,Tampa Bay Buccaneers,,,polymarket,-195,—,—,,Loss,,miss,,,,—,,
2026-09-20T19:22:51.890725+00:00,nfl,2026,2,401872935,401872935189,1,13:16,"PENALTY on CLV-M.Collins, Encroachment, 5 yards, enforced at TB 36 - No Play.",1,10,TB 36,36,0,Tampa Bay Buccaneers,Cleveland Browns,0,0,66.7,33.3,87.0,114.0,201.0,152.0,33.0,185.0,game,Spread,Cleveland Browns,,8.5,polymarketus,-1012,—,—,,0,,hit,,,,—,,
2026-09-20T19:22:51.890725+00:00,nfl,2026,2,401872935,401872935189,1,13:16,"PENALTY on CLV-M.Collins, Encroachment, 5 yards, enforced at TB 36 - No Play.",1,10,TB 36,36,0,Tampa Bay Buccaneers,Cleveland Browns,0,0,66.7,33.3,87.0,114.0,201.0,152.0,33.0,185.0,game,Spread,Tampa Bay Buccaneers,,-8.5,polymarket,733,—,—,,0,,miss,,,,—,,
2026-09-20T19:22:51.890725+00:00,nfl,2026,2,401872935,401872935189,1,13:16,"PENALTY on CLV-M.Collins, Encroachment, 5 yards, enforced at TB 36 - No Play.",1,10,TB 36,36,0,Tampa Bay Buccaneers,Cleveland Browns,0,0,66.7,33.3,87.0,114.0,201.0,152.0,33.0,185.0,game,Total,Over,,42.5,betfair,109,—,—,,0.0,,miss,,,,—,,
2026-09-20T19:22:51.890725+00:00,nfl,2026,2,401872935,401872935189,1,13:16,"PENALTY on CLV-M.Collins, Encroachment, 5 yards, enforced at TB 36 - No Play.",1,10,TB 36,36,0,Tampa Bay Buccaneers,Cleveland Browns,0,0,66.7,33.3,87.0,114.0,201.0,152.0,33.0,185.0,game,Total,Under,,42.5,betfair,-130,—,—,,0.0,,hit,,,,—,,
2026-09-20T19:22:51.890725+00:00,nfl,2026,2,401872935,401872935189,1,13:16,"PENALTY on CLV-M.Collins, Encroachment, 5 yards, enforced at TB 36 - No Play.",1,10,TB 36,36,0,Tampa Bay Buccaneers,Cleveland Browns,0,0,66.7,33.3,87.0,114.0,201.0,152.0,33.0,185.0,game,ML,Tampa Bay Buccaneers,,,polymarket,-195,—,—,,Loss,,miss,,,,—,,
2026-09-20T19:22:51.890725+00:00,nfl,2026,2,401872935,401872935213,1,13:16,C.Godwin right end to CLV 47 for 12 yards (D.Ward).,1,5,TB 41,41,0,Tampa Bay Buccaneers,Cleveland Browns,0,0,66.7,33.3,87.0,114.0,201.0,152.0,33.0,185.0,game,Spread,Cleveland Browns,,8.5,polymarketus,-1012,—,—,,0,,hit,,,,—,,
2026-09-20T19:22:51.890725+00:00,nfl,2026,2,401872935,401872935213,1,13:16,C.Godwin right end to CLV 47 for 12 yards (D.Ward).,1,5,TB 41,41,0,Tampa Bay Buccaneers,Cleveland Browns,0,0,66.7,33.3,87.0,114.0,201.0,152.0,33.0,185.0,game,Spread,Tampa Bay Buccaneers,,-8.5,polymarket,733,—,—,,0,,miss,,,,—,,
2026-09-20T19:22:51.890725+00:00,nfl,2026,2,401872935,401872935213,1,13:16,C.Godwin right end to CLV 47 for 12 yards (D.Ward).,1,5,TB 41,41,0,Tampa Bay Buccaneers,Cleveland Browns,0,0,66.7,33.3,87.0,114.0,201.0,152.0,33.0,185.0,game,Total,Over,,42.5,betfair,109,—,—,,0.0,,miss,,,,—,,
2026-09-20T19:22:51.890725+00:00,nfl,2026,2,401872935,401872935213,1,13:16,C.Godwin right end to CLV 47 for 12 yards (D.Ward).,1,5,TB 41,41,0,Tampa Bay Buccaneers,Cleveland Browns,0,0,66.7,33.3,87.0,114.0,201.0,152.0,33.0,185.0,game,Total,Under,,42.5,betfair,-130,—,—,,0.0,,hit,,,,—,,
2026-09-20T19:22:51.890725+00:00,nfl,2026,2,401872935,401872935213,1,13:16,C.Godwin right end to CLV 47 for 12 yards (D.Ward).,1,5,TB 41,41,0,Tampa Bay Buccaneers,Cleveland Browns,0,0,66.7,33.3,87.0,114.0,201.0,152.0,33.0,185.0,game,ML,Tampa Bay Buccaneers,,,polymarket,-195,—,—,,Loss,,miss,,,,—,,
2026-09-20T19:22:51.890725+00:00,nfl,2026,2,401872935,401872935235,1,12:50,"(No Huddle, Shotgun) B.Mayfield pass incomplete deep middle to T.Hurst.",1,10,CLE 47,53,0,Tampa Bay Buccaneers,Cleveland Browns,0,0,66.7,33.3,87.0,114.0,201.0,152.0,33.0,185.0,game,Spread,Cleveland Browns,,8.5,polymarketus,-1012,—,—,,0,,hit,,,,—,,
2026-09-20T19:22:51.890725+00:00,nfl,2026,2,401872935,401872935235,1,12:50,"(No Huddle, Shotgun) B.Mayfield pass incomplete deep middle to T.Hurst.",1,10,CLE 47,53,0,Tampa Bay Buccaneers,Cleveland Browns,0,0,66.7,33.3,87.0,114.0,201.0,152.0,33.0,185.0,game,Spread,Tampa Bay Buccaneers,,-8.5,polymarket,733,—,—,,0,,miss,,,,—,,
2026-09-20T19:22:51.890725+00:00,nfl,2026,2,401872935,401872935235,1,12:50,"(No Huddle, Shotgun) B.Mayfield pass incomplete deep middle to T.Hurst.",1,10,CLE 47,53,0,Tampa Bay Buccaneers,Cleveland Browns,0,0,66.7,33.3,87.0,114.0,201.0,152.0,33.0,185.0,game,Total,Over,,42.5,betfair,109,—,—,,0.0,,miss,,,,—,,
2026-09-20T19:22:51.890725+00:00,nfl,2026,2,401872935,401872935235,1,12:50,"(No Huddle, Shotgun) B.Mayfield pass incomplete deep middle to T.Hurst.",1,10,CLE 47,53,0,Tampa Bay Buccaneers,Cleveland Browns,0,0,66.7,33.3,87.0,114.0,201.0,152.0,33.0,185.0,game,Total,Under,,42.5,betfair,-130,—,—,,0.0,,hit,,,,—,,
2026-09-20T19:22:51.890725+00:00,nfl,2026,2,401872935,401872935235,1,12:50,"(No Huddle, Shotgun) B.Mayfield pass incomplete deep middle to T.Hurst.",1,10,CLE 47,53,0,Tampa Bay Buccaneers,Cleveland Browns,0,0,66.7,33.3,87.0,114.0,201.0,152.0,33.0,185.0,game,ML,Tampa Bay Buccaneers,,,polymarket,-195,—,—,,Loss,,miss,,,,—,,
2026-09-20T19:22:51.890725+00:00,nfl,2026,2,401872935,401872935258,1,12:43,"(Shotgun) E.Egbuka left end pushed ob at 50 for -3 yards (T.Campbell, M.Harden).",2,10,CLE 47,53,0,Tampa Bay Buccaneers,Cleveland Browns,0,0,66.7,33.3,87.0,114.0,201.0,152.0,33.0,185.0,game,Spread,Cleveland Browns,,8.5,polymarketus,-1012,—,—,,0,,hit,,,,—,,
2026-09-20T19:22:51.890725+00:00,nfl,2026,2,401872935,401872935258,1,12:43,"(Shotgun) E.Egbuka left end pushed ob at 50 for -3 yards (T.Campbell, M.Harden).",2,10,CLE 47,53,0,Tampa Bay Buccaneers,Cleveland Browns,0,0,66.7,33.3,87.0,114.0,201.0,152.0,33.0,185.0,game,Spread,Tampa Bay Buccaneers,,-8.5,polymarket,733,—,—,,0,,miss,,,,—,,
2026-09-20T19:22:51.890725+00:00,nfl,2026,2,401872935,401872935258,1,12:43,"(Shotgun) E.Egbuka left end pushed ob at 50 for -3 yards (T.Campbell, M.Harden).",2,10,CLE 47,53,0,Tampa Bay Buccaneers,Cleveland Browns,0,0,66.7,33.3,87.0,114.0,201.0,152.0,33.0,185.0,game,Total,Over,,42.5,betfair,109,—,—,,0.0,,miss,,,,—,,
2026-09-20T19:22:51.890725+00:00,nfl,2026,2,401872935,401872935258,1,12:43,"(Shotgun) E.Egbuka left end pushed ob at 50 for -3 yards (T.Campbell, M.Harden).",2,10,CLE 47,53,0,Tampa Bay Buccaneers,Cleveland Browns,0,0,66.7,33.3,87.0,114.0,201.0,152.0,33.0,185.0,game,Total,Under,,42.5,betfair,-130,—,—,,0.0,,hit,,,,—,,
2026-09-20T19:22:51.890725+00:00,nfl,2026,2,401872935,401872935258,1,12:43,"(Shotgun) E.Egbuka left end pushed ob at 50 for -3 yards (T.Campbell, M.Harden).",2,10,CLE 47,53,0,Tampa Bay Buccaneers,Cleveland Browns,0,0,66.7,33.3,87.0,114.0,201.0,152.0,33.0,185.0,game,ML,Tampa Bay Buccaneers,,,polymarket,-195,—,—,,Loss,,miss,,,,—,,
2026-09-20T19:22:51.890725+00:00,nfl,2026,2,401872935,401872935285,1,12:02,(Shotgun) B.Mayfield pass short right to C.Otton to CLV 41 for 9 yards (M.Harden; D.Ward).,3,13,50,50,0,Tampa Bay Buccaneers,Cleveland Browns,0,0,66.7,33.3,87.0,114.0,201.0,152.0,33.0,185.0,game,Spread,Cleveland Browns,,8.5,polymarketus,-1012,—,—,,0,,hit,,,,—,,
2026-09-20T19:22:51.890725+00:00,nfl,2026,2,401872935,401872935285,1,12:02,(Shotgun) B.Mayfield pass short right to C.Otton to CLV 41 for 9 yards (M.Harden; D.Ward).,3,13,50,50,0,Tampa Bay Buccaneers,Cleveland Browns,0,0,66.7,33.3,87.0,114.0,201.0,152.0,33.0,185.0,game,Spread,Tampa Bay Buccaneers,,-8.5,polymarket,733,—,—,,0,,miss,,,,—,,
2026-09-20T19:22:51.890725+00:00,nfl,2026,2,401872935,401872935285,1,12:02,(Shotgun) B.Mayfield pass short right to C.Otton to CLV 41 for 9 yards (M.Harden; D.Ward).,3,13,50,50,0,Tampa Bay Buccaneers,Cleveland Browns,0,0,66.7,33.3,87.0,114.0,201.0,152.0,33.0,185.0,game,Total,Over,,42.5,betfair,109,—,—,,0.0,,miss,,,,—,,
2026-09-20T19:22:51.890725+00:00,nfl,2026,2,401872935,401872935285,1,12:02,(Shotgun) B.Mayfield pass short right to C.Otton to CLV 41 for 9 yards (M.Harden; D.Ward).,3,13,50,50,0,Tampa Bay Buccaneers,Cleveland Browns,0,0,66.7,33.3,87.0,114.0,201.0,152.0,33.0,185.0,game,Total,Under,,42.5,betfair,-130,—,—,,0.0,,hit,,,,—,,
2026-09-20T19:22:51.890725+00:00,nfl,2026,2,401872935,401872935285,1,12:02,(Shotgun) B.Mayfield pass short right to C.Otton to CLV 41 for 9 yards (M.Harden; D.Ward).,3,13,50,50,0,Tampa Bay Buccaneers,Cleveland Browns,0,0,66.7,33.3,87.0,114.0,201.0,152.0,33.0,185.0,game,ML,Tampa Bay Buccaneers,,,polymarket,-195,—,—,,Loss,,miss,,,,—,,
2026-09-20T19:22:51.890725+00:00,nfl,2026,2,401872935,401872935320,1,11:10,Official Timeout at 11:10.,-1,8,TB 35,35,3,Tampa Bay Buccaneers,Cleveland Browns,3,0,66.7,33.3,87.0,114.0,201.0,152.0,33.0,185.0,game,Spread,Cleveland Browns,,8.5,polymarketus,-1012,—,—,,+3,,hit,,,,—,,
2026-09-20T19:22:51.890725+00:00,nfl,2026,2,401872935,401872935320,1,11:10,Official Timeout at 11:10.,-1,8,TB 35,35,3,Tampa Bay Buccaneers,Cleveland Browns,3,0,66.7,33.3,87.0,114.0,201.0,152.0,33.0,185.0,game,Spread,Tampa Bay Buccaneers,,-8.5,polymarket,733,—,—,,+3,,miss,,,,—,,
2026-09-20T19:22:51.890725+00:00,nfl,2026,2,401872935,401872935320,1,11:10,Official Timeout at 11:10.,-1,8,TB 35,35,3,Tampa Bay Buccaneers,Cleveland Browns,3,0,66.7,33.3,87.0,114.0,201.0,152.0,33.0,185.0,game,Total,Over,,42.5,betfair,109,—,—,,3.0,,miss,,,,—,,
2026-09-20T19:22:51.890725+00:00,nfl,2026,2,401872935,401872935320,1,11:10,Official Timeout at 11:10.,-1,8,TB 35,35,3,Tampa Bay Buccaneers,Cleveland Browns,3,0,66.7,33.3,87.0,114.0,201.0,152.0,33.0,185.0,game,Total,Under,,42.5,betfair,-130,—,—,,3.0,,hit,,,,—,,
2026-09-20T19:22:51.890725+00:00,nfl,2026,2,401872935,401872935320,1,11:10,Official Timeout at 11:10.,-1,8,TB 35,35,3,Tampa Bay Buccaneers,Cleveland Browns,3,0,66.7,33.3,87.0,114.0,201.0,152.0,33.0,185.0,game,ML,Tampa Bay Buccaneers,,,polymarket,-195,—,—,,Win,,hit,,,,—,,
2026-09-20T19:22:51.890725+00:00,nfl,2026,2,401872935,401872935310,1,11:10,"C.McLaughlin 59 yard field goal is GOOD, Center-E.Deckers, Holder-R.Dixon.",4,4,CLE 41,59,3,Tampa Bay Buccaneers,Cleveland Browns,3,0,66.7,33.3,87.0,114.0,201.0,152.0,33.0,185.0,game,Spread,Cleveland Browns,,8.5,polymarketus,-1012,—,—,,+3,,hit,,,,—,,
2026-09-20T19:22:51.890725+00:00,nfl,2026,2,401872935,401872935310,1,11:10,"C.McLaughlin 59 yard field goal is GOOD, Center-E.Deckers, Holder-R.Dixon.",4,4,CLE 41,59,3,Tampa Bay Buccaneers,Cleveland Browns,3,0,66.7,33.3,87.0,114.0,201.0,152.0,33.0,185.0,game,Spread,Tampa Bay Buccaneers,,-8.5,polymarket,733,—,—,,+3,,miss,,,,—,,
2026-09-20T19:22:51.890725+00:00,nfl,2026,2,401872935,401872935310,1,11:10,"C.McLaughlin 59 yard field goal is GOOD, Center-E.Deckers, Holder-R.Dixon.",4,4,CLE 41,59,3,Tampa Bay Buccaneers,Cleveland Browns,3,0,66.7,33.3,87.0,114.0,201.0,152.0,33.0,185.0,game,Total,Over,,42.5,betfair,109,—,—,,3.0,,miss,,,,—,,
2026-09-20T19:22:51.890725+00:00,nfl,2026,2,401872935,401872935310,1,11:10,"C.McLaughlin 59 yard field goal is GOOD, Center-E.Deckers, Holder-R.Dixon.",4,4,CLE 41,59,3,Tampa Bay Buccaneers,Cleveland Browns,3,0,66.7,33.3,87.0,114.0,201.0,152.0,33.0,185.0,game,Total,Under,,42.5,betfair,-130,—,—,,3.0,,hit,,,,—,,
2026-09-20T19:22:51.890725+00:00,nfl,2026,2,401872935,401872935310,1,11:10,"C.McLaughlin 59 yard field goal is GOOD, Center-E.Deckers, Holder-R.Dixon.",4,4,CLE 41,59,3,Tampa Bay Buccaneers,Cleveland Browns,3,0,66.7,33.3,87.0,114.0,201.0,152.0,33.0,185.0,game,ML,Tampa Bay Buccaneers,,,polymarket,-195,—,—,,Win,,hit,,,,—,,
2026-09-20T19:22:51.890725+00:00,nfl,2026,2,401872935,401872935330,1,11:10,C.McLaughlin kicks 51 yards from TB 35 to CLV 14. M.Corley to CLV 28 for 14 yards (K.Scott).,3,8,,35,3,Tampa Bay Buccaneers,Cleveland Browns,3,0,66.7,33.3,87.0,114.0,201.0,152.0,33.0,185.0,game,Spread,Cleveland Browns,,8.5,polymarketus,-1012,—,—,,+3,,hit,,,,—,,
2026-09-20T19:22:51.890725+00:00,nfl,2026,2,401872935,401872935330,1,11:10,C.McLaughlin kicks 51 yards from TB 35 to CLV 14. M.Corley to CLV 28 for 14 yards (K.Scott).,3,8,,35,3,Tampa Bay Buccaneers,Cleveland Browns,3,0,66.7,33.3,87.0,114.0,201.0,152.0,33.0,185.0,game,Spread,Tampa Bay Buccaneers,,-8.5,polymarket,733,—,—,,+3,,miss,,,,—,,
2026-09-20T19:22:51.890725+00:00,nfl,2026,2,401872935,401872935330,1,11:10,C.McLaughlin kicks 51 yards from TB 35 to CLV 14. M.Corley to CLV 28 for 14 yards (K.Scott).,3,8,,35,3,Tampa Bay Buccaneers,Cleveland Browns,3,0,66.7,33.3,87.0,114.0,201.0,152.0,33.0,185.0,game,Total,Over,,42.5,betfair,109,—,—,,3.0,,miss,,,,—,,
2026-09-20T19:22:51.890725+00:00,nfl,2026,2,401872935,401872935330,1,11:10,C.McLaughlin kicks 51 yards from TB 35 to CLV 14. M.Corley to CLV 28 for 14 yards (K.Scott).,3,8,,35,3,Tampa Bay Buccaneers,Cleveland Browns,3,0,66.7,33.3,87.0,114.0,201.0,152.0,33.0,185.0,game,Total,Under,,42.5,betfair,-130,—,—,,3.0,,hit,,,,—,,
2026-09-20T19:22:51.890725+00:00,nfl,2026,2,401872935,401872935330,1,11:10,C.McLaughlin kicks 51 yards from TB 35 to CLV 14. M.Corley to CLV 28 for 14 yards (K.Scott).,3,8,,35,3,Tampa Bay Buccaneers,Cleveland Browns,3,0,66.7,33.3,87.0,114.0,201.0,152.0,33.0,185.0,game,ML,Tampa Bay Buccaneers,,,polymarket,-195,—,—,,Win,,hit,,,,—,,
2026-09-20T19:22:51.890725+00:00,nfl,2026,2,401872935,401872935360,1,11:04,Q.Judkins left tackle to CLV 37 for 9 yards (A.Winfield).,1,10,CLE 28,72,3,Tampa Bay Buccaneers,Cleveland Browns,3,0,66.7,33.3,87.0,114.0,201.0,152.0,33.0,185.0,game,Spread,Cleveland Browns,,8.5,polymarketus,-1012,—,—,,+3,,hit,,,,—,,
2026-09-20T19:22:51.890725+00:00,nfl,2026,2,401872935,401872935360,1,11:04,Q.Judkins left tackle to CLV 37 for 9 yards (A.Winfield).,1,10,CLE 28,72,3,Tampa Bay Buccaneers,Cleveland Browns,3,0,66.7,33.3,87.0,114.0,201.0,152.0,33.0,185.0,game,Spread,Tampa Bay Buccaneers,,-8.5,polymarket,733,—,—,,+3,,miss,,,,—,,
2026-09-20T19:22:51.890725+00:00,nfl,2026,2,401872935,401872935360,1,11:04,Q.Judkins left tackle to CLV 37 for 9 yards (A.Winfield).,1,10,CLE 28,72,3,Tampa Bay Buccaneers,Cleveland Browns,3,0,66.7,33.3,87.0,114.0,201.0,152.0,33.0,185.0,game,Total,Over,,42.5,betfair,109,—,—,,3.0,,miss,,,,—,,
2026-09-20T19:22:51.890725+00:00,nfl,2026,2,401872935,401872935360,1,11:04,Q.Judkins left tackle to CLV 37 for 9 yards (A.Winfield).,1,10,CLE 28,72,3,Tampa Bay Buccaneers,Cleveland Browns,3,0,66.7,33.3,87.0,114.0,201.0,152.0,33.0,185.0,game,Total,Under,,42.5,betfair,-130,—,—,,3.0,,hit,,,,—,,
2026-09-20T19:22:51.890725+00:00,nfl,2026,2,401872935,401872935360,1,11:04,Q.Judkins left tackle to CLV 37 for 9 yards (A.Winfield).,1,10,CLE 28,72,3,Tampa Bay Buccaneers,Cleveland Browns,3,0,66.7,33.3,87.0,114.0,201.0,152.0,33.0,185.0,game,ML,Tampa Bay Buccaneers,,,polymarket,-195,—,—,,Win,,hit,,,,—,,
2026-09-20T19:22:51.890725+00:00,nfl,2026,2,401872935,401872935382,1,10:27,Q.Judkins right tackle to CLV 43 for 6 yards (A.Robinson).,2,1,CLE 37,63,3,Tampa Bay Buccaneers,Cleveland Browns,3,0,66.7,33.3,87.0,114.0,201.0,152.0,33.0,185.0,game,Spread,Cleveland Browns,,8.5,polymarketus,-1012,—,—,,+3,,hit,,,,—,,
2026-09-20T19:22:51.890725+00:00,nfl,2026,2,401872935,401872935382,1,10:27,Q.Judkins right tackle to CLV 43 for 6 yards (A.Robinson).,2,1,CLE 37,63,3,Tampa Bay Buccaneers,Cleveland Browns,3,0,66.7,33.3,87.0,114.0,201.0,152.0,33.0,185.0,game,Spread,Tampa Bay Buccaneers,,-8.5,polymarket,733,—,—,,+3,,miss,,,,—,,
2026-09-20T19:22:51.890725+00:00,nfl,2026,2,401872935,401872935382,1,10:27,Q.Judkins right tackle to CLV 43 for 6 yards (A.Robinson).,2,1,CLE 37,63,3,Tampa Bay Buccaneers,Cleveland Browns,3,0,66.7,33.3,87.0,114.0,201.0,152.0,33.0,185.0,game,Total,Over,,42.5,betfair,109,—,—,,3.0,,miss,,,,—,,
2026-09-20T19:22:51.890725+00:00,nfl,2026,2,401872935,401872935382,1,10:27,Q.Judkins right tackle to CLV 43 for 6 yards (A.Robinson).,2,1,CLE 37,63,3,Tampa Bay Buccaneers,Cleveland Browns,3,0,66.7,33.3,87.0,114.0,201.0,152.0,33.0,185.0,game,Total,Under,,42.5,betfair,-130,—,—,,3.0,,hit,,,,—,,
2026-09-20T19:22:51.890725+00:00,nfl,2026,2,401872935,401872935382,1,10:27,Q.Judkins right tackle to CLV 43 for 6 yards (A.Robinson).,2,1,CLE 37,63,3,Tampa Bay Buccaneers,Cleveland Browns,3,0,66.7,33.3,87.0,114.0,201.0,152.0,33.0,185.0,game,ML,Tampa Bay Buccaneers,,,polymarket,-195,—,—,,Win,,hit,,,,—,,
2026-09-20T19:22:51.890725+00:00,nfl,2026,2,401872935,401872935404,1,9:50,D.Watson pass short left to H.Fannin pushed ob at TB 36 for 21 yards (A.Anzalone; A.Winfield) [Y.Diaby].,1,10,CLE 43,57,3,Tampa Bay Buccaneers,Cleveland Browns,3,0,66.7,33.3,87.0,114.0,201.0,152.0,33.0,185.0,game,Spread,Cleveland Browns,,8.5,polymarketus,-1012,—,—,,+3,,hit,,,,—,,
2026-09-20T19:22:51.890725+00:00,nfl,2026,2,401872935,401872935404,1,9:50,D.Watson pass short left to H.Fannin pushed ob at TB 36 for 21 yards (A.Anzalone; A.Winfield) [Y.Diaby].,1,10,CLE 43,57,3,Tampa Bay Buccaneers,Cleveland Browns,3,0,66.7,33.3,87.0,114.0,201.0,152.0,33.0,185.0,game,Spread,Tampa Bay Buccaneers,,-8.5,polymarket,733,—,—,,+3,,miss,,,,—,,
2026-09-20T19:22:51.890725+00:00,nfl,2026,2,401872935,401872935404,1,9:50,D.Watson pass short left to H.Fannin pushed ob at TB 36 for 21 yards (A.Anzalone; A.Winfield) [Y.Diaby].,1,10,CLE 43,57,3,Tampa Bay Buccaneers,Cleveland Browns,3,0,66.7,33.3,87.0,114.0,201.0,152.0,33.0,185.0,game,Total,Over,,42.5,betfair,109,—,—,,3.0,,miss,,,,—,,
2026-09-20T19:22:51.890725+00:00,nfl,2026,2,401872935,401872935404,1,9:50,D.Watson pass short left to H.Fannin pushed ob at TB 36 for 21 yards (A.Anzalone; A.Winfield) [Y.Diaby].,1,10,CLE 43,57,3,Tampa Bay Buccaneers,Cleveland Browns,3,0,66.7,33.3,87.0,114.0,201.0,152.0,33.0,185.0,game,Total,Under,,42.5,betfair,-130,—,—,,3.0,,hit,,,,—,,
2026-09-20T19:22:51.890725+00:00,nfl,2026,2,401872935,401872935404,1,9:50,D.Watson pass short left to H.Fannin pushed ob at TB 36 for 21 yards (A.Anzalone; A.Winfield) [Y.Diaby].,1,10,CLE 43,57,3,Tampa Bay Buccaneers,Cleveland Browns,3,0,66.7,33.3,87.0,114.0,201.0,152.0,33.0,185.0,game,ML,Tampa Bay Buccaneers,,,polymarket,-195,—,—,,Win,,hit,,,,—,,
2026-09-20T19:22:51.890725+00:00,nfl,2026,2,401872935,401872935434,1,9:18,Q.Judkins left tackle to TB 34 for 2 yards (C.Kancey).,1,10,TB 36,36,3,Tampa Bay Buccaneers,Cleveland Browns,3,0,66.7,33.3,87.0,114.0,201.0,152.0,33.0,185.0,game,Spread,Cleveland Browns,,8.5,polymarketus,-1012,—,—,,+3,,hit,,,,—,,
2026-09-20T19:22:51.890725+00:00,nfl,2026,2,401872935,401872935434,1,9:18,Q.Judkins left tackle to TB 34 for 2 yards (C.Kancey).,1,10,TB 36,36,3,Tampa Bay Buccaneers,Cleveland Browns,3,0,66.7,33.3,87.0,114.0,201.0,152.0,33.0,185.0,game,Spread,Tampa Bay Buccaneers,,-8.5,polymarket,733,—,—,,+3,,miss,,,,—,,
2026-09-20T19:22:51.890725+00:00,nfl,2026,2,401872935,401872935434,1,9:18,Q.Judkins left tackle to TB 34 for 2 yards (C.Kancey).,1,10,TB 36,36,3,Tampa Bay Buccaneers,Cleveland Browns,3,0,66.7,33.3,87.0,114.0,201.0,152.0,33.0,185.0,game,Total,Over,,42.5,betfair,109,—,—,,3.0,,miss,,,,—,,
2026-09-20T19:22:51.890725+00:00,nfl,2026,2,401872935,401872935434,1,9:18,Q.Judkins left tackle to TB 34 for 2 yards (C.Kancey).,1,10,TB 36,36,3,Tampa Bay Buccaneers,Cleveland Browns,3,0,66.7,33.3,87.0,114.0,201.0,152.0,33.0,185.0,game,Total,Under,,42.5,betfair,-130,—,—,,3.0,,hit,,,,—,,
2026-09-20T19:22:51.890725+00:00,nfl,2026,2,401872935,401872935434,1,9:18,Q.Judkins left tackle to TB 34 for 2 yards (C.Kancey).,1,10,TB 36,36,3,Tampa Bay Buccaneers,Cleveland Browns,3,0,66.7,33.3,87.0,114.0,201.0,152.0,33.0,185.0,game,ML,Tampa Bay Buccaneers,,,polymarket,-195,—,—,,Win,,hit,,,,—,,
2026-09-20T19:22:51.890725+00:00,nfl,2026,2,401872935,401872935456,1,8:45,(Shotgun) D.Watson pass short right to K.Concepcion to TB 34 for no gain (A.Nelson).,2,8,TB 34,34,3,Tampa Bay Buccaneers,Cleveland Browns,3,0,66.7,33.3,87.0,114.0,201.0,152.0,33.0,185.0,game,Spread,Cleveland Browns,,8.5,polymarketus,-1012,—,—,,+3,,hit,,,,—,,
2026-09-20T19:22:51.890725+00:00,nfl,2026,2,401872935,401872935456,1,8:45,(Shotgun) D.Watson pass short right to K.Concepcion to TB 34 for no gain (A.Nelson).,2,8,TB 34,34,3,Tampa Bay Buccaneers,Cleveland Browns,3,0,66.7,33.3,87.0,114.0,201.0,152.0,33.0,185.0,game,Spread,Tampa Bay Buccaneers,,-8.5,polymarket,733,—,—,,+3,,miss,,,,—,,
2026-09-20T19:22:51.890725+00:00,nfl,2026,2,401872935,401872935456,1,8:45,(Shotgun) D.Watson pass short right to K.Concepcion to TB 34 for no gain (A.Nelson).,2,8,TB 34,34,3,Tampa Bay Buccaneers,Cleveland Browns,3,0,66.7,33.3,87.0,114.0,201.0,152.0,33.0,185.0,game,Total,Over,,42.5,betfair,109,—,—,,3.0,,miss,,,,—,,
2026-09-20T19:22:51.890725+00:00,nfl,2026,2,401872935,401872935456,1,8:45,(Shotgun) D.Watson pass short right to K.Concepcion to TB 34 for no gain (A.Nelson).,2,8,TB 34,34,3,Tampa Bay Buccaneers,Cleveland Browns,3,0,66.7,33.3,87.0,114.0,201.0,152.0,33.0,185.0,game,Total,Under,,42.5,betfair,-130,—,—,,3.0,,hit,,,,—,,
2026-09-20T19:22:51.890725+00:00,nfl,2026,2,401872935,401872935456,1,8:45,(Shotgun) D.Watson pass short right to K.Concepcion to TB 34 for no gain (A.Nelson).,2,8,TB 34,34,3,Tampa Bay Buccaneers,Cleveland Browns,3,0,66.7,33.3,87.0,114.0,201.0,152.0,33.0,185.0,game,ML,Tampa Bay Buccaneers,,,polymarket,-195,—,—,,Win,,hit,,,,—,,
2026-09-20T19:22:51.890725+00:00,nfl,2026,2,401872935,401872935481,1,8:06,(Shotgun) D.Watson pass short right to R.Sanders to TB 27 for 7 yards (J.Trotter; A.Anzalone).,3,8,TB 34,34,3,Tampa Bay Buccaneers,Cleveland Browns,3,0,66.7,33.3,87.0,114.0,201.0,152.0,33.0,185.0,game,Spread,Cleveland Browns,,8.5,polymarketus,-1012,—,—,,+3,,hit,,,,—,,
2026-09-20T19:22:51.890725+00:00,nfl,2026,2,401872935,401872935481,1,8:06,(Shotgun) D.Watson pass short right to R.Sanders to TB 27 for 7 yards (J.Trotter; A.Anzalone).,3,8,TB 34,34,3,Tampa Bay Buccaneers,Cleveland Browns,3,0,66.7,33.3,87.0,114.0,201.0,152.0,33.0,185.0,game,Spread,Tampa Bay Buccaneers,,-8.5,polymarket,733,—,—,,+3,,miss,,,,—,,
2026-09-20T19:22:51.890725+00:00,nfl,2026,2,401872935,401872935481,1,8:06,(Shotgun) D.Watson pass short right to R.Sanders to TB 27 for 7 yards (J.Trotter; A.Anzalone).,3,8,TB 34,34,3,Tampa Bay Buccaneers,Cleveland Browns,3,0,66.7,33.3,87.0,114.0,201.0,152.0,33.0,185.0,game,Total,Over,,42.5,betfair,109,—,—,,3.0,,miss,,,,—,,
2026-09-20T19:22:51.890725+00:00,nfl,2026,2,401872935,401872935481,1,8:06,(Shotgun) D.Watson pass short right to R.Sanders to TB 27 for 7 yards (J.Trotter; A.Anzalone).,3,8,TB 34,34,3,Tampa Bay Buccaneers,Cleveland Browns,3,0,66.7,33.3,87.0,114.0,201.0,152.0,33.0,185.0,game,Total,Under,,42.5,betfair,-130,—,—,,3.0,,hit,,,,—,,
2026-09-20T19:22:51.890725+00:00,nfl,2026,2,401872935,401872935481,1,8:06,(Shotgun) D.Watson pass short right to R.Sanders to TB 27 for 7 yards (J.Trotter; A.Anzalone).,3,8,TB 34,34,3,Tampa Bay Buccaneers,Cleveland Browns,3,0,66.7,33.3,87.0,114.0,201.0,152.0,33.0,185.0,game,ML,Tampa Bay Buccaneers,,,polymarket,-195,—,—,,Win,,hit,,,,—,,
2026-09-20T19:22:51.890725+00:00,nfl,2026,2,401872935,401872935506,1,7:29,"(Run formation) PENALTY on CLV-T.Howard, False Start, 5 yards, enforced at TB 27 - No Play.",4,1,TB 27,27,3,Tampa Bay Buccaneers,Cleveland Browns,3,0,66.7,33.3,87.0,114.0,201.0,152.0,33.0,185.0,game,Spread,Cleveland Browns,,8.5,polymarketus,-1012,—,—,,+3,,hit,,,,—,,
2026-09-20T19:22:51.890725+00:00,nfl,2026,2,401872935,401872935506,1,7:29,"(Run formation) PENALTY on CLV-T.Howard, False Start, 5 yards, enforced at TB 27 - No Play.",4,1,TB 27,27,3,Tampa Bay Buccaneers,Cleveland Browns,3,0,66.7,33.3,87.0,114.0,201.0,152.0,33.0,185.0,game,Spread,Tampa Bay Buccaneers,,-8.5,polymarket,733,—,—,,+3,,miss,,,,—,,
2026-09-20T19:22:51.890725+00:00,nfl,2026,2,401872935,401872935506,1,7:29,"(Run formation) PENALTY on CLV-T.Howard, False Start, 5 yards, enforced at TB 27 - No Play.",4,1,TB 27,27,3,Tampa Bay Buccaneers,Cleveland Browns,3,0,66.7,33.3,87.0,114.0,201.0,152.0,33.0,185.0,game,Total,Over,,42.5,betfair,109,—,—,,3.0,,miss,,,,—,,
2026-09-20T19:22:51.890725+00:00,nfl,2026,2,401872935,401872935506,1,7:29,"(Run formation) PENALTY on CLV-T.Howard, False Start, 5 yards, enforced at TB 27 - No Play.",4,1,TB 27,27,3,Tampa Bay Buccaneers,Cleveland Browns,3,0,66.7,33.3,87.0,114.0,201.0,152.0,33.0,185.0,game,Total,Under,,42.5,betfair,-130,—,—,,3.0,,hit,,,,—,,
2026-09-20T19:22:51.890725+00:00,nfl,2026,2,401872935,401872935506,1,7:29,"(Run formation) PENALTY on CLV-T.Howard, False Start, 5 yards, enforced at TB 27 - No Play.",4,1,TB 27,27,3,Tampa Bay Buccaneers,Cleveland Browns,3,0,66.7,33.3,87.0,114.0,201.0,152.0,33.0,185.0,game,ML,Tampa Bay Buccaneers,,,polymarket,-195,—,—,,Win,,hit,,,,—,,
2026-09-20T19:22:51.890725+00:00,nfl,2026,2,401872935,401872935540,1,7:12,Official Timeout at 07:12.,-1,8,CLE 35,65,0,Tampa Bay Buccaneers,Cleveland Browns,3,3,66.7,33.3,87.0,114.0,201.0,152.0,33.0,185.0,game,Spread,Cleveland Browns,,8.5,polymarketus,-1012,—,—,,0,,hit,,,,—,,
2026-09-20T19:22:51.890725+00:00,nfl,2026,2,401872935,401872935540,1,7:12,Official Timeout at 07:12.,-1,8,CLE 35,65,0,Tampa Bay Buccaneers,Cleveland Browns,3,3,66.7,33.3,87.0,114.0,201.0,152.0,33.0,185.0,game,Spread,Tampa Bay Buccaneers,,-8.5,polymarket,733,—,—,,0,,miss,,,,—,,
2026-09-20T19:22:51.890725+00:00,nfl,2026,2,401872935,401872935540,1,7:12,Official Timeout at 07:12.,-1,8,CLE 35,65,0,Tampa Bay Buccaneers,Cleveland Browns,3,3,66.7,33.3,87.0,114.0,201.0,152.0,33.0,185.0,game,Total,Over,,42.5,betfair,109,—,—,,6.0,,miss,,,,—,,
2026-09-20T19:22:51.890725+00:00,nfl,2026,2,401872935,401872935540,1,7:12,Official Timeout at 07:12.,-1,8,CLE 35,65,0,Tampa Bay Buccaneers,Cleveland Browns,3,3,66.7,33.3,87.0,114.0,201.0,152.0,33.0,185.0,game,Total,Under,,42.5,betfair,-130,—,—,,6.0,,hit,,,,—,,
2026-09-20T19:22:51.890725+00:00,nfl,2026,2,401872935,401872935540,1,7:12,Official Timeout at 07:12.,-1,8,CLE 35,65,0,Tampa Bay Buccaneers,Cleveland Browns,3,3,66.7,33.3,87.0,114.0,201.0,152.0,33.0,185.0,game,ML,Tampa Bay Buccaneers,,,polymarket,-195,—,—,,Loss,,miss,,,,—,,
2026-09-20T19:22:51.890725+00:00,nfl,2026,2,401872935,401872935530,1,7:12,"A.Szmyt 50 yard field goal is GOOD, Center-R.Sunahara, Holder-C.Bojorquez.",4,6,TB 32,32,0,Tampa Bay Buccaneers,Cleveland Browns,3,3,66.7,33.3,87.0,114.0,201.0,152.0,33.0,185.0,game,Spread,Cleveland Browns,,8.5,polymarketus,-1012,—,—,,0,,hit,,,,—,,
2026-09-20T19:22:51.890725+00:00,nfl,2026,2,401872935,401872935530,1,7:12,"A.Szmyt 50 yard field goal is GOOD, Center-R.Sunahara, Holder-C.Bojorquez.",4,6,TB 32,32,0,Tampa Bay Buccaneers,Cleveland Browns,3,3,66.7,33.3,87.0,114.0,201.0,152.0,33.0,185.0,game,Spread,Tampa Bay Buccaneers,,-8.5,polymarket,733,—,—,,0,,miss,,,,—,,
2026-09-20T19:22:51.890725+00:00,nfl,2026,2,401872935,401872935530,1,7:12,"A.Szmyt 50 yard field goal is GOOD, Center-R.Sunahara, Holder-C.Bojorquez.",4,6,TB 32,32,0,Tampa Bay Buccaneers,Cleveland Browns,3,3,66.7,33.3,87.0,114.0,201.0,152.0,33.0,185.0,game,Total,Over,,42.5,betfair,109,—,—,,6.0,,miss,,,,—,,
2026-09-20T19:22:51.890725+00:00,nfl,2026,2,401872935,401872935530,1,7:12,"A.Szmyt 50 yard field goal is GOOD, Center-R.Sunahara, Holder-C.Bojorquez.",4,6,TB 32,32,0,Tampa Bay Buccaneers,Cleveland Browns,3,3,66.7,33.3,87.0,114.0,201.0,152.0,33.0,185.0,game,Total,Under,,42.5,betfair,-130,—,—,,6.0,,hit,,,,—,,
2026-09-20T19:22:51.890725+00:00,nfl,2026,2,401872935,401872935530,1,7:12,"A.Szmyt 50 yard field goal is GOOD, Center-R.Sunahara, Holder-C.Bojorquez.",4,6,TB 32,32,0,Tampa Bay Buccaneers,Cleveland Browns,3,3,66.7,33.3,87.0,114.0,201.0,152.0,33.0,185.0,game,ML,Tampa Bay Buccaneers,,,polymarket,-195,—,—,,Loss,,miss,,,,—,,
2026-09-20T19:22:51.890725+00:00,nfl,2026,2,401872935,401872935550,1,7:12,A.Szmyt kicks 64 yards from CLV 35 to TB 1. K.Gainwell to TB 25 for 24 yards (E.McNeil-Warren).,3,8,,65,0,Tampa Bay Buccaneers,Cleveland Browns,3,3,66.7,33.3,87.0,114.0,201.0,152.0,33.0,185.0,game,Spread,Cleveland Browns,,8.5,polymarketus,-1012,—,—,,0,,hit,,,,—,,
2026-09-20T19:22:51.890725+00:00,nfl,2026,2,401872935,401872935550,1,7:12,A.Szmyt kicks 64 yards from CLV 35 to TB 1. K.Gainwell to TB 25 for 24 yards (E.McNeil-Warren).,3,8,,65,0,Tampa Bay Buccaneers,Cleveland Browns,3,3,66.7,33.3,87.0,114.0,201.0,152.0,33.0,185.0,game,Spread,Tampa Bay Buccaneers,,-8.5,polymarket,733,—,—,,0,,miss,,,,—,,
2026-09-20T19:22:51.890725+00:00,nfl,2026,2,401872935,401872935550,1,7:12,A.Szmyt kicks 64 yards from CLV 35 to TB 1. K.Gainwell to TB 25 for 24 yards (E.McNeil-Warren).,3,8,,65,0,Tampa Bay Buccaneers,Cleveland Browns,3,3,66.7,33.3,87.0,114.0,201.0,152.0,33.0,185.0,game,Total,Over,,42.5,betfair,109,—,—,,6.0,,miss,,,,—,,
2026-09-20T19:22:51.890725+00:00,nfl,2026,2,401872935,401872935550,1,7:12,A.Szmyt kicks 64 yards from CLV 35 to TB 1. K.Gainwell to TB 25 for 24 yards (E.McNeil-Warren).,3,8,,65,0,Tampa Bay Buccaneers,Cleveland Browns,3,3,66.7,33.3,87.0,114.0,201.0,152.0,33.0,185.0,game,Total,Under,,42.5,betfair,-130,—,—,,6.0,,hit,,,,—,,
2026-09-20T19:22:51.890725+00:00,nfl,2026,2,401872935,401872935550,1,7:12,A.Szmyt kicks 64 yards from CLV 35 to TB 1. K.Gainwell to TB 25 for 24 yards (E.McNeil-Warren).,3,8,,65,0,Tampa Bay Buccaneers,Cleveland Browns,3,3,66.7,33.3,87.0,114.0,201.0,152.0,33.0,185.0,game,ML,Tampa Bay Buccaneers,,,polymarket,-195,—,—,,Loss,,miss,,,,—,,
2026-09-20T19:22:51.890725+00:00,nfl,2026,2,401872935,401872935580,1,7:07,B.Irving up the middle to TB 29 for 4 yards (C.Schwesinger; A.Huntington).,1,10,TB 25,25,0,Tampa Bay Buccaneers,Cleveland Browns,3,3,66.7,33.3,87.0,114.0,201.0,152.0,33.0,185.0,game,Spread,Cleveland Browns,,8.5,polymarketus,-1012,—,—,,0,,hit,,,,—,,
2026-09-20T19:22:51.890725+00:00,nfl,2026,2,401872935,401872935580,1,7:07,B.Irving up the middle to TB 29 for 4 yards (C.Schwesinger; A.Huntington).,1,10,TB 25,25,0,Tampa Bay Buccaneers,Cleveland Browns,3,3,66.7,33.3,87.0,114.0,201.0,152.0,33.0,185.0,game,Spread,Tampa Bay Buccaneers,,-8.5,polymarket,733,—,—,,0,,miss,,,,—,,
2026-09-20T19:22:51.890725+00:00,nfl,2026,2,401872935,401872935580,1,7:07,B.Irving up the middle to TB 29 for 4 yards (C.Schwesinger; A.Huntington).,1,10,TB 25,25,0,Tampa Bay Buccaneers,Cleveland Browns,3,3,66.7,33.3,87.0,114.0,201.0,152.0,33.0,185.0,game,Total,Over,,42.5,betfair,109,—,—,,6.0,,miss,,,,—,,
2026-09-20T19:22:51.890725+00:00,nfl,2026,2,401872935,401872935580,1,7:07,B.Irving up the middle to TB 29 for 4 yards (C.Schwesinger; A.Huntington).,1,10,TB 25,25,0,Tampa Bay Buccaneers,Cleveland Browns,3,3,66.7,33.3,87.0,114.0,201.0,152.0,33.0,185.0,game,Total,Under,,42.5,betfair,-130,—,—,,6.0,,hit,,,,—,,
2026-09-20T19:22:51.890725+00:00,nfl,2026,2,401872935,401872935580,1,7:07,B.Irving up the middle to TB 29 for 4 yards (C.Schwesinger; A.Huntington).,1,10,TB 25,25,0,Tampa Bay Buccaneers,Cleveland Browns,3,3,66.7,33.3,87.0,114.0,201.0,152.0,33.0,185.0,game,ML,Tampa Bay Buccaneers,,,polymarket,-195,—,—,,Loss,,miss,,,,—,,
2026-09-20T19:22:51.890725+00:00,nfl,2026,2,401872935,401872935602,1,6:27,(Shotgun) B.Irving left end to CLV 33 for 38 yards (C.Schwesinger).,2,6,TB 29,29,0,Tampa Bay Buccaneers,Cleveland Browns,3,3,66.7,33.3,87.0,114.0,201.0,152.0,33.0,185.0,game,Spread,Cleveland Browns,,8.5,polymarketus,-1012,—,—,,0,,hit,,,,—,,
2026-09-20T19:22:51.890725+00:00,nfl,2026,2,401872935,401872935602,1,6:27,(Shotgun) B.Irving left end to CLV 33 for 38 yards (C.Schwesinger).,2,6,TB 29,29,0,Tampa Bay Buccaneers,Cleveland Browns,3,3,66.7,33.3,87.0,114.0,201.0,152.0,33.0,185.0,game,Spread,Tampa Bay Buccaneers,,-8.5,polymarket,733,—,—,,0,,miss,,,,—,,
2026-09-20T19:22:51.890725+00:00,nfl,2026,2,401872935,401872935602,1,6:27,(Shotgun) B.Irving left end to CLV 33 for 38 yards (C.Schwesinger).,2,6,TB 29,29,0,Tampa Bay Buccaneers,Cleveland Browns,3,3,66.7,33.3,87.0,114.0,201.0,152.0,33.0,185.0,game,Total,Over,,42.5,betfair,109,—,—,,6.0,,miss,,,,—,,
2026-09-20T19:22:51.890725+00:00,nfl,2026,2,401872935,401872935602,1,6:27,(Shotgun) B.Irving left end to CLV 33 for 38 yards (C.Schwesinger).,2,6,TB 29,29,0,Tampa Bay Buccaneers,Cleveland Browns,3,3,66.7,33.3,87.0,114.0,201.0,152.0,33.0,185.0,game,Total,Under,,42.5,betfair,-130,—,—,,6.0,,hit,,,,—,,
2026-09-20T19:22:51.890725+00:00,nfl,2026,2,401872935,401872935602,1,6:27,(Shotgun) B.Irving left end to CLV 33 for 38 yards (C.Schwesinger).,2,6,TB 29,29,0,Tampa Bay Buccaneers,Cleveland Browns,3,3,66.7,33.3,87.0,114.0,201.0,152.0,33.0,185.0,game,ML,Tampa Bay Buccaneers,,,polymarket,-195,—,—,,Loss,,miss,,,,—,,
2026-09-20T19:22:51.890725+00:00,nfl,2026,2,401872935,401872935624,1,5:37,(Shotgun) B.Mayfield pass short left to B.Irving to CLV 30 for 3 yards (G.Delpit).,1,10,CLE 33,67,0,Tampa Bay Buccaneers,Cleveland Browns,3,3,66.7,33.3,87.0,114.0,201.0,152.0,33.0,185.0,game,Spread,Cleveland Browns,,8.5,polymarketus,-1012,—,—,,0,,hit,,,,—,,
2026-09-20T19:22:51.890725+00:00,nfl,2026,2,401872935,401872935624,1,5:37,(Shotgun) B.Mayfield pass short left to B.Irving to CLV 30 for 3 yards (G.Delpit).,1,10,CLE 33,67,0,Tampa Bay Buccaneers,Cleveland Browns,3,3,66.7,33.3,87.0,114.0,201.0,152.0,33.0,185.0,game,Spread,Tampa Bay Buccaneers,,-8.5,polymarket,733,—,—,,0,,miss,,,,—,,
2026-09-20T19:22:51.890725+00:00,nfl,2026,2,401872935,401872935624,1,5:37,(Shotgun) B.Mayfield pass short left to B.Irving to CLV 30 for 3 yards (G.Delpit).,1,10,CLE 33,67,0,Tampa Bay Buccaneers,Cleveland Browns,3,3,66.7,33.3,87.0,114.0,201.0,152.0,33.0,185.0,game,Total,Over,,42.5,betfair,109,—,—,,6.0,,miss,,,,—,,
2026-09-20T19:22:51.890725+00:00,nfl,2026,2,401872935,401872935624,1,5:37,(Shotgun) B.Mayfield pass short left to B.Irving to CLV 30 for 3 yards (G.Delpit).,1,10,CLE 33,67,0,Tampa Bay Buccaneers,Cleveland Browns,3,3,66.7,33.3,87.0,114.0,201.0,152.0,33.0,185.0,game,Total,Under,,42.5,betfair,-130,—,—,,6.0,,hit,,,,—,,
2026-09-20T19:22:51.890725+00:00,nfl,2026,2,401872935,401872935624,1,5:37,(Shotgun) B.Mayfield pass short left to B.Irving to CLV 30 for 3 yards (G.Delpit).,1,10,CLE 33,67,0,Tampa Bay Buccaneers,Cleveland Browns,3,3,66.7,33.3,87.0,114.0,201.0,152.0,33.0,185.0,game,ML,Tampa Bay Buccaneers,,,polymarket,-195,—,—,,Loss,,miss,,,,—,,
2026-09-20T19:22:51.890725+00:00,nfl,2026,2,401872935,401872935649,1,4:50,B.Irving left guard to CLV 27 for 3 yards (T.Campbell).,2,7,CLE 30,70,0,Tampa Bay Buccaneers,Cleveland Browns,3,3,66.7,33.3,87.0,114.0,201.0,152.0,33.0,185.0,game,Spread,Cleveland Browns,,8.5,polymarketus,-1012,—,—,,0,,hit,,,,—,,
2026-09-20T19:22:51.890725+00:00,nfl,2026,2,401872935,401872935649,1,4:50,B.Irving left guard to CLV 27 for 3 yards (T.Campbell).,2,7,CLE 30,70,0,Tampa Bay Buccaneers,Cleveland Browns,3,3,66.7,33.3,87.0,114.0,201.0,152.0,33.0,185.0,game,Spread,Tampa Bay Buccaneers,,-8.5,polymarket,733,—,—,,0,,miss,,,,—,,
2026-09-20T19:22:51.890725+00:00,nfl,2026,2,401872935,401872935649,1,4:50,B.Irving left guard to CLV 27 for 3 yards (T.Campbell).,2,7,CLE 30,70,0,Tampa Bay Buccaneers,Cleveland Browns,3,3,66.7,33.3,87.0,114.0,201.0,152.0,33.0,185.0,game,Total,Over,,42.5,betfair,109,—,—,,6.0,,miss,,,,—,,
2026-09-20T19:22:51.890725+00:00,nfl,2026,2,401872935,401872935649,1,4:50,B.Irving left guard to CLV 27 for 3 yards (T.Campbell).,2,7,CLE 30,70,0,Tampa Bay Buccaneers,Cleveland Browns,3,3,66.7,33.3,87.0,114.0,201.0,152.0,33.0,185.0,game,Total,Under,,42.5,betfair,-130,—,—,,6.0,,hit,,,,—,,
2026-09-20T19:22:51.890725+00:00,nfl,2026,2,401872935,401872935649,1,4:50,B.Irving left guard to CLV 27 for 3 yards (T.Campbell).,2,7,CLE 30,70,0,Tampa Bay Buccaneers,Cleveland Browns,3,3,66.7,33.3,87.0,114.0,201.0,152.0,33.0,185.0,game,ML,Tampa Bay Buccaneers,,,polymarket,-195,—,—,,Loss,,miss,,,,—,,
2026-09-20T19:22:51.890725+00:00,nfl,2026,2,401872935,401872935671,1,4:09,(Shotgun) B.Mayfield pass incomplete short middle to K.Gainwell.,3,4,CLE 27,73,0,Tampa Bay Buccaneers,Cleveland Browns,3,3,66.7,33.3,87.0,114.0,201.0,152.0,33.0,185.0,game,Spread,Cleveland Browns,,8.5,polymarketus,-1012,—,—,,0,,hit,,,,—,,
2026-09-20T19:22:51.890725+00:00,nfl,2026,2,401872935,401872935671,1,4:09,(Shotgun) B.Mayfield pass incomplete short middle to K.Gainwell.,3,4,CLE 27,73,0,Tampa Bay Buccaneers,Cleveland Browns,3,3,66.7,33.3,87.0,114.0,201.0,152.0,33.0,185.0,game,Spread,Tampa Bay Buccaneers,,-8.5,polymarket,733,—,—,,0,,miss,,,,—,,
2026-09-20T19:22:51.890725+00:00,nfl,2026,2,401872935,401872935671,1,4:09,(Shotgun) B.Mayfield pass incomplete short middle to K.Gainwell.,3,4,CLE 27,73,0,Tampa Bay Buccaneers,Cleveland Browns,3,3,66.7,33.3,87.0,114.0,201.0,152.0,33.0,185.0,game,Total,Over,,42.5,betfair,109,—,—,,6.0,,miss,,,,—,,
2026-09-20T19:22:51.890725+00:00,nfl,2026,2,401872935,401872935671,1,4:09,(Shotgun) B.Mayfield pass incomplete short middle to K.Gainwell.,3,4,CLE 27,73,0,Tampa Bay Buccaneers,Cleveland Browns,3,3,66.7,33.3,87.0,114.0,201.0,152.0,33.0,185.0,game,Total,Under,,42.5,betfair,-130,—,—,,6.0,,hit,,,,—,,
2026-09-20T19:22:51.890725+00:00,nfl,2026,2,401872935,401872935671,1,4:09,(Shotgun) B.Mayfield pass incomplete short middle to K.Gainwell.,3,4,CLE 27,73,0,Tampa Bay Buccaneers,Cleveland Browns,3,3,66.7,33.3,87.0,114.0,201.0,152.0,33.0,185.0,game,ML,Tampa Bay Buccaneers,,,polymarket,-195,—,—,,Loss,,miss,,,,—,,
2026-09-20T19:22:51.890725+00:00,nfl,2026,2,401872935,401872935704,1,4:02,Official Timeout at 04:02.,-1,8,TB 35,35,3,Tampa Bay Buccaneers,Cleveland Browns,6,3,66.7,33.3,87.0,114.0,201.0,152.0,33.0,185.0,game,Spread,Cleveland Browns,,8.5,polymarketus,-1012,—,—,,+3,,hit,,,,—,,
2026-09-20T19:22:51.890725+00:00,nfl,2026,2,401872935,401872935704,1,4:02,Official Timeout at 04:02.,-1,8,TB 35,35,3,Tampa Bay Buccaneers,Cleveland Browns,6,3,66.7,33.3,87.0,114.0,201.0,152.0,33.0,185.0,game,Spread,Tampa Bay Buccaneers,,-8.5,polymarket,733,—,—,,+3,,miss,,,,—,,
2026-09-20T19:22:51.890725+00:00,nfl,2026,2,401872935,401872935704,1,4:02,Official Timeout at 04:02.,-1,8,TB 35,35,3,Tampa Bay Buccaneers,Cleveland Browns,6,3,66.7,33.3,87.0,114.0,201.0,152.0,33.0,185.0,game,Total,Over,,42.5,betfair,109,—,—,,9.0,,miss,,,,—,,
2026-09-20T19:22:51.890725+00:00,nfl,2026,2,401872935,401872935704,1,4:02,Official Timeout at 04:02.,-1,8,TB 35,35,3,Tampa Bay Buccaneers,Cleveland Browns,6,3,66.7,33.3,87.0,114.0,201.0,152.0,33.0,185.0,game,Total,Under,,42.5,betfair,-130,—,—,,9.0,,hit,,,,—,,
2026-09-20T19:22:51.890725+00:00,nfl,2026,2,401872935,401872935704,1,4:02,Official Timeout at 04:02.,-1,8,TB 35,35,3,Tampa Bay Buccaneers,Cleveland Browns,6,3,66.7,33.3,87.0,114.0,201.0,152.0,33.0,185.0,game,ML,Tampa Bay Buccaneers,,,polymarket,-195,—,—,,Win,,hit,,,,—,,
2026-09-20T19:22:51.890725+00:00,nfl,2026,2,401872935,401872935694,1,4:02,"C.McLaughlin 45 yard field goal is GOOD, Center-E.Deckers, Holder-R.Dixon.",4,4,CLE 27,73,3,Tampa Bay Buccaneers,Cleveland Browns,6,3,66.7,33.3,87.0,114.0,201.0,152.0,33.0,185.0,game,Spread,Cleveland Browns,,8.5,polymarketus,-1012,—,—,,+3,,hit,,,,—,,
2026-09-20T19:22:51.890725+00:00,nfl,2026,2,401872935,401872935694,1,4:02,"C.McLaughlin 45 yard field goal is GOOD, Center-E.Deckers, Holder-R.Dixon.",4,4,CLE 27,73,3,Tampa Bay Buccaneers,Cleveland Browns,6,3,66.7,33.3,87.0,114.0,201.0,152.0,33.0,185.0,game,Spread,Tampa Bay Buccaneers,,-8.5,polymarket,733,—,—,,+3,,miss,,,,—,,
2026-09-20T19:22:51.890725+00:00,nfl,2026,2,401872935,401872935694,1,4:02,"C.McLaughlin 45 yard field goal is GOOD, Center-E.Deckers, Holder-R.Dixon.",4,4,CLE 27,73,3,Tampa Bay Buccaneers,Cleveland Browns,6,3,66.7,33.3,87.0,114.0,201.0,152.0,33.0,185.0,game,Total,Over,,42.5,betfair,109,—,—,,9.0,,miss,,,,—,,
2026-09-20T19:22:51.890725+00:00,nfl,2026,2,401872935,401872935694,1,4:02,"C.McLaughlin 45 yard field goal is GOOD, Center-E.Deckers, Holder-R.Dixon.",4,4,CLE 27,73,3,Tampa Bay Buccaneers,Cleveland Browns,6,3,66.7,33.3,87.0,114.0,201.0,152.0,33.0,185.0,game,Total,Under,,42.5,betfair,-130,—,—,,9.0,,hit,,,,—,,
2026-09-20T19:22:51.890725+00:00,nfl,2026,2,401872935,401872935694,1,4:02,"C.McLaughlin 45 yard field goal is GOOD, Center-E.Deckers, Holder-R.Dixon.",4,4,CLE 27,73,3,Tampa Bay Buccaneers,Cleveland Browns,6,3,66.7,33.3,87.0,114.0,201.0,152.0,33.0,185.0,game,ML,Tampa Bay Buccaneers,,,polymarket,-195,—,—,,Win,,hit,,,,—,,
2026-09-20T19:22:51.890725+00:00,nfl,2026,2,401872935,401872935714,1,4:02,C.McLaughlin kicks 59 yards from TB 35 to CLV 6. M.Corley to CLV 33 for 27 yards (K.Johnson).,3,8,,35,3,Tampa Bay Buccaneers,Cleveland Browns,6,3,66.7,33.3,87.0,114.0,201.0,152.0,33.0,185.0,game,Spread,Cleveland Browns,,8.5,polymarketus,-1012,—,—,,+3,,hit,,,,—,,
2026-09-20T19:22:51.890725+00:00,nfl,2026,2,401872935,401872935714,1,4:02,C.McLaughlin kicks 59 yards from TB 35 to CLV 6. M.Corley to CLV 33 for 27 yards (K.Johnson).,3,8,,35,3,Tampa Bay Buccaneers,Cleveland Browns,6,3,66.7,33.3,87.0,114.0,201.0,152.0,33.0,185.0,game,Spread,Tampa Bay Buccaneers,,-8.5,polymarket,733,—,—,,+3,,miss,,,,—,,
2026-09-20T19:22:51.890725+00:00,nfl,2026,2,401872935,401872935714,1,4:02,C.McLaughlin kicks 59 yards from TB 35 to CLV 6. M.Corley to CLV 33 for 27 yards (K.Johnson).,3,8,,35,3,Tampa Bay Buccaneers,Cleveland Browns,6,3,66.7,33.3,87.0,114.0,201.0,152.0,33.0,185.0,game,Total,Over,,42.5,betfair,109,—,—,,9.0,,miss,,,,—,,
2026-09-20T19:22:51.890725+00:00,nfl,2026,2,401872935,401872935714,1,4:02,C.McLaughlin kicks 59 yards from TB 35 to CLV 6. M.Corley to CLV 33 for 27 yards (K.Johnson).,3,8,,35,3,Tampa Bay Buccaneers,Cleveland Browns,6,3,66.7,33.3,87.0,114.0,201.0,152.0,33.0,185.0,game,Total,Under,,42.5,betfair,-130,—,—,,9.0,,hit,,,,—,,
2026-09-20T19:22:51.890725+00:00,nfl,2026,2,401872935,401872935714,1,4:02,C.McLaughlin kicks 59 yards from TB 35 to CLV 6. M.Corley to CLV 33 for 27 yards (K.Johnson).,3,8,,35,3,Tampa Bay Buccaneers,Cleveland Browns,6,3,66.7,33.3,87.0,114.0,201.0,152.0,33.0,185.0,game,ML,Tampa Bay Buccaneers,,,polymarket,-195,—,—,,Win,,hit,,,,—,,
2026-09-20T19:22:51.890725+00:00,nfl,2026,2,401872935,401872935744,1,3:56,Q.Judkins left end to CLV 35 for 2 yards (A.Robinson; V.Vea).,1,10,CLE 33,67,3,Tampa Bay Buccaneers,Cleveland Browns,6,3,66.7,33.3,87.0,114.0,201.0,152.0,33.0,185.0,game,Spread,Cleveland Browns,,8.5,polymarketus,-1012,—,—,,+3,,hit,,,,—,,
2026-09-20T19:22:51.890725+00:00,nfl,2026,2,401872935,401872935744,1,3:56,Q.Judkins left end to CLV 35 for 2 yards (A.Robinson; V.Vea).,1,10,CLE 33,67,3,Tampa Bay Buccaneers,Cleveland Browns,6,3,66.7,33.3,87.0,114.0,201.0,152.0,33.0,185.0,game,Spread,Tampa Bay Buccaneers,,-8.5,polymarket,733,—,—,,+3,,miss,,,,—,,
2026-09-20T19:22:51.890725+00:00,nfl,2026,2,401872935,401872935744,1,3:56,Q.Judkins left end to CLV 35 for 2 yards (A.Robinson; V.Vea).,1,10,CLE 33,67,3,Tampa Bay Buccaneers,Cleveland Browns,6,3,66.7,33.3,87.0,114.0,201.0,152.0,33.0,185.0,game,Total,Over,,42.5,betfair,109,—,—,,9.0,,miss,,,,—,,
2026-09-20T19:22:51.890725+00:00,nfl,2026,2,401872935,401872935744,1,3:56,Q.Judkins left end to CLV 35 for 2 yards (A.Robinson; V.Vea).,1,10,CLE 33,67,3,Tampa Bay Buccaneers,Cleveland Browns,6,3,66.7,33.3,87.0,114.0,201.0,152.0,33.0,185.0,game,Total,Under,,42.5,betfair,-130,—,—,,9.0,,hit,,,,—,,
2026-09-20T19:22:51.890725+00:00,nfl,2026,2,401872935,401872935744,1,3:56,Q.Judkins left end to CLV 35 for 2 yards (A.Robinson; V.Vea).,1,10,CLE 33,67,3,Tampa Bay Buccaneers,Cleveland Browns,6,3,66.7,33.3,87.0,114.0,201.0,152.0,33.0,185.0,game,ML,Tampa Bay Buccaneers,,,polymarket,-195,—,—,,Win,,hit,,,,—,,
2026-09-20T19:22:51.890725+00:00,nfl,2026,2,401872935,401872935766,1,3:17,Q.Judkins left end to CLV 31 for -4 yards (T.Smith).,2,8,CLE 35,65,3,Tampa Bay Buccaneers,Cleveland Browns,6,3,66.7,33.3,87.0,114.0,201.0,152.0,33.0,185.0,game,Spread,Cleveland Browns,,8.5,polymarketus,-1012,—,—,,+3,,hit,,,,—,,
2026-09-20T19:22:51.890725+00:00,nfl,2026,2,401872935,401872935766,1,3:17,Q.Judkins left end to CLV 31 for -4 yards (T.Smith).,2,8,CLE 35,65,3,Tampa Bay Buccaneers,Cleveland Browns,6,3,66.7,33.3,87.0,114.0,201.0,152.0,33.0,185.0,game,Spread,Tampa Bay Buccaneers,,-8.5,polymarket,733,—,—,,+3,,miss,,,,—,,
2026-09-20T19:22:51.890725+00:00,nfl,2026,2,401872935,401872935766,1,3:17,Q.Judkins left end to CLV 31 for -4 yards (T.Smith).,2,8,CLE 35,65,3,Tampa Bay Buccaneers,Cleveland Browns,6,3,66.7,33.3,87.0,114.0,201.0,152.0,33.0,185.0,game,Total,Over,,42.5,betfair,109,—,—,,9.0,,miss,,,,—,,
2026-09-20T19:22:51.890725+00:00,nfl,2026,2,401872935,401872935766,1,3:17,Q.Judkins left end to CLV 31 for -4 yards (T.Smith).,2,8,CLE 35,65,3,Tampa Bay Buccaneers,Cleveland Browns,6,3,66.7,33.3,87.0,114.0,201.0,152.0,33.0,185.0,game,Total,Under,,42.5,betfair,-130,—,—,,9.0,,hit,,,,—,,
2026-09-20T19:22:51.890725+00:00,nfl,2026,2,401872935,401872935766,1,3:17,Q.Judkins left end to CLV 31 for -4 yards (T.Smith).,2,8,CLE 35,65,3,Tampa Bay Buccaneers,Cleveland Browns,6,3,66.7,33.3,87.0,114.0,201.0,152.0,33.0,185.0,game,ML,Tampa Bay Buccaneers,,,polymarket,-195,—,—,,Win,,hit,,,,—,,
2026-09-20T19:22:51.890725+00:00,nfl,2026,2,401872935,401872935788,1,2:40,(Shotgun) D.Watson pass incomplete short middle to H.Fannin.,3,12,CLE 31,69,3,Tampa Bay Buccaneers,Cleveland Browns,6,3,66.7,33.3,87.0,114.0,201.0,152.0,33.0,185.0,game,Spread,Cleveland Browns,,8.5,polymarketus,-1012,—,—,,+3,,hit,,,,—,,
2026-09-20T19:22:51.890725+00:00,nfl,2026,2,401872935,401872935788,1,2:40,(Shotgun) D.Watson pass incomplete short middle to H.Fannin.,3,12,CLE 31,69,3,Tampa Bay Buccaneers,Cleveland Browns,6,3,66.7,33.3,87.0,114.0,201.0,152.0,33.0,185.0,game,Spread,Tampa Bay Buccaneers,,-8.5,polymarket,733,—,—,,+3,,miss,,,,—,,
2026-09-20T19:22:51.890725+00:00,nfl,2026,2,401872935,401872935788,1,2:40,(Shotgun) D.Watson pass incomplete short middle to H.Fannin.,3,12,CLE 31,69,3,Tampa Bay Buccaneers,Cleveland Browns,6,3,66.7,33.3,87.0,114.0,201.0,152.0,33.0,185.0,game,Total,Over,,42.5,betfair,109,—,—,,9.0,,miss,,,,—,,
2026-09-20T19:22:51.890725+00:00,nfl,2026,2,401872935,401872935788,1,2:40,(Shotgun) D.Watson pass incomplete short middle to H.Fannin.,3,12,CLE 31,69,3,Tampa Bay Buccaneers,Cleveland Browns,6,3,66.7,33.3,87.0,114.0,201.0,152.0,33.0,185.0,game,Total,Under,,42.5,betfair,-130,—,—,,9.0,,hit,,,,—,,
2026-09-20T19:22:51.890725+00:00,nfl,2026,2,401872935,401872935788,1,2:40,(Shotgun) D.Watson pass incomplete short middle to H.Fannin.,3,12,CLE 31,69,3,Tampa Bay Buccaneers,Cleveland Browns,6,3,66.7,33.3,87.0,114.0,201.0,152.0,33.0,185.0,game,ML,Tampa Bay Buccaneers,,,polymarket,-195,—,—,,Win,,hit,,,,—,,
2026-09-20T19:22:51.890725+00:00,nfl,2026,2,401872935,401872935823,1,2:34,"C.Bojorquez punts 52 yards to TB 17, Center-R.Sunahara, out of bounds.",4,12,CLE 31,69,3,Tampa Bay Buccaneers,Cleveland Browns,6,3,66.7,33.3,87.0,114.0,201.0,152.0,33.0,185.0,game,Spread,Cleveland Browns,,8.5,polymarketus,-1012,—,—,,+3,,hit,,,,—,,
2026-09-20T19:22:51.890725+00:00,nfl,2026,2,401872935,401872935823,1,2:34,"C.Bojorquez punts 52 yards to TB 17, Center-R.Sunahara, out of bounds.",4,12,CLE 31,69,3,Tampa Bay Buccaneers,Cleveland Browns,6,3,66.7,33.3,87.0,114.0,201.0,152.0,33.0,185.0,game,Spread,Tampa Bay Buccaneers,,-8.5,polymarket,733,—,—,,+3,,miss,,,,—,,
2026-09-20T19:22:51.890725+00:00,nfl,2026,2,401872935,401872935823,1,2:34,"C.Bojorquez punts 52 yards to TB 17, Center-R.Sunahara, out of bounds.",4,12,CLE 31,69,3,Tampa Bay Buccaneers,Cleveland Browns,6,3,66.7,33.3,87.0,114.0,201.0,152.0,33.0,185.0,game,Total,Over,,42.5,betfair,109,—,—,,9.0,,miss,,,,—,,
2026-09-20T19:22:51.890725+00:00,nfl,2026,2,401872935,401872935823,1,2:34,"C.Bojorquez punts 52 yards to TB 17, Center-R.Sunahara, out of bounds.",4,12,CLE 31,69,3,Tampa Bay Buccaneers,Cleveland Browns,6,3,66.7,33.3,87.0,114.0,201.0,152.0,33.0,185.0,game,Total,Under,,42.5,betfair,-130,—,—,,9.0,,hit,,,,—,,
2026-09-20T19:22:51.890725+00:00,nfl,2026,2,401872935,401872935823,1,2:34,"C.Bojorquez punts 52 yards to TB 17, Center-R.Sunahara, out of bounds.",4,12,CLE 31,69,3,Tampa Bay Buccaneers,Cleveland Browns,6,3,66.7,33.3,87.0,114.0,201.0,152.0,33.0,185.0,game,ML,Tampa Bay Buccaneers,,,polymarket,-195,—,—,,Win,,hit,,,,—,,
2026-09-20T19:22:51.890725+00:00,nfl,2026,2,401872935,401872935833,1,2:28,Official Timeout at 02:28.,1,10,TB 18,18,3,Tampa Bay Buccaneers,Cleveland Browns,6,3,66.7,33.3,87.0,114.0,201.0,152.0,33.0,185.0,game,Spread,Cleveland Browns,,8.5,polymarketus,-1012,—,—,,+3,,hit,,,,—,,
2026-09-20T19:22:51.890725+00:00,nfl,2026,2,401872935,401872935833,1,2:28,Official Timeout at 02:28.,1,10,TB 18,18,3,Tampa Bay Buccaneers,Cleveland Browns,6,3,66.7,33.3,87.0,114.0,201.0,152.0,33.0,185.0,game,Spread,Tampa Bay Buccaneers,,-8.5,polymarket,733,—,—,,+3,,miss,,,,—,,
2026-09-20T19:22:51.890725+00:00,nfl,2026,2,401872935,401872935833,1,2:28,Official Timeout at 02:28.,1,10,TB 18,18,3,Tampa Bay Buccaneers,Cleveland Browns,6,3,66.7,33.3,87.0,114.0,201.0,152.0,33.0,185.0,game,Total,Over,,42.5,betfair,109,—,—,,9.0,,miss,,,,—,,
2026-09-20T19:22:51.890725+00:00,nfl,2026,2,401872935,401872935833,1,2:28,Official Timeout at 02:28.,1,10,TB 18,18,3,Tampa Bay Buccaneers,Cleveland Browns,6,3,66.7,33.3,87.0,114.0,201.0,152.0,33.0,185.0,game,Total,Under,,42.5,betfair,-130,—,—,,9.0,,hit,,,,—,,
2026-09-20T19:22:51.890725+00:00,nfl,2026,2,401872935,401872935833,1,2:28,Official Timeout at 02:28.,1,10,TB 18,18,3,Tampa Bay Buccaneers,Cleveland Browns,6,3,66.7,33.3,87.0,114.0,201.0,152.0,33.0,185.0,game,ML,Tampa Bay Buccaneers,,,polymarket,-195,—,—,,Win,,hit,,,,—,,
2026-09-20T19:22:51.890725+00:00,nfl,2026,2,401872935,401872935842,1,2:28,B.Mayfield sacked at TB 17 for 0 yards (G.Delpit).,1,10,TB 17,17,3,Tampa Bay Buccaneers,Cleveland Browns,6,3,66.7,33.3,87.0,114.0,201.0,152.0,33.0,185.0,game,Spread,Cleveland Browns,,8.5,polymarketus,-1012,—,—,,+3,,hit,,,,—,,
2026-09-20T19:22:51.890725+00:00,nfl,2026,2,401872935,401872935842,1,2:28,B.Mayfield sacked at TB 17 for 0 yards (G.Delpit).,1,10,TB 17,17,3,Tampa Bay Buccaneers,Cleveland Browns,6,3,66.7,33.3,87.0,114.0,201.0,152.0,33.0,185.0,game,Spread,Tampa Bay Buccaneers,,-8.5,polymarket,733,—,—,,+3,,miss,,,,—,,
2026-09-20T19:22:51.890725+00:00,nfl,2026,2,401872935,401872935842,1,2:28,B.Mayfield sacked at TB 17 for 0 yards (G.Delpit).,1,10,TB 17,17,3,Tampa Bay Buccaneers,Cleveland Browns,6,3,66.7,33.3,87.0,114.0,201.0,152.0,33.0,185.0,game,Total,Over,,42.5,betfair,109,—,—,,9.0,,miss,,,,—,,
2026-09-20T19:22:51.890725+00:00,nfl,2026,2,401872935,401872935842,1,2:28,B.Mayfield sacked at TB 17 for 0 yards (G.Delpit).,1,10,TB 17,17,3,Tampa Bay Buccaneers,Cleveland Browns,6,3,66.7,33.3,87.0,114.0,201.0,152.0,33.0,185.0,game,Total,Under,,42.5,betfair,-130,—,—,,9.0,,hit,,,,—,,
2026-09-20T19:22:51.890725+00:00,nfl,2026,2,401872935,401872935842,1,2:28,B.Mayfield sacked at TB 17 for 0 yards (G.Delpit).,1,10,TB 17,17,3,Tampa Bay Buccaneers,Cleveland Browns,6,3,66.7,33.3,87.0,114.0,201.0,152.0,33.0,185.0,game,ML,Tampa Bay Buccaneers,,,polymarket,-195,—,—,,Win,,hit,,,,—,,
2026-09-20T19:22:51.890725+00:00,nfl,2026,2,401872935,401872935888,1,1:53,(Shotgun) B.Mayfield pass incomplete deep right to C.Otton [M.Graham].,2,10,TB 17,17,3,Tampa Bay Buccaneers,Cleveland Browns,6,3,66.7,33.3,87.0,114.0,201.0,152.0,33.0,185.0,game,Spread,Cleveland Browns,,8.5,polymarketus,-1012,—,—,,+3,,hit,,,,—,,
2026-09-20T19:22:51.890725+00:00,nfl,2026,2,401872935,401872935888,1,1:53,(Shotgun) B.Mayfield pass incomplete deep right to C.Otton [M.Graham].,2,10,TB 17,17,3,Tampa Bay Buccaneers,Cleveland Browns,6,3,66.7,33.3,87.0,114.0,201.0,152.0,33.0,185.0,game,Spread,Tampa Bay Buccaneers,,-8.5,polymarket,733,—,—,,+3,,miss,,,,—,,
2026-09-20T19:22:51.890725+00:00,nfl,2026,2,401872935,401872935888,1,1:53,(Shotgun) B.Mayfield pass incomplete deep right to C.Otton [M.Graham].,2,10,TB 17,17,3,Tampa Bay Buccaneers,Cleveland Browns,6,3,66.7,33.3,87.0,114.0,201.0,152.0,33.0,185.0,game,Total,Over,,42.5,betfair,109,—,—,,9.0,,miss,,,,—,,
2026-09-20T19:22:51.890725+00:00,nfl,2026,2,401872935,401872935888,1,1:53,(Shotgun) B.Mayfield pass incomplete deep right to C.Otton [M.Graham].,2,10,TB 17,17,3,Tampa Bay Buccaneers,Cleveland Browns,6,3,66.7,33.3,87.0,114.0,201.0,152.0,33.0,185.0,game,Total,Under,,42.5,betfair,-130,—,—,,9.0,,hit,,,,—,,
2026-09-20T19:22:51.890725+00:00,nfl,2026,2,401872935,401872935888,1,1:53,(Shotgun) B.Mayfield pass incomplete deep right to C.Otton [M.Graham].,2,10,TB 17,17,3,Tampa Bay Buccaneers,Cleveland Browns,6,3,66.7,33.3,87.0,114.0,201.0,152.0,33.0,185.0,game,ML,Tampa Bay Buccaneers,,,polymarket,-195,—,—,,Win,,hit,,,,—,,
2026-09-20T19:22:51.890725+00:00,nfl,2026,2,401872935,401872935911,1,1:48,"(Shotgun) B.Mayfield scrambles right end to TB 31 for 14 yards (M.Harden).PENALTY on CLV-D.Ward, Defensive Holding, 5 yards, enforced at TB 31.",3,10,TB 17,17,3,Tampa Bay Buccaneers,Cleveland Browns,6,3,66.7,33.3,87.0,114.0,201.0,152.0,33.0,185.0,game,Spread,Cleveland Browns,,8.5,polymarketus,-1012,—,—,,+3,,hit,,,,—,,
2026-09-20T19:22:51.890725+00:00,nfl,2026,2,401872935,401872935911,1,1:48,"(Shotgun) B.Mayfield scrambles right end to TB 31 for 14 yards (M.Harden).PENALTY on CLV-D.Ward, Defensive Holding, 5 yards, enforced at TB 31.",3,10,TB 17,17,3,Tampa Bay Buccaneers,Cleveland Browns,6,3,66.7,33.3,87.0,114.0,201.0,152.0,33.0,185.0,game,Spread,Tampa Bay Buccaneers,,-8.5,polymarket,733,—,—,,+3,,miss,,,,—,,
2026-09-20T19:22:51.890725+00:00,nfl,2026,2,401872935,401872935911,1,1:48,"(Shotgun) B.Mayfield scrambles right end to TB 31 for 14 yards (M.Harden).PENALTY on CLV-D.Ward, Defensive Holding, 5 yards, enforced at TB 31.",3,10,TB 17,17,3,Tampa Bay Buccaneers,Cleveland Browns,6,3,66.7,33.3,87.0,114.0,201.0,152.0,33.0,185.0,game,Total,Over,,42.5,betfair,109,—,—,,9.0,,miss,,,,—,,
2026-09-20T19:22:51.890725+00:00,nfl,2026,2,401872935,401872935911,1,1:48,"(Shotgun) B.Mayfield scrambles right end to TB 31 for 14 yards (M.Harden).PENALTY on CLV-D.Ward, Defensive Holding, 5 yards, enforced at TB 31.",3,10,TB 17,17,3,Tampa Bay Buccaneers,Cleveland Browns,6,3,66.7,33.3,87.0,114.0,201.0,152.0,33.0,185.0,game,Total,Under,,42.5,betfair,-130,—,—,,9.0,,hit,,,,—,,
2026-09-20T19:22:51.890725+00:00,nfl,2026,2,401872935,401872935911,1,1:48,"(Shotgun) B.Mayfield scrambles right end to TB 31 for 14 yards (M.Harden).PENALTY on CLV-D.Ward, Defensive Holding, 5 yards, enforced at TB 31.",3,10,TB 17,17,3,Tampa Bay Buccaneers,Cleveland Browns,6,3,66.7,33.3,87.0,114.0,201.0,152.0,33.0,185.0,game,ML,Tampa Bay Buccaneers,,,polymarket,-195,—,—,,Win,,hit,,,,—,,
2026-09-20T19:22:51.890725+00:00,nfl,2026,2,401872935,401872935944,1,1:19,B.Mayfield pass deep left intended for T.Hurst INTERCEPTED by M.Harden at CLV 47. M.Harden to TB 28 for 25 yards (T.Hurst).,1,10,TB 36,36,3,Tampa Bay Buccaneers,Cleveland Browns,6,3,66.7,33.3,87.0,114.0,201.0,152.0,33.0,185.0,game,Spread,Cleveland Browns,,8.5,polymarketus,-1012,—,—,,+3,,hit,,,,—,,
2026-09-20T19:22:51.890725+00:00,nfl,2026,2,401872935,401872935944,1,1:19,B.Mayfield pass deep left intended for T.Hurst INTERCEPTED by M.Harden at CLV 47. M.Harden to TB 28 for 25 yards (T.Hurst).,1,10,TB 36,36,3,Tampa Bay Buccaneers,Cleveland Browns,6,3,66.7,33.3,87.0,114.0,201.0,152.0,33.0,185.0,game,Spread,Tampa Bay Buccaneers,,-8.5,polymarket,733,—,—,,+3,,miss,,,,—,,
2026-09-20T19:22:51.890725+00:00,nfl,2026,2,401872935,401872935944,1,1:19,B.Mayfield pass deep left intended for T.Hurst INTERCEPTED by M.Harden at CLV 47. M.Harden to TB 28 for 25 yards (T.Hurst).,1,10,TB 36,36,3,Tampa Bay Buccaneers,Cleveland Browns,6,3,66.7,33.3,87.0,114.0,201.0,152.0,33.0,185.0,game,Total,Over,,42.5,betfair,109,—,—,,9.0,,miss,,,,—,,
2026-09-20T19:22:51.890725+00:00,nfl,2026,2,401872935,401872935944,1,1:19,B.Mayfield pass deep left intended for T.Hurst INTERCEPTED by M.Harden at CLV 47. M.Harden to TB 28 for 25 yards (T.Hurst).,1,10,TB 36,36,3,Tampa Bay Buccaneers,Cleveland Browns,6,3,66.7,33.3,87.0,114.0,201.0,152.0,33.0,185.0,game,Total,Under,,42.5,betfair,-130,—,—,,9.0,,hit,,,,—,,
2026-09-20T19:22:51.890725+00:00,nfl,2026,2,401872935,401872935944,1,1:19,B.Mayfield pass deep left intended for T.Hurst INTERCEPTED by M.Harden at CLV 47. M.Harden to TB 28 for 25 yards (T.Hurst).,1,10,TB 36,36,3,Tampa Bay Buccaneers,Cleveland Browns,6,3,66.7,33.3,87.0,114.0,201.0,152.0,33.0,185.0,game,ML,Tampa Bay Buccaneers,,,polymarket,-195,—,—,,Win,,hit,,,,—,,
2026-09-20T19:22:51.890725+00:00,nfl,2026,2,401872935,401872935971,1,1:09,"(Shotgun) D.Watson pass short left to Q.Judkins pushed ob at TB 24 for 4 yards (B.Morrison).PENALTY on TB-A.Anzalone, Unnecessary Roughness, 12 yards, enforced at TB 24.",1,10,TB 28,28,3,Tampa Bay Buccaneers,Cleveland Browns,6,3,66.7,33.3,87.0,114.0,201.0,152.0,33.0,185.0,game,Spread,Cleveland Browns,,8.5,polymarketus,-1012,—,—,,+3,,hit,,,,—,,
2026-09-20T19:22:51.890725+00:00,nfl,2026,2,401872935,401872935971,1,1:09,"(Shotgun) D.Watson pass short left to Q.Judkins pushed ob at TB 24 for 4 yards (B.Morrison).PENALTY on TB-A.Anzalone, Unnecessary Roughness, 12 yards, enforced at TB 24.",1,10,TB 28,28,3,Tampa Bay Buccaneers,Cleveland Browns,6,3,66.7,33.3,87.0,114.0,201.0,152.0,33.0,185.0,game,Spread,Tampa Bay Buccaneers,,-8.5,polymarket,733,—,—,,+3,,miss,,,,—,,
2026-09-20T19:22:51.890725+00:00,nfl,2026,2,401872935,401872935971,1,1:09,"(Shotgun) D.Watson pass short left to Q.Judkins pushed ob at TB 24 for 4 yards (B.Morrison).PENALTY on TB-A.Anzalone, Unnecessary Roughness, 12 yards, enforced at TB 24.",1,10,TB 28,28,3,Tampa Bay Buccaneers,Cleveland Browns,6,3,66.7,33.3,87.0,114.0,201.0,152.0,33.0,185.0,game,Total,Over,,42.5,betfair,109,—,—,,9.0,,miss,,,,—,,
2026-09-20T19:22:51.890725+00:00,nfl,2026,2,401872935,401872935971,1,1:09,"(Shotgun) D.Watson pass short left to Q.Judkins pushed ob at TB 24 for 4 yards (B.Morrison).PENALTY on TB-A.Anzalone, Unnecessary Roughness, 12 yards, enforced at TB 24.",1,10,TB 28,28,3,Tampa Bay Buccaneers,Cleveland Browns,6,3,66.7,33.3,87.0,114.0,201.0,152.0,33.0,185.0,game,Total,Under,,42.5,betfair,-130,—,—,,9.0,,hit,,,,—,,
2026-09-20T19:22:51.890725+00:00,nfl,2026,2,401872935,401872935971,1,1:09,"(Shotgun) D.Watson pass short left to Q.Judkins pushed ob at TB 24 for 4 yards (B.Morrison).PENALTY on TB-A.Anzalone, Unnecessary Roughness, 12 yards, enforced at TB 24.",1,10,TB 28,28,3,Tampa Bay Buccaneers,Cleveland Browns,6,3,66.7,33.3,87.0,114.0,201.0,152.0,33.0,185.0,game,ML,Tampa Bay Buccaneers,,,polymarket,-195,—,—,,Win,,hit,,,,—,,
2026-09-20T19:22:51.890725+00:00,nfl,2026,2,401872935,4018729351012,1,0:57,"Q.Judkins left tackle to TB 6 for 6 yards (A.Anzalone).PENALTY on CLV-A.Barber, Offensive Holding, 10 yards, enforced at TB 11.",1,10,TB 12,12,3,Tampa Bay Buccaneers,Cleveland Browns,6,3,66.7,33.3,87.0,114.0,201.0,152.0,33.0,185.0,game,Spread,Cleveland Browns,,8.5,polymarketus,-1012,—,—,,+3,,hit,,,,—,,
2026-09-20T19:22:51.890725+00:00,nfl,2026,2,401872935,4018729351012,1,0:57,"Q.Judkins left tackle to TB 6 for 6 yards (A.Anzalone).PENALTY on CLV-A.Barber, Offensive Holding, 10 yards, enforced at TB 11.",1,10,TB 12,12,3,Tampa Bay Buccaneers,Cleveland Browns,6,3,66.7,33.3,87.0,114.0,201.0,152.0,33.0,185.0,game,Spread,Tampa Bay Buccaneers,,-8.5,polymarket,733,—,—,,+3,,miss,,,,—,,
2026-09-20T19:22:51.890725+00:00,nfl,2026,2,401872935,4018729351012,1,0:57,"Q.Judkins left tackle to TB 6 for 6 yards (A.Anzalone).PENALTY on CLV-A.Barber, Offensive Holding, 10 yards, enforced at TB 11.",1,10,TB 12,12,3,Tampa Bay Buccaneers,Cleveland Browns,6,3,66.7,33.3,87.0,114.0,201.0,152.0,33.0,185.0,game,Total,Over,,42.5,betfair,109,—,—,,9.0,,miss,,,,—,,
2026-09-20T19:22:51.890725+00:00,nfl,2026,2,401872935,4018729351012,1,0:57,"Q.Judkins left tackle to TB 6 for 6 yards (A.Anzalone).PENALTY on CLV-A.Barber, Offensive Holding, 10 yards, enforced at TB 11.",1,10,TB 12,12,3,Tampa Bay Buccaneers,Cleveland Browns,6,3,66.7,33.3,87.0,114.0,201.0,152.0,33.0,185.0,game,Total,Under,,42.5,betfair,-130,—,—,,9.0,,hit,,,,—,,
2026-09-20T19:22:51.890725+00:00,nfl,2026,2,401872935,4018729351012,1,0:57,"Q.Judkins left tackle to TB 6 for 6 yards (A.Anzalone).PENALTY on CLV-A.Barber, Offensive Holding, 10 yards, enforced at TB 11.",1,10,TB 12,12,3,Tampa Bay Buccaneers,Cleveland Browns,6,3,66.7,33.3,87.0,114.0,201.0,152.0,33.0,185.0,game,ML,Tampa Bay Buccaneers,,,polymarket,-195,—,—,,Win,,hit,,,,—,,
2026-09-20T19:22:51.890725+00:00,nfl,2026,2,401872935,4018729351045,1,0:38,D.Watson pass incomplete short right to D.Boston.,1,19,TB 21,21,3,Tampa Bay Buccaneers,Cleveland Browns,6,3,66.7,33.3,87.0,114.0,201.0,152.0,33.0,185.0,game,Spread,Cleveland Browns,,8.5,polymarketus,-1012,—,—,,+3,,hit,,,,—,,
2026-09-20T19:22:51.890725+00:00,nfl,2026,2,401872935,4018729351045,1,0:38,D.Watson pass incomplete short right to D.Boston.,1,19,TB 21,21,3,Tampa Bay Buccaneers,Cleveland Browns,6,3,66.7,33.3,87.0,114.0,201.0,152.0,33.0,185.0,game,Spread,Tampa Bay Buccaneers,,-8.5,polymarket,733,—,—,,+3,,miss,,,,—,,
2026-09-20T19:22:51.890725+00:00,nfl,2026,2,401872935,4018729351045,1,0:38,D.Watson pass incomplete short right to D.Boston.,1,19,TB 21,21,3,Tampa Bay Buccaneers,Cleveland Browns,6,3,66.7,33.3,87.0,114.0,201.0,152.0,33.0,185.0,game,Total,Over,,42.5,betfair,109,—,—,,9.0,,miss,,,,—,,
2026-09-20T19:22:51.890725+00:00,nfl,2026,2,401872935,4018729351045,1,0:38,D.Watson pass incomplete short right to D.Boston.,1,19,TB 21,21,3,Tampa Bay Buccaneers,Cleveland Browns,6,3,66.7,33.3,87.0,114.0,201.0,152.0,33.0,185.0,game,Total,Under,,42.5,betfair,-130,—,—,,9.0,,hit,,,,—,,
2026-09-20T19:22:51.890725+00:00,nfl,2026,2,401872935,4018729351045,1,0:38,D.Watson pass incomplete short right to D.Boston.,1,19,TB 21,21,3,Tampa Bay Buccaneers,Cleveland Browns,6,3,66.7,33.3,87.0,114.0,201.0,152.0,33.0,185.0,game,ML,Tampa Bay Buccaneers,,,polymarket,-195,—,—,,Win,,hit,,,,—,,
2026-09-20T19:22:51.890725+00:00,nfl,2026,2,401872935,4018729351068,1,0:34,(Shotgun) D.Watson pass short left to D.Boston to TB 13 for 8 yards (A.Anzalone; B.Morrison).,2,19,TB 21,21,3,Tampa Bay Buccaneers,Cleveland Browns,6,3,66.7,33.3,87.0,114.0,201.0,152.0,33.0,185.0,game,Spread,Cleveland Browns,,8.5,polymarketus,-1012,—,—,,+3,,hit,,,,—,,
2026-09-20T19:22:51.890725+00:00,nfl,2026,2,401872935,4018729351068,1,0:34,(Shotgun) D.Watson pass short left to D.Boston to TB 13 for 8 yards (A.Anzalone; B.Morrison).,2,19,TB 21,21,3,Tampa Bay Buccaneers,Cleveland Browns,6,3,66.7,33.3,87.0,114.0,201.0,152.0,33.0,185.0,game,Spread,Tampa Bay Buccaneers,,-8.5,polymarket,733,—,—,,+3,,miss,,,,—,,
2026-09-20T19:22:51.890725+00:00,nfl,2026,2,401872935,4018729351068,1,0:34,(Shotgun) D.Watson pass short left to D.Boston to TB 13 for 8 yards (A.Anzalone; B.Morrison).,2,19,TB 21,21,3,Tampa Bay Buccaneers,Cleveland Browns,6,3,66.7,33.3,87.0,114.0,201.0,152.0,33.0,185.0,game,Total,Over,,42.5,betfair,109,—,—,,9.0,,miss,,,,—,,
2026-09-20T19:22:51.890725+00:00,nfl,2026,2,401872935,4018729351068,1,0:34,(Shotgun) D.Watson pass short left to D.Boston to TB 13 for 8 yards (A.Anzalone; B.Morrison).,2,19,TB 21,21,3,Tampa Bay Buccaneers,Cleveland Browns,6,3,66.7,33.3,87.0,114.0,201.0,152.0,33.0,185.0,game,Total,Under,,42.5,betfair,-130,—,—,,9.0,,hit,,,,—,,
2026-09-20T19:22:51.890725+00:00,nfl,2026,2,401872935,4018729351068,1,0:34,(Shotgun) D.Watson pass short left to D.Boston to TB 13 for 8 yards (A.Anzalone; B.Morrison).,2,19,TB 21,21,3,Tampa Bay Buccaneers,Cleveland Browns,6,3,66.7,33.3,87.0,114.0,201.0,152.0,33.0,185.0,game,ML,Tampa Bay Buccaneers,,,polymarket,-195,—,—,,Win,,hit,,,,—,,
2026-09-20T19:22:51.890725+00:00,nfl,2026,2,401872935,4018729351093,1,0:00,END QUARTER 1,3,11,,13,3,Tampa Bay Buccaneers,Cleveland Browns,6,3,66.7,33.3,87.0,114.0,201.0,152.0,33.0,185.0,game,Spread,Cleveland Browns,,8.5,polymarketus,-1012,—,—,,+3,,hit,,,,—,,
2026-09-20T19:22:51.890725+00:00,nfl,2026,2,401872935,4018729351093,1,0:00,END QUARTER 1,3,11,,13,3,Tampa Bay Buccaneers,Cleveland Browns,6,3,66.7,33.3,87.0,114.0,201.0,152.0,33.0,185.0,game,Spread,Tampa Bay Buccaneers,,-8.5,polymarket,733,—,—,,+3,,miss,,,,—,,
2026-09-20T19:22:51.890725+00:00,nfl,2026,2,401872935,4018729351093,1,0:00,END QUARTER 1,3,11,,13,3,Tampa Bay Buccaneers,Cleveland Browns,6,3,66.7,33.3,87.0,114.0,201.0,152.0,33.0,185.0,game,Total,Over,,42.5,betfair,109,—,—,,9.0,,miss,,,,—,,
2026-09-20T19:22:51.890725+00:00,nfl,2026,2,401872935,4018729351093,1,0:00,END QUARTER 1,3,11,,13,3,Tampa Bay Buccaneers,Cleveland Browns,6,3,66.7,33.3,87.0,114.0,201.0,152.0,33.0,185.0,game,Total,Under,,42.5,betfair,-130,—,—,,9.0,,hit,,,,—,,
2026-09-20T19:22:51.890725+00:00,nfl,2026,2,401872935,4018729351093,1,0:00,END QUARTER 1,3,11,,13,3,Tampa Bay Buccaneers,Cleveland Browns,6,3,66.7,33.3,87.0,114.0,201.0,152.0,33.0,185.0,game,ML,Tampa Bay Buccaneers,,,polymarket,-195,—,—,,Win,,hit,,,,—,,
2026-09-20T19:22:51.890725+00:00,nfl,2026,2,401872935,4018729351113,2,15:00,(Shotgun) D.Watson sacked at TB 21 for -8 yards (D.Walker).,3,11,TB 13,13,3,Tampa Bay Buccaneers,Cleveland Browns,6,3,66.7,33.3,87.0,114.0,201.0,152.0,33.0,185.0,game,Spread,Cleveland Browns,,8.5,polymarketus,-1012,—,—,,+3,,hit,,,,—,,
2026-09-20T19:22:51.890725+00:00,nfl,2026,2,401872935,4018729351113,2,15:00,(Shotgun) D.Watson sacked at TB 21 for -8 yards (D.Walker).,3,11,TB 13,13,3,Tampa Bay Buccaneers,Cleveland Browns,6,3,66.7,33.3,87.0,114.0,201.0,152.0,33.0,185.0,game,Spread,Tampa Bay Buccaneers,,-8.5,polymarket,733,—,—,,+3,,miss,,,,—,,
2026-09-20T19:22:51.890725+00:00,nfl,2026,2,401872935,4018729351113,2,15:00,(Shotgun) D.Watson sacked at TB 21 for -8 yards (D.Walker).,3,11,TB 13,13,3,Tampa Bay Buccaneers,Cleveland Browns,6,3,66.7,33.3,87.0,114.0,201.0,152.0,33.0,185.0,game,Total,Over,,42.5,betfair,109,—,—,,9.0,,miss,,,,—,,
2026-09-20T19:22:51.890725+00:00,nfl,2026,2,401872935,4018729351113,2,15:00,(Shotgun) D.Watson sacked at TB 21 for -8 yards (D.Walker).,3,11,TB 13,13,3,Tampa Bay Buccaneers,Cleveland Browns,6,3,66.7,33.3,87.0,114.0,201.0,152.0,33.0,185.0,game,Total,Under,,42.5,betfair,-130,—,—,,9.0,,hit,,,,—,,
2026-09-20T19:22:51.890725+00:00,nfl,2026,2,401872935,4018729351113,2,15:00,(Shotgun) D.Watson sacked at TB 21 for -8 yards (D.Walker).,3,11,TB 13,13,3,Tampa Bay Buccaneers,Cleveland Browns,6,3,66.7,33.3,87.0,114.0,201.0,152.0,33.0,185.0,game,ML,Tampa Bay Buccaneers,,,polymarket,-195,—,—,,Win,,hit,,,,—,,
2026-09-20T19:22:51.890725+00:00,nfl,2026,2,401872935,4018729351133,2,14:18,"(Field Goal formation) PENALTY on TB-C.Kancey, Encroachment, 5 yards, enforced at TB 21 - No Play.",4,19,TB 21,21,3,Tampa Bay Buccaneers,Cleveland Browns,6,3,66.7,33.3,87.0,114.0,201.0,152.0,33.0,185.0,game,Spread,Cleveland Browns,,8.5,polymarketus,-1012,—,—,,+3,,hit,,,,—,,
2026-09-20T19:22:51.890725+00:00,nfl,2026,2,401872935,4018729351133,2,14:18,"(Field Goal formation) PENALTY on TB-C.Kancey, Encroachment, 5 yards, enforced at TB 21 - No Play.",4,19,TB 21,21,3,Tampa Bay Buccaneers,Cleveland Browns,6,3,66.7,33.3,87.0,114.0,201.0,152.0,33.0,185.0,game,Spread,Tampa Bay Buccaneers,,-8.5,polymarket,733,—,—,,+3,,miss,,,,—,,
2026-09-20T19:22:51.890725+00:00,nfl,2026,2,401872935,4018729351133,2,14:18,"(Field Goal formation) PENALTY on TB-C.Kancey, Encroachment, 5 yards, enforced at TB 21 - No Play.",4,19,TB 21,21,3,Tampa Bay Buccaneers,Cleveland Browns,6,3,66.7,33.3,87.0,114.0,201.0,152.0,33.0,185.0,game,Total,Over,,42.5,betfair,109,—,—,,9.0,,miss,,,,—,,
2026-09-20T19:22:51.890725+00:00,nfl,2026,2,401872935,4018729351133,2,14:18,"(Field Goal formation) PENALTY on TB-C.Kancey, Encroachment, 5 yards, enforced at TB 21 - No Play.",4,19,TB 21,21,3,Tampa Bay Buccaneers,Cleveland Browns,6,3,66.7,33.3,87.0,114.0,201.0,152.0,33.0,185.0,game,Total,Under,,42.5,betfair,-130,—,—,,9.0,,hit,,,,—,,
2026-09-20T19:22:51.890725+00:00,nfl,2026,2,401872935,4018729351133,2,14:18,"(Field Goal formation) PENALTY on TB-C.Kancey, Encroachment, 5 yards, enforced at TB 21 - No Play.",4,19,TB 21,21,3,Tampa Bay Buccaneers,Cleveland Browns,6,3,66.7,33.3,87.0,114.0,201.0,152.0,33.0,185.0,game,ML,Tampa Bay Buccaneers,,,polymarket,-195,—,—,,Win,,hit,,,,—,,
2026-09-20T19:22:51.890725+00:00,nfl,2026,2,401872935,4018729351157,2,13:59," A.Szmyt 34 yard field goal is GOOD, Center-R.Sunahara, Holder-C.Bojorquez.",4,14,TB 16,16,0,Tampa Bay Buccaneers,Cleveland Browns,6,6,66.7,33.3,87.0,114.0,201.0,152.0,33.0,185.0,game,Spread,Cleveland Browns,,8.5,polymarketus,-1012,—,—,,0,,hit,,,,—,,
2026-09-20T19:22:51.890725+00:00,nfl,2026,2,401872935,4018729351157,2,13:59," A.Szmyt 34 yard field goal is GOOD, Center-R.Sunahara, Holder-C.Bojorquez.",4,14,TB 16,16,0,Tampa Bay Buccaneers,Cleveland Browns,6,6,66.7,33.3,87.0,114.0,201.0,152.0,33.0,185.0,game,Spread,Tampa Bay Buccaneers,,-8.5,polymarket,733,—,—,,0,,miss,,,,—,,
2026-09-20T19:22:51.890725+00:00,nfl,2026,2,401872935,4018729351157,2,13:59," A.Szmyt 34 yard field goal is GOOD, Center-R.Sunahara, Holder-C.Bojorquez.",4,14,TB 16,16,0,Tampa Bay Buccaneers,Cleveland Browns,6,6,66.7,33.3,87.0,114.0,201.0,152.0,33.0,185.0,game,Total,Over,,42.5,betfair,109,—,—,,12.0,,miss,,,,—,,
2026-09-20T19:22:51.890725+00:00,nfl,2026,2,401872935,4018729351157,2,13:59," A.Szmyt 34 yard field goal is GOOD, Center-R.Sunahara, Holder-C.Bojorquez.",4,14,TB 16,16,0,Tampa Bay Buccaneers,Cleveland Browns,6,6,66.7,33.3,87.0,114.0,201.0,152.0,33.0,185.0,game,Total,Under,,42.5,betfair,-130,—,—,,12.0,,hit,,,,—,,
2026-09-20T19:22:51.890725+00:00,nfl,2026,2,401872935,4018729351157,2,13:59," A.Szmyt 34 yard field goal is GOOD, Center-R.Sunahara, Holder-C.Bojorquez.",4,14,TB 16,16,0,Tampa Bay Buccaneers,Cleveland Browns,6,6,66.7,33.3,87.0,114.0,201.0,152.0,33.0,185.0,game,ML,Tampa Bay Buccaneers,,,polymarket,-195,—,—,,Loss,,miss,,,,—,,
2026-09-20T19:22:51.890725+00:00,nfl,2026,2,401872935,4018729351177,2,13:59,A.Szmyt kicks 60 yards from CLV 35 to TB 5. K.Gainwell pushed ob at TB 29 for 24 yards (E.McNeil-Warren).,3,8,,65,0,Tampa Bay Buccaneers,Cleveland Browns,6,6,66.7,33.3,87.0,114.0,201.0,152.0,33.0,185.0,game,Spread,Cleveland Browns,,8.5,polymarketus,-1012,—,—,,0,,hit,,,,—,,
2026-09-20T19:22:51.890725+00:00,nfl,2026,2,401872935,4018729351177,2,13:59,A.Szmyt kicks 60 yards from CLV 35 to TB 5. K.Gainwell pushed ob at TB 29 for 24 yards (E.McNeil-Warren).,3,8,,65,0,Tampa Bay Buccaneers,Cleveland Browns,6,6,66.7,33.3,87.0,114.0,201.0,152.0,33.0,185.0,game,Spread,Tampa Bay Buccaneers,,-8.5,polymarket,733,—,—,,0,,miss,,,,—,,
2026-09-20T19:22:51.890725+00:00,nfl,2026,2,401872935,4018729351177,2,13:59,A.Szmyt kicks 60 yards from CLV 35 to TB 5. K.Gainwell pushed ob at TB 29 for 24 yards (E.McNeil-Warren).,3,8,,65,0,Tampa Bay Buccaneers,Cleveland Browns,6,6,66.7,33.3,87.0,114.0,201.0,152.0,33.0,185.0,game,Total,Over,,42.5,betfair,109,—,—,,12.0,,miss,,,,—,,
2026-09-20T19:22:51.890725+00:00,nfl,2026,2,401872935,4018729351177,2,13:59,A.Szmyt kicks 60 yards from CLV 35 to TB 5. K.Gainwell pushed ob at TB 29 for 24 yards (E.McNeil-Warren).,3,8,,65,0,Tampa Bay Buccaneers,Cleveland Browns,6,6,66.7,33.3,87.0,114.0,201.0,152.0,33.0,185.0,game,Total,Under,,42.5,betfair,-130,—,—,,12.0,,hit,,,,—,,
2026-09-20T19:22:51.890725+00:00,nfl,2026,2,401872935,4018729351177,2,13:59,A.Szmyt kicks 60 yards from CLV 35 to TB 5. K.Gainwell pushed ob at TB 29 for 24 yards (E.McNeil-Warren).,3,8,,65,0,Tampa Bay Buccaneers,Cleveland Browns,6,6,66.7,33.3,87.0,114.0,201.0,152.0,33.0,185.0,game,ML,Tampa Bay Buccaneers,,,polymarket,-195,—,—,,Loss,,miss,,,,—,,
2026-09-20T19:22:51.890725+00:00,nfl,2026,2,401872935,4018729351205,2,13:54,B.Irving left guard to TB 34 for 5 yards (R.Hickman; T.Campbell).,1,10,TB 29,29,0,Tampa Bay Buccaneers,Cleveland Browns,6,6,66.7,33.3,87.0,114.0,201.0,152.0,33.0,185.0,game,Spread,Cleveland Browns,,8.5,polymarketus,-1012,—,—,,0,,hit,,,,—,,
2026-09-20T19:22:51.890725+00:00,nfl,2026,2,401872935,4018729351205,2,13:54,B.Irving left guard to TB 34 for 5 yards (R.Hickman; T.Campbell).,1,10,TB 29,29,0,Tampa Bay Buccaneers,Cleveland Browns,6,6,66.7,33.3,87.0,114.0,201.0,152.0,33.0,185.0,game,Spread,Tampa Bay Buccaneers,,-8.5,polymarket,733,—,—,,0,,miss,,,,—,,
2026-09-20T19:22:51.890725+00:00,nfl,2026,2,401872935,4018729351205,2,13:54,B.Irving left guard to TB 34 for 5 yards (R.Hickman; T.Campbell).,1,10,TB 29,29,0,Tampa Bay Buccaneers,Cleveland Browns,6,6,66.7,33.3,87.0,114.0,201.0,152.0,33.0,185.0,game,Total,Over,,42.5,betfair,109,—,—,,12.0,,miss,,,,—,,
2026-09-20T19:22:51.890725+00:00,nfl,2026,2,401872935,4018729351205,2,13:54,B.Irving left guard to TB 34 for 5 yards (R.Hickman; T.Campbell).,1,10,TB 29,29,0,Tampa Bay Buccaneers,Cleveland Browns,6,6,66.7,33.3,87.0,114.0,201.0,152.0,33.0,185.0,game,Total,Under,,42.5,betfair,-130,—,—,,12.0,,hit,,,,—,,
2026-09-20T19:22:51.890725+00:00,nfl,2026,2,401872935,4018729351205,2,13:54,B.Irving left guard to TB 34 for 5 yards (R.Hickman; T.Campbell).,1,10,TB 29,29,0,Tampa Bay Buccaneers,Cleveland Browns,6,6,66.7,33.3,87.0,114.0,201.0,152.0,33.0,185.0,game,ML,Tampa Bay Buccaneers,,,polymarket,-195,—,—,,Loss,,miss,,,,—,,
2026-09-20T19:22:51.890725+00:00,nfl,2026,2,401872935,4018729351227,2,13:30,(No Huddle) B.Mayfield pass short left to B.Irving to TB 31 for -3 yards (Q.Williams).,2,5,TB 34,34,0,Tampa Bay Buccaneers,Cleveland Browns,6,6,66.7,33.3,87.0,114.0,201.0,152.0,33.0,185.0,game,Spread,Cleveland Browns,,8.5,polymarketus,-1012,—,—,,0,,hit,,,,—,,
2026-09-20T19:22:51.890725+00:00,nfl,2026,2,401872935,4018729351227,2,13:30,(No Huddle) B.Mayfield pass short left to B.Irving to TB 31 for -3 yards (Q.Williams).,2,5,TB 34,34,0,Tampa Bay Buccaneers,Cleveland Browns,6,6,66.7,33.3,87.0,114.0,201.0,152.0,33.0,185.0,game,Spread,Tampa Bay Buccaneers,,-8.5,polymarket,733,—,—,,0,,miss,,,,—,,
2026-09-20T19:22:51.890725+00:00,nfl,2026,2,401872935,4018729351227,2,13:30,(No Huddle) B.Mayfield pass short left to B.Irving to TB 31 for -3 yards (Q.Williams).,2,5,TB 34,34,0,Tampa Bay Buccaneers,Cleveland Browns,6,6,66.7,33.3,87.0,114.0,201.0,152.0,33.0,185.0,game,Total,Over,,42.5,betfair,109,—,—,,12.0,,miss,,,,—,,
2026-09-20T19:22:51.890725+00:00,nfl,2026,2,401872935,4018729351227,2,13:30,(No Huddle) B.Mayfield pass short left to B.Irving to TB 31 for -3 yards (Q.Williams).,2,5,TB 34,34,0,Tampa Bay Buccaneers,Cleveland Browns,6,6,66.7,33.3,87.0,114.0,201.0,152.0,33.0,185.0,game,Total,Under,,42.5,betfair,-130,—,—,,12.0,,hit,,,,—,,
2026-09-20T19:22:51.890725+00:00,nfl,2026,2,401872935,4018729351227,2,13:30,(No Huddle) B.Mayfield pass short left to B.Irving to TB 31 for -3 yards (Q.Williams).,2,5,TB 34,34,0,Tampa Bay Buccaneers,Cleveland Browns,6,6,66.7,33.3,87.0,114.0,201.0,152.0,33.0,185.0,game,ML,Tampa Bay Buccaneers,,,polymarket,-195,—,—,,Loss,,miss,,,,—,,
2026-09-20T19:22:51.890725+00:00,nfl,2026,2,401872935,4018729351252,2,12:44,"(Shotgun) B.Mayfield pass short middle to C.Godwin to TB 40 for 9 yards (C.Schwesinger; R.Hickman).PENALTY on TB-B.Bredeson, Offensive Holding, 10 yards, enforced at TB 31 - No Play.",3,8,TB 31,31,0,Tampa Bay Buccaneers,Cleveland Browns,6,6,66.7,33.3,87.0,114.0,201.0,152.0,33.0,185.0,game,Spread,Cleveland Browns,,8.5,polymarketus,-1012,—,—,,0,,hit,,,,—,,
2026-09-20T19:22:51.890725+00:00,nfl,2026,2,401872935,4018729351252,2,12:44,"(Shotgun) B.Mayfield pass short middle to C.Godwin to TB 40 for 9 yards (C.Schwesinger; R.Hickman).PENALTY on TB-B.Bredeson, Offensive Holding, 10 yards, enforced at TB 31 - No Play.",3,8,TB 31,31,0,Tampa Bay Buccaneers,Cleveland Browns,6,6,66.7,33.3,87.0,114.0,201.0,152.0,33.0,185.0,game,Spread,Tampa Bay Buccaneers,,-8.5,polymarket,733,—,—,,0,,miss,,,,—,,
2026-09-20T19:22:51.890725+00:00,nfl,2026,2,401872935,4018729351252,2,12:44,"(Shotgun) B.Mayfield pass short middle to C.Godwin to TB 40 for 9 yards (C.Schwesinger; R.Hickman).PENALTY on TB-B.Bredeson, Offensive Holding, 10 yards, enforced at TB 31 - No Play.",3,8,TB 31,31,0,Tampa Bay Buccaneers,Cleveland Browns,6,6,66.7,33.3,87.0,114.0,201.0,152.0,33.0,185.0,game,Total,Over,,42.5,betfair,109,—,—,,12.0,,miss,,,,—,,
2026-09-20T19:22:51.890725+00:00,nfl,2026,2,401872935,4018729351252,2,12:44,"(Shotgun) B.Mayfield pass short middle to C.Godwin to TB 40 for 9 yards (C.Schwesinger; R.Hickman).PENALTY on TB-B.Bredeson, Offensive Holding, 10 yards, enforced at TB 31 - No Play.",3,8,TB 31,31,0,Tampa Bay Buccaneers,Cleveland Browns,6,6,66.7,33.3,87.0,114.0,201.0,152.0,33.0,185.0,game,Total,Under,,42.5,betfair,-130,—,—,,12.0,,hit,,,,—,,
2026-09-20T19:22:51.890725+00:00,nfl,2026,2,401872935,4018729351252,2,12:44,"(Shotgun) B.Mayfield pass short middle to C.Godwin to TB 40 for 9 yards (C.Schwesinger; R.Hickman).PENALTY on TB-B.Bredeson, Offensive Holding, 10 yards, enforced at TB 31 - No Play.",3,8,TB 31,31,0,Tampa Bay Buccaneers,Cleveland Browns,6,6,66.7,33.3,87.0,114.0,201.0,152.0,33.0,185.0,game,ML,Tampa Bay Buccaneers,,,polymarket,-195,—,—,,Loss,,miss,,,,—,,
2026-09-20T19:22:51.890725+00:00,nfl,2026,2,401872935,4018729351288,2,12:11,(Shotgun) B.Mayfield pass deep left to T.Hurst to TB 42 for 21 yards (T.Campbell).,3,18,TB 21,21,0,Tampa Bay Buccaneers,Cleveland Browns,6,6,66.7,33.3,87.0,114.0,201.0,152.0,33.0,185.0,game,Spread,Cleveland Browns,,8.5,polymarketus,-1012,—,—,,0,,hit,,,,—,,
2026-09-20T19:22:51.890725+00:00,nfl,2026,2,401872935,4018729351288,2,12:11,(Shotgun) B.Mayfield pass deep left to T.Hurst to TB 42 for 21 yards (T.Campbell).,3,18,TB 21,21,0,Tampa Bay Buccaneers,Cleveland Browns,6,6,66.7,33.3,87.0,114.0,201.0,152.0,33.0,185.0,game,Spread,Tampa Bay Buccaneers,,-8.5,polymarket,733,—,—,,0,,miss,,,,—,,
2026-09-20T19:22:51.890725+00:00,nfl,2026,2,401872935,4018729351288,2,12:11,(Shotgun) B.Mayfield pass deep left to T.Hurst to TB 42 for 21 yards (T.Campbell).,3,18,TB 21,21,0,Tampa Bay Buccaneers,Cleveland Browns,6,6,66.7,33.3,87.0,114.0,201.0,152.0,33.0,185.0,game,Total,Over,,42.5,betfair,109,—,—,,12.0,,miss,,,,—,,
2026-09-20T19:22:51.890725+00:00,nfl,2026,2,401872935,4018729351288,2,12:11,(Shotgun) B.Mayfield pass deep left to T.Hurst to TB 42 for 21 yards (T.Campbell).,3,18,TB 21,21,0,Tampa Bay Buccaneers,Cleveland Browns,6,6,66.7,33.3,87.0,114.0,201.0,152.0,33.0,185.0,game,Total,Under,,42.5,betfair,-130,—,—,,12.0,,hit,,,,—,,
2026-09-20T19:22:51.890725+00:00,nfl,2026,2,401872935,4018729351288,2,12:11,(Shotgun) B.Mayfield pass deep left to T.Hurst to TB 42 for 21 yards (T.Campbell).,3,18,TB 21,21,0,Tampa Bay Buccaneers,Cleveland Browns,6,6,66.7,33.3,87.0,114.0,201.0,152.0,33.0,185.0,game,ML,Tampa Bay Buccaneers,,,polymarket,-195,—,—,,Loss,,miss,,,,—,,
2026-09-20T19:22:51.890725+00:00,nfl,2026,2,401872935,4018729351313,2,11:25,(Shotgun) B.Irving left guard to TB 46 for 4 yards (S.Williams; C.Schwesinger).,1,10,TB 42,42,0,Tampa Bay Buccaneers,Cleveland Browns,6,6,66.7,33.3,87.0,114.0,201.0,152.0,33.0,185.0,game,Spread,Cleveland Browns,,8.5,polymarketus,-1012,—,—,,0,,hit,,,,—,,
2026-09-20T19:22:51.890725+00:00,nfl,2026,2,401872935,4018729351313,2,11:25,(Shotgun) B.Irving left guard to TB 46 for 4 yards (S.Williams; C.Schwesinger).,1,10,TB 42,42,0,Tampa Bay Buccaneers,Cleveland Browns,6,6,66.7,33.3,87.0,114.0,201.0,152.0,33.0,185.0,game,Spread,Tampa Bay Buccaneers,,-8.5,polymarket,733,—,—,,0,,miss,,,,—,,
2026-09-20T19:22:51.890725+00:00,nfl,2026,2,401872935,4018729351313,2,11:25,(Shotgun) B.Irving left guard to TB 46 for 4 yards (S.Williams; C.Schwesinger).,1,10,TB 42,42,0,Tampa Bay Buccaneers,Cleveland Browns,6,6,66.7,33.3,87.0,114.0,201.0,152.0,33.0,185.0,game,Total,Over,,42.5,betfair,109,—,—,,12.0,,miss,,,,—,,
2026-09-20T19:22:51.890725+00:00,nfl,2026,2,401872935,4018729351313,2,11:25,(Shotgun) B.Irving left guard to TB 46 for 4 yards (S.Williams; C.Schwesinger).,1,10,TB 42,42,0,Tampa Bay Buccaneers,Cleveland Browns,6,6,66.7,33.3,87.0,114.0,201.0,152.0,33.0,185.0,game,Total,Under,,42.5,betfair,-130,—,—,,12.0,,hit,,,,—,,
2026-09-20T19:22:51.890725+00:00,nfl,2026,2,401872935,4018729351313,2,11:25,(Shotgun) B.Irving left guard to TB 46 for 4 yards (S.Williams; C.Schwesinger).,1,10,TB 42,42,0,Tampa Bay Buccaneers,Cleveland Browns,6,6,66.7,33.3,87.0,114.0,201.0,152.0,33.0,185.0,game,ML,Tampa Bay Buccaneers,,,polymarket,-195,—,—,,Loss,,miss,,,,—,,
2026-09-20T19:22:51.890725+00:00,nfl,2026,2,401872935,4018729351335,2,10:51,"(10:51) B.Irving left end to TB 45 for -1 yards (D.Barnett, Q.Williams).
Penalty on CLV-G.Delpit, Unnecessary Roughness, offsetting.
Penalty on TB-T.Wirfs, Unnecessary Roughness, offsetting.",2,6,TB 46,46,0,Tampa Bay Buccaneers,Cleveland Browns,6,6,66.7,33.3,87.0,114.0,201.0,152.0,33.0,185.0,game,Spread,Cleveland Browns,,8.5,polymarketus,-1012,—,—,,0,,hit,,,,—,,
2026-09-20T19:22:51.890725+00:00,nfl,2026,2,401872935,4018729351335,2,10:51,"(10:51) B.Irving left end to TB 45 for -1 yards (D.Barnett, Q.Williams).
Penalty on CLV-G.Delpit, Unnecessary Roughness, offsetting.
Penalty on TB-T.Wirfs, Unnecessary Roughness, offsetting.",2,6,TB 46,46,0,Tampa Bay Buccaneers,Cleveland Browns,6,6,66.7,33.3,87.0,114.0,201.0,152.0,33.0,185.0,game,Spread,Tampa Bay Buccaneers,,-8.5,polymarket,733,—,—,,0,,miss,,,,—,,
2026-09-20T19:22:51.890725+00:00,nfl,2026,2,401872935,4018729351335,2,10:51,"(10:51) B.Irving left end to TB 45 for -1 yards (D.Barnett, Q.Williams).
Penalty on CLV-G.Delpit, Unnecessary Roughness, offsetting.
Penalty on TB-T.Wirfs, Unnecessary Roughness, offsetting.",2,6,TB 46,46,0,Tampa Bay Buccaneers,Cleveland Browns,6,6,66.7,33.3,87.0,114.0,201.0,152.0,33.0,185.0,game,Total,Over,,42.5,betfair,109,—,—,,12.0,,miss,,,,—,,
2026-09-20T19:22:51.890725+00:00,nfl,2026,2,401872935,4018729351335,2,10:51,"(10:51) B.Irving left end to TB 45 for -1 yards (D.Barnett, Q.Williams).
Penalty on CLV-G.Delpit, Unnecessary Roughness, offsetting.
Penalty on TB-T.Wirfs, Unnecessary Roughness, offsetting.",2,6,TB 46,46,0,Tampa Bay Buccaneers,Cleveland Browns,6,6,66.7,33.3,87.0,114.0,201.0,152.0,33.0,185.0,game,Total,Under,,42.5,betfair,-130,—,—,,12.0,,hit,,,,—,,
2026-09-20T19:22:51.890725+00:00,nfl,2026,2,401872935,4018729351335,2,10:51,"(10:51) B.Irving left end to TB 45 for -1 yards (D.Barnett, Q.Williams).
Penalty on CLV-G.Delpit, Unnecessary Roughness, offsetting.
Penalty on TB-T.Wirfs, Unnecessary Roughness, offsetting.",2,6,TB 46,46,0,Tampa Bay Buccaneers,Cleveland Browns,6,6,66.7,33.3,87.0,114.0,201.0,152.0,33.0,185.0,game,ML,Tampa Bay Buccaneers,,,polymarket,-195,—,—,,Loss,,miss,,,,—,,
2026-09-20T19:22:51.890725+00:00,nfl,2026,2,401872935,4018729351368,2,10:21,(Shotgun) B.Mayfield sacked at TB 45 for 0 yards (R.Hickman).,3,7,TB 45,45,0,Tampa Bay Buccaneers,Cleveland Browns,6,6,66.7,33.3,87.0,114.0,201.0,152.0,33.0,185.0,game,Spread,Cleveland Browns,,8.5,polymarketus,-1012,—,—,,0,,hit,,,,—,,
2026-09-20T19:22:51.890725+00:00,nfl,2026,2,401872935,4018729351368,2,10:21,(Shotgun) B.Mayfield sacked at TB 45 for 0 yards (R.Hickman).,3,7,TB 45,45,0,Tampa Bay Buccaneers,Cleveland Browns,6,6,66.7,33.3,87.0,114.0,201.0,152.0,33.0,185.0,game,Spread,Tampa Bay Buccaneers,,-8.5,polymarket,733,—,—,,0,,miss,,,,—,,
2026-09-20T19:22:51.890725+00:00,nfl,2026,2,401872935,4018729351368,2,10:21,(Shotgun) B.Mayfield sacked at TB 45 for 0 yards (R.Hickman).,3,7,TB 45,45,0,Tampa Bay Buccaneers,Cleveland Browns,6,6,66.7,33.3,87.0,114.0,201.0,152.0,33.0,185.0,game,Total,Over,,42.5,betfair,109,—,—,,12.0,,miss,,,,—,,
2026-09-20T19:22:51.890725+00:00,nfl,2026,2,401872935,4018729351368,2,10:21,(Shotgun) B.Mayfield sacked at TB 45 for 0 yards (R.Hickman).,3,7,TB 45,45,0,Tampa Bay Buccaneers,Cleveland Browns,6,6,66.7,33.3,87.0,114.0,201.0,152.0,33.0,185.0,game,Total,Under,,42.5,betfair,-130,—,—,,12.0,,hit,,,,—,,
2026-09-20T19:22:51.890725+00:00,nfl,2026,2,401872935,4018729351368,2,10:21,(Shotgun) B.Mayfield sacked at TB 45 for 0 yards (R.Hickman).,3,7,TB 45,45,0,Tampa Bay Buccaneers,Cleveland Browns,6,6,66.7,33.3,87.0,114.0,201.0,152.0,33.0,185.0,game,ML,Tampa Bay Buccaneers,,,polymarket,-195,—,—,,Loss,,miss,,,,—,,
2026-09-20T19:22:51.890725+00:00,nfl,2026,2,401872935,4018729351388,2,9:49,"R.Dixon punts 55 yards to end zone, Center-E.Deckers, Touchback.",4,7,TB 45,45,0,Tampa Bay Buccaneers,Cleveland Browns,6,6,66.7,33.3,87.0,114.0,201.0,152.0,33.0,185.0,game,Spread,Cleveland Browns,,8.5,polymarketus,-1012,—,—,,0,,hit,,,,—,,
2026-09-20T19:22:51.890725+00:00,nfl,2026,2,401872935,4018729351388,2,9:49,"R.Dixon punts 55 yards to end zone, Center-E.Deckers, Touchback.",4,7,TB 45,45,0,Tampa Bay Buccaneers,Cleveland Browns,6,6,66.7,33.3,87.0,114.0,201.0,152.0,33.0,185.0,game,Spread,Tampa Bay Buccaneers,,-8.5,polymarket,733,—,—,,0,,miss,,,,—,,
2026-09-20T19:22:51.890725+00:00,nfl,2026,2,401872935,4018729351388,2,9:49,"R.Dixon punts 55 yards to end zone, Center-E.Deckers, Touchback.",4,7,TB 45,45,0,Tampa Bay Buccaneers,Cleveland Browns,6,6,66.7,33.3,87.0,114.0,201.0,152.0,33.0,185.0,game,Total,Over,,42.5,betfair,109,—,—,,12.0,,miss,,,,—,,
2026-09-20T19:22:51.890725+00:00,nfl,2026,2,401872935,4018729351388,2,9:49,"R.Dixon punts 55 yards to end zone, Center-E.Deckers, Touchback.",4,7,TB 45,45,0,Tampa Bay Buccaneers,Cleveland Browns,6,6,66.7,33.3,87.0,114.0,201.0,152.0,33.0,185.0,game,Total,Under,,42.5,betfair,-130,—,—,,12.0,,hit,,,,—,,
2026-09-20T19:22:51.890725+00:00,nfl,2026,2,401872935,4018729351388,2,9:49,"R.Dixon punts 55 yards to end zone, Center-E.Deckers, Touchback.",4,7,TB 45,45,0,Tampa Bay Buccaneers,Cleveland Browns,6,6,66.7,33.3,87.0,114.0,201.0,152.0,33.0,185.0,game,ML,Tampa Bay Buccaneers,,,polymarket,-195,—,—,,Loss,,miss,,,,—,,
2026-09-20T19:22:51.890725+00:00,nfl,2026,2,401872935,4018729351397,2,9:40,Official Timeout at 09:40.,1,10,CLE 20,80,0,Tampa Bay Buccaneers,Cleveland Browns,6,6,66.7,33.3,87.0,114.0,201.0,152.0,33.0,185.0,game,Spread,Cleveland Browns,,8.5,polymarketus,-1012,—,—,,0,,hit,,,,—,,
2026-09-20T19:22:51.890725+00:00,nfl,2026,2,401872935,4018729351397,2,9:40,Official Timeout at 09:40.,1,10,CLE 20,80,0,Tampa Bay Buccaneers,Cleveland Browns,6,6,66.7,33.3,87.0,114.0,201.0,152.0,33.0,185.0,game,Spread,Tampa Bay Buccaneers,,-8.5,polymarket,733,—,—,,0,,miss,,,,—,,
2026-09-20T19:22:51.890725+00:00,nfl,2026,2,401872935,4018729351397,2,9:40,Official Timeout at 09:40.,1,10,CLE 20,80,0,Tampa Bay Buccaneers,Cleveland Browns,6,6,66.7,33.3,87.0,114.0,201.0,152.0,33.0,185.0,game,Total,Over,,42.5,betfair,109,—,—,,12.0,,miss,,,,—,,
2026-09-20T19:22:51.890725+00:00,nfl,2026,2,401872935,4018729351397,2,9:40,Official Timeout at 09:40.,1,10,CLE 20,80,0,Tampa Bay Buccaneers,Cleveland Browns,6,6,66.7,33.3,87.0,114.0,201.0,152.0,33.0,185.0,game,Total,Under,,42.5,betfair,-130,—,—,,12.0,,hit,,,,—,,
2026-09-20T19:22:51.890725+00:00,nfl,2026,2,401872935,4018729351397,2,9:40,Official Timeout at 09:40.,1,10,CLE 20,80,0,Tampa Bay Buccaneers,Cleveland Browns,6,6,66.7,33.3,87.0,114.0,201.0,152.0,33.0,185.0,game,ML,Tampa Bay Buccaneers,,,polymarket,-195,—,—,,Loss,,miss,,,,—,,
2026-09-20T19:22:51.890725+00:00,nfl,2026,2,401872935,4018729351406,2,9:40,"Q.Judkins right tackle to CLV 21 for 1 yard (R.Bain; J.Trotter).PENALTY on CLV-B.Whiteheart, Offensive Holding, 10 yards, enforced at CLV 20 - No Play.",1,10,CLE 20,80,0,Tampa Bay Buccaneers,Cleveland Browns,6,6,66.7,33.3,87.0,114.0,201.0,152.0,33.0,185.0,game,Spread,Cleveland Browns,,8.5,polymarketus,-1012,—,—,,0,,hit,,,,—,,
2026-09-20T19:22:51.890725+00:00,nfl,2026,2,401872935,4018729351406,2,9:40,"Q.Judkins right tackle to CLV 21 for 1 yard (R.Bain; J.Trotter).PENALTY on CLV-B.Whiteheart, Offensive Holding, 10 yards, enforced at CLV 20 - No Play.",1,10,CLE 20,80,0,Tampa Bay Buccaneers,Cleveland Browns,6,6,66.7,33.3,87.0,114.0,201.0,152.0,33.0,185.0,game,Spread,Tampa Bay Buccaneers,,-8.5,polymarket,733,—,—,,0,,miss,,,,—,,
2026-09-20T19:22:51.890725+00:00,nfl,2026,2,401872935,4018729351406,2,9:40,"Q.Judkins right tackle to CLV 21 for 1 yard (R.Bain; J.Trotter).PENALTY on CLV-B.Whiteheart, Offensive Holding, 10 yards, enforced at CLV 20 - No Play.",1,10,CLE 20,80,0,Tampa Bay Buccaneers,Cleveland Browns,6,6,66.7,33.3,87.0,114.0,201.0,152.0,33.0,185.0,game,Total,Over,,42.5,betfair,109,—,—,,12.0,,miss,,,,—,,
2026-09-20T19:22:51.890725+00:00,nfl,2026,2,401872935,4018729351406,2,9:40,"Q.Judkins right tackle to CLV 21 for 1 yard (R.Bain; J.Trotter).PENALTY on CLV-B.Whiteheart, Offensive Holding, 10 yards, enforced at CLV 20 - No Play.",1,10,CLE 20,80,0,Tampa Bay Buccaneers,Cleveland Browns,6,6,66.7,33.3,87.0,114.0,201.0,152.0,33.0,185.0,game,Total,Under,,42.5,betfair,-130,—,—,,12.0,,hit,,,,—,,
2026-09-20T19:22:51.890725+00:00,nfl,2026,2,401872935,4018729351406,2,9:40,"Q.Judkins right tackle to CLV 21 for 1 yard (R.Bain; J.Trotter).PENALTY on CLV-B.Whiteheart, Offensive Holding, 10 yards, enforced at CLV 20 - No Play.",1,10,CLE 20,80,0,Tampa Bay Buccaneers,Cleveland Browns,6,6,66.7,33.3,87.0,114.0,201.0,152.0,33.0,185.0,game,ML,Tampa Bay Buccaneers,,,polymarket,-195,—,—,,Loss,,miss,,,,—,,
2026-09-20T19:22:51.890725+00:00,nfl,2026,2,401872935,4018729351446,2,9:21,(Shotgun) D.Watson up the middle to CLV 12 for 2 yards (A.Robinson; A.Anzalone).,1,20,CLE 10,90,0,Tampa Bay Buccaneers,Cleveland Browns,6,6,66.7,33.3,87.0,114.0,201.0,152.0,33.0,185.0,game,Spread,Cleveland Browns,,8.5,polymarketus,-1012,—,—,,0,,hit,,,,—,,
2026-09-20T19:22:51.890725+00:00,nfl,2026,2,401872935,4018729351446,2,9:21,(Shotgun) D.Watson up the middle to CLV 12 for 2 yards (A.Robinson; A.Anzalone).,1,20,CLE 10,90,0,Tampa Bay Buccaneers,Cleveland Browns,6,6,66.7,33.3,87.0,114.0,201.0,152.0,33.0,185.0,game,Spread,Tampa Bay Buccaneers,,-8.5,polymarket,733,—,—,,0,,miss,,,,—,,
2026-09-20T19:22:51.890725+00:00,nfl,2026,2,401872935,4018729351446,2,9:21,(Shotgun) D.Watson up the middle to CLV 12 for 2 yards (A.Robinson; A.Anzalone).,1,20,CLE 10,90,0,Tampa Bay Buccaneers,Cleveland Browns,6,6,66.7,33.3,87.0,114.0,201.0,152.0,33.0,185.0,game,Total,Over,,42.5,betfair,109,—,—,,12.0,,miss,,,,—,,
2026-09-20T19:22:51.890725+00:00,nfl,2026,2,401872935,4018729351446,2,9:21,(Shotgun) D.Watson up the middle to CLV 12 for 2 yards (A.Robinson; A.Anzalone).,1,20,CLE 10,90,0,Tampa Bay Buccaneers,Cleveland Browns,6,6,66.7,33.3,87.0,114.0,201.0,152.0,33.0,185.0,game,Total,Under,,42.5,betfair,-130,—,—,,12.0,,hit,,,,—,,
2026-09-20T19:22:51.890725+00:00,nfl,2026,2,401872935,4018729351446,2,9:21,(Shotgun) D.Watson up the middle to CLV 12 for 2 yards (A.Robinson; A.Anzalone).,1,20,CLE 10,90,0,Tampa Bay Buccaneers,Cleveland Browns,6,6,66.7,33.3,87.0,114.0,201.0,152.0,33.0,185.0,game,ML,Tampa Bay Buccaneers,,,polymarket,-195,—,—,,Loss,,miss,,,,—,,
2026-09-20T19:22:51.890725+00:00,nfl,2026,2,401872935,4018729351468,2,8:41,(Shotgun) D.Watson sacked at CLV 5 for -7 yards (A.Robinson).,2,18,CLE 12,88,0,Tampa Bay Buccaneers,Cleveland Browns,6,6,66.7,33.3,87.0,114.0,201.0,152.0,33.0,185.0,game,Spread,Cleveland Browns,,8.5,polymarketus,-1012,—,—,,0,,hit,,,,—,,
2026-09-20T19:22:51.890725+00:00,nfl,2026,2,401872935,4018729351468,2,8:41,(Shotgun) D.Watson sacked at CLV 5 for -7 yards (A.Robinson).,2,18,CLE 12,88,0,Tampa Bay Buccaneers,Cleveland Browns,6,6,66.7,33.3,87.0,114.0,201.0,152.0,33.0,185.0,game,Spread,Tampa Bay Buccaneers,,-8.5,polymarket,733,—,—,,0,,miss,,,,—,,
2026-09-20T19:22:51.890725+00:00,nfl,2026,2,401872935,4018729351468,2,8:41,(Shotgun) D.Watson sacked at CLV 5 for -7 yards (A.Robinson).,2,18,CLE 12,88,0,Tampa Bay Buccaneers,Cleveland Browns,6,6,66.7,33.3,87.0,114.0,201.0,152.0,33.0,185.0,game,Total,Over,,42.5,betfair,109,—,—,,12.0,,miss,,,,—,,
2026-09-20T19:22:51.890725+00:00,nfl,2026,2,401872935,4018729351468,2,8:41,(Shotgun) D.Watson sacked at CLV 5 for -7 yards (A.Robinson).,2,18,CLE 12,88,0,Tampa Bay Buccaneers,Cleveland Browns,6,6,66.7,33.3,87.0,114.0,201.0,152.0,33.0,185.0,game,Total,Under,,42.5,betfair,-130,—,—,,12.0,,hit,,,,—,,
2026-09-20T19:22:51.890725+00:00,nfl,2026,2,401872935,4018729351468,2,8:41,(Shotgun) D.Watson sacked at CLV 5 for -7 yards (A.Robinson).,2,18,CLE 12,88,0,Tampa Bay Buccaneers,Cleveland Browns,6,6,66.7,33.3,87.0,114.0,201.0,152.0,33.0,185.0,game,ML,Tampa Bay Buccaneers,,,polymarket,-195,—,—,,Loss,,miss,,,,—,,
2026-09-20T19:22:51.890725+00:00,nfl,2026,2,401872935,4018729351488,2,8:02,R.Sanders right guard to CLV 8 for 3 yards (A.Anzalone).,3,25,CLE 5,95,0,Tampa Bay Buccaneers,Cleveland Browns,6,6,66.7,33.3,87.0,114.0,201.0,152.0,33.0,185.0,game,Spread,Cleveland Browns,,8.5,polymarketus,-1012,—,—,,0,,hit,,,,—,,
2026-09-20T19:22:51.890725+00:00,nfl,2026,2,401872935,4018729351488,2,8:02,R.Sanders right guard to CLV 8 for 3 yards (A.Anzalone).,3,25,CLE 5,95,0,Tampa Bay Buccaneers,Cleveland Browns,6,6,66.7,33.3,87.0,114.0,201.0,152.0,33.0,185.0,game,Spread,Tampa Bay Buccaneers,,-8.5,polymarket,733,—,—,,0,,miss,,,,—,,
2026-09-20T19:22:51.890725+00:00,nfl,2026,2,401872935,4018729351488,2,8:02,R.Sanders right guard to CLV 8 for 3 yards (A.Anzalone).,3,25,CLE 5,95,0,Tampa Bay Buccaneers,Cleveland Browns,6,6,66.7,33.3,87.0,114.0,201.0,152.0,33.0,185.0,game,Total,Over,,42.5,betfair,109,—,—,,12.0,,miss,,,,—,,
2026-09-20T19:22:51.890725+00:00,nfl,2026,2,401872935,4018729351488,2,8:02,R.Sanders right guard to CLV 8 for 3 yards (A.Anzalone).,3,25,CLE 5,95,0,Tampa Bay Buccaneers,Cleveland Browns,6,6,66.7,33.3,87.0,114.0,201.0,152.0,33.0,185.0,game,Total,Under,,42.5,betfair,-130,—,—,,12.0,,hit,,,,—,,
2026-09-20T19:22:51.890725+00:00,nfl,2026,2,401872935,4018729351488,2,8:02,R.Sanders right guard to CLV 8 for 3 yards (A.Anzalone).,3,25,CLE 5,95,0,Tampa Bay Buccaneers,Cleveland Browns,6,6,66.7,33.3,87.0,114.0,201.0,152.0,33.0,185.0,game,ML,Tampa Bay Buccaneers,,,polymarket,-195,—,—,,Loss,,miss,,,,—,,
2026-09-20T19:22:51.890725+00:00,nfl,2026,2,401872935,4018729351510,2,7:19,"C.Bojorquez punts 57 yards to TB 35, Center-R.Sunahara. T.Johnson to TB 44 for 9 yards (N.Watson).",4,22,CLE 8,92,0,Tampa Bay Buccaneers,Cleveland Browns,6,6,66.7,33.3,87.0,114.0,201.0,152.0,33.0,185.0,game,Spread,Cleveland Browns,,8.5,polymarketus,-1012,—,—,,0,,hit,,,,—,,
2026-09-20T19:22:51.890725+00:00,nfl,2026,2,401872935,4018729351510,2,7:19,"C.Bojorquez punts 57 yards to TB 35, Center-R.Sunahara. T.Johnson to TB 44 for 9 yards (N.Watson).",4,22,CLE 8,92,0,Tampa Bay Buccaneers,Cleveland Browns,6,6,66.7,33.3,87.0,114.0,201.0,152.0,33.0,185.0,game,Spread,Tampa Bay Buccaneers,,-8.5,polymarket,733,—,—,,0,,miss,,,,—,,
2026-09-20T19:22:51.890725+00:00,nfl,2026,2,401872935,4018729351510,2,7:19,"C.Bojorquez punts 57 yards to TB 35, Center-R.Sunahara. T.Johnson to TB 44 for 9 yards (N.Watson).",4,22,CLE 8,92,0,Tampa Bay Buccaneers,Cleveland Browns,6,6,66.7,33.3,87.0,114.0,201.0,152.0,33.0,185.0,game,Total,Over,,42.5,betfair,109,—,—,,12.0,,miss,,,,—,,
2026-09-20T19:22:51.890725+00:00,nfl,2026,2,401872935,4018729351510,2,7:19,"C.Bojorquez punts 57 yards to TB 35, Center-R.Sunahara. T.Johnson to TB 44 for 9 yards (N.Watson).",4,22,CLE 8,92,0,Tampa Bay Buccaneers,Cleveland Browns,6,6,66.7,33.3,87.0,114.0,201.0,152.0,33.0,185.0,game,Total,Under,,42.5,betfair,-130,—,—,,12.0,,hit,,,,—,,
2026-09-20T19:22:51.890725+00:00,nfl,2026,2,401872935,4018729351510,2,7:19,"C.Bojorquez punts 57 yards to TB 35, Center-R.Sunahara. T.Johnson to TB 44 for 9 yards (N.Watson).",4,22,CLE 8,92,0,Tampa Bay Buccaneers,Cleveland Browns,6,6,66.7,33.3,87.0,114.0,201.0,152.0,33.0,185.0,game,ML,Tampa Bay Buccaneers,,,polymarket,-195,—,—,,Loss,,miss,,,,—,,
2026-09-20T19:22:51.890725+00:00,nfl,2026,2,401872935,4018729351523,2,7:08,Official Timeout at 07:08.,1,10,TB 44,44,0,Tampa Bay Buccaneers,Cleveland Browns,6,6,66.7,33.3,87.0,114.0,201.0,152.0,33.0,185.0,game,Spread,Cleveland Browns,,8.5,polymarketus,-1012,—,—,,0,,hit,,,,—,,
2026-09-20T19:22:51.890725+00:00,nfl,2026,2,401872935,4018729351523,2,7:08,Official Timeout at 07:08.,1,10,TB 44,44,0,Tampa Bay Buccaneers,Cleveland Browns,6,6,66.7,33.3,87.0,114.0,201.0,152.0,33.0,185.0,game,Spread,Tampa Bay Buccaneers,,-8.5,polymarket,733,—,—,,0,,miss,,,,—,,
2026-09-20T19:22:51.890725+00:00,nfl,2026,2,401872935,4018729351523,2,7:08,Official Timeout at 07:08.,1,10,TB 44,44,0,Tampa Bay Buccaneers,Cleveland Browns,6,6,66.7,33.3,87.0,114.0,201.0,152.0,33.0,185.0,game,Total,Over,,42.5,betfair,109,—,—,,12.0,,miss,,,,—,,
2026-09-20T19:22:51.890725+00:00,nfl,2026,2,401872935,4018729351523,2,7:08,Official Timeout at 07:08.,1,10,TB 44,44,0,Tampa Bay Buccaneers,Cleveland Browns,6,6,66.7,33.3,87.0,114.0,201.0,152.0,33.0,185.0,game,Total,Under,,42.5,betfair,-130,—,—,,12.0,,hit,,,,—,,
2026-09-20T19:22:51.890725+00:00,nfl,2026,2,401872935,4018729351523,2,7:08,Official Timeout at 07:08.,1,10,TB 44,44,0,Tampa Bay Buccaneers,Cleveland Browns,6,6,66.7,33.3,87.0,114.0,201.0,152.0,33.0,185.0,game,ML,Tampa Bay Buccaneers,,,polymarket,-195,—,—,,Loss,,miss,,,,—,,
2026-09-20T19:22:51.890725+00:00,nfl,2026,2,401872935,4018729351536,2,7:08,(Shotgun) B.Mayfield pass short left to K.Gainwell pushed ob at TB 46 for 2 yards (M.Harden; Q.Williams).,1,10,TB 44,44,0,Tampa Bay Buccaneers,Cleveland Browns,6,6,66.7,33.3,87.0,114.0,201.0,152.0,33.0,185.0,game,Spread,Cleveland Browns,,8.5,polymarketus,-1012,—,—,,0,,hit,,,,—,,
2026-09-20T19:22:51.890725+00:00,nfl,2026,2,401872935,4018729351536,2,7:08,(Shotgun) B.Mayfield pass short left to K.Gainwell pushed ob at TB 46 for 2 yards (M.Harden; Q.Williams).,1,10,TB 44,44,0,Tampa Bay Buccaneers,Cleveland Browns,6,6,66.7,33.3,87.0,114.0,201.0,152.0,33.0,185.0,game,Spread,Tampa Bay Buccaneers,,-8.5,polymarket,733,—,—,,0,,miss,,,,—,,
2026-09-20T19:22:51.890725+00:00,nfl,2026,2,401872935,4018729351536,2,7:08,(Shotgun) B.Mayfield pass short left to K.Gainwell pushed ob at TB 46 for 2 yards (M.Harden; Q.Williams).,1,10,TB 44,44,0,Tampa Bay Buccaneers,Cleveland Browns,6,6,66.7,33.3,87.0,114.0,201.0,152.0,33.0,185.0,game,Total,Over,,42.5,betfair,109,—,—,,12.0,,miss,,,,—,,
2026-09-20T19:22:51.890725+00:00,nfl,2026,2,401872935,4018729351536,2,7:08,(Shotgun) B.Mayfield pass short left to K.Gainwell pushed ob at TB 46 for 2 yards (M.Harden; Q.Williams).,1,10,TB 44,44,0,Tampa Bay Buccaneers,Cleveland Browns,6,6,66.7,33.3,87.0,114.0,201.0,152.0,33.0,185.0,game,Total,Under,,42.5,betfair,-130,—,—,,12.0,,hit,,,,—,,
2026-09-20T19:22:51.890725+00:00,nfl,2026,2,401872935,4018729351536,2,7:08,(Shotgun) B.Mayfield pass short left to K.Gainwell pushed ob at TB 46 for 2 yards (M.Harden; Q.Williams).,1,10,TB 44,44,0,Tampa Bay Buccaneers,Cleveland Browns,6,6,66.7,33.3,87.0,114.0,201.0,152.0,33.0,185.0,game,ML,Tampa Bay Buccaneers,,,polymarket,-195,—,—,,Loss,,miss,,,,—,,
2026-09-20T19:22:51.890725+00:00,nfl,2026,2,401872935,4018729351573,2,6:30,"(Shotgun) B.Mayfield pass short right to C.Otton to TB 49 for 3 yards (D.Ward). FUMBLES (D.Ward), and recovers at TB 49.Cleveland challenged the ruling, and the play was Upheld.",2,8,TB 46,46,0,Tampa Bay Buccaneers,Cleveland Browns,6,6,66.7,33.3,87.0,114.0,201.0,152.0,33.0,185.0,game,Spread,Cleveland Browns,,8.5,polymarketus,-1012,—,—,,0,,hit,,,,—,,
2026-09-20T19:22:51.890725+00:00,nfl,2026,2,401872935,4018729351573,2,6:30,"(Shotgun) B.Mayfield pass short right to C.Otton to TB 49 for 3 yards (D.Ward). FUMBLES (D.Ward), and recovers at TB 49.Cleveland challenged the ruling, and the play was Upheld.",2,8,TB 46,46,0,Tampa Bay Buccaneers,Cleveland Browns,6,6,66.7,33.3,87.0,114.0,201.0,152.0,33.0,185.0,game,Spread,Tampa Bay Buccaneers,,-8.5,polymarket,733,—,—,,0,,miss,,,,—,,
2026-09-20T19:22:51.890725+00:00,nfl,2026,2,401872935,4018729351573,2,6:30,"(Shotgun) B.Mayfield pass short right to C.Otton to TB 49 for 3 yards (D.Ward). FUMBLES (D.Ward), and recovers at TB 49.Cleveland challenged the ruling, and the play was Upheld.",2,8,TB 46,46,0,Tampa Bay Buccaneers,Cleveland Browns,6,6,66.7,33.3,87.0,114.0,201.0,152.0,33.0,185.0,game,Total,Over,,42.5,betfair,109,—,—,,12.0,,miss,,,,—,,
2026-09-20T19:22:51.890725+00:00,nfl,2026,2,401872935,4018729351573,2,6:30,"(Shotgun) B.Mayfield pass short right to C.Otton to TB 49 for 3 yards (D.Ward). FUMBLES (D.Ward), and recovers at TB 49.Cleveland challenged the ruling, and the play was Upheld.",2,8,TB 46,46,0,Tampa Bay Buccaneers,Cleveland Browns,6,6,66.7,33.3,87.0,114.0,201.0,152.0,33.0,185.0,game,Total,Under,,42.5,betfair,-130,—,—,,12.0,,hit,,,,—,,
2026-09-20T19:22:51.890725+00:00,nfl,2026,2,401872935,4018729351573,2,6:30,"(Shotgun) B.Mayfield pass short right to C.Otton to TB 49 for 3 yards (D.Ward). FUMBLES (D.Ward), and recovers at TB 49.Cleveland challenged the ruling, and the play was Upheld.",2,8,TB 46,46,0,Tampa Bay Buccaneers,Cleveland Browns,6,6,66.7,33.3,87.0,114.0,201.0,152.0,33.0,185.0,game,ML,Tampa Bay Buccaneers,,,polymarket,-195,—,—,,Loss,,miss,,,,—,,
2026-09-20T19:22:51.890725+00:00,nfl,2026,2,401872935,4018729351665,2,5:51,"(Shotgun) B.Mayfield pass short right to B.Irving to CLV 39 for 12 yards (Q.Williams).PENALTY on TB-G.Barton, Offensive Holding, 10 yards, enforced at TB 49 - No Play.",3,5,TB 49,49,0,Tampa Bay Buccaneers,Cleveland Browns,6,6,66.7,33.3,87.0,114.0,201.0,152.0,33.0,185.0,game,Spread,Cleveland Browns,,8.5,polymarketus,-1012,—,—,,0,,hit,,,,—,,
2026-09-20T19:22:51.890725+00:00,nfl,2026,2,401872935,4018729351665,2,5:51,"(Shotgun) B.Mayfield pass short right to B.Irving to CLV 39 for 12 yards (Q.Williams).PENALTY on TB-G.Barton, Offensive Holding, 10 yards, enforced at TB 49 - No Play.",3,5,TB 49,49,0,Tampa Bay Buccaneers,Cleveland Browns,6,6,66.7,33.3,87.0,114.0,201.0,152.0,33.0,185.0,game,Spread,Tampa Bay Buccaneers,,-8.5,polymarket,733,—,—,,0,,miss,,,,—,,
2026-09-20T19:22:51.890725+00:00,nfl,2026,2,401872935,4018729351665,2,5:51,"(Shotgun) B.Mayfield pass short right to B.Irving to CLV 39 for 12 yards (Q.Williams).PENALTY on TB-G.Barton, Offensive Holding, 10 yards, enforced at TB 49 - No Play.",3,5,TB 49,49,0,Tampa Bay Buccaneers,Cleveland Browns,6,6,66.7,33.3,87.0,114.0,201.0,152.0,33.0,185.0,game,Total,Over,,42.5,betfair,109,—,—,,12.0,,miss,,,,—,,
2026-09-20T19:22:51.890725+00:00,nfl,2026,2,401872935,4018729351665,2,5:51,"(Shotgun) B.Mayfield pass short right to B.Irving to CLV 39 for 12 yards (Q.Williams).PENALTY on TB-G.Barton, Offensive Holding, 10 yards, enforced at TB 49 - No Play.",3,5,TB 49,49,0,Tampa Bay Buccaneers,Cleveland Browns,6,6,66.7,33.3,87.0,114.0,201.0,152.0,33.0,185.0,game,Total,Under,,42.5,betfair,-130,—,—,,12.0,,hit,,,,—,,
2026-09-20T19:22:51.890725+00:00,nfl,2026,2,401872935,4018729351665,2,5:51,"(Shotgun) B.Mayfield pass short right to B.Irving to CLV 39 for 12 yards (Q.Williams).PENALTY on TB-G.Barton, Offensive Holding, 10 yards, enforced at TB 49 - No Play.",3,5,TB 49,49,0,Tampa Bay Buccaneers,Cleveland Browns,6,6,66.7,33.3,87.0,114.0,201.0,152.0,33.0,185.0,game,ML,Tampa Bay Buccaneers,,,polymarket,-195,—,—,,Loss,,miss,,,,—,,
2026-09-20T19:22:51.890725+00:00,nfl,2026,2,401872935,4018729351683,2,5:18,Timeout #1 by TB at 05:18.,3,15,TB 39,39,0,Tampa Bay Buccaneers,Cleveland Browns,6,6,66.7,33.3,87.0,114.0,201.0,152.0,33.0,185.0,game,Spread,Cleveland Browns,,8.5,polymarketus,-1012,—,—,,0,,hit,,,,—,,
2026-09-20T19:22:51.890725+00:00,nfl,2026,2,401872935,4018729351683,2,5:18,Timeout #1 by TB at 05:18.,3,15,TB 39,39,0,Tampa Bay Buccaneers,Cleveland Browns,6,6,66.7,33.3,87.0,114.0,201.0,152.0,33.0,185.0,game,Spread,Tampa Bay Buccaneers,,-8.5,polymarket,733,—,—,,0,,miss,,,,—,,
2026-09-20T19:22:51.890725+00:00,nfl,2026,2,401872935,4018729351683,2,5:18,Timeout #1 by TB at 05:18.,3,15,TB 39,39,0,Tampa Bay Buccaneers,Cleveland Browns,6,6,66.7,33.3,87.0,114.0,201.0,152.0,33.0,185.0,game,Total,Over,,42.5,betfair,109,—,—,,12.0,,miss,,,,—,,
2026-09-20T19:22:51.890725+00:00,nfl,2026,2,401872935,4018729351683,2,5:18,Timeout #1 by TB at 05:18.,3,15,TB 39,39,0,Tampa Bay Buccaneers,Cleveland Browns,6,6,66.7,33.3,87.0,114.0,201.0,152.0,33.0,185.0,game,Total,Under,,42.5,betfair,-130,—,—,,12.0,,hit,,,,—,,
2026-09-20T19:22:51.890725+00:00,nfl,2026,2,401872935,4018729351683,2,5:18,Timeout #1 by TB at 05:18.,3,15,TB 39,39,0,Tampa Bay Buccaneers,Cleveland Browns,6,6,66.7,33.3,87.0,114.0,201.0,152.0,33.0,185.0,game,ML,Tampa Bay Buccaneers,,,polymarket,-195,—,—,,Loss,,miss,,,,—,,
2026-09-20T19:22:51.890725+00:00,nfl,2026,2,401872935,4018729351701,2,5:18,(Shotgun) B.Mayfield sacked at TB 33 for -6 yards (M.Graham).,3,15,TB 39,39,0,Tampa Bay Buccaneers,Cleveland Browns,6,6,66.7,33.3,87.0,114.0,201.0,152.0,33.0,185.0,game,Spread,Cleveland Browns,,8.5,polymarketus,-1012,—,—,,0,,hit,,,,—,,
2026-09-20T19:22:51.890725+00:00,nfl,2026,2,401872935,4018729351701,2,5:18,(Shotgun) B.Mayfield sacked at TB 33 for -6 yards (M.Graham).,3,15,TB 39,39,0,Tampa Bay Buccaneers,Cleveland Browns,6,6,66.7,33.3,87.0,114.0,201.0,152.0,33.0,185.0,game,Spread,Tampa Bay Buccaneers,,-8.5,polymarket,733,—,—,,0,,miss,,,,—,,
2026-09-20T19:22:51.890725+00:00,nfl,2026,2,401872935,4018729351701,2,5:18,(Shotgun) B.Mayfield sacked at TB 33 for -6 yards (M.Graham).,3,15,TB 39,39,0,Tampa Bay Buccaneers,Cleveland Browns,6,6,66.7,33.3,87.0,114.0,201.0,152.0,33.0,185.0,game,Total,Over,,42.5,betfair,109,—,—,,12.0,,miss,,,,—,,
2026-09-20T19:22:51.890725+00:00,nfl,2026,2,401872935,4018729351701,2,5:18,(Shotgun) B.Mayfield sacked at TB 33 for -6 yards (M.Graham).,3,15,TB 39,39,0,Tampa Bay Buccaneers,Cleveland Browns,6,6,66.7,33.3,87.0,114.0,201.0,152.0,33.0,185.0,game,Total,Under,,42.5,betfair,-130,—,—,,12.0,,hit,,,,—,,
2026-09-20T19:22:51.890725+00:00,nfl,2026,2,401872935,4018729351701,2,5:18,(Shotgun) B.Mayfield sacked at TB 33 for -6 yards (M.Graham).,3,15,TB 39,39,0,Tampa Bay Buccaneers,Cleveland Browns,6,6,66.7,33.3,87.0,114.0,201.0,152.0,33.0,185.0,game,ML,Tampa Bay Buccaneers,,,polymarket,-195,—,—,,Loss,,miss,,,,—,,
2026-09-20T19:22:51.890725+00:00,nfl,2026,2,401872935,4018729351728,2,4:48,"R.Dixon punts 42 yards to CLV 25, Center-E.Deckers, fair catch by K.Concepcion.",4,21,TB 33,33,0,Tampa Bay Buccaneers,Cleveland Browns,6,6,66.7,33.3,87.0,114.0,201.0,152.0,33.0,185.0,game,Spread,Cleveland Browns,,8.5,polymarketus,-1012,—,—,,0,,hit,,,,—,,
2026-09-20T19:22:51.890725+00:00,nfl,2026,2,401872935,4018729351728,2,4:48,"R.Dixon punts 42 yards to CLV 25, Center-E.Deckers, fair catch by K.Concepcion.",4,21,TB 33,33,0,Tampa Bay Buccaneers,Cleveland Browns,6,6,66.7,33.3,87.0,114.0,201.0,152.0,33.0,185.0,game,Spread,Tampa Bay Buccaneers,,-8.5,polymarket,733,—,—,,0,,miss,,,,—,,
2026-09-20T19:22:51.890725+00:00,nfl,2026,2,401872935,4018729351728,2,4:48,"R.Dixon punts 42 yards to CLV 25, Center-E.Deckers, fair catch by K.Concepcion.",4,21,TB 33,33,0,Tampa Bay Buccaneers,Cleveland Browns,6,6,66.7,33.3,87.0,114.0,201.0,152.0,33.0,185.0,game,Total,Over,,42.5,betfair,109,—,—,,12.0,,miss,,,,—,,
2026-09-20T19:22:51.890725+00:00,nfl,2026,2,401872935,4018729351728,2,4:48,"R.Dixon punts 42 yards to CLV 25, Center-E.Deckers, fair catch by K.Concepcion.",4,21,TB 33,33,0,Tampa Bay Buccaneers,Cleveland Browns,6,6,66.7,33.3,87.0,114.0,201.0,152.0,33.0,185.0,game,Total,Under,,42.5,betfair,-130,—,—,,12.0,,hit,,,,—,,
2026-09-20T19:22:51.890725+00:00,nfl,2026,2,401872935,4018729351728,2,4:48,"R.Dixon punts 42 yards to CLV 25, Center-E.Deckers, fair catch by K.Concepcion.",4,21,TB 33,33,0,Tampa Bay Buccaneers,Cleveland Browns,6,6,66.7,33.3,87.0,114.0,201.0,152.0,33.0,185.0,game,ML,Tampa Bay Buccaneers,,,polymarket,-195,—,—,,Loss,,miss,,,,—,,
2026-09-20T19:22:51.890725+00:00,nfl,2026,2,401872935,4018729351748,2,4:41,D.Watson scrambles right end to CLV 28 for 3 yards (J.Trotter).,1,10,CLE 25,75,0,Tampa Bay Buccaneers,Cleveland Browns,6,6,66.7,33.3,87.0,114.0,201.0,152.0,33.0,185.0,game,Spread,Cleveland Browns,,8.5,polymarketus,-1012,—,—,,0,,hit,,,,—,,
2026-09-20T19:22:51.890725+00:00,nfl,2026,2,401872935,4018729351748,2,4:41,D.Watson scrambles right end to CLV 28 for 3 yards (J.Trotter).,1,10,CLE 25,75,0,Tampa Bay Buccaneers,Cleveland Browns,6,6,66.7,33.3,87.0,114.0,201.0,152.0,33.0,185.0,game,Spread,Tampa Bay Buccaneers,,-8.5,polymarket,733,—,—,,0,,miss,,,,—,,
2026-09-20T19:22:51.890725+00:00,nfl,2026,2,401872935,4018729351748,2,4:41,D.Watson scrambles right end to CLV 28 for 3 yards (J.Trotter).,1,10,CLE 25,75,0,Tampa Bay Buccaneers,Cleveland Browns,6,6,66.7,33.3,87.0,114.0,201.0,152.0,33.0,185.0,game,Total,Over,,42.5,betfair,109,—,—,,12.0,,miss,,,,—,,
2026-09-20T19:22:51.890725+00:00,nfl,2026,2,401872935,4018729351748,2,4:41,D.Watson scrambles right end to CLV 28 for 3 yards (J.Trotter).,1,10,CLE 25,75,0,Tampa Bay Buccaneers,Cleveland Browns,6,6,66.7,33.3,87.0,114.0,201.0,152.0,33.0,185.0,game,Total,Under,,42.5,betfair,-130,—,—,,12.0,,hit,,,,—,,
2026-09-20T19:22:51.890725+00:00,nfl,2026,2,401872935,4018729351748,2,4:41,D.Watson scrambles right end to CLV 28 for 3 yards (J.Trotter).,1,10,CLE 25,75,0,Tampa Bay Buccaneers,Cleveland Browns,6,6,66.7,33.3,87.0,114.0,201.0,152.0,33.0,185.0,game,ML,Tampa Bay Buccaneers,,,polymarket,-195,—,—,,Loss,,miss,,,,—,,
2026-09-20T19:22:51.890725+00:00,nfl,2026,2,401872935,4018729351770,2,4:07,Q.Judkins left tackle to CLV 28 for no gain (K.Scott).,2,7,CLE 28,72,0,Tampa Bay Buccaneers,Cleveland Browns,6,6,66.7,33.3,87.0,114.0,201.0,152.0,33.0,185.0,game,Spread,Cleveland Browns,,8.5,polymarketus,-1012,—,—,,0,,hit,,,,—,,
2026-09-20T19:22:51.890725+00:00,nfl,2026,2,401872935,4018729351770,2,4:07,Q.Judkins left tackle to CLV 28 for no gain (K.Scott).,2,7,CLE 28,72,0,Tampa Bay Buccaneers,Cleveland Browns,6,6,66.7,33.3,87.0,114.0,201.0,152.0,33.0,185.0,game,Spread,Tampa Bay Buccaneers,,-8.5,polymarket,733,—,—,,0,,miss,,,,—,,
2026-09-20T19:22:51.890725+00:00,nfl,2026,2,401872935,4018729351770,2,4:07,Q.Judkins left tackle to CLV 28 for no gain (K.Scott).,2,7,CLE 28,72,0,Tampa Bay Buccaneers,Cleveland Browns,6,6,66.7,33.3,87.0,114.0,201.0,152.0,33.0,185.0,game,Total,Over,,42.5,betfair,109,—,—,,12.0,,miss,,,,—,,
2026-09-20T19:22:51.890725+00:00,nfl,2026,2,401872935,4018729351770,2,4:07,Q.Judkins left tackle to CLV 28 for no gain (K.Scott).,2,7,CLE 28,72,0,Tampa Bay Buccaneers,Cleveland Browns,6,6,66.7,33.3,87.0,114.0,201.0,152.0,33.0,185.0,game,Total,Under,,42.5,betfair,-130,—,—,,12.0,,hit,,,,—,,
2026-09-20T19:22:51.890725+00:00,nfl,2026,2,401872935,4018729351770,2,4:07,Q.Judkins left tackle to CLV 28 for no gain (K.Scott).,2,7,CLE 28,72,0,Tampa Bay Buccaneers,Cleveland Browns,6,6,66.7,33.3,87.0,114.0,201.0,152.0,33.0,185.0,game,ML,Tampa Bay Buccaneers,,,polymarket,-195,—,—,,Loss,,miss,,,,—,,
2026-09-20T19:22:51.890725+00:00,nfl,2026,2,401872935,4018729351792,2,3:25,(Shotgun) D.Watson pass short left to K.Concepcion to CLV 34 for 6 yards (Z.McCollum).,3,7,CLE 28,72,0,Tampa Bay Buccaneers,Cleveland Browns,6,6,66.7,33.3,87.0,114.0,201.0,152.0,33.0,185.0,game,Spread,Cleveland Browns,,8.5,polymarketus,-1012,—,—,,0,,hit,,,,—,,
2026-09-20T19:22:51.890725+00:00,nfl,2026,2,401872935,4018729351792,2,3:25,(Shotgun) D.Watson pass short left to K.Concepcion to CLV 34 for 6 yards (Z.McCollum).,3,7,CLE 28,72,0,Tampa Bay Buccaneers,Cleveland Browns,6,6,66.7,33.3,87.0,114.0,201.0,152.0,33.0,185.0,game,Spread,Tampa Bay Buccaneers,,-8.5,polymarket,733,—,—,,0,,miss,,,,—,,
2026-09-20T19:22:51.890725+00:00,nfl,2026,2,401872935,4018729351792,2,3:25,(Shotgun) D.Watson pass short left to K.Concepcion to CLV 34 for 6 yards (Z.McCollum).,3,7,CLE 28,72,0,Tampa Bay Buccaneers,Cleveland Browns,6,6,66.7,33.3,87.0,114.0,201.0,152.0,33.0,185.0,game,Total,Over,,42.5,betfair,109,—,—,,12.0,,miss,,,,—,,
2026-09-20T19:22:51.890725+00:00,nfl,2026,2,401872935,4018729351792,2,3:25,(Shotgun) D.Watson pass short left to K.Concepcion to CLV 34 for 6 yards (Z.McCollum).,3,7,CLE 28,72,0,Tampa Bay Buccaneers,Cleveland Browns,6,6,66.7,33.3,87.0,114.0,201.0,152.0,33.0,185.0,game,Total,Under,,42.5,betfair,-130,—,—,,12.0,,hit,,,,—,,
2026-09-20T19:22:51.890725+00:00,nfl,2026,2,401872935,4018729351792,2,3:25,(Shotgun) D.Watson pass short left to K.Concepcion to CLV 34 for 6 yards (Z.McCollum).,3,7,CLE 28,72,0,Tampa Bay Buccaneers,Cleveland Browns,6,6,66.7,33.3,87.0,114.0,201.0,152.0,33.0,185.0,game,ML,Tampa Bay Buccaneers,,,polymarket,-195,—,—,,Loss,,miss,,,,—,,
2026-09-20T19:22:51.890725+00:00,nfl,2026,2,401872935,4018729351817,2,2:50,Q.Judkins right guard to CLV 34 for no gain (E.Roberts).,4,1,CLE 34,66,0,Tampa Bay Buccaneers,Cleveland Browns,6,6,66.7,33.3,87.0,114.0,201.0,152.0,33.0,185.0,game,Spread,Cleveland Browns,,8.5,polymarketus,-1012,—,—,,0,,hit,,,,—,,
2026-09-20T19:22:51.890725+00:00,nfl,2026,2,401872935,4018729351817,2,2:50,Q.Judkins right guard to CLV 34 for no gain (E.Roberts).,4,1,CLE 34,66,0,Tampa Bay Buccaneers,Cleveland Browns,6,6,66.7,33.3,87.0,114.0,201.0,152.0,33.0,185.0,game,Spread,Tampa Bay Buccaneers,,-8.5,polymarket,733,—,—,,0,,miss,,,,—,,
2026-09-20T19:22:51.890725+00:00,nfl,2026,2,401872935,4018729351817,2,2:50,Q.Judkins right guard to CLV 34 for no gain (E.Roberts).,4,1,CLE 34,66,0,Tampa Bay Buccaneers,Cleveland Browns,6,6,66.7,33.3,87.0,114.0,201.0,152.0,33.0,185.0,game,Total,Over,,42.5,betfair,109,—,—,,12.0,,miss,,,,—,,
2026-09-20T19:22:51.890725+00:00,nfl,2026,2,401872935,4018729351817,2,2:50,Q.Judkins right guard to CLV 34 for no gain (E.Roberts).,4,1,CLE 34,66,0,Tampa Bay Buccaneers,Cleveland Browns,6,6,66.7,33.3,87.0,114.0,201.0,152.0,33.0,185.0,game,Total,Under,,42.5,betfair,-130,—,—,,12.0,,hit,,,,—,,
2026-09-20T19:22:51.890725+00:00,nfl,2026,2,401872935,4018729351817,2,2:50,Q.Judkins right guard to CLV 34 for no gain (E.Roberts).,4,1,CLE 34,66,0,Tampa Bay Buccaneers,Cleveland Browns,6,6,66.7,33.3,87.0,114.0,201.0,152.0,33.0,185.0,game,ML,Tampa Bay Buccaneers,,,polymarket,-195,—,—,,Loss,,miss,,,,—,,
2026-09-20T19:22:51.890725+00:00,nfl,2026,2,401872935,4018729351828,2,2:45,Official Timeout at 02:45.,1,10,CLE 34,66,0,Tampa Bay Buccaneers,Cleveland Browns,6,6,66.7,33.3,87.0,114.0,201.0,152.0,33.0,185.0,game,Spread,Cleveland Browns,,8.5,polymarketus,-1012,—,—,,0,,hit,,,,—,,
2026-09-20T19:22:51.890725+00:00,nfl,2026,2,401872935,4018729351828,2,2:45,Official Timeout at 02:45.,1,10,CLE 34,66,0,Tampa Bay Buccaneers,Cleveland Browns,6,6,66.7,33.3,87.0,114.0,201.0,152.0,33.0,185.0,game,Spread,Tampa Bay Buccaneers,,-8.5,polymarket,733,—,—,,0,,miss,,,,—,,
2026-09-20T19:22:51.890725+00:00,nfl,2026,2,401872935,4018729351828,2,2:45,Official Timeout at 02:45.,1,10,CLE 34,66,0,Tampa Bay Buccaneers,Cleveland Browns,6,6,66.7,33.3,87.0,114.0,201.0,152.0,33.0,185.0,game,Total,Over,,42.5,betfair,109,—,—,,12.0,,miss,,,,—,,
2026-09-20T19:22:51.890725+00:00,nfl,2026,2,401872935,4018729351828,2,2:45,Official Timeout at 02:45.,1,10,CLE 34,66,0,Tampa Bay Buccaneers,Cleveland Browns,6,6,66.7,33.3,87.0,114.0,201.0,152.0,33.0,185.0,game,Total,Under,,42.5,betfair,-130,—,—,,12.0,,hit,,,,—,,
2026-09-20T19:22:51.890725+00:00,nfl,2026,2,401872935,4018729351828,2,2:45,Official Timeout at 02:45.,1,10,CLE 34,66,0,Tampa Bay Buccaneers,Cleveland Browns,6,6,66.7,33.3,87.0,114.0,201.0,152.0,33.0,185.0,game,ML,Tampa Bay Buccaneers,,,polymarket,-195,—,—,,Loss,,miss,,,,—,,
2026-09-20T19:22:51.890725+00:00,nfl,2026,2,401872935,4018729351839,2,2:45,(Shotgun) B.Irving left tackle to CLV 33 for 1 yard (I.McGuire).,1,10,CLE 34,66,0,Tampa Bay Buccaneers,Cleveland Browns,6,6,66.7,33.3,87.0,114.0,201.0,152.0,33.0,185.0,game,Spread,Cleveland Browns,,8.5,polymarketus,-1012,—,—,,0,,hit,,,,—,,
2026-09-20T19:22:51.890725+00:00,nfl,2026,2,401872935,4018729351839,2,2:45,(Shotgun) B.Irving left tackle to CLV 33 for 1 yard (I.McGuire).,1,10,CLE 34,66,0,Tampa Bay Buccaneers,Cleveland Browns,6,6,66.7,33.3,87.0,114.0,201.0,152.0,33.0,185.0,game,Spread,Tampa Bay Buccaneers,,-8.5,polymarket,733,—,—,,0,,miss,,,,—,,
2026-09-20T19:22:51.890725+00:00,nfl,2026,2,401872935,4018729351839,2,2:45,(Shotgun) B.Irving left tackle to CLV 33 for 1 yard (I.McGuire).,1,10,CLE 34,66,0,Tampa Bay Buccaneers,Cleveland Browns,6,6,66.7,33.3,87.0,114.0,201.0,152.0,33.0,185.0,game,Total,Over,,42.5,betfair,109,—,—,,12.0,,miss,,,,—,,
2026-09-20T19:22:51.890725+00:00,nfl,2026,2,401872935,4018729351839,2,2:45,(Shotgun) B.Irving left tackle to CLV 33 for 1 yard (I.McGuire).,1,10,CLE 34,66,0,Tampa Bay Buccaneers,Cleveland Browns,6,6,66.7,33.3,87.0,114.0,201.0,152.0,33.0,185.0,game,Total,Under,,42.5,betfair,-130,—,—,,12.0,,hit,,,,—,,
2026-09-20T19:22:51.890725+00:00,nfl,2026,2,401872935,4018729351839,2,2:45,(Shotgun) B.Irving left tackle to CLV 33 for 1 yard (I.McGuire).,1,10,CLE 34,66,0,Tampa Bay Buccaneers,Cleveland Browns,6,6,66.7,33.3,87.0,114.0,201.0,152.0,33.0,185.0,game,ML,Tampa Bay Buccaneers,,,polymarket,-195,—,—,,Loss,,miss,,,,—,,
2026-09-20T19:22:51.890725+00:00,nfl,2026,2,401872935,4018729351854,2,2:00,Two-Minute Warning,2,9,CLE 33,67,0,Tampa Bay Buccaneers,Cleveland Browns,6,6,66.7,33.3,87.0,114.0,201.0,152.0,33.0,185.0,game,Spread,Cleveland Browns,,8.5,polymarketus,-1012,—,—,,0,,hit,,,,—,,
2026-09-20T19:22:51.890725+00:00,nfl,2026,2,401872935,4018729351854,2,2:00,Two-Minute Warning,2,9,CLE 33,67,0,Tampa Bay Buccaneers,Cleveland Browns,6,6,66.7,33.3,87.0,114.0,201.0,152.0,33.0,185.0,game,Spread,Tampa Bay Buccaneers,,-8.5,polymarket,733,—,—,,0,,miss,,,,—,,
2026-09-20T19:22:51.890725+00:00,nfl,2026,2,401872935,4018729351854,2,2:00,Two-Minute Warning,2,9,CLE 33,67,0,Tampa Bay Buccaneers,Cleveland Browns,6,6,66.7,33.3,87.0,114.0,201.0,152.0,33.0,185.0,game,Total,Over,,42.5,betfair,109,—,—,,12.0,,miss,,,,—,,
2026-09-20T19:22:51.890725+00:00,nfl,2026,2,401872935,4018729351854,2,2:00,Two-Minute Warning,2,9,CLE 33,67,0,Tampa Bay Buccaneers,Cleveland Browns,6,6,66.7,33.3,87.0,114.0,201.0,152.0,33.0,185.0,game,Total,Under,,42.5,betfair,-130,—,—,,12.0,,hit,,,,—,,
2026-09-20T19:22:51.890725+00:00,nfl,2026,2,401872935,4018729351854,2,2:00,Two-Minute Warning,2,9,CLE 33,67,0,Tampa Bay Buccaneers,Cleveland Browns,6,6,66.7,33.3,87.0,114.0,201.0,152.0,33.0,185.0,game,ML,Tampa Bay Buccaneers,,,polymarket,-195,—,—,,Loss,,miss,,,,—,,
2026-09-20T19:22:51.890725+00:00,nfl,2026,2,401872935,4018729351868,2,2:00,(Shotgun) B.Mayfield pass short right to E.Egbuka ran ob at CLV 26 for 7 yards.,2,9,CLE 33,67,0,Tampa Bay Buccaneers,Cleveland Browns,6,6,66.7,33.3,87.0,114.0,201.0,152.0,33.0,185.0,game,Spread,Cleveland Browns,,8.5,polymarketus,-1012,—,—,,0,,hit,,,,—,,
2026-09-20T19:22:51.890725+00:00,nfl,2026,2,401872935,4018729351868,2,2:00,(Shotgun) B.Mayfield pass short right to E.Egbuka ran ob at CLV 26 for 7 yards.,2,9,CLE 33,67,0,Tampa Bay Buccaneers,Cleveland Browns,6,6,66.7,33.3,87.0,114.0,201.0,152.0,33.0,185.0,game,Spread,Tampa Bay Buccaneers,,-8.5,polymarket,733,—,—,,0,,miss,,,,—,,
2026-09-20T19:22:51.890725+00:00,nfl,2026,2,401872935,4018729351868,2,2:00,(Shotgun) B.Mayfield pass short right to E.Egbuka ran ob at CLV 26 for 7 yards.,2,9,CLE 33,67,0,Tampa Bay Buccaneers,Cleveland Browns,6,6,66.7,33.3,87.0,114.0,201.0,152.0,33.0,185.0,game,Total,Over,,42.5,betfair,109,—,—,,12.0,,miss,,,,—,,
2026-09-20T19:22:51.890725+00:00,nfl,2026,2,401872935,4018729351868,2,2:00,(Shotgun) B.Mayfield pass short right to E.Egbuka ran ob at CLV 26 for 7 yards.,2,9,CLE 33,67,0,Tampa Bay Buccaneers,Cleveland Browns,6,6,66.7,33.3,87.0,114.0,201.0,152.0,33.0,185.0,game,Total,Under,,42.5,betfair,-130,—,—,,12.0,,hit,,,,—,,
2026-09-20T19:22:51.890725+00:00,nfl,2026,2,401872935,4018729351868,2,2:00,(Shotgun) B.Mayfield pass short right to E.Egbuka ran ob at CLV 26 for 7 yards.,2,9,CLE 33,67,0,Tampa Bay Buccaneers,Cleveland Browns,6,6,66.7,33.3,87.0,114.0,201.0,152.0,33.0,185.0,game,ML,Tampa Bay Buccaneers,,,polymarket,-195,—,—,,Loss,,miss,,,,—,,
2026-09-20T19:22:51.890725+00:00,nfl,2026,2,401872935,4018729351905,2,1:56,"(No Huddle, Shotgun) K.Gainwell right tackle to CLV 22 for 4 yards (G.Delpit).",3,2,CLE 26,74,0,Tampa Bay Buccaneers,Cleveland Browns,6,6,66.7,33.3,87.0,114.0,201.0,152.0,33.0,185.0,game,Spread,Cleveland Browns,,8.5,polymarketus,-1012,—,—,,0,,hit,,,,—,,
2026-09-20T19:22:51.890725+00:00,nfl,2026,2,401872935,4018729351905,2,1:56,"(No Huddle, Shotgun) K.Gainwell right tackle to CLV 22 for 4 yards (G.Delpit).",3,2,CLE 26,74,0,Tampa Bay Buccaneers,Cleveland Browns,6,6,66.7,33.3,87.0,114.0,201.0,152.0,33.0,185.0,game,Spread,Tampa Bay Buccaneers,,-8.5,polymarket,733,—,—,,0,,miss,,,,—,,
2026-09-20T19:22:51.890725+00:00,nfl,2026,2,401872935,4018729351905,2,1:56,"(No Huddle, Shotgun) K.Gainwell right tackle to CLV 22 for 4 yards (G.Delpit).",3,2,CLE 26,74,0,Tampa Bay Buccaneers,Cleveland Browns,6,6,66.7,33.3,87.0,114.0,201.0,152.0,33.0,185.0,game,Total,Over,,42.5,betfair,109,—,—,,12.0,,miss,,,,—,,
2026-09-20T19:22:51.890725+00:00,nfl,2026,2,401872935,4018729351905,2,1:56,"(No Huddle, Shotgun) K.Gainwell right tackle to CLV 22 for 4 yards (G.Delpit).",3,2,CLE 26,74,0,Tampa Bay Buccaneers,Cleveland Browns,6,6,66.7,33.3,87.0,114.0,201.0,152.0,33.0,185.0,game,Total,Under,,42.5,betfair,-130,—,—,,12.0,,hit,,,,—,,
2026-09-20T19:22:51.890725+00:00,nfl,2026,2,401872935,4018729351905,2,1:56,"(No Huddle, Shotgun) K.Gainwell right tackle to CLV 22 for 4 yards (G.Delpit).",3,2,CLE 26,74,0,Tampa Bay Buccaneers,Cleveland Browns,6,6,66.7,33.3,87.0,114.0,201.0,152.0,33.0,185.0,game,ML,Tampa Bay Buccaneers,,,polymarket,-195,—,—,,Loss,,miss,,,,—,,
2026-09-20T19:22:51.890725+00:00,nfl,2026,2,401872935,4018729351927,2,1:19,B.Mayfield pass short left to K.Gainwell to CLV 17 for 5 yards (S.Williams).,1,10,CLE 22,78,0,Tampa Bay Buccaneers,Cleveland Browns,6,6,66.7,33.3,87.0,114.0,201.0,152.0,33.0,185.0,game,Spread,Cleveland Browns,,8.5,polymarketus,-1012,—,—,,0,,hit,,,,—,,
2026-09-20T19:22:51.890725+00:00,nfl,2026,2,401872935,4018729351927,2,1:19,B.Mayfield pass short left to K.Gainwell to CLV 17 for 5 yards (S.Williams).,1,10,CLE 22,78,0,Tampa Bay Buccaneers,Cleveland Browns,6,6,66.7,33.3,87.0,114.0,201.0,152.0,33.0,185.0,game,Spread,Tampa Bay Buccaneers,,-8.5,polymarket,733,—,—,,0,,miss,,,,—,,
2026-09-20T19:22:51.890725+00:00,nfl,2026,2,401872935,4018729351927,2,1:19,B.Mayfield pass short left to K.Gainwell to CLV 17 for 5 yards (S.Williams).,1,10,CLE 22,78,0,Tampa Bay Buccaneers,Cleveland Browns,6,6,66.7,33.3,87.0,114.0,201.0,152.0,33.0,185.0,game,Total,Over,,42.5,betfair,109,—,—,,12.0,,miss,,,,—,,
2026-09-20T19:22:51.890725+00:00,nfl,2026,2,401872935,4018729351927,2,1:19,B.Mayfield pass short left to K.Gainwell to CLV 17 for 5 yards (S.Williams).,1,10,CLE 22,78,0,Tampa Bay Buccaneers,Cleveland Browns,6,6,66.7,33.3,87.0,114.0,201.0,152.0,33.0,185.0,game,Total,Under,,42.5,betfair,-130,—,—,,12.0,,hit,,,,—,,
2026-09-20T19:22:51.890725+00:00,nfl,2026,2,401872935,4018729351927,2,1:19,B.Mayfield pass short left to K.Gainwell to CLV 17 for 5 yards (S.Williams).,1,10,CLE 22,78,0,Tampa Bay Buccaneers,Cleveland Browns,6,6,66.7,33.3,87.0,114.0,201.0,152.0,33.0,185.0,game,ML,Tampa Bay Buccaneers,,,polymarket,-195,—,—,,Loss,,miss,,,,—,,
2026-09-20T19:22:51.890725+00:00,nfl,2026,2,401872935,4018729351952,2,0:41,K.Gainwell left end to CLV 11 for 6 yards (C.Schwesinger; R.Hickman).,2,5,CLE 17,83,0,Tampa Bay Buccaneers,Cleveland Browns,6,6,66.7,33.3,87.0,114.0,201.0,152.0,33.0,185.0,game,Spread,Cleveland Browns,,8.5,polymarketus,-1012,—,—,,0,,hit,,,,—,,
2026-09-20T19:22:51.890725+00:00,nfl,2026,2,401872935,4018729351952,2,0:41,K.Gainwell left end to CLV 11 for 6 yards (C.Schwesinger; R.Hickman).,2,5,CLE 17,83,0,Tampa Bay Buccaneers,Cleveland Browns,6,6,66.7,33.3,87.0,114.0,201.0,152.0,33.0,185.0,game,Spread,Tampa Bay Buccaneers,,-8.5,polymarket,733,—,—,,0,,miss,,,,—,,
2026-09-20T19:22:51.890725+00:00,nfl,2026,2,401872935,4018729351952,2,0:41,K.Gainwell left end to CLV 11 for 6 yards (C.Schwesinger; R.Hickman).,2,5,CLE 17,83,0,Tampa Bay Buccaneers,Cleveland Browns,6,6,66.7,33.3,87.0,114.0,201.0,152.0,33.0,185.0,game,Total,Over,,42.5,betfair,109,—,—,,12.0,,miss,,,,—,,
2026-09-20T19:22:51.890725+00:00,nfl,2026,2,401872935,4018729351952,2,0:41,K.Gainwell left end to CLV 11 for 6 yards (C.Schwesinger; R.Hickman).,2,5,CLE 17,83,0,Tampa Bay Buccaneers,Cleveland Browns,6,6,66.7,33.3,87.0,114.0,201.0,152.0,33.0,185.0,game,Total,Under,,42.5,betfair,-130,—,—,,12.0,,hit,,,,—,,
2026-09-20T19:22:51.890725+00:00,nfl,2026,2,401872935,4018729351952,2,0:41,K.Gainwell left end to CLV 11 for 6 yards (C.Schwesinger; R.Hickman).,2,5,CLE 17,83,0,Tampa Bay Buccaneers,Cleveland Browns,6,6,66.7,33.3,87.0,114.0,201.0,152.0,33.0,185.0,game,ML,Tampa Bay Buccaneers,,,polymarket,-195,—,—,,Loss,,miss,,,,—,,
2026-09-20T19:22:51.890725+00:00,nfl,2026,2,401872935,4018729351963,2,0:34,Timeout #2 by TB at 00:34.,1,10,CLE 11,89,0,Tampa Bay Buccaneers,Cleveland Browns,6,6,66.7,33.3,87.0,114.0,201.0,152.0,33.0,185.0,game,Spread,Cleveland Browns,,8.5,polymarketus,-1012,—,—,,0,,hit,,,,—,,
2026-09-20T19:22:51.890725+00:00,nfl,2026,2,401872935,4018729351963,2,0:34,Timeout #2 by TB at 00:34.,1,10,CLE 11,89,0,Tampa Bay Buccaneers,Cleveland Browns,6,6,66.7,33.3,87.0,114.0,201.0,152.0,33.0,185.0,game,Spread,Tampa Bay Buccaneers,,-8.5,polymarket,733,—,—,,0,,miss,,,,—,,
2026-09-20T19:22:51.890725+00:00,nfl,2026,2,401872935,4018729351963,2,0:34,Timeout #2 by TB at 00:34.,1,10,CLE 11,89,0,Tampa Bay Buccaneers,Cleveland Browns,6,6,66.7,33.3,87.0,114.0,201.0,152.0,33.0,185.0,game,Total,Over,,42.5,betfair,109,—,—,,12.0,,miss,,,,—,,
2026-09-20T19:22:51.890725+00:00,nfl,2026,2,401872935,4018729351963,2,0:34,Timeout #2 by TB at 00:34.,1,10,CLE 11,89,0,Tampa Bay Buccaneers,Cleveland Browns,6,6,66.7,33.3,87.0,114.0,201.0,152.0,33.0,185.0,game,Total,Under,,42.5,betfair,-130,—,—,,12.0,,hit,,,,—,,
2026-09-20T19:22:51.890725+00:00,nfl,2026,2,401872935,4018729351963,2,0:34,Timeout #2 by TB at 00:34.,1,10,CLE 11,89,0,Tampa Bay Buccaneers,Cleveland Browns,6,6,66.7,33.3,87.0,114.0,201.0,152.0,33.0,185.0,game,ML,Tampa Bay Buccaneers,,,polymarket,-195,—,—,,Loss,,miss,,,,—,,
2026-09-20T19:22:51.890725+00:00,nfl,2026,2,401872935,4018729351974,2,0:34,(Shotgun) B.Mayfield pass short left to K.Gainwell to CLV 13 for -2 yards (J.Verse).,1,10,CLE 11,89,0,Tampa Bay Buccaneers,Cleveland Browns,6,6,66.7,33.3,87.0,114.0,201.0,152.0,33.0,185.0,game,Spread,Cleveland Browns,,8.5,polymarketus,-1012,—,—,,0,,hit,,,,—,,
2026-09-20T19:22:51.890725+00:00,nfl,2026,2,401872935,4018729351974,2,0:34,(Shotgun) B.Mayfield pass short left to K.Gainwell to CLV 13 for -2 yards (J.Verse).,1,10,CLE 11,89,0,Tampa Bay Buccaneers,Cleveland Browns,6,6,66.7,33.3,87.0,114.0,201.0,152.0,33.0,185.0,game,Spread,Tampa Bay Buccaneers,,-8.5,polymarket,733,—,—,,0,,miss,,,,—,,
2026-09-20T19:22:51.890725+00:00,nfl,2026,2,401872935,4018729351974,2,0:34,(Shotgun) B.Mayfield pass short left to K.Gainwell to CLV 13 for -2 yards (J.Verse).,1,10,CLE 11,89,0,Tampa Bay Buccaneers,Cleveland Browns,6,6,66.7,33.3,87.0,114.0,201.0,152.0,33.0,185.0,game,Total,Over,,42.5,betfair,109,—,—,,12.0,,miss,,,,—,,
2026-09-20T19:22:51.890725+00:00,nfl,2026,2,401872935,4018729351974,2,0:34,(Shotgun) B.Mayfield pass short left to K.Gainwell to CLV 13 for -2 yards (J.Verse).,1,10,CLE 11,89,0,Tampa Bay Buccaneers,Cleveland Browns,6,6,66.7,33.3,87.0,114.0,201.0,152.0,33.0,185.0,game,Total,Under,,42.5,betfair,-130,—,—,,12.0,,hit,,,,—,,
2026-09-20T19:22:51.890725+00:00,nfl,2026,2,401872935,4018729351974,2,0:34,(Shotgun) B.Mayfield pass short left to K.Gainwell to CLV 13 for -2 yards (J.Verse).,1,10,CLE 11,89,0,Tampa Bay Buccaneers,Cleveland Browns,6,6,66.7,33.3,87.0,114.0,201.0,152.0,33.0,185.0,game,ML,Tampa Bay Buccaneers,,,polymarket,-195,—,—,,Loss,,miss,,,,—,,
2026-09-20T19:22:51.890725+00:00,nfl,2026,2,401872935,4018729351990,2,0:25,Timeout #3 by TB at 00:25.,2,12,CLE 13,87,0,Tampa Bay Buccaneers,Cleveland Browns,6,6,66.7,33.3,87.0,114.0,201.0,152.0,33.0,185.0,game,Spread,Cleveland Browns,,8.5,polymarketus,-1012,—,—,,0,,hit,,,,—,,
2026-09-20T19:22:51.890725+00:00,nfl,2026,2,401872935,4018729351990,2,0:25,Timeout #3 by TB at 00:25.,2,12,CLE 13,87,0,Tampa Bay Buccaneers,Cleveland Browns,6,6,66.7,33.3,87.0,114.0,201.0,152.0,33.0,185.0,game,Spread,Tampa Bay Buccaneers,,-8.5,polymarket,733,—,—,,0,,miss,,,,—,,
2026-09-20T19:22:51.890725+00:00,nfl,2026,2,401872935,4018729351990,2,0:25,Timeout #3 by TB at 00:25.,2,12,CLE 13,87,0,Tampa Bay Buccaneers,Cleveland Browns,6,6,66.7,33.3,87.0,114.0,201.0,152.0,33.0,185.0,game,Total,Over,,42.5,betfair,109,—,—,,12.0,,miss,,,,—,,
2026-09-20T19:22:51.890725+00:00,nfl,2026,2,401872935,4018729351990,2,0:25,Timeout #3 by TB at 00:25.,2,12,CLE 13,87,0,Tampa Bay Buccaneers,Cleveland Browns,6,6,66.7,33.3,87.0,114.0,201.0,152.0,33.0,185.0,game,Total,Under,,42.5,betfair,-130,—,—,,12.0,,hit,,,,—,,
2026-09-20T19:22:51.890725+00:00,nfl,2026,2,401872935,4018729351990,2,0:25,Timeout #3 by TB at 00:25.,2,12,CLE 13,87,0,Tampa Bay Buccaneers,Cleveland Browns,6,6,66.7,33.3,87.0,114.0,201.0,152.0,33.0,185.0,game,ML,Tampa Bay Buccaneers,,,polymarket,-195,—,—,,Loss,,miss,,,,—,,
2026-09-20T19:22:51.890725+00:00,nfl,2026,2,401872935,4018729352006,2,0:25,(Shotgun) B.Mayfield pass incomplete short right.,2,12,CLE 13,87,0,Tampa Bay Buccaneers,Cleveland Browns,6,6,66.7,33.3,87.0,114.0,201.0,152.0,33.0,185.0,game,Spread,Cleveland Browns,,8.5,polymarketus,-1012,—,—,,0,,hit,,,,—,,
2026-09-20T19:22:51.890725+00:00,nfl,2026,2,401872935,4018729352006,2,0:25,(Shotgun) B.Mayfield pass incomplete short right.,2,12,CLE 13,87,0,Tampa Bay Buccaneers,Cleveland Browns,6,6,66.7,33.3,87.0,114.0,201.0,152.0,33.0,185.0,game,Spread,Tampa Bay Buccaneers,,-8.5,polymarket,733,—,—,,0,,miss,,,,—,,
2026-09-20T19:22:51.890725+00:00,nfl,2026,2,401872935,4018729352006,2,0:25,(Shotgun) B.Mayfield pass incomplete short right.,2,12,CLE 13,87,0,Tampa Bay Buccaneers,Cleveland Browns,6,6,66.7,33.3,87.0,114.0,201.0,152.0,33.0,185.0,game,Total,Over,,42.5,betfair,109,—,—,,12.0,,miss,,,,—,,
2026-09-20T19:22:51.890725+00:00,nfl,2026,2,401872935,4018729352006,2,0:25,(Shotgun) B.Mayfield pass incomplete short right.,2,12,CLE 13,87,0,Tampa Bay Buccaneers,Cleveland Browns,6,6,66.7,33.3,87.0,114.0,201.0,152.0,33.0,185.0,game,Total,Under,,42.5,betfair,-130,—,—,,12.0,,hit,,,,—,,
2026-09-20T19:22:51.890725+00:00,nfl,2026,2,401872935,4018729352006,2,0:25,(Shotgun) B.Mayfield pass incomplete short right.,2,12,CLE 13,87,0,Tampa Bay Buccaneers,Cleveland Browns,6,6,66.7,33.3,87.0,114.0,201.0,152.0,33.0,185.0,game,ML,Tampa Bay Buccaneers,,,polymarket,-195,—,—,,Loss,,miss,,,,—,,
2026-09-20T19:22:51.890725+00:00,nfl,2026,2,401872935,4018729352021,2,0:19,Timeout #2 by CLV at 00:19.,3,12,CLE 13,87,0,Tampa Bay Buccaneers,Cleveland Browns,6,6,66.7,33.3,87.0,114.0,201.0,152.0,33.0,185.0,game,Spread,Cleveland Browns,,8.5,polymarketus,-1012,—,—,,0,,hit,,,,—,,
2026-09-20T19:22:51.890725+00:00,nfl,2026,2,401872935,4018729352021,2,0:19,Timeout #2 by CLV at 00:19.,3,12,CLE 13,87,0,Tampa Bay Buccaneers,Cleveland Browns,6,6,66.7,33.3,87.0,114.0,201.0,152.0,33.0,185.0,game,Spread,Tampa Bay Buccaneers,,-8.5,polymarket,733,—,—,,0,,miss,,,,—,,
2026-09-20T19:22:51.890725+00:00,nfl,2026,2,401872935,4018729352021,2,0:19,Timeout #2 by CLV at 00:19.,3,12,CLE 13,87,0,Tampa Bay Buccaneers,Cleveland Browns,6,6,66.7,33.3,87.0,114.0,201.0,152.0,33.0,185.0,game,Total,Over,,42.5,betfair,109,—,—,,12.0,,miss,,,,—,,
2026-09-20T19:22:51.890725+00:00,nfl,2026,2,401872935,4018729352021,2,0:19,Timeout #2 by CLV at 00:19.,3,12,CLE 13,87,0,Tampa Bay Buccaneers,Cleveland Browns,6,6,66.7,33.3,87.0,114.0,201.0,152.0,33.0,185.0,game,Total,Under,,42.5,betfair,-130,—,—,,12.0,,hit,,,,—,,
2026-09-20T19:22:51.890725+00:00,nfl,2026,2,401872935,4018729352021,2,0:19,Timeout #2 by CLV at 00:19.,3,12,CLE 13,87,0,Tampa Bay Buccaneers,Cleveland Browns,6,6,66.7,33.3,87.0,114.0,201.0,152.0,33.0,185.0,game,ML,Tampa Bay Buccaneers,,,polymarket,-195,—,—,,Loss,,miss,,,,—,,
2026-09-20T19:22:51.890725+00:00,nfl,2026,2,401872935,4018729352036,2,0:19,(Shotgun) B.Mayfield pass incomplete short left to T.Johnson.,3,12,CLE 13,87,0,Tampa Bay Buccaneers,Cleveland Browns,6,6,66.7,33.3,87.0,114.0,201.0,152.0,33.0,185.0,game,Spread,Cleveland Browns,,8.5,polymarketus,-1012,—,—,,0,,hit,,,,—,,
2026-09-20T19:22:51.890725+00:00,nfl,2026,2,401872935,4018729352036,2,0:19,(Shotgun) B.Mayfield pass incomplete short left to T.Johnson.,3,12,CLE 13,87,0,Tampa Bay Buccaneers,Cleveland Browns,6,6,66.7,33.3,87.0,114.0,201.0,152.0,33.0,185.0,game,Spread,Tampa Bay Buccaneers,,-8.5,polymarket,733,—,—,,0,,miss,,,,—,,
2026-09-20T19:22:51.890725+00:00,nfl,2026,2,401872935,4018729352036,2,0:19,(Shotgun) B.Mayfield pass incomplete short left to T.Johnson.,3,12,CLE 13,87,0,Tampa Bay Buccaneers,Cleveland Browns,6,6,66.7,33.3,87.0,114.0,201.0,152.0,33.0,185.0,game,Total,Over,,42.5,betfair,109,—,—,,12.0,,miss,,,,—,,
2026-09-20T19:22:51.890725+00:00,nfl,2026,2,401872935,4018729352036,2,0:19,(Shotgun) B.Mayfield pass incomplete short left to T.Johnson.,3,12,CLE 13,87,0,Tampa Bay Buccaneers,Cleveland Browns,6,6,66.7,33.3,87.0,114.0,201.0,152.0,33.0,185.0,game,Total,Under,,42.5,betfair,-130,—,—,,12.0,,hit,,,,—,,
2026-09-20T19:22:51.890725+00:00,nfl,2026,2,401872935,4018729352036,2,0:19,(Shotgun) B.Mayfield pass incomplete short left to T.Johnson.,3,12,CLE 13,87,0,Tampa Bay Buccaneers,Cleveland Browns,6,6,66.7,33.3,87.0,114.0,201.0,152.0,33.0,185.0,game,ML,Tampa Bay Buccaneers,,,polymarket,-195,—,—,,Loss,,miss,,,,—,,
2026-09-20T19:22:51.890725+00:00,nfl,2026,2,401872935,4018729352066,2,0:12,"C.McLaughlin 31 yard field goal is GOOD, Center-E.Deckers, Holder-R.Dixon.",4,12,CLE 13,87,3,Tampa Bay Buccaneers,Cleveland Browns,9,6,66.7,33.3,87.0,114.0,201.0,152.0,33.0,185.0,game,Spread,Cleveland Browns,,8.5,polymarketus,-1012,—,—,,+3,,hit,,,,—,,
2026-09-20T19:22:51.890725+00:00,nfl,2026,2,401872935,4018729352066,2,0:12,"C.McLaughlin 31 yard field goal is GOOD, Center-E.Deckers, Holder-R.Dixon.",4,12,CLE 13,87,3,Tampa Bay Buccaneers,Cleveland Browns,9,6,66.7,33.3,87.0,114.0,201.0,152.0,33.0,185.0,game,Spread,Tampa Bay Buccaneers,,-8.5,polymarket,733,—,—,,+3,,miss,,,,—,,
2026-09-20T19:22:51.890725+00:00,nfl,2026,2,401872935,4018729352066,2,0:12,"C.McLaughlin 31 yard field goal is GOOD, Center-E.Deckers, Holder-R.Dixon.",4,12,CLE 13,87,3,Tampa Bay Buccaneers,Cleveland Browns,9,6,66.7,33.3,87.0,114.0,201.0,152.0,33.0,185.0,game,Total,Over,,42.5,betfair,109,—,—,,15.0,,miss,,,,—,,
2026-09-20T19:22:51.890725+00:00,nfl,2026,2,401872935,4018729352066,2,0:12,"C.McLaughlin 31 yard field goal is GOOD, Center-E.Deckers, Holder-R.Dixon.",4,12,CLE 13,87,3,Tampa Bay Buccaneers,Cleveland Browns,9,6,66.7,33.3,87.0,114.0,201.0,152.0,33.0,185.0,game,Total,Under,,42.5,betfair,-130,—,—,,15.0,,hit,,,,—,,
2026-09-20T19:22:51.890725+00:00,nfl,2026,2,401872935,4018729352066,2,0:12,"C.McLaughlin 31 yard field goal is GOOD, Center-E.Deckers, Holder-R.Dixon.",4,12,CLE 13,87,3,Tampa Bay Buccaneers,Cleveland Browns,9,6,66.7,33.3,87.0,114.0,201.0,152.0,33.0,185.0,game,ML,Tampa Bay Buccaneers,,,polymarket,-195,—,—,,Win,,hit,,,,—,,
2026-09-20T19:22:51.890725+00:00,nfl,2026,2,401872935,4018729352086,2,0:12,C.McLaughlin kicks 64 yards from TB 35 to CLV 1. R.Sanders to CLV 25 for 24 yards (J.Trotter).,3,8,,35,3,Tampa Bay Buccaneers,Cleveland Browns,9,6,66.7,33.3,87.0,114.0,201.0,152.0,33.0,185.0,game,Spread,Cleveland Browns,,8.5,polymarketus,-1012,—,—,,+3,,hit,,,,—,,
2026-09-20T19:22:51.890725+00:00,nfl,2026,2,401872935,4018729352086,2,0:12,C.McLaughlin kicks 64 yards from TB 35 to CLV 1. R.Sanders to CLV 25 for 24 yards (J.Trotter).,3,8,,35,3,Tampa Bay Buccaneers,Cleveland Browns,9,6,66.7,33.3,87.0,114.0,201.0,152.0,33.0,185.0,game,Spread,Tampa Bay Buccaneers,,-8.5,polymarket,733,—,—,,+3,,miss,,,,—,,
2026-09-20T19:22:51.890725+00:00,nfl,2026,2,401872935,4018729352086,2,0:12,C.McLaughlin kicks 64 yards from TB 35 to CLV 1. R.Sanders to CLV 25 for 24 yards (J.Trotter).,3,8,,35,3,Tampa Bay Buccaneers,Cleveland Browns,9,6,66.7,33.3,87.0,114.0,201.0,152.0,33.0,185.0,game,Total,Over,,42.5,betfair,109,—,—,,15.0,,miss,,,,—,,
2026-09-20T19:22:51.890725+00:00,nfl,2026,2,401872935,4018729352086,2,0:12,C.McLaughlin kicks 64 yards from TB 35 to CLV 1. R.Sanders to CLV 25 for 24 yards (J.Trotter).,3,8,,35,3,Tampa Bay Buccaneers,Cleveland Browns,9,6,66.7,33.3,87.0,114.0,201.0,152.0,33.0,185.0,game,Total,Under,,42.5,betfair,-130,—,—,,15.0,,hit,,,,—,,
2026-09-20T19:22:51.890725+00:00,nfl,2026,2,401872935,4018729352086,2,0:12,C.McLaughlin kicks 64 yards from TB 35 to CLV 1. R.Sanders to CLV 25 for 24 yards (J.Trotter).,3,8,,35,3,Tampa Bay Buccaneers,Cleveland Browns,9,6,66.7,33.3,87.0,114.0,201.0,152.0,33.0,185.0,game,ML,Tampa Bay Buccaneers,,,polymarket,-195,—,—,,Win,,hit,,,,—,,
2026-09-20T19:22:51.890725+00:00,nfl,2026,2,401872935,4018729352109,2,0:07,D.Watson kneels to CLV 24 for -1 yards.,1,10,CLE 25,75,3,Tampa Bay Buccaneers,Cleveland Browns,9,6,66.7,33.3,87.0,114.0,201.0,152.0,33.0,185.0,game,Spread,Cleveland Browns,,8.5,polymarketus,-1012,—,—,,+3,,hit,,,,—,,
2026-09-20T19:22:51.890725+00:00,nfl,2026,2,401872935,4018729352109,2,0:07,D.Watson kneels to CLV 24 for -1 yards.,1,10,CLE 25,75,3,Tampa Bay Buccaneers,Cleveland Browns,9,6,66.7,33.3,87.0,114.0,201.0,152.0,33.0,185.0,game,Spread,Tampa Bay Buccaneers,,-8.5,polymarket,733,—,—,,+3,,miss,,,,—,,
2026-09-20T19:22:51.890725+00:00,nfl,2026,2,401872935,4018729352109,2,0:07,D.Watson kneels to CLV 24 for -1 yards.,1,10,CLE 25,75,3,Tampa Bay Buccaneers,Cleveland Browns,9,6,66.7,33.3,87.0,114.0,201.0,152.0,33.0,185.0,game,Total,Over,,42.5,betfair,109,—,—,,15.0,,miss,,,,—,,
2026-09-20T19:22:51.890725+00:00,nfl,2026,2,401872935,4018729352109,2,0:07,D.Watson kneels to CLV 24 for -1 yards.,1,10,CLE 25,75,3,Tampa Bay Buccaneers,Cleveland Browns,9,6,66.7,33.3,87.0,114.0,201.0,152.0,33.0,185.0,game,Total,Under,,42.5,betfair,-130,—,—,,15.0,,hit,,,,—,,
2026-09-20T19:22:51.890725+00:00,nfl,2026,2,401872935,4018729352109,2,0:07,D.Watson kneels to CLV 24 for -1 yards.,1,10,CLE 25,75,3,Tampa Bay Buccaneers,Cleveland Browns,9,6,66.7,33.3,87.0,114.0,201.0,152.0,33.0,185.0,game,ML,Tampa Bay Buccaneers,,,polymarket,-195,—,—,,Win,,hit,,,,—,,
2026-09-20T19:22:51.890725+00:00,nfl,2026,2,401872935,4018729352131,2,0:00,END QUARTER 2,3,8,,76,3,Tampa Bay Buccaneers,Cleveland Browns,9,6,66.7,33.3,87.0,114.0,201.0,152.0,33.0,185.0,game,Spread,Cleveland Browns,,8.5,polymarketus,-1012,—,—,,+3,,hit,,,,—,,
2026-09-20T19:22:51.890725+00:00,nfl,2026,2,401872935,4018729352131,2,0:00,END QUARTER 2,3,8,,76,3,Tampa Bay Buccaneers,Cleveland Browns,9,6,66.7,33.3,87.0,114.0,201.0,152.0,33.0,185.0,game,Spread,Tampa Bay Buccaneers,,-8.5,polymarket,733,—,—,,+3,,miss,,,,—,,
2026-09-20T19:22:51.890725+00:00,nfl,2026,2,401872935,4018729352131,2,0:00,END QUARTER 2,3,8,,76,3,Tampa Bay Buccaneers,Cleveland Browns,9,6,66.7,33.3,87.0,114.0,201.0,152.0,33.0,185.0,game,Total,Over,,42.5,betfair,109,—,—,,15.0,,miss,,,,—,,
2026-09-20T19:22:51.890725+00:00,nfl,2026,2,401872935,4018729352131,2,0:00,END QUARTER 2,3,8,,76,3,Tampa Bay Buccaneers,Cleveland Browns,9,6,66.7,33.3,87.0,114.0,201.0,152.0,33.0,185.0,game,Total,Under,,42.5,betfair,-130,—,—,,15.0,,hit,,,,—,,
2026-09-20T19:22:51.890725+00:00,nfl,2026,2,401872935,4018729352131,2,0:00,END QUARTER 2,3,8,,76,3,Tampa Bay Buccaneers,Cleveland Browns,9,6,66.7,33.3,87.0,114.0,201.0,152.0,33.0,185.0,game,ML,Tampa Bay Buccaneers,,,polymarket,-195,—,—,,Win,,hit,,,,—,,
2026-09-20T19:22:51.890725+00:00,nfl,2026,2,401872935,4018729352151,3,15:00,"A.Szmyt kicks 65 yards from CLV 35 to end zone, Touchback to the TB 35.",3,8,,65,3,Tampa Bay Buccaneers,Cleveland Browns,9,6,66.7,33.3,87.0,114.0,201.0,152.0,33.0,185.0,game,Spread,Cleveland Browns,,8.5,polymarketus,-1012,—,—,,+3,,hit,,,,—,,
2026-09-20T19:22:51.890725+00:00,nfl,2026,2,401872935,4018729352151,3,15:00,"A.Szmyt kicks 65 yards from CLV 35 to end zone, Touchback to the TB 35.",3,8,,65,3,Tampa Bay Buccaneers,Cleveland Browns,9,6,66.7,33.3,87.0,114.0,201.0,152.0,33.0,185.0,game,Spread,Tampa Bay Buccaneers,,-8.5,polymarket,733,—,—,,+3,,miss,,,,—,,
2026-09-20T19:22:51.890725+00:00,nfl,2026,2,401872935,4018729352151,3,15:00,"A.Szmyt kicks 65 yards from CLV 35 to end zone, Touchback to the TB 35.",3,8,,65,3,Tampa Bay Buccaneers,Cleveland Browns,9,6,66.7,33.3,87.0,114.0,201.0,152.0,33.0,185.0,game,Total,Over,,42.5,betfair,109,—,—,,15.0,,miss,,,,—,,
2026-09-20T19:22:51.890725+00:00,nfl,2026,2,401872935,4018729352151,3,15:00,"A.Szmyt kicks 65 yards from CLV 35 to end zone, Touchback to the TB 35.",3,8,,65,3,Tampa Bay Buccaneers,Cleveland Browns,9,6,66.7,33.3,87.0,114.0,201.0,152.0,33.0,185.0,game,Total,Under,,42.5,betfair,-130,—,—,,15.0,,hit,,,,—,,
2026-09-20T19:22:51.890725+00:00,nfl,2026,2,401872935,4018729352151,3,15:00,"A.Szmyt kicks 65 yards from CLV 35 to end zone, Touchback to the TB 35.",3,8,,65,3,Tampa Bay Buccaneers,Cleveland Browns,9,6,66.7,33.3,87.0,114.0,201.0,152.0,33.0,185.0,game,ML,Tampa Bay Buccaneers,,,polymarket,-195,—,—,,Win,,hit,,,,—,,
2026-09-20T19:22:51.890725+00:00,nfl,2026,2,401872935,4018729352173,3,15:00,B.Mayfield pass deep right to C.Godwin pushed ob at CLV 41 for 24 yards (N.Igbinoghene).,1,10,TB 35,35,3,Tampa Bay Buccaneers,Cleveland Browns,9,6,66.7,33.3,87.0,114.0,201.0,152.0,33.0,185.0,game,Spread,Cleveland Browns,,8.5,polymarketus,-1012,—,—,,+3,,hit,,,,—,,
2026-09-20T19:22:51.890725+00:00,nfl,2026,2,401872935,4018729352173,3,15:00,B.Mayfield pass deep right to C.Godwin pushed ob at CLV 41 for 24 yards (N.Igbinoghene).,1,10,TB 35,35,3,Tampa Bay Buccaneers,Cleveland Browns,9,6,66.7,33.3,87.0,114.0,201.0,152.0,33.0,185.0,game,Spread,Tampa Bay Buccaneers,,-8.5,polymarket,733,—,—,,+3,,miss,,,,—,,
2026-09-20T19:22:51.890725+00:00,nfl,2026,2,401872935,4018729352173,3,15:00,B.Mayfield pass deep right to C.Godwin pushed ob at CLV 41 for 24 yards (N.Igbinoghene).,1,10,TB 35,35,3,Tampa Bay Buccaneers,Cleveland Browns,9,6,66.7,33.3,87.0,114.0,201.0,152.0,33.0,185.0,game,Total,Over,,42.5,betfair,109,—,—,,15.0,,miss,,,,—,,
2026-09-20T19:22:51.890725+00:00,nfl,2026,2,401872935,4018729352173,3,15:00,B.Mayfield pass deep right to C.Godwin pushed ob at CLV 41 for 24 yards (N.Igbinoghene).,1,10,TB 35,35,3,Tampa Bay Buccaneers,Cleveland Browns,9,6,66.7,33.3,87.0,114.0,201.0,152.0,33.0,185.0,game,Total,Under,,42.5,betfair,-130,—,—,,15.0,,hit,,,,—,,
2026-09-20T19:22:51.890725+00:00,nfl,2026,2,401872935,4018729352173,3,15:00,B.Mayfield pass deep right to C.Godwin pushed ob at CLV 41 for 24 yards (N.Igbinoghene).,1,10,TB 35,35,3,Tampa Bay Buccaneers,Cleveland Browns,9,6,66.7,33.3,87.0,114.0,201.0,152.0,33.0,185.0,game,ML,Tampa Bay Buccaneers,,,polymarket,-195,—,—,,Win,,hit,,,,—,,
2026-09-20T19:22:51.890725+00:00,nfl,2026,2,401872935,4018729352203,3,14:25,(Shotgun) B.Irving left end to CLV 27 for 14 yards (Q.Williams).,1,10,CLE 41,59,3,Tampa Bay Buccaneers,Cleveland Browns,9,6,66.7,33.3,87.0,114.0,201.0,152.0,33.0,185.0,game,Spread,Cleveland Browns,,8.5,polymarketus,-1012,—,—,,+3,,hit,,,,—,,
2026-09-20T19:22:51.890725+00:00,nfl,2026,2,401872935,4018729352203,3,14:25,(Shotgun) B.Irving left end to CLV 27 for 14 yards (Q.Williams).,1,10,CLE 41,59,3,Tampa Bay Buccaneers,Cleveland Browns,9,6,66.7,33.3,87.0,114.0,201.0,152.0,33.0,185.0,game,Spread,Tampa Bay Buccaneers,,-8.5,polymarket,733,—,—,,+3,,miss,,,,—,,
2026-09-20T19:22:51.890725+00:00,nfl,2026,2,401872935,4018729352203,3,14:25,(Shotgun) B.Irving left end to CLV 27 for 14 yards (Q.Williams).,1,10,CLE 41,59,3,Tampa Bay Buccaneers,Cleveland Browns,9,6,66.7,33.3,87.0,114.0,201.0,152.0,33.0,185.0,game,Total,Over,,42.5,betfair,109,—,—,,15.0,,miss,,,,—,,
2026-09-20T19:22:51.890725+00:00,nfl,2026,2,401872935,4018729352203,3,14:25,(Shotgun) B.Irving left end to CLV 27 for 14 yards (Q.Williams).,1,10,CLE 41,59,3,Tampa Bay Buccaneers,Cleveland Browns,9,6,66.7,33.3,87.0,114.0,201.0,152.0,33.0,185.0,game,Total,Under,,42.5,betfair,-130,—,—,,15.0,,hit,,,,—,,
2026-09-20T19:22:51.890725+00:00,nfl,2026,2,401872935,4018729352203,3,14:25,(Shotgun) B.Irving left end to CLV 27 for 14 yards (Q.Williams).,1,10,CLE 41,59,3,Tampa Bay Buccaneers,Cleveland Browns,9,6,66.7,33.3,87.0,114.0,201.0,152.0,33.0,185.0,game,ML,Tampa Bay Buccaneers,,,polymarket,-195,—,—,,Win,,hit,,,,—,,
2026-09-20T19:22:51.890725+00:00,nfl,2026,2,401872935,4018729352225,3,13:41,B.Irving right guard to CLV 27 for no gain (M.Graham; M.Collins).,1,10,CLE 27,73,3,Tampa Bay Buccaneers,Cleveland Browns,9,6,66.7,33.3,87.0,114.0,201.0,152.0,33.0,185.0,game,Spread,Cleveland Browns,,8.5,polymarketus,-1012,—,—,,+3,,hit,,,,—,,
2026-09-20T19:22:51.890725+00:00,nfl,2026,2,401872935,4018729352225,3,13:41,B.Irving right guard to CLV 27 for no gain (M.Graham; M.Collins).,1,10,CLE 27,73,3,Tampa Bay Buccaneers,Cleveland Browns,9,6,66.7,33.3,87.0,114.0,201.0,152.0,33.0,185.0,game,Spread,Tampa Bay Buccaneers,,-8.5,polymarket,733,—,—,,+3,,miss,,,,—,,
2026-09-20T19:22:51.890725+00:00,nfl,2026,2,401872935,4018729352225,3,13:41,B.Irving right guard to CLV 27 for no gain (M.Graham; M.Collins).,1,10,CLE 27,73,3,Tampa Bay Buccaneers,Cleveland Browns,9,6,66.7,33.3,87.0,114.0,201.0,152.0,33.0,185.0,game,Total,Over,,42.5,betfair,109,—,—,,15.0,,miss,,,,—,,
2026-09-20T19:22:51.890725+00:00,nfl,2026,2,401872935,4018729352225,3,13:41,B.Irving right guard to CLV 27 for no gain (M.Graham; M.Collins).,1,10,CLE 27,73,3,Tampa Bay Buccaneers,Cleveland Browns,9,6,66.7,33.3,87.0,114.0,201.0,152.0,33.0,185.0,game,Total,Under,,42.5,betfair,-130,—,—,,15.0,,hit,,,,—,,
2026-09-20T19:22:51.890725+00:00,nfl,2026,2,401872935,4018729352225,3,13:41,B.Irving right guard to CLV 27 for no gain (M.Graham; M.Collins).,1,10,CLE 27,73,3,Tampa Bay Buccaneers,Cleveland Browns,9,6,66.7,33.3,87.0,114.0,201.0,152.0,33.0,185.0,game,ML,Tampa Bay Buccaneers,,,polymarket,-195,—,—,,Win,,hit,,,,—,,
2026-09-20T19:22:51.890725+00:00,nfl,2026,2,401872935,4018729352247,3,13:00,(Shotgun) B.Mayfield pass short middle to C.Otton to CLV 18 for 9 yards (I.McGuire). ** Injury Update: CLV-T.Campbell has returned to the game.,2,10,CLE 27,73,3,Tampa Bay Buccaneers,Cleveland Browns,9,6,66.7,33.3,87.0,114.0,201.0,152.0,33.0,185.0,game,Spread,Cleveland Browns,,8.5,polymarketus,-1012,—,—,,+3,,hit,,,,—,,
2026-09-20T19:22:51.890725+00:00,nfl,2026,2,401872935,4018729352247,3,13:00,(Shotgun) B.Mayfield pass short middle to C.Otton to CLV 18 for 9 yards (I.McGuire). ** Injury Update: CLV-T.Campbell has returned to the game.,2,10,CLE 27,73,3,Tampa Bay Buccaneers,Cleveland Browns,9,6,66.7,33.3,87.0,114.0,201.0,152.0,33.0,185.0,game,Spread,Tampa Bay Buccaneers,,-8.5,polymarket,733,—,—,,+3,,miss,,,,—,,
2026-09-20T19:22:51.890725+00:00,nfl,2026,2,401872935,4018729352247,3,13:00,(Shotgun) B.Mayfield pass short middle to C.Otton to CLV 18 for 9 yards (I.McGuire). ** Injury Update: CLV-T.Campbell has returned to the game.,2,10,CLE 27,73,3,Tampa Bay Buccaneers,Cleveland Browns,9,6,66.7,33.3,87.0,114.0,201.0,152.0,33.0,185.0,game,Total,Over,,42.5,betfair,109,—,—,,15.0,,miss,,,,—,,
2026-09-20T19:22:51.890725+00:00,nfl,2026,2,401872935,4018729352247,3,13:00,(Shotgun) B.Mayfield pass short middle to C.Otton to CLV 18 for 9 yards (I.McGuire). ** Injury Update: CLV-T.Campbell has returned to the game.,2,10,CLE 27,73,3,Tampa Bay Buccaneers,Cleveland Browns,9,6,66.7,33.3,87.0,114.0,201.0,152.0,33.0,185.0,game,Total,Under,,42.5,betfair,-130,—,—,,15.0,,hit,,,,—,,
2026-09-20T19:22:51.890725+00:00,nfl,2026,2,401872935,4018729352247,3,13:00,(Shotgun) B.Mayfield pass short middle to C.Otton to CLV 18 for 9 yards (I.McGuire). ** Injury Update: CLV-T.Campbell has returned to the game.,2,10,CLE 27,73,3,Tampa Bay Buccaneers,Cleveland Browns,9,6,66.7,33.3,87.0,114.0,201.0,152.0,33.0,185.0,game,ML,Tampa Bay Buccaneers,,,polymarket,-195,—,—,,Win,,hit,,,,—,,
2026-09-20T19:22:51.890725+00:00,nfl,2026,2,401872935,4018729352272,3,12:21,B.Mayfield up the middle to CLV 15 for 3 yards (C.Schwesinger).,3,1,CLE 18,82,3,Tampa Bay Buccaneers,Cleveland Browns,9,6,66.7,33.3,87.0,114.0,201.0,152.0,33.0,185.0,game,Spread,Cleveland Browns,,8.5,polymarketus,-1012,—,—,,+3,,hit,,,,—,,
2026-09-20T19:22:51.890725+00:00,nfl,2026,2,401872935,4018729352272,3,12:21,B.Mayfield up the middle to CLV 15 for 3 yards (C.Schwesinger).,3,1,CLE 18,82,3,Tampa Bay Buccaneers,Cleveland Browns,9,6,66.7,33.3,87.0,114.0,201.0,152.0,33.0,185.0,game,Spread,Tampa Bay Buccaneers,,-8.5,polymarket,733,—,—,,+3,,miss,,,,—,,
2026-09-20T19:22:51.890725+00:00,nfl,2026,2,401872935,4018729352272,3,12:21,B.Mayfield up the middle to CLV 15 for 3 yards (C.Schwesinger).,3,1,CLE 18,82,3,Tampa Bay Buccaneers,Cleveland Browns,9,6,66.7,33.3,87.0,114.0,201.0,152.0,33.0,185.0,game,Total,Over,,42.5,betfair,109,—,—,,15.0,,miss,,,,—,,
2026-09-20T19:22:51.890725+00:00,nfl,2026,2,401872935,4018729352272,3,12:21,B.Mayfield up the middle to CLV 15 for 3 yards (C.Schwesinger).,3,1,CLE 18,82,3,Tampa Bay Buccaneers,Cleveland Browns,9,6,66.7,33.3,87.0,114.0,201.0,152.0,33.0,185.0,game,Total,Under,,42.5,betfair,-130,—,—,,15.0,,hit,,,,—,,
2026-09-20T19:22:51.890725+00:00,nfl,2026,2,401872935,4018729352272,3,12:21,B.Mayfield up the middle to CLV 15 for 3 yards (C.Schwesinger).,3,1,CLE 18,82,3,Tampa Bay Buccaneers,Cleveland Browns,9,6,66.7,33.3,87.0,114.0,201.0,152.0,33.0,185.0,game,ML,Tampa Bay Buccaneers,,,polymarket,-195,—,—,,Win,,hit,,,,—,,
2026-09-20T19:22:51.890725+00:00,nfl,2026,2,401872935,4018729352294,3,11:42,B.Irving right end to CLV 11 for 4 yards (D.Ward).,1,10,CLE 15,85,3,Tampa Bay Buccaneers,Cleveland Browns,9,6,66.7,33.3,87.0,114.0,201.0,152.0,33.0,185.0,game,Spread,Cleveland Browns,,8.5,polymarketus,-1012,—,—,,+3,,hit,,,,—,,
2026-09-20T19:22:51.890725+00:00,nfl,2026,2,401872935,4018729352294,3,11:42,B.Irving right end to CLV 11 for 4 yards (D.Ward).,1,10,CLE 15,85,3,Tampa Bay Buccaneers,Cleveland Browns,9,6,66.7,33.3,87.0,114.0,201.0,152.0,33.0,185.0,game,Spread,Tampa Bay Buccaneers,,-8.5,polymarket,733,—,—,,+3,,miss,,,,—,,
2026-09-20T19:22:51.890725+00:00,nfl,2026,2,401872935,4018729352294,3,11:42,B.Irving right end to CLV 11 for 4 yards (D.Ward).,1,10,CLE 15,85,3,Tampa Bay Buccaneers,Cleveland Browns,9,6,66.7,33.3,87.0,114.0,201.0,152.0,33.0,185.0,game,Total,Over,,42.5,betfair,109,—,—,,15.0,,miss,,,,—,,
2026-09-20T19:22:51.890725+00:00,nfl,2026,2,401872935,4018729352294,3,11:42,B.Irving right end to CLV 11 for 4 yards (D.Ward).,1,10,CLE 15,85,3,Tampa Bay Buccaneers,Cleveland Browns,9,6,66.7,33.3,87.0,114.0,201.0,152.0,33.0,185.0,game,Total,Under,,42.5,betfair,-130,—,—,,15.0,,hit,,,,—,,
2026-09-20T19:22:51.890725+00:00,nfl,2026,2,401872935,4018729352294,3,11:42,B.Irving right end to CLV 11 for 4 yards (D.Ward).,1,10,CLE 15,85,3,Tampa Bay Buccaneers,Cleveland Browns,9,6,66.7,33.3,87.0,114.0,201.0,152.0,33.0,185.0,game,ML,Tampa Bay Buccaneers,,,polymarket,-195,—,—,,Win,,hit,,,,—,,
2026-09-20T19:22:51.890725+00:00,nfl,2026,2,401872935,4018729352319,3,11:04,"(No Huddle, Shotgun) B.Mayfield pass short left to B.Irving to CLV 14 for -3 yards (C.Schwesinger).",2,6,CLE 11,89,3,Tampa Bay Buccaneers,Cleveland Browns,9,6,66.7,33.3,87.0,114.0,201.0,152.0,33.0,185.0,game,Spread,Cleveland Browns,,8.5,polymarketus,-1012,—,—,,+3,,hit,,,,—,,
2026-09-20T19:22:51.890725+00:00,nfl,2026,2,401872935,4018729352319,3,11:04,"(No Huddle, Shotgun) B.Mayfield pass short left to B.Irving to CLV 14 for -3 yards (C.Schwesinger).",2,6,CLE 11,89,3,Tampa Bay Buccaneers,Cleveland Browns,9,6,66.7,33.3,87.0,114.0,201.0,152.0,33.0,185.0,game,Spread,Tampa Bay Buccaneers,,-8.5,polymarket,733,—,—,,+3,,miss,,,,—,,
2026-09-20T19:22:51.890725+00:00,nfl,2026,2,401872935,4018729352319,3,11:04,"(No Huddle, Shotgun) B.Mayfield pass short left to B.Irving to CLV 14 for -3 yards (C.Schwesinger).",2,6,CLE 11,89,3,Tampa Bay Buccaneers,Cleveland Browns,9,6,66.7,33.3,87.0,114.0,201.0,152.0,33.0,185.0,game,Total,Over,,42.5,betfair,109,—,—,,15.0,,miss,,,,—,,
2026-09-20T19:22:51.890725+00:00,nfl,2026,2,401872935,4018729352319,3,11:04,"(No Huddle, Shotgun) B.Mayfield pass short left to B.Irving to CLV 14 for -3 yards (C.Schwesinger).",2,6,CLE 11,89,3,Tampa Bay Buccaneers,Cleveland Browns,9,6,66.7,33.3,87.0,114.0,201.0,152.0,33.0,185.0,game,Total,Under,,42.5,betfair,-130,—,—,,15.0,,hit,,,,—,,
2026-09-20T19:22:51.890725+00:00,nfl,2026,2,401872935,4018729352319,3,11:04,"(No Huddle, Shotgun) B.Mayfield pass short left to B.Irving to CLV 14 for -3 yards (C.Schwesinger).",2,6,CLE 11,89,3,Tampa Bay Buccaneers,Cleveland Browns,9,6,66.7,33.3,87.0,114.0,201.0,152.0,33.0,185.0,game,ML,Tampa Bay Buccaneers,,,polymarket,-195,—,—,,Win,,hit,,,,—,,
2026-09-20T19:22:51.890725+00:00,nfl,2026,2,401872935,4018729352344,3,10:20,(Shotgun) B.Mayfield scrambles up the middle pushed ob at CLV 5 for 9 yards (G.Delpit).,3,9,CLE 14,86,3,Tampa Bay Buccaneers,Cleveland Browns,9,6,66.7,33.3,87.0,114.0,201.0,152.0,33.0,185.0,game,Spread,Cleveland Browns,,8.5,polymarketus,-1012,—,—,,+3,,hit,,,,—,,
2026-09-20T19:22:51.890725+00:00,nfl,2026,2,401872935,4018729352344,3,10:20,(Shotgun) B.Mayfield scrambles up the middle pushed ob at CLV 5 for 9 yards (G.Delpit).,3,9,CLE 14,86,3,Tampa Bay Buccaneers,Cleveland Browns,9,6,66.7,33.3,87.0,114.0,201.0,152.0,33.0,185.0,game,Spread,Tampa Bay Buccaneers,,-8.5,polymarket,733,—,—,,+3,,miss,,,,—,,
2026-09-20T19:22:51.890725+00:00,nfl,2026,2,401872935,4018729352344,3,10:20,(Shotgun) B.Mayfield scrambles up the middle pushed ob at CLV 5 for 9 yards (G.Delpit).,3,9,CLE 14,86,3,Tampa Bay Buccaneers,Cleveland Browns,9,6,66.7,33.3,87.0,114.0,201.0,152.0,33.0,185.0,game,Total,Over,,42.5,betfair,109,—,—,,15.0,,miss,,,,—,,
2026-09-20T19:22:51.890725+00:00,nfl,2026,2,401872935,4018729352344,3,10:20,(Shotgun) B.Mayfield scrambles up the middle pushed ob at CLV 5 for 9 yards (G.Delpit).,3,9,CLE 14,86,3,Tampa Bay Buccaneers,Cleveland Browns,9,6,66.7,33.3,87.0,114.0,201.0,152.0,33.0,185.0,game,Total,Under,,42.5,betfair,-130,—,—,,15.0,,hit,,,,—,,
2026-09-20T19:22:51.890725+00:00,nfl,2026,2,401872935,4018729352344,3,10:20,(Shotgun) B.Mayfield scrambles up the middle pushed ob at CLV 5 for 9 yards (G.Delpit).,3,9,CLE 14,86,3,Tampa Bay Buccaneers,Cleveland Browns,9,6,66.7,33.3,87.0,114.0,201.0,152.0,33.0,185.0,game,ML,Tampa Bay Buccaneers,,,polymarket,-195,—,—,,Win,,hit,,,,—,,
2026-09-20T19:22:51.890725+00:00,nfl,2026,2,401872935,4018729352405,3,9:33,Official Timeout at 09:33.,-1,8,CLE 15,85,10,Tampa Bay Buccaneers,Cleveland Browns,16,6,66.7,33.3,87.0,114.0,201.0,152.0,33.0,185.0,game,Spread,Cleveland Browns,,8.5,polymarketus,-1012,—,—,,+10,,miss,,,,—,,
2026-09-20T19:22:51.890725+00:00,nfl,2026,2,401872935,4018729352405,3,9:33,Official Timeout at 09:33.,-1,8,CLE 15,85,10,Tampa Bay Buccaneers,Cleveland Browns,16,6,66.7,33.3,87.0,114.0,201.0,152.0,33.0,185.0,game,Spread,Tampa Bay Buccaneers,,-8.5,polymarket,733,—,—,,+10,,hit,,,,—,,
2026-09-20T19:22:51.890725+00:00,nfl,2026,2,401872935,4018729352405,3,9:33,Official Timeout at 09:33.,-1,8,CLE 15,85,10,Tampa Bay Buccaneers,Cleveland Browns,16,6,66.7,33.3,87.0,114.0,201.0,152.0,33.0,185.0,game,Total,Over,,42.5,betfair,109,—,—,,22.0,,miss,,,,—,,
2026-09-20T19:22:51.890725+00:00,nfl,2026,2,401872935,4018729352405,3,9:33,Official Timeout at 09:33.,-1,8,CLE 15,85,10,Tampa Bay Buccaneers,Cleveland Browns,16,6,66.7,33.3,87.0,114.0,201.0,152.0,33.0,185.0,game,Total,Under,,42.5,betfair,-130,—,—,,22.0,,hit,,,,—,,
2026-09-20T19:22:51.890725+00:00,nfl,2026,2,401872935,4018729352405,3,9:33,Official Timeout at 09:33.,-1,8,CLE 15,85,10,Tampa Bay Buccaneers,Cleveland Browns,16,6,66.7,33.3,87.0,114.0,201.0,152.0,33.0,185.0,game,ML,Tampa Bay Buccaneers,,,polymarket,-195,—,—,,Win,,hit,,,,—,,
2026-09-20T19:22:51.890725+00:00,nfl,2026,2,401872935,4018729352371,3,9:33,"B.Mayfield pass short left to E.Egbuka for 5 yards, TOUCHDOWN. C.McLaughlin extra point is GOOD, Center-E.Deckers, Holder-R.Dixon.",1,5,CLE 5,95,10,Tampa Bay Buccaneers,Cleveland Browns,16,6,66.7,33.3,87.0,114.0,201.0,152.0,33.0,185.0,game,Spread,Cleveland Browns,,8.5,polymarketus,-1012,—,—,,+10,,miss,,,,—,,
2026-09-20T19:22:51.890725+00:00,nfl,2026,2,401872935,4018729352371,3,9:33,"B.Mayfield pass short left to E.Egbuka for 5 yards, TOUCHDOWN. C.McLaughlin extra point is GOOD, Center-E.Deckers, Holder-R.Dixon.",1,5,CLE 5,95,10,Tampa Bay Buccaneers,Cleveland Browns,16,6,66.7,33.3,87.0,114.0,201.0,152.0,33.0,185.0,game,Spread,Tampa Bay Buccaneers,,-8.5,polymarket,733,—,—,,+10,,hit,,,,—,,
2026-09-20T19:22:51.890725+00:00,nfl,2026,2,401872935,4018729352371,3,9:33,"B.Mayfield pass short left to E.Egbuka for 5 yards, TOUCHDOWN. C.McLaughlin extra point is GOOD, Center-E.Deckers, Holder-R.Dixon.",1,5,CLE 5,95,10,Tampa Bay Buccaneers,Cleveland Browns,16,6,66.7,33.3,87.0,114.0,201.0,152.0,33.0,185.0,game,Total,Over,,42.5,betfair,109,—,—,,22.0,,miss,,,,—,,
2026-09-20T19:22:51.890725+00:00,nfl,2026,2,401872935,4018729352371,3,9:33,"B.Mayfield pass short left to E.Egbuka for 5 yards, TOUCHDOWN. C.McLaughlin extra point is GOOD, Center-E.Deckers, Holder-R.Dixon.",1,5,CLE 5,95,10,Tampa Bay Buccaneers,Cleveland Browns,16,6,66.7,33.3,87.0,114.0,201.0,152.0,33.0,185.0,game,Total,Under,,42.5,betfair,-130,—,—,,22.0,,hit,,,,—,,
2026-09-20T19:22:51.890725+00:00,nfl,2026,2,401872935,4018729352371,3,9:33,"B.Mayfield pass short left to E.Egbuka for 5 yards, TOUCHDOWN. C.McLaughlin extra point is GOOD, Center-E.Deckers, Holder-R.Dixon.",1,5,CLE 5,95,10,Tampa Bay Buccaneers,Cleveland Browns,16,6,66.7,33.3,87.0,114.0,201.0,152.0,33.0,185.0,game,ML,Tampa Bay Buccaneers,,,polymarket,-195,—,—,,Win,,hit,,,,—,,
2026-09-20T19:22:51.890725+00:00,nfl,2026,2,401872935,4018729352412,3,9:33,C.McLaughlin kicks 65 yards from TB 35 to CLV 0. R.Sanders to CLV 26 for 26 yards (K.Knowles; J.Trotter).,3,8,,35,10,Tampa Bay Buccaneers,Cleveland Browns,16,6,66.7,33.3,87.0,114.0,201.0,152.0,33.0,185.0,game,Spread,Cleveland Browns,,8.5,polymarketus,-1012,—,—,,+10,,miss,,,,—,,
2026-09-20T19:22:51.890725+00:00,nfl,2026,2,401872935,4018729352412,3,9:33,C.McLaughlin kicks 65 yards from TB 35 to CLV 0. R.Sanders to CLV 26 for 26 yards (K.Knowles; J.Trotter).,3,8,,35,10,Tampa Bay Buccaneers,Cleveland Browns,16,6,66.7,33.3,87.0,114.0,201.0,152.0,33.0,185.0,game,Spread,Tampa Bay Buccaneers,,-8.5,polymarket,733,—,—,,+10,,hit,,,,—,,
2026-09-20T19:22:51.890725+00:00,nfl,2026,2,401872935,4018729352412,3,9:33,C.McLaughlin kicks 65 yards from TB 35 to CLV 0. R.Sanders to CLV 26 for 26 yards (K.Knowles; J.Trotter).,3,8,,35,10,Tampa Bay Buccaneers,Cleveland Browns,16,6,66.7,33.3,87.0,114.0,201.0,152.0,33.0,185.0,game,Total,Over,,42.5,betfair,109,—,—,,22.0,,miss,,,,—,,
2026-09-20T19:22:51.890725+00:00,nfl,2026,2,401872935,4018729352412,3,9:33,C.McLaughlin kicks 65 yards from TB 35 to CLV 0. R.Sanders to CLV 26 for 26 yards (K.Knowles; J.Trotter).,3,8,,35,10,Tampa Bay Buccaneers,Cleveland Browns,16,6,66.7,33.3,87.0,114.0,201.0,152.0,33.0,185.0,game,Total,Under,,42.5,betfair,-130,—,—,,22.0,,hit,,,,—,,
2026-09-20T19:22:51.890725+00:00,nfl,2026,2,401872935,4018729352412,3,9:33,C.McLaughlin kicks 65 yards from TB 35 to CLV 0. R.Sanders to CLV 26 for 26 yards (K.Knowles; J.Trotter).,3,8,,35,10,Tampa Bay Buccaneers,Cleveland Browns,16,6,66.7,33.3,87.0,114.0,201.0,152.0,33.0,185.0,game,ML,Tampa Bay Buccaneers,,,polymarket,-195,—,—,,Win,,hit,,,,—,,
2026-09-20T19:22:51.890725+00:00,nfl,2026,2,401872935,4018729352442,3,9:28,Q.Judkins up the middle to CLV 27 for 1 yard (J.Trotter; V.Vea).,1,10,CLE 26,74,10,Tampa Bay Buccaneers,Cleveland Browns,16,6,66.7,33.3,87.0,114.0,201.0,152.0,33.0,185.0,game,Spread,Cleveland Browns,,8.5,polymarketus,-1012,—,—,,+10,,miss,,,,—,,
2026-09-20T19:22:51.890725+00:00,nfl,2026,2,401872935,4018729352442,3,9:28,Q.Judkins up the middle to CLV 27 for 1 yard (J.Trotter; V.Vea).,1,10,CLE 26,74,10,Tampa Bay Buccaneers,Cleveland Browns,16,6,66.7,33.3,87.0,114.0,201.0,152.0,33.0,185.0,game,Spread,Tampa Bay Buccaneers,,-8.5,polymarket,733,—,—,,+10,,hit,,,,—,,
2026-09-20T19:22:51.890725+00:00,nfl,2026,2,401872935,4018729352442,3,9:28,Q.Judkins up the middle to CLV 27 for 1 yard (J.Trotter; V.Vea).,1,10,CLE 26,74,10,Tampa Bay Buccaneers,Cleveland Browns,16,6,66.7,33.3,87.0,114.0,201.0,152.0,33.0,185.0,game,Total,Over,,42.5,betfair,109,—,—,,22.0,,miss,,,,—,,
2026-09-20T19:22:51.890725+00:00,nfl,2026,2,401872935,4018729352442,3,9:28,Q.Judkins up the middle to CLV 27 for 1 yard (J.Trotter; V.Vea).,1,10,CLE 26,74,10,Tampa Bay Buccaneers,Cleveland Browns,16,6,66.7,33.3,87.0,114.0,201.0,152.0,33.0,185.0,game,Total,Under,,42.5,betfair,-130,—,—,,22.0,,hit,,,,—,,
2026-09-20T19:22:51.890725+00:00,nfl,2026,2,401872935,4018729352442,3,9:28,Q.Judkins up the middle to CLV 27 for 1 yard (J.Trotter; V.Vea).,1,10,CLE 26,74,10,Tampa Bay Buccaneers,Cleveland Browns,16,6,66.7,33.3,87.0,114.0,201.0,152.0,33.0,185.0,game,ML,Tampa Bay Buccaneers,,,polymarket,-195,—,—,,Win,,hit,,,,—,,
2026-09-20T19:22:51.890725+00:00,nfl,2026,2,401872935,4018729352464,3,8:51, (Shotgun) D.Watson pass short left to H.Fannin to CLV 33 for 6 yards (B.Morrison; Y.Diaby).,2,9,CLE 27,73,10,Tampa Bay Buccaneers,Cleveland Browns,16,6,66.7,33.3,87.0,114.0,201.0,152.0,33.0,185.0,game,Spread,Cleveland Browns,,8.5,polymarketus,-1012,—,—,,+10,,miss,,,,—,,
2026-09-20T19:22:51.890725+00:00,nfl,2026,2,401872935,4018729352464,3,8:51, (Shotgun) D.Watson pass short left to H.Fannin to CLV 33 for 6 yards (B.Morrison; Y.Diaby).,2,9,CLE 27,73,10,Tampa Bay Buccaneers,Cleveland Browns,16,6,66.7,33.3,87.0,114.0,201.0,152.0,33.0,185.0,game,Spread,Tampa Bay Buccaneers,,-8.5,polymarket,733,—,—,,+10,,hit,,,,—,,
2026-09-20T19:22:51.890725+00:00,nfl,2026,2,401872935,4018729352464,3,8:51, (Shotgun) D.Watson pass short left to H.Fannin to CLV 33 for 6 yards (B.Morrison; Y.Diaby).,2,9,CLE 27,73,10,Tampa Bay Buccaneers,Cleveland Browns,16,6,66.7,33.3,87.0,114.0,201.0,152.0,33.0,185.0,game,Total,Over,,42.5,betfair,109,—,—,,22.0,,miss,,,,—,,
2026-09-20T19:22:51.890725+00:00,nfl,2026,2,401872935,4018729352464,3,8:51, (Shotgun) D.Watson pass short left to H.Fannin to CLV 33 for 6 yards (B.Morrison; Y.Diaby).,2,9,CLE 27,73,10,Tampa Bay Buccaneers,Cleveland Browns,16,6,66.7,33.3,87.0,114.0,201.0,152.0,33.0,185.0,game,Total,Under,,42.5,betfair,-130,—,—,,22.0,,hit,,,,—,,
2026-09-20T19:22:51.890725+00:00,nfl,2026,2,401872935,4018729352464,3,8:51, (Shotgun) D.Watson pass short left to H.Fannin to CLV 33 for 6 yards (B.Morrison; Y.Diaby).,2,9,CLE 27,73,10,Tampa Bay Buccaneers,Cleveland Browns,16,6,66.7,33.3,87.0,114.0,201.0,152.0,33.0,185.0,game,ML,Tampa Bay Buccaneers,,,polymarket,-195,—,—,,Win,,hit,,,,—,,
2026-09-20T19:22:51.890725+00:00,nfl,2026,2,401872935,4018729352477,3,8:12,Timeout #1 by CLV at 08:12.,3,3,CLE 33,67,10,Tampa Bay Buccaneers,Cleveland Browns,16,6,66.7,33.3,87.0,114.0,201.0,152.0,33.0,185.0,game,Spread,Cleveland Browns,,8.5,polymarketus,-1012,—,—,,+10,,miss,,,,—,,
2026-09-20T19:22:51.890725+00:00,nfl,2026,2,401872935,4018729352477,3,8:12,Timeout #1 by CLV at 08:12.,3,3,CLE 33,67,10,Tampa Bay Buccaneers,Cleveland Browns,16,6,66.7,33.3,87.0,114.0,201.0,152.0,33.0,185.0,game,Spread,Tampa Bay Buccaneers,,-8.5,polymarket,733,—,—,,+10,,hit,,,,—,,
2026-09-20T19:22:51.890725+00:00,nfl,2026,2,401872935,4018729352477,3,8:12,Timeout #1 by CLV at 08:12.,3,3,CLE 33,67,10,Tampa Bay Buccaneers,Cleveland Browns,16,6,66.7,33.3,87.0,114.0,201.0,152.0,33.0,185.0,game,Total,Over,,42.5,betfair,109,—,—,,22.0,,miss,,,,—,,
2026-09-20T19:22:51.890725+00:00,nfl,2026,2,401872935,4018729352477,3,8:12,Timeout #1 by CLV at 08:12.,3,3,CLE 33,67,10,Tampa Bay Buccaneers,Cleveland Browns,16,6,66.7,33.3,87.0,114.0,201.0,152.0,33.0,185.0,game,Total,Under,,42.5,betfair,-130,—,—,,22.0,,hit,,,,—,,
2026-09-20T19:22:51.890725+00:00,nfl,2026,2,401872935,4018729352477,3,8:12,Timeout #1 by CLV at 08:12.,3,3,CLE 33,67,10,Tampa Bay Buccaneers,Cleveland Browns,16,6,66.7,33.3,87.0,114.0,201.0,152.0,33.0,185.0,game,ML,Tampa Bay Buccaneers,,,polymarket,-195,—,—,,Win,,hit,,,,—,,
2026-09-20T19:22:51.890725+00:00,nfl,2026,2,401872935,4018729352489,3,8:12,(Shotgun) D.Watson right end to CLV 41 for 8 yards (K.Scott).,3,3,CLE 33,67,10,Tampa Bay Buccaneers,Cleveland Browns,16,6,66.7,33.3,87.0,114.0,201.0,152.0,33.0,185.0,game,Spread,Cleveland Browns,,8.5,polymarketus,-1012,—,—,,+10,,miss,,,,—,,
2026-09-20T19:22:51.890725+00:00,nfl,2026,2,401872935,4018729352489,3,8:12,(Shotgun) D.Watson right end to CLV 41 for 8 yards (K.Scott).,3,3,CLE 33,67,10,Tampa Bay Buccaneers,Cleveland Browns,16,6,66.7,33.3,87.0,114.0,201.0,152.0,33.0,185.0,game,Spread,Tampa Bay Buccaneers,,-8.5,polymarket,733,—,—,,+10,,hit,,,,—,,
2026-09-20T19:22:51.890725+00:00,nfl,2026,2,401872935,4018729352489,3,8:12,(Shotgun) D.Watson right end to CLV 41 for 8 yards (K.Scott).,3,3,CLE 33,67,10,Tampa Bay Buccaneers,Cleveland Browns,16,6,66.7,33.3,87.0,114.0,201.0,152.0,33.0,185.0,game,Total,Over,,42.5,betfair,109,—,—,,22.0,,miss,,,,—,,
2026-09-20T19:22:51.890725+00:00,nfl,2026,2,401872935,4018729352489,3,8:12,(Shotgun) D.Watson right end to CLV 41 for 8 yards (K.Scott).,3,3,CLE 33,67,10,Tampa Bay Buccaneers,Cleveland Browns,16,6,66.7,33.3,87.0,114.0,201.0,152.0,33.0,185.0,game,Total,Under,,42.5,betfair,-130,—,—,,22.0,,hit,,,,—,,
2026-09-20T19:22:51.890725+00:00,nfl,2026,2,401872935,4018729352489,3,8:12,(Shotgun) D.Watson right end to CLV 41 for 8 yards (K.Scott).,3,3,CLE 33,67,10,Tampa Bay Buccaneers,Cleveland Browns,16,6,66.7,33.3,87.0,114.0,201.0,152.0,33.0,185.0,game,ML,Tampa Bay Buccaneers,,,polymarket,-195,—,—,,Win,,hit,,,,—,,
2026-09-20T19:22:51.890725+00:00,nfl,2026,2,401872935,4018729352518,3,7:32,(Shotgun) D.Watson pass short right to D.Boston to TB 44 for 15 yards (Z.McCollum) [A.Winfield].,1,10,CLE 41,59,10,Tampa Bay Buccaneers,Cleveland Browns,16,6,66.7,33.3,87.0,114.0,201.0,152.0,33.0,185.0,game,Spread,Cleveland Browns,,8.5,polymarketus,-1012,—,—,,+10,,miss,,,,—,,
2026-09-20T19:22:51.890725+00:00,nfl,2026,2,401872935,4018729352518,3,7:32,(Shotgun) D.Watson pass short right to D.Boston to TB 44 for 15 yards (Z.McCollum) [A.Winfield].,1,10,CLE 41,59,10,Tampa Bay Buccaneers,Cleveland Browns,16,6,66.7,33.3,87.0,114.0,201.0,152.0,33.0,185.0,game,Spread,Tampa Bay Buccaneers,,-8.5,polymarket,733,—,—,,+10,,hit,,,,—,,
2026-09-20T19:22:51.890725+00:00,nfl,2026,2,401872935,4018729352518,3,7:32,(Shotgun) D.Watson pass short right to D.Boston to TB 44 for 15 yards (Z.McCollum) [A.Winfield].,1,10,CLE 41,59,10,Tampa Bay Buccaneers,Cleveland Browns,16,6,66.7,33.3,87.0,114.0,201.0,152.0,33.0,185.0,game,Total,Over,,42.5,betfair,109,—,—,,22.0,,miss,,,,—,,
2026-09-20T19:22:51.890725+00:00,nfl,2026,2,401872935,4018729352518,3,7:32,(Shotgun) D.Watson pass short right to D.Boston to TB 44 for 15 yards (Z.McCollum) [A.Winfield].,1,10,CLE 41,59,10,Tampa Bay Buccaneers,Cleveland Browns,16,6,66.7,33.3,87.0,114.0,201.0,152.0,33.0,185.0,game,Total,Under,,42.5,betfair,-130,—,—,,22.0,,hit,,,,—,,
2026-09-20T19:22:51.890725+00:00,nfl,2026,2,401872935,4018729352518,3,7:32,(Shotgun) D.Watson pass short right to D.Boston to TB 44 for 15 yards (Z.McCollum) [A.Winfield].,1,10,CLE 41,59,10,Tampa Bay Buccaneers,Cleveland Browns,16,6,66.7,33.3,87.0,114.0,201.0,152.0,33.0,185.0,game,ML,Tampa Bay Buccaneers,,,polymarket,-195,—,—,,Win,,hit,,,,—,,
2026-09-20T19:22:51.890725+00:00,nfl,2026,2,401872935,4018729352548,3,6:55,Q.Judkins right guard to TB 39 for 5 yards (S.Dennis; J.Trotter).,1,10,TB 44,44,10,Tampa Bay Buccaneers,Cleveland Browns,16,6,66.7,33.3,87.0,114.0,201.0,152.0,33.0,185.0,game,Spread,Cleveland Browns,,8.5,polymarketus,-1012,—,—,,+10,,miss,,,,—,,
2026-09-20T19:22:51.890725+00:00,nfl,2026,2,401872935,4018729352548,3,6:55,Q.Judkins right guard to TB 39 for 5 yards (S.Dennis; J.Trotter).,1,10,TB 44,44,10,Tampa Bay Buccaneers,Cleveland Browns,16,6,66.7,33.3,87.0,114.0,201.0,152.0,33.0,185.0,game,Spread,Tampa Bay Buccaneers,,-8.5,polymarket,733,—,—,,+10,,hit,,,,—,,
2026-09-20T19:22:51.890725+00:00,nfl,2026,2,401872935,4018729352548,3,6:55,Q.Judkins right guard to TB 39 for 5 yards (S.Dennis; J.Trotter).,1,10,TB 44,44,10,Tampa Bay Buccaneers,Cleveland Browns,16,6,66.7,33.3,87.0,114.0,201.0,152.0,33.0,185.0,game,Total,Over,,42.5,betfair,109,—,—,,22.0,,miss,,,,—,,
2026-09-20T19:22:51.890725+00:00,nfl,2026,2,401872935,4018729352548,3,6:55,Q.Judkins right guard to TB 39 for 5 yards (S.Dennis; J.Trotter).,1,10,TB 44,44,10,Tampa Bay Buccaneers,Cleveland Browns,16,6,66.7,33.3,87.0,114.0,201.0,152.0,33.0,185.0,game,Total,Under,,42.5,betfair,-130,—,—,,22.0,,hit,,,,—,,
2026-09-20T19:22:51.890725+00:00,nfl,2026,2,401872935,4018729352548,3,6:55,Q.Judkins right guard to TB 39 for 5 yards (S.Dennis; J.Trotter).,1,10,TB 44,44,10,Tampa Bay Buccaneers,Cleveland Browns,16,6,66.7,33.3,87.0,114.0,201.0,152.0,33.0,185.0,game,ML,Tampa Bay Buccaneers,,,polymarket,-195,—,—,,Win,,hit,,,,—,,
2026-09-20T19:22:51.890725+00:00,nfl,2026,2,401872935,4018729352570,3,6:15,(Shotgun) D.Watson pass short left to K.Concepcion pushed ob at TB 30 for 9 yards (B.Morrison).,2,5,TB 39,39,10,Tampa Bay Buccaneers,Cleveland Browns,16,6,66.7,33.3,87.0,114.0,201.0,152.0,33.0,185.0,game,Spread,Cleveland Browns,,8.5,polymarketus,-1012,—,—,,+10,,miss,,,,—,,
2026-09-20T19:22:51.890725+00:00,nfl,2026,2,401872935,4018729352570,3,6:15,(Shotgun) D.Watson pass short left to K.Concepcion pushed ob at TB 30 for 9 yards (B.Morrison).,2,5,TB 39,39,10,Tampa Bay Buccaneers,Cleveland Browns,16,6,66.7,33.3,87.0,114.0,201.0,152.0,33.0,185.0,game,Spread,Tampa Bay Buccaneers,,-8.5,polymarket,733,—,—,,+10,,hit,,,,—,,
2026-09-20T19:22:51.890725+00:00,nfl,2026,2,401872935,4018729352570,3,6:15,(Shotgun) D.Watson pass short left to K.Concepcion pushed ob at TB 30 for 9 yards (B.Morrison).,2,5,TB 39,39,10,Tampa Bay Buccaneers,Cleveland Browns,16,6,66.7,33.3,87.0,114.0,201.0,152.0,33.0,185.0,game,Total,Over,,42.5,betfair,109,—,—,,22.0,,miss,,,,—,,
2026-09-20T19:22:51.890725+00:00,nfl,2026,2,401872935,4018729352570,3,6:15,(Shotgun) D.Watson pass short left to K.Concepcion pushed ob at TB 30 for 9 yards (B.Morrison).,2,5,TB 39,39,10,Tampa Bay Buccaneers,Cleveland Browns,16,6,66.7,33.3,87.0,114.0,201.0,152.0,33.0,185.0,game,Total,Under,,42.5,betfair,-130,—,—,,22.0,,hit,,,,—,,
2026-09-20T19:22:51.890725+00:00,nfl,2026,2,401872935,4018729352570,3,6:15,(Shotgun) D.Watson pass short left to K.Concepcion pushed ob at TB 30 for 9 yards (B.Morrison).,2,5,TB 39,39,10,Tampa Bay Buccaneers,Cleveland Browns,16,6,66.7,33.3,87.0,114.0,201.0,152.0,33.0,185.0,game,ML,Tampa Bay Buccaneers,,,polymarket,-195,—,—,,Win,,hit,,,,—,,
2026-09-20T19:22:51.890725+00:00,nfl,2026,2,401872935,4018729352600,3,5:41,(Shotgun) D.Watson pass short left to I.Bond pushed ob at TB 20 for 10 yards (B.Morrison).,1,10,TB 30,30,10,Tampa Bay Buccaneers,Cleveland Browns,16,6,66.7,33.3,87.0,114.0,201.0,152.0,33.0,185.0,game,Spread,Cleveland Browns,,8.5,polymarketus,-1012,—,—,,+10,,miss,,,,—,,
2026-09-20T19:22:51.890725+00:00,nfl,2026,2,401872935,4018729352600,3,5:41,(Shotgun) D.Watson pass short left to I.Bond pushed ob at TB 20 for 10 yards (B.Morrison).,1,10,TB 30,30,10,Tampa Bay Buccaneers,Cleveland Browns,16,6,66.7,33.3,87.0,114.0,201.0,152.0,33.0,185.0,game,Spread,Tampa Bay Buccaneers,,-8.5,polymarket,733,—,—,,+10,,hit,,,,—,,
2026-09-20T19:22:51.890725+00:00,nfl,2026,2,401872935,4018729352600,3,5:41,(Shotgun) D.Watson pass short left to I.Bond pushed ob at TB 20 for 10 yards (B.Morrison).,1,10,TB 30,30,10,Tampa Bay Buccaneers,Cleveland Browns,16,6,66.7,33.3,87.0,114.0,201.0,152.0,33.0,185.0,game,Total,Over,,42.5,betfair,109,—,—,,22.0,,miss,,,,—,,
2026-09-20T19:22:51.890725+00:00,nfl,2026,2,401872935,4018729352600,3,5:41,(Shotgun) D.Watson pass short left to I.Bond pushed ob at TB 20 for 10 yards (B.Morrison).,1,10,TB 30,30,10,Tampa Bay Buccaneers,Cleveland Browns,16,6,66.7,33.3,87.0,114.0,201.0,152.0,33.0,185.0,game,Total,Under,,42.5,betfair,-130,—,—,,22.0,,hit,,,,—,,
2026-09-20T19:22:51.890725+00:00,nfl,2026,2,401872935,4018729352600,3,5:41,(Shotgun) D.Watson pass short left to I.Bond pushed ob at TB 20 for 10 yards (B.Morrison).,1,10,TB 30,30,10,Tampa Bay Buccaneers,Cleveland Browns,16,6,66.7,33.3,87.0,114.0,201.0,152.0,33.0,185.0,game,ML,Tampa Bay Buccaneers,,,polymarket,-195,—,—,,Win,,hit,,,,—,,
2026-09-20T19:22:51.890725+00:00,nfl,2026,2,401872935,4018729352630,3,5:10,(Shotgun) D.Watson pass short middle to K.Concepcion to TB 14 for 6 yards (J.Trotter).,1,10,TB 20,20,10,Tampa Bay Buccaneers,Cleveland Browns,16,6,66.7,33.3,87.0,114.0,201.0,152.0,33.0,185.0,game,Spread,Cleveland Browns,,8.5,polymarketus,-1012,—,—,,+10,,miss,,,,—,,
2026-09-20T19:22:51.890725+00:00,nfl,2026,2,401872935,4018729352630,3,5:10,(Shotgun) D.Watson pass short middle to K.Concepcion to TB 14 for 6 yards (J.Trotter).,1,10,TB 20,20,10,Tampa Bay Buccaneers,Cleveland Browns,16,6,66.7,33.3,87.0,114.0,201.0,152.0,33.0,185.0,game,Spread,Tampa Bay Buccaneers,,-8.5,polymarket,733,—,—,,+10,,hit,,,,—,,
2026-09-20T19:22:51.890725+00:00,nfl,2026,2,401872935,4018729352630,3,5:10,(Shotgun) D.Watson pass short middle to K.Concepcion to TB 14 for 6 yards (J.Trotter).,1,10,TB 20,20,10,Tampa Bay Buccaneers,Cleveland Browns,16,6,66.7,33.3,87.0,114.0,201.0,152.0,33.0,185.0,game,Total,Over,,42.5,betfair,109,—,—,,22.0,,miss,,,,—,,
2026-09-20T19:22:51.890725+00:00,nfl,2026,2,401872935,4018729352630,3,5:10,(Shotgun) D.Watson pass short middle to K.Concepcion to TB 14 for 6 yards (J.Trotter).,1,10,TB 20,20,10,Tampa Bay Buccaneers,Cleveland Browns,16,6,66.7,33.3,87.0,114.0,201.0,152.0,33.0,185.0,game,Total,Under,,42.5,betfair,-130,—,—,,22.0,,hit,,,,—,,
2026-09-20T19:22:51.890725+00:00,nfl,2026,2,401872935,4018729352630,3,5:10,(Shotgun) D.Watson pass short middle to K.Concepcion to TB 14 for 6 yards (J.Trotter).,1,10,TB 20,20,10,Tampa Bay Buccaneers,Cleveland Browns,16,6,66.7,33.3,87.0,114.0,201.0,152.0,33.0,185.0,game,ML,Tampa Bay Buccaneers,,,polymarket,-195,—,—,,Win,,hit,,,,—,,
2026-09-20T19:22:51.890725+00:00,nfl,2026,2,401872935,4018729352655,3,4:36,(Shotgun) D.Watson pass short left to K.Concepcion to TB 16 for -2 yards (T.Smith).,2,4,TB 14,14,10,Tampa Bay Buccaneers,Cleveland Browns,16,6,66.7,33.3,87.0,114.0,201.0,152.0,33.0,185.0,game,Spread,Cleveland Browns,,8.5,polymarketus,-1012,—,—,,+10,,miss,,,,—,,
2026-09-20T19:22:51.890725+00:00,nfl,2026,2,401872935,4018729352655,3,4:36,(Shotgun) D.Watson pass short left to K.Concepcion to TB 16 for -2 yards (T.Smith).,2,4,TB 14,14,10,Tampa Bay Buccaneers,Cleveland Browns,16,6,66.7,33.3,87.0,114.0,201.0,152.0,33.0,185.0,game,Spread,Tampa Bay Buccaneers,,-8.5,polymarket,733,—,—,,+10,,hit,,,,—,,
2026-09-20T19:22:51.890725+00:00,nfl,2026,2,401872935,4018729352655,3,4:36,(Shotgun) D.Watson pass short left to K.Concepcion to TB 16 for -2 yards (T.Smith).,2,4,TB 14,14,10,Tampa Bay Buccaneers,Cleveland Browns,16,6,66.7,33.3,87.0,114.0,201.0,152.0,33.0,185.0,game,Total,Over,,42.5,betfair,109,—,—,,22.0,,miss,,,,—,,
2026-09-20T19:22:51.890725+00:00,nfl,2026,2,401872935,4018729352655,3,4:36,(Shotgun) D.Watson pass short left to K.Concepcion to TB 16 for -2 yards (T.Smith).,2,4,TB 14,14,10,Tampa Bay Buccaneers,Cleveland Browns,16,6,66.7,33.3,87.0,114.0,201.0,152.0,33.0,185.0,game,Total,Under,,42.5,betfair,-130,—,—,,22.0,,hit,,,,—,,
2026-09-20T19:22:51.890725+00:00,nfl,2026,2,401872935,4018729352655,3,4:36,(Shotgun) D.Watson pass short left to K.Concepcion to TB 16 for -2 yards (T.Smith).,2,4,TB 14,14,10,Tampa Bay Buccaneers,Cleveland Browns,16,6,66.7,33.3,87.0,114.0,201.0,152.0,33.0,185.0,game,ML,Tampa Bay Buccaneers,,,polymarket,-195,—,—,,Win,,hit,,,,—,,
2026-09-20T19:22:51.890725+00:00,nfl,2026,2,401872935,4018729352685,3,3:54,(Shotgun) D.Watson pass incomplete deep left to D.Boston (B.Morrison).,3,6,TB 16,16,10,Tampa Bay Buccaneers,Cleveland Browns,16,6,66.7,33.3,87.0,114.0,201.0,152.0,33.0,185.0,game,Spread,Cleveland Browns,,8.5,polymarketus,-1012,—,—,,+10,,miss,,,,—,,
2026-09-20T19:22:51.890725+00:00,nfl,2026,2,401872935,4018729352685,3,3:54,(Shotgun) D.Watson pass incomplete deep left to D.Boston (B.Morrison).,3,6,TB 16,16,10,Tampa Bay Buccaneers,Cleveland Browns,16,6,66.7,33.3,87.0,114.0,201.0,152.0,33.0,185.0,game,Spread,Tampa Bay Buccaneers,,-8.5,polymarket,733,—,—,,+10,,hit,,,,—,,
2026-09-20T19:22:51.890725+00:00,nfl,2026,2,401872935,4018729352685,3,3:54,(Shotgun) D.Watson pass incomplete deep left to D.Boston (B.Morrison).,3,6,TB 16,16,10,Tampa Bay Buccaneers,Cleveland Browns,16,6,66.7,33.3,87.0,114.0,201.0,152.0,33.0,185.0,game,Total,Over,,42.5,betfair,109,—,—,,22.0,,miss,,,,—,,
2026-09-20T19:22:51.890725+00:00,nfl,2026,2,401872935,4018729352685,3,3:54,(Shotgun) D.Watson pass incomplete deep left to D.Boston (B.Morrison).,3,6,TB 16,16,10,Tampa Bay Buccaneers,Cleveland Browns,16,6,66.7,33.3,87.0,114.0,201.0,152.0,33.0,185.0,game,Total,Under,,42.5,betfair,-130,—,—,,22.0,,hit,,,,—,,
2026-09-20T19:22:51.890725+00:00,nfl,2026,2,401872935,4018729352685,3,3:54,(Shotgun) D.Watson pass incomplete deep left to D.Boston (B.Morrison).,3,6,TB 16,16,10,Tampa Bay Buccaneers,Cleveland Browns,16,6,66.7,33.3,87.0,114.0,201.0,152.0,33.0,185.0,game,ML,Tampa Bay Buccaneers,,,polymarket,-195,—,—,,Win,,hit,,,,—,,
2026-09-20T19:22:51.890725+00:00,nfl,2026,2,401872935,4018729352730,3,3:45,Official Timeout at 03:45.,-1,8,CLE 35,65,7,Tampa Bay Buccaneers,Cleveland Browns,16,9,66.7,33.3,87.0,114.0,201.0,152.0,33.0,185.0,game,Spread,Cleveland Browns,,8.5,polymarketus,-1012,—,—,,+7,,hit,,,,—,,
2026-09-20T19:22:51.890725+00:00,nfl,2026,2,401872935,4018729352730,3,3:45,Official Timeout at 03:45.,-1,8,CLE 35,65,7,Tampa Bay Buccaneers,Cleveland Browns,16,9,66.7,33.3,87.0,114.0,201.0,152.0,33.0,185.0,game,Spread,Tampa Bay Buccaneers,,-8.5,polymarket,733,—,—,,+7,,miss,,,,—,,
2026-09-20T19:22:51.890725+00:00,nfl,2026,2,401872935,4018729352730,3,3:45,Official Timeout at 03:45.,-1,8,CLE 35,65,7,Tampa Bay Buccaneers,Cleveland Browns,16,9,66.7,33.3,87.0,114.0,201.0,152.0,33.0,185.0,game,Total,Over,,42.5,betfair,109,—,—,,25.0,,miss,,,,—,,
2026-09-20T19:22:51.890725+00:00,nfl,2026,2,401872935,4018729352730,3,3:45,Official Timeout at 03:45.,-1,8,CLE 35,65,7,Tampa Bay Buccaneers,Cleveland Browns,16,9,66.7,33.3,87.0,114.0,201.0,152.0,33.0,185.0,game,Total,Under,,42.5,betfair,-130,—,—,,25.0,,hit,,,,—,,
2026-09-20T19:22:51.890725+00:00,nfl,2026,2,401872935,4018729352730,3,3:45,Official Timeout at 03:45.,-1,8,CLE 35,65,7,Tampa Bay Buccaneers,Cleveland Browns,16,9,66.7,33.3,87.0,114.0,201.0,152.0,33.0,185.0,game,ML,Tampa Bay Buccaneers,,,polymarket,-195,—,—,,Win,,hit,,,,—,,
2026-09-20T19:22:51.890725+00:00,nfl,2026,2,401872935,4018729352720,3,3:45,"A.Szmyt 34 yard field goal is GOOD, Center-R.Sunahara, Holder-C.Bojorquez.",4,6,TB 16,16,7,Tampa Bay Buccaneers,Cleveland Browns,16,9,66.7,33.3,87.0,114.0,201.0,152.0,33.0,185.0,game,Spread,Cleveland Browns,,8.5,polymarketus,-1012,—,—,,+7,,hit,,,,—,,
2026-09-20T19:22:51.890725+00:00,nfl,2026,2,401872935,4018729352720,3,3:45,"A.Szmyt 34 yard field goal is GOOD, Center-R.Sunahara, Holder-C.Bojorquez.",4,6,TB 16,16,7,Tampa Bay Buccaneers,Cleveland Browns,16,9,66.7,33.3,87.0,114.0,201.0,152.0,33.0,185.0,game,Spread,Tampa Bay Buccaneers,,-8.5,polymarket,733,—,—,,+7,,miss,,,,—,,
2026-09-20T19:22:51.890725+00:00,nfl,2026,2,401872935,4018729352720,3,3:45,"A.Szmyt 34 yard field goal is GOOD, Center-R.Sunahara, Holder-C.Bojorquez.",4,6,TB 16,16,7,Tampa Bay Buccaneers,Cleveland Browns,16,9,66.7,33.3,87.0,114.0,201.0,152.0,33.0,185.0,game,Total,Over,,42.5,betfair,109,—,—,,25.0,,miss,,,,—,,
2026-09-20T19:22:51.890725+00:00,nfl,2026,2,401872935,4018729352720,3,3:45,"A.Szmyt 34 yard field goal is GOOD, Center-R.Sunahara, Holder-C.Bojorquez.",4,6,TB 16,16,7,Tampa Bay Buccaneers,Cleveland Browns,16,9,66.7,33.3,87.0,114.0,201.0,152.0,33.0,185.0,game,Total,Under,,42.5,betfair,-130,—,—,,25.0,,hit,,,,—,,
2026-09-20T19:22:51.890725+00:00,nfl,2026,2,401872935,4018729352720,3,3:45,"A.Szmyt 34 yard field goal is GOOD, Center-R.Sunahara, Holder-C.Bojorquez.",4,6,TB 16,16,7,Tampa Bay Buccaneers,Cleveland Browns,16,9,66.7,33.3,87.0,114.0,201.0,152.0,33.0,185.0,game,ML,Tampa Bay Buccaneers,,,polymarket,-195,—,—,,Win,,hit,,,,—,,
2026-09-20T19:22:51.890725+00:00,nfl,2026,2,401872935,4018729352740,3,3:45,A.Szmyt kicks 66 yards from CLV 35 to TB -1. K.Gainwell to TB 29 for 30 yards (W.Reid).,3,8,,65,7,Tampa Bay Buccaneers,Cleveland Browns,16,9,66.7,33.3,87.0,114.0,201.0,152.0,33.0,185.0,game,Spread,Cleveland Browns,,8.5,polymarketus,-1012,—,—,,+7,,hit,,,,—,,
2026-09-20T19:22:51.890725+00:00,nfl,2026,2,401872935,4018729352740,3,3:45,A.Szmyt kicks 66 yards from CLV 35 to TB -1. K.Gainwell to TB 29 for 30 yards (W.Reid).,3,8,,65,7,Tampa Bay Buccaneers,Cleveland Browns,16,9,66.7,33.3,87.0,114.0,201.0,152.0,33.0,185.0,game,Spread,Tampa Bay Buccaneers,,-8.5,polymarket,733,—,—,,+7,,miss,,,,—,,
2026-09-20T19:22:51.890725+00:00,nfl,2026,2,401872935,4018729352740,3,3:45,A.Szmyt kicks 66 yards from CLV 35 to TB -1. K.Gainwell to TB 29 for 30 yards (W.Reid).,3,8,,65,7,Tampa Bay Buccaneers,Cleveland Browns,16,9,66.7,33.3,87.0,114.0,201.0,152.0,33.0,185.0,game,Total,Over,,42.5,betfair,109,—,—,,25.0,,miss,,,,—,,
2026-09-20T19:22:51.890725+00:00,nfl,2026,2,401872935,4018729352740,3,3:45,A.Szmyt kicks 66 yards from CLV 35 to TB -1. K.Gainwell to TB 29 for 30 yards (W.Reid).,3,8,,65,7,Tampa Bay Buccaneers,Cleveland Browns,16,9,66.7,33.3,87.0,114.0,201.0,152.0,33.0,185.0,game,Total,Under,,42.5,betfair,-130,—,—,,25.0,,hit,,,,—,,
2026-09-20T19:22:51.890725+00:00,nfl,2026,2,401872935,4018729352740,3,3:45,A.Szmyt kicks 66 yards from CLV 35 to TB -1. K.Gainwell to TB 29 for 30 yards (W.Reid).,3,8,,65,7,Tampa Bay Buccaneers,Cleveland Browns,16,9,66.7,33.3,87.0,114.0,201.0,152.0,33.0,185.0,game,ML,Tampa Bay Buccaneers,,,polymarket,-195,—,—,,Win,,hit,,,,—,,
2026-09-20T19:22:51.890725+00:00,nfl,2026,2,401872935,4018729352770,3,3:39,*** play under review ***,1,10,TB 29,29,7,Tampa Bay Buccaneers,Cleveland Browns,16,9,66.7,33.3,87.0,114.0,201.0,152.0,33.0,185.0,game,Spread,Cleveland Browns,,8.5,polymarketus,-1012,—,—,,+7,,hit,,,,—,,
2026-09-20T19:22:51.890725+00:00,nfl,2026,2,401872935,4018729352770,3,3:39,*** play under review ***,1,10,TB 29,29,7,Tampa Bay Buccaneers,Cleveland Browns,16,9,66.7,33.3,87.0,114.0,201.0,152.0,33.0,185.0,game,Spread,Tampa Bay Buccaneers,,-8.5,polymarket,733,—,—,,+7,,miss,,,,—,,
2026-09-20T19:22:51.890725+00:00,nfl,2026,2,401872935,4018729352770,3,3:39,*** play under review ***,1,10,TB 29,29,7,Tampa Bay Buccaneers,Cleveland Browns,16,9,66.7,33.3,87.0,114.0,201.0,152.0,33.0,185.0,game,Total,Over,,42.5,betfair,109,—,—,,25.0,,miss,,,,—,,
2026-09-20T19:22:51.890725+00:00,nfl,2026,2,401872935,4018729352770,3,3:39,*** play under review ***,1,10,TB 29,29,7,Tampa Bay Buccaneers,Cleveland Browns,16,9,66.7,33.3,87.0,114.0,201.0,152.0,33.0,185.0,game,Total,Under,,42.5,betfair,-130,—,—,,25.0,,hit,,,,—,,
2026-09-20T19:22:51.890725+00:00,nfl,2026,2,401872935,4018729352770,3,3:39,*** play under review ***,1,10,TB 29,29,7,Tampa Bay Buccaneers,Cleveland Browns,16,9,66.7,33.3,87.0,114.0,201.0,152.0,33.0,185.0,game,ML,Tampa Bay Buccaneers,,,polymarket,-195,—,—,,Win,,hit,,,,—,,
2026-09-20T19:22:51.890725+00:00,nfl,2026,2,401872935,4018729352782,3,3:31,Official Timeout at 03:31.,1,10,TB 42,42,7,Tampa Bay Buccaneers,Cleveland Browns,16,9,66.7,33.3,87.0,114.0,201.0,152.0,33.0,185.0,game,Spread,Cleveland Browns,,8.5,polymarketus,-1012,—,—,,+7,,hit,,,,—,,
2026-09-20T19:22:51.890725+00:00,nfl,2026,2,401872935,4018729352782,3,3:31,Official Timeout at 03:31.,1,10,TB 42,42,7,Tampa Bay Buccaneers,Cleveland Browns,16,9,66.7,33.3,87.0,114.0,201.0,152.0,33.0,185.0,game,Spread,Tampa Bay Buccaneers,,-8.5,polymarket,733,—,—,,+7,,miss,,,,—,,
2026-09-20T19:22:51.890725+00:00,nfl,2026,2,401872935,4018729352782,3,3:31,Official Timeout at 03:31.,1,10,TB 42,42,7,Tampa Bay Buccaneers,Cleveland Browns,16,9,66.7,33.3,87.0,114.0,201.0,152.0,33.0,185.0,game,Total,Over,,42.5,betfair,109,—,—,,25.0,,miss,,,,—,,
2026-09-20T19:22:51.890725+00:00,nfl,2026,2,401872935,4018729352782,3,3:31,Official Timeout at 03:31.,1,10,TB 42,42,7,Tampa Bay Buccaneers,Cleveland Browns,16,9,66.7,33.3,87.0,114.0,201.0,152.0,33.0,185.0,game,Total,Under,,42.5,betfair,-130,—,—,,25.0,,hit,,,,—,,
2026-09-20T19:22:51.890725+00:00,nfl,2026,2,401872935,4018729352782,3,3:31,Official Timeout at 03:31.,1,10,TB 42,42,7,Tampa Bay Buccaneers,Cleveland Browns,16,9,66.7,33.3,87.0,114.0,201.0,152.0,33.0,185.0,game,ML,Tampa Bay Buccaneers,,,polymarket,-195,—,—,,Win,,hit,,,,—,,
2026-09-20T19:22:51.890725+00:00,nfl,2026,2,401872935,4018729352793,3,3:28,(Shotgun) B.Irving up the middle to TB 37 for -5 yards (I.McGuire).,1,10,TB 42,42,7,Tampa Bay Buccaneers,Cleveland Browns,16,9,66.7,33.3,87.0,114.0,201.0,152.0,33.0,185.0,game,Spread,Cleveland Browns,,8.5,polymarketus,-1012,—,—,,+7,,hit,,,,—,,
2026-09-20T19:22:51.890725+00:00,nfl,2026,2,401872935,4018729352793,3,3:28,(Shotgun) B.Irving up the middle to TB 37 for -5 yards (I.McGuire).,1,10,TB 42,42,7,Tampa Bay Buccaneers,Cleveland Browns,16,9,66.7,33.3,87.0,114.0,201.0,152.0,33.0,185.0,game,Spread,Tampa Bay Buccaneers,,-8.5,polymarket,733,—,—,,+7,,miss,,,,—,,
2026-09-20T19:22:51.890725+00:00,nfl,2026,2,401872935,4018729352793,3,3:28,(Shotgun) B.Irving up the middle to TB 37 for -5 yards (I.McGuire).,1,10,TB 42,42,7,Tampa Bay Buccaneers,Cleveland Browns,16,9,66.7,33.3,87.0,114.0,201.0,152.0,33.0,185.0,game,Total,Over,,42.5,betfair,109,—,—,,25.0,,miss,,,,—,,
2026-09-20T19:22:51.890725+00:00,nfl,2026,2,401872935,4018729352793,3,3:28,(Shotgun) B.Irving up the middle to TB 37 for -5 yards (I.McGuire).,1,10,TB 42,42,7,Tampa Bay Buccaneers,Cleveland Browns,16,9,66.7,33.3,87.0,114.0,201.0,152.0,33.0,185.0,game,Total,Under,,42.5,betfair,-130,—,—,,25.0,,hit,,,,—,,
2026-09-20T19:22:51.890725+00:00,nfl,2026,2,401872935,4018729352793,3,3:28,(Shotgun) B.Irving up the middle to TB 37 for -5 yards (I.McGuire).,1,10,TB 42,42,7,Tampa Bay Buccaneers,Cleveland Browns,16,9,66.7,33.3,87.0,114.0,201.0,152.0,33.0,185.0,game,ML,Tampa Bay Buccaneers,,,polymarket,-195,—,—,,Win,,hit,,,,—,,
2026-09-20T19:22:51.890725+00:00,nfl,2026,2,401872935,4018729352862,3,2:49,(Shotgun) B.Mayfield pass incomplete deep left to E.Egbuka.,2,15,TB 37,37,7,Tampa Bay Buccaneers,Cleveland Browns,16,9,66.7,33.3,87.0,114.0,201.0,152.0,33.0,185.0,game,Spread,Cleveland Browns,,8.5,polymarketus,-1012,—,—,,+7,,hit,,,,—,,
2026-09-20T19:22:51.890725+00:00,nfl,2026,2,401872935,4018729352862,3,2:49,(Shotgun) B.Mayfield pass incomplete deep left to E.Egbuka.,2,15,TB 37,37,7,Tampa Bay Buccaneers,Cleveland Browns,16,9,66.7,33.3,87.0,114.0,201.0,152.0,33.0,185.0,game,Spread,Tampa Bay Buccaneers,,-8.5,polymarket,733,—,—,,+7,,miss,,,,—,,
2026-09-20T19:22:51.890725+00:00,nfl,2026,2,401872935,4018729352862,3,2:49,(Shotgun) B.Mayfield pass incomplete deep left to E.Egbuka.,2,15,TB 37,37,7,Tampa Bay Buccaneers,Cleveland Browns,16,9,66.7,33.3,87.0,114.0,201.0,152.0,33.0,185.0,game,Total,Over,,42.5,betfair,109,—,—,,25.0,,miss,,,,—,,
2026-09-20T19:22:51.890725+00:00,nfl,2026,2,401872935,4018729352862,3,2:49,(Shotgun) B.Mayfield pass incomplete deep left to E.Egbuka.,2,15,TB 37,37,7,Tampa Bay Buccaneers,Cleveland Browns,16,9,66.7,33.3,87.0,114.0,201.0,152.0,33.0,185.0,game,Total,Under,,42.5,betfair,-130,—,—,,25.0,,hit,,,,—,,
2026-09-20T19:22:51.890725+00:00,nfl,2026,2,401872935,4018729352862,3,2:49,(Shotgun) B.Mayfield pass incomplete deep left to E.Egbuka.,2,15,TB 37,37,7,Tampa Bay Buccaneers,Cleveland Browns,16,9,66.7,33.3,87.0,114.0,201.0,152.0,33.0,185.0,game,ML,Tampa Bay Buccaneers,,,polymarket,-195,—,—,,Win,,hit,,,,—,,
2026-09-20T19:22:51.890725+00:00,nfl,2026,2,401872935,4018729352885,3,2:43,(Shotgun) B.Mayfield pass incomplete deep right to T.Johnson.,3,15,TB 37,37,7,Tampa Bay Buccaneers,Cleveland Browns,16,9,66.7,33.3,87.0,114.0,201.0,152.0,33.0,185.0,game,Spread,Cleveland Browns,,8.5,polymarketus,-1012,—,—,,+7,,hit,,,,—,,
2026-09-20T19:22:51.890725+00:00,nfl,2026,2,401872935,4018729352885,3,2:43,(Shotgun) B.Mayfield pass incomplete deep right to T.Johnson.,3,15,TB 37,37,7,Tampa Bay Buccaneers,Cleveland Browns,16,9,66.7,33.3,87.0,114.0,201.0,152.0,33.0,185.0,game,Spread,Tampa Bay Buccaneers,,-8.5,polymarket,733,—,—,,+7,,miss,,,,—,,
2026-09-20T19:22:51.890725+00:00,nfl,2026,2,401872935,4018729352885,3,2:43,(Shotgun) B.Mayfield pass incomplete deep right to T.Johnson.,3,15,TB 37,37,7,Tampa Bay Buccaneers,Cleveland Browns,16,9,66.7,33.3,87.0,114.0,201.0,152.0,33.0,185.0,game,Total,Over,,42.5,betfair,109,—,—,,25.0,,miss,,,,—,,
2026-09-20T19:22:51.890725+00:00,nfl,2026,2,401872935,4018729352885,3,2:43,(Shotgun) B.Mayfield pass incomplete deep right to T.Johnson.,3,15,TB 37,37,7,Tampa Bay Buccaneers,Cleveland Browns,16,9,66.7,33.3,87.0,114.0,201.0,152.0,33.0,185.0,game,Total,Under,,42.5,betfair,-130,—,—,,25.0,,hit,,,,—,,
2026-09-20T19:22:51.890725+00:00,nfl,2026,2,401872935,4018729352885,3,2:43,(Shotgun) B.Mayfield pass incomplete deep right to T.Johnson.,3,15,TB 37,37,7,Tampa Bay Buccaneers,Cleveland Browns,16,9,66.7,33.3,87.0,114.0,201.0,152.0,33.0,185.0,game,ML,Tampa Bay Buccaneers,,,polymarket,-195,—,—,,Win,,hit,,,,—,,
2026-09-20T19:22:51.890725+00:00,nfl,2026,2,401872935,4018729352908,3,2:36,"R.Dixon punts 46 yards to CLV 17, Center-E.Deckers, fair catch by K.Concepcion.",4,15,TB 37,37,7,Tampa Bay Buccaneers,Cleveland Browns,16,9,66.7,33.3,87.0,114.0,201.0,152.0,33.0,185.0,game,Spread,Cleveland Browns,,8.5,polymarketus,-1012,—,—,,+7,,hit,,,,—,,
2026-09-20T19:22:51.890725+00:00,nfl,2026,2,401872935,4018729352908,3,2:36,"R.Dixon punts 46 yards to CLV 17, Center-E.Deckers, fair catch by K.Concepcion.",4,15,TB 37,37,7,Tampa Bay Buccaneers,Cleveland Browns,16,9,66.7,33.3,87.0,114.0,201.0,152.0,33.0,185.0,game,Spread,Tampa Bay Buccaneers,,-8.5,polymarket,733,—,—,,+7,,miss,,,,—,,
2026-09-20T19:22:51.890725+00:00,nfl,2026,2,401872935,4018729352908,3,2:36,"R.Dixon punts 46 yards to CLV 17, Center-E.Deckers, fair catch by K.Concepcion.",4,15,TB 37,37,7,Tampa Bay Buccaneers,Cleveland Browns,16,9,66.7,33.3,87.0,114.0,201.0,152.0,33.0,185.0,game,Total,Over,,42.5,betfair,109,—,—,,25.0,,miss,,,,—,,
2026-09-20T19:22:51.890725+00:00,nfl,2026,2,401872935,4018729352908,3,2:36,"R.Dixon punts 46 yards to CLV 17, Center-E.Deckers, fair catch by K.Concepcion.",4,15,TB 37,37,7,Tampa Bay Buccaneers,Cleveland Browns,16,9,66.7,33.3,87.0,114.0,201.0,152.0,33.0,185.0,game,Total,Under,,42.5,betfair,-130,—,—,,25.0,,hit,,,,—,,
2026-09-20T19:22:51.890725+00:00,nfl,2026,2,401872935,4018729352908,3,2:36,"R.Dixon punts 46 yards to CLV 17, Center-E.Deckers, fair catch by K.Concepcion.",4,15,TB 37,37,7,Tampa Bay Buccaneers,Cleveland Browns,16,9,66.7,33.3,87.0,114.0,201.0,152.0,33.0,185.0,game,ML,Tampa Bay Buccaneers,,,polymarket,-195,—,—,,Win,,hit,,,,—,,
2026-09-20T19:22:51.890725+00:00,nfl,2026,2,401872935,4018729352918,3,2:29,Official Timeout at 02:29.,1,10,CLE 17,83,7,Tampa Bay Buccaneers,Cleveland Browns,16,9,66.7,33.3,87.0,114.0,201.0,152.0,33.0,185.0,game,Spread,Cleveland Browns,,8.5,polymarketus,-1012,—,—,,+7,,hit,,,,—,,
2026-09-20T19:22:51.890725+00:00,nfl,2026,2,401872935,4018729352918,3,2:29,Official Timeout at 02:29.,1,10,CLE 17,83,7,Tampa Bay Buccaneers,Cleveland Browns,16,9,66.7,33.3,87.0,114.0,201.0,152.0,33.0,185.0,game,Spread,Tampa Bay Buccaneers,,-8.5,polymarket,733,—,—,,+7,,miss,,,,—,,
2026-09-20T19:22:51.890725+00:00,nfl,2026,2,401872935,4018729352918,3,2:29,Official Timeout at 02:29.,1,10,CLE 17,83,7,Tampa Bay Buccaneers,Cleveland Browns,16,9,66.7,33.3,87.0,114.0,201.0,152.0,33.0,185.0,game,Total,Over,,42.5,betfair,109,—,—,,25.0,,miss,,,,—,,
2026-09-20T19:22:51.890725+00:00,nfl,2026,2,401872935,4018729352918,3,2:29,Official Timeout at 02:29.,1,10,CLE 17,83,7,Tampa Bay Buccaneers,Cleveland Browns,16,9,66.7,33.3,87.0,114.0,201.0,152.0,33.0,185.0,game,Total,Under,,42.5,betfair,-130,—,—,,25.0,,hit,,,,—,,
2026-09-20T19:22:51.890725+00:00,nfl,2026,2,401872935,4018729352918,3,2:29,Official Timeout at 02:29.,1,10,CLE 17,83,7,Tampa Bay Buccaneers,Cleveland Browns,16,9,66.7,33.3,87.0,114.0,201.0,152.0,33.0,185.0,game,ML,Tampa Bay Buccaneers,,,polymarket,-195,—,—,,Win,,hit,,,,—,,
2026-09-20T19:22:51.890725+00:00,nfl,2026,2,401872935,4018729352928,3,2:29,D.Watson pass short left to H.Fannin to CLV 30 for 13 yards (A.Winfield).,1,10,CLE 17,83,7,Tampa Bay Buccaneers,Cleveland Browns,16,9,66.7,33.3,87.0,114.0,201.0,152.0,33.0,185.0,game,Spread,Cleveland Browns,,8.5,polymarketus,-1012,—,—,,+7,,hit,,,,—,,
2026-09-20T19:22:51.890725+00:00,nfl,2026,2,401872935,4018729352928,3,2:29,D.Watson pass short left to H.Fannin to CLV 30 for 13 yards (A.Winfield).,1,10,CLE 17,83,7,Tampa Bay Buccaneers,Cleveland Browns,16,9,66.7,33.3,87.0,114.0,201.0,152.0,33.0,185.0,game,Spread,Tampa Bay Buccaneers,,-8.5,polymarket,733,—,—,,+7,,miss,,,,—,,
2026-09-20T19:22:51.890725+00:00,nfl,2026,2,401872935,4018729352928,3,2:29,D.Watson pass short left to H.Fannin to CLV 30 for 13 yards (A.Winfield).,1,10,CLE 17,83,7,Tampa Bay Buccaneers,Cleveland Browns,16,9,66.7,33.3,87.0,114.0,201.0,152.0,33.0,185.0,game,Total,Over,,42.5,betfair,109,—,—,,25.0,,miss,,,,—,,
2026-09-20T19:22:51.890725+00:00,nfl,2026,2,401872935,4018729352928,3,2:29,D.Watson pass short left to H.Fannin to CLV 30 for 13 yards (A.Winfield).,1,10,CLE 17,83,7,Tampa Bay Buccaneers,Cleveland Browns,16,9,66.7,33.3,87.0,114.0,201.0,152.0,33.0,185.0,game,Total,Under,,42.5,betfair,-130,—,—,,25.0,,hit,,,,—,,
2026-09-20T19:22:51.890725+00:00,nfl,2026,2,401872935,4018729352928,3,2:29,D.Watson pass short left to H.Fannin to CLV 30 for 13 yards (A.Winfield).,1,10,CLE 17,83,7,Tampa Bay Buccaneers,Cleveland Browns,16,9,66.7,33.3,87.0,114.0,201.0,152.0,33.0,185.0,game,ML,Tampa Bay Buccaneers,,,polymarket,-195,—,—,,Win,,hit,,,,—,,
2026-09-20T19:22:51.890725+00:00,nfl,2026,2,401872935,4018729352960,3,1:43,D.Watson pass incomplete short right to B.Whiteheart.,1,10,CLE 30,70,7,Tampa Bay Buccaneers,Cleveland Browns,16,9,66.7,33.3,87.0,114.0,201.0,152.0,33.0,185.0,game,Spread,Cleveland Browns,,8.5,polymarketus,-1012,—,—,,+7,,hit,,,,—,,
2026-09-20T19:22:51.890725+00:00,nfl,2026,2,401872935,4018729352960,3,1:43,D.Watson pass incomplete short right to B.Whiteheart.,1,10,CLE 30,70,7,Tampa Bay Buccaneers,Cleveland Browns,16,9,66.7,33.3,87.0,114.0,201.0,152.0,33.0,185.0,game,Spread,Tampa Bay Buccaneers,,-8.5,polymarket,733,—,—,,+7,,miss,,,,—,,
2026-09-20T19:22:51.890725+00:00,nfl,2026,2,401872935,4018729352960,3,1:43,D.Watson pass incomplete short right to B.Whiteheart.,1,10,CLE 30,70,7,Tampa Bay Buccaneers,Cleveland Browns,16,9,66.7,33.3,87.0,114.0,201.0,152.0,33.0,185.0,game,Total,Over,,42.5,betfair,109,—,—,,25.0,,miss,,,,—,,
2026-09-20T19:22:51.890725+00:00,nfl,2026,2,401872935,4018729352960,3,1:43,D.Watson pass incomplete short right to B.Whiteheart.,1,10,CLE 30,70,7,Tampa Bay Buccaneers,Cleveland Browns,16,9,66.7,33.3,87.0,114.0,201.0,152.0,33.0,185.0,game,Total,Under,,42.5,betfair,-130,—,—,,25.0,,hit,,,,—,,
2026-09-20T19:22:51.890725+00:00,nfl,2026,2,401872935,4018729352960,3,1:43,D.Watson pass incomplete short right to B.Whiteheart.,1,10,CLE 30,70,7,Tampa Bay Buccaneers,Cleveland Browns,16,9,66.7,33.3,87.0,114.0,201.0,152.0,33.0,185.0,game,ML,Tampa Bay Buccaneers,,,polymarket,-195,—,—,,Win,,hit,,,,—,,
2026-09-20T19:22:51.890725+00:00,nfl,2026,2,401872935,4018729352983,3,1:37,"(Shotgun) D.Watson pass incomplete short left to J.McLaughlin.PENALTY on TB-Y.Diaby, Face Mask, 15 yards, enforced at CLV 30 - No Play.",2,10,CLE 30,70,7,Tampa Bay Buccaneers,Cleveland Browns,16,9,66.7,33.3,87.0,114.0,201.0,152.0,33.0,185.0,game,Spread,Cleveland Browns,,8.5,polymarketus,-1012,—,—,,+7,,hit,,,,—,,
2026-09-20T19:22:51.890725+00:00,nfl,2026,2,401872935,4018729352983,3,1:37,"(Shotgun) D.Watson pass incomplete short left to J.McLaughlin.PENALTY on TB-Y.Diaby, Face Mask, 15 yards, enforced at CLV 30 - No Play.",2,10,CLE 30,70,7,Tampa Bay Buccaneers,Cleveland Browns,16,9,66.7,33.3,87.0,114.0,201.0,152.0,33.0,185.0,game,Spread,Tampa Bay Buccaneers,,-8.5,polymarket,733,—,—,,+7,,miss,,,,—,,
2026-09-20T19:22:51.890725+00:00,nfl,2026,2,401872935,4018729352983,3,1:37,"(Shotgun) D.Watson pass incomplete short left to J.McLaughlin.PENALTY on TB-Y.Diaby, Face Mask, 15 yards, enforced at CLV 30 - No Play.",2,10,CLE 30,70,7,Tampa Bay Buccaneers,Cleveland Browns,16,9,66.7,33.3,87.0,114.0,201.0,152.0,33.0,185.0,game,Total,Over,,42.5,betfair,109,—,—,,25.0,,miss,,,,—,,
2026-09-20T19:22:51.890725+00:00,nfl,2026,2,401872935,4018729352983,3,1:37,"(Shotgun) D.Watson pass incomplete short left to J.McLaughlin.PENALTY on TB-Y.Diaby, Face Mask, 15 yards, enforced at CLV 30 - No Play.",2,10,CLE 30,70,7,Tampa Bay Buccaneers,Cleveland Browns,16,9,66.7,33.3,87.0,114.0,201.0,152.0,33.0,185.0,game,Total,Under,,42.5,betfair,-130,—,—,,25.0,,hit,,,,—,,
2026-09-20T19:22:51.890725+00:00,nfl,2026,2,401872935,4018729352983,3,1:37,"(Shotgun) D.Watson pass incomplete short left to J.McLaughlin.PENALTY on TB-Y.Diaby, Face Mask, 15 yards, enforced at CLV 30 - No Play.",2,10,CLE 30,70,7,Tampa Bay Buccaneers,Cleveland Browns,16,9,66.7,33.3,87.0,114.0,201.0,152.0,33.0,185.0,game,ML,Tampa Bay Buccaneers,,,polymarket,-195,—,—,,Win,,hit,,,,—,,
2026-09-20T19:22:51.890725+00:00,nfl,2026,2,401872935,4018729353017,3,1:23,"(Shotgun) D.Watson pass short middle to D.Boston for 55 yards, TOUCHDOWN. A.Szmyt extra point is GOOD, Center-R.Sunahara, Holder-C.Bojorquez.",1,10,CLE 45,55,0,Tampa Bay Buccaneers,Cleveland Browns,16,16,66.7,33.3,87.0,114.0,201.0,152.0,33.0,185.0,game,Spread,Cleveland Browns,,8.5,polymarketus,-1012,—,—,,0,,hit,,,,—,,
2026-09-20T19:22:51.890725+00:00,nfl,2026,2,401872935,4018729353017,3,1:23,"(Shotgun) D.Watson pass short middle to D.Boston for 55 yards, TOUCHDOWN. A.Szmyt extra point is GOOD, Center-R.Sunahara, Holder-C.Bojorquez.",1,10,CLE 45,55,0,Tampa Bay Buccaneers,Cleveland Browns,16,16,66.7,33.3,87.0,114.0,201.0,152.0,33.0,185.0,game,Spread,Tampa Bay Buccaneers,,-8.5,polymarket,733,—,—,,0,,miss,,,,—,,
2026-09-20T19:22:51.890725+00:00,nfl,2026,2,401872935,4018729353017,3,1:23,"(Shotgun) D.Watson pass short middle to D.Boston for 55 yards, TOUCHDOWN. A.Szmyt extra point is GOOD, Center-R.Sunahara, Holder-C.Bojorquez.",1,10,CLE 45,55,0,Tampa Bay Buccaneers,Cleveland Browns,16,16,66.7,33.3,87.0,114.0,201.0,152.0,33.0,185.0,game,Total,Over,,42.5,betfair,109,—,—,,32.0,,miss,,,,—,,
2026-09-20T19:22:51.890725+00:00,nfl,2026,2,401872935,4018729353017,3,1:23,"(Shotgun) D.Watson pass short middle to D.Boston for 55 yards, TOUCHDOWN. A.Szmyt extra point is GOOD, Center-R.Sunahara, Holder-C.Bojorquez.",1,10,CLE 45,55,0,Tampa Bay Buccaneers,Cleveland Browns,16,16,66.7,33.3,87.0,114.0,201.0,152.0,33.0,185.0,game,Total,Under,,42.5,betfair,-130,—,—,,32.0,,hit,,,,—,,
2026-09-20T19:22:51.890725+00:00,nfl,2026,2,401872935,4018729353017,3,1:23,"(Shotgun) D.Watson pass short middle to D.Boston for 55 yards, TOUCHDOWN. A.Szmyt extra point is GOOD, Center-R.Sunahara, Holder-C.Bojorquez.",1,10,CLE 45,55,0,Tampa Bay Buccaneers,Cleveland Browns,16,16,66.7,33.3,87.0,114.0,201.0,152.0,33.0,185.0,game,ML,Tampa Bay Buccaneers,,,polymarket,-195,—,—,,Loss,,miss,,,,—,,
2026-09-20T19:22:51.890725+00:00,nfl,2026,2,401872935,4018729353058,3,1:23,A.Szmyt kicks 65 yards from CLV 35 to TB 0. K.Johnson to TB 29 for 29 yards (D.McMillon).,3,8,,65,0,Tampa Bay Buccaneers,Cleveland Browns,16,16,66.7,33.3,87.0,114.0,201.0,152.0,33.0,185.0,game,Spread,Cleveland Browns,,8.5,polymarketus,-1012,—,—,,0,,hit,,,,—,,
2026-09-20T19:22:51.890725+00:00,nfl,2026,2,401872935,4018729353058,3,1:23,A.Szmyt kicks 65 yards from CLV 35 to TB 0. K.Johnson to TB 29 for 29 yards (D.McMillon).,3,8,,65,0,Tampa Bay Buccaneers,Cleveland Browns,16,16,66.7,33.3,87.0,114.0,201.0,152.0,33.0,185.0,game,Spread,Tampa Bay Buccaneers,,-8.5,polymarket,733,—,—,,0,,miss,,,,—,,
2026-09-20T19:22:51.890725+00:00,nfl,2026,2,401872935,4018729353058,3,1:23,A.Szmyt kicks 65 yards from CLV 35 to TB 0. K.Johnson to TB 29 for 29 yards (D.McMillon).,3,8,,65,0,Tampa Bay Buccaneers,Cleveland Browns,16,16,66.7,33.3,87.0,114.0,201.0,152.0,33.0,185.0,game,Total,Over,,42.5,betfair,109,—,—,,32.0,,miss,,,,—,,
2026-09-20T19:22:51.890725+00:00,nfl,2026,2,401872935,4018729353058,3,1:23,A.Szmyt kicks 65 yards from CLV 35 to TB 0. K.Johnson to TB 29 for 29 yards (D.McMillon).,3,8,,65,0,Tampa Bay Buccaneers,Cleveland Browns,16,16,66.7,33.3,87.0,114.0,201.0,152.0,33.0,185.0,game,Total,Under,,42.5,betfair,-130,—,—,,32.0,,hit,,,,—,,
2026-09-20T19:22:51.890725+00:00,nfl,2026,2,401872935,4018729353058,3,1:23,A.Szmyt kicks 65 yards from CLV 35 to TB 0. K.Johnson to TB 29 for 29 yards (D.McMillon).,3,8,,65,0,Tampa Bay Buccaneers,Cleveland Browns,16,16,66.7,33.3,87.0,114.0,201.0,152.0,33.0,185.0,game,ML,Tampa Bay Buccaneers,,,polymarket,-195,—,—,,Loss,,miss,,,,—,,
2026-09-20T19:22:51.890725+00:00,nfl,2026,2,401872935,4018729353081,3,1:17, (Shotgun) B.Irving left guard to TB 30 for 1 yard (Q.Williams).,1,10,TB 29,29,0,Tampa Bay Buccaneers,Cleveland Browns,16,16,66.7,33.3,87.0,114.0,201.0,152.0,33.0,185.0,game,Spread,Cleveland Browns,,8.5,polymarketus,-1012,—,—,,0,,hit,,,,—,,
2026-09-20T19:22:51.890725+00:00,nfl,2026,2,401872935,4018729353081,3,1:17, (Shotgun) B.Irving left guard to TB 30 for 1 yard (Q.Williams).,1,10,TB 29,29,0,Tampa Bay Buccaneers,Cleveland Browns,16,16,66.7,33.3,87.0,114.0,201.0,152.0,33.0,185.0,game,Spread,Tampa Bay Buccaneers,,-8.5,polymarket,733,—,—,,0,,miss,,,,—,,
2026-09-20T19:22:51.890725+00:00,nfl,2026,2,401872935,4018729353081,3,1:17, (Shotgun) B.Irving left guard to TB 30 for 1 yard (Q.Williams).,1,10,TB 29,29,0,Tampa Bay Buccaneers,Cleveland Browns,16,16,66.7,33.3,87.0,114.0,201.0,152.0,33.0,185.0,game,Total,Over,,42.5,betfair,109,—,—,,32.0,,miss,,,,—,,
2026-09-20T19:22:51.890725+00:00,nfl,2026,2,401872935,4018729353081,3,1:17, (Shotgun) B.Irving left guard to TB 30 for 1 yard (Q.Williams).,1,10,TB 29,29,0,Tampa Bay Buccaneers,Cleveland Browns,16,16,66.7,33.3,87.0,114.0,201.0,152.0,33.0,185.0,game,Total,Under,,42.5,betfair,-130,—,—,,32.0,,hit,,,,—,,
2026-09-20T19:22:51.890725+00:00,nfl,2026,2,401872935,4018729353081,3,1:17, (Shotgun) B.Irving left guard to TB 30 for 1 yard (Q.Williams).,1,10,TB 29,29,0,Tampa Bay Buccaneers,Cleveland Browns,16,16,66.7,33.3,87.0,114.0,201.0,152.0,33.0,185.0,game,ML,Tampa Bay Buccaneers,,,polymarket,-195,—,—,,Loss,,miss,,,,—,,
2026-09-20T19:22:51.890725+00:00,nfl,2026,2,401872935,4018729353103,3,0:36, (Shotgun) B.Irving left end to TB 31 for 1 yard (D.Barnett).,2,9,TB 30,30,0,Tampa Bay Buccaneers,Cleveland Browns,16,16,66.7,33.3,87.0,114.0,201.0,152.0,33.0,185.0,game,Spread,Cleveland Browns,,8.5,polymarketus,-1012,—,—,,0,,hit,,,,—,,
2026-09-20T19:22:51.890725+00:00,nfl,2026,2,401872935,4018729353103,3,0:36, (Shotgun) B.Irving left end to TB 31 for 1 yard (D.Barnett).,2,9,TB 30,30,0,Tampa Bay Buccaneers,Cleveland Browns,16,16,66.7,33.3,87.0,114.0,201.0,152.0,33.0,185.0,game,Spread,Tampa Bay Buccaneers,,-8.5,polymarket,733,—,—,,0,,miss,,,,—,,
2026-09-20T19:22:51.890725+00:00,nfl,2026,2,401872935,4018729353103,3,0:36, (Shotgun) B.Irving left end to TB 31 for 1 yard (D.Barnett).,2,9,TB 30,30,0,Tampa Bay Buccaneers,Cleveland Browns,16,16,66.7,33.3,87.0,114.0,201.0,152.0,33.0,185.0,game,Total,Over,,42.5,betfair,109,—,—,,32.0,,miss,,,,—,,
2026-09-20T19:22:51.890725+00:00,nfl,2026,2,401872935,4018729353103,3,0:36, (Shotgun) B.Irving left end to TB 31 for 1 yard (D.Barnett).,2,9,TB 30,30,0,Tampa Bay Buccaneers,Cleveland Browns,16,16,66.7,33.3,87.0,114.0,201.0,152.0,33.0,185.0,game,Total,Under,,42.5,betfair,-130,—,—,,32.0,,hit,,,,—,,
2026-09-20T19:22:51.890725+00:00,nfl,2026,2,401872935,4018729353103,3,0:36, (Shotgun) B.Irving left end to TB 31 for 1 yard (D.Barnett).,2,9,TB 30,30,0,Tampa Bay Buccaneers,Cleveland Browns,16,16,66.7,33.3,87.0,114.0,201.0,152.0,33.0,185.0,game,ML,Tampa Bay Buccaneers,,,polymarket,-195,—,—,,Loss,,miss,,,,—,,
2026-09-20T19:22:51.890725+00:00,nfl,2026,2,401872935,4018729353125,3,0:00,END QUARTER 3,3,8,,31,0,Tampa Bay Buccaneers,Cleveland Browns,16,16,66.7,33.3,87.0,114.0,201.0,152.0,33.0,185.0,game,Spread,Cleveland Browns,,8.5,polymarketus,-1012,—,—,,0,,hit,,,,—,,
2026-09-20T19:22:51.890725+00:00,nfl,2026,2,401872935,4018729353125,3,0:00,END QUARTER 3,3,8,,31,0,Tampa Bay Buccaneers,Cleveland Browns,16,16,66.7,33.3,87.0,114.0,201.0,152.0,33.0,185.0,game,Spread,Tampa Bay Buccaneers,,-8.5,polymarket,733,—,—,,0,,miss,,,,—,,
2026-09-20T19:22:51.890725+00:00,nfl,2026,2,401872935,4018729353125,3,0:00,END QUARTER 3,3,8,,31,0,Tampa Bay Buccaneers,Cleveland Browns,16,16,66.7,33.3,87.0,114.0,201.0,152.0,33.0,185.0,game,Total,Over,,42.5,betfair,109,—,—,,32.0,,miss,,,,—,,
2026-09-20T19:22:51.890725+00:00,nfl,2026,2,401872935,4018729353125,3,0:00,END QUARTER 3,3,8,,31,0,Tampa Bay Buccaneers,Cleveland Browns,16,16,66.7,33.3,87.0,114.0,201.0,152.0,33.0,185.0,game,Total,Under,,42.5,betfair,-130,—,—,,32.0,,hit,,,,—,,
2026-09-20T19:22:51.890725+00:00,nfl,2026,2,401872935,4018729353125,3,0:00,END QUARTER 3,3,8,,31,0,Tampa Bay Buccaneers,Cleveland Browns,16,16,66.7,33.3,87.0,114.0,201.0,152.0,33.0,185.0,game,ML,Tampa Bay Buccaneers,,,polymarket,-195,—,—,,Loss,,miss,,,,—,,
