captured_at,sport,year,week,event_id,play_id,period,clock,play_text,down,distance,possession,yard_line,score_margin,home,away,home_score,away_score,home_win_prob,away_win_prob,home_pass_yds,home_rush_yds,home_total_yds,away_pass_yds,away_rush_yds,away_total_yds,market_type,market,selection,player,line,book_id,book_price,model_projection,model_price,model_prob,actual_result,actual_stat,bet_result,expected_roi_pct,pregame_line,pregame_book_price,pregame_projection,pregame_capture_at,pregame_capture_type
2026-09-27T23:05:13.230254+00:00,nfl,2026,3,401872961,4018729611,1,15:00,GAME,1,10,NO 33,33,0,New Orleans Saints,Las Vegas Raiders,0,0,65.4,34.6,198.0,120.0,318.0,213.0,84.0,297.0,game,Spread,Las Vegas Raiders,,2.5,prophetx,103,—,—,,0,,hit,,,,—,,
2026-09-27T23:05:13.230254+00:00,nfl,2026,3,401872961,4018729611,1,15:00,GAME,1,10,NO 33,33,0,New Orleans Saints,Las Vegas Raiders,0,0,65.4,34.6,198.0,120.0,318.0,213.0,84.0,297.0,game,Spread,New Orleans Saints,,-2.5,bet365,-105,—,—,,0,,miss,,,,—,,
2026-09-27T23:05:13.230254+00:00,nfl,2026,3,401872961,4018729611,1,15:00,GAME,1,10,NO 33,33,0,New Orleans Saints,Las Vegas Raiders,0,0,65.4,34.6,198.0,120.0,318.0,213.0,84.0,297.0,game,Total,Over,,61.5,betfair,-115,—,—,,0.0,,miss,,,,—,,
2026-09-27T23:05:13.230254+00:00,nfl,2026,3,401872961,4018729611,1,15:00,GAME,1,10,NO 33,33,0,New Orleans Saints,Las Vegas Raiders,0,0,65.4,34.6,198.0,120.0,318.0,213.0,84.0,297.0,game,Total,Under,,61.5,betfair,100,—,—,,0.0,,hit,,,,—,,
2026-09-27T23:05:13.230254+00:00,nfl,2026,3,401872961,4018729611,1,15:00,GAME,1,10,NO 33,33,0,New Orleans Saints,Las Vegas Raiders,0,0,65.4,34.6,198.0,120.0,318.0,213.0,84.0,297.0,game,ML,New Orleans Saints,,,bet365,-185,—,—,,Loss,,miss,,,,—,,
2026-09-27T23:05:13.230254+00:00,nfl,2026,3,401872961,40187296139,1,15:00,M.Gay kicks 60 yards from LV 35 to NO 5. J.Price to NO 27 for 22 yards (D.Young).,1,10,NO 33,65,0,New Orleans Saints,Las Vegas Raiders,0,0,65.4,34.6,198.0,120.0,318.0,213.0,84.0,297.0,game,Spread,Las Vegas Raiders,,2.5,prophetx,103,—,—,,0,,hit,,,,—,,
2026-09-27T23:05:13.230254+00:00,nfl,2026,3,401872961,40187296139,1,15:00,M.Gay kicks 60 yards from LV 35 to NO 5. J.Price to NO 27 for 22 yards (D.Young).,1,10,NO 33,65,0,New Orleans Saints,Las Vegas Raiders,0,0,65.4,34.6,198.0,120.0,318.0,213.0,84.0,297.0,game,Spread,New Orleans Saints,,-2.5,bet365,-105,—,—,,0,,miss,,,,—,,
2026-09-27T23:05:13.230254+00:00,nfl,2026,3,401872961,40187296139,1,15:00,M.Gay kicks 60 yards from LV 35 to NO 5. J.Price to NO 27 for 22 yards (D.Young).,1,10,NO 33,65,0,New Orleans Saints,Las Vegas Raiders,0,0,65.4,34.6,198.0,120.0,318.0,213.0,84.0,297.0,game,Total,Over,,61.5,betfair,-115,—,—,,0.0,,miss,,,,—,,
2026-09-27T23:05:13.230254+00:00,nfl,2026,3,401872961,40187296139,1,15:00,M.Gay kicks 60 yards from LV 35 to NO 5. J.Price to NO 27 for 22 yards (D.Young).,1,10,NO 33,65,0,New Orleans Saints,Las Vegas Raiders,0,0,65.4,34.6,198.0,120.0,318.0,213.0,84.0,297.0,game,Total,Under,,61.5,betfair,100,—,—,,0.0,,hit,,,,—,,
2026-09-27T23:05:13.230254+00:00,nfl,2026,3,401872961,40187296139,1,15:00,M.Gay kicks 60 yards from LV 35 to NO 5. J.Price to NO 27 for 22 yards (D.Young).,1,10,NO 33,65,0,New Orleans Saints,Las Vegas Raiders,0,0,65.4,34.6,198.0,120.0,318.0,213.0,84.0,297.0,game,ML,New Orleans Saints,,,bet365,-185,—,—,,Loss,,miss,,,,—,,
2026-09-27T23:05:13.230254+00:00,nfl,2026,3,401872961,40187296162,1,14:56,T.Etienne right guard to NO 29 for 2 yards (T.Hemingway; J.Chinn).,1,10,NO 27,27,0,New Orleans Saints,Las Vegas Raiders,0,0,65.4,34.6,198.0,120.0,318.0,213.0,84.0,297.0,game,Spread,Las Vegas Raiders,,2.5,prophetx,103,—,—,,0,,hit,,,,—,,
2026-09-27T23:05:13.230254+00:00,nfl,2026,3,401872961,40187296162,1,14:56,T.Etienne right guard to NO 29 for 2 yards (T.Hemingway; J.Chinn).,1,10,NO 27,27,0,New Orleans Saints,Las Vegas Raiders,0,0,65.4,34.6,198.0,120.0,318.0,213.0,84.0,297.0,game,Spread,New Orleans Saints,,-2.5,bet365,-105,—,—,,0,,miss,,,,—,,
2026-09-27T23:05:13.230254+00:00,nfl,2026,3,401872961,40187296162,1,14:56,T.Etienne right guard to NO 29 for 2 yards (T.Hemingway; J.Chinn).,1,10,NO 27,27,0,New Orleans Saints,Las Vegas Raiders,0,0,65.4,34.6,198.0,120.0,318.0,213.0,84.0,297.0,game,Total,Over,,61.5,betfair,-115,—,—,,0.0,,miss,,,,—,,
2026-09-27T23:05:13.230254+00:00,nfl,2026,3,401872961,40187296162,1,14:56,T.Etienne right guard to NO 29 for 2 yards (T.Hemingway; J.Chinn).,1,10,NO 27,27,0,New Orleans Saints,Las Vegas Raiders,0,0,65.4,34.6,198.0,120.0,318.0,213.0,84.0,297.0,game,Total,Under,,61.5,betfair,100,—,—,,0.0,,hit,,,,—,,
2026-09-27T23:05:13.230254+00:00,nfl,2026,3,401872961,40187296162,1,14:56,T.Etienne right guard to NO 29 for 2 yards (T.Hemingway; J.Chinn).,1,10,NO 27,27,0,New Orleans Saints,Las Vegas Raiders,0,0,65.4,34.6,198.0,120.0,318.0,213.0,84.0,297.0,game,ML,New Orleans Saints,,,bet365,-185,—,—,,Loss,,miss,,,,—,,
2026-09-27T23:05:13.230254+00:00,nfl,2026,3,401872961,40187296184,1,14:24,(Shotgun) T.Shough pass incomplete short right [F.Fatukasi].,2,8,NO 29,29,0,New Orleans Saints,Las Vegas Raiders,0,0,65.4,34.6,198.0,120.0,318.0,213.0,84.0,297.0,game,Spread,Las Vegas Raiders,,2.5,prophetx,103,—,—,,0,,hit,,,,—,,
2026-09-27T23:05:13.230254+00:00,nfl,2026,3,401872961,40187296184,1,14:24,(Shotgun) T.Shough pass incomplete short right [F.Fatukasi].,2,8,NO 29,29,0,New Orleans Saints,Las Vegas Raiders,0,0,65.4,34.6,198.0,120.0,318.0,213.0,84.0,297.0,game,Spread,New Orleans Saints,,-2.5,bet365,-105,—,—,,0,,miss,,,,—,,
2026-09-27T23:05:13.230254+00:00,nfl,2026,3,401872961,40187296184,1,14:24,(Shotgun) T.Shough pass incomplete short right [F.Fatukasi].,2,8,NO 29,29,0,New Orleans Saints,Las Vegas Raiders,0,0,65.4,34.6,198.0,120.0,318.0,213.0,84.0,297.0,game,Total,Over,,61.5,betfair,-115,—,—,,0.0,,miss,,,,—,,
2026-09-27T23:05:13.230254+00:00,nfl,2026,3,401872961,40187296184,1,14:24,(Shotgun) T.Shough pass incomplete short right [F.Fatukasi].,2,8,NO 29,29,0,New Orleans Saints,Las Vegas Raiders,0,0,65.4,34.6,198.0,120.0,318.0,213.0,84.0,297.0,game,Total,Under,,61.5,betfair,100,—,—,,0.0,,hit,,,,—,,
2026-09-27T23:05:13.230254+00:00,nfl,2026,3,401872961,40187296184,1,14:24,(Shotgun) T.Shough pass incomplete short right [F.Fatukasi].,2,8,NO 29,29,0,New Orleans Saints,Las Vegas Raiders,0,0,65.4,34.6,198.0,120.0,318.0,213.0,84.0,297.0,game,ML,New Orleans Saints,,,bet365,-185,—,—,,Loss,,miss,,,,—,,
2026-09-27T23:05:13.230254+00:00,nfl,2026,3,401872961,401872961107,1,14:18,(Shotgun) T.Shough pass incomplete short right.,3,8,NO 29,29,0,New Orleans Saints,Las Vegas Raiders,0,0,65.4,34.6,198.0,120.0,318.0,213.0,84.0,297.0,game,Spread,Las Vegas Raiders,,2.5,prophetx,103,—,—,,0,,hit,,,,—,,
2026-09-27T23:05:13.230254+00:00,nfl,2026,3,401872961,401872961107,1,14:18,(Shotgun) T.Shough pass incomplete short right.,3,8,NO 29,29,0,New Orleans Saints,Las Vegas Raiders,0,0,65.4,34.6,198.0,120.0,318.0,213.0,84.0,297.0,game,Spread,New Orleans Saints,,-2.5,bet365,-105,—,—,,0,,miss,,,,—,,
2026-09-27T23:05:13.230254+00:00,nfl,2026,3,401872961,401872961107,1,14:18,(Shotgun) T.Shough pass incomplete short right.,3,8,NO 29,29,0,New Orleans Saints,Las Vegas Raiders,0,0,65.4,34.6,198.0,120.0,318.0,213.0,84.0,297.0,game,Total,Over,,61.5,betfair,-115,—,—,,0.0,,miss,,,,—,,
2026-09-27T23:05:13.230254+00:00,nfl,2026,3,401872961,401872961107,1,14:18,(Shotgun) T.Shough pass incomplete short right.,3,8,NO 29,29,0,New Orleans Saints,Las Vegas Raiders,0,0,65.4,34.6,198.0,120.0,318.0,213.0,84.0,297.0,game,Total,Under,,61.5,betfair,100,—,—,,0.0,,hit,,,,—,,
2026-09-27T23:05:13.230254+00:00,nfl,2026,3,401872961,401872961107,1,14:18,(Shotgun) T.Shough pass incomplete short right.,3,8,NO 29,29,0,New Orleans Saints,Las Vegas Raiders,0,0,65.4,34.6,198.0,120.0,318.0,213.0,84.0,297.0,game,ML,New Orleans Saints,,,bet365,-185,—,—,,Loss,,miss,,,,—,,
2026-09-27T23:05:13.230254+00:00,nfl,2026,3,401872961,401872961130,1,14:14,"R.Wright punts 47 yards to LV 24, Center-C.Adomitis, fair catch by M.Benson.",4,8,NO 29,29,0,New Orleans Saints,Las Vegas Raiders,0,0,65.4,34.6,198.0,120.0,318.0,213.0,84.0,297.0,game,Spread,Las Vegas Raiders,,2.5,prophetx,103,—,—,,0,,hit,,,,—,,
2026-09-27T23:05:13.230254+00:00,nfl,2026,3,401872961,401872961130,1,14:14,"R.Wright punts 47 yards to LV 24, Center-C.Adomitis, fair catch by M.Benson.",4,8,NO 29,29,0,New Orleans Saints,Las Vegas Raiders,0,0,65.4,34.6,198.0,120.0,318.0,213.0,84.0,297.0,game,Spread,New Orleans Saints,,-2.5,bet365,-105,—,—,,0,,miss,,,,—,,
2026-09-27T23:05:13.230254+00:00,nfl,2026,3,401872961,401872961130,1,14:14,"R.Wright punts 47 yards to LV 24, Center-C.Adomitis, fair catch by M.Benson.",4,8,NO 29,29,0,New Orleans Saints,Las Vegas Raiders,0,0,65.4,34.6,198.0,120.0,318.0,213.0,84.0,297.0,game,Total,Over,,61.5,betfair,-115,—,—,,0.0,,miss,,,,—,,
2026-09-27T23:05:13.230254+00:00,nfl,2026,3,401872961,401872961130,1,14:14,"R.Wright punts 47 yards to LV 24, Center-C.Adomitis, fair catch by M.Benson.",4,8,NO 29,29,0,New Orleans Saints,Las Vegas Raiders,0,0,65.4,34.6,198.0,120.0,318.0,213.0,84.0,297.0,game,Total,Under,,61.5,betfair,100,—,—,,0.0,,hit,,,,—,,
2026-09-27T23:05:13.230254+00:00,nfl,2026,3,401872961,401872961130,1,14:14,"R.Wright punts 47 yards to LV 24, Center-C.Adomitis, fair catch by M.Benson.",4,8,NO 29,29,0,New Orleans Saints,Las Vegas Raiders,0,0,65.4,34.6,198.0,120.0,318.0,213.0,84.0,297.0,game,ML,New Orleans Saints,,,bet365,-185,—,—,,Loss,,miss,,,,—,,
2026-09-27T23:05:13.230254+00:00,nfl,2026,3,401872961,401872961150,1,14:07,(Shotgun) K.Cousins pass short right to B.Bowers pushed ob at LV 32 for 8 yards (Q.Riley).,1,10,LV 24,76,0,New Orleans Saints,Las Vegas Raiders,0,0,65.4,34.6,198.0,120.0,318.0,213.0,84.0,297.0,game,Spread,Las Vegas Raiders,,2.5,prophetx,103,—,—,,0,,hit,,,,—,,
2026-09-27T23:05:13.230254+00:00,nfl,2026,3,401872961,401872961150,1,14:07,(Shotgun) K.Cousins pass short right to B.Bowers pushed ob at LV 32 for 8 yards (Q.Riley).,1,10,LV 24,76,0,New Orleans Saints,Las Vegas Raiders,0,0,65.4,34.6,198.0,120.0,318.0,213.0,84.0,297.0,game,Spread,New Orleans Saints,,-2.5,bet365,-105,—,—,,0,,miss,,,,—,,
2026-09-27T23:05:13.230254+00:00,nfl,2026,3,401872961,401872961150,1,14:07,(Shotgun) K.Cousins pass short right to B.Bowers pushed ob at LV 32 for 8 yards (Q.Riley).,1,10,LV 24,76,0,New Orleans Saints,Las Vegas Raiders,0,0,65.4,34.6,198.0,120.0,318.0,213.0,84.0,297.0,game,Total,Over,,61.5,betfair,-115,—,—,,0.0,,miss,,,,—,,
2026-09-27T23:05:13.230254+00:00,nfl,2026,3,401872961,401872961150,1,14:07,(Shotgun) K.Cousins pass short right to B.Bowers pushed ob at LV 32 for 8 yards (Q.Riley).,1,10,LV 24,76,0,New Orleans Saints,Las Vegas Raiders,0,0,65.4,34.6,198.0,120.0,318.0,213.0,84.0,297.0,game,Total,Under,,61.5,betfair,100,—,—,,0.0,,hit,,,,—,,
2026-09-27T23:05:13.230254+00:00,nfl,2026,3,401872961,401872961150,1,14:07,(Shotgun) K.Cousins pass short right to B.Bowers pushed ob at LV 32 for 8 yards (Q.Riley).,1,10,LV 24,76,0,New Orleans Saints,Las Vegas Raiders,0,0,65.4,34.6,198.0,120.0,318.0,213.0,84.0,297.0,game,ML,New Orleans Saints,,,bet365,-185,—,—,,Loss,,miss,,,,—,,
2026-09-27T23:05:13.230254+00:00,nfl,2026,3,401872961,401872961180,1,13:40,"(Shotgun) A.Jeanty up the middle to LV 31 for -1 yards (K.Elliss, C.Granderson).",2,2,LV 32,68,0,New Orleans Saints,Las Vegas Raiders,0,0,65.4,34.6,198.0,120.0,318.0,213.0,84.0,297.0,game,Spread,Las Vegas Raiders,,2.5,prophetx,103,—,—,,0,,hit,,,,—,,
2026-09-27T23:05:13.230254+00:00,nfl,2026,3,401872961,401872961180,1,13:40,"(Shotgun) A.Jeanty up the middle to LV 31 for -1 yards (K.Elliss, C.Granderson).",2,2,LV 32,68,0,New Orleans Saints,Las Vegas Raiders,0,0,65.4,34.6,198.0,120.0,318.0,213.0,84.0,297.0,game,Spread,New Orleans Saints,,-2.5,bet365,-105,—,—,,0,,miss,,,,—,,
2026-09-27T23:05:13.230254+00:00,nfl,2026,3,401872961,401872961180,1,13:40,"(Shotgun) A.Jeanty up the middle to LV 31 for -1 yards (K.Elliss, C.Granderson).",2,2,LV 32,68,0,New Orleans Saints,Las Vegas Raiders,0,0,65.4,34.6,198.0,120.0,318.0,213.0,84.0,297.0,game,Total,Over,,61.5,betfair,-115,—,—,,0.0,,miss,,,,—,,
2026-09-27T23:05:13.230254+00:00,nfl,2026,3,401872961,401872961180,1,13:40,"(Shotgun) A.Jeanty up the middle to LV 31 for -1 yards (K.Elliss, C.Granderson).",2,2,LV 32,68,0,New Orleans Saints,Las Vegas Raiders,0,0,65.4,34.6,198.0,120.0,318.0,213.0,84.0,297.0,game,Total,Under,,61.5,betfair,100,—,—,,0.0,,hit,,,,—,,
2026-09-27T23:05:13.230254+00:00,nfl,2026,3,401872961,401872961180,1,13:40,"(Shotgun) A.Jeanty up the middle to LV 31 for -1 yards (K.Elliss, C.Granderson).",2,2,LV 32,68,0,New Orleans Saints,Las Vegas Raiders,0,0,65.4,34.6,198.0,120.0,318.0,213.0,84.0,297.0,game,ML,New Orleans Saints,,,bet365,-185,—,—,,Loss,,miss,,,,—,,
2026-09-27T23:05:13.230254+00:00,nfl,2026,3,401872961,401872961202,1,12:59,(Shotgun) K.Cousins pass short right to J.Nailor to LV 47 for 16 yards (J.Blackmon) [N.Shepherd].,3,3,LV 31,69,0,New Orleans Saints,Las Vegas Raiders,0,0,65.4,34.6,198.0,120.0,318.0,213.0,84.0,297.0,game,Spread,Las Vegas Raiders,,2.5,prophetx,103,—,—,,0,,hit,,,,—,,
2026-09-27T23:05:13.230254+00:00,nfl,2026,3,401872961,401872961202,1,12:59,(Shotgun) K.Cousins pass short right to J.Nailor to LV 47 for 16 yards (J.Blackmon) [N.Shepherd].,3,3,LV 31,69,0,New Orleans Saints,Las Vegas Raiders,0,0,65.4,34.6,198.0,120.0,318.0,213.0,84.0,297.0,game,Spread,New Orleans Saints,,-2.5,bet365,-105,—,—,,0,,miss,,,,—,,
2026-09-27T23:05:13.230254+00:00,nfl,2026,3,401872961,401872961202,1,12:59,(Shotgun) K.Cousins pass short right to J.Nailor to LV 47 for 16 yards (J.Blackmon) [N.Shepherd].,3,3,LV 31,69,0,New Orleans Saints,Las Vegas Raiders,0,0,65.4,34.6,198.0,120.0,318.0,213.0,84.0,297.0,game,Total,Over,,61.5,betfair,-115,—,—,,0.0,,miss,,,,—,,
2026-09-27T23:05:13.230254+00:00,nfl,2026,3,401872961,401872961202,1,12:59,(Shotgun) K.Cousins pass short right to J.Nailor to LV 47 for 16 yards (J.Blackmon) [N.Shepherd].,3,3,LV 31,69,0,New Orleans Saints,Las Vegas Raiders,0,0,65.4,34.6,198.0,120.0,318.0,213.0,84.0,297.0,game,Total,Under,,61.5,betfair,100,—,—,,0.0,,hit,,,,—,,
2026-09-27T23:05:13.230254+00:00,nfl,2026,3,401872961,401872961202,1,12:59,(Shotgun) K.Cousins pass short right to J.Nailor to LV 47 for 16 yards (J.Blackmon) [N.Shepherd].,3,3,LV 31,69,0,New Orleans Saints,Las Vegas Raiders,0,0,65.4,34.6,198.0,120.0,318.0,213.0,84.0,297.0,game,ML,New Orleans Saints,,,bet365,-185,—,—,,Loss,,miss,,,,—,,
2026-09-27T23:05:13.230254+00:00,nfl,2026,3,401872961,401872961227,1,12:19,(Shotgun) K.Cousins pass short right to B.Bowers to NO 35 for 18 yards (K.Elliss).,1,10,LV 47,53,0,New Orleans Saints,Las Vegas Raiders,0,0,65.4,34.6,198.0,120.0,318.0,213.0,84.0,297.0,game,Spread,Las Vegas Raiders,,2.5,prophetx,103,—,—,,0,,hit,,,,—,,
2026-09-27T23:05:13.230254+00:00,nfl,2026,3,401872961,401872961227,1,12:19,(Shotgun) K.Cousins pass short right to B.Bowers to NO 35 for 18 yards (K.Elliss).,1,10,LV 47,53,0,New Orleans Saints,Las Vegas Raiders,0,0,65.4,34.6,198.0,120.0,318.0,213.0,84.0,297.0,game,Spread,New Orleans Saints,,-2.5,bet365,-105,—,—,,0,,miss,,,,—,,
2026-09-27T23:05:13.230254+00:00,nfl,2026,3,401872961,401872961227,1,12:19,(Shotgun) K.Cousins pass short right to B.Bowers to NO 35 for 18 yards (K.Elliss).,1,10,LV 47,53,0,New Orleans Saints,Las Vegas Raiders,0,0,65.4,34.6,198.0,120.0,318.0,213.0,84.0,297.0,game,Total,Over,,61.5,betfair,-115,—,—,,0.0,,miss,,,,—,,
2026-09-27T23:05:13.230254+00:00,nfl,2026,3,401872961,401872961227,1,12:19,(Shotgun) K.Cousins pass short right to B.Bowers to NO 35 for 18 yards (K.Elliss).,1,10,LV 47,53,0,New Orleans Saints,Las Vegas Raiders,0,0,65.4,34.6,198.0,120.0,318.0,213.0,84.0,297.0,game,Total,Under,,61.5,betfair,100,—,—,,0.0,,hit,,,,—,,
2026-09-27T23:05:13.230254+00:00,nfl,2026,3,401872961,401872961227,1,12:19,(Shotgun) K.Cousins pass short right to B.Bowers to NO 35 for 18 yards (K.Elliss).,1,10,LV 47,53,0,New Orleans Saints,Las Vegas Raiders,0,0,65.4,34.6,198.0,120.0,318.0,213.0,84.0,297.0,game,ML,New Orleans Saints,,,bet365,-185,—,—,,Loss,,miss,,,,—,,
2026-09-27T23:05:13.230254+00:00,nfl,2026,3,401872961,401872961252,1,11:38,A.Jeanty up the middle to NO 31 for 4 yards (D.Godchaux).,1,10,NO 35,35,0,New Orleans Saints,Las Vegas Raiders,0,0,65.4,34.6,198.0,120.0,318.0,213.0,84.0,297.0,game,Spread,Las Vegas Raiders,,2.5,prophetx,103,—,—,,0,,hit,,,,—,,
2026-09-27T23:05:13.230254+00:00,nfl,2026,3,401872961,401872961252,1,11:38,A.Jeanty up the middle to NO 31 for 4 yards (D.Godchaux).,1,10,NO 35,35,0,New Orleans Saints,Las Vegas Raiders,0,0,65.4,34.6,198.0,120.0,318.0,213.0,84.0,297.0,game,Spread,New Orleans Saints,,-2.5,bet365,-105,—,—,,0,,miss,,,,—,,
2026-09-27T23:05:13.230254+00:00,nfl,2026,3,401872961,401872961252,1,11:38,A.Jeanty up the middle to NO 31 for 4 yards (D.Godchaux).,1,10,NO 35,35,0,New Orleans Saints,Las Vegas Raiders,0,0,65.4,34.6,198.0,120.0,318.0,213.0,84.0,297.0,game,Total,Over,,61.5,betfair,-115,—,—,,0.0,,miss,,,,—,,
2026-09-27T23:05:13.230254+00:00,nfl,2026,3,401872961,401872961252,1,11:38,A.Jeanty up the middle to NO 31 for 4 yards (D.Godchaux).,1,10,NO 35,35,0,New Orleans Saints,Las Vegas Raiders,0,0,65.4,34.6,198.0,120.0,318.0,213.0,84.0,297.0,game,Total,Under,,61.5,betfair,100,—,—,,0.0,,hit,,,,—,,
2026-09-27T23:05:13.230254+00:00,nfl,2026,3,401872961,401872961252,1,11:38,A.Jeanty up the middle to NO 31 for 4 yards (D.Godchaux).,1,10,NO 35,35,0,New Orleans Saints,Las Vegas Raiders,0,0,65.4,34.6,198.0,120.0,318.0,213.0,84.0,297.0,game,ML,New Orleans Saints,,,bet365,-185,—,—,,Loss,,miss,,,,—,,
2026-09-27T23:05:13.230254+00:00,nfl,2026,3,401872961,401872961274,1,10:57,M.Washington left guard to NO 28 for 3 yards (C.Granderson; N.Shepherd).,2,6,NO 31,31,0,New Orleans Saints,Las Vegas Raiders,0,0,65.4,34.6,198.0,120.0,318.0,213.0,84.0,297.0,game,Spread,Las Vegas Raiders,,2.5,prophetx,103,—,—,,0,,hit,,,,—,,
2026-09-27T23:05:13.230254+00:00,nfl,2026,3,401872961,401872961274,1,10:57,M.Washington left guard to NO 28 for 3 yards (C.Granderson; N.Shepherd).,2,6,NO 31,31,0,New Orleans Saints,Las Vegas Raiders,0,0,65.4,34.6,198.0,120.0,318.0,213.0,84.0,297.0,game,Spread,New Orleans Saints,,-2.5,bet365,-105,—,—,,0,,miss,,,,—,,
2026-09-27T23:05:13.230254+00:00,nfl,2026,3,401872961,401872961274,1,10:57,M.Washington left guard to NO 28 for 3 yards (C.Granderson; N.Shepherd).,2,6,NO 31,31,0,New Orleans Saints,Las Vegas Raiders,0,0,65.4,34.6,198.0,120.0,318.0,213.0,84.0,297.0,game,Total,Over,,61.5,betfair,-115,—,—,,0.0,,miss,,,,—,,
2026-09-27T23:05:13.230254+00:00,nfl,2026,3,401872961,401872961274,1,10:57,M.Washington left guard to NO 28 for 3 yards (C.Granderson; N.Shepherd).,2,6,NO 31,31,0,New Orleans Saints,Las Vegas Raiders,0,0,65.4,34.6,198.0,120.0,318.0,213.0,84.0,297.0,game,Total,Under,,61.5,betfair,100,—,—,,0.0,,hit,,,,—,,
2026-09-27T23:05:13.230254+00:00,nfl,2026,3,401872961,401872961274,1,10:57,M.Washington left guard to NO 28 for 3 yards (C.Granderson; N.Shepherd).,2,6,NO 31,31,0,New Orleans Saints,Las Vegas Raiders,0,0,65.4,34.6,198.0,120.0,318.0,213.0,84.0,297.0,game,ML,New Orleans Saints,,,bet365,-185,—,—,,Loss,,miss,,,,—,,
2026-09-27T23:05:13.230254+00:00,nfl,2026,3,401872961,401872961296,1,10:14,(Shotgun) K.Cousins pass short right to B.Bowers to NO 17 for 11 yards (K.Elliss) [P.Werner].,3,3,NO 28,28,0,New Orleans Saints,Las Vegas Raiders,0,0,65.4,34.6,198.0,120.0,318.0,213.0,84.0,297.0,game,Spread,Las Vegas Raiders,,2.5,prophetx,103,—,—,,0,,hit,,,,—,,
2026-09-27T23:05:13.230254+00:00,nfl,2026,3,401872961,401872961296,1,10:14,(Shotgun) K.Cousins pass short right to B.Bowers to NO 17 for 11 yards (K.Elliss) [P.Werner].,3,3,NO 28,28,0,New Orleans Saints,Las Vegas Raiders,0,0,65.4,34.6,198.0,120.0,318.0,213.0,84.0,297.0,game,Spread,New Orleans Saints,,-2.5,bet365,-105,—,—,,0,,miss,,,,—,,
2026-09-27T23:05:13.230254+00:00,nfl,2026,3,401872961,401872961296,1,10:14,(Shotgun) K.Cousins pass short right to B.Bowers to NO 17 for 11 yards (K.Elliss) [P.Werner].,3,3,NO 28,28,0,New Orleans Saints,Las Vegas Raiders,0,0,65.4,34.6,198.0,120.0,318.0,213.0,84.0,297.0,game,Total,Over,,61.5,betfair,-115,—,—,,0.0,,miss,,,,—,,
2026-09-27T23:05:13.230254+00:00,nfl,2026,3,401872961,401872961296,1,10:14,(Shotgun) K.Cousins pass short right to B.Bowers to NO 17 for 11 yards (K.Elliss) [P.Werner].,3,3,NO 28,28,0,New Orleans Saints,Las Vegas Raiders,0,0,65.4,34.6,198.0,120.0,318.0,213.0,84.0,297.0,game,Total,Under,,61.5,betfair,100,—,—,,0.0,,hit,,,,—,,
2026-09-27T23:05:13.230254+00:00,nfl,2026,3,401872961,401872961296,1,10:14,(Shotgun) K.Cousins pass short right to B.Bowers to NO 17 for 11 yards (K.Elliss) [P.Werner].,3,3,NO 28,28,0,New Orleans Saints,Las Vegas Raiders,0,0,65.4,34.6,198.0,120.0,318.0,213.0,84.0,297.0,game,ML,New Orleans Saints,,,bet365,-185,—,—,,Loss,,miss,,,,—,,
2026-09-27T23:05:13.230254+00:00,nfl,2026,3,401872961,401872961321,1,9:30,(Shotgun) K.Cousins pass incomplete short right to C.White (K.McKinstry).,1,10,NO 17,17,0,New Orleans Saints,Las Vegas Raiders,0,0,65.4,34.6,198.0,120.0,318.0,213.0,84.0,297.0,game,Spread,Las Vegas Raiders,,2.5,prophetx,103,—,—,,0,,hit,,,,—,,
2026-09-27T23:05:13.230254+00:00,nfl,2026,3,401872961,401872961321,1,9:30,(Shotgun) K.Cousins pass incomplete short right to C.White (K.McKinstry).,1,10,NO 17,17,0,New Orleans Saints,Las Vegas Raiders,0,0,65.4,34.6,198.0,120.0,318.0,213.0,84.0,297.0,game,Spread,New Orleans Saints,,-2.5,bet365,-105,—,—,,0,,miss,,,,—,,
2026-09-27T23:05:13.230254+00:00,nfl,2026,3,401872961,401872961321,1,9:30,(Shotgun) K.Cousins pass incomplete short right to C.White (K.McKinstry).,1,10,NO 17,17,0,New Orleans Saints,Las Vegas Raiders,0,0,65.4,34.6,198.0,120.0,318.0,213.0,84.0,297.0,game,Total,Over,,61.5,betfair,-115,—,—,,0.0,,miss,,,,—,,
2026-09-27T23:05:13.230254+00:00,nfl,2026,3,401872961,401872961321,1,9:30,(Shotgun) K.Cousins pass incomplete short right to C.White (K.McKinstry).,1,10,NO 17,17,0,New Orleans Saints,Las Vegas Raiders,0,0,65.4,34.6,198.0,120.0,318.0,213.0,84.0,297.0,game,Total,Under,,61.5,betfair,100,—,—,,0.0,,hit,,,,—,,
2026-09-27T23:05:13.230254+00:00,nfl,2026,3,401872961,401872961321,1,9:30,(Shotgun) K.Cousins pass incomplete short right to C.White (K.McKinstry).,1,10,NO 17,17,0,New Orleans Saints,Las Vegas Raiders,0,0,65.4,34.6,198.0,120.0,318.0,213.0,84.0,297.0,game,ML,New Orleans Saints,,,bet365,-185,—,—,,Loss,,miss,,,,—,,
2026-09-27T23:05:13.230254+00:00,nfl,2026,3,401872961,401872961344,1,9:26,"A.Jeanty right end to NO 8 for 9 yards (A.Jennings).PENALTY on LV-T.Tucker, Offensive Holding, 10 yards, enforced at NO 14.",2,10,NO 17,17,0,New Orleans Saints,Las Vegas Raiders,0,0,65.4,34.6,198.0,120.0,318.0,213.0,84.0,297.0,game,Spread,Las Vegas Raiders,,2.5,prophetx,103,—,—,,0,,hit,,,,—,,
2026-09-27T23:05:13.230254+00:00,nfl,2026,3,401872961,401872961344,1,9:26,"A.Jeanty right end to NO 8 for 9 yards (A.Jennings).PENALTY on LV-T.Tucker, Offensive Holding, 10 yards, enforced at NO 14.",2,10,NO 17,17,0,New Orleans Saints,Las Vegas Raiders,0,0,65.4,34.6,198.0,120.0,318.0,213.0,84.0,297.0,game,Spread,New Orleans Saints,,-2.5,bet365,-105,—,—,,0,,miss,,,,—,,
2026-09-27T23:05:13.230254+00:00,nfl,2026,3,401872961,401872961344,1,9:26,"A.Jeanty right end to NO 8 for 9 yards (A.Jennings).PENALTY on LV-T.Tucker, Offensive Holding, 10 yards, enforced at NO 14.",2,10,NO 17,17,0,New Orleans Saints,Las Vegas Raiders,0,0,65.4,34.6,198.0,120.0,318.0,213.0,84.0,297.0,game,Total,Over,,61.5,betfair,-115,—,—,,0.0,,miss,,,,—,,
2026-09-27T23:05:13.230254+00:00,nfl,2026,3,401872961,401872961344,1,9:26,"A.Jeanty right end to NO 8 for 9 yards (A.Jennings).PENALTY on LV-T.Tucker, Offensive Holding, 10 yards, enforced at NO 14.",2,10,NO 17,17,0,New Orleans Saints,Las Vegas Raiders,0,0,65.4,34.6,198.0,120.0,318.0,213.0,84.0,297.0,game,Total,Under,,61.5,betfair,100,—,—,,0.0,,hit,,,,—,,
2026-09-27T23:05:13.230254+00:00,nfl,2026,3,401872961,401872961344,1,9:26,"A.Jeanty right end to NO 8 for 9 yards (A.Jennings).PENALTY on LV-T.Tucker, Offensive Holding, 10 yards, enforced at NO 14.",2,10,NO 17,17,0,New Orleans Saints,Las Vegas Raiders,0,0,65.4,34.6,198.0,120.0,318.0,213.0,84.0,297.0,game,ML,New Orleans Saints,,,bet365,-185,—,—,,Loss,,miss,,,,—,,
2026-09-27T23:05:13.230254+00:00,nfl,2026,3,401872961,401872961377,1,9:06,(Shotgun) K.Cousins pass short middle to A.Jeanty to NO 20 for 4 yards (P.Werner).,2,17,NO 24,24,0,New Orleans Saints,Las Vegas Raiders,0,0,65.4,34.6,198.0,120.0,318.0,213.0,84.0,297.0,game,Spread,Las Vegas Raiders,,2.5,prophetx,103,—,—,,0,,hit,,,,—,,
2026-09-27T23:05:13.230254+00:00,nfl,2026,3,401872961,401872961377,1,9:06,(Shotgun) K.Cousins pass short middle to A.Jeanty to NO 20 for 4 yards (P.Werner).,2,17,NO 24,24,0,New Orleans Saints,Las Vegas Raiders,0,0,65.4,34.6,198.0,120.0,318.0,213.0,84.0,297.0,game,Spread,New Orleans Saints,,-2.5,bet365,-105,—,—,,0,,miss,,,,—,,
2026-09-27T23:05:13.230254+00:00,nfl,2026,3,401872961,401872961377,1,9:06,(Shotgun) K.Cousins pass short middle to A.Jeanty to NO 20 for 4 yards (P.Werner).,2,17,NO 24,24,0,New Orleans Saints,Las Vegas Raiders,0,0,65.4,34.6,198.0,120.0,318.0,213.0,84.0,297.0,game,Total,Over,,61.5,betfair,-115,—,—,,0.0,,miss,,,,—,,
2026-09-27T23:05:13.230254+00:00,nfl,2026,3,401872961,401872961377,1,9:06,(Shotgun) K.Cousins pass short middle to A.Jeanty to NO 20 for 4 yards (P.Werner).,2,17,NO 24,24,0,New Orleans Saints,Las Vegas Raiders,0,0,65.4,34.6,198.0,120.0,318.0,213.0,84.0,297.0,game,Total,Under,,61.5,betfair,100,—,—,,0.0,,hit,,,,—,,
2026-09-27T23:05:13.230254+00:00,nfl,2026,3,401872961,401872961377,1,9:06,(Shotgun) K.Cousins pass short middle to A.Jeanty to NO 20 for 4 yards (P.Werner).,2,17,NO 24,24,0,New Orleans Saints,Las Vegas Raiders,0,0,65.4,34.6,198.0,120.0,318.0,213.0,84.0,297.0,game,ML,New Orleans Saints,,,bet365,-185,—,—,,Loss,,miss,,,,—,,
2026-09-27T23:05:13.230254+00:00,nfl,2026,3,401872961,401872961402,1,8:19,(Shotgun) K.Cousins sacked at NO 23 for -3 yards (C.Young).,3,13,NO 20,20,0,New Orleans Saints,Las Vegas Raiders,0,0,65.4,34.6,198.0,120.0,318.0,213.0,84.0,297.0,game,Spread,Las Vegas Raiders,,2.5,prophetx,103,—,—,,0,,hit,,,,—,,
2026-09-27T23:05:13.230254+00:00,nfl,2026,3,401872961,401872961402,1,8:19,(Shotgun) K.Cousins sacked at NO 23 for -3 yards (C.Young).,3,13,NO 20,20,0,New Orleans Saints,Las Vegas Raiders,0,0,65.4,34.6,198.0,120.0,318.0,213.0,84.0,297.0,game,Spread,New Orleans Saints,,-2.5,bet365,-105,—,—,,0,,miss,,,,—,,
2026-09-27T23:05:13.230254+00:00,nfl,2026,3,401872961,401872961402,1,8:19,(Shotgun) K.Cousins sacked at NO 23 for -3 yards (C.Young).,3,13,NO 20,20,0,New Orleans Saints,Las Vegas Raiders,0,0,65.4,34.6,198.0,120.0,318.0,213.0,84.0,297.0,game,Total,Over,,61.5,betfair,-115,—,—,,0.0,,miss,,,,—,,
2026-09-27T23:05:13.230254+00:00,nfl,2026,3,401872961,401872961402,1,8:19,(Shotgun) K.Cousins sacked at NO 23 for -3 yards (C.Young).,3,13,NO 20,20,0,New Orleans Saints,Las Vegas Raiders,0,0,65.4,34.6,198.0,120.0,318.0,213.0,84.0,297.0,game,Total,Under,,61.5,betfair,100,—,—,,0.0,,hit,,,,—,,
2026-09-27T23:05:13.230254+00:00,nfl,2026,3,401872961,401872961402,1,8:19,(Shotgun) K.Cousins sacked at NO 23 for -3 yards (C.Young).,3,13,NO 20,20,0,New Orleans Saints,Las Vegas Raiders,0,0,65.4,34.6,198.0,120.0,318.0,213.0,84.0,297.0,game,ML,New Orleans Saints,,,bet365,-185,—,—,,Loss,,miss,,,,—,,
2026-09-27T23:05:13.230254+00:00,nfl,2026,3,401872961,401872961432,1,7:35,Official Timeout at 07:35.,-1,10,LV 35,65,-3,New Orleans Saints,Las Vegas Raiders,0,3,65.4,34.6,198.0,120.0,318.0,213.0,84.0,297.0,game,Spread,Las Vegas Raiders,,2.5,prophetx,103,—,—,,-3,,hit,,,,—,,
2026-09-27T23:05:13.230254+00:00,nfl,2026,3,401872961,401872961432,1,7:35,Official Timeout at 07:35.,-1,10,LV 35,65,-3,New Orleans Saints,Las Vegas Raiders,0,3,65.4,34.6,198.0,120.0,318.0,213.0,84.0,297.0,game,Spread,New Orleans Saints,,-2.5,bet365,-105,—,—,,-3,,miss,,,,—,,
2026-09-27T23:05:13.230254+00:00,nfl,2026,3,401872961,401872961432,1,7:35,Official Timeout at 07:35.,-1,10,LV 35,65,-3,New Orleans Saints,Las Vegas Raiders,0,3,65.4,34.6,198.0,120.0,318.0,213.0,84.0,297.0,game,Total,Over,,61.5,betfair,-115,—,—,,3.0,,miss,,,,—,,
2026-09-27T23:05:13.230254+00:00,nfl,2026,3,401872961,401872961432,1,7:35,Official Timeout at 07:35.,-1,10,LV 35,65,-3,New Orleans Saints,Las Vegas Raiders,0,3,65.4,34.6,198.0,120.0,318.0,213.0,84.0,297.0,game,Total,Under,,61.5,betfair,100,—,—,,3.0,,hit,,,,—,,
2026-09-27T23:05:13.230254+00:00,nfl,2026,3,401872961,401872961432,1,7:35,Official Timeout at 07:35.,-1,10,LV 35,65,-3,New Orleans Saints,Las Vegas Raiders,0,3,65.4,34.6,198.0,120.0,318.0,213.0,84.0,297.0,game,ML,New Orleans Saints,,,bet365,-185,—,—,,Loss,,miss,,,,—,,
2026-09-27T23:05:13.230254+00:00,nfl,2026,3,401872961,401872961422,1,7:35,"M.Gay 41 yard field goal is GOOD, Center-A.Ward, Holder-A.Cole.",4,16,NO 23,23,-3,New Orleans Saints,Las Vegas Raiders,0,3,65.4,34.6,198.0,120.0,318.0,213.0,84.0,297.0,game,Spread,Las Vegas Raiders,,2.5,prophetx,103,—,—,,-3,,hit,,,,—,,
2026-09-27T23:05:13.230254+00:00,nfl,2026,3,401872961,401872961422,1,7:35,"M.Gay 41 yard field goal is GOOD, Center-A.Ward, Holder-A.Cole.",4,16,NO 23,23,-3,New Orleans Saints,Las Vegas Raiders,0,3,65.4,34.6,198.0,120.0,318.0,213.0,84.0,297.0,game,Spread,New Orleans Saints,,-2.5,bet365,-105,—,—,,-3,,miss,,,,—,,
2026-09-27T23:05:13.230254+00:00,nfl,2026,3,401872961,401872961422,1,7:35,"M.Gay 41 yard field goal is GOOD, Center-A.Ward, Holder-A.Cole.",4,16,NO 23,23,-3,New Orleans Saints,Las Vegas Raiders,0,3,65.4,34.6,198.0,120.0,318.0,213.0,84.0,297.0,game,Total,Over,,61.5,betfair,-115,—,—,,3.0,,miss,,,,—,,
2026-09-27T23:05:13.230254+00:00,nfl,2026,3,401872961,401872961422,1,7:35,"M.Gay 41 yard field goal is GOOD, Center-A.Ward, Holder-A.Cole.",4,16,NO 23,23,-3,New Orleans Saints,Las Vegas Raiders,0,3,65.4,34.6,198.0,120.0,318.0,213.0,84.0,297.0,game,Total,Under,,61.5,betfair,100,—,—,,3.0,,hit,,,,—,,
2026-09-27T23:05:13.230254+00:00,nfl,2026,3,401872961,401872961422,1,7:35,"M.Gay 41 yard field goal is GOOD, Center-A.Ward, Holder-A.Cole.",4,16,NO 23,23,-3,New Orleans Saints,Las Vegas Raiders,0,3,65.4,34.6,198.0,120.0,318.0,213.0,84.0,297.0,game,ML,New Orleans Saints,,,bet365,-185,—,—,,Loss,,miss,,,,—,,
2026-09-27T23:05:13.230254+00:00,nfl,2026,3,401872961,401872961442,1,7:35,M.Gay kicks 63 yards from LV 35 to NO 2. J.Price to NO 21 for 19 yards (C.White).,1,10,NO 33,65,-3,New Orleans Saints,Las Vegas Raiders,0,3,65.4,34.6,198.0,120.0,318.0,213.0,84.0,297.0,game,Spread,Las Vegas Raiders,,2.5,prophetx,103,—,—,,-3,,hit,,,,—,,
2026-09-27T23:05:13.230254+00:00,nfl,2026,3,401872961,401872961442,1,7:35,M.Gay kicks 63 yards from LV 35 to NO 2. J.Price to NO 21 for 19 yards (C.White).,1,10,NO 33,65,-3,New Orleans Saints,Las Vegas Raiders,0,3,65.4,34.6,198.0,120.0,318.0,213.0,84.0,297.0,game,Spread,New Orleans Saints,,-2.5,bet365,-105,—,—,,-3,,miss,,,,—,,
2026-09-27T23:05:13.230254+00:00,nfl,2026,3,401872961,401872961442,1,7:35,M.Gay kicks 63 yards from LV 35 to NO 2. J.Price to NO 21 for 19 yards (C.White).,1,10,NO 33,65,-3,New Orleans Saints,Las Vegas Raiders,0,3,65.4,34.6,198.0,120.0,318.0,213.0,84.0,297.0,game,Total,Over,,61.5,betfair,-115,—,—,,3.0,,miss,,,,—,,
2026-09-27T23:05:13.230254+00:00,nfl,2026,3,401872961,401872961442,1,7:35,M.Gay kicks 63 yards from LV 35 to NO 2. J.Price to NO 21 for 19 yards (C.White).,1,10,NO 33,65,-3,New Orleans Saints,Las Vegas Raiders,0,3,65.4,34.6,198.0,120.0,318.0,213.0,84.0,297.0,game,Total,Under,,61.5,betfair,100,—,—,,3.0,,hit,,,,—,,
2026-09-27T23:05:13.230254+00:00,nfl,2026,3,401872961,401872961442,1,7:35,M.Gay kicks 63 yards from LV 35 to NO 2. J.Price to NO 21 for 19 yards (C.White).,1,10,NO 33,65,-3,New Orleans Saints,Las Vegas Raiders,0,3,65.4,34.6,198.0,120.0,318.0,213.0,84.0,297.0,game,ML,New Orleans Saints,,,bet365,-185,—,—,,Loss,,miss,,,,—,,
2026-09-27T23:05:13.230254+00:00,nfl,2026,3,401872961,401872961472,1,7:30,(Shotgun) T.Shough pass short right to J.Johnson to NO 27 for 6 yards (T.Johnson).,1,10,NO 21,21,-3,New Orleans Saints,Las Vegas Raiders,0,3,65.4,34.6,198.0,120.0,318.0,213.0,84.0,297.0,game,Spread,Las Vegas Raiders,,2.5,prophetx,103,—,—,,-3,,hit,,,,—,,
2026-09-27T23:05:13.230254+00:00,nfl,2026,3,401872961,401872961472,1,7:30,(Shotgun) T.Shough pass short right to J.Johnson to NO 27 for 6 yards (T.Johnson).,1,10,NO 21,21,-3,New Orleans Saints,Las Vegas Raiders,0,3,65.4,34.6,198.0,120.0,318.0,213.0,84.0,297.0,game,Spread,New Orleans Saints,,-2.5,bet365,-105,—,—,,-3,,miss,,,,—,,
2026-09-27T23:05:13.230254+00:00,nfl,2026,3,401872961,401872961472,1,7:30,(Shotgun) T.Shough pass short right to J.Johnson to NO 27 for 6 yards (T.Johnson).,1,10,NO 21,21,-3,New Orleans Saints,Las Vegas Raiders,0,3,65.4,34.6,198.0,120.0,318.0,213.0,84.0,297.0,game,Total,Over,,61.5,betfair,-115,—,—,,3.0,,miss,,,,—,,
2026-09-27T23:05:13.230254+00:00,nfl,2026,3,401872961,401872961472,1,7:30,(Shotgun) T.Shough pass short right to J.Johnson to NO 27 for 6 yards (T.Johnson).,1,10,NO 21,21,-3,New Orleans Saints,Las Vegas Raiders,0,3,65.4,34.6,198.0,120.0,318.0,213.0,84.0,297.0,game,Total,Under,,61.5,betfair,100,—,—,,3.0,,hit,,,,—,,
2026-09-27T23:05:13.230254+00:00,nfl,2026,3,401872961,401872961472,1,7:30,(Shotgun) T.Shough pass short right to J.Johnson to NO 27 for 6 yards (T.Johnson).,1,10,NO 21,21,-3,New Orleans Saints,Las Vegas Raiders,0,3,65.4,34.6,198.0,120.0,318.0,213.0,84.0,297.0,game,ML,New Orleans Saints,,,bet365,-185,—,—,,Loss,,miss,,,,—,,
2026-09-27T23:05:13.230254+00:00,nfl,2026,3,401872961,401872961497,1,7:04,"(No Huddle, Shotgun) T.Etienne up the middle to NO 30 for 3 yards (Q.Walker).",2,4,NO 27,27,-3,New Orleans Saints,Las Vegas Raiders,0,3,65.4,34.6,198.0,120.0,318.0,213.0,84.0,297.0,game,Spread,Las Vegas Raiders,,2.5,prophetx,103,—,—,,-3,,hit,,,,—,,
2026-09-27T23:05:13.230254+00:00,nfl,2026,3,401872961,401872961497,1,7:04,"(No Huddle, Shotgun) T.Etienne up the middle to NO 30 for 3 yards (Q.Walker).",2,4,NO 27,27,-3,New Orleans Saints,Las Vegas Raiders,0,3,65.4,34.6,198.0,120.0,318.0,213.0,84.0,297.0,game,Spread,New Orleans Saints,,-2.5,bet365,-105,—,—,,-3,,miss,,,,—,,
2026-09-27T23:05:13.230254+00:00,nfl,2026,3,401872961,401872961497,1,7:04,"(No Huddle, Shotgun) T.Etienne up the middle to NO 30 for 3 yards (Q.Walker).",2,4,NO 27,27,-3,New Orleans Saints,Las Vegas Raiders,0,3,65.4,34.6,198.0,120.0,318.0,213.0,84.0,297.0,game,Total,Over,,61.5,betfair,-115,—,—,,3.0,,miss,,,,—,,
2026-09-27T23:05:13.230254+00:00,nfl,2026,3,401872961,401872961497,1,7:04,"(No Huddle, Shotgun) T.Etienne up the middle to NO 30 for 3 yards (Q.Walker).",2,4,NO 27,27,-3,New Orleans Saints,Las Vegas Raiders,0,3,65.4,34.6,198.0,120.0,318.0,213.0,84.0,297.0,game,Total,Under,,61.5,betfair,100,—,—,,3.0,,hit,,,,—,,
2026-09-27T23:05:13.230254+00:00,nfl,2026,3,401872961,401872961497,1,7:04,"(No Huddle, Shotgun) T.Etienne up the middle to NO 30 for 3 yards (Q.Walker).",2,4,NO 27,27,-3,New Orleans Saints,Las Vegas Raiders,0,3,65.4,34.6,198.0,120.0,318.0,213.0,84.0,297.0,game,ML,New Orleans Saints,,,bet365,-185,—,—,,Loss,,miss,,,,—,,
2026-09-27T23:05:13.230254+00:00,nfl,2026,3,401872961,401872961519,1,6:33,(Shotgun) T.Etienne up the middle to NO 32 for 2 yards (N.Dean).,3,1,NO 30,30,-3,New Orleans Saints,Las Vegas Raiders,0,3,65.4,34.6,198.0,120.0,318.0,213.0,84.0,297.0,game,Spread,Las Vegas Raiders,,2.5,prophetx,103,—,—,,-3,,hit,,,,—,,
2026-09-27T23:05:13.230254+00:00,nfl,2026,3,401872961,401872961519,1,6:33,(Shotgun) T.Etienne up the middle to NO 32 for 2 yards (N.Dean).,3,1,NO 30,30,-3,New Orleans Saints,Las Vegas Raiders,0,3,65.4,34.6,198.0,120.0,318.0,213.0,84.0,297.0,game,Spread,New Orleans Saints,,-2.5,bet365,-105,—,—,,-3,,miss,,,,—,,
2026-09-27T23:05:13.230254+00:00,nfl,2026,3,401872961,401872961519,1,6:33,(Shotgun) T.Etienne up the middle to NO 32 for 2 yards (N.Dean).,3,1,NO 30,30,-3,New Orleans Saints,Las Vegas Raiders,0,3,65.4,34.6,198.0,120.0,318.0,213.0,84.0,297.0,game,Total,Over,,61.5,betfair,-115,—,—,,3.0,,miss,,,,—,,
2026-09-27T23:05:13.230254+00:00,nfl,2026,3,401872961,401872961519,1,6:33,(Shotgun) T.Etienne up the middle to NO 32 for 2 yards (N.Dean).,3,1,NO 30,30,-3,New Orleans Saints,Las Vegas Raiders,0,3,65.4,34.6,198.0,120.0,318.0,213.0,84.0,297.0,game,Total,Under,,61.5,betfair,100,—,—,,3.0,,hit,,,,—,,
2026-09-27T23:05:13.230254+00:00,nfl,2026,3,401872961,401872961519,1,6:33,(Shotgun) T.Etienne up the middle to NO 32 for 2 yards (N.Dean).,3,1,NO 30,30,-3,New Orleans Saints,Las Vegas Raiders,0,3,65.4,34.6,198.0,120.0,318.0,213.0,84.0,297.0,game,ML,New Orleans Saints,,,bet365,-185,—,—,,Loss,,miss,,,,—,,
2026-09-27T23:05:13.230254+00:00,nfl,2026,3,401872961,401872961541,1,5:54,T.Shough scrambles right end ran ob at LV 32 for 36 yards (J.Chinn).,1,10,NO 32,32,-3,New Orleans Saints,Las Vegas Raiders,0,3,65.4,34.6,198.0,120.0,318.0,213.0,84.0,297.0,game,Spread,Las Vegas Raiders,,2.5,prophetx,103,—,—,,-3,,hit,,,,—,,
2026-09-27T23:05:13.230254+00:00,nfl,2026,3,401872961,401872961541,1,5:54,T.Shough scrambles right end ran ob at LV 32 for 36 yards (J.Chinn).,1,10,NO 32,32,-3,New Orleans Saints,Las Vegas Raiders,0,3,65.4,34.6,198.0,120.0,318.0,213.0,84.0,297.0,game,Spread,New Orleans Saints,,-2.5,bet365,-105,—,—,,-3,,miss,,,,—,,
2026-09-27T23:05:13.230254+00:00,nfl,2026,3,401872961,401872961541,1,5:54,T.Shough scrambles right end ran ob at LV 32 for 36 yards (J.Chinn).,1,10,NO 32,32,-3,New Orleans Saints,Las Vegas Raiders,0,3,65.4,34.6,198.0,120.0,318.0,213.0,84.0,297.0,game,Total,Over,,61.5,betfair,-115,—,—,,3.0,,miss,,,,—,,
2026-09-27T23:05:13.230254+00:00,nfl,2026,3,401872961,401872961541,1,5:54,T.Shough scrambles right end ran ob at LV 32 for 36 yards (J.Chinn).,1,10,NO 32,32,-3,New Orleans Saints,Las Vegas Raiders,0,3,65.4,34.6,198.0,120.0,318.0,213.0,84.0,297.0,game,Total,Under,,61.5,betfair,100,—,—,,3.0,,hit,,,,—,,
2026-09-27T23:05:13.230254+00:00,nfl,2026,3,401872961,401872961541,1,5:54,T.Shough scrambles right end ran ob at LV 32 for 36 yards (J.Chinn).,1,10,NO 32,32,-3,New Orleans Saints,Las Vegas Raiders,0,3,65.4,34.6,198.0,120.0,318.0,213.0,84.0,297.0,game,ML,New Orleans Saints,,,bet365,-185,—,—,,Loss,,miss,,,,—,,
2026-09-27T23:05:13.230254+00:00,nfl,2026,3,401872961,401872961568,1,5:18,T.Etienne left guard to LV 28 for 4 yards (M.Koonce).,1,10,LV 32,68,-3,New Orleans Saints,Las Vegas Raiders,0,3,65.4,34.6,198.0,120.0,318.0,213.0,84.0,297.0,game,Spread,Las Vegas Raiders,,2.5,prophetx,103,—,—,,-3,,hit,,,,—,,
2026-09-27T23:05:13.230254+00:00,nfl,2026,3,401872961,401872961568,1,5:18,T.Etienne left guard to LV 28 for 4 yards (M.Koonce).,1,10,LV 32,68,-3,New Orleans Saints,Las Vegas Raiders,0,3,65.4,34.6,198.0,120.0,318.0,213.0,84.0,297.0,game,Spread,New Orleans Saints,,-2.5,bet365,-105,—,—,,-3,,miss,,,,—,,
2026-09-27T23:05:13.230254+00:00,nfl,2026,3,401872961,401872961568,1,5:18,T.Etienne left guard to LV 28 for 4 yards (M.Koonce).,1,10,LV 32,68,-3,New Orleans Saints,Las Vegas Raiders,0,3,65.4,34.6,198.0,120.0,318.0,213.0,84.0,297.0,game,Total,Over,,61.5,betfair,-115,—,—,,3.0,,miss,,,,—,,
2026-09-27T23:05:13.230254+00:00,nfl,2026,3,401872961,401872961568,1,5:18,T.Etienne left guard to LV 28 for 4 yards (M.Koonce).,1,10,LV 32,68,-3,New Orleans Saints,Las Vegas Raiders,0,3,65.4,34.6,198.0,120.0,318.0,213.0,84.0,297.0,game,Total,Under,,61.5,betfair,100,—,—,,3.0,,hit,,,,—,,
2026-09-27T23:05:13.230254+00:00,nfl,2026,3,401872961,401872961568,1,5:18,T.Etienne left guard to LV 28 for 4 yards (M.Koonce).,1,10,LV 32,68,-3,New Orleans Saints,Las Vegas Raiders,0,3,65.4,34.6,198.0,120.0,318.0,213.0,84.0,297.0,game,ML,New Orleans Saints,,,bet365,-185,—,—,,Loss,,miss,,,,—,,
2026-09-27T23:05:13.230254+00:00,nfl,2026,3,401872961,401872961590,1,4:40,(Shotgun) T.Shough pass incomplete deep left to C.Olave.,2,6,LV 28,72,-3,New Orleans Saints,Las Vegas Raiders,0,3,65.4,34.6,198.0,120.0,318.0,213.0,84.0,297.0,game,Spread,Las Vegas Raiders,,2.5,prophetx,103,—,—,,-3,,hit,,,,—,,
2026-09-27T23:05:13.230254+00:00,nfl,2026,3,401872961,401872961590,1,4:40,(Shotgun) T.Shough pass incomplete deep left to C.Olave.,2,6,LV 28,72,-3,New Orleans Saints,Las Vegas Raiders,0,3,65.4,34.6,198.0,120.0,318.0,213.0,84.0,297.0,game,Spread,New Orleans Saints,,-2.5,bet365,-105,—,—,,-3,,miss,,,,—,,
2026-09-27T23:05:13.230254+00:00,nfl,2026,3,401872961,401872961590,1,4:40,(Shotgun) T.Shough pass incomplete deep left to C.Olave.,2,6,LV 28,72,-3,New Orleans Saints,Las Vegas Raiders,0,3,65.4,34.6,198.0,120.0,318.0,213.0,84.0,297.0,game,Total,Over,,61.5,betfair,-115,—,—,,3.0,,miss,,,,—,,
2026-09-27T23:05:13.230254+00:00,nfl,2026,3,401872961,401872961590,1,4:40,(Shotgun) T.Shough pass incomplete deep left to C.Olave.,2,6,LV 28,72,-3,New Orleans Saints,Las Vegas Raiders,0,3,65.4,34.6,198.0,120.0,318.0,213.0,84.0,297.0,game,Total,Under,,61.5,betfair,100,—,—,,3.0,,hit,,,,—,,
2026-09-27T23:05:13.230254+00:00,nfl,2026,3,401872961,401872961590,1,4:40,(Shotgun) T.Shough pass incomplete deep left to C.Olave.,2,6,LV 28,72,-3,New Orleans Saints,Las Vegas Raiders,0,3,65.4,34.6,198.0,120.0,318.0,213.0,84.0,297.0,game,ML,New Orleans Saints,,,bet365,-185,—,—,,Loss,,miss,,,,—,,
2026-09-27T23:05:13.230254+00:00,nfl,2026,3,401872961,401872961613,1,4:34,(Shotgun) T.Shough pass short middle to D.Vele to LV 17 for 11 yards (J.Chinn).,3,6,LV 28,72,-3,New Orleans Saints,Las Vegas Raiders,0,3,65.4,34.6,198.0,120.0,318.0,213.0,84.0,297.0,game,Spread,Las Vegas Raiders,,2.5,prophetx,103,—,—,,-3,,hit,,,,—,,
2026-09-27T23:05:13.230254+00:00,nfl,2026,3,401872961,401872961613,1,4:34,(Shotgun) T.Shough pass short middle to D.Vele to LV 17 for 11 yards (J.Chinn).,3,6,LV 28,72,-3,New Orleans Saints,Las Vegas Raiders,0,3,65.4,34.6,198.0,120.0,318.0,213.0,84.0,297.0,game,Spread,New Orleans Saints,,-2.5,bet365,-105,—,—,,-3,,miss,,,,—,,
2026-09-27T23:05:13.230254+00:00,nfl,2026,3,401872961,401872961613,1,4:34,(Shotgun) T.Shough pass short middle to D.Vele to LV 17 for 11 yards (J.Chinn).,3,6,LV 28,72,-3,New Orleans Saints,Las Vegas Raiders,0,3,65.4,34.6,198.0,120.0,318.0,213.0,84.0,297.0,game,Total,Over,,61.5,betfair,-115,—,—,,3.0,,miss,,,,—,,
2026-09-27T23:05:13.230254+00:00,nfl,2026,3,401872961,401872961613,1,4:34,(Shotgun) T.Shough pass short middle to D.Vele to LV 17 for 11 yards (J.Chinn).,3,6,LV 28,72,-3,New Orleans Saints,Las Vegas Raiders,0,3,65.4,34.6,198.0,120.0,318.0,213.0,84.0,297.0,game,Total,Under,,61.5,betfair,100,—,—,,3.0,,hit,,,,—,,
2026-09-27T23:05:13.230254+00:00,nfl,2026,3,401872961,401872961613,1,4:34,(Shotgun) T.Shough pass short middle to D.Vele to LV 17 for 11 yards (J.Chinn).,3,6,LV 28,72,-3,New Orleans Saints,Las Vegas Raiders,0,3,65.4,34.6,198.0,120.0,318.0,213.0,84.0,297.0,game,ML,New Orleans Saints,,,bet365,-185,—,—,,Loss,,miss,,,,—,,
2026-09-27T23:05:13.230254+00:00,nfl,2026,3,401872961,401872961638,1,3:56,T.Etienne up the middle to LV 13 for 4 yards (Q.Walker; M.Crosby).,1,10,LV 17,83,-3,New Orleans Saints,Las Vegas Raiders,0,3,65.4,34.6,198.0,120.0,318.0,213.0,84.0,297.0,game,Spread,Las Vegas Raiders,,2.5,prophetx,103,—,—,,-3,,hit,,,,—,,
2026-09-27T23:05:13.230254+00:00,nfl,2026,3,401872961,401872961638,1,3:56,T.Etienne up the middle to LV 13 for 4 yards (Q.Walker; M.Crosby).,1,10,LV 17,83,-3,New Orleans Saints,Las Vegas Raiders,0,3,65.4,34.6,198.0,120.0,318.0,213.0,84.0,297.0,game,Spread,New Orleans Saints,,-2.5,bet365,-105,—,—,,-3,,miss,,,,—,,
2026-09-27T23:05:13.230254+00:00,nfl,2026,3,401872961,401872961638,1,3:56,T.Etienne up the middle to LV 13 for 4 yards (Q.Walker; M.Crosby).,1,10,LV 17,83,-3,New Orleans Saints,Las Vegas Raiders,0,3,65.4,34.6,198.0,120.0,318.0,213.0,84.0,297.0,game,Total,Over,,61.5,betfair,-115,—,—,,3.0,,miss,,,,—,,
2026-09-27T23:05:13.230254+00:00,nfl,2026,3,401872961,401872961638,1,3:56,T.Etienne up the middle to LV 13 for 4 yards (Q.Walker; M.Crosby).,1,10,LV 17,83,-3,New Orleans Saints,Las Vegas Raiders,0,3,65.4,34.6,198.0,120.0,318.0,213.0,84.0,297.0,game,Total,Under,,61.5,betfair,100,—,—,,3.0,,hit,,,,—,,
2026-09-27T23:05:13.230254+00:00,nfl,2026,3,401872961,401872961638,1,3:56,T.Etienne up the middle to LV 13 for 4 yards (Q.Walker; M.Crosby).,1,10,LV 17,83,-3,New Orleans Saints,Las Vegas Raiders,0,3,65.4,34.6,198.0,120.0,318.0,213.0,84.0,297.0,game,ML,New Orleans Saints,,,bet365,-185,—,—,,Loss,,miss,,,,—,,
2026-09-27T23:05:13.230254+00:00,nfl,2026,3,401872961,401872961660,1,3:14,"T.Shough pass short right to J.Johnson to LV 4 for 9 yards (T.Johnson).PENALTY on NO, Illegal Shift, 5 yards, enforced at LV 13 - No Play.",2,6,LV 13,87,-3,New Orleans Saints,Las Vegas Raiders,0,3,65.4,34.6,198.0,120.0,318.0,213.0,84.0,297.0,game,Spread,Las Vegas Raiders,,2.5,prophetx,103,—,—,,-3,,hit,,,,—,,
2026-09-27T23:05:13.230254+00:00,nfl,2026,3,401872961,401872961660,1,3:14,"T.Shough pass short right to J.Johnson to LV 4 for 9 yards (T.Johnson).PENALTY on NO, Illegal Shift, 5 yards, enforced at LV 13 - No Play.",2,6,LV 13,87,-3,New Orleans Saints,Las Vegas Raiders,0,3,65.4,34.6,198.0,120.0,318.0,213.0,84.0,297.0,game,Spread,New Orleans Saints,,-2.5,bet365,-105,—,—,,-3,,miss,,,,—,,
2026-09-27T23:05:13.230254+00:00,nfl,2026,3,401872961,401872961660,1,3:14,"T.Shough pass short right to J.Johnson to LV 4 for 9 yards (T.Johnson).PENALTY on NO, Illegal Shift, 5 yards, enforced at LV 13 - No Play.",2,6,LV 13,87,-3,New Orleans Saints,Las Vegas Raiders,0,3,65.4,34.6,198.0,120.0,318.0,213.0,84.0,297.0,game,Total,Over,,61.5,betfair,-115,—,—,,3.0,,miss,,,,—,,
2026-09-27T23:05:13.230254+00:00,nfl,2026,3,401872961,401872961660,1,3:14,"T.Shough pass short right to J.Johnson to LV 4 for 9 yards (T.Johnson).PENALTY on NO, Illegal Shift, 5 yards, enforced at LV 13 - No Play.",2,6,LV 13,87,-3,New Orleans Saints,Las Vegas Raiders,0,3,65.4,34.6,198.0,120.0,318.0,213.0,84.0,297.0,game,Total,Under,,61.5,betfair,100,—,—,,3.0,,hit,,,,—,,
2026-09-27T23:05:13.230254+00:00,nfl,2026,3,401872961,401872961660,1,3:14,"T.Shough pass short right to J.Johnson to LV 4 for 9 yards (T.Johnson).PENALTY on NO, Illegal Shift, 5 yards, enforced at LV 13 - No Play.",2,6,LV 13,87,-3,New Orleans Saints,Las Vegas Raiders,0,3,65.4,34.6,198.0,120.0,318.0,213.0,84.0,297.0,game,ML,New Orleans Saints,,,bet365,-185,—,—,,Loss,,miss,,,,—,,
2026-09-27T23:05:13.230254+00:00,nfl,2026,3,401872961,401872961696,1,2:53,(Shotgun) T.Shough pass incomplete deep right to D.Vele [M.Crosby].,2,11,LV 18,82,-3,New Orleans Saints,Las Vegas Raiders,0,3,65.4,34.6,198.0,120.0,318.0,213.0,84.0,297.0,game,Spread,Las Vegas Raiders,,2.5,prophetx,103,—,—,,-3,,hit,,,,—,,
2026-09-27T23:05:13.230254+00:00,nfl,2026,3,401872961,401872961696,1,2:53,(Shotgun) T.Shough pass incomplete deep right to D.Vele [M.Crosby].,2,11,LV 18,82,-3,New Orleans Saints,Las Vegas Raiders,0,3,65.4,34.6,198.0,120.0,318.0,213.0,84.0,297.0,game,Spread,New Orleans Saints,,-2.5,bet365,-105,—,—,,-3,,miss,,,,—,,
2026-09-27T23:05:13.230254+00:00,nfl,2026,3,401872961,401872961696,1,2:53,(Shotgun) T.Shough pass incomplete deep right to D.Vele [M.Crosby].,2,11,LV 18,82,-3,New Orleans Saints,Las Vegas Raiders,0,3,65.4,34.6,198.0,120.0,318.0,213.0,84.0,297.0,game,Total,Over,,61.5,betfair,-115,—,—,,3.0,,miss,,,,—,,
2026-09-27T23:05:13.230254+00:00,nfl,2026,3,401872961,401872961696,1,2:53,(Shotgun) T.Shough pass incomplete deep right to D.Vele [M.Crosby].,2,11,LV 18,82,-3,New Orleans Saints,Las Vegas Raiders,0,3,65.4,34.6,198.0,120.0,318.0,213.0,84.0,297.0,game,Total,Under,,61.5,betfair,100,—,—,,3.0,,hit,,,,—,,
2026-09-27T23:05:13.230254+00:00,nfl,2026,3,401872961,401872961696,1,2:53,(Shotgun) T.Shough pass incomplete deep right to D.Vele [M.Crosby].,2,11,LV 18,82,-3,New Orleans Saints,Las Vegas Raiders,0,3,65.4,34.6,198.0,120.0,318.0,213.0,84.0,297.0,game,ML,New Orleans Saints,,,bet365,-185,—,—,,Loss,,miss,,,,—,,
2026-09-27T23:05:13.230254+00:00,nfl,2026,3,401872961,401872961719,1,2:45,(Shotgun) T.Shough pass short left to C.Olave to LV 6 for 12 yards (H.Masses) [M.Koonce].,3,11,LV 18,82,-3,New Orleans Saints,Las Vegas Raiders,0,3,65.4,34.6,198.0,120.0,318.0,213.0,84.0,297.0,game,Spread,Las Vegas Raiders,,2.5,prophetx,103,—,—,,-3,,hit,,,,—,,
2026-09-27T23:05:13.230254+00:00,nfl,2026,3,401872961,401872961719,1,2:45,(Shotgun) T.Shough pass short left to C.Olave to LV 6 for 12 yards (H.Masses) [M.Koonce].,3,11,LV 18,82,-3,New Orleans Saints,Las Vegas Raiders,0,3,65.4,34.6,198.0,120.0,318.0,213.0,84.0,297.0,game,Spread,New Orleans Saints,,-2.5,bet365,-105,—,—,,-3,,miss,,,,—,,
2026-09-27T23:05:13.230254+00:00,nfl,2026,3,401872961,401872961719,1,2:45,(Shotgun) T.Shough pass short left to C.Olave to LV 6 for 12 yards (H.Masses) [M.Koonce].,3,11,LV 18,82,-3,New Orleans Saints,Las Vegas Raiders,0,3,65.4,34.6,198.0,120.0,318.0,213.0,84.0,297.0,game,Total,Over,,61.5,betfair,-115,—,—,,3.0,,miss,,,,—,,
2026-09-27T23:05:13.230254+00:00,nfl,2026,3,401872961,401872961719,1,2:45,(Shotgun) T.Shough pass short left to C.Olave to LV 6 for 12 yards (H.Masses) [M.Koonce].,3,11,LV 18,82,-3,New Orleans Saints,Las Vegas Raiders,0,3,65.4,34.6,198.0,120.0,318.0,213.0,84.0,297.0,game,Total,Under,,61.5,betfair,100,—,—,,3.0,,hit,,,,—,,
2026-09-27T23:05:13.230254+00:00,nfl,2026,3,401872961,401872961719,1,2:45,(Shotgun) T.Shough pass short left to C.Olave to LV 6 for 12 yards (H.Masses) [M.Koonce].,3,11,LV 18,82,-3,New Orleans Saints,Las Vegas Raiders,0,3,65.4,34.6,198.0,120.0,318.0,213.0,84.0,297.0,game,ML,New Orleans Saints,,,bet365,-185,—,—,,Loss,,miss,,,,—,,
2026-09-27T23:05:13.230254+00:00,nfl,2026,3,401872961,401872961744,1,2:17,(Shotgun) C.Donaldson right guard to LV 1 for 5 yards (I.Pola-Mao; Q.Walker).,1,6,LV 6,94,-3,New Orleans Saints,Las Vegas Raiders,0,3,65.4,34.6,198.0,120.0,318.0,213.0,84.0,297.0,game,Spread,Las Vegas Raiders,,2.5,prophetx,103,—,—,,-3,,hit,,,,—,,
2026-09-27T23:05:13.230254+00:00,nfl,2026,3,401872961,401872961744,1,2:17,(Shotgun) C.Donaldson right guard to LV 1 for 5 yards (I.Pola-Mao; Q.Walker).,1,6,LV 6,94,-3,New Orleans Saints,Las Vegas Raiders,0,3,65.4,34.6,198.0,120.0,318.0,213.0,84.0,297.0,game,Spread,New Orleans Saints,,-2.5,bet365,-105,—,—,,-3,,miss,,,,—,,
2026-09-27T23:05:13.230254+00:00,nfl,2026,3,401872961,401872961744,1,2:17,(Shotgun) C.Donaldson right guard to LV 1 for 5 yards (I.Pola-Mao; Q.Walker).,1,6,LV 6,94,-3,New Orleans Saints,Las Vegas Raiders,0,3,65.4,34.6,198.0,120.0,318.0,213.0,84.0,297.0,game,Total,Over,,61.5,betfair,-115,—,—,,3.0,,miss,,,,—,,
2026-09-27T23:05:13.230254+00:00,nfl,2026,3,401872961,401872961744,1,2:17,(Shotgun) C.Donaldson right guard to LV 1 for 5 yards (I.Pola-Mao; Q.Walker).,1,6,LV 6,94,-3,New Orleans Saints,Las Vegas Raiders,0,3,65.4,34.6,198.0,120.0,318.0,213.0,84.0,297.0,game,Total,Under,,61.5,betfair,100,—,—,,3.0,,hit,,,,—,,
2026-09-27T23:05:13.230254+00:00,nfl,2026,3,401872961,401872961744,1,2:17,(Shotgun) C.Donaldson right guard to LV 1 for 5 yards (I.Pola-Mao; Q.Walker).,1,6,LV 6,94,-3,New Orleans Saints,Las Vegas Raiders,0,3,65.4,34.6,198.0,120.0,318.0,213.0,84.0,297.0,game,ML,New Orleans Saints,,,bet365,-185,—,—,,Loss,,miss,,,,—,,
2026-09-27T23:05:13.230254+00:00,nfl,2026,3,401872961,401872961766,1,1:35,(Shotgun) T.Etienne up the middle to LV 2 for -1 yards (T.Hemingway).,2,1,LV 1,99,-3,New Orleans Saints,Las Vegas Raiders,0,3,65.4,34.6,198.0,120.0,318.0,213.0,84.0,297.0,game,Spread,Las Vegas Raiders,,2.5,prophetx,103,—,—,,-3,,hit,,,,—,,
2026-09-27T23:05:13.230254+00:00,nfl,2026,3,401872961,401872961766,1,1:35,(Shotgun) T.Etienne up the middle to LV 2 for -1 yards (T.Hemingway).,2,1,LV 1,99,-3,New Orleans Saints,Las Vegas Raiders,0,3,65.4,34.6,198.0,120.0,318.0,213.0,84.0,297.0,game,Spread,New Orleans Saints,,-2.5,bet365,-105,—,—,,-3,,miss,,,,—,,
2026-09-27T23:05:13.230254+00:00,nfl,2026,3,401872961,401872961766,1,1:35,(Shotgun) T.Etienne up the middle to LV 2 for -1 yards (T.Hemingway).,2,1,LV 1,99,-3,New Orleans Saints,Las Vegas Raiders,0,3,65.4,34.6,198.0,120.0,318.0,213.0,84.0,297.0,game,Total,Over,,61.5,betfair,-115,—,—,,3.0,,miss,,,,—,,
2026-09-27T23:05:13.230254+00:00,nfl,2026,3,401872961,401872961766,1,1:35,(Shotgun) T.Etienne up the middle to LV 2 for -1 yards (T.Hemingway).,2,1,LV 1,99,-3,New Orleans Saints,Las Vegas Raiders,0,3,65.4,34.6,198.0,120.0,318.0,213.0,84.0,297.0,game,Total,Under,,61.5,betfair,100,—,—,,3.0,,hit,,,,—,,
2026-09-27T23:05:13.230254+00:00,nfl,2026,3,401872961,401872961766,1,1:35,(Shotgun) T.Etienne up the middle to LV 2 for -1 yards (T.Hemingway).,2,1,LV 1,99,-3,New Orleans Saints,Las Vegas Raiders,0,3,65.4,34.6,198.0,120.0,318.0,213.0,84.0,297.0,game,ML,New Orleans Saints,,,bet365,-185,—,—,,Loss,,miss,,,,—,,
2026-09-27T23:05:13.230254+00:00,nfl,2026,3,401872961,401872961822,1,0:50,Official Timeout at 00:50.,-1,10,LV 15,85,3,New Orleans Saints,Las Vegas Raiders,6,3,65.4,34.6,198.0,120.0,318.0,213.0,84.0,297.0,game,Spread,Las Vegas Raiders,,2.5,prophetx,103,—,—,,+3,,miss,,,,—,,
2026-09-27T23:05:13.230254+00:00,nfl,2026,3,401872961,401872961822,1,0:50,Official Timeout at 00:50.,-1,10,LV 15,85,3,New Orleans Saints,Las Vegas Raiders,6,3,65.4,34.6,198.0,120.0,318.0,213.0,84.0,297.0,game,Spread,New Orleans Saints,,-2.5,bet365,-105,—,—,,+3,,hit,,,,—,,
2026-09-27T23:05:13.230254+00:00,nfl,2026,3,401872961,401872961822,1,0:50,Official Timeout at 00:50.,-1,10,LV 15,85,3,New Orleans Saints,Las Vegas Raiders,6,3,65.4,34.6,198.0,120.0,318.0,213.0,84.0,297.0,game,Total,Over,,61.5,betfair,-115,—,—,,9.0,,miss,,,,—,,
2026-09-27T23:05:13.230254+00:00,nfl,2026,3,401872961,401872961822,1,0:50,Official Timeout at 00:50.,-1,10,LV 15,85,3,New Orleans Saints,Las Vegas Raiders,6,3,65.4,34.6,198.0,120.0,318.0,213.0,84.0,297.0,game,Total,Under,,61.5,betfair,100,—,—,,9.0,,hit,,,,—,,
2026-09-27T23:05:13.230254+00:00,nfl,2026,3,401872961,401872961822,1,0:50,Official Timeout at 00:50.,-1,10,LV 15,85,3,New Orleans Saints,Las Vegas Raiders,6,3,65.4,34.6,198.0,120.0,318.0,213.0,84.0,297.0,game,ML,New Orleans Saints,,,bet365,-185,—,—,,Win,,hit,,,,—,,
2026-09-27T23:05:13.230254+00:00,nfl,2026,3,401872961,401872961788,1,0:50,"(Shotgun) T.Shough pass short left to J.Johnson for 2 yards, TOUCHDOWN. D.Carlson extra point is Blocked (T.Booker), Center-C.Adomitis, Holder-R.Wright.",3,2,LV 2,98,3,New Orleans Saints,Las Vegas Raiders,6,3,65.4,34.6,198.0,120.0,318.0,213.0,84.0,297.0,game,Spread,Las Vegas Raiders,,2.5,prophetx,103,—,—,,+3,,miss,,,,—,,
2026-09-27T23:05:13.230254+00:00,nfl,2026,3,401872961,401872961788,1,0:50,"(Shotgun) T.Shough pass short left to J.Johnson for 2 yards, TOUCHDOWN. D.Carlson extra point is Blocked (T.Booker), Center-C.Adomitis, Holder-R.Wright.",3,2,LV 2,98,3,New Orleans Saints,Las Vegas Raiders,6,3,65.4,34.6,198.0,120.0,318.0,213.0,84.0,297.0,game,Spread,New Orleans Saints,,-2.5,bet365,-105,—,—,,+3,,hit,,,,—,,
2026-09-27T23:05:13.230254+00:00,nfl,2026,3,401872961,401872961788,1,0:50,"(Shotgun) T.Shough pass short left to J.Johnson for 2 yards, TOUCHDOWN. D.Carlson extra point is Blocked (T.Booker), Center-C.Adomitis, Holder-R.Wright.",3,2,LV 2,98,3,New Orleans Saints,Las Vegas Raiders,6,3,65.4,34.6,198.0,120.0,318.0,213.0,84.0,297.0,game,Total,Over,,61.5,betfair,-115,—,—,,9.0,,miss,,,,—,,
2026-09-27T23:05:13.230254+00:00,nfl,2026,3,401872961,401872961788,1,0:50,"(Shotgun) T.Shough pass short left to J.Johnson for 2 yards, TOUCHDOWN. D.Carlson extra point is Blocked (T.Booker), Center-C.Adomitis, Holder-R.Wright.",3,2,LV 2,98,3,New Orleans Saints,Las Vegas Raiders,6,3,65.4,34.6,198.0,120.0,318.0,213.0,84.0,297.0,game,Total,Under,,61.5,betfair,100,—,—,,9.0,,hit,,,,—,,
2026-09-27T23:05:13.230254+00:00,nfl,2026,3,401872961,401872961788,1,0:50,"(Shotgun) T.Shough pass short left to J.Johnson for 2 yards, TOUCHDOWN. D.Carlson extra point is Blocked (T.Booker), Center-C.Adomitis, Holder-R.Wright.",3,2,LV 2,98,3,New Orleans Saints,Las Vegas Raiders,6,3,65.4,34.6,198.0,120.0,318.0,213.0,84.0,297.0,game,ML,New Orleans Saints,,,bet365,-185,—,—,,Win,,hit,,,,—,,
2026-09-27T23:05:13.230254+00:00,nfl,2026,3,401872961,401872961829,1,0:50,"D.Carlson kicks 37 yards from NO 35 to LV 28, short of landing zone.PENALTY on NO-D.Carlson, Kickoff Short of Landing Zone, placed at LV 40.",1,10,NO 33,35,3,New Orleans Saints,Las Vegas Raiders,6,3,65.4,34.6,198.0,120.0,318.0,213.0,84.0,297.0,game,Spread,Las Vegas Raiders,,2.5,prophetx,103,—,—,,+3,,miss,,,,—,,
2026-09-27T23:05:13.230254+00:00,nfl,2026,3,401872961,401872961829,1,0:50,"D.Carlson kicks 37 yards from NO 35 to LV 28, short of landing zone.PENALTY on NO-D.Carlson, Kickoff Short of Landing Zone, placed at LV 40.",1,10,NO 33,35,3,New Orleans Saints,Las Vegas Raiders,6,3,65.4,34.6,198.0,120.0,318.0,213.0,84.0,297.0,game,Spread,New Orleans Saints,,-2.5,bet365,-105,—,—,,+3,,hit,,,,—,,
2026-09-27T23:05:13.230254+00:00,nfl,2026,3,401872961,401872961829,1,0:50,"D.Carlson kicks 37 yards from NO 35 to LV 28, short of landing zone.PENALTY on NO-D.Carlson, Kickoff Short of Landing Zone, placed at LV 40.",1,10,NO 33,35,3,New Orleans Saints,Las Vegas Raiders,6,3,65.4,34.6,198.0,120.0,318.0,213.0,84.0,297.0,game,Total,Over,,61.5,betfair,-115,—,—,,9.0,,miss,,,,—,,
2026-09-27T23:05:13.230254+00:00,nfl,2026,3,401872961,401872961829,1,0:50,"D.Carlson kicks 37 yards from NO 35 to LV 28, short of landing zone.PENALTY on NO-D.Carlson, Kickoff Short of Landing Zone, placed at LV 40.",1,10,NO 33,35,3,New Orleans Saints,Las Vegas Raiders,6,3,65.4,34.6,198.0,120.0,318.0,213.0,84.0,297.0,game,Total,Under,,61.5,betfair,100,—,—,,9.0,,hit,,,,—,,
2026-09-27T23:05:13.230254+00:00,nfl,2026,3,401872961,401872961829,1,0:50,"D.Carlson kicks 37 yards from NO 35 to LV 28, short of landing zone.PENALTY on NO-D.Carlson, Kickoff Short of Landing Zone, placed at LV 40.",1,10,NO 33,35,3,New Orleans Saints,Las Vegas Raiders,6,3,65.4,34.6,198.0,120.0,318.0,213.0,84.0,297.0,game,ML,New Orleans Saints,,,bet365,-185,—,—,,Win,,hit,,,,—,,
2026-09-27T23:05:13.230254+00:00,nfl,2026,3,401872961,401872961876,1,0:50,A.Jeanty right end to LV 43 for 3 yards (J.Sanker).,1,10,LV 40,60,3,New Orleans Saints,Las Vegas Raiders,6,3,65.4,34.6,198.0,120.0,318.0,213.0,84.0,297.0,game,Spread,Las Vegas Raiders,,2.5,prophetx,103,—,—,,+3,,miss,,,,—,,
2026-09-27T23:05:13.230254+00:00,nfl,2026,3,401872961,401872961876,1,0:50,A.Jeanty right end to LV 43 for 3 yards (J.Sanker).,1,10,LV 40,60,3,New Orleans Saints,Las Vegas Raiders,6,3,65.4,34.6,198.0,120.0,318.0,213.0,84.0,297.0,game,Spread,New Orleans Saints,,-2.5,bet365,-105,—,—,,+3,,hit,,,,—,,
2026-09-27T23:05:13.230254+00:00,nfl,2026,3,401872961,401872961876,1,0:50,A.Jeanty right end to LV 43 for 3 yards (J.Sanker).,1,10,LV 40,60,3,New Orleans Saints,Las Vegas Raiders,6,3,65.4,34.6,198.0,120.0,318.0,213.0,84.0,297.0,game,Total,Over,,61.5,betfair,-115,—,—,,9.0,,miss,,,,—,,
2026-09-27T23:05:13.230254+00:00,nfl,2026,3,401872961,401872961876,1,0:50,A.Jeanty right end to LV 43 for 3 yards (J.Sanker).,1,10,LV 40,60,3,New Orleans Saints,Las Vegas Raiders,6,3,65.4,34.6,198.0,120.0,318.0,213.0,84.0,297.0,game,Total,Under,,61.5,betfair,100,—,—,,9.0,,hit,,,,—,,
2026-09-27T23:05:13.230254+00:00,nfl,2026,3,401872961,401872961876,1,0:50,A.Jeanty right end to LV 43 for 3 yards (J.Sanker).,1,10,LV 40,60,3,New Orleans Saints,Las Vegas Raiders,6,3,65.4,34.6,198.0,120.0,318.0,213.0,84.0,297.0,game,ML,New Orleans Saints,,,bet365,-185,—,—,,Win,,hit,,,,—,,
2026-09-27T23:05:13.230254+00:00,nfl,2026,3,401872961,401872961901,1,0:12,(Shotgun) K.Cousins pass short right to B.Bowers to LV 48 for 5 yards (P.Werner).,2,7,LV 43,57,3,New Orleans Saints,Las Vegas Raiders,6,3,65.4,34.6,198.0,120.0,318.0,213.0,84.0,297.0,game,Spread,Las Vegas Raiders,,2.5,prophetx,103,—,—,,+3,,miss,,,,—,,
2026-09-27T23:05:13.230254+00:00,nfl,2026,3,401872961,401872961901,1,0:12,(Shotgun) K.Cousins pass short right to B.Bowers to LV 48 for 5 yards (P.Werner).,2,7,LV 43,57,3,New Orleans Saints,Las Vegas Raiders,6,3,65.4,34.6,198.0,120.0,318.0,213.0,84.0,297.0,game,Spread,New Orleans Saints,,-2.5,bet365,-105,—,—,,+3,,hit,,,,—,,
2026-09-27T23:05:13.230254+00:00,nfl,2026,3,401872961,401872961901,1,0:12,(Shotgun) K.Cousins pass short right to B.Bowers to LV 48 for 5 yards (P.Werner).,2,7,LV 43,57,3,New Orleans Saints,Las Vegas Raiders,6,3,65.4,34.6,198.0,120.0,318.0,213.0,84.0,297.0,game,Total,Over,,61.5,betfair,-115,—,—,,9.0,,miss,,,,—,,
2026-09-27T23:05:13.230254+00:00,nfl,2026,3,401872961,401872961901,1,0:12,(Shotgun) K.Cousins pass short right to B.Bowers to LV 48 for 5 yards (P.Werner).,2,7,LV 43,57,3,New Orleans Saints,Las Vegas Raiders,6,3,65.4,34.6,198.0,120.0,318.0,213.0,84.0,297.0,game,Total,Under,,61.5,betfair,100,—,—,,9.0,,hit,,,,—,,
2026-09-27T23:05:13.230254+00:00,nfl,2026,3,401872961,401872961901,1,0:12,(Shotgun) K.Cousins pass short right to B.Bowers to LV 48 for 5 yards (P.Werner).,2,7,LV 43,57,3,New Orleans Saints,Las Vegas Raiders,6,3,65.4,34.6,198.0,120.0,318.0,213.0,84.0,297.0,game,ML,New Orleans Saints,,,bet365,-185,—,—,,Win,,hit,,,,—,,
2026-09-27T23:05:13.230254+00:00,nfl,2026,3,401872961,401872961916,1,0:00,END QUARTER 1,3,2,NO 33,52,3,New Orleans Saints,Las Vegas Raiders,6,3,65.4,34.6,198.0,120.0,318.0,213.0,84.0,297.0,game,Spread,Las Vegas Raiders,,2.5,prophetx,103,—,—,,+3,,miss,,,,—,,
2026-09-27T23:05:13.230254+00:00,nfl,2026,3,401872961,401872961916,1,0:00,END QUARTER 1,3,2,NO 33,52,3,New Orleans Saints,Las Vegas Raiders,6,3,65.4,34.6,198.0,120.0,318.0,213.0,84.0,297.0,game,Spread,New Orleans Saints,,-2.5,bet365,-105,—,—,,+3,,hit,,,,—,,
2026-09-27T23:05:13.230254+00:00,nfl,2026,3,401872961,401872961916,1,0:00,END QUARTER 1,3,2,NO 33,52,3,New Orleans Saints,Las Vegas Raiders,6,3,65.4,34.6,198.0,120.0,318.0,213.0,84.0,297.0,game,Total,Over,,61.5,betfair,-115,—,—,,9.0,,miss,,,,—,,
2026-09-27T23:05:13.230254+00:00,nfl,2026,3,401872961,401872961916,1,0:00,END QUARTER 1,3,2,NO 33,52,3,New Orleans Saints,Las Vegas Raiders,6,3,65.4,34.6,198.0,120.0,318.0,213.0,84.0,297.0,game,Total,Under,,61.5,betfair,100,—,—,,9.0,,hit,,,,—,,
2026-09-27T23:05:13.230254+00:00,nfl,2026,3,401872961,401872961916,1,0:00,END QUARTER 1,3,2,NO 33,52,3,New Orleans Saints,Las Vegas Raiders,6,3,65.4,34.6,198.0,120.0,318.0,213.0,84.0,297.0,game,ML,New Orleans Saints,,,bet365,-185,—,—,,Win,,hit,,,,—,,
2026-09-27T23:05:13.230254+00:00,nfl,2026,3,401872961,401872961931,2,15:00,(Shotgun) M.Washington up the middle to NO 45 for 7 yards (J.Sanker).,3,2,LV 48,52,3,New Orleans Saints,Las Vegas Raiders,6,3,65.4,34.6,198.0,120.0,318.0,213.0,84.0,297.0,game,Spread,Las Vegas Raiders,,2.5,prophetx,103,—,—,,+3,,miss,,,,—,,
2026-09-27T23:05:13.230254+00:00,nfl,2026,3,401872961,401872961931,2,15:00,(Shotgun) M.Washington up the middle to NO 45 for 7 yards (J.Sanker).,3,2,LV 48,52,3,New Orleans Saints,Las Vegas Raiders,6,3,65.4,34.6,198.0,120.0,318.0,213.0,84.0,297.0,game,Spread,New Orleans Saints,,-2.5,bet365,-105,—,—,,+3,,hit,,,,—,,
2026-09-27T23:05:13.230254+00:00,nfl,2026,3,401872961,401872961931,2,15:00,(Shotgun) M.Washington up the middle to NO 45 for 7 yards (J.Sanker).,3,2,LV 48,52,3,New Orleans Saints,Las Vegas Raiders,6,3,65.4,34.6,198.0,120.0,318.0,213.0,84.0,297.0,game,Total,Over,,61.5,betfair,-115,—,—,,9.0,,miss,,,,—,,
2026-09-27T23:05:13.230254+00:00,nfl,2026,3,401872961,401872961931,2,15:00,(Shotgun) M.Washington up the middle to NO 45 for 7 yards (J.Sanker).,3,2,LV 48,52,3,New Orleans Saints,Las Vegas Raiders,6,3,65.4,34.6,198.0,120.0,318.0,213.0,84.0,297.0,game,Total,Under,,61.5,betfair,100,—,—,,9.0,,hit,,,,—,,
2026-09-27T23:05:13.230254+00:00,nfl,2026,3,401872961,401872961931,2,15:00,(Shotgun) M.Washington up the middle to NO 45 for 7 yards (J.Sanker).,3,2,LV 48,52,3,New Orleans Saints,Las Vegas Raiders,6,3,65.4,34.6,198.0,120.0,318.0,213.0,84.0,297.0,game,ML,New Orleans Saints,,,bet365,-185,—,—,,Win,,hit,,,,—,,
2026-09-27T23:05:13.230254+00:00,nfl,2026,3,401872961,401872961967,2,14:25,A.Jeanty right end to NO 41 for 4 yards (A.Jennings; K.Boyd).,1,10,NO 45,45,3,New Orleans Saints,Las Vegas Raiders,6,3,65.4,34.6,198.0,120.0,318.0,213.0,84.0,297.0,game,Spread,Las Vegas Raiders,,2.5,prophetx,103,—,—,,+3,,miss,,,,—,,
2026-09-27T23:05:13.230254+00:00,nfl,2026,3,401872961,401872961967,2,14:25,A.Jeanty right end to NO 41 for 4 yards (A.Jennings; K.Boyd).,1,10,NO 45,45,3,New Orleans Saints,Las Vegas Raiders,6,3,65.4,34.6,198.0,120.0,318.0,213.0,84.0,297.0,game,Spread,New Orleans Saints,,-2.5,bet365,-105,—,—,,+3,,hit,,,,—,,
2026-09-27T23:05:13.230254+00:00,nfl,2026,3,401872961,401872961967,2,14:25,A.Jeanty right end to NO 41 for 4 yards (A.Jennings; K.Boyd).,1,10,NO 45,45,3,New Orleans Saints,Las Vegas Raiders,6,3,65.4,34.6,198.0,120.0,318.0,213.0,84.0,297.0,game,Total,Over,,61.5,betfair,-115,—,—,,9.0,,miss,,,,—,,
2026-09-27T23:05:13.230254+00:00,nfl,2026,3,401872961,401872961967,2,14:25,A.Jeanty right end to NO 41 for 4 yards (A.Jennings; K.Boyd).,1,10,NO 45,45,3,New Orleans Saints,Las Vegas Raiders,6,3,65.4,34.6,198.0,120.0,318.0,213.0,84.0,297.0,game,Total,Under,,61.5,betfair,100,—,—,,9.0,,hit,,,,—,,
2026-09-27T23:05:13.230254+00:00,nfl,2026,3,401872961,401872961967,2,14:25,A.Jeanty right end to NO 41 for 4 yards (A.Jennings; K.Boyd).,1,10,NO 45,45,3,New Orleans Saints,Las Vegas Raiders,6,3,65.4,34.6,198.0,120.0,318.0,213.0,84.0,297.0,game,ML,New Orleans Saints,,,bet365,-185,—,—,,Win,,hit,,,,—,,
2026-09-27T23:05:13.230254+00:00,nfl,2026,3,401872961,401872961989,2,13:46,K.Cousins pass short right to M.Mayer to NO 23 for 18 yards (K.Elliss; K.McKinstry).,2,6,NO 41,41,3,New Orleans Saints,Las Vegas Raiders,6,3,65.4,34.6,198.0,120.0,318.0,213.0,84.0,297.0,game,Spread,Las Vegas Raiders,,2.5,prophetx,103,—,—,,+3,,miss,,,,—,,
2026-09-27T23:05:13.230254+00:00,nfl,2026,3,401872961,401872961989,2,13:46,K.Cousins pass short right to M.Mayer to NO 23 for 18 yards (K.Elliss; K.McKinstry).,2,6,NO 41,41,3,New Orleans Saints,Las Vegas Raiders,6,3,65.4,34.6,198.0,120.0,318.0,213.0,84.0,297.0,game,Spread,New Orleans Saints,,-2.5,bet365,-105,—,—,,+3,,hit,,,,—,,
2026-09-27T23:05:13.230254+00:00,nfl,2026,3,401872961,401872961989,2,13:46,K.Cousins pass short right to M.Mayer to NO 23 for 18 yards (K.Elliss; K.McKinstry).,2,6,NO 41,41,3,New Orleans Saints,Las Vegas Raiders,6,3,65.4,34.6,198.0,120.0,318.0,213.0,84.0,297.0,game,Total,Over,,61.5,betfair,-115,—,—,,9.0,,miss,,,,—,,
2026-09-27T23:05:13.230254+00:00,nfl,2026,3,401872961,401872961989,2,13:46,K.Cousins pass short right to M.Mayer to NO 23 for 18 yards (K.Elliss; K.McKinstry).,2,6,NO 41,41,3,New Orleans Saints,Las Vegas Raiders,6,3,65.4,34.6,198.0,120.0,318.0,213.0,84.0,297.0,game,Total,Under,,61.5,betfair,100,—,—,,9.0,,hit,,,,—,,
2026-09-27T23:05:13.230254+00:00,nfl,2026,3,401872961,401872961989,2,13:46,K.Cousins pass short right to M.Mayer to NO 23 for 18 yards (K.Elliss; K.McKinstry).,2,6,NO 41,41,3,New Orleans Saints,Las Vegas Raiders,6,3,65.4,34.6,198.0,120.0,318.0,213.0,84.0,297.0,game,ML,New Orleans Saints,,,bet365,-185,—,—,,Win,,hit,,,,—,,
2026-09-27T23:05:13.230254+00:00,nfl,2026,3,401872961,4018729611014,2,13:08,"(No Huddle, Shotgun) K.Cousins pass short left to T.Tucker to NO 15 for 8 yards (P.Werner; J.Sanker).",1,10,NO 23,23,3,New Orleans Saints,Las Vegas Raiders,6,3,65.4,34.6,198.0,120.0,318.0,213.0,84.0,297.0,game,Spread,Las Vegas Raiders,,2.5,prophetx,103,—,—,,+3,,miss,,,,—,,
2026-09-27T23:05:13.230254+00:00,nfl,2026,3,401872961,4018729611014,2,13:08,"(No Huddle, Shotgun) K.Cousins pass short left to T.Tucker to NO 15 for 8 yards (P.Werner; J.Sanker).",1,10,NO 23,23,3,New Orleans Saints,Las Vegas Raiders,6,3,65.4,34.6,198.0,120.0,318.0,213.0,84.0,297.0,game,Spread,New Orleans Saints,,-2.5,bet365,-105,—,—,,+3,,hit,,,,—,,
2026-09-27T23:05:13.230254+00:00,nfl,2026,3,401872961,4018729611014,2,13:08,"(No Huddle, Shotgun) K.Cousins pass short left to T.Tucker to NO 15 for 8 yards (P.Werner; J.Sanker).",1,10,NO 23,23,3,New Orleans Saints,Las Vegas Raiders,6,3,65.4,34.6,198.0,120.0,318.0,213.0,84.0,297.0,game,Total,Over,,61.5,betfair,-115,—,—,,9.0,,miss,,,,—,,
2026-09-27T23:05:13.230254+00:00,nfl,2026,3,401872961,4018729611014,2,13:08,"(No Huddle, Shotgun) K.Cousins pass short left to T.Tucker to NO 15 for 8 yards (P.Werner; J.Sanker).",1,10,NO 23,23,3,New Orleans Saints,Las Vegas Raiders,6,3,65.4,34.6,198.0,120.0,318.0,213.0,84.0,297.0,game,Total,Under,,61.5,betfair,100,—,—,,9.0,,hit,,,,—,,
2026-09-27T23:05:13.230254+00:00,nfl,2026,3,401872961,4018729611014,2,13:08,"(No Huddle, Shotgun) K.Cousins pass short left to T.Tucker to NO 15 for 8 yards (P.Werner; J.Sanker).",1,10,NO 23,23,3,New Orleans Saints,Las Vegas Raiders,6,3,65.4,34.6,198.0,120.0,318.0,213.0,84.0,297.0,game,ML,New Orleans Saints,,,bet365,-185,—,—,,Win,,hit,,,,—,,
2026-09-27T23:05:13.230254+00:00,nfl,2026,3,401872961,4018729611039,2,12:29,A.Jeanty up the middle to NO 14 for 1 yard (V.Broughton; D.Godchaux).,2,2,NO 15,15,3,New Orleans Saints,Las Vegas Raiders,6,3,65.4,34.6,198.0,120.0,318.0,213.0,84.0,297.0,game,Spread,Las Vegas Raiders,,2.5,prophetx,103,—,—,,+3,,miss,,,,—,,
2026-09-27T23:05:13.230254+00:00,nfl,2026,3,401872961,4018729611039,2,12:29,A.Jeanty up the middle to NO 14 for 1 yard (V.Broughton; D.Godchaux).,2,2,NO 15,15,3,New Orleans Saints,Las Vegas Raiders,6,3,65.4,34.6,198.0,120.0,318.0,213.0,84.0,297.0,game,Spread,New Orleans Saints,,-2.5,bet365,-105,—,—,,+3,,hit,,,,—,,
2026-09-27T23:05:13.230254+00:00,nfl,2026,3,401872961,4018729611039,2,12:29,A.Jeanty up the middle to NO 14 for 1 yard (V.Broughton; D.Godchaux).,2,2,NO 15,15,3,New Orleans Saints,Las Vegas Raiders,6,3,65.4,34.6,198.0,120.0,318.0,213.0,84.0,297.0,game,Total,Over,,61.5,betfair,-115,—,—,,9.0,,miss,,,,—,,
2026-09-27T23:05:13.230254+00:00,nfl,2026,3,401872961,4018729611039,2,12:29,A.Jeanty up the middle to NO 14 for 1 yard (V.Broughton; D.Godchaux).,2,2,NO 15,15,3,New Orleans Saints,Las Vegas Raiders,6,3,65.4,34.6,198.0,120.0,318.0,213.0,84.0,297.0,game,Total,Under,,61.5,betfair,100,—,—,,9.0,,hit,,,,—,,
2026-09-27T23:05:13.230254+00:00,nfl,2026,3,401872961,4018729611039,2,12:29,A.Jeanty up the middle to NO 14 for 1 yard (V.Broughton; D.Godchaux).,2,2,NO 15,15,3,New Orleans Saints,Las Vegas Raiders,6,3,65.4,34.6,198.0,120.0,318.0,213.0,84.0,297.0,game,ML,New Orleans Saints,,,bet365,-185,—,—,,Win,,hit,,,,—,,
2026-09-27T23:05:13.230254+00:00,nfl,2026,3,401872961,4018729611062,2,11:58,"C.Heyward up the middle to NO 12 for 2 yards (N.Shepherd; V.Broughton).PENALTY on LV-T.Linderbaum, Offensive Offside, 4 yards, enforced at NO 14 - No Play.",3,1,NO 14,14,3,New Orleans Saints,Las Vegas Raiders,6,3,65.4,34.6,198.0,120.0,318.0,213.0,84.0,297.0,game,Spread,Las Vegas Raiders,,2.5,prophetx,103,—,—,,+3,,miss,,,,—,,
2026-09-27T23:05:13.230254+00:00,nfl,2026,3,401872961,4018729611062,2,11:58,"C.Heyward up the middle to NO 12 for 2 yards (N.Shepherd; V.Broughton).PENALTY on LV-T.Linderbaum, Offensive Offside, 4 yards, enforced at NO 14 - No Play.",3,1,NO 14,14,3,New Orleans Saints,Las Vegas Raiders,6,3,65.4,34.6,198.0,120.0,318.0,213.0,84.0,297.0,game,Spread,New Orleans Saints,,-2.5,bet365,-105,—,—,,+3,,hit,,,,—,,
2026-09-27T23:05:13.230254+00:00,nfl,2026,3,401872961,4018729611062,2,11:58,"C.Heyward up the middle to NO 12 for 2 yards (N.Shepherd; V.Broughton).PENALTY on LV-T.Linderbaum, Offensive Offside, 4 yards, enforced at NO 14 - No Play.",3,1,NO 14,14,3,New Orleans Saints,Las Vegas Raiders,6,3,65.4,34.6,198.0,120.0,318.0,213.0,84.0,297.0,game,Total,Over,,61.5,betfair,-115,—,—,,9.0,,miss,,,,—,,
2026-09-27T23:05:13.230254+00:00,nfl,2026,3,401872961,4018729611062,2,11:58,"C.Heyward up the middle to NO 12 for 2 yards (N.Shepherd; V.Broughton).PENALTY on LV-T.Linderbaum, Offensive Offside, 4 yards, enforced at NO 14 - No Play.",3,1,NO 14,14,3,New Orleans Saints,Las Vegas Raiders,6,3,65.4,34.6,198.0,120.0,318.0,213.0,84.0,297.0,game,Total,Under,,61.5,betfair,100,—,—,,9.0,,hit,,,,—,,
2026-09-27T23:05:13.230254+00:00,nfl,2026,3,401872961,4018729611062,2,11:58,"C.Heyward up the middle to NO 12 for 2 yards (N.Shepherd; V.Broughton).PENALTY on LV-T.Linderbaum, Offensive Offside, 4 yards, enforced at NO 14 - No Play.",3,1,NO 14,14,3,New Orleans Saints,Las Vegas Raiders,6,3,65.4,34.6,198.0,120.0,318.0,213.0,84.0,297.0,game,ML,New Orleans Saints,,,bet365,-185,—,—,,Win,,hit,,,,—,,
2026-09-27T23:05:13.230254+00:00,nfl,2026,3,401872961,4018729611095,2,11:35,(Shotgun) K.Cousins pass incomplete short middle to B.Bowers (K.McKinstry).,3,5,NO 18,18,3,New Orleans Saints,Las Vegas Raiders,6,3,65.4,34.6,198.0,120.0,318.0,213.0,84.0,297.0,game,Spread,Las Vegas Raiders,,2.5,prophetx,103,—,—,,+3,,miss,,,,—,,
2026-09-27T23:05:13.230254+00:00,nfl,2026,3,401872961,4018729611095,2,11:35,(Shotgun) K.Cousins pass incomplete short middle to B.Bowers (K.McKinstry).,3,5,NO 18,18,3,New Orleans Saints,Las Vegas Raiders,6,3,65.4,34.6,198.0,120.0,318.0,213.0,84.0,297.0,game,Spread,New Orleans Saints,,-2.5,bet365,-105,—,—,,+3,,hit,,,,—,,
2026-09-27T23:05:13.230254+00:00,nfl,2026,3,401872961,4018729611095,2,11:35,(Shotgun) K.Cousins pass incomplete short middle to B.Bowers (K.McKinstry).,3,5,NO 18,18,3,New Orleans Saints,Las Vegas Raiders,6,3,65.4,34.6,198.0,120.0,318.0,213.0,84.0,297.0,game,Total,Over,,61.5,betfair,-115,—,—,,9.0,,miss,,,,—,,
2026-09-27T23:05:13.230254+00:00,nfl,2026,3,401872961,4018729611095,2,11:35,(Shotgun) K.Cousins pass incomplete short middle to B.Bowers (K.McKinstry).,3,5,NO 18,18,3,New Orleans Saints,Las Vegas Raiders,6,3,65.4,34.6,198.0,120.0,318.0,213.0,84.0,297.0,game,Total,Under,,61.5,betfair,100,—,—,,9.0,,hit,,,,—,,
2026-09-27T23:05:13.230254+00:00,nfl,2026,3,401872961,4018729611095,2,11:35,(Shotgun) K.Cousins pass incomplete short middle to B.Bowers (K.McKinstry).,3,5,NO 18,18,3,New Orleans Saints,Las Vegas Raiders,6,3,65.4,34.6,198.0,120.0,318.0,213.0,84.0,297.0,game,ML,New Orleans Saints,,,bet365,-185,—,—,,Win,,hit,,,,—,,
2026-09-27T23:05:13.230254+00:00,nfl,2026,3,401872961,4018729611128,2,11:27,Official Timeout at 11:27.,-1,10,LV 35,65,0,New Orleans Saints,Las Vegas Raiders,6,6,65.4,34.6,198.0,120.0,318.0,213.0,84.0,297.0,game,Spread,Las Vegas Raiders,,2.5,prophetx,103,—,—,,0,,hit,,,,—,,
2026-09-27T23:05:13.230254+00:00,nfl,2026,3,401872961,4018729611128,2,11:27,Official Timeout at 11:27.,-1,10,LV 35,65,0,New Orleans Saints,Las Vegas Raiders,6,6,65.4,34.6,198.0,120.0,318.0,213.0,84.0,297.0,game,Spread,New Orleans Saints,,-2.5,bet365,-105,—,—,,0,,miss,,,,—,,
2026-09-27T23:05:13.230254+00:00,nfl,2026,3,401872961,4018729611128,2,11:27,Official Timeout at 11:27.,-1,10,LV 35,65,0,New Orleans Saints,Las Vegas Raiders,6,6,65.4,34.6,198.0,120.0,318.0,213.0,84.0,297.0,game,Total,Over,,61.5,betfair,-115,—,—,,12.0,,miss,,,,—,,
2026-09-27T23:05:13.230254+00:00,nfl,2026,3,401872961,4018729611128,2,11:27,Official Timeout at 11:27.,-1,10,LV 35,65,0,New Orleans Saints,Las Vegas Raiders,6,6,65.4,34.6,198.0,120.0,318.0,213.0,84.0,297.0,game,Total,Under,,61.5,betfair,100,—,—,,12.0,,hit,,,,—,,
2026-09-27T23:05:13.230254+00:00,nfl,2026,3,401872961,4018729611128,2,11:27,Official Timeout at 11:27.,-1,10,LV 35,65,0,New Orleans Saints,Las Vegas Raiders,6,6,65.4,34.6,198.0,120.0,318.0,213.0,84.0,297.0,game,ML,New Orleans Saints,,,bet365,-185,—,—,,Loss,,miss,,,,—,,
2026-09-27T23:05:13.230254+00:00,nfl,2026,3,401872961,4018729611118,2,11:27,"M.Gay 37 yard field goal is GOOD, Center-A.Ward, Holder-A.Cole.",4,5,NO 18,18,0,New Orleans Saints,Las Vegas Raiders,6,6,65.4,34.6,198.0,120.0,318.0,213.0,84.0,297.0,game,Spread,Las Vegas Raiders,,2.5,prophetx,103,—,—,,0,,hit,,,,—,,
2026-09-27T23:05:13.230254+00:00,nfl,2026,3,401872961,4018729611118,2,11:27,"M.Gay 37 yard field goal is GOOD, Center-A.Ward, Holder-A.Cole.",4,5,NO 18,18,0,New Orleans Saints,Las Vegas Raiders,6,6,65.4,34.6,198.0,120.0,318.0,213.0,84.0,297.0,game,Spread,New Orleans Saints,,-2.5,bet365,-105,—,—,,0,,miss,,,,—,,
2026-09-27T23:05:13.230254+00:00,nfl,2026,3,401872961,4018729611118,2,11:27,"M.Gay 37 yard field goal is GOOD, Center-A.Ward, Holder-A.Cole.",4,5,NO 18,18,0,New Orleans Saints,Las Vegas Raiders,6,6,65.4,34.6,198.0,120.0,318.0,213.0,84.0,297.0,game,Total,Over,,61.5,betfair,-115,—,—,,12.0,,miss,,,,—,,
2026-09-27T23:05:13.230254+00:00,nfl,2026,3,401872961,4018729611118,2,11:27,"M.Gay 37 yard field goal is GOOD, Center-A.Ward, Holder-A.Cole.",4,5,NO 18,18,0,New Orleans Saints,Las Vegas Raiders,6,6,65.4,34.6,198.0,120.0,318.0,213.0,84.0,297.0,game,Total,Under,,61.5,betfair,100,—,—,,12.0,,hit,,,,—,,
2026-09-27T23:05:13.230254+00:00,nfl,2026,3,401872961,4018729611118,2,11:27,"M.Gay 37 yard field goal is GOOD, Center-A.Ward, Holder-A.Cole.",4,5,NO 18,18,0,New Orleans Saints,Las Vegas Raiders,6,6,65.4,34.6,198.0,120.0,318.0,213.0,84.0,297.0,game,ML,New Orleans Saints,,,bet365,-185,—,—,,Loss,,miss,,,,—,,
2026-09-27T23:05:13.230254+00:00,nfl,2026,3,401872961,4018729611138,2,11:27,M.Gay kicks 61 yards from LV 35 to NO 4. K.Miller to NO 22 for 18 yards (S.Olubi; T.Eichenberg).,1,10,NO 33,65,0,New Orleans Saints,Las Vegas Raiders,6,6,65.4,34.6,198.0,120.0,318.0,213.0,84.0,297.0,game,Spread,Las Vegas Raiders,,2.5,prophetx,103,—,—,,0,,hit,,,,—,,
2026-09-27T23:05:13.230254+00:00,nfl,2026,3,401872961,4018729611138,2,11:27,M.Gay kicks 61 yards from LV 35 to NO 4. K.Miller to NO 22 for 18 yards (S.Olubi; T.Eichenberg).,1,10,NO 33,65,0,New Orleans Saints,Las Vegas Raiders,6,6,65.4,34.6,198.0,120.0,318.0,213.0,84.0,297.0,game,Spread,New Orleans Saints,,-2.5,bet365,-105,—,—,,0,,miss,,,,—,,
2026-09-27T23:05:13.230254+00:00,nfl,2026,3,401872961,4018729611138,2,11:27,M.Gay kicks 61 yards from LV 35 to NO 4. K.Miller to NO 22 for 18 yards (S.Olubi; T.Eichenberg).,1,10,NO 33,65,0,New Orleans Saints,Las Vegas Raiders,6,6,65.4,34.6,198.0,120.0,318.0,213.0,84.0,297.0,game,Total,Over,,61.5,betfair,-115,—,—,,12.0,,miss,,,,—,,
2026-09-27T23:05:13.230254+00:00,nfl,2026,3,401872961,4018729611138,2,11:27,M.Gay kicks 61 yards from LV 35 to NO 4. K.Miller to NO 22 for 18 yards (S.Olubi; T.Eichenberg).,1,10,NO 33,65,0,New Orleans Saints,Las Vegas Raiders,6,6,65.4,34.6,198.0,120.0,318.0,213.0,84.0,297.0,game,Total,Under,,61.5,betfair,100,—,—,,12.0,,hit,,,,—,,
2026-09-27T23:05:13.230254+00:00,nfl,2026,3,401872961,4018729611138,2,11:27,M.Gay kicks 61 yards from LV 35 to NO 4. K.Miller to NO 22 for 18 yards (S.Olubi; T.Eichenberg).,1,10,NO 33,65,0,New Orleans Saints,Las Vegas Raiders,6,6,65.4,34.6,198.0,120.0,318.0,213.0,84.0,297.0,game,ML,New Orleans Saints,,,bet365,-185,—,—,,Loss,,miss,,,,—,,
2026-09-27T23:05:13.230254+00:00,nfl,2026,3,401872961,4018729611168,2,11:21,A.Kamara up the middle to NO 19 for -3 yards (N.Dean).,1,10,NO 22,22,0,New Orleans Saints,Las Vegas Raiders,6,6,65.4,34.6,198.0,120.0,318.0,213.0,84.0,297.0,game,Spread,Las Vegas Raiders,,2.5,prophetx,103,—,—,,0,,hit,,,,—,,
2026-09-27T23:05:13.230254+00:00,nfl,2026,3,401872961,4018729611168,2,11:21,A.Kamara up the middle to NO 19 for -3 yards (N.Dean).,1,10,NO 22,22,0,New Orleans Saints,Las Vegas Raiders,6,6,65.4,34.6,198.0,120.0,318.0,213.0,84.0,297.0,game,Spread,New Orleans Saints,,-2.5,bet365,-105,—,—,,0,,miss,,,,—,,
2026-09-27T23:05:13.230254+00:00,nfl,2026,3,401872961,4018729611168,2,11:21,A.Kamara up the middle to NO 19 for -3 yards (N.Dean).,1,10,NO 22,22,0,New Orleans Saints,Las Vegas Raiders,6,6,65.4,34.6,198.0,120.0,318.0,213.0,84.0,297.0,game,Total,Over,,61.5,betfair,-115,—,—,,12.0,,miss,,,,—,,
2026-09-27T23:05:13.230254+00:00,nfl,2026,3,401872961,4018729611168,2,11:21,A.Kamara up the middle to NO 19 for -3 yards (N.Dean).,1,10,NO 22,22,0,New Orleans Saints,Las Vegas Raiders,6,6,65.4,34.6,198.0,120.0,318.0,213.0,84.0,297.0,game,Total,Under,,61.5,betfair,100,—,—,,12.0,,hit,,,,—,,
2026-09-27T23:05:13.230254+00:00,nfl,2026,3,401872961,4018729611168,2,11:21,A.Kamara up the middle to NO 19 for -3 yards (N.Dean).,1,10,NO 22,22,0,New Orleans Saints,Las Vegas Raiders,6,6,65.4,34.6,198.0,120.0,318.0,213.0,84.0,297.0,game,ML,New Orleans Saints,,,bet365,-185,—,—,,Loss,,miss,,,,—,,
2026-09-27T23:05:13.230254+00:00,nfl,2026,3,401872961,4018729611190,2,10:45,"PENALTY on NO-C.Ruiz, False Start, 5 yards, enforced at NO 19 - No Play.",2,13,NO 19,19,0,New Orleans Saints,Las Vegas Raiders,6,6,65.4,34.6,198.0,120.0,318.0,213.0,84.0,297.0,game,Spread,Las Vegas Raiders,,2.5,prophetx,103,—,—,,0,,hit,,,,—,,
2026-09-27T23:05:13.230254+00:00,nfl,2026,3,401872961,4018729611190,2,10:45,"PENALTY on NO-C.Ruiz, False Start, 5 yards, enforced at NO 19 - No Play.",2,13,NO 19,19,0,New Orleans Saints,Las Vegas Raiders,6,6,65.4,34.6,198.0,120.0,318.0,213.0,84.0,297.0,game,Spread,New Orleans Saints,,-2.5,bet365,-105,—,—,,0,,miss,,,,—,,
2026-09-27T23:05:13.230254+00:00,nfl,2026,3,401872961,4018729611190,2,10:45,"PENALTY on NO-C.Ruiz, False Start, 5 yards, enforced at NO 19 - No Play.",2,13,NO 19,19,0,New Orleans Saints,Las Vegas Raiders,6,6,65.4,34.6,198.0,120.0,318.0,213.0,84.0,297.0,game,Total,Over,,61.5,betfair,-115,—,—,,12.0,,miss,,,,—,,
2026-09-27T23:05:13.230254+00:00,nfl,2026,3,401872961,4018729611190,2,10:45,"PENALTY on NO-C.Ruiz, False Start, 5 yards, enforced at NO 19 - No Play.",2,13,NO 19,19,0,New Orleans Saints,Las Vegas Raiders,6,6,65.4,34.6,198.0,120.0,318.0,213.0,84.0,297.0,game,Total,Under,,61.5,betfair,100,—,—,,12.0,,hit,,,,—,,
2026-09-27T23:05:13.230254+00:00,nfl,2026,3,401872961,4018729611190,2,10:45,"PENALTY on NO-C.Ruiz, False Start, 5 yards, enforced at NO 19 - No Play.",2,13,NO 19,19,0,New Orleans Saints,Las Vegas Raiders,6,6,65.4,34.6,198.0,120.0,318.0,213.0,84.0,297.0,game,ML,New Orleans Saints,,,bet365,-185,—,—,,Loss,,miss,,,,—,,
2026-09-27T23:05:13.230254+00:00,nfl,2026,3,401872961,4018729611214,2,10:26,(Shotgun) T.Shough pass short left to A.Kamara to NO 19 for 5 yards (H.Masses; Q.Walker) [P.Johnson].,2,18,NO 14,14,0,New Orleans Saints,Las Vegas Raiders,6,6,65.4,34.6,198.0,120.0,318.0,213.0,84.0,297.0,game,Spread,Las Vegas Raiders,,2.5,prophetx,103,—,—,,0,,hit,,,,—,,
2026-09-27T23:05:13.230254+00:00,nfl,2026,3,401872961,4018729611214,2,10:26,(Shotgun) T.Shough pass short left to A.Kamara to NO 19 for 5 yards (H.Masses; Q.Walker) [P.Johnson].,2,18,NO 14,14,0,New Orleans Saints,Las Vegas Raiders,6,6,65.4,34.6,198.0,120.0,318.0,213.0,84.0,297.0,game,Spread,New Orleans Saints,,-2.5,bet365,-105,—,—,,0,,miss,,,,—,,
2026-09-27T23:05:13.230254+00:00,nfl,2026,3,401872961,4018729611214,2,10:26,(Shotgun) T.Shough pass short left to A.Kamara to NO 19 for 5 yards (H.Masses; Q.Walker) [P.Johnson].,2,18,NO 14,14,0,New Orleans Saints,Las Vegas Raiders,6,6,65.4,34.6,198.0,120.0,318.0,213.0,84.0,297.0,game,Total,Over,,61.5,betfair,-115,—,—,,12.0,,miss,,,,—,,
2026-09-27T23:05:13.230254+00:00,nfl,2026,3,401872961,4018729611214,2,10:26,(Shotgun) T.Shough pass short left to A.Kamara to NO 19 for 5 yards (H.Masses; Q.Walker) [P.Johnson].,2,18,NO 14,14,0,New Orleans Saints,Las Vegas Raiders,6,6,65.4,34.6,198.0,120.0,318.0,213.0,84.0,297.0,game,Total,Under,,61.5,betfair,100,—,—,,12.0,,hit,,,,—,,
2026-09-27T23:05:13.230254+00:00,nfl,2026,3,401872961,4018729611214,2,10:26,(Shotgun) T.Shough pass short left to A.Kamara to NO 19 for 5 yards (H.Masses; Q.Walker) [P.Johnson].,2,18,NO 14,14,0,New Orleans Saints,Las Vegas Raiders,6,6,65.4,34.6,198.0,120.0,318.0,213.0,84.0,297.0,game,ML,New Orleans Saints,,,bet365,-185,—,—,,Loss,,miss,,,,—,,
2026-09-27T23:05:13.230254+00:00,nfl,2026,3,401872961,4018729611244,2,9:45,(Shotgun) T.Shough pass incomplete deep right to B.Lance.,3,13,NO 19,19,0,New Orleans Saints,Las Vegas Raiders,6,6,65.4,34.6,198.0,120.0,318.0,213.0,84.0,297.0,game,Spread,Las Vegas Raiders,,2.5,prophetx,103,—,—,,0,,hit,,,,—,,
2026-09-27T23:05:13.230254+00:00,nfl,2026,3,401872961,4018729611244,2,9:45,(Shotgun) T.Shough pass incomplete deep right to B.Lance.,3,13,NO 19,19,0,New Orleans Saints,Las Vegas Raiders,6,6,65.4,34.6,198.0,120.0,318.0,213.0,84.0,297.0,game,Spread,New Orleans Saints,,-2.5,bet365,-105,—,—,,0,,miss,,,,—,,
2026-09-27T23:05:13.230254+00:00,nfl,2026,3,401872961,4018729611244,2,9:45,(Shotgun) T.Shough pass incomplete deep right to B.Lance.,3,13,NO 19,19,0,New Orleans Saints,Las Vegas Raiders,6,6,65.4,34.6,198.0,120.0,318.0,213.0,84.0,297.0,game,Total,Over,,61.5,betfair,-115,—,—,,12.0,,miss,,,,—,,
2026-09-27T23:05:13.230254+00:00,nfl,2026,3,401872961,4018729611244,2,9:45,(Shotgun) T.Shough pass incomplete deep right to B.Lance.,3,13,NO 19,19,0,New Orleans Saints,Las Vegas Raiders,6,6,65.4,34.6,198.0,120.0,318.0,213.0,84.0,297.0,game,Total,Under,,61.5,betfair,100,—,—,,12.0,,hit,,,,—,,
2026-09-27T23:05:13.230254+00:00,nfl,2026,3,401872961,4018729611244,2,9:45,(Shotgun) T.Shough pass incomplete deep right to B.Lance.,3,13,NO 19,19,0,New Orleans Saints,Las Vegas Raiders,6,6,65.4,34.6,198.0,120.0,318.0,213.0,84.0,297.0,game,ML,New Orleans Saints,,,bet365,-185,—,—,,Loss,,miss,,,,—,,
2026-09-27T23:05:13.230254+00:00,nfl,2026,3,401872961,4018729611267,2,9:39,"R.Wright punts 47 yards to LV 34, Center-C.Adomitis. M.Benson ran ob at LV 47 for 13 yards (J.Price).",4,13,NO 19,19,0,New Orleans Saints,Las Vegas Raiders,6,6,65.4,34.6,198.0,120.0,318.0,213.0,84.0,297.0,game,Spread,Las Vegas Raiders,,2.5,prophetx,103,—,—,,0,,hit,,,,—,,
2026-09-27T23:05:13.230254+00:00,nfl,2026,3,401872961,4018729611267,2,9:39,"R.Wright punts 47 yards to LV 34, Center-C.Adomitis. M.Benson ran ob at LV 47 for 13 yards (J.Price).",4,13,NO 19,19,0,New Orleans Saints,Las Vegas Raiders,6,6,65.4,34.6,198.0,120.0,318.0,213.0,84.0,297.0,game,Spread,New Orleans Saints,,-2.5,bet365,-105,—,—,,0,,miss,,,,—,,
2026-09-27T23:05:13.230254+00:00,nfl,2026,3,401872961,4018729611267,2,9:39,"R.Wright punts 47 yards to LV 34, Center-C.Adomitis. M.Benson ran ob at LV 47 for 13 yards (J.Price).",4,13,NO 19,19,0,New Orleans Saints,Las Vegas Raiders,6,6,65.4,34.6,198.0,120.0,318.0,213.0,84.0,297.0,game,Total,Over,,61.5,betfair,-115,—,—,,12.0,,miss,,,,—,,
2026-09-27T23:05:13.230254+00:00,nfl,2026,3,401872961,4018729611267,2,9:39,"R.Wright punts 47 yards to LV 34, Center-C.Adomitis. M.Benson ran ob at LV 47 for 13 yards (J.Price).",4,13,NO 19,19,0,New Orleans Saints,Las Vegas Raiders,6,6,65.4,34.6,198.0,120.0,318.0,213.0,84.0,297.0,game,Total,Under,,61.5,betfair,100,—,—,,12.0,,hit,,,,—,,
2026-09-27T23:05:13.230254+00:00,nfl,2026,3,401872961,4018729611267,2,9:39,"R.Wright punts 47 yards to LV 34, Center-C.Adomitis. M.Benson ran ob at LV 47 for 13 yards (J.Price).",4,13,NO 19,19,0,New Orleans Saints,Las Vegas Raiders,6,6,65.4,34.6,198.0,120.0,318.0,213.0,84.0,297.0,game,ML,New Orleans Saints,,,bet365,-185,—,—,,Loss,,miss,,,,—,,
2026-09-27T23:05:13.230254+00:00,nfl,2026,3,401872961,4018729611283,2,9:31,Official Timeout at 09:31.,1,10,LV 47,53,0,New Orleans Saints,Las Vegas Raiders,6,6,65.4,34.6,198.0,120.0,318.0,213.0,84.0,297.0,game,Spread,Las Vegas Raiders,,2.5,prophetx,103,—,—,,0,,hit,,,,—,,
2026-09-27T23:05:13.230254+00:00,nfl,2026,3,401872961,4018729611283,2,9:31,Official Timeout at 09:31.,1,10,LV 47,53,0,New Orleans Saints,Las Vegas Raiders,6,6,65.4,34.6,198.0,120.0,318.0,213.0,84.0,297.0,game,Spread,New Orleans Saints,,-2.5,bet365,-105,—,—,,0,,miss,,,,—,,
2026-09-27T23:05:13.230254+00:00,nfl,2026,3,401872961,4018729611283,2,9:31,Official Timeout at 09:31.,1,10,LV 47,53,0,New Orleans Saints,Las Vegas Raiders,6,6,65.4,34.6,198.0,120.0,318.0,213.0,84.0,297.0,game,Total,Over,,61.5,betfair,-115,—,—,,12.0,,miss,,,,—,,
2026-09-27T23:05:13.230254+00:00,nfl,2026,3,401872961,4018729611283,2,9:31,Official Timeout at 09:31.,1,10,LV 47,53,0,New Orleans Saints,Las Vegas Raiders,6,6,65.4,34.6,198.0,120.0,318.0,213.0,84.0,297.0,game,Total,Under,,61.5,betfair,100,—,—,,12.0,,hit,,,,—,,
2026-09-27T23:05:13.230254+00:00,nfl,2026,3,401872961,4018729611283,2,9:31,Official Timeout at 09:31.,1,10,LV 47,53,0,New Orleans Saints,Las Vegas Raiders,6,6,65.4,34.6,198.0,120.0,318.0,213.0,84.0,297.0,game,ML,New Orleans Saints,,,bet365,-185,—,—,,Loss,,miss,,,,—,,
2026-09-27T23:05:13.230254+00:00,nfl,2026,3,401872961,4018729611298,2,9:31,K.Cousins pass short right to M.Mayer to NO 42 for 11 yards (D.Stutsman; K.Elliss).,1,10,LV 47,53,0,New Orleans Saints,Las Vegas Raiders,6,6,65.4,34.6,198.0,120.0,318.0,213.0,84.0,297.0,game,Spread,Las Vegas Raiders,,2.5,prophetx,103,—,—,,0,,hit,,,,—,,
2026-09-27T23:05:13.230254+00:00,nfl,2026,3,401872961,4018729611298,2,9:31,K.Cousins pass short right to M.Mayer to NO 42 for 11 yards (D.Stutsman; K.Elliss).,1,10,LV 47,53,0,New Orleans Saints,Las Vegas Raiders,6,6,65.4,34.6,198.0,120.0,318.0,213.0,84.0,297.0,game,Spread,New Orleans Saints,,-2.5,bet365,-105,—,—,,0,,miss,,,,—,,
2026-09-27T23:05:13.230254+00:00,nfl,2026,3,401872961,4018729611298,2,9:31,K.Cousins pass short right to M.Mayer to NO 42 for 11 yards (D.Stutsman; K.Elliss).,1,10,LV 47,53,0,New Orleans Saints,Las Vegas Raiders,6,6,65.4,34.6,198.0,120.0,318.0,213.0,84.0,297.0,game,Total,Over,,61.5,betfair,-115,—,—,,12.0,,miss,,,,—,,
2026-09-27T23:05:13.230254+00:00,nfl,2026,3,401872961,4018729611298,2,9:31,K.Cousins pass short right to M.Mayer to NO 42 for 11 yards (D.Stutsman; K.Elliss).,1,10,LV 47,53,0,New Orleans Saints,Las Vegas Raiders,6,6,65.4,34.6,198.0,120.0,318.0,213.0,84.0,297.0,game,Total,Under,,61.5,betfair,100,—,—,,12.0,,hit,,,,—,,
2026-09-27T23:05:13.230254+00:00,nfl,2026,3,401872961,4018729611298,2,9:31,K.Cousins pass short right to M.Mayer to NO 42 for 11 yards (D.Stutsman; K.Elliss).,1,10,LV 47,53,0,New Orleans Saints,Las Vegas Raiders,6,6,65.4,34.6,198.0,120.0,318.0,213.0,84.0,297.0,game,ML,New Orleans Saints,,,bet365,-185,—,—,,Loss,,miss,,,,—,,
2026-09-27T23:05:13.230254+00:00,nfl,2026,3,401872961,4018729611335,2,8:55,T.Zuhn reported in as eligible.  A.Jeanty right end pushed ob at NO 40 for 2 yards (K.McKinstry; C.Granderson).,1,10,NO 42,42,0,New Orleans Saints,Las Vegas Raiders,6,6,65.4,34.6,198.0,120.0,318.0,213.0,84.0,297.0,game,Spread,Las Vegas Raiders,,2.5,prophetx,103,—,—,,0,,hit,,,,—,,
2026-09-27T23:05:13.230254+00:00,nfl,2026,3,401872961,4018729611335,2,8:55,T.Zuhn reported in as eligible.  A.Jeanty right end pushed ob at NO 40 for 2 yards (K.McKinstry; C.Granderson).,1,10,NO 42,42,0,New Orleans Saints,Las Vegas Raiders,6,6,65.4,34.6,198.0,120.0,318.0,213.0,84.0,297.0,game,Spread,New Orleans Saints,,-2.5,bet365,-105,—,—,,0,,miss,,,,—,,
2026-09-27T23:05:13.230254+00:00,nfl,2026,3,401872961,4018729611335,2,8:55,T.Zuhn reported in as eligible.  A.Jeanty right end pushed ob at NO 40 for 2 yards (K.McKinstry; C.Granderson).,1,10,NO 42,42,0,New Orleans Saints,Las Vegas Raiders,6,6,65.4,34.6,198.0,120.0,318.0,213.0,84.0,297.0,game,Total,Over,,61.5,betfair,-115,—,—,,12.0,,miss,,,,—,,
2026-09-27T23:05:13.230254+00:00,nfl,2026,3,401872961,4018729611335,2,8:55,T.Zuhn reported in as eligible.  A.Jeanty right end pushed ob at NO 40 for 2 yards (K.McKinstry; C.Granderson).,1,10,NO 42,42,0,New Orleans Saints,Las Vegas Raiders,6,6,65.4,34.6,198.0,120.0,318.0,213.0,84.0,297.0,game,Total,Under,,61.5,betfair,100,—,—,,12.0,,hit,,,,—,,
2026-09-27T23:05:13.230254+00:00,nfl,2026,3,401872961,4018729611335,2,8:55,T.Zuhn reported in as eligible.  A.Jeanty right end pushed ob at NO 40 for 2 yards (K.McKinstry; C.Granderson).,1,10,NO 42,42,0,New Orleans Saints,Las Vegas Raiders,6,6,65.4,34.6,198.0,120.0,318.0,213.0,84.0,297.0,game,ML,New Orleans Saints,,,bet365,-185,—,—,,Loss,,miss,,,,—,,
2026-09-27T23:05:13.230254+00:00,nfl,2026,3,401872961,4018729611364,2,8:13,(Shotgun) K.Cousins pass short left to B.Bowers to NO 21 for 19 yards (K.Elliss; J.Sanker).,2,8,NO 40,40,0,New Orleans Saints,Las Vegas Raiders,6,6,65.4,34.6,198.0,120.0,318.0,213.0,84.0,297.0,game,Spread,Las Vegas Raiders,,2.5,prophetx,103,—,—,,0,,hit,,,,—,,
2026-09-27T23:05:13.230254+00:00,nfl,2026,3,401872961,4018729611364,2,8:13,(Shotgun) K.Cousins pass short left to B.Bowers to NO 21 for 19 yards (K.Elliss; J.Sanker).,2,8,NO 40,40,0,New Orleans Saints,Las Vegas Raiders,6,6,65.4,34.6,198.0,120.0,318.0,213.0,84.0,297.0,game,Spread,New Orleans Saints,,-2.5,bet365,-105,—,—,,0,,miss,,,,—,,
2026-09-27T23:05:13.230254+00:00,nfl,2026,3,401872961,4018729611364,2,8:13,(Shotgun) K.Cousins pass short left to B.Bowers to NO 21 for 19 yards (K.Elliss; J.Sanker).,2,8,NO 40,40,0,New Orleans Saints,Las Vegas Raiders,6,6,65.4,34.6,198.0,120.0,318.0,213.0,84.0,297.0,game,Total,Over,,61.5,betfair,-115,—,—,,12.0,,miss,,,,—,,
2026-09-27T23:05:13.230254+00:00,nfl,2026,3,401872961,4018729611364,2,8:13,(Shotgun) K.Cousins pass short left to B.Bowers to NO 21 for 19 yards (K.Elliss; J.Sanker).,2,8,NO 40,40,0,New Orleans Saints,Las Vegas Raiders,6,6,65.4,34.6,198.0,120.0,318.0,213.0,84.0,297.0,game,Total,Under,,61.5,betfair,100,—,—,,12.0,,hit,,,,—,,
2026-09-27T23:05:13.230254+00:00,nfl,2026,3,401872961,4018729611364,2,8:13,(Shotgun) K.Cousins pass short left to B.Bowers to NO 21 for 19 yards (K.Elliss; J.Sanker).,2,8,NO 40,40,0,New Orleans Saints,Las Vegas Raiders,6,6,65.4,34.6,198.0,120.0,318.0,213.0,84.0,297.0,game,ML,New Orleans Saints,,,bet365,-185,—,—,,Loss,,miss,,,,—,,
2026-09-27T23:05:13.230254+00:00,nfl,2026,3,401872961,4018729611399,2,7:28,(Shotgun) K.Cousins pass incomplete short right to J.Nailor.,1,10,NO 21,21,0,New Orleans Saints,Las Vegas Raiders,6,6,65.4,34.6,198.0,120.0,318.0,213.0,84.0,297.0,game,Spread,Las Vegas Raiders,,2.5,prophetx,103,—,—,,0,,hit,,,,—,,
2026-09-27T23:05:13.230254+00:00,nfl,2026,3,401872961,4018729611399,2,7:28,(Shotgun) K.Cousins pass incomplete short right to J.Nailor.,1,10,NO 21,21,0,New Orleans Saints,Las Vegas Raiders,6,6,65.4,34.6,198.0,120.0,318.0,213.0,84.0,297.0,game,Spread,New Orleans Saints,,-2.5,bet365,-105,—,—,,0,,miss,,,,—,,
2026-09-27T23:05:13.230254+00:00,nfl,2026,3,401872961,4018729611399,2,7:28,(Shotgun) K.Cousins pass incomplete short right to J.Nailor.,1,10,NO 21,21,0,New Orleans Saints,Las Vegas Raiders,6,6,65.4,34.6,198.0,120.0,318.0,213.0,84.0,297.0,game,Total,Over,,61.5,betfair,-115,—,—,,12.0,,miss,,,,—,,
2026-09-27T23:05:13.230254+00:00,nfl,2026,3,401872961,4018729611399,2,7:28,(Shotgun) K.Cousins pass incomplete short right to J.Nailor.,1,10,NO 21,21,0,New Orleans Saints,Las Vegas Raiders,6,6,65.4,34.6,198.0,120.0,318.0,213.0,84.0,297.0,game,Total,Under,,61.5,betfair,100,—,—,,12.0,,hit,,,,—,,
2026-09-27T23:05:13.230254+00:00,nfl,2026,3,401872961,4018729611399,2,7:28,(Shotgun) K.Cousins pass incomplete short right to J.Nailor.,1,10,NO 21,21,0,New Orleans Saints,Las Vegas Raiders,6,6,65.4,34.6,198.0,120.0,318.0,213.0,84.0,297.0,game,ML,New Orleans Saints,,,bet365,-185,—,—,,Loss,,miss,,,,—,,
2026-09-27T23:05:13.230254+00:00,nfl,2026,3,401872961,4018729611422,2,7:24,(Shotgun) M.Washington left end to NO 18 for 3 yards (C.Granderson).,2,10,NO 21,21,0,New Orleans Saints,Las Vegas Raiders,6,6,65.4,34.6,198.0,120.0,318.0,213.0,84.0,297.0,game,Spread,Las Vegas Raiders,,2.5,prophetx,103,—,—,,0,,hit,,,,—,,
2026-09-27T23:05:13.230254+00:00,nfl,2026,3,401872961,4018729611422,2,7:24,(Shotgun) M.Washington left end to NO 18 for 3 yards (C.Granderson).,2,10,NO 21,21,0,New Orleans Saints,Las Vegas Raiders,6,6,65.4,34.6,198.0,120.0,318.0,213.0,84.0,297.0,game,Spread,New Orleans Saints,,-2.5,bet365,-105,—,—,,0,,miss,,,,—,,
2026-09-27T23:05:13.230254+00:00,nfl,2026,3,401872961,4018729611422,2,7:24,(Shotgun) M.Washington left end to NO 18 for 3 yards (C.Granderson).,2,10,NO 21,21,0,New Orleans Saints,Las Vegas Raiders,6,6,65.4,34.6,198.0,120.0,318.0,213.0,84.0,297.0,game,Total,Over,,61.5,betfair,-115,—,—,,12.0,,miss,,,,—,,
2026-09-27T23:05:13.230254+00:00,nfl,2026,3,401872961,4018729611422,2,7:24,(Shotgun) M.Washington left end to NO 18 for 3 yards (C.Granderson).,2,10,NO 21,21,0,New Orleans Saints,Las Vegas Raiders,6,6,65.4,34.6,198.0,120.0,318.0,213.0,84.0,297.0,game,Total,Under,,61.5,betfair,100,—,—,,12.0,,hit,,,,—,,
2026-09-27T23:05:13.230254+00:00,nfl,2026,3,401872961,4018729611422,2,7:24,(Shotgun) M.Washington left end to NO 18 for 3 yards (C.Granderson).,2,10,NO 21,21,0,New Orleans Saints,Las Vegas Raiders,6,6,65.4,34.6,198.0,120.0,318.0,213.0,84.0,297.0,game,ML,New Orleans Saints,,,bet365,-185,—,—,,Loss,,miss,,,,—,,
2026-09-27T23:05:13.230254+00:00,nfl,2026,3,401872961,4018729611444,2,6:43,"(Shotgun) K.Cousins pass incomplete deep right to A.Jeanty.PENALTY on NO-J.Sanker, Defensive Pass Interference, 7 yards, enforced at NO 18 - No Play.",3,7,NO 18,18,0,New Orleans Saints,Las Vegas Raiders,6,6,65.4,34.6,198.0,120.0,318.0,213.0,84.0,297.0,game,Spread,Las Vegas Raiders,,2.5,prophetx,103,—,—,,0,,hit,,,,—,,
2026-09-27T23:05:13.230254+00:00,nfl,2026,3,401872961,4018729611444,2,6:43,"(Shotgun) K.Cousins pass incomplete deep right to A.Jeanty.PENALTY on NO-J.Sanker, Defensive Pass Interference, 7 yards, enforced at NO 18 - No Play.",3,7,NO 18,18,0,New Orleans Saints,Las Vegas Raiders,6,6,65.4,34.6,198.0,120.0,318.0,213.0,84.0,297.0,game,Spread,New Orleans Saints,,-2.5,bet365,-105,—,—,,0,,miss,,,,—,,
2026-09-27T23:05:13.230254+00:00,nfl,2026,3,401872961,4018729611444,2,6:43,"(Shotgun) K.Cousins pass incomplete deep right to A.Jeanty.PENALTY on NO-J.Sanker, Defensive Pass Interference, 7 yards, enforced at NO 18 - No Play.",3,7,NO 18,18,0,New Orleans Saints,Las Vegas Raiders,6,6,65.4,34.6,198.0,120.0,318.0,213.0,84.0,297.0,game,Total,Over,,61.5,betfair,-115,—,—,,12.0,,miss,,,,—,,
2026-09-27T23:05:13.230254+00:00,nfl,2026,3,401872961,4018729611444,2,6:43,"(Shotgun) K.Cousins pass incomplete deep right to A.Jeanty.PENALTY on NO-J.Sanker, Defensive Pass Interference, 7 yards, enforced at NO 18 - No Play.",3,7,NO 18,18,0,New Orleans Saints,Las Vegas Raiders,6,6,65.4,34.6,198.0,120.0,318.0,213.0,84.0,297.0,game,Total,Under,,61.5,betfair,100,—,—,,12.0,,hit,,,,—,,
2026-09-27T23:05:13.230254+00:00,nfl,2026,3,401872961,4018729611444,2,6:43,"(Shotgun) K.Cousins pass incomplete deep right to A.Jeanty.PENALTY on NO-J.Sanker, Defensive Pass Interference, 7 yards, enforced at NO 18 - No Play.",3,7,NO 18,18,0,New Orleans Saints,Las Vegas Raiders,6,6,65.4,34.6,198.0,120.0,318.0,213.0,84.0,297.0,game,ML,New Orleans Saints,,,bet365,-185,—,—,,Loss,,miss,,,,—,,
2026-09-27T23:05:13.230254+00:00,nfl,2026,3,401872961,4018729611478,2,6:37,K.Cousins pass incomplete short right [C.Wooden].,1,10,NO 11,11,0,New Orleans Saints,Las Vegas Raiders,6,6,65.4,34.6,198.0,120.0,318.0,213.0,84.0,297.0,game,Spread,Las Vegas Raiders,,2.5,prophetx,103,—,—,,0,,hit,,,,—,,
2026-09-27T23:05:13.230254+00:00,nfl,2026,3,401872961,4018729611478,2,6:37,K.Cousins pass incomplete short right [C.Wooden].,1,10,NO 11,11,0,New Orleans Saints,Las Vegas Raiders,6,6,65.4,34.6,198.0,120.0,318.0,213.0,84.0,297.0,game,Spread,New Orleans Saints,,-2.5,bet365,-105,—,—,,0,,miss,,,,—,,
2026-09-27T23:05:13.230254+00:00,nfl,2026,3,401872961,4018729611478,2,6:37,K.Cousins pass incomplete short right [C.Wooden].,1,10,NO 11,11,0,New Orleans Saints,Las Vegas Raiders,6,6,65.4,34.6,198.0,120.0,318.0,213.0,84.0,297.0,game,Total,Over,,61.5,betfair,-115,—,—,,12.0,,miss,,,,—,,
2026-09-27T23:05:13.230254+00:00,nfl,2026,3,401872961,4018729611478,2,6:37,K.Cousins pass incomplete short right [C.Wooden].,1,10,NO 11,11,0,New Orleans Saints,Las Vegas Raiders,6,6,65.4,34.6,198.0,120.0,318.0,213.0,84.0,297.0,game,Total,Under,,61.5,betfair,100,—,—,,12.0,,hit,,,,—,,
2026-09-27T23:05:13.230254+00:00,nfl,2026,3,401872961,4018729611478,2,6:37,K.Cousins pass incomplete short right [C.Wooden].,1,10,NO 11,11,0,New Orleans Saints,Las Vegas Raiders,6,6,65.4,34.6,198.0,120.0,318.0,213.0,84.0,297.0,game,ML,New Orleans Saints,,,bet365,-185,—,—,,Loss,,miss,,,,—,,
2026-09-27T23:05:13.230254+00:00,nfl,2026,3,401872961,4018729611501,2,6:33,A.Jeanty right end pushed ob at NO 5 for 6 yards (K.McKinstry).,2,10,NO 11,11,0,New Orleans Saints,Las Vegas Raiders,6,6,65.4,34.6,198.0,120.0,318.0,213.0,84.0,297.0,game,Spread,Las Vegas Raiders,,2.5,prophetx,103,—,—,,0,,hit,,,,—,,
2026-09-27T23:05:13.230254+00:00,nfl,2026,3,401872961,4018729611501,2,6:33,A.Jeanty right end pushed ob at NO 5 for 6 yards (K.McKinstry).,2,10,NO 11,11,0,New Orleans Saints,Las Vegas Raiders,6,6,65.4,34.6,198.0,120.0,318.0,213.0,84.0,297.0,game,Spread,New Orleans Saints,,-2.5,bet365,-105,—,—,,0,,miss,,,,—,,
2026-09-27T23:05:13.230254+00:00,nfl,2026,3,401872961,4018729611501,2,6:33,A.Jeanty right end pushed ob at NO 5 for 6 yards (K.McKinstry).,2,10,NO 11,11,0,New Orleans Saints,Las Vegas Raiders,6,6,65.4,34.6,198.0,120.0,318.0,213.0,84.0,297.0,game,Total,Over,,61.5,betfair,-115,—,—,,12.0,,miss,,,,—,,
2026-09-27T23:05:13.230254+00:00,nfl,2026,3,401872961,4018729611501,2,6:33,A.Jeanty right end pushed ob at NO 5 for 6 yards (K.McKinstry).,2,10,NO 11,11,0,New Orleans Saints,Las Vegas Raiders,6,6,65.4,34.6,198.0,120.0,318.0,213.0,84.0,297.0,game,Total,Under,,61.5,betfair,100,—,—,,12.0,,hit,,,,—,,
2026-09-27T23:05:13.230254+00:00,nfl,2026,3,401872961,4018729611501,2,6:33,A.Jeanty right end pushed ob at NO 5 for 6 yards (K.McKinstry).,2,10,NO 11,11,0,New Orleans Saints,Las Vegas Raiders,6,6,65.4,34.6,198.0,120.0,318.0,213.0,84.0,297.0,game,ML,New Orleans Saints,,,bet365,-185,—,—,,Loss,,miss,,,,—,,
2026-09-27T23:05:13.230254+00:00,nfl,2026,3,401872961,4018729611528,2,5:54,"(Shotgun) K.Cousins pass incomplete short middle.PENALTY on NO-D.Stutsman, Roughing the Passer, 2 yards, enforced at NO 5 - No Play.",3,4,NO 5,5,0,New Orleans Saints,Las Vegas Raiders,6,6,65.4,34.6,198.0,120.0,318.0,213.0,84.0,297.0,game,Spread,Las Vegas Raiders,,2.5,prophetx,103,—,—,,0,,hit,,,,—,,
2026-09-27T23:05:13.230254+00:00,nfl,2026,3,401872961,4018729611528,2,5:54,"(Shotgun) K.Cousins pass incomplete short middle.PENALTY on NO-D.Stutsman, Roughing the Passer, 2 yards, enforced at NO 5 - No Play.",3,4,NO 5,5,0,New Orleans Saints,Las Vegas Raiders,6,6,65.4,34.6,198.0,120.0,318.0,213.0,84.0,297.0,game,Spread,New Orleans Saints,,-2.5,bet365,-105,—,—,,0,,miss,,,,—,,
2026-09-27T23:05:13.230254+00:00,nfl,2026,3,401872961,4018729611528,2,5:54,"(Shotgun) K.Cousins pass incomplete short middle.PENALTY on NO-D.Stutsman, Roughing the Passer, 2 yards, enforced at NO 5 - No Play.",3,4,NO 5,5,0,New Orleans Saints,Las Vegas Raiders,6,6,65.4,34.6,198.0,120.0,318.0,213.0,84.0,297.0,game,Total,Over,,61.5,betfair,-115,—,—,,12.0,,miss,,,,—,,
2026-09-27T23:05:13.230254+00:00,nfl,2026,3,401872961,4018729611528,2,5:54,"(Shotgun) K.Cousins pass incomplete short middle.PENALTY on NO-D.Stutsman, Roughing the Passer, 2 yards, enforced at NO 5 - No Play.",3,4,NO 5,5,0,New Orleans Saints,Las Vegas Raiders,6,6,65.4,34.6,198.0,120.0,318.0,213.0,84.0,297.0,game,Total,Under,,61.5,betfair,100,—,—,,12.0,,hit,,,,—,,
2026-09-27T23:05:13.230254+00:00,nfl,2026,3,401872961,4018729611528,2,5:54,"(Shotgun) K.Cousins pass incomplete short middle.PENALTY on NO-D.Stutsman, Roughing the Passer, 2 yards, enforced at NO 5 - No Play.",3,4,NO 5,5,0,New Orleans Saints,Las Vegas Raiders,6,6,65.4,34.6,198.0,120.0,318.0,213.0,84.0,297.0,game,ML,New Orleans Saints,,,bet365,-185,—,—,,Loss,,miss,,,,—,,
2026-09-27T23:05:13.230254+00:00,nfl,2026,3,401872961,4018729611598,2,5:46,Official Timeout at 05:46.,-1,10,NO 15,15,-7,New Orleans Saints,Las Vegas Raiders,6,13,65.4,34.6,198.0,120.0,318.0,213.0,84.0,297.0,game,Spread,Las Vegas Raiders,,2.5,prophetx,103,—,—,,-7,,hit,,,,—,,
2026-09-27T23:05:13.230254+00:00,nfl,2026,3,401872961,4018729611598,2,5:46,Official Timeout at 05:46.,-1,10,NO 15,15,-7,New Orleans Saints,Las Vegas Raiders,6,13,65.4,34.6,198.0,120.0,318.0,213.0,84.0,297.0,game,Spread,New Orleans Saints,,-2.5,bet365,-105,—,—,,-7,,miss,,,,—,,
2026-09-27T23:05:13.230254+00:00,nfl,2026,3,401872961,4018729611598,2,5:46,Official Timeout at 05:46.,-1,10,NO 15,15,-7,New Orleans Saints,Las Vegas Raiders,6,13,65.4,34.6,198.0,120.0,318.0,213.0,84.0,297.0,game,Total,Over,,61.5,betfair,-115,—,—,,19.0,,miss,,,,—,,
2026-09-27T23:05:13.230254+00:00,nfl,2026,3,401872961,4018729611598,2,5:46,Official Timeout at 05:46.,-1,10,NO 15,15,-7,New Orleans Saints,Las Vegas Raiders,6,13,65.4,34.6,198.0,120.0,318.0,213.0,84.0,297.0,game,Total,Under,,61.5,betfair,100,—,—,,19.0,,hit,,,,—,,
2026-09-27T23:05:13.230254+00:00,nfl,2026,3,401872961,4018729611598,2,5:46,Official Timeout at 05:46.,-1,10,NO 15,15,-7,New Orleans Saints,Las Vegas Raiders,6,13,65.4,34.6,198.0,120.0,318.0,213.0,84.0,297.0,game,ML,New Orleans Saints,,,bet365,-185,—,—,,Loss,,miss,,,,—,,
2026-09-27T23:05:13.230254+00:00,nfl,2026,3,401872961,4018729611562,2,5:46,"T.Zuhn reported in as eligible.  K.Cousins pass short right to M.Mayer for 3 yards, TOUCHDOWN. M.Gay extra point is GOOD, Center-A.Ward, Holder-A.Cole.",1,3,NO 3,3,-7,New Orleans Saints,Las Vegas Raiders,6,13,65.4,34.6,198.0,120.0,318.0,213.0,84.0,297.0,game,Spread,Las Vegas Raiders,,2.5,prophetx,103,—,—,,-7,,hit,,,,—,,
2026-09-27T23:05:13.230254+00:00,nfl,2026,3,401872961,4018729611562,2,5:46,"T.Zuhn reported in as eligible.  K.Cousins pass short right to M.Mayer for 3 yards, TOUCHDOWN. M.Gay extra point is GOOD, Center-A.Ward, Holder-A.Cole.",1,3,NO 3,3,-7,New Orleans Saints,Las Vegas Raiders,6,13,65.4,34.6,198.0,120.0,318.0,213.0,84.0,297.0,game,Spread,New Orleans Saints,,-2.5,bet365,-105,—,—,,-7,,miss,,,,—,,
2026-09-27T23:05:13.230254+00:00,nfl,2026,3,401872961,4018729611562,2,5:46,"T.Zuhn reported in as eligible.  K.Cousins pass short right to M.Mayer for 3 yards, TOUCHDOWN. M.Gay extra point is GOOD, Center-A.Ward, Holder-A.Cole.",1,3,NO 3,3,-7,New Orleans Saints,Las Vegas Raiders,6,13,65.4,34.6,198.0,120.0,318.0,213.0,84.0,297.0,game,Total,Over,,61.5,betfair,-115,—,—,,19.0,,miss,,,,—,,
2026-09-27T23:05:13.230254+00:00,nfl,2026,3,401872961,4018729611562,2,5:46,"T.Zuhn reported in as eligible.  K.Cousins pass short right to M.Mayer for 3 yards, TOUCHDOWN. M.Gay extra point is GOOD, Center-A.Ward, Holder-A.Cole.",1,3,NO 3,3,-7,New Orleans Saints,Las Vegas Raiders,6,13,65.4,34.6,198.0,120.0,318.0,213.0,84.0,297.0,game,Total,Under,,61.5,betfair,100,—,—,,19.0,,hit,,,,—,,
2026-09-27T23:05:13.230254+00:00,nfl,2026,3,401872961,4018729611562,2,5:46,"T.Zuhn reported in as eligible.  K.Cousins pass short right to M.Mayer for 3 yards, TOUCHDOWN. M.Gay extra point is GOOD, Center-A.Ward, Holder-A.Cole.",1,3,NO 3,3,-7,New Orleans Saints,Las Vegas Raiders,6,13,65.4,34.6,198.0,120.0,318.0,213.0,84.0,297.0,game,ML,New Orleans Saints,,,bet365,-185,—,—,,Loss,,miss,,,,—,,
2026-09-27T23:05:13.230254+00:00,nfl,2026,3,401872961,4018729611605,2,5:46,M.Gay kicks 59 yards from LV 35 to NO 6. J.Price to NO 28 for 22 yards (D.Porter).,1,10,NO 33,65,-7,New Orleans Saints,Las Vegas Raiders,6,13,65.4,34.6,198.0,120.0,318.0,213.0,84.0,297.0,game,Spread,Las Vegas Raiders,,2.5,prophetx,103,—,—,,-7,,hit,,,,—,,
2026-09-27T23:05:13.230254+00:00,nfl,2026,3,401872961,4018729611605,2,5:46,M.Gay kicks 59 yards from LV 35 to NO 6. J.Price to NO 28 for 22 yards (D.Porter).,1,10,NO 33,65,-7,New Orleans Saints,Las Vegas Raiders,6,13,65.4,34.6,198.0,120.0,318.0,213.0,84.0,297.0,game,Spread,New Orleans Saints,,-2.5,bet365,-105,—,—,,-7,,miss,,,,—,,
2026-09-27T23:05:13.230254+00:00,nfl,2026,3,401872961,4018729611605,2,5:46,M.Gay kicks 59 yards from LV 35 to NO 6. J.Price to NO 28 for 22 yards (D.Porter).,1,10,NO 33,65,-7,New Orleans Saints,Las Vegas Raiders,6,13,65.4,34.6,198.0,120.0,318.0,213.0,84.0,297.0,game,Total,Over,,61.5,betfair,-115,—,—,,19.0,,miss,,,,—,,
2026-09-27T23:05:13.230254+00:00,nfl,2026,3,401872961,4018729611605,2,5:46,M.Gay kicks 59 yards from LV 35 to NO 6. J.Price to NO 28 for 22 yards (D.Porter).,1,10,NO 33,65,-7,New Orleans Saints,Las Vegas Raiders,6,13,65.4,34.6,198.0,120.0,318.0,213.0,84.0,297.0,game,Total,Under,,61.5,betfair,100,—,—,,19.0,,hit,,,,—,,
2026-09-27T23:05:13.230254+00:00,nfl,2026,3,401872961,4018729611605,2,5:46,M.Gay kicks 59 yards from LV 35 to NO 6. J.Price to NO 28 for 22 yards (D.Porter).,1,10,NO 33,65,-7,New Orleans Saints,Las Vegas Raiders,6,13,65.4,34.6,198.0,120.0,318.0,213.0,84.0,297.0,game,ML,New Orleans Saints,,,bet365,-185,—,—,,Loss,,miss,,,,—,,
2026-09-27T23:05:13.230254+00:00,nfl,2026,3,401872961,4018729611635,2,5:39,T.Etienne left tackle to NO 34 for 6 yards (H.Masses; Q.Walker).,1,10,NO 28,28,-7,New Orleans Saints,Las Vegas Raiders,6,13,65.4,34.6,198.0,120.0,318.0,213.0,84.0,297.0,game,Spread,Las Vegas Raiders,,2.5,prophetx,103,—,—,,-7,,hit,,,,—,,
2026-09-27T23:05:13.230254+00:00,nfl,2026,3,401872961,4018729611635,2,5:39,T.Etienne left tackle to NO 34 for 6 yards (H.Masses; Q.Walker).,1,10,NO 28,28,-7,New Orleans Saints,Las Vegas Raiders,6,13,65.4,34.6,198.0,120.0,318.0,213.0,84.0,297.0,game,Spread,New Orleans Saints,,-2.5,bet365,-105,—,—,,-7,,miss,,,,—,,
2026-09-27T23:05:13.230254+00:00,nfl,2026,3,401872961,4018729611635,2,5:39,T.Etienne left tackle to NO 34 for 6 yards (H.Masses; Q.Walker).,1,10,NO 28,28,-7,New Orleans Saints,Las Vegas Raiders,6,13,65.4,34.6,198.0,120.0,318.0,213.0,84.0,297.0,game,Total,Over,,61.5,betfair,-115,—,—,,19.0,,miss,,,,—,,
2026-09-27T23:05:13.230254+00:00,nfl,2026,3,401872961,4018729611635,2,5:39,T.Etienne left tackle to NO 34 for 6 yards (H.Masses; Q.Walker).,1,10,NO 28,28,-7,New Orleans Saints,Las Vegas Raiders,6,13,65.4,34.6,198.0,120.0,318.0,213.0,84.0,297.0,game,Total,Under,,61.5,betfair,100,—,—,,19.0,,hit,,,,—,,
2026-09-27T23:05:13.230254+00:00,nfl,2026,3,401872961,4018729611635,2,5:39,T.Etienne left tackle to NO 34 for 6 yards (H.Masses; Q.Walker).,1,10,NO 28,28,-7,New Orleans Saints,Las Vegas Raiders,6,13,65.4,34.6,198.0,120.0,318.0,213.0,84.0,297.0,game,ML,New Orleans Saints,,,bet365,-185,—,—,,Loss,,miss,,,,—,,
2026-09-27T23:05:13.230254+00:00,nfl,2026,3,401872961,4018729611657,2,5:08,T.Etienne right end to NO 37 for 3 yards (N.Dean; T.Johnson).,2,4,NO 34,34,-7,New Orleans Saints,Las Vegas Raiders,6,13,65.4,34.6,198.0,120.0,318.0,213.0,84.0,297.0,game,Spread,Las Vegas Raiders,,2.5,prophetx,103,—,—,,-7,,hit,,,,—,,
2026-09-27T23:05:13.230254+00:00,nfl,2026,3,401872961,4018729611657,2,5:08,T.Etienne right end to NO 37 for 3 yards (N.Dean; T.Johnson).,2,4,NO 34,34,-7,New Orleans Saints,Las Vegas Raiders,6,13,65.4,34.6,198.0,120.0,318.0,213.0,84.0,297.0,game,Spread,New Orleans Saints,,-2.5,bet365,-105,—,—,,-7,,miss,,,,—,,
2026-09-27T23:05:13.230254+00:00,nfl,2026,3,401872961,4018729611657,2,5:08,T.Etienne right end to NO 37 for 3 yards (N.Dean; T.Johnson).,2,4,NO 34,34,-7,New Orleans Saints,Las Vegas Raiders,6,13,65.4,34.6,198.0,120.0,318.0,213.0,84.0,297.0,game,Total,Over,,61.5,betfair,-115,—,—,,19.0,,miss,,,,—,,
2026-09-27T23:05:13.230254+00:00,nfl,2026,3,401872961,4018729611657,2,5:08,T.Etienne right end to NO 37 for 3 yards (N.Dean; T.Johnson).,2,4,NO 34,34,-7,New Orleans Saints,Las Vegas Raiders,6,13,65.4,34.6,198.0,120.0,318.0,213.0,84.0,297.0,game,Total,Under,,61.5,betfair,100,—,—,,19.0,,hit,,,,—,,
2026-09-27T23:05:13.230254+00:00,nfl,2026,3,401872961,4018729611657,2,5:08,T.Etienne right end to NO 37 for 3 yards (N.Dean; T.Johnson).,2,4,NO 34,34,-7,New Orleans Saints,Las Vegas Raiders,6,13,65.4,34.6,198.0,120.0,318.0,213.0,84.0,297.0,game,ML,New Orleans Saints,,,bet365,-185,—,—,,Loss,,miss,,,,—,,
2026-09-27T23:05:13.230254+00:00,nfl,2026,3,401872961,4018729611679,2,4:33,"(No Huddle, Shotgun) T.Etienne left guard to NO 41 for 4 yards (I.Pola-Mao).",3,1,NO 37,37,-7,New Orleans Saints,Las Vegas Raiders,6,13,65.4,34.6,198.0,120.0,318.0,213.0,84.0,297.0,game,Spread,Las Vegas Raiders,,2.5,prophetx,103,—,—,,-7,,hit,,,,—,,
2026-09-27T23:05:13.230254+00:00,nfl,2026,3,401872961,4018729611679,2,4:33,"(No Huddle, Shotgun) T.Etienne left guard to NO 41 for 4 yards (I.Pola-Mao).",3,1,NO 37,37,-7,New Orleans Saints,Las Vegas Raiders,6,13,65.4,34.6,198.0,120.0,318.0,213.0,84.0,297.0,game,Spread,New Orleans Saints,,-2.5,bet365,-105,—,—,,-7,,miss,,,,—,,
2026-09-27T23:05:13.230254+00:00,nfl,2026,3,401872961,4018729611679,2,4:33,"(No Huddle, Shotgun) T.Etienne left guard to NO 41 for 4 yards (I.Pola-Mao).",3,1,NO 37,37,-7,New Orleans Saints,Las Vegas Raiders,6,13,65.4,34.6,198.0,120.0,318.0,213.0,84.0,297.0,game,Total,Over,,61.5,betfair,-115,—,—,,19.0,,miss,,,,—,,
2026-09-27T23:05:13.230254+00:00,nfl,2026,3,401872961,4018729611679,2,4:33,"(No Huddle, Shotgun) T.Etienne left guard to NO 41 for 4 yards (I.Pola-Mao).",3,1,NO 37,37,-7,New Orleans Saints,Las Vegas Raiders,6,13,65.4,34.6,198.0,120.0,318.0,213.0,84.0,297.0,game,Total,Under,,61.5,betfair,100,—,—,,19.0,,hit,,,,—,,
2026-09-27T23:05:13.230254+00:00,nfl,2026,3,401872961,4018729611679,2,4:33,"(No Huddle, Shotgun) T.Etienne left guard to NO 41 for 4 yards (I.Pola-Mao).",3,1,NO 37,37,-7,New Orleans Saints,Las Vegas Raiders,6,13,65.4,34.6,198.0,120.0,318.0,213.0,84.0,297.0,game,ML,New Orleans Saints,,,bet365,-185,—,—,,Loss,,miss,,,,—,,
2026-09-27T23:05:13.230254+00:00,nfl,2026,3,401872961,4018729611701,2,4:06,"(No Huddle, Shotgun) T.Shough pass short right to C.Olave ran ob at LV 46 for 13 yards (N.Dean).",1,10,NO 41,41,-7,New Orleans Saints,Las Vegas Raiders,6,13,65.4,34.6,198.0,120.0,318.0,213.0,84.0,297.0,game,Spread,Las Vegas Raiders,,2.5,prophetx,103,—,—,,-7,,hit,,,,—,,
2026-09-27T23:05:13.230254+00:00,nfl,2026,3,401872961,4018729611701,2,4:06,"(No Huddle, Shotgun) T.Shough pass short right to C.Olave ran ob at LV 46 for 13 yards (N.Dean).",1,10,NO 41,41,-7,New Orleans Saints,Las Vegas Raiders,6,13,65.4,34.6,198.0,120.0,318.0,213.0,84.0,297.0,game,Spread,New Orleans Saints,,-2.5,bet365,-105,—,—,,-7,,miss,,,,—,,
2026-09-27T23:05:13.230254+00:00,nfl,2026,3,401872961,4018729611701,2,4:06,"(No Huddle, Shotgun) T.Shough pass short right to C.Olave ran ob at LV 46 for 13 yards (N.Dean).",1,10,NO 41,41,-7,New Orleans Saints,Las Vegas Raiders,6,13,65.4,34.6,198.0,120.0,318.0,213.0,84.0,297.0,game,Total,Over,,61.5,betfair,-115,—,—,,19.0,,miss,,,,—,,
2026-09-27T23:05:13.230254+00:00,nfl,2026,3,401872961,4018729611701,2,4:06,"(No Huddle, Shotgun) T.Shough pass short right to C.Olave ran ob at LV 46 for 13 yards (N.Dean).",1,10,NO 41,41,-7,New Orleans Saints,Las Vegas Raiders,6,13,65.4,34.6,198.0,120.0,318.0,213.0,84.0,297.0,game,Total,Under,,61.5,betfair,100,—,—,,19.0,,hit,,,,—,,
2026-09-27T23:05:13.230254+00:00,nfl,2026,3,401872961,4018729611701,2,4:06,"(No Huddle, Shotgun) T.Shough pass short right to C.Olave ran ob at LV 46 for 13 yards (N.Dean).",1,10,NO 41,41,-7,New Orleans Saints,Las Vegas Raiders,6,13,65.4,34.6,198.0,120.0,318.0,213.0,84.0,297.0,game,ML,New Orleans Saints,,,bet365,-185,—,—,,Loss,,miss,,,,—,,
2026-09-27T23:05:13.230254+00:00,nfl,2026,3,401872961,4018729611731,2,3:32,(Shotgun) T.Shough pass deep left to C.Olave ran ob at LV 30 for 16 yards.,1,10,LV 46,54,-7,New Orleans Saints,Las Vegas Raiders,6,13,65.4,34.6,198.0,120.0,318.0,213.0,84.0,297.0,game,Spread,Las Vegas Raiders,,2.5,prophetx,103,—,—,,-7,,hit,,,,—,,
2026-09-27T23:05:13.230254+00:00,nfl,2026,3,401872961,4018729611731,2,3:32,(Shotgun) T.Shough pass deep left to C.Olave ran ob at LV 30 for 16 yards.,1,10,LV 46,54,-7,New Orleans Saints,Las Vegas Raiders,6,13,65.4,34.6,198.0,120.0,318.0,213.0,84.0,297.0,game,Spread,New Orleans Saints,,-2.5,bet365,-105,—,—,,-7,,miss,,,,—,,
2026-09-27T23:05:13.230254+00:00,nfl,2026,3,401872961,4018729611731,2,3:32,(Shotgun) T.Shough pass deep left to C.Olave ran ob at LV 30 for 16 yards.,1,10,LV 46,54,-7,New Orleans Saints,Las Vegas Raiders,6,13,65.4,34.6,198.0,120.0,318.0,213.0,84.0,297.0,game,Total,Over,,61.5,betfair,-115,—,—,,19.0,,miss,,,,—,,
2026-09-27T23:05:13.230254+00:00,nfl,2026,3,401872961,4018729611731,2,3:32,(Shotgun) T.Shough pass deep left to C.Olave ran ob at LV 30 for 16 yards.,1,10,LV 46,54,-7,New Orleans Saints,Las Vegas Raiders,6,13,65.4,34.6,198.0,120.0,318.0,213.0,84.0,297.0,game,Total,Under,,61.5,betfair,100,—,—,,19.0,,hit,,,,—,,
2026-09-27T23:05:13.230254+00:00,nfl,2026,3,401872961,4018729611731,2,3:32,(Shotgun) T.Shough pass deep left to C.Olave ran ob at LV 30 for 16 yards.,1,10,LV 46,54,-7,New Orleans Saints,Las Vegas Raiders,6,13,65.4,34.6,198.0,120.0,318.0,213.0,84.0,297.0,game,ML,New Orleans Saints,,,bet365,-185,—,—,,Loss,,miss,,,,—,,
2026-09-27T23:05:13.230254+00:00,nfl,2026,3,401872961,4018729611756,2,3:15,"(No Huddle, Shotgun) T.Shough pass short right to N.Fant to LV 21 for 9 yards (E.Stokes).",1,10,LV 30,70,-7,New Orleans Saints,Las Vegas Raiders,6,13,65.4,34.6,198.0,120.0,318.0,213.0,84.0,297.0,game,Spread,Las Vegas Raiders,,2.5,prophetx,103,—,—,,-7,,hit,,,,—,,
2026-09-27T23:05:13.230254+00:00,nfl,2026,3,401872961,4018729611756,2,3:15,"(No Huddle, Shotgun) T.Shough pass short right to N.Fant to LV 21 for 9 yards (E.Stokes).",1,10,LV 30,70,-7,New Orleans Saints,Las Vegas Raiders,6,13,65.4,34.6,198.0,120.0,318.0,213.0,84.0,297.0,game,Spread,New Orleans Saints,,-2.5,bet365,-105,—,—,,-7,,miss,,,,—,,
2026-09-27T23:05:13.230254+00:00,nfl,2026,3,401872961,4018729611756,2,3:15,"(No Huddle, Shotgun) T.Shough pass short right to N.Fant to LV 21 for 9 yards (E.Stokes).",1,10,LV 30,70,-7,New Orleans Saints,Las Vegas Raiders,6,13,65.4,34.6,198.0,120.0,318.0,213.0,84.0,297.0,game,Total,Over,,61.5,betfair,-115,—,—,,19.0,,miss,,,,—,,
2026-09-27T23:05:13.230254+00:00,nfl,2026,3,401872961,4018729611756,2,3:15,"(No Huddle, Shotgun) T.Shough pass short right to N.Fant to LV 21 for 9 yards (E.Stokes).",1,10,LV 30,70,-7,New Orleans Saints,Las Vegas Raiders,6,13,65.4,34.6,198.0,120.0,318.0,213.0,84.0,297.0,game,Total,Under,,61.5,betfair,100,—,—,,19.0,,hit,,,,—,,
2026-09-27T23:05:13.230254+00:00,nfl,2026,3,401872961,4018729611756,2,3:15,"(No Huddle, Shotgun) T.Shough pass short right to N.Fant to LV 21 for 9 yards (E.Stokes).",1,10,LV 30,70,-7,New Orleans Saints,Las Vegas Raiders,6,13,65.4,34.6,198.0,120.0,318.0,213.0,84.0,297.0,game,ML,New Orleans Saints,,,bet365,-185,—,—,,Loss,,miss,,,,—,,
2026-09-27T23:05:13.230254+00:00,nfl,2026,3,401872961,4018729611781,2,2:38,T.Shough pass short right to J.Johnson pushed ob at LV 7 for 14 yards (T.Johnson).,2,1,LV 21,79,-7,New Orleans Saints,Las Vegas Raiders,6,13,65.4,34.6,198.0,120.0,318.0,213.0,84.0,297.0,game,Spread,Las Vegas Raiders,,2.5,prophetx,103,—,—,,-7,,hit,,,,—,,
2026-09-27T23:05:13.230254+00:00,nfl,2026,3,401872961,4018729611781,2,2:38,T.Shough pass short right to J.Johnson pushed ob at LV 7 for 14 yards (T.Johnson).,2,1,LV 21,79,-7,New Orleans Saints,Las Vegas Raiders,6,13,65.4,34.6,198.0,120.0,318.0,213.0,84.0,297.0,game,Spread,New Orleans Saints,,-2.5,bet365,-105,—,—,,-7,,miss,,,,—,,
2026-09-27T23:05:13.230254+00:00,nfl,2026,3,401872961,4018729611781,2,2:38,T.Shough pass short right to J.Johnson pushed ob at LV 7 for 14 yards (T.Johnson).,2,1,LV 21,79,-7,New Orleans Saints,Las Vegas Raiders,6,13,65.4,34.6,198.0,120.0,318.0,213.0,84.0,297.0,game,Total,Over,,61.5,betfair,-115,—,—,,19.0,,miss,,,,—,,
2026-09-27T23:05:13.230254+00:00,nfl,2026,3,401872961,4018729611781,2,2:38,T.Shough pass short right to J.Johnson pushed ob at LV 7 for 14 yards (T.Johnson).,2,1,LV 21,79,-7,New Orleans Saints,Las Vegas Raiders,6,13,65.4,34.6,198.0,120.0,318.0,213.0,84.0,297.0,game,Total,Under,,61.5,betfair,100,—,—,,19.0,,hit,,,,—,,
2026-09-27T23:05:13.230254+00:00,nfl,2026,3,401872961,4018729611781,2,2:38,T.Shough pass short right to J.Johnson pushed ob at LV 7 for 14 yards (T.Johnson).,2,1,LV 21,79,-7,New Orleans Saints,Las Vegas Raiders,6,13,65.4,34.6,198.0,120.0,318.0,213.0,84.0,297.0,game,ML,New Orleans Saints,,,bet365,-185,—,—,,Loss,,miss,,,,—,,
2026-09-27T23:05:13.230254+00:00,nfl,2026,3,401872961,4018729611811,2,2:18,"(No Huddle, Shotgun) T.Etienne left end to LV 3 for 4 yards (H.Masses).",1,7,LV 7,93,-7,New Orleans Saints,Las Vegas Raiders,6,13,65.4,34.6,198.0,120.0,318.0,213.0,84.0,297.0,game,Spread,Las Vegas Raiders,,2.5,prophetx,103,—,—,,-7,,hit,,,,—,,
2026-09-27T23:05:13.230254+00:00,nfl,2026,3,401872961,4018729611811,2,2:18,"(No Huddle, Shotgun) T.Etienne left end to LV 3 for 4 yards (H.Masses).",1,7,LV 7,93,-7,New Orleans Saints,Las Vegas Raiders,6,13,65.4,34.6,198.0,120.0,318.0,213.0,84.0,297.0,game,Spread,New Orleans Saints,,-2.5,bet365,-105,—,—,,-7,,miss,,,,—,,
2026-09-27T23:05:13.230254+00:00,nfl,2026,3,401872961,4018729611811,2,2:18,"(No Huddle, Shotgun) T.Etienne left end to LV 3 for 4 yards (H.Masses).",1,7,LV 7,93,-7,New Orleans Saints,Las Vegas Raiders,6,13,65.4,34.6,198.0,120.0,318.0,213.0,84.0,297.0,game,Total,Over,,61.5,betfair,-115,—,—,,19.0,,miss,,,,—,,
2026-09-27T23:05:13.230254+00:00,nfl,2026,3,401872961,4018729611811,2,2:18,"(No Huddle, Shotgun) T.Etienne left end to LV 3 for 4 yards (H.Masses).",1,7,LV 7,93,-7,New Orleans Saints,Las Vegas Raiders,6,13,65.4,34.6,198.0,120.0,318.0,213.0,84.0,297.0,game,Total,Under,,61.5,betfair,100,—,—,,19.0,,hit,,,,—,,
2026-09-27T23:05:13.230254+00:00,nfl,2026,3,401872961,4018729611811,2,2:18,"(No Huddle, Shotgun) T.Etienne left end to LV 3 for 4 yards (H.Masses).",1,7,LV 7,93,-7,New Orleans Saints,Las Vegas Raiders,6,13,65.4,34.6,198.0,120.0,318.0,213.0,84.0,297.0,game,ML,New Orleans Saints,,,bet365,-185,—,—,,Loss,,miss,,,,—,,
2026-09-27T23:05:13.230254+00:00,nfl,2026,3,401872961,4018729611822,2,2:00,Two-Minute Warning,2,3,LV 3,97,-7,New Orleans Saints,Las Vegas Raiders,6,13,65.4,34.6,198.0,120.0,318.0,213.0,84.0,297.0,game,Spread,Las Vegas Raiders,,2.5,prophetx,103,—,—,,-7,,hit,,,,—,,
2026-09-27T23:05:13.230254+00:00,nfl,2026,3,401872961,4018729611822,2,2:00,Two-Minute Warning,2,3,LV 3,97,-7,New Orleans Saints,Las Vegas Raiders,6,13,65.4,34.6,198.0,120.0,318.0,213.0,84.0,297.0,game,Spread,New Orleans Saints,,-2.5,bet365,-105,—,—,,-7,,miss,,,,—,,
2026-09-27T23:05:13.230254+00:00,nfl,2026,3,401872961,4018729611822,2,2:00,Two-Minute Warning,2,3,LV 3,97,-7,New Orleans Saints,Las Vegas Raiders,6,13,65.4,34.6,198.0,120.0,318.0,213.0,84.0,297.0,game,Total,Over,,61.5,betfair,-115,—,—,,19.0,,miss,,,,—,,
2026-09-27T23:05:13.230254+00:00,nfl,2026,3,401872961,4018729611822,2,2:00,Two-Minute Warning,2,3,LV 3,97,-7,New Orleans Saints,Las Vegas Raiders,6,13,65.4,34.6,198.0,120.0,318.0,213.0,84.0,297.0,game,Total,Under,,61.5,betfair,100,—,—,,19.0,,hit,,,,—,,
2026-09-27T23:05:13.230254+00:00,nfl,2026,3,401872961,4018729611822,2,2:00,Two-Minute Warning,2,3,LV 3,97,-7,New Orleans Saints,Las Vegas Raiders,6,13,65.4,34.6,198.0,120.0,318.0,213.0,84.0,297.0,game,ML,New Orleans Saints,,,bet365,-185,—,—,,Loss,,miss,,,,—,,
2026-09-27T23:05:13.230254+00:00,nfl,2026,3,401872961,4018729611833,2,2:00,(Shotgun) T.Shough pass incomplete short right to C.Olave (M.Crosby).,2,3,LV 3,97,-7,New Orleans Saints,Las Vegas Raiders,6,13,65.4,34.6,198.0,120.0,318.0,213.0,84.0,297.0,game,Spread,Las Vegas Raiders,,2.5,prophetx,103,—,—,,-7,,hit,,,,—,,
2026-09-27T23:05:13.230254+00:00,nfl,2026,3,401872961,4018729611833,2,2:00,(Shotgun) T.Shough pass incomplete short right to C.Olave (M.Crosby).,2,3,LV 3,97,-7,New Orleans Saints,Las Vegas Raiders,6,13,65.4,34.6,198.0,120.0,318.0,213.0,84.0,297.0,game,Spread,New Orleans Saints,,-2.5,bet365,-105,—,—,,-7,,miss,,,,—,,
2026-09-27T23:05:13.230254+00:00,nfl,2026,3,401872961,4018729611833,2,2:00,(Shotgun) T.Shough pass incomplete short right to C.Olave (M.Crosby).,2,3,LV 3,97,-7,New Orleans Saints,Las Vegas Raiders,6,13,65.4,34.6,198.0,120.0,318.0,213.0,84.0,297.0,game,Total,Over,,61.5,betfair,-115,—,—,,19.0,,miss,,,,—,,
2026-09-27T23:05:13.230254+00:00,nfl,2026,3,401872961,4018729611833,2,2:00,(Shotgun) T.Shough pass incomplete short right to C.Olave (M.Crosby).,2,3,LV 3,97,-7,New Orleans Saints,Las Vegas Raiders,6,13,65.4,34.6,198.0,120.0,318.0,213.0,84.0,297.0,game,Total,Under,,61.5,betfair,100,—,—,,19.0,,hit,,,,—,,
2026-09-27T23:05:13.230254+00:00,nfl,2026,3,401872961,4018729611833,2,2:00,(Shotgun) T.Shough pass incomplete short right to C.Olave (M.Crosby).,2,3,LV 3,97,-7,New Orleans Saints,Las Vegas Raiders,6,13,65.4,34.6,198.0,120.0,318.0,213.0,84.0,297.0,game,ML,New Orleans Saints,,,bet365,-185,—,—,,Loss,,miss,,,,—,,
2026-09-27T23:05:13.230254+00:00,nfl,2026,3,401872961,4018729611899,2,1:54,Official Timeout at 01:54.,-1,10,LV 15,85,0,New Orleans Saints,Las Vegas Raiders,13,13,65.4,34.6,198.0,120.0,318.0,213.0,84.0,297.0,game,Spread,Las Vegas Raiders,,2.5,prophetx,103,—,—,,0,,hit,,,,—,,
2026-09-27T23:05:13.230254+00:00,nfl,2026,3,401872961,4018729611899,2,1:54,Official Timeout at 01:54.,-1,10,LV 15,85,0,New Orleans Saints,Las Vegas Raiders,13,13,65.4,34.6,198.0,120.0,318.0,213.0,84.0,297.0,game,Spread,New Orleans Saints,,-2.5,bet365,-105,—,—,,0,,miss,,,,—,,
2026-09-27T23:05:13.230254+00:00,nfl,2026,3,401872961,4018729611899,2,1:54,Official Timeout at 01:54.,-1,10,LV 15,85,0,New Orleans Saints,Las Vegas Raiders,13,13,65.4,34.6,198.0,120.0,318.0,213.0,84.0,297.0,game,Total,Over,,61.5,betfair,-115,—,—,,26.0,,miss,,,,—,,
2026-09-27T23:05:13.230254+00:00,nfl,2026,3,401872961,4018729611899,2,1:54,Official Timeout at 01:54.,-1,10,LV 15,85,0,New Orleans Saints,Las Vegas Raiders,13,13,65.4,34.6,198.0,120.0,318.0,213.0,84.0,297.0,game,Total,Under,,61.5,betfair,100,—,—,,26.0,,hit,,,,—,,
2026-09-27T23:05:13.230254+00:00,nfl,2026,3,401872961,4018729611899,2,1:54,Official Timeout at 01:54.,-1,10,LV 15,85,0,New Orleans Saints,Las Vegas Raiders,13,13,65.4,34.6,198.0,120.0,318.0,213.0,84.0,297.0,game,ML,New Orleans Saints,,,bet365,-185,—,—,,Loss,,miss,,,,—,,
2026-09-27T23:05:13.230254+00:00,nfl,2026,3,401872961,4018729611863,2,1:54,"(Shotgun) T.Shough pass short left to N.Fant for 3 yards, TOUCHDOWN. D.Carlson extra point is GOOD, Center-C.Adomitis, Holder-R.Wright.",3,3,LV 3,97,0,New Orleans Saints,Las Vegas Raiders,13,13,65.4,34.6,198.0,120.0,318.0,213.0,84.0,297.0,game,Spread,Las Vegas Raiders,,2.5,prophetx,103,—,—,,0,,hit,,,,—,,
2026-09-27T23:05:13.230254+00:00,nfl,2026,3,401872961,4018729611863,2,1:54,"(Shotgun) T.Shough pass short left to N.Fant for 3 yards, TOUCHDOWN. D.Carlson extra point is GOOD, Center-C.Adomitis, Holder-R.Wright.",3,3,LV 3,97,0,New Orleans Saints,Las Vegas Raiders,13,13,65.4,34.6,198.0,120.0,318.0,213.0,84.0,297.0,game,Spread,New Orleans Saints,,-2.5,bet365,-105,—,—,,0,,miss,,,,—,,
2026-09-27T23:05:13.230254+00:00,nfl,2026,3,401872961,4018729611863,2,1:54,"(Shotgun) T.Shough pass short left to N.Fant for 3 yards, TOUCHDOWN. D.Carlson extra point is GOOD, Center-C.Adomitis, Holder-R.Wright.",3,3,LV 3,97,0,New Orleans Saints,Las Vegas Raiders,13,13,65.4,34.6,198.0,120.0,318.0,213.0,84.0,297.0,game,Total,Over,,61.5,betfair,-115,—,—,,26.0,,miss,,,,—,,
2026-09-27T23:05:13.230254+00:00,nfl,2026,3,401872961,4018729611863,2,1:54,"(Shotgun) T.Shough pass short left to N.Fant for 3 yards, TOUCHDOWN. D.Carlson extra point is GOOD, Center-C.Adomitis, Holder-R.Wright.",3,3,LV 3,97,0,New Orleans Saints,Las Vegas Raiders,13,13,65.4,34.6,198.0,120.0,318.0,213.0,84.0,297.0,game,Total,Under,,61.5,betfair,100,—,—,,26.0,,hit,,,,—,,
2026-09-27T23:05:13.230254+00:00,nfl,2026,3,401872961,4018729611863,2,1:54,"(Shotgun) T.Shough pass short left to N.Fant for 3 yards, TOUCHDOWN. D.Carlson extra point is GOOD, Center-C.Adomitis, Holder-R.Wright.",3,3,LV 3,97,0,New Orleans Saints,Las Vegas Raiders,13,13,65.4,34.6,198.0,120.0,318.0,213.0,84.0,297.0,game,ML,New Orleans Saints,,,bet365,-185,—,—,,Loss,,miss,,,,—,,
2026-09-27T23:05:13.230254+00:00,nfl,2026,3,401872961,4018729611909,2,1:54,"D.Carlson kicks 65 yards from NO 35 to end zone, Touchback to the LV 35.",1,10,NO 33,35,0,New Orleans Saints,Las Vegas Raiders,13,13,65.4,34.6,198.0,120.0,318.0,213.0,84.0,297.0,game,Spread,Las Vegas Raiders,,2.5,prophetx,103,—,—,,0,,hit,,,,—,,
2026-09-27T23:05:13.230254+00:00,nfl,2026,3,401872961,4018729611909,2,1:54,"D.Carlson kicks 65 yards from NO 35 to end zone, Touchback to the LV 35.",1,10,NO 33,35,0,New Orleans Saints,Las Vegas Raiders,13,13,65.4,34.6,198.0,120.0,318.0,213.0,84.0,297.0,game,Spread,New Orleans Saints,,-2.5,bet365,-105,—,—,,0,,miss,,,,—,,
2026-09-27T23:05:13.230254+00:00,nfl,2026,3,401872961,4018729611909,2,1:54,"D.Carlson kicks 65 yards from NO 35 to end zone, Touchback to the LV 35.",1,10,NO 33,35,0,New Orleans Saints,Las Vegas Raiders,13,13,65.4,34.6,198.0,120.0,318.0,213.0,84.0,297.0,game,Total,Over,,61.5,betfair,-115,—,—,,26.0,,miss,,,,—,,
2026-09-27T23:05:13.230254+00:00,nfl,2026,3,401872961,4018729611909,2,1:54,"D.Carlson kicks 65 yards from NO 35 to end zone, Touchback to the LV 35.",1,10,NO 33,35,0,New Orleans Saints,Las Vegas Raiders,13,13,65.4,34.6,198.0,120.0,318.0,213.0,84.0,297.0,game,Total,Under,,61.5,betfair,100,—,—,,26.0,,hit,,,,—,,
2026-09-27T23:05:13.230254+00:00,nfl,2026,3,401872961,4018729611909,2,1:54,"D.Carlson kicks 65 yards from NO 35 to end zone, Touchback to the LV 35.",1,10,NO 33,35,0,New Orleans Saints,Las Vegas Raiders,13,13,65.4,34.6,198.0,120.0,318.0,213.0,84.0,297.0,game,ML,New Orleans Saints,,,bet365,-185,—,—,,Loss,,miss,,,,—,,
2026-09-27T23:05:13.230254+00:00,nfl,2026,3,401872961,4018729611933,2,1:54,(Shotgun) A.Jeanty up the middle to LV 37 for 2 yards (J.Sanker; N.Shepherd).,1,10,LV 35,65,0,New Orleans Saints,Las Vegas Raiders,13,13,65.4,34.6,198.0,120.0,318.0,213.0,84.0,297.0,game,Spread,Las Vegas Raiders,,2.5,prophetx,103,—,—,,0,,hit,,,,—,,
2026-09-27T23:05:13.230254+00:00,nfl,2026,3,401872961,4018729611933,2,1:54,(Shotgun) A.Jeanty up the middle to LV 37 for 2 yards (J.Sanker; N.Shepherd).,1,10,LV 35,65,0,New Orleans Saints,Las Vegas Raiders,13,13,65.4,34.6,198.0,120.0,318.0,213.0,84.0,297.0,game,Spread,New Orleans Saints,,-2.5,bet365,-105,—,—,,0,,miss,,,,—,,
2026-09-27T23:05:13.230254+00:00,nfl,2026,3,401872961,4018729611933,2,1:54,(Shotgun) A.Jeanty up the middle to LV 37 for 2 yards (J.Sanker; N.Shepherd).,1,10,LV 35,65,0,New Orleans Saints,Las Vegas Raiders,13,13,65.4,34.6,198.0,120.0,318.0,213.0,84.0,297.0,game,Total,Over,,61.5,betfair,-115,—,—,,26.0,,miss,,,,—,,
2026-09-27T23:05:13.230254+00:00,nfl,2026,3,401872961,4018729611933,2,1:54,(Shotgun) A.Jeanty up the middle to LV 37 for 2 yards (J.Sanker; N.Shepherd).,1,10,LV 35,65,0,New Orleans Saints,Las Vegas Raiders,13,13,65.4,34.6,198.0,120.0,318.0,213.0,84.0,297.0,game,Total,Under,,61.5,betfair,100,—,—,,26.0,,hit,,,,—,,
2026-09-27T23:05:13.230254+00:00,nfl,2026,3,401872961,4018729611933,2,1:54,(Shotgun) A.Jeanty up the middle to LV 37 for 2 yards (J.Sanker; N.Shepherd).,1,10,LV 35,65,0,New Orleans Saints,Las Vegas Raiders,13,13,65.4,34.6,198.0,120.0,318.0,213.0,84.0,297.0,game,ML,New Orleans Saints,,,bet365,-185,—,—,,Loss,,miss,,,,—,,
2026-09-27T23:05:13.230254+00:00,nfl,2026,3,401872961,4018729611955,2,1:15,(Shotgun) K.Cousins pass incomplete deep middle to J.Nailor.,2,8,LV 37,63,0,New Orleans Saints,Las Vegas Raiders,13,13,65.4,34.6,198.0,120.0,318.0,213.0,84.0,297.0,game,Spread,Las Vegas Raiders,,2.5,prophetx,103,—,—,,0,,hit,,,,—,,
2026-09-27T23:05:13.230254+00:00,nfl,2026,3,401872961,4018729611955,2,1:15,(Shotgun) K.Cousins pass incomplete deep middle to J.Nailor.,2,8,LV 37,63,0,New Orleans Saints,Las Vegas Raiders,13,13,65.4,34.6,198.0,120.0,318.0,213.0,84.0,297.0,game,Spread,New Orleans Saints,,-2.5,bet365,-105,—,—,,0,,miss,,,,—,,
2026-09-27T23:05:13.230254+00:00,nfl,2026,3,401872961,4018729611955,2,1:15,(Shotgun) K.Cousins pass incomplete deep middle to J.Nailor.,2,8,LV 37,63,0,New Orleans Saints,Las Vegas Raiders,13,13,65.4,34.6,198.0,120.0,318.0,213.0,84.0,297.0,game,Total,Over,,61.5,betfair,-115,—,—,,26.0,,miss,,,,—,,
2026-09-27T23:05:13.230254+00:00,nfl,2026,3,401872961,4018729611955,2,1:15,(Shotgun) K.Cousins pass incomplete deep middle to J.Nailor.,2,8,LV 37,63,0,New Orleans Saints,Las Vegas Raiders,13,13,65.4,34.6,198.0,120.0,318.0,213.0,84.0,297.0,game,Total,Under,,61.5,betfair,100,—,—,,26.0,,hit,,,,—,,
2026-09-27T23:05:13.230254+00:00,nfl,2026,3,401872961,4018729611955,2,1:15,(Shotgun) K.Cousins pass incomplete deep middle to J.Nailor.,2,8,LV 37,63,0,New Orleans Saints,Las Vegas Raiders,13,13,65.4,34.6,198.0,120.0,318.0,213.0,84.0,297.0,game,ML,New Orleans Saints,,,bet365,-185,—,—,,Loss,,miss,,,,—,,
2026-09-27T23:05:13.230254+00:00,nfl,2026,3,401872961,4018729611978,2,1:10,(Shotgun) K.Cousins pass short right to B.Bowers pushed ob at LV 48 for 11 yards (K.McKinstry).,3,8,LV 37,63,0,New Orleans Saints,Las Vegas Raiders,13,13,65.4,34.6,198.0,120.0,318.0,213.0,84.0,297.0,game,Spread,Las Vegas Raiders,,2.5,prophetx,103,—,—,,0,,hit,,,,—,,
2026-09-27T23:05:13.230254+00:00,nfl,2026,3,401872961,4018729611978,2,1:10,(Shotgun) K.Cousins pass short right to B.Bowers pushed ob at LV 48 for 11 yards (K.McKinstry).,3,8,LV 37,63,0,New Orleans Saints,Las Vegas Raiders,13,13,65.4,34.6,198.0,120.0,318.0,213.0,84.0,297.0,game,Spread,New Orleans Saints,,-2.5,bet365,-105,—,—,,0,,miss,,,,—,,
2026-09-27T23:05:13.230254+00:00,nfl,2026,3,401872961,4018729611978,2,1:10,(Shotgun) K.Cousins pass short right to B.Bowers pushed ob at LV 48 for 11 yards (K.McKinstry).,3,8,LV 37,63,0,New Orleans Saints,Las Vegas Raiders,13,13,65.4,34.6,198.0,120.0,318.0,213.0,84.0,297.0,game,Total,Over,,61.5,betfair,-115,—,—,,26.0,,miss,,,,—,,
2026-09-27T23:05:13.230254+00:00,nfl,2026,3,401872961,4018729611978,2,1:10,(Shotgun) K.Cousins pass short right to B.Bowers pushed ob at LV 48 for 11 yards (K.McKinstry).,3,8,LV 37,63,0,New Orleans Saints,Las Vegas Raiders,13,13,65.4,34.6,198.0,120.0,318.0,213.0,84.0,297.0,game,Total,Under,,61.5,betfair,100,—,—,,26.0,,hit,,,,—,,
2026-09-27T23:05:13.230254+00:00,nfl,2026,3,401872961,4018729611978,2,1:10,(Shotgun) K.Cousins pass short right to B.Bowers pushed ob at LV 48 for 11 yards (K.McKinstry).,3,8,LV 37,63,0,New Orleans Saints,Las Vegas Raiders,13,13,65.4,34.6,198.0,120.0,318.0,213.0,84.0,297.0,game,ML,New Orleans Saints,,,bet365,-185,—,—,,Loss,,miss,,,,—,,
2026-09-27T23:05:13.230254+00:00,nfl,2026,3,401872961,4018729612008,2,1:05,"(Shotgun) K.Cousins pass incomplete short left to B.Bowers.PENALTY on NO-Q.Riley, Illegal Contact, 5 yards, enforced at LV 48 - No Play.",1,10,LV 48,52,0,New Orleans Saints,Las Vegas Raiders,13,13,65.4,34.6,198.0,120.0,318.0,213.0,84.0,297.0,game,Spread,Las Vegas Raiders,,2.5,prophetx,103,—,—,,0,,hit,,,,—,,
2026-09-27T23:05:13.230254+00:00,nfl,2026,3,401872961,4018729612008,2,1:05,"(Shotgun) K.Cousins pass incomplete short left to B.Bowers.PENALTY on NO-Q.Riley, Illegal Contact, 5 yards, enforced at LV 48 - No Play.",1,10,LV 48,52,0,New Orleans Saints,Las Vegas Raiders,13,13,65.4,34.6,198.0,120.0,318.0,213.0,84.0,297.0,game,Spread,New Orleans Saints,,-2.5,bet365,-105,—,—,,0,,miss,,,,—,,
2026-09-27T23:05:13.230254+00:00,nfl,2026,3,401872961,4018729612008,2,1:05,"(Shotgun) K.Cousins pass incomplete short left to B.Bowers.PENALTY on NO-Q.Riley, Illegal Contact, 5 yards, enforced at LV 48 - No Play.",1,10,LV 48,52,0,New Orleans Saints,Las Vegas Raiders,13,13,65.4,34.6,198.0,120.0,318.0,213.0,84.0,297.0,game,Total,Over,,61.5,betfair,-115,—,—,,26.0,,miss,,,,—,,
2026-09-27T23:05:13.230254+00:00,nfl,2026,3,401872961,4018729612008,2,1:05,"(Shotgun) K.Cousins pass incomplete short left to B.Bowers.PENALTY on NO-Q.Riley, Illegal Contact, 5 yards, enforced at LV 48 - No Play.",1,10,LV 48,52,0,New Orleans Saints,Las Vegas Raiders,13,13,65.4,34.6,198.0,120.0,318.0,213.0,84.0,297.0,game,Total,Under,,61.5,betfair,100,—,—,,26.0,,hit,,,,—,,
2026-09-27T23:05:13.230254+00:00,nfl,2026,3,401872961,4018729612008,2,1:05,"(Shotgun) K.Cousins pass incomplete short left to B.Bowers.PENALTY on NO-Q.Riley, Illegal Contact, 5 yards, enforced at LV 48 - No Play.",1,10,LV 48,52,0,New Orleans Saints,Las Vegas Raiders,13,13,65.4,34.6,198.0,120.0,318.0,213.0,84.0,297.0,game,ML,New Orleans Saints,,,bet365,-185,—,—,,Loss,,miss,,,,—,,
2026-09-27T23:05:13.230254+00:00,nfl,2026,3,401872961,4018729612042,2,0:58,(Shotgun) K.Cousins pass short middle to T.Tucker to NO 36 for 11 yards (D.Stutsman).,1,10,NO 47,47,0,New Orleans Saints,Las Vegas Raiders,13,13,65.4,34.6,198.0,120.0,318.0,213.0,84.0,297.0,game,Spread,Las Vegas Raiders,,2.5,prophetx,103,—,—,,0,,hit,,,,—,,
2026-09-27T23:05:13.230254+00:00,nfl,2026,3,401872961,4018729612042,2,0:58,(Shotgun) K.Cousins pass short middle to T.Tucker to NO 36 for 11 yards (D.Stutsman).,1,10,NO 47,47,0,New Orleans Saints,Las Vegas Raiders,13,13,65.4,34.6,198.0,120.0,318.0,213.0,84.0,297.0,game,Spread,New Orleans Saints,,-2.5,bet365,-105,—,—,,0,,miss,,,,—,,
2026-09-27T23:05:13.230254+00:00,nfl,2026,3,401872961,4018729612042,2,0:58,(Shotgun) K.Cousins pass short middle to T.Tucker to NO 36 for 11 yards (D.Stutsman).,1,10,NO 47,47,0,New Orleans Saints,Las Vegas Raiders,13,13,65.4,34.6,198.0,120.0,318.0,213.0,84.0,297.0,game,Total,Over,,61.5,betfair,-115,—,—,,26.0,,miss,,,,—,,
2026-09-27T23:05:13.230254+00:00,nfl,2026,3,401872961,4018729612042,2,0:58,(Shotgun) K.Cousins pass short middle to T.Tucker to NO 36 for 11 yards (D.Stutsman).,1,10,NO 47,47,0,New Orleans Saints,Las Vegas Raiders,13,13,65.4,34.6,198.0,120.0,318.0,213.0,84.0,297.0,game,Total,Under,,61.5,betfair,100,—,—,,26.0,,hit,,,,—,,
2026-09-27T23:05:13.230254+00:00,nfl,2026,3,401872961,4018729612042,2,0:58,(Shotgun) K.Cousins pass short middle to T.Tucker to NO 36 for 11 yards (D.Stutsman).,1,10,NO 47,47,0,New Orleans Saints,Las Vegas Raiders,13,13,65.4,34.6,198.0,120.0,318.0,213.0,84.0,297.0,game,ML,New Orleans Saints,,,bet365,-185,—,—,,Loss,,miss,,,,—,,
2026-09-27T23:05:13.230254+00:00,nfl,2026,3,401872961,4018729612067,2,0:38,"(No Huddle, Shotgun) K.Cousins pass short middle to A.Jeanty to NO 25 for 11 yards (K.Elliss).",1,10,NO 36,36,0,New Orleans Saints,Las Vegas Raiders,13,13,65.4,34.6,198.0,120.0,318.0,213.0,84.0,297.0,game,Spread,Las Vegas Raiders,,2.5,prophetx,103,—,—,,0,,hit,,,,—,,
2026-09-27T23:05:13.230254+00:00,nfl,2026,3,401872961,4018729612067,2,0:38,"(No Huddle, Shotgun) K.Cousins pass short middle to A.Jeanty to NO 25 for 11 yards (K.Elliss).",1,10,NO 36,36,0,New Orleans Saints,Las Vegas Raiders,13,13,65.4,34.6,198.0,120.0,318.0,213.0,84.0,297.0,game,Spread,New Orleans Saints,,-2.5,bet365,-105,—,—,,0,,miss,,,,—,,
2026-09-27T23:05:13.230254+00:00,nfl,2026,3,401872961,4018729612067,2,0:38,"(No Huddle, Shotgun) K.Cousins pass short middle to A.Jeanty to NO 25 for 11 yards (K.Elliss).",1,10,NO 36,36,0,New Orleans Saints,Las Vegas Raiders,13,13,65.4,34.6,198.0,120.0,318.0,213.0,84.0,297.0,game,Total,Over,,61.5,betfair,-115,—,—,,26.0,,miss,,,,—,,
2026-09-27T23:05:13.230254+00:00,nfl,2026,3,401872961,4018729612067,2,0:38,"(No Huddle, Shotgun) K.Cousins pass short middle to A.Jeanty to NO 25 for 11 yards (K.Elliss).",1,10,NO 36,36,0,New Orleans Saints,Las Vegas Raiders,13,13,65.4,34.6,198.0,120.0,318.0,213.0,84.0,297.0,game,Total,Under,,61.5,betfair,100,—,—,,26.0,,hit,,,,—,,
2026-09-27T23:05:13.230254+00:00,nfl,2026,3,401872961,4018729612067,2,0:38,"(No Huddle, Shotgun) K.Cousins pass short middle to A.Jeanty to NO 25 for 11 yards (K.Elliss).",1,10,NO 36,36,0,New Orleans Saints,Las Vegas Raiders,13,13,65.4,34.6,198.0,120.0,318.0,213.0,84.0,297.0,game,ML,New Orleans Saints,,,bet365,-185,—,—,,Loss,,miss,,,,—,,
2026-09-27T23:05:13.230254+00:00,nfl,2026,3,401872961,4018729612080,2,0:30,Timeout #1 by LV at 00:30.,1,10,NO 25,25,0,New Orleans Saints,Las Vegas Raiders,13,13,65.4,34.6,198.0,120.0,318.0,213.0,84.0,297.0,game,Spread,Las Vegas Raiders,,2.5,prophetx,103,—,—,,0,,hit,,,,—,,
2026-09-27T23:05:13.230254+00:00,nfl,2026,3,401872961,4018729612080,2,0:30,Timeout #1 by LV at 00:30.,1,10,NO 25,25,0,New Orleans Saints,Las Vegas Raiders,13,13,65.4,34.6,198.0,120.0,318.0,213.0,84.0,297.0,game,Spread,New Orleans Saints,,-2.5,bet365,-105,—,—,,0,,miss,,,,—,,
2026-09-27T23:05:13.230254+00:00,nfl,2026,3,401872961,4018729612080,2,0:30,Timeout #1 by LV at 00:30.,1,10,NO 25,25,0,New Orleans Saints,Las Vegas Raiders,13,13,65.4,34.6,198.0,120.0,318.0,213.0,84.0,297.0,game,Total,Over,,61.5,betfair,-115,—,—,,26.0,,miss,,,,—,,
2026-09-27T23:05:13.230254+00:00,nfl,2026,3,401872961,4018729612080,2,0:30,Timeout #1 by LV at 00:30.,1,10,NO 25,25,0,New Orleans Saints,Las Vegas Raiders,13,13,65.4,34.6,198.0,120.0,318.0,213.0,84.0,297.0,game,Total,Under,,61.5,betfair,100,—,—,,26.0,,hit,,,,—,,
2026-09-27T23:05:13.230254+00:00,nfl,2026,3,401872961,4018729612080,2,0:30,Timeout #1 by LV at 00:30.,1,10,NO 25,25,0,New Orleans Saints,Las Vegas Raiders,13,13,65.4,34.6,198.0,120.0,318.0,213.0,84.0,297.0,game,ML,New Orleans Saints,,,bet365,-185,—,—,,Loss,,miss,,,,—,,
2026-09-27T23:05:13.230254+00:00,nfl,2026,3,401872961,4018729612092,2,0:30,(Shotgun) K.Cousins sacked at NO 34 for -9 yards (K.Boyd).,1,10,NO 25,25,0,New Orleans Saints,Las Vegas Raiders,13,13,65.4,34.6,198.0,120.0,318.0,213.0,84.0,297.0,game,Spread,Las Vegas Raiders,,2.5,prophetx,103,—,—,,0,,hit,,,,—,,
2026-09-27T23:05:13.230254+00:00,nfl,2026,3,401872961,4018729612092,2,0:30,(Shotgun) K.Cousins sacked at NO 34 for -9 yards (K.Boyd).,1,10,NO 25,25,0,New Orleans Saints,Las Vegas Raiders,13,13,65.4,34.6,198.0,120.0,318.0,213.0,84.0,297.0,game,Spread,New Orleans Saints,,-2.5,bet365,-105,—,—,,0,,miss,,,,—,,
2026-09-27T23:05:13.230254+00:00,nfl,2026,3,401872961,4018729612092,2,0:30,(Shotgun) K.Cousins sacked at NO 34 for -9 yards (K.Boyd).,1,10,NO 25,25,0,New Orleans Saints,Las Vegas Raiders,13,13,65.4,34.6,198.0,120.0,318.0,213.0,84.0,297.0,game,Total,Over,,61.5,betfair,-115,—,—,,26.0,,miss,,,,—,,
2026-09-27T23:05:13.230254+00:00,nfl,2026,3,401872961,4018729612092,2,0:30,(Shotgun) K.Cousins sacked at NO 34 for -9 yards (K.Boyd).,1,10,NO 25,25,0,New Orleans Saints,Las Vegas Raiders,13,13,65.4,34.6,198.0,120.0,318.0,213.0,84.0,297.0,game,Total,Under,,61.5,betfair,100,—,—,,26.0,,hit,,,,—,,
2026-09-27T23:05:13.230254+00:00,nfl,2026,3,401872961,4018729612092,2,0:30,(Shotgun) K.Cousins sacked at NO 34 for -9 yards (K.Boyd).,1,10,NO 25,25,0,New Orleans Saints,Las Vegas Raiders,13,13,65.4,34.6,198.0,120.0,318.0,213.0,84.0,297.0,game,ML,New Orleans Saints,,,bet365,-185,—,—,,Loss,,miss,,,,—,,
2026-09-27T23:05:13.230254+00:00,nfl,2026,3,401872961,4018729612106,2,0:24,Timeout #2 by LV at 00:24.,2,21,NO 36,36,0,New Orleans Saints,Las Vegas Raiders,13,13,65.4,34.6,198.0,120.0,318.0,213.0,84.0,297.0,game,Spread,Las Vegas Raiders,,2.5,prophetx,103,—,—,,0,,hit,,,,—,,
2026-09-27T23:05:13.230254+00:00,nfl,2026,3,401872961,4018729612106,2,0:24,Timeout #2 by LV at 00:24.,2,21,NO 36,36,0,New Orleans Saints,Las Vegas Raiders,13,13,65.4,34.6,198.0,120.0,318.0,213.0,84.0,297.0,game,Spread,New Orleans Saints,,-2.5,bet365,-105,—,—,,0,,miss,,,,—,,
2026-09-27T23:05:13.230254+00:00,nfl,2026,3,401872961,4018729612106,2,0:24,Timeout #2 by LV at 00:24.,2,21,NO 36,36,0,New Orleans Saints,Las Vegas Raiders,13,13,65.4,34.6,198.0,120.0,318.0,213.0,84.0,297.0,game,Total,Over,,61.5,betfair,-115,—,—,,26.0,,miss,,,,—,,
2026-09-27T23:05:13.230254+00:00,nfl,2026,3,401872961,4018729612106,2,0:24,Timeout #2 by LV at 00:24.,2,21,NO 36,36,0,New Orleans Saints,Las Vegas Raiders,13,13,65.4,34.6,198.0,120.0,318.0,213.0,84.0,297.0,game,Total,Under,,61.5,betfair,100,—,—,,26.0,,hit,,,,—,,
2026-09-27T23:05:13.230254+00:00,nfl,2026,3,401872961,4018729612106,2,0:24,Timeout #2 by LV at 00:24.,2,21,NO 36,36,0,New Orleans Saints,Las Vegas Raiders,13,13,65.4,34.6,198.0,120.0,318.0,213.0,84.0,297.0,game,ML,New Orleans Saints,,,bet365,-185,—,—,,Loss,,miss,,,,—,,
2026-09-27T23:05:13.230254+00:00,nfl,2026,3,401872961,4018729612119,2,0:24,(Shotgun) K.Cousins scrambles up the middle to NO 29 for 5 yards (D.Stutsman).,2,19,NO 34,34,0,New Orleans Saints,Las Vegas Raiders,13,13,65.4,34.6,198.0,120.0,318.0,213.0,84.0,297.0,game,Spread,Las Vegas Raiders,,2.5,prophetx,103,—,—,,0,,hit,,,,—,,
2026-09-27T23:05:13.230254+00:00,nfl,2026,3,401872961,4018729612119,2,0:24,(Shotgun) K.Cousins scrambles up the middle to NO 29 for 5 yards (D.Stutsman).,2,19,NO 34,34,0,New Orleans Saints,Las Vegas Raiders,13,13,65.4,34.6,198.0,120.0,318.0,213.0,84.0,297.0,game,Spread,New Orleans Saints,,-2.5,bet365,-105,—,—,,0,,miss,,,,—,,
2026-09-27T23:05:13.230254+00:00,nfl,2026,3,401872961,4018729612119,2,0:24,(Shotgun) K.Cousins scrambles up the middle to NO 29 for 5 yards (D.Stutsman).,2,19,NO 34,34,0,New Orleans Saints,Las Vegas Raiders,13,13,65.4,34.6,198.0,120.0,318.0,213.0,84.0,297.0,game,Total,Over,,61.5,betfair,-115,—,—,,26.0,,miss,,,,—,,
2026-09-27T23:05:13.230254+00:00,nfl,2026,3,401872961,4018729612119,2,0:24,(Shotgun) K.Cousins scrambles up the middle to NO 29 for 5 yards (D.Stutsman).,2,19,NO 34,34,0,New Orleans Saints,Las Vegas Raiders,13,13,65.4,34.6,198.0,120.0,318.0,213.0,84.0,297.0,game,Total,Under,,61.5,betfair,100,—,—,,26.0,,hit,,,,—,,
2026-09-27T23:05:13.230254+00:00,nfl,2026,3,401872961,4018729612119,2,0:24,(Shotgun) K.Cousins scrambles up the middle to NO 29 for 5 yards (D.Stutsman).,2,19,NO 34,34,0,New Orleans Saints,Las Vegas Raiders,13,13,65.4,34.6,198.0,120.0,318.0,213.0,84.0,297.0,game,ML,New Orleans Saints,,,bet365,-185,—,—,,Loss,,miss,,,,—,,
2026-09-27T23:05:13.230254+00:00,nfl,2026,3,401872961,4018729612134,2,0:19,Timeout #3 by LV at 00:19.,3,14,NO 29,29,0,New Orleans Saints,Las Vegas Raiders,13,13,65.4,34.6,198.0,120.0,318.0,213.0,84.0,297.0,game,Spread,Las Vegas Raiders,,2.5,prophetx,103,—,—,,0,,hit,,,,—,,
2026-09-27T23:05:13.230254+00:00,nfl,2026,3,401872961,4018729612134,2,0:19,Timeout #3 by LV at 00:19.,3,14,NO 29,29,0,New Orleans Saints,Las Vegas Raiders,13,13,65.4,34.6,198.0,120.0,318.0,213.0,84.0,297.0,game,Spread,New Orleans Saints,,-2.5,bet365,-105,—,—,,0,,miss,,,,—,,
2026-09-27T23:05:13.230254+00:00,nfl,2026,3,401872961,4018729612134,2,0:19,Timeout #3 by LV at 00:19.,3,14,NO 29,29,0,New Orleans Saints,Las Vegas Raiders,13,13,65.4,34.6,198.0,120.0,318.0,213.0,84.0,297.0,game,Total,Over,,61.5,betfair,-115,—,—,,26.0,,miss,,,,—,,
2026-09-27T23:05:13.230254+00:00,nfl,2026,3,401872961,4018729612134,2,0:19,Timeout #3 by LV at 00:19.,3,14,NO 29,29,0,New Orleans Saints,Las Vegas Raiders,13,13,65.4,34.6,198.0,120.0,318.0,213.0,84.0,297.0,game,Total,Under,,61.5,betfair,100,—,—,,26.0,,hit,,,,—,,
2026-09-27T23:05:13.230254+00:00,nfl,2026,3,401872961,4018729612134,2,0:19,Timeout #3 by LV at 00:19.,3,14,NO 29,29,0,New Orleans Saints,Las Vegas Raiders,13,13,65.4,34.6,198.0,120.0,318.0,213.0,84.0,297.0,game,ML,New Orleans Saints,,,bet365,-185,—,—,,Loss,,miss,,,,—,,
2026-09-27T23:05:13.230254+00:00,nfl,2026,3,401872961,4018729612141,2,0:19,Timeout #1 by NO at 00:19.,3,14,NO 29,29,0,New Orleans Saints,Las Vegas Raiders,13,13,65.4,34.6,198.0,120.0,318.0,213.0,84.0,297.0,game,Spread,Las Vegas Raiders,,2.5,prophetx,103,—,—,,0,,hit,,,,—,,
2026-09-27T23:05:13.230254+00:00,nfl,2026,3,401872961,4018729612141,2,0:19,Timeout #1 by NO at 00:19.,3,14,NO 29,29,0,New Orleans Saints,Las Vegas Raiders,13,13,65.4,34.6,198.0,120.0,318.0,213.0,84.0,297.0,game,Spread,New Orleans Saints,,-2.5,bet365,-105,—,—,,0,,miss,,,,—,,
2026-09-27T23:05:13.230254+00:00,nfl,2026,3,401872961,4018729612141,2,0:19,Timeout #1 by NO at 00:19.,3,14,NO 29,29,0,New Orleans Saints,Las Vegas Raiders,13,13,65.4,34.6,198.0,120.0,318.0,213.0,84.0,297.0,game,Total,Over,,61.5,betfair,-115,—,—,,26.0,,miss,,,,—,,
2026-09-27T23:05:13.230254+00:00,nfl,2026,3,401872961,4018729612141,2,0:19,Timeout #1 by NO at 00:19.,3,14,NO 29,29,0,New Orleans Saints,Las Vegas Raiders,13,13,65.4,34.6,198.0,120.0,318.0,213.0,84.0,297.0,game,Total,Under,,61.5,betfair,100,—,—,,26.0,,hit,,,,—,,
2026-09-27T23:05:13.230254+00:00,nfl,2026,3,401872961,4018729612141,2,0:19,Timeout #1 by NO at 00:19.,3,14,NO 29,29,0,New Orleans Saints,Las Vegas Raiders,13,13,65.4,34.6,198.0,120.0,318.0,213.0,84.0,297.0,game,ML,New Orleans Saints,,,bet365,-185,—,—,,Loss,,miss,,,,—,,
2026-09-27T23:05:13.230254+00:00,nfl,2026,3,401872961,4018729612148,2,0:19,"(Shotgun) K.Cousins pass short left to B.Bowers pushed ob at NO 14 for 15 yards (J.Sanker).The Replay Official reviewed the pass completion ruling, and the play was Upheld. The ruling on the field stands.",3,14,NO 29,29,0,New Orleans Saints,Las Vegas Raiders,13,13,65.4,34.6,198.0,120.0,318.0,213.0,84.0,297.0,game,Spread,Las Vegas Raiders,,2.5,prophetx,103,—,—,,0,,hit,,,,—,,
2026-09-27T23:05:13.230254+00:00,nfl,2026,3,401872961,4018729612148,2,0:19,"(Shotgun) K.Cousins pass short left to B.Bowers pushed ob at NO 14 for 15 yards (J.Sanker).The Replay Official reviewed the pass completion ruling, and the play was Upheld. The ruling on the field stands.",3,14,NO 29,29,0,New Orleans Saints,Las Vegas Raiders,13,13,65.4,34.6,198.0,120.0,318.0,213.0,84.0,297.0,game,Spread,New Orleans Saints,,-2.5,bet365,-105,—,—,,0,,miss,,,,—,,
2026-09-27T23:05:13.230254+00:00,nfl,2026,3,401872961,4018729612148,2,0:19,"(Shotgun) K.Cousins pass short left to B.Bowers pushed ob at NO 14 for 15 yards (J.Sanker).The Replay Official reviewed the pass completion ruling, and the play was Upheld. The ruling on the field stands.",3,14,NO 29,29,0,New Orleans Saints,Las Vegas Raiders,13,13,65.4,34.6,198.0,120.0,318.0,213.0,84.0,297.0,game,Total,Over,,61.5,betfair,-115,—,—,,26.0,,miss,,,,—,,
2026-09-27T23:05:13.230254+00:00,nfl,2026,3,401872961,4018729612148,2,0:19,"(Shotgun) K.Cousins pass short left to B.Bowers pushed ob at NO 14 for 15 yards (J.Sanker).The Replay Official reviewed the pass completion ruling, and the play was Upheld. The ruling on the field stands.",3,14,NO 29,29,0,New Orleans Saints,Las Vegas Raiders,13,13,65.4,34.6,198.0,120.0,318.0,213.0,84.0,297.0,game,Total,Under,,61.5,betfair,100,—,—,,26.0,,hit,,,,—,,
2026-09-27T23:05:13.230254+00:00,nfl,2026,3,401872961,4018729612148,2,0:19,"(Shotgun) K.Cousins pass short left to B.Bowers pushed ob at NO 14 for 15 yards (J.Sanker).The Replay Official reviewed the pass completion ruling, and the play was Upheld. The ruling on the field stands.",3,14,NO 29,29,0,New Orleans Saints,Las Vegas Raiders,13,13,65.4,34.6,198.0,120.0,318.0,213.0,84.0,297.0,game,ML,New Orleans Saints,,,bet365,-185,—,—,,Loss,,miss,,,,—,,
2026-09-27T23:05:13.230254+00:00,nfl,2026,3,401872961,4018729612192,2,0:14,"(Shotgun) K.Cousins pass incomplete short middle to J.Bech.PENALTY on NO-J.Reid, Unnecessary Roughness, 7 yards, enforced at NO 14 - No Play.",1,10,NO 14,14,0,New Orleans Saints,Las Vegas Raiders,13,13,65.4,34.6,198.0,120.0,318.0,213.0,84.0,297.0,game,Spread,Las Vegas Raiders,,2.5,prophetx,103,—,—,,0,,hit,,,,—,,
2026-09-27T23:05:13.230254+00:00,nfl,2026,3,401872961,4018729612192,2,0:14,"(Shotgun) K.Cousins pass incomplete short middle to J.Bech.PENALTY on NO-J.Reid, Unnecessary Roughness, 7 yards, enforced at NO 14 - No Play.",1,10,NO 14,14,0,New Orleans Saints,Las Vegas Raiders,13,13,65.4,34.6,198.0,120.0,318.0,213.0,84.0,297.0,game,Spread,New Orleans Saints,,-2.5,bet365,-105,—,—,,0,,miss,,,,—,,
2026-09-27T23:05:13.230254+00:00,nfl,2026,3,401872961,4018729612192,2,0:14,"(Shotgun) K.Cousins pass incomplete short middle to J.Bech.PENALTY on NO-J.Reid, Unnecessary Roughness, 7 yards, enforced at NO 14 - No Play.",1,10,NO 14,14,0,New Orleans Saints,Las Vegas Raiders,13,13,65.4,34.6,198.0,120.0,318.0,213.0,84.0,297.0,game,Total,Over,,61.5,betfair,-115,—,—,,26.0,,miss,,,,—,,
2026-09-27T23:05:13.230254+00:00,nfl,2026,3,401872961,4018729612192,2,0:14,"(Shotgun) K.Cousins pass incomplete short middle to J.Bech.PENALTY on NO-J.Reid, Unnecessary Roughness, 7 yards, enforced at NO 14 - No Play.",1,10,NO 14,14,0,New Orleans Saints,Las Vegas Raiders,13,13,65.4,34.6,198.0,120.0,318.0,213.0,84.0,297.0,game,Total,Under,,61.5,betfair,100,—,—,,26.0,,hit,,,,—,,
2026-09-27T23:05:13.230254+00:00,nfl,2026,3,401872961,4018729612192,2,0:14,"(Shotgun) K.Cousins pass incomplete short middle to J.Bech.PENALTY on NO-J.Reid, Unnecessary Roughness, 7 yards, enforced at NO 14 - No Play.",1,10,NO 14,14,0,New Orleans Saints,Las Vegas Raiders,13,13,65.4,34.6,198.0,120.0,318.0,213.0,84.0,297.0,game,ML,New Orleans Saints,,,bet365,-185,—,—,,Loss,,miss,,,,—,,
2026-09-27T23:05:13.230254+00:00,nfl,2026,3,401872961,4018729612266,2,0:11,(Shotgun) K.Cousins pass incomplete short left.,1,7,NO 7,7,0,New Orleans Saints,Las Vegas Raiders,13,13,65.4,34.6,198.0,120.0,318.0,213.0,84.0,297.0,game,Spread,Las Vegas Raiders,,2.5,prophetx,103,—,—,,0,,hit,,,,—,,
2026-09-27T23:05:13.230254+00:00,nfl,2026,3,401872961,4018729612266,2,0:11,(Shotgun) K.Cousins pass incomplete short left.,1,7,NO 7,7,0,New Orleans Saints,Las Vegas Raiders,13,13,65.4,34.6,198.0,120.0,318.0,213.0,84.0,297.0,game,Spread,New Orleans Saints,,-2.5,bet365,-105,—,—,,0,,miss,,,,—,,
2026-09-27T23:05:13.230254+00:00,nfl,2026,3,401872961,4018729612266,2,0:11,(Shotgun) K.Cousins pass incomplete short left.,1,7,NO 7,7,0,New Orleans Saints,Las Vegas Raiders,13,13,65.4,34.6,198.0,120.0,318.0,213.0,84.0,297.0,game,Total,Over,,61.5,betfair,-115,—,—,,26.0,,miss,,,,—,,
2026-09-27T23:05:13.230254+00:00,nfl,2026,3,401872961,4018729612266,2,0:11,(Shotgun) K.Cousins pass incomplete short left.,1,7,NO 7,7,0,New Orleans Saints,Las Vegas Raiders,13,13,65.4,34.6,198.0,120.0,318.0,213.0,84.0,297.0,game,Total,Under,,61.5,betfair,100,—,—,,26.0,,hit,,,,—,,
2026-09-27T23:05:13.230254+00:00,nfl,2026,3,401872961,4018729612266,2,0:11,(Shotgun) K.Cousins pass incomplete short left.,1,7,NO 7,7,0,New Orleans Saints,Las Vegas Raiders,13,13,65.4,34.6,198.0,120.0,318.0,213.0,84.0,297.0,game,ML,New Orleans Saints,,,bet365,-185,—,—,,Loss,,miss,,,,—,,
2026-09-27T23:05:13.230254+00:00,nfl,2026,3,401872961,4018729612289,2,0:07,(Shotgun) K.Cousins pass incomplete short left to B.Bowers.,2,7,NO 7,7,0,New Orleans Saints,Las Vegas Raiders,13,13,65.4,34.6,198.0,120.0,318.0,213.0,84.0,297.0,game,Spread,Las Vegas Raiders,,2.5,prophetx,103,—,—,,0,,hit,,,,—,,
2026-09-27T23:05:13.230254+00:00,nfl,2026,3,401872961,4018729612289,2,0:07,(Shotgun) K.Cousins pass incomplete short left to B.Bowers.,2,7,NO 7,7,0,New Orleans Saints,Las Vegas Raiders,13,13,65.4,34.6,198.0,120.0,318.0,213.0,84.0,297.0,game,Spread,New Orleans Saints,,-2.5,bet365,-105,—,—,,0,,miss,,,,—,,
2026-09-27T23:05:13.230254+00:00,nfl,2026,3,401872961,4018729612289,2,0:07,(Shotgun) K.Cousins pass incomplete short left to B.Bowers.,2,7,NO 7,7,0,New Orleans Saints,Las Vegas Raiders,13,13,65.4,34.6,198.0,120.0,318.0,213.0,84.0,297.0,game,Total,Over,,61.5,betfair,-115,—,—,,26.0,,miss,,,,—,,
2026-09-27T23:05:13.230254+00:00,nfl,2026,3,401872961,4018729612289,2,0:07,(Shotgun) K.Cousins pass incomplete short left to B.Bowers.,2,7,NO 7,7,0,New Orleans Saints,Las Vegas Raiders,13,13,65.4,34.6,198.0,120.0,318.0,213.0,84.0,297.0,game,Total,Under,,61.5,betfair,100,—,—,,26.0,,hit,,,,—,,
2026-09-27T23:05:13.230254+00:00,nfl,2026,3,401872961,4018729612289,2,0:07,(Shotgun) K.Cousins pass incomplete short left to B.Bowers.,2,7,NO 7,7,0,New Orleans Saints,Las Vegas Raiders,13,13,65.4,34.6,198.0,120.0,318.0,213.0,84.0,297.0,game,ML,New Orleans Saints,,,bet365,-185,—,—,,Loss,,miss,,,,—,,
2026-09-27T23:05:13.230254+00:00,nfl,2026,3,401872961,4018729612301,2,0:04,Timeout #2 by NO at 00:04.,3,7,NO 7,7,0,New Orleans Saints,Las Vegas Raiders,13,13,65.4,34.6,198.0,120.0,318.0,213.0,84.0,297.0,game,Spread,Las Vegas Raiders,,2.5,prophetx,103,—,—,,0,,hit,,,,—,,
2026-09-27T23:05:13.230254+00:00,nfl,2026,3,401872961,4018729612301,2,0:04,Timeout #2 by NO at 00:04.,3,7,NO 7,7,0,New Orleans Saints,Las Vegas Raiders,13,13,65.4,34.6,198.0,120.0,318.0,213.0,84.0,297.0,game,Spread,New Orleans Saints,,-2.5,bet365,-105,—,—,,0,,miss,,,,—,,
2026-09-27T23:05:13.230254+00:00,nfl,2026,3,401872961,4018729612301,2,0:04,Timeout #2 by NO at 00:04.,3,7,NO 7,7,0,New Orleans Saints,Las Vegas Raiders,13,13,65.4,34.6,198.0,120.0,318.0,213.0,84.0,297.0,game,Total,Over,,61.5,betfair,-115,—,—,,26.0,,miss,,,,—,,
2026-09-27T23:05:13.230254+00:00,nfl,2026,3,401872961,4018729612301,2,0:04,Timeout #2 by NO at 00:04.,3,7,NO 7,7,0,New Orleans Saints,Las Vegas Raiders,13,13,65.4,34.6,198.0,120.0,318.0,213.0,84.0,297.0,game,Total,Under,,61.5,betfair,100,—,—,,26.0,,hit,,,,—,,
2026-09-27T23:05:13.230254+00:00,nfl,2026,3,401872961,4018729612301,2,0:04,Timeout #2 by NO at 00:04.,3,7,NO 7,7,0,New Orleans Saints,Las Vegas Raiders,13,13,65.4,34.6,198.0,120.0,318.0,213.0,84.0,297.0,game,ML,New Orleans Saints,,,bet365,-185,—,—,,Loss,,miss,,,,—,,
2026-09-27T23:05:13.230254+00:00,nfl,2026,3,401872961,4018729612312,2,0:00,"M.Gay 25 yard field goal is GOOD, Center-A.Ward, Holder-A.Cole.",3,7,NO 7,7,-3,New Orleans Saints,Las Vegas Raiders,13,16,65.4,34.6,198.0,120.0,318.0,213.0,84.0,297.0,game,Spread,Las Vegas Raiders,,2.5,prophetx,103,—,—,,-3,,hit,,,,—,,
2026-09-27T23:05:13.230254+00:00,nfl,2026,3,401872961,4018729612312,2,0:00,"M.Gay 25 yard field goal is GOOD, Center-A.Ward, Holder-A.Cole.",3,7,NO 7,7,-3,New Orleans Saints,Las Vegas Raiders,13,16,65.4,34.6,198.0,120.0,318.0,213.0,84.0,297.0,game,Spread,New Orleans Saints,,-2.5,bet365,-105,—,—,,-3,,miss,,,,—,,
2026-09-27T23:05:13.230254+00:00,nfl,2026,3,401872961,4018729612312,2,0:00,"M.Gay 25 yard field goal is GOOD, Center-A.Ward, Holder-A.Cole.",3,7,NO 7,7,-3,New Orleans Saints,Las Vegas Raiders,13,16,65.4,34.6,198.0,120.0,318.0,213.0,84.0,297.0,game,Total,Over,,61.5,betfair,-115,—,—,,29.0,,miss,,,,—,,
2026-09-27T23:05:13.230254+00:00,nfl,2026,3,401872961,4018729612312,2,0:00,"M.Gay 25 yard field goal is GOOD, Center-A.Ward, Holder-A.Cole.",3,7,NO 7,7,-3,New Orleans Saints,Las Vegas Raiders,13,16,65.4,34.6,198.0,120.0,318.0,213.0,84.0,297.0,game,Total,Under,,61.5,betfair,100,—,—,,29.0,,hit,,,,—,,
2026-09-27T23:05:13.230254+00:00,nfl,2026,3,401872961,4018729612312,2,0:00,"M.Gay 25 yard field goal is GOOD, Center-A.Ward, Holder-A.Cole.",3,7,NO 7,7,-3,New Orleans Saints,Las Vegas Raiders,13,16,65.4,34.6,198.0,120.0,318.0,213.0,84.0,297.0,game,ML,New Orleans Saints,,,bet365,-185,—,—,,Loss,,miss,,,,—,,
2026-09-27T23:05:13.230254+00:00,nfl,2026,3,401872961,4018729612339,2,0:00,END QUARTER 2,1,10,NO 33,65,-3,New Orleans Saints,Las Vegas Raiders,13,16,65.4,34.6,198.0,120.0,318.0,213.0,84.0,297.0,game,Spread,Las Vegas Raiders,,2.5,prophetx,103,—,—,,-3,,hit,,,,—,,
2026-09-27T23:05:13.230254+00:00,nfl,2026,3,401872961,4018729612339,2,0:00,END QUARTER 2,1,10,NO 33,65,-3,New Orleans Saints,Las Vegas Raiders,13,16,65.4,34.6,198.0,120.0,318.0,213.0,84.0,297.0,game,Spread,New Orleans Saints,,-2.5,bet365,-105,—,—,,-3,,miss,,,,—,,
2026-09-27T23:05:13.230254+00:00,nfl,2026,3,401872961,4018729612339,2,0:00,END QUARTER 2,1,10,NO 33,65,-3,New Orleans Saints,Las Vegas Raiders,13,16,65.4,34.6,198.0,120.0,318.0,213.0,84.0,297.0,game,Total,Over,,61.5,betfair,-115,—,—,,29.0,,miss,,,,—,,
2026-09-27T23:05:13.230254+00:00,nfl,2026,3,401872961,4018729612339,2,0:00,END QUARTER 2,1,10,NO 33,65,-3,New Orleans Saints,Las Vegas Raiders,13,16,65.4,34.6,198.0,120.0,318.0,213.0,84.0,297.0,game,Total,Under,,61.5,betfair,100,—,—,,29.0,,hit,,,,—,,
2026-09-27T23:05:13.230254+00:00,nfl,2026,3,401872961,4018729612339,2,0:00,END QUARTER 2,1,10,NO 33,65,-3,New Orleans Saints,Las Vegas Raiders,13,16,65.4,34.6,198.0,120.0,318.0,213.0,84.0,297.0,game,ML,New Orleans Saints,,,bet365,-185,—,—,,Loss,,miss,,,,—,,
2026-09-27T23:05:13.230254+00:00,nfl,2026,3,401872961,4018729612357,3,15:00,J.Reid kicks 60 yards from NO 35 to LV 5. D.Young to LV 37 for 32 yards (I.Stalbird).,1,10,NO 33,35,-3,New Orleans Saints,Las Vegas Raiders,13,16,65.4,34.6,198.0,120.0,318.0,213.0,84.0,297.0,game,Spread,Las Vegas Raiders,,2.5,prophetx,103,—,—,,-3,,hit,,,,—,,
2026-09-27T23:05:13.230254+00:00,nfl,2026,3,401872961,4018729612357,3,15:00,J.Reid kicks 60 yards from NO 35 to LV 5. D.Young to LV 37 for 32 yards (I.Stalbird).,1,10,NO 33,35,-3,New Orleans Saints,Las Vegas Raiders,13,16,65.4,34.6,198.0,120.0,318.0,213.0,84.0,297.0,game,Spread,New Orleans Saints,,-2.5,bet365,-105,—,—,,-3,,miss,,,,—,,
2026-09-27T23:05:13.230254+00:00,nfl,2026,3,401872961,4018729612357,3,15:00,J.Reid kicks 60 yards from NO 35 to LV 5. D.Young to LV 37 for 32 yards (I.Stalbird).,1,10,NO 33,35,-3,New Orleans Saints,Las Vegas Raiders,13,16,65.4,34.6,198.0,120.0,318.0,213.0,84.0,297.0,game,Total,Over,,61.5,betfair,-115,—,—,,29.0,,miss,,,,—,,
2026-09-27T23:05:13.230254+00:00,nfl,2026,3,401872961,4018729612357,3,15:00,J.Reid kicks 60 yards from NO 35 to LV 5. D.Young to LV 37 for 32 yards (I.Stalbird).,1,10,NO 33,35,-3,New Orleans Saints,Las Vegas Raiders,13,16,65.4,34.6,198.0,120.0,318.0,213.0,84.0,297.0,game,Total,Under,,61.5,betfair,100,—,—,,29.0,,hit,,,,—,,
2026-09-27T23:05:13.230254+00:00,nfl,2026,3,401872961,4018729612357,3,15:00,J.Reid kicks 60 yards from NO 35 to LV 5. D.Young to LV 37 for 32 yards (I.Stalbird).,1,10,NO 33,35,-3,New Orleans Saints,Las Vegas Raiders,13,16,65.4,34.6,198.0,120.0,318.0,213.0,84.0,297.0,game,ML,New Orleans Saints,,,bet365,-185,—,—,,Loss,,miss,,,,—,,
2026-09-27T23:05:13.230254+00:00,nfl,2026,3,401872961,4018729612380,3,14:55,A.Jeanty up the middle to LV 37 for no gain (D.Stutsman; D.Godchaux).,1,10,LV 37,63,-3,New Orleans Saints,Las Vegas Raiders,13,16,65.4,34.6,198.0,120.0,318.0,213.0,84.0,297.0,game,Spread,Las Vegas Raiders,,2.5,prophetx,103,—,—,,-3,,hit,,,,—,,
2026-09-27T23:05:13.230254+00:00,nfl,2026,3,401872961,4018729612380,3,14:55,A.Jeanty up the middle to LV 37 for no gain (D.Stutsman; D.Godchaux).,1,10,LV 37,63,-3,New Orleans Saints,Las Vegas Raiders,13,16,65.4,34.6,198.0,120.0,318.0,213.0,84.0,297.0,game,Spread,New Orleans Saints,,-2.5,bet365,-105,—,—,,-3,,miss,,,,—,,
2026-09-27T23:05:13.230254+00:00,nfl,2026,3,401872961,4018729612380,3,14:55,A.Jeanty up the middle to LV 37 for no gain (D.Stutsman; D.Godchaux).,1,10,LV 37,63,-3,New Orleans Saints,Las Vegas Raiders,13,16,65.4,34.6,198.0,120.0,318.0,213.0,84.0,297.0,game,Total,Over,,61.5,betfair,-115,—,—,,29.0,,miss,,,,—,,
2026-09-27T23:05:13.230254+00:00,nfl,2026,3,401872961,4018729612380,3,14:55,A.Jeanty up the middle to LV 37 for no gain (D.Stutsman; D.Godchaux).,1,10,LV 37,63,-3,New Orleans Saints,Las Vegas Raiders,13,16,65.4,34.6,198.0,120.0,318.0,213.0,84.0,297.0,game,Total,Under,,61.5,betfair,100,—,—,,29.0,,hit,,,,—,,
2026-09-27T23:05:13.230254+00:00,nfl,2026,3,401872961,4018729612380,3,14:55,A.Jeanty up the middle to LV 37 for no gain (D.Stutsman; D.Godchaux).,1,10,LV 37,63,-3,New Orleans Saints,Las Vegas Raiders,13,16,65.4,34.6,198.0,120.0,318.0,213.0,84.0,297.0,game,ML,New Orleans Saints,,,bet365,-185,—,—,,Loss,,miss,,,,—,,
2026-09-27T23:05:13.230254+00:00,nfl,2026,3,401872961,4018729612402,3,14:21,(Shotgun) K.Cousins pass short left to B.Bowers to LV 42 for 5 yards (Q.Riley; D.Stutsman).,2,10,LV 37,63,-3,New Orleans Saints,Las Vegas Raiders,13,16,65.4,34.6,198.0,120.0,318.0,213.0,84.0,297.0,game,Spread,Las Vegas Raiders,,2.5,prophetx,103,—,—,,-3,,hit,,,,—,,
2026-09-27T23:05:13.230254+00:00,nfl,2026,3,401872961,4018729612402,3,14:21,(Shotgun) K.Cousins pass short left to B.Bowers to LV 42 for 5 yards (Q.Riley; D.Stutsman).,2,10,LV 37,63,-3,New Orleans Saints,Las Vegas Raiders,13,16,65.4,34.6,198.0,120.0,318.0,213.0,84.0,297.0,game,Spread,New Orleans Saints,,-2.5,bet365,-105,—,—,,-3,,miss,,,,—,,
2026-09-27T23:05:13.230254+00:00,nfl,2026,3,401872961,4018729612402,3,14:21,(Shotgun) K.Cousins pass short left to B.Bowers to LV 42 for 5 yards (Q.Riley; D.Stutsman).,2,10,LV 37,63,-3,New Orleans Saints,Las Vegas Raiders,13,16,65.4,34.6,198.0,120.0,318.0,213.0,84.0,297.0,game,Total,Over,,61.5,betfair,-115,—,—,,29.0,,miss,,,,—,,
2026-09-27T23:05:13.230254+00:00,nfl,2026,3,401872961,4018729612402,3,14:21,(Shotgun) K.Cousins pass short left to B.Bowers to LV 42 for 5 yards (Q.Riley; D.Stutsman).,2,10,LV 37,63,-3,New Orleans Saints,Las Vegas Raiders,13,16,65.4,34.6,198.0,120.0,318.0,213.0,84.0,297.0,game,Total,Under,,61.5,betfair,100,—,—,,29.0,,hit,,,,—,,
2026-09-27T23:05:13.230254+00:00,nfl,2026,3,401872961,4018729612402,3,14:21,(Shotgun) K.Cousins pass short left to B.Bowers to LV 42 for 5 yards (Q.Riley; D.Stutsman).,2,10,LV 37,63,-3,New Orleans Saints,Las Vegas Raiders,13,16,65.4,34.6,198.0,120.0,318.0,213.0,84.0,297.0,game,ML,New Orleans Saints,,,bet365,-185,—,—,,Loss,,miss,,,,—,,
2026-09-27T23:05:13.230254+00:00,nfl,2026,3,401872961,4018729612427,3,13:41,(Shotgun) K.Cousins pass incomplete short middle to B.Bowers (A.Jennings).,3,5,LV 42,58,-3,New Orleans Saints,Las Vegas Raiders,13,16,65.4,34.6,198.0,120.0,318.0,213.0,84.0,297.0,game,Spread,Las Vegas Raiders,,2.5,prophetx,103,—,—,,-3,,hit,,,,—,,
2026-09-27T23:05:13.230254+00:00,nfl,2026,3,401872961,4018729612427,3,13:41,(Shotgun) K.Cousins pass incomplete short middle to B.Bowers (A.Jennings).,3,5,LV 42,58,-3,New Orleans Saints,Las Vegas Raiders,13,16,65.4,34.6,198.0,120.0,318.0,213.0,84.0,297.0,game,Spread,New Orleans Saints,,-2.5,bet365,-105,—,—,,-3,,miss,,,,—,,
2026-09-27T23:05:13.230254+00:00,nfl,2026,3,401872961,4018729612427,3,13:41,(Shotgun) K.Cousins pass incomplete short middle to B.Bowers (A.Jennings).,3,5,LV 42,58,-3,New Orleans Saints,Las Vegas Raiders,13,16,65.4,34.6,198.0,120.0,318.0,213.0,84.0,297.0,game,Total,Over,,61.5,betfair,-115,—,—,,29.0,,miss,,,,—,,
2026-09-27T23:05:13.230254+00:00,nfl,2026,3,401872961,4018729612427,3,13:41,(Shotgun) K.Cousins pass incomplete short middle to B.Bowers (A.Jennings).,3,5,LV 42,58,-3,New Orleans Saints,Las Vegas Raiders,13,16,65.4,34.6,198.0,120.0,318.0,213.0,84.0,297.0,game,Total,Under,,61.5,betfair,100,—,—,,29.0,,hit,,,,—,,
2026-09-27T23:05:13.230254+00:00,nfl,2026,3,401872961,4018729612427,3,13:41,(Shotgun) K.Cousins pass incomplete short middle to B.Bowers (A.Jennings).,3,5,LV 42,58,-3,New Orleans Saints,Las Vegas Raiders,13,16,65.4,34.6,198.0,120.0,318.0,213.0,84.0,297.0,game,ML,New Orleans Saints,,,bet365,-185,—,—,,Loss,,miss,,,,—,,
2026-09-27T23:05:13.230254+00:00,nfl,2026,3,401872961,4018729612450,3,13:37,"A.Cole punts 45 yards to NO 13, Center-A.Ward, fair catch by J.Price.",4,5,LV 42,58,-3,New Orleans Saints,Las Vegas Raiders,13,16,65.4,34.6,198.0,120.0,318.0,213.0,84.0,297.0,game,Spread,Las Vegas Raiders,,2.5,prophetx,103,—,—,,-3,,hit,,,,—,,
2026-09-27T23:05:13.230254+00:00,nfl,2026,3,401872961,4018729612450,3,13:37,"A.Cole punts 45 yards to NO 13, Center-A.Ward, fair catch by J.Price.",4,5,LV 42,58,-3,New Orleans Saints,Las Vegas Raiders,13,16,65.4,34.6,198.0,120.0,318.0,213.0,84.0,297.0,game,Spread,New Orleans Saints,,-2.5,bet365,-105,—,—,,-3,,miss,,,,—,,
2026-09-27T23:05:13.230254+00:00,nfl,2026,3,401872961,4018729612450,3,13:37,"A.Cole punts 45 yards to NO 13, Center-A.Ward, fair catch by J.Price.",4,5,LV 42,58,-3,New Orleans Saints,Las Vegas Raiders,13,16,65.4,34.6,198.0,120.0,318.0,213.0,84.0,297.0,game,Total,Over,,61.5,betfair,-115,—,—,,29.0,,miss,,,,—,,
2026-09-27T23:05:13.230254+00:00,nfl,2026,3,401872961,4018729612450,3,13:37,"A.Cole punts 45 yards to NO 13, Center-A.Ward, fair catch by J.Price.",4,5,LV 42,58,-3,New Orleans Saints,Las Vegas Raiders,13,16,65.4,34.6,198.0,120.0,318.0,213.0,84.0,297.0,game,Total,Under,,61.5,betfair,100,—,—,,29.0,,hit,,,,—,,
2026-09-27T23:05:13.230254+00:00,nfl,2026,3,401872961,4018729612450,3,13:37,"A.Cole punts 45 yards to NO 13, Center-A.Ward, fair catch by J.Price.",4,5,LV 42,58,-3,New Orleans Saints,Las Vegas Raiders,13,16,65.4,34.6,198.0,120.0,318.0,213.0,84.0,297.0,game,ML,New Orleans Saints,,,bet365,-185,—,—,,Loss,,miss,,,,—,,
2026-09-27T23:05:13.230254+00:00,nfl,2026,3,401872961,4018729612465,3,13:30,Official Timeout at 13:30.,1,10,NO 13,13,-3,New Orleans Saints,Las Vegas Raiders,13,16,65.4,34.6,198.0,120.0,318.0,213.0,84.0,297.0,game,Spread,Las Vegas Raiders,,2.5,prophetx,103,—,—,,-3,,hit,,,,—,,
2026-09-27T23:05:13.230254+00:00,nfl,2026,3,401872961,4018729612465,3,13:30,Official Timeout at 13:30.,1,10,NO 13,13,-3,New Orleans Saints,Las Vegas Raiders,13,16,65.4,34.6,198.0,120.0,318.0,213.0,84.0,297.0,game,Spread,New Orleans Saints,,-2.5,bet365,-105,—,—,,-3,,miss,,,,—,,
2026-09-27T23:05:13.230254+00:00,nfl,2026,3,401872961,4018729612465,3,13:30,Official Timeout at 13:30.,1,10,NO 13,13,-3,New Orleans Saints,Las Vegas Raiders,13,16,65.4,34.6,198.0,120.0,318.0,213.0,84.0,297.0,game,Total,Over,,61.5,betfair,-115,—,—,,29.0,,miss,,,,—,,
2026-09-27T23:05:13.230254+00:00,nfl,2026,3,401872961,4018729612465,3,13:30,Official Timeout at 13:30.,1,10,NO 13,13,-3,New Orleans Saints,Las Vegas Raiders,13,16,65.4,34.6,198.0,120.0,318.0,213.0,84.0,297.0,game,Total,Under,,61.5,betfair,100,—,—,,29.0,,hit,,,,—,,
2026-09-27T23:05:13.230254+00:00,nfl,2026,3,401872961,4018729612465,3,13:30,Official Timeout at 13:30.,1,10,NO 13,13,-3,New Orleans Saints,Las Vegas Raiders,13,16,65.4,34.6,198.0,120.0,318.0,213.0,84.0,297.0,game,ML,New Orleans Saints,,,bet365,-185,—,—,,Loss,,miss,,,,—,,
2026-09-27T23:05:13.230254+00:00,nfl,2026,3,401872961,4018729612470,3,13:30,T.Shough pass short right to D.Vele pushed ob at NO 24 for 11 yards (J.Chinn).,1,10,NO 13,13,-3,New Orleans Saints,Las Vegas Raiders,13,16,65.4,34.6,198.0,120.0,318.0,213.0,84.0,297.0,game,Spread,Las Vegas Raiders,,2.5,prophetx,103,—,—,,-3,,hit,,,,—,,
2026-09-27T23:05:13.230254+00:00,nfl,2026,3,401872961,4018729612470,3,13:30,T.Shough pass short right to D.Vele pushed ob at NO 24 for 11 yards (J.Chinn).,1,10,NO 13,13,-3,New Orleans Saints,Las Vegas Raiders,13,16,65.4,34.6,198.0,120.0,318.0,213.0,84.0,297.0,game,Spread,New Orleans Saints,,-2.5,bet365,-105,—,—,,-3,,miss,,,,—,,
2026-09-27T23:05:13.230254+00:00,nfl,2026,3,401872961,4018729612470,3,13:30,T.Shough pass short right to D.Vele pushed ob at NO 24 for 11 yards (J.Chinn).,1,10,NO 13,13,-3,New Orleans Saints,Las Vegas Raiders,13,16,65.4,34.6,198.0,120.0,318.0,213.0,84.0,297.0,game,Total,Over,,61.5,betfair,-115,—,—,,29.0,,miss,,,,—,,
2026-09-27T23:05:13.230254+00:00,nfl,2026,3,401872961,4018729612470,3,13:30,T.Shough pass short right to D.Vele pushed ob at NO 24 for 11 yards (J.Chinn).,1,10,NO 13,13,-3,New Orleans Saints,Las Vegas Raiders,13,16,65.4,34.6,198.0,120.0,318.0,213.0,84.0,297.0,game,Total,Under,,61.5,betfair,100,—,—,,29.0,,hit,,,,—,,
2026-09-27T23:05:13.230254+00:00,nfl,2026,3,401872961,4018729612470,3,13:30,T.Shough pass short right to D.Vele pushed ob at NO 24 for 11 yards (J.Chinn).,1,10,NO 13,13,-3,New Orleans Saints,Las Vegas Raiders,13,16,65.4,34.6,198.0,120.0,318.0,213.0,84.0,297.0,game,ML,New Orleans Saints,,,bet365,-185,—,—,,Loss,,miss,,,,—,,
2026-09-27T23:05:13.230254+00:00,nfl,2026,3,401872961,4018729612512,3,13:01,(Shotgun) T.Etienne right tackle to NO 28 for 4 yards (N.Dean).,1,10,NO 24,24,-3,New Orleans Saints,Las Vegas Raiders,13,16,65.4,34.6,198.0,120.0,318.0,213.0,84.0,297.0,game,Spread,Las Vegas Raiders,,2.5,prophetx,103,—,—,,-3,,hit,,,,—,,
2026-09-27T23:05:13.230254+00:00,nfl,2026,3,401872961,4018729612512,3,13:01,(Shotgun) T.Etienne right tackle to NO 28 for 4 yards (N.Dean).,1,10,NO 24,24,-3,New Orleans Saints,Las Vegas Raiders,13,16,65.4,34.6,198.0,120.0,318.0,213.0,84.0,297.0,game,Spread,New Orleans Saints,,-2.5,bet365,-105,—,—,,-3,,miss,,,,—,,
2026-09-27T23:05:13.230254+00:00,nfl,2026,3,401872961,4018729612512,3,13:01,(Shotgun) T.Etienne right tackle to NO 28 for 4 yards (N.Dean).,1,10,NO 24,24,-3,New Orleans Saints,Las Vegas Raiders,13,16,65.4,34.6,198.0,120.0,318.0,213.0,84.0,297.0,game,Total,Over,,61.5,betfair,-115,—,—,,29.0,,miss,,,,—,,
2026-09-27T23:05:13.230254+00:00,nfl,2026,3,401872961,4018729612512,3,13:01,(Shotgun) T.Etienne right tackle to NO 28 for 4 yards (N.Dean).,1,10,NO 24,24,-3,New Orleans Saints,Las Vegas Raiders,13,16,65.4,34.6,198.0,120.0,318.0,213.0,84.0,297.0,game,Total,Under,,61.5,betfair,100,—,—,,29.0,,hit,,,,—,,
2026-09-27T23:05:13.230254+00:00,nfl,2026,3,401872961,4018729612512,3,13:01,(Shotgun) T.Etienne right tackle to NO 28 for 4 yards (N.Dean).,1,10,NO 24,24,-3,New Orleans Saints,Las Vegas Raiders,13,16,65.4,34.6,198.0,120.0,318.0,213.0,84.0,297.0,game,ML,New Orleans Saints,,,bet365,-185,—,—,,Loss,,miss,,,,—,,
2026-09-27T23:05:13.230254+00:00,nfl,2026,3,401872961,4018729612534,3,12:23,(Shotgun) T.Shough pass short left to T.Etienne to NO 35 for 7 yards (N.Dean).,2,6,NO 28,28,-3,New Orleans Saints,Las Vegas Raiders,13,16,65.4,34.6,198.0,120.0,318.0,213.0,84.0,297.0,game,Spread,Las Vegas Raiders,,2.5,prophetx,103,—,—,,-3,,hit,,,,—,,
2026-09-27T23:05:13.230254+00:00,nfl,2026,3,401872961,4018729612534,3,12:23,(Shotgun) T.Shough pass short left to T.Etienne to NO 35 for 7 yards (N.Dean).,2,6,NO 28,28,-3,New Orleans Saints,Las Vegas Raiders,13,16,65.4,34.6,198.0,120.0,318.0,213.0,84.0,297.0,game,Spread,New Orleans Saints,,-2.5,bet365,-105,—,—,,-3,,miss,,,,—,,
2026-09-27T23:05:13.230254+00:00,nfl,2026,3,401872961,4018729612534,3,12:23,(Shotgun) T.Shough pass short left to T.Etienne to NO 35 for 7 yards (N.Dean).,2,6,NO 28,28,-3,New Orleans Saints,Las Vegas Raiders,13,16,65.4,34.6,198.0,120.0,318.0,213.0,84.0,297.0,game,Total,Over,,61.5,betfair,-115,—,—,,29.0,,miss,,,,—,,
2026-09-27T23:05:13.230254+00:00,nfl,2026,3,401872961,4018729612534,3,12:23,(Shotgun) T.Shough pass short left to T.Etienne to NO 35 for 7 yards (N.Dean).,2,6,NO 28,28,-3,New Orleans Saints,Las Vegas Raiders,13,16,65.4,34.6,198.0,120.0,318.0,213.0,84.0,297.0,game,Total,Under,,61.5,betfair,100,—,—,,29.0,,hit,,,,—,,
2026-09-27T23:05:13.230254+00:00,nfl,2026,3,401872961,4018729612534,3,12:23,(Shotgun) T.Shough pass short left to T.Etienne to NO 35 for 7 yards (N.Dean).,2,6,NO 28,28,-3,New Orleans Saints,Las Vegas Raiders,13,16,65.4,34.6,198.0,120.0,318.0,213.0,84.0,297.0,game,ML,New Orleans Saints,,,bet365,-185,—,—,,Loss,,miss,,,,—,,
2026-09-27T23:05:13.230254+00:00,nfl,2026,3,401872961,4018729612559,3,11:38,(Shotgun) A.Kamara up the middle to NO 44 for 9 yards (I.Pola-Mao).  The ball spot was assisted by replay.,1,10,NO 35,35,-3,New Orleans Saints,Las Vegas Raiders,13,16,65.4,34.6,198.0,120.0,318.0,213.0,84.0,297.0,game,Spread,Las Vegas Raiders,,2.5,prophetx,103,—,—,,-3,,hit,,,,—,,
2026-09-27T23:05:13.230254+00:00,nfl,2026,3,401872961,4018729612559,3,11:38,(Shotgun) A.Kamara up the middle to NO 44 for 9 yards (I.Pola-Mao).  The ball spot was assisted by replay.,1,10,NO 35,35,-3,New Orleans Saints,Las Vegas Raiders,13,16,65.4,34.6,198.0,120.0,318.0,213.0,84.0,297.0,game,Spread,New Orleans Saints,,-2.5,bet365,-105,—,—,,-3,,miss,,,,—,,
2026-09-27T23:05:13.230254+00:00,nfl,2026,3,401872961,4018729612559,3,11:38,(Shotgun) A.Kamara up the middle to NO 44 for 9 yards (I.Pola-Mao).  The ball spot was assisted by replay.,1,10,NO 35,35,-3,New Orleans Saints,Las Vegas Raiders,13,16,65.4,34.6,198.0,120.0,318.0,213.0,84.0,297.0,game,Total,Over,,61.5,betfair,-115,—,—,,29.0,,miss,,,,—,,
2026-09-27T23:05:13.230254+00:00,nfl,2026,3,401872961,4018729612559,3,11:38,(Shotgun) A.Kamara up the middle to NO 44 for 9 yards (I.Pola-Mao).  The ball spot was assisted by replay.,1,10,NO 35,35,-3,New Orleans Saints,Las Vegas Raiders,13,16,65.4,34.6,198.0,120.0,318.0,213.0,84.0,297.0,game,Total,Under,,61.5,betfair,100,—,—,,29.0,,hit,,,,—,,
2026-09-27T23:05:13.230254+00:00,nfl,2026,3,401872961,4018729612559,3,11:38,(Shotgun) A.Kamara up the middle to NO 44 for 9 yards (I.Pola-Mao).  The ball spot was assisted by replay.,1,10,NO 35,35,-3,New Orleans Saints,Las Vegas Raiders,13,16,65.4,34.6,198.0,120.0,318.0,213.0,84.0,297.0,game,ML,New Orleans Saints,,,bet365,-185,—,—,,Loss,,miss,,,,—,,
2026-09-27T23:05:13.230254+00:00,nfl,2026,3,401872961,4018729612581,3,11:08,(Shotgun) A.Kamara left guard to NO 48 for 4 yards (K.Paye; T.Hemingway).,2,1,NO 44,44,-3,New Orleans Saints,Las Vegas Raiders,13,16,65.4,34.6,198.0,120.0,318.0,213.0,84.0,297.0,game,Spread,Las Vegas Raiders,,2.5,prophetx,103,—,—,,-3,,hit,,,,—,,
2026-09-27T23:05:13.230254+00:00,nfl,2026,3,401872961,4018729612581,3,11:08,(Shotgun) A.Kamara left guard to NO 48 for 4 yards (K.Paye; T.Hemingway).,2,1,NO 44,44,-3,New Orleans Saints,Las Vegas Raiders,13,16,65.4,34.6,198.0,120.0,318.0,213.0,84.0,297.0,game,Spread,New Orleans Saints,,-2.5,bet365,-105,—,—,,-3,,miss,,,,—,,
2026-09-27T23:05:13.230254+00:00,nfl,2026,3,401872961,4018729612581,3,11:08,(Shotgun) A.Kamara left guard to NO 48 for 4 yards (K.Paye; T.Hemingway).,2,1,NO 44,44,-3,New Orleans Saints,Las Vegas Raiders,13,16,65.4,34.6,198.0,120.0,318.0,213.0,84.0,297.0,game,Total,Over,,61.5,betfair,-115,—,—,,29.0,,miss,,,,—,,
2026-09-27T23:05:13.230254+00:00,nfl,2026,3,401872961,4018729612581,3,11:08,(Shotgun) A.Kamara left guard to NO 48 for 4 yards (K.Paye; T.Hemingway).,2,1,NO 44,44,-3,New Orleans Saints,Las Vegas Raiders,13,16,65.4,34.6,198.0,120.0,318.0,213.0,84.0,297.0,game,Total,Under,,61.5,betfair,100,—,—,,29.0,,hit,,,,—,,
2026-09-27T23:05:13.230254+00:00,nfl,2026,3,401872961,4018729612581,3,11:08,(Shotgun) A.Kamara left guard to NO 48 for 4 yards (K.Paye; T.Hemingway).,2,1,NO 44,44,-3,New Orleans Saints,Las Vegas Raiders,13,16,65.4,34.6,198.0,120.0,318.0,213.0,84.0,297.0,game,ML,New Orleans Saints,,,bet365,-185,—,—,,Loss,,miss,,,,—,,
2026-09-27T23:05:13.230254+00:00,nfl,2026,3,401872961,4018729612605,3,10:21,(Shotgun) T.Shough pass short right to T.Etienne to LV 46 for 6 yards (K.Paye; A.Butler).,1,10,NO 48,48,-3,New Orleans Saints,Las Vegas Raiders,13,16,65.4,34.6,198.0,120.0,318.0,213.0,84.0,297.0,game,Spread,Las Vegas Raiders,,2.5,prophetx,103,—,—,,-3,,hit,,,,—,,
2026-09-27T23:05:13.230254+00:00,nfl,2026,3,401872961,4018729612605,3,10:21,(Shotgun) T.Shough pass short right to T.Etienne to LV 46 for 6 yards (K.Paye; A.Butler).,1,10,NO 48,48,-3,New Orleans Saints,Las Vegas Raiders,13,16,65.4,34.6,198.0,120.0,318.0,213.0,84.0,297.0,game,Spread,New Orleans Saints,,-2.5,bet365,-105,—,—,,-3,,miss,,,,—,,
2026-09-27T23:05:13.230254+00:00,nfl,2026,3,401872961,4018729612605,3,10:21,(Shotgun) T.Shough pass short right to T.Etienne to LV 46 for 6 yards (K.Paye; A.Butler).,1,10,NO 48,48,-3,New Orleans Saints,Las Vegas Raiders,13,16,65.4,34.6,198.0,120.0,318.0,213.0,84.0,297.0,game,Total,Over,,61.5,betfair,-115,—,—,,29.0,,miss,,,,—,,
2026-09-27T23:05:13.230254+00:00,nfl,2026,3,401872961,4018729612605,3,10:21,(Shotgun) T.Shough pass short right to T.Etienne to LV 46 for 6 yards (K.Paye; A.Butler).,1,10,NO 48,48,-3,New Orleans Saints,Las Vegas Raiders,13,16,65.4,34.6,198.0,120.0,318.0,213.0,84.0,297.0,game,Total,Under,,61.5,betfair,100,—,—,,29.0,,hit,,,,—,,
2026-09-27T23:05:13.230254+00:00,nfl,2026,3,401872961,4018729612605,3,10:21,(Shotgun) T.Shough pass short right to T.Etienne to LV 46 for 6 yards (K.Paye; A.Butler).,1,10,NO 48,48,-3,New Orleans Saints,Las Vegas Raiders,13,16,65.4,34.6,198.0,120.0,318.0,213.0,84.0,297.0,game,ML,New Orleans Saints,,,bet365,-185,—,—,,Loss,,miss,,,,—,,
2026-09-27T23:05:13.230254+00:00,nfl,2026,3,401872961,4018729612630,3,9:48,"(No Huddle, Shotgun) T.Etienne up the middle to LV 40 for 6 yards (A.Butler; E.Stokes).",2,4,LV 46,54,-3,New Orleans Saints,Las Vegas Raiders,13,16,65.4,34.6,198.0,120.0,318.0,213.0,84.0,297.0,game,Spread,Las Vegas Raiders,,2.5,prophetx,103,—,—,,-3,,hit,,,,—,,
2026-09-27T23:05:13.230254+00:00,nfl,2026,3,401872961,4018729612630,3,9:48,"(No Huddle, Shotgun) T.Etienne up the middle to LV 40 for 6 yards (A.Butler; E.Stokes).",2,4,LV 46,54,-3,New Orleans Saints,Las Vegas Raiders,13,16,65.4,34.6,198.0,120.0,318.0,213.0,84.0,297.0,game,Spread,New Orleans Saints,,-2.5,bet365,-105,—,—,,-3,,miss,,,,—,,
2026-09-27T23:05:13.230254+00:00,nfl,2026,3,401872961,4018729612630,3,9:48,"(No Huddle, Shotgun) T.Etienne up the middle to LV 40 for 6 yards (A.Butler; E.Stokes).",2,4,LV 46,54,-3,New Orleans Saints,Las Vegas Raiders,13,16,65.4,34.6,198.0,120.0,318.0,213.0,84.0,297.0,game,Total,Over,,61.5,betfair,-115,—,—,,29.0,,miss,,,,—,,
2026-09-27T23:05:13.230254+00:00,nfl,2026,3,401872961,4018729612630,3,9:48,"(No Huddle, Shotgun) T.Etienne up the middle to LV 40 for 6 yards (A.Butler; E.Stokes).",2,4,LV 46,54,-3,New Orleans Saints,Las Vegas Raiders,13,16,65.4,34.6,198.0,120.0,318.0,213.0,84.0,297.0,game,Total,Under,,61.5,betfair,100,—,—,,29.0,,hit,,,,—,,
2026-09-27T23:05:13.230254+00:00,nfl,2026,3,401872961,4018729612630,3,9:48,"(No Huddle, Shotgun) T.Etienne up the middle to LV 40 for 6 yards (A.Butler; E.Stokes).",2,4,LV 46,54,-3,New Orleans Saints,Las Vegas Raiders,13,16,65.4,34.6,198.0,120.0,318.0,213.0,84.0,297.0,game,ML,New Orleans Saints,,,bet365,-185,—,—,,Loss,,miss,,,,—,,
2026-09-27T23:05:13.230254+00:00,nfl,2026,3,401872961,4018729612652,3,9:11,(Shotgun) T.Shough pass short left to K.Miller to LV 36 for 4 yards (N.Dean).,1,10,LV 40,60,-3,New Orleans Saints,Las Vegas Raiders,13,16,65.4,34.6,198.0,120.0,318.0,213.0,84.0,297.0,game,Spread,Las Vegas Raiders,,2.5,prophetx,103,—,—,,-3,,hit,,,,—,,
2026-09-27T23:05:13.230254+00:00,nfl,2026,3,401872961,4018729612652,3,9:11,(Shotgun) T.Shough pass short left to K.Miller to LV 36 for 4 yards (N.Dean).,1,10,LV 40,60,-3,New Orleans Saints,Las Vegas Raiders,13,16,65.4,34.6,198.0,120.0,318.0,213.0,84.0,297.0,game,Spread,New Orleans Saints,,-2.5,bet365,-105,—,—,,-3,,miss,,,,—,,
2026-09-27T23:05:13.230254+00:00,nfl,2026,3,401872961,4018729612652,3,9:11,(Shotgun) T.Shough pass short left to K.Miller to LV 36 for 4 yards (N.Dean).,1,10,LV 40,60,-3,New Orleans Saints,Las Vegas Raiders,13,16,65.4,34.6,198.0,120.0,318.0,213.0,84.0,297.0,game,Total,Over,,61.5,betfair,-115,—,—,,29.0,,miss,,,,—,,
2026-09-27T23:05:13.230254+00:00,nfl,2026,3,401872961,4018729612652,3,9:11,(Shotgun) T.Shough pass short left to K.Miller to LV 36 for 4 yards (N.Dean).,1,10,LV 40,60,-3,New Orleans Saints,Las Vegas Raiders,13,16,65.4,34.6,198.0,120.0,318.0,213.0,84.0,297.0,game,Total,Under,,61.5,betfair,100,—,—,,29.0,,hit,,,,—,,
2026-09-27T23:05:13.230254+00:00,nfl,2026,3,401872961,4018729612652,3,9:11,(Shotgun) T.Shough pass short left to K.Miller to LV 36 for 4 yards (N.Dean).,1,10,LV 40,60,-3,New Orleans Saints,Las Vegas Raiders,13,16,65.4,34.6,198.0,120.0,318.0,213.0,84.0,297.0,game,ML,New Orleans Saints,,,bet365,-185,—,—,,Loss,,miss,,,,—,,
2026-09-27T23:05:13.230254+00:00,nfl,2026,3,401872961,4018729612677,3,8:37,"(No Huddle, Shotgun) T.Shough pass short right to J.Johnson to LV 24 for 12 yards (T.Johnson).",2,6,LV 36,64,-3,New Orleans Saints,Las Vegas Raiders,13,16,65.4,34.6,198.0,120.0,318.0,213.0,84.0,297.0,game,Spread,Las Vegas Raiders,,2.5,prophetx,103,—,—,,-3,,hit,,,,—,,
2026-09-27T23:05:13.230254+00:00,nfl,2026,3,401872961,4018729612677,3,8:37,"(No Huddle, Shotgun) T.Shough pass short right to J.Johnson to LV 24 for 12 yards (T.Johnson).",2,6,LV 36,64,-3,New Orleans Saints,Las Vegas Raiders,13,16,65.4,34.6,198.0,120.0,318.0,213.0,84.0,297.0,game,Spread,New Orleans Saints,,-2.5,bet365,-105,—,—,,-3,,miss,,,,—,,
2026-09-27T23:05:13.230254+00:00,nfl,2026,3,401872961,4018729612677,3,8:37,"(No Huddle, Shotgun) T.Shough pass short right to J.Johnson to LV 24 for 12 yards (T.Johnson).",2,6,LV 36,64,-3,New Orleans Saints,Las Vegas Raiders,13,16,65.4,34.6,198.0,120.0,318.0,213.0,84.0,297.0,game,Total,Over,,61.5,betfair,-115,—,—,,29.0,,miss,,,,—,,
2026-09-27T23:05:13.230254+00:00,nfl,2026,3,401872961,4018729612677,3,8:37,"(No Huddle, Shotgun) T.Shough pass short right to J.Johnson to LV 24 for 12 yards (T.Johnson).",2,6,LV 36,64,-3,New Orleans Saints,Las Vegas Raiders,13,16,65.4,34.6,198.0,120.0,318.0,213.0,84.0,297.0,game,Total,Under,,61.5,betfair,100,—,—,,29.0,,hit,,,,—,,
2026-09-27T23:05:13.230254+00:00,nfl,2026,3,401872961,4018729612677,3,8:37,"(No Huddle, Shotgun) T.Shough pass short right to J.Johnson to LV 24 for 12 yards (T.Johnson).",2,6,LV 36,64,-3,New Orleans Saints,Las Vegas Raiders,13,16,65.4,34.6,198.0,120.0,318.0,213.0,84.0,297.0,game,ML,New Orleans Saints,,,bet365,-185,—,—,,Loss,,miss,,,,—,,
2026-09-27T23:05:13.230254+00:00,nfl,2026,3,401872961,4018729612702,3,8:01,"(No Huddle, Shotgun) T.Shough pass short left to D.Vele to LV 7 for 17 yards (J.Chinn).",1,10,LV 24,76,-3,New Orleans Saints,Las Vegas Raiders,13,16,65.4,34.6,198.0,120.0,318.0,213.0,84.0,297.0,game,Spread,Las Vegas Raiders,,2.5,prophetx,103,—,—,,-3,,hit,,,,—,,
2026-09-27T23:05:13.230254+00:00,nfl,2026,3,401872961,4018729612702,3,8:01,"(No Huddle, Shotgun) T.Shough pass short left to D.Vele to LV 7 for 17 yards (J.Chinn).",1,10,LV 24,76,-3,New Orleans Saints,Las Vegas Raiders,13,16,65.4,34.6,198.0,120.0,318.0,213.0,84.0,297.0,game,Spread,New Orleans Saints,,-2.5,bet365,-105,—,—,,-3,,miss,,,,—,,
2026-09-27T23:05:13.230254+00:00,nfl,2026,3,401872961,4018729612702,3,8:01,"(No Huddle, Shotgun) T.Shough pass short left to D.Vele to LV 7 for 17 yards (J.Chinn).",1,10,LV 24,76,-3,New Orleans Saints,Las Vegas Raiders,13,16,65.4,34.6,198.0,120.0,318.0,213.0,84.0,297.0,game,Total,Over,,61.5,betfair,-115,—,—,,29.0,,miss,,,,—,,
2026-09-27T23:05:13.230254+00:00,nfl,2026,3,401872961,4018729612702,3,8:01,"(No Huddle, Shotgun) T.Shough pass short left to D.Vele to LV 7 for 17 yards (J.Chinn).",1,10,LV 24,76,-3,New Orleans Saints,Las Vegas Raiders,13,16,65.4,34.6,198.0,120.0,318.0,213.0,84.0,297.0,game,Total,Under,,61.5,betfair,100,—,—,,29.0,,hit,,,,—,,
2026-09-27T23:05:13.230254+00:00,nfl,2026,3,401872961,4018729612702,3,8:01,"(No Huddle, Shotgun) T.Shough pass short left to D.Vele to LV 7 for 17 yards (J.Chinn).",1,10,LV 24,76,-3,New Orleans Saints,Las Vegas Raiders,13,16,65.4,34.6,198.0,120.0,318.0,213.0,84.0,297.0,game,ML,New Orleans Saints,,,bet365,-185,—,—,,Loss,,miss,,,,—,,
2026-09-27T23:05:13.230254+00:00,nfl,2026,3,401872961,4018729612727,3,7:21,"(No Huddle, Shotgun) T.Shough pass short right to C.Olave to LV 1 for 6 yards (I.Pola-Mao).",1,7,LV 7,93,-3,New Orleans Saints,Las Vegas Raiders,13,16,65.4,34.6,198.0,120.0,318.0,213.0,84.0,297.0,game,Spread,Las Vegas Raiders,,2.5,prophetx,103,—,—,,-3,,hit,,,,—,,
2026-09-27T23:05:13.230254+00:00,nfl,2026,3,401872961,4018729612727,3,7:21,"(No Huddle, Shotgun) T.Shough pass short right to C.Olave to LV 1 for 6 yards (I.Pola-Mao).",1,7,LV 7,93,-3,New Orleans Saints,Las Vegas Raiders,13,16,65.4,34.6,198.0,120.0,318.0,213.0,84.0,297.0,game,Spread,New Orleans Saints,,-2.5,bet365,-105,—,—,,-3,,miss,,,,—,,
2026-09-27T23:05:13.230254+00:00,nfl,2026,3,401872961,4018729612727,3,7:21,"(No Huddle, Shotgun) T.Shough pass short right to C.Olave to LV 1 for 6 yards (I.Pola-Mao).",1,7,LV 7,93,-3,New Orleans Saints,Las Vegas Raiders,13,16,65.4,34.6,198.0,120.0,318.0,213.0,84.0,297.0,game,Total,Over,,61.5,betfair,-115,—,—,,29.0,,miss,,,,—,,
2026-09-27T23:05:13.230254+00:00,nfl,2026,3,401872961,4018729612727,3,7:21,"(No Huddle, Shotgun) T.Shough pass short right to C.Olave to LV 1 for 6 yards (I.Pola-Mao).",1,7,LV 7,93,-3,New Orleans Saints,Las Vegas Raiders,13,16,65.4,34.6,198.0,120.0,318.0,213.0,84.0,297.0,game,Total,Under,,61.5,betfair,100,—,—,,29.0,,hit,,,,—,,
2026-09-27T23:05:13.230254+00:00,nfl,2026,3,401872961,4018729612727,3,7:21,"(No Huddle, Shotgun) T.Shough pass short right to C.Olave to LV 1 for 6 yards (I.Pola-Mao).",1,7,LV 7,93,-3,New Orleans Saints,Las Vegas Raiders,13,16,65.4,34.6,198.0,120.0,318.0,213.0,84.0,297.0,game,ML,New Orleans Saints,,,bet365,-185,—,—,,Loss,,miss,,,,—,,
2026-09-27T23:05:13.230254+00:00,nfl,2026,3,401872961,4018729612752,3,6:58,"(No Huddle) PENALTY on LV-T.Booker, Neutral Zone Infraction, 0 yards, enforced at LV 1 - No Play.",2,1,LV 1,99,-3,New Orleans Saints,Las Vegas Raiders,13,16,65.4,34.6,198.0,120.0,318.0,213.0,84.0,297.0,game,Spread,Las Vegas Raiders,,2.5,prophetx,103,—,—,,-3,,hit,,,,—,,
2026-09-27T23:05:13.230254+00:00,nfl,2026,3,401872961,4018729612752,3,6:58,"(No Huddle) PENALTY on LV-T.Booker, Neutral Zone Infraction, 0 yards, enforced at LV 1 - No Play.",2,1,LV 1,99,-3,New Orleans Saints,Las Vegas Raiders,13,16,65.4,34.6,198.0,120.0,318.0,213.0,84.0,297.0,game,Spread,New Orleans Saints,,-2.5,bet365,-105,—,—,,-3,,miss,,,,—,,
2026-09-27T23:05:13.230254+00:00,nfl,2026,3,401872961,4018729612752,3,6:58,"(No Huddle) PENALTY on LV-T.Booker, Neutral Zone Infraction, 0 yards, enforced at LV 1 - No Play.",2,1,LV 1,99,-3,New Orleans Saints,Las Vegas Raiders,13,16,65.4,34.6,198.0,120.0,318.0,213.0,84.0,297.0,game,Total,Over,,61.5,betfair,-115,—,—,,29.0,,miss,,,,—,,
2026-09-27T23:05:13.230254+00:00,nfl,2026,3,401872961,4018729612752,3,6:58,"(No Huddle) PENALTY on LV-T.Booker, Neutral Zone Infraction, 0 yards, enforced at LV 1 - No Play.",2,1,LV 1,99,-3,New Orleans Saints,Las Vegas Raiders,13,16,65.4,34.6,198.0,120.0,318.0,213.0,84.0,297.0,game,Total,Under,,61.5,betfair,100,—,—,,29.0,,hit,,,,—,,
2026-09-27T23:05:13.230254+00:00,nfl,2026,3,401872961,4018729612752,3,6:58,"(No Huddle) PENALTY on LV-T.Booker, Neutral Zone Infraction, 0 yards, enforced at LV 1 - No Play.",2,1,LV 1,99,-3,New Orleans Saints,Las Vegas Raiders,13,16,65.4,34.6,198.0,120.0,318.0,213.0,84.0,297.0,game,ML,New Orleans Saints,,,bet365,-185,—,—,,Loss,,miss,,,,—,,
2026-09-27T23:05:13.230254+00:00,nfl,2026,3,401872961,4018729612810,3,6:40,Official Timeout at 06:40.,-1,10,LV 15,85,4,New Orleans Saints,Las Vegas Raiders,20,16,65.4,34.6,198.0,120.0,318.0,213.0,84.0,297.0,game,Spread,Las Vegas Raiders,,2.5,prophetx,103,—,—,,+4,,miss,,,,—,,
2026-09-27T23:05:13.230254+00:00,nfl,2026,3,401872961,4018729612810,3,6:40,Official Timeout at 06:40.,-1,10,LV 15,85,4,New Orleans Saints,Las Vegas Raiders,20,16,65.4,34.6,198.0,120.0,318.0,213.0,84.0,297.0,game,Spread,New Orleans Saints,,-2.5,bet365,-105,—,—,,+4,,hit,,,,—,,
2026-09-27T23:05:13.230254+00:00,nfl,2026,3,401872961,4018729612810,3,6:40,Official Timeout at 06:40.,-1,10,LV 15,85,4,New Orleans Saints,Las Vegas Raiders,20,16,65.4,34.6,198.0,120.0,318.0,213.0,84.0,297.0,game,Total,Over,,61.5,betfair,-115,—,—,,36.0,,miss,,,,—,,
2026-09-27T23:05:13.230254+00:00,nfl,2026,3,401872961,4018729612810,3,6:40,Official Timeout at 06:40.,-1,10,LV 15,85,4,New Orleans Saints,Las Vegas Raiders,20,16,65.4,34.6,198.0,120.0,318.0,213.0,84.0,297.0,game,Total,Under,,61.5,betfair,100,—,—,,36.0,,hit,,,,—,,
2026-09-27T23:05:13.230254+00:00,nfl,2026,3,401872961,4018729612810,3,6:40,Official Timeout at 06:40.,-1,10,LV 15,85,4,New Orleans Saints,Las Vegas Raiders,20,16,65.4,34.6,198.0,120.0,318.0,213.0,84.0,297.0,game,ML,New Orleans Saints,,,bet365,-185,—,—,,Win,,hit,,,,—,,
2026-09-27T23:05:13.230254+00:00,nfl,2026,3,401872961,4018729612776,3,6:40,"T.Shough pass short left to J.Johnson for 1 yard, TOUCHDOWN [M.Crosby]. D.Carlson extra point is GOOD, Center-C.Adomitis, Holder-R.Wright.",2,1,LV 1,99,4,New Orleans Saints,Las Vegas Raiders,20,16,65.4,34.6,198.0,120.0,318.0,213.0,84.0,297.0,game,Spread,Las Vegas Raiders,,2.5,prophetx,103,—,—,,+4,,miss,,,,—,,
2026-09-27T23:05:13.230254+00:00,nfl,2026,3,401872961,4018729612776,3,6:40,"T.Shough pass short left to J.Johnson for 1 yard, TOUCHDOWN [M.Crosby]. D.Carlson extra point is GOOD, Center-C.Adomitis, Holder-R.Wright.",2,1,LV 1,99,4,New Orleans Saints,Las Vegas Raiders,20,16,65.4,34.6,198.0,120.0,318.0,213.0,84.0,297.0,game,Spread,New Orleans Saints,,-2.5,bet365,-105,—,—,,+4,,hit,,,,—,,
2026-09-27T23:05:13.230254+00:00,nfl,2026,3,401872961,4018729612776,3,6:40,"T.Shough pass short left to J.Johnson for 1 yard, TOUCHDOWN [M.Crosby]. D.Carlson extra point is GOOD, Center-C.Adomitis, Holder-R.Wright.",2,1,LV 1,99,4,New Orleans Saints,Las Vegas Raiders,20,16,65.4,34.6,198.0,120.0,318.0,213.0,84.0,297.0,game,Total,Over,,61.5,betfair,-115,—,—,,36.0,,miss,,,,—,,
2026-09-27T23:05:13.230254+00:00,nfl,2026,3,401872961,4018729612776,3,6:40,"T.Shough pass short left to J.Johnson for 1 yard, TOUCHDOWN [M.Crosby]. D.Carlson extra point is GOOD, Center-C.Adomitis, Holder-R.Wright.",2,1,LV 1,99,4,New Orleans Saints,Las Vegas Raiders,20,16,65.4,34.6,198.0,120.0,318.0,213.0,84.0,297.0,game,Total,Under,,61.5,betfair,100,—,—,,36.0,,hit,,,,—,,
2026-09-27T23:05:13.230254+00:00,nfl,2026,3,401872961,4018729612776,3,6:40,"T.Shough pass short left to J.Johnson for 1 yard, TOUCHDOWN [M.Crosby]. D.Carlson extra point is GOOD, Center-C.Adomitis, Holder-R.Wright.",2,1,LV 1,99,4,New Orleans Saints,Las Vegas Raiders,20,16,65.4,34.6,198.0,120.0,318.0,213.0,84.0,297.0,game,ML,New Orleans Saints,,,bet365,-185,—,—,,Win,,hit,,,,—,,
2026-09-27T23:05:13.230254+00:00,nfl,2026,3,401872961,4018729612817,3,6:40,"D.Carlson kicks 63 yards from NO 35 to LV 2. D.Laube to LV 30 for 28 yards (A.Jennings). FUMBLES (A.Jennings), RECOVERED by NO-J.Howden at LV 32.",1,10,NO 33,35,4,New Orleans Saints,Las Vegas Raiders,20,16,65.4,34.6,198.0,120.0,318.0,213.0,84.0,297.0,game,Spread,Las Vegas Raiders,,2.5,prophetx,103,—,—,,+4,,miss,,,,—,,
2026-09-27T23:05:13.230254+00:00,nfl,2026,3,401872961,4018729612817,3,6:40,"D.Carlson kicks 63 yards from NO 35 to LV 2. D.Laube to LV 30 for 28 yards (A.Jennings). FUMBLES (A.Jennings), RECOVERED by NO-J.Howden at LV 32.",1,10,NO 33,35,4,New Orleans Saints,Las Vegas Raiders,20,16,65.4,34.6,198.0,120.0,318.0,213.0,84.0,297.0,game,Spread,New Orleans Saints,,-2.5,bet365,-105,—,—,,+4,,hit,,,,—,,
2026-09-27T23:05:13.230254+00:00,nfl,2026,3,401872961,4018729612817,3,6:40,"D.Carlson kicks 63 yards from NO 35 to LV 2. D.Laube to LV 30 for 28 yards (A.Jennings). FUMBLES (A.Jennings), RECOVERED by NO-J.Howden at LV 32.",1,10,NO 33,35,4,New Orleans Saints,Las Vegas Raiders,20,16,65.4,34.6,198.0,120.0,318.0,213.0,84.0,297.0,game,Total,Over,,61.5,betfair,-115,—,—,,36.0,,miss,,,,—,,
2026-09-27T23:05:13.230254+00:00,nfl,2026,3,401872961,4018729612817,3,6:40,"D.Carlson kicks 63 yards from NO 35 to LV 2. D.Laube to LV 30 for 28 yards (A.Jennings). FUMBLES (A.Jennings), RECOVERED by NO-J.Howden at LV 32.",1,10,NO 33,35,4,New Orleans Saints,Las Vegas Raiders,20,16,65.4,34.6,198.0,120.0,318.0,213.0,84.0,297.0,game,Total,Under,,61.5,betfair,100,—,—,,36.0,,hit,,,,—,,
2026-09-27T23:05:13.230254+00:00,nfl,2026,3,401872961,4018729612817,3,6:40,"D.Carlson kicks 63 yards from NO 35 to LV 2. D.Laube to LV 30 for 28 yards (A.Jennings). FUMBLES (A.Jennings), RECOVERED by NO-J.Howden at LV 32.",1,10,NO 33,35,4,New Orleans Saints,Las Vegas Raiders,20,16,65.4,34.6,198.0,120.0,318.0,213.0,84.0,297.0,game,ML,New Orleans Saints,,,bet365,-185,—,—,,Win,,hit,,,,—,,
2026-09-27T23:05:13.230254+00:00,nfl,2026,3,401872961,4018729612866,3,6:33,T.Etienne right tackle pushed ob at LV 16 for 16 yards (J.Chinn).,1,10,LV 32,68,4,New Orleans Saints,Las Vegas Raiders,20,16,65.4,34.6,198.0,120.0,318.0,213.0,84.0,297.0,game,Spread,Las Vegas Raiders,,2.5,prophetx,103,—,—,,+4,,miss,,,,—,,
2026-09-27T23:05:13.230254+00:00,nfl,2026,3,401872961,4018729612866,3,6:33,T.Etienne right tackle pushed ob at LV 16 for 16 yards (J.Chinn).,1,10,LV 32,68,4,New Orleans Saints,Las Vegas Raiders,20,16,65.4,34.6,198.0,120.0,318.0,213.0,84.0,297.0,game,Spread,New Orleans Saints,,-2.5,bet365,-105,—,—,,+4,,hit,,,,—,,
2026-09-27T23:05:13.230254+00:00,nfl,2026,3,401872961,4018729612866,3,6:33,T.Etienne right tackle pushed ob at LV 16 for 16 yards (J.Chinn).,1,10,LV 32,68,4,New Orleans Saints,Las Vegas Raiders,20,16,65.4,34.6,198.0,120.0,318.0,213.0,84.0,297.0,game,Total,Over,,61.5,betfair,-115,—,—,,36.0,,miss,,,,—,,
2026-09-27T23:05:13.230254+00:00,nfl,2026,3,401872961,4018729612866,3,6:33,T.Etienne right tackle pushed ob at LV 16 for 16 yards (J.Chinn).,1,10,LV 32,68,4,New Orleans Saints,Las Vegas Raiders,20,16,65.4,34.6,198.0,120.0,318.0,213.0,84.0,297.0,game,Total,Under,,61.5,betfair,100,—,—,,36.0,,hit,,,,—,,
2026-09-27T23:05:13.230254+00:00,nfl,2026,3,401872961,4018729612866,3,6:33,T.Etienne right tackle pushed ob at LV 16 for 16 yards (J.Chinn).,1,10,LV 32,68,4,New Orleans Saints,Las Vegas Raiders,20,16,65.4,34.6,198.0,120.0,318.0,213.0,84.0,297.0,game,ML,New Orleans Saints,,,bet365,-185,—,—,,Win,,hit,,,,—,,
2026-09-27T23:05:13.230254+00:00,nfl,2026,3,401872961,4018729612932,3,5:46,Official Timeout at 05:46.,-1,10,LV 15,85,11,New Orleans Saints,Las Vegas Raiders,27,16,65.4,34.6,198.0,120.0,318.0,213.0,84.0,297.0,game,Spread,Las Vegas Raiders,,2.5,prophetx,103,—,—,,+11,,miss,,,,—,,
2026-09-27T23:05:13.230254+00:00,nfl,2026,3,401872961,4018729612932,3,5:46,Official Timeout at 05:46.,-1,10,LV 15,85,11,New Orleans Saints,Las Vegas Raiders,27,16,65.4,34.6,198.0,120.0,318.0,213.0,84.0,297.0,game,Spread,New Orleans Saints,,-2.5,bet365,-105,—,—,,+11,,hit,,,,—,,
2026-09-27T23:05:13.230254+00:00,nfl,2026,3,401872961,4018729612932,3,5:46,Official Timeout at 05:46.,-1,10,LV 15,85,11,New Orleans Saints,Las Vegas Raiders,27,16,65.4,34.6,198.0,120.0,318.0,213.0,84.0,297.0,game,Total,Over,,61.5,betfair,-115,—,—,,43.0,,miss,,,,—,,
2026-09-27T23:05:13.230254+00:00,nfl,2026,3,401872961,4018729612932,3,5:46,Official Timeout at 05:46.,-1,10,LV 15,85,11,New Orleans Saints,Las Vegas Raiders,27,16,65.4,34.6,198.0,120.0,318.0,213.0,84.0,297.0,game,Total,Under,,61.5,betfair,100,—,—,,43.0,,hit,,,,—,,
2026-09-27T23:05:13.230254+00:00,nfl,2026,3,401872961,4018729612932,3,5:46,Official Timeout at 05:46.,-1,10,LV 15,85,11,New Orleans Saints,Las Vegas Raiders,27,16,65.4,34.6,198.0,120.0,318.0,213.0,84.0,297.0,game,ML,New Orleans Saints,,,bet365,-185,—,—,,Win,,hit,,,,—,,
2026-09-27T23:05:13.230254+00:00,nfl,2026,3,401872961,4018729612893,3,5:46,"T.Shough pass short right to N.Fant for 16 yards, TOUCHDOWN. D.Carlson extra point is GOOD, Center-C.Adomitis, Holder-R.Wright.",1,10,LV 16,84,11,New Orleans Saints,Las Vegas Raiders,27,16,65.4,34.6,198.0,120.0,318.0,213.0,84.0,297.0,game,Spread,Las Vegas Raiders,,2.5,prophetx,103,—,—,,+11,,miss,,,,—,,
2026-09-27T23:05:13.230254+00:00,nfl,2026,3,401872961,4018729612893,3,5:46,"T.Shough pass short right to N.Fant for 16 yards, TOUCHDOWN. D.Carlson extra point is GOOD, Center-C.Adomitis, Holder-R.Wright.",1,10,LV 16,84,11,New Orleans Saints,Las Vegas Raiders,27,16,65.4,34.6,198.0,120.0,318.0,213.0,84.0,297.0,game,Spread,New Orleans Saints,,-2.5,bet365,-105,—,—,,+11,,hit,,,,—,,
2026-09-27T23:05:13.230254+00:00,nfl,2026,3,401872961,4018729612893,3,5:46,"T.Shough pass short right to N.Fant for 16 yards, TOUCHDOWN. D.Carlson extra point is GOOD, Center-C.Adomitis, Holder-R.Wright.",1,10,LV 16,84,11,New Orleans Saints,Las Vegas Raiders,27,16,65.4,34.6,198.0,120.0,318.0,213.0,84.0,297.0,game,Total,Over,,61.5,betfair,-115,—,—,,43.0,,miss,,,,—,,
2026-09-27T23:05:13.230254+00:00,nfl,2026,3,401872961,4018729612893,3,5:46,"T.Shough pass short right to N.Fant for 16 yards, TOUCHDOWN. D.Carlson extra point is GOOD, Center-C.Adomitis, Holder-R.Wright.",1,10,LV 16,84,11,New Orleans Saints,Las Vegas Raiders,27,16,65.4,34.6,198.0,120.0,318.0,213.0,84.0,297.0,game,Total,Under,,61.5,betfair,100,—,—,,43.0,,hit,,,,—,,
2026-09-27T23:05:13.230254+00:00,nfl,2026,3,401872961,4018729612893,3,5:46,"T.Shough pass short right to N.Fant for 16 yards, TOUCHDOWN. D.Carlson extra point is GOOD, Center-C.Adomitis, Holder-R.Wright.",1,10,LV 16,84,11,New Orleans Saints,Las Vegas Raiders,27,16,65.4,34.6,198.0,120.0,318.0,213.0,84.0,297.0,game,ML,New Orleans Saints,,,bet365,-185,—,—,,Win,,hit,,,,—,,
2026-09-27T23:05:13.230254+00:00,nfl,2026,3,401872961,4018729612939,3,5:46,D.Carlson kicks 59 yards from NO 35 to LV 6. D.Young to LV 29 for 23 yards (M.Reid; I.Stalbird).,1,10,NO 33,35,11,New Orleans Saints,Las Vegas Raiders,27,16,65.4,34.6,198.0,120.0,318.0,213.0,84.0,297.0,game,Spread,Las Vegas Raiders,,2.5,prophetx,103,—,—,,+11,,miss,,,,—,,
2026-09-27T23:05:13.230254+00:00,nfl,2026,3,401872961,4018729612939,3,5:46,D.Carlson kicks 59 yards from NO 35 to LV 6. D.Young to LV 29 for 23 yards (M.Reid; I.Stalbird).,1,10,NO 33,35,11,New Orleans Saints,Las Vegas Raiders,27,16,65.4,34.6,198.0,120.0,318.0,213.0,84.0,297.0,game,Spread,New Orleans Saints,,-2.5,bet365,-105,—,—,,+11,,hit,,,,—,,
2026-09-27T23:05:13.230254+00:00,nfl,2026,3,401872961,4018729612939,3,5:46,D.Carlson kicks 59 yards from NO 35 to LV 6. D.Young to LV 29 for 23 yards (M.Reid; I.Stalbird).,1,10,NO 33,35,11,New Orleans Saints,Las Vegas Raiders,27,16,65.4,34.6,198.0,120.0,318.0,213.0,84.0,297.0,game,Total,Over,,61.5,betfair,-115,—,—,,43.0,,miss,,,,—,,
2026-09-27T23:05:13.230254+00:00,nfl,2026,3,401872961,4018729612939,3,5:46,D.Carlson kicks 59 yards from NO 35 to LV 6. D.Young to LV 29 for 23 yards (M.Reid; I.Stalbird).,1,10,NO 33,35,11,New Orleans Saints,Las Vegas Raiders,27,16,65.4,34.6,198.0,120.0,318.0,213.0,84.0,297.0,game,Total,Under,,61.5,betfair,100,—,—,,43.0,,hit,,,,—,,
2026-09-27T23:05:13.230254+00:00,nfl,2026,3,401872961,4018729612939,3,5:46,D.Carlson kicks 59 yards from NO 35 to LV 6. D.Young to LV 29 for 23 yards (M.Reid; I.Stalbird).,1,10,NO 33,35,11,New Orleans Saints,Las Vegas Raiders,27,16,65.4,34.6,198.0,120.0,318.0,213.0,84.0,297.0,game,ML,New Orleans Saints,,,bet365,-185,—,—,,Win,,hit,,,,—,,
2026-09-27T23:05:13.230254+00:00,nfl,2026,3,401872961,4018729612969,3,5:40,A.Jeanty left tackle to LV 35 for 6 yards (J.Reid).,1,10,LV 29,71,11,New Orleans Saints,Las Vegas Raiders,27,16,65.4,34.6,198.0,120.0,318.0,213.0,84.0,297.0,game,Spread,Las Vegas Raiders,,2.5,prophetx,103,—,—,,+11,,miss,,,,—,,
2026-09-27T23:05:13.230254+00:00,nfl,2026,3,401872961,4018729612969,3,5:40,A.Jeanty left tackle to LV 35 for 6 yards (J.Reid).,1,10,LV 29,71,11,New Orleans Saints,Las Vegas Raiders,27,16,65.4,34.6,198.0,120.0,318.0,213.0,84.0,297.0,game,Spread,New Orleans Saints,,-2.5,bet365,-105,—,—,,+11,,hit,,,,—,,
2026-09-27T23:05:13.230254+00:00,nfl,2026,3,401872961,4018729612969,3,5:40,A.Jeanty left tackle to LV 35 for 6 yards (J.Reid).,1,10,LV 29,71,11,New Orleans Saints,Las Vegas Raiders,27,16,65.4,34.6,198.0,120.0,318.0,213.0,84.0,297.0,game,Total,Over,,61.5,betfair,-115,—,—,,43.0,,miss,,,,—,,
2026-09-27T23:05:13.230254+00:00,nfl,2026,3,401872961,4018729612969,3,5:40,A.Jeanty left tackle to LV 35 for 6 yards (J.Reid).,1,10,LV 29,71,11,New Orleans Saints,Las Vegas Raiders,27,16,65.4,34.6,198.0,120.0,318.0,213.0,84.0,297.0,game,Total,Under,,61.5,betfair,100,—,—,,43.0,,hit,,,,—,,
2026-09-27T23:05:13.230254+00:00,nfl,2026,3,401872961,4018729612969,3,5:40,A.Jeanty left tackle to LV 35 for 6 yards (J.Reid).,1,10,LV 29,71,11,New Orleans Saints,Las Vegas Raiders,27,16,65.4,34.6,198.0,120.0,318.0,213.0,84.0,297.0,game,ML,New Orleans Saints,,,bet365,-185,—,—,,Win,,hit,,,,—,,
2026-09-27T23:05:13.230254+00:00,nfl,2026,3,401872961,4018729612991,3,5:04,A.Jeanty up the middle to LV 35 for no gain (D.Stutsman).,2,4,LV 35,65,11,New Orleans Saints,Las Vegas Raiders,27,16,65.4,34.6,198.0,120.0,318.0,213.0,84.0,297.0,game,Spread,Las Vegas Raiders,,2.5,prophetx,103,—,—,,+11,,miss,,,,—,,
2026-09-27T23:05:13.230254+00:00,nfl,2026,3,401872961,4018729612991,3,5:04,A.Jeanty up the middle to LV 35 for no gain (D.Stutsman).,2,4,LV 35,65,11,New Orleans Saints,Las Vegas Raiders,27,16,65.4,34.6,198.0,120.0,318.0,213.0,84.0,297.0,game,Spread,New Orleans Saints,,-2.5,bet365,-105,—,—,,+11,,hit,,,,—,,
2026-09-27T23:05:13.230254+00:00,nfl,2026,3,401872961,4018729612991,3,5:04,A.Jeanty up the middle to LV 35 for no gain (D.Stutsman).,2,4,LV 35,65,11,New Orleans Saints,Las Vegas Raiders,27,16,65.4,34.6,198.0,120.0,318.0,213.0,84.0,297.0,game,Total,Over,,61.5,betfair,-115,—,—,,43.0,,miss,,,,—,,
2026-09-27T23:05:13.230254+00:00,nfl,2026,3,401872961,4018729612991,3,5:04,A.Jeanty up the middle to LV 35 for no gain (D.Stutsman).,2,4,LV 35,65,11,New Orleans Saints,Las Vegas Raiders,27,16,65.4,34.6,198.0,120.0,318.0,213.0,84.0,297.0,game,Total,Under,,61.5,betfair,100,—,—,,43.0,,hit,,,,—,,
2026-09-27T23:05:13.230254+00:00,nfl,2026,3,401872961,4018729612991,3,5:04,A.Jeanty up the middle to LV 35 for no gain (D.Stutsman).,2,4,LV 35,65,11,New Orleans Saints,Las Vegas Raiders,27,16,65.4,34.6,198.0,120.0,318.0,213.0,84.0,297.0,game,ML,New Orleans Saints,,,bet365,-185,—,—,,Win,,hit,,,,—,,
2026-09-27T23:05:13.230254+00:00,nfl,2026,3,401872961,4018729613013,3,4:22,(Shotgun) K.Cousins pass deep left to B.Bowers to NO 45 for 20 yards (K.McKinstry).,3,4,LV 35,65,11,New Orleans Saints,Las Vegas Raiders,27,16,65.4,34.6,198.0,120.0,318.0,213.0,84.0,297.0,game,Spread,Las Vegas Raiders,,2.5,prophetx,103,—,—,,+11,,miss,,,,—,,
2026-09-27T23:05:13.230254+00:00,nfl,2026,3,401872961,4018729613013,3,4:22,(Shotgun) K.Cousins pass deep left to B.Bowers to NO 45 for 20 yards (K.McKinstry).,3,4,LV 35,65,11,New Orleans Saints,Las Vegas Raiders,27,16,65.4,34.6,198.0,120.0,318.0,213.0,84.0,297.0,game,Spread,New Orleans Saints,,-2.5,bet365,-105,—,—,,+11,,hit,,,,—,,
2026-09-27T23:05:13.230254+00:00,nfl,2026,3,401872961,4018729613013,3,4:22,(Shotgun) K.Cousins pass deep left to B.Bowers to NO 45 for 20 yards (K.McKinstry).,3,4,LV 35,65,11,New Orleans Saints,Las Vegas Raiders,27,16,65.4,34.6,198.0,120.0,318.0,213.0,84.0,297.0,game,Total,Over,,61.5,betfair,-115,—,—,,43.0,,miss,,,,—,,
2026-09-27T23:05:13.230254+00:00,nfl,2026,3,401872961,4018729613013,3,4:22,(Shotgun) K.Cousins pass deep left to B.Bowers to NO 45 for 20 yards (K.McKinstry).,3,4,LV 35,65,11,New Orleans Saints,Las Vegas Raiders,27,16,65.4,34.6,198.0,120.0,318.0,213.0,84.0,297.0,game,Total,Under,,61.5,betfair,100,—,—,,43.0,,hit,,,,—,,
2026-09-27T23:05:13.230254+00:00,nfl,2026,3,401872961,4018729613013,3,4:22,(Shotgun) K.Cousins pass deep left to B.Bowers to NO 45 for 20 yards (K.McKinstry).,3,4,LV 35,65,11,New Orleans Saints,Las Vegas Raiders,27,16,65.4,34.6,198.0,120.0,318.0,213.0,84.0,297.0,game,ML,New Orleans Saints,,,bet365,-185,—,—,,Win,,hit,,,,—,,
2026-09-27T23:05:13.230254+00:00,nfl,2026,3,401872961,4018729613038,3,3:55,"(No Huddle, Shotgun) K.Cousins pass short left to T.Tucker ran ob at NO 36 for 9 yards (J.Reid).",1,10,NO 45,45,11,New Orleans Saints,Las Vegas Raiders,27,16,65.4,34.6,198.0,120.0,318.0,213.0,84.0,297.0,game,Spread,Las Vegas Raiders,,2.5,prophetx,103,—,—,,+11,,miss,,,,—,,
2026-09-27T23:05:13.230254+00:00,nfl,2026,3,401872961,4018729613038,3,3:55,"(No Huddle, Shotgun) K.Cousins pass short left to T.Tucker ran ob at NO 36 for 9 yards (J.Reid).",1,10,NO 45,45,11,New Orleans Saints,Las Vegas Raiders,27,16,65.4,34.6,198.0,120.0,318.0,213.0,84.0,297.0,game,Spread,New Orleans Saints,,-2.5,bet365,-105,—,—,,+11,,hit,,,,—,,
2026-09-27T23:05:13.230254+00:00,nfl,2026,3,401872961,4018729613038,3,3:55,"(No Huddle, Shotgun) K.Cousins pass short left to T.Tucker ran ob at NO 36 for 9 yards (J.Reid).",1,10,NO 45,45,11,New Orleans Saints,Las Vegas Raiders,27,16,65.4,34.6,198.0,120.0,318.0,213.0,84.0,297.0,game,Total,Over,,61.5,betfair,-115,—,—,,43.0,,miss,,,,—,,
2026-09-27T23:05:13.230254+00:00,nfl,2026,3,401872961,4018729613038,3,3:55,"(No Huddle, Shotgun) K.Cousins pass short left to T.Tucker ran ob at NO 36 for 9 yards (J.Reid).",1,10,NO 45,45,11,New Orleans Saints,Las Vegas Raiders,27,16,65.4,34.6,198.0,120.0,318.0,213.0,84.0,297.0,game,Total,Under,,61.5,betfair,100,—,—,,43.0,,hit,,,,—,,
2026-09-27T23:05:13.230254+00:00,nfl,2026,3,401872961,4018729613038,3,3:55,"(No Huddle, Shotgun) K.Cousins pass short left to T.Tucker ran ob at NO 36 for 9 yards (J.Reid).",1,10,NO 45,45,11,New Orleans Saints,Las Vegas Raiders,27,16,65.4,34.6,198.0,120.0,318.0,213.0,84.0,297.0,game,ML,New Orleans Saints,,,bet365,-185,—,—,,Win,,hit,,,,—,,
2026-09-27T23:05:13.230254+00:00,nfl,2026,3,401872961,4018729613121,3,3:20,Official Timeout at 03:20.,1,10,LV 35,65,5,New Orleans Saints,Las Vegas Raiders,27,22,65.4,34.6,198.0,120.0,318.0,213.0,84.0,297.0,game,Spread,Las Vegas Raiders,,2.5,prophetx,103,—,—,,+5,,miss,,,,—,,
2026-09-27T23:05:13.230254+00:00,nfl,2026,3,401872961,4018729613121,3,3:20,Official Timeout at 03:20.,1,10,LV 35,65,5,New Orleans Saints,Las Vegas Raiders,27,22,65.4,34.6,198.0,120.0,318.0,213.0,84.0,297.0,game,Spread,New Orleans Saints,,-2.5,bet365,-105,—,—,,+5,,hit,,,,—,,
2026-09-27T23:05:13.230254+00:00,nfl,2026,3,401872961,4018729613121,3,3:20,Official Timeout at 03:20.,1,10,LV 35,65,5,New Orleans Saints,Las Vegas Raiders,27,22,65.4,34.6,198.0,120.0,318.0,213.0,84.0,297.0,game,Total,Over,,61.5,betfair,-115,—,—,,49.0,,miss,,,,—,,
2026-09-27T23:05:13.230254+00:00,nfl,2026,3,401872961,4018729613121,3,3:20,Official Timeout at 03:20.,1,10,LV 35,65,5,New Orleans Saints,Las Vegas Raiders,27,22,65.4,34.6,198.0,120.0,318.0,213.0,84.0,297.0,game,Total,Under,,61.5,betfair,100,—,—,,49.0,,hit,,,,—,,
2026-09-27T23:05:13.230254+00:00,nfl,2026,3,401872961,4018729613121,3,3:20,Official Timeout at 03:20.,1,10,LV 35,65,5,New Orleans Saints,Las Vegas Raiders,27,22,65.4,34.6,198.0,120.0,318.0,213.0,84.0,297.0,game,ML,New Orleans Saints,,,bet365,-185,—,—,,Win,,hit,,,,—,,
2026-09-27T23:05:13.230254+00:00,nfl,2026,3,401872961,4018729613068,3,3:20,"M.Washington right guard pushed ob at NO 1 for 35 yards (J.Reid).Las Vegas challenged the short of the goal line ruling, and the play was REVERSED.M.Washington right guard for 36 yards, TOUCHDOWN. TWO-POINT CONVERSION ATTEMPT. K.Cousins pass to A.Jeanty is incomplete. ATTEMPT FAILS.",2,1,NO 36,36,5,New Orleans Saints,Las Vegas Raiders,27,22,65.4,34.6,198.0,120.0,318.0,213.0,84.0,297.0,game,Spread,Las Vegas Raiders,,2.5,prophetx,103,—,—,,+5,,miss,,,,—,,
2026-09-27T23:05:13.230254+00:00,nfl,2026,3,401872961,4018729613068,3,3:20,"M.Washington right guard pushed ob at NO 1 for 35 yards (J.Reid).Las Vegas challenged the short of the goal line ruling, and the play was REVERSED.M.Washington right guard for 36 yards, TOUCHDOWN. TWO-POINT CONVERSION ATTEMPT. K.Cousins pass to A.Jeanty is incomplete. ATTEMPT FAILS.",2,1,NO 36,36,5,New Orleans Saints,Las Vegas Raiders,27,22,65.4,34.6,198.0,120.0,318.0,213.0,84.0,297.0,game,Spread,New Orleans Saints,,-2.5,bet365,-105,—,—,,+5,,hit,,,,—,,
2026-09-27T23:05:13.230254+00:00,nfl,2026,3,401872961,4018729613068,3,3:20,"M.Washington right guard pushed ob at NO 1 for 35 yards (J.Reid).Las Vegas challenged the short of the goal line ruling, and the play was REVERSED.M.Washington right guard for 36 yards, TOUCHDOWN. TWO-POINT CONVERSION ATTEMPT. K.Cousins pass to A.Jeanty is incomplete. ATTEMPT FAILS.",2,1,NO 36,36,5,New Orleans Saints,Las Vegas Raiders,27,22,65.4,34.6,198.0,120.0,318.0,213.0,84.0,297.0,game,Total,Over,,61.5,betfair,-115,—,—,,49.0,,miss,,,,—,,
2026-09-27T23:05:13.230254+00:00,nfl,2026,3,401872961,4018729613068,3,3:20,"M.Washington right guard pushed ob at NO 1 for 35 yards (J.Reid).Las Vegas challenged the short of the goal line ruling, and the play was REVERSED.M.Washington right guard for 36 yards, TOUCHDOWN. TWO-POINT CONVERSION ATTEMPT. K.Cousins pass to A.Jeanty is incomplete. ATTEMPT FAILS.",2,1,NO 36,36,5,New Orleans Saints,Las Vegas Raiders,27,22,65.4,34.6,198.0,120.0,318.0,213.0,84.0,297.0,game,Total,Under,,61.5,betfair,100,—,—,,49.0,,hit,,,,—,,
2026-09-27T23:05:13.230254+00:00,nfl,2026,3,401872961,4018729613068,3,3:20,"M.Washington right guard pushed ob at NO 1 for 35 yards (J.Reid).Las Vegas challenged the short of the goal line ruling, and the play was REVERSED.M.Washington right guard for 36 yards, TOUCHDOWN. TWO-POINT CONVERSION ATTEMPT. K.Cousins pass to A.Jeanty is incomplete. ATTEMPT FAILS.",2,1,NO 36,36,5,New Orleans Saints,Las Vegas Raiders,27,22,65.4,34.6,198.0,120.0,318.0,213.0,84.0,297.0,game,ML,New Orleans Saints,,,bet365,-185,—,—,,Win,,hit,,,,—,,
2026-09-27T23:05:13.230254+00:00,nfl,2026,3,401872961,4018729613147,3,3:20,"M.Gay kicks 59 yards from LV 35 to NO 6, out of bounds.PENALTY on LV-M.Gay, Kickoff Out of Bounds, placed at NO 40.",1,10,NO 33,65,5,New Orleans Saints,Las Vegas Raiders,27,22,65.4,34.6,198.0,120.0,318.0,213.0,84.0,297.0,game,Spread,Las Vegas Raiders,,2.5,prophetx,103,—,—,,+5,,miss,,,,—,,
2026-09-27T23:05:13.230254+00:00,nfl,2026,3,401872961,4018729613147,3,3:20,"M.Gay kicks 59 yards from LV 35 to NO 6, out of bounds.PENALTY on LV-M.Gay, Kickoff Out of Bounds, placed at NO 40.",1,10,NO 33,65,5,New Orleans Saints,Las Vegas Raiders,27,22,65.4,34.6,198.0,120.0,318.0,213.0,84.0,297.0,game,Spread,New Orleans Saints,,-2.5,bet365,-105,—,—,,+5,,hit,,,,—,,
2026-09-27T23:05:13.230254+00:00,nfl,2026,3,401872961,4018729613147,3,3:20,"M.Gay kicks 59 yards from LV 35 to NO 6, out of bounds.PENALTY on LV-M.Gay, Kickoff Out of Bounds, placed at NO 40.",1,10,NO 33,65,5,New Orleans Saints,Las Vegas Raiders,27,22,65.4,34.6,198.0,120.0,318.0,213.0,84.0,297.0,game,Total,Over,,61.5,betfair,-115,—,—,,49.0,,miss,,,,—,,
2026-09-27T23:05:13.230254+00:00,nfl,2026,3,401872961,4018729613147,3,3:20,"M.Gay kicks 59 yards from LV 35 to NO 6, out of bounds.PENALTY on LV-M.Gay, Kickoff Out of Bounds, placed at NO 40.",1,10,NO 33,65,5,New Orleans Saints,Las Vegas Raiders,27,22,65.4,34.6,198.0,120.0,318.0,213.0,84.0,297.0,game,Total,Under,,61.5,betfair,100,—,—,,49.0,,hit,,,,—,,
2026-09-27T23:05:13.230254+00:00,nfl,2026,3,401872961,4018729613147,3,3:20,"M.Gay kicks 59 yards from LV 35 to NO 6, out of bounds.PENALTY on LV-M.Gay, Kickoff Out of Bounds, placed at NO 40.",1,10,NO 33,65,5,New Orleans Saints,Las Vegas Raiders,27,22,65.4,34.6,198.0,120.0,318.0,213.0,84.0,297.0,game,ML,New Orleans Saints,,,bet365,-185,—,—,,Win,,hit,,,,—,,
2026-09-27T23:05:13.230254+00:00,nfl,2026,3,401872961,4018729613181,3,3:20,(Shotgun) K.Miller up the middle to NO 45 for 5 yards (A.Butler; Q.Walker).,1,10,NO 40,40,5,New Orleans Saints,Las Vegas Raiders,27,22,65.4,34.6,198.0,120.0,318.0,213.0,84.0,297.0,game,Spread,Las Vegas Raiders,,2.5,prophetx,103,—,—,,+5,,miss,,,,—,,
2026-09-27T23:05:13.230254+00:00,nfl,2026,3,401872961,4018729613181,3,3:20,(Shotgun) K.Miller up the middle to NO 45 for 5 yards (A.Butler; Q.Walker).,1,10,NO 40,40,5,New Orleans Saints,Las Vegas Raiders,27,22,65.4,34.6,198.0,120.0,318.0,213.0,84.0,297.0,game,Spread,New Orleans Saints,,-2.5,bet365,-105,—,—,,+5,,hit,,,,—,,
2026-09-27T23:05:13.230254+00:00,nfl,2026,3,401872961,4018729613181,3,3:20,(Shotgun) K.Miller up the middle to NO 45 for 5 yards (A.Butler; Q.Walker).,1,10,NO 40,40,5,New Orleans Saints,Las Vegas Raiders,27,22,65.4,34.6,198.0,120.0,318.0,213.0,84.0,297.0,game,Total,Over,,61.5,betfair,-115,—,—,,49.0,,miss,,,,—,,
2026-09-27T23:05:13.230254+00:00,nfl,2026,3,401872961,4018729613181,3,3:20,(Shotgun) K.Miller up the middle to NO 45 for 5 yards (A.Butler; Q.Walker).,1,10,NO 40,40,5,New Orleans Saints,Las Vegas Raiders,27,22,65.4,34.6,198.0,120.0,318.0,213.0,84.0,297.0,game,Total,Under,,61.5,betfair,100,—,—,,49.0,,hit,,,,—,,
2026-09-27T23:05:13.230254+00:00,nfl,2026,3,401872961,4018729613181,3,3:20,(Shotgun) K.Miller up the middle to NO 45 for 5 yards (A.Butler; Q.Walker).,1,10,NO 40,40,5,New Orleans Saints,Las Vegas Raiders,27,22,65.4,34.6,198.0,120.0,318.0,213.0,84.0,297.0,game,ML,New Orleans Saints,,,bet365,-185,—,—,,Win,,hit,,,,—,,
2026-09-27T23:05:13.230254+00:00,nfl,2026,3,401872961,4018729613203,3,3:01,"(No Huddle, Shotgun) T.Shough pass short left to C.Olave to LV 43 for 12 yards (H.Masses).",2,5,NO 45,45,5,New Orleans Saints,Las Vegas Raiders,27,22,65.4,34.6,198.0,120.0,318.0,213.0,84.0,297.0,game,Spread,Las Vegas Raiders,,2.5,prophetx,103,—,—,,+5,,miss,,,,—,,
2026-09-27T23:05:13.230254+00:00,nfl,2026,3,401872961,4018729613203,3,3:01,"(No Huddle, Shotgun) T.Shough pass short left to C.Olave to LV 43 for 12 yards (H.Masses).",2,5,NO 45,45,5,New Orleans Saints,Las Vegas Raiders,27,22,65.4,34.6,198.0,120.0,318.0,213.0,84.0,297.0,game,Spread,New Orleans Saints,,-2.5,bet365,-105,—,—,,+5,,hit,,,,—,,
2026-09-27T23:05:13.230254+00:00,nfl,2026,3,401872961,4018729613203,3,3:01,"(No Huddle, Shotgun) T.Shough pass short left to C.Olave to LV 43 for 12 yards (H.Masses).",2,5,NO 45,45,5,New Orleans Saints,Las Vegas Raiders,27,22,65.4,34.6,198.0,120.0,318.0,213.0,84.0,297.0,game,Total,Over,,61.5,betfair,-115,—,—,,49.0,,miss,,,,—,,
2026-09-27T23:05:13.230254+00:00,nfl,2026,3,401872961,4018729613203,3,3:01,"(No Huddle, Shotgun) T.Shough pass short left to C.Olave to LV 43 for 12 yards (H.Masses).",2,5,NO 45,45,5,New Orleans Saints,Las Vegas Raiders,27,22,65.4,34.6,198.0,120.0,318.0,213.0,84.0,297.0,game,Total,Under,,61.5,betfair,100,—,—,,49.0,,hit,,,,—,,
2026-09-27T23:05:13.230254+00:00,nfl,2026,3,401872961,4018729613203,3,3:01,"(No Huddle, Shotgun) T.Shough pass short left to C.Olave to LV 43 for 12 yards (H.Masses).",2,5,NO 45,45,5,New Orleans Saints,Las Vegas Raiders,27,22,65.4,34.6,198.0,120.0,318.0,213.0,84.0,297.0,game,ML,New Orleans Saints,,,bet365,-185,—,—,,Win,,hit,,,,—,,
2026-09-27T23:05:13.230254+00:00,nfl,2026,3,401872961,4018729613228,3,2:23,"(No Huddle, Shotgun) T.Shough pass incomplete short right to B.Lance.",1,10,LV 43,57,5,New Orleans Saints,Las Vegas Raiders,27,22,65.4,34.6,198.0,120.0,318.0,213.0,84.0,297.0,game,Spread,Las Vegas Raiders,,2.5,prophetx,103,—,—,,+5,,miss,,,,—,,
2026-09-27T23:05:13.230254+00:00,nfl,2026,3,401872961,4018729613228,3,2:23,"(No Huddle, Shotgun) T.Shough pass incomplete short right to B.Lance.",1,10,LV 43,57,5,New Orleans Saints,Las Vegas Raiders,27,22,65.4,34.6,198.0,120.0,318.0,213.0,84.0,297.0,game,Spread,New Orleans Saints,,-2.5,bet365,-105,—,—,,+5,,hit,,,,—,,
2026-09-27T23:05:13.230254+00:00,nfl,2026,3,401872961,4018729613228,3,2:23,"(No Huddle, Shotgun) T.Shough pass incomplete short right to B.Lance.",1,10,LV 43,57,5,New Orleans Saints,Las Vegas Raiders,27,22,65.4,34.6,198.0,120.0,318.0,213.0,84.0,297.0,game,Total,Over,,61.5,betfair,-115,—,—,,49.0,,miss,,,,—,,
2026-09-27T23:05:13.230254+00:00,nfl,2026,3,401872961,4018729613228,3,2:23,"(No Huddle, Shotgun) T.Shough pass incomplete short right to B.Lance.",1,10,LV 43,57,5,New Orleans Saints,Las Vegas Raiders,27,22,65.4,34.6,198.0,120.0,318.0,213.0,84.0,297.0,game,Total,Under,,61.5,betfair,100,—,—,,49.0,,hit,,,,—,,
2026-09-27T23:05:13.230254+00:00,nfl,2026,3,401872961,4018729613228,3,2:23,"(No Huddle, Shotgun) T.Shough pass incomplete short right to B.Lance.",1,10,LV 43,57,5,New Orleans Saints,Las Vegas Raiders,27,22,65.4,34.6,198.0,120.0,318.0,213.0,84.0,297.0,game,ML,New Orleans Saints,,,bet365,-185,—,—,,Win,,hit,,,,—,,
2026-09-27T23:05:13.230254+00:00,nfl,2026,3,401872961,4018729613256,3,2:18,T.Shough pass incomplete deep right to C.Olave.,2,10,LV 43,57,5,New Orleans Saints,Las Vegas Raiders,27,22,65.4,34.6,198.0,120.0,318.0,213.0,84.0,297.0,game,Spread,Las Vegas Raiders,,2.5,prophetx,103,—,—,,+5,,miss,,,,—,,
2026-09-27T23:05:13.230254+00:00,nfl,2026,3,401872961,4018729613256,3,2:18,T.Shough pass incomplete deep right to C.Olave.,2,10,LV 43,57,5,New Orleans Saints,Las Vegas Raiders,27,22,65.4,34.6,198.0,120.0,318.0,213.0,84.0,297.0,game,Spread,New Orleans Saints,,-2.5,bet365,-105,—,—,,+5,,hit,,,,—,,
2026-09-27T23:05:13.230254+00:00,nfl,2026,3,401872961,4018729613256,3,2:18,T.Shough pass incomplete deep right to C.Olave.,2,10,LV 43,57,5,New Orleans Saints,Las Vegas Raiders,27,22,65.4,34.6,198.0,120.0,318.0,213.0,84.0,297.0,game,Total,Over,,61.5,betfair,-115,—,—,,49.0,,miss,,,,—,,
2026-09-27T23:05:13.230254+00:00,nfl,2026,3,401872961,4018729613256,3,2:18,T.Shough pass incomplete deep right to C.Olave.,2,10,LV 43,57,5,New Orleans Saints,Las Vegas Raiders,27,22,65.4,34.6,198.0,120.0,318.0,213.0,84.0,297.0,game,Total,Under,,61.5,betfair,100,—,—,,49.0,,hit,,,,—,,
2026-09-27T23:05:13.230254+00:00,nfl,2026,3,401872961,4018729613256,3,2:18,T.Shough pass incomplete deep right to C.Olave.,2,10,LV 43,57,5,New Orleans Saints,Las Vegas Raiders,27,22,65.4,34.6,198.0,120.0,318.0,213.0,84.0,297.0,game,ML,New Orleans Saints,,,bet365,-185,—,—,,Win,,hit,,,,—,,
2026-09-27T23:05:13.230254+00:00,nfl,2026,3,401872961,4018729613279,3,2:14,(Shotgun) T.Shough pass incomplete deep middle to D.Vele (T.Johnson).,3,10,LV 43,57,5,New Orleans Saints,Las Vegas Raiders,27,22,65.4,34.6,198.0,120.0,318.0,213.0,84.0,297.0,game,Spread,Las Vegas Raiders,,2.5,prophetx,103,—,—,,+5,,miss,,,,—,,
2026-09-27T23:05:13.230254+00:00,nfl,2026,3,401872961,4018729613279,3,2:14,(Shotgun) T.Shough pass incomplete deep middle to D.Vele (T.Johnson).,3,10,LV 43,57,5,New Orleans Saints,Las Vegas Raiders,27,22,65.4,34.6,198.0,120.0,318.0,213.0,84.0,297.0,game,Spread,New Orleans Saints,,-2.5,bet365,-105,—,—,,+5,,hit,,,,—,,
2026-09-27T23:05:13.230254+00:00,nfl,2026,3,401872961,4018729613279,3,2:14,(Shotgun) T.Shough pass incomplete deep middle to D.Vele (T.Johnson).,3,10,LV 43,57,5,New Orleans Saints,Las Vegas Raiders,27,22,65.4,34.6,198.0,120.0,318.0,213.0,84.0,297.0,game,Total,Over,,61.5,betfair,-115,—,—,,49.0,,miss,,,,—,,
2026-09-27T23:05:13.230254+00:00,nfl,2026,3,401872961,4018729613279,3,2:14,(Shotgun) T.Shough pass incomplete deep middle to D.Vele (T.Johnson).,3,10,LV 43,57,5,New Orleans Saints,Las Vegas Raiders,27,22,65.4,34.6,198.0,120.0,318.0,213.0,84.0,297.0,game,Total,Under,,61.5,betfair,100,—,—,,49.0,,hit,,,,—,,
2026-09-27T23:05:13.230254+00:00,nfl,2026,3,401872961,4018729613279,3,2:14,(Shotgun) T.Shough pass incomplete deep middle to D.Vele (T.Johnson).,3,10,LV 43,57,5,New Orleans Saints,Las Vegas Raiders,27,22,65.4,34.6,198.0,120.0,318.0,213.0,84.0,297.0,game,ML,New Orleans Saints,,,bet365,-185,—,—,,Win,,hit,,,,—,,
2026-09-27T23:05:13.230254+00:00,nfl,2026,3,401872961,4018729613302,3,2:07,"(Punt formation) PENALTY on NO, Delay of Game, 5 yards, enforced at LV 43 - No Play.",4,10,LV 43,57,5,New Orleans Saints,Las Vegas Raiders,27,22,65.4,34.6,198.0,120.0,318.0,213.0,84.0,297.0,game,Spread,Las Vegas Raiders,,2.5,prophetx,103,—,—,,+5,,miss,,,,—,,
2026-09-27T23:05:13.230254+00:00,nfl,2026,3,401872961,4018729613302,3,2:07,"(Punt formation) PENALTY on NO, Delay of Game, 5 yards, enforced at LV 43 - No Play.",4,10,LV 43,57,5,New Orleans Saints,Las Vegas Raiders,27,22,65.4,34.6,198.0,120.0,318.0,213.0,84.0,297.0,game,Spread,New Orleans Saints,,-2.5,bet365,-105,—,—,,+5,,hit,,,,—,,
2026-09-27T23:05:13.230254+00:00,nfl,2026,3,401872961,4018729613302,3,2:07,"(Punt formation) PENALTY on NO, Delay of Game, 5 yards, enforced at LV 43 - No Play.",4,10,LV 43,57,5,New Orleans Saints,Las Vegas Raiders,27,22,65.4,34.6,198.0,120.0,318.0,213.0,84.0,297.0,game,Total,Over,,61.5,betfair,-115,—,—,,49.0,,miss,,,,—,,
2026-09-27T23:05:13.230254+00:00,nfl,2026,3,401872961,4018729613302,3,2:07,"(Punt formation) PENALTY on NO, Delay of Game, 5 yards, enforced at LV 43 - No Play.",4,10,LV 43,57,5,New Orleans Saints,Las Vegas Raiders,27,22,65.4,34.6,198.0,120.0,318.0,213.0,84.0,297.0,game,Total,Under,,61.5,betfair,100,—,—,,49.0,,hit,,,,—,,
2026-09-27T23:05:13.230254+00:00,nfl,2026,3,401872961,4018729613302,3,2:07,"(Punt formation) PENALTY on NO, Delay of Game, 5 yards, enforced at LV 43 - No Play.",4,10,LV 43,57,5,New Orleans Saints,Las Vegas Raiders,27,22,65.4,34.6,198.0,120.0,318.0,213.0,84.0,297.0,game,ML,New Orleans Saints,,,bet365,-185,—,—,,Win,,hit,,,,—,,
2026-09-27T23:05:13.230254+00:00,nfl,2026,3,401872961,4018729613330,3,2:07,"R.Wright punts 38 yards to LV 10, Center-C.Adomitis, fair catch by D.Laube.",4,15,LV 48,52,5,New Orleans Saints,Las Vegas Raiders,27,22,65.4,34.6,198.0,120.0,318.0,213.0,84.0,297.0,game,Spread,Las Vegas Raiders,,2.5,prophetx,103,—,—,,+5,,miss,,,,—,,
2026-09-27T23:05:13.230254+00:00,nfl,2026,3,401872961,4018729613330,3,2:07,"R.Wright punts 38 yards to LV 10, Center-C.Adomitis, fair catch by D.Laube.",4,15,LV 48,52,5,New Orleans Saints,Las Vegas Raiders,27,22,65.4,34.6,198.0,120.0,318.0,213.0,84.0,297.0,game,Spread,New Orleans Saints,,-2.5,bet365,-105,—,—,,+5,,hit,,,,—,,
2026-09-27T23:05:13.230254+00:00,nfl,2026,3,401872961,4018729613330,3,2:07,"R.Wright punts 38 yards to LV 10, Center-C.Adomitis, fair catch by D.Laube.",4,15,LV 48,52,5,New Orleans Saints,Las Vegas Raiders,27,22,65.4,34.6,198.0,120.0,318.0,213.0,84.0,297.0,game,Total,Over,,61.5,betfair,-115,—,—,,49.0,,miss,,,,—,,
2026-09-27T23:05:13.230254+00:00,nfl,2026,3,401872961,4018729613330,3,2:07,"R.Wright punts 38 yards to LV 10, Center-C.Adomitis, fair catch by D.Laube.",4,15,LV 48,52,5,New Orleans Saints,Las Vegas Raiders,27,22,65.4,34.6,198.0,120.0,318.0,213.0,84.0,297.0,game,Total,Under,,61.5,betfair,100,—,—,,49.0,,hit,,,,—,,
2026-09-27T23:05:13.230254+00:00,nfl,2026,3,401872961,4018729613330,3,2:07,"R.Wright punts 38 yards to LV 10, Center-C.Adomitis, fair catch by D.Laube.",4,15,LV 48,52,5,New Orleans Saints,Las Vegas Raiders,27,22,65.4,34.6,198.0,120.0,318.0,213.0,84.0,297.0,game,ML,New Orleans Saints,,,bet365,-185,—,—,,Win,,hit,,,,—,,
2026-09-27T23:05:13.230254+00:00,nfl,2026,3,401872961,4018729613340,3,2:01,Official Timeout at 02:01.,1,10,LV 10,90,5,New Orleans Saints,Las Vegas Raiders,27,22,65.4,34.6,198.0,120.0,318.0,213.0,84.0,297.0,game,Spread,Las Vegas Raiders,,2.5,prophetx,103,—,—,,+5,,miss,,,,—,,
2026-09-27T23:05:13.230254+00:00,nfl,2026,3,401872961,4018729613340,3,2:01,Official Timeout at 02:01.,1,10,LV 10,90,5,New Orleans Saints,Las Vegas Raiders,27,22,65.4,34.6,198.0,120.0,318.0,213.0,84.0,297.0,game,Spread,New Orleans Saints,,-2.5,bet365,-105,—,—,,+5,,hit,,,,—,,
2026-09-27T23:05:13.230254+00:00,nfl,2026,3,401872961,4018729613340,3,2:01,Official Timeout at 02:01.,1,10,LV 10,90,5,New Orleans Saints,Las Vegas Raiders,27,22,65.4,34.6,198.0,120.0,318.0,213.0,84.0,297.0,game,Total,Over,,61.5,betfair,-115,—,—,,49.0,,miss,,,,—,,
2026-09-27T23:05:13.230254+00:00,nfl,2026,3,401872961,4018729613340,3,2:01,Official Timeout at 02:01.,1,10,LV 10,90,5,New Orleans Saints,Las Vegas Raiders,27,22,65.4,34.6,198.0,120.0,318.0,213.0,84.0,297.0,game,Total,Under,,61.5,betfair,100,—,—,,49.0,,hit,,,,—,,
2026-09-27T23:05:13.230254+00:00,nfl,2026,3,401872961,4018729613340,3,2:01,Official Timeout at 02:01.,1,10,LV 10,90,5,New Orleans Saints,Las Vegas Raiders,27,22,65.4,34.6,198.0,120.0,318.0,213.0,84.0,297.0,game,ML,New Orleans Saints,,,bet365,-185,—,—,,Win,,hit,,,,—,,
2026-09-27T23:05:13.230254+00:00,nfl,2026,3,401872961,4018729613350,3,2:01, K.Cousins pass incomplete short right to C.White.,1,10,LV 10,90,5,New Orleans Saints,Las Vegas Raiders,27,22,65.4,34.6,198.0,120.0,318.0,213.0,84.0,297.0,game,Spread,Las Vegas Raiders,,2.5,prophetx,103,—,—,,+5,,miss,,,,—,,
2026-09-27T23:05:13.230254+00:00,nfl,2026,3,401872961,4018729613350,3,2:01, K.Cousins pass incomplete short right to C.White.,1,10,LV 10,90,5,New Orleans Saints,Las Vegas Raiders,27,22,65.4,34.6,198.0,120.0,318.0,213.0,84.0,297.0,game,Spread,New Orleans Saints,,-2.5,bet365,-105,—,—,,+5,,hit,,,,—,,
2026-09-27T23:05:13.230254+00:00,nfl,2026,3,401872961,4018729613350,3,2:01, K.Cousins pass incomplete short right to C.White.,1,10,LV 10,90,5,New Orleans Saints,Las Vegas Raiders,27,22,65.4,34.6,198.0,120.0,318.0,213.0,84.0,297.0,game,Total,Over,,61.5,betfair,-115,—,—,,49.0,,miss,,,,—,,
2026-09-27T23:05:13.230254+00:00,nfl,2026,3,401872961,4018729613350,3,2:01, K.Cousins pass incomplete short right to C.White.,1,10,LV 10,90,5,New Orleans Saints,Las Vegas Raiders,27,22,65.4,34.6,198.0,120.0,318.0,213.0,84.0,297.0,game,Total,Under,,61.5,betfair,100,—,—,,49.0,,hit,,,,—,,
2026-09-27T23:05:13.230254+00:00,nfl,2026,3,401872961,4018729613350,3,2:01, K.Cousins pass incomplete short right to C.White.,1,10,LV 10,90,5,New Orleans Saints,Las Vegas Raiders,27,22,65.4,34.6,198.0,120.0,318.0,213.0,84.0,297.0,game,ML,New Orleans Saints,,,bet365,-185,—,—,,Win,,hit,,,,—,,
2026-09-27T23:05:13.230254+00:00,nfl,2026,3,401872961,4018729613380,3,1:57,(Shotgun) K.Cousins pass incomplete short right. ** Injury Update: NO-C.Granderson has returned to the game.,2,10,LV 10,90,5,New Orleans Saints,Las Vegas Raiders,27,22,65.4,34.6,198.0,120.0,318.0,213.0,84.0,297.0,game,Spread,Las Vegas Raiders,,2.5,prophetx,103,—,—,,+5,,miss,,,,—,,
2026-09-27T23:05:13.230254+00:00,nfl,2026,3,401872961,4018729613380,3,1:57,(Shotgun) K.Cousins pass incomplete short right. ** Injury Update: NO-C.Granderson has returned to the game.,2,10,LV 10,90,5,New Orleans Saints,Las Vegas Raiders,27,22,65.4,34.6,198.0,120.0,318.0,213.0,84.0,297.0,game,Spread,New Orleans Saints,,-2.5,bet365,-105,—,—,,+5,,hit,,,,—,,
2026-09-27T23:05:13.230254+00:00,nfl,2026,3,401872961,4018729613380,3,1:57,(Shotgun) K.Cousins pass incomplete short right. ** Injury Update: NO-C.Granderson has returned to the game.,2,10,LV 10,90,5,New Orleans Saints,Las Vegas Raiders,27,22,65.4,34.6,198.0,120.0,318.0,213.0,84.0,297.0,game,Total,Over,,61.5,betfair,-115,—,—,,49.0,,miss,,,,—,,
2026-09-27T23:05:13.230254+00:00,nfl,2026,3,401872961,4018729613380,3,1:57,(Shotgun) K.Cousins pass incomplete short right. ** Injury Update: NO-C.Granderson has returned to the game.,2,10,LV 10,90,5,New Orleans Saints,Las Vegas Raiders,27,22,65.4,34.6,198.0,120.0,318.0,213.0,84.0,297.0,game,Total,Under,,61.5,betfair,100,—,—,,49.0,,hit,,,,—,,
2026-09-27T23:05:13.230254+00:00,nfl,2026,3,401872961,4018729613380,3,1:57,(Shotgun) K.Cousins pass incomplete short right. ** Injury Update: NO-C.Granderson has returned to the game.,2,10,LV 10,90,5,New Orleans Saints,Las Vegas Raiders,27,22,65.4,34.6,198.0,120.0,318.0,213.0,84.0,297.0,game,ML,New Orleans Saints,,,bet365,-185,—,—,,Win,,hit,,,,—,,
2026-09-27T23:05:13.230254+00:00,nfl,2026,3,401872961,4018729613403,3,1:52,(Shotgun) K.Cousins pass incomplete deep right to M.Benson.,3,10,LV 10,90,5,New Orleans Saints,Las Vegas Raiders,27,22,65.4,34.6,198.0,120.0,318.0,213.0,84.0,297.0,game,Spread,Las Vegas Raiders,,2.5,prophetx,103,—,—,,+5,,miss,,,,—,,
2026-09-27T23:05:13.230254+00:00,nfl,2026,3,401872961,4018729613403,3,1:52,(Shotgun) K.Cousins pass incomplete deep right to M.Benson.,3,10,LV 10,90,5,New Orleans Saints,Las Vegas Raiders,27,22,65.4,34.6,198.0,120.0,318.0,213.0,84.0,297.0,game,Spread,New Orleans Saints,,-2.5,bet365,-105,—,—,,+5,,hit,,,,—,,
2026-09-27T23:05:13.230254+00:00,nfl,2026,3,401872961,4018729613403,3,1:52,(Shotgun) K.Cousins pass incomplete deep right to M.Benson.,3,10,LV 10,90,5,New Orleans Saints,Las Vegas Raiders,27,22,65.4,34.6,198.0,120.0,318.0,213.0,84.0,297.0,game,Total,Over,,61.5,betfair,-115,—,—,,49.0,,miss,,,,—,,
2026-09-27T23:05:13.230254+00:00,nfl,2026,3,401872961,4018729613403,3,1:52,(Shotgun) K.Cousins pass incomplete deep right to M.Benson.,3,10,LV 10,90,5,New Orleans Saints,Las Vegas Raiders,27,22,65.4,34.6,198.0,120.0,318.0,213.0,84.0,297.0,game,Total,Under,,61.5,betfair,100,—,—,,49.0,,hit,,,,—,,
2026-09-27T23:05:13.230254+00:00,nfl,2026,3,401872961,4018729613403,3,1:52,(Shotgun) K.Cousins pass incomplete deep right to M.Benson.,3,10,LV 10,90,5,New Orleans Saints,Las Vegas Raiders,27,22,65.4,34.6,198.0,120.0,318.0,213.0,84.0,297.0,game,ML,New Orleans Saints,,,bet365,-185,—,—,,Win,,hit,,,,—,,
2026-09-27T23:05:13.230254+00:00,nfl,2026,3,401872961,4018729613429,3,1:47,"A.Cole punts 62 yards to NO 28, Center-A.Ward. J.Price to NO 39 for 11 yards (P.Johnson).",4,10,LV 10,90,5,New Orleans Saints,Las Vegas Raiders,27,22,65.4,34.6,198.0,120.0,318.0,213.0,84.0,297.0,game,Spread,Las Vegas Raiders,,2.5,prophetx,103,—,—,,+5,,miss,,,,—,,
2026-09-27T23:05:13.230254+00:00,nfl,2026,3,401872961,4018729613429,3,1:47,"A.Cole punts 62 yards to NO 28, Center-A.Ward. J.Price to NO 39 for 11 yards (P.Johnson).",4,10,LV 10,90,5,New Orleans Saints,Las Vegas Raiders,27,22,65.4,34.6,198.0,120.0,318.0,213.0,84.0,297.0,game,Spread,New Orleans Saints,,-2.5,bet365,-105,—,—,,+5,,hit,,,,—,,
2026-09-27T23:05:13.230254+00:00,nfl,2026,3,401872961,4018729613429,3,1:47,"A.Cole punts 62 yards to NO 28, Center-A.Ward. J.Price to NO 39 for 11 yards (P.Johnson).",4,10,LV 10,90,5,New Orleans Saints,Las Vegas Raiders,27,22,65.4,34.6,198.0,120.0,318.0,213.0,84.0,297.0,game,Total,Over,,61.5,betfair,-115,—,—,,49.0,,miss,,,,—,,
2026-09-27T23:05:13.230254+00:00,nfl,2026,3,401872961,4018729613429,3,1:47,"A.Cole punts 62 yards to NO 28, Center-A.Ward. J.Price to NO 39 for 11 yards (P.Johnson).",4,10,LV 10,90,5,New Orleans Saints,Las Vegas Raiders,27,22,65.4,34.6,198.0,120.0,318.0,213.0,84.0,297.0,game,Total,Under,,61.5,betfair,100,—,—,,49.0,,hit,,,,—,,
2026-09-27T23:05:13.230254+00:00,nfl,2026,3,401872961,4018729613429,3,1:47,"A.Cole punts 62 yards to NO 28, Center-A.Ward. J.Price to NO 39 for 11 yards (P.Johnson).",4,10,LV 10,90,5,New Orleans Saints,Las Vegas Raiders,27,22,65.4,34.6,198.0,120.0,318.0,213.0,84.0,297.0,game,ML,New Orleans Saints,,,bet365,-185,—,—,,Win,,hit,,,,—,,
2026-09-27T23:05:13.230254+00:00,nfl,2026,3,401872961,4018729613466,3,1:36,A.Kamara right tackle to NO 44 for 5 yards (N.Dean).,1,10,NO 39,39,5,New Orleans Saints,Las Vegas Raiders,27,22,65.4,34.6,198.0,120.0,318.0,213.0,84.0,297.0,game,Spread,Las Vegas Raiders,,2.5,pinnacle,-115,—,—,,+5,,miss,,,,—,,
2026-09-27T23:05:13.230254+00:00,nfl,2026,3,401872961,4018729613466,3,1:36,A.Kamara right tackle to NO 44 for 5 yards (N.Dean).,1,10,NO 39,39,5,New Orleans Saints,Las Vegas Raiders,27,22,65.4,34.6,198.0,120.0,318.0,213.0,84.0,297.0,game,Spread,New Orleans Saints,,-2.5,pinnacle,-113,—,—,,+5,,hit,,,,—,,
2026-09-27T23:05:13.230254+00:00,nfl,2026,3,401872961,4018729613466,3,1:36,A.Kamara right tackle to NO 44 for 5 yards (N.Dean).,1,10,NO 39,39,5,New Orleans Saints,Las Vegas Raiders,27,22,65.4,34.6,198.0,120.0,318.0,213.0,84.0,297.0,game,Total,Over,,61.5,betfair,-115,—,—,,49.0,,miss,,,,—,,
2026-09-27T23:05:13.230254+00:00,nfl,2026,3,401872961,4018729613466,3,1:36,A.Kamara right tackle to NO 44 for 5 yards (N.Dean).,1,10,NO 39,39,5,New Orleans Saints,Las Vegas Raiders,27,22,65.4,34.6,198.0,120.0,318.0,213.0,84.0,297.0,game,Total,Under,,61.5,bet365,-115,—,—,,49.0,,hit,,,,—,,
2026-09-27T23:05:13.230254+00:00,nfl,2026,3,401872961,4018729613466,3,1:36,A.Kamara right tackle to NO 44 for 5 yards (N.Dean).,1,10,NO 39,39,5,New Orleans Saints,Las Vegas Raiders,27,22,65.4,34.6,198.0,120.0,318.0,213.0,84.0,297.0,game,ML,Las Vegas Raiders,,,pinnacle,162,—,—,,Loss,,miss,,,,—,,
2026-09-27T23:05:13.230254+00:00,nfl,2026,3,401872961,4018729613466,3,1:36,A.Kamara right tackle to NO 44 for 5 yards (N.Dean).,1,10,NO 39,39,5,New Orleans Saints,Las Vegas Raiders,27,22,65.4,34.6,198.0,120.0,318.0,213.0,84.0,297.0,game,ML,New Orleans Saints,,,bet365,-200,—,—,,Win,,hit,,,,—,,
2026-09-27T23:05:13.230254+00:00,nfl,2026,3,401872961,4018729613488,3,0:57,(Shotgun) T.Shough pass incomplete short left to C.Olave (N.Dean).,2,5,NO 44,44,5,New Orleans Saints,Las Vegas Raiders,27,22,65.4,34.6,198.0,120.0,318.0,213.0,84.0,297.0,game,Spread,Las Vegas Raiders,,2.5,pinnacle,-115,—,—,,+5,,miss,,,,—,,
2026-09-27T23:05:13.230254+00:00,nfl,2026,3,401872961,4018729613488,3,0:57,(Shotgun) T.Shough pass incomplete short left to C.Olave (N.Dean).,2,5,NO 44,44,5,New Orleans Saints,Las Vegas Raiders,27,22,65.4,34.6,198.0,120.0,318.0,213.0,84.0,297.0,game,Spread,New Orleans Saints,,-2.5,pinnacle,-113,—,—,,+5,,hit,,,,—,,
2026-09-27T23:05:13.230254+00:00,nfl,2026,3,401872961,4018729613488,3,0:57,(Shotgun) T.Shough pass incomplete short left to C.Olave (N.Dean).,2,5,NO 44,44,5,New Orleans Saints,Las Vegas Raiders,27,22,65.4,34.6,198.0,120.0,318.0,213.0,84.0,297.0,game,Total,Over,,61.5,betfair,-115,—,—,,49.0,,miss,,,,—,,
2026-09-27T23:05:13.230254+00:00,nfl,2026,3,401872961,4018729613488,3,0:57,(Shotgun) T.Shough pass incomplete short left to C.Olave (N.Dean).,2,5,NO 44,44,5,New Orleans Saints,Las Vegas Raiders,27,22,65.4,34.6,198.0,120.0,318.0,213.0,84.0,297.0,game,Total,Under,,61.5,bet365,-115,—,—,,49.0,,hit,,,,—,,
2026-09-27T23:05:13.230254+00:00,nfl,2026,3,401872961,4018729613488,3,0:57,(Shotgun) T.Shough pass incomplete short left to C.Olave (N.Dean).,2,5,NO 44,44,5,New Orleans Saints,Las Vegas Raiders,27,22,65.4,34.6,198.0,120.0,318.0,213.0,84.0,297.0,game,ML,Las Vegas Raiders,,,pinnacle,162,—,—,,Loss,,miss,,,,—,,
2026-09-27T23:05:13.230254+00:00,nfl,2026,3,401872961,4018729613488,3,0:57,(Shotgun) T.Shough pass incomplete short left to C.Olave (N.Dean).,2,5,NO 44,44,5,New Orleans Saints,Las Vegas Raiders,27,22,65.4,34.6,198.0,120.0,318.0,213.0,84.0,297.0,game,ML,New Orleans Saints,,,bet365,-200,—,—,,Win,,hit,,,,—,,
2026-09-27T23:05:13.230254+00:00,nfl,2026,3,401872961,4018729613511,3,0:53,(Shotgun) T.Shough pass short left to C.Olave to LV 45 for 11 yards (H.Masses).,3,5,NO 44,44,5,New Orleans Saints,Las Vegas Raiders,27,22,65.4,34.6,198.0,120.0,318.0,213.0,84.0,297.0,game,Spread,Las Vegas Raiders,,2.5,pinnacle,-115,—,—,,+5,,miss,,,,—,,
2026-09-27T23:05:13.230254+00:00,nfl,2026,3,401872961,4018729613511,3,0:53,(Shotgun) T.Shough pass short left to C.Olave to LV 45 for 11 yards (H.Masses).,3,5,NO 44,44,5,New Orleans Saints,Las Vegas Raiders,27,22,65.4,34.6,198.0,120.0,318.0,213.0,84.0,297.0,game,Spread,New Orleans Saints,,-2.5,pinnacle,-113,—,—,,+5,,hit,,,,—,,
2026-09-27T23:05:13.230254+00:00,nfl,2026,3,401872961,4018729613511,3,0:53,(Shotgun) T.Shough pass short left to C.Olave to LV 45 for 11 yards (H.Masses).,3,5,NO 44,44,5,New Orleans Saints,Las Vegas Raiders,27,22,65.4,34.6,198.0,120.0,318.0,213.0,84.0,297.0,game,Total,Over,,61.5,betfair,-115,—,—,,49.0,,miss,,,,—,,
2026-09-27T23:05:13.230254+00:00,nfl,2026,3,401872961,4018729613511,3,0:53,(Shotgun) T.Shough pass short left to C.Olave to LV 45 for 11 yards (H.Masses).,3,5,NO 44,44,5,New Orleans Saints,Las Vegas Raiders,27,22,65.4,34.6,198.0,120.0,318.0,213.0,84.0,297.0,game,Total,Under,,61.5,bet365,-115,—,—,,49.0,,hit,,,,—,,
2026-09-27T23:05:13.230254+00:00,nfl,2026,3,401872961,4018729613511,3,0:53,(Shotgun) T.Shough pass short left to C.Olave to LV 45 for 11 yards (H.Masses).,3,5,NO 44,44,5,New Orleans Saints,Las Vegas Raiders,27,22,65.4,34.6,198.0,120.0,318.0,213.0,84.0,297.0,game,ML,Las Vegas Raiders,,,pinnacle,162,—,—,,Loss,,miss,,,,—,,
2026-09-27T23:05:13.230254+00:00,nfl,2026,3,401872961,4018729613511,3,0:53,(Shotgun) T.Shough pass short left to C.Olave to LV 45 for 11 yards (H.Masses).,3,5,NO 44,44,5,New Orleans Saints,Las Vegas Raiders,27,22,65.4,34.6,198.0,120.0,318.0,213.0,84.0,297.0,game,ML,New Orleans Saints,,,bet365,-200,—,—,,Win,,hit,,,,—,,
2026-09-27T23:05:13.230254+00:00,nfl,2026,3,401872961,4018729613536,3,0:16,K.Miller right guard to LV 44 for 1 yard (T.Johnson).,1,10,LV 45,55,5,New Orleans Saints,Las Vegas Raiders,27,22,65.4,34.6,198.0,120.0,318.0,213.0,84.0,297.0,game,Spread,Las Vegas Raiders,,2.5,pinnacle,-115,—,—,,+5,,miss,,,,—,,
2026-09-27T23:05:13.230254+00:00,nfl,2026,3,401872961,4018729613536,3,0:16,K.Miller right guard to LV 44 for 1 yard (T.Johnson).,1,10,LV 45,55,5,New Orleans Saints,Las Vegas Raiders,27,22,65.4,34.6,198.0,120.0,318.0,213.0,84.0,297.0,game,Spread,New Orleans Saints,,-2.5,pinnacle,-113,—,—,,+5,,hit,,,,—,,
2026-09-27T23:05:13.230254+00:00,nfl,2026,3,401872961,4018729613536,3,0:16,K.Miller right guard to LV 44 for 1 yard (T.Johnson).,1,10,LV 45,55,5,New Orleans Saints,Las Vegas Raiders,27,22,65.4,34.6,198.0,120.0,318.0,213.0,84.0,297.0,game,Total,Over,,61.5,betfair,-115,—,—,,49.0,,miss,,,,—,,
2026-09-27T23:05:13.230254+00:00,nfl,2026,3,401872961,4018729613536,3,0:16,K.Miller right guard to LV 44 for 1 yard (T.Johnson).,1,10,LV 45,55,5,New Orleans Saints,Las Vegas Raiders,27,22,65.4,34.6,198.0,120.0,318.0,213.0,84.0,297.0,game,Total,Under,,61.5,bet365,-115,—,—,,49.0,,hit,,,,—,,
2026-09-27T23:05:13.230254+00:00,nfl,2026,3,401872961,4018729613536,3,0:16,K.Miller right guard to LV 44 for 1 yard (T.Johnson).,1,10,LV 45,55,5,New Orleans Saints,Las Vegas Raiders,27,22,65.4,34.6,198.0,120.0,318.0,213.0,84.0,297.0,game,ML,Las Vegas Raiders,,,pinnacle,162,—,—,,Loss,,miss,,,,—,,
2026-09-27T23:05:13.230254+00:00,nfl,2026,3,401872961,4018729613536,3,0:16,K.Miller right guard to LV 44 for 1 yard (T.Johnson).,1,10,LV 45,55,5,New Orleans Saints,Las Vegas Raiders,27,22,65.4,34.6,198.0,120.0,318.0,213.0,84.0,297.0,game,ML,New Orleans Saints,,,bet365,-200,—,—,,Win,,hit,,,,—,,
2026-09-27T23:05:13.230254+00:00,nfl,2026,3,401872961,4018729613567,3,0:00,END QUARTER 3,2,9,NO 33,56,5,New Orleans Saints,Las Vegas Raiders,27,22,65.4,34.6,198.0,120.0,318.0,213.0,84.0,297.0,game,Spread,Las Vegas Raiders,,2.5,pinnacle,-115,—,—,,+5,,miss,,,,—,,
2026-09-27T23:05:13.230254+00:00,nfl,2026,3,401872961,4018729613567,3,0:00,END QUARTER 3,2,9,NO 33,56,5,New Orleans Saints,Las Vegas Raiders,27,22,65.4,34.6,198.0,120.0,318.0,213.0,84.0,297.0,game,Spread,New Orleans Saints,,-2.5,pinnacle,-113,—,—,,+5,,hit,,,,—,,
2026-09-27T23:05:13.230254+00:00,nfl,2026,3,401872961,4018729613567,3,0:00,END QUARTER 3,2,9,NO 33,56,5,New Orleans Saints,Las Vegas Raiders,27,22,65.4,34.6,198.0,120.0,318.0,213.0,84.0,297.0,game,Total,Over,,61.5,betfair,-115,—,—,,49.0,,miss,,,,—,,
2026-09-27T23:05:13.230254+00:00,nfl,2026,3,401872961,4018729613567,3,0:00,END QUARTER 3,2,9,NO 33,56,5,New Orleans Saints,Las Vegas Raiders,27,22,65.4,34.6,198.0,120.0,318.0,213.0,84.0,297.0,game,Total,Under,,61.5,bet365,-115,—,—,,49.0,,hit,,,,—,,
2026-09-27T23:05:13.230254+00:00,nfl,2026,3,401872961,4018729613567,3,0:00,END QUARTER 3,2,9,NO 33,56,5,New Orleans Saints,Las Vegas Raiders,27,22,65.4,34.6,198.0,120.0,318.0,213.0,84.0,297.0,game,ML,Las Vegas Raiders,,,pinnacle,162,—,—,,Loss,,miss,,,,—,,
2026-09-27T23:05:13.230254+00:00,nfl,2026,3,401872961,4018729613567,3,0:00,END QUARTER 3,2,9,NO 33,56,5,New Orleans Saints,Las Vegas Raiders,27,22,65.4,34.6,198.0,120.0,318.0,213.0,84.0,297.0,game,ML,New Orleans Saints,,,bet365,-200,—,—,,Win,,hit,,,,—,,
2026-09-27T23:05:13.230254+00:00,nfl,2026,3,401872961,4018729613587,4,15:00,(Shotgun) T.Shough pass incomplete short left to D.Vele.,2,9,LV 44,56,5,New Orleans Saints,Las Vegas Raiders,27,22,65.4,34.6,198.0,120.0,318.0,213.0,84.0,297.0,game,Spread,Las Vegas Raiders,,2.5,pinnacle,-115,—,—,,+5,,miss,,,,—,,
2026-09-27T23:05:13.230254+00:00,nfl,2026,3,401872961,4018729613587,4,15:00,(Shotgun) T.Shough pass incomplete short left to D.Vele.,2,9,LV 44,56,5,New Orleans Saints,Las Vegas Raiders,27,22,65.4,34.6,198.0,120.0,318.0,213.0,84.0,297.0,game,Spread,New Orleans Saints,,-2.5,pinnacle,-113,—,—,,+5,,hit,,,,—,,
2026-09-27T23:05:13.230254+00:00,nfl,2026,3,401872961,4018729613587,4,15:00,(Shotgun) T.Shough pass incomplete short left to D.Vele.,2,9,LV 44,56,5,New Orleans Saints,Las Vegas Raiders,27,22,65.4,34.6,198.0,120.0,318.0,213.0,84.0,297.0,game,Total,Over,,61.5,betfair,-115,—,—,,49.0,,miss,,,,—,,
2026-09-27T23:05:13.230254+00:00,nfl,2026,3,401872961,4018729613587,4,15:00,(Shotgun) T.Shough pass incomplete short left to D.Vele.,2,9,LV 44,56,5,New Orleans Saints,Las Vegas Raiders,27,22,65.4,34.6,198.0,120.0,318.0,213.0,84.0,297.0,game,Total,Under,,61.5,bet365,-115,—,—,,49.0,,hit,,,,—,,
2026-09-27T23:05:13.230254+00:00,nfl,2026,3,401872961,4018729613587,4,15:00,(Shotgun) T.Shough pass incomplete short left to D.Vele.,2,9,LV 44,56,5,New Orleans Saints,Las Vegas Raiders,27,22,65.4,34.6,198.0,120.0,318.0,213.0,84.0,297.0,game,ML,Las Vegas Raiders,,,pinnacle,162,—,—,,Loss,,miss,,,,—,,
2026-09-27T23:05:13.230254+00:00,nfl,2026,3,401872961,4018729613587,4,15:00,(Shotgun) T.Shough pass incomplete short left to D.Vele.,2,9,LV 44,56,5,New Orleans Saints,Las Vegas Raiders,27,22,65.4,34.6,198.0,120.0,318.0,213.0,84.0,297.0,game,ML,New Orleans Saints,,,bet365,-200,—,—,,Win,,hit,,,,—,,
2026-09-27T23:05:13.230254+00:00,nfl,2026,3,401872961,4018729613632,4,14:57, (Shotgun) T.Shough pass short right to C.Olave pushed ob at LV 35 for 9 yards (I.Pola-Mao).,3,9,LV 44,56,5,New Orleans Saints,Las Vegas Raiders,27,22,65.4,34.6,198.0,120.0,318.0,213.0,84.0,297.0,game,Spread,Las Vegas Raiders,,2.5,pinnacle,-115,—,—,,+5,,miss,,,,—,,
2026-09-27T23:05:13.230254+00:00,nfl,2026,3,401872961,4018729613632,4,14:57, (Shotgun) T.Shough pass short right to C.Olave pushed ob at LV 35 for 9 yards (I.Pola-Mao).,3,9,LV 44,56,5,New Orleans Saints,Las Vegas Raiders,27,22,65.4,34.6,198.0,120.0,318.0,213.0,84.0,297.0,game,Spread,New Orleans Saints,,-2.5,pinnacle,-113,—,—,,+5,,hit,,,,—,,
2026-09-27T23:05:13.230254+00:00,nfl,2026,3,401872961,4018729613632,4,14:57, (Shotgun) T.Shough pass short right to C.Olave pushed ob at LV 35 for 9 yards (I.Pola-Mao).,3,9,LV 44,56,5,New Orleans Saints,Las Vegas Raiders,27,22,65.4,34.6,198.0,120.0,318.0,213.0,84.0,297.0,game,Total,Over,,61.5,betfair,-115,—,—,,49.0,,miss,,,,—,,
2026-09-27T23:05:13.230254+00:00,nfl,2026,3,401872961,4018729613632,4,14:57, (Shotgun) T.Shough pass short right to C.Olave pushed ob at LV 35 for 9 yards (I.Pola-Mao).,3,9,LV 44,56,5,New Orleans Saints,Las Vegas Raiders,27,22,65.4,34.6,198.0,120.0,318.0,213.0,84.0,297.0,game,Total,Under,,61.5,bet365,-115,—,—,,49.0,,hit,,,,—,,
2026-09-27T23:05:13.230254+00:00,nfl,2026,3,401872961,4018729613632,4,14:57, (Shotgun) T.Shough pass short right to C.Olave pushed ob at LV 35 for 9 yards (I.Pola-Mao).,3,9,LV 44,56,5,New Orleans Saints,Las Vegas Raiders,27,22,65.4,34.6,198.0,120.0,318.0,213.0,84.0,297.0,game,ML,Las Vegas Raiders,,,pinnacle,162,—,—,,Loss,,miss,,,,—,,
2026-09-27T23:05:13.230254+00:00,nfl,2026,3,401872961,4018729613632,4,14:57, (Shotgun) T.Shough pass short right to C.Olave pushed ob at LV 35 for 9 yards (I.Pola-Mao).,3,9,LV 44,56,5,New Orleans Saints,Las Vegas Raiders,27,22,65.4,34.6,198.0,120.0,318.0,213.0,84.0,297.0,game,ML,New Orleans Saints,,,bet365,-200,—,—,,Win,,hit,,,,—,,
2026-09-27T23:05:13.230254+00:00,nfl,2026,3,401872961,4018729613662,4,14:19,T.Shough pass short right to N.Fant ran ob at LV 30 for 5 yards.,1,10,LV 35,65,5,New Orleans Saints,Las Vegas Raiders,27,22,65.4,34.6,198.0,120.0,318.0,213.0,84.0,297.0,game,Spread,Las Vegas Raiders,,2.5,pinnacle,-115,—,—,,+5,,miss,,,,—,,
2026-09-27T23:05:13.230254+00:00,nfl,2026,3,401872961,4018729613662,4,14:19,T.Shough pass short right to N.Fant ran ob at LV 30 for 5 yards.,1,10,LV 35,65,5,New Orleans Saints,Las Vegas Raiders,27,22,65.4,34.6,198.0,120.0,318.0,213.0,84.0,297.0,game,Spread,New Orleans Saints,,-2.5,pinnacle,-113,—,—,,+5,,hit,,,,—,,
2026-09-27T23:05:13.230254+00:00,nfl,2026,3,401872961,4018729613662,4,14:19,T.Shough pass short right to N.Fant ran ob at LV 30 for 5 yards.,1,10,LV 35,65,5,New Orleans Saints,Las Vegas Raiders,27,22,65.4,34.6,198.0,120.0,318.0,213.0,84.0,297.0,game,Total,Over,,61.5,betfair,-115,—,—,,49.0,,miss,,,,—,,
2026-09-27T23:05:13.230254+00:00,nfl,2026,3,401872961,4018729613662,4,14:19,T.Shough pass short right to N.Fant ran ob at LV 30 for 5 yards.,1,10,LV 35,65,5,New Orleans Saints,Las Vegas Raiders,27,22,65.4,34.6,198.0,120.0,318.0,213.0,84.0,297.0,game,Total,Under,,61.5,bet365,-115,—,—,,49.0,,hit,,,,—,,
2026-09-27T23:05:13.230254+00:00,nfl,2026,3,401872961,4018729613662,4,14:19,T.Shough pass short right to N.Fant ran ob at LV 30 for 5 yards.,1,10,LV 35,65,5,New Orleans Saints,Las Vegas Raiders,27,22,65.4,34.6,198.0,120.0,318.0,213.0,84.0,297.0,game,ML,Las Vegas Raiders,,,pinnacle,162,—,—,,Loss,,miss,,,,—,,
2026-09-27T23:05:13.230254+00:00,nfl,2026,3,401872961,4018729613662,4,14:19,T.Shough pass short right to N.Fant ran ob at LV 30 for 5 yards.,1,10,LV 35,65,5,New Orleans Saints,Las Vegas Raiders,27,22,65.4,34.6,198.0,120.0,318.0,213.0,84.0,297.0,game,ML,New Orleans Saints,,,bet365,-200,—,—,,Win,,hit,,,,—,,
2026-09-27T23:05:13.230254+00:00,nfl,2026,3,401872961,4018729613692,4,13:44, A.Kamara up the middle to LV 29 for 1 yard (T.Johnson).,2,5,LV 30,70,5,New Orleans Saints,Las Vegas Raiders,27,22,65.4,34.6,198.0,120.0,318.0,213.0,84.0,297.0,game,Spread,Las Vegas Raiders,,2.5,pinnacle,-115,—,—,,+5,,miss,,,,—,,
2026-09-27T23:05:13.230254+00:00,nfl,2026,3,401872961,4018729613692,4,13:44, A.Kamara up the middle to LV 29 for 1 yard (T.Johnson).,2,5,LV 30,70,5,New Orleans Saints,Las Vegas Raiders,27,22,65.4,34.6,198.0,120.0,318.0,213.0,84.0,297.0,game,Spread,New Orleans Saints,,-2.5,pinnacle,-113,—,—,,+5,,hit,,,,—,,
2026-09-27T23:05:13.230254+00:00,nfl,2026,3,401872961,4018729613692,4,13:44, A.Kamara up the middle to LV 29 for 1 yard (T.Johnson).,2,5,LV 30,70,5,New Orleans Saints,Las Vegas Raiders,27,22,65.4,34.6,198.0,120.0,318.0,213.0,84.0,297.0,game,Total,Over,,61.5,betfair,-115,—,—,,49.0,,miss,,,,—,,
2026-09-27T23:05:13.230254+00:00,nfl,2026,3,401872961,4018729613692,4,13:44, A.Kamara up the middle to LV 29 for 1 yard (T.Johnson).,2,5,LV 30,70,5,New Orleans Saints,Las Vegas Raiders,27,22,65.4,34.6,198.0,120.0,318.0,213.0,84.0,297.0,game,Total,Under,,61.5,bet365,-115,—,—,,49.0,,hit,,,,—,,
2026-09-27T23:05:13.230254+00:00,nfl,2026,3,401872961,4018729613692,4,13:44, A.Kamara up the middle to LV 29 for 1 yard (T.Johnson).,2,5,LV 30,70,5,New Orleans Saints,Las Vegas Raiders,27,22,65.4,34.6,198.0,120.0,318.0,213.0,84.0,297.0,game,ML,Las Vegas Raiders,,,pinnacle,162,—,—,,Loss,,miss,,,,—,,
2026-09-27T23:05:13.230254+00:00,nfl,2026,3,401872961,4018729613692,4,13:44, A.Kamara up the middle to LV 29 for 1 yard (T.Johnson).,2,5,LV 30,70,5,New Orleans Saints,Las Vegas Raiders,27,22,65.4,34.6,198.0,120.0,318.0,213.0,84.0,297.0,game,ML,New Orleans Saints,,,bet365,-200,—,—,,Win,,hit,,,,—,,
2026-09-27T23:05:13.230254+00:00,nfl,2026,3,401872961,4018729613716,4,13:03,"(Shotgun) T.Shough sacked at LV 39 for -10 yards (M.Koonce). FUMBLES (M.Koonce) [M.Koonce], touched at LV 39, RECOVERED by LV-M.Crosby at LV 45.",3,4,LV 29,71,5,New Orleans Saints,Las Vegas Raiders,27,22,65.4,34.6,198.0,120.0,318.0,213.0,84.0,297.0,game,Spread,Las Vegas Raiders,,2.5,pinnacle,-115,—,—,,+5,,miss,,,,—,,
2026-09-27T23:05:13.230254+00:00,nfl,2026,3,401872961,4018729613716,4,13:03,"(Shotgun) T.Shough sacked at LV 39 for -10 yards (M.Koonce). FUMBLES (M.Koonce) [M.Koonce], touched at LV 39, RECOVERED by LV-M.Crosby at LV 45.",3,4,LV 29,71,5,New Orleans Saints,Las Vegas Raiders,27,22,65.4,34.6,198.0,120.0,318.0,213.0,84.0,297.0,game,Spread,New Orleans Saints,,-2.5,pinnacle,-113,—,—,,+5,,hit,,,,—,,
2026-09-27T23:05:13.230254+00:00,nfl,2026,3,401872961,4018729613716,4,13:03,"(Shotgun) T.Shough sacked at LV 39 for -10 yards (M.Koonce). FUMBLES (M.Koonce) [M.Koonce], touched at LV 39, RECOVERED by LV-M.Crosby at LV 45.",3,4,LV 29,71,5,New Orleans Saints,Las Vegas Raiders,27,22,65.4,34.6,198.0,120.0,318.0,213.0,84.0,297.0,game,Total,Over,,61.5,betfair,-115,—,—,,49.0,,miss,,,,—,,
2026-09-27T23:05:13.230254+00:00,nfl,2026,3,401872961,4018729613716,4,13:03,"(Shotgun) T.Shough sacked at LV 39 for -10 yards (M.Koonce). FUMBLES (M.Koonce) [M.Koonce], touched at LV 39, RECOVERED by LV-M.Crosby at LV 45.",3,4,LV 29,71,5,New Orleans Saints,Las Vegas Raiders,27,22,65.4,34.6,198.0,120.0,318.0,213.0,84.0,297.0,game,Total,Under,,61.5,bet365,-115,—,—,,49.0,,hit,,,,—,,
2026-09-27T23:05:13.230254+00:00,nfl,2026,3,401872961,4018729613716,4,13:03,"(Shotgun) T.Shough sacked at LV 39 for -10 yards (M.Koonce). FUMBLES (M.Koonce) [M.Koonce], touched at LV 39, RECOVERED by LV-M.Crosby at LV 45.",3,4,LV 29,71,5,New Orleans Saints,Las Vegas Raiders,27,22,65.4,34.6,198.0,120.0,318.0,213.0,84.0,297.0,game,ML,Las Vegas Raiders,,,pinnacle,162,—,—,,Loss,,miss,,,,—,,
2026-09-27T23:05:13.230254+00:00,nfl,2026,3,401872961,4018729613716,4,13:03,"(Shotgun) T.Shough sacked at LV 39 for -10 yards (M.Koonce). FUMBLES (M.Koonce) [M.Koonce], touched at LV 39, RECOVERED by LV-M.Crosby at LV 45.",3,4,LV 29,71,5,New Orleans Saints,Las Vegas Raiders,27,22,65.4,34.6,198.0,120.0,318.0,213.0,84.0,297.0,game,ML,New Orleans Saints,,,bet365,-200,—,—,,Win,,hit,,,,—,,
2026-09-27T23:05:13.230254+00:00,nfl,2026,3,401872961,4018729613746,4,12:55, T.Zuhn reported in as eligible.  K.Cousins pass short left to A.Jeanty to NO 33 for 22 yards (K.Elliss; J.Sanker).,1,10,LV 45,55,5,New Orleans Saints,Las Vegas Raiders,27,22,65.4,34.6,198.0,120.0,318.0,213.0,84.0,297.0,game,Spread,Las Vegas Raiders,,2.5,pinnacle,-115,—,—,,+5,,miss,,,,—,,
2026-09-27T23:05:13.230254+00:00,nfl,2026,3,401872961,4018729613746,4,12:55, T.Zuhn reported in as eligible.  K.Cousins pass short left to A.Jeanty to NO 33 for 22 yards (K.Elliss; J.Sanker).,1,10,LV 45,55,5,New Orleans Saints,Las Vegas Raiders,27,22,65.4,34.6,198.0,120.0,318.0,213.0,84.0,297.0,game,Spread,New Orleans Saints,,-2.5,pinnacle,-113,—,—,,+5,,hit,,,,—,,
2026-09-27T23:05:13.230254+00:00,nfl,2026,3,401872961,4018729613746,4,12:55, T.Zuhn reported in as eligible.  K.Cousins pass short left to A.Jeanty to NO 33 for 22 yards (K.Elliss; J.Sanker).,1,10,LV 45,55,5,New Orleans Saints,Las Vegas Raiders,27,22,65.4,34.6,198.0,120.0,318.0,213.0,84.0,297.0,game,Total,Over,,61.5,betfair,-115,—,—,,49.0,,miss,,,,—,,
2026-09-27T23:05:13.230254+00:00,nfl,2026,3,401872961,4018729613746,4,12:55, T.Zuhn reported in as eligible.  K.Cousins pass short left to A.Jeanty to NO 33 for 22 yards (K.Elliss; J.Sanker).,1,10,LV 45,55,5,New Orleans Saints,Las Vegas Raiders,27,22,65.4,34.6,198.0,120.0,318.0,213.0,84.0,297.0,game,Total,Under,,61.5,bet365,-115,—,—,,49.0,,hit,,,,—,,
2026-09-27T23:05:13.230254+00:00,nfl,2026,3,401872961,4018729613746,4,12:55, T.Zuhn reported in as eligible.  K.Cousins pass short left to A.Jeanty to NO 33 for 22 yards (K.Elliss; J.Sanker).,1,10,LV 45,55,5,New Orleans Saints,Las Vegas Raiders,27,22,65.4,34.6,198.0,120.0,318.0,213.0,84.0,297.0,game,ML,Las Vegas Raiders,,,pinnacle,162,—,—,,Loss,,miss,,,,—,,
2026-09-27T23:05:13.230254+00:00,nfl,2026,3,401872961,4018729613746,4,12:55, T.Zuhn reported in as eligible.  K.Cousins pass short left to A.Jeanty to NO 33 for 22 yards (K.Elliss; J.Sanker).,1,10,LV 45,55,5,New Orleans Saints,Las Vegas Raiders,27,22,65.4,34.6,198.0,120.0,318.0,213.0,84.0,297.0,game,ML,New Orleans Saints,,,bet365,-200,—,—,,Win,,hit,,,,—,,
2026-09-27T23:05:13.230254+00:00,nfl,2026,3,401872961,4018729613782,4,12:10, A.Jeanty left end to NO 26 for 7 yards (D.Stutsman).,1,10,NO 33,33,5,New Orleans Saints,Las Vegas Raiders,27,22,65.4,34.6,198.0,120.0,318.0,213.0,84.0,297.0,game,Spread,Las Vegas Raiders,,2.5,pinnacle,-115,—,—,,+5,,miss,,,,—,,
2026-09-27T23:05:13.230254+00:00,nfl,2026,3,401872961,4018729613782,4,12:10, A.Jeanty left end to NO 26 for 7 yards (D.Stutsman).,1,10,NO 33,33,5,New Orleans Saints,Las Vegas Raiders,27,22,65.4,34.6,198.0,120.0,318.0,213.0,84.0,297.0,game,Spread,New Orleans Saints,,-2.5,pinnacle,-113,—,—,,+5,,hit,,,,—,,
2026-09-27T23:05:13.230254+00:00,nfl,2026,3,401872961,4018729613782,4,12:10, A.Jeanty left end to NO 26 for 7 yards (D.Stutsman).,1,10,NO 33,33,5,New Orleans Saints,Las Vegas Raiders,27,22,65.4,34.6,198.0,120.0,318.0,213.0,84.0,297.0,game,Total,Over,,61.5,betfair,-115,—,—,,49.0,,miss,,,,—,,
2026-09-27T23:05:13.230254+00:00,nfl,2026,3,401872961,4018729613782,4,12:10, A.Jeanty left end to NO 26 for 7 yards (D.Stutsman).,1,10,NO 33,33,5,New Orleans Saints,Las Vegas Raiders,27,22,65.4,34.6,198.0,120.0,318.0,213.0,84.0,297.0,game,Total,Under,,61.5,bet365,-115,—,—,,49.0,,hit,,,,—,,
2026-09-27T23:05:13.230254+00:00,nfl,2026,3,401872961,4018729613782,4,12:10, A.Jeanty left end to NO 26 for 7 yards (D.Stutsman).,1,10,NO 33,33,5,New Orleans Saints,Las Vegas Raiders,27,22,65.4,34.6,198.0,120.0,318.0,213.0,84.0,297.0,game,ML,Las Vegas Raiders,,,pinnacle,162,—,—,,Loss,,miss,,,,—,,
2026-09-27T23:05:13.230254+00:00,nfl,2026,3,401872961,4018729613782,4,12:10, A.Jeanty left end to NO 26 for 7 yards (D.Stutsman).,1,10,NO 33,33,5,New Orleans Saints,Las Vegas Raiders,27,22,65.4,34.6,198.0,120.0,318.0,213.0,84.0,297.0,game,ML,New Orleans Saints,,,bet365,-200,—,—,,Win,,hit,,,,—,,
