captured_at,sport,year,week,event_id,play_id,period,clock,play_text,down,distance,possession,yard_line,score_margin,home,away,home_score,away_score,home_win_prob,away_win_prob,home_pass_yds,home_rush_yds,home_total_yds,away_pass_yds,away_rush_yds,away_total_yds,market_type,market,selection,player,line,book_id,book_price,model_projection,model_price,model_prob,actual_result,actual_stat,bet_result,expected_roi_pct,pregame_line,pregame_book_price,pregame_projection,pregame_capture_at,pregame_capture_type
2026-10-04T20:01:41.654341+00:00,nfl,2026,4,401872969,4018729691,1,15:00,GAME,3,10,JAX 45,55,0,Cincinnati Bengals,Jacksonville Jaguars,0,0,7.5,92.5,343.0,23.0,366.0,205.0,113.0,318.0,game,Spread,Jacksonville Jaguars,,-2.5,kalshi,-1012,—,—,,0,,miss,,,,—,,
2026-10-04T20:01:41.654341+00:00,nfl,2026,4,401872969,4018729691,1,15:00,GAME,3,10,JAX 45,55,0,Cincinnati Bengals,Jacksonville Jaguars,0,0,7.5,92.5,343.0,23.0,366.0,205.0,113.0,318.0,game,Spread,Cincinnati Bengals,,2.5,kalshi,566,—,—,,0,,hit,,,,—,,
2026-10-04T20:01:41.654341+00:00,nfl,2026,4,401872969,4018729691,1,15:00,GAME,3,10,JAX 45,55,0,Cincinnati Bengals,Jacksonville Jaguars,0,0,7.5,92.5,343.0,23.0,366.0,205.0,113.0,318.0,game,Total,Over,,40.5,kalshi,525,—,—,,0.0,,miss,,,,—,,
2026-10-04T20:01:41.654341+00:00,nfl,2026,4,401872969,4018729691,1,15:00,GAME,3,10,JAX 45,55,0,Cincinnati Bengals,Jacksonville Jaguars,0,0,7.5,92.5,343.0,23.0,366.0,205.0,113.0,318.0,game,Total,Under,,40.5,kalshi,-1012,—,—,,0.0,,hit,,,,—,,
2026-10-04T20:01:41.654341+00:00,nfl,2026,4,401872969,4018729691,1,15:00,GAME,3,10,JAX 45,55,0,Cincinnati Bengals,Jacksonville Jaguars,0,0,7.5,92.5,343.0,23.0,366.0,205.0,113.0,318.0,game,ML,Jacksonville Jaguars,,,polymarket,-670,—,—,,Loss,,miss,,,,—,,
2026-10-04T20:01:41.654341+00:00,nfl,2026,4,401872969,4018729691,1,15:00,GAME,3,10,JAX 45,55,0,Cincinnati Bengals,Jacksonville Jaguars,0,0,7.5,92.5,343.0,23.0,366.0,205.0,113.0,318.0,game,ML,Cincinnati Bengals,,,bet365,850,—,—,,Loss,,miss,,,,—,,
2026-10-04T20:01:41.654341+00:00,nfl,2026,4,401872969,40187296940,1,15:00,"E.McPherson kicks 61 yards from CIN 35 to JAX 4. A.Abdullah pushed ob at CIN 49 for 47 yards (E.McPherson).PENALTY on JAX-Q.Morris, Offensive Holding, 10 yards, enforced at JAX 30.",3,10,JAX 45,35,0,Cincinnati Bengals,Jacksonville Jaguars,0,0,7.5,92.5,343.0,23.0,366.0,205.0,113.0,318.0,game,Spread,Jacksonville Jaguars,,-2.5,kalshi,-1012,—,—,,0,,miss,,,,—,,
2026-10-04T20:01:41.654341+00:00,nfl,2026,4,401872969,40187296940,1,15:00,"E.McPherson kicks 61 yards from CIN 35 to JAX 4. A.Abdullah pushed ob at CIN 49 for 47 yards (E.McPherson).PENALTY on JAX-Q.Morris, Offensive Holding, 10 yards, enforced at JAX 30.",3,10,JAX 45,35,0,Cincinnati Bengals,Jacksonville Jaguars,0,0,7.5,92.5,343.0,23.0,366.0,205.0,113.0,318.0,game,Spread,Cincinnati Bengals,,2.5,kalshi,566,—,—,,0,,hit,,,,—,,
2026-10-04T20:01:41.654341+00:00,nfl,2026,4,401872969,40187296940,1,15:00,"E.McPherson kicks 61 yards from CIN 35 to JAX 4. A.Abdullah pushed ob at CIN 49 for 47 yards (E.McPherson).PENALTY on JAX-Q.Morris, Offensive Holding, 10 yards, enforced at JAX 30.",3,10,JAX 45,35,0,Cincinnati Bengals,Jacksonville Jaguars,0,0,7.5,92.5,343.0,23.0,366.0,205.0,113.0,318.0,game,Total,Over,,40.5,kalshi,525,—,—,,0.0,,miss,,,,—,,
2026-10-04T20:01:41.654341+00:00,nfl,2026,4,401872969,40187296940,1,15:00,"E.McPherson kicks 61 yards from CIN 35 to JAX 4. A.Abdullah pushed ob at CIN 49 for 47 yards (E.McPherson).PENALTY on JAX-Q.Morris, Offensive Holding, 10 yards, enforced at JAX 30.",3,10,JAX 45,35,0,Cincinnati Bengals,Jacksonville Jaguars,0,0,7.5,92.5,343.0,23.0,366.0,205.0,113.0,318.0,game,Total,Under,,40.5,kalshi,-1012,—,—,,0.0,,hit,,,,—,,
2026-10-04T20:01:41.654341+00:00,nfl,2026,4,401872969,40187296940,1,15:00,"E.McPherson kicks 61 yards from CIN 35 to JAX 4. A.Abdullah pushed ob at CIN 49 for 47 yards (E.McPherson).PENALTY on JAX-Q.Morris, Offensive Holding, 10 yards, enforced at JAX 30.",3,10,JAX 45,35,0,Cincinnati Bengals,Jacksonville Jaguars,0,0,7.5,92.5,343.0,23.0,366.0,205.0,113.0,318.0,game,ML,Jacksonville Jaguars,,,polymarket,-670,—,—,,Loss,,miss,,,,—,,
2026-10-04T20:01:41.654341+00:00,nfl,2026,4,401872969,40187296940,1,15:00,"E.McPherson kicks 61 yards from CIN 35 to JAX 4. A.Abdullah pushed ob at CIN 49 for 47 yards (E.McPherson).PENALTY on JAX-Q.Morris, Offensive Holding, 10 yards, enforced at JAX 30.",3,10,JAX 45,35,0,Cincinnati Bengals,Jacksonville Jaguars,0,0,7.5,92.5,343.0,23.0,366.0,205.0,113.0,318.0,game,ML,Cincinnati Bengals,,,bet365,850,—,—,,Loss,,miss,,,,—,,
2026-10-04T20:01:41.654341+00:00,nfl,2026,4,401872969,40187296979,1,14:54,"(Shotgun) T.Lawrence pass incomplete short middle to B.Strange (B.Mafe) [B.Mafe].PENALTY on JAX-E.Pregnon, Offensive Holding, 10 yards, enforced at JAX 20 - No Play.",1,10,JAX 20,80,0,Cincinnati Bengals,Jacksonville Jaguars,0,0,7.5,92.5,343.0,23.0,366.0,205.0,113.0,318.0,game,Spread,Jacksonville Jaguars,,-2.5,kalshi,-1012,—,—,,0,,miss,,,,—,,
2026-10-04T20:01:41.654341+00:00,nfl,2026,4,401872969,40187296979,1,14:54,"(Shotgun) T.Lawrence pass incomplete short middle to B.Strange (B.Mafe) [B.Mafe].PENALTY on JAX-E.Pregnon, Offensive Holding, 10 yards, enforced at JAX 20 - No Play.",1,10,JAX 20,80,0,Cincinnati Bengals,Jacksonville Jaguars,0,0,7.5,92.5,343.0,23.0,366.0,205.0,113.0,318.0,game,Spread,Cincinnati Bengals,,2.5,kalshi,566,—,—,,0,,hit,,,,—,,
2026-10-04T20:01:41.654341+00:00,nfl,2026,4,401872969,40187296979,1,14:54,"(Shotgun) T.Lawrence pass incomplete short middle to B.Strange (B.Mafe) [B.Mafe].PENALTY on JAX-E.Pregnon, Offensive Holding, 10 yards, enforced at JAX 20 - No Play.",1,10,JAX 20,80,0,Cincinnati Bengals,Jacksonville Jaguars,0,0,7.5,92.5,343.0,23.0,366.0,205.0,113.0,318.0,game,Total,Over,,40.5,kalshi,525,—,—,,0.0,,miss,,,,—,,
2026-10-04T20:01:41.654341+00:00,nfl,2026,4,401872969,40187296979,1,14:54,"(Shotgun) T.Lawrence pass incomplete short middle to B.Strange (B.Mafe) [B.Mafe].PENALTY on JAX-E.Pregnon, Offensive Holding, 10 yards, enforced at JAX 20 - No Play.",1,10,JAX 20,80,0,Cincinnati Bengals,Jacksonville Jaguars,0,0,7.5,92.5,343.0,23.0,366.0,205.0,113.0,318.0,game,Total,Under,,40.5,kalshi,-1012,—,—,,0.0,,hit,,,,—,,
2026-10-04T20:01:41.654341+00:00,nfl,2026,4,401872969,40187296979,1,14:54,"(Shotgun) T.Lawrence pass incomplete short middle to B.Strange (B.Mafe) [B.Mafe].PENALTY on JAX-E.Pregnon, Offensive Holding, 10 yards, enforced at JAX 20 - No Play.",1,10,JAX 20,80,0,Cincinnati Bengals,Jacksonville Jaguars,0,0,7.5,92.5,343.0,23.0,366.0,205.0,113.0,318.0,game,ML,Jacksonville Jaguars,,,polymarket,-670,—,—,,Loss,,miss,,,,—,,
2026-10-04T20:01:41.654341+00:00,nfl,2026,4,401872969,40187296979,1,14:54,"(Shotgun) T.Lawrence pass incomplete short middle to B.Strange (B.Mafe) [B.Mafe].PENALTY on JAX-E.Pregnon, Offensive Holding, 10 yards, enforced at JAX 20 - No Play.",1,10,JAX 20,80,0,Cincinnati Bengals,Jacksonville Jaguars,0,0,7.5,92.5,343.0,23.0,366.0,205.0,113.0,318.0,game,ML,Cincinnati Bengals,,,bet365,850,—,—,,Loss,,miss,,,,—,,
2026-10-04T20:01:41.654341+00:00,nfl,2026,4,401872969,401872969113,1,14:49,B.Tuten left end to JAX 25 for 15 yards (P.Jules).,1,20,JAX 10,90,0,Cincinnati Bengals,Jacksonville Jaguars,0,0,7.5,92.5,343.0,23.0,366.0,205.0,113.0,318.0,game,Spread,Jacksonville Jaguars,,-2.5,kalshi,-1012,—,—,,0,,miss,,,,—,,
2026-10-04T20:01:41.654341+00:00,nfl,2026,4,401872969,401872969113,1,14:49,B.Tuten left end to JAX 25 for 15 yards (P.Jules).,1,20,JAX 10,90,0,Cincinnati Bengals,Jacksonville Jaguars,0,0,7.5,92.5,343.0,23.0,366.0,205.0,113.0,318.0,game,Spread,Cincinnati Bengals,,2.5,kalshi,566,—,—,,0,,hit,,,,—,,
2026-10-04T20:01:41.654341+00:00,nfl,2026,4,401872969,401872969113,1,14:49,B.Tuten left end to JAX 25 for 15 yards (P.Jules).,1,20,JAX 10,90,0,Cincinnati Bengals,Jacksonville Jaguars,0,0,7.5,92.5,343.0,23.0,366.0,205.0,113.0,318.0,game,Total,Over,,40.5,kalshi,525,—,—,,0.0,,miss,,,,—,,
2026-10-04T20:01:41.654341+00:00,nfl,2026,4,401872969,401872969113,1,14:49,B.Tuten left end to JAX 25 for 15 yards (P.Jules).,1,20,JAX 10,90,0,Cincinnati Bengals,Jacksonville Jaguars,0,0,7.5,92.5,343.0,23.0,366.0,205.0,113.0,318.0,game,Total,Under,,40.5,kalshi,-1012,—,—,,0.0,,hit,,,,—,,
2026-10-04T20:01:41.654341+00:00,nfl,2026,4,401872969,401872969113,1,14:49,B.Tuten left end to JAX 25 for 15 yards (P.Jules).,1,20,JAX 10,90,0,Cincinnati Bengals,Jacksonville Jaguars,0,0,7.5,92.5,343.0,23.0,366.0,205.0,113.0,318.0,game,ML,Jacksonville Jaguars,,,polymarket,-670,—,—,,Loss,,miss,,,,—,,
2026-10-04T20:01:41.654341+00:00,nfl,2026,4,401872969,401872969113,1,14:49,B.Tuten left end to JAX 25 for 15 yards (P.Jules).,1,20,JAX 10,90,0,Cincinnati Bengals,Jacksonville Jaguars,0,0,7.5,92.5,343.0,23.0,366.0,205.0,113.0,318.0,game,ML,Cincinnati Bengals,,,bet365,850,—,—,,Loss,,miss,,,,—,,
2026-10-04T20:01:41.654341+00:00,nfl,2026,4,401872969,401872969135,1,14:08,B.Tuten left end to JAX 21 for -4 yards (D.Knight).,2,5,JAX 25,75,0,Cincinnati Bengals,Jacksonville Jaguars,0,0,7.5,92.5,343.0,23.0,366.0,205.0,113.0,318.0,game,Spread,Jacksonville Jaguars,,-2.5,kalshi,-1012,—,—,,0,,miss,,,,—,,
2026-10-04T20:01:41.654341+00:00,nfl,2026,4,401872969,401872969135,1,14:08,B.Tuten left end to JAX 21 for -4 yards (D.Knight).,2,5,JAX 25,75,0,Cincinnati Bengals,Jacksonville Jaguars,0,0,7.5,92.5,343.0,23.0,366.0,205.0,113.0,318.0,game,Spread,Cincinnati Bengals,,2.5,kalshi,566,—,—,,0,,hit,,,,—,,
2026-10-04T20:01:41.654341+00:00,nfl,2026,4,401872969,401872969135,1,14:08,B.Tuten left end to JAX 21 for -4 yards (D.Knight).,2,5,JAX 25,75,0,Cincinnati Bengals,Jacksonville Jaguars,0,0,7.5,92.5,343.0,23.0,366.0,205.0,113.0,318.0,game,Total,Over,,40.5,kalshi,525,—,—,,0.0,,miss,,,,—,,
2026-10-04T20:01:41.654341+00:00,nfl,2026,4,401872969,401872969135,1,14:08,B.Tuten left end to JAX 21 for -4 yards (D.Knight).,2,5,JAX 25,75,0,Cincinnati Bengals,Jacksonville Jaguars,0,0,7.5,92.5,343.0,23.0,366.0,205.0,113.0,318.0,game,Total,Under,,40.5,kalshi,-1012,—,—,,0.0,,hit,,,,—,,
2026-10-04T20:01:41.654341+00:00,nfl,2026,4,401872969,401872969135,1,14:08,B.Tuten left end to JAX 21 for -4 yards (D.Knight).,2,5,JAX 25,75,0,Cincinnati Bengals,Jacksonville Jaguars,0,0,7.5,92.5,343.0,23.0,366.0,205.0,113.0,318.0,game,ML,Jacksonville Jaguars,,,polymarket,-670,—,—,,Loss,,miss,,,,—,,
2026-10-04T20:01:41.654341+00:00,nfl,2026,4,401872969,401872969135,1,14:08,B.Tuten left end to JAX 21 for -4 yards (D.Knight).,2,5,JAX 25,75,0,Cincinnati Bengals,Jacksonville Jaguars,0,0,7.5,92.5,343.0,23.0,366.0,205.0,113.0,318.0,game,ML,Cincinnati Bengals,,,bet365,850,—,—,,Loss,,miss,,,,—,,
2026-10-04T20:01:41.654341+00:00,nfl,2026,4,401872969,401872969157,1,13:21,"(Shotgun) PENALTY on JAX-A.Harrison, False Start, 5 yards, enforced at JAX 21 - No Play.",3,9,JAX 21,79,0,Cincinnati Bengals,Jacksonville Jaguars,0,0,7.5,92.5,343.0,23.0,366.0,205.0,113.0,318.0,game,Spread,Jacksonville Jaguars,,-2.5,kalshi,-1012,—,—,,0,,miss,,,,—,,
2026-10-04T20:01:41.654341+00:00,nfl,2026,4,401872969,401872969157,1,13:21,"(Shotgun) PENALTY on JAX-A.Harrison, False Start, 5 yards, enforced at JAX 21 - No Play.",3,9,JAX 21,79,0,Cincinnati Bengals,Jacksonville Jaguars,0,0,7.5,92.5,343.0,23.0,366.0,205.0,113.0,318.0,game,Spread,Cincinnati Bengals,,2.5,kalshi,566,—,—,,0,,hit,,,,—,,
2026-10-04T20:01:41.654341+00:00,nfl,2026,4,401872969,401872969157,1,13:21,"(Shotgun) PENALTY on JAX-A.Harrison, False Start, 5 yards, enforced at JAX 21 - No Play.",3,9,JAX 21,79,0,Cincinnati Bengals,Jacksonville Jaguars,0,0,7.5,92.5,343.0,23.0,366.0,205.0,113.0,318.0,game,Total,Over,,40.5,kalshi,525,—,—,,0.0,,miss,,,,—,,
2026-10-04T20:01:41.654341+00:00,nfl,2026,4,401872969,401872969157,1,13:21,"(Shotgun) PENALTY on JAX-A.Harrison, False Start, 5 yards, enforced at JAX 21 - No Play.",3,9,JAX 21,79,0,Cincinnati Bengals,Jacksonville Jaguars,0,0,7.5,92.5,343.0,23.0,366.0,205.0,113.0,318.0,game,Total,Under,,40.5,kalshi,-1012,—,—,,0.0,,hit,,,,—,,
2026-10-04T20:01:41.654341+00:00,nfl,2026,4,401872969,401872969157,1,13:21,"(Shotgun) PENALTY on JAX-A.Harrison, False Start, 5 yards, enforced at JAX 21 - No Play.",3,9,JAX 21,79,0,Cincinnati Bengals,Jacksonville Jaguars,0,0,7.5,92.5,343.0,23.0,366.0,205.0,113.0,318.0,game,ML,Jacksonville Jaguars,,,polymarket,-670,—,—,,Loss,,miss,,,,—,,
2026-10-04T20:01:41.654341+00:00,nfl,2026,4,401872969,401872969157,1,13:21,"(Shotgun) PENALTY on JAX-A.Harrison, False Start, 5 yards, enforced at JAX 21 - No Play.",3,9,JAX 21,79,0,Cincinnati Bengals,Jacksonville Jaguars,0,0,7.5,92.5,343.0,23.0,366.0,205.0,113.0,318.0,game,ML,Cincinnati Bengals,,,bet365,850,—,—,,Loss,,miss,,,,—,,
2026-10-04T20:01:41.654341+00:00,nfl,2026,4,401872969,401872969192,1,13:06,(Shotgun) T.Lawrence pass short right to J.Meyers to JAX 20 for 4 yards (J.Battle).,3,14,JAX 16,84,0,Cincinnati Bengals,Jacksonville Jaguars,0,0,7.5,92.5,343.0,23.0,366.0,205.0,113.0,318.0,game,Spread,Jacksonville Jaguars,,-2.5,kalshi,-1012,—,—,,0,,miss,,,,—,,
2026-10-04T20:01:41.654341+00:00,nfl,2026,4,401872969,401872969192,1,13:06,(Shotgun) T.Lawrence pass short right to J.Meyers to JAX 20 for 4 yards (J.Battle).,3,14,JAX 16,84,0,Cincinnati Bengals,Jacksonville Jaguars,0,0,7.5,92.5,343.0,23.0,366.0,205.0,113.0,318.0,game,Spread,Cincinnati Bengals,,2.5,kalshi,566,—,—,,0,,hit,,,,—,,
2026-10-04T20:01:41.654341+00:00,nfl,2026,4,401872969,401872969192,1,13:06,(Shotgun) T.Lawrence pass short right to J.Meyers to JAX 20 for 4 yards (J.Battle).,3,14,JAX 16,84,0,Cincinnati Bengals,Jacksonville Jaguars,0,0,7.5,92.5,343.0,23.0,366.0,205.0,113.0,318.0,game,Total,Over,,40.5,kalshi,525,—,—,,0.0,,miss,,,,—,,
2026-10-04T20:01:41.654341+00:00,nfl,2026,4,401872969,401872969192,1,13:06,(Shotgun) T.Lawrence pass short right to J.Meyers to JAX 20 for 4 yards (J.Battle).,3,14,JAX 16,84,0,Cincinnati Bengals,Jacksonville Jaguars,0,0,7.5,92.5,343.0,23.0,366.0,205.0,113.0,318.0,game,Total,Under,,40.5,kalshi,-1012,—,—,,0.0,,hit,,,,—,,
2026-10-04T20:01:41.654341+00:00,nfl,2026,4,401872969,401872969192,1,13:06,(Shotgun) T.Lawrence pass short right to J.Meyers to JAX 20 for 4 yards (J.Battle).,3,14,JAX 16,84,0,Cincinnati Bengals,Jacksonville Jaguars,0,0,7.5,92.5,343.0,23.0,366.0,205.0,113.0,318.0,game,ML,Jacksonville Jaguars,,,polymarket,-670,—,—,,Loss,,miss,,,,—,,
2026-10-04T20:01:41.654341+00:00,nfl,2026,4,401872969,401872969192,1,13:06,(Shotgun) T.Lawrence pass short right to J.Meyers to JAX 20 for 4 yards (J.Battle).,3,14,JAX 16,84,0,Cincinnati Bengals,Jacksonville Jaguars,0,0,7.5,92.5,343.0,23.0,366.0,205.0,113.0,318.0,game,ML,Cincinnati Bengals,,,bet365,850,—,—,,Loss,,miss,,,,—,,
2026-10-04T20:01:41.654341+00:00,nfl,2026,4,401872969,401872969217,1,12:27,"L.Cooke punts 60 yards to CIN 20, Center-R.Matiscik. D.Meyers to CIN 24 for 4 yards (D.Gardeck).PENALTY on CIN-D.Ivey, Offensive Holding, 10 yards, enforced at CIN 20.",4,10,JAX 20,80,0,Cincinnati Bengals,Jacksonville Jaguars,0,0,7.5,92.5,343.0,23.0,366.0,205.0,113.0,318.0,game,Spread,Jacksonville Jaguars,,-2.5,kalshi,-1012,—,—,,0,,miss,,,,—,,
2026-10-04T20:01:41.654341+00:00,nfl,2026,4,401872969,401872969217,1,12:27,"L.Cooke punts 60 yards to CIN 20, Center-R.Matiscik. D.Meyers to CIN 24 for 4 yards (D.Gardeck).PENALTY on CIN-D.Ivey, Offensive Holding, 10 yards, enforced at CIN 20.",4,10,JAX 20,80,0,Cincinnati Bengals,Jacksonville Jaguars,0,0,7.5,92.5,343.0,23.0,366.0,205.0,113.0,318.0,game,Spread,Cincinnati Bengals,,2.5,kalshi,566,—,—,,0,,hit,,,,—,,
2026-10-04T20:01:41.654341+00:00,nfl,2026,4,401872969,401872969217,1,12:27,"L.Cooke punts 60 yards to CIN 20, Center-R.Matiscik. D.Meyers to CIN 24 for 4 yards (D.Gardeck).PENALTY on CIN-D.Ivey, Offensive Holding, 10 yards, enforced at CIN 20.",4,10,JAX 20,80,0,Cincinnati Bengals,Jacksonville Jaguars,0,0,7.5,92.5,343.0,23.0,366.0,205.0,113.0,318.0,game,Total,Over,,40.5,kalshi,525,—,—,,0.0,,miss,,,,—,,
2026-10-04T20:01:41.654341+00:00,nfl,2026,4,401872969,401872969217,1,12:27,"L.Cooke punts 60 yards to CIN 20, Center-R.Matiscik. D.Meyers to CIN 24 for 4 yards (D.Gardeck).PENALTY on CIN-D.Ivey, Offensive Holding, 10 yards, enforced at CIN 20.",4,10,JAX 20,80,0,Cincinnati Bengals,Jacksonville Jaguars,0,0,7.5,92.5,343.0,23.0,366.0,205.0,113.0,318.0,game,Total,Under,,40.5,kalshi,-1012,—,—,,0.0,,hit,,,,—,,
2026-10-04T20:01:41.654341+00:00,nfl,2026,4,401872969,401872969217,1,12:27,"L.Cooke punts 60 yards to CIN 20, Center-R.Matiscik. D.Meyers to CIN 24 for 4 yards (D.Gardeck).PENALTY on CIN-D.Ivey, Offensive Holding, 10 yards, enforced at CIN 20.",4,10,JAX 20,80,0,Cincinnati Bengals,Jacksonville Jaguars,0,0,7.5,92.5,343.0,23.0,366.0,205.0,113.0,318.0,game,ML,Jacksonville Jaguars,,,polymarket,-670,—,—,,Loss,,miss,,,,—,,
2026-10-04T20:01:41.654341+00:00,nfl,2026,4,401872969,401872969217,1,12:27,"L.Cooke punts 60 yards to CIN 20, Center-R.Matiscik. D.Meyers to CIN 24 for 4 yards (D.Gardeck).PENALTY on CIN-D.Ivey, Offensive Holding, 10 yards, enforced at CIN 20.",4,10,JAX 20,80,0,Cincinnati Bengals,Jacksonville Jaguars,0,0,7.5,92.5,343.0,23.0,366.0,205.0,113.0,318.0,game,ML,Cincinnati Bengals,,,bet365,850,—,—,,Loss,,miss,,,,—,,
2026-10-04T20:01:41.654341+00:00,nfl,2026,4,401872969,401872969255,1,12:16,J.Burrow pass short right to T.Higgins pushed ob at CIN 24 for 14 yards (E.Murray) [T.Walker].,1,10,CIN 10,10,0,Cincinnati Bengals,Jacksonville Jaguars,0,0,7.5,92.5,343.0,23.0,366.0,205.0,113.0,318.0,game,Spread,Jacksonville Jaguars,,-2.5,kalshi,-1012,—,—,,0,,miss,,,,—,,
2026-10-04T20:01:41.654341+00:00,nfl,2026,4,401872969,401872969255,1,12:16,J.Burrow pass short right to T.Higgins pushed ob at CIN 24 for 14 yards (E.Murray) [T.Walker].,1,10,CIN 10,10,0,Cincinnati Bengals,Jacksonville Jaguars,0,0,7.5,92.5,343.0,23.0,366.0,205.0,113.0,318.0,game,Spread,Cincinnati Bengals,,2.5,kalshi,566,—,—,,0,,hit,,,,—,,
2026-10-04T20:01:41.654341+00:00,nfl,2026,4,401872969,401872969255,1,12:16,J.Burrow pass short right to T.Higgins pushed ob at CIN 24 for 14 yards (E.Murray) [T.Walker].,1,10,CIN 10,10,0,Cincinnati Bengals,Jacksonville Jaguars,0,0,7.5,92.5,343.0,23.0,366.0,205.0,113.0,318.0,game,Total,Over,,40.5,kalshi,525,—,—,,0.0,,miss,,,,—,,
2026-10-04T20:01:41.654341+00:00,nfl,2026,4,401872969,401872969255,1,12:16,J.Burrow pass short right to T.Higgins pushed ob at CIN 24 for 14 yards (E.Murray) [T.Walker].,1,10,CIN 10,10,0,Cincinnati Bengals,Jacksonville Jaguars,0,0,7.5,92.5,343.0,23.0,366.0,205.0,113.0,318.0,game,Total,Under,,40.5,kalshi,-1012,—,—,,0.0,,hit,,,,—,,
2026-10-04T20:01:41.654341+00:00,nfl,2026,4,401872969,401872969255,1,12:16,J.Burrow pass short right to T.Higgins pushed ob at CIN 24 for 14 yards (E.Murray) [T.Walker].,1,10,CIN 10,10,0,Cincinnati Bengals,Jacksonville Jaguars,0,0,7.5,92.5,343.0,23.0,366.0,205.0,113.0,318.0,game,ML,Jacksonville Jaguars,,,polymarket,-670,—,—,,Loss,,miss,,,,—,,
2026-10-04T20:01:41.654341+00:00,nfl,2026,4,401872969,401872969255,1,12:16,J.Burrow pass short right to T.Higgins pushed ob at CIN 24 for 14 yards (E.Murray) [T.Walker].,1,10,CIN 10,10,0,Cincinnati Bengals,Jacksonville Jaguars,0,0,7.5,92.5,343.0,23.0,366.0,205.0,113.0,318.0,game,ML,Cincinnati Bengals,,,bet365,850,—,—,,Loss,,miss,,,,—,,
2026-10-04T20:01:41.654341+00:00,nfl,2026,4,401872969,401872969285,1,11:41,C.Brown left tackle to CIN 19 for -5 yards (A.Johnson).,1,10,CIN 24,24,0,Cincinnati Bengals,Jacksonville Jaguars,0,0,7.5,92.5,343.0,23.0,366.0,205.0,113.0,318.0,game,Spread,Jacksonville Jaguars,,-2.5,kalshi,-1012,—,—,,0,,miss,,,,—,,
2026-10-04T20:01:41.654341+00:00,nfl,2026,4,401872969,401872969285,1,11:41,C.Brown left tackle to CIN 19 for -5 yards (A.Johnson).,1,10,CIN 24,24,0,Cincinnati Bengals,Jacksonville Jaguars,0,0,7.5,92.5,343.0,23.0,366.0,205.0,113.0,318.0,game,Spread,Cincinnati Bengals,,2.5,kalshi,566,—,—,,0,,hit,,,,—,,
2026-10-04T20:01:41.654341+00:00,nfl,2026,4,401872969,401872969285,1,11:41,C.Brown left tackle to CIN 19 for -5 yards (A.Johnson).,1,10,CIN 24,24,0,Cincinnati Bengals,Jacksonville Jaguars,0,0,7.5,92.5,343.0,23.0,366.0,205.0,113.0,318.0,game,Total,Over,,40.5,kalshi,525,—,—,,0.0,,miss,,,,—,,
2026-10-04T20:01:41.654341+00:00,nfl,2026,4,401872969,401872969285,1,11:41,C.Brown left tackle to CIN 19 for -5 yards (A.Johnson).,1,10,CIN 24,24,0,Cincinnati Bengals,Jacksonville Jaguars,0,0,7.5,92.5,343.0,23.0,366.0,205.0,113.0,318.0,game,Total,Under,,40.5,kalshi,-1012,—,—,,0.0,,hit,,,,—,,
2026-10-04T20:01:41.654341+00:00,nfl,2026,4,401872969,401872969285,1,11:41,C.Brown left tackle to CIN 19 for -5 yards (A.Johnson).,1,10,CIN 24,24,0,Cincinnati Bengals,Jacksonville Jaguars,0,0,7.5,92.5,343.0,23.0,366.0,205.0,113.0,318.0,game,ML,Jacksonville Jaguars,,,polymarket,-670,—,—,,Loss,,miss,,,,—,,
2026-10-04T20:01:41.654341+00:00,nfl,2026,4,401872969,401872969285,1,11:41,C.Brown left tackle to CIN 19 for -5 yards (A.Johnson).,1,10,CIN 24,24,0,Cincinnati Bengals,Jacksonville Jaguars,0,0,7.5,92.5,343.0,23.0,366.0,205.0,113.0,318.0,game,ML,Cincinnati Bengals,,,bet365,850,—,—,,Loss,,miss,,,,—,,
2026-10-04T20:01:41.654341+00:00,nfl,2026,4,401872969,401872969307,1,11:00,(Shotgun) J.Burrow pass short right to D.Meyers to CIN 35 for 16 yards (E.Murray).,2,15,CIN 19,19,0,Cincinnati Bengals,Jacksonville Jaguars,0,0,7.5,92.5,343.0,23.0,366.0,205.0,113.0,318.0,game,Spread,Jacksonville Jaguars,,-2.5,kalshi,-1012,—,—,,0,,miss,,,,—,,
2026-10-04T20:01:41.654341+00:00,nfl,2026,4,401872969,401872969307,1,11:00,(Shotgun) J.Burrow pass short right to D.Meyers to CIN 35 for 16 yards (E.Murray).,2,15,CIN 19,19,0,Cincinnati Bengals,Jacksonville Jaguars,0,0,7.5,92.5,343.0,23.0,366.0,205.0,113.0,318.0,game,Spread,Cincinnati Bengals,,2.5,kalshi,566,—,—,,0,,hit,,,,—,,
2026-10-04T20:01:41.654341+00:00,nfl,2026,4,401872969,401872969307,1,11:00,(Shotgun) J.Burrow pass short right to D.Meyers to CIN 35 for 16 yards (E.Murray).,2,15,CIN 19,19,0,Cincinnati Bengals,Jacksonville Jaguars,0,0,7.5,92.5,343.0,23.0,366.0,205.0,113.0,318.0,game,Total,Over,,40.5,kalshi,525,—,—,,0.0,,miss,,,,—,,
2026-10-04T20:01:41.654341+00:00,nfl,2026,4,401872969,401872969307,1,11:00,(Shotgun) J.Burrow pass short right to D.Meyers to CIN 35 for 16 yards (E.Murray).,2,15,CIN 19,19,0,Cincinnati Bengals,Jacksonville Jaguars,0,0,7.5,92.5,343.0,23.0,366.0,205.0,113.0,318.0,game,Total,Under,,40.5,kalshi,-1012,—,—,,0.0,,hit,,,,—,,
2026-10-04T20:01:41.654341+00:00,nfl,2026,4,401872969,401872969307,1,11:00,(Shotgun) J.Burrow pass short right to D.Meyers to CIN 35 for 16 yards (E.Murray).,2,15,CIN 19,19,0,Cincinnati Bengals,Jacksonville Jaguars,0,0,7.5,92.5,343.0,23.0,366.0,205.0,113.0,318.0,game,ML,Jacksonville Jaguars,,,polymarket,-670,—,—,,Loss,,miss,,,,—,,
2026-10-04T20:01:41.654341+00:00,nfl,2026,4,401872969,401872969307,1,11:00,(Shotgun) J.Burrow pass short right to D.Meyers to CIN 35 for 16 yards (E.Murray).,2,15,CIN 19,19,0,Cincinnati Bengals,Jacksonville Jaguars,0,0,7.5,92.5,343.0,23.0,366.0,205.0,113.0,318.0,game,ML,Cincinnati Bengals,,,bet365,850,—,—,,Loss,,miss,,,,—,,
2026-10-04T20:01:41.654341+00:00,nfl,2026,4,401872969,401872969332,1,10:16,(Shotgun) J.Burrow pass short right to C.Brown to CIN 40 for 5 yards (J.Jones) [D.Hamilton].,1,10,CIN 35,35,0,Cincinnati Bengals,Jacksonville Jaguars,0,0,7.5,92.5,343.0,23.0,366.0,205.0,113.0,318.0,game,Spread,Jacksonville Jaguars,,-2.5,kalshi,-1012,—,—,,0,,miss,,,,—,,
2026-10-04T20:01:41.654341+00:00,nfl,2026,4,401872969,401872969332,1,10:16,(Shotgun) J.Burrow pass short right to C.Brown to CIN 40 for 5 yards (J.Jones) [D.Hamilton].,1,10,CIN 35,35,0,Cincinnati Bengals,Jacksonville Jaguars,0,0,7.5,92.5,343.0,23.0,366.0,205.0,113.0,318.0,game,Spread,Cincinnati Bengals,,2.5,kalshi,566,—,—,,0,,hit,,,,—,,
2026-10-04T20:01:41.654341+00:00,nfl,2026,4,401872969,401872969332,1,10:16,(Shotgun) J.Burrow pass short right to C.Brown to CIN 40 for 5 yards (J.Jones) [D.Hamilton].,1,10,CIN 35,35,0,Cincinnati Bengals,Jacksonville Jaguars,0,0,7.5,92.5,343.0,23.0,366.0,205.0,113.0,318.0,game,Total,Over,,40.5,kalshi,525,—,—,,0.0,,miss,,,,—,,
2026-10-04T20:01:41.654341+00:00,nfl,2026,4,401872969,401872969332,1,10:16,(Shotgun) J.Burrow pass short right to C.Brown to CIN 40 for 5 yards (J.Jones) [D.Hamilton].,1,10,CIN 35,35,0,Cincinnati Bengals,Jacksonville Jaguars,0,0,7.5,92.5,343.0,23.0,366.0,205.0,113.0,318.0,game,Total,Under,,40.5,kalshi,-1012,—,—,,0.0,,hit,,,,—,,
2026-10-04T20:01:41.654341+00:00,nfl,2026,4,401872969,401872969332,1,10:16,(Shotgun) J.Burrow pass short right to C.Brown to CIN 40 for 5 yards (J.Jones) [D.Hamilton].,1,10,CIN 35,35,0,Cincinnati Bengals,Jacksonville Jaguars,0,0,7.5,92.5,343.0,23.0,366.0,205.0,113.0,318.0,game,ML,Jacksonville Jaguars,,,polymarket,-670,—,—,,Loss,,miss,,,,—,,
2026-10-04T20:01:41.654341+00:00,nfl,2026,4,401872969,401872969332,1,10:16,(Shotgun) J.Burrow pass short right to C.Brown to CIN 40 for 5 yards (J.Jones) [D.Hamilton].,1,10,CIN 35,35,0,Cincinnati Bengals,Jacksonville Jaguars,0,0,7.5,92.5,343.0,23.0,366.0,205.0,113.0,318.0,game,ML,Cincinnati Bengals,,,bet365,850,—,—,,Loss,,miss,,,,—,,
2026-10-04T20:01:41.654341+00:00,nfl,2026,4,401872969,401872969357,1,9:35,C.Brown up the middle to CIN 42 for 2 yards (F.Oluokun; V.Miller).,2,5,CIN 40,40,0,Cincinnati Bengals,Jacksonville Jaguars,0,0,7.5,92.5,343.0,23.0,366.0,205.0,113.0,318.0,game,Spread,Jacksonville Jaguars,,-2.5,kalshi,-1012,—,—,,0,,miss,,,,—,,
2026-10-04T20:01:41.654341+00:00,nfl,2026,4,401872969,401872969357,1,9:35,C.Brown up the middle to CIN 42 for 2 yards (F.Oluokun; V.Miller).,2,5,CIN 40,40,0,Cincinnati Bengals,Jacksonville Jaguars,0,0,7.5,92.5,343.0,23.0,366.0,205.0,113.0,318.0,game,Spread,Cincinnati Bengals,,2.5,kalshi,566,—,—,,0,,hit,,,,—,,
2026-10-04T20:01:41.654341+00:00,nfl,2026,4,401872969,401872969357,1,9:35,C.Brown up the middle to CIN 42 for 2 yards (F.Oluokun; V.Miller).,2,5,CIN 40,40,0,Cincinnati Bengals,Jacksonville Jaguars,0,0,7.5,92.5,343.0,23.0,366.0,205.0,113.0,318.0,game,Total,Over,,40.5,kalshi,525,—,—,,0.0,,miss,,,,—,,
2026-10-04T20:01:41.654341+00:00,nfl,2026,4,401872969,401872969357,1,9:35,C.Brown up the middle to CIN 42 for 2 yards (F.Oluokun; V.Miller).,2,5,CIN 40,40,0,Cincinnati Bengals,Jacksonville Jaguars,0,0,7.5,92.5,343.0,23.0,366.0,205.0,113.0,318.0,game,Total,Under,,40.5,kalshi,-1012,—,—,,0.0,,hit,,,,—,,
2026-10-04T20:01:41.654341+00:00,nfl,2026,4,401872969,401872969357,1,9:35,C.Brown up the middle to CIN 42 for 2 yards (F.Oluokun; V.Miller).,2,5,CIN 40,40,0,Cincinnati Bengals,Jacksonville Jaguars,0,0,7.5,92.5,343.0,23.0,366.0,205.0,113.0,318.0,game,ML,Jacksonville Jaguars,,,polymarket,-670,—,—,,Loss,,miss,,,,—,,
2026-10-04T20:01:41.654341+00:00,nfl,2026,4,401872969,401872969357,1,9:35,C.Brown up the middle to CIN 42 for 2 yards (F.Oluokun; V.Miller).,2,5,CIN 40,40,0,Cincinnati Bengals,Jacksonville Jaguars,0,0,7.5,92.5,343.0,23.0,366.0,205.0,113.0,318.0,game,ML,Cincinnati Bengals,,,bet365,850,—,—,,Loss,,miss,,,,—,,
2026-10-04T20:01:41.654341+00:00,nfl,2026,4,401872969,401872969379,1,8:52,(Shotgun) J.Burrow pass short right to T.Higgins to CIN 44 for 2 yards (T.Hunter).,3,3,CIN 42,42,0,Cincinnati Bengals,Jacksonville Jaguars,0,0,7.5,92.5,343.0,23.0,366.0,205.0,113.0,318.0,game,Spread,Jacksonville Jaguars,,-2.5,kalshi,-1012,—,—,,0,,miss,,,,—,,
2026-10-04T20:01:41.654341+00:00,nfl,2026,4,401872969,401872969379,1,8:52,(Shotgun) J.Burrow pass short right to T.Higgins to CIN 44 for 2 yards (T.Hunter).,3,3,CIN 42,42,0,Cincinnati Bengals,Jacksonville Jaguars,0,0,7.5,92.5,343.0,23.0,366.0,205.0,113.0,318.0,game,Spread,Cincinnati Bengals,,2.5,kalshi,566,—,—,,0,,hit,,,,—,,
2026-10-04T20:01:41.654341+00:00,nfl,2026,4,401872969,401872969379,1,8:52,(Shotgun) J.Burrow pass short right to T.Higgins to CIN 44 for 2 yards (T.Hunter).,3,3,CIN 42,42,0,Cincinnati Bengals,Jacksonville Jaguars,0,0,7.5,92.5,343.0,23.0,366.0,205.0,113.0,318.0,game,Total,Over,,40.5,kalshi,525,—,—,,0.0,,miss,,,,—,,
2026-10-04T20:01:41.654341+00:00,nfl,2026,4,401872969,401872969379,1,8:52,(Shotgun) J.Burrow pass short right to T.Higgins to CIN 44 for 2 yards (T.Hunter).,3,3,CIN 42,42,0,Cincinnati Bengals,Jacksonville Jaguars,0,0,7.5,92.5,343.0,23.0,366.0,205.0,113.0,318.0,game,Total,Under,,40.5,kalshi,-1012,—,—,,0.0,,hit,,,,—,,
2026-10-04T20:01:41.654341+00:00,nfl,2026,4,401872969,401872969379,1,8:52,(Shotgun) J.Burrow pass short right to T.Higgins to CIN 44 for 2 yards (T.Hunter).,3,3,CIN 42,42,0,Cincinnati Bengals,Jacksonville Jaguars,0,0,7.5,92.5,343.0,23.0,366.0,205.0,113.0,318.0,game,ML,Jacksonville Jaguars,,,polymarket,-670,—,—,,Loss,,miss,,,,—,,
2026-10-04T20:01:41.654341+00:00,nfl,2026,4,401872969,401872969379,1,8:52,(Shotgun) J.Burrow pass short right to T.Higgins to CIN 44 for 2 yards (T.Hunter).,3,3,CIN 42,42,0,Cincinnati Bengals,Jacksonville Jaguars,0,0,7.5,92.5,343.0,23.0,366.0,205.0,113.0,318.0,game,ML,Cincinnati Bengals,,,bet365,850,—,—,,Loss,,miss,,,,—,,
2026-10-04T20:01:41.654341+00:00,nfl,2026,4,401872969,401872969404,1,8:04,"(Run formation) PENALTY on CIN, Delay of Game, 5 yards, enforced at CIN 44 - No Play.",4,1,CIN 44,44,0,Cincinnati Bengals,Jacksonville Jaguars,0,0,7.5,92.5,343.0,23.0,366.0,205.0,113.0,318.0,game,Spread,Jacksonville Jaguars,,-2.5,kalshi,-1012,—,—,,0,,miss,,,,—,,
2026-10-04T20:01:41.654341+00:00,nfl,2026,4,401872969,401872969404,1,8:04,"(Run formation) PENALTY on CIN, Delay of Game, 5 yards, enforced at CIN 44 - No Play.",4,1,CIN 44,44,0,Cincinnati Bengals,Jacksonville Jaguars,0,0,7.5,92.5,343.0,23.0,366.0,205.0,113.0,318.0,game,Spread,Cincinnati Bengals,,2.5,kalshi,566,—,—,,0,,hit,,,,—,,
2026-10-04T20:01:41.654341+00:00,nfl,2026,4,401872969,401872969404,1,8:04,"(Run formation) PENALTY on CIN, Delay of Game, 5 yards, enforced at CIN 44 - No Play.",4,1,CIN 44,44,0,Cincinnati Bengals,Jacksonville Jaguars,0,0,7.5,92.5,343.0,23.0,366.0,205.0,113.0,318.0,game,Total,Over,,40.5,kalshi,525,—,—,,0.0,,miss,,,,—,,
2026-10-04T20:01:41.654341+00:00,nfl,2026,4,401872969,401872969404,1,8:04,"(Run formation) PENALTY on CIN, Delay of Game, 5 yards, enforced at CIN 44 - No Play.",4,1,CIN 44,44,0,Cincinnati Bengals,Jacksonville Jaguars,0,0,7.5,92.5,343.0,23.0,366.0,205.0,113.0,318.0,game,Total,Under,,40.5,kalshi,-1012,—,—,,0.0,,hit,,,,—,,
2026-10-04T20:01:41.654341+00:00,nfl,2026,4,401872969,401872969404,1,8:04,"(Run formation) PENALTY on CIN, Delay of Game, 5 yards, enforced at CIN 44 - No Play.",4,1,CIN 44,44,0,Cincinnati Bengals,Jacksonville Jaguars,0,0,7.5,92.5,343.0,23.0,366.0,205.0,113.0,318.0,game,ML,Jacksonville Jaguars,,,polymarket,-670,—,—,,Loss,,miss,,,,—,,
2026-10-04T20:01:41.654341+00:00,nfl,2026,4,401872969,401872969404,1,8:04,"(Run formation) PENALTY on CIN, Delay of Game, 5 yards, enforced at CIN 44 - No Play.",4,1,CIN 44,44,0,Cincinnati Bengals,Jacksonville Jaguars,0,0,7.5,92.5,343.0,23.0,366.0,205.0,113.0,318.0,game,ML,Cincinnati Bengals,,,bet365,850,—,—,,Loss,,miss,,,,—,,
2026-10-04T20:01:41.654341+00:00,nfl,2026,4,401872969,401872969428,1,7:50,"R.Rehkow punts 42 yards to JAX 19, Center-W.Wagner, fair catch by P.Washington.",4,6,CIN 39,39,0,Cincinnati Bengals,Jacksonville Jaguars,0,0,7.5,92.5,343.0,23.0,366.0,205.0,113.0,318.0,game,Spread,Jacksonville Jaguars,,-2.5,kalshi,-1012,—,—,,0,,miss,,,,—,,
2026-10-04T20:01:41.654341+00:00,nfl,2026,4,401872969,401872969428,1,7:50,"R.Rehkow punts 42 yards to JAX 19, Center-W.Wagner, fair catch by P.Washington.",4,6,CIN 39,39,0,Cincinnati Bengals,Jacksonville Jaguars,0,0,7.5,92.5,343.0,23.0,366.0,205.0,113.0,318.0,game,Spread,Cincinnati Bengals,,2.5,kalshi,566,—,—,,0,,hit,,,,—,,
2026-10-04T20:01:41.654341+00:00,nfl,2026,4,401872969,401872969428,1,7:50,"R.Rehkow punts 42 yards to JAX 19, Center-W.Wagner, fair catch by P.Washington.",4,6,CIN 39,39,0,Cincinnati Bengals,Jacksonville Jaguars,0,0,7.5,92.5,343.0,23.0,366.0,205.0,113.0,318.0,game,Total,Over,,40.5,kalshi,525,—,—,,0.0,,miss,,,,—,,
2026-10-04T20:01:41.654341+00:00,nfl,2026,4,401872969,401872969428,1,7:50,"R.Rehkow punts 42 yards to JAX 19, Center-W.Wagner, fair catch by P.Washington.",4,6,CIN 39,39,0,Cincinnati Bengals,Jacksonville Jaguars,0,0,7.5,92.5,343.0,23.0,366.0,205.0,113.0,318.0,game,Total,Under,,40.5,kalshi,-1012,—,—,,0.0,,hit,,,,—,,
2026-10-04T20:01:41.654341+00:00,nfl,2026,4,401872969,401872969428,1,7:50,"R.Rehkow punts 42 yards to JAX 19, Center-W.Wagner, fair catch by P.Washington.",4,6,CIN 39,39,0,Cincinnati Bengals,Jacksonville Jaguars,0,0,7.5,92.5,343.0,23.0,366.0,205.0,113.0,318.0,game,ML,Jacksonville Jaguars,,,polymarket,-670,—,—,,Loss,,miss,,,,—,,
2026-10-04T20:01:41.654341+00:00,nfl,2026,4,401872969,401872969428,1,7:50,"R.Rehkow punts 42 yards to JAX 19, Center-W.Wagner, fair catch by P.Washington.",4,6,CIN 39,39,0,Cincinnati Bengals,Jacksonville Jaguars,0,0,7.5,92.5,343.0,23.0,366.0,205.0,113.0,318.0,game,ML,Cincinnati Bengals,,,bet365,850,—,—,,Loss,,miss,,,,—,,
2026-10-04T20:01:41.654341+00:00,nfl,2026,4,401872969,401872969438,1,7:43,Official Timeout at 07:43.,1,10,JAX 19,81,0,Cincinnati Bengals,Jacksonville Jaguars,0,0,7.5,92.5,343.0,23.0,366.0,205.0,113.0,318.0,game,Spread,Jacksonville Jaguars,,-2.5,kalshi,-1012,—,—,,0,,miss,,,,—,,
2026-10-04T20:01:41.654341+00:00,nfl,2026,4,401872969,401872969438,1,7:43,Official Timeout at 07:43.,1,10,JAX 19,81,0,Cincinnati Bengals,Jacksonville Jaguars,0,0,7.5,92.5,343.0,23.0,366.0,205.0,113.0,318.0,game,Spread,Cincinnati Bengals,,2.5,kalshi,566,—,—,,0,,hit,,,,—,,
2026-10-04T20:01:41.654341+00:00,nfl,2026,4,401872969,401872969438,1,7:43,Official Timeout at 07:43.,1,10,JAX 19,81,0,Cincinnati Bengals,Jacksonville Jaguars,0,0,7.5,92.5,343.0,23.0,366.0,205.0,113.0,318.0,game,Total,Over,,40.5,kalshi,525,—,—,,0.0,,miss,,,,—,,
2026-10-04T20:01:41.654341+00:00,nfl,2026,4,401872969,401872969438,1,7:43,Official Timeout at 07:43.,1,10,JAX 19,81,0,Cincinnati Bengals,Jacksonville Jaguars,0,0,7.5,92.5,343.0,23.0,366.0,205.0,113.0,318.0,game,Total,Under,,40.5,kalshi,-1012,—,—,,0.0,,hit,,,,—,,
2026-10-04T20:01:41.654341+00:00,nfl,2026,4,401872969,401872969438,1,7:43,Official Timeout at 07:43.,1,10,JAX 19,81,0,Cincinnati Bengals,Jacksonville Jaguars,0,0,7.5,92.5,343.0,23.0,366.0,205.0,113.0,318.0,game,ML,Jacksonville Jaguars,,,polymarket,-670,—,—,,Loss,,miss,,,,—,,
2026-10-04T20:01:41.654341+00:00,nfl,2026,4,401872969,401872969438,1,7:43,Official Timeout at 07:43.,1,10,JAX 19,81,0,Cincinnati Bengals,Jacksonville Jaguars,0,0,7.5,92.5,343.0,23.0,366.0,205.0,113.0,318.0,game,ML,Cincinnati Bengals,,,bet365,850,—,—,,Loss,,miss,,,,—,,
2026-10-04T20:01:41.654341+00:00,nfl,2026,4,401872969,401872969448,1,7:43,"B.Tuten left tackle to JAX 18 for -1 yards (B.Carter, J.Allen).",1,10,JAX 19,81,0,Cincinnati Bengals,Jacksonville Jaguars,0,0,7.5,92.5,343.0,23.0,366.0,205.0,113.0,318.0,game,Spread,Jacksonville Jaguars,,-2.5,kalshi,-1012,—,—,,0,,miss,,,,—,,
2026-10-04T20:01:41.654341+00:00,nfl,2026,4,401872969,401872969448,1,7:43,"B.Tuten left tackle to JAX 18 for -1 yards (B.Carter, J.Allen).",1,10,JAX 19,81,0,Cincinnati Bengals,Jacksonville Jaguars,0,0,7.5,92.5,343.0,23.0,366.0,205.0,113.0,318.0,game,Spread,Cincinnati Bengals,,2.5,kalshi,566,—,—,,0,,hit,,,,—,,
2026-10-04T20:01:41.654341+00:00,nfl,2026,4,401872969,401872969448,1,7:43,"B.Tuten left tackle to JAX 18 for -1 yards (B.Carter, J.Allen).",1,10,JAX 19,81,0,Cincinnati Bengals,Jacksonville Jaguars,0,0,7.5,92.5,343.0,23.0,366.0,205.0,113.0,318.0,game,Total,Over,,40.5,kalshi,525,—,—,,0.0,,miss,,,,—,,
2026-10-04T20:01:41.654341+00:00,nfl,2026,4,401872969,401872969448,1,7:43,"B.Tuten left tackle to JAX 18 for -1 yards (B.Carter, J.Allen).",1,10,JAX 19,81,0,Cincinnati Bengals,Jacksonville Jaguars,0,0,7.5,92.5,343.0,23.0,366.0,205.0,113.0,318.0,game,Total,Under,,40.5,kalshi,-1012,—,—,,0.0,,hit,,,,—,,
2026-10-04T20:01:41.654341+00:00,nfl,2026,4,401872969,401872969448,1,7:43,"B.Tuten left tackle to JAX 18 for -1 yards (B.Carter, J.Allen).",1,10,JAX 19,81,0,Cincinnati Bengals,Jacksonville Jaguars,0,0,7.5,92.5,343.0,23.0,366.0,205.0,113.0,318.0,game,ML,Jacksonville Jaguars,,,polymarket,-670,—,—,,Loss,,miss,,,,—,,
2026-10-04T20:01:41.654341+00:00,nfl,2026,4,401872969,401872969448,1,7:43,"B.Tuten left tackle to JAX 18 for -1 yards (B.Carter, J.Allen).",1,10,JAX 19,81,0,Cincinnati Bengals,Jacksonville Jaguars,0,0,7.5,92.5,343.0,23.0,366.0,205.0,113.0,318.0,game,ML,Cincinnati Bengals,,,bet365,850,—,—,,Loss,,miss,,,,—,,
2026-10-04T20:01:41.654341+00:00,nfl,2026,4,401872969,401872969477,1,7:06,(Shotgun) T.Lawrence sacked at JAX 11 for -7 yards (M.Murphy).,2,11,JAX 18,82,0,Cincinnati Bengals,Jacksonville Jaguars,0,0,7.5,92.5,343.0,23.0,366.0,205.0,113.0,318.0,game,Spread,Jacksonville Jaguars,,-2.5,kalshi,-1012,—,—,,0,,miss,,,,—,,
2026-10-04T20:01:41.654341+00:00,nfl,2026,4,401872969,401872969477,1,7:06,(Shotgun) T.Lawrence sacked at JAX 11 for -7 yards (M.Murphy).,2,11,JAX 18,82,0,Cincinnati Bengals,Jacksonville Jaguars,0,0,7.5,92.5,343.0,23.0,366.0,205.0,113.0,318.0,game,Spread,Cincinnati Bengals,,2.5,kalshi,566,—,—,,0,,hit,,,,—,,
2026-10-04T20:01:41.654341+00:00,nfl,2026,4,401872969,401872969477,1,7:06,(Shotgun) T.Lawrence sacked at JAX 11 for -7 yards (M.Murphy).,2,11,JAX 18,82,0,Cincinnati Bengals,Jacksonville Jaguars,0,0,7.5,92.5,343.0,23.0,366.0,205.0,113.0,318.0,game,Total,Over,,40.5,kalshi,525,—,—,,0.0,,miss,,,,—,,
2026-10-04T20:01:41.654341+00:00,nfl,2026,4,401872969,401872969477,1,7:06,(Shotgun) T.Lawrence sacked at JAX 11 for -7 yards (M.Murphy).,2,11,JAX 18,82,0,Cincinnati Bengals,Jacksonville Jaguars,0,0,7.5,92.5,343.0,23.0,366.0,205.0,113.0,318.0,game,Total,Under,,40.5,kalshi,-1012,—,—,,0.0,,hit,,,,—,,
2026-10-04T20:01:41.654341+00:00,nfl,2026,4,401872969,401872969477,1,7:06,(Shotgun) T.Lawrence sacked at JAX 11 for -7 yards (M.Murphy).,2,11,JAX 18,82,0,Cincinnati Bengals,Jacksonville Jaguars,0,0,7.5,92.5,343.0,23.0,366.0,205.0,113.0,318.0,game,ML,Jacksonville Jaguars,,,polymarket,-670,—,—,,Loss,,miss,,,,—,,
2026-10-04T20:01:41.654341+00:00,nfl,2026,4,401872969,401872969477,1,7:06,(Shotgun) T.Lawrence sacked at JAX 11 for -7 yards (M.Murphy).,2,11,JAX 18,82,0,Cincinnati Bengals,Jacksonville Jaguars,0,0,7.5,92.5,343.0,23.0,366.0,205.0,113.0,318.0,game,ML,Cincinnati Bengals,,,bet365,850,—,—,,Loss,,miss,,,,—,,
2026-10-04T20:01:41.654341+00:00,nfl,2026,4,401872969,401872969497,1,6:25, (Shotgun) T.Lawrence pass short middle to B.Strange to JAX 34 for 23 yards (R.Yeast).,3,18,JAX 11,89,0,Cincinnati Bengals,Jacksonville Jaguars,0,0,7.5,92.5,343.0,23.0,366.0,205.0,113.0,318.0,game,Spread,Jacksonville Jaguars,,-2.5,kalshi,-1012,—,—,,0,,miss,,,,—,,
2026-10-04T20:01:41.654341+00:00,nfl,2026,4,401872969,401872969497,1,6:25, (Shotgun) T.Lawrence pass short middle to B.Strange to JAX 34 for 23 yards (R.Yeast).,3,18,JAX 11,89,0,Cincinnati Bengals,Jacksonville Jaguars,0,0,7.5,92.5,343.0,23.0,366.0,205.0,113.0,318.0,game,Spread,Cincinnati Bengals,,2.5,kalshi,566,—,—,,0,,hit,,,,—,,
2026-10-04T20:01:41.654341+00:00,nfl,2026,4,401872969,401872969497,1,6:25, (Shotgun) T.Lawrence pass short middle to B.Strange to JAX 34 for 23 yards (R.Yeast).,3,18,JAX 11,89,0,Cincinnati Bengals,Jacksonville Jaguars,0,0,7.5,92.5,343.0,23.0,366.0,205.0,113.0,318.0,game,Total,Over,,40.5,kalshi,525,—,—,,0.0,,miss,,,,—,,
2026-10-04T20:01:41.654341+00:00,nfl,2026,4,401872969,401872969497,1,6:25, (Shotgun) T.Lawrence pass short middle to B.Strange to JAX 34 for 23 yards (R.Yeast).,3,18,JAX 11,89,0,Cincinnati Bengals,Jacksonville Jaguars,0,0,7.5,92.5,343.0,23.0,366.0,205.0,113.0,318.0,game,Total,Under,,40.5,kalshi,-1012,—,—,,0.0,,hit,,,,—,,
2026-10-04T20:01:41.654341+00:00,nfl,2026,4,401872969,401872969497,1,6:25, (Shotgun) T.Lawrence pass short middle to B.Strange to JAX 34 for 23 yards (R.Yeast).,3,18,JAX 11,89,0,Cincinnati Bengals,Jacksonville Jaguars,0,0,7.5,92.5,343.0,23.0,366.0,205.0,113.0,318.0,game,ML,Jacksonville Jaguars,,,polymarket,-670,—,—,,Loss,,miss,,,,—,,
2026-10-04T20:01:41.654341+00:00,nfl,2026,4,401872969,401872969497,1,6:25, (Shotgun) T.Lawrence pass short middle to B.Strange to JAX 34 for 23 yards (R.Yeast).,3,18,JAX 11,89,0,Cincinnati Bengals,Jacksonville Jaguars,0,0,7.5,92.5,343.0,23.0,366.0,205.0,113.0,318.0,game,ML,Cincinnati Bengals,,,bet365,850,—,—,,Loss,,miss,,,,—,,
2026-10-04T20:01:41.654341+00:00,nfl,2026,4,401872969,401872969522,1,5:41,P.Washington left end pushed ob at JAX 37 for 3 yards (T.Davis).,1,10,JAX 34,66,0,Cincinnati Bengals,Jacksonville Jaguars,0,0,7.5,92.5,343.0,23.0,366.0,205.0,113.0,318.0,game,Spread,Jacksonville Jaguars,,-2.5,kalshi,-1012,—,—,,0,,miss,,,,—,,
2026-10-04T20:01:41.654341+00:00,nfl,2026,4,401872969,401872969522,1,5:41,P.Washington left end pushed ob at JAX 37 for 3 yards (T.Davis).,1,10,JAX 34,66,0,Cincinnati Bengals,Jacksonville Jaguars,0,0,7.5,92.5,343.0,23.0,366.0,205.0,113.0,318.0,game,Spread,Cincinnati Bengals,,2.5,kalshi,566,—,—,,0,,hit,,,,—,,
2026-10-04T20:01:41.654341+00:00,nfl,2026,4,401872969,401872969522,1,5:41,P.Washington left end pushed ob at JAX 37 for 3 yards (T.Davis).,1,10,JAX 34,66,0,Cincinnati Bengals,Jacksonville Jaguars,0,0,7.5,92.5,343.0,23.0,366.0,205.0,113.0,318.0,game,Total,Over,,40.5,kalshi,525,—,—,,0.0,,miss,,,,—,,
2026-10-04T20:01:41.654341+00:00,nfl,2026,4,401872969,401872969522,1,5:41,P.Washington left end pushed ob at JAX 37 for 3 yards (T.Davis).,1,10,JAX 34,66,0,Cincinnati Bengals,Jacksonville Jaguars,0,0,7.5,92.5,343.0,23.0,366.0,205.0,113.0,318.0,game,Total,Under,,40.5,kalshi,-1012,—,—,,0.0,,hit,,,,—,,
2026-10-04T20:01:41.654341+00:00,nfl,2026,4,401872969,401872969522,1,5:41,P.Washington left end pushed ob at JAX 37 for 3 yards (T.Davis).,1,10,JAX 34,66,0,Cincinnati Bengals,Jacksonville Jaguars,0,0,7.5,92.5,343.0,23.0,366.0,205.0,113.0,318.0,game,ML,Jacksonville Jaguars,,,polymarket,-670,—,—,,Loss,,miss,,,,—,,
2026-10-04T20:01:41.654341+00:00,nfl,2026,4,401872969,401872969522,1,5:41,P.Washington left end pushed ob at JAX 37 for 3 yards (T.Davis).,1,10,JAX 34,66,0,Cincinnati Bengals,Jacksonville Jaguars,0,0,7.5,92.5,343.0,23.0,366.0,205.0,113.0,318.0,game,ML,Cincinnati Bengals,,,bet365,850,—,—,,Loss,,miss,,,,—,,
2026-10-04T20:01:41.654341+00:00,nfl,2026,4,401872969,401872969549,1,5:09,T.Lawrence pass deep middle to J.Meyers to CIN 41 for 22 yards (B.Carter).,2,7,JAX 37,63,0,Cincinnati Bengals,Jacksonville Jaguars,0,0,7.5,92.5,343.0,23.0,366.0,205.0,113.0,318.0,game,Spread,Jacksonville Jaguars,,-2.5,kalshi,-1012,—,—,,0,,miss,,,,—,,
2026-10-04T20:01:41.654341+00:00,nfl,2026,4,401872969,401872969549,1,5:09,T.Lawrence pass deep middle to J.Meyers to CIN 41 for 22 yards (B.Carter).,2,7,JAX 37,63,0,Cincinnati Bengals,Jacksonville Jaguars,0,0,7.5,92.5,343.0,23.0,366.0,205.0,113.0,318.0,game,Spread,Cincinnati Bengals,,2.5,kalshi,566,—,—,,0,,hit,,,,—,,
2026-10-04T20:01:41.654341+00:00,nfl,2026,4,401872969,401872969549,1,5:09,T.Lawrence pass deep middle to J.Meyers to CIN 41 for 22 yards (B.Carter).,2,7,JAX 37,63,0,Cincinnati Bengals,Jacksonville Jaguars,0,0,7.5,92.5,343.0,23.0,366.0,205.0,113.0,318.0,game,Total,Over,,40.5,kalshi,525,—,—,,0.0,,miss,,,,—,,
2026-10-04T20:01:41.654341+00:00,nfl,2026,4,401872969,401872969549,1,5:09,T.Lawrence pass deep middle to J.Meyers to CIN 41 for 22 yards (B.Carter).,2,7,JAX 37,63,0,Cincinnati Bengals,Jacksonville Jaguars,0,0,7.5,92.5,343.0,23.0,366.0,205.0,113.0,318.0,game,Total,Under,,40.5,kalshi,-1012,—,—,,0.0,,hit,,,,—,,
2026-10-04T20:01:41.654341+00:00,nfl,2026,4,401872969,401872969549,1,5:09,T.Lawrence pass deep middle to J.Meyers to CIN 41 for 22 yards (B.Carter).,2,7,JAX 37,63,0,Cincinnati Bengals,Jacksonville Jaguars,0,0,7.5,92.5,343.0,23.0,366.0,205.0,113.0,318.0,game,ML,Jacksonville Jaguars,,,polymarket,-670,—,—,,Loss,,miss,,,,—,,
2026-10-04T20:01:41.654341+00:00,nfl,2026,4,401872969,401872969549,1,5:09,T.Lawrence pass deep middle to J.Meyers to CIN 41 for 22 yards (B.Carter).,2,7,JAX 37,63,0,Cincinnati Bengals,Jacksonville Jaguars,0,0,7.5,92.5,343.0,23.0,366.0,205.0,113.0,318.0,game,ML,Cincinnati Bengals,,,bet365,850,—,—,,Loss,,miss,,,,—,,
2026-10-04T20:01:41.654341+00:00,nfl,2026,4,401872969,401872969574,1,4:28,B.Tuten up the middle to CIN 36 for 5 yards (T.Slaton; K.Jenkins).,1,10,CIN 41,41,0,Cincinnati Bengals,Jacksonville Jaguars,0,0,7.5,92.5,343.0,23.0,366.0,205.0,113.0,318.0,game,Spread,Jacksonville Jaguars,,-2.5,kalshi,-1012,—,—,,0,,miss,,,,—,,
2026-10-04T20:01:41.654341+00:00,nfl,2026,4,401872969,401872969574,1,4:28,B.Tuten up the middle to CIN 36 for 5 yards (T.Slaton; K.Jenkins).,1,10,CIN 41,41,0,Cincinnati Bengals,Jacksonville Jaguars,0,0,7.5,92.5,343.0,23.0,366.0,205.0,113.0,318.0,game,Spread,Cincinnati Bengals,,2.5,kalshi,566,—,—,,0,,hit,,,,—,,
2026-10-04T20:01:41.654341+00:00,nfl,2026,4,401872969,401872969574,1,4:28,B.Tuten up the middle to CIN 36 for 5 yards (T.Slaton; K.Jenkins).,1,10,CIN 41,41,0,Cincinnati Bengals,Jacksonville Jaguars,0,0,7.5,92.5,343.0,23.0,366.0,205.0,113.0,318.0,game,Total,Over,,40.5,kalshi,525,—,—,,0.0,,miss,,,,—,,
2026-10-04T20:01:41.654341+00:00,nfl,2026,4,401872969,401872969574,1,4:28,B.Tuten up the middle to CIN 36 for 5 yards (T.Slaton; K.Jenkins).,1,10,CIN 41,41,0,Cincinnati Bengals,Jacksonville Jaguars,0,0,7.5,92.5,343.0,23.0,366.0,205.0,113.0,318.0,game,Total,Under,,40.5,kalshi,-1012,—,—,,0.0,,hit,,,,—,,
2026-10-04T20:01:41.654341+00:00,nfl,2026,4,401872969,401872969574,1,4:28,B.Tuten up the middle to CIN 36 for 5 yards (T.Slaton; K.Jenkins).,1,10,CIN 41,41,0,Cincinnati Bengals,Jacksonville Jaguars,0,0,7.5,92.5,343.0,23.0,366.0,205.0,113.0,318.0,game,ML,Jacksonville Jaguars,,,polymarket,-670,—,—,,Loss,,miss,,,,—,,
2026-10-04T20:01:41.654341+00:00,nfl,2026,4,401872969,401872969574,1,4:28,B.Tuten up the middle to CIN 36 for 5 yards (T.Slaton; K.Jenkins).,1,10,CIN 41,41,0,Cincinnati Bengals,Jacksonville Jaguars,0,0,7.5,92.5,343.0,23.0,366.0,205.0,113.0,318.0,game,ML,Cincinnati Bengals,,,bet365,850,—,—,,Loss,,miss,,,,—,,
2026-10-04T20:01:41.654341+00:00,nfl,2026,4,401872969,401872969596,1,3:44,"(Shotgun) T.Lawrence pass incomplete short left to B.Tuten.PENALTY on JAX-N.Boerkircher, Offensive Pass Interference, 10 yards, enforced at CIN 36 - No Play.",2,5,CIN 36,36,0,Cincinnati Bengals,Jacksonville Jaguars,0,0,7.5,92.5,343.0,23.0,366.0,205.0,113.0,318.0,game,Spread,Jacksonville Jaguars,,-2.5,kalshi,-1012,—,—,,0,,miss,,,,—,,
2026-10-04T20:01:41.654341+00:00,nfl,2026,4,401872969,401872969596,1,3:44,"(Shotgun) T.Lawrence pass incomplete short left to B.Tuten.PENALTY on JAX-N.Boerkircher, Offensive Pass Interference, 10 yards, enforced at CIN 36 - No Play.",2,5,CIN 36,36,0,Cincinnati Bengals,Jacksonville Jaguars,0,0,7.5,92.5,343.0,23.0,366.0,205.0,113.0,318.0,game,Spread,Cincinnati Bengals,,2.5,kalshi,566,—,—,,0,,hit,,,,—,,
2026-10-04T20:01:41.654341+00:00,nfl,2026,4,401872969,401872969596,1,3:44,"(Shotgun) T.Lawrence pass incomplete short left to B.Tuten.PENALTY on JAX-N.Boerkircher, Offensive Pass Interference, 10 yards, enforced at CIN 36 - No Play.",2,5,CIN 36,36,0,Cincinnati Bengals,Jacksonville Jaguars,0,0,7.5,92.5,343.0,23.0,366.0,205.0,113.0,318.0,game,Total,Over,,40.5,kalshi,525,—,—,,0.0,,miss,,,,—,,
2026-10-04T20:01:41.654341+00:00,nfl,2026,4,401872969,401872969596,1,3:44,"(Shotgun) T.Lawrence pass incomplete short left to B.Tuten.PENALTY on JAX-N.Boerkircher, Offensive Pass Interference, 10 yards, enforced at CIN 36 - No Play.",2,5,CIN 36,36,0,Cincinnati Bengals,Jacksonville Jaguars,0,0,7.5,92.5,343.0,23.0,366.0,205.0,113.0,318.0,game,Total,Under,,40.5,kalshi,-1012,—,—,,0.0,,hit,,,,—,,
2026-10-04T20:01:41.654341+00:00,nfl,2026,4,401872969,401872969596,1,3:44,"(Shotgun) T.Lawrence pass incomplete short left to B.Tuten.PENALTY on JAX-N.Boerkircher, Offensive Pass Interference, 10 yards, enforced at CIN 36 - No Play.",2,5,CIN 36,36,0,Cincinnati Bengals,Jacksonville Jaguars,0,0,7.5,92.5,343.0,23.0,366.0,205.0,113.0,318.0,game,ML,Jacksonville Jaguars,,,polymarket,-670,—,—,,Loss,,miss,,,,—,,
2026-10-04T20:01:41.654341+00:00,nfl,2026,4,401872969,401872969596,1,3:44,"(Shotgun) T.Lawrence pass incomplete short left to B.Tuten.PENALTY on JAX-N.Boerkircher, Offensive Pass Interference, 10 yards, enforced at CIN 36 - No Play.",2,5,CIN 36,36,0,Cincinnati Bengals,Jacksonville Jaguars,0,0,7.5,92.5,343.0,23.0,366.0,205.0,113.0,318.0,game,ML,Cincinnati Bengals,,,bet365,850,—,—,,Loss,,miss,,,,—,,
2026-10-04T20:01:41.654341+00:00,nfl,2026,4,401872969,401872969613,1,3:40,Timeout #1 by CIN at 03:40.,2,15,CIN 46,46,0,Cincinnati Bengals,Jacksonville Jaguars,0,0,7.5,92.5,343.0,23.0,366.0,205.0,113.0,318.0,game,Spread,Jacksonville Jaguars,,-2.5,kalshi,-1012,—,—,,0,,miss,,,,—,,
2026-10-04T20:01:41.654341+00:00,nfl,2026,4,401872969,401872969613,1,3:40,Timeout #1 by CIN at 03:40.,2,15,CIN 46,46,0,Cincinnati Bengals,Jacksonville Jaguars,0,0,7.5,92.5,343.0,23.0,366.0,205.0,113.0,318.0,game,Spread,Cincinnati Bengals,,2.5,kalshi,566,—,—,,0,,hit,,,,—,,
2026-10-04T20:01:41.654341+00:00,nfl,2026,4,401872969,401872969613,1,3:40,Timeout #1 by CIN at 03:40.,2,15,CIN 46,46,0,Cincinnati Bengals,Jacksonville Jaguars,0,0,7.5,92.5,343.0,23.0,366.0,205.0,113.0,318.0,game,Total,Over,,40.5,kalshi,525,—,—,,0.0,,miss,,,,—,,
2026-10-04T20:01:41.654341+00:00,nfl,2026,4,401872969,401872969613,1,3:40,Timeout #1 by CIN at 03:40.,2,15,CIN 46,46,0,Cincinnati Bengals,Jacksonville Jaguars,0,0,7.5,92.5,343.0,23.0,366.0,205.0,113.0,318.0,game,Total,Under,,40.5,kalshi,-1012,—,—,,0.0,,hit,,,,—,,
2026-10-04T20:01:41.654341+00:00,nfl,2026,4,401872969,401872969613,1,3:40,Timeout #1 by CIN at 03:40.,2,15,CIN 46,46,0,Cincinnati Bengals,Jacksonville Jaguars,0,0,7.5,92.5,343.0,23.0,366.0,205.0,113.0,318.0,game,ML,Jacksonville Jaguars,,,polymarket,-670,—,—,,Loss,,miss,,,,—,,
2026-10-04T20:01:41.654341+00:00,nfl,2026,4,401872969,401872969613,1,3:40,Timeout #1 by CIN at 03:40.,2,15,CIN 46,46,0,Cincinnati Bengals,Jacksonville Jaguars,0,0,7.5,92.5,343.0,23.0,366.0,205.0,113.0,318.0,game,ML,Cincinnati Bengals,,,bet365,850,—,—,,Loss,,miss,,,,—,,
2026-10-04T20:01:41.654341+00:00,nfl,2026,4,401872969,401872969630,1,3:40,(Shotgun) T.Lawrence pass incomplete short right to N.Boerkircher.,2,15,CIN 46,46,0,Cincinnati Bengals,Jacksonville Jaguars,0,0,7.5,92.5,343.0,23.0,366.0,205.0,113.0,318.0,game,Spread,Jacksonville Jaguars,,-2.5,kalshi,-1012,—,—,,0,,miss,,,,—,,
2026-10-04T20:01:41.654341+00:00,nfl,2026,4,401872969,401872969630,1,3:40,(Shotgun) T.Lawrence pass incomplete short right to N.Boerkircher.,2,15,CIN 46,46,0,Cincinnati Bengals,Jacksonville Jaguars,0,0,7.5,92.5,343.0,23.0,366.0,205.0,113.0,318.0,game,Spread,Cincinnati Bengals,,2.5,kalshi,566,—,—,,0,,hit,,,,—,,
2026-10-04T20:01:41.654341+00:00,nfl,2026,4,401872969,401872969630,1,3:40,(Shotgun) T.Lawrence pass incomplete short right to N.Boerkircher.,2,15,CIN 46,46,0,Cincinnati Bengals,Jacksonville Jaguars,0,0,7.5,92.5,343.0,23.0,366.0,205.0,113.0,318.0,game,Total,Over,,40.5,kalshi,525,—,—,,0.0,,miss,,,,—,,
2026-10-04T20:01:41.654341+00:00,nfl,2026,4,401872969,401872969630,1,3:40,(Shotgun) T.Lawrence pass incomplete short right to N.Boerkircher.,2,15,CIN 46,46,0,Cincinnati Bengals,Jacksonville Jaguars,0,0,7.5,92.5,343.0,23.0,366.0,205.0,113.0,318.0,game,Total,Under,,40.5,kalshi,-1012,—,—,,0.0,,hit,,,,—,,
2026-10-04T20:01:41.654341+00:00,nfl,2026,4,401872969,401872969630,1,3:40,(Shotgun) T.Lawrence pass incomplete short right to N.Boerkircher.,2,15,CIN 46,46,0,Cincinnati Bengals,Jacksonville Jaguars,0,0,7.5,92.5,343.0,23.0,366.0,205.0,113.0,318.0,game,ML,Jacksonville Jaguars,,,polymarket,-670,—,—,,Loss,,miss,,,,—,,
2026-10-04T20:01:41.654341+00:00,nfl,2026,4,401872969,401872969630,1,3:40,(Shotgun) T.Lawrence pass incomplete short right to N.Boerkircher.,2,15,CIN 46,46,0,Cincinnati Bengals,Jacksonville Jaguars,0,0,7.5,92.5,343.0,23.0,366.0,205.0,113.0,318.0,game,ML,Cincinnati Bengals,,,bet365,850,—,—,,Loss,,miss,,,,—,,
2026-10-04T20:01:41.654341+00:00,nfl,2026,4,401872969,401872969660,1,3:36,"(Shotgun) T.Lawrence scrambles up the middle to CIN 35 for 11 yards (B.Carter).PENALTY on JAX, Illegal Shift, 5 yards, enforced at CIN 46 - No Play.",3,15,CIN 46,46,0,Cincinnati Bengals,Jacksonville Jaguars,0,0,7.5,92.5,343.0,23.0,366.0,205.0,113.0,318.0,game,Spread,Jacksonville Jaguars,,-2.5,kalshi,-1012,—,—,,0,,miss,,,,—,,
2026-10-04T20:01:41.654341+00:00,nfl,2026,4,401872969,401872969660,1,3:36,"(Shotgun) T.Lawrence scrambles up the middle to CIN 35 for 11 yards (B.Carter).PENALTY on JAX, Illegal Shift, 5 yards, enforced at CIN 46 - No Play.",3,15,CIN 46,46,0,Cincinnati Bengals,Jacksonville Jaguars,0,0,7.5,92.5,343.0,23.0,366.0,205.0,113.0,318.0,game,Spread,Cincinnati Bengals,,2.5,kalshi,566,—,—,,0,,hit,,,,—,,
2026-10-04T20:01:41.654341+00:00,nfl,2026,4,401872969,401872969660,1,3:36,"(Shotgun) T.Lawrence scrambles up the middle to CIN 35 for 11 yards (B.Carter).PENALTY on JAX, Illegal Shift, 5 yards, enforced at CIN 46 - No Play.",3,15,CIN 46,46,0,Cincinnati Bengals,Jacksonville Jaguars,0,0,7.5,92.5,343.0,23.0,366.0,205.0,113.0,318.0,game,Total,Over,,40.5,kalshi,525,—,—,,0.0,,miss,,,,—,,
2026-10-04T20:01:41.654341+00:00,nfl,2026,4,401872969,401872969660,1,3:36,"(Shotgun) T.Lawrence scrambles up the middle to CIN 35 for 11 yards (B.Carter).PENALTY on JAX, Illegal Shift, 5 yards, enforced at CIN 46 - No Play.",3,15,CIN 46,46,0,Cincinnati Bengals,Jacksonville Jaguars,0,0,7.5,92.5,343.0,23.0,366.0,205.0,113.0,318.0,game,Total,Under,,40.5,kalshi,-1012,—,—,,0.0,,hit,,,,—,,
2026-10-04T20:01:41.654341+00:00,nfl,2026,4,401872969,401872969660,1,3:36,"(Shotgun) T.Lawrence scrambles up the middle to CIN 35 for 11 yards (B.Carter).PENALTY on JAX, Illegal Shift, 5 yards, enforced at CIN 46 - No Play.",3,15,CIN 46,46,0,Cincinnati Bengals,Jacksonville Jaguars,0,0,7.5,92.5,343.0,23.0,366.0,205.0,113.0,318.0,game,ML,Jacksonville Jaguars,,,polymarket,-670,—,—,,Loss,,miss,,,,—,,
2026-10-04T20:01:41.654341+00:00,nfl,2026,4,401872969,401872969660,1,3:36,"(Shotgun) T.Lawrence scrambles up the middle to CIN 35 for 11 yards (B.Carter).PENALTY on JAX, Illegal Shift, 5 yards, enforced at CIN 46 - No Play.",3,15,CIN 46,46,0,Cincinnati Bengals,Jacksonville Jaguars,0,0,7.5,92.5,343.0,23.0,366.0,205.0,113.0,318.0,game,ML,Cincinnati Bengals,,,bet365,850,—,—,,Loss,,miss,,,,—,,
2026-10-04T20:01:41.654341+00:00,nfl,2026,4,401872969,401872969693,1,3:09,(Shotgun) T.Lawrence pass short right to B.Strange to CIN 37 for 14 yards (J.Battle).,3,20,JAX 49,51,0,Cincinnati Bengals,Jacksonville Jaguars,0,0,7.5,92.5,343.0,23.0,366.0,205.0,113.0,318.0,game,Spread,Jacksonville Jaguars,,-2.5,kalshi,-1012,—,—,,0,,miss,,,,—,,
2026-10-04T20:01:41.654341+00:00,nfl,2026,4,401872969,401872969693,1,3:09,(Shotgun) T.Lawrence pass short right to B.Strange to CIN 37 for 14 yards (J.Battle).,3,20,JAX 49,51,0,Cincinnati Bengals,Jacksonville Jaguars,0,0,7.5,92.5,343.0,23.0,366.0,205.0,113.0,318.0,game,Spread,Cincinnati Bengals,,2.5,kalshi,566,—,—,,0,,hit,,,,—,,
2026-10-04T20:01:41.654341+00:00,nfl,2026,4,401872969,401872969693,1,3:09,(Shotgun) T.Lawrence pass short right to B.Strange to CIN 37 for 14 yards (J.Battle).,3,20,JAX 49,51,0,Cincinnati Bengals,Jacksonville Jaguars,0,0,7.5,92.5,343.0,23.0,366.0,205.0,113.0,318.0,game,Total,Over,,40.5,kalshi,525,—,—,,0.0,,miss,,,,—,,
2026-10-04T20:01:41.654341+00:00,nfl,2026,4,401872969,401872969693,1,3:09,(Shotgun) T.Lawrence pass short right to B.Strange to CIN 37 for 14 yards (J.Battle).,3,20,JAX 49,51,0,Cincinnati Bengals,Jacksonville Jaguars,0,0,7.5,92.5,343.0,23.0,366.0,205.0,113.0,318.0,game,Total,Under,,40.5,kalshi,-1012,—,—,,0.0,,hit,,,,—,,
2026-10-04T20:01:41.654341+00:00,nfl,2026,4,401872969,401872969693,1,3:09,(Shotgun) T.Lawrence pass short right to B.Strange to CIN 37 for 14 yards (J.Battle).,3,20,JAX 49,51,0,Cincinnati Bengals,Jacksonville Jaguars,0,0,7.5,92.5,343.0,23.0,366.0,205.0,113.0,318.0,game,ML,Jacksonville Jaguars,,,polymarket,-670,—,—,,Loss,,miss,,,,—,,
2026-10-04T20:01:41.654341+00:00,nfl,2026,4,401872969,401872969693,1,3:09,(Shotgun) T.Lawrence pass short right to B.Strange to CIN 37 for 14 yards (J.Battle).,3,20,JAX 49,51,0,Cincinnati Bengals,Jacksonville Jaguars,0,0,7.5,92.5,343.0,23.0,366.0,205.0,113.0,318.0,game,ML,Cincinnati Bengals,,,bet365,850,—,—,,Loss,,miss,,,,—,,
2026-10-04T20:01:41.654341+00:00,nfl,2026,4,401872969,401872969728,1,2:18,Official Timeout at 02:18.,-1,10,JAX 35,65,-3,Cincinnati Bengals,Jacksonville Jaguars,0,3,7.5,92.5,343.0,23.0,366.0,205.0,113.0,318.0,game,Spread,Jacksonville Jaguars,,-2.5,kalshi,-1012,—,—,,-3,,hit,,,,—,,
2026-10-04T20:01:41.654341+00:00,nfl,2026,4,401872969,401872969728,1,2:18,Official Timeout at 02:18.,-1,10,JAX 35,65,-3,Cincinnati Bengals,Jacksonville Jaguars,0,3,7.5,92.5,343.0,23.0,366.0,205.0,113.0,318.0,game,Spread,Cincinnati Bengals,,2.5,kalshi,566,—,—,,-3,,miss,,,,—,,
2026-10-04T20:01:41.654341+00:00,nfl,2026,4,401872969,401872969728,1,2:18,Official Timeout at 02:18.,-1,10,JAX 35,65,-3,Cincinnati Bengals,Jacksonville Jaguars,0,3,7.5,92.5,343.0,23.0,366.0,205.0,113.0,318.0,game,Total,Over,,40.5,kalshi,525,—,—,,3.0,,miss,,,,—,,
2026-10-04T20:01:41.654341+00:00,nfl,2026,4,401872969,401872969728,1,2:18,Official Timeout at 02:18.,-1,10,JAX 35,65,-3,Cincinnati Bengals,Jacksonville Jaguars,0,3,7.5,92.5,343.0,23.0,366.0,205.0,113.0,318.0,game,Total,Under,,40.5,kalshi,-1012,—,—,,3.0,,hit,,,,—,,
2026-10-04T20:01:41.654341+00:00,nfl,2026,4,401872969,401872969728,1,2:18,Official Timeout at 02:18.,-1,10,JAX 35,65,-3,Cincinnati Bengals,Jacksonville Jaguars,0,3,7.5,92.5,343.0,23.0,366.0,205.0,113.0,318.0,game,ML,Jacksonville Jaguars,,,polymarket,-670,—,—,,Win,,hit,,,,—,,
2026-10-04T20:01:41.654341+00:00,nfl,2026,4,401872969,401872969728,1,2:18,Official Timeout at 02:18.,-1,10,JAX 35,65,-3,Cincinnati Bengals,Jacksonville Jaguars,0,3,7.5,92.5,343.0,23.0,366.0,205.0,113.0,318.0,game,ML,Cincinnati Bengals,,,bet365,850,—,—,,Loss,,miss,,,,—,,
2026-10-04T20:01:41.654341+00:00,nfl,2026,4,401872969,401872969718,1,2:18,"C.Little 55 yard field goal is GOOD, Center-R.Matiscik, Holder-L.Cooke.",4,6,CIN 37,37,-3,Cincinnati Bengals,Jacksonville Jaguars,0,3,7.5,92.5,343.0,23.0,366.0,205.0,113.0,318.0,game,Spread,Jacksonville Jaguars,,-2.5,kalshi,-1012,—,—,,-3,,hit,,,,—,,
2026-10-04T20:01:41.654341+00:00,nfl,2026,4,401872969,401872969718,1,2:18,"C.Little 55 yard field goal is GOOD, Center-R.Matiscik, Holder-L.Cooke.",4,6,CIN 37,37,-3,Cincinnati Bengals,Jacksonville Jaguars,0,3,7.5,92.5,343.0,23.0,366.0,205.0,113.0,318.0,game,Spread,Cincinnati Bengals,,2.5,kalshi,566,—,—,,-3,,miss,,,,—,,
2026-10-04T20:01:41.654341+00:00,nfl,2026,4,401872969,401872969718,1,2:18,"C.Little 55 yard field goal is GOOD, Center-R.Matiscik, Holder-L.Cooke.",4,6,CIN 37,37,-3,Cincinnati Bengals,Jacksonville Jaguars,0,3,7.5,92.5,343.0,23.0,366.0,205.0,113.0,318.0,game,Total,Over,,40.5,kalshi,525,—,—,,3.0,,miss,,,,—,,
2026-10-04T20:01:41.654341+00:00,nfl,2026,4,401872969,401872969718,1,2:18,"C.Little 55 yard field goal is GOOD, Center-R.Matiscik, Holder-L.Cooke.",4,6,CIN 37,37,-3,Cincinnati Bengals,Jacksonville Jaguars,0,3,7.5,92.5,343.0,23.0,366.0,205.0,113.0,318.0,game,Total,Under,,40.5,kalshi,-1012,—,—,,3.0,,hit,,,,—,,
2026-10-04T20:01:41.654341+00:00,nfl,2026,4,401872969,401872969718,1,2:18,"C.Little 55 yard field goal is GOOD, Center-R.Matiscik, Holder-L.Cooke.",4,6,CIN 37,37,-3,Cincinnati Bengals,Jacksonville Jaguars,0,3,7.5,92.5,343.0,23.0,366.0,205.0,113.0,318.0,game,ML,Jacksonville Jaguars,,,polymarket,-670,—,—,,Win,,hit,,,,—,,
2026-10-04T20:01:41.654341+00:00,nfl,2026,4,401872969,401872969718,1,2:18,"C.Little 55 yard field goal is GOOD, Center-R.Matiscik, Holder-L.Cooke.",4,6,CIN 37,37,-3,Cincinnati Bengals,Jacksonville Jaguars,0,3,7.5,92.5,343.0,23.0,366.0,205.0,113.0,318.0,game,ML,Cincinnati Bengals,,,bet365,850,—,—,,Loss,,miss,,,,—,,
2026-10-04T20:01:41.654341+00:00,nfl,2026,4,401872969,401872969738,1,2:18,C.Little kicks 64 yards from JAX 35 to CIN 1. D.Meyers to CIN 23 for 22 yards (J.Mcleod).,3,10,JAX 45,65,-3,Cincinnati Bengals,Jacksonville Jaguars,0,3,7.5,92.5,343.0,23.0,366.0,205.0,113.0,318.0,game,Spread,Jacksonville Jaguars,,-2.5,kalshi,-1012,—,—,,-3,,hit,,,,—,,
2026-10-04T20:01:41.654341+00:00,nfl,2026,4,401872969,401872969738,1,2:18,C.Little kicks 64 yards from JAX 35 to CIN 1. D.Meyers to CIN 23 for 22 yards (J.Mcleod).,3,10,JAX 45,65,-3,Cincinnati Bengals,Jacksonville Jaguars,0,3,7.5,92.5,343.0,23.0,366.0,205.0,113.0,318.0,game,Spread,Cincinnati Bengals,,2.5,kalshi,566,—,—,,-3,,miss,,,,—,,
2026-10-04T20:01:41.654341+00:00,nfl,2026,4,401872969,401872969738,1,2:18,C.Little kicks 64 yards from JAX 35 to CIN 1. D.Meyers to CIN 23 for 22 yards (J.Mcleod).,3,10,JAX 45,65,-3,Cincinnati Bengals,Jacksonville Jaguars,0,3,7.5,92.5,343.0,23.0,366.0,205.0,113.0,318.0,game,Total,Over,,40.5,kalshi,525,—,—,,3.0,,miss,,,,—,,
2026-10-04T20:01:41.654341+00:00,nfl,2026,4,401872969,401872969738,1,2:18,C.Little kicks 64 yards from JAX 35 to CIN 1. D.Meyers to CIN 23 for 22 yards (J.Mcleod).,3,10,JAX 45,65,-3,Cincinnati Bengals,Jacksonville Jaguars,0,3,7.5,92.5,343.0,23.0,366.0,205.0,113.0,318.0,game,Total,Under,,40.5,kalshi,-1012,—,—,,3.0,,hit,,,,—,,
2026-10-04T20:01:41.654341+00:00,nfl,2026,4,401872969,401872969738,1,2:18,C.Little kicks 64 yards from JAX 35 to CIN 1. D.Meyers to CIN 23 for 22 yards (J.Mcleod).,3,10,JAX 45,65,-3,Cincinnati Bengals,Jacksonville Jaguars,0,3,7.5,92.5,343.0,23.0,366.0,205.0,113.0,318.0,game,ML,Jacksonville Jaguars,,,polymarket,-670,—,—,,Win,,hit,,,,—,,
2026-10-04T20:01:41.654341+00:00,nfl,2026,4,401872969,401872969738,1,2:18,C.Little kicks 64 yards from JAX 35 to CIN 1. D.Meyers to CIN 23 for 22 yards (J.Mcleod).,3,10,JAX 45,65,-3,Cincinnati Bengals,Jacksonville Jaguars,0,3,7.5,92.5,343.0,23.0,366.0,205.0,113.0,318.0,game,ML,Cincinnati Bengals,,,bet365,850,—,—,,Loss,,miss,,,,—,,
2026-10-04T20:01:41.654341+00:00,nfl,2026,4,401872969,401872969773,1,2:13,C.Brown left guard to CIN 26 for 3 yards (J.Lewis).,1,10,CIN 23,23,-3,Cincinnati Bengals,Jacksonville Jaguars,0,3,7.5,92.5,343.0,23.0,366.0,205.0,113.0,318.0,game,Spread,Jacksonville Jaguars,,-2.5,kalshi,-1012,—,—,,-3,,hit,,,,—,,
2026-10-04T20:01:41.654341+00:00,nfl,2026,4,401872969,401872969773,1,2:13,C.Brown left guard to CIN 26 for 3 yards (J.Lewis).,1,10,CIN 23,23,-3,Cincinnati Bengals,Jacksonville Jaguars,0,3,7.5,92.5,343.0,23.0,366.0,205.0,113.0,318.0,game,Spread,Cincinnati Bengals,,2.5,kalshi,566,—,—,,-3,,miss,,,,—,,
2026-10-04T20:01:41.654341+00:00,nfl,2026,4,401872969,401872969773,1,2:13,C.Brown left guard to CIN 26 for 3 yards (J.Lewis).,1,10,CIN 23,23,-3,Cincinnati Bengals,Jacksonville Jaguars,0,3,7.5,92.5,343.0,23.0,366.0,205.0,113.0,318.0,game,Total,Over,,40.5,kalshi,525,—,—,,3.0,,miss,,,,—,,
2026-10-04T20:01:41.654341+00:00,nfl,2026,4,401872969,401872969773,1,2:13,C.Brown left guard to CIN 26 for 3 yards (J.Lewis).,1,10,CIN 23,23,-3,Cincinnati Bengals,Jacksonville Jaguars,0,3,7.5,92.5,343.0,23.0,366.0,205.0,113.0,318.0,game,Total,Under,,40.5,kalshi,-1012,—,—,,3.0,,hit,,,,—,,
2026-10-04T20:01:41.654341+00:00,nfl,2026,4,401872969,401872969773,1,2:13,C.Brown left guard to CIN 26 for 3 yards (J.Lewis).,1,10,CIN 23,23,-3,Cincinnati Bengals,Jacksonville Jaguars,0,3,7.5,92.5,343.0,23.0,366.0,205.0,113.0,318.0,game,ML,Jacksonville Jaguars,,,polymarket,-670,—,—,,Win,,hit,,,,—,,
2026-10-04T20:01:41.654341+00:00,nfl,2026,4,401872969,401872969773,1,2:13,C.Brown left guard to CIN 26 for 3 yards (J.Lewis).,1,10,CIN 23,23,-3,Cincinnati Bengals,Jacksonville Jaguars,0,3,7.5,92.5,343.0,23.0,366.0,205.0,113.0,318.0,game,ML,Cincinnati Bengals,,,bet365,850,—,—,,Loss,,miss,,,,—,,
2026-10-04T20:01:41.654341+00:00,nfl,2026,4,401872969,401872969795,1,1:29,(Shotgun) J.Burrow pass incomplete deep left to T.Higgins.,2,7,CIN 26,26,-3,Cincinnati Bengals,Jacksonville Jaguars,0,3,7.5,92.5,343.0,23.0,366.0,205.0,113.0,318.0,game,Spread,Jacksonville Jaguars,,-2.5,kalshi,-1012,—,—,,-3,,hit,,,,—,,
2026-10-04T20:01:41.654341+00:00,nfl,2026,4,401872969,401872969795,1,1:29,(Shotgun) J.Burrow pass incomplete deep left to T.Higgins.,2,7,CIN 26,26,-3,Cincinnati Bengals,Jacksonville Jaguars,0,3,7.5,92.5,343.0,23.0,366.0,205.0,113.0,318.0,game,Spread,Cincinnati Bengals,,2.5,kalshi,566,—,—,,-3,,miss,,,,—,,
2026-10-04T20:01:41.654341+00:00,nfl,2026,4,401872969,401872969795,1,1:29,(Shotgun) J.Burrow pass incomplete deep left to T.Higgins.,2,7,CIN 26,26,-3,Cincinnati Bengals,Jacksonville Jaguars,0,3,7.5,92.5,343.0,23.0,366.0,205.0,113.0,318.0,game,Total,Over,,40.5,kalshi,525,—,—,,3.0,,miss,,,,—,,
2026-10-04T20:01:41.654341+00:00,nfl,2026,4,401872969,401872969795,1,1:29,(Shotgun) J.Burrow pass incomplete deep left to T.Higgins.,2,7,CIN 26,26,-3,Cincinnati Bengals,Jacksonville Jaguars,0,3,7.5,92.5,343.0,23.0,366.0,205.0,113.0,318.0,game,Total,Under,,40.5,kalshi,-1012,—,—,,3.0,,hit,,,,—,,
2026-10-04T20:01:41.654341+00:00,nfl,2026,4,401872969,401872969795,1,1:29,(Shotgun) J.Burrow pass incomplete deep left to T.Higgins.,2,7,CIN 26,26,-3,Cincinnati Bengals,Jacksonville Jaguars,0,3,7.5,92.5,343.0,23.0,366.0,205.0,113.0,318.0,game,ML,Jacksonville Jaguars,,,polymarket,-670,—,—,,Win,,hit,,,,—,,
2026-10-04T20:01:41.654341+00:00,nfl,2026,4,401872969,401872969795,1,1:29,(Shotgun) J.Burrow pass incomplete deep left to T.Higgins.,2,7,CIN 26,26,-3,Cincinnati Bengals,Jacksonville Jaguars,0,3,7.5,92.5,343.0,23.0,366.0,205.0,113.0,318.0,game,ML,Cincinnati Bengals,,,bet365,850,—,—,,Loss,,miss,,,,—,,
2026-10-04T20:01:41.654341+00:00,nfl,2026,4,401872969,401872969818,1,1:24,"(Shotgun) J.Burrow pass deep right intended for T.Higgins INTERCEPTED by T.Hunter at JAX 34. T.Hunter to CIN 36 for 30 yards (C.Brown).PENALTY on JAX-A.Armstead, Roughing the Passer, 15 yards, enforced at CIN 26 - No Play.",3,7,CIN 26,26,-3,Cincinnati Bengals,Jacksonville Jaguars,0,3,7.5,92.5,343.0,23.0,366.0,205.0,113.0,318.0,game,Spread,Jacksonville Jaguars,,-2.5,kalshi,-1012,—,—,,-3,,hit,,,,—,,
2026-10-04T20:01:41.654341+00:00,nfl,2026,4,401872969,401872969818,1,1:24,"(Shotgun) J.Burrow pass deep right intended for T.Higgins INTERCEPTED by T.Hunter at JAX 34. T.Hunter to CIN 36 for 30 yards (C.Brown).PENALTY on JAX-A.Armstead, Roughing the Passer, 15 yards, enforced at CIN 26 - No Play.",3,7,CIN 26,26,-3,Cincinnati Bengals,Jacksonville Jaguars,0,3,7.5,92.5,343.0,23.0,366.0,205.0,113.0,318.0,game,Spread,Cincinnati Bengals,,2.5,kalshi,566,—,—,,-3,,miss,,,,—,,
2026-10-04T20:01:41.654341+00:00,nfl,2026,4,401872969,401872969818,1,1:24,"(Shotgun) J.Burrow pass deep right intended for T.Higgins INTERCEPTED by T.Hunter at JAX 34. T.Hunter to CIN 36 for 30 yards (C.Brown).PENALTY on JAX-A.Armstead, Roughing the Passer, 15 yards, enforced at CIN 26 - No Play.",3,7,CIN 26,26,-3,Cincinnati Bengals,Jacksonville Jaguars,0,3,7.5,92.5,343.0,23.0,366.0,205.0,113.0,318.0,game,Total,Over,,40.5,kalshi,525,—,—,,3.0,,miss,,,,—,,
2026-10-04T20:01:41.654341+00:00,nfl,2026,4,401872969,401872969818,1,1:24,"(Shotgun) J.Burrow pass deep right intended for T.Higgins INTERCEPTED by T.Hunter at JAX 34. T.Hunter to CIN 36 for 30 yards (C.Brown).PENALTY on JAX-A.Armstead, Roughing the Passer, 15 yards, enforced at CIN 26 - No Play.",3,7,CIN 26,26,-3,Cincinnati Bengals,Jacksonville Jaguars,0,3,7.5,92.5,343.0,23.0,366.0,205.0,113.0,318.0,game,Total,Under,,40.5,kalshi,-1012,—,—,,3.0,,hit,,,,—,,
2026-10-04T20:01:41.654341+00:00,nfl,2026,4,401872969,401872969818,1,1:24,"(Shotgun) J.Burrow pass deep right intended for T.Higgins INTERCEPTED by T.Hunter at JAX 34. T.Hunter to CIN 36 for 30 yards (C.Brown).PENALTY on JAX-A.Armstead, Roughing the Passer, 15 yards, enforced at CIN 26 - No Play.",3,7,CIN 26,26,-3,Cincinnati Bengals,Jacksonville Jaguars,0,3,7.5,92.5,343.0,23.0,366.0,205.0,113.0,318.0,game,ML,Jacksonville Jaguars,,,polymarket,-670,—,—,,Win,,hit,,,,—,,
2026-10-04T20:01:41.654341+00:00,nfl,2026,4,401872969,401872969818,1,1:24,"(Shotgun) J.Burrow pass deep right intended for T.Higgins INTERCEPTED by T.Hunter at JAX 34. T.Hunter to CIN 36 for 30 yards (C.Brown).PENALTY on JAX-A.Armstead, Roughing the Passer, 15 yards, enforced at CIN 26 - No Play.",3,7,CIN 26,26,-3,Cincinnati Bengals,Jacksonville Jaguars,0,3,7.5,92.5,343.0,23.0,366.0,205.0,113.0,318.0,game,ML,Cincinnati Bengals,,,bet365,850,—,—,,Loss,,miss,,,,—,,
2026-10-04T20:01:41.654341+00:00,nfl,2026,4,401872969,401872969861,1,1:10,J.Burrow pass short right to J.Chase pushed ob at CIN 47 for 6 yards (T.Hunter).,1,10,CIN 41,41,-3,Cincinnati Bengals,Jacksonville Jaguars,0,3,7.5,92.5,343.0,23.0,366.0,205.0,113.0,318.0,game,Spread,Jacksonville Jaguars,,-2.5,kalshi,-1012,—,—,,-3,,hit,,,,—,,
2026-10-04T20:01:41.654341+00:00,nfl,2026,4,401872969,401872969861,1,1:10,J.Burrow pass short right to J.Chase pushed ob at CIN 47 for 6 yards (T.Hunter).,1,10,CIN 41,41,-3,Cincinnati Bengals,Jacksonville Jaguars,0,3,7.5,92.5,343.0,23.0,366.0,205.0,113.0,318.0,game,Spread,Cincinnati Bengals,,2.5,kalshi,566,—,—,,-3,,miss,,,,—,,
2026-10-04T20:01:41.654341+00:00,nfl,2026,4,401872969,401872969861,1,1:10,J.Burrow pass short right to J.Chase pushed ob at CIN 47 for 6 yards (T.Hunter).,1,10,CIN 41,41,-3,Cincinnati Bengals,Jacksonville Jaguars,0,3,7.5,92.5,343.0,23.0,366.0,205.0,113.0,318.0,game,Total,Over,,40.5,kalshi,525,—,—,,3.0,,miss,,,,—,,
2026-10-04T20:01:41.654341+00:00,nfl,2026,4,401872969,401872969861,1,1:10,J.Burrow pass short right to J.Chase pushed ob at CIN 47 for 6 yards (T.Hunter).,1,10,CIN 41,41,-3,Cincinnati Bengals,Jacksonville Jaguars,0,3,7.5,92.5,343.0,23.0,366.0,205.0,113.0,318.0,game,Total,Under,,40.5,kalshi,-1012,—,—,,3.0,,hit,,,,—,,
2026-10-04T20:01:41.654341+00:00,nfl,2026,4,401872969,401872969861,1,1:10,J.Burrow pass short right to J.Chase pushed ob at CIN 47 for 6 yards (T.Hunter).,1,10,CIN 41,41,-3,Cincinnati Bengals,Jacksonville Jaguars,0,3,7.5,92.5,343.0,23.0,366.0,205.0,113.0,318.0,game,ML,Jacksonville Jaguars,,,polymarket,-670,—,—,,Win,,hit,,,,—,,
2026-10-04T20:01:41.654341+00:00,nfl,2026,4,401872969,401872969861,1,1:10,J.Burrow pass short right to J.Chase pushed ob at CIN 47 for 6 yards (T.Hunter).,1,10,CIN 41,41,-3,Cincinnati Bengals,Jacksonville Jaguars,0,3,7.5,92.5,343.0,23.0,366.0,205.0,113.0,318.0,game,ML,Cincinnati Bengals,,,bet365,850,—,—,,Loss,,miss,,,,—,,
2026-10-04T20:01:41.654341+00:00,nfl,2026,4,401872969,401872969891,1,0:31,(Shotgun) J.Burrow pass short middle to T.Higgins to JAX 43 for 10 yards (J.Hines-Allen).,2,4,CIN 47,47,-3,Cincinnati Bengals,Jacksonville Jaguars,0,3,7.5,92.5,343.0,23.0,366.0,205.0,113.0,318.0,game,Spread,Jacksonville Jaguars,,-2.5,kalshi,-1012,—,—,,-3,,hit,,,,—,,
2026-10-04T20:01:41.654341+00:00,nfl,2026,4,401872969,401872969891,1,0:31,(Shotgun) J.Burrow pass short middle to T.Higgins to JAX 43 for 10 yards (J.Hines-Allen).,2,4,CIN 47,47,-3,Cincinnati Bengals,Jacksonville Jaguars,0,3,7.5,92.5,343.0,23.0,366.0,205.0,113.0,318.0,game,Spread,Cincinnati Bengals,,2.5,kalshi,566,—,—,,-3,,miss,,,,—,,
2026-10-04T20:01:41.654341+00:00,nfl,2026,4,401872969,401872969891,1,0:31,(Shotgun) J.Burrow pass short middle to T.Higgins to JAX 43 for 10 yards (J.Hines-Allen).,2,4,CIN 47,47,-3,Cincinnati Bengals,Jacksonville Jaguars,0,3,7.5,92.5,343.0,23.0,366.0,205.0,113.0,318.0,game,Total,Over,,40.5,kalshi,525,—,—,,3.0,,miss,,,,—,,
2026-10-04T20:01:41.654341+00:00,nfl,2026,4,401872969,401872969891,1,0:31,(Shotgun) J.Burrow pass short middle to T.Higgins to JAX 43 for 10 yards (J.Hines-Allen).,2,4,CIN 47,47,-3,Cincinnati Bengals,Jacksonville Jaguars,0,3,7.5,92.5,343.0,23.0,366.0,205.0,113.0,318.0,game,Total,Under,,40.5,kalshi,-1012,—,—,,3.0,,hit,,,,—,,
2026-10-04T20:01:41.654341+00:00,nfl,2026,4,401872969,401872969891,1,0:31,(Shotgun) J.Burrow pass short middle to T.Higgins to JAX 43 for 10 yards (J.Hines-Allen).,2,4,CIN 47,47,-3,Cincinnati Bengals,Jacksonville Jaguars,0,3,7.5,92.5,343.0,23.0,366.0,205.0,113.0,318.0,game,ML,Jacksonville Jaguars,,,polymarket,-670,—,—,,Win,,hit,,,,—,,
2026-10-04T20:01:41.654341+00:00,nfl,2026,4,401872969,401872969891,1,0:31,(Shotgun) J.Burrow pass short middle to T.Higgins to JAX 43 for 10 yards (J.Hines-Allen).,2,4,CIN 47,47,-3,Cincinnati Bengals,Jacksonville Jaguars,0,3,7.5,92.5,343.0,23.0,366.0,205.0,113.0,318.0,game,ML,Cincinnati Bengals,,,bet365,850,—,—,,Loss,,miss,,,,—,,
2026-10-04T20:01:41.654341+00:00,nfl,2026,4,401872969,401872969921,1,0:00,END QUARTER 1,1,10,JAX 45,57,-3,Cincinnati Bengals,Jacksonville Jaguars,0,3,7.5,92.5,343.0,23.0,366.0,205.0,113.0,318.0,game,Spread,Jacksonville Jaguars,,-2.5,kalshi,-1012,—,—,,-3,,hit,,,,—,,
2026-10-04T20:01:41.654341+00:00,nfl,2026,4,401872969,401872969921,1,0:00,END QUARTER 1,1,10,JAX 45,57,-3,Cincinnati Bengals,Jacksonville Jaguars,0,3,7.5,92.5,343.0,23.0,366.0,205.0,113.0,318.0,game,Spread,Cincinnati Bengals,,2.5,kalshi,566,—,—,,-3,,miss,,,,—,,
2026-10-04T20:01:41.654341+00:00,nfl,2026,4,401872969,401872969921,1,0:00,END QUARTER 1,1,10,JAX 45,57,-3,Cincinnati Bengals,Jacksonville Jaguars,0,3,7.5,92.5,343.0,23.0,366.0,205.0,113.0,318.0,game,Total,Over,,40.5,kalshi,525,—,—,,3.0,,miss,,,,—,,
2026-10-04T20:01:41.654341+00:00,nfl,2026,4,401872969,401872969921,1,0:00,END QUARTER 1,1,10,JAX 45,57,-3,Cincinnati Bengals,Jacksonville Jaguars,0,3,7.5,92.5,343.0,23.0,366.0,205.0,113.0,318.0,game,Total,Under,,40.5,kalshi,-1012,—,—,,3.0,,hit,,,,—,,
2026-10-04T20:01:41.654341+00:00,nfl,2026,4,401872969,401872969921,1,0:00,END QUARTER 1,1,10,JAX 45,57,-3,Cincinnati Bengals,Jacksonville Jaguars,0,3,7.5,92.5,343.0,23.0,366.0,205.0,113.0,318.0,game,ML,Jacksonville Jaguars,,,polymarket,-670,—,—,,Win,,hit,,,,—,,
2026-10-04T20:01:41.654341+00:00,nfl,2026,4,401872969,401872969921,1,0:00,END QUARTER 1,1,10,JAX 45,57,-3,Cincinnati Bengals,Jacksonville Jaguars,0,3,7.5,92.5,343.0,23.0,366.0,205.0,113.0,318.0,game,ML,Cincinnati Bengals,,,bet365,850,—,—,,Loss,,miss,,,,—,,
2026-10-04T20:01:41.654341+00:00,nfl,2026,4,401872969,401872969941,2,15:00,C.Brown right tackle to JAX 42 for 1 yard (T.Walker).,1,10,JAX 43,57,-3,Cincinnati Bengals,Jacksonville Jaguars,0,3,7.5,92.5,343.0,23.0,366.0,205.0,113.0,318.0,game,Spread,Jacksonville Jaguars,,-2.5,kalshi,-1012,—,—,,-3,,hit,,,,—,,
2026-10-04T20:01:41.654341+00:00,nfl,2026,4,401872969,401872969941,2,15:00,C.Brown right tackle to JAX 42 for 1 yard (T.Walker).,1,10,JAX 43,57,-3,Cincinnati Bengals,Jacksonville Jaguars,0,3,7.5,92.5,343.0,23.0,366.0,205.0,113.0,318.0,game,Spread,Cincinnati Bengals,,2.5,kalshi,566,—,—,,-3,,miss,,,,—,,
2026-10-04T20:01:41.654341+00:00,nfl,2026,4,401872969,401872969941,2,15:00,C.Brown right tackle to JAX 42 for 1 yard (T.Walker).,1,10,JAX 43,57,-3,Cincinnati Bengals,Jacksonville Jaguars,0,3,7.5,92.5,343.0,23.0,366.0,205.0,113.0,318.0,game,Total,Over,,40.5,kalshi,525,—,—,,3.0,,miss,,,,—,,
2026-10-04T20:01:41.654341+00:00,nfl,2026,4,401872969,401872969941,2,15:00,C.Brown right tackle to JAX 42 for 1 yard (T.Walker).,1,10,JAX 43,57,-3,Cincinnati Bengals,Jacksonville Jaguars,0,3,7.5,92.5,343.0,23.0,366.0,205.0,113.0,318.0,game,Total,Under,,40.5,kalshi,-1012,—,—,,3.0,,hit,,,,—,,
2026-10-04T20:01:41.654341+00:00,nfl,2026,4,401872969,401872969941,2,15:00,C.Brown right tackle to JAX 42 for 1 yard (T.Walker).,1,10,JAX 43,57,-3,Cincinnati Bengals,Jacksonville Jaguars,0,3,7.5,92.5,343.0,23.0,366.0,205.0,113.0,318.0,game,ML,Jacksonville Jaguars,,,polymarket,-670,—,—,,Win,,hit,,,,—,,
2026-10-04T20:01:41.654341+00:00,nfl,2026,4,401872969,401872969941,2,15:00,C.Brown right tackle to JAX 42 for 1 yard (T.Walker).,1,10,JAX 43,57,-3,Cincinnati Bengals,Jacksonville Jaguars,0,3,7.5,92.5,343.0,23.0,366.0,205.0,113.0,318.0,game,ML,Cincinnati Bengals,,,bet365,850,—,—,,Loss,,miss,,,,—,,
2026-10-04T20:01:41.654341+00:00,nfl,2026,4,401872969,401872969963,2,14:17,(Shotgun) S.Perine up the middle to JAX 39 for 3 yards (A.Armstead).,2,9,JAX 42,58,-3,Cincinnati Bengals,Jacksonville Jaguars,0,3,7.5,92.5,343.0,23.0,366.0,205.0,113.0,318.0,game,Spread,Jacksonville Jaguars,,-2.5,kalshi,-1012,—,—,,-3,,hit,,,,—,,
2026-10-04T20:01:41.654341+00:00,nfl,2026,4,401872969,401872969963,2,14:17,(Shotgun) S.Perine up the middle to JAX 39 for 3 yards (A.Armstead).,2,9,JAX 42,58,-3,Cincinnati Bengals,Jacksonville Jaguars,0,3,7.5,92.5,343.0,23.0,366.0,205.0,113.0,318.0,game,Spread,Cincinnati Bengals,,2.5,kalshi,566,—,—,,-3,,miss,,,,—,,
2026-10-04T20:01:41.654341+00:00,nfl,2026,4,401872969,401872969963,2,14:17,(Shotgun) S.Perine up the middle to JAX 39 for 3 yards (A.Armstead).,2,9,JAX 42,58,-3,Cincinnati Bengals,Jacksonville Jaguars,0,3,7.5,92.5,343.0,23.0,366.0,205.0,113.0,318.0,game,Total,Over,,40.5,kalshi,525,—,—,,3.0,,miss,,,,—,,
2026-10-04T20:01:41.654341+00:00,nfl,2026,4,401872969,401872969963,2,14:17,(Shotgun) S.Perine up the middle to JAX 39 for 3 yards (A.Armstead).,2,9,JAX 42,58,-3,Cincinnati Bengals,Jacksonville Jaguars,0,3,7.5,92.5,343.0,23.0,366.0,205.0,113.0,318.0,game,Total,Under,,40.5,kalshi,-1012,—,—,,3.0,,hit,,,,—,,
2026-10-04T20:01:41.654341+00:00,nfl,2026,4,401872969,401872969963,2,14:17,(Shotgun) S.Perine up the middle to JAX 39 for 3 yards (A.Armstead).,2,9,JAX 42,58,-3,Cincinnati Bengals,Jacksonville Jaguars,0,3,7.5,92.5,343.0,23.0,366.0,205.0,113.0,318.0,game,ML,Jacksonville Jaguars,,,polymarket,-670,—,—,,Win,,hit,,,,—,,
2026-10-04T20:01:41.654341+00:00,nfl,2026,4,401872969,401872969963,2,14:17,(Shotgun) S.Perine up the middle to JAX 39 for 3 yards (A.Armstead).,2,9,JAX 42,58,-3,Cincinnati Bengals,Jacksonville Jaguars,0,3,7.5,92.5,343.0,23.0,366.0,205.0,113.0,318.0,game,ML,Cincinnati Bengals,,,bet365,850,—,—,,Loss,,miss,,,,—,,
2026-10-04T20:01:41.654341+00:00,nfl,2026,4,401872969,401872969985,2,13:36,(Shotgun) J.Burrow pass short middle to J.Chase to JAX 22 for 17 yards (J.Jones) [F.Oluokun].,3,6,JAX 39,61,-3,Cincinnati Bengals,Jacksonville Jaguars,0,3,7.5,92.5,343.0,23.0,366.0,205.0,113.0,318.0,game,Spread,Jacksonville Jaguars,,-2.5,kalshi,-1012,—,—,,-3,,hit,,,,—,,
2026-10-04T20:01:41.654341+00:00,nfl,2026,4,401872969,401872969985,2,13:36,(Shotgun) J.Burrow pass short middle to J.Chase to JAX 22 for 17 yards (J.Jones) [F.Oluokun].,3,6,JAX 39,61,-3,Cincinnati Bengals,Jacksonville Jaguars,0,3,7.5,92.5,343.0,23.0,366.0,205.0,113.0,318.0,game,Spread,Cincinnati Bengals,,2.5,kalshi,566,—,—,,-3,,miss,,,,—,,
2026-10-04T20:01:41.654341+00:00,nfl,2026,4,401872969,401872969985,2,13:36,(Shotgun) J.Burrow pass short middle to J.Chase to JAX 22 for 17 yards (J.Jones) [F.Oluokun].,3,6,JAX 39,61,-3,Cincinnati Bengals,Jacksonville Jaguars,0,3,7.5,92.5,343.0,23.0,366.0,205.0,113.0,318.0,game,Total,Over,,40.5,kalshi,525,—,—,,3.0,,miss,,,,—,,
2026-10-04T20:01:41.654341+00:00,nfl,2026,4,401872969,401872969985,2,13:36,(Shotgun) J.Burrow pass short middle to J.Chase to JAX 22 for 17 yards (J.Jones) [F.Oluokun].,3,6,JAX 39,61,-3,Cincinnati Bengals,Jacksonville Jaguars,0,3,7.5,92.5,343.0,23.0,366.0,205.0,113.0,318.0,game,Total,Under,,40.5,kalshi,-1012,—,—,,3.0,,hit,,,,—,,
2026-10-04T20:01:41.654341+00:00,nfl,2026,4,401872969,401872969985,2,13:36,(Shotgun) J.Burrow pass short middle to J.Chase to JAX 22 for 17 yards (J.Jones) [F.Oluokun].,3,6,JAX 39,61,-3,Cincinnati Bengals,Jacksonville Jaguars,0,3,7.5,92.5,343.0,23.0,366.0,205.0,113.0,318.0,game,ML,Jacksonville Jaguars,,,polymarket,-670,—,—,,Win,,hit,,,,—,,
2026-10-04T20:01:41.654341+00:00,nfl,2026,4,401872969,401872969985,2,13:36,(Shotgun) J.Burrow pass short middle to J.Chase to JAX 22 for 17 yards (J.Jones) [F.Oluokun].,3,6,JAX 39,61,-3,Cincinnati Bengals,Jacksonville Jaguars,0,3,7.5,92.5,343.0,23.0,366.0,205.0,113.0,318.0,game,ML,Cincinnati Bengals,,,bet365,850,—,—,,Loss,,miss,,,,—,,
2026-10-04T20:01:41.654341+00:00,nfl,2026,4,401872969,4018729691010,2,12:55,J.Burrow sacked at JAX 33 for -11 yards (D.Striggow).,1,10,JAX 22,78,-3,Cincinnati Bengals,Jacksonville Jaguars,0,3,7.5,92.5,343.0,23.0,366.0,205.0,113.0,318.0,game,Spread,Jacksonville Jaguars,,-2.5,kalshi,-1012,—,—,,-3,,hit,,,,—,,
2026-10-04T20:01:41.654341+00:00,nfl,2026,4,401872969,4018729691010,2,12:55,J.Burrow sacked at JAX 33 for -11 yards (D.Striggow).,1,10,JAX 22,78,-3,Cincinnati Bengals,Jacksonville Jaguars,0,3,7.5,92.5,343.0,23.0,366.0,205.0,113.0,318.0,game,Spread,Cincinnati Bengals,,2.5,kalshi,566,—,—,,-3,,miss,,,,—,,
2026-10-04T20:01:41.654341+00:00,nfl,2026,4,401872969,4018729691010,2,12:55,J.Burrow sacked at JAX 33 for -11 yards (D.Striggow).,1,10,JAX 22,78,-3,Cincinnati Bengals,Jacksonville Jaguars,0,3,7.5,92.5,343.0,23.0,366.0,205.0,113.0,318.0,game,Total,Over,,40.5,kalshi,525,—,—,,3.0,,miss,,,,—,,
2026-10-04T20:01:41.654341+00:00,nfl,2026,4,401872969,4018729691010,2,12:55,J.Burrow sacked at JAX 33 for -11 yards (D.Striggow).,1,10,JAX 22,78,-3,Cincinnati Bengals,Jacksonville Jaguars,0,3,7.5,92.5,343.0,23.0,366.0,205.0,113.0,318.0,game,Total,Under,,40.5,kalshi,-1012,—,—,,3.0,,hit,,,,—,,
2026-10-04T20:01:41.654341+00:00,nfl,2026,4,401872969,4018729691010,2,12:55,J.Burrow sacked at JAX 33 for -11 yards (D.Striggow).,1,10,JAX 22,78,-3,Cincinnati Bengals,Jacksonville Jaguars,0,3,7.5,92.5,343.0,23.0,366.0,205.0,113.0,318.0,game,ML,Jacksonville Jaguars,,,polymarket,-670,—,—,,Win,,hit,,,,—,,
2026-10-04T20:01:41.654341+00:00,nfl,2026,4,401872969,4018729691010,2,12:55,J.Burrow sacked at JAX 33 for -11 yards (D.Striggow).,1,10,JAX 22,78,-3,Cincinnati Bengals,Jacksonville Jaguars,0,3,7.5,92.5,343.0,23.0,366.0,205.0,113.0,318.0,game,ML,Cincinnati Bengals,,,bet365,850,—,—,,Loss,,miss,,,,—,,
2026-10-04T20:01:41.654341+00:00,nfl,2026,4,401872969,4018729691030,2,12:11,"(Shotgun) J.Burrow pass short left to J.Chase to JAX 29 for 4 yards (J.Jones). CIN-J.Chase was injured during the play. PENALTY on JAX-J.Jones, Face Mask, 15 yards, enforced at JAX 29.",2,21,JAX 33,67,-3,Cincinnati Bengals,Jacksonville Jaguars,0,3,7.5,92.5,343.0,23.0,366.0,205.0,113.0,318.0,game,Spread,Jacksonville Jaguars,,-2.5,kalshi,-1012,—,—,,-3,,hit,,,,—,,
2026-10-04T20:01:41.654341+00:00,nfl,2026,4,401872969,4018729691030,2,12:11,"(Shotgun) J.Burrow pass short left to J.Chase to JAX 29 for 4 yards (J.Jones). CIN-J.Chase was injured during the play. PENALTY on JAX-J.Jones, Face Mask, 15 yards, enforced at JAX 29.",2,21,JAX 33,67,-3,Cincinnati Bengals,Jacksonville Jaguars,0,3,7.5,92.5,343.0,23.0,366.0,205.0,113.0,318.0,game,Spread,Cincinnati Bengals,,2.5,kalshi,566,—,—,,-3,,miss,,,,—,,
2026-10-04T20:01:41.654341+00:00,nfl,2026,4,401872969,4018729691030,2,12:11,"(Shotgun) J.Burrow pass short left to J.Chase to JAX 29 for 4 yards (J.Jones). CIN-J.Chase was injured during the play. PENALTY on JAX-J.Jones, Face Mask, 15 yards, enforced at JAX 29.",2,21,JAX 33,67,-3,Cincinnati Bengals,Jacksonville Jaguars,0,3,7.5,92.5,343.0,23.0,366.0,205.0,113.0,318.0,game,Total,Over,,40.5,kalshi,525,—,—,,3.0,,miss,,,,—,,
2026-10-04T20:01:41.654341+00:00,nfl,2026,4,401872969,4018729691030,2,12:11,"(Shotgun) J.Burrow pass short left to J.Chase to JAX 29 for 4 yards (J.Jones). CIN-J.Chase was injured during the play. PENALTY on JAX-J.Jones, Face Mask, 15 yards, enforced at JAX 29.",2,21,JAX 33,67,-3,Cincinnati Bengals,Jacksonville Jaguars,0,3,7.5,92.5,343.0,23.0,366.0,205.0,113.0,318.0,game,Total,Under,,40.5,kalshi,-1012,—,—,,3.0,,hit,,,,—,,
2026-10-04T20:01:41.654341+00:00,nfl,2026,4,401872969,4018729691030,2,12:11,"(Shotgun) J.Burrow pass short left to J.Chase to JAX 29 for 4 yards (J.Jones). CIN-J.Chase was injured during the play. PENALTY on JAX-J.Jones, Face Mask, 15 yards, enforced at JAX 29.",2,21,JAX 33,67,-3,Cincinnati Bengals,Jacksonville Jaguars,0,3,7.5,92.5,343.0,23.0,366.0,205.0,113.0,318.0,game,ML,Jacksonville Jaguars,,,polymarket,-670,—,—,,Win,,hit,,,,—,,
2026-10-04T20:01:41.654341+00:00,nfl,2026,4,401872969,4018729691030,2,12:11,"(Shotgun) J.Burrow pass short left to J.Chase to JAX 29 for 4 yards (J.Jones). CIN-J.Chase was injured during the play. PENALTY on JAX-J.Jones, Face Mask, 15 yards, enforced at JAX 29.",2,21,JAX 33,67,-3,Cincinnati Bengals,Jacksonville Jaguars,0,3,7.5,92.5,343.0,23.0,366.0,205.0,113.0,318.0,game,ML,Cincinnati Bengals,,,bet365,850,—,—,,Loss,,miss,,,,—,,
2026-10-04T20:01:41.654341+00:00,nfl,2026,4,401872969,4018729691050,2,12:04,Official Timeout at 12:04.,1,10,JAX 14,86,-3,Cincinnati Bengals,Jacksonville Jaguars,0,3,7.5,92.5,343.0,23.0,366.0,205.0,113.0,318.0,game,Spread,Jacksonville Jaguars,,-2.5,kalshi,-1012,—,—,,-3,,hit,,,,—,,
2026-10-04T20:01:41.654341+00:00,nfl,2026,4,401872969,4018729691050,2,12:04,Official Timeout at 12:04.,1,10,JAX 14,86,-3,Cincinnati Bengals,Jacksonville Jaguars,0,3,7.5,92.5,343.0,23.0,366.0,205.0,113.0,318.0,game,Spread,Cincinnati Bengals,,2.5,kalshi,566,—,—,,-3,,miss,,,,—,,
2026-10-04T20:01:41.654341+00:00,nfl,2026,4,401872969,4018729691050,2,12:04,Official Timeout at 12:04.,1,10,JAX 14,86,-3,Cincinnati Bengals,Jacksonville Jaguars,0,3,7.5,92.5,343.0,23.0,366.0,205.0,113.0,318.0,game,Total,Over,,40.5,kalshi,525,—,—,,3.0,,miss,,,,—,,
2026-10-04T20:01:41.654341+00:00,nfl,2026,4,401872969,4018729691050,2,12:04,Official Timeout at 12:04.,1,10,JAX 14,86,-3,Cincinnati Bengals,Jacksonville Jaguars,0,3,7.5,92.5,343.0,23.0,366.0,205.0,113.0,318.0,game,Total,Under,,40.5,kalshi,-1012,—,—,,3.0,,hit,,,,—,,
2026-10-04T20:01:41.654341+00:00,nfl,2026,4,401872969,4018729691050,2,12:04,Official Timeout at 12:04.,1,10,JAX 14,86,-3,Cincinnati Bengals,Jacksonville Jaguars,0,3,7.5,92.5,343.0,23.0,366.0,205.0,113.0,318.0,game,ML,Jacksonville Jaguars,,,polymarket,-670,—,—,,Win,,hit,,,,—,,
2026-10-04T20:01:41.654341+00:00,nfl,2026,4,401872969,4018729691050,2,12:04,Official Timeout at 12:04.,1,10,JAX 14,86,-3,Cincinnati Bengals,Jacksonville Jaguars,0,3,7.5,92.5,343.0,23.0,366.0,205.0,113.0,318.0,game,ML,Cincinnati Bengals,,,bet365,850,—,—,,Loss,,miss,,,,—,,
2026-10-04T20:01:41.654341+00:00,nfl,2026,4,401872969,4018729691069,2,11:45,"(Shotgun) S.Perine left tackle for 14 yards, TOUCHDOWN NULLIFIED by Penalty.PENALTY on CIN-D.Fairchild, Offensive Holding, 10 yards, enforced at JAX 12.",1,10,JAX 14,86,-3,Cincinnati Bengals,Jacksonville Jaguars,0,3,7.5,92.5,343.0,23.0,366.0,205.0,113.0,318.0,game,Spread,Jacksonville Jaguars,,-2.5,kalshi,-1012,—,—,,-3,,hit,,,,—,,
2026-10-04T20:01:41.654341+00:00,nfl,2026,4,401872969,4018729691069,2,11:45,"(Shotgun) S.Perine left tackle for 14 yards, TOUCHDOWN NULLIFIED by Penalty.PENALTY on CIN-D.Fairchild, Offensive Holding, 10 yards, enforced at JAX 12.",1,10,JAX 14,86,-3,Cincinnati Bengals,Jacksonville Jaguars,0,3,7.5,92.5,343.0,23.0,366.0,205.0,113.0,318.0,game,Spread,Cincinnati Bengals,,2.5,kalshi,566,—,—,,-3,,miss,,,,—,,
2026-10-04T20:01:41.654341+00:00,nfl,2026,4,401872969,4018729691069,2,11:45,"(Shotgun) S.Perine left tackle for 14 yards, TOUCHDOWN NULLIFIED by Penalty.PENALTY on CIN-D.Fairchild, Offensive Holding, 10 yards, enforced at JAX 12.",1,10,JAX 14,86,-3,Cincinnati Bengals,Jacksonville Jaguars,0,3,7.5,92.5,343.0,23.0,366.0,205.0,113.0,318.0,game,Total,Over,,40.5,kalshi,525,—,—,,3.0,,miss,,,,—,,
2026-10-04T20:01:41.654341+00:00,nfl,2026,4,401872969,4018729691069,2,11:45,"(Shotgun) S.Perine left tackle for 14 yards, TOUCHDOWN NULLIFIED by Penalty.PENALTY on CIN-D.Fairchild, Offensive Holding, 10 yards, enforced at JAX 12.",1,10,JAX 14,86,-3,Cincinnati Bengals,Jacksonville Jaguars,0,3,7.5,92.5,343.0,23.0,366.0,205.0,113.0,318.0,game,Total,Under,,40.5,kalshi,-1012,—,—,,3.0,,hit,,,,—,,
2026-10-04T20:01:41.654341+00:00,nfl,2026,4,401872969,4018729691069,2,11:45,"(Shotgun) S.Perine left tackle for 14 yards, TOUCHDOWN NULLIFIED by Penalty.PENALTY on CIN-D.Fairchild, Offensive Holding, 10 yards, enforced at JAX 12.",1,10,JAX 14,86,-3,Cincinnati Bengals,Jacksonville Jaguars,0,3,7.5,92.5,343.0,23.0,366.0,205.0,113.0,318.0,game,ML,Jacksonville Jaguars,,,polymarket,-670,—,—,,Win,,hit,,,,—,,
2026-10-04T20:01:41.654341+00:00,nfl,2026,4,401872969,4018729691069,2,11:45,"(Shotgun) S.Perine left tackle for 14 yards, TOUCHDOWN NULLIFIED by Penalty.PENALTY on CIN-D.Fairchild, Offensive Holding, 10 yards, enforced at JAX 12.",1,10,JAX 14,86,-3,Cincinnati Bengals,Jacksonville Jaguars,0,3,7.5,92.5,343.0,23.0,366.0,205.0,113.0,318.0,game,ML,Cincinnati Bengals,,,bet365,850,—,—,,Loss,,miss,,,,—,,
2026-10-04T20:01:41.654341+00:00,nfl,2026,4,401872969,4018729691110,2,11:40,(Shotgun) J.Burrow pass short middle to C.Brown to JAX 13 for 9 yards (J.Lewis; V.Miller).,1,18,JAX 22,78,-3,Cincinnati Bengals,Jacksonville Jaguars,0,3,7.5,92.5,343.0,23.0,366.0,205.0,113.0,318.0,game,Spread,Jacksonville Jaguars,,-2.5,kalshi,-1012,—,—,,-3,,hit,,,,—,,
2026-10-04T20:01:41.654341+00:00,nfl,2026,4,401872969,4018729691110,2,11:40,(Shotgun) J.Burrow pass short middle to C.Brown to JAX 13 for 9 yards (J.Lewis; V.Miller).,1,18,JAX 22,78,-3,Cincinnati Bengals,Jacksonville Jaguars,0,3,7.5,92.5,343.0,23.0,366.0,205.0,113.0,318.0,game,Spread,Cincinnati Bengals,,2.5,kalshi,566,—,—,,-3,,miss,,,,—,,
2026-10-04T20:01:41.654341+00:00,nfl,2026,4,401872969,4018729691110,2,11:40,(Shotgun) J.Burrow pass short middle to C.Brown to JAX 13 for 9 yards (J.Lewis; V.Miller).,1,18,JAX 22,78,-3,Cincinnati Bengals,Jacksonville Jaguars,0,3,7.5,92.5,343.0,23.0,366.0,205.0,113.0,318.0,game,Total,Over,,40.5,kalshi,525,—,—,,3.0,,miss,,,,—,,
2026-10-04T20:01:41.654341+00:00,nfl,2026,4,401872969,4018729691110,2,11:40,(Shotgun) J.Burrow pass short middle to C.Brown to JAX 13 for 9 yards (J.Lewis; V.Miller).,1,18,JAX 22,78,-3,Cincinnati Bengals,Jacksonville Jaguars,0,3,7.5,92.5,343.0,23.0,366.0,205.0,113.0,318.0,game,Total,Under,,40.5,kalshi,-1012,—,—,,3.0,,hit,,,,—,,
2026-10-04T20:01:41.654341+00:00,nfl,2026,4,401872969,4018729691110,2,11:40,(Shotgun) J.Burrow pass short middle to C.Brown to JAX 13 for 9 yards (J.Lewis; V.Miller).,1,18,JAX 22,78,-3,Cincinnati Bengals,Jacksonville Jaguars,0,3,7.5,92.5,343.0,23.0,366.0,205.0,113.0,318.0,game,ML,Jacksonville Jaguars,,,polymarket,-670,—,—,,Win,,hit,,,,—,,
2026-10-04T20:01:41.654341+00:00,nfl,2026,4,401872969,4018729691110,2,11:40,(Shotgun) J.Burrow pass short middle to C.Brown to JAX 13 for 9 yards (J.Lewis; V.Miller).,1,18,JAX 22,78,-3,Cincinnati Bengals,Jacksonville Jaguars,0,3,7.5,92.5,343.0,23.0,366.0,205.0,113.0,318.0,game,ML,Cincinnati Bengals,,,bet365,850,—,—,,Loss,,miss,,,,—,,
2026-10-04T20:01:41.654341+00:00,nfl,2026,4,401872969,4018729691135,2,11:00,(Shotgun) J.Burrow pass incomplete short middle to M.Tinsley (T.Hunter).,2,9,JAX 13,87,-3,Cincinnati Bengals,Jacksonville Jaguars,0,3,7.5,92.5,343.0,23.0,366.0,205.0,113.0,318.0,game,Spread,Jacksonville Jaguars,,-2.5,kalshi,-1012,—,—,,-3,,hit,,,,—,,
2026-10-04T20:01:41.654341+00:00,nfl,2026,4,401872969,4018729691135,2,11:00,(Shotgun) J.Burrow pass incomplete short middle to M.Tinsley (T.Hunter).,2,9,JAX 13,87,-3,Cincinnati Bengals,Jacksonville Jaguars,0,3,7.5,92.5,343.0,23.0,366.0,205.0,113.0,318.0,game,Spread,Cincinnati Bengals,,2.5,kalshi,566,—,—,,-3,,miss,,,,—,,
2026-10-04T20:01:41.654341+00:00,nfl,2026,4,401872969,4018729691135,2,11:00,(Shotgun) J.Burrow pass incomplete short middle to M.Tinsley (T.Hunter).,2,9,JAX 13,87,-3,Cincinnati Bengals,Jacksonville Jaguars,0,3,7.5,92.5,343.0,23.0,366.0,205.0,113.0,318.0,game,Total,Over,,40.5,kalshi,525,—,—,,3.0,,miss,,,,—,,
2026-10-04T20:01:41.654341+00:00,nfl,2026,4,401872969,4018729691135,2,11:00,(Shotgun) J.Burrow pass incomplete short middle to M.Tinsley (T.Hunter).,2,9,JAX 13,87,-3,Cincinnati Bengals,Jacksonville Jaguars,0,3,7.5,92.5,343.0,23.0,366.0,205.0,113.0,318.0,game,Total,Under,,40.5,kalshi,-1012,—,—,,3.0,,hit,,,,—,,
2026-10-04T20:01:41.654341+00:00,nfl,2026,4,401872969,4018729691135,2,11:00,(Shotgun) J.Burrow pass incomplete short middle to M.Tinsley (T.Hunter).,2,9,JAX 13,87,-3,Cincinnati Bengals,Jacksonville Jaguars,0,3,7.5,92.5,343.0,23.0,366.0,205.0,113.0,318.0,game,ML,Jacksonville Jaguars,,,polymarket,-670,—,—,,Win,,hit,,,,—,,
2026-10-04T20:01:41.654341+00:00,nfl,2026,4,401872969,4018729691135,2,11:00,(Shotgun) J.Burrow pass incomplete short middle to M.Tinsley (T.Hunter).,2,9,JAX 13,87,-3,Cincinnati Bengals,Jacksonville Jaguars,0,3,7.5,92.5,343.0,23.0,366.0,205.0,113.0,318.0,game,ML,Cincinnati Bengals,,,bet365,850,—,—,,Loss,,miss,,,,—,,
2026-10-04T20:01:41.654341+00:00,nfl,2026,4,401872969,4018729691158,2,10:54,(Shotgun) J.Burrow scrambles left end to JAX 10 for 3 yards (F.Oluokun).,3,9,JAX 13,87,-3,Cincinnati Bengals,Jacksonville Jaguars,0,3,7.5,92.5,343.0,23.0,366.0,205.0,113.0,318.0,game,Spread,Jacksonville Jaguars,,-2.5,kalshi,-1012,—,—,,-3,,hit,,,,—,,
2026-10-04T20:01:41.654341+00:00,nfl,2026,4,401872969,4018729691158,2,10:54,(Shotgun) J.Burrow scrambles left end to JAX 10 for 3 yards (F.Oluokun).,3,9,JAX 13,87,-3,Cincinnati Bengals,Jacksonville Jaguars,0,3,7.5,92.5,343.0,23.0,366.0,205.0,113.0,318.0,game,Spread,Cincinnati Bengals,,2.5,kalshi,566,—,—,,-3,,miss,,,,—,,
2026-10-04T20:01:41.654341+00:00,nfl,2026,4,401872969,4018729691158,2,10:54,(Shotgun) J.Burrow scrambles left end to JAX 10 for 3 yards (F.Oluokun).,3,9,JAX 13,87,-3,Cincinnati Bengals,Jacksonville Jaguars,0,3,7.5,92.5,343.0,23.0,366.0,205.0,113.0,318.0,game,Total,Over,,40.5,kalshi,525,—,—,,3.0,,miss,,,,—,,
2026-10-04T20:01:41.654341+00:00,nfl,2026,4,401872969,4018729691158,2,10:54,(Shotgun) J.Burrow scrambles left end to JAX 10 for 3 yards (F.Oluokun).,3,9,JAX 13,87,-3,Cincinnati Bengals,Jacksonville Jaguars,0,3,7.5,92.5,343.0,23.0,366.0,205.0,113.0,318.0,game,Total,Under,,40.5,kalshi,-1012,—,—,,3.0,,hit,,,,—,,
2026-10-04T20:01:41.654341+00:00,nfl,2026,4,401872969,4018729691158,2,10:54,(Shotgun) J.Burrow scrambles left end to JAX 10 for 3 yards (F.Oluokun).,3,9,JAX 13,87,-3,Cincinnati Bengals,Jacksonville Jaguars,0,3,7.5,92.5,343.0,23.0,366.0,205.0,113.0,318.0,game,ML,Jacksonville Jaguars,,,polymarket,-670,—,—,,Win,,hit,,,,—,,
2026-10-04T20:01:41.654341+00:00,nfl,2026,4,401872969,4018729691158,2,10:54,(Shotgun) J.Burrow scrambles left end to JAX 10 for 3 yards (F.Oluokun).,3,9,JAX 13,87,-3,Cincinnati Bengals,Jacksonville Jaguars,0,3,7.5,92.5,343.0,23.0,366.0,205.0,113.0,318.0,game,ML,Cincinnati Bengals,,,bet365,850,—,—,,Loss,,miss,,,,—,,
2026-10-04T20:01:41.654341+00:00,nfl,2026,4,401872969,4018729691190,2,10:03,Official Timeout at 10:03.,-1,10,CIN 35,35,0,Cincinnati Bengals,Jacksonville Jaguars,3,3,7.5,92.5,343.0,23.0,366.0,205.0,113.0,318.0,game,Spread,Jacksonville Jaguars,,-2.5,kalshi,-1012,—,—,,0,,miss,,,,—,,
2026-10-04T20:01:41.654341+00:00,nfl,2026,4,401872969,4018729691190,2,10:03,Official Timeout at 10:03.,-1,10,CIN 35,35,0,Cincinnati Bengals,Jacksonville Jaguars,3,3,7.5,92.5,343.0,23.0,366.0,205.0,113.0,318.0,game,Spread,Cincinnati Bengals,,2.5,kalshi,566,—,—,,0,,hit,,,,—,,
2026-10-04T20:01:41.654341+00:00,nfl,2026,4,401872969,4018729691190,2,10:03,Official Timeout at 10:03.,-1,10,CIN 35,35,0,Cincinnati Bengals,Jacksonville Jaguars,3,3,7.5,92.5,343.0,23.0,366.0,205.0,113.0,318.0,game,Total,Over,,40.5,kalshi,525,—,—,,6.0,,miss,,,,—,,
2026-10-04T20:01:41.654341+00:00,nfl,2026,4,401872969,4018729691190,2,10:03,Official Timeout at 10:03.,-1,10,CIN 35,35,0,Cincinnati Bengals,Jacksonville Jaguars,3,3,7.5,92.5,343.0,23.0,366.0,205.0,113.0,318.0,game,Total,Under,,40.5,kalshi,-1012,—,—,,6.0,,hit,,,,—,,
2026-10-04T20:01:41.654341+00:00,nfl,2026,4,401872969,4018729691190,2,10:03,Official Timeout at 10:03.,-1,10,CIN 35,35,0,Cincinnati Bengals,Jacksonville Jaguars,3,3,7.5,92.5,343.0,23.0,366.0,205.0,113.0,318.0,game,ML,Jacksonville Jaguars,,,polymarket,-670,—,—,,Loss,,miss,,,,—,,
2026-10-04T20:01:41.654341+00:00,nfl,2026,4,401872969,4018729691190,2,10:03,Official Timeout at 10:03.,-1,10,CIN 35,35,0,Cincinnati Bengals,Jacksonville Jaguars,3,3,7.5,92.5,343.0,23.0,366.0,205.0,113.0,318.0,game,ML,Cincinnati Bengals,,,bet365,850,—,—,,Loss,,miss,,,,—,,
2026-10-04T20:01:41.654341+00:00,nfl,2026,4,401872969,4018729691180,2,10:03," E.McPherson 29 yard field goal is GOOD, Center-W.Wagner, Holder-R.Rehkow.",4,6,JAX 10,90,0,Cincinnati Bengals,Jacksonville Jaguars,3,3,7.5,92.5,343.0,23.0,366.0,205.0,113.0,318.0,game,Spread,Jacksonville Jaguars,,-2.5,kalshi,-1012,—,—,,0,,miss,,,,—,,
2026-10-04T20:01:41.654341+00:00,nfl,2026,4,401872969,4018729691180,2,10:03," E.McPherson 29 yard field goal is GOOD, Center-W.Wagner, Holder-R.Rehkow.",4,6,JAX 10,90,0,Cincinnati Bengals,Jacksonville Jaguars,3,3,7.5,92.5,343.0,23.0,366.0,205.0,113.0,318.0,game,Spread,Cincinnati Bengals,,2.5,kalshi,614,—,—,,0,,hit,,,,—,,
2026-10-04T20:01:41.654341+00:00,nfl,2026,4,401872969,4018729691180,2,10:03," E.McPherson 29 yard field goal is GOOD, Center-W.Wagner, Holder-R.Rehkow.",4,6,JAX 10,90,0,Cincinnati Bengals,Jacksonville Jaguars,3,3,7.5,92.5,343.0,23.0,366.0,205.0,113.0,318.0,game,Total,Over,,40.5,kalshi,566,—,—,,6.0,,miss,,,,—,,
2026-10-04T20:01:41.654341+00:00,nfl,2026,4,401872969,4018729691180,2,10:03," E.McPherson 29 yard field goal is GOOD, Center-W.Wagner, Holder-R.Rehkow.",4,6,JAX 10,90,0,Cincinnati Bengals,Jacksonville Jaguars,3,3,7.5,92.5,343.0,23.0,366.0,205.0,113.0,318.0,game,Total,Under,,40.5,kalshi,-810,—,—,,6.0,,hit,,,,—,,
2026-10-04T20:01:41.654341+00:00,nfl,2026,4,401872969,4018729691180,2,10:03," E.McPherson 29 yard field goal is GOOD, Center-W.Wagner, Holder-R.Rehkow.",4,6,JAX 10,90,0,Cincinnati Bengals,Jacksonville Jaguars,3,3,7.5,92.5,343.0,23.0,366.0,205.0,113.0,318.0,game,ML,Jacksonville Jaguars,,,polymarket,-670,—,—,,Loss,,miss,,,,—,,
2026-10-04T20:01:41.654341+00:00,nfl,2026,4,401872969,4018729691180,2,10:03," E.McPherson 29 yard field goal is GOOD, Center-W.Wagner, Holder-R.Rehkow.",4,6,JAX 10,90,0,Cincinnati Bengals,Jacksonville Jaguars,3,3,7.5,92.5,343.0,23.0,366.0,205.0,113.0,318.0,game,ML,Cincinnati Bengals,,,bet365,850,—,—,,Loss,,miss,,,,—,,
2026-10-04T20:01:41.654341+00:00,nfl,2026,4,401872969,4018729691200,2,10:03,E.McPherson kicks 65 yards from CIN 35 to JAX 0. A.Abdullah to JAX 27 for 27 yards (C.Johnson; T.Hudson).,3,10,JAX 45,35,0,Cincinnati Bengals,Jacksonville Jaguars,3,3,7.5,92.5,343.0,23.0,366.0,205.0,113.0,318.0,game,Spread,Jacksonville Jaguars,,-2.5,kalshi,-1012,—,—,,0,,miss,,,,—,,
2026-10-04T20:01:41.654341+00:00,nfl,2026,4,401872969,4018729691200,2,10:03,E.McPherson kicks 65 yards from CIN 35 to JAX 0. A.Abdullah to JAX 27 for 27 yards (C.Johnson; T.Hudson).,3,10,JAX 45,35,0,Cincinnati Bengals,Jacksonville Jaguars,3,3,7.5,92.5,343.0,23.0,366.0,205.0,113.0,318.0,game,Spread,Cincinnati Bengals,,2.5,kalshi,614,—,—,,0,,hit,,,,—,,
2026-10-04T20:01:41.654341+00:00,nfl,2026,4,401872969,4018729691200,2,10:03,E.McPherson kicks 65 yards from CIN 35 to JAX 0. A.Abdullah to JAX 27 for 27 yards (C.Johnson; T.Hudson).,3,10,JAX 45,35,0,Cincinnati Bengals,Jacksonville Jaguars,3,3,7.5,92.5,343.0,23.0,366.0,205.0,113.0,318.0,game,Total,Over,,40.5,kalshi,566,—,—,,6.0,,miss,,,,—,,
2026-10-04T20:01:41.654341+00:00,nfl,2026,4,401872969,4018729691200,2,10:03,E.McPherson kicks 65 yards from CIN 35 to JAX 0. A.Abdullah to JAX 27 for 27 yards (C.Johnson; T.Hudson).,3,10,JAX 45,35,0,Cincinnati Bengals,Jacksonville Jaguars,3,3,7.5,92.5,343.0,23.0,366.0,205.0,113.0,318.0,game,Total,Under,,40.5,kalshi,-810,—,—,,6.0,,hit,,,,—,,
2026-10-04T20:01:41.654341+00:00,nfl,2026,4,401872969,4018729691200,2,10:03,E.McPherson kicks 65 yards from CIN 35 to JAX 0. A.Abdullah to JAX 27 for 27 yards (C.Johnson; T.Hudson).,3,10,JAX 45,35,0,Cincinnati Bengals,Jacksonville Jaguars,3,3,7.5,92.5,343.0,23.0,366.0,205.0,113.0,318.0,game,ML,Jacksonville Jaguars,,,polymarket,-670,—,—,,Loss,,miss,,,,—,,
2026-10-04T20:01:41.654341+00:00,nfl,2026,4,401872969,4018729691200,2,10:03,E.McPherson kicks 65 yards from CIN 35 to JAX 0. A.Abdullah to JAX 27 for 27 yards (C.Johnson; T.Hudson).,3,10,JAX 45,35,0,Cincinnati Bengals,Jacksonville Jaguars,3,3,7.5,92.5,343.0,23.0,366.0,205.0,113.0,318.0,game,ML,Cincinnati Bengals,,,bet365,850,—,—,,Loss,,miss,,,,—,,
2026-10-04T20:01:41.654341+00:00,nfl,2026,4,401872969,4018729691230,2,9:58,(Shotgun) T.Lawrence pass short right to B.Strange to JAX 39 for 12 yards (P.Jules).,1,10,JAX 27,73,0,Cincinnati Bengals,Jacksonville Jaguars,3,3,7.5,92.5,343.0,23.0,366.0,205.0,113.0,318.0,game,Spread,Jacksonville Jaguars,,-2.5,kalshi,-1012,—,—,,0,,miss,,,,—,,
2026-10-04T20:01:41.654341+00:00,nfl,2026,4,401872969,4018729691230,2,9:58,(Shotgun) T.Lawrence pass short right to B.Strange to JAX 39 for 12 yards (P.Jules).,1,10,JAX 27,73,0,Cincinnati Bengals,Jacksonville Jaguars,3,3,7.5,92.5,343.0,23.0,366.0,205.0,113.0,318.0,game,Spread,Cincinnati Bengals,,2.5,kalshi,614,—,—,,0,,hit,,,,—,,
2026-10-04T20:01:41.654341+00:00,nfl,2026,4,401872969,4018729691230,2,9:58,(Shotgun) T.Lawrence pass short right to B.Strange to JAX 39 for 12 yards (P.Jules).,1,10,JAX 27,73,0,Cincinnati Bengals,Jacksonville Jaguars,3,3,7.5,92.5,343.0,23.0,366.0,205.0,113.0,318.0,game,Total,Over,,40.5,kalshi,566,—,—,,6.0,,miss,,,,—,,
2026-10-04T20:01:41.654341+00:00,nfl,2026,4,401872969,4018729691230,2,9:58,(Shotgun) T.Lawrence pass short right to B.Strange to JAX 39 for 12 yards (P.Jules).,1,10,JAX 27,73,0,Cincinnati Bengals,Jacksonville Jaguars,3,3,7.5,92.5,343.0,23.0,366.0,205.0,113.0,318.0,game,Total,Under,,40.5,kalshi,-810,—,—,,6.0,,hit,,,,—,,
2026-10-04T20:01:41.654341+00:00,nfl,2026,4,401872969,4018729691230,2,9:58,(Shotgun) T.Lawrence pass short right to B.Strange to JAX 39 for 12 yards (P.Jules).,1,10,JAX 27,73,0,Cincinnati Bengals,Jacksonville Jaguars,3,3,7.5,92.5,343.0,23.0,366.0,205.0,113.0,318.0,game,ML,Jacksonville Jaguars,,,polymarket,-670,—,—,,Loss,,miss,,,,—,,
2026-10-04T20:01:41.654341+00:00,nfl,2026,4,401872969,4018729691230,2,9:58,(Shotgun) T.Lawrence pass short right to B.Strange to JAX 39 for 12 yards (P.Jules).,1,10,JAX 27,73,0,Cincinnati Bengals,Jacksonville Jaguars,3,3,7.5,92.5,343.0,23.0,366.0,205.0,113.0,318.0,game,ML,Cincinnati Bengals,,,bet365,850,—,—,,Loss,,miss,,,,—,,
2026-10-04T20:01:41.654341+00:00,nfl,2026,4,401872969,4018729691260,2,9:21,B.Tuten left end to JAX 41 for 2 yards (P.Jules).,1,10,JAX 39,61,0,Cincinnati Bengals,Jacksonville Jaguars,3,3,7.5,92.5,343.0,23.0,366.0,205.0,113.0,318.0,game,Spread,Jacksonville Jaguars,,-2.5,kalshi,-1012,—,—,,0,,miss,,,,—,,
2026-10-04T20:01:41.654341+00:00,nfl,2026,4,401872969,4018729691260,2,9:21,B.Tuten left end to JAX 41 for 2 yards (P.Jules).,1,10,JAX 39,61,0,Cincinnati Bengals,Jacksonville Jaguars,3,3,7.5,92.5,343.0,23.0,366.0,205.0,113.0,318.0,game,Spread,Cincinnati Bengals,,2.5,kalshi,614,—,—,,0,,hit,,,,—,,
2026-10-04T20:01:41.654341+00:00,nfl,2026,4,401872969,4018729691260,2,9:21,B.Tuten left end to JAX 41 for 2 yards (P.Jules).,1,10,JAX 39,61,0,Cincinnati Bengals,Jacksonville Jaguars,3,3,7.5,92.5,343.0,23.0,366.0,205.0,113.0,318.0,game,Total,Over,,40.5,kalshi,566,—,—,,6.0,,miss,,,,—,,
2026-10-04T20:01:41.654341+00:00,nfl,2026,4,401872969,4018729691260,2,9:21,B.Tuten left end to JAX 41 for 2 yards (P.Jules).,1,10,JAX 39,61,0,Cincinnati Bengals,Jacksonville Jaguars,3,3,7.5,92.5,343.0,23.0,366.0,205.0,113.0,318.0,game,Total,Under,,40.5,kalshi,-810,—,—,,6.0,,hit,,,,—,,
2026-10-04T20:01:41.654341+00:00,nfl,2026,4,401872969,4018729691260,2,9:21,B.Tuten left end to JAX 41 for 2 yards (P.Jules).,1,10,JAX 39,61,0,Cincinnati Bengals,Jacksonville Jaguars,3,3,7.5,92.5,343.0,23.0,366.0,205.0,113.0,318.0,game,ML,Jacksonville Jaguars,,,polymarket,-670,—,—,,Loss,,miss,,,,—,,
2026-10-04T20:01:41.654341+00:00,nfl,2026,4,401872969,4018729691260,2,9:21,B.Tuten left end to JAX 41 for 2 yards (P.Jules).,1,10,JAX 39,61,0,Cincinnati Bengals,Jacksonville Jaguars,3,3,7.5,92.5,343.0,23.0,366.0,205.0,113.0,318.0,game,ML,Cincinnati Bengals,,,bet365,850,—,—,,Loss,,miss,,,,—,,
2026-10-04T20:01:41.654341+00:00,nfl,2026,4,401872969,4018729691282,2,8:38,(Shotgun) T.Lawrence pass short right to N.Boerkircher to CIN 44 for 15 yards (B.Carter; O.Burks).,2,8,JAX 41,59,0,Cincinnati Bengals,Jacksonville Jaguars,3,3,7.5,92.5,343.0,23.0,366.0,205.0,113.0,318.0,game,Spread,Jacksonville Jaguars,,-2.5,kalshi,-1012,—,—,,0,,miss,,,,—,,
2026-10-04T20:01:41.654341+00:00,nfl,2026,4,401872969,4018729691282,2,8:38,(Shotgun) T.Lawrence pass short right to N.Boerkircher to CIN 44 for 15 yards (B.Carter; O.Burks).,2,8,JAX 41,59,0,Cincinnati Bengals,Jacksonville Jaguars,3,3,7.5,92.5,343.0,23.0,366.0,205.0,113.0,318.0,game,Spread,Cincinnati Bengals,,2.5,kalshi,614,—,—,,0,,hit,,,,—,,
2026-10-04T20:01:41.654341+00:00,nfl,2026,4,401872969,4018729691282,2,8:38,(Shotgun) T.Lawrence pass short right to N.Boerkircher to CIN 44 for 15 yards (B.Carter; O.Burks).,2,8,JAX 41,59,0,Cincinnati Bengals,Jacksonville Jaguars,3,3,7.5,92.5,343.0,23.0,366.0,205.0,113.0,318.0,game,Total,Over,,40.5,kalshi,566,—,—,,6.0,,miss,,,,—,,
2026-10-04T20:01:41.654341+00:00,nfl,2026,4,401872969,4018729691282,2,8:38,(Shotgun) T.Lawrence pass short right to N.Boerkircher to CIN 44 for 15 yards (B.Carter; O.Burks).,2,8,JAX 41,59,0,Cincinnati Bengals,Jacksonville Jaguars,3,3,7.5,92.5,343.0,23.0,366.0,205.0,113.0,318.0,game,Total,Under,,40.5,kalshi,-810,—,—,,6.0,,hit,,,,—,,
2026-10-04T20:01:41.654341+00:00,nfl,2026,4,401872969,4018729691282,2,8:38,(Shotgun) T.Lawrence pass short right to N.Boerkircher to CIN 44 for 15 yards (B.Carter; O.Burks).,2,8,JAX 41,59,0,Cincinnati Bengals,Jacksonville Jaguars,3,3,7.5,92.5,343.0,23.0,366.0,205.0,113.0,318.0,game,ML,Jacksonville Jaguars,,,polymarket,-670,—,—,,Loss,,miss,,,,—,,
2026-10-04T20:01:41.654341+00:00,nfl,2026,4,401872969,4018729691282,2,8:38,(Shotgun) T.Lawrence pass short right to N.Boerkircher to CIN 44 for 15 yards (B.Carter; O.Burks).,2,8,JAX 41,59,0,Cincinnati Bengals,Jacksonville Jaguars,3,3,7.5,92.5,343.0,23.0,366.0,205.0,113.0,318.0,game,ML,Cincinnati Bengals,,,bet365,850,—,—,,Loss,,miss,,,,—,,
2026-10-04T20:01:41.654341+00:00,nfl,2026,4,401872969,4018729691307,2,7:51,"B.Tuten right guard for 44 yards, TOUCHDOWN NULLIFIED by Penalty.PENALTY on JAX-E.Cleveland, Offensive Holding, 10 yards, enforced at CIN 39.",1,10,CIN 44,44,0,Cincinnati Bengals,Jacksonville Jaguars,3,3,7.5,92.5,343.0,23.0,366.0,205.0,113.0,318.0,game,Spread,Jacksonville Jaguars,,-2.5,kalshi,-1012,—,—,,0,,miss,,,,—,,
2026-10-04T20:01:41.654341+00:00,nfl,2026,4,401872969,4018729691307,2,7:51,"B.Tuten right guard for 44 yards, TOUCHDOWN NULLIFIED by Penalty.PENALTY on JAX-E.Cleveland, Offensive Holding, 10 yards, enforced at CIN 39.",1,10,CIN 44,44,0,Cincinnati Bengals,Jacksonville Jaguars,3,3,7.5,92.5,343.0,23.0,366.0,205.0,113.0,318.0,game,Spread,Cincinnati Bengals,,2.5,kalshi,614,—,—,,0,,hit,,,,—,,
2026-10-04T20:01:41.654341+00:00,nfl,2026,4,401872969,4018729691307,2,7:51,"B.Tuten right guard for 44 yards, TOUCHDOWN NULLIFIED by Penalty.PENALTY on JAX-E.Cleveland, Offensive Holding, 10 yards, enforced at CIN 39.",1,10,CIN 44,44,0,Cincinnati Bengals,Jacksonville Jaguars,3,3,7.5,92.5,343.0,23.0,366.0,205.0,113.0,318.0,game,Total,Over,,40.5,kalshi,566,—,—,,6.0,,miss,,,,—,,
2026-10-04T20:01:41.654341+00:00,nfl,2026,4,401872969,4018729691307,2,7:51,"B.Tuten right guard for 44 yards, TOUCHDOWN NULLIFIED by Penalty.PENALTY on JAX-E.Cleveland, Offensive Holding, 10 yards, enforced at CIN 39.",1,10,CIN 44,44,0,Cincinnati Bengals,Jacksonville Jaguars,3,3,7.5,92.5,343.0,23.0,366.0,205.0,113.0,318.0,game,Total,Under,,40.5,kalshi,-810,—,—,,6.0,,hit,,,,—,,
2026-10-04T20:01:41.654341+00:00,nfl,2026,4,401872969,4018729691307,2,7:51,"B.Tuten right guard for 44 yards, TOUCHDOWN NULLIFIED by Penalty.PENALTY on JAX-E.Cleveland, Offensive Holding, 10 yards, enforced at CIN 39.",1,10,CIN 44,44,0,Cincinnati Bengals,Jacksonville Jaguars,3,3,7.5,92.5,343.0,23.0,366.0,205.0,113.0,318.0,game,ML,Jacksonville Jaguars,,,polymarket,-670,—,—,,Loss,,miss,,,,—,,
2026-10-04T20:01:41.654341+00:00,nfl,2026,4,401872969,4018729691307,2,7:51,"B.Tuten right guard for 44 yards, TOUCHDOWN NULLIFIED by Penalty.PENALTY on JAX-E.Cleveland, Offensive Holding, 10 yards, enforced at CIN 39.",1,10,CIN 44,44,0,Cincinnati Bengals,Jacksonville Jaguars,3,3,7.5,92.5,343.0,23.0,366.0,205.0,113.0,318.0,game,ML,Cincinnati Bengals,,,bet365,850,—,—,,Loss,,miss,,,,—,,
2026-10-04T20:01:41.654341+00:00,nfl,2026,4,401872969,4018729691341,2,7:42,(Shotgun) T.Lawrence pass short left to Bri.Thomas pushed ob at CIN 39 for 10 yards (D.Turner).,1,15,CIN 49,49,0,Cincinnati Bengals,Jacksonville Jaguars,3,3,7.5,92.5,343.0,23.0,366.0,205.0,113.0,318.0,game,Spread,Jacksonville Jaguars,,-2.5,kalshi,-1012,—,—,,0,,miss,,,,—,,
2026-10-04T20:01:41.654341+00:00,nfl,2026,4,401872969,4018729691341,2,7:42,(Shotgun) T.Lawrence pass short left to Bri.Thomas pushed ob at CIN 39 for 10 yards (D.Turner).,1,15,CIN 49,49,0,Cincinnati Bengals,Jacksonville Jaguars,3,3,7.5,92.5,343.0,23.0,366.0,205.0,113.0,318.0,game,Spread,Cincinnati Bengals,,2.5,kalshi,614,—,—,,0,,hit,,,,—,,
2026-10-04T20:01:41.654341+00:00,nfl,2026,4,401872969,4018729691341,2,7:42,(Shotgun) T.Lawrence pass short left to Bri.Thomas pushed ob at CIN 39 for 10 yards (D.Turner).,1,15,CIN 49,49,0,Cincinnati Bengals,Jacksonville Jaguars,3,3,7.5,92.5,343.0,23.0,366.0,205.0,113.0,318.0,game,Total,Over,,40.5,kalshi,566,—,—,,6.0,,miss,,,,—,,
2026-10-04T20:01:41.654341+00:00,nfl,2026,4,401872969,4018729691341,2,7:42,(Shotgun) T.Lawrence pass short left to Bri.Thomas pushed ob at CIN 39 for 10 yards (D.Turner).,1,15,CIN 49,49,0,Cincinnati Bengals,Jacksonville Jaguars,3,3,7.5,92.5,343.0,23.0,366.0,205.0,113.0,318.0,game,Total,Under,,40.5,kalshi,-810,—,—,,6.0,,hit,,,,—,,
2026-10-04T20:01:41.654341+00:00,nfl,2026,4,401872969,4018729691341,2,7:42,(Shotgun) T.Lawrence pass short left to Bri.Thomas pushed ob at CIN 39 for 10 yards (D.Turner).,1,15,CIN 49,49,0,Cincinnati Bengals,Jacksonville Jaguars,3,3,7.5,92.5,343.0,23.0,366.0,205.0,113.0,318.0,game,ML,Jacksonville Jaguars,,,polymarket,-670,—,—,,Loss,,miss,,,,—,,
2026-10-04T20:01:41.654341+00:00,nfl,2026,4,401872969,4018729691341,2,7:42,(Shotgun) T.Lawrence pass short left to Bri.Thomas pushed ob at CIN 39 for 10 yards (D.Turner).,1,15,CIN 49,49,0,Cincinnati Bengals,Jacksonville Jaguars,3,3,7.5,92.5,343.0,23.0,366.0,205.0,113.0,318.0,game,ML,Cincinnati Bengals,,,bet365,850,—,—,,Loss,,miss,,,,—,,
2026-10-04T20:01:41.654341+00:00,nfl,2026,4,401872969,4018729691371,2,7:09,(Shotgun) C.Rodriguez right tackle to CIN 38 for 1 yard (J.Battle).,2,5,CIN 39,39,0,Cincinnati Bengals,Jacksonville Jaguars,3,3,7.5,92.5,343.0,23.0,366.0,205.0,113.0,318.0,game,Spread,Jacksonville Jaguars,,-2.5,kalshi,-1012,—,—,,0,,miss,,,,—,,
2026-10-04T20:01:41.654341+00:00,nfl,2026,4,401872969,4018729691371,2,7:09,(Shotgun) C.Rodriguez right tackle to CIN 38 for 1 yard (J.Battle).,2,5,CIN 39,39,0,Cincinnati Bengals,Jacksonville Jaguars,3,3,7.5,92.5,343.0,23.0,366.0,205.0,113.0,318.0,game,Spread,Cincinnati Bengals,,2.5,kalshi,614,—,—,,0,,hit,,,,—,,
2026-10-04T20:01:41.654341+00:00,nfl,2026,4,401872969,4018729691371,2,7:09,(Shotgun) C.Rodriguez right tackle to CIN 38 for 1 yard (J.Battle).,2,5,CIN 39,39,0,Cincinnati Bengals,Jacksonville Jaguars,3,3,7.5,92.5,343.0,23.0,366.0,205.0,113.0,318.0,game,Total,Over,,40.5,kalshi,566,—,—,,6.0,,miss,,,,—,,
2026-10-04T20:01:41.654341+00:00,nfl,2026,4,401872969,4018729691371,2,7:09,(Shotgun) C.Rodriguez right tackle to CIN 38 for 1 yard (J.Battle).,2,5,CIN 39,39,0,Cincinnati Bengals,Jacksonville Jaguars,3,3,7.5,92.5,343.0,23.0,366.0,205.0,113.0,318.0,game,Total,Under,,40.5,kalshi,-810,—,—,,6.0,,hit,,,,—,,
2026-10-04T20:01:41.654341+00:00,nfl,2026,4,401872969,4018729691371,2,7:09,(Shotgun) C.Rodriguez right tackle to CIN 38 for 1 yard (J.Battle).,2,5,CIN 39,39,0,Cincinnati Bengals,Jacksonville Jaguars,3,3,7.5,92.5,343.0,23.0,366.0,205.0,113.0,318.0,game,ML,Jacksonville Jaguars,,,polymarket,-670,—,—,,Loss,,miss,,,,—,,
2026-10-04T20:01:41.654341+00:00,nfl,2026,4,401872969,4018729691371,2,7:09,(Shotgun) C.Rodriguez right tackle to CIN 38 for 1 yard (J.Battle).,2,5,CIN 39,39,0,Cincinnati Bengals,Jacksonville Jaguars,3,3,7.5,92.5,343.0,23.0,366.0,205.0,113.0,318.0,game,ML,Cincinnati Bengals,,,bet365,850,—,—,,Loss,,miss,,,,—,,
2026-10-04T20:01:41.654341+00:00,nfl,2026,4,401872969,4018729691393,2,6:26,(Shotgun) C.Rodriguez up the middle to CIN 32 for 6 yards (B.Mafe; B.Carter).,3,4,CIN 38,38,0,Cincinnati Bengals,Jacksonville Jaguars,3,3,7.5,92.5,343.0,23.0,366.0,205.0,113.0,318.0,game,Spread,Jacksonville Jaguars,,-2.5,kalshi,-1012,—,—,,0,,miss,,,,—,,
2026-10-04T20:01:41.654341+00:00,nfl,2026,4,401872969,4018729691393,2,6:26,(Shotgun) C.Rodriguez up the middle to CIN 32 for 6 yards (B.Mafe; B.Carter).,3,4,CIN 38,38,0,Cincinnati Bengals,Jacksonville Jaguars,3,3,7.5,92.5,343.0,23.0,366.0,205.0,113.0,318.0,game,Spread,Cincinnati Bengals,,2.5,kalshi,614,—,—,,0,,hit,,,,—,,
2026-10-04T20:01:41.654341+00:00,nfl,2026,4,401872969,4018729691393,2,6:26,(Shotgun) C.Rodriguez up the middle to CIN 32 for 6 yards (B.Mafe; B.Carter).,3,4,CIN 38,38,0,Cincinnati Bengals,Jacksonville Jaguars,3,3,7.5,92.5,343.0,23.0,366.0,205.0,113.0,318.0,game,Total,Over,,40.5,kalshi,566,—,—,,6.0,,miss,,,,—,,
2026-10-04T20:01:41.654341+00:00,nfl,2026,4,401872969,4018729691393,2,6:26,(Shotgun) C.Rodriguez up the middle to CIN 32 for 6 yards (B.Mafe; B.Carter).,3,4,CIN 38,38,0,Cincinnati Bengals,Jacksonville Jaguars,3,3,7.5,92.5,343.0,23.0,366.0,205.0,113.0,318.0,game,Total,Under,,40.5,kalshi,-810,—,—,,6.0,,hit,,,,—,,
2026-10-04T20:01:41.654341+00:00,nfl,2026,4,401872969,4018729691393,2,6:26,(Shotgun) C.Rodriguez up the middle to CIN 32 for 6 yards (B.Mafe; B.Carter).,3,4,CIN 38,38,0,Cincinnati Bengals,Jacksonville Jaguars,3,3,7.5,92.5,343.0,23.0,366.0,205.0,113.0,318.0,game,ML,Jacksonville Jaguars,,,polymarket,-670,—,—,,Loss,,miss,,,,—,,
2026-10-04T20:01:41.654341+00:00,nfl,2026,4,401872969,4018729691393,2,6:26,(Shotgun) C.Rodriguez up the middle to CIN 32 for 6 yards (B.Mafe; B.Carter).,3,4,CIN 38,38,0,Cincinnati Bengals,Jacksonville Jaguars,3,3,7.5,92.5,343.0,23.0,366.0,205.0,113.0,318.0,game,ML,Cincinnati Bengals,,,bet365,850,—,—,,Loss,,miss,,,,—,,
2026-10-04T20:01:41.654341+00:00,nfl,2026,4,401872969,4018729691415,2,5:49,T.Lawrence pass short right to J.Cameron pushed ob at CIN 3 for 29 yards (O.Burks).,1,10,CIN 32,32,0,Cincinnati Bengals,Jacksonville Jaguars,3,3,7.5,92.5,343.0,23.0,366.0,205.0,113.0,318.0,game,Spread,Jacksonville Jaguars,,-2.5,kalshi,-1012,—,—,,0,,miss,,,,—,,
2026-10-04T20:01:41.654341+00:00,nfl,2026,4,401872969,4018729691415,2,5:49,T.Lawrence pass short right to J.Cameron pushed ob at CIN 3 for 29 yards (O.Burks).,1,10,CIN 32,32,0,Cincinnati Bengals,Jacksonville Jaguars,3,3,7.5,92.5,343.0,23.0,366.0,205.0,113.0,318.0,game,Spread,Cincinnati Bengals,,2.5,kalshi,614,—,—,,0,,hit,,,,—,,
2026-10-04T20:01:41.654341+00:00,nfl,2026,4,401872969,4018729691415,2,5:49,T.Lawrence pass short right to J.Cameron pushed ob at CIN 3 for 29 yards (O.Burks).,1,10,CIN 32,32,0,Cincinnati Bengals,Jacksonville Jaguars,3,3,7.5,92.5,343.0,23.0,366.0,205.0,113.0,318.0,game,Total,Over,,40.5,kalshi,566,—,—,,6.0,,miss,,,,—,,
2026-10-04T20:01:41.654341+00:00,nfl,2026,4,401872969,4018729691415,2,5:49,T.Lawrence pass short right to J.Cameron pushed ob at CIN 3 for 29 yards (O.Burks).,1,10,CIN 32,32,0,Cincinnati Bengals,Jacksonville Jaguars,3,3,7.5,92.5,343.0,23.0,366.0,205.0,113.0,318.0,game,Total,Under,,40.5,kalshi,-810,—,—,,6.0,,hit,,,,—,,
2026-10-04T20:01:41.654341+00:00,nfl,2026,4,401872969,4018729691415,2,5:49,T.Lawrence pass short right to J.Cameron pushed ob at CIN 3 for 29 yards (O.Burks).,1,10,CIN 32,32,0,Cincinnati Bengals,Jacksonville Jaguars,3,3,7.5,92.5,343.0,23.0,366.0,205.0,113.0,318.0,game,ML,Jacksonville Jaguars,,,polymarket,-670,—,—,,Loss,,miss,,,,—,,
2026-10-04T20:01:41.654341+00:00,nfl,2026,4,401872969,4018729691415,2,5:49,T.Lawrence pass short right to J.Cameron pushed ob at CIN 3 for 29 yards (O.Burks).,1,10,CIN 32,32,0,Cincinnati Bengals,Jacksonville Jaguars,3,3,7.5,92.5,343.0,23.0,366.0,205.0,113.0,318.0,game,ML,Cincinnati Bengals,,,bet365,850,—,—,,Loss,,miss,,,,—,,
2026-10-04T20:01:41.654341+00:00,nfl,2026,4,401872969,4018729691450,2,5:10,"T.Lawrence pass incomplete short middle.PENALTY on JAX-R.Hainsey, Offensive Holding, 10 yards, enforced at CIN 3 - No Play.",1,3,CIN 3,3,0,Cincinnati Bengals,Jacksonville Jaguars,3,3,7.5,92.5,343.0,23.0,366.0,205.0,113.0,318.0,game,Spread,Jacksonville Jaguars,,-2.5,kalshi,-1012,—,—,,0,,miss,,,,—,,
2026-10-04T20:01:41.654341+00:00,nfl,2026,4,401872969,4018729691450,2,5:10,"T.Lawrence pass incomplete short middle.PENALTY on JAX-R.Hainsey, Offensive Holding, 10 yards, enforced at CIN 3 - No Play.",1,3,CIN 3,3,0,Cincinnati Bengals,Jacksonville Jaguars,3,3,7.5,92.5,343.0,23.0,366.0,205.0,113.0,318.0,game,Spread,Cincinnati Bengals,,2.5,kalshi,614,—,—,,0,,hit,,,,—,,
2026-10-04T20:01:41.654341+00:00,nfl,2026,4,401872969,4018729691450,2,5:10,"T.Lawrence pass incomplete short middle.PENALTY on JAX-R.Hainsey, Offensive Holding, 10 yards, enforced at CIN 3 - No Play.",1,3,CIN 3,3,0,Cincinnati Bengals,Jacksonville Jaguars,3,3,7.5,92.5,343.0,23.0,366.0,205.0,113.0,318.0,game,Total,Over,,40.5,kalshi,566,—,—,,6.0,,miss,,,,—,,
2026-10-04T20:01:41.654341+00:00,nfl,2026,4,401872969,4018729691450,2,5:10,"T.Lawrence pass incomplete short middle.PENALTY on JAX-R.Hainsey, Offensive Holding, 10 yards, enforced at CIN 3 - No Play.",1,3,CIN 3,3,0,Cincinnati Bengals,Jacksonville Jaguars,3,3,7.5,92.5,343.0,23.0,366.0,205.0,113.0,318.0,game,Total,Under,,40.5,kalshi,-810,—,—,,6.0,,hit,,,,—,,
2026-10-04T20:01:41.654341+00:00,nfl,2026,4,401872969,4018729691450,2,5:10,"T.Lawrence pass incomplete short middle.PENALTY on JAX-R.Hainsey, Offensive Holding, 10 yards, enforced at CIN 3 - No Play.",1,3,CIN 3,3,0,Cincinnati Bengals,Jacksonville Jaguars,3,3,7.5,92.5,343.0,23.0,366.0,205.0,113.0,318.0,game,ML,Jacksonville Jaguars,,,polymarket,-670,—,—,,Loss,,miss,,,,—,,
2026-10-04T20:01:41.654341+00:00,nfl,2026,4,401872969,4018729691450,2,5:10,"T.Lawrence pass incomplete short middle.PENALTY on JAX-R.Hainsey, Offensive Holding, 10 yards, enforced at CIN 3 - No Play.",1,3,CIN 3,3,0,Cincinnati Bengals,Jacksonville Jaguars,3,3,7.5,92.5,343.0,23.0,366.0,205.0,113.0,318.0,game,ML,Cincinnati Bengals,,,bet365,850,—,—,,Loss,,miss,,,,—,,
2026-10-04T20:01:41.654341+00:00,nfl,2026,4,401872969,4018729691484,2,5:05,(Shotgun) C.Rodriguez up the middle to CIN 10 for 3 yards (O.Burks).,1,13,CIN 13,13,0,Cincinnati Bengals,Jacksonville Jaguars,3,3,7.5,92.5,343.0,23.0,366.0,205.0,113.0,318.0,game,Spread,Jacksonville Jaguars,,-2.5,kalshi,-1012,—,—,,0,,miss,,,,—,,
2026-10-04T20:01:41.654341+00:00,nfl,2026,4,401872969,4018729691484,2,5:05,(Shotgun) C.Rodriguez up the middle to CIN 10 for 3 yards (O.Burks).,1,13,CIN 13,13,0,Cincinnati Bengals,Jacksonville Jaguars,3,3,7.5,92.5,343.0,23.0,366.0,205.0,113.0,318.0,game,Spread,Cincinnati Bengals,,2.5,kalshi,614,—,—,,0,,hit,,,,—,,
2026-10-04T20:01:41.654341+00:00,nfl,2026,4,401872969,4018729691484,2,5:05,(Shotgun) C.Rodriguez up the middle to CIN 10 for 3 yards (O.Burks).,1,13,CIN 13,13,0,Cincinnati Bengals,Jacksonville Jaguars,3,3,7.5,92.5,343.0,23.0,366.0,205.0,113.0,318.0,game,Total,Over,,40.5,kalshi,566,—,—,,6.0,,miss,,,,—,,
2026-10-04T20:01:41.654341+00:00,nfl,2026,4,401872969,4018729691484,2,5:05,(Shotgun) C.Rodriguez up the middle to CIN 10 for 3 yards (O.Burks).,1,13,CIN 13,13,0,Cincinnati Bengals,Jacksonville Jaguars,3,3,7.5,92.5,343.0,23.0,366.0,205.0,113.0,318.0,game,Total,Under,,40.5,kalshi,-810,—,—,,6.0,,hit,,,,—,,
2026-10-04T20:01:41.654341+00:00,nfl,2026,4,401872969,4018729691484,2,5:05,(Shotgun) C.Rodriguez up the middle to CIN 10 for 3 yards (O.Burks).,1,13,CIN 13,13,0,Cincinnati Bengals,Jacksonville Jaguars,3,3,7.5,92.5,343.0,23.0,366.0,205.0,113.0,318.0,game,ML,Jacksonville Jaguars,,,polymarket,-670,—,—,,Loss,,miss,,,,—,,
2026-10-04T20:01:41.654341+00:00,nfl,2026,4,401872969,4018729691484,2,5:05,(Shotgun) C.Rodriguez up the middle to CIN 10 for 3 yards (O.Burks).,1,13,CIN 13,13,0,Cincinnati Bengals,Jacksonville Jaguars,3,3,7.5,92.5,343.0,23.0,366.0,205.0,113.0,318.0,game,ML,Cincinnati Bengals,,,bet365,850,—,—,,Loss,,miss,,,,—,,
2026-10-04T20:01:41.654341+00:00,nfl,2026,4,401872969,4018729691506,2,4:28,(Shotgun) T.Lawrence pass incomplete short middle to P.Washington (B.Carter) [D.Lawrence].,2,10,CIN 10,10,0,Cincinnati Bengals,Jacksonville Jaguars,3,3,7.5,92.5,343.0,23.0,366.0,205.0,113.0,318.0,game,Spread,Jacksonville Jaguars,,-2.5,kalshi,-1012,—,—,,0,,miss,,,,—,,
2026-10-04T20:01:41.654341+00:00,nfl,2026,4,401872969,4018729691506,2,4:28,(Shotgun) T.Lawrence pass incomplete short middle to P.Washington (B.Carter) [D.Lawrence].,2,10,CIN 10,10,0,Cincinnati Bengals,Jacksonville Jaguars,3,3,7.5,92.5,343.0,23.0,366.0,205.0,113.0,318.0,game,Spread,Cincinnati Bengals,,2.5,kalshi,614,—,—,,0,,hit,,,,—,,
2026-10-04T20:01:41.654341+00:00,nfl,2026,4,401872969,4018729691506,2,4:28,(Shotgun) T.Lawrence pass incomplete short middle to P.Washington (B.Carter) [D.Lawrence].,2,10,CIN 10,10,0,Cincinnati Bengals,Jacksonville Jaguars,3,3,7.5,92.5,343.0,23.0,366.0,205.0,113.0,318.0,game,Total,Over,,40.5,kalshi,566,—,—,,6.0,,miss,,,,—,,
2026-10-04T20:01:41.654341+00:00,nfl,2026,4,401872969,4018729691506,2,4:28,(Shotgun) T.Lawrence pass incomplete short middle to P.Washington (B.Carter) [D.Lawrence].,2,10,CIN 10,10,0,Cincinnati Bengals,Jacksonville Jaguars,3,3,7.5,92.5,343.0,23.0,366.0,205.0,113.0,318.0,game,Total,Under,,40.5,kalshi,-810,—,—,,6.0,,hit,,,,—,,
2026-10-04T20:01:41.654341+00:00,nfl,2026,4,401872969,4018729691506,2,4:28,(Shotgun) T.Lawrence pass incomplete short middle to P.Washington (B.Carter) [D.Lawrence].,2,10,CIN 10,10,0,Cincinnati Bengals,Jacksonville Jaguars,3,3,7.5,92.5,343.0,23.0,366.0,205.0,113.0,318.0,game,ML,Jacksonville Jaguars,,,polymarket,-670,—,—,,Loss,,miss,,,,—,,
2026-10-04T20:01:41.654341+00:00,nfl,2026,4,401872969,4018729691506,2,4:28,(Shotgun) T.Lawrence pass incomplete short middle to P.Washington (B.Carter) [D.Lawrence].,2,10,CIN 10,10,0,Cincinnati Bengals,Jacksonville Jaguars,3,3,7.5,92.5,343.0,23.0,366.0,205.0,113.0,318.0,game,ML,Cincinnati Bengals,,,bet365,850,—,—,,Loss,,miss,,,,—,,
2026-10-04T20:01:41.654341+00:00,nfl,2026,4,401872969,4018729691529,2,4:23,(Shotgun) T.Lawrence pass incomplete short left to J.Meyers (D.Ivey) [J.Allen].,3,10,CIN 10,10,0,Cincinnati Bengals,Jacksonville Jaguars,3,3,7.5,92.5,343.0,23.0,366.0,205.0,113.0,318.0,game,Spread,Jacksonville Jaguars,,-2.5,kalshi,-1012,—,—,,0,,miss,,,,—,,
2026-10-04T20:01:41.654341+00:00,nfl,2026,4,401872969,4018729691529,2,4:23,(Shotgun) T.Lawrence pass incomplete short left to J.Meyers (D.Ivey) [J.Allen].,3,10,CIN 10,10,0,Cincinnati Bengals,Jacksonville Jaguars,3,3,7.5,92.5,343.0,23.0,366.0,205.0,113.0,318.0,game,Spread,Cincinnati Bengals,,2.5,kalshi,614,—,—,,0,,hit,,,,—,,
2026-10-04T20:01:41.654341+00:00,nfl,2026,4,401872969,4018729691529,2,4:23,(Shotgun) T.Lawrence pass incomplete short left to J.Meyers (D.Ivey) [J.Allen].,3,10,CIN 10,10,0,Cincinnati Bengals,Jacksonville Jaguars,3,3,7.5,92.5,343.0,23.0,366.0,205.0,113.0,318.0,game,Total,Over,,40.5,kalshi,566,—,—,,6.0,,miss,,,,—,,
2026-10-04T20:01:41.654341+00:00,nfl,2026,4,401872969,4018729691529,2,4:23,(Shotgun) T.Lawrence pass incomplete short left to J.Meyers (D.Ivey) [J.Allen].,3,10,CIN 10,10,0,Cincinnati Bengals,Jacksonville Jaguars,3,3,7.5,92.5,343.0,23.0,366.0,205.0,113.0,318.0,game,Total,Under,,40.5,kalshi,-810,—,—,,6.0,,hit,,,,—,,
2026-10-04T20:01:41.654341+00:00,nfl,2026,4,401872969,4018729691529,2,4:23,(Shotgun) T.Lawrence pass incomplete short left to J.Meyers (D.Ivey) [J.Allen].,3,10,CIN 10,10,0,Cincinnati Bengals,Jacksonville Jaguars,3,3,7.5,92.5,343.0,23.0,366.0,205.0,113.0,318.0,game,ML,Jacksonville Jaguars,,,polymarket,-670,—,—,,Loss,,miss,,,,—,,
2026-10-04T20:01:41.654341+00:00,nfl,2026,4,401872969,4018729691529,2,4:23,(Shotgun) T.Lawrence pass incomplete short left to J.Meyers (D.Ivey) [J.Allen].,3,10,CIN 10,10,0,Cincinnati Bengals,Jacksonville Jaguars,3,3,7.5,92.5,343.0,23.0,366.0,205.0,113.0,318.0,game,ML,Cincinnati Bengals,,,bet365,850,—,—,,Loss,,miss,,,,—,,
2026-10-04T20:01:41.654341+00:00,nfl,2026,4,401872969,4018729691562,2,4:16,Official Timeout at 04:16.,-1,10,JAX 35,65,-3,Cincinnati Bengals,Jacksonville Jaguars,3,6,7.5,92.5,343.0,23.0,366.0,205.0,113.0,318.0,game,Spread,Jacksonville Jaguars,,-2.5,kalshi,-1012,—,—,,-3,,hit,,,,—,,
2026-10-04T20:01:41.654341+00:00,nfl,2026,4,401872969,4018729691562,2,4:16,Official Timeout at 04:16.,-1,10,JAX 35,65,-3,Cincinnati Bengals,Jacksonville Jaguars,3,6,7.5,92.5,343.0,23.0,366.0,205.0,113.0,318.0,game,Spread,Cincinnati Bengals,,2.5,kalshi,614,—,—,,-3,,miss,,,,—,,
2026-10-04T20:01:41.654341+00:00,nfl,2026,4,401872969,4018729691562,2,4:16,Official Timeout at 04:16.,-1,10,JAX 35,65,-3,Cincinnati Bengals,Jacksonville Jaguars,3,6,7.5,92.5,343.0,23.0,366.0,205.0,113.0,318.0,game,Total,Over,,40.5,kalshi,566,—,—,,9.0,,miss,,,,—,,
2026-10-04T20:01:41.654341+00:00,nfl,2026,4,401872969,4018729691562,2,4:16,Official Timeout at 04:16.,-1,10,JAX 35,65,-3,Cincinnati Bengals,Jacksonville Jaguars,3,6,7.5,92.5,343.0,23.0,366.0,205.0,113.0,318.0,game,Total,Under,,40.5,kalshi,-810,—,—,,9.0,,hit,,,,—,,
2026-10-04T20:01:41.654341+00:00,nfl,2026,4,401872969,4018729691562,2,4:16,Official Timeout at 04:16.,-1,10,JAX 35,65,-3,Cincinnati Bengals,Jacksonville Jaguars,3,6,7.5,92.5,343.0,23.0,366.0,205.0,113.0,318.0,game,ML,Jacksonville Jaguars,,,polymarket,-670,—,—,,Win,,hit,,,,—,,
2026-10-04T20:01:41.654341+00:00,nfl,2026,4,401872969,4018729691562,2,4:16,Official Timeout at 04:16.,-1,10,JAX 35,65,-3,Cincinnati Bengals,Jacksonville Jaguars,3,6,7.5,92.5,343.0,23.0,366.0,205.0,113.0,318.0,game,ML,Cincinnati Bengals,,,bet365,850,—,—,,Loss,,miss,,,,—,,
2026-10-04T20:01:41.654341+00:00,nfl,2026,4,401872969,4018729691552,2,4:16," C.Little 28 yard field goal is GOOD, Center-R.Matiscik, Holder-L.Cooke.",4,10,CIN 10,10,-3,Cincinnati Bengals,Jacksonville Jaguars,3,6,7.5,92.5,343.0,23.0,366.0,205.0,113.0,318.0,game,Spread,Jacksonville Jaguars,,-2.5,kalshi,-1012,—,—,,-3,,hit,,,,—,,
2026-10-04T20:01:41.654341+00:00,nfl,2026,4,401872969,4018729691552,2,4:16," C.Little 28 yard field goal is GOOD, Center-R.Matiscik, Holder-L.Cooke.",4,10,CIN 10,10,-3,Cincinnati Bengals,Jacksonville Jaguars,3,6,7.5,92.5,343.0,23.0,366.0,205.0,113.0,318.0,game,Spread,Cincinnati Bengals,,2.5,kalshi,614,—,—,,-3,,miss,,,,—,,
2026-10-04T20:01:41.654341+00:00,nfl,2026,4,401872969,4018729691552,2,4:16," C.Little 28 yard field goal is GOOD, Center-R.Matiscik, Holder-L.Cooke.",4,10,CIN 10,10,-3,Cincinnati Bengals,Jacksonville Jaguars,3,6,7.5,92.5,343.0,23.0,366.0,205.0,113.0,318.0,game,Total,Over,,40.5,kalshi,566,—,—,,9.0,,miss,,,,—,,
2026-10-04T20:01:41.654341+00:00,nfl,2026,4,401872969,4018729691552,2,4:16," C.Little 28 yard field goal is GOOD, Center-R.Matiscik, Holder-L.Cooke.",4,10,CIN 10,10,-3,Cincinnati Bengals,Jacksonville Jaguars,3,6,7.5,92.5,343.0,23.0,366.0,205.0,113.0,318.0,game,Total,Under,,40.5,kalshi,-810,—,—,,9.0,,hit,,,,—,,
2026-10-04T20:01:41.654341+00:00,nfl,2026,4,401872969,4018729691552,2,4:16," C.Little 28 yard field goal is GOOD, Center-R.Matiscik, Holder-L.Cooke.",4,10,CIN 10,10,-3,Cincinnati Bengals,Jacksonville Jaguars,3,6,7.5,92.5,343.0,23.0,366.0,205.0,113.0,318.0,game,ML,Jacksonville Jaguars,,,polymarket,-670,—,—,,Win,,hit,,,,—,,
2026-10-04T20:01:41.654341+00:00,nfl,2026,4,401872969,4018729691552,2,4:16," C.Little 28 yard field goal is GOOD, Center-R.Matiscik, Holder-L.Cooke.",4,10,CIN 10,10,-3,Cincinnati Bengals,Jacksonville Jaguars,3,6,7.5,92.5,343.0,23.0,366.0,205.0,113.0,318.0,game,ML,Cincinnati Bengals,,,bet365,850,—,—,,Loss,,miss,,,,—,,
2026-10-04T20:01:41.654341+00:00,nfl,2026,4,401872969,4018729691572,2,4:16,C.Little kicks 59 yards from JAX 35 to CIN 6. D.Meyers to CIN 35 for 29 yards (Q.Morris).,3,10,JAX 45,65,-3,Cincinnati Bengals,Jacksonville Jaguars,3,6,7.5,92.5,343.0,23.0,366.0,205.0,113.0,318.0,game,Spread,Jacksonville Jaguars,,-2.5,kalshi,-1012,—,—,,-3,,hit,,,,—,,
2026-10-04T20:01:41.654341+00:00,nfl,2026,4,401872969,4018729691572,2,4:16,C.Little kicks 59 yards from JAX 35 to CIN 6. D.Meyers to CIN 35 for 29 yards (Q.Morris).,3,10,JAX 45,65,-3,Cincinnati Bengals,Jacksonville Jaguars,3,6,7.5,92.5,343.0,23.0,366.0,205.0,113.0,318.0,game,Spread,Cincinnati Bengals,,2.5,kalshi,614,—,—,,-3,,miss,,,,—,,
2026-10-04T20:01:41.654341+00:00,nfl,2026,4,401872969,4018729691572,2,4:16,C.Little kicks 59 yards from JAX 35 to CIN 6. D.Meyers to CIN 35 for 29 yards (Q.Morris).,3,10,JAX 45,65,-3,Cincinnati Bengals,Jacksonville Jaguars,3,6,7.5,92.5,343.0,23.0,366.0,205.0,113.0,318.0,game,Total,Over,,40.5,kalshi,566,—,—,,9.0,,miss,,,,—,,
2026-10-04T20:01:41.654341+00:00,nfl,2026,4,401872969,4018729691572,2,4:16,C.Little kicks 59 yards from JAX 35 to CIN 6. D.Meyers to CIN 35 for 29 yards (Q.Morris).,3,10,JAX 45,65,-3,Cincinnati Bengals,Jacksonville Jaguars,3,6,7.5,92.5,343.0,23.0,366.0,205.0,113.0,318.0,game,Total,Under,,40.5,kalshi,-810,—,—,,9.0,,hit,,,,—,,
2026-10-04T20:01:41.654341+00:00,nfl,2026,4,401872969,4018729691572,2,4:16,C.Little kicks 59 yards from JAX 35 to CIN 6. D.Meyers to CIN 35 for 29 yards (Q.Morris).,3,10,JAX 45,65,-3,Cincinnati Bengals,Jacksonville Jaguars,3,6,7.5,92.5,343.0,23.0,366.0,205.0,113.0,318.0,game,ML,Jacksonville Jaguars,,,polymarket,-670,—,—,,Win,,hit,,,,—,,
2026-10-04T20:01:41.654341+00:00,nfl,2026,4,401872969,4018729691572,2,4:16,C.Little kicks 59 yards from JAX 35 to CIN 6. D.Meyers to CIN 35 for 29 yards (Q.Morris).,3,10,JAX 45,65,-3,Cincinnati Bengals,Jacksonville Jaguars,3,6,7.5,92.5,343.0,23.0,366.0,205.0,113.0,318.0,game,ML,Cincinnati Bengals,,,bet365,850,—,—,,Loss,,miss,,,,—,,
2026-10-04T20:01:41.654341+00:00,nfl,2026,4,401872969,4018729691602,2,4:10,(Shotgun) C.Brown up the middle to CIN 41 for 6 yards (E.Murray; R.Orhorhoro).,1,10,CIN 35,35,-3,Cincinnati Bengals,Jacksonville Jaguars,3,6,7.5,92.5,343.0,23.0,366.0,205.0,113.0,318.0,game,Spread,Jacksonville Jaguars,,-2.5,kalshi,-1012,—,—,,-3,,hit,,,,—,,
2026-10-04T20:01:41.654341+00:00,nfl,2026,4,401872969,4018729691602,2,4:10,(Shotgun) C.Brown up the middle to CIN 41 for 6 yards (E.Murray; R.Orhorhoro).,1,10,CIN 35,35,-3,Cincinnati Bengals,Jacksonville Jaguars,3,6,7.5,92.5,343.0,23.0,366.0,205.0,113.0,318.0,game,Spread,Cincinnati Bengals,,2.5,kalshi,614,—,—,,-3,,miss,,,,—,,
2026-10-04T20:01:41.654341+00:00,nfl,2026,4,401872969,4018729691602,2,4:10,(Shotgun) C.Brown up the middle to CIN 41 for 6 yards (E.Murray; R.Orhorhoro).,1,10,CIN 35,35,-3,Cincinnati Bengals,Jacksonville Jaguars,3,6,7.5,92.5,343.0,23.0,366.0,205.0,113.0,318.0,game,Total,Over,,40.5,kalshi,566,—,—,,9.0,,miss,,,,—,,
2026-10-04T20:01:41.654341+00:00,nfl,2026,4,401872969,4018729691602,2,4:10,(Shotgun) C.Brown up the middle to CIN 41 for 6 yards (E.Murray; R.Orhorhoro).,1,10,CIN 35,35,-3,Cincinnati Bengals,Jacksonville Jaguars,3,6,7.5,92.5,343.0,23.0,366.0,205.0,113.0,318.0,game,Total,Under,,40.5,kalshi,-810,—,—,,9.0,,hit,,,,—,,
2026-10-04T20:01:41.654341+00:00,nfl,2026,4,401872969,4018729691602,2,4:10,(Shotgun) C.Brown up the middle to CIN 41 for 6 yards (E.Murray; R.Orhorhoro).,1,10,CIN 35,35,-3,Cincinnati Bengals,Jacksonville Jaguars,3,6,7.5,92.5,343.0,23.0,366.0,205.0,113.0,318.0,game,ML,Jacksonville Jaguars,,,polymarket,-670,—,—,,Win,,hit,,,,—,,
2026-10-04T20:01:41.654341+00:00,nfl,2026,4,401872969,4018729691602,2,4:10,(Shotgun) C.Brown up the middle to CIN 41 for 6 yards (E.Murray; R.Orhorhoro).,1,10,CIN 35,35,-3,Cincinnati Bengals,Jacksonville Jaguars,3,6,7.5,92.5,343.0,23.0,366.0,205.0,113.0,318.0,game,ML,Cincinnati Bengals,,,bet365,850,—,—,,Loss,,miss,,,,—,,
2026-10-04T20:01:41.654341+00:00,nfl,2026,4,401872969,4018729691624,2,3:27,(Shotgun) J.Burrow pass short right to D.Meyers to JAX 49 for 10 yards (T.Hunter).,2,4,CIN 41,41,-3,Cincinnati Bengals,Jacksonville Jaguars,3,6,7.5,92.5,343.0,23.0,366.0,205.0,113.0,318.0,game,Spread,Jacksonville Jaguars,,-2.5,kalshi,-1012,—,—,,-3,,hit,,,,—,,
2026-10-04T20:01:41.654341+00:00,nfl,2026,4,401872969,4018729691624,2,3:27,(Shotgun) J.Burrow pass short right to D.Meyers to JAX 49 for 10 yards (T.Hunter).,2,4,CIN 41,41,-3,Cincinnati Bengals,Jacksonville Jaguars,3,6,7.5,92.5,343.0,23.0,366.0,205.0,113.0,318.0,game,Spread,Cincinnati Bengals,,2.5,kalshi,614,—,—,,-3,,miss,,,,—,,
2026-10-04T20:01:41.654341+00:00,nfl,2026,4,401872969,4018729691624,2,3:27,(Shotgun) J.Burrow pass short right to D.Meyers to JAX 49 for 10 yards (T.Hunter).,2,4,CIN 41,41,-3,Cincinnati Bengals,Jacksonville Jaguars,3,6,7.5,92.5,343.0,23.0,366.0,205.0,113.0,318.0,game,Total,Over,,40.5,kalshi,566,—,—,,9.0,,miss,,,,—,,
2026-10-04T20:01:41.654341+00:00,nfl,2026,4,401872969,4018729691624,2,3:27,(Shotgun) J.Burrow pass short right to D.Meyers to JAX 49 for 10 yards (T.Hunter).,2,4,CIN 41,41,-3,Cincinnati Bengals,Jacksonville Jaguars,3,6,7.5,92.5,343.0,23.0,366.0,205.0,113.0,318.0,game,Total,Under,,40.5,kalshi,-810,—,—,,9.0,,hit,,,,—,,
2026-10-04T20:01:41.654341+00:00,nfl,2026,4,401872969,4018729691624,2,3:27,(Shotgun) J.Burrow pass short right to D.Meyers to JAX 49 for 10 yards (T.Hunter).,2,4,CIN 41,41,-3,Cincinnati Bengals,Jacksonville Jaguars,3,6,7.5,92.5,343.0,23.0,366.0,205.0,113.0,318.0,game,ML,Jacksonville Jaguars,,,polymarket,-670,—,—,,Win,,hit,,,,—,,
2026-10-04T20:01:41.654341+00:00,nfl,2026,4,401872969,4018729691624,2,3:27,(Shotgun) J.Burrow pass short right to D.Meyers to JAX 49 for 10 yards (T.Hunter).,2,4,CIN 41,41,-3,Cincinnati Bengals,Jacksonville Jaguars,3,6,7.5,92.5,343.0,23.0,366.0,205.0,113.0,318.0,game,ML,Cincinnati Bengals,,,bet365,850,—,—,,Loss,,miss,,,,—,,
2026-10-04T20:01:41.654341+00:00,nfl,2026,4,401872969,4018729691649,2,2:46,(Shotgun) J.Burrow pass short left to D.Meyers ran ob at JAX 46 for 3 yards (T.Hunter; J.Lewis).,1,10,JAX 49,51,-3,Cincinnati Bengals,Jacksonville Jaguars,3,6,7.5,92.5,343.0,23.0,366.0,205.0,113.0,318.0,game,Spread,Jacksonville Jaguars,,-2.5,kalshi,-1012,—,—,,-3,,hit,,,,—,,
2026-10-04T20:01:41.654341+00:00,nfl,2026,4,401872969,4018729691649,2,2:46,(Shotgun) J.Burrow pass short left to D.Meyers ran ob at JAX 46 for 3 yards (T.Hunter; J.Lewis).,1,10,JAX 49,51,-3,Cincinnati Bengals,Jacksonville Jaguars,3,6,7.5,92.5,343.0,23.0,366.0,205.0,113.0,318.0,game,Spread,Cincinnati Bengals,,2.5,kalshi,614,—,—,,-3,,miss,,,,—,,
2026-10-04T20:01:41.654341+00:00,nfl,2026,4,401872969,4018729691649,2,2:46,(Shotgun) J.Burrow pass short left to D.Meyers ran ob at JAX 46 for 3 yards (T.Hunter; J.Lewis).,1,10,JAX 49,51,-3,Cincinnati Bengals,Jacksonville Jaguars,3,6,7.5,92.5,343.0,23.0,366.0,205.0,113.0,318.0,game,Total,Over,,40.5,kalshi,566,—,—,,9.0,,miss,,,,—,,
2026-10-04T20:01:41.654341+00:00,nfl,2026,4,401872969,4018729691649,2,2:46,(Shotgun) J.Burrow pass short left to D.Meyers ran ob at JAX 46 for 3 yards (T.Hunter; J.Lewis).,1,10,JAX 49,51,-3,Cincinnati Bengals,Jacksonville Jaguars,3,6,7.5,92.5,343.0,23.0,366.0,205.0,113.0,318.0,game,Total,Under,,40.5,kalshi,-810,—,—,,9.0,,hit,,,,—,,
2026-10-04T20:01:41.654341+00:00,nfl,2026,4,401872969,4018729691649,2,2:46,(Shotgun) J.Burrow pass short left to D.Meyers ran ob at JAX 46 for 3 yards (T.Hunter; J.Lewis).,1,10,JAX 49,51,-3,Cincinnati Bengals,Jacksonville Jaguars,3,6,7.5,92.5,343.0,23.0,366.0,205.0,113.0,318.0,game,ML,Jacksonville Jaguars,,,polymarket,-670,—,—,,Win,,hit,,,,—,,
2026-10-04T20:01:41.654341+00:00,nfl,2026,4,401872969,4018729691649,2,2:46,(Shotgun) J.Burrow pass short left to D.Meyers ran ob at JAX 46 for 3 yards (T.Hunter; J.Lewis).,1,10,JAX 49,51,-3,Cincinnati Bengals,Jacksonville Jaguars,3,6,7.5,92.5,343.0,23.0,366.0,205.0,113.0,318.0,game,ML,Cincinnati Bengals,,,bet365,850,—,—,,Loss,,miss,,,,—,,
2026-10-04T20:01:41.654341+00:00,nfl,2026,4,401872969,4018729691679,2,2:11,C.Brown left guard to JAX 45 for 1 yard (A.Johnson).,2,7,JAX 46,54,-3,Cincinnati Bengals,Jacksonville Jaguars,3,6,7.5,92.5,343.0,23.0,366.0,205.0,113.0,318.0,game,Spread,Jacksonville Jaguars,,-2.5,kalshi,-1012,—,—,,-3,,hit,,,,—,,
2026-10-04T20:01:41.654341+00:00,nfl,2026,4,401872969,4018729691679,2,2:11,C.Brown left guard to JAX 45 for 1 yard (A.Johnson).,2,7,JAX 46,54,-3,Cincinnati Bengals,Jacksonville Jaguars,3,6,7.5,92.5,343.0,23.0,366.0,205.0,113.0,318.0,game,Spread,Cincinnati Bengals,,2.5,kalshi,614,—,—,,-3,,miss,,,,—,,
2026-10-04T20:01:41.654341+00:00,nfl,2026,4,401872969,4018729691679,2,2:11,C.Brown left guard to JAX 45 for 1 yard (A.Johnson).,2,7,JAX 46,54,-3,Cincinnati Bengals,Jacksonville Jaguars,3,6,7.5,92.5,343.0,23.0,366.0,205.0,113.0,318.0,game,Total,Over,,40.5,kalshi,566,—,—,,9.0,,miss,,,,—,,
2026-10-04T20:01:41.654341+00:00,nfl,2026,4,401872969,4018729691679,2,2:11,C.Brown left guard to JAX 45 for 1 yard (A.Johnson).,2,7,JAX 46,54,-3,Cincinnati Bengals,Jacksonville Jaguars,3,6,7.5,92.5,343.0,23.0,366.0,205.0,113.0,318.0,game,Total,Under,,40.5,kalshi,-810,—,—,,9.0,,hit,,,,—,,
2026-10-04T20:01:41.654341+00:00,nfl,2026,4,401872969,4018729691679,2,2:11,C.Brown left guard to JAX 45 for 1 yard (A.Johnson).,2,7,JAX 46,54,-3,Cincinnati Bengals,Jacksonville Jaguars,3,6,7.5,92.5,343.0,23.0,366.0,205.0,113.0,318.0,game,ML,Jacksonville Jaguars,,,polymarket,-670,—,—,,Win,,hit,,,,—,,
2026-10-04T20:01:41.654341+00:00,nfl,2026,4,401872969,4018729691679,2,2:11,C.Brown left guard to JAX 45 for 1 yard (A.Johnson).,2,7,JAX 46,54,-3,Cincinnati Bengals,Jacksonville Jaguars,3,6,7.5,92.5,343.0,23.0,366.0,205.0,113.0,318.0,game,ML,Cincinnati Bengals,,,bet365,850,—,—,,Loss,,miss,,,,—,,
2026-10-04T20:01:41.654341+00:00,nfl,2026,4,401872969,4018729691690,2,2:00,Two-Minute Warning,3,6,JAX 45,55,-3,Cincinnati Bengals,Jacksonville Jaguars,3,6,7.5,92.5,343.0,23.0,366.0,205.0,113.0,318.0,game,Spread,Jacksonville Jaguars,,-2.5,kalshi,-1012,—,—,,-3,,hit,,,,—,,
2026-10-04T20:01:41.654341+00:00,nfl,2026,4,401872969,4018729691690,2,2:00,Two-Minute Warning,3,6,JAX 45,55,-3,Cincinnati Bengals,Jacksonville Jaguars,3,6,7.5,92.5,343.0,23.0,366.0,205.0,113.0,318.0,game,Spread,Cincinnati Bengals,,2.5,kalshi,614,—,—,,-3,,miss,,,,—,,
2026-10-04T20:01:41.654341+00:00,nfl,2026,4,401872969,4018729691690,2,2:00,Two-Minute Warning,3,6,JAX 45,55,-3,Cincinnati Bengals,Jacksonville Jaguars,3,6,7.5,92.5,343.0,23.0,366.0,205.0,113.0,318.0,game,Total,Over,,40.5,kalshi,566,—,—,,9.0,,miss,,,,—,,
2026-10-04T20:01:41.654341+00:00,nfl,2026,4,401872969,4018729691690,2,2:00,Two-Minute Warning,3,6,JAX 45,55,-3,Cincinnati Bengals,Jacksonville Jaguars,3,6,7.5,92.5,343.0,23.0,366.0,205.0,113.0,318.0,game,Total,Under,,40.5,kalshi,-810,—,—,,9.0,,hit,,,,—,,
2026-10-04T20:01:41.654341+00:00,nfl,2026,4,401872969,4018729691690,2,2:00,Two-Minute Warning,3,6,JAX 45,55,-3,Cincinnati Bengals,Jacksonville Jaguars,3,6,7.5,92.5,343.0,23.0,366.0,205.0,113.0,318.0,game,ML,Jacksonville Jaguars,,,polymarket,-670,—,—,,Win,,hit,,,,—,,
2026-10-04T20:01:41.654341+00:00,nfl,2026,4,401872969,4018729691690,2,2:00,Two-Minute Warning,3,6,JAX 45,55,-3,Cincinnati Bengals,Jacksonville Jaguars,3,6,7.5,92.5,343.0,23.0,366.0,205.0,113.0,318.0,game,ML,Cincinnati Bengals,,,bet365,850,—,—,,Loss,,miss,,,,—,,
2026-10-04T20:01:41.654341+00:00,nfl,2026,4,401872969,4018729691701,2,2:00,(Shotgun) J.Burrow pass short middle intended for D.Meyers INTERCEPTED by J.Lewis [J.Hines-Allen] at JAX 37. J.Lewis ran ob at CIN 18 for 45 yards (C.Brown).,3,6,JAX 45,55,-3,Cincinnati Bengals,Jacksonville Jaguars,3,6,7.5,92.5,343.0,23.0,366.0,205.0,113.0,318.0,game,Spread,Jacksonville Jaguars,,-2.5,kalshi,-1012,—,—,,-3,,hit,,,,—,,
2026-10-04T20:01:41.654341+00:00,nfl,2026,4,401872969,4018729691701,2,2:00,(Shotgun) J.Burrow pass short middle intended for D.Meyers INTERCEPTED by J.Lewis [J.Hines-Allen] at JAX 37. J.Lewis ran ob at CIN 18 for 45 yards (C.Brown).,3,6,JAX 45,55,-3,Cincinnati Bengals,Jacksonville Jaguars,3,6,7.5,92.5,343.0,23.0,366.0,205.0,113.0,318.0,game,Spread,Cincinnati Bengals,,2.5,kalshi,614,—,—,,-3,,miss,,,,—,,
2026-10-04T20:01:41.654341+00:00,nfl,2026,4,401872969,4018729691701,2,2:00,(Shotgun) J.Burrow pass short middle intended for D.Meyers INTERCEPTED by J.Lewis [J.Hines-Allen] at JAX 37. J.Lewis ran ob at CIN 18 for 45 yards (C.Brown).,3,6,JAX 45,55,-3,Cincinnati Bengals,Jacksonville Jaguars,3,6,7.5,92.5,343.0,23.0,366.0,205.0,113.0,318.0,game,Total,Over,,40.5,kalshi,566,—,—,,9.0,,miss,,,,—,,
2026-10-04T20:01:41.654341+00:00,nfl,2026,4,401872969,4018729691701,2,2:00,(Shotgun) J.Burrow pass short middle intended for D.Meyers INTERCEPTED by J.Lewis [J.Hines-Allen] at JAX 37. J.Lewis ran ob at CIN 18 for 45 yards (C.Brown).,3,6,JAX 45,55,-3,Cincinnati Bengals,Jacksonville Jaguars,3,6,7.5,92.5,343.0,23.0,366.0,205.0,113.0,318.0,game,Total,Under,,40.5,kalshi,-810,—,—,,9.0,,hit,,,,—,,
2026-10-04T20:01:41.654341+00:00,nfl,2026,4,401872969,4018729691701,2,2:00,(Shotgun) J.Burrow pass short middle intended for D.Meyers INTERCEPTED by J.Lewis [J.Hines-Allen] at JAX 37. J.Lewis ran ob at CIN 18 for 45 yards (C.Brown).,3,6,JAX 45,55,-3,Cincinnati Bengals,Jacksonville Jaguars,3,6,7.5,92.5,343.0,23.0,366.0,205.0,113.0,318.0,game,ML,Jacksonville Jaguars,,,polymarket,-670,—,—,,Win,,hit,,,,—,,
2026-10-04T20:01:41.654341+00:00,nfl,2026,4,401872969,4018729691701,2,2:00,(Shotgun) J.Burrow pass short middle intended for D.Meyers INTERCEPTED by J.Lewis [J.Hines-Allen] at JAX 37. J.Lewis ran ob at CIN 18 for 45 yards (C.Brown).,3,6,JAX 45,55,-3,Cincinnati Bengals,Jacksonville Jaguars,3,6,7.5,92.5,343.0,23.0,366.0,205.0,113.0,318.0,game,ML,Cincinnati Bengals,,,bet365,850,—,—,,Loss,,miss,,,,—,,
2026-10-04T20:01:41.654341+00:00,nfl,2026,4,401872969,4018729691740,2,1:49,B.Tuten right tackle to CIN 9 for 9 yards (B.Carter; R.Yeast).,1,10,CIN 18,18,-3,Cincinnati Bengals,Jacksonville Jaguars,3,6,7.5,92.5,343.0,23.0,366.0,205.0,113.0,318.0,game,Spread,Jacksonville Jaguars,,-2.5,kalshi,-1012,—,—,,-3,,hit,,,,—,,
2026-10-04T20:01:41.654341+00:00,nfl,2026,4,401872969,4018729691740,2,1:49,B.Tuten right tackle to CIN 9 for 9 yards (B.Carter; R.Yeast).,1,10,CIN 18,18,-3,Cincinnati Bengals,Jacksonville Jaguars,3,6,7.5,92.5,343.0,23.0,366.0,205.0,113.0,318.0,game,Spread,Cincinnati Bengals,,2.5,kalshi,614,—,—,,-3,,miss,,,,—,,
2026-10-04T20:01:41.654341+00:00,nfl,2026,4,401872969,4018729691740,2,1:49,B.Tuten right tackle to CIN 9 for 9 yards (B.Carter; R.Yeast).,1,10,CIN 18,18,-3,Cincinnati Bengals,Jacksonville Jaguars,3,6,7.5,92.5,343.0,23.0,366.0,205.0,113.0,318.0,game,Total,Over,,40.5,kalshi,566,—,—,,9.0,,miss,,,,—,,
2026-10-04T20:01:41.654341+00:00,nfl,2026,4,401872969,4018729691740,2,1:49,B.Tuten right tackle to CIN 9 for 9 yards (B.Carter; R.Yeast).,1,10,CIN 18,18,-3,Cincinnati Bengals,Jacksonville Jaguars,3,6,7.5,92.5,343.0,23.0,366.0,205.0,113.0,318.0,game,Total,Under,,40.5,kalshi,-810,—,—,,9.0,,hit,,,,—,,
2026-10-04T20:01:41.654341+00:00,nfl,2026,4,401872969,4018729691740,2,1:49,B.Tuten right tackle to CIN 9 for 9 yards (B.Carter; R.Yeast).,1,10,CIN 18,18,-3,Cincinnati Bengals,Jacksonville Jaguars,3,6,7.5,92.5,343.0,23.0,366.0,205.0,113.0,318.0,game,ML,Jacksonville Jaguars,,,polymarket,-670,—,—,,Win,,hit,,,,—,,
2026-10-04T20:01:41.654341+00:00,nfl,2026,4,401872969,4018729691740,2,1:49,B.Tuten right tackle to CIN 9 for 9 yards (B.Carter; R.Yeast).,1,10,CIN 18,18,-3,Cincinnati Bengals,Jacksonville Jaguars,3,6,7.5,92.5,343.0,23.0,366.0,205.0,113.0,318.0,game,ML,Cincinnati Bengals,,,bet365,850,—,—,,Loss,,miss,,,,—,,
2026-10-04T20:01:41.654341+00:00,nfl,2026,4,401872969,4018729691751,2,1:42,Timeout #2 by CIN at 01:42.,2,2,CIN 10,10,-3,Cincinnati Bengals,Jacksonville Jaguars,3,6,7.5,92.5,343.0,23.0,366.0,205.0,113.0,318.0,game,Spread,Jacksonville Jaguars,,-2.5,kalshi,-1012,—,—,,-3,,hit,,,,—,,
2026-10-04T20:01:41.654341+00:00,nfl,2026,4,401872969,4018729691751,2,1:42,Timeout #2 by CIN at 01:42.,2,2,CIN 10,10,-3,Cincinnati Bengals,Jacksonville Jaguars,3,6,7.5,92.5,343.0,23.0,366.0,205.0,113.0,318.0,game,Spread,Cincinnati Bengals,,2.5,kalshi,614,—,—,,-3,,miss,,,,—,,
2026-10-04T20:01:41.654341+00:00,nfl,2026,4,401872969,4018729691751,2,1:42,Timeout #2 by CIN at 01:42.,2,2,CIN 10,10,-3,Cincinnati Bengals,Jacksonville Jaguars,3,6,7.5,92.5,343.0,23.0,366.0,205.0,113.0,318.0,game,Total,Over,,40.5,kalshi,566,—,—,,9.0,,miss,,,,—,,
2026-10-04T20:01:41.654341+00:00,nfl,2026,4,401872969,4018729691751,2,1:42,Timeout #2 by CIN at 01:42.,2,2,CIN 10,10,-3,Cincinnati Bengals,Jacksonville Jaguars,3,6,7.5,92.5,343.0,23.0,366.0,205.0,113.0,318.0,game,Total,Under,,40.5,kalshi,-810,—,—,,9.0,,hit,,,,—,,
2026-10-04T20:01:41.654341+00:00,nfl,2026,4,401872969,4018729691751,2,1:42,Timeout #2 by CIN at 01:42.,2,2,CIN 10,10,-3,Cincinnati Bengals,Jacksonville Jaguars,3,6,7.5,92.5,343.0,23.0,366.0,205.0,113.0,318.0,game,ML,Jacksonville Jaguars,,,polymarket,-670,—,—,,Win,,hit,,,,—,,
2026-10-04T20:01:41.654341+00:00,nfl,2026,4,401872969,4018729691751,2,1:42,Timeout #2 by CIN at 01:42.,2,2,CIN 10,10,-3,Cincinnati Bengals,Jacksonville Jaguars,3,6,7.5,92.5,343.0,23.0,366.0,205.0,113.0,318.0,game,ML,Cincinnati Bengals,,,bet365,850,—,—,,Loss,,miss,,,,—,,
2026-10-04T20:01:41.654341+00:00,nfl,2026,4,401872969,4018729691762,2,1:42,"B.Tuten left end pushed ob at CIN 7 for 2 yards (D.Knight; D.Turner).PENALTY on CIN-M.Murphy, Face Mask, 4 yards, enforced at CIN 7.",2,1,CIN 9,9,-3,Cincinnati Bengals,Jacksonville Jaguars,3,6,7.5,92.5,343.0,23.0,366.0,205.0,113.0,318.0,game,Spread,Jacksonville Jaguars,,-2.5,kalshi,-1012,—,—,,-3,,hit,,,,—,,
2026-10-04T20:01:41.654341+00:00,nfl,2026,4,401872969,4018729691762,2,1:42,"B.Tuten left end pushed ob at CIN 7 for 2 yards (D.Knight; D.Turner).PENALTY on CIN-M.Murphy, Face Mask, 4 yards, enforced at CIN 7.",2,1,CIN 9,9,-3,Cincinnati Bengals,Jacksonville Jaguars,3,6,7.5,92.5,343.0,23.0,366.0,205.0,113.0,318.0,game,Spread,Cincinnati Bengals,,2.5,kalshi,614,—,—,,-3,,miss,,,,—,,
2026-10-04T20:01:41.654341+00:00,nfl,2026,4,401872969,4018729691762,2,1:42,"B.Tuten left end pushed ob at CIN 7 for 2 yards (D.Knight; D.Turner).PENALTY on CIN-M.Murphy, Face Mask, 4 yards, enforced at CIN 7.",2,1,CIN 9,9,-3,Cincinnati Bengals,Jacksonville Jaguars,3,6,7.5,92.5,343.0,23.0,366.0,205.0,113.0,318.0,game,Total,Over,,40.5,kalshi,566,—,—,,9.0,,miss,,,,—,,
2026-10-04T20:01:41.654341+00:00,nfl,2026,4,401872969,4018729691762,2,1:42,"B.Tuten left end pushed ob at CIN 7 for 2 yards (D.Knight; D.Turner).PENALTY on CIN-M.Murphy, Face Mask, 4 yards, enforced at CIN 7.",2,1,CIN 9,9,-3,Cincinnati Bengals,Jacksonville Jaguars,3,6,7.5,92.5,343.0,23.0,366.0,205.0,113.0,318.0,game,Total,Under,,40.5,kalshi,-810,—,—,,9.0,,hit,,,,—,,
2026-10-04T20:01:41.654341+00:00,nfl,2026,4,401872969,4018729691762,2,1:42,"B.Tuten left end pushed ob at CIN 7 for 2 yards (D.Knight; D.Turner).PENALTY on CIN-M.Murphy, Face Mask, 4 yards, enforced at CIN 7.",2,1,CIN 9,9,-3,Cincinnati Bengals,Jacksonville Jaguars,3,6,7.5,92.5,343.0,23.0,366.0,205.0,113.0,318.0,game,ML,Jacksonville Jaguars,,,polymarket,-670,—,—,,Win,,hit,,,,—,,
2026-10-04T20:01:41.654341+00:00,nfl,2026,4,401872969,4018729691762,2,1:42,"B.Tuten left end pushed ob at CIN 7 for 2 yards (D.Knight; D.Turner).PENALTY on CIN-M.Murphy, Face Mask, 4 yards, enforced at CIN 7.",2,1,CIN 9,9,-3,Cincinnati Bengals,Jacksonville Jaguars,3,6,7.5,92.5,343.0,23.0,366.0,205.0,113.0,318.0,game,ML,Cincinnati Bengals,,,bet365,850,—,—,,Loss,,miss,,,,—,,
2026-10-04T20:01:41.654341+00:00,nfl,2026,4,401872969,4018729691807,2,1:36,"B.Tuten left guard for 3 yards, TOUCHDOWN NULLIFIED by Penalty.PENALTY on JAX-A.Harrison, Offensive Holding, 10 yards, enforced at CIN 3 - No Play.",1,3,CIN 3,3,-3,Cincinnati Bengals,Jacksonville Jaguars,3,6,7.5,92.5,343.0,23.0,366.0,205.0,113.0,318.0,game,Spread,Jacksonville Jaguars,,-2.5,kalshi,-1012,—,—,,-3,,hit,,,,—,,
2026-10-04T20:01:41.654341+00:00,nfl,2026,4,401872969,4018729691807,2,1:36,"B.Tuten left guard for 3 yards, TOUCHDOWN NULLIFIED by Penalty.PENALTY on JAX-A.Harrison, Offensive Holding, 10 yards, enforced at CIN 3 - No Play.",1,3,CIN 3,3,-3,Cincinnati Bengals,Jacksonville Jaguars,3,6,7.5,92.5,343.0,23.0,366.0,205.0,113.0,318.0,game,Spread,Cincinnati Bengals,,2.5,kalshi,614,—,—,,-3,,miss,,,,—,,
2026-10-04T20:01:41.654341+00:00,nfl,2026,4,401872969,4018729691807,2,1:36,"B.Tuten left guard for 3 yards, TOUCHDOWN NULLIFIED by Penalty.PENALTY on JAX-A.Harrison, Offensive Holding, 10 yards, enforced at CIN 3 - No Play.",1,3,CIN 3,3,-3,Cincinnati Bengals,Jacksonville Jaguars,3,6,7.5,92.5,343.0,23.0,366.0,205.0,113.0,318.0,game,Total,Over,,40.5,kalshi,566,—,—,,9.0,,miss,,,,—,,
2026-10-04T20:01:41.654341+00:00,nfl,2026,4,401872969,4018729691807,2,1:36,"B.Tuten left guard for 3 yards, TOUCHDOWN NULLIFIED by Penalty.PENALTY on JAX-A.Harrison, Offensive Holding, 10 yards, enforced at CIN 3 - No Play.",1,3,CIN 3,3,-3,Cincinnati Bengals,Jacksonville Jaguars,3,6,7.5,92.5,343.0,23.0,366.0,205.0,113.0,318.0,game,Total,Under,,40.5,kalshi,-810,—,—,,9.0,,hit,,,,—,,
2026-10-04T20:01:41.654341+00:00,nfl,2026,4,401872969,4018729691807,2,1:36,"B.Tuten left guard for 3 yards, TOUCHDOWN NULLIFIED by Penalty.PENALTY on JAX-A.Harrison, Offensive Holding, 10 yards, enforced at CIN 3 - No Play.",1,3,CIN 3,3,-3,Cincinnati Bengals,Jacksonville Jaguars,3,6,7.5,92.5,343.0,23.0,366.0,205.0,113.0,318.0,game,ML,Jacksonville Jaguars,,,polymarket,-670,—,—,,Win,,hit,,,,—,,
2026-10-04T20:01:41.654341+00:00,nfl,2026,4,401872969,4018729691807,2,1:36,"B.Tuten left guard for 3 yards, TOUCHDOWN NULLIFIED by Penalty.PENALTY on JAX-A.Harrison, Offensive Holding, 10 yards, enforced at CIN 3 - No Play.",1,3,CIN 3,3,-3,Cincinnati Bengals,Jacksonville Jaguars,3,6,7.5,92.5,343.0,23.0,366.0,205.0,113.0,318.0,game,ML,Cincinnati Bengals,,,bet365,850,—,—,,Loss,,miss,,,,—,,
2026-10-04T20:01:41.654341+00:00,nfl,2026,4,401872969,4018729691841,2,1:33,B.Tuten left guard to CIN 7 for 6 yards (D.Ivey; D.Knight).,1,13,CIN 13,13,-3,Cincinnati Bengals,Jacksonville Jaguars,3,6,7.5,92.5,343.0,23.0,366.0,205.0,113.0,318.0,game,Spread,Jacksonville Jaguars,,-2.5,kalshi,-1012,—,—,,-3,,hit,,,,—,,
2026-10-04T20:01:41.654341+00:00,nfl,2026,4,401872969,4018729691841,2,1:33,B.Tuten left guard to CIN 7 for 6 yards (D.Ivey; D.Knight).,1,13,CIN 13,13,-3,Cincinnati Bengals,Jacksonville Jaguars,3,6,7.5,92.5,343.0,23.0,366.0,205.0,113.0,318.0,game,Spread,Cincinnati Bengals,,2.5,kalshi,614,—,—,,-3,,miss,,,,—,,
2026-10-04T20:01:41.654341+00:00,nfl,2026,4,401872969,4018729691841,2,1:33,B.Tuten left guard to CIN 7 for 6 yards (D.Ivey; D.Knight).,1,13,CIN 13,13,-3,Cincinnati Bengals,Jacksonville Jaguars,3,6,7.5,92.5,343.0,23.0,366.0,205.0,113.0,318.0,game,Total,Over,,40.5,kalshi,566,—,—,,9.0,,miss,,,,—,,
2026-10-04T20:01:41.654341+00:00,nfl,2026,4,401872969,4018729691841,2,1:33,B.Tuten left guard to CIN 7 for 6 yards (D.Ivey; D.Knight).,1,13,CIN 13,13,-3,Cincinnati Bengals,Jacksonville Jaguars,3,6,7.5,92.5,343.0,23.0,366.0,205.0,113.0,318.0,game,Total,Under,,40.5,kalshi,-810,—,—,,9.0,,hit,,,,—,,
2026-10-04T20:01:41.654341+00:00,nfl,2026,4,401872969,4018729691841,2,1:33,B.Tuten left guard to CIN 7 for 6 yards (D.Ivey; D.Knight).,1,13,CIN 13,13,-3,Cincinnati Bengals,Jacksonville Jaguars,3,6,7.5,92.5,343.0,23.0,366.0,205.0,113.0,318.0,game,ML,Jacksonville Jaguars,,,polymarket,-670,—,—,,Win,,hit,,,,—,,
2026-10-04T20:01:41.654341+00:00,nfl,2026,4,401872969,4018729691841,2,1:33,B.Tuten left guard to CIN 7 for 6 yards (D.Ivey; D.Knight).,1,13,CIN 13,13,-3,Cincinnati Bengals,Jacksonville Jaguars,3,6,7.5,92.5,343.0,23.0,366.0,205.0,113.0,318.0,game,ML,Cincinnati Bengals,,,bet365,850,—,—,,Loss,,miss,,,,—,,
2026-10-04T20:01:41.654341+00:00,nfl,2026,4,401872969,4018729691852,2,1:27,Timeout #3 by CIN at 01:27.,2,7,CIN 7,7,-3,Cincinnati Bengals,Jacksonville Jaguars,3,6,7.5,92.5,343.0,23.0,366.0,205.0,113.0,318.0,game,Spread,Jacksonville Jaguars,,-2.5,kalshi,-1012,—,—,,-3,,hit,,,,—,,
2026-10-04T20:01:41.654341+00:00,nfl,2026,4,401872969,4018729691852,2,1:27,Timeout #3 by CIN at 01:27.,2,7,CIN 7,7,-3,Cincinnati Bengals,Jacksonville Jaguars,3,6,7.5,92.5,343.0,23.0,366.0,205.0,113.0,318.0,game,Spread,Cincinnati Bengals,,2.5,kalshi,614,—,—,,-3,,miss,,,,—,,
2026-10-04T20:01:41.654341+00:00,nfl,2026,4,401872969,4018729691852,2,1:27,Timeout #3 by CIN at 01:27.,2,7,CIN 7,7,-3,Cincinnati Bengals,Jacksonville Jaguars,3,6,7.5,92.5,343.0,23.0,366.0,205.0,113.0,318.0,game,Total,Over,,40.5,kalshi,566,—,—,,9.0,,miss,,,,—,,
2026-10-04T20:01:41.654341+00:00,nfl,2026,4,401872969,4018729691852,2,1:27,Timeout #3 by CIN at 01:27.,2,7,CIN 7,7,-3,Cincinnati Bengals,Jacksonville Jaguars,3,6,7.5,92.5,343.0,23.0,366.0,205.0,113.0,318.0,game,Total,Under,,40.5,kalshi,-810,—,—,,9.0,,hit,,,,—,,
2026-10-04T20:01:41.654341+00:00,nfl,2026,4,401872969,4018729691852,2,1:27,Timeout #3 by CIN at 01:27.,2,7,CIN 7,7,-3,Cincinnati Bengals,Jacksonville Jaguars,3,6,7.5,92.5,343.0,23.0,366.0,205.0,113.0,318.0,game,ML,Jacksonville Jaguars,,,polymarket,-670,—,—,,Win,,hit,,,,—,,
2026-10-04T20:01:41.654341+00:00,nfl,2026,4,401872969,4018729691852,2,1:27,Timeout #3 by CIN at 01:27.,2,7,CIN 7,7,-3,Cincinnati Bengals,Jacksonville Jaguars,3,6,7.5,92.5,343.0,23.0,366.0,205.0,113.0,318.0,game,ML,Cincinnati Bengals,,,bet365,850,—,—,,Loss,,miss,,,,—,,
2026-10-04T20:01:41.654341+00:00,nfl,2026,4,401872969,4018729691904,2,1:23,Official Timeout at 01:23.,-1,10,CIN 15,15,-10,Cincinnati Bengals,Jacksonville Jaguars,3,13,7.5,92.5,343.0,23.0,366.0,205.0,113.0,318.0,game,Spread,Jacksonville Jaguars,,-2.5,kalshi,-1012,—,—,,-10,,hit,,,,—,,
2026-10-04T20:01:41.654341+00:00,nfl,2026,4,401872969,4018729691904,2,1:23,Official Timeout at 01:23.,-1,10,CIN 15,15,-10,Cincinnati Bengals,Jacksonville Jaguars,3,13,7.5,92.5,343.0,23.0,366.0,205.0,113.0,318.0,game,Spread,Cincinnati Bengals,,2.5,kalshi,614,—,—,,-10,,miss,,,,—,,
2026-10-04T20:01:41.654341+00:00,nfl,2026,4,401872969,4018729691904,2,1:23,Official Timeout at 01:23.,-1,10,CIN 15,15,-10,Cincinnati Bengals,Jacksonville Jaguars,3,13,7.5,92.5,343.0,23.0,366.0,205.0,113.0,318.0,game,Total,Over,,40.5,kalshi,566,—,—,,16.0,,miss,,,,—,,
2026-10-04T20:01:41.654341+00:00,nfl,2026,4,401872969,4018729691904,2,1:23,Official Timeout at 01:23.,-1,10,CIN 15,15,-10,Cincinnati Bengals,Jacksonville Jaguars,3,13,7.5,92.5,343.0,23.0,366.0,205.0,113.0,318.0,game,Total,Under,,40.5,kalshi,-810,—,—,,16.0,,hit,,,,—,,
2026-10-04T20:01:41.654341+00:00,nfl,2026,4,401872969,4018729691904,2,1:23,Official Timeout at 01:23.,-1,10,CIN 15,15,-10,Cincinnati Bengals,Jacksonville Jaguars,3,13,7.5,92.5,343.0,23.0,366.0,205.0,113.0,318.0,game,ML,Jacksonville Jaguars,,,polymarket,-670,—,—,,Win,,hit,,,,—,,
2026-10-04T20:01:41.654341+00:00,nfl,2026,4,401872969,4018729691904,2,1:23,Official Timeout at 01:23.,-1,10,CIN 15,15,-10,Cincinnati Bengals,Jacksonville Jaguars,3,13,7.5,92.5,343.0,23.0,366.0,205.0,113.0,318.0,game,ML,Cincinnati Bengals,,,bet365,850,—,—,,Loss,,miss,,,,—,,
2026-10-04T20:01:41.654341+00:00,nfl,2026,4,401872969,4018729691863,2,1:23,"(Shotgun) T.Lawrence pass short left to Bri.Thomas for 7 yards, TOUCHDOWN. C.Little extra point is GOOD, Center-R.Matiscik, Holder-L.Cooke.",2,7,CIN 7,7,-10,Cincinnati Bengals,Jacksonville Jaguars,3,13,7.5,92.5,343.0,23.0,366.0,205.0,113.0,318.0,game,Spread,Jacksonville Jaguars,,-2.5,kalshi,-1012,—,—,,-10,,hit,,,,—,,
2026-10-04T20:01:41.654341+00:00,nfl,2026,4,401872969,4018729691863,2,1:23,"(Shotgun) T.Lawrence pass short left to Bri.Thomas for 7 yards, TOUCHDOWN. C.Little extra point is GOOD, Center-R.Matiscik, Holder-L.Cooke.",2,7,CIN 7,7,-10,Cincinnati Bengals,Jacksonville Jaguars,3,13,7.5,92.5,343.0,23.0,366.0,205.0,113.0,318.0,game,Spread,Cincinnati Bengals,,2.5,kalshi,614,—,—,,-10,,miss,,,,—,,
2026-10-04T20:01:41.654341+00:00,nfl,2026,4,401872969,4018729691863,2,1:23,"(Shotgun) T.Lawrence pass short left to Bri.Thomas for 7 yards, TOUCHDOWN. C.Little extra point is GOOD, Center-R.Matiscik, Holder-L.Cooke.",2,7,CIN 7,7,-10,Cincinnati Bengals,Jacksonville Jaguars,3,13,7.5,92.5,343.0,23.0,366.0,205.0,113.0,318.0,game,Total,Over,,40.5,kalshi,566,—,—,,16.0,,miss,,,,—,,
2026-10-04T20:01:41.654341+00:00,nfl,2026,4,401872969,4018729691863,2,1:23,"(Shotgun) T.Lawrence pass short left to Bri.Thomas for 7 yards, TOUCHDOWN. C.Little extra point is GOOD, Center-R.Matiscik, Holder-L.Cooke.",2,7,CIN 7,7,-10,Cincinnati Bengals,Jacksonville Jaguars,3,13,7.5,92.5,343.0,23.0,366.0,205.0,113.0,318.0,game,Total,Under,,40.5,kalshi,-810,—,—,,16.0,,hit,,,,—,,
2026-10-04T20:01:41.654341+00:00,nfl,2026,4,401872969,4018729691863,2,1:23,"(Shotgun) T.Lawrence pass short left to Bri.Thomas for 7 yards, TOUCHDOWN. C.Little extra point is GOOD, Center-R.Matiscik, Holder-L.Cooke.",2,7,CIN 7,7,-10,Cincinnati Bengals,Jacksonville Jaguars,3,13,7.5,92.5,343.0,23.0,366.0,205.0,113.0,318.0,game,ML,Jacksonville Jaguars,,,polymarket,-670,—,—,,Win,,hit,,,,—,,
2026-10-04T20:01:41.654341+00:00,nfl,2026,4,401872969,4018729691863,2,1:23,"(Shotgun) T.Lawrence pass short left to Bri.Thomas for 7 yards, TOUCHDOWN. C.Little extra point is GOOD, Center-R.Matiscik, Holder-L.Cooke.",2,7,CIN 7,7,-10,Cincinnati Bengals,Jacksonville Jaguars,3,13,7.5,92.5,343.0,23.0,366.0,205.0,113.0,318.0,game,ML,Cincinnati Bengals,,,bet365,850,—,—,,Loss,,miss,,,,—,,
2026-10-04T20:01:41.654341+00:00,nfl,2026,4,401872969,4018729691911,2,1:23,"C.Little kicks 63 yards from JAX 35 to CIN 2. D.Meyers to CIN 40 for 38 yards (A.Johnson; L.Allen).PENALTY on CIN-P.Jules, Offensive Holding, 10 yards, enforced at CIN 30.",3,10,JAX 45,65,-10,Cincinnati Bengals,Jacksonville Jaguars,3,13,7.5,92.5,343.0,23.0,366.0,205.0,113.0,318.0,game,Spread,Jacksonville Jaguars,,-2.5,kalshi,-1012,—,—,,-10,,hit,,,,—,,
2026-10-04T20:01:41.654341+00:00,nfl,2026,4,401872969,4018729691911,2,1:23,"C.Little kicks 63 yards from JAX 35 to CIN 2. D.Meyers to CIN 40 for 38 yards (A.Johnson; L.Allen).PENALTY on CIN-P.Jules, Offensive Holding, 10 yards, enforced at CIN 30.",3,10,JAX 45,65,-10,Cincinnati Bengals,Jacksonville Jaguars,3,13,7.5,92.5,343.0,23.0,366.0,205.0,113.0,318.0,game,Spread,Cincinnati Bengals,,2.5,kalshi,614,—,—,,-10,,miss,,,,—,,
2026-10-04T20:01:41.654341+00:00,nfl,2026,4,401872969,4018729691911,2,1:23,"C.Little kicks 63 yards from JAX 35 to CIN 2. D.Meyers to CIN 40 for 38 yards (A.Johnson; L.Allen).PENALTY on CIN-P.Jules, Offensive Holding, 10 yards, enforced at CIN 30.",3,10,JAX 45,65,-10,Cincinnati Bengals,Jacksonville Jaguars,3,13,7.5,92.5,343.0,23.0,366.0,205.0,113.0,318.0,game,Total,Over,,40.5,kalshi,566,—,—,,16.0,,miss,,,,—,,
2026-10-04T20:01:41.654341+00:00,nfl,2026,4,401872969,4018729691911,2,1:23,"C.Little kicks 63 yards from JAX 35 to CIN 2. D.Meyers to CIN 40 for 38 yards (A.Johnson; L.Allen).PENALTY on CIN-P.Jules, Offensive Holding, 10 yards, enforced at CIN 30.",3,10,JAX 45,65,-10,Cincinnati Bengals,Jacksonville Jaguars,3,13,7.5,92.5,343.0,23.0,366.0,205.0,113.0,318.0,game,Total,Under,,40.5,kalshi,-810,—,—,,16.0,,hit,,,,—,,
2026-10-04T20:01:41.654341+00:00,nfl,2026,4,401872969,4018729691911,2,1:23,"C.Little kicks 63 yards from JAX 35 to CIN 2. D.Meyers to CIN 40 for 38 yards (A.Johnson; L.Allen).PENALTY on CIN-P.Jules, Offensive Holding, 10 yards, enforced at CIN 30.",3,10,JAX 45,65,-10,Cincinnati Bengals,Jacksonville Jaguars,3,13,7.5,92.5,343.0,23.0,366.0,205.0,113.0,318.0,game,ML,Jacksonville Jaguars,,,polymarket,-670,—,—,,Win,,hit,,,,—,,
2026-10-04T20:01:41.654341+00:00,nfl,2026,4,401872969,4018729691911,2,1:23,"C.Little kicks 63 yards from JAX 35 to CIN 2. D.Meyers to CIN 40 for 38 yards (A.Johnson; L.Allen).PENALTY on CIN-P.Jules, Offensive Holding, 10 yards, enforced at CIN 30.",3,10,JAX 45,65,-10,Cincinnati Bengals,Jacksonville Jaguars,3,13,7.5,92.5,343.0,23.0,366.0,205.0,113.0,318.0,game,ML,Cincinnati Bengals,,,bet365,850,—,—,,Loss,,miss,,,,—,,
2026-10-04T20:01:41.654341+00:00,nfl,2026,4,401872969,4018729691952,2,1:15,(Shotgun) J.Burrow pass short right to T.Higgins to CIN 27 for 7 yards (J.Lewis).,1,10,CIN 20,20,-10,Cincinnati Bengals,Jacksonville Jaguars,3,13,7.5,92.5,343.0,23.0,366.0,205.0,113.0,318.0,game,Spread,Jacksonville Jaguars,,-2.5,kalshi,-1012,—,—,,-10,,hit,,,,—,,
2026-10-04T20:01:41.654341+00:00,nfl,2026,4,401872969,4018729691952,2,1:15,(Shotgun) J.Burrow pass short right to T.Higgins to CIN 27 for 7 yards (J.Lewis).,1,10,CIN 20,20,-10,Cincinnati Bengals,Jacksonville Jaguars,3,13,7.5,92.5,343.0,23.0,366.0,205.0,113.0,318.0,game,Spread,Cincinnati Bengals,,2.5,kalshi,614,—,—,,-10,,miss,,,,—,,
2026-10-04T20:01:41.654341+00:00,nfl,2026,4,401872969,4018729691952,2,1:15,(Shotgun) J.Burrow pass short right to T.Higgins to CIN 27 for 7 yards (J.Lewis).,1,10,CIN 20,20,-10,Cincinnati Bengals,Jacksonville Jaguars,3,13,7.5,92.5,343.0,23.0,366.0,205.0,113.0,318.0,game,Total,Over,,40.5,kalshi,566,—,—,,16.0,,miss,,,,—,,
2026-10-04T20:01:41.654341+00:00,nfl,2026,4,401872969,4018729691952,2,1:15,(Shotgun) J.Burrow pass short right to T.Higgins to CIN 27 for 7 yards (J.Lewis).,1,10,CIN 20,20,-10,Cincinnati Bengals,Jacksonville Jaguars,3,13,7.5,92.5,343.0,23.0,366.0,205.0,113.0,318.0,game,Total,Under,,40.5,kalshi,-810,—,—,,16.0,,hit,,,,—,,
2026-10-04T20:01:41.654341+00:00,nfl,2026,4,401872969,4018729691952,2,1:15,(Shotgun) J.Burrow pass short right to T.Higgins to CIN 27 for 7 yards (J.Lewis).,1,10,CIN 20,20,-10,Cincinnati Bengals,Jacksonville Jaguars,3,13,7.5,92.5,343.0,23.0,366.0,205.0,113.0,318.0,game,ML,Jacksonville Jaguars,,,polymarket,-670,—,—,,Win,,hit,,,,—,,
2026-10-04T20:01:41.654341+00:00,nfl,2026,4,401872969,4018729691952,2,1:15,(Shotgun) J.Burrow pass short right to T.Higgins to CIN 27 for 7 yards (J.Lewis).,1,10,CIN 20,20,-10,Cincinnati Bengals,Jacksonville Jaguars,3,13,7.5,92.5,343.0,23.0,366.0,205.0,113.0,318.0,game,ML,Cincinnati Bengals,,,bet365,850,—,—,,Loss,,miss,,,,—,,
2026-10-04T20:01:41.654341+00:00,nfl,2026,4,401872969,4018729691977,2,0:53,"(No Huddle, Shotgun) J.Burrow pass short right to T.Higgins to CIN 41 for 14 yards (R.Lane).",2,3,CIN 27,27,-10,Cincinnati Bengals,Jacksonville Jaguars,3,13,7.5,92.5,343.0,23.0,366.0,205.0,113.0,318.0,game,Spread,Jacksonville Jaguars,,-2.5,kalshi,-1012,—,—,,-10,,hit,,,,—,,
2026-10-04T20:01:41.654341+00:00,nfl,2026,4,401872969,4018729691977,2,0:53,"(No Huddle, Shotgun) J.Burrow pass short right to T.Higgins to CIN 41 for 14 yards (R.Lane).",2,3,CIN 27,27,-10,Cincinnati Bengals,Jacksonville Jaguars,3,13,7.5,92.5,343.0,23.0,366.0,205.0,113.0,318.0,game,Spread,Cincinnati Bengals,,2.5,kalshi,614,—,—,,-10,,miss,,,,—,,
2026-10-04T20:01:41.654341+00:00,nfl,2026,4,401872969,4018729691977,2,0:53,"(No Huddle, Shotgun) J.Burrow pass short right to T.Higgins to CIN 41 for 14 yards (R.Lane).",2,3,CIN 27,27,-10,Cincinnati Bengals,Jacksonville Jaguars,3,13,7.5,92.5,343.0,23.0,366.0,205.0,113.0,318.0,game,Total,Over,,40.5,kalshi,566,—,—,,16.0,,miss,,,,—,,
2026-10-04T20:01:41.654341+00:00,nfl,2026,4,401872969,4018729691977,2,0:53,"(No Huddle, Shotgun) J.Burrow pass short right to T.Higgins to CIN 41 for 14 yards (R.Lane).",2,3,CIN 27,27,-10,Cincinnati Bengals,Jacksonville Jaguars,3,13,7.5,92.5,343.0,23.0,366.0,205.0,113.0,318.0,game,Total,Under,,40.5,kalshi,-810,—,—,,16.0,,hit,,,,—,,
2026-10-04T20:01:41.654341+00:00,nfl,2026,4,401872969,4018729691977,2,0:53,"(No Huddle, Shotgun) J.Burrow pass short right to T.Higgins to CIN 41 for 14 yards (R.Lane).",2,3,CIN 27,27,-10,Cincinnati Bengals,Jacksonville Jaguars,3,13,7.5,92.5,343.0,23.0,366.0,205.0,113.0,318.0,game,ML,Jacksonville Jaguars,,,polymarket,-670,—,—,,Win,,hit,,,,—,,
2026-10-04T20:01:41.654341+00:00,nfl,2026,4,401872969,4018729691977,2,0:53,"(No Huddle, Shotgun) J.Burrow pass short right to T.Higgins to CIN 41 for 14 yards (R.Lane).",2,3,CIN 27,27,-10,Cincinnati Bengals,Jacksonville Jaguars,3,13,7.5,92.5,343.0,23.0,366.0,205.0,113.0,318.0,game,ML,Cincinnati Bengals,,,bet365,850,—,—,,Loss,,miss,,,,—,,
2026-10-04T20:01:41.654341+00:00,nfl,2026,4,401872969,4018729692002,2,0:30,"(No Huddle, Shotgun) J.Burrow pass short middle to T.Hudson to 50 for 9 yards (F.Oluokun; R.Lane).PENALTY on CIN-D.Fairchild, Illegal Use of Hands, 10 yards, enforced at CIN 41 - No Play.",1,10,CIN 41,41,-10,Cincinnati Bengals,Jacksonville Jaguars,3,13,7.5,92.5,343.0,23.0,366.0,205.0,113.0,318.0,game,Spread,Jacksonville Jaguars,,-2.5,kalshi,-1012,—,—,,-10,,hit,,,,—,,
2026-10-04T20:01:41.654341+00:00,nfl,2026,4,401872969,4018729692002,2,0:30,"(No Huddle, Shotgun) J.Burrow pass short middle to T.Hudson to 50 for 9 yards (F.Oluokun; R.Lane).PENALTY on CIN-D.Fairchild, Illegal Use of Hands, 10 yards, enforced at CIN 41 - No Play.",1,10,CIN 41,41,-10,Cincinnati Bengals,Jacksonville Jaguars,3,13,7.5,92.5,343.0,23.0,366.0,205.0,113.0,318.0,game,Spread,Cincinnati Bengals,,2.5,kalshi,614,—,—,,-10,,miss,,,,—,,
2026-10-04T20:01:41.654341+00:00,nfl,2026,4,401872969,4018729692002,2,0:30,"(No Huddle, Shotgun) J.Burrow pass short middle to T.Hudson to 50 for 9 yards (F.Oluokun; R.Lane).PENALTY on CIN-D.Fairchild, Illegal Use of Hands, 10 yards, enforced at CIN 41 - No Play.",1,10,CIN 41,41,-10,Cincinnati Bengals,Jacksonville Jaguars,3,13,7.5,92.5,343.0,23.0,366.0,205.0,113.0,318.0,game,Total,Over,,40.5,kalshi,566,—,—,,16.0,,miss,,,,—,,
2026-10-04T20:01:41.654341+00:00,nfl,2026,4,401872969,4018729692002,2,0:30,"(No Huddle, Shotgun) J.Burrow pass short middle to T.Hudson to 50 for 9 yards (F.Oluokun; R.Lane).PENALTY on CIN-D.Fairchild, Illegal Use of Hands, 10 yards, enforced at CIN 41 - No Play.",1,10,CIN 41,41,-10,Cincinnati Bengals,Jacksonville Jaguars,3,13,7.5,92.5,343.0,23.0,366.0,205.0,113.0,318.0,game,Total,Under,,40.5,kalshi,-810,—,—,,16.0,,hit,,,,—,,
2026-10-04T20:01:41.654341+00:00,nfl,2026,4,401872969,4018729692002,2,0:30,"(No Huddle, Shotgun) J.Burrow pass short middle to T.Hudson to 50 for 9 yards (F.Oluokun; R.Lane).PENALTY on CIN-D.Fairchild, Illegal Use of Hands, 10 yards, enforced at CIN 41 - No Play.",1,10,CIN 41,41,-10,Cincinnati Bengals,Jacksonville Jaguars,3,13,7.5,92.5,343.0,23.0,366.0,205.0,113.0,318.0,game,ML,Jacksonville Jaguars,,,polymarket,-670,—,—,,Win,,hit,,,,—,,
2026-10-04T20:01:41.654341+00:00,nfl,2026,4,401872969,4018729692002,2,0:30,"(No Huddle, Shotgun) J.Burrow pass short middle to T.Hudson to 50 for 9 yards (F.Oluokun; R.Lane).PENALTY on CIN-D.Fairchild, Illegal Use of Hands, 10 yards, enforced at CIN 41 - No Play.",1,10,CIN 41,41,-10,Cincinnati Bengals,Jacksonville Jaguars,3,13,7.5,92.5,343.0,23.0,366.0,205.0,113.0,318.0,game,ML,Cincinnati Bengals,,,bet365,850,—,—,,Loss,,miss,,,,—,,
2026-10-04T20:01:41.654341+00:00,nfl,2026,4,401872969,4018729692038,2,0:22,(Shotgun) J.Burrow pass short right to C.Brown pushed ob at CIN 39 for 8 yards (J.Jones).,1,20,CIN 31,31,-10,Cincinnati Bengals,Jacksonville Jaguars,3,13,7.5,92.5,343.0,23.0,366.0,205.0,113.0,318.0,game,Spread,Jacksonville Jaguars,,-2.5,kalshi,-1012,—,—,,-10,,hit,,,,—,,
2026-10-04T20:01:41.654341+00:00,nfl,2026,4,401872969,4018729692038,2,0:22,(Shotgun) J.Burrow pass short right to C.Brown pushed ob at CIN 39 for 8 yards (J.Jones).,1,20,CIN 31,31,-10,Cincinnati Bengals,Jacksonville Jaguars,3,13,7.5,92.5,343.0,23.0,366.0,205.0,113.0,318.0,game,Spread,Cincinnati Bengals,,2.5,kalshi,614,—,—,,-10,,miss,,,,—,,
2026-10-04T20:01:41.654341+00:00,nfl,2026,4,401872969,4018729692038,2,0:22,(Shotgun) J.Burrow pass short right to C.Brown pushed ob at CIN 39 for 8 yards (J.Jones).,1,20,CIN 31,31,-10,Cincinnati Bengals,Jacksonville Jaguars,3,13,7.5,92.5,343.0,23.0,366.0,205.0,113.0,318.0,game,Total,Over,,40.5,kalshi,566,—,—,,16.0,,miss,,,,—,,
2026-10-04T20:01:41.654341+00:00,nfl,2026,4,401872969,4018729692038,2,0:22,(Shotgun) J.Burrow pass short right to C.Brown pushed ob at CIN 39 for 8 yards (J.Jones).,1,20,CIN 31,31,-10,Cincinnati Bengals,Jacksonville Jaguars,3,13,7.5,92.5,343.0,23.0,366.0,205.0,113.0,318.0,game,Total,Under,,40.5,kalshi,-810,—,—,,16.0,,hit,,,,—,,
2026-10-04T20:01:41.654341+00:00,nfl,2026,4,401872969,4018729692038,2,0:22,(Shotgun) J.Burrow pass short right to C.Brown pushed ob at CIN 39 for 8 yards (J.Jones).,1,20,CIN 31,31,-10,Cincinnati Bengals,Jacksonville Jaguars,3,13,7.5,92.5,343.0,23.0,366.0,205.0,113.0,318.0,game,ML,Jacksonville Jaguars,,,polymarket,-670,—,—,,Win,,hit,,,,—,,
2026-10-04T20:01:41.654341+00:00,nfl,2026,4,401872969,4018729692038,2,0:22,(Shotgun) J.Burrow pass short right to C.Brown pushed ob at CIN 39 for 8 yards (J.Jones).,1,20,CIN 31,31,-10,Cincinnati Bengals,Jacksonville Jaguars,3,13,7.5,92.5,343.0,23.0,366.0,205.0,113.0,318.0,game,ML,Cincinnati Bengals,,,bet365,850,—,—,,Loss,,miss,,,,—,,
2026-10-04T20:01:41.654341+00:00,nfl,2026,4,401872969,4018729692053,2,0:16,Timeout #1 by JAX at 00:16.,2,12,CIN 39,39,-10,Cincinnati Bengals,Jacksonville Jaguars,3,13,7.5,92.5,343.0,23.0,366.0,205.0,113.0,318.0,game,Spread,Jacksonville Jaguars,,-2.5,kalshi,-1012,—,—,,-10,,hit,,,,—,,
2026-10-04T20:01:41.654341+00:00,nfl,2026,4,401872969,4018729692053,2,0:16,Timeout #1 by JAX at 00:16.,2,12,CIN 39,39,-10,Cincinnati Bengals,Jacksonville Jaguars,3,13,7.5,92.5,343.0,23.0,366.0,205.0,113.0,318.0,game,Spread,Cincinnati Bengals,,2.5,kalshi,614,—,—,,-10,,miss,,,,—,,
2026-10-04T20:01:41.654341+00:00,nfl,2026,4,401872969,4018729692053,2,0:16,Timeout #1 by JAX at 00:16.,2,12,CIN 39,39,-10,Cincinnati Bengals,Jacksonville Jaguars,3,13,7.5,92.5,343.0,23.0,366.0,205.0,113.0,318.0,game,Total,Over,,40.5,kalshi,566,—,—,,16.0,,miss,,,,—,,
2026-10-04T20:01:41.654341+00:00,nfl,2026,4,401872969,4018729692053,2,0:16,Timeout #1 by JAX at 00:16.,2,12,CIN 39,39,-10,Cincinnati Bengals,Jacksonville Jaguars,3,13,7.5,92.5,343.0,23.0,366.0,205.0,113.0,318.0,game,Total,Under,,40.5,kalshi,-810,—,—,,16.0,,hit,,,,—,,
2026-10-04T20:01:41.654341+00:00,nfl,2026,4,401872969,4018729692053,2,0:16,Timeout #1 by JAX at 00:16.,2,12,CIN 39,39,-10,Cincinnati Bengals,Jacksonville Jaguars,3,13,7.5,92.5,343.0,23.0,366.0,205.0,113.0,318.0,game,ML,Jacksonville Jaguars,,,polymarket,-670,—,—,,Win,,hit,,,,—,,
2026-10-04T20:01:41.654341+00:00,nfl,2026,4,401872969,4018729692053,2,0:16,Timeout #1 by JAX at 00:16.,2,12,CIN 39,39,-10,Cincinnati Bengals,Jacksonville Jaguars,3,13,7.5,92.5,343.0,23.0,366.0,205.0,113.0,318.0,game,ML,Cincinnati Bengals,,,bet365,850,—,—,,Loss,,miss,,,,—,,
2026-10-04T20:01:41.654341+00:00,nfl,2026,4,401872969,4018729692068,2,0:16,(Shotgun) J.Burrow pass incomplete deep right to T.Higgins (J.Jones).,2,12,CIN 39,39,-10,Cincinnati Bengals,Jacksonville Jaguars,3,13,7.5,92.5,343.0,23.0,366.0,205.0,113.0,318.0,game,Spread,Jacksonville Jaguars,,-2.5,kalshi,-1012,—,—,,-10,,hit,,,,—,,
2026-10-04T20:01:41.654341+00:00,nfl,2026,4,401872969,4018729692068,2,0:16,(Shotgun) J.Burrow pass incomplete deep right to T.Higgins (J.Jones).,2,12,CIN 39,39,-10,Cincinnati Bengals,Jacksonville Jaguars,3,13,7.5,92.5,343.0,23.0,366.0,205.0,113.0,318.0,game,Spread,Cincinnati Bengals,,2.5,kalshi,614,—,—,,-10,,miss,,,,—,,
2026-10-04T20:01:41.654341+00:00,nfl,2026,4,401872969,4018729692068,2,0:16,(Shotgun) J.Burrow pass incomplete deep right to T.Higgins (J.Jones).,2,12,CIN 39,39,-10,Cincinnati Bengals,Jacksonville Jaguars,3,13,7.5,92.5,343.0,23.0,366.0,205.0,113.0,318.0,game,Total,Over,,40.5,kalshi,566,—,—,,16.0,,miss,,,,—,,
2026-10-04T20:01:41.654341+00:00,nfl,2026,4,401872969,4018729692068,2,0:16,(Shotgun) J.Burrow pass incomplete deep right to T.Higgins (J.Jones).,2,12,CIN 39,39,-10,Cincinnati Bengals,Jacksonville Jaguars,3,13,7.5,92.5,343.0,23.0,366.0,205.0,113.0,318.0,game,Total,Under,,40.5,kalshi,-810,—,—,,16.0,,hit,,,,—,,
2026-10-04T20:01:41.654341+00:00,nfl,2026,4,401872969,4018729692068,2,0:16,(Shotgun) J.Burrow pass incomplete deep right to T.Higgins (J.Jones).,2,12,CIN 39,39,-10,Cincinnati Bengals,Jacksonville Jaguars,3,13,7.5,92.5,343.0,23.0,366.0,205.0,113.0,318.0,game,ML,Jacksonville Jaguars,,,polymarket,-670,—,—,,Win,,hit,,,,—,,
2026-10-04T20:01:41.654341+00:00,nfl,2026,4,401872969,4018729692068,2,0:16,(Shotgun) J.Burrow pass incomplete deep right to T.Higgins (J.Jones).,2,12,CIN 39,39,-10,Cincinnati Bengals,Jacksonville Jaguars,3,13,7.5,92.5,343.0,23.0,366.0,205.0,113.0,318.0,game,ML,Cincinnati Bengals,,,bet365,850,—,—,,Loss,,miss,,,,—,,
2026-10-04T20:01:41.654341+00:00,nfl,2026,4,401872969,4018729692083,2,0:09,Timeout #2 by JAX at 00:09.,3,12,CIN 39,39,-10,Cincinnati Bengals,Jacksonville Jaguars,3,13,7.5,92.5,343.0,23.0,366.0,205.0,113.0,318.0,game,Spread,Jacksonville Jaguars,,-2.5,kalshi,-1012,—,—,,-10,,hit,,,,—,,
2026-10-04T20:01:41.654341+00:00,nfl,2026,4,401872969,4018729692083,2,0:09,Timeout #2 by JAX at 00:09.,3,12,CIN 39,39,-10,Cincinnati Bengals,Jacksonville Jaguars,3,13,7.5,92.5,343.0,23.0,366.0,205.0,113.0,318.0,game,Spread,Cincinnati Bengals,,2.5,kalshi,614,—,—,,-10,,miss,,,,—,,
2026-10-04T20:01:41.654341+00:00,nfl,2026,4,401872969,4018729692083,2,0:09,Timeout #2 by JAX at 00:09.,3,12,CIN 39,39,-10,Cincinnati Bengals,Jacksonville Jaguars,3,13,7.5,92.5,343.0,23.0,366.0,205.0,113.0,318.0,game,Total,Over,,40.5,kalshi,566,—,—,,16.0,,miss,,,,—,,
2026-10-04T20:01:41.654341+00:00,nfl,2026,4,401872969,4018729692083,2,0:09,Timeout #2 by JAX at 00:09.,3,12,CIN 39,39,-10,Cincinnati Bengals,Jacksonville Jaguars,3,13,7.5,92.5,343.0,23.0,366.0,205.0,113.0,318.0,game,Total,Under,,40.5,kalshi,-810,—,—,,16.0,,hit,,,,—,,
2026-10-04T20:01:41.654341+00:00,nfl,2026,4,401872969,4018729692083,2,0:09,Timeout #2 by JAX at 00:09.,3,12,CIN 39,39,-10,Cincinnati Bengals,Jacksonville Jaguars,3,13,7.5,92.5,343.0,23.0,366.0,205.0,113.0,318.0,game,ML,Jacksonville Jaguars,,,polymarket,-670,—,—,,Win,,hit,,,,—,,
2026-10-04T20:01:41.654341+00:00,nfl,2026,4,401872969,4018729692083,2,0:09,Timeout #2 by JAX at 00:09.,3,12,CIN 39,39,-10,Cincinnati Bengals,Jacksonville Jaguars,3,13,7.5,92.5,343.0,23.0,366.0,205.0,113.0,318.0,game,ML,Cincinnati Bengals,,,bet365,850,—,—,,Loss,,miss,,,,—,,
2026-10-04T20:01:41.654341+00:00,nfl,2026,4,401872969,4018729692098,2,0:09,(Shotgun) J.Burrow pass short right to C.Brown pushed ob at CIN 46 for 7 yards (F.Oluokun).,3,12,CIN 39,39,-10,Cincinnati Bengals,Jacksonville Jaguars,3,13,7.5,92.5,343.0,23.0,366.0,205.0,113.0,318.0,game,Spread,Jacksonville Jaguars,,-2.5,kalshi,-1012,—,—,,-10,,hit,,,,—,,
2026-10-04T20:01:41.654341+00:00,nfl,2026,4,401872969,4018729692098,2,0:09,(Shotgun) J.Burrow pass short right to C.Brown pushed ob at CIN 46 for 7 yards (F.Oluokun).,3,12,CIN 39,39,-10,Cincinnati Bengals,Jacksonville Jaguars,3,13,7.5,92.5,343.0,23.0,366.0,205.0,113.0,318.0,game,Spread,Cincinnati Bengals,,2.5,kalshi,614,—,—,,-10,,miss,,,,—,,
2026-10-04T20:01:41.654341+00:00,nfl,2026,4,401872969,4018729692098,2,0:09,(Shotgun) J.Burrow pass short right to C.Brown pushed ob at CIN 46 for 7 yards (F.Oluokun).,3,12,CIN 39,39,-10,Cincinnati Bengals,Jacksonville Jaguars,3,13,7.5,92.5,343.0,23.0,366.0,205.0,113.0,318.0,game,Total,Over,,40.5,kalshi,566,—,—,,16.0,,miss,,,,—,,
2026-10-04T20:01:41.654341+00:00,nfl,2026,4,401872969,4018729692098,2,0:09,(Shotgun) J.Burrow pass short right to C.Brown pushed ob at CIN 46 for 7 yards (F.Oluokun).,3,12,CIN 39,39,-10,Cincinnati Bengals,Jacksonville Jaguars,3,13,7.5,92.5,343.0,23.0,366.0,205.0,113.0,318.0,game,Total,Under,,40.5,kalshi,-810,—,—,,16.0,,hit,,,,—,,
2026-10-04T20:01:41.654341+00:00,nfl,2026,4,401872969,4018729692098,2,0:09,(Shotgun) J.Burrow pass short right to C.Brown pushed ob at CIN 46 for 7 yards (F.Oluokun).,3,12,CIN 39,39,-10,Cincinnati Bengals,Jacksonville Jaguars,3,13,7.5,92.5,343.0,23.0,366.0,205.0,113.0,318.0,game,ML,Jacksonville Jaguars,,,polymarket,-670,—,—,,Win,,hit,,,,—,,
2026-10-04T20:01:41.654341+00:00,nfl,2026,4,401872969,4018729692098,2,0:09,(Shotgun) J.Burrow pass short right to C.Brown pushed ob at CIN 46 for 7 yards (F.Oluokun).,3,12,CIN 39,39,-10,Cincinnati Bengals,Jacksonville Jaguars,3,13,7.5,92.5,343.0,23.0,366.0,205.0,113.0,318.0,game,ML,Cincinnati Bengals,,,bet365,850,—,—,,Loss,,miss,,,,—,,
2026-10-04T20:01:41.654341+00:00,nfl,2026,4,401872969,4018729692140,2,0:04,(Shotgun) J.Burrow pass short right to C.Brown to JAX 45 for 9 yards (J.Lewis).,4,5,CIN 46,46,-10,Cincinnati Bengals,Jacksonville Jaguars,3,13,7.5,92.5,343.0,23.0,366.0,205.0,113.0,318.0,game,Spread,Jacksonville Jaguars,,-2.5,kalshi,-1012,—,—,,-10,,hit,,,,—,,
2026-10-04T20:01:41.654341+00:00,nfl,2026,4,401872969,4018729692140,2,0:04,(Shotgun) J.Burrow pass short right to C.Brown to JAX 45 for 9 yards (J.Lewis).,4,5,CIN 46,46,-10,Cincinnati Bengals,Jacksonville Jaguars,3,13,7.5,92.5,343.0,23.0,366.0,205.0,113.0,318.0,game,Spread,Cincinnati Bengals,,2.5,kalshi,614,—,—,,-10,,miss,,,,—,,
2026-10-04T20:01:41.654341+00:00,nfl,2026,4,401872969,4018729692140,2,0:04,(Shotgun) J.Burrow pass short right to C.Brown to JAX 45 for 9 yards (J.Lewis).,4,5,CIN 46,46,-10,Cincinnati Bengals,Jacksonville Jaguars,3,13,7.5,92.5,343.0,23.0,366.0,205.0,113.0,318.0,game,Total,Over,,40.5,kalshi,566,—,—,,16.0,,miss,,,,—,,
2026-10-04T20:01:41.654341+00:00,nfl,2026,4,401872969,4018729692140,2,0:04,(Shotgun) J.Burrow pass short right to C.Brown to JAX 45 for 9 yards (J.Lewis).,4,5,CIN 46,46,-10,Cincinnati Bengals,Jacksonville Jaguars,3,13,7.5,92.5,343.0,23.0,366.0,205.0,113.0,318.0,game,Total,Under,,40.5,kalshi,-810,—,—,,16.0,,hit,,,,—,,
2026-10-04T20:01:41.654341+00:00,nfl,2026,4,401872969,4018729692140,2,0:04,(Shotgun) J.Burrow pass short right to C.Brown to JAX 45 for 9 yards (J.Lewis).,4,5,CIN 46,46,-10,Cincinnati Bengals,Jacksonville Jaguars,3,13,7.5,92.5,343.0,23.0,366.0,205.0,113.0,318.0,game,ML,Jacksonville Jaguars,,,polymarket,-670,—,—,,Win,,hit,,,,—,,
2026-10-04T20:01:41.654341+00:00,nfl,2026,4,401872969,4018729692140,2,0:04,(Shotgun) J.Burrow pass short right to C.Brown to JAX 45 for 9 yards (J.Lewis).,4,5,CIN 46,46,-10,Cincinnati Bengals,Jacksonville Jaguars,3,13,7.5,92.5,343.0,23.0,366.0,205.0,113.0,318.0,game,ML,Cincinnati Bengals,,,bet365,850,—,—,,Loss,,miss,,,,—,,
2026-10-04T20:01:41.654341+00:00,nfl,2026,4,401872969,4018729692165,2,0:00,END QUARTER 2,3,10,JAX 45,55,-10,Cincinnati Bengals,Jacksonville Jaguars,3,13,7.5,92.5,343.0,23.0,366.0,205.0,113.0,318.0,game,Spread,Jacksonville Jaguars,,-2.5,kalshi,-1012,—,—,,-10,,hit,,,,—,,
2026-10-04T20:01:41.654341+00:00,nfl,2026,4,401872969,4018729692165,2,0:00,END QUARTER 2,3,10,JAX 45,55,-10,Cincinnati Bengals,Jacksonville Jaguars,3,13,7.5,92.5,343.0,23.0,366.0,205.0,113.0,318.0,game,Spread,Cincinnati Bengals,,2.5,kalshi,614,—,—,,-10,,miss,,,,—,,
2026-10-04T20:01:41.654341+00:00,nfl,2026,4,401872969,4018729692165,2,0:00,END QUARTER 2,3,10,JAX 45,55,-10,Cincinnati Bengals,Jacksonville Jaguars,3,13,7.5,92.5,343.0,23.0,366.0,205.0,113.0,318.0,game,Total,Over,,40.5,kalshi,566,—,—,,16.0,,miss,,,,—,,
2026-10-04T20:01:41.654341+00:00,nfl,2026,4,401872969,4018729692165,2,0:00,END QUARTER 2,3,10,JAX 45,55,-10,Cincinnati Bengals,Jacksonville Jaguars,3,13,7.5,92.5,343.0,23.0,366.0,205.0,113.0,318.0,game,Total,Under,,40.5,kalshi,-810,—,—,,16.0,,hit,,,,—,,
2026-10-04T20:01:41.654341+00:00,nfl,2026,4,401872969,4018729692165,2,0:00,END QUARTER 2,3,10,JAX 45,55,-10,Cincinnati Bengals,Jacksonville Jaguars,3,13,7.5,92.5,343.0,23.0,366.0,205.0,113.0,318.0,game,ML,Jacksonville Jaguars,,,polymarket,-670,—,—,,Win,,hit,,,,—,,
2026-10-04T20:01:41.654341+00:00,nfl,2026,4,401872969,4018729692165,2,0:00,END QUARTER 2,3,10,JAX 45,55,-10,Cincinnati Bengals,Jacksonville Jaguars,3,13,7.5,92.5,343.0,23.0,366.0,205.0,113.0,318.0,game,ML,Cincinnati Bengals,,,bet365,850,—,—,,Loss,,miss,,,,—,,
2026-10-04T20:01:41.654341+00:00,nfl,2026,4,401872969,4018729692185,3,15:00,C.Little kicks 60 yards from JAX 35 to CIN 5. D.Meyers pushed ob at CIN 33 for 28 yards (Q.Morris).,3,10,JAX 45,65,-10,Cincinnati Bengals,Jacksonville Jaguars,3,13,7.5,92.5,343.0,23.0,366.0,205.0,113.0,318.0,game,Spread,Jacksonville Jaguars,,-2.5,kalshi,-1012,—,—,,-10,,hit,,,,—,,
2026-10-04T20:01:41.654341+00:00,nfl,2026,4,401872969,4018729692185,3,15:00,C.Little kicks 60 yards from JAX 35 to CIN 5. D.Meyers pushed ob at CIN 33 for 28 yards (Q.Morris).,3,10,JAX 45,65,-10,Cincinnati Bengals,Jacksonville Jaguars,3,13,7.5,92.5,343.0,23.0,366.0,205.0,113.0,318.0,game,Spread,Cincinnati Bengals,,2.5,kalshi,614,—,—,,-10,,miss,,,,—,,
2026-10-04T20:01:41.654341+00:00,nfl,2026,4,401872969,4018729692185,3,15:00,C.Little kicks 60 yards from JAX 35 to CIN 5. D.Meyers pushed ob at CIN 33 for 28 yards (Q.Morris).,3,10,JAX 45,65,-10,Cincinnati Bengals,Jacksonville Jaguars,3,13,7.5,92.5,343.0,23.0,366.0,205.0,113.0,318.0,game,Total,Over,,40.5,kalshi,566,—,—,,16.0,,miss,,,,—,,
2026-10-04T20:01:41.654341+00:00,nfl,2026,4,401872969,4018729692185,3,15:00,C.Little kicks 60 yards from JAX 35 to CIN 5. D.Meyers pushed ob at CIN 33 for 28 yards (Q.Morris).,3,10,JAX 45,65,-10,Cincinnati Bengals,Jacksonville Jaguars,3,13,7.5,92.5,343.0,23.0,366.0,205.0,113.0,318.0,game,Total,Under,,40.5,kalshi,-810,—,—,,16.0,,hit,,,,—,,
2026-10-04T20:01:41.654341+00:00,nfl,2026,4,401872969,4018729692185,3,15:00,C.Little kicks 60 yards from JAX 35 to CIN 5. D.Meyers pushed ob at CIN 33 for 28 yards (Q.Morris).,3,10,JAX 45,65,-10,Cincinnati Bengals,Jacksonville Jaguars,3,13,7.5,92.5,343.0,23.0,366.0,205.0,113.0,318.0,game,ML,Jacksonville Jaguars,,,polymarket,-670,—,—,,Win,,hit,,,,—,,
2026-10-04T20:01:41.654341+00:00,nfl,2026,4,401872969,4018729692185,3,15:00,C.Little kicks 60 yards from JAX 35 to CIN 5. D.Meyers pushed ob at CIN 33 for 28 yards (Q.Morris).,3,10,JAX 45,65,-10,Cincinnati Bengals,Jacksonville Jaguars,3,13,7.5,92.5,343.0,23.0,366.0,205.0,113.0,318.0,game,ML,Cincinnati Bengals,,,bet365,850,—,—,,Loss,,miss,,,,—,,
2026-10-04T20:01:41.654341+00:00,nfl,2026,4,401872969,4018729692218,3,14:55,J.Burrow sacked at CIN 30 for -3 yards (A.Armstead).,1,10,CIN 33,33,-10,Cincinnati Bengals,Jacksonville Jaguars,3,13,7.5,92.5,343.0,23.0,366.0,205.0,113.0,318.0,game,Spread,Jacksonville Jaguars,,-2.5,kalshi,-1012,—,—,,-10,,hit,,,,—,,
2026-10-04T20:01:41.654341+00:00,nfl,2026,4,401872969,4018729692218,3,14:55,J.Burrow sacked at CIN 30 for -3 yards (A.Armstead).,1,10,CIN 33,33,-10,Cincinnati Bengals,Jacksonville Jaguars,3,13,7.5,92.5,343.0,23.0,366.0,205.0,113.0,318.0,game,Spread,Cincinnati Bengals,,2.5,kalshi,614,—,—,,-10,,miss,,,,—,,
2026-10-04T20:01:41.654341+00:00,nfl,2026,4,401872969,4018729692218,3,14:55,J.Burrow sacked at CIN 30 for -3 yards (A.Armstead).,1,10,CIN 33,33,-10,Cincinnati Bengals,Jacksonville Jaguars,3,13,7.5,92.5,343.0,23.0,366.0,205.0,113.0,318.0,game,Total,Over,,40.5,kalshi,566,—,—,,16.0,,miss,,,,—,,
2026-10-04T20:01:41.654341+00:00,nfl,2026,4,401872969,4018729692218,3,14:55,J.Burrow sacked at CIN 30 for -3 yards (A.Armstead).,1,10,CIN 33,33,-10,Cincinnati Bengals,Jacksonville Jaguars,3,13,7.5,92.5,343.0,23.0,366.0,205.0,113.0,318.0,game,Total,Under,,40.5,kalshi,-810,—,—,,16.0,,hit,,,,—,,
2026-10-04T20:01:41.654341+00:00,nfl,2026,4,401872969,4018729692218,3,14:55,J.Burrow sacked at CIN 30 for -3 yards (A.Armstead).,1,10,CIN 33,33,-10,Cincinnati Bengals,Jacksonville Jaguars,3,13,7.5,92.5,343.0,23.0,366.0,205.0,113.0,318.0,game,ML,Jacksonville Jaguars,,,polymarket,-670,—,—,,Win,,hit,,,,—,,
2026-10-04T20:01:41.654341+00:00,nfl,2026,4,401872969,4018729692218,3,14:55,J.Burrow sacked at CIN 30 for -3 yards (A.Armstead).,1,10,CIN 33,33,-10,Cincinnati Bengals,Jacksonville Jaguars,3,13,7.5,92.5,343.0,23.0,366.0,205.0,113.0,318.0,game,ML,Cincinnati Bengals,,,bet365,850,—,—,,Loss,,miss,,,,—,,
2026-10-04T20:01:41.654341+00:00,nfl,2026,4,401872969,4018729692238,3,14:13,(Shotgun) J.Burrow pass short left to T.Higgins pushed ob at CIN 46 for 16 yards (J.Jones).,2,13,CIN 30,30,-10,Cincinnati Bengals,Jacksonville Jaguars,3,13,7.5,92.5,343.0,23.0,366.0,205.0,113.0,318.0,game,Spread,Jacksonville Jaguars,,-2.5,kalshi,-1012,—,—,,-10,,hit,,,,—,,
2026-10-04T20:01:41.654341+00:00,nfl,2026,4,401872969,4018729692238,3,14:13,(Shotgun) J.Burrow pass short left to T.Higgins pushed ob at CIN 46 for 16 yards (J.Jones).,2,13,CIN 30,30,-10,Cincinnati Bengals,Jacksonville Jaguars,3,13,7.5,92.5,343.0,23.0,366.0,205.0,113.0,318.0,game,Spread,Cincinnati Bengals,,2.5,kalshi,614,—,—,,-10,,miss,,,,—,,
2026-10-04T20:01:41.654341+00:00,nfl,2026,4,401872969,4018729692238,3,14:13,(Shotgun) J.Burrow pass short left to T.Higgins pushed ob at CIN 46 for 16 yards (J.Jones).,2,13,CIN 30,30,-10,Cincinnati Bengals,Jacksonville Jaguars,3,13,7.5,92.5,343.0,23.0,366.0,205.0,113.0,318.0,game,Total,Over,,40.5,kalshi,566,—,—,,16.0,,miss,,,,—,,
2026-10-04T20:01:41.654341+00:00,nfl,2026,4,401872969,4018729692238,3,14:13,(Shotgun) J.Burrow pass short left to T.Higgins pushed ob at CIN 46 for 16 yards (J.Jones).,2,13,CIN 30,30,-10,Cincinnati Bengals,Jacksonville Jaguars,3,13,7.5,92.5,343.0,23.0,366.0,205.0,113.0,318.0,game,Total,Under,,40.5,kalshi,-810,—,—,,16.0,,hit,,,,—,,
2026-10-04T20:01:41.654341+00:00,nfl,2026,4,401872969,4018729692238,3,14:13,(Shotgun) J.Burrow pass short left to T.Higgins pushed ob at CIN 46 for 16 yards (J.Jones).,2,13,CIN 30,30,-10,Cincinnati Bengals,Jacksonville Jaguars,3,13,7.5,92.5,343.0,23.0,366.0,205.0,113.0,318.0,game,ML,Jacksonville Jaguars,,,polymarket,-670,—,—,,Win,,hit,,,,—,,
2026-10-04T20:01:41.654341+00:00,nfl,2026,4,401872969,4018729692238,3,14:13,(Shotgun) J.Burrow pass short left to T.Higgins pushed ob at CIN 46 for 16 yards (J.Jones).,2,13,CIN 30,30,-10,Cincinnati Bengals,Jacksonville Jaguars,3,13,7.5,92.5,343.0,23.0,366.0,205.0,113.0,318.0,game,ML,Cincinnati Bengals,,,bet365,850,—,—,,Loss,,miss,,,,—,,
2026-10-04T20:01:41.654341+00:00,nfl,2026,4,401872969,4018729692273,3,13:40, C.Brown right end to CIN 49 for 3 yards (R.Orhorhoro).,1,10,CIN 46,46,-10,Cincinnati Bengals,Jacksonville Jaguars,3,13,7.5,92.5,343.0,23.0,366.0,205.0,113.0,318.0,game,Spread,Jacksonville Jaguars,,-2.5,kalshi,-1012,—,—,,-10,,hit,,,,—,,
2026-10-04T20:01:41.654341+00:00,nfl,2026,4,401872969,4018729692273,3,13:40, C.Brown right end to CIN 49 for 3 yards (R.Orhorhoro).,1,10,CIN 46,46,-10,Cincinnati Bengals,Jacksonville Jaguars,3,13,7.5,92.5,343.0,23.0,366.0,205.0,113.0,318.0,game,Spread,Cincinnati Bengals,,2.5,kalshi,614,—,—,,-10,,miss,,,,—,,
2026-10-04T20:01:41.654341+00:00,nfl,2026,4,401872969,4018729692273,3,13:40, C.Brown right end to CIN 49 for 3 yards (R.Orhorhoro).,1,10,CIN 46,46,-10,Cincinnati Bengals,Jacksonville Jaguars,3,13,7.5,92.5,343.0,23.0,366.0,205.0,113.0,318.0,game,Total,Over,,40.5,kalshi,566,—,—,,16.0,,miss,,,,—,,
2026-10-04T20:01:41.654341+00:00,nfl,2026,4,401872969,4018729692273,3,13:40, C.Brown right end to CIN 49 for 3 yards (R.Orhorhoro).,1,10,CIN 46,46,-10,Cincinnati Bengals,Jacksonville Jaguars,3,13,7.5,92.5,343.0,23.0,366.0,205.0,113.0,318.0,game,Total,Under,,40.5,kalshi,-810,—,—,,16.0,,hit,,,,—,,
2026-10-04T20:01:41.654341+00:00,nfl,2026,4,401872969,4018729692273,3,13:40, C.Brown right end to CIN 49 for 3 yards (R.Orhorhoro).,1,10,CIN 46,46,-10,Cincinnati Bengals,Jacksonville Jaguars,3,13,7.5,92.5,343.0,23.0,366.0,205.0,113.0,318.0,game,ML,Jacksonville Jaguars,,,polymarket,-670,—,—,,Win,,hit,,,,—,,
2026-10-04T20:01:41.654341+00:00,nfl,2026,4,401872969,4018729692273,3,13:40, C.Brown right end to CIN 49 for 3 yards (R.Orhorhoro).,1,10,CIN 46,46,-10,Cincinnati Bengals,Jacksonville Jaguars,3,13,7.5,92.5,343.0,23.0,366.0,205.0,113.0,318.0,game,ML,Cincinnati Bengals,,,bet365,850,—,—,,Loss,,miss,,,,—,,
2026-10-04T20:01:41.654341+00:00,nfl,2026,4,401872969,4018729692295,3,13:03,(Shotgun) J.Burrow pass short right to C.Brown to JAX 46 for 5 yards (F.Oluokun).,2,7,CIN 49,49,-10,Cincinnati Bengals,Jacksonville Jaguars,3,13,7.5,92.5,343.0,23.0,366.0,205.0,113.0,318.0,game,Spread,Jacksonville Jaguars,,-2.5,kalshi,-1012,—,—,,-10,,hit,,,,—,,
2026-10-04T20:01:41.654341+00:00,nfl,2026,4,401872969,4018729692295,3,13:03,(Shotgun) J.Burrow pass short right to C.Brown to JAX 46 for 5 yards (F.Oluokun).,2,7,CIN 49,49,-10,Cincinnati Bengals,Jacksonville Jaguars,3,13,7.5,92.5,343.0,23.0,366.0,205.0,113.0,318.0,game,Spread,Cincinnati Bengals,,2.5,kalshi,614,—,—,,-10,,miss,,,,—,,
2026-10-04T20:01:41.654341+00:00,nfl,2026,4,401872969,4018729692295,3,13:03,(Shotgun) J.Burrow pass short right to C.Brown to JAX 46 for 5 yards (F.Oluokun).,2,7,CIN 49,49,-10,Cincinnati Bengals,Jacksonville Jaguars,3,13,7.5,92.5,343.0,23.0,366.0,205.0,113.0,318.0,game,Total,Over,,40.5,kalshi,566,—,—,,16.0,,miss,,,,—,,
2026-10-04T20:01:41.654341+00:00,nfl,2026,4,401872969,4018729692295,3,13:03,(Shotgun) J.Burrow pass short right to C.Brown to JAX 46 for 5 yards (F.Oluokun).,2,7,CIN 49,49,-10,Cincinnati Bengals,Jacksonville Jaguars,3,13,7.5,92.5,343.0,23.0,366.0,205.0,113.0,318.0,game,Total,Under,,40.5,kalshi,-810,—,—,,16.0,,hit,,,,—,,
2026-10-04T20:01:41.654341+00:00,nfl,2026,4,401872969,4018729692295,3,13:03,(Shotgun) J.Burrow pass short right to C.Brown to JAX 46 for 5 yards (F.Oluokun).,2,7,CIN 49,49,-10,Cincinnati Bengals,Jacksonville Jaguars,3,13,7.5,92.5,343.0,23.0,366.0,205.0,113.0,318.0,game,ML,Jacksonville Jaguars,,,polymarket,-670,—,—,,Win,,hit,,,,—,,
2026-10-04T20:01:41.654341+00:00,nfl,2026,4,401872969,4018729692295,3,13:03,(Shotgun) J.Burrow pass short right to C.Brown to JAX 46 for 5 yards (F.Oluokun).,2,7,CIN 49,49,-10,Cincinnati Bengals,Jacksonville Jaguars,3,13,7.5,92.5,343.0,23.0,366.0,205.0,113.0,318.0,game,ML,Cincinnati Bengals,,,bet365,850,—,—,,Loss,,miss,,,,—,,
2026-10-04T20:01:41.654341+00:00,nfl,2026,4,401872969,4018729692320,3,12:23,"(Shotgun) J.Burrow scrambles left end to JAX 44 for 2 yards (F.Oluokun). FUMBLES (F.Oluokun), ball out of bounds at JAX 44.",3,2,JAX 46,54,-10,Cincinnati Bengals,Jacksonville Jaguars,3,13,7.5,92.5,343.0,23.0,366.0,205.0,113.0,318.0,game,Spread,Jacksonville Jaguars,,-2.5,kalshi,-1012,—,—,,-10,,hit,,,,—,,
2026-10-04T20:01:41.654341+00:00,nfl,2026,4,401872969,4018729692320,3,12:23,"(Shotgun) J.Burrow scrambles left end to JAX 44 for 2 yards (F.Oluokun). FUMBLES (F.Oluokun), ball out of bounds at JAX 44.",3,2,JAX 46,54,-10,Cincinnati Bengals,Jacksonville Jaguars,3,13,7.5,92.5,343.0,23.0,366.0,205.0,113.0,318.0,game,Spread,Cincinnati Bengals,,2.5,kalshi,614,—,—,,-10,,miss,,,,—,,
2026-10-04T20:01:41.654341+00:00,nfl,2026,4,401872969,4018729692320,3,12:23,"(Shotgun) J.Burrow scrambles left end to JAX 44 for 2 yards (F.Oluokun). FUMBLES (F.Oluokun), ball out of bounds at JAX 44.",3,2,JAX 46,54,-10,Cincinnati Bengals,Jacksonville Jaguars,3,13,7.5,92.5,343.0,23.0,366.0,205.0,113.0,318.0,game,Total,Over,,40.5,kalshi,566,—,—,,16.0,,miss,,,,—,,
2026-10-04T20:01:41.654341+00:00,nfl,2026,4,401872969,4018729692320,3,12:23,"(Shotgun) J.Burrow scrambles left end to JAX 44 for 2 yards (F.Oluokun). FUMBLES (F.Oluokun), ball out of bounds at JAX 44.",3,2,JAX 46,54,-10,Cincinnati Bengals,Jacksonville Jaguars,3,13,7.5,92.5,343.0,23.0,366.0,205.0,113.0,318.0,game,Total,Under,,40.5,kalshi,-810,—,—,,16.0,,hit,,,,—,,
2026-10-04T20:01:41.654341+00:00,nfl,2026,4,401872969,4018729692320,3,12:23,"(Shotgun) J.Burrow scrambles left end to JAX 44 for 2 yards (F.Oluokun). FUMBLES (F.Oluokun), ball out of bounds at JAX 44.",3,2,JAX 46,54,-10,Cincinnati Bengals,Jacksonville Jaguars,3,13,7.5,92.5,343.0,23.0,366.0,205.0,113.0,318.0,game,ML,Jacksonville Jaguars,,,polymarket,-670,—,—,,Win,,hit,,,,—,,
2026-10-04T20:01:41.654341+00:00,nfl,2026,4,401872969,4018729692320,3,12:23,"(Shotgun) J.Burrow scrambles left end to JAX 44 for 2 yards (F.Oluokun). FUMBLES (F.Oluokun), ball out of bounds at JAX 44.",3,2,JAX 46,54,-10,Cincinnati Bengals,Jacksonville Jaguars,3,13,7.5,92.5,343.0,23.0,366.0,205.0,113.0,318.0,game,ML,Cincinnati Bengals,,,bet365,850,—,—,,Loss,,miss,,,,—,,
2026-10-04T20:01:41.654341+00:00,nfl,2026,4,401872969,4018729692347,3,11:45,(Shotgun) J.Burrow pass incomplete short middle to S.Perine.,1,10,JAX 44,56,-10,Cincinnati Bengals,Jacksonville Jaguars,3,13,7.5,92.5,343.0,23.0,366.0,205.0,113.0,318.0,game,Spread,Jacksonville Jaguars,,-2.5,kalshi,-1012,—,—,,-10,,hit,,,,—,,
2026-10-04T20:01:41.654341+00:00,nfl,2026,4,401872969,4018729692347,3,11:45,(Shotgun) J.Burrow pass incomplete short middle to S.Perine.,1,10,JAX 44,56,-10,Cincinnati Bengals,Jacksonville Jaguars,3,13,7.5,92.5,343.0,23.0,366.0,205.0,113.0,318.0,game,Spread,Cincinnati Bengals,,2.5,kalshi,614,—,—,,-10,,miss,,,,—,,
2026-10-04T20:01:41.654341+00:00,nfl,2026,4,401872969,4018729692347,3,11:45,(Shotgun) J.Burrow pass incomplete short middle to S.Perine.,1,10,JAX 44,56,-10,Cincinnati Bengals,Jacksonville Jaguars,3,13,7.5,92.5,343.0,23.0,366.0,205.0,113.0,318.0,game,Total,Over,,40.5,kalshi,566,—,—,,16.0,,miss,,,,—,,
2026-10-04T20:01:41.654341+00:00,nfl,2026,4,401872969,4018729692347,3,11:45,(Shotgun) J.Burrow pass incomplete short middle to S.Perine.,1,10,JAX 44,56,-10,Cincinnati Bengals,Jacksonville Jaguars,3,13,7.5,92.5,343.0,23.0,366.0,205.0,113.0,318.0,game,Total,Under,,40.5,kalshi,-810,—,—,,16.0,,hit,,,,—,,
2026-10-04T20:01:41.654341+00:00,nfl,2026,4,401872969,4018729692347,3,11:45,(Shotgun) J.Burrow pass incomplete short middle to S.Perine.,1,10,JAX 44,56,-10,Cincinnati Bengals,Jacksonville Jaguars,3,13,7.5,92.5,343.0,23.0,366.0,205.0,113.0,318.0,game,ML,Jacksonville Jaguars,,,polymarket,-670,—,—,,Win,,hit,,,,—,,
2026-10-04T20:01:41.654341+00:00,nfl,2026,4,401872969,4018729692347,3,11:45,(Shotgun) J.Burrow pass incomplete short middle to S.Perine.,1,10,JAX 44,56,-10,Cincinnati Bengals,Jacksonville Jaguars,3,13,7.5,92.5,343.0,23.0,366.0,205.0,113.0,318.0,game,ML,Cincinnati Bengals,,,bet365,850,—,—,,Loss,,miss,,,,—,,
2026-10-04T20:01:41.654341+00:00,nfl,2026,4,401872969,4018729692370,3,11:39,(Shotgun) J.Burrow pass short left to T.Higgins pushed ob at JAX 30 for 14 yards (E.Murray).,2,10,JAX 44,56,-10,Cincinnati Bengals,Jacksonville Jaguars,3,13,7.5,92.5,343.0,23.0,366.0,205.0,113.0,318.0,game,Spread,Jacksonville Jaguars,,-2.5,kalshi,-1012,—,—,,-10,,hit,,,,—,,
2026-10-04T20:01:41.654341+00:00,nfl,2026,4,401872969,4018729692370,3,11:39,(Shotgun) J.Burrow pass short left to T.Higgins pushed ob at JAX 30 for 14 yards (E.Murray).,2,10,JAX 44,56,-10,Cincinnati Bengals,Jacksonville Jaguars,3,13,7.5,92.5,343.0,23.0,366.0,205.0,113.0,318.0,game,Spread,Cincinnati Bengals,,2.5,kalshi,614,—,—,,-10,,miss,,,,—,,
2026-10-04T20:01:41.654341+00:00,nfl,2026,4,401872969,4018729692370,3,11:39,(Shotgun) J.Burrow pass short left to T.Higgins pushed ob at JAX 30 for 14 yards (E.Murray).,2,10,JAX 44,56,-10,Cincinnati Bengals,Jacksonville Jaguars,3,13,7.5,92.5,343.0,23.0,366.0,205.0,113.0,318.0,game,Total,Over,,40.5,kalshi,566,—,—,,16.0,,miss,,,,—,,
2026-10-04T20:01:41.654341+00:00,nfl,2026,4,401872969,4018729692370,3,11:39,(Shotgun) J.Burrow pass short left to T.Higgins pushed ob at JAX 30 for 14 yards (E.Murray).,2,10,JAX 44,56,-10,Cincinnati Bengals,Jacksonville Jaguars,3,13,7.5,92.5,343.0,23.0,366.0,205.0,113.0,318.0,game,Total,Under,,40.5,kalshi,-810,—,—,,16.0,,hit,,,,—,,
2026-10-04T20:01:41.654341+00:00,nfl,2026,4,401872969,4018729692370,3,11:39,(Shotgun) J.Burrow pass short left to T.Higgins pushed ob at JAX 30 for 14 yards (E.Murray).,2,10,JAX 44,56,-10,Cincinnati Bengals,Jacksonville Jaguars,3,13,7.5,92.5,343.0,23.0,366.0,205.0,113.0,318.0,game,ML,Jacksonville Jaguars,,,polymarket,-670,—,—,,Win,,hit,,,,—,,
2026-10-04T20:01:41.654341+00:00,nfl,2026,4,401872969,4018729692370,3,11:39,(Shotgun) J.Burrow pass short left to T.Higgins pushed ob at JAX 30 for 14 yards (E.Murray).,2,10,JAX 44,56,-10,Cincinnati Bengals,Jacksonville Jaguars,3,13,7.5,92.5,343.0,23.0,366.0,205.0,113.0,318.0,game,ML,Cincinnati Bengals,,,bet365,850,—,—,,Loss,,miss,,,,—,,
2026-10-04T20:01:41.654341+00:00,nfl,2026,4,401872969,4018729692400,3,11:01,(Shotgun) J.Burrow pass short left to C.Brown to JAX 23 for 7 yards (F.Oluokun).,1,10,JAX 30,70,-10,Cincinnati Bengals,Jacksonville Jaguars,3,13,7.5,92.5,343.0,23.0,366.0,205.0,113.0,318.0,game,Spread,Jacksonville Jaguars,,-2.5,kalshi,-1012,—,—,,-10,,hit,,,,—,,
2026-10-04T20:01:41.654341+00:00,nfl,2026,4,401872969,4018729692400,3,11:01,(Shotgun) J.Burrow pass short left to C.Brown to JAX 23 for 7 yards (F.Oluokun).,1,10,JAX 30,70,-10,Cincinnati Bengals,Jacksonville Jaguars,3,13,7.5,92.5,343.0,23.0,366.0,205.0,113.0,318.0,game,Spread,Cincinnati Bengals,,2.5,kalshi,614,—,—,,-10,,miss,,,,—,,
2026-10-04T20:01:41.654341+00:00,nfl,2026,4,401872969,4018729692400,3,11:01,(Shotgun) J.Burrow pass short left to C.Brown to JAX 23 for 7 yards (F.Oluokun).,1,10,JAX 30,70,-10,Cincinnati Bengals,Jacksonville Jaguars,3,13,7.5,92.5,343.0,23.0,366.0,205.0,113.0,318.0,game,Total,Over,,40.5,kalshi,566,—,—,,16.0,,miss,,,,—,,
2026-10-04T20:01:41.654341+00:00,nfl,2026,4,401872969,4018729692400,3,11:01,(Shotgun) J.Burrow pass short left to C.Brown to JAX 23 for 7 yards (F.Oluokun).,1,10,JAX 30,70,-10,Cincinnati Bengals,Jacksonville Jaguars,3,13,7.5,92.5,343.0,23.0,366.0,205.0,113.0,318.0,game,Total,Under,,40.5,kalshi,-810,—,—,,16.0,,hit,,,,—,,
2026-10-04T20:01:41.654341+00:00,nfl,2026,4,401872969,4018729692400,3,11:01,(Shotgun) J.Burrow pass short left to C.Brown to JAX 23 for 7 yards (F.Oluokun).,1,10,JAX 30,70,-10,Cincinnati Bengals,Jacksonville Jaguars,3,13,7.5,92.5,343.0,23.0,366.0,205.0,113.0,318.0,game,ML,Jacksonville Jaguars,,,polymarket,-670,—,—,,Win,,hit,,,,—,,
2026-10-04T20:01:41.654341+00:00,nfl,2026,4,401872969,4018729692400,3,11:01,(Shotgun) J.Burrow pass short left to C.Brown to JAX 23 for 7 yards (F.Oluokun).,1,10,JAX 30,70,-10,Cincinnati Bengals,Jacksonville Jaguars,3,13,7.5,92.5,343.0,23.0,366.0,205.0,113.0,318.0,game,ML,Cincinnati Bengals,,,bet365,850,—,—,,Loss,,miss,,,,—,,
2026-10-04T20:01:41.654341+00:00,nfl,2026,4,401872969,4018729692430,3,10:17,(Shotgun) J.Burrow pass short right to D.Meyers to JAX 18 for 5 yards (R.Lane).,2,3,JAX 23,77,-10,Cincinnati Bengals,Jacksonville Jaguars,3,13,7.5,92.5,343.0,23.0,366.0,205.0,113.0,318.0,game,Spread,Jacksonville Jaguars,,-2.5,kalshi,-1012,—,—,,-10,,hit,,,,—,,
2026-10-04T20:01:41.654341+00:00,nfl,2026,4,401872969,4018729692430,3,10:17,(Shotgun) J.Burrow pass short right to D.Meyers to JAX 18 for 5 yards (R.Lane).,2,3,JAX 23,77,-10,Cincinnati Bengals,Jacksonville Jaguars,3,13,7.5,92.5,343.0,23.0,366.0,205.0,113.0,318.0,game,Spread,Cincinnati Bengals,,2.5,kalshi,614,—,—,,-10,,miss,,,,—,,
2026-10-04T20:01:41.654341+00:00,nfl,2026,4,401872969,4018729692430,3,10:17,(Shotgun) J.Burrow pass short right to D.Meyers to JAX 18 for 5 yards (R.Lane).,2,3,JAX 23,77,-10,Cincinnati Bengals,Jacksonville Jaguars,3,13,7.5,92.5,343.0,23.0,366.0,205.0,113.0,318.0,game,Total,Over,,40.5,kalshi,566,—,—,,16.0,,miss,,,,—,,
2026-10-04T20:01:41.654341+00:00,nfl,2026,4,401872969,4018729692430,3,10:17,(Shotgun) J.Burrow pass short right to D.Meyers to JAX 18 for 5 yards (R.Lane).,2,3,JAX 23,77,-10,Cincinnati Bengals,Jacksonville Jaguars,3,13,7.5,92.5,343.0,23.0,366.0,205.0,113.0,318.0,game,Total,Under,,40.5,kalshi,-810,—,—,,16.0,,hit,,,,—,,
2026-10-04T20:01:41.654341+00:00,nfl,2026,4,401872969,4018729692430,3,10:17,(Shotgun) J.Burrow pass short right to D.Meyers to JAX 18 for 5 yards (R.Lane).,2,3,JAX 23,77,-10,Cincinnati Bengals,Jacksonville Jaguars,3,13,7.5,92.5,343.0,23.0,366.0,205.0,113.0,318.0,game,ML,Jacksonville Jaguars,,,polymarket,-670,—,—,,Win,,hit,,,,—,,
2026-10-04T20:01:41.654341+00:00,nfl,2026,4,401872969,4018729692430,3,10:17,(Shotgun) J.Burrow pass short right to D.Meyers to JAX 18 for 5 yards (R.Lane).,2,3,JAX 23,77,-10,Cincinnati Bengals,Jacksonville Jaguars,3,13,7.5,92.5,343.0,23.0,366.0,205.0,113.0,318.0,game,ML,Cincinnati Bengals,,,bet365,850,—,—,,Loss,,miss,,,,—,,
2026-10-04T20:01:41.654341+00:00,nfl,2026,4,401872969,4018729692455,3,9:38,(Shotgun) J.Burrow pass incomplete short right to T.Higgins (J.Jones) [T.Walker].,1,10,JAX 18,82,-10,Cincinnati Bengals,Jacksonville Jaguars,3,13,7.5,92.5,343.0,23.0,366.0,205.0,113.0,318.0,game,Spread,Jacksonville Jaguars,,-2.5,kalshi,-1012,—,—,,-10,,hit,,,,—,,
2026-10-04T20:01:41.654341+00:00,nfl,2026,4,401872969,4018729692455,3,9:38,(Shotgun) J.Burrow pass incomplete short right to T.Higgins (J.Jones) [T.Walker].,1,10,JAX 18,82,-10,Cincinnati Bengals,Jacksonville Jaguars,3,13,7.5,92.5,343.0,23.0,366.0,205.0,113.0,318.0,game,Spread,Cincinnati Bengals,,2.5,kalshi,614,—,—,,-10,,miss,,,,—,,
2026-10-04T20:01:41.654341+00:00,nfl,2026,4,401872969,4018729692455,3,9:38,(Shotgun) J.Burrow pass incomplete short right to T.Higgins (J.Jones) [T.Walker].,1,10,JAX 18,82,-10,Cincinnati Bengals,Jacksonville Jaguars,3,13,7.5,92.5,343.0,23.0,366.0,205.0,113.0,318.0,game,Total,Over,,40.5,kalshi,566,—,—,,16.0,,miss,,,,—,,
2026-10-04T20:01:41.654341+00:00,nfl,2026,4,401872969,4018729692455,3,9:38,(Shotgun) J.Burrow pass incomplete short right to T.Higgins (J.Jones) [T.Walker].,1,10,JAX 18,82,-10,Cincinnati Bengals,Jacksonville Jaguars,3,13,7.5,92.5,343.0,23.0,366.0,205.0,113.0,318.0,game,Total,Under,,40.5,kalshi,-810,—,—,,16.0,,hit,,,,—,,
2026-10-04T20:01:41.654341+00:00,nfl,2026,4,401872969,4018729692455,3,9:38,(Shotgun) J.Burrow pass incomplete short right to T.Higgins (J.Jones) [T.Walker].,1,10,JAX 18,82,-10,Cincinnati Bengals,Jacksonville Jaguars,3,13,7.5,92.5,343.0,23.0,366.0,205.0,113.0,318.0,game,ML,Jacksonville Jaguars,,,polymarket,-670,—,—,,Win,,hit,,,,—,,
2026-10-04T20:01:41.654341+00:00,nfl,2026,4,401872969,4018729692455,3,9:38,(Shotgun) J.Burrow pass incomplete short right to T.Higgins (J.Jones) [T.Walker].,1,10,JAX 18,82,-10,Cincinnati Bengals,Jacksonville Jaguars,3,13,7.5,92.5,343.0,23.0,366.0,205.0,113.0,318.0,game,ML,Cincinnati Bengals,,,bet365,850,—,—,,Loss,,miss,,,,—,,
2026-10-04T20:01:41.654341+00:00,nfl,2026,4,401872969,4018729692478,3,9:34,"(Shotgun) J.Burrow pass incomplete short middle to E.All [T.Walker].PENALTY on JAX-T.Walker, Defensive Offside, 5 yards, enforced at JAX 18 - No Play.",2,10,JAX 18,82,-10,Cincinnati Bengals,Jacksonville Jaguars,3,13,7.5,92.5,343.0,23.0,366.0,205.0,113.0,318.0,game,Spread,Jacksonville Jaguars,,-2.5,kalshi,-1012,—,—,,-10,,hit,,,,—,,
2026-10-04T20:01:41.654341+00:00,nfl,2026,4,401872969,4018729692478,3,9:34,"(Shotgun) J.Burrow pass incomplete short middle to E.All [T.Walker].PENALTY on JAX-T.Walker, Defensive Offside, 5 yards, enforced at JAX 18 - No Play.",2,10,JAX 18,82,-10,Cincinnati Bengals,Jacksonville Jaguars,3,13,7.5,92.5,343.0,23.0,366.0,205.0,113.0,318.0,game,Spread,Cincinnati Bengals,,2.5,kalshi,614,—,—,,-10,,miss,,,,—,,
2026-10-04T20:01:41.654341+00:00,nfl,2026,4,401872969,4018729692478,3,9:34,"(Shotgun) J.Burrow pass incomplete short middle to E.All [T.Walker].PENALTY on JAX-T.Walker, Defensive Offside, 5 yards, enforced at JAX 18 - No Play.",2,10,JAX 18,82,-10,Cincinnati Bengals,Jacksonville Jaguars,3,13,7.5,92.5,343.0,23.0,366.0,205.0,113.0,318.0,game,Total,Over,,40.5,kalshi,566,—,—,,16.0,,miss,,,,—,,
2026-10-04T20:01:41.654341+00:00,nfl,2026,4,401872969,4018729692478,3,9:34,"(Shotgun) J.Burrow pass incomplete short middle to E.All [T.Walker].PENALTY on JAX-T.Walker, Defensive Offside, 5 yards, enforced at JAX 18 - No Play.",2,10,JAX 18,82,-10,Cincinnati Bengals,Jacksonville Jaguars,3,13,7.5,92.5,343.0,23.0,366.0,205.0,113.0,318.0,game,Total,Under,,40.5,kalshi,-810,—,—,,16.0,,hit,,,,—,,
2026-10-04T20:01:41.654341+00:00,nfl,2026,4,401872969,4018729692478,3,9:34,"(Shotgun) J.Burrow pass incomplete short middle to E.All [T.Walker].PENALTY on JAX-T.Walker, Defensive Offside, 5 yards, enforced at JAX 18 - No Play.",2,10,JAX 18,82,-10,Cincinnati Bengals,Jacksonville Jaguars,3,13,7.5,92.5,343.0,23.0,366.0,205.0,113.0,318.0,game,ML,Jacksonville Jaguars,,,polymarket,-670,—,—,,Win,,hit,,,,—,,
2026-10-04T20:01:41.654341+00:00,nfl,2026,4,401872969,4018729692478,3,9:34,"(Shotgun) J.Burrow pass incomplete short middle to E.All [T.Walker].PENALTY on JAX-T.Walker, Defensive Offside, 5 yards, enforced at JAX 18 - No Play.",2,10,JAX 18,82,-10,Cincinnati Bengals,Jacksonville Jaguars,3,13,7.5,92.5,343.0,23.0,366.0,205.0,113.0,318.0,game,ML,Cincinnati Bengals,,,bet365,850,—,—,,Loss,,miss,,,,—,,
2026-10-04T20:01:41.654341+00:00,nfl,2026,4,401872969,4018729692512,3,9:31,C.Brown right end to JAX 15 for -2 yards (V.Miller).,2,5,JAX 13,87,-10,Cincinnati Bengals,Jacksonville Jaguars,3,13,7.5,92.5,343.0,23.0,366.0,205.0,113.0,318.0,game,Spread,Jacksonville Jaguars,,-2.5,kalshi,-1012,—,—,,-10,,hit,,,,—,,
2026-10-04T20:01:41.654341+00:00,nfl,2026,4,401872969,4018729692512,3,9:31,C.Brown right end to JAX 15 for -2 yards (V.Miller).,2,5,JAX 13,87,-10,Cincinnati Bengals,Jacksonville Jaguars,3,13,7.5,92.5,343.0,23.0,366.0,205.0,113.0,318.0,game,Spread,Cincinnati Bengals,,2.5,kalshi,614,—,—,,-10,,miss,,,,—,,
2026-10-04T20:01:41.654341+00:00,nfl,2026,4,401872969,4018729692512,3,9:31,C.Brown right end to JAX 15 for -2 yards (V.Miller).,2,5,JAX 13,87,-10,Cincinnati Bengals,Jacksonville Jaguars,3,13,7.5,92.5,343.0,23.0,366.0,205.0,113.0,318.0,game,Total,Over,,40.5,kalshi,566,—,—,,16.0,,miss,,,,—,,
2026-10-04T20:01:41.654341+00:00,nfl,2026,4,401872969,4018729692512,3,9:31,C.Brown right end to JAX 15 for -2 yards (V.Miller).,2,5,JAX 13,87,-10,Cincinnati Bengals,Jacksonville Jaguars,3,13,7.5,92.5,343.0,23.0,366.0,205.0,113.0,318.0,game,Total,Under,,40.5,kalshi,-810,—,—,,16.0,,hit,,,,—,,
2026-10-04T20:01:41.654341+00:00,nfl,2026,4,401872969,4018729692512,3,9:31,C.Brown right end to JAX 15 for -2 yards (V.Miller).,2,5,JAX 13,87,-10,Cincinnati Bengals,Jacksonville Jaguars,3,13,7.5,92.5,343.0,23.0,366.0,205.0,113.0,318.0,game,ML,Jacksonville Jaguars,,,polymarket,-670,—,—,,Win,,hit,,,,—,,
2026-10-04T20:01:41.654341+00:00,nfl,2026,4,401872969,4018729692512,3,9:31,C.Brown right end to JAX 15 for -2 yards (V.Miller).,2,5,JAX 13,87,-10,Cincinnati Bengals,Jacksonville Jaguars,3,13,7.5,92.5,343.0,23.0,366.0,205.0,113.0,318.0,game,ML,Cincinnati Bengals,,,bet365,850,—,—,,Loss,,miss,,,,—,,
2026-10-04T20:01:41.654341+00:00,nfl,2026,4,401872969,4018729692586,3,8:44,Official Timeout at 08:44.,-1,10,JAX 15,85,-3,Cincinnati Bengals,Jacksonville Jaguars,10,13,7.5,92.5,343.0,23.0,366.0,205.0,113.0,318.0,game,Spread,Jacksonville Jaguars,,-2.5,kalshi,-1012,—,—,,-3,,hit,,,,—,,
2026-10-04T20:01:41.654341+00:00,nfl,2026,4,401872969,4018729692586,3,8:44,Official Timeout at 08:44.,-1,10,JAX 15,85,-3,Cincinnati Bengals,Jacksonville Jaguars,10,13,7.5,92.5,343.0,23.0,366.0,205.0,113.0,318.0,game,Spread,Cincinnati Bengals,,2.5,kalshi,614,—,—,,-3,,miss,,,,—,,
2026-10-04T20:01:41.654341+00:00,nfl,2026,4,401872969,4018729692586,3,8:44,Official Timeout at 08:44.,-1,10,JAX 15,85,-3,Cincinnati Bengals,Jacksonville Jaguars,10,13,7.5,92.5,343.0,23.0,366.0,205.0,113.0,318.0,game,Total,Over,,40.5,kalshi,566,—,—,,23.0,,miss,,,,—,,
2026-10-04T20:01:41.654341+00:00,nfl,2026,4,401872969,4018729692586,3,8:44,Official Timeout at 08:44.,-1,10,JAX 15,85,-3,Cincinnati Bengals,Jacksonville Jaguars,10,13,7.5,92.5,343.0,23.0,366.0,205.0,113.0,318.0,game,Total,Under,,40.5,kalshi,-810,—,—,,23.0,,hit,,,,—,,
2026-10-04T20:01:41.654341+00:00,nfl,2026,4,401872969,4018729692586,3,8:44,Official Timeout at 08:44.,-1,10,JAX 15,85,-3,Cincinnati Bengals,Jacksonville Jaguars,10,13,7.5,92.5,343.0,23.0,366.0,205.0,113.0,318.0,game,ML,Jacksonville Jaguars,,,polymarket,-670,—,—,,Win,,hit,,,,—,,
2026-10-04T20:01:41.654341+00:00,nfl,2026,4,401872969,4018729692586,3,8:44,Official Timeout at 08:44.,-1,10,JAX 15,85,-3,Cincinnati Bengals,Jacksonville Jaguars,10,13,7.5,92.5,343.0,23.0,366.0,205.0,113.0,318.0,game,ML,Cincinnati Bengals,,,bet365,850,—,—,,Loss,,miss,,,,—,,
2026-10-04T20:01:41.654341+00:00,nfl,2026,4,401872969,4018729692544,3,8:44,"(Shotgun) J.Burrow pass short middle to M.Gesicki for 15 yards, TOUCHDOWN. JAX-E.Murray was injured during the play. E.McPherson extra point is GOOD, Center-W.Wagner, Holder-R.Rehkow.",3,7,JAX 15,85,-3,Cincinnati Bengals,Jacksonville Jaguars,10,13,7.5,92.5,343.0,23.0,366.0,205.0,113.0,318.0,game,Spread,Jacksonville Jaguars,,-2.5,kalshi,-1012,—,—,,-3,,hit,,,,—,,
2026-10-04T20:01:41.654341+00:00,nfl,2026,4,401872969,4018729692544,3,8:44,"(Shotgun) J.Burrow pass short middle to M.Gesicki for 15 yards, TOUCHDOWN. JAX-E.Murray was injured during the play. E.McPherson extra point is GOOD, Center-W.Wagner, Holder-R.Rehkow.",3,7,JAX 15,85,-3,Cincinnati Bengals,Jacksonville Jaguars,10,13,7.5,92.5,343.0,23.0,366.0,205.0,113.0,318.0,game,Spread,Cincinnati Bengals,,2.5,kalshi,614,—,—,,-3,,miss,,,,—,,
2026-10-04T20:01:41.654341+00:00,nfl,2026,4,401872969,4018729692544,3,8:44,"(Shotgun) J.Burrow pass short middle to M.Gesicki for 15 yards, TOUCHDOWN. JAX-E.Murray was injured during the play. E.McPherson extra point is GOOD, Center-W.Wagner, Holder-R.Rehkow.",3,7,JAX 15,85,-3,Cincinnati Bengals,Jacksonville Jaguars,10,13,7.5,92.5,343.0,23.0,366.0,205.0,113.0,318.0,game,Total,Over,,40.5,kalshi,566,—,—,,23.0,,miss,,,,—,,
2026-10-04T20:01:41.654341+00:00,nfl,2026,4,401872969,4018729692544,3,8:44,"(Shotgun) J.Burrow pass short middle to M.Gesicki for 15 yards, TOUCHDOWN. JAX-E.Murray was injured during the play. E.McPherson extra point is GOOD, Center-W.Wagner, Holder-R.Rehkow.",3,7,JAX 15,85,-3,Cincinnati Bengals,Jacksonville Jaguars,10,13,7.5,92.5,343.0,23.0,366.0,205.0,113.0,318.0,game,Total,Under,,40.5,kalshi,-810,—,—,,23.0,,hit,,,,—,,
2026-10-04T20:01:41.654341+00:00,nfl,2026,4,401872969,4018729692544,3,8:44,"(Shotgun) J.Burrow pass short middle to M.Gesicki for 15 yards, TOUCHDOWN. JAX-E.Murray was injured during the play. E.McPherson extra point is GOOD, Center-W.Wagner, Holder-R.Rehkow.",3,7,JAX 15,85,-3,Cincinnati Bengals,Jacksonville Jaguars,10,13,7.5,92.5,343.0,23.0,366.0,205.0,113.0,318.0,game,ML,Jacksonville Jaguars,,,polymarket,-670,—,—,,Win,,hit,,,,—,,
2026-10-04T20:01:41.654341+00:00,nfl,2026,4,401872969,4018729692544,3,8:44,"(Shotgun) J.Burrow pass short middle to M.Gesicki for 15 yards, TOUCHDOWN. JAX-E.Murray was injured during the play. E.McPherson extra point is GOOD, Center-W.Wagner, Holder-R.Rehkow.",3,7,JAX 15,85,-3,Cincinnati Bengals,Jacksonville Jaguars,10,13,7.5,92.5,343.0,23.0,366.0,205.0,113.0,318.0,game,ML,Cincinnati Bengals,,,bet365,850,—,—,,Loss,,miss,,,,—,,
2026-10-04T20:01:41.654341+00:00,nfl,2026,4,401872969,4018729692593,3,8:44,E.McPherson kicks 62 yards from CIN 35 to JAX 3. J.Cameron to JAX 25 for 22 yards (J.Giles-Harris).,3,10,JAX 45,35,-3,Cincinnati Bengals,Jacksonville Jaguars,10,13,7.5,92.5,343.0,23.0,366.0,205.0,113.0,318.0,game,Spread,Jacksonville Jaguars,,-2.5,kalshi,-1012,—,—,,-3,,hit,,,,—,,
2026-10-04T20:01:41.654341+00:00,nfl,2026,4,401872969,4018729692593,3,8:44,E.McPherson kicks 62 yards from CIN 35 to JAX 3. J.Cameron to JAX 25 for 22 yards (J.Giles-Harris).,3,10,JAX 45,35,-3,Cincinnati Bengals,Jacksonville Jaguars,10,13,7.5,92.5,343.0,23.0,366.0,205.0,113.0,318.0,game,Spread,Cincinnati Bengals,,2.5,kalshi,614,—,—,,-3,,miss,,,,—,,
2026-10-04T20:01:41.654341+00:00,nfl,2026,4,401872969,4018729692593,3,8:44,E.McPherson kicks 62 yards from CIN 35 to JAX 3. J.Cameron to JAX 25 for 22 yards (J.Giles-Harris).,3,10,JAX 45,35,-3,Cincinnati Bengals,Jacksonville Jaguars,10,13,7.5,92.5,343.0,23.0,366.0,205.0,113.0,318.0,game,Total,Over,,40.5,kalshi,566,—,—,,23.0,,miss,,,,—,,
2026-10-04T20:01:41.654341+00:00,nfl,2026,4,401872969,4018729692593,3,8:44,E.McPherson kicks 62 yards from CIN 35 to JAX 3. J.Cameron to JAX 25 for 22 yards (J.Giles-Harris).,3,10,JAX 45,35,-3,Cincinnati Bengals,Jacksonville Jaguars,10,13,7.5,92.5,343.0,23.0,366.0,205.0,113.0,318.0,game,Total,Under,,40.5,kalshi,-810,—,—,,23.0,,hit,,,,—,,
2026-10-04T20:01:41.654341+00:00,nfl,2026,4,401872969,4018729692593,3,8:44,E.McPherson kicks 62 yards from CIN 35 to JAX 3. J.Cameron to JAX 25 for 22 yards (J.Giles-Harris).,3,10,JAX 45,35,-3,Cincinnati Bengals,Jacksonville Jaguars,10,13,7.5,92.5,343.0,23.0,366.0,205.0,113.0,318.0,game,ML,Jacksonville Jaguars,,,polymarket,-670,—,—,,Win,,hit,,,,—,,
2026-10-04T20:01:41.654341+00:00,nfl,2026,4,401872969,4018729692593,3,8:44,E.McPherson kicks 62 yards from CIN 35 to JAX 3. J.Cameron to JAX 25 for 22 yards (J.Giles-Harris).,3,10,JAX 45,35,-3,Cincinnati Bengals,Jacksonville Jaguars,10,13,7.5,92.5,343.0,23.0,366.0,205.0,113.0,318.0,game,ML,Cincinnati Bengals,,,bet365,850,—,—,,Loss,,miss,,,,—,,
2026-10-04T20:01:41.654341+00:00,nfl,2026,4,401872969,4018729692623,3,8:38,T.Lawrence sacked at JAX 20 for -5 yards (B.Mafe).,1,10,JAX 25,75,-3,Cincinnati Bengals,Jacksonville Jaguars,10,13,7.5,92.5,343.0,23.0,366.0,205.0,113.0,318.0,game,Spread,Jacksonville Jaguars,,-2.5,kalshi,-1012,—,—,,-3,,hit,,,,—,,
2026-10-04T20:01:41.654341+00:00,nfl,2026,4,401872969,4018729692623,3,8:38,T.Lawrence sacked at JAX 20 for -5 yards (B.Mafe).,1,10,JAX 25,75,-3,Cincinnati Bengals,Jacksonville Jaguars,10,13,7.5,92.5,343.0,23.0,366.0,205.0,113.0,318.0,game,Spread,Cincinnati Bengals,,2.5,kalshi,614,—,—,,-3,,miss,,,,—,,
2026-10-04T20:01:41.654341+00:00,nfl,2026,4,401872969,4018729692623,3,8:38,T.Lawrence sacked at JAX 20 for -5 yards (B.Mafe).,1,10,JAX 25,75,-3,Cincinnati Bengals,Jacksonville Jaguars,10,13,7.5,92.5,343.0,23.0,366.0,205.0,113.0,318.0,game,Total,Over,,40.5,kalshi,566,—,—,,23.0,,miss,,,,—,,
2026-10-04T20:01:41.654341+00:00,nfl,2026,4,401872969,4018729692623,3,8:38,T.Lawrence sacked at JAX 20 for -5 yards (B.Mafe).,1,10,JAX 25,75,-3,Cincinnati Bengals,Jacksonville Jaguars,10,13,7.5,92.5,343.0,23.0,366.0,205.0,113.0,318.0,game,Total,Under,,40.5,kalshi,-810,—,—,,23.0,,hit,,,,—,,
2026-10-04T20:01:41.654341+00:00,nfl,2026,4,401872969,4018729692623,3,8:38,T.Lawrence sacked at JAX 20 for -5 yards (B.Mafe).,1,10,JAX 25,75,-3,Cincinnati Bengals,Jacksonville Jaguars,10,13,7.5,92.5,343.0,23.0,366.0,205.0,113.0,318.0,game,ML,Jacksonville Jaguars,,,polymarket,-670,—,—,,Win,,hit,,,,—,,
2026-10-04T20:01:41.654341+00:00,nfl,2026,4,401872969,4018729692623,3,8:38,T.Lawrence sacked at JAX 20 for -5 yards (B.Mafe).,1,10,JAX 25,75,-3,Cincinnati Bengals,Jacksonville Jaguars,10,13,7.5,92.5,343.0,23.0,366.0,205.0,113.0,318.0,game,ML,Cincinnati Bengals,,,bet365,850,—,—,,Loss,,miss,,,,—,,
2026-10-04T20:01:41.654341+00:00,nfl,2026,4,401872969,4018729692643,3,7:52,(Shotgun) T.Lawrence pass short right to B.Tuten pushed ob at JAX 29 for 9 yards (B.Carter).,2,15,JAX 20,80,-3,Cincinnati Bengals,Jacksonville Jaguars,10,13,7.5,92.5,343.0,23.0,366.0,205.0,113.0,318.0,game,Spread,Jacksonville Jaguars,,-2.5,kalshi,-1012,—,—,,-3,,hit,,,,—,,
2026-10-04T20:01:41.654341+00:00,nfl,2026,4,401872969,4018729692643,3,7:52,(Shotgun) T.Lawrence pass short right to B.Tuten pushed ob at JAX 29 for 9 yards (B.Carter).,2,15,JAX 20,80,-3,Cincinnati Bengals,Jacksonville Jaguars,10,13,7.5,92.5,343.0,23.0,366.0,205.0,113.0,318.0,game,Spread,Cincinnati Bengals,,2.5,kalshi,614,—,—,,-3,,miss,,,,—,,
2026-10-04T20:01:41.654341+00:00,nfl,2026,4,401872969,4018729692643,3,7:52,(Shotgun) T.Lawrence pass short right to B.Tuten pushed ob at JAX 29 for 9 yards (B.Carter).,2,15,JAX 20,80,-3,Cincinnati Bengals,Jacksonville Jaguars,10,13,7.5,92.5,343.0,23.0,366.0,205.0,113.0,318.0,game,Total,Over,,40.5,kalshi,566,—,—,,23.0,,miss,,,,—,,
2026-10-04T20:01:41.654341+00:00,nfl,2026,4,401872969,4018729692643,3,7:52,(Shotgun) T.Lawrence pass short right to B.Tuten pushed ob at JAX 29 for 9 yards (B.Carter).,2,15,JAX 20,80,-3,Cincinnati Bengals,Jacksonville Jaguars,10,13,7.5,92.5,343.0,23.0,366.0,205.0,113.0,318.0,game,Total,Under,,40.5,kalshi,-810,—,—,,23.0,,hit,,,,—,,
2026-10-04T20:01:41.654341+00:00,nfl,2026,4,401872969,4018729692643,3,7:52,(Shotgun) T.Lawrence pass short right to B.Tuten pushed ob at JAX 29 for 9 yards (B.Carter).,2,15,JAX 20,80,-3,Cincinnati Bengals,Jacksonville Jaguars,10,13,7.5,92.5,343.0,23.0,366.0,205.0,113.0,318.0,game,ML,Jacksonville Jaguars,,,polymarket,-670,—,—,,Win,,hit,,,,—,,
2026-10-04T20:01:41.654341+00:00,nfl,2026,4,401872969,4018729692643,3,7:52,(Shotgun) T.Lawrence pass short right to B.Tuten pushed ob at JAX 29 for 9 yards (B.Carter).,2,15,JAX 20,80,-3,Cincinnati Bengals,Jacksonville Jaguars,10,13,7.5,92.5,343.0,23.0,366.0,205.0,113.0,318.0,game,ML,Cincinnati Bengals,,,bet365,850,—,—,,Loss,,miss,,,,—,,
2026-10-04T20:01:41.654341+00:00,nfl,2026,4,401872969,4018729692663,3,7:10,Timeout #1 by JAX at 07:10.,3,6,JAX 29,71,-3,Cincinnati Bengals,Jacksonville Jaguars,10,13,7.5,92.5,343.0,23.0,366.0,205.0,113.0,318.0,game,Spread,Jacksonville Jaguars,,-2.5,kalshi,-1012,—,—,,-3,,hit,,,,—,,
2026-10-04T20:01:41.654341+00:00,nfl,2026,4,401872969,4018729692663,3,7:10,Timeout #1 by JAX at 07:10.,3,6,JAX 29,71,-3,Cincinnati Bengals,Jacksonville Jaguars,10,13,7.5,92.5,343.0,23.0,366.0,205.0,113.0,318.0,game,Spread,Cincinnati Bengals,,2.5,kalshi,614,—,—,,-3,,miss,,,,—,,
2026-10-04T20:01:41.654341+00:00,nfl,2026,4,401872969,4018729692663,3,7:10,Timeout #1 by JAX at 07:10.,3,6,JAX 29,71,-3,Cincinnati Bengals,Jacksonville Jaguars,10,13,7.5,92.5,343.0,23.0,366.0,205.0,113.0,318.0,game,Total,Over,,40.5,kalshi,566,—,—,,23.0,,miss,,,,—,,
2026-10-04T20:01:41.654341+00:00,nfl,2026,4,401872969,4018729692663,3,7:10,Timeout #1 by JAX at 07:10.,3,6,JAX 29,71,-3,Cincinnati Bengals,Jacksonville Jaguars,10,13,7.5,92.5,343.0,23.0,366.0,205.0,113.0,318.0,game,Total,Under,,40.5,kalshi,-810,—,—,,23.0,,hit,,,,—,,
2026-10-04T20:01:41.654341+00:00,nfl,2026,4,401872969,4018729692663,3,7:10,Timeout #1 by JAX at 07:10.,3,6,JAX 29,71,-3,Cincinnati Bengals,Jacksonville Jaguars,10,13,7.5,92.5,343.0,23.0,366.0,205.0,113.0,318.0,game,ML,Jacksonville Jaguars,,,polymarket,-670,—,—,,Win,,hit,,,,—,,
2026-10-04T20:01:41.654341+00:00,nfl,2026,4,401872969,4018729692663,3,7:10,Timeout #1 by JAX at 07:10.,3,6,JAX 29,71,-3,Cincinnati Bengals,Jacksonville Jaguars,10,13,7.5,92.5,343.0,23.0,366.0,205.0,113.0,318.0,game,ML,Cincinnati Bengals,,,bet365,850,—,—,,Loss,,miss,,,,—,,
2026-10-04T20:01:41.654341+00:00,nfl,2026,4,401872969,4018729692683,3,7:10,(Shotgun) T.Lawrence pass short left to J.Meyers to JAX 36 for 7 yards (D.Knight) [J.Allen].,3,6,JAX 29,71,-3,Cincinnati Bengals,Jacksonville Jaguars,10,13,7.5,92.5,343.0,23.0,366.0,205.0,113.0,318.0,game,Spread,Jacksonville Jaguars,,-2.5,kalshi,-1012,—,—,,-3,,hit,,,,—,,
2026-10-04T20:01:41.654341+00:00,nfl,2026,4,401872969,4018729692683,3,7:10,(Shotgun) T.Lawrence pass short left to J.Meyers to JAX 36 for 7 yards (D.Knight) [J.Allen].,3,6,JAX 29,71,-3,Cincinnati Bengals,Jacksonville Jaguars,10,13,7.5,92.5,343.0,23.0,366.0,205.0,113.0,318.0,game,Spread,Cincinnati Bengals,,2.5,kalshi,614,—,—,,-3,,miss,,,,—,,
2026-10-04T20:01:41.654341+00:00,nfl,2026,4,401872969,4018729692683,3,7:10,(Shotgun) T.Lawrence pass short left to J.Meyers to JAX 36 for 7 yards (D.Knight) [J.Allen].,3,6,JAX 29,71,-3,Cincinnati Bengals,Jacksonville Jaguars,10,13,7.5,92.5,343.0,23.0,366.0,205.0,113.0,318.0,game,Total,Over,,40.5,kalshi,566,—,—,,23.0,,miss,,,,—,,
2026-10-04T20:01:41.654341+00:00,nfl,2026,4,401872969,4018729692683,3,7:10,(Shotgun) T.Lawrence pass short left to J.Meyers to JAX 36 for 7 yards (D.Knight) [J.Allen].,3,6,JAX 29,71,-3,Cincinnati Bengals,Jacksonville Jaguars,10,13,7.5,92.5,343.0,23.0,366.0,205.0,113.0,318.0,game,Total,Under,,40.5,kalshi,-810,—,—,,23.0,,hit,,,,—,,
2026-10-04T20:01:41.654341+00:00,nfl,2026,4,401872969,4018729692683,3,7:10,(Shotgun) T.Lawrence pass short left to J.Meyers to JAX 36 for 7 yards (D.Knight) [J.Allen].,3,6,JAX 29,71,-3,Cincinnati Bengals,Jacksonville Jaguars,10,13,7.5,92.5,343.0,23.0,366.0,205.0,113.0,318.0,game,ML,Jacksonville Jaguars,,,polymarket,-670,—,—,,Win,,hit,,,,—,,
2026-10-04T20:01:41.654341+00:00,nfl,2026,4,401872969,4018729692683,3,7:10,(Shotgun) T.Lawrence pass short left to J.Meyers to JAX 36 for 7 yards (D.Knight) [J.Allen].,3,6,JAX 29,71,-3,Cincinnati Bengals,Jacksonville Jaguars,10,13,7.5,92.5,343.0,23.0,366.0,205.0,113.0,318.0,game,ML,Cincinnati Bengals,,,bet365,850,—,—,,Loss,,miss,,,,—,,
2026-10-04T20:01:41.654341+00:00,nfl,2026,4,401872969,4018729692715,3,6:28,B.Tuten right tackle to JAX 40 for 4 yards (M.Murphy; T.Slaton).,1,10,JAX 36,64,-3,Cincinnati Bengals,Jacksonville Jaguars,10,13,7.5,92.5,343.0,23.0,366.0,205.0,113.0,318.0,game,Spread,Jacksonville Jaguars,,-2.5,kalshi,-1012,—,—,,-3,,hit,,,,—,,
2026-10-04T20:01:41.654341+00:00,nfl,2026,4,401872969,4018729692715,3,6:28,B.Tuten right tackle to JAX 40 for 4 yards (M.Murphy; T.Slaton).,1,10,JAX 36,64,-3,Cincinnati Bengals,Jacksonville Jaguars,10,13,7.5,92.5,343.0,23.0,366.0,205.0,113.0,318.0,game,Spread,Cincinnati Bengals,,2.5,kalshi,614,—,—,,-3,,miss,,,,—,,
2026-10-04T20:01:41.654341+00:00,nfl,2026,4,401872969,4018729692715,3,6:28,B.Tuten right tackle to JAX 40 for 4 yards (M.Murphy; T.Slaton).,1,10,JAX 36,64,-3,Cincinnati Bengals,Jacksonville Jaguars,10,13,7.5,92.5,343.0,23.0,366.0,205.0,113.0,318.0,game,Total,Over,,40.5,kalshi,566,—,—,,23.0,,miss,,,,—,,
2026-10-04T20:01:41.654341+00:00,nfl,2026,4,401872969,4018729692715,3,6:28,B.Tuten right tackle to JAX 40 for 4 yards (M.Murphy; T.Slaton).,1,10,JAX 36,64,-3,Cincinnati Bengals,Jacksonville Jaguars,10,13,7.5,92.5,343.0,23.0,366.0,205.0,113.0,318.0,game,Total,Under,,40.5,kalshi,-810,—,—,,23.0,,hit,,,,—,,
2026-10-04T20:01:41.654341+00:00,nfl,2026,4,401872969,4018729692715,3,6:28,B.Tuten right tackle to JAX 40 for 4 yards (M.Murphy; T.Slaton).,1,10,JAX 36,64,-3,Cincinnati Bengals,Jacksonville Jaguars,10,13,7.5,92.5,343.0,23.0,366.0,205.0,113.0,318.0,game,ML,Jacksonville Jaguars,,,polymarket,-670,—,—,,Win,,hit,,,,—,,
2026-10-04T20:01:41.654341+00:00,nfl,2026,4,401872969,4018729692715,3,6:28,B.Tuten right tackle to JAX 40 for 4 yards (M.Murphy; T.Slaton).,1,10,JAX 36,64,-3,Cincinnati Bengals,Jacksonville Jaguars,10,13,7.5,92.5,343.0,23.0,366.0,205.0,113.0,318.0,game,ML,Cincinnati Bengals,,,bet365,850,—,—,,Loss,,miss,,,,—,,
2026-10-04T20:01:41.654341+00:00,nfl,2026,4,401872969,4018729692737,3,5:47,(Shotgun) T.Lawrence pass short right to J.Cameron to CIN 47 for 13 yards (D.Ivey; P.Jules).,2,6,JAX 40,60,-3,Cincinnati Bengals,Jacksonville Jaguars,10,13,7.5,92.5,343.0,23.0,366.0,205.0,113.0,318.0,game,Spread,Jacksonville Jaguars,,-2.5,kalshi,-1012,—,—,,-3,,hit,,,,—,,
2026-10-04T20:01:41.654341+00:00,nfl,2026,4,401872969,4018729692737,3,5:47,(Shotgun) T.Lawrence pass short right to J.Cameron to CIN 47 for 13 yards (D.Ivey; P.Jules).,2,6,JAX 40,60,-3,Cincinnati Bengals,Jacksonville Jaguars,10,13,7.5,92.5,343.0,23.0,366.0,205.0,113.0,318.0,game,Spread,Cincinnati Bengals,,2.5,kalshi,614,—,—,,-3,,miss,,,,—,,
2026-10-04T20:01:41.654341+00:00,nfl,2026,4,401872969,4018729692737,3,5:47,(Shotgun) T.Lawrence pass short right to J.Cameron to CIN 47 for 13 yards (D.Ivey; P.Jules).,2,6,JAX 40,60,-3,Cincinnati Bengals,Jacksonville Jaguars,10,13,7.5,92.5,343.0,23.0,366.0,205.0,113.0,318.0,game,Total,Over,,40.5,kalshi,566,—,—,,23.0,,miss,,,,—,,
2026-10-04T20:01:41.654341+00:00,nfl,2026,4,401872969,4018729692737,3,5:47,(Shotgun) T.Lawrence pass short right to J.Cameron to CIN 47 for 13 yards (D.Ivey; P.Jules).,2,6,JAX 40,60,-3,Cincinnati Bengals,Jacksonville Jaguars,10,13,7.5,92.5,343.0,23.0,366.0,205.0,113.0,318.0,game,Total,Under,,40.5,kalshi,-810,—,—,,23.0,,hit,,,,—,,
2026-10-04T20:01:41.654341+00:00,nfl,2026,4,401872969,4018729692737,3,5:47,(Shotgun) T.Lawrence pass short right to J.Cameron to CIN 47 for 13 yards (D.Ivey; P.Jules).,2,6,JAX 40,60,-3,Cincinnati Bengals,Jacksonville Jaguars,10,13,7.5,92.5,343.0,23.0,366.0,205.0,113.0,318.0,game,ML,Jacksonville Jaguars,,,polymarket,-670,—,—,,Win,,hit,,,,—,,
2026-10-04T20:01:41.654341+00:00,nfl,2026,4,401872969,4018729692737,3,5:47,(Shotgun) T.Lawrence pass short right to J.Cameron to CIN 47 for 13 yards (D.Ivey; P.Jules).,2,6,JAX 40,60,-3,Cincinnati Bengals,Jacksonville Jaguars,10,13,7.5,92.5,343.0,23.0,366.0,205.0,113.0,318.0,game,ML,Cincinnati Bengals,,,bet365,850,—,—,,Loss,,miss,,,,—,,
2026-10-04T20:01:41.654341+00:00,nfl,2026,4,401872969,4018729692762,3,5:03,"(Shotgun) T.Lawrence pass short right to B.Strange to CIN 36 for 11 yards (D.Hill). FUMBLES (D.Hill), touched at CIN 29, ball out of bounds at CIN 29.",1,10,CIN 47,47,-3,Cincinnati Bengals,Jacksonville Jaguars,10,13,7.5,92.5,343.0,23.0,366.0,205.0,113.0,318.0,game,Spread,Jacksonville Jaguars,,-2.5,kalshi,-1012,—,—,,-3,,hit,,,,—,,
2026-10-04T20:01:41.654341+00:00,nfl,2026,4,401872969,4018729692762,3,5:03,"(Shotgun) T.Lawrence pass short right to B.Strange to CIN 36 for 11 yards (D.Hill). FUMBLES (D.Hill), touched at CIN 29, ball out of bounds at CIN 29.",1,10,CIN 47,47,-3,Cincinnati Bengals,Jacksonville Jaguars,10,13,7.5,92.5,343.0,23.0,366.0,205.0,113.0,318.0,game,Spread,Cincinnati Bengals,,2.5,kalshi,614,—,—,,-3,,miss,,,,—,,
2026-10-04T20:01:41.654341+00:00,nfl,2026,4,401872969,4018729692762,3,5:03,"(Shotgun) T.Lawrence pass short right to B.Strange to CIN 36 for 11 yards (D.Hill). FUMBLES (D.Hill), touched at CIN 29, ball out of bounds at CIN 29.",1,10,CIN 47,47,-3,Cincinnati Bengals,Jacksonville Jaguars,10,13,7.5,92.5,343.0,23.0,366.0,205.0,113.0,318.0,game,Total,Over,,40.5,kalshi,566,—,—,,23.0,,miss,,,,—,,
2026-10-04T20:01:41.654341+00:00,nfl,2026,4,401872969,4018729692762,3,5:03,"(Shotgun) T.Lawrence pass short right to B.Strange to CIN 36 for 11 yards (D.Hill). FUMBLES (D.Hill), touched at CIN 29, ball out of bounds at CIN 29.",1,10,CIN 47,47,-3,Cincinnati Bengals,Jacksonville Jaguars,10,13,7.5,92.5,343.0,23.0,366.0,205.0,113.0,318.0,game,Total,Under,,40.5,kalshi,-810,—,—,,23.0,,hit,,,,—,,
2026-10-04T20:01:41.654341+00:00,nfl,2026,4,401872969,4018729692762,3,5:03,"(Shotgun) T.Lawrence pass short right to B.Strange to CIN 36 for 11 yards (D.Hill). FUMBLES (D.Hill), touched at CIN 29, ball out of bounds at CIN 29.",1,10,CIN 47,47,-3,Cincinnati Bengals,Jacksonville Jaguars,10,13,7.5,92.5,343.0,23.0,366.0,205.0,113.0,318.0,game,ML,Jacksonville Jaguars,,,polymarket,-670,—,—,,Win,,hit,,,,—,,
2026-10-04T20:01:41.654341+00:00,nfl,2026,4,401872969,4018729692762,3,5:03,"(Shotgun) T.Lawrence pass short right to B.Strange to CIN 36 for 11 yards (D.Hill). FUMBLES (D.Hill), touched at CIN 29, ball out of bounds at CIN 29.",1,10,CIN 47,47,-3,Cincinnati Bengals,Jacksonville Jaguars,10,13,7.5,92.5,343.0,23.0,366.0,205.0,113.0,318.0,game,ML,Cincinnati Bengals,,,bet365,850,—,—,,Loss,,miss,,,,—,,
2026-10-04T20:01:41.654341+00:00,nfl,2026,4,401872969,4018729692796,3,4:35,(Shotgun) T.Lawrence sacked at CIN 39 for -3 yards (K.Jenkins).,1,10,CIN 36,36,-3,Cincinnati Bengals,Jacksonville Jaguars,10,13,7.5,92.5,343.0,23.0,366.0,205.0,113.0,318.0,game,Spread,Jacksonville Jaguars,,-2.5,kalshi,-1012,—,—,,-3,,hit,,,,—,,
2026-10-04T20:01:41.654341+00:00,nfl,2026,4,401872969,4018729692796,3,4:35,(Shotgun) T.Lawrence sacked at CIN 39 for -3 yards (K.Jenkins).,1,10,CIN 36,36,-3,Cincinnati Bengals,Jacksonville Jaguars,10,13,7.5,92.5,343.0,23.0,366.0,205.0,113.0,318.0,game,Spread,Cincinnati Bengals,,2.5,kalshi,614,—,—,,-3,,miss,,,,—,,
2026-10-04T20:01:41.654341+00:00,nfl,2026,4,401872969,4018729692796,3,4:35,(Shotgun) T.Lawrence sacked at CIN 39 for -3 yards (K.Jenkins).,1,10,CIN 36,36,-3,Cincinnati Bengals,Jacksonville Jaguars,10,13,7.5,92.5,343.0,23.0,366.0,205.0,113.0,318.0,game,Total,Over,,40.5,kalshi,566,—,—,,23.0,,miss,,,,—,,
2026-10-04T20:01:41.654341+00:00,nfl,2026,4,401872969,4018729692796,3,4:35,(Shotgun) T.Lawrence sacked at CIN 39 for -3 yards (K.Jenkins).,1,10,CIN 36,36,-3,Cincinnati Bengals,Jacksonville Jaguars,10,13,7.5,92.5,343.0,23.0,366.0,205.0,113.0,318.0,game,Total,Under,,40.5,kalshi,-810,—,—,,23.0,,hit,,,,—,,
2026-10-04T20:01:41.654341+00:00,nfl,2026,4,401872969,4018729692796,3,4:35,(Shotgun) T.Lawrence sacked at CIN 39 for -3 yards (K.Jenkins).,1,10,CIN 36,36,-3,Cincinnati Bengals,Jacksonville Jaguars,10,13,7.5,92.5,343.0,23.0,366.0,205.0,113.0,318.0,game,ML,Jacksonville Jaguars,,,polymarket,-670,—,—,,Win,,hit,,,,—,,
2026-10-04T20:01:41.654341+00:00,nfl,2026,4,401872969,4018729692796,3,4:35,(Shotgun) T.Lawrence sacked at CIN 39 for -3 yards (K.Jenkins).,1,10,CIN 36,36,-3,Cincinnati Bengals,Jacksonville Jaguars,10,13,7.5,92.5,343.0,23.0,366.0,205.0,113.0,318.0,game,ML,Cincinnati Bengals,,,bet365,850,—,—,,Loss,,miss,,,,—,,
2026-10-04T20:01:41.654341+00:00,nfl,2026,4,401872969,4018729692816,3,3:54,(Shotgun) B.Tuten up the middle to CIN 36 for 3 yards (B.Carter; D.Knight).,2,13,CIN 39,39,-3,Cincinnati Bengals,Jacksonville Jaguars,10,13,7.5,92.5,343.0,23.0,366.0,205.0,113.0,318.0,game,Spread,Jacksonville Jaguars,,-2.5,kalshi,-1012,—,—,,-3,,hit,,,,—,,
2026-10-04T20:01:41.654341+00:00,nfl,2026,4,401872969,4018729692816,3,3:54,(Shotgun) B.Tuten up the middle to CIN 36 for 3 yards (B.Carter; D.Knight).,2,13,CIN 39,39,-3,Cincinnati Bengals,Jacksonville Jaguars,10,13,7.5,92.5,343.0,23.0,366.0,205.0,113.0,318.0,game,Spread,Cincinnati Bengals,,2.5,kalshi,614,—,—,,-3,,miss,,,,—,,
2026-10-04T20:01:41.654341+00:00,nfl,2026,4,401872969,4018729692816,3,3:54,(Shotgun) B.Tuten up the middle to CIN 36 for 3 yards (B.Carter; D.Knight).,2,13,CIN 39,39,-3,Cincinnati Bengals,Jacksonville Jaguars,10,13,7.5,92.5,343.0,23.0,366.0,205.0,113.0,318.0,game,Total,Over,,40.5,kalshi,566,—,—,,23.0,,miss,,,,—,,
2026-10-04T20:01:41.654341+00:00,nfl,2026,4,401872969,4018729692816,3,3:54,(Shotgun) B.Tuten up the middle to CIN 36 for 3 yards (B.Carter; D.Knight).,2,13,CIN 39,39,-3,Cincinnati Bengals,Jacksonville Jaguars,10,13,7.5,92.5,343.0,23.0,366.0,205.0,113.0,318.0,game,Total,Under,,40.5,kalshi,-810,—,—,,23.0,,hit,,,,—,,
2026-10-04T20:01:41.654341+00:00,nfl,2026,4,401872969,4018729692816,3,3:54,(Shotgun) B.Tuten up the middle to CIN 36 for 3 yards (B.Carter; D.Knight).,2,13,CIN 39,39,-3,Cincinnati Bengals,Jacksonville Jaguars,10,13,7.5,92.5,343.0,23.0,366.0,205.0,113.0,318.0,game,ML,Jacksonville Jaguars,,,polymarket,-670,—,—,,Win,,hit,,,,—,,
2026-10-04T20:01:41.654341+00:00,nfl,2026,4,401872969,4018729692816,3,3:54,(Shotgun) B.Tuten up the middle to CIN 36 for 3 yards (B.Carter; D.Knight).,2,13,CIN 39,39,-3,Cincinnati Bengals,Jacksonville Jaguars,10,13,7.5,92.5,343.0,23.0,366.0,205.0,113.0,318.0,game,ML,Cincinnati Bengals,,,bet365,850,—,—,,Loss,,miss,,,,—,,
2026-10-04T20:01:41.654341+00:00,nfl,2026,4,401872969,4018729692838,3,3:11,(Shotgun) T.Lawrence pass incomplete deep left to P.Washington (D.Turner).,3,10,CIN 36,36,-3,Cincinnati Bengals,Jacksonville Jaguars,10,13,7.5,92.5,343.0,23.0,366.0,205.0,113.0,318.0,game,Spread,Jacksonville Jaguars,,-2.5,kalshi,-1012,—,—,,-3,,hit,,,,—,,
2026-10-04T20:01:41.654341+00:00,nfl,2026,4,401872969,4018729692838,3,3:11,(Shotgun) T.Lawrence pass incomplete deep left to P.Washington (D.Turner).,3,10,CIN 36,36,-3,Cincinnati Bengals,Jacksonville Jaguars,10,13,7.5,92.5,343.0,23.0,366.0,205.0,113.0,318.0,game,Spread,Cincinnati Bengals,,2.5,kalshi,614,—,—,,-3,,miss,,,,—,,
2026-10-04T20:01:41.654341+00:00,nfl,2026,4,401872969,4018729692838,3,3:11,(Shotgun) T.Lawrence pass incomplete deep left to P.Washington (D.Turner).,3,10,CIN 36,36,-3,Cincinnati Bengals,Jacksonville Jaguars,10,13,7.5,92.5,343.0,23.0,366.0,205.0,113.0,318.0,game,Total,Over,,40.5,kalshi,566,—,—,,23.0,,miss,,,,—,,
2026-10-04T20:01:41.654341+00:00,nfl,2026,4,401872969,4018729692838,3,3:11,(Shotgun) T.Lawrence pass incomplete deep left to P.Washington (D.Turner).,3,10,CIN 36,36,-3,Cincinnati Bengals,Jacksonville Jaguars,10,13,7.5,92.5,343.0,23.0,366.0,205.0,113.0,318.0,game,Total,Under,,40.5,kalshi,-810,—,—,,23.0,,hit,,,,—,,
2026-10-04T20:01:41.654341+00:00,nfl,2026,4,401872969,4018729692838,3,3:11,(Shotgun) T.Lawrence pass incomplete deep left to P.Washington (D.Turner).,3,10,CIN 36,36,-3,Cincinnati Bengals,Jacksonville Jaguars,10,13,7.5,92.5,343.0,23.0,366.0,205.0,113.0,318.0,game,ML,Jacksonville Jaguars,,,polymarket,-670,—,—,,Win,,hit,,,,—,,
2026-10-04T20:01:41.654341+00:00,nfl,2026,4,401872969,4018729692838,3,3:11,(Shotgun) T.Lawrence pass incomplete deep left to P.Washington (D.Turner).,3,10,CIN 36,36,-3,Cincinnati Bengals,Jacksonville Jaguars,10,13,7.5,92.5,343.0,23.0,366.0,205.0,113.0,318.0,game,ML,Cincinnati Bengals,,,bet365,850,—,—,,Loss,,miss,,,,—,,
2026-10-04T20:01:41.654341+00:00,nfl,2026,4,401872969,4018729692871,3,3:00,Official Timeout at 03:00.,-1,10,JAX 35,65,-6,Cincinnati Bengals,Jacksonville Jaguars,10,16,7.5,92.5,343.0,23.0,366.0,205.0,113.0,318.0,game,Spread,Jacksonville Jaguars,,-2.5,kalshi,-1012,—,—,,-6,,hit,,,,—,,
2026-10-04T20:01:41.654341+00:00,nfl,2026,4,401872969,4018729692871,3,3:00,Official Timeout at 03:00.,-1,10,JAX 35,65,-6,Cincinnati Bengals,Jacksonville Jaguars,10,16,7.5,92.5,343.0,23.0,366.0,205.0,113.0,318.0,game,Spread,Cincinnati Bengals,,2.5,kalshi,614,—,—,,-6,,miss,,,,—,,
2026-10-04T20:01:41.654341+00:00,nfl,2026,4,401872969,4018729692871,3,3:00,Official Timeout at 03:00.,-1,10,JAX 35,65,-6,Cincinnati Bengals,Jacksonville Jaguars,10,16,7.5,92.5,343.0,23.0,366.0,205.0,113.0,318.0,game,Total,Over,,40.5,kalshi,566,—,—,,26.0,,miss,,,,—,,
2026-10-04T20:01:41.654341+00:00,nfl,2026,4,401872969,4018729692871,3,3:00,Official Timeout at 03:00.,-1,10,JAX 35,65,-6,Cincinnati Bengals,Jacksonville Jaguars,10,16,7.5,92.5,343.0,23.0,366.0,205.0,113.0,318.0,game,Total,Under,,40.5,kalshi,-810,—,—,,26.0,,hit,,,,—,,
2026-10-04T20:01:41.654341+00:00,nfl,2026,4,401872969,4018729692871,3,3:00,Official Timeout at 03:00.,-1,10,JAX 35,65,-6,Cincinnati Bengals,Jacksonville Jaguars,10,16,7.5,92.5,343.0,23.0,366.0,205.0,113.0,318.0,game,ML,Jacksonville Jaguars,,,polymarket,-670,—,—,,Win,,hit,,,,—,,
2026-10-04T20:01:41.654341+00:00,nfl,2026,4,401872969,4018729692871,3,3:00,Official Timeout at 03:00.,-1,10,JAX 35,65,-6,Cincinnati Bengals,Jacksonville Jaguars,10,16,7.5,92.5,343.0,23.0,366.0,205.0,113.0,318.0,game,ML,Cincinnati Bengals,,,bet365,850,—,—,,Loss,,miss,,,,—,,
2026-10-04T20:01:41.654341+00:00,nfl,2026,4,401872969,4018729692861,3,3:00,"C.Little 54 yard field goal is GOOD, Center-R.Matiscik, Holder-L.Cooke.",4,10,CIN 36,36,-6,Cincinnati Bengals,Jacksonville Jaguars,10,16,7.5,92.5,343.0,23.0,366.0,205.0,113.0,318.0,game,Spread,Jacksonville Jaguars,,-2.5,kalshi,-1012,—,—,,-6,,hit,,,,—,,
2026-10-04T20:01:41.654341+00:00,nfl,2026,4,401872969,4018729692861,3,3:00,"C.Little 54 yard field goal is GOOD, Center-R.Matiscik, Holder-L.Cooke.",4,10,CIN 36,36,-6,Cincinnati Bengals,Jacksonville Jaguars,10,16,7.5,92.5,343.0,23.0,366.0,205.0,113.0,318.0,game,Spread,Cincinnati Bengals,,2.5,kalshi,614,—,—,,-6,,miss,,,,—,,
2026-10-04T20:01:41.654341+00:00,nfl,2026,4,401872969,4018729692861,3,3:00,"C.Little 54 yard field goal is GOOD, Center-R.Matiscik, Holder-L.Cooke.",4,10,CIN 36,36,-6,Cincinnati Bengals,Jacksonville Jaguars,10,16,7.5,92.5,343.0,23.0,366.0,205.0,113.0,318.0,game,Total,Over,,40.5,kalshi,566,—,—,,26.0,,miss,,,,—,,
2026-10-04T20:01:41.654341+00:00,nfl,2026,4,401872969,4018729692861,3,3:00,"C.Little 54 yard field goal is GOOD, Center-R.Matiscik, Holder-L.Cooke.",4,10,CIN 36,36,-6,Cincinnati Bengals,Jacksonville Jaguars,10,16,7.5,92.5,343.0,23.0,366.0,205.0,113.0,318.0,game,Total,Under,,40.5,kalshi,-810,—,—,,26.0,,hit,,,,—,,
2026-10-04T20:01:41.654341+00:00,nfl,2026,4,401872969,4018729692861,3,3:00,"C.Little 54 yard field goal is GOOD, Center-R.Matiscik, Holder-L.Cooke.",4,10,CIN 36,36,-6,Cincinnati Bengals,Jacksonville Jaguars,10,16,7.5,92.5,343.0,23.0,366.0,205.0,113.0,318.0,game,ML,Jacksonville Jaguars,,,polymarket,-670,—,—,,Win,,hit,,,,—,,
2026-10-04T20:01:41.654341+00:00,nfl,2026,4,401872969,4018729692861,3,3:00,"C.Little 54 yard field goal is GOOD, Center-R.Matiscik, Holder-L.Cooke.",4,10,CIN 36,36,-6,Cincinnati Bengals,Jacksonville Jaguars,10,16,7.5,92.5,343.0,23.0,366.0,205.0,113.0,318.0,game,ML,Cincinnati Bengals,,,bet365,850,—,—,,Loss,,miss,,,,—,,
2026-10-04T20:01:41.654341+00:00,nfl,2026,4,401872969,4018729692881,3,3:00,C.Little kicks 63 yards from JAX 35 to CIN 2. D.Meyers to CIN 26 for 24 yards (J.Mcleod).,3,10,JAX 45,65,-6,Cincinnati Bengals,Jacksonville Jaguars,10,16,7.5,92.5,343.0,23.0,366.0,205.0,113.0,318.0,game,Spread,Jacksonville Jaguars,,-2.5,kalshi,-1012,—,—,,-6,,hit,,,,—,,
2026-10-04T20:01:41.654341+00:00,nfl,2026,4,401872969,4018729692881,3,3:00,C.Little kicks 63 yards from JAX 35 to CIN 2. D.Meyers to CIN 26 for 24 yards (J.Mcleod).,3,10,JAX 45,65,-6,Cincinnati Bengals,Jacksonville Jaguars,10,16,7.5,92.5,343.0,23.0,366.0,205.0,113.0,318.0,game,Spread,Cincinnati Bengals,,2.5,kalshi,614,—,—,,-6,,miss,,,,—,,
2026-10-04T20:01:41.654341+00:00,nfl,2026,4,401872969,4018729692881,3,3:00,C.Little kicks 63 yards from JAX 35 to CIN 2. D.Meyers to CIN 26 for 24 yards (J.Mcleod).,3,10,JAX 45,65,-6,Cincinnati Bengals,Jacksonville Jaguars,10,16,7.5,92.5,343.0,23.0,366.0,205.0,113.0,318.0,game,Total,Over,,40.5,kalshi,566,—,—,,26.0,,miss,,,,—,,
2026-10-04T20:01:41.654341+00:00,nfl,2026,4,401872969,4018729692881,3,3:00,C.Little kicks 63 yards from JAX 35 to CIN 2. D.Meyers to CIN 26 for 24 yards (J.Mcleod).,3,10,JAX 45,65,-6,Cincinnati Bengals,Jacksonville Jaguars,10,16,7.5,92.5,343.0,23.0,366.0,205.0,113.0,318.0,game,Total,Under,,40.5,kalshi,-810,—,—,,26.0,,hit,,,,—,,
2026-10-04T20:01:41.654341+00:00,nfl,2026,4,401872969,4018729692881,3,3:00,C.Little kicks 63 yards from JAX 35 to CIN 2. D.Meyers to CIN 26 for 24 yards (J.Mcleod).,3,10,JAX 45,65,-6,Cincinnati Bengals,Jacksonville Jaguars,10,16,7.5,92.5,343.0,23.0,366.0,205.0,113.0,318.0,game,ML,Jacksonville Jaguars,,,polymarket,-670,—,—,,Win,,hit,,,,—,,
2026-10-04T20:01:41.654341+00:00,nfl,2026,4,401872969,4018729692881,3,3:00,C.Little kicks 63 yards from JAX 35 to CIN 2. D.Meyers to CIN 26 for 24 yards (J.Mcleod).,3,10,JAX 45,65,-6,Cincinnati Bengals,Jacksonville Jaguars,10,16,7.5,92.5,343.0,23.0,366.0,205.0,113.0,318.0,game,ML,Cincinnati Bengals,,,bet365,850,—,—,,Loss,,miss,,,,—,,
2026-10-04T20:01:41.654341+00:00,nfl,2026,4,401872969,4018729692911,3,2:55,(Shotgun) J.Burrow pass incomplete short left to M.Gesicki (R.Lane).,1,10,CIN 26,26,-6,Cincinnati Bengals,Jacksonville Jaguars,10,16,7.5,92.5,343.0,23.0,366.0,205.0,113.0,318.0,game,Spread,Jacksonville Jaguars,,-2.5,kalshi,-1012,—,—,,-6,,hit,,,,—,,
2026-10-04T20:01:41.654341+00:00,nfl,2026,4,401872969,4018729692911,3,2:55,(Shotgun) J.Burrow pass incomplete short left to M.Gesicki (R.Lane).,1,10,CIN 26,26,-6,Cincinnati Bengals,Jacksonville Jaguars,10,16,7.5,92.5,343.0,23.0,366.0,205.0,113.0,318.0,game,Spread,Cincinnati Bengals,,2.5,kalshi,614,—,—,,-6,,miss,,,,—,,
2026-10-04T20:01:41.654341+00:00,nfl,2026,4,401872969,4018729692911,3,2:55,(Shotgun) J.Burrow pass incomplete short left to M.Gesicki (R.Lane).,1,10,CIN 26,26,-6,Cincinnati Bengals,Jacksonville Jaguars,10,16,7.5,92.5,343.0,23.0,366.0,205.0,113.0,318.0,game,Total,Over,,40.5,kalshi,566,—,—,,26.0,,miss,,,,—,,
2026-10-04T20:01:41.654341+00:00,nfl,2026,4,401872969,4018729692911,3,2:55,(Shotgun) J.Burrow pass incomplete short left to M.Gesicki (R.Lane).,1,10,CIN 26,26,-6,Cincinnati Bengals,Jacksonville Jaguars,10,16,7.5,92.5,343.0,23.0,366.0,205.0,113.0,318.0,game,Total,Under,,40.5,kalshi,-810,—,—,,26.0,,hit,,,,—,,
2026-10-04T20:01:41.654341+00:00,nfl,2026,4,401872969,4018729692911,3,2:55,(Shotgun) J.Burrow pass incomplete short left to M.Gesicki (R.Lane).,1,10,CIN 26,26,-6,Cincinnati Bengals,Jacksonville Jaguars,10,16,7.5,92.5,343.0,23.0,366.0,205.0,113.0,318.0,game,ML,Jacksonville Jaguars,,,polymarket,-670,—,—,,Win,,hit,,,,—,,
2026-10-04T20:01:41.654341+00:00,nfl,2026,4,401872969,4018729692911,3,2:55,(Shotgun) J.Burrow pass incomplete short left to M.Gesicki (R.Lane).,1,10,CIN 26,26,-6,Cincinnati Bengals,Jacksonville Jaguars,10,16,7.5,92.5,343.0,23.0,366.0,205.0,113.0,318.0,game,ML,Cincinnati Bengals,,,bet365,850,—,—,,Loss,,miss,,,,—,,
2026-10-04T20:01:41.654341+00:00,nfl,2026,4,401872969,4018729692934,3,2:51,(Shotgun) J.Burrow pass short right to D.Meyers to CIN 30 for 4 yards (D.Striggow).,2,10,CIN 26,26,-6,Cincinnati Bengals,Jacksonville Jaguars,10,16,7.5,92.5,343.0,23.0,366.0,205.0,113.0,318.0,game,Spread,Jacksonville Jaguars,,-2.5,kalshi,-1012,—,—,,-6,,hit,,,,—,,
2026-10-04T20:01:41.654341+00:00,nfl,2026,4,401872969,4018729692934,3,2:51,(Shotgun) J.Burrow pass short right to D.Meyers to CIN 30 for 4 yards (D.Striggow).,2,10,CIN 26,26,-6,Cincinnati Bengals,Jacksonville Jaguars,10,16,7.5,92.5,343.0,23.0,366.0,205.0,113.0,318.0,game,Spread,Cincinnati Bengals,,2.5,kalshi,614,—,—,,-6,,miss,,,,—,,
2026-10-04T20:01:41.654341+00:00,nfl,2026,4,401872969,4018729692934,3,2:51,(Shotgun) J.Burrow pass short right to D.Meyers to CIN 30 for 4 yards (D.Striggow).,2,10,CIN 26,26,-6,Cincinnati Bengals,Jacksonville Jaguars,10,16,7.5,92.5,343.0,23.0,366.0,205.0,113.0,318.0,game,Total,Over,,40.5,kalshi,566,—,—,,26.0,,miss,,,,—,,
2026-10-04T20:01:41.654341+00:00,nfl,2026,4,401872969,4018729692934,3,2:51,(Shotgun) J.Burrow pass short right to D.Meyers to CIN 30 for 4 yards (D.Striggow).,2,10,CIN 26,26,-6,Cincinnati Bengals,Jacksonville Jaguars,10,16,7.5,92.5,343.0,23.0,366.0,205.0,113.0,318.0,game,Total,Under,,40.5,kalshi,-810,—,—,,26.0,,hit,,,,—,,
2026-10-04T20:01:41.654341+00:00,nfl,2026,4,401872969,4018729692934,3,2:51,(Shotgun) J.Burrow pass short right to D.Meyers to CIN 30 for 4 yards (D.Striggow).,2,10,CIN 26,26,-6,Cincinnati Bengals,Jacksonville Jaguars,10,16,7.5,92.5,343.0,23.0,366.0,205.0,113.0,318.0,game,ML,Jacksonville Jaguars,,,polymarket,-670,—,—,,Win,,hit,,,,—,,
2026-10-04T20:01:41.654341+00:00,nfl,2026,4,401872969,4018729692934,3,2:51,(Shotgun) J.Burrow pass short right to D.Meyers to CIN 30 for 4 yards (D.Striggow).,2,10,CIN 26,26,-6,Cincinnati Bengals,Jacksonville Jaguars,10,16,7.5,92.5,343.0,23.0,366.0,205.0,113.0,318.0,game,ML,Cincinnati Bengals,,,bet365,850,—,—,,Loss,,miss,,,,—,,
2026-10-04T20:01:41.654341+00:00,nfl,2026,4,401872969,4018729692970,3,2:22,"(Shotgun) J.Burrow scrambles right tackle to CIN 35 for 5 yards (F.Oluokun).PENALTY on CIN-O.Brown, Offensive Holding, 10 yards, enforced at CIN 30 - No Play.",3,6,CIN 30,30,-6,Cincinnati Bengals,Jacksonville Jaguars,10,16,7.5,92.5,343.0,23.0,366.0,205.0,113.0,318.0,game,Spread,Jacksonville Jaguars,,-2.5,kalshi,-1012,—,—,,-6,,hit,,,,—,,
2026-10-04T20:01:41.654341+00:00,nfl,2026,4,401872969,4018729692970,3,2:22,"(Shotgun) J.Burrow scrambles right tackle to CIN 35 for 5 yards (F.Oluokun).PENALTY on CIN-O.Brown, Offensive Holding, 10 yards, enforced at CIN 30 - No Play.",3,6,CIN 30,30,-6,Cincinnati Bengals,Jacksonville Jaguars,10,16,7.5,92.5,343.0,23.0,366.0,205.0,113.0,318.0,game,Spread,Cincinnati Bengals,,2.5,kalshi,614,—,—,,-6,,miss,,,,—,,
2026-10-04T20:01:41.654341+00:00,nfl,2026,4,401872969,4018729692970,3,2:22,"(Shotgun) J.Burrow scrambles right tackle to CIN 35 for 5 yards (F.Oluokun).PENALTY on CIN-O.Brown, Offensive Holding, 10 yards, enforced at CIN 30 - No Play.",3,6,CIN 30,30,-6,Cincinnati Bengals,Jacksonville Jaguars,10,16,7.5,92.5,343.0,23.0,366.0,205.0,113.0,318.0,game,Total,Over,,40.5,kalshi,566,—,—,,26.0,,miss,,,,—,,
2026-10-04T20:01:41.654341+00:00,nfl,2026,4,401872969,4018729692970,3,2:22,"(Shotgun) J.Burrow scrambles right tackle to CIN 35 for 5 yards (F.Oluokun).PENALTY on CIN-O.Brown, Offensive Holding, 10 yards, enforced at CIN 30 - No Play.",3,6,CIN 30,30,-6,Cincinnati Bengals,Jacksonville Jaguars,10,16,7.5,92.5,343.0,23.0,366.0,205.0,113.0,318.0,game,Total,Under,,40.5,kalshi,-810,—,—,,26.0,,hit,,,,—,,
2026-10-04T20:01:41.654341+00:00,nfl,2026,4,401872969,4018729692970,3,2:22,"(Shotgun) J.Burrow scrambles right tackle to CIN 35 for 5 yards (F.Oluokun).PENALTY on CIN-O.Brown, Offensive Holding, 10 yards, enforced at CIN 30 - No Play.",3,6,CIN 30,30,-6,Cincinnati Bengals,Jacksonville Jaguars,10,16,7.5,92.5,343.0,23.0,366.0,205.0,113.0,318.0,game,ML,Jacksonville Jaguars,,,polymarket,-670,—,—,,Win,,hit,,,,—,,
2026-10-04T20:01:41.654341+00:00,nfl,2026,4,401872969,4018729692970,3,2:22,"(Shotgun) J.Burrow scrambles right tackle to CIN 35 for 5 yards (F.Oluokun).PENALTY on CIN-O.Brown, Offensive Holding, 10 yards, enforced at CIN 30 - No Play.",3,6,CIN 30,30,-6,Cincinnati Bengals,Jacksonville Jaguars,10,16,7.5,92.5,343.0,23.0,366.0,205.0,113.0,318.0,game,ML,Cincinnati Bengals,,,bet365,850,—,—,,Loss,,miss,,,,—,,
2026-10-04T20:01:41.654341+00:00,nfl,2026,4,401872969,4018729693003,3,1:58,(Shotgun) J.Burrow pass deep right to D.Meyers to CIN 49 for 29 yards (R.Lane).,3,16,CIN 20,20,-6,Cincinnati Bengals,Jacksonville Jaguars,10,16,7.5,92.5,343.0,23.0,366.0,205.0,113.0,318.0,game,Spread,Jacksonville Jaguars,,-2.5,kalshi,-1012,—,—,,-6,,hit,,,,—,,
2026-10-04T20:01:41.654341+00:00,nfl,2026,4,401872969,4018729693003,3,1:58,(Shotgun) J.Burrow pass deep right to D.Meyers to CIN 49 for 29 yards (R.Lane).,3,16,CIN 20,20,-6,Cincinnati Bengals,Jacksonville Jaguars,10,16,7.5,92.5,343.0,23.0,366.0,205.0,113.0,318.0,game,Spread,Cincinnati Bengals,,2.5,kalshi,614,—,—,,-6,,miss,,,,—,,
2026-10-04T20:01:41.654341+00:00,nfl,2026,4,401872969,4018729693003,3,1:58,(Shotgun) J.Burrow pass deep right to D.Meyers to CIN 49 for 29 yards (R.Lane).,3,16,CIN 20,20,-6,Cincinnati Bengals,Jacksonville Jaguars,10,16,7.5,92.5,343.0,23.0,366.0,205.0,113.0,318.0,game,Total,Over,,40.5,kalshi,566,—,—,,26.0,,miss,,,,—,,
2026-10-04T20:01:41.654341+00:00,nfl,2026,4,401872969,4018729693003,3,1:58,(Shotgun) J.Burrow pass deep right to D.Meyers to CIN 49 for 29 yards (R.Lane).,3,16,CIN 20,20,-6,Cincinnati Bengals,Jacksonville Jaguars,10,16,7.5,92.5,343.0,23.0,366.0,205.0,113.0,318.0,game,Total,Under,,40.5,kalshi,-810,—,—,,26.0,,hit,,,,—,,
2026-10-04T20:01:41.654341+00:00,nfl,2026,4,401872969,4018729693003,3,1:58,(Shotgun) J.Burrow pass deep right to D.Meyers to CIN 49 for 29 yards (R.Lane).,3,16,CIN 20,20,-6,Cincinnati Bengals,Jacksonville Jaguars,10,16,7.5,92.5,343.0,23.0,366.0,205.0,113.0,318.0,game,ML,Jacksonville Jaguars,,,polymarket,-670,—,—,,Win,,hit,,,,—,,
2026-10-04T20:01:41.654341+00:00,nfl,2026,4,401872969,4018729693003,3,1:58,(Shotgun) J.Burrow pass deep right to D.Meyers to CIN 49 for 29 yards (R.Lane).,3,16,CIN 20,20,-6,Cincinnati Bengals,Jacksonville Jaguars,10,16,7.5,92.5,343.0,23.0,366.0,205.0,113.0,318.0,game,ML,Cincinnati Bengals,,,bet365,850,—,—,,Loss,,miss,,,,—,,
2026-10-04T20:01:41.654341+00:00,nfl,2026,4,401872969,4018729693028,3,1:26,"(No Huddle, Shotgun) S.Perine up the middle to JAX 49 for 2 yards (V.Miller; T.Walker).",1,10,CIN 49,49,-6,Cincinnati Bengals,Jacksonville Jaguars,10,16,7.5,92.5,343.0,23.0,366.0,205.0,113.0,318.0,game,Spread,Jacksonville Jaguars,,-2.5,kalshi,-1012,—,—,,-6,,hit,,,,—,,
2026-10-04T20:01:41.654341+00:00,nfl,2026,4,401872969,4018729693028,3,1:26,"(No Huddle, Shotgun) S.Perine up the middle to JAX 49 for 2 yards (V.Miller; T.Walker).",1,10,CIN 49,49,-6,Cincinnati Bengals,Jacksonville Jaguars,10,16,7.5,92.5,343.0,23.0,366.0,205.0,113.0,318.0,game,Spread,Cincinnati Bengals,,2.5,kalshi,614,—,—,,-6,,miss,,,,—,,
2026-10-04T20:01:41.654341+00:00,nfl,2026,4,401872969,4018729693028,3,1:26,"(No Huddle, Shotgun) S.Perine up the middle to JAX 49 for 2 yards (V.Miller; T.Walker).",1,10,CIN 49,49,-6,Cincinnati Bengals,Jacksonville Jaguars,10,16,7.5,92.5,343.0,23.0,366.0,205.0,113.0,318.0,game,Total,Over,,40.5,kalshi,566,—,—,,26.0,,miss,,,,—,,
2026-10-04T20:01:41.654341+00:00,nfl,2026,4,401872969,4018729693028,3,1:26,"(No Huddle, Shotgun) S.Perine up the middle to JAX 49 for 2 yards (V.Miller; T.Walker).",1,10,CIN 49,49,-6,Cincinnati Bengals,Jacksonville Jaguars,10,16,7.5,92.5,343.0,23.0,366.0,205.0,113.0,318.0,game,Total,Under,,40.5,kalshi,-810,—,—,,26.0,,hit,,,,—,,
2026-10-04T20:01:41.654341+00:00,nfl,2026,4,401872969,4018729693028,3,1:26,"(No Huddle, Shotgun) S.Perine up the middle to JAX 49 for 2 yards (V.Miller; T.Walker).",1,10,CIN 49,49,-6,Cincinnati Bengals,Jacksonville Jaguars,10,16,7.5,92.5,343.0,23.0,366.0,205.0,113.0,318.0,game,ML,Jacksonville Jaguars,,,polymarket,-670,—,—,,Win,,hit,,,,—,,
2026-10-04T20:01:41.654341+00:00,nfl,2026,4,401872969,4018729693028,3,1:26,"(No Huddle, Shotgun) S.Perine up the middle to JAX 49 for 2 yards (V.Miller; T.Walker).",1,10,CIN 49,49,-6,Cincinnati Bengals,Jacksonville Jaguars,10,16,7.5,92.5,343.0,23.0,366.0,205.0,113.0,318.0,game,ML,Cincinnati Bengals,,,bet365,850,—,—,,Loss,,miss,,,,—,,
2026-10-04T20:01:41.654341+00:00,nfl,2026,4,401872969,4018729693050,3,0:44,(Shotgun) J.Burrow pass short right to C.Brown pushed ob at JAX 45 for 4 yards (V.Miller).,2,8,JAX 49,51,-6,Cincinnati Bengals,Jacksonville Jaguars,10,16,7.5,92.5,343.0,23.0,366.0,205.0,113.0,318.0,game,Spread,Jacksonville Jaguars,,-2.5,kalshi,-1012,—,—,,-6,,hit,,,,—,,
2026-10-04T20:01:41.654341+00:00,nfl,2026,4,401872969,4018729693050,3,0:44,(Shotgun) J.Burrow pass short right to C.Brown pushed ob at JAX 45 for 4 yards (V.Miller).,2,8,JAX 49,51,-6,Cincinnati Bengals,Jacksonville Jaguars,10,16,7.5,92.5,343.0,23.0,366.0,205.0,113.0,318.0,game,Spread,Cincinnati Bengals,,2.5,kalshi,614,—,—,,-6,,miss,,,,—,,
2026-10-04T20:01:41.654341+00:00,nfl,2026,4,401872969,4018729693050,3,0:44,(Shotgun) J.Burrow pass short right to C.Brown pushed ob at JAX 45 for 4 yards (V.Miller).,2,8,JAX 49,51,-6,Cincinnati Bengals,Jacksonville Jaguars,10,16,7.5,92.5,343.0,23.0,366.0,205.0,113.0,318.0,game,Total,Over,,40.5,kalshi,566,—,—,,26.0,,miss,,,,—,,
2026-10-04T20:01:41.654341+00:00,nfl,2026,4,401872969,4018729693050,3,0:44,(Shotgun) J.Burrow pass short right to C.Brown pushed ob at JAX 45 for 4 yards (V.Miller).,2,8,JAX 49,51,-6,Cincinnati Bengals,Jacksonville Jaguars,10,16,7.5,92.5,343.0,23.0,366.0,205.0,113.0,318.0,game,Total,Under,,40.5,kalshi,-810,—,—,,26.0,,hit,,,,—,,
2026-10-04T20:01:41.654341+00:00,nfl,2026,4,401872969,4018729693050,3,0:44,(Shotgun) J.Burrow pass short right to C.Brown pushed ob at JAX 45 for 4 yards (V.Miller).,2,8,JAX 49,51,-6,Cincinnati Bengals,Jacksonville Jaguars,10,16,7.5,92.5,343.0,23.0,366.0,205.0,113.0,318.0,game,ML,Jacksonville Jaguars,,,polymarket,-670,—,—,,Win,,hit,,,,—,,
2026-10-04T20:01:41.654341+00:00,nfl,2026,4,401872969,4018729693050,3,0:44,(Shotgun) J.Burrow pass short right to C.Brown pushed ob at JAX 45 for 4 yards (V.Miller).,2,8,JAX 49,51,-6,Cincinnati Bengals,Jacksonville Jaguars,10,16,7.5,92.5,343.0,23.0,366.0,205.0,113.0,318.0,game,ML,Cincinnati Bengals,,,bet365,850,—,—,,Loss,,miss,,,,—,,
2026-10-04T20:01:41.654341+00:00,nfl,2026,4,401872969,4018729693080,3,0:05,(Shotgun) J.Burrow pass short right to C.Brown to JAX 36 for 9 yards (R.Lane) [V.Miller].,3,4,JAX 45,55,-6,Cincinnati Bengals,Jacksonville Jaguars,10,16,7.5,92.5,343.0,23.0,366.0,205.0,113.0,318.0,game,Spread,Jacksonville Jaguars,,-2.5,kalshi,-1012,—,—,,-6,,hit,,,,—,,
2026-10-04T20:01:41.654341+00:00,nfl,2026,4,401872969,4018729693080,3,0:05,(Shotgun) J.Burrow pass short right to C.Brown to JAX 36 for 9 yards (R.Lane) [V.Miller].,3,4,JAX 45,55,-6,Cincinnati Bengals,Jacksonville Jaguars,10,16,7.5,92.5,343.0,23.0,366.0,205.0,113.0,318.0,game,Spread,Cincinnati Bengals,,2.5,kalshi,614,—,—,,-6,,miss,,,,—,,
2026-10-04T20:01:41.654341+00:00,nfl,2026,4,401872969,4018729693080,3,0:05,(Shotgun) J.Burrow pass short right to C.Brown to JAX 36 for 9 yards (R.Lane) [V.Miller].,3,4,JAX 45,55,-6,Cincinnati Bengals,Jacksonville Jaguars,10,16,7.5,92.5,343.0,23.0,366.0,205.0,113.0,318.0,game,Total,Over,,40.5,kalshi,566,—,—,,26.0,,miss,,,,—,,
2026-10-04T20:01:41.654341+00:00,nfl,2026,4,401872969,4018729693080,3,0:05,(Shotgun) J.Burrow pass short right to C.Brown to JAX 36 for 9 yards (R.Lane) [V.Miller].,3,4,JAX 45,55,-6,Cincinnati Bengals,Jacksonville Jaguars,10,16,7.5,92.5,343.0,23.0,366.0,205.0,113.0,318.0,game,Total,Under,,40.5,kalshi,-810,—,—,,26.0,,hit,,,,—,,
2026-10-04T20:01:41.654341+00:00,nfl,2026,4,401872969,4018729693080,3,0:05,(Shotgun) J.Burrow pass short right to C.Brown to JAX 36 for 9 yards (R.Lane) [V.Miller].,3,4,JAX 45,55,-6,Cincinnati Bengals,Jacksonville Jaguars,10,16,7.5,92.5,343.0,23.0,366.0,205.0,113.0,318.0,game,ML,Jacksonville Jaguars,,,polymarket,-670,—,—,,Win,,hit,,,,—,,
2026-10-04T20:01:41.654341+00:00,nfl,2026,4,401872969,4018729693080,3,0:05,(Shotgun) J.Burrow pass short right to C.Brown to JAX 36 for 9 yards (R.Lane) [V.Miller].,3,4,JAX 45,55,-6,Cincinnati Bengals,Jacksonville Jaguars,10,16,7.5,92.5,343.0,23.0,366.0,205.0,113.0,318.0,game,ML,Cincinnati Bengals,,,bet365,850,—,—,,Loss,,miss,,,,—,,
2026-10-04T20:01:41.654341+00:00,nfl,2026,4,401872969,4018729693105,3,0:00,END QUARTER 3,1,10,JAX 45,64,-6,Cincinnati Bengals,Jacksonville Jaguars,10,16,7.5,92.5,343.0,23.0,366.0,205.0,113.0,318.0,game,Spread,Jacksonville Jaguars,,-2.5,kalshi,-1012,—,—,,-6,,hit,,,,—,,
2026-10-04T20:01:41.654341+00:00,nfl,2026,4,401872969,4018729693105,3,0:00,END QUARTER 3,1,10,JAX 45,64,-6,Cincinnati Bengals,Jacksonville Jaguars,10,16,7.5,92.5,343.0,23.0,366.0,205.0,113.0,318.0,game,Spread,Cincinnati Bengals,,2.5,kalshi,614,—,—,,-6,,miss,,,,—,,
2026-10-04T20:01:41.654341+00:00,nfl,2026,4,401872969,4018729693105,3,0:00,END QUARTER 3,1,10,JAX 45,64,-6,Cincinnati Bengals,Jacksonville Jaguars,10,16,7.5,92.5,343.0,23.0,366.0,205.0,113.0,318.0,game,Total,Over,,40.5,kalshi,566,—,—,,26.0,,miss,,,,—,,
2026-10-04T20:01:41.654341+00:00,nfl,2026,4,401872969,4018729693105,3,0:00,END QUARTER 3,1,10,JAX 45,64,-6,Cincinnati Bengals,Jacksonville Jaguars,10,16,7.5,92.5,343.0,23.0,366.0,205.0,113.0,318.0,game,Total,Under,,40.5,kalshi,-810,—,—,,26.0,,hit,,,,—,,
2026-10-04T20:01:41.654341+00:00,nfl,2026,4,401872969,4018729693105,3,0:00,END QUARTER 3,1,10,JAX 45,64,-6,Cincinnati Bengals,Jacksonville Jaguars,10,16,7.5,92.5,343.0,23.0,366.0,205.0,113.0,318.0,game,ML,Jacksonville Jaguars,,,polymarket,-670,—,—,,Win,,hit,,,,—,,
2026-10-04T20:01:41.654341+00:00,nfl,2026,4,401872969,4018729693105,3,0:00,END QUARTER 3,1,10,JAX 45,64,-6,Cincinnati Bengals,Jacksonville Jaguars,10,16,7.5,92.5,343.0,23.0,366.0,205.0,113.0,318.0,game,ML,Cincinnati Bengals,,,bet365,850,—,—,,Loss,,miss,,,,—,,
2026-10-04T20:01:41.654341+00:00,nfl,2026,4,401872969,4018729693125,4,15:00,(Shotgun) J.Burrow pass deep right to T.Higgins to JAX 10 for 26 yards (A.Johnson; R.Lane).,1,10,JAX 36,64,-6,Cincinnati Bengals,Jacksonville Jaguars,10,16,7.5,92.5,343.0,23.0,366.0,205.0,113.0,318.0,game,Spread,Jacksonville Jaguars,,-2.5,kalshi,-1012,—,—,,-6,,hit,,,,—,,
2026-10-04T20:01:41.654341+00:00,nfl,2026,4,401872969,4018729693125,4,15:00,(Shotgun) J.Burrow pass deep right to T.Higgins to JAX 10 for 26 yards (A.Johnson; R.Lane).,1,10,JAX 36,64,-6,Cincinnati Bengals,Jacksonville Jaguars,10,16,7.5,92.5,343.0,23.0,366.0,205.0,113.0,318.0,game,Spread,Cincinnati Bengals,,2.5,kalshi,614,—,—,,-6,,miss,,,,—,,
2026-10-04T20:01:41.654341+00:00,nfl,2026,4,401872969,4018729693125,4,15:00,(Shotgun) J.Burrow pass deep right to T.Higgins to JAX 10 for 26 yards (A.Johnson; R.Lane).,1,10,JAX 36,64,-6,Cincinnati Bengals,Jacksonville Jaguars,10,16,7.5,92.5,343.0,23.0,366.0,205.0,113.0,318.0,game,Total,Over,,40.5,kalshi,566,—,—,,26.0,,miss,,,,—,,
2026-10-04T20:01:41.654341+00:00,nfl,2026,4,401872969,4018729693125,4,15:00,(Shotgun) J.Burrow pass deep right to T.Higgins to JAX 10 for 26 yards (A.Johnson; R.Lane).,1,10,JAX 36,64,-6,Cincinnati Bengals,Jacksonville Jaguars,10,16,7.5,92.5,343.0,23.0,366.0,205.0,113.0,318.0,game,Total,Under,,40.5,kalshi,-810,—,—,,26.0,,hit,,,,—,,
2026-10-04T20:01:41.654341+00:00,nfl,2026,4,401872969,4018729693125,4,15:00,(Shotgun) J.Burrow pass deep right to T.Higgins to JAX 10 for 26 yards (A.Johnson; R.Lane).,1,10,JAX 36,64,-6,Cincinnati Bengals,Jacksonville Jaguars,10,16,7.5,92.5,343.0,23.0,366.0,205.0,113.0,318.0,game,ML,Jacksonville Jaguars,,,polymarket,-670,—,—,,Win,,hit,,,,—,,
2026-10-04T20:01:41.654341+00:00,nfl,2026,4,401872969,4018729693125,4,15:00,(Shotgun) J.Burrow pass deep right to T.Higgins to JAX 10 for 26 yards (A.Johnson; R.Lane).,1,10,JAX 36,64,-6,Cincinnati Bengals,Jacksonville Jaguars,10,16,7.5,92.5,343.0,23.0,366.0,205.0,113.0,318.0,game,ML,Cincinnati Bengals,,,bet365,850,—,—,,Loss,,miss,,,,—,,
2026-10-04T20:01:41.654341+00:00,nfl,2026,4,401872969,4018729693150,4,14:16,(Shotgun) J.Burrow pass short right intended for M.Tinsley INTERCEPTED by F.Oluokun at JAX 10. F.Oluokun to JAX 15 for 5 yards (M.Tinsley).,1,10,JAX 10,90,-6,Cincinnati Bengals,Jacksonville Jaguars,10,16,7.5,92.5,343.0,23.0,366.0,205.0,113.0,318.0,game,Spread,Jacksonville Jaguars,,-2.5,kalshi,-1012,—,—,,-6,,hit,,,,—,,
2026-10-04T20:01:41.654341+00:00,nfl,2026,4,401872969,4018729693150,4,14:16,(Shotgun) J.Burrow pass short right intended for M.Tinsley INTERCEPTED by F.Oluokun at JAX 10. F.Oluokun to JAX 15 for 5 yards (M.Tinsley).,1,10,JAX 10,90,-6,Cincinnati Bengals,Jacksonville Jaguars,10,16,7.5,92.5,343.0,23.0,366.0,205.0,113.0,318.0,game,Spread,Cincinnati Bengals,,2.5,kalshi,614,—,—,,-6,,miss,,,,—,,
2026-10-04T20:01:41.654341+00:00,nfl,2026,4,401872969,4018729693150,4,14:16,(Shotgun) J.Burrow pass short right intended for M.Tinsley INTERCEPTED by F.Oluokun at JAX 10. F.Oluokun to JAX 15 for 5 yards (M.Tinsley).,1,10,JAX 10,90,-6,Cincinnati Bengals,Jacksonville Jaguars,10,16,7.5,92.5,343.0,23.0,366.0,205.0,113.0,318.0,game,Total,Over,,40.5,kalshi,566,—,—,,26.0,,miss,,,,—,,
2026-10-04T20:01:41.654341+00:00,nfl,2026,4,401872969,4018729693150,4,14:16,(Shotgun) J.Burrow pass short right intended for M.Tinsley INTERCEPTED by F.Oluokun at JAX 10. F.Oluokun to JAX 15 for 5 yards (M.Tinsley).,1,10,JAX 10,90,-6,Cincinnati Bengals,Jacksonville Jaguars,10,16,7.5,92.5,343.0,23.0,366.0,205.0,113.0,318.0,game,Total,Under,,40.5,kalshi,-810,—,—,,26.0,,hit,,,,—,,
2026-10-04T20:01:41.654341+00:00,nfl,2026,4,401872969,4018729693150,4,14:16,(Shotgun) J.Burrow pass short right intended for M.Tinsley INTERCEPTED by F.Oluokun at JAX 10. F.Oluokun to JAX 15 for 5 yards (M.Tinsley).,1,10,JAX 10,90,-6,Cincinnati Bengals,Jacksonville Jaguars,10,16,7.5,92.5,343.0,23.0,366.0,205.0,113.0,318.0,game,ML,Jacksonville Jaguars,,,polymarket,-670,—,—,,Win,,hit,,,,—,,
2026-10-04T20:01:41.654341+00:00,nfl,2026,4,401872969,4018729693150,4,14:16,(Shotgun) J.Burrow pass short right intended for M.Tinsley INTERCEPTED by F.Oluokun at JAX 10. F.Oluokun to JAX 15 for 5 yards (M.Tinsley).,1,10,JAX 10,90,-6,Cincinnati Bengals,Jacksonville Jaguars,10,16,7.5,92.5,343.0,23.0,366.0,205.0,113.0,318.0,game,ML,Cincinnati Bengals,,,bet365,850,—,—,,Loss,,miss,,,,—,,
2026-10-04T20:01:41.654341+00:00,nfl,2026,4,401872969,4018729693164,4,14:10,Official Timeout at 14:10.,1,10,JAX 15,85,-6,Cincinnati Bengals,Jacksonville Jaguars,10,16,7.5,92.5,343.0,23.0,366.0,205.0,113.0,318.0,game,Spread,Jacksonville Jaguars,,-2.5,kalshi,-1012,—,—,,-6,,hit,,,,—,,
2026-10-04T20:01:41.654341+00:00,nfl,2026,4,401872969,4018729693164,4,14:10,Official Timeout at 14:10.,1,10,JAX 15,85,-6,Cincinnati Bengals,Jacksonville Jaguars,10,16,7.5,92.5,343.0,23.0,366.0,205.0,113.0,318.0,game,Spread,Cincinnati Bengals,,2.5,kalshi,614,—,—,,-6,,miss,,,,—,,
2026-10-04T20:01:41.654341+00:00,nfl,2026,4,401872969,4018729693164,4,14:10,Official Timeout at 14:10.,1,10,JAX 15,85,-6,Cincinnati Bengals,Jacksonville Jaguars,10,16,7.5,92.5,343.0,23.0,366.0,205.0,113.0,318.0,game,Total,Over,,40.5,kalshi,566,—,—,,26.0,,miss,,,,—,,
2026-10-04T20:01:41.654341+00:00,nfl,2026,4,401872969,4018729693164,4,14:10,Official Timeout at 14:10.,1,10,JAX 15,85,-6,Cincinnati Bengals,Jacksonville Jaguars,10,16,7.5,92.5,343.0,23.0,366.0,205.0,113.0,318.0,game,Total,Under,,40.5,kalshi,-810,—,—,,26.0,,hit,,,,—,,
2026-10-04T20:01:41.654341+00:00,nfl,2026,4,401872969,4018729693164,4,14:10,Official Timeout at 14:10.,1,10,JAX 15,85,-6,Cincinnati Bengals,Jacksonville Jaguars,10,16,7.5,92.5,343.0,23.0,366.0,205.0,113.0,318.0,game,ML,Jacksonville Jaguars,,,polymarket,-670,—,—,,Win,,hit,,,,—,,
2026-10-04T20:01:41.654341+00:00,nfl,2026,4,401872969,4018729693164,4,14:10,Official Timeout at 14:10.,1,10,JAX 15,85,-6,Cincinnati Bengals,Jacksonville Jaguars,10,16,7.5,92.5,343.0,23.0,366.0,205.0,113.0,318.0,game,ML,Cincinnati Bengals,,,bet365,850,—,—,,Loss,,miss,,,,—,,
2026-10-04T20:01:41.654341+00:00,nfl,2026,4,401872969,4018729693177,4,14:10,B.Tuten up the middle pushed ob at JAX 35 for 20 yards (D.Hill).,1,10,JAX 15,85,-6,Cincinnati Bengals,Jacksonville Jaguars,10,16,7.5,92.5,343.0,23.0,366.0,205.0,113.0,318.0,game,Spread,Jacksonville Jaguars,,-2.5,kalshi,-1012,—,—,,-6,,hit,,,,—,,
2026-10-04T20:01:41.654341+00:00,nfl,2026,4,401872969,4018729693177,4,14:10,B.Tuten up the middle pushed ob at JAX 35 for 20 yards (D.Hill).,1,10,JAX 15,85,-6,Cincinnati Bengals,Jacksonville Jaguars,10,16,7.5,92.5,343.0,23.0,366.0,205.0,113.0,318.0,game,Spread,Cincinnati Bengals,,2.5,kalshi,614,—,—,,-6,,miss,,,,—,,
2026-10-04T20:01:41.654341+00:00,nfl,2026,4,401872969,4018729693177,4,14:10,B.Tuten up the middle pushed ob at JAX 35 for 20 yards (D.Hill).,1,10,JAX 15,85,-6,Cincinnati Bengals,Jacksonville Jaguars,10,16,7.5,92.5,343.0,23.0,366.0,205.0,113.0,318.0,game,Total,Over,,40.5,kalshi,566,—,—,,26.0,,miss,,,,—,,
2026-10-04T20:01:41.654341+00:00,nfl,2026,4,401872969,4018729693177,4,14:10,B.Tuten up the middle pushed ob at JAX 35 for 20 yards (D.Hill).,1,10,JAX 15,85,-6,Cincinnati Bengals,Jacksonville Jaguars,10,16,7.5,92.5,343.0,23.0,366.0,205.0,113.0,318.0,game,Total,Under,,40.5,kalshi,-810,—,—,,26.0,,hit,,,,—,,
2026-10-04T20:01:41.654341+00:00,nfl,2026,4,401872969,4018729693177,4,14:10,B.Tuten up the middle pushed ob at JAX 35 for 20 yards (D.Hill).,1,10,JAX 15,85,-6,Cincinnati Bengals,Jacksonville Jaguars,10,16,7.5,92.5,343.0,23.0,366.0,205.0,113.0,318.0,game,ML,Jacksonville Jaguars,,,polymarket,-670,—,—,,Win,,hit,,,,—,,
2026-10-04T20:01:41.654341+00:00,nfl,2026,4,401872969,4018729693177,4,14:10,B.Tuten up the middle pushed ob at JAX 35 for 20 yards (D.Hill).,1,10,JAX 15,85,-6,Cincinnati Bengals,Jacksonville Jaguars,10,16,7.5,92.5,343.0,23.0,366.0,205.0,113.0,318.0,game,ML,Cincinnati Bengals,,,bet365,850,—,—,,Loss,,miss,,,,—,,
2026-10-04T20:01:41.654341+00:00,nfl,2026,4,401872969,4018729693211,4,13:33,"(Shotgun) T.Lawrence pass incomplete deep right to J.Cameron.PENALTY on CIN-D.Turner, Defensive Pass Interference, 19 yards, enforced at JAX 35 - No Play.",1,10,JAX 35,65,-6,Cincinnati Bengals,Jacksonville Jaguars,10,16,7.5,92.5,343.0,23.0,366.0,205.0,113.0,318.0,game,Spread,Jacksonville Jaguars,,-2.5,kalshi,-1012,—,—,,-6,,hit,,,,—,,
2026-10-04T20:01:41.654341+00:00,nfl,2026,4,401872969,4018729693211,4,13:33,"(Shotgun) T.Lawrence pass incomplete deep right to J.Cameron.PENALTY on CIN-D.Turner, Defensive Pass Interference, 19 yards, enforced at JAX 35 - No Play.",1,10,JAX 35,65,-6,Cincinnati Bengals,Jacksonville Jaguars,10,16,7.5,92.5,343.0,23.0,366.0,205.0,113.0,318.0,game,Spread,Cincinnati Bengals,,2.5,kalshi,614,—,—,,-6,,miss,,,,—,,
2026-10-04T20:01:41.654341+00:00,nfl,2026,4,401872969,4018729693211,4,13:33,"(Shotgun) T.Lawrence pass incomplete deep right to J.Cameron.PENALTY on CIN-D.Turner, Defensive Pass Interference, 19 yards, enforced at JAX 35 - No Play.",1,10,JAX 35,65,-6,Cincinnati Bengals,Jacksonville Jaguars,10,16,7.5,92.5,343.0,23.0,366.0,205.0,113.0,318.0,game,Total,Over,,40.5,kalshi,566,—,—,,26.0,,miss,,,,—,,
2026-10-04T20:01:41.654341+00:00,nfl,2026,4,401872969,4018729693211,4,13:33,"(Shotgun) T.Lawrence pass incomplete deep right to J.Cameron.PENALTY on CIN-D.Turner, Defensive Pass Interference, 19 yards, enforced at JAX 35 - No Play.",1,10,JAX 35,65,-6,Cincinnati Bengals,Jacksonville Jaguars,10,16,7.5,92.5,343.0,23.0,366.0,205.0,113.0,318.0,game,Total,Under,,40.5,kalshi,-810,—,—,,26.0,,hit,,,,—,,
2026-10-04T20:01:41.654341+00:00,nfl,2026,4,401872969,4018729693211,4,13:33,"(Shotgun) T.Lawrence pass incomplete deep right to J.Cameron.PENALTY on CIN-D.Turner, Defensive Pass Interference, 19 yards, enforced at JAX 35 - No Play.",1,10,JAX 35,65,-6,Cincinnati Bengals,Jacksonville Jaguars,10,16,7.5,92.5,343.0,23.0,366.0,205.0,113.0,318.0,game,ML,Jacksonville Jaguars,,,polymarket,-670,—,—,,Win,,hit,,,,—,,
2026-10-04T20:01:41.654341+00:00,nfl,2026,4,401872969,4018729693211,4,13:33,"(Shotgun) T.Lawrence pass incomplete deep right to J.Cameron.PENALTY on CIN-D.Turner, Defensive Pass Interference, 19 yards, enforced at JAX 35 - No Play.",1,10,JAX 35,65,-6,Cincinnati Bengals,Jacksonville Jaguars,10,16,7.5,92.5,343.0,23.0,366.0,205.0,113.0,318.0,game,ML,Cincinnati Bengals,,,bet365,850,—,—,,Loss,,miss,,,,—,,
2026-10-04T20:01:41.654341+00:00,nfl,2026,4,401872969,4018729693245,4,13:28,T.Lawrence pass incomplete deep right to B.Strange.,1,10,CIN 46,46,-6,Cincinnati Bengals,Jacksonville Jaguars,10,16,7.5,92.5,343.0,23.0,366.0,205.0,113.0,318.0,game,Spread,Jacksonville Jaguars,,-2.5,kalshi,-1012,—,—,,-6,,hit,,,,—,,
2026-10-04T20:01:41.654341+00:00,nfl,2026,4,401872969,4018729693245,4,13:28,T.Lawrence pass incomplete deep right to B.Strange.,1,10,CIN 46,46,-6,Cincinnati Bengals,Jacksonville Jaguars,10,16,7.5,92.5,343.0,23.0,366.0,205.0,113.0,318.0,game,Spread,Cincinnati Bengals,,2.5,kalshi,614,—,—,,-6,,miss,,,,—,,
2026-10-04T20:01:41.654341+00:00,nfl,2026,4,401872969,4018729693245,4,13:28,T.Lawrence pass incomplete deep right to B.Strange.,1,10,CIN 46,46,-6,Cincinnati Bengals,Jacksonville Jaguars,10,16,7.5,92.5,343.0,23.0,366.0,205.0,113.0,318.0,game,Total,Over,,40.5,kalshi,566,—,—,,26.0,,miss,,,,—,,
2026-10-04T20:01:41.654341+00:00,nfl,2026,4,401872969,4018729693245,4,13:28,T.Lawrence pass incomplete deep right to B.Strange.,1,10,CIN 46,46,-6,Cincinnati Bengals,Jacksonville Jaguars,10,16,7.5,92.5,343.0,23.0,366.0,205.0,113.0,318.0,game,Total,Under,,40.5,kalshi,-810,—,—,,26.0,,hit,,,,—,,
2026-10-04T20:01:41.654341+00:00,nfl,2026,4,401872969,4018729693245,4,13:28,T.Lawrence pass incomplete deep right to B.Strange.,1,10,CIN 46,46,-6,Cincinnati Bengals,Jacksonville Jaguars,10,16,7.5,92.5,343.0,23.0,366.0,205.0,113.0,318.0,game,ML,Jacksonville Jaguars,,,polymarket,-670,—,—,,Win,,hit,,,,—,,
2026-10-04T20:01:41.654341+00:00,nfl,2026,4,401872969,4018729693245,4,13:28,T.Lawrence pass incomplete deep right to B.Strange.,1,10,CIN 46,46,-6,Cincinnati Bengals,Jacksonville Jaguars,10,16,7.5,92.5,343.0,23.0,366.0,205.0,113.0,318.0,game,ML,Cincinnati Bengals,,,bet365,850,—,—,,Loss,,miss,,,,—,,
2026-10-04T20:01:41.654341+00:00,nfl,2026,4,401872969,4018729693268,4,13:24,C.Rodriguez left tackle to CIN 44 for 2 yards (B.Carter; D.Lawrence).,2,10,CIN 46,46,-6,Cincinnati Bengals,Jacksonville Jaguars,10,16,7.5,92.5,343.0,23.0,366.0,205.0,113.0,318.0,game,Spread,Jacksonville Jaguars,,-2.5,kalshi,-1012,—,—,,-6,,hit,,,,—,,
2026-10-04T20:01:41.654341+00:00,nfl,2026,4,401872969,4018729693268,4,13:24,C.Rodriguez left tackle to CIN 44 for 2 yards (B.Carter; D.Lawrence).,2,10,CIN 46,46,-6,Cincinnati Bengals,Jacksonville Jaguars,10,16,7.5,92.5,343.0,23.0,366.0,205.0,113.0,318.0,game,Spread,Cincinnati Bengals,,2.5,kalshi,614,—,—,,-6,,miss,,,,—,,
2026-10-04T20:01:41.654341+00:00,nfl,2026,4,401872969,4018729693268,4,13:24,C.Rodriguez left tackle to CIN 44 for 2 yards (B.Carter; D.Lawrence).,2,10,CIN 46,46,-6,Cincinnati Bengals,Jacksonville Jaguars,10,16,7.5,92.5,343.0,23.0,366.0,205.0,113.0,318.0,game,Total,Over,,40.5,kalshi,566,—,—,,26.0,,miss,,,,—,,
2026-10-04T20:01:41.654341+00:00,nfl,2026,4,401872969,4018729693268,4,13:24,C.Rodriguez left tackle to CIN 44 for 2 yards (B.Carter; D.Lawrence).,2,10,CIN 46,46,-6,Cincinnati Bengals,Jacksonville Jaguars,10,16,7.5,92.5,343.0,23.0,366.0,205.0,113.0,318.0,game,Total,Under,,40.5,kalshi,-810,—,—,,26.0,,hit,,,,—,,
2026-10-04T20:01:41.654341+00:00,nfl,2026,4,401872969,4018729693268,4,13:24,C.Rodriguez left tackle to CIN 44 for 2 yards (B.Carter; D.Lawrence).,2,10,CIN 46,46,-6,Cincinnati Bengals,Jacksonville Jaguars,10,16,7.5,92.5,343.0,23.0,366.0,205.0,113.0,318.0,game,ML,Jacksonville Jaguars,,,polymarket,-670,—,—,,Win,,hit,,,,—,,
2026-10-04T20:01:41.654341+00:00,nfl,2026,4,401872969,4018729693268,4,13:24,C.Rodriguez left tackle to CIN 44 for 2 yards (B.Carter; D.Lawrence).,2,10,CIN 46,46,-6,Cincinnati Bengals,Jacksonville Jaguars,10,16,7.5,92.5,343.0,23.0,366.0,205.0,113.0,318.0,game,ML,Cincinnati Bengals,,,bet365,850,—,—,,Loss,,miss,,,,—,,
2026-10-04T20:01:41.654341+00:00,nfl,2026,4,401872969,4018729693290,4,12:41,(Shotgun) C.Rodriguez left guard to CIN 46 for -2 yards (B.Mafe).,3,8,CIN 44,44,-6,Cincinnati Bengals,Jacksonville Jaguars,10,16,7.5,92.5,343.0,23.0,366.0,205.0,113.0,318.0,game,Spread,Jacksonville Jaguars,,-2.5,kalshi,-1012,—,—,,-6,,hit,,,,—,,
2026-10-04T20:01:41.654341+00:00,nfl,2026,4,401872969,4018729693290,4,12:41,(Shotgun) C.Rodriguez left guard to CIN 46 for -2 yards (B.Mafe).,3,8,CIN 44,44,-6,Cincinnati Bengals,Jacksonville Jaguars,10,16,7.5,92.5,343.0,23.0,366.0,205.0,113.0,318.0,game,Spread,Cincinnati Bengals,,2.5,kalshi,614,—,—,,-6,,miss,,,,—,,
2026-10-04T20:01:41.654341+00:00,nfl,2026,4,401872969,4018729693290,4,12:41,(Shotgun) C.Rodriguez left guard to CIN 46 for -2 yards (B.Mafe).,3,8,CIN 44,44,-6,Cincinnati Bengals,Jacksonville Jaguars,10,16,7.5,92.5,343.0,23.0,366.0,205.0,113.0,318.0,game,Total,Over,,40.5,kalshi,566,—,—,,26.0,,miss,,,,—,,
2026-10-04T20:01:41.654341+00:00,nfl,2026,4,401872969,4018729693290,4,12:41,(Shotgun) C.Rodriguez left guard to CIN 46 for -2 yards (B.Mafe).,3,8,CIN 44,44,-6,Cincinnati Bengals,Jacksonville Jaguars,10,16,7.5,92.5,343.0,23.0,366.0,205.0,113.0,318.0,game,Total,Under,,40.5,kalshi,-810,—,—,,26.0,,hit,,,,—,,
2026-10-04T20:01:41.654341+00:00,nfl,2026,4,401872969,4018729693290,4,12:41,(Shotgun) C.Rodriguez left guard to CIN 46 for -2 yards (B.Mafe).,3,8,CIN 44,44,-6,Cincinnati Bengals,Jacksonville Jaguars,10,16,7.5,92.5,343.0,23.0,366.0,205.0,113.0,318.0,game,ML,Jacksonville Jaguars,,,polymarket,-670,—,—,,Win,,hit,,,,—,,
2026-10-04T20:01:41.654341+00:00,nfl,2026,4,401872969,4018729693290,4,12:41,(Shotgun) C.Rodriguez left guard to CIN 46 for -2 yards (B.Mafe).,3,8,CIN 44,44,-6,Cincinnati Bengals,Jacksonville Jaguars,10,16,7.5,92.5,343.0,23.0,366.0,205.0,113.0,318.0,game,ML,Cincinnati Bengals,,,bet365,850,—,—,,Loss,,miss,,,,—,,
2026-10-04T20:01:41.654341+00:00,nfl,2026,4,401872969,4018729693312,4,11:53,"(Field Goal formation) PENALTY on CIN, Defensive Too Many Men on Field, 5 yards, enforced at CIN 46 - No Play.",4,10,CIN 46,46,-6,Cincinnati Bengals,Jacksonville Jaguars,10,16,7.5,92.5,343.0,23.0,366.0,205.0,113.0,318.0,game,Spread,Jacksonville Jaguars,,-2.5,kalshi,-1012,—,—,,-6,,hit,,,,—,,
2026-10-04T20:01:41.654341+00:00,nfl,2026,4,401872969,4018729693312,4,11:53,"(Field Goal formation) PENALTY on CIN, Defensive Too Many Men on Field, 5 yards, enforced at CIN 46 - No Play.",4,10,CIN 46,46,-6,Cincinnati Bengals,Jacksonville Jaguars,10,16,7.5,92.5,343.0,23.0,366.0,205.0,113.0,318.0,game,Spread,Cincinnati Bengals,,2.5,kalshi,614,—,—,,-6,,miss,,,,—,,
2026-10-04T20:01:41.654341+00:00,nfl,2026,4,401872969,4018729693312,4,11:53,"(Field Goal formation) PENALTY on CIN, Defensive Too Many Men on Field, 5 yards, enforced at CIN 46 - No Play.",4,10,CIN 46,46,-6,Cincinnati Bengals,Jacksonville Jaguars,10,16,7.5,92.5,343.0,23.0,366.0,205.0,113.0,318.0,game,Total,Over,,40.5,kalshi,566,—,—,,26.0,,miss,,,,—,,
2026-10-04T20:01:41.654341+00:00,nfl,2026,4,401872969,4018729693312,4,11:53,"(Field Goal formation) PENALTY on CIN, Defensive Too Many Men on Field, 5 yards, enforced at CIN 46 - No Play.",4,10,CIN 46,46,-6,Cincinnati Bengals,Jacksonville Jaguars,10,16,7.5,92.5,343.0,23.0,366.0,205.0,113.0,318.0,game,Total,Under,,40.5,kalshi,-810,—,—,,26.0,,hit,,,,—,,
2026-10-04T20:01:41.654341+00:00,nfl,2026,4,401872969,4018729693312,4,11:53,"(Field Goal formation) PENALTY on CIN, Defensive Too Many Men on Field, 5 yards, enforced at CIN 46 - No Play.",4,10,CIN 46,46,-6,Cincinnati Bengals,Jacksonville Jaguars,10,16,7.5,92.5,343.0,23.0,366.0,205.0,113.0,318.0,game,ML,Jacksonville Jaguars,,,polymarket,-670,—,—,,Win,,hit,,,,—,,
2026-10-04T20:01:41.654341+00:00,nfl,2026,4,401872969,4018729693312,4,11:53,"(Field Goal formation) PENALTY on CIN, Defensive Too Many Men on Field, 5 yards, enforced at CIN 46 - No Play.",4,10,CIN 46,46,-6,Cincinnati Bengals,Jacksonville Jaguars,10,16,7.5,92.5,343.0,23.0,366.0,205.0,113.0,318.0,game,ML,Cincinnati Bengals,,,bet365,850,—,—,,Loss,,miss,,,,—,,
2026-10-04T20:01:41.654341+00:00,nfl,2026,4,401872969,4018729693342,4,11:47,"L.Cooke punts 41 yards to end zone, Center-R.Matiscik, Touchback.",4,5,CIN 41,41,-6,Cincinnati Bengals,Jacksonville Jaguars,10,16,7.5,92.5,343.0,23.0,366.0,205.0,113.0,318.0,game,Spread,Jacksonville Jaguars,,-2.5,kalshi,-1012,—,—,,-6,,hit,,,,—,,
2026-10-04T20:01:41.654341+00:00,nfl,2026,4,401872969,4018729693342,4,11:47,"L.Cooke punts 41 yards to end zone, Center-R.Matiscik, Touchback.",4,5,CIN 41,41,-6,Cincinnati Bengals,Jacksonville Jaguars,10,16,7.5,92.5,343.0,23.0,366.0,205.0,113.0,318.0,game,Spread,Cincinnati Bengals,,2.5,kalshi,614,—,—,,-6,,miss,,,,—,,
2026-10-04T20:01:41.654341+00:00,nfl,2026,4,401872969,4018729693342,4,11:47,"L.Cooke punts 41 yards to end zone, Center-R.Matiscik, Touchback.",4,5,CIN 41,41,-6,Cincinnati Bengals,Jacksonville Jaguars,10,16,7.5,92.5,343.0,23.0,366.0,205.0,113.0,318.0,game,Total,Over,,40.5,kalshi,566,—,—,,26.0,,miss,,,,—,,
2026-10-04T20:01:41.654341+00:00,nfl,2026,4,401872969,4018729693342,4,11:47,"L.Cooke punts 41 yards to end zone, Center-R.Matiscik, Touchback.",4,5,CIN 41,41,-6,Cincinnati Bengals,Jacksonville Jaguars,10,16,7.5,92.5,343.0,23.0,366.0,205.0,113.0,318.0,game,Total,Under,,40.5,kalshi,-810,—,—,,26.0,,hit,,,,—,,
2026-10-04T20:01:41.654341+00:00,nfl,2026,4,401872969,4018729693342,4,11:47,"L.Cooke punts 41 yards to end zone, Center-R.Matiscik, Touchback.",4,5,CIN 41,41,-6,Cincinnati Bengals,Jacksonville Jaguars,10,16,7.5,92.5,343.0,23.0,366.0,205.0,113.0,318.0,game,ML,Jacksonville Jaguars,,,polymarket,-670,—,—,,Win,,hit,,,,—,,
2026-10-04T20:01:41.654341+00:00,nfl,2026,4,401872969,4018729693342,4,11:47,"L.Cooke punts 41 yards to end zone, Center-R.Matiscik, Touchback.",4,5,CIN 41,41,-6,Cincinnati Bengals,Jacksonville Jaguars,10,16,7.5,92.5,343.0,23.0,366.0,205.0,113.0,318.0,game,ML,Cincinnati Bengals,,,bet365,850,—,—,,Loss,,miss,,,,—,,
2026-10-04T20:01:41.654341+00:00,nfl,2026,4,401872969,4018729693351,4,11:38,Official Timeout at 11:38.,1,10,CIN 20,20,-6,Cincinnati Bengals,Jacksonville Jaguars,10,16,7.5,92.5,343.0,23.0,366.0,205.0,113.0,318.0,game,Spread,Jacksonville Jaguars,,-2.5,kalshi,-1012,—,—,,-6,,hit,,,,—,,
2026-10-04T20:01:41.654341+00:00,nfl,2026,4,401872969,4018729693351,4,11:38,Official Timeout at 11:38.,1,10,CIN 20,20,-6,Cincinnati Bengals,Jacksonville Jaguars,10,16,7.5,92.5,343.0,23.0,366.0,205.0,113.0,318.0,game,Spread,Cincinnati Bengals,,2.5,kalshi,614,—,—,,-6,,miss,,,,—,,
2026-10-04T20:01:41.654341+00:00,nfl,2026,4,401872969,4018729693351,4,11:38,Official Timeout at 11:38.,1,10,CIN 20,20,-6,Cincinnati Bengals,Jacksonville Jaguars,10,16,7.5,92.5,343.0,23.0,366.0,205.0,113.0,318.0,game,Total,Over,,40.5,kalshi,566,—,—,,26.0,,miss,,,,—,,
2026-10-04T20:01:41.654341+00:00,nfl,2026,4,401872969,4018729693351,4,11:38,Official Timeout at 11:38.,1,10,CIN 20,20,-6,Cincinnati Bengals,Jacksonville Jaguars,10,16,7.5,92.5,343.0,23.0,366.0,205.0,113.0,318.0,game,Total,Under,,40.5,kalshi,-810,—,—,,26.0,,hit,,,,—,,
2026-10-04T20:01:41.654341+00:00,nfl,2026,4,401872969,4018729693351,4,11:38,Official Timeout at 11:38.,1,10,CIN 20,20,-6,Cincinnati Bengals,Jacksonville Jaguars,10,16,7.5,92.5,343.0,23.0,366.0,205.0,113.0,318.0,game,ML,Jacksonville Jaguars,,,polymarket,-670,—,—,,Win,,hit,,,,—,,
2026-10-04T20:01:41.654341+00:00,nfl,2026,4,401872969,4018729693351,4,11:38,Official Timeout at 11:38.,1,10,CIN 20,20,-6,Cincinnati Bengals,Jacksonville Jaguars,10,16,7.5,92.5,343.0,23.0,366.0,205.0,113.0,318.0,game,ML,Cincinnati Bengals,,,bet365,850,—,—,,Loss,,miss,,,,—,,
2026-10-04T20:01:41.654341+00:00,nfl,2026,4,401872969,4018729693360,4,11:38,(Shotgun) J.Burrow pass incomplete short right to T.Higgins.,1,10,CIN 20,20,-6,Cincinnati Bengals,Jacksonville Jaguars,10,16,7.5,92.5,343.0,23.0,366.0,205.0,113.0,318.0,game,Spread,Jacksonville Jaguars,,-2.5,kalshi,-1012,—,—,,-6,,hit,,,,—,,
2026-10-04T20:01:41.654341+00:00,nfl,2026,4,401872969,4018729693360,4,11:38,(Shotgun) J.Burrow pass incomplete short right to T.Higgins.,1,10,CIN 20,20,-6,Cincinnati Bengals,Jacksonville Jaguars,10,16,7.5,92.5,343.0,23.0,366.0,205.0,113.0,318.0,game,Spread,Cincinnati Bengals,,2.5,kalshi,614,—,—,,-6,,miss,,,,—,,
2026-10-04T20:01:41.654341+00:00,nfl,2026,4,401872969,4018729693360,4,11:38,(Shotgun) J.Burrow pass incomplete short right to T.Higgins.,1,10,CIN 20,20,-6,Cincinnati Bengals,Jacksonville Jaguars,10,16,7.5,92.5,343.0,23.0,366.0,205.0,113.0,318.0,game,Total,Over,,40.5,kalshi,566,—,—,,26.0,,miss,,,,—,,
2026-10-04T20:01:41.654341+00:00,nfl,2026,4,401872969,4018729693360,4,11:38,(Shotgun) J.Burrow pass incomplete short right to T.Higgins.,1,10,CIN 20,20,-6,Cincinnati Bengals,Jacksonville Jaguars,10,16,7.5,92.5,343.0,23.0,366.0,205.0,113.0,318.0,game,Total,Under,,40.5,kalshi,-810,—,—,,26.0,,hit,,,,—,,
2026-10-04T20:01:41.654341+00:00,nfl,2026,4,401872969,4018729693360,4,11:38,(Shotgun) J.Burrow pass incomplete short right to T.Higgins.,1,10,CIN 20,20,-6,Cincinnati Bengals,Jacksonville Jaguars,10,16,7.5,92.5,343.0,23.0,366.0,205.0,113.0,318.0,game,ML,Jacksonville Jaguars,,,polymarket,-670,—,—,,Win,,hit,,,,—,,
2026-10-04T20:01:41.654341+00:00,nfl,2026,4,401872969,4018729693360,4,11:38,(Shotgun) J.Burrow pass incomplete short right to T.Higgins.,1,10,CIN 20,20,-6,Cincinnati Bengals,Jacksonville Jaguars,10,16,7.5,92.5,343.0,23.0,366.0,205.0,113.0,318.0,game,ML,Cincinnati Bengals,,,bet365,850,—,—,,Loss,,miss,,,,—,,
2026-10-04T20:01:41.654341+00:00,nfl,2026,4,401872969,4018729693395,4,11:33,(Shotgun) J.Burrow pass short middle to T.Higgins to CIN 38 for 18 yards (J.Hines-Allen).,2,10,CIN 20,20,-6,Cincinnati Bengals,Jacksonville Jaguars,10,16,7.5,92.5,343.0,23.0,366.0,205.0,113.0,318.0,game,Spread,Jacksonville Jaguars,,-2.5,kalshi,-1012,—,—,,-6,,hit,,,,—,,
2026-10-04T20:01:41.654341+00:00,nfl,2026,4,401872969,4018729693395,4,11:33,(Shotgun) J.Burrow pass short middle to T.Higgins to CIN 38 for 18 yards (J.Hines-Allen).,2,10,CIN 20,20,-6,Cincinnati Bengals,Jacksonville Jaguars,10,16,7.5,92.5,343.0,23.0,366.0,205.0,113.0,318.0,game,Spread,Cincinnati Bengals,,2.5,kalshi,614,—,—,,-6,,miss,,,,—,,
2026-10-04T20:01:41.654341+00:00,nfl,2026,4,401872969,4018729693395,4,11:33,(Shotgun) J.Burrow pass short middle to T.Higgins to CIN 38 for 18 yards (J.Hines-Allen).,2,10,CIN 20,20,-6,Cincinnati Bengals,Jacksonville Jaguars,10,16,7.5,92.5,343.0,23.0,366.0,205.0,113.0,318.0,game,Total,Over,,40.5,kalshi,566,—,—,,26.0,,miss,,,,—,,
2026-10-04T20:01:41.654341+00:00,nfl,2026,4,401872969,4018729693395,4,11:33,(Shotgun) J.Burrow pass short middle to T.Higgins to CIN 38 for 18 yards (J.Hines-Allen).,2,10,CIN 20,20,-6,Cincinnati Bengals,Jacksonville Jaguars,10,16,7.5,92.5,343.0,23.0,366.0,205.0,113.0,318.0,game,Total,Under,,40.5,kalshi,-810,—,—,,26.0,,hit,,,,—,,
2026-10-04T20:01:41.654341+00:00,nfl,2026,4,401872969,4018729693395,4,11:33,(Shotgun) J.Burrow pass short middle to T.Higgins to CIN 38 for 18 yards (J.Hines-Allen).,2,10,CIN 20,20,-6,Cincinnati Bengals,Jacksonville Jaguars,10,16,7.5,92.5,343.0,23.0,366.0,205.0,113.0,318.0,game,ML,Jacksonville Jaguars,,,polymarket,-670,—,—,,Win,,hit,,,,—,,
2026-10-04T20:01:41.654341+00:00,nfl,2026,4,401872969,4018729693395,4,11:33,(Shotgun) J.Burrow pass short middle to T.Higgins to CIN 38 for 18 yards (J.Hines-Allen).,2,10,CIN 20,20,-6,Cincinnati Bengals,Jacksonville Jaguars,10,16,7.5,92.5,343.0,23.0,366.0,205.0,113.0,318.0,game,ML,Cincinnati Bengals,,,bet365,850,—,—,,Loss,,miss,,,,—,,
2026-10-04T20:01:41.654341+00:00,nfl,2026,4,401872969,4018729693420,4,10:53,(Shotgun) J.Burrow pass incomplete short middle.,1,10,CIN 38,38,-6,Cincinnati Bengals,Jacksonville Jaguars,10,16,7.5,92.5,343.0,23.0,366.0,205.0,113.0,318.0,game,Spread,Jacksonville Jaguars,,-2.5,kalshi,-1012,—,—,,-6,,hit,,,,—,,
2026-10-04T20:01:41.654341+00:00,nfl,2026,4,401872969,4018729693420,4,10:53,(Shotgun) J.Burrow pass incomplete short middle.,1,10,CIN 38,38,-6,Cincinnati Bengals,Jacksonville Jaguars,10,16,7.5,92.5,343.0,23.0,366.0,205.0,113.0,318.0,game,Spread,Cincinnati Bengals,,2.5,kalshi,614,—,—,,-6,,miss,,,,—,,
2026-10-04T20:01:41.654341+00:00,nfl,2026,4,401872969,4018729693420,4,10:53,(Shotgun) J.Burrow pass incomplete short middle.,1,10,CIN 38,38,-6,Cincinnati Bengals,Jacksonville Jaguars,10,16,7.5,92.5,343.0,23.0,366.0,205.0,113.0,318.0,game,Total,Over,,40.5,kalshi,566,—,—,,26.0,,miss,,,,—,,
2026-10-04T20:01:41.654341+00:00,nfl,2026,4,401872969,4018729693420,4,10:53,(Shotgun) J.Burrow pass incomplete short middle.,1,10,CIN 38,38,-6,Cincinnati Bengals,Jacksonville Jaguars,10,16,7.5,92.5,343.0,23.0,366.0,205.0,113.0,318.0,game,Total,Under,,40.5,kalshi,-810,—,—,,26.0,,hit,,,,—,,
2026-10-04T20:01:41.654341+00:00,nfl,2026,4,401872969,4018729693420,4,10:53,(Shotgun) J.Burrow pass incomplete short middle.,1,10,CIN 38,38,-6,Cincinnati Bengals,Jacksonville Jaguars,10,16,7.5,92.5,343.0,23.0,366.0,205.0,113.0,318.0,game,ML,Jacksonville Jaguars,,,polymarket,-670,—,—,,Win,,hit,,,,—,,
2026-10-04T20:01:41.654341+00:00,nfl,2026,4,401872969,4018729693420,4,10:53,(Shotgun) J.Burrow pass incomplete short middle.,1,10,CIN 38,38,-6,Cincinnati Bengals,Jacksonville Jaguars,10,16,7.5,92.5,343.0,23.0,366.0,205.0,113.0,318.0,game,ML,Cincinnati Bengals,,,bet365,850,—,—,,Loss,,miss,,,,—,,
2026-10-04T20:01:41.654341+00:00,nfl,2026,4,401872969,4018729693443,4,10:49,(Shotgun) J.Burrow pass incomplete short left to T.Higgins (J.Jones).,2,10,CIN 38,38,-6,Cincinnati Bengals,Jacksonville Jaguars,10,16,7.5,92.5,343.0,23.0,366.0,205.0,113.0,318.0,game,Spread,Jacksonville Jaguars,,-2.5,kalshi,-1012,—,—,,-6,,hit,,,,—,,
2026-10-04T20:01:41.654341+00:00,nfl,2026,4,401872969,4018729693443,4,10:49,(Shotgun) J.Burrow pass incomplete short left to T.Higgins (J.Jones).,2,10,CIN 38,38,-6,Cincinnati Bengals,Jacksonville Jaguars,10,16,7.5,92.5,343.0,23.0,366.0,205.0,113.0,318.0,game,Spread,Cincinnati Bengals,,2.5,kalshi,614,—,—,,-6,,miss,,,,—,,
2026-10-04T20:01:41.654341+00:00,nfl,2026,4,401872969,4018729693443,4,10:49,(Shotgun) J.Burrow pass incomplete short left to T.Higgins (J.Jones).,2,10,CIN 38,38,-6,Cincinnati Bengals,Jacksonville Jaguars,10,16,7.5,92.5,343.0,23.0,366.0,205.0,113.0,318.0,game,Total,Over,,40.5,kalshi,566,—,—,,26.0,,miss,,,,—,,
2026-10-04T20:01:41.654341+00:00,nfl,2026,4,401872969,4018729693443,4,10:49,(Shotgun) J.Burrow pass incomplete short left to T.Higgins (J.Jones).,2,10,CIN 38,38,-6,Cincinnati Bengals,Jacksonville Jaguars,10,16,7.5,92.5,343.0,23.0,366.0,205.0,113.0,318.0,game,Total,Under,,40.5,kalshi,-810,—,—,,26.0,,hit,,,,—,,
2026-10-04T20:01:41.654341+00:00,nfl,2026,4,401872969,4018729693443,4,10:49,(Shotgun) J.Burrow pass incomplete short left to T.Higgins (J.Jones).,2,10,CIN 38,38,-6,Cincinnati Bengals,Jacksonville Jaguars,10,16,7.5,92.5,343.0,23.0,366.0,205.0,113.0,318.0,game,ML,Jacksonville Jaguars,,,polymarket,-670,—,—,,Win,,hit,,,,—,,
2026-10-04T20:01:41.654341+00:00,nfl,2026,4,401872969,4018729693443,4,10:49,(Shotgun) J.Burrow pass incomplete short left to T.Higgins (J.Jones).,2,10,CIN 38,38,-6,Cincinnati Bengals,Jacksonville Jaguars,10,16,7.5,92.5,343.0,23.0,366.0,205.0,113.0,318.0,game,ML,Cincinnati Bengals,,,bet365,850,—,—,,Loss,,miss,,,,—,,
2026-10-04T20:01:41.654341+00:00,nfl,2026,4,401872969,4018729693466,4,10:45,(Shotgun) J.Burrow pass incomplete deep right to M.Tinsley (T.Hunter) [D.Gardeck].,3,10,CIN 38,38,-6,Cincinnati Bengals,Jacksonville Jaguars,10,16,7.5,92.5,343.0,23.0,366.0,205.0,113.0,318.0,game,Spread,Jacksonville Jaguars,,-2.5,kalshi,-1012,—,—,,-6,,hit,,,,—,,
2026-10-04T20:01:41.654341+00:00,nfl,2026,4,401872969,4018729693466,4,10:45,(Shotgun) J.Burrow pass incomplete deep right to M.Tinsley (T.Hunter) [D.Gardeck].,3,10,CIN 38,38,-6,Cincinnati Bengals,Jacksonville Jaguars,10,16,7.5,92.5,343.0,23.0,366.0,205.0,113.0,318.0,game,Spread,Cincinnati Bengals,,2.5,kalshi,614,—,—,,-6,,miss,,,,—,,
2026-10-04T20:01:41.654341+00:00,nfl,2026,4,401872969,4018729693466,4,10:45,(Shotgun) J.Burrow pass incomplete deep right to M.Tinsley (T.Hunter) [D.Gardeck].,3,10,CIN 38,38,-6,Cincinnati Bengals,Jacksonville Jaguars,10,16,7.5,92.5,343.0,23.0,366.0,205.0,113.0,318.0,game,Total,Over,,40.5,kalshi,566,—,—,,26.0,,miss,,,,—,,
2026-10-04T20:01:41.654341+00:00,nfl,2026,4,401872969,4018729693466,4,10:45,(Shotgun) J.Burrow pass incomplete deep right to M.Tinsley (T.Hunter) [D.Gardeck].,3,10,CIN 38,38,-6,Cincinnati Bengals,Jacksonville Jaguars,10,16,7.5,92.5,343.0,23.0,366.0,205.0,113.0,318.0,game,Total,Under,,40.5,kalshi,-810,—,—,,26.0,,hit,,,,—,,
2026-10-04T20:01:41.654341+00:00,nfl,2026,4,401872969,4018729693466,4,10:45,(Shotgun) J.Burrow pass incomplete deep right to M.Tinsley (T.Hunter) [D.Gardeck].,3,10,CIN 38,38,-6,Cincinnati Bengals,Jacksonville Jaguars,10,16,7.5,92.5,343.0,23.0,366.0,205.0,113.0,318.0,game,ML,Jacksonville Jaguars,,,polymarket,-670,—,—,,Win,,hit,,,,—,,
2026-10-04T20:01:41.654341+00:00,nfl,2026,4,401872969,4018729693466,4,10:45,(Shotgun) J.Burrow pass incomplete deep right to M.Tinsley (T.Hunter) [D.Gardeck].,3,10,CIN 38,38,-6,Cincinnati Bengals,Jacksonville Jaguars,10,16,7.5,92.5,343.0,23.0,366.0,205.0,113.0,318.0,game,ML,Cincinnati Bengals,,,bet365,850,—,—,,Loss,,miss,,,,—,,
2026-10-04T20:01:41.654341+00:00,nfl,2026,4,401872969,4018729693489,4,10:39,"R.Rehkow punts 41 yards to JAX 21, Center-W.Wagner. P.Washington to JAX 24 for 3 yards (W.Wagner).",4,10,CIN 38,38,-6,Cincinnati Bengals,Jacksonville Jaguars,10,16,7.5,92.5,343.0,23.0,366.0,205.0,113.0,318.0,game,Spread,Jacksonville Jaguars,,-2.5,kalshi,-1012,—,—,,-6,,hit,,,,—,,
2026-10-04T20:01:41.654341+00:00,nfl,2026,4,401872969,4018729693489,4,10:39,"R.Rehkow punts 41 yards to JAX 21, Center-W.Wagner. P.Washington to JAX 24 for 3 yards (W.Wagner).",4,10,CIN 38,38,-6,Cincinnati Bengals,Jacksonville Jaguars,10,16,7.5,92.5,343.0,23.0,366.0,205.0,113.0,318.0,game,Spread,Cincinnati Bengals,,2.5,kalshi,614,—,—,,-6,,miss,,,,—,,
2026-10-04T20:01:41.654341+00:00,nfl,2026,4,401872969,4018729693489,4,10:39,"R.Rehkow punts 41 yards to JAX 21, Center-W.Wagner. P.Washington to JAX 24 for 3 yards (W.Wagner).",4,10,CIN 38,38,-6,Cincinnati Bengals,Jacksonville Jaguars,10,16,7.5,92.5,343.0,23.0,366.0,205.0,113.0,318.0,game,Total,Over,,40.5,kalshi,566,—,—,,26.0,,miss,,,,—,,
2026-10-04T20:01:41.654341+00:00,nfl,2026,4,401872969,4018729693489,4,10:39,"R.Rehkow punts 41 yards to JAX 21, Center-W.Wagner. P.Washington to JAX 24 for 3 yards (W.Wagner).",4,10,CIN 38,38,-6,Cincinnati Bengals,Jacksonville Jaguars,10,16,7.5,92.5,343.0,23.0,366.0,205.0,113.0,318.0,game,Total,Under,,40.5,kalshi,-810,—,—,,26.0,,hit,,,,—,,
2026-10-04T20:01:41.654341+00:00,nfl,2026,4,401872969,4018729693489,4,10:39,"R.Rehkow punts 41 yards to JAX 21, Center-W.Wagner. P.Washington to JAX 24 for 3 yards (W.Wagner).",4,10,CIN 38,38,-6,Cincinnati Bengals,Jacksonville Jaguars,10,16,7.5,92.5,343.0,23.0,366.0,205.0,113.0,318.0,game,ML,Jacksonville Jaguars,,,polymarket,-670,—,—,,Win,,hit,,,,—,,
2026-10-04T20:01:41.654341+00:00,nfl,2026,4,401872969,4018729693489,4,10:39,"R.Rehkow punts 41 yards to JAX 21, Center-W.Wagner. P.Washington to JAX 24 for 3 yards (W.Wagner).",4,10,CIN 38,38,-6,Cincinnati Bengals,Jacksonville Jaguars,10,16,7.5,92.5,343.0,23.0,366.0,205.0,113.0,318.0,game,ML,Cincinnati Bengals,,,bet365,850,—,—,,Loss,,miss,,,,—,,
2026-10-04T20:01:41.654341+00:00,nfl,2026,4,401872969,4018729693502,4,10:29,Official Timeout at 10:29.,1,10,JAX 24,76,-6,Cincinnati Bengals,Jacksonville Jaguars,10,16,7.5,92.5,343.0,23.0,366.0,205.0,113.0,318.0,game,Spread,Jacksonville Jaguars,,-2.5,kalshi,-1012,—,—,,-6,,hit,,,,—,,
2026-10-04T20:01:41.654341+00:00,nfl,2026,4,401872969,4018729693502,4,10:29,Official Timeout at 10:29.,1,10,JAX 24,76,-6,Cincinnati Bengals,Jacksonville Jaguars,10,16,7.5,92.5,343.0,23.0,366.0,205.0,113.0,318.0,game,Spread,Cincinnati Bengals,,2.5,kalshi,614,—,—,,-6,,miss,,,,—,,
2026-10-04T20:01:41.654341+00:00,nfl,2026,4,401872969,4018729693502,4,10:29,Official Timeout at 10:29.,1,10,JAX 24,76,-6,Cincinnati Bengals,Jacksonville Jaguars,10,16,7.5,92.5,343.0,23.0,366.0,205.0,113.0,318.0,game,Total,Over,,40.5,kalshi,566,—,—,,26.0,,miss,,,,—,,
2026-10-04T20:01:41.654341+00:00,nfl,2026,4,401872969,4018729693502,4,10:29,Official Timeout at 10:29.,1,10,JAX 24,76,-6,Cincinnati Bengals,Jacksonville Jaguars,10,16,7.5,92.5,343.0,23.0,366.0,205.0,113.0,318.0,game,Total,Under,,40.5,kalshi,-810,—,—,,26.0,,hit,,,,—,,
2026-10-04T20:01:41.654341+00:00,nfl,2026,4,401872969,4018729693502,4,10:29,Official Timeout at 10:29.,1,10,JAX 24,76,-6,Cincinnati Bengals,Jacksonville Jaguars,10,16,7.5,92.5,343.0,23.0,366.0,205.0,113.0,318.0,game,ML,Jacksonville Jaguars,,,polymarket,-670,—,—,,Win,,hit,,,,—,,
2026-10-04T20:01:41.654341+00:00,nfl,2026,4,401872969,4018729693502,4,10:29,Official Timeout at 10:29.,1,10,JAX 24,76,-6,Cincinnati Bengals,Jacksonville Jaguars,10,16,7.5,92.5,343.0,23.0,366.0,205.0,113.0,318.0,game,ML,Cincinnati Bengals,,,bet365,850,—,—,,Loss,,miss,,,,—,,
2026-10-04T20:01:41.654341+00:00,nfl,2026,4,401872969,4018729693515,4,10:29,B.Tuten left guard to JAX 24 for no gain (J.Allen).,1,10,JAX 24,76,-6,Cincinnati Bengals,Jacksonville Jaguars,10,16,7.5,92.5,343.0,23.0,366.0,205.0,113.0,318.0,game,Spread,Jacksonville Jaguars,,-2.5,kalshi,-1012,—,—,,-6,,hit,,,,—,,
2026-10-04T20:01:41.654341+00:00,nfl,2026,4,401872969,4018729693515,4,10:29,B.Tuten left guard to JAX 24 for no gain (J.Allen).,1,10,JAX 24,76,-6,Cincinnati Bengals,Jacksonville Jaguars,10,16,7.5,92.5,343.0,23.0,366.0,205.0,113.0,318.0,game,Spread,Cincinnati Bengals,,2.5,kalshi,614,—,—,,-6,,miss,,,,—,,
2026-10-04T20:01:41.654341+00:00,nfl,2026,4,401872969,4018729693515,4,10:29,B.Tuten left guard to JAX 24 for no gain (J.Allen).,1,10,JAX 24,76,-6,Cincinnati Bengals,Jacksonville Jaguars,10,16,7.5,92.5,343.0,23.0,366.0,205.0,113.0,318.0,game,Total,Over,,40.5,kalshi,566,—,—,,26.0,,miss,,,,—,,
2026-10-04T20:01:41.654341+00:00,nfl,2026,4,401872969,4018729693515,4,10:29,B.Tuten left guard to JAX 24 for no gain (J.Allen).,1,10,JAX 24,76,-6,Cincinnati Bengals,Jacksonville Jaguars,10,16,7.5,92.5,343.0,23.0,366.0,205.0,113.0,318.0,game,Total,Under,,40.5,kalshi,-810,—,—,,26.0,,hit,,,,—,,
2026-10-04T20:01:41.654341+00:00,nfl,2026,4,401872969,4018729693515,4,10:29,B.Tuten left guard to JAX 24 for no gain (J.Allen).,1,10,JAX 24,76,-6,Cincinnati Bengals,Jacksonville Jaguars,10,16,7.5,92.5,343.0,23.0,366.0,205.0,113.0,318.0,game,ML,Jacksonville Jaguars,,,polymarket,-670,—,—,,Win,,hit,,,,—,,
2026-10-04T20:01:41.654341+00:00,nfl,2026,4,401872969,4018729693515,4,10:29,B.Tuten left guard to JAX 24 for no gain (J.Allen).,1,10,JAX 24,76,-6,Cincinnati Bengals,Jacksonville Jaguars,10,16,7.5,92.5,343.0,23.0,366.0,205.0,113.0,318.0,game,ML,Cincinnati Bengals,,,bet365,850,—,—,,Loss,,miss,,,,—,,
2026-10-04T20:01:41.654341+00:00,nfl,2026,4,401872969,4018729693544,4,9:50,(Shotgun) T.Lawrence pass short left to B.Tuten to JAX 33 for 9 yards (T.Davis).,2,10,JAX 24,76,-6,Cincinnati Bengals,Jacksonville Jaguars,10,16,7.5,92.5,343.0,23.0,366.0,205.0,113.0,318.0,game,Spread,Jacksonville Jaguars,,-2.5,kalshi,-1012,—,—,,-6,,hit,,,,—,,
2026-10-04T20:01:41.654341+00:00,nfl,2026,4,401872969,4018729693544,4,9:50,(Shotgun) T.Lawrence pass short left to B.Tuten to JAX 33 for 9 yards (T.Davis).,2,10,JAX 24,76,-6,Cincinnati Bengals,Jacksonville Jaguars,10,16,7.5,92.5,343.0,23.0,366.0,205.0,113.0,318.0,game,Spread,Cincinnati Bengals,,2.5,kalshi,614,—,—,,-6,,miss,,,,—,,
2026-10-04T20:01:41.654341+00:00,nfl,2026,4,401872969,4018729693544,4,9:50,(Shotgun) T.Lawrence pass short left to B.Tuten to JAX 33 for 9 yards (T.Davis).,2,10,JAX 24,76,-6,Cincinnati Bengals,Jacksonville Jaguars,10,16,7.5,92.5,343.0,23.0,366.0,205.0,113.0,318.0,game,Total,Over,,40.5,kalshi,566,—,—,,26.0,,miss,,,,—,,
2026-10-04T20:01:41.654341+00:00,nfl,2026,4,401872969,4018729693544,4,9:50,(Shotgun) T.Lawrence pass short left to B.Tuten to JAX 33 for 9 yards (T.Davis).,2,10,JAX 24,76,-6,Cincinnati Bengals,Jacksonville Jaguars,10,16,7.5,92.5,343.0,23.0,366.0,205.0,113.0,318.0,game,Total,Under,,40.5,kalshi,-810,—,—,,26.0,,hit,,,,—,,
2026-10-04T20:01:41.654341+00:00,nfl,2026,4,401872969,4018729693544,4,9:50,(Shotgun) T.Lawrence pass short left to B.Tuten to JAX 33 for 9 yards (T.Davis).,2,10,JAX 24,76,-6,Cincinnati Bengals,Jacksonville Jaguars,10,16,7.5,92.5,343.0,23.0,366.0,205.0,113.0,318.0,game,ML,Jacksonville Jaguars,,,polymarket,-670,—,—,,Win,,hit,,,,—,,
2026-10-04T20:01:41.654341+00:00,nfl,2026,4,401872969,4018729693544,4,9:50,(Shotgun) T.Lawrence pass short left to B.Tuten to JAX 33 for 9 yards (T.Davis).,2,10,JAX 24,76,-6,Cincinnati Bengals,Jacksonville Jaguars,10,16,7.5,92.5,343.0,23.0,366.0,205.0,113.0,318.0,game,ML,Cincinnati Bengals,,,bet365,850,—,—,,Loss,,miss,,,,—,,
2026-10-04T20:01:41.654341+00:00,nfl,2026,4,401872969,4018729693569,4,9:06,T.Lawrence up the middle to JAX 35 for 2 yards (B.Carter).,3,1,JAX 33,67,-6,Cincinnati Bengals,Jacksonville Jaguars,10,16,7.5,92.5,343.0,23.0,366.0,205.0,113.0,318.0,game,Spread,Jacksonville Jaguars,,-2.5,kalshi,-1012,—,—,,-6,,hit,,,,—,,
2026-10-04T20:01:41.654341+00:00,nfl,2026,4,401872969,4018729693569,4,9:06,T.Lawrence up the middle to JAX 35 for 2 yards (B.Carter).,3,1,JAX 33,67,-6,Cincinnati Bengals,Jacksonville Jaguars,10,16,7.5,92.5,343.0,23.0,366.0,205.0,113.0,318.0,game,Spread,Cincinnati Bengals,,2.5,kalshi,614,—,—,,-6,,miss,,,,—,,
2026-10-04T20:01:41.654341+00:00,nfl,2026,4,401872969,4018729693569,4,9:06,T.Lawrence up the middle to JAX 35 for 2 yards (B.Carter).,3,1,JAX 33,67,-6,Cincinnati Bengals,Jacksonville Jaguars,10,16,7.5,92.5,343.0,23.0,366.0,205.0,113.0,318.0,game,Total,Over,,40.5,kalshi,566,—,—,,26.0,,miss,,,,—,,
2026-10-04T20:01:41.654341+00:00,nfl,2026,4,401872969,4018729693569,4,9:06,T.Lawrence up the middle to JAX 35 for 2 yards (B.Carter).,3,1,JAX 33,67,-6,Cincinnati Bengals,Jacksonville Jaguars,10,16,7.5,92.5,343.0,23.0,366.0,205.0,113.0,318.0,game,Total,Under,,40.5,kalshi,-810,—,—,,26.0,,hit,,,,—,,
2026-10-04T20:01:41.654341+00:00,nfl,2026,4,401872969,4018729693569,4,9:06,T.Lawrence up the middle to JAX 35 for 2 yards (B.Carter).,3,1,JAX 33,67,-6,Cincinnati Bengals,Jacksonville Jaguars,10,16,7.5,92.5,343.0,23.0,366.0,205.0,113.0,318.0,game,ML,Jacksonville Jaguars,,,polymarket,-670,—,—,,Win,,hit,,,,—,,
2026-10-04T20:01:41.654341+00:00,nfl,2026,4,401872969,4018729693569,4,9:06,T.Lawrence up the middle to JAX 35 for 2 yards (B.Carter).,3,1,JAX 33,67,-6,Cincinnati Bengals,Jacksonville Jaguars,10,16,7.5,92.5,343.0,23.0,366.0,205.0,113.0,318.0,game,ML,Cincinnati Bengals,,,bet365,850,—,—,,Loss,,miss,,,,—,,
2026-10-04T20:01:41.654341+00:00,nfl,2026,4,401872969,4018729693591,4,8:26,"B.Tuten right end to JAX 38 for 3 yards (D.Knight).PENALTY on CIN-B.Mafe, Face Mask, 15 yards, enforced at JAX 38.",1,10,JAX 35,65,-6,Cincinnati Bengals,Jacksonville Jaguars,10,16,7.5,92.5,343.0,23.0,366.0,205.0,113.0,318.0,game,Spread,Jacksonville Jaguars,,-2.5,kalshi,-1012,—,—,,-6,,hit,,,,—,,
2026-10-04T20:01:41.654341+00:00,nfl,2026,4,401872969,4018729693591,4,8:26,"B.Tuten right end to JAX 38 for 3 yards (D.Knight).PENALTY on CIN-B.Mafe, Face Mask, 15 yards, enforced at JAX 38.",1,10,JAX 35,65,-6,Cincinnati Bengals,Jacksonville Jaguars,10,16,7.5,92.5,343.0,23.0,366.0,205.0,113.0,318.0,game,Spread,Cincinnati Bengals,,2.5,kalshi,614,—,—,,-6,,miss,,,,—,,
2026-10-04T20:01:41.654341+00:00,nfl,2026,4,401872969,4018729693591,4,8:26,"B.Tuten right end to JAX 38 for 3 yards (D.Knight).PENALTY on CIN-B.Mafe, Face Mask, 15 yards, enforced at JAX 38.",1,10,JAX 35,65,-6,Cincinnati Bengals,Jacksonville Jaguars,10,16,7.5,92.5,343.0,23.0,366.0,205.0,113.0,318.0,game,Total,Over,,40.5,kalshi,566,—,—,,26.0,,miss,,,,—,,
2026-10-04T20:01:41.654341+00:00,nfl,2026,4,401872969,4018729693591,4,8:26,"B.Tuten right end to JAX 38 for 3 yards (D.Knight).PENALTY on CIN-B.Mafe, Face Mask, 15 yards, enforced at JAX 38.",1,10,JAX 35,65,-6,Cincinnati Bengals,Jacksonville Jaguars,10,16,7.5,92.5,343.0,23.0,366.0,205.0,113.0,318.0,game,Total,Under,,40.5,kalshi,-810,—,—,,26.0,,hit,,,,—,,
2026-10-04T20:01:41.654341+00:00,nfl,2026,4,401872969,4018729693591,4,8:26,"B.Tuten right end to JAX 38 for 3 yards (D.Knight).PENALTY on CIN-B.Mafe, Face Mask, 15 yards, enforced at JAX 38.",1,10,JAX 35,65,-6,Cincinnati Bengals,Jacksonville Jaguars,10,16,7.5,92.5,343.0,23.0,366.0,205.0,113.0,318.0,game,ML,Jacksonville Jaguars,,,polymarket,-670,—,—,,Win,,hit,,,,—,,
2026-10-04T20:01:41.654341+00:00,nfl,2026,4,401872969,4018729693591,4,8:26,"B.Tuten right end to JAX 38 for 3 yards (D.Knight).PENALTY on CIN-B.Mafe, Face Mask, 15 yards, enforced at JAX 38.",1,10,JAX 35,65,-6,Cincinnati Bengals,Jacksonville Jaguars,10,16,7.5,92.5,343.0,23.0,366.0,205.0,113.0,318.0,game,ML,Cincinnati Bengals,,,bet365,850,—,—,,Loss,,miss,,,,—,,
2026-10-04T20:01:41.654341+00:00,nfl,2026,4,401872969,4018729693624,4,8:05,B.Tuten up the middle to CIN 41 for 6 yards (B.Carter; J.Allen).,1,10,CIN 47,47,-6,Cincinnati Bengals,Jacksonville Jaguars,10,16,7.5,92.5,343.0,23.0,366.0,205.0,113.0,318.0,game,Spread,Jacksonville Jaguars,,-2.5,kalshi,-1012,—,—,,-6,,hit,,,,—,,
2026-10-04T20:01:41.654341+00:00,nfl,2026,4,401872969,4018729693624,4,8:05,B.Tuten up the middle to CIN 41 for 6 yards (B.Carter; J.Allen).,1,10,CIN 47,47,-6,Cincinnati Bengals,Jacksonville Jaguars,10,16,7.5,92.5,343.0,23.0,366.0,205.0,113.0,318.0,game,Spread,Cincinnati Bengals,,2.5,kalshi,614,—,—,,-6,,miss,,,,—,,
2026-10-04T20:01:41.654341+00:00,nfl,2026,4,401872969,4018729693624,4,8:05,B.Tuten up the middle to CIN 41 for 6 yards (B.Carter; J.Allen).,1,10,CIN 47,47,-6,Cincinnati Bengals,Jacksonville Jaguars,10,16,7.5,92.5,343.0,23.0,366.0,205.0,113.0,318.0,game,Total,Over,,40.5,kalshi,566,—,—,,26.0,,miss,,,,—,,
2026-10-04T20:01:41.654341+00:00,nfl,2026,4,401872969,4018729693624,4,8:05,B.Tuten up the middle to CIN 41 for 6 yards (B.Carter; J.Allen).,1,10,CIN 47,47,-6,Cincinnati Bengals,Jacksonville Jaguars,10,16,7.5,92.5,343.0,23.0,366.0,205.0,113.0,318.0,game,Total,Under,,40.5,kalshi,-810,—,—,,26.0,,hit,,,,—,,
2026-10-04T20:01:41.654341+00:00,nfl,2026,4,401872969,4018729693624,4,8:05,B.Tuten up the middle to CIN 41 for 6 yards (B.Carter; J.Allen).,1,10,CIN 47,47,-6,Cincinnati Bengals,Jacksonville Jaguars,10,16,7.5,92.5,343.0,23.0,366.0,205.0,113.0,318.0,game,ML,Jacksonville Jaguars,,,polymarket,-670,—,—,,Win,,hit,,,,—,,
2026-10-04T20:01:41.654341+00:00,nfl,2026,4,401872969,4018729693624,4,8:05,B.Tuten up the middle to CIN 41 for 6 yards (B.Carter; J.Allen).,1,10,CIN 47,47,-6,Cincinnati Bengals,Jacksonville Jaguars,10,16,7.5,92.5,343.0,23.0,366.0,205.0,113.0,318.0,game,ML,Cincinnati Bengals,,,bet365,850,—,—,,Loss,,miss,,,,—,,
2026-10-04T20:01:41.654341+00:00,nfl,2026,4,401872969,4018729693646,4,7:25,(Shotgun) T.Lawrence pass short left to B.Strange to CIN 25 for 16 yards (D.Ivey).,2,4,CIN 41,41,-6,Cincinnati Bengals,Jacksonville Jaguars,10,16,7.5,92.5,343.0,23.0,366.0,205.0,113.0,318.0,game,Spread,Jacksonville Jaguars,,-2.5,kalshi,-1012,—,—,,-6,,hit,,,,—,,
2026-10-04T20:01:41.654341+00:00,nfl,2026,4,401872969,4018729693646,4,7:25,(Shotgun) T.Lawrence pass short left to B.Strange to CIN 25 for 16 yards (D.Ivey).,2,4,CIN 41,41,-6,Cincinnati Bengals,Jacksonville Jaguars,10,16,7.5,92.5,343.0,23.0,366.0,205.0,113.0,318.0,game,Spread,Cincinnati Bengals,,2.5,kalshi,614,—,—,,-6,,miss,,,,—,,
2026-10-04T20:01:41.654341+00:00,nfl,2026,4,401872969,4018729693646,4,7:25,(Shotgun) T.Lawrence pass short left to B.Strange to CIN 25 for 16 yards (D.Ivey).,2,4,CIN 41,41,-6,Cincinnati Bengals,Jacksonville Jaguars,10,16,7.5,92.5,343.0,23.0,366.0,205.0,113.0,318.0,game,Total,Over,,40.5,kalshi,566,—,—,,26.0,,miss,,,,—,,
2026-10-04T20:01:41.654341+00:00,nfl,2026,4,401872969,4018729693646,4,7:25,(Shotgun) T.Lawrence pass short left to B.Strange to CIN 25 for 16 yards (D.Ivey).,2,4,CIN 41,41,-6,Cincinnati Bengals,Jacksonville Jaguars,10,16,7.5,92.5,343.0,23.0,366.0,205.0,113.0,318.0,game,Total,Under,,40.5,kalshi,-810,—,—,,26.0,,hit,,,,—,,
2026-10-04T20:01:41.654341+00:00,nfl,2026,4,401872969,4018729693646,4,7:25,(Shotgun) T.Lawrence pass short left to B.Strange to CIN 25 for 16 yards (D.Ivey).,2,4,CIN 41,41,-6,Cincinnati Bengals,Jacksonville Jaguars,10,16,7.5,92.5,343.0,23.0,366.0,205.0,113.0,318.0,game,ML,Jacksonville Jaguars,,,polymarket,-670,—,—,,Win,,hit,,,,—,,
2026-10-04T20:01:41.654341+00:00,nfl,2026,4,401872969,4018729693646,4,7:25,(Shotgun) T.Lawrence pass short left to B.Strange to CIN 25 for 16 yards (D.Ivey).,2,4,CIN 41,41,-6,Cincinnati Bengals,Jacksonville Jaguars,10,16,7.5,92.5,343.0,23.0,366.0,205.0,113.0,318.0,game,ML,Cincinnati Bengals,,,bet365,850,—,—,,Loss,,miss,,,,—,,
2026-10-04T20:01:41.654341+00:00,nfl,2026,4,401872969,4018729693701,4,6:35,Official Timeout at 06:35.,1,10,JAX 35,65,-12,Cincinnati Bengals,Jacksonville Jaguars,10,22,7.5,92.5,343.0,23.0,366.0,205.0,113.0,318.0,game,Spread,Jacksonville Jaguars,,-2.5,kalshi,-1012,—,—,,-12,,hit,,,,—,,
2026-10-04T20:01:41.654341+00:00,nfl,2026,4,401872969,4018729693701,4,6:35,Official Timeout at 06:35.,1,10,JAX 35,65,-12,Cincinnati Bengals,Jacksonville Jaguars,10,22,7.5,92.5,343.0,23.0,366.0,205.0,113.0,318.0,game,Spread,Cincinnati Bengals,,2.5,kalshi,614,—,—,,-12,,miss,,,,—,,
2026-10-04T20:01:41.654341+00:00,nfl,2026,4,401872969,4018729693701,4,6:35,Official Timeout at 06:35.,1,10,JAX 35,65,-12,Cincinnati Bengals,Jacksonville Jaguars,10,22,7.5,92.5,343.0,23.0,366.0,205.0,113.0,318.0,game,Total,Over,,40.5,kalshi,566,—,—,,32.0,,miss,,,,—,,
2026-10-04T20:01:41.654341+00:00,nfl,2026,4,401872969,4018729693701,4,6:35,Official Timeout at 06:35.,1,10,JAX 35,65,-12,Cincinnati Bengals,Jacksonville Jaguars,10,22,7.5,92.5,343.0,23.0,366.0,205.0,113.0,318.0,game,Total,Under,,40.5,kalshi,-810,—,—,,32.0,,hit,,,,—,,
2026-10-04T20:01:41.654341+00:00,nfl,2026,4,401872969,4018729693701,4,6:35,Official Timeout at 06:35.,1,10,JAX 35,65,-12,Cincinnati Bengals,Jacksonville Jaguars,10,22,7.5,92.5,343.0,23.0,366.0,205.0,113.0,318.0,game,ML,Jacksonville Jaguars,,,polymarket,-670,—,—,,Win,,hit,,,,—,,
2026-10-04T20:01:41.654341+00:00,nfl,2026,4,401872969,4018729693701,4,6:35,Official Timeout at 06:35.,1,10,JAX 35,65,-12,Cincinnati Bengals,Jacksonville Jaguars,10,22,7.5,92.5,343.0,23.0,366.0,205.0,113.0,318.0,game,ML,Cincinnati Bengals,,,bet365,850,—,—,,Loss,,miss,,,,—,,
2026-10-04T20:01:41.654341+00:00,nfl,2026,4,401872969,4018729693671,4,6:35,"(Shotgun) C.Rodriguez left guard for 25 yards, TOUCHDOWN. TWO-POINT CONVERSION ATTEMPT. T.Lawrence pass to Bri.Thomas is incomplete. ATTEMPT FAILS.",1,10,CIN 25,25,-12,Cincinnati Bengals,Jacksonville Jaguars,10,22,7.5,92.5,343.0,23.0,366.0,205.0,113.0,318.0,game,Spread,Jacksonville Jaguars,,-2.5,kalshi,-1012,—,—,,-12,,hit,,,,—,,
2026-10-04T20:01:41.654341+00:00,nfl,2026,4,401872969,4018729693671,4,6:35,"(Shotgun) C.Rodriguez left guard for 25 yards, TOUCHDOWN. TWO-POINT CONVERSION ATTEMPT. T.Lawrence pass to Bri.Thomas is incomplete. ATTEMPT FAILS.",1,10,CIN 25,25,-12,Cincinnati Bengals,Jacksonville Jaguars,10,22,7.5,92.5,343.0,23.0,366.0,205.0,113.0,318.0,game,Spread,Cincinnati Bengals,,2.5,kalshi,614,—,—,,-12,,miss,,,,—,,
2026-10-04T20:01:41.654341+00:00,nfl,2026,4,401872969,4018729693671,4,6:35,"(Shotgun) C.Rodriguez left guard for 25 yards, TOUCHDOWN. TWO-POINT CONVERSION ATTEMPT. T.Lawrence pass to Bri.Thomas is incomplete. ATTEMPT FAILS.",1,10,CIN 25,25,-12,Cincinnati Bengals,Jacksonville Jaguars,10,22,7.5,92.5,343.0,23.0,366.0,205.0,113.0,318.0,game,Total,Over,,40.5,kalshi,566,—,—,,32.0,,miss,,,,—,,
2026-10-04T20:01:41.654341+00:00,nfl,2026,4,401872969,4018729693671,4,6:35,"(Shotgun) C.Rodriguez left guard for 25 yards, TOUCHDOWN. TWO-POINT CONVERSION ATTEMPT. T.Lawrence pass to Bri.Thomas is incomplete. ATTEMPT FAILS.",1,10,CIN 25,25,-12,Cincinnati Bengals,Jacksonville Jaguars,10,22,7.5,92.5,343.0,23.0,366.0,205.0,113.0,318.0,game,Total,Under,,40.5,kalshi,-810,—,—,,32.0,,hit,,,,—,,
2026-10-04T20:01:41.654341+00:00,nfl,2026,4,401872969,4018729693671,4,6:35,"(Shotgun) C.Rodriguez left guard for 25 yards, TOUCHDOWN. TWO-POINT CONVERSION ATTEMPT. T.Lawrence pass to Bri.Thomas is incomplete. ATTEMPT FAILS.",1,10,CIN 25,25,-12,Cincinnati Bengals,Jacksonville Jaguars,10,22,7.5,92.5,343.0,23.0,366.0,205.0,113.0,318.0,game,ML,Jacksonville Jaguars,,,polymarket,-670,—,—,,Win,,hit,,,,—,,
2026-10-04T20:01:41.654341+00:00,nfl,2026,4,401872969,4018729693671,4,6:35,"(Shotgun) C.Rodriguez left guard for 25 yards, TOUCHDOWN. TWO-POINT CONVERSION ATTEMPT. T.Lawrence pass to Bri.Thomas is incomplete. ATTEMPT FAILS.",1,10,CIN 25,25,-12,Cincinnati Bengals,Jacksonville Jaguars,10,22,7.5,92.5,343.0,23.0,366.0,205.0,113.0,318.0,game,ML,Cincinnati Bengals,,,bet365,850,—,—,,Loss,,miss,,,,—,,
2026-10-04T20:01:41.654341+00:00,nfl,2026,4,401872969,4018729693707,4,6:35,C.Little kicks 66 yards from JAX 35 to CIN -1. D.Meyers to CIN 29 for 30 yards (B.Combs).,3,10,JAX 45,65,-12,Cincinnati Bengals,Jacksonville Jaguars,10,22,7.5,92.5,343.0,23.0,366.0,205.0,113.0,318.0,game,Spread,Jacksonville Jaguars,,-2.5,kalshi,-1012,—,—,,-12,,hit,,,,—,,
2026-10-04T20:01:41.654341+00:00,nfl,2026,4,401872969,4018729693707,4,6:35,C.Little kicks 66 yards from JAX 35 to CIN -1. D.Meyers to CIN 29 for 30 yards (B.Combs).,3,10,JAX 45,65,-12,Cincinnati Bengals,Jacksonville Jaguars,10,22,7.5,92.5,343.0,23.0,366.0,205.0,113.0,318.0,game,Spread,Cincinnati Bengals,,2.5,kalshi,614,—,—,,-12,,miss,,,,—,,
2026-10-04T20:01:41.654341+00:00,nfl,2026,4,401872969,4018729693707,4,6:35,C.Little kicks 66 yards from JAX 35 to CIN -1. D.Meyers to CIN 29 for 30 yards (B.Combs).,3,10,JAX 45,65,-12,Cincinnati Bengals,Jacksonville Jaguars,10,22,7.5,92.5,343.0,23.0,366.0,205.0,113.0,318.0,game,Total,Over,,40.5,kalshi,566,—,—,,32.0,,miss,,,,—,,
2026-10-04T20:01:41.654341+00:00,nfl,2026,4,401872969,4018729693707,4,6:35,C.Little kicks 66 yards from JAX 35 to CIN -1. D.Meyers to CIN 29 for 30 yards (B.Combs).,3,10,JAX 45,65,-12,Cincinnati Bengals,Jacksonville Jaguars,10,22,7.5,92.5,343.0,23.0,366.0,205.0,113.0,318.0,game,Total,Under,,40.5,kalshi,-810,—,—,,32.0,,hit,,,,—,,
2026-10-04T20:01:41.654341+00:00,nfl,2026,4,401872969,4018729693707,4,6:35,C.Little kicks 66 yards from JAX 35 to CIN -1. D.Meyers to CIN 29 for 30 yards (B.Combs).,3,10,JAX 45,65,-12,Cincinnati Bengals,Jacksonville Jaguars,10,22,7.5,92.5,343.0,23.0,366.0,205.0,113.0,318.0,game,ML,Jacksonville Jaguars,,,polymarket,-670,—,—,,Win,,hit,,,,—,,
2026-10-04T20:01:41.654341+00:00,nfl,2026,4,401872969,4018729693707,4,6:35,C.Little kicks 66 yards from JAX 35 to CIN -1. D.Meyers to CIN 29 for 30 yards (B.Combs).,3,10,JAX 45,65,-12,Cincinnati Bengals,Jacksonville Jaguars,10,22,7.5,92.5,343.0,23.0,366.0,205.0,113.0,318.0,game,ML,Cincinnati Bengals,,,bet365,850,—,—,,Loss,,miss,,,,—,,
2026-10-04T20:01:41.654341+00:00,nfl,2026,4,401872969,4018729693737,4,6:31,"(Shotgun) J.Burrow pass short middle to C.Brown to CIN 31 for 2 yards (F.Oluokun).PENALTY on CIN-D.Fairchild, Offensive Holding, 10 yards, enforced at CIN 29 - No Play.",1,10,CIN 29,29,-12,Cincinnati Bengals,Jacksonville Jaguars,10,22,7.5,92.5,343.0,23.0,366.0,205.0,113.0,318.0,game,Spread,Jacksonville Jaguars,,-2.5,kalshi,-1012,—,—,,-12,,hit,,,,—,,
2026-10-04T20:01:41.654341+00:00,nfl,2026,4,401872969,4018729693737,4,6:31,"(Shotgun) J.Burrow pass short middle to C.Brown to CIN 31 for 2 yards (F.Oluokun).PENALTY on CIN-D.Fairchild, Offensive Holding, 10 yards, enforced at CIN 29 - No Play.",1,10,CIN 29,29,-12,Cincinnati Bengals,Jacksonville Jaguars,10,22,7.5,92.5,343.0,23.0,366.0,205.0,113.0,318.0,game,Spread,Cincinnati Bengals,,2.5,kalshi,614,—,—,,-12,,miss,,,,—,,
2026-10-04T20:01:41.654341+00:00,nfl,2026,4,401872969,4018729693737,4,6:31,"(Shotgun) J.Burrow pass short middle to C.Brown to CIN 31 for 2 yards (F.Oluokun).PENALTY on CIN-D.Fairchild, Offensive Holding, 10 yards, enforced at CIN 29 - No Play.",1,10,CIN 29,29,-12,Cincinnati Bengals,Jacksonville Jaguars,10,22,7.5,92.5,343.0,23.0,366.0,205.0,113.0,318.0,game,Total,Over,,40.5,kalshi,566,—,—,,32.0,,miss,,,,—,,
2026-10-04T20:01:41.654341+00:00,nfl,2026,4,401872969,4018729693737,4,6:31,"(Shotgun) J.Burrow pass short middle to C.Brown to CIN 31 for 2 yards (F.Oluokun).PENALTY on CIN-D.Fairchild, Offensive Holding, 10 yards, enforced at CIN 29 - No Play.",1,10,CIN 29,29,-12,Cincinnati Bengals,Jacksonville Jaguars,10,22,7.5,92.5,343.0,23.0,366.0,205.0,113.0,318.0,game,Total,Under,,40.5,kalshi,-810,—,—,,32.0,,hit,,,,—,,
2026-10-04T20:01:41.654341+00:00,nfl,2026,4,401872969,4018729693737,4,6:31,"(Shotgun) J.Burrow pass short middle to C.Brown to CIN 31 for 2 yards (F.Oluokun).PENALTY on CIN-D.Fairchild, Offensive Holding, 10 yards, enforced at CIN 29 - No Play.",1,10,CIN 29,29,-12,Cincinnati Bengals,Jacksonville Jaguars,10,22,7.5,92.5,343.0,23.0,366.0,205.0,113.0,318.0,game,ML,Jacksonville Jaguars,,,polymarket,-670,—,—,,Win,,hit,,,,—,,
2026-10-04T20:01:41.654341+00:00,nfl,2026,4,401872969,4018729693737,4,6:31,"(Shotgun) J.Burrow pass short middle to C.Brown to CIN 31 for 2 yards (F.Oluokun).PENALTY on CIN-D.Fairchild, Offensive Holding, 10 yards, enforced at CIN 29 - No Play.",1,10,CIN 29,29,-12,Cincinnati Bengals,Jacksonville Jaguars,10,22,7.5,92.5,343.0,23.0,366.0,205.0,113.0,318.0,game,ML,Cincinnati Bengals,,,bet365,850,—,—,,Loss,,miss,,,,—,,
2026-10-04T20:01:41.654341+00:00,nfl,2026,4,401872969,4018729693773,4,6:13,(Shotgun) J.Burrow pass short left to C.Brown to CIN 18 for -1 yards (J.Jones).,1,20,CIN 19,19,-12,Cincinnati Bengals,Jacksonville Jaguars,10,22,7.5,92.5,343.0,23.0,366.0,205.0,113.0,318.0,game,Spread,Jacksonville Jaguars,,-2.5,kalshi,-1012,—,—,,-12,,hit,,,,—,,
2026-10-04T20:01:41.654341+00:00,nfl,2026,4,401872969,4018729693773,4,6:13,(Shotgun) J.Burrow pass short left to C.Brown to CIN 18 for -1 yards (J.Jones).,1,20,CIN 19,19,-12,Cincinnati Bengals,Jacksonville Jaguars,10,22,7.5,92.5,343.0,23.0,366.0,205.0,113.0,318.0,game,Spread,Cincinnati Bengals,,2.5,kalshi,614,—,—,,-12,,miss,,,,—,,
2026-10-04T20:01:41.654341+00:00,nfl,2026,4,401872969,4018729693773,4,6:13,(Shotgun) J.Burrow pass short left to C.Brown to CIN 18 for -1 yards (J.Jones).,1,20,CIN 19,19,-12,Cincinnati Bengals,Jacksonville Jaguars,10,22,7.5,92.5,343.0,23.0,366.0,205.0,113.0,318.0,game,Total,Over,,40.5,kalshi,566,—,—,,32.0,,miss,,,,—,,
2026-10-04T20:01:41.654341+00:00,nfl,2026,4,401872969,4018729693773,4,6:13,(Shotgun) J.Burrow pass short left to C.Brown to CIN 18 for -1 yards (J.Jones).,1,20,CIN 19,19,-12,Cincinnati Bengals,Jacksonville Jaguars,10,22,7.5,92.5,343.0,23.0,366.0,205.0,113.0,318.0,game,Total,Under,,40.5,kalshi,-810,—,—,,32.0,,hit,,,,—,,
2026-10-04T20:01:41.654341+00:00,nfl,2026,4,401872969,4018729693773,4,6:13,(Shotgun) J.Burrow pass short left to C.Brown to CIN 18 for -1 yards (J.Jones).,1,20,CIN 19,19,-12,Cincinnati Bengals,Jacksonville Jaguars,10,22,7.5,92.5,343.0,23.0,366.0,205.0,113.0,318.0,game,ML,Jacksonville Jaguars,,,polymarket,-670,—,—,,Win,,hit,,,,—,,
2026-10-04T20:01:41.654341+00:00,nfl,2026,4,401872969,4018729693773,4,6:13,(Shotgun) J.Burrow pass short left to C.Brown to CIN 18 for -1 yards (J.Jones).,1,20,CIN 19,19,-12,Cincinnati Bengals,Jacksonville Jaguars,10,22,7.5,92.5,343.0,23.0,366.0,205.0,113.0,318.0,game,ML,Cincinnati Bengals,,,bet365,850,—,—,,Loss,,miss,,,,—,,
2026-10-04T20:01:41.654341+00:00,nfl,2026,4,401872969,4018729693798,4,5:47,"(No Huddle, Shotgun) J.Burrow pass deep left to T.Higgins ran ob at CIN 37 for 19 yards. CIN-T.Higgins was injured during the play.",2,21,CIN 18,18,-12,Cincinnati Bengals,Jacksonville Jaguars,10,22,7.5,92.5,343.0,23.0,366.0,205.0,113.0,318.0,game,Spread,Jacksonville Jaguars,,-2.5,kalshi,-1012,—,—,,-12,,hit,,,,—,,
2026-10-04T20:01:41.654341+00:00,nfl,2026,4,401872969,4018729693798,4,5:47,"(No Huddle, Shotgun) J.Burrow pass deep left to T.Higgins ran ob at CIN 37 for 19 yards. CIN-T.Higgins was injured during the play.",2,21,CIN 18,18,-12,Cincinnati Bengals,Jacksonville Jaguars,10,22,7.5,92.5,343.0,23.0,366.0,205.0,113.0,318.0,game,Spread,Cincinnati Bengals,,2.5,kalshi,614,—,—,,-12,,miss,,,,—,,
2026-10-04T20:01:41.654341+00:00,nfl,2026,4,401872969,4018729693798,4,5:47,"(No Huddle, Shotgun) J.Burrow pass deep left to T.Higgins ran ob at CIN 37 for 19 yards. CIN-T.Higgins was injured during the play.",2,21,CIN 18,18,-12,Cincinnati Bengals,Jacksonville Jaguars,10,22,7.5,92.5,343.0,23.0,366.0,205.0,113.0,318.0,game,Total,Over,,40.5,kalshi,566,—,—,,32.0,,miss,,,,—,,
2026-10-04T20:01:41.654341+00:00,nfl,2026,4,401872969,4018729693798,4,5:47,"(No Huddle, Shotgun) J.Burrow pass deep left to T.Higgins ran ob at CIN 37 for 19 yards. CIN-T.Higgins was injured during the play.",2,21,CIN 18,18,-12,Cincinnati Bengals,Jacksonville Jaguars,10,22,7.5,92.5,343.0,23.0,366.0,205.0,113.0,318.0,game,Total,Under,,40.5,kalshi,-810,—,—,,32.0,,hit,,,,—,,
2026-10-04T20:01:41.654341+00:00,nfl,2026,4,401872969,4018729693798,4,5:47,"(No Huddle, Shotgun) J.Burrow pass deep left to T.Higgins ran ob at CIN 37 for 19 yards. CIN-T.Higgins was injured during the play.",2,21,CIN 18,18,-12,Cincinnati Bengals,Jacksonville Jaguars,10,22,7.5,92.5,343.0,23.0,366.0,205.0,113.0,318.0,game,ML,Jacksonville Jaguars,,,polymarket,-670,—,—,,Win,,hit,,,,—,,
2026-10-04T20:01:41.654341+00:00,nfl,2026,4,401872969,4018729693798,4,5:47,"(No Huddle, Shotgun) J.Burrow pass deep left to T.Higgins ran ob at CIN 37 for 19 yards. CIN-T.Higgins was injured during the play.",2,21,CIN 18,18,-12,Cincinnati Bengals,Jacksonville Jaguars,10,22,7.5,92.5,343.0,23.0,366.0,205.0,113.0,318.0,game,ML,Cincinnati Bengals,,,bet365,850,—,—,,Loss,,miss,,,,—,,
2026-10-04T20:01:41.654341+00:00,nfl,2026,4,401872969,4018729693813,4,5:25,Official Timeout at 05:25.,3,2,CIN 37,37,-12,Cincinnati Bengals,Jacksonville Jaguars,10,22,7.5,92.5,343.0,23.0,366.0,205.0,113.0,318.0,game,Spread,Jacksonville Jaguars,,-2.5,kalshi,-1012,—,—,,-12,,hit,,,,—,,
2026-10-04T20:01:41.654341+00:00,nfl,2026,4,401872969,4018729693813,4,5:25,Official Timeout at 05:25.,3,2,CIN 37,37,-12,Cincinnati Bengals,Jacksonville Jaguars,10,22,7.5,92.5,343.0,23.0,366.0,205.0,113.0,318.0,game,Spread,Cincinnati Bengals,,2.5,kalshi,614,—,—,,-12,,miss,,,,—,,
2026-10-04T20:01:41.654341+00:00,nfl,2026,4,401872969,4018729693813,4,5:25,Official Timeout at 05:25.,3,2,CIN 37,37,-12,Cincinnati Bengals,Jacksonville Jaguars,10,22,7.5,92.5,343.0,23.0,366.0,205.0,113.0,318.0,game,Total,Over,,40.5,kalshi,566,—,—,,32.0,,miss,,,,—,,
2026-10-04T20:01:41.654341+00:00,nfl,2026,4,401872969,4018729693813,4,5:25,Official Timeout at 05:25.,3,2,CIN 37,37,-12,Cincinnati Bengals,Jacksonville Jaguars,10,22,7.5,92.5,343.0,23.0,366.0,205.0,113.0,318.0,game,Total,Under,,40.5,kalshi,-810,—,—,,32.0,,hit,,,,—,,
2026-10-04T20:01:41.654341+00:00,nfl,2026,4,401872969,4018729693813,4,5:25,Official Timeout at 05:25.,3,2,CIN 37,37,-12,Cincinnati Bengals,Jacksonville Jaguars,10,22,7.5,92.5,343.0,23.0,366.0,205.0,113.0,318.0,game,ML,Jacksonville Jaguars,,,polymarket,-670,—,—,,Win,,hit,,,,—,,
2026-10-04T20:01:41.654341+00:00,nfl,2026,4,401872969,4018729693813,4,5:25,Official Timeout at 05:25.,3,2,CIN 37,37,-12,Cincinnati Bengals,Jacksonville Jaguars,10,22,7.5,92.5,343.0,23.0,366.0,205.0,113.0,318.0,game,ML,Cincinnati Bengals,,,bet365,850,—,—,,Loss,,miss,,,,—,,
2026-10-04T20:01:41.654341+00:00,nfl,2026,4,401872969,4018729693828,4,5:10,"(Shotgun) C.Brown up the middle to CIN 38 for 1 yard (V.Miller).PENALTY on JAX-T.Walker, Taunting, 15 yards, enforced at CIN 38.",3,2,CIN 37,37,-12,Cincinnati Bengals,Jacksonville Jaguars,10,22,7.5,92.5,343.0,23.0,366.0,205.0,113.0,318.0,game,Spread,Jacksonville Jaguars,,-2.5,kalshi,-1012,—,—,,-12,,hit,,,,—,,
2026-10-04T20:01:41.654341+00:00,nfl,2026,4,401872969,4018729693828,4,5:10,"(Shotgun) C.Brown up the middle to CIN 38 for 1 yard (V.Miller).PENALTY on JAX-T.Walker, Taunting, 15 yards, enforced at CIN 38.",3,2,CIN 37,37,-12,Cincinnati Bengals,Jacksonville Jaguars,10,22,7.5,92.5,343.0,23.0,366.0,205.0,113.0,318.0,game,Spread,Cincinnati Bengals,,2.5,kalshi,614,—,—,,-12,,miss,,,,—,,
2026-10-04T20:01:41.654341+00:00,nfl,2026,4,401872969,4018729693828,4,5:10,"(Shotgun) C.Brown up the middle to CIN 38 for 1 yard (V.Miller).PENALTY on JAX-T.Walker, Taunting, 15 yards, enforced at CIN 38.",3,2,CIN 37,37,-12,Cincinnati Bengals,Jacksonville Jaguars,10,22,7.5,92.5,343.0,23.0,366.0,205.0,113.0,318.0,game,Total,Over,,40.5,kalshi,566,—,—,,32.0,,miss,,,,—,,
2026-10-04T20:01:41.654341+00:00,nfl,2026,4,401872969,4018729693828,4,5:10,"(Shotgun) C.Brown up the middle to CIN 38 for 1 yard (V.Miller).PENALTY on JAX-T.Walker, Taunting, 15 yards, enforced at CIN 38.",3,2,CIN 37,37,-12,Cincinnati Bengals,Jacksonville Jaguars,10,22,7.5,92.5,343.0,23.0,366.0,205.0,113.0,318.0,game,Total,Under,,40.5,kalshi,-810,—,—,,32.0,,hit,,,,—,,
2026-10-04T20:01:41.654341+00:00,nfl,2026,4,401872969,4018729693828,4,5:10,"(Shotgun) C.Brown up the middle to CIN 38 for 1 yard (V.Miller).PENALTY on JAX-T.Walker, Taunting, 15 yards, enforced at CIN 38.",3,2,CIN 37,37,-12,Cincinnati Bengals,Jacksonville Jaguars,10,22,7.5,92.5,343.0,23.0,366.0,205.0,113.0,318.0,game,ML,Jacksonville Jaguars,,,polymarket,-670,—,—,,Win,,hit,,,,—,,
2026-10-04T20:01:41.654341+00:00,nfl,2026,4,401872969,4018729693828,4,5:10,"(Shotgun) C.Brown up the middle to CIN 38 for 1 yard (V.Miller).PENALTY on JAX-T.Walker, Taunting, 15 yards, enforced at CIN 38.",3,2,CIN 37,37,-12,Cincinnati Bengals,Jacksonville Jaguars,10,22,7.5,92.5,343.0,23.0,366.0,205.0,113.0,318.0,game,ML,Cincinnati Bengals,,,bet365,850,—,—,,Loss,,miss,,,,—,,
2026-10-04T20:01:41.654341+00:00,nfl,2026,4,401872969,4018729693871,4,4:51,(Shotgun) J.Burrow pass short right to T.Higgins to JAX 30 for 17 yards (A.Johnson). ** Injury Update: CIN-T.Higgins has returned to the game.,1,10,JAX 47,53,-12,Cincinnati Bengals,Jacksonville Jaguars,10,22,7.5,92.5,343.0,23.0,366.0,205.0,113.0,318.0,game,Spread,Jacksonville Jaguars,,-2.5,kalshi,-1012,—,—,,-12,,hit,,,,—,,
2026-10-04T20:01:41.654341+00:00,nfl,2026,4,401872969,4018729693871,4,4:51,(Shotgun) J.Burrow pass short right to T.Higgins to JAX 30 for 17 yards (A.Johnson). ** Injury Update: CIN-T.Higgins has returned to the game.,1,10,JAX 47,53,-12,Cincinnati Bengals,Jacksonville Jaguars,10,22,7.5,92.5,343.0,23.0,366.0,205.0,113.0,318.0,game,Spread,Cincinnati Bengals,,2.5,kalshi,614,—,—,,-12,,miss,,,,—,,
2026-10-04T20:01:41.654341+00:00,nfl,2026,4,401872969,4018729693871,4,4:51,(Shotgun) J.Burrow pass short right to T.Higgins to JAX 30 for 17 yards (A.Johnson). ** Injury Update: CIN-T.Higgins has returned to the game.,1,10,JAX 47,53,-12,Cincinnati Bengals,Jacksonville Jaguars,10,22,7.5,92.5,343.0,23.0,366.0,205.0,113.0,318.0,game,Total,Over,,40.5,kalshi,566,—,—,,32.0,,miss,,,,—,,
2026-10-04T20:01:41.654341+00:00,nfl,2026,4,401872969,4018729693871,4,4:51,(Shotgun) J.Burrow pass short right to T.Higgins to JAX 30 for 17 yards (A.Johnson). ** Injury Update: CIN-T.Higgins has returned to the game.,1,10,JAX 47,53,-12,Cincinnati Bengals,Jacksonville Jaguars,10,22,7.5,92.5,343.0,23.0,366.0,205.0,113.0,318.0,game,Total,Under,,40.5,kalshi,-810,—,—,,32.0,,hit,,,,—,,
2026-10-04T20:01:41.654341+00:00,nfl,2026,4,401872969,4018729693871,4,4:51,(Shotgun) J.Burrow pass short right to T.Higgins to JAX 30 for 17 yards (A.Johnson). ** Injury Update: CIN-T.Higgins has returned to the game.,1,10,JAX 47,53,-12,Cincinnati Bengals,Jacksonville Jaguars,10,22,7.5,92.5,343.0,23.0,366.0,205.0,113.0,318.0,game,ML,Jacksonville Jaguars,,,polymarket,-670,—,—,,Win,,hit,,,,—,,
2026-10-04T20:01:41.654341+00:00,nfl,2026,4,401872969,4018729693871,4,4:51,(Shotgun) J.Burrow pass short right to T.Higgins to JAX 30 for 17 yards (A.Johnson). ** Injury Update: CIN-T.Higgins has returned to the game.,1,10,JAX 47,53,-12,Cincinnati Bengals,Jacksonville Jaguars,10,22,7.5,92.5,343.0,23.0,366.0,205.0,113.0,318.0,game,ML,Cincinnati Bengals,,,bet365,850,—,—,,Loss,,miss,,,,—,,
2026-10-04T20:01:41.654341+00:00,nfl,2026,4,401872969,4018729693896,4,4:23,"(No Huddle, Shotgun) J.Burrow pass short right to M.Gesicki pushed ob at JAX 23 for 7 yards (R.Lane).",1,10,JAX 30,70,-12,Cincinnati Bengals,Jacksonville Jaguars,10,22,7.5,92.5,343.0,23.0,366.0,205.0,113.0,318.0,game,Spread,Jacksonville Jaguars,,-2.5,kalshi,-1012,—,—,,-12,,hit,,,,—,,
2026-10-04T20:01:41.654341+00:00,nfl,2026,4,401872969,4018729693896,4,4:23,"(No Huddle, Shotgun) J.Burrow pass short right to M.Gesicki pushed ob at JAX 23 for 7 yards (R.Lane).",1,10,JAX 30,70,-12,Cincinnati Bengals,Jacksonville Jaguars,10,22,7.5,92.5,343.0,23.0,366.0,205.0,113.0,318.0,game,Spread,Cincinnati Bengals,,2.5,kalshi,614,—,—,,-12,,miss,,,,—,,
2026-10-04T20:01:41.654341+00:00,nfl,2026,4,401872969,4018729693896,4,4:23,"(No Huddle, Shotgun) J.Burrow pass short right to M.Gesicki pushed ob at JAX 23 for 7 yards (R.Lane).",1,10,JAX 30,70,-12,Cincinnati Bengals,Jacksonville Jaguars,10,22,7.5,92.5,343.0,23.0,366.0,205.0,113.0,318.0,game,Total,Over,,40.5,kalshi,566,—,—,,32.0,,miss,,,,—,,
2026-10-04T20:01:41.654341+00:00,nfl,2026,4,401872969,4018729693896,4,4:23,"(No Huddle, Shotgun) J.Burrow pass short right to M.Gesicki pushed ob at JAX 23 for 7 yards (R.Lane).",1,10,JAX 30,70,-12,Cincinnati Bengals,Jacksonville Jaguars,10,22,7.5,92.5,343.0,23.0,366.0,205.0,113.0,318.0,game,Total,Under,,40.5,kalshi,-810,—,—,,32.0,,hit,,,,—,,
2026-10-04T20:01:41.654341+00:00,nfl,2026,4,401872969,4018729693896,4,4:23,"(No Huddle, Shotgun) J.Burrow pass short right to M.Gesicki pushed ob at JAX 23 for 7 yards (R.Lane).",1,10,JAX 30,70,-12,Cincinnati Bengals,Jacksonville Jaguars,10,22,7.5,92.5,343.0,23.0,366.0,205.0,113.0,318.0,game,ML,Jacksonville Jaguars,,,polymarket,-670,—,—,,Win,,hit,,,,—,,
2026-10-04T20:01:41.654341+00:00,nfl,2026,4,401872969,4018729693896,4,4:23,"(No Huddle, Shotgun) J.Burrow pass short right to M.Gesicki pushed ob at JAX 23 for 7 yards (R.Lane).",1,10,JAX 30,70,-12,Cincinnati Bengals,Jacksonville Jaguars,10,22,7.5,92.5,343.0,23.0,366.0,205.0,113.0,318.0,game,ML,Cincinnati Bengals,,,bet365,850,—,—,,Loss,,miss,,,,—,,
2026-10-04T20:01:41.654341+00:00,nfl,2026,4,401872969,4018729693926,4,4:17,"(4:17) (Shotgun) J.Burrow pass short left to M.Tinsley ran ob at JAX 12 for 11 yards.
Penalty on JAX-Bry.Thomas, Defensive Offside, declined.",2,3,JAX 23,77,-12,Cincinnati Bengals,Jacksonville Jaguars,10,22,7.5,92.5,343.0,23.0,366.0,205.0,113.0,318.0,game,Spread,Jacksonville Jaguars,,-2.5,kalshi,-1012,—,—,,-12,,hit,,,,—,,
2026-10-04T20:01:41.654341+00:00,nfl,2026,4,401872969,4018729693926,4,4:17,"(4:17) (Shotgun) J.Burrow pass short left to M.Tinsley ran ob at JAX 12 for 11 yards.
Penalty on JAX-Bry.Thomas, Defensive Offside, declined.",2,3,JAX 23,77,-12,Cincinnati Bengals,Jacksonville Jaguars,10,22,7.5,92.5,343.0,23.0,366.0,205.0,113.0,318.0,game,Spread,Cincinnati Bengals,,2.5,kalshi,614,—,—,,-12,,miss,,,,—,,
2026-10-04T20:01:41.654341+00:00,nfl,2026,4,401872969,4018729693926,4,4:17,"(4:17) (Shotgun) J.Burrow pass short left to M.Tinsley ran ob at JAX 12 for 11 yards.
Penalty on JAX-Bry.Thomas, Defensive Offside, declined.",2,3,JAX 23,77,-12,Cincinnati Bengals,Jacksonville Jaguars,10,22,7.5,92.5,343.0,23.0,366.0,205.0,113.0,318.0,game,Total,Over,,40.5,kalshi,566,—,—,,32.0,,miss,,,,—,,
2026-10-04T20:01:41.654341+00:00,nfl,2026,4,401872969,4018729693926,4,4:17,"(4:17) (Shotgun) J.Burrow pass short left to M.Tinsley ran ob at JAX 12 for 11 yards.
Penalty on JAX-Bry.Thomas, Defensive Offside, declined.",2,3,JAX 23,77,-12,Cincinnati Bengals,Jacksonville Jaguars,10,22,7.5,92.5,343.0,23.0,366.0,205.0,113.0,318.0,game,Total,Under,,40.5,kalshi,-810,—,—,,32.0,,hit,,,,—,,
2026-10-04T20:01:41.654341+00:00,nfl,2026,4,401872969,4018729693926,4,4:17,"(4:17) (Shotgun) J.Burrow pass short left to M.Tinsley ran ob at JAX 12 for 11 yards.
Penalty on JAX-Bry.Thomas, Defensive Offside, declined.",2,3,JAX 23,77,-12,Cincinnati Bengals,Jacksonville Jaguars,10,22,7.5,92.5,343.0,23.0,366.0,205.0,113.0,318.0,game,ML,Jacksonville Jaguars,,,polymarket,-670,—,—,,Win,,hit,,,,—,,
2026-10-04T20:01:41.654341+00:00,nfl,2026,4,401872969,4018729693926,4,4:17,"(4:17) (Shotgun) J.Burrow pass short left to M.Tinsley ran ob at JAX 12 for 11 yards.
Penalty on JAX-Bry.Thomas, Defensive Offside, declined.",2,3,JAX 23,77,-12,Cincinnati Bengals,Jacksonville Jaguars,10,22,7.5,92.5,343.0,23.0,366.0,205.0,113.0,318.0,game,ML,Cincinnati Bengals,,,bet365,850,—,—,,Loss,,miss,,,,—,,
2026-10-04T20:01:41.654341+00:00,nfl,2026,4,401872969,4018729693970,4,4:13,(Shotgun) J.Burrow pass short middle to T.Hudson to JAX 10 for 2 yards (F.Oluokun).,1,10,JAX 12,88,-12,Cincinnati Bengals,Jacksonville Jaguars,10,22,7.5,92.5,343.0,23.0,366.0,205.0,113.0,318.0,game,Spread,Jacksonville Jaguars,,-2.5,kalshi,-900,—,—,,-12,,hit,,,,—,,
2026-10-04T20:01:41.654341+00:00,nfl,2026,4,401872969,4018729693970,4,4:13,(Shotgun) J.Burrow pass short middle to T.Hudson to JAX 10 for 2 yards (F.Oluokun).,1,10,JAX 12,88,-12,Cincinnati Bengals,Jacksonville Jaguars,10,22,7.5,92.5,343.0,23.0,366.0,205.0,113.0,318.0,game,Spread,Cincinnati Bengals,,2.5,kalshi,614,—,—,,-12,,miss,,,,—,,
2026-10-04T20:01:41.654341+00:00,nfl,2026,4,401872969,4018729693970,4,4:13,(Shotgun) J.Burrow pass short middle to T.Hudson to JAX 10 for 2 yards (F.Oluokun).,1,10,JAX 12,88,-12,Cincinnati Bengals,Jacksonville Jaguars,10,22,7.5,92.5,343.0,23.0,366.0,205.0,113.0,318.0,game,Total,Over,,43.5,kalshi,614,—,—,,32.0,,miss,,,,—,,
2026-10-04T20:01:41.654341+00:00,nfl,2026,4,401872969,4018729693970,4,4:13,(Shotgun) J.Burrow pass short middle to T.Hudson to JAX 10 for 2 yards (F.Oluokun).,1,10,JAX 12,88,-12,Cincinnati Bengals,Jacksonville Jaguars,10,22,7.5,92.5,343.0,23.0,366.0,205.0,113.0,318.0,game,Total,Under,,43.5,kalshi,-810,—,—,,32.0,,hit,,,,—,,
2026-10-04T20:01:41.654341+00:00,nfl,2026,4,401872969,4018729693970,4,4:13,(Shotgun) J.Burrow pass short middle to T.Hudson to JAX 10 for 2 yards (F.Oluokun).,1,10,JAX 12,88,-12,Cincinnati Bengals,Jacksonville Jaguars,10,22,7.5,92.5,343.0,23.0,366.0,205.0,113.0,318.0,game,ML,Jacksonville Jaguars,,,polymarket,-670,—,—,,Win,,hit,,,,—,,
2026-10-04T20:01:41.654341+00:00,nfl,2026,4,401872969,4018729693970,4,4:13,(Shotgun) J.Burrow pass short middle to T.Hudson to JAX 10 for 2 yards (F.Oluokun).,1,10,JAX 12,88,-12,Cincinnati Bengals,Jacksonville Jaguars,10,22,7.5,92.5,343.0,23.0,366.0,205.0,113.0,318.0,game,ML,Cincinnati Bengals,,,bet365,850,—,—,,Loss,,miss,,,,—,,
2026-10-04T20:01:41.654341+00:00,nfl,2026,4,401872969,4018729693998,4,3:51,"(No Huddle, Shotgun) J.Burrow pass short left to M.Tinsley to JAX 1 for 9 yards (J.Jones).",2,8,JAX 10,90,-12,Cincinnati Bengals,Jacksonville Jaguars,10,22,7.5,92.5,343.0,23.0,366.0,205.0,113.0,318.0,game,Spread,Jacksonville Jaguars,,-2.5,kalshi,-900,—,—,,-12,,hit,,,,—,,
2026-10-04T20:01:41.654341+00:00,nfl,2026,4,401872969,4018729693998,4,3:51,"(No Huddle, Shotgun) J.Burrow pass short left to M.Tinsley to JAX 1 for 9 yards (J.Jones).",2,8,JAX 10,90,-12,Cincinnati Bengals,Jacksonville Jaguars,10,22,7.5,92.5,343.0,23.0,366.0,205.0,113.0,318.0,game,Spread,Cincinnati Bengals,,2.5,kalshi,614,—,—,,-12,,miss,,,,—,,
2026-10-04T20:01:41.654341+00:00,nfl,2026,4,401872969,4018729693998,4,3:51,"(No Huddle, Shotgun) J.Burrow pass short left to M.Tinsley to JAX 1 for 9 yards (J.Jones).",2,8,JAX 10,90,-12,Cincinnati Bengals,Jacksonville Jaguars,10,22,7.5,92.5,343.0,23.0,366.0,205.0,113.0,318.0,game,Total,Over,,43.5,kalshi,614,—,—,,32.0,,miss,,,,—,,
2026-10-04T20:01:41.654341+00:00,nfl,2026,4,401872969,4018729693998,4,3:51,"(No Huddle, Shotgun) J.Burrow pass short left to M.Tinsley to JAX 1 for 9 yards (J.Jones).",2,8,JAX 10,90,-12,Cincinnati Bengals,Jacksonville Jaguars,10,22,7.5,92.5,343.0,23.0,366.0,205.0,113.0,318.0,game,Total,Under,,43.5,kalshi,-810,—,—,,32.0,,hit,,,,—,,
2026-10-04T20:01:41.654341+00:00,nfl,2026,4,401872969,4018729693998,4,3:51,"(No Huddle, Shotgun) J.Burrow pass short left to M.Tinsley to JAX 1 for 9 yards (J.Jones).",2,8,JAX 10,90,-12,Cincinnati Bengals,Jacksonville Jaguars,10,22,7.5,92.5,343.0,23.0,366.0,205.0,113.0,318.0,game,ML,Jacksonville Jaguars,,,polymarket,-670,—,—,,Win,,hit,,,,—,,
2026-10-04T20:01:41.654341+00:00,nfl,2026,4,401872969,4018729693998,4,3:51,"(No Huddle, Shotgun) J.Burrow pass short left to M.Tinsley to JAX 1 for 9 yards (J.Jones).",2,8,JAX 10,90,-12,Cincinnati Bengals,Jacksonville Jaguars,10,22,7.5,92.5,343.0,23.0,366.0,205.0,113.0,318.0,game,ML,Cincinnati Bengals,,,bet365,850,—,—,,Loss,,miss,,,,—,,
2026-10-04T20:01:41.654341+00:00,nfl,2026,4,401872969,4018729694023,4,3:28,"(No Huddle) J.Burrow right guard for 1 yard, TOUCHDOWN. E.McPherson extra point is GOOD, Center-W.Wagner, Holder-R.Rehkow.",1,1,JAX 1,99,-5,Cincinnati Bengals,Jacksonville Jaguars,17,22,7.5,92.5,343.0,23.0,366.0,205.0,113.0,318.0,game,Spread,Jacksonville Jaguars,,-2.5,kalshi,-900,—,—,,-5,,hit,,,,—,,
2026-10-04T20:01:41.654341+00:00,nfl,2026,4,401872969,4018729694023,4,3:28,"(No Huddle) J.Burrow right guard for 1 yard, TOUCHDOWN. E.McPherson extra point is GOOD, Center-W.Wagner, Holder-R.Rehkow.",1,1,JAX 1,99,-5,Cincinnati Bengals,Jacksonville Jaguars,17,22,7.5,92.5,343.0,23.0,366.0,205.0,113.0,318.0,game,Spread,Cincinnati Bengals,,2.5,kalshi,614,—,—,,-5,,miss,,,,—,,
2026-10-04T20:01:41.654341+00:00,nfl,2026,4,401872969,4018729694023,4,3:28,"(No Huddle) J.Burrow right guard for 1 yard, TOUCHDOWN. E.McPherson extra point is GOOD, Center-W.Wagner, Holder-R.Rehkow.",1,1,JAX 1,99,-5,Cincinnati Bengals,Jacksonville Jaguars,17,22,7.5,92.5,343.0,23.0,366.0,205.0,113.0,318.0,game,Total,Over,,43.5,kalshi,614,—,—,,39.0,,miss,,,,—,,
2026-10-04T20:01:41.654341+00:00,nfl,2026,4,401872969,4018729694023,4,3:28,"(No Huddle) J.Burrow right guard for 1 yard, TOUCHDOWN. E.McPherson extra point is GOOD, Center-W.Wagner, Holder-R.Rehkow.",1,1,JAX 1,99,-5,Cincinnati Bengals,Jacksonville Jaguars,17,22,7.5,92.5,343.0,23.0,366.0,205.0,113.0,318.0,game,Total,Under,,43.5,kalshi,-810,—,—,,39.0,,hit,,,,—,,
2026-10-04T20:01:41.654341+00:00,nfl,2026,4,401872969,4018729694023,4,3:28,"(No Huddle) J.Burrow right guard for 1 yard, TOUCHDOWN. E.McPherson extra point is GOOD, Center-W.Wagner, Holder-R.Rehkow.",1,1,JAX 1,99,-5,Cincinnati Bengals,Jacksonville Jaguars,17,22,7.5,92.5,343.0,23.0,366.0,205.0,113.0,318.0,game,ML,Jacksonville Jaguars,,,polymarket,-670,—,—,,Win,,hit,,,,—,,
2026-10-04T20:01:41.654341+00:00,nfl,2026,4,401872969,4018729694023,4,3:28,"(No Huddle) J.Burrow right guard for 1 yard, TOUCHDOWN. E.McPherson extra point is GOOD, Center-W.Wagner, Holder-R.Rehkow.",1,1,JAX 1,99,-5,Cincinnati Bengals,Jacksonville Jaguars,17,22,7.5,92.5,343.0,23.0,366.0,205.0,113.0,318.0,game,ML,Cincinnati Bengals,,,bet365,850,—,—,,Loss,,miss,,,,—,,
2026-10-04T20:01:41.654341+00:00,nfl,2026,4,401872969,4018729694061,4,3:28,E.McPherson kicks 60 yards from CIN 35 to JAX 5. J.Cameron to JAX 28 for 23 yards (J.Giles-Harris).,3,10,JAX 45,35,-5,Cincinnati Bengals,Jacksonville Jaguars,17,22,7.5,92.5,343.0,23.0,366.0,205.0,113.0,318.0,game,Spread,Jacksonville Jaguars,,-2.5,kalshi,-900,—,—,,-5,,hit,,,,—,,
2026-10-04T20:01:41.654341+00:00,nfl,2026,4,401872969,4018729694061,4,3:28,E.McPherson kicks 60 yards from CIN 35 to JAX 5. J.Cameron to JAX 28 for 23 yards (J.Giles-Harris).,3,10,JAX 45,35,-5,Cincinnati Bengals,Jacksonville Jaguars,17,22,7.5,92.5,343.0,23.0,366.0,205.0,113.0,318.0,game,Spread,Cincinnati Bengals,,2.5,kalshi,614,—,—,,-5,,miss,,,,—,,
2026-10-04T20:01:41.654341+00:00,nfl,2026,4,401872969,4018729694061,4,3:28,E.McPherson kicks 60 yards from CIN 35 to JAX 5. J.Cameron to JAX 28 for 23 yards (J.Giles-Harris).,3,10,JAX 45,35,-5,Cincinnati Bengals,Jacksonville Jaguars,17,22,7.5,92.5,343.0,23.0,366.0,205.0,113.0,318.0,game,Total,Over,,43.5,kalshi,614,—,—,,39.0,,miss,,,,—,,
2026-10-04T20:01:41.654341+00:00,nfl,2026,4,401872969,4018729694061,4,3:28,E.McPherson kicks 60 yards from CIN 35 to JAX 5. J.Cameron to JAX 28 for 23 yards (J.Giles-Harris).,3,10,JAX 45,35,-5,Cincinnati Bengals,Jacksonville Jaguars,17,22,7.5,92.5,343.0,23.0,366.0,205.0,113.0,318.0,game,Total,Under,,43.5,kalshi,-810,—,—,,39.0,,hit,,,,—,,
2026-10-04T20:01:41.654341+00:00,nfl,2026,4,401872969,4018729694061,4,3:28,E.McPherson kicks 60 yards from CIN 35 to JAX 5. J.Cameron to JAX 28 for 23 yards (J.Giles-Harris).,3,10,JAX 45,35,-5,Cincinnati Bengals,Jacksonville Jaguars,17,22,7.5,92.5,343.0,23.0,366.0,205.0,113.0,318.0,game,ML,Jacksonville Jaguars,,,polymarket,-670,—,—,,Win,,hit,,,,—,,
2026-10-04T20:01:41.654341+00:00,nfl,2026,4,401872969,4018729694061,4,3:28,E.McPherson kicks 60 yards from CIN 35 to JAX 5. J.Cameron to JAX 28 for 23 yards (J.Giles-Harris).,3,10,JAX 45,35,-5,Cincinnati Bengals,Jacksonville Jaguars,17,22,7.5,92.5,343.0,23.0,366.0,205.0,113.0,318.0,game,ML,Cincinnati Bengals,,,bet365,850,—,—,,Loss,,miss,,,,—,,
2026-10-04T20:01:41.654341+00:00,nfl,2026,4,401872969,4018729694084,4,3:24,"B.Tuten right tackle to JAX 26 for -2 yards (B.Mafe, J.Battle).",1,10,JAX 28,72,-5,Cincinnati Bengals,Jacksonville Jaguars,17,22,7.5,92.5,343.0,23.0,366.0,205.0,113.0,318.0,game,Spread,Jacksonville Jaguars,,-2.5,kalshi,-900,—,—,,-5,,hit,,,,—,,
2026-10-04T20:01:41.654341+00:00,nfl,2026,4,401872969,4018729694084,4,3:24,"B.Tuten right tackle to JAX 26 for -2 yards (B.Mafe, J.Battle).",1,10,JAX 28,72,-5,Cincinnati Bengals,Jacksonville Jaguars,17,22,7.5,92.5,343.0,23.0,366.0,205.0,113.0,318.0,game,Spread,Cincinnati Bengals,,2.5,kalshi,614,—,—,,-5,,miss,,,,—,,
2026-10-04T20:01:41.654341+00:00,nfl,2026,4,401872969,4018729694084,4,3:24,"B.Tuten right tackle to JAX 26 for -2 yards (B.Mafe, J.Battle).",1,10,JAX 28,72,-5,Cincinnati Bengals,Jacksonville Jaguars,17,22,7.5,92.5,343.0,23.0,366.0,205.0,113.0,318.0,game,Total,Over,,43.5,kalshi,614,—,—,,39.0,,miss,,,,—,,
2026-10-04T20:01:41.654341+00:00,nfl,2026,4,401872969,4018729694084,4,3:24,"B.Tuten right tackle to JAX 26 for -2 yards (B.Mafe, J.Battle).",1,10,JAX 28,72,-5,Cincinnati Bengals,Jacksonville Jaguars,17,22,7.5,92.5,343.0,23.0,366.0,205.0,113.0,318.0,game,Total,Under,,43.5,kalshi,-810,—,—,,39.0,,hit,,,,—,,
2026-10-04T20:01:41.654341+00:00,nfl,2026,4,401872969,4018729694084,4,3:24,"B.Tuten right tackle to JAX 26 for -2 yards (B.Mafe, J.Battle).",1,10,JAX 28,72,-5,Cincinnati Bengals,Jacksonville Jaguars,17,22,7.5,92.5,343.0,23.0,366.0,205.0,113.0,318.0,game,ML,Jacksonville Jaguars,,,polymarket,-670,—,—,,Win,,hit,,,,—,,
2026-10-04T20:01:41.654341+00:00,nfl,2026,4,401872969,4018729694084,4,3:24,"B.Tuten right tackle to JAX 26 for -2 yards (B.Mafe, J.Battle).",1,10,JAX 28,72,-5,Cincinnati Bengals,Jacksonville Jaguars,17,22,7.5,92.5,343.0,23.0,366.0,205.0,113.0,318.0,game,ML,Cincinnati Bengals,,,bet365,850,—,—,,Loss,,miss,,,,—,,
2026-10-04T20:01:41.654341+00:00,nfl,2026,4,401872969,4018729694106,4,2:42,T.Lawrence pass short left to B.Strange to JAX 30 for 4 yards (B.Carter).,2,12,JAX 26,74,-5,Cincinnati Bengals,Jacksonville Jaguars,17,22,7.5,92.5,343.0,23.0,366.0,205.0,113.0,318.0,game,Spread,Jacksonville Jaguars,,-2.5,kalshi,-900,—,—,,-5,,hit,,,,—,,
2026-10-04T20:01:41.654341+00:00,nfl,2026,4,401872969,4018729694106,4,2:42,T.Lawrence pass short left to B.Strange to JAX 30 for 4 yards (B.Carter).,2,12,JAX 26,74,-5,Cincinnati Bengals,Jacksonville Jaguars,17,22,7.5,92.5,343.0,23.0,366.0,205.0,113.0,318.0,game,Spread,Cincinnati Bengals,,2.5,kalshi,614,—,—,,-5,,miss,,,,—,,
2026-10-04T20:01:41.654341+00:00,nfl,2026,4,401872969,4018729694106,4,2:42,T.Lawrence pass short left to B.Strange to JAX 30 for 4 yards (B.Carter).,2,12,JAX 26,74,-5,Cincinnati Bengals,Jacksonville Jaguars,17,22,7.5,92.5,343.0,23.0,366.0,205.0,113.0,318.0,game,Total,Over,,43.5,kalshi,614,—,—,,39.0,,miss,,,,—,,
2026-10-04T20:01:41.654341+00:00,nfl,2026,4,401872969,4018729694106,4,2:42,T.Lawrence pass short left to B.Strange to JAX 30 for 4 yards (B.Carter).,2,12,JAX 26,74,-5,Cincinnati Bengals,Jacksonville Jaguars,17,22,7.5,92.5,343.0,23.0,366.0,205.0,113.0,318.0,game,Total,Under,,43.5,kalshi,-810,—,—,,39.0,,hit,,,,—,,
2026-10-04T20:01:41.654341+00:00,nfl,2026,4,401872969,4018729694106,4,2:42,T.Lawrence pass short left to B.Strange to JAX 30 for 4 yards (B.Carter).,2,12,JAX 26,74,-5,Cincinnati Bengals,Jacksonville Jaguars,17,22,7.5,92.5,343.0,23.0,366.0,205.0,113.0,318.0,game,ML,Jacksonville Jaguars,,,polymarket,-670,—,—,,Win,,hit,,,,—,,
2026-10-04T20:01:41.654341+00:00,nfl,2026,4,401872969,4018729694106,4,2:42,T.Lawrence pass short left to B.Strange to JAX 30 for 4 yards (B.Carter).,2,12,JAX 26,74,-5,Cincinnati Bengals,Jacksonville Jaguars,17,22,7.5,92.5,343.0,23.0,366.0,205.0,113.0,318.0,game,ML,Cincinnati Bengals,,,bet365,850,—,—,,Loss,,miss,,,,—,,
2026-10-04T20:01:41.654341+00:00,nfl,2026,4,401872969,4018729694119,4,2:34,Timeout #1 by CIN at 02:34.,3,8,JAX 30,70,-5,Cincinnati Bengals,Jacksonville Jaguars,17,22,7.5,92.5,343.0,23.0,366.0,205.0,113.0,318.0,game,Spread,Jacksonville Jaguars,,-2.5,kalshi,-900,—,—,,-5,,hit,,,,—,,
2026-10-04T20:01:41.654341+00:00,nfl,2026,4,401872969,4018729694119,4,2:34,Timeout #1 by CIN at 02:34.,3,8,JAX 30,70,-5,Cincinnati Bengals,Jacksonville Jaguars,17,22,7.5,92.5,343.0,23.0,366.0,205.0,113.0,318.0,game,Spread,Cincinnati Bengals,,2.5,kalshi,614,—,—,,-5,,miss,,,,—,,
2026-10-04T20:01:41.654341+00:00,nfl,2026,4,401872969,4018729694119,4,2:34,Timeout #1 by CIN at 02:34.,3,8,JAX 30,70,-5,Cincinnati Bengals,Jacksonville Jaguars,17,22,7.5,92.5,343.0,23.0,366.0,205.0,113.0,318.0,game,Total,Over,,43.5,kalshi,614,—,—,,39.0,,miss,,,,—,,
2026-10-04T20:01:41.654341+00:00,nfl,2026,4,401872969,4018729694119,4,2:34,Timeout #1 by CIN at 02:34.,3,8,JAX 30,70,-5,Cincinnati Bengals,Jacksonville Jaguars,17,22,7.5,92.5,343.0,23.0,366.0,205.0,113.0,318.0,game,Total,Under,,43.5,kalshi,-810,—,—,,39.0,,hit,,,,—,,
2026-10-04T20:01:41.654341+00:00,nfl,2026,4,401872969,4018729694119,4,2:34,Timeout #1 by CIN at 02:34.,3,8,JAX 30,70,-5,Cincinnati Bengals,Jacksonville Jaguars,17,22,7.5,92.5,343.0,23.0,366.0,205.0,113.0,318.0,game,ML,Jacksonville Jaguars,,,polymarket,-670,—,—,,Win,,hit,,,,—,,
2026-10-04T20:01:41.654341+00:00,nfl,2026,4,401872969,4018729694119,4,2:34,Timeout #1 by CIN at 02:34.,3,8,JAX 30,70,-5,Cincinnati Bengals,Jacksonville Jaguars,17,22,7.5,92.5,343.0,23.0,366.0,205.0,113.0,318.0,game,ML,Cincinnati Bengals,,,bet365,850,—,—,,Loss,,miss,,,,—,,
2026-10-04T20:01:41.654341+00:00,nfl,2026,4,401872969,4018729694131,4,2:34,(Shotgun) T.Lawrence pass short middle to B.Strange to JAX 45 for 15 yards (R.Yeast).,3,8,JAX 30,70,-5,Cincinnati Bengals,Jacksonville Jaguars,17,22,7.5,92.5,343.0,23.0,366.0,205.0,113.0,318.0,game,Spread,Jacksonville Jaguars,,-2.5,kalshi,-900,—,—,,-5,,hit,,,,—,,
2026-10-04T20:01:41.654341+00:00,nfl,2026,4,401872969,4018729694131,4,2:34,(Shotgun) T.Lawrence pass short middle to B.Strange to JAX 45 for 15 yards (R.Yeast).,3,8,JAX 30,70,-5,Cincinnati Bengals,Jacksonville Jaguars,17,22,7.5,92.5,343.0,23.0,366.0,205.0,113.0,318.0,game,Spread,Cincinnati Bengals,,2.5,kalshi,614,—,—,,-5,,miss,,,,—,,
2026-10-04T20:01:41.654341+00:00,nfl,2026,4,401872969,4018729694131,4,2:34,(Shotgun) T.Lawrence pass short middle to B.Strange to JAX 45 for 15 yards (R.Yeast).,3,8,JAX 30,70,-5,Cincinnati Bengals,Jacksonville Jaguars,17,22,7.5,92.5,343.0,23.0,366.0,205.0,113.0,318.0,game,Total,Over,,43.5,kalshi,614,—,—,,39.0,,miss,,,,—,,
2026-10-04T20:01:41.654341+00:00,nfl,2026,4,401872969,4018729694131,4,2:34,(Shotgun) T.Lawrence pass short middle to B.Strange to JAX 45 for 15 yards (R.Yeast).,3,8,JAX 30,70,-5,Cincinnati Bengals,Jacksonville Jaguars,17,22,7.5,92.5,343.0,23.0,366.0,205.0,113.0,318.0,game,Total,Under,,43.5,kalshi,-810,—,—,,39.0,,hit,,,,—,,
2026-10-04T20:01:41.654341+00:00,nfl,2026,4,401872969,4018729694131,4,2:34,(Shotgun) T.Lawrence pass short middle to B.Strange to JAX 45 for 15 yards (R.Yeast).,3,8,JAX 30,70,-5,Cincinnati Bengals,Jacksonville Jaguars,17,22,7.5,92.5,343.0,23.0,366.0,205.0,113.0,318.0,game,ML,Jacksonville Jaguars,,,polymarket,-670,—,—,,Win,,hit,,,,—,,
2026-10-04T20:01:41.654341+00:00,nfl,2026,4,401872969,4018729694131,4,2:34,(Shotgun) T.Lawrence pass short middle to B.Strange to JAX 45 for 15 yards (R.Yeast).,3,8,JAX 30,70,-5,Cincinnati Bengals,Jacksonville Jaguars,17,22,7.5,92.5,343.0,23.0,366.0,205.0,113.0,318.0,game,ML,Cincinnati Bengals,,,bet365,850,—,—,,Loss,,miss,,,,—,,
2026-10-04T20:01:41.654341+00:00,nfl,2026,4,401872969,4018729694147,4,2:28,Timeout #2 by CIN at 02:28.,1,10,JAX 45,55,-5,Cincinnati Bengals,Jacksonville Jaguars,17,22,7.5,92.5,343.0,23.0,366.0,205.0,113.0,318.0,game,Spread,Jacksonville Jaguars,,-2.5,kalshi,-900,—,—,,-5,,hit,,,,—,,
2026-10-04T20:01:41.654341+00:00,nfl,2026,4,401872969,4018729694147,4,2:28,Timeout #2 by CIN at 02:28.,1,10,JAX 45,55,-5,Cincinnati Bengals,Jacksonville Jaguars,17,22,7.5,92.5,343.0,23.0,366.0,205.0,113.0,318.0,game,Spread,Cincinnati Bengals,,2.5,kalshi,614,—,—,,-5,,miss,,,,—,,
2026-10-04T20:01:41.654341+00:00,nfl,2026,4,401872969,4018729694147,4,2:28,Timeout #2 by CIN at 02:28.,1,10,JAX 45,55,-5,Cincinnati Bengals,Jacksonville Jaguars,17,22,7.5,92.5,343.0,23.0,366.0,205.0,113.0,318.0,game,Total,Over,,43.5,kalshi,614,—,—,,39.0,,miss,,,,—,,
2026-10-04T20:01:41.654341+00:00,nfl,2026,4,401872969,4018729694147,4,2:28,Timeout #2 by CIN at 02:28.,1,10,JAX 45,55,-5,Cincinnati Bengals,Jacksonville Jaguars,17,22,7.5,92.5,343.0,23.0,366.0,205.0,113.0,318.0,game,Total,Under,,43.5,kalshi,-810,—,—,,39.0,,hit,,,,—,,
2026-10-04T20:01:41.654341+00:00,nfl,2026,4,401872969,4018729694147,4,2:28,Timeout #2 by CIN at 02:28.,1,10,JAX 45,55,-5,Cincinnati Bengals,Jacksonville Jaguars,17,22,7.5,92.5,343.0,23.0,366.0,205.0,113.0,318.0,game,ML,Jacksonville Jaguars,,,polymarket,-670,—,—,,Win,,hit,,,,—,,
2026-10-04T20:01:41.654341+00:00,nfl,2026,4,401872969,4018729694147,4,2:28,Timeout #2 by CIN at 02:28.,1,10,JAX 45,55,-5,Cincinnati Bengals,Jacksonville Jaguars,17,22,7.5,92.5,343.0,23.0,366.0,205.0,113.0,318.0,game,ML,Cincinnati Bengals,,,bet365,850,—,—,,Loss,,miss,,,,—,,
2026-10-04T20:01:41.654341+00:00,nfl,2026,4,401872969,4018729694163,4,2:28,B.Tuten right guard to JAX 45 for no gain (B.Mafe; D.Knight).,1,10,JAX 45,55,-5,Cincinnati Bengals,Jacksonville Jaguars,17,22,7.5,92.5,343.0,23.0,366.0,205.0,113.0,318.0,game,Spread,Jacksonville Jaguars,,-2.5,kalshi,-900,—,—,,-5,,hit,,,,—,,
2026-10-04T20:01:41.654341+00:00,nfl,2026,4,401872969,4018729694163,4,2:28,B.Tuten right guard to JAX 45 for no gain (B.Mafe; D.Knight).,1,10,JAX 45,55,-5,Cincinnati Bengals,Jacksonville Jaguars,17,22,7.5,92.5,343.0,23.0,366.0,205.0,113.0,318.0,game,Spread,Cincinnati Bengals,,2.5,kalshi,614,—,—,,-5,,miss,,,,—,,
2026-10-04T20:01:41.654341+00:00,nfl,2026,4,401872969,4018729694163,4,2:28,B.Tuten right guard to JAX 45 for no gain (B.Mafe; D.Knight).,1,10,JAX 45,55,-5,Cincinnati Bengals,Jacksonville Jaguars,17,22,7.5,92.5,343.0,23.0,366.0,205.0,113.0,318.0,game,Total,Over,,43.5,kalshi,614,—,—,,39.0,,miss,,,,—,,
2026-10-04T20:01:41.654341+00:00,nfl,2026,4,401872969,4018729694163,4,2:28,B.Tuten right guard to JAX 45 for no gain (B.Mafe; D.Knight).,1,10,JAX 45,55,-5,Cincinnati Bengals,Jacksonville Jaguars,17,22,7.5,92.5,343.0,23.0,366.0,205.0,113.0,318.0,game,Total,Under,,43.5,kalshi,-810,—,—,,39.0,,hit,,,,—,,
2026-10-04T20:01:41.654341+00:00,nfl,2026,4,401872969,4018729694163,4,2:28,B.Tuten right guard to JAX 45 for no gain (B.Mafe; D.Knight).,1,10,JAX 45,55,-5,Cincinnati Bengals,Jacksonville Jaguars,17,22,7.5,92.5,343.0,23.0,366.0,205.0,113.0,318.0,game,ML,Jacksonville Jaguars,,,polymarket,-670,—,—,,Win,,hit,,,,—,,
2026-10-04T20:01:41.654341+00:00,nfl,2026,4,401872969,4018729694163,4,2:28,B.Tuten right guard to JAX 45 for no gain (B.Mafe; D.Knight).,1,10,JAX 45,55,-5,Cincinnati Bengals,Jacksonville Jaguars,17,22,7.5,92.5,343.0,23.0,366.0,205.0,113.0,318.0,game,ML,Cincinnati Bengals,,,bet365,850,—,—,,Loss,,miss,,,,—,,
2026-10-04T20:01:41.654341+00:00,nfl,2026,4,401872969,4018729694178,4,2:23,Timeout #3 by CIN at 02:23.,2,10,JAX 45,55,-5,Cincinnati Bengals,Jacksonville Jaguars,17,22,7.5,92.5,343.0,23.0,366.0,205.0,113.0,318.0,game,Spread,Jacksonville Jaguars,,-2.5,kalshi,-900,—,—,,-5,,hit,,,,—,,
2026-10-04T20:01:41.654341+00:00,nfl,2026,4,401872969,4018729694178,4,2:23,Timeout #3 by CIN at 02:23.,2,10,JAX 45,55,-5,Cincinnati Bengals,Jacksonville Jaguars,17,22,7.5,92.5,343.0,23.0,366.0,205.0,113.0,318.0,game,Spread,Cincinnati Bengals,,2.5,kalshi,614,—,—,,-5,,miss,,,,—,,
2026-10-04T20:01:41.654341+00:00,nfl,2026,4,401872969,4018729694178,4,2:23,Timeout #3 by CIN at 02:23.,2,10,JAX 45,55,-5,Cincinnati Bengals,Jacksonville Jaguars,17,22,7.5,92.5,343.0,23.0,366.0,205.0,113.0,318.0,game,Total,Over,,43.5,kalshi,614,—,—,,39.0,,miss,,,,—,,
2026-10-04T20:01:41.654341+00:00,nfl,2026,4,401872969,4018729694178,4,2:23,Timeout #3 by CIN at 02:23.,2,10,JAX 45,55,-5,Cincinnati Bengals,Jacksonville Jaguars,17,22,7.5,92.5,343.0,23.0,366.0,205.0,113.0,318.0,game,Total,Under,,43.5,kalshi,-810,—,—,,39.0,,hit,,,,—,,
2026-10-04T20:01:41.654341+00:00,nfl,2026,4,401872969,4018729694178,4,2:23,Timeout #3 by CIN at 02:23.,2,10,JAX 45,55,-5,Cincinnati Bengals,Jacksonville Jaguars,17,22,7.5,92.5,343.0,23.0,366.0,205.0,113.0,318.0,game,ML,Jacksonville Jaguars,,,polymarket,-670,—,—,,Win,,hit,,,,—,,
2026-10-04T20:01:41.654341+00:00,nfl,2026,4,401872969,4018729694178,4,2:23,Timeout #3 by CIN at 02:23.,2,10,JAX 45,55,-5,Cincinnati Bengals,Jacksonville Jaguars,17,22,7.5,92.5,343.0,23.0,366.0,205.0,113.0,318.0,game,ML,Cincinnati Bengals,,,bet365,850,—,—,,Loss,,miss,,,,—,,
2026-10-04T20:01:41.654341+00:00,nfl,2026,4,401872969,4018729694192,4,2:23, T.Lawrence sacked at JAX 45 for 0 yards (D.Lawrence).,2,10,JAX 45,55,-5,Cincinnati Bengals,Jacksonville Jaguars,17,22,7.5,92.5,343.0,23.0,366.0,205.0,113.0,318.0,game,Spread,Jacksonville Jaguars,,-2.5,kalshi,-900,—,—,,-5,,hit,,,,—,,
2026-10-04T20:01:41.654341+00:00,nfl,2026,4,401872969,4018729694192,4,2:23, T.Lawrence sacked at JAX 45 for 0 yards (D.Lawrence).,2,10,JAX 45,55,-5,Cincinnati Bengals,Jacksonville Jaguars,17,22,7.5,92.5,343.0,23.0,366.0,205.0,113.0,318.0,game,Spread,Cincinnati Bengals,,2.5,kalshi,614,—,—,,-5,,miss,,,,—,,
2026-10-04T20:01:41.654341+00:00,nfl,2026,4,401872969,4018729694192,4,2:23, T.Lawrence sacked at JAX 45 for 0 yards (D.Lawrence).,2,10,JAX 45,55,-5,Cincinnati Bengals,Jacksonville Jaguars,17,22,7.5,92.5,343.0,23.0,366.0,205.0,113.0,318.0,game,Total,Over,,43.5,kalshi,614,—,—,,39.0,,miss,,,,—,,
2026-10-04T20:01:41.654341+00:00,nfl,2026,4,401872969,4018729694192,4,2:23, T.Lawrence sacked at JAX 45 for 0 yards (D.Lawrence).,2,10,JAX 45,55,-5,Cincinnati Bengals,Jacksonville Jaguars,17,22,7.5,92.5,343.0,23.0,366.0,205.0,113.0,318.0,game,Total,Under,,43.5,kalshi,-810,—,—,,39.0,,hit,,,,—,,
2026-10-04T20:01:41.654341+00:00,nfl,2026,4,401872969,4018729694192,4,2:23, T.Lawrence sacked at JAX 45 for 0 yards (D.Lawrence).,2,10,JAX 45,55,-5,Cincinnati Bengals,Jacksonville Jaguars,17,22,7.5,92.5,343.0,23.0,366.0,205.0,113.0,318.0,game,ML,Jacksonville Jaguars,,,polymarket,-670,—,—,,Win,,hit,,,,—,,
2026-10-04T20:01:41.654341+00:00,nfl,2026,4,401872969,4018729694192,4,2:23, T.Lawrence sacked at JAX 45 for 0 yards (D.Lawrence).,2,10,JAX 45,55,-5,Cincinnati Bengals,Jacksonville Jaguars,17,22,7.5,92.5,343.0,23.0,366.0,205.0,113.0,318.0,game,ML,Cincinnati Bengals,,,bet365,850,—,—,,Loss,,miss,,,,—,,
2026-10-04T20:01:41.654341+00:00,nfl,2026,4,401872969,4018729694206,4,2:00,Two-Minute Warning,3,10,JAX 45,55,-5,Cincinnati Bengals,Jacksonville Jaguars,17,22,7.5,92.5,343.0,23.0,366.0,205.0,113.0,318.0,game,Spread,Jacksonville Jaguars,,-2.5,kalshi,-900,—,—,,-5,,hit,,,,—,,
2026-10-04T20:01:41.654341+00:00,nfl,2026,4,401872969,4018729694206,4,2:00,Two-Minute Warning,3,10,JAX 45,55,-5,Cincinnati Bengals,Jacksonville Jaguars,17,22,7.5,92.5,343.0,23.0,366.0,205.0,113.0,318.0,game,Spread,Cincinnati Bengals,,2.5,kalshi,614,—,—,,-5,,miss,,,,—,,
2026-10-04T20:01:41.654341+00:00,nfl,2026,4,401872969,4018729694206,4,2:00,Two-Minute Warning,3,10,JAX 45,55,-5,Cincinnati Bengals,Jacksonville Jaguars,17,22,7.5,92.5,343.0,23.0,366.0,205.0,113.0,318.0,game,Total,Over,,43.5,kalshi,614,—,—,,39.0,,miss,,,,—,,
2026-10-04T20:01:41.654341+00:00,nfl,2026,4,401872969,4018729694206,4,2:00,Two-Minute Warning,3,10,JAX 45,55,-5,Cincinnati Bengals,Jacksonville Jaguars,17,22,7.5,92.5,343.0,23.0,366.0,205.0,113.0,318.0,game,Total,Under,,43.5,kalshi,-810,—,—,,39.0,,hit,,,,—,,
2026-10-04T20:01:41.654341+00:00,nfl,2026,4,401872969,4018729694206,4,2:00,Two-Minute Warning,3,10,JAX 45,55,-5,Cincinnati Bengals,Jacksonville Jaguars,17,22,7.5,92.5,343.0,23.0,366.0,205.0,113.0,318.0,game,ML,Jacksonville Jaguars,,,polymarket,-670,—,—,,Win,,hit,,,,—,,
2026-10-04T20:01:41.654341+00:00,nfl,2026,4,401872969,4018729694206,4,2:00,Two-Minute Warning,3,10,JAX 45,55,-5,Cincinnati Bengals,Jacksonville Jaguars,17,22,7.5,92.5,343.0,23.0,366.0,205.0,113.0,318.0,game,ML,Cincinnati Bengals,,,bet365,850,—,—,,Loss,,miss,,,,—,,
