captured_at,sport,year,week,event_id,play_id,period,clock,play_text,down,distance,possession,yard_line,score_margin,home,away,home_score,away_score,home_win_prob,away_win_prob,home_pass_yds,home_rush_yds,home_total_yds,away_pass_yds,away_rush_yds,away_total_yds,market_type,market,selection,player,line,book_id,book_price,model_projection,model_price,model_prob,actual_result,actual_stat,bet_result,expected_roi_pct,pregame_line,pregame_book_price,pregame_projection,pregame_capture_at,pregame_capture_type
2026-10-04T20:01:41.654341+00:00,nfl,2026,4,401872967,4018729671,1,15:00,GAME,1,10,HOU 46,46,0,Houston Texans,Dallas Cowboys,0,0,64.6,35.4,316.0,62.0,378.0,278.0,75.0,353.0,game,Spread,Dallas Cowboys,,2.5,novig,100.0,—,—,,0,,hit,,,,—,,
2026-10-04T20:01:41.654341+00:00,nfl,2026,4,401872967,4018729671,1,15:00,GAME,1,10,HOU 46,46,0,Houston Texans,Dallas Cowboys,0,0,64.6,35.4,316.0,62.0,378.0,278.0,75.0,353.0,game,Spread,Houston Texans,,-2.5,kalshi,-118.0,—,—,,0,,miss,,,,—,,
2026-10-04T20:01:41.654341+00:00,nfl,2026,4,401872967,4018729671,1,15:00,GAME,1,10,HOU 46,46,0,Houston Texans,Dallas Cowboys,0,0,64.6,35.4,316.0,62.0,378.0,278.0,75.0,353.0,game,Total,Over,,54.5,betfair,-119.0,—,—,,0.0,,miss,,,,—,,
2026-10-04T20:01:41.654341+00:00,nfl,2026,4,401872967,4018729671,1,15:00,GAME,1,10,HOU 46,46,0,Houston Texans,Dallas Cowboys,0,0,64.6,35.4,316.0,62.0,378.0,278.0,75.0,353.0,game,Total,,,54.5,,,—,—,,0.0,,hit,,,,—,,
2026-10-04T20:01:41.654341+00:00,nfl,2026,4,401872967,4018729671,1,15:00,GAME,1,10,HOU 46,46,0,Houston Texans,Dallas Cowboys,0,0,64.6,35.4,316.0,62.0,378.0,278.0,75.0,353.0,game,ML,Dallas Cowboys,,,polymarket,127.0,—,—,,Loss,,miss,,,,—,,
2026-10-04T20:01:41.654341+00:00,nfl,2026,4,401872967,4018729671,1,15:00,GAME,1,10,HOU 46,46,0,Houston Texans,Dallas Cowboys,0,0,64.6,35.4,316.0,62.0,378.0,278.0,75.0,353.0,game,ML,Houston Texans,,,stn,-120.0,—,—,,Loss,,miss,,,,—,,
2026-10-04T20:01:41.654341+00:00,nfl,2026,4,401872967,40187296740,1,15:00,"B.Aubrey kicks 57 yards from DAL 35 to HST 8. J.Noel to HST 29 for 21 yards (M.Bell; H.Luepke).PENALTY on HST-W.Woodaz, Face Mask, 14 yards, enforced at HST 29.",1,10,HOU 46,65,0,Houston Texans,Dallas Cowboys,0,0,64.6,35.4,316.0,62.0,378.0,278.0,75.0,353.0,game,Spread,Dallas Cowboys,,2.5,novig,100.0,—,—,,0,,hit,,,,—,,
2026-10-04T20:01:41.654341+00:00,nfl,2026,4,401872967,40187296740,1,15:00,"B.Aubrey kicks 57 yards from DAL 35 to HST 8. J.Noel to HST 29 for 21 yards (M.Bell; H.Luepke).PENALTY on HST-W.Woodaz, Face Mask, 14 yards, enforced at HST 29.",1,10,HOU 46,65,0,Houston Texans,Dallas Cowboys,0,0,64.6,35.4,316.0,62.0,378.0,278.0,75.0,353.0,game,Spread,Houston Texans,,-2.5,kalshi,-118.0,—,—,,0,,miss,,,,—,,
2026-10-04T20:01:41.654341+00:00,nfl,2026,4,401872967,40187296740,1,15:00,"B.Aubrey kicks 57 yards from DAL 35 to HST 8. J.Noel to HST 29 for 21 yards (M.Bell; H.Luepke).PENALTY on HST-W.Woodaz, Face Mask, 14 yards, enforced at HST 29.",1,10,HOU 46,65,0,Houston Texans,Dallas Cowboys,0,0,64.6,35.4,316.0,62.0,378.0,278.0,75.0,353.0,game,Total,Over,,54.5,betfair,-119.0,—,—,,0.0,,miss,,,,—,,
2026-10-04T20:01:41.654341+00:00,nfl,2026,4,401872967,40187296740,1,15:00,"B.Aubrey kicks 57 yards from DAL 35 to HST 8. J.Noel to HST 29 for 21 yards (M.Bell; H.Luepke).PENALTY on HST-W.Woodaz, Face Mask, 14 yards, enforced at HST 29.",1,10,HOU 46,65,0,Houston Texans,Dallas Cowboys,0,0,64.6,35.4,316.0,62.0,378.0,278.0,75.0,353.0,game,Total,,,54.5,,,—,—,,0.0,,hit,,,,—,,
2026-10-04T20:01:41.654341+00:00,nfl,2026,4,401872967,40187296740,1,15:00,"B.Aubrey kicks 57 yards from DAL 35 to HST 8. J.Noel to HST 29 for 21 yards (M.Bell; H.Luepke).PENALTY on HST-W.Woodaz, Face Mask, 14 yards, enforced at HST 29.",1,10,HOU 46,65,0,Houston Texans,Dallas Cowboys,0,0,64.6,35.4,316.0,62.0,378.0,278.0,75.0,353.0,game,ML,Dallas Cowboys,,,polymarket,127.0,—,—,,Loss,,miss,,,,—,,
2026-10-04T20:01:41.654341+00:00,nfl,2026,4,401872967,40187296740,1,15:00,"B.Aubrey kicks 57 yards from DAL 35 to HST 8. J.Noel to HST 29 for 21 yards (M.Bell; H.Luepke).PENALTY on HST-W.Woodaz, Face Mask, 14 yards, enforced at HST 29.",1,10,HOU 46,65,0,Houston Texans,Dallas Cowboys,0,0,64.6,35.4,316.0,62.0,378.0,278.0,75.0,353.0,game,ML,Houston Texans,,,stn,-120.0,—,—,,Loss,,miss,,,,—,,
2026-10-04T20:01:41.654341+00:00,nfl,2026,4,401872967,40187296775,1,14:55,(Shotgun) C.Stroud pass deep middle to N.Collins to DAL 40 for 45 yards (M.Hooker).,1,10,HOU 15,15,0,Houston Texans,Dallas Cowboys,0,0,64.6,35.4,316.0,62.0,378.0,278.0,75.0,353.0,game,Spread,Dallas Cowboys,,2.5,novig,100.0,—,—,,0,,hit,,,,—,,
2026-10-04T20:01:41.654341+00:00,nfl,2026,4,401872967,40187296775,1,14:55,(Shotgun) C.Stroud pass deep middle to N.Collins to DAL 40 for 45 yards (M.Hooker).,1,10,HOU 15,15,0,Houston Texans,Dallas Cowboys,0,0,64.6,35.4,316.0,62.0,378.0,278.0,75.0,353.0,game,Spread,Houston Texans,,-2.5,kalshi,-118.0,—,—,,0,,miss,,,,—,,
2026-10-04T20:01:41.654341+00:00,nfl,2026,4,401872967,40187296775,1,14:55,(Shotgun) C.Stroud pass deep middle to N.Collins to DAL 40 for 45 yards (M.Hooker).,1,10,HOU 15,15,0,Houston Texans,Dallas Cowboys,0,0,64.6,35.4,316.0,62.0,378.0,278.0,75.0,353.0,game,Total,Over,,54.5,betfair,-119.0,—,—,,0.0,,miss,,,,—,,
2026-10-04T20:01:41.654341+00:00,nfl,2026,4,401872967,40187296775,1,14:55,(Shotgun) C.Stroud pass deep middle to N.Collins to DAL 40 for 45 yards (M.Hooker).,1,10,HOU 15,15,0,Houston Texans,Dallas Cowboys,0,0,64.6,35.4,316.0,62.0,378.0,278.0,75.0,353.0,game,Total,,,54.5,,,—,—,,0.0,,hit,,,,—,,
2026-10-04T20:01:41.654341+00:00,nfl,2026,4,401872967,40187296775,1,14:55,(Shotgun) C.Stroud pass deep middle to N.Collins to DAL 40 for 45 yards (M.Hooker).,1,10,HOU 15,15,0,Houston Texans,Dallas Cowboys,0,0,64.6,35.4,316.0,62.0,378.0,278.0,75.0,353.0,game,ML,Dallas Cowboys,,,polymarket,127.0,—,—,,Loss,,miss,,,,—,,
2026-10-04T20:01:41.654341+00:00,nfl,2026,4,401872967,40187296775,1,14:55,(Shotgun) C.Stroud pass deep middle to N.Collins to DAL 40 for 45 yards (M.Hooker).,1,10,HOU 15,15,0,Houston Texans,Dallas Cowboys,0,0,64.6,35.4,316.0,62.0,378.0,278.0,75.0,353.0,game,ML,Houston Texans,,,stn,-120.0,—,—,,Loss,,miss,,,,—,,
2026-10-04T20:01:41.654341+00:00,nfl,2026,4,401872967,401872967101,1,14:11,D.Montgomery right end to DAL 38 for 2 yards (R.Gary).,1,10,DAL 40,60,0,Houston Texans,Dallas Cowboys,0,0,64.6,35.4,316.0,62.0,378.0,278.0,75.0,353.0,game,Spread,Dallas Cowboys,,2.5,novig,100.0,—,—,,0,,hit,,,,—,,
2026-10-04T20:01:41.654341+00:00,nfl,2026,4,401872967,401872967101,1,14:11,D.Montgomery right end to DAL 38 for 2 yards (R.Gary).,1,10,DAL 40,60,0,Houston Texans,Dallas Cowboys,0,0,64.6,35.4,316.0,62.0,378.0,278.0,75.0,353.0,game,Spread,Houston Texans,,-2.5,kalshi,-118.0,—,—,,0,,miss,,,,—,,
2026-10-04T20:01:41.654341+00:00,nfl,2026,4,401872967,401872967101,1,14:11,D.Montgomery right end to DAL 38 for 2 yards (R.Gary).,1,10,DAL 40,60,0,Houston Texans,Dallas Cowboys,0,0,64.6,35.4,316.0,62.0,378.0,278.0,75.0,353.0,game,Total,Over,,54.5,betfair,-119.0,—,—,,0.0,,miss,,,,—,,
2026-10-04T20:01:41.654341+00:00,nfl,2026,4,401872967,401872967101,1,14:11,D.Montgomery right end to DAL 38 for 2 yards (R.Gary).,1,10,DAL 40,60,0,Houston Texans,Dallas Cowboys,0,0,64.6,35.4,316.0,62.0,378.0,278.0,75.0,353.0,game,Total,,,54.5,,,—,—,,0.0,,hit,,,,—,,
2026-10-04T20:01:41.654341+00:00,nfl,2026,4,401872967,401872967101,1,14:11,D.Montgomery right end to DAL 38 for 2 yards (R.Gary).,1,10,DAL 40,60,0,Houston Texans,Dallas Cowboys,0,0,64.6,35.4,316.0,62.0,378.0,278.0,75.0,353.0,game,ML,Dallas Cowboys,,,polymarket,127.0,—,—,,Loss,,miss,,,,—,,
2026-10-04T20:01:41.654341+00:00,nfl,2026,4,401872967,401872967101,1,14:11,D.Montgomery right end to DAL 38 for 2 yards (R.Gary).,1,10,DAL 40,60,0,Houston Texans,Dallas Cowboys,0,0,64.6,35.4,316.0,62.0,378.0,278.0,75.0,353.0,game,ML,Houston Texans,,,stn,-120.0,—,—,,Loss,,miss,,,,—,,
2026-10-04T20:01:41.654341+00:00,nfl,2026,4,401872967,401872967124,1,13:29,C.Stroud scrambles right end pushed ob at DAL 29 for 9 yards (D.Winters).,2,8,DAL 38,62,0,Houston Texans,Dallas Cowboys,0,0,64.6,35.4,316.0,62.0,378.0,278.0,75.0,353.0,game,Spread,Dallas Cowboys,,2.5,novig,100.0,—,—,,0,,hit,,,,—,,
2026-10-04T20:01:41.654341+00:00,nfl,2026,4,401872967,401872967124,1,13:29,C.Stroud scrambles right end pushed ob at DAL 29 for 9 yards (D.Winters).,2,8,DAL 38,62,0,Houston Texans,Dallas Cowboys,0,0,64.6,35.4,316.0,62.0,378.0,278.0,75.0,353.0,game,Spread,Houston Texans,,-2.5,kalshi,-118.0,—,—,,0,,miss,,,,—,,
2026-10-04T20:01:41.654341+00:00,nfl,2026,4,401872967,401872967124,1,13:29,C.Stroud scrambles right end pushed ob at DAL 29 for 9 yards (D.Winters).,2,8,DAL 38,62,0,Houston Texans,Dallas Cowboys,0,0,64.6,35.4,316.0,62.0,378.0,278.0,75.0,353.0,game,Total,Over,,54.5,betfair,-119.0,—,—,,0.0,,miss,,,,—,,
2026-10-04T20:01:41.654341+00:00,nfl,2026,4,401872967,401872967124,1,13:29,C.Stroud scrambles right end pushed ob at DAL 29 for 9 yards (D.Winters).,2,8,DAL 38,62,0,Houston Texans,Dallas Cowboys,0,0,64.6,35.4,316.0,62.0,378.0,278.0,75.0,353.0,game,Total,,,54.5,,,—,—,,0.0,,hit,,,,—,,
2026-10-04T20:01:41.654341+00:00,nfl,2026,4,401872967,401872967124,1,13:29,C.Stroud scrambles right end pushed ob at DAL 29 for 9 yards (D.Winters).,2,8,DAL 38,62,0,Houston Texans,Dallas Cowboys,0,0,64.6,35.4,316.0,62.0,378.0,278.0,75.0,353.0,game,ML,Dallas Cowboys,,,polymarket,127.0,—,—,,Loss,,miss,,,,—,,
2026-10-04T20:01:41.654341+00:00,nfl,2026,4,401872967,401872967124,1,13:29,C.Stroud scrambles right end pushed ob at DAL 29 for 9 yards (D.Winters).,2,8,DAL 38,62,0,Houston Texans,Dallas Cowboys,0,0,64.6,35.4,316.0,62.0,378.0,278.0,75.0,353.0,game,ML,Houston Texans,,,stn,-120.0,—,—,,Loss,,miss,,,,—,,
2026-10-04T20:01:41.654341+00:00,nfl,2026,4,401872967,401872967151,1,12:52,D.Montgomery right guard to DAL 27 for 2 yards (O.Ogbonnia; L.Overton).,1,10,DAL 29,71,0,Houston Texans,Dallas Cowboys,0,0,64.6,35.4,316.0,62.0,378.0,278.0,75.0,353.0,game,Spread,Dallas Cowboys,,2.5,novig,100.0,—,—,,0,,hit,,,,—,,
2026-10-04T20:01:41.654341+00:00,nfl,2026,4,401872967,401872967151,1,12:52,D.Montgomery right guard to DAL 27 for 2 yards (O.Ogbonnia; L.Overton).,1,10,DAL 29,71,0,Houston Texans,Dallas Cowboys,0,0,64.6,35.4,316.0,62.0,378.0,278.0,75.0,353.0,game,Spread,Houston Texans,,-2.5,kalshi,-118.0,—,—,,0,,miss,,,,—,,
2026-10-04T20:01:41.654341+00:00,nfl,2026,4,401872967,401872967151,1,12:52,D.Montgomery right guard to DAL 27 for 2 yards (O.Ogbonnia; L.Overton).,1,10,DAL 29,71,0,Houston Texans,Dallas Cowboys,0,0,64.6,35.4,316.0,62.0,378.0,278.0,75.0,353.0,game,Total,Over,,54.5,betfair,-119.0,—,—,,0.0,,miss,,,,—,,
2026-10-04T20:01:41.654341+00:00,nfl,2026,4,401872967,401872967151,1,12:52,D.Montgomery right guard to DAL 27 for 2 yards (O.Ogbonnia; L.Overton).,1,10,DAL 29,71,0,Houston Texans,Dallas Cowboys,0,0,64.6,35.4,316.0,62.0,378.0,278.0,75.0,353.0,game,Total,,,54.5,,,—,—,,0.0,,hit,,,,—,,
2026-10-04T20:01:41.654341+00:00,nfl,2026,4,401872967,401872967151,1,12:52,D.Montgomery right guard to DAL 27 for 2 yards (O.Ogbonnia; L.Overton).,1,10,DAL 29,71,0,Houston Texans,Dallas Cowboys,0,0,64.6,35.4,316.0,62.0,378.0,278.0,75.0,353.0,game,ML,Dallas Cowboys,,,polymarket,127.0,—,—,,Loss,,miss,,,,—,,
2026-10-04T20:01:41.654341+00:00,nfl,2026,4,401872967,401872967151,1,12:52,D.Montgomery right guard to DAL 27 for 2 yards (O.Ogbonnia; L.Overton).,1,10,DAL 29,71,0,Houston Texans,Dallas Cowboys,0,0,64.6,35.4,316.0,62.0,378.0,278.0,75.0,353.0,game,ML,Houston Texans,,,stn,-120.0,—,—,,Loss,,miss,,,,—,,
2026-10-04T20:01:41.654341+00:00,nfl,2026,4,401872967,401872967173,1,12:13,C.Stroud pass short left to B.Jordan ran ob at DAL 14 for 13 yards (M.Hooker).,2,8,DAL 27,73,0,Houston Texans,Dallas Cowboys,0,0,64.6,35.4,316.0,62.0,378.0,278.0,75.0,353.0,game,Spread,Dallas Cowboys,,2.5,novig,100.0,—,—,,0,,hit,,,,—,,
2026-10-04T20:01:41.654341+00:00,nfl,2026,4,401872967,401872967173,1,12:13,C.Stroud pass short left to B.Jordan ran ob at DAL 14 for 13 yards (M.Hooker).,2,8,DAL 27,73,0,Houston Texans,Dallas Cowboys,0,0,64.6,35.4,316.0,62.0,378.0,278.0,75.0,353.0,game,Spread,Houston Texans,,-2.5,kalshi,-118.0,—,—,,0,,miss,,,,—,,
2026-10-04T20:01:41.654341+00:00,nfl,2026,4,401872967,401872967173,1,12:13,C.Stroud pass short left to B.Jordan ran ob at DAL 14 for 13 yards (M.Hooker).,2,8,DAL 27,73,0,Houston Texans,Dallas Cowboys,0,0,64.6,35.4,316.0,62.0,378.0,278.0,75.0,353.0,game,Total,Over,,54.5,betfair,-119.0,—,—,,0.0,,miss,,,,—,,
2026-10-04T20:01:41.654341+00:00,nfl,2026,4,401872967,401872967173,1,12:13,C.Stroud pass short left to B.Jordan ran ob at DAL 14 for 13 yards (M.Hooker).,2,8,DAL 27,73,0,Houston Texans,Dallas Cowboys,0,0,64.6,35.4,316.0,62.0,378.0,278.0,75.0,353.0,game,Total,,,54.5,,,—,—,,0.0,,hit,,,,—,,
2026-10-04T20:01:41.654341+00:00,nfl,2026,4,401872967,401872967173,1,12:13,C.Stroud pass short left to B.Jordan ran ob at DAL 14 for 13 yards (M.Hooker).,2,8,DAL 27,73,0,Houston Texans,Dallas Cowboys,0,0,64.6,35.4,316.0,62.0,378.0,278.0,75.0,353.0,game,ML,Dallas Cowboys,,,polymarket,127.0,—,—,,Loss,,miss,,,,—,,
2026-10-04T20:01:41.654341+00:00,nfl,2026,4,401872967,401872967173,1,12:13,C.Stroud pass short left to B.Jordan ran ob at DAL 14 for 13 yards (M.Hooker).,2,8,DAL 27,73,0,Houston Texans,Dallas Cowboys,0,0,64.6,35.4,316.0,62.0,378.0,278.0,75.0,353.0,game,ML,Houston Texans,,,stn,-120.0,—,—,,Loss,,miss,,,,—,,
2026-10-04T20:01:41.654341+00:00,nfl,2026,4,401872967,401872967203,1,11:34,C.Stroud pass short left to D.Schultz to DAL 7 for 7 yards (C.Downs).,1,10,DAL 14,86,0,Houston Texans,Dallas Cowboys,0,0,64.6,35.4,316.0,62.0,378.0,278.0,75.0,353.0,game,Spread,Dallas Cowboys,,2.5,novig,100.0,—,—,,0,,hit,,,,—,,
2026-10-04T20:01:41.654341+00:00,nfl,2026,4,401872967,401872967203,1,11:34,C.Stroud pass short left to D.Schultz to DAL 7 for 7 yards (C.Downs).,1,10,DAL 14,86,0,Houston Texans,Dallas Cowboys,0,0,64.6,35.4,316.0,62.0,378.0,278.0,75.0,353.0,game,Spread,Houston Texans,,-2.5,kalshi,-118.0,—,—,,0,,miss,,,,—,,
2026-10-04T20:01:41.654341+00:00,nfl,2026,4,401872967,401872967203,1,11:34,C.Stroud pass short left to D.Schultz to DAL 7 for 7 yards (C.Downs).,1,10,DAL 14,86,0,Houston Texans,Dallas Cowboys,0,0,64.6,35.4,316.0,62.0,378.0,278.0,75.0,353.0,game,Total,Over,,54.5,betfair,-119.0,—,—,,0.0,,miss,,,,—,,
2026-10-04T20:01:41.654341+00:00,nfl,2026,4,401872967,401872967203,1,11:34,C.Stroud pass short left to D.Schultz to DAL 7 for 7 yards (C.Downs).,1,10,DAL 14,86,0,Houston Texans,Dallas Cowboys,0,0,64.6,35.4,316.0,62.0,378.0,278.0,75.0,353.0,game,Total,,,54.5,,,—,—,,0.0,,hit,,,,—,,
2026-10-04T20:01:41.654341+00:00,nfl,2026,4,401872967,401872967203,1,11:34,C.Stroud pass short left to D.Schultz to DAL 7 for 7 yards (C.Downs).,1,10,DAL 14,86,0,Houston Texans,Dallas Cowboys,0,0,64.6,35.4,316.0,62.0,378.0,278.0,75.0,353.0,game,ML,Dallas Cowboys,,,polymarket,127.0,—,—,,Loss,,miss,,,,—,,
2026-10-04T20:01:41.654341+00:00,nfl,2026,4,401872967,401872967203,1,11:34,C.Stroud pass short left to D.Schultz to DAL 7 for 7 yards (C.Downs).,1,10,DAL 14,86,0,Houston Texans,Dallas Cowboys,0,0,64.6,35.4,316.0,62.0,378.0,278.0,75.0,353.0,game,ML,Houston Texans,,,stn,-120.0,—,—,,Loss,,miss,,,,—,,
2026-10-04T20:01:41.654341+00:00,nfl,2026,4,401872967,401872967228,1,10:50,(Shotgun) D.Montgomery up the middle to DAL 7 for no gain (K.Clark; Q.Williams).,2,3,DAL 7,93,0,Houston Texans,Dallas Cowboys,0,0,64.6,35.4,316.0,62.0,378.0,278.0,75.0,353.0,game,Spread,Dallas Cowboys,,2.5,novig,100.0,—,—,,0,,hit,,,,—,,
2026-10-04T20:01:41.654341+00:00,nfl,2026,4,401872967,401872967228,1,10:50,(Shotgun) D.Montgomery up the middle to DAL 7 for no gain (K.Clark; Q.Williams).,2,3,DAL 7,93,0,Houston Texans,Dallas Cowboys,0,0,64.6,35.4,316.0,62.0,378.0,278.0,75.0,353.0,game,Spread,Houston Texans,,-2.5,kalshi,-118.0,—,—,,0,,miss,,,,—,,
2026-10-04T20:01:41.654341+00:00,nfl,2026,4,401872967,401872967228,1,10:50,(Shotgun) D.Montgomery up the middle to DAL 7 for no gain (K.Clark; Q.Williams).,2,3,DAL 7,93,0,Houston Texans,Dallas Cowboys,0,0,64.6,35.4,316.0,62.0,378.0,278.0,75.0,353.0,game,Total,Over,,54.5,betfair,-119.0,—,—,,0.0,,miss,,,,—,,
2026-10-04T20:01:41.654341+00:00,nfl,2026,4,401872967,401872967228,1,10:50,(Shotgun) D.Montgomery up the middle to DAL 7 for no gain (K.Clark; Q.Williams).,2,3,DAL 7,93,0,Houston Texans,Dallas Cowboys,0,0,64.6,35.4,316.0,62.0,378.0,278.0,75.0,353.0,game,Total,,,54.5,,,—,—,,0.0,,hit,,,,—,,
2026-10-04T20:01:41.654341+00:00,nfl,2026,4,401872967,401872967228,1,10:50,(Shotgun) D.Montgomery up the middle to DAL 7 for no gain (K.Clark; Q.Williams).,2,3,DAL 7,93,0,Houston Texans,Dallas Cowboys,0,0,64.6,35.4,316.0,62.0,378.0,278.0,75.0,353.0,game,ML,Dallas Cowboys,,,polymarket,127.0,—,—,,Loss,,miss,,,,—,,
2026-10-04T20:01:41.654341+00:00,nfl,2026,4,401872967,401872967228,1,10:50,(Shotgun) D.Montgomery up the middle to DAL 7 for no gain (K.Clark; Q.Williams).,2,3,DAL 7,93,0,Houston Texans,Dallas Cowboys,0,0,64.6,35.4,316.0,62.0,378.0,278.0,75.0,353.0,game,ML,Houston Texans,,,stn,-120.0,—,—,,Loss,,miss,,,,—,,
2026-10-04T20:01:41.654341+00:00,nfl,2026,4,401872967,401872967284,1,10:01,Official Timeout at 10:01.,-1,10,DAL 15,85,7,Houston Texans,Dallas Cowboys,7,0,64.6,35.4,316.0,62.0,378.0,278.0,75.0,353.0,game,Spread,Dallas Cowboys,,2.5,novig,100.0,—,—,,+7,,miss,,,,—,,
2026-10-04T20:01:41.654341+00:00,nfl,2026,4,401872967,401872967284,1,10:01,Official Timeout at 10:01.,-1,10,DAL 15,85,7,Houston Texans,Dallas Cowboys,7,0,64.6,35.4,316.0,62.0,378.0,278.0,75.0,353.0,game,Spread,Houston Texans,,-2.5,kalshi,-118.0,—,—,,+7,,hit,,,,—,,
2026-10-04T20:01:41.654341+00:00,nfl,2026,4,401872967,401872967284,1,10:01,Official Timeout at 10:01.,-1,10,DAL 15,85,7,Houston Texans,Dallas Cowboys,7,0,64.6,35.4,316.0,62.0,378.0,278.0,75.0,353.0,game,Total,Over,,54.5,betfair,-119.0,—,—,,7.0,,miss,,,,—,,
2026-10-04T20:01:41.654341+00:00,nfl,2026,4,401872967,401872967284,1,10:01,Official Timeout at 10:01.,-1,10,DAL 15,85,7,Houston Texans,Dallas Cowboys,7,0,64.6,35.4,316.0,62.0,378.0,278.0,75.0,353.0,game,Total,,,54.5,,,—,—,,7.0,,hit,,,,—,,
2026-10-04T20:01:41.654341+00:00,nfl,2026,4,401872967,401872967284,1,10:01,Official Timeout at 10:01.,-1,10,DAL 15,85,7,Houston Texans,Dallas Cowboys,7,0,64.6,35.4,316.0,62.0,378.0,278.0,75.0,353.0,game,ML,Dallas Cowboys,,,polymarket,127.0,—,—,,Loss,,miss,,,,—,,
2026-10-04T20:01:41.654341+00:00,nfl,2026,4,401872967,401872967284,1,10:01,Official Timeout at 10:01.,-1,10,DAL 15,85,7,Houston Texans,Dallas Cowboys,7,0,64.6,35.4,316.0,62.0,378.0,278.0,75.0,353.0,game,ML,Houston Texans,,,stn,-120.0,—,—,,Win,,hit,,,,—,,
2026-10-04T20:01:41.654341+00:00,nfl,2026,4,401872967,401872967250,1,10:01,"(Shotgun) C.Stroud pass short middle to N.Collins for 7 yards, TOUCHDOWN. K.Fairbairn extra point is GOOD, Center-A.Brinkman, Holder-K.Kroeger.",3,3,DAL 7,93,7,Houston Texans,Dallas Cowboys,7,0,64.6,35.4,316.0,62.0,378.0,278.0,75.0,353.0,game,Spread,Dallas Cowboys,,2.5,novig,100.0,—,—,,+7,,miss,,,,—,,
2026-10-04T20:01:41.654341+00:00,nfl,2026,4,401872967,401872967250,1,10:01,"(Shotgun) C.Stroud pass short middle to N.Collins for 7 yards, TOUCHDOWN. K.Fairbairn extra point is GOOD, Center-A.Brinkman, Holder-K.Kroeger.",3,3,DAL 7,93,7,Houston Texans,Dallas Cowboys,7,0,64.6,35.4,316.0,62.0,378.0,278.0,75.0,353.0,game,Spread,Houston Texans,,-2.5,kalshi,-118.0,—,—,,+7,,hit,,,,—,,
2026-10-04T20:01:41.654341+00:00,nfl,2026,4,401872967,401872967250,1,10:01,"(Shotgun) C.Stroud pass short middle to N.Collins for 7 yards, TOUCHDOWN. K.Fairbairn extra point is GOOD, Center-A.Brinkman, Holder-K.Kroeger.",3,3,DAL 7,93,7,Houston Texans,Dallas Cowboys,7,0,64.6,35.4,316.0,62.0,378.0,278.0,75.0,353.0,game,Total,Over,,54.5,betfair,-119.0,—,—,,7.0,,miss,,,,—,,
2026-10-04T20:01:41.654341+00:00,nfl,2026,4,401872967,401872967250,1,10:01,"(Shotgun) C.Stroud pass short middle to N.Collins for 7 yards, TOUCHDOWN. K.Fairbairn extra point is GOOD, Center-A.Brinkman, Holder-K.Kroeger.",3,3,DAL 7,93,7,Houston Texans,Dallas Cowboys,7,0,64.6,35.4,316.0,62.0,378.0,278.0,75.0,353.0,game,Total,,,54.5,,,—,—,,7.0,,hit,,,,—,,
2026-10-04T20:01:41.654341+00:00,nfl,2026,4,401872967,401872967250,1,10:01,"(Shotgun) C.Stroud pass short middle to N.Collins for 7 yards, TOUCHDOWN. K.Fairbairn extra point is GOOD, Center-A.Brinkman, Holder-K.Kroeger.",3,3,DAL 7,93,7,Houston Texans,Dallas Cowboys,7,0,64.6,35.4,316.0,62.0,378.0,278.0,75.0,353.0,game,ML,Dallas Cowboys,,,polymarket,127.0,—,—,,Loss,,miss,,,,—,,
2026-10-04T20:01:41.654341+00:00,nfl,2026,4,401872967,401872967250,1,10:01,"(Shotgun) C.Stroud pass short middle to N.Collins for 7 yards, TOUCHDOWN. K.Fairbairn extra point is GOOD, Center-A.Brinkman, Holder-K.Kroeger.",3,3,DAL 7,93,7,Houston Texans,Dallas Cowboys,7,0,64.6,35.4,316.0,62.0,378.0,278.0,75.0,353.0,game,ML,Houston Texans,,,stn,-120.0,—,—,,Win,,hit,,,,—,,
2026-10-04T20:01:41.654341+00:00,nfl,2026,4,401872967,401872967291,1,10:01,"K.Fairbairn kicks 65 yards from HST 35 to end zone, Touchback to the DAL 35.",1,10,HOU 46,35,7,Houston Texans,Dallas Cowboys,7,0,64.6,35.4,316.0,62.0,378.0,278.0,75.0,353.0,game,Spread,Dallas Cowboys,,2.5,novig,100.0,—,—,,+7,,miss,,,,—,,
2026-10-04T20:01:41.654341+00:00,nfl,2026,4,401872967,401872967291,1,10:01,"K.Fairbairn kicks 65 yards from HST 35 to end zone, Touchback to the DAL 35.",1,10,HOU 46,35,7,Houston Texans,Dallas Cowboys,7,0,64.6,35.4,316.0,62.0,378.0,278.0,75.0,353.0,game,Spread,Houston Texans,,-2.5,kalshi,-118.0,—,—,,+7,,hit,,,,—,,
2026-10-04T20:01:41.654341+00:00,nfl,2026,4,401872967,401872967291,1,10:01,"K.Fairbairn kicks 65 yards from HST 35 to end zone, Touchback to the DAL 35.",1,10,HOU 46,35,7,Houston Texans,Dallas Cowboys,7,0,64.6,35.4,316.0,62.0,378.0,278.0,75.0,353.0,game,Total,Over,,54.5,betfair,-119.0,—,—,,7.0,,miss,,,,—,,
2026-10-04T20:01:41.654341+00:00,nfl,2026,4,401872967,401872967291,1,10:01,"K.Fairbairn kicks 65 yards from HST 35 to end zone, Touchback to the DAL 35.",1,10,HOU 46,35,7,Houston Texans,Dallas Cowboys,7,0,64.6,35.4,316.0,62.0,378.0,278.0,75.0,353.0,game,Total,,,54.5,,,—,—,,7.0,,hit,,,,—,,
2026-10-04T20:01:41.654341+00:00,nfl,2026,4,401872967,401872967291,1,10:01,"K.Fairbairn kicks 65 yards from HST 35 to end zone, Touchback to the DAL 35.",1,10,HOU 46,35,7,Houston Texans,Dallas Cowboys,7,0,64.6,35.4,316.0,62.0,378.0,278.0,75.0,353.0,game,ML,Dallas Cowboys,,,polymarket,127.0,—,—,,Loss,,miss,,,,—,,
2026-10-04T20:01:41.654341+00:00,nfl,2026,4,401872967,401872967291,1,10:01,"K.Fairbairn kicks 65 yards from HST 35 to end zone, Touchback to the DAL 35.",1,10,HOU 46,35,7,Houston Texans,Dallas Cowboys,7,0,64.6,35.4,316.0,62.0,378.0,278.0,75.0,353.0,game,ML,Houston Texans,,,stn,-120.0,—,—,,Win,,hit,,,,—,,
2026-10-04T20:01:41.654341+00:00,nfl,2026,4,401872967,401872967315,1,10:01,(Shotgun) D.Prescott scrambles up the middle to DAL 41 for 6 yards (K.Murray; J.Pitre).,1,10,DAL 35,65,7,Houston Texans,Dallas Cowboys,7,0,64.6,35.4,316.0,62.0,378.0,278.0,75.0,353.0,game,Spread,Dallas Cowboys,,2.5,novig,100.0,—,—,,+7,,miss,,,,—,,
2026-10-04T20:01:41.654341+00:00,nfl,2026,4,401872967,401872967315,1,10:01,(Shotgun) D.Prescott scrambles up the middle to DAL 41 for 6 yards (K.Murray; J.Pitre).,1,10,DAL 35,65,7,Houston Texans,Dallas Cowboys,7,0,64.6,35.4,316.0,62.0,378.0,278.0,75.0,353.0,game,Spread,Houston Texans,,-2.5,kalshi,-118.0,—,—,,+7,,hit,,,,—,,
2026-10-04T20:01:41.654341+00:00,nfl,2026,4,401872967,401872967315,1,10:01,(Shotgun) D.Prescott scrambles up the middle to DAL 41 for 6 yards (K.Murray; J.Pitre).,1,10,DAL 35,65,7,Houston Texans,Dallas Cowboys,7,0,64.6,35.4,316.0,62.0,378.0,278.0,75.0,353.0,game,Total,Over,,54.5,betfair,-119.0,—,—,,7.0,,miss,,,,—,,
2026-10-04T20:01:41.654341+00:00,nfl,2026,4,401872967,401872967315,1,10:01,(Shotgun) D.Prescott scrambles up the middle to DAL 41 for 6 yards (K.Murray; J.Pitre).,1,10,DAL 35,65,7,Houston Texans,Dallas Cowboys,7,0,64.6,35.4,316.0,62.0,378.0,278.0,75.0,353.0,game,Total,,,54.5,,,—,—,,7.0,,hit,,,,—,,
2026-10-04T20:01:41.654341+00:00,nfl,2026,4,401872967,401872967315,1,10:01,(Shotgun) D.Prescott scrambles up the middle to DAL 41 for 6 yards (K.Murray; J.Pitre).,1,10,DAL 35,65,7,Houston Texans,Dallas Cowboys,7,0,64.6,35.4,316.0,62.0,378.0,278.0,75.0,353.0,game,ML,Dallas Cowboys,,,polymarket,127.0,—,—,,Loss,,miss,,,,—,,
2026-10-04T20:01:41.654341+00:00,nfl,2026,4,401872967,401872967315,1,10:01,(Shotgun) D.Prescott scrambles up the middle to DAL 41 for 6 yards (K.Murray; J.Pitre).,1,10,DAL 35,65,7,Houston Texans,Dallas Cowboys,7,0,64.6,35.4,316.0,62.0,378.0,278.0,75.0,353.0,game,ML,Houston Texans,,,stn,-120.0,—,—,,Win,,hit,,,,—,,
2026-10-04T20:01:41.654341+00:00,nfl,2026,4,401872967,401872967337,1,9:20,J.Williams up the middle to DAL 43 for 2 yards (W.Anderson).,2,4,DAL 41,59,7,Houston Texans,Dallas Cowboys,7,0,64.6,35.4,316.0,62.0,378.0,278.0,75.0,353.0,game,Spread,Dallas Cowboys,,2.5,novig,100.0,—,—,,+7,,miss,,,,—,,
2026-10-04T20:01:41.654341+00:00,nfl,2026,4,401872967,401872967337,1,9:20,J.Williams up the middle to DAL 43 for 2 yards (W.Anderson).,2,4,DAL 41,59,7,Houston Texans,Dallas Cowboys,7,0,64.6,35.4,316.0,62.0,378.0,278.0,75.0,353.0,game,Spread,Houston Texans,,-2.5,kalshi,-118.0,—,—,,+7,,hit,,,,—,,
2026-10-04T20:01:41.654341+00:00,nfl,2026,4,401872967,401872967337,1,9:20,J.Williams up the middle to DAL 43 for 2 yards (W.Anderson).,2,4,DAL 41,59,7,Houston Texans,Dallas Cowboys,7,0,64.6,35.4,316.0,62.0,378.0,278.0,75.0,353.0,game,Total,Over,,54.5,betfair,-119.0,—,—,,7.0,,miss,,,,—,,
2026-10-04T20:01:41.654341+00:00,nfl,2026,4,401872967,401872967337,1,9:20,J.Williams up the middle to DAL 43 for 2 yards (W.Anderson).,2,4,DAL 41,59,7,Houston Texans,Dallas Cowboys,7,0,64.6,35.4,316.0,62.0,378.0,278.0,75.0,353.0,game,Total,,,54.5,,,—,—,,7.0,,hit,,,,—,,
2026-10-04T20:01:41.654341+00:00,nfl,2026,4,401872967,401872967337,1,9:20,J.Williams up the middle to DAL 43 for 2 yards (W.Anderson).,2,4,DAL 41,59,7,Houston Texans,Dallas Cowboys,7,0,64.6,35.4,316.0,62.0,378.0,278.0,75.0,353.0,game,ML,Dallas Cowboys,,,polymarket,127.0,—,—,,Loss,,miss,,,,—,,
2026-10-04T20:01:41.654341+00:00,nfl,2026,4,401872967,401872967337,1,9:20,J.Williams up the middle to DAL 43 for 2 yards (W.Anderson).,2,4,DAL 41,59,7,Houston Texans,Dallas Cowboys,7,0,64.6,35.4,316.0,62.0,378.0,278.0,75.0,353.0,game,ML,Houston Texans,,,stn,-120.0,—,—,,Win,,hit,,,,—,,
2026-10-04T20:01:41.654341+00:00,nfl,2026,4,401872967,401872967359,1,8:41,(Shotgun) D.Prescott pass short left to C.Lamb to HST 49 for 8 yards (C.Bullock).,3,2,DAL 43,57,7,Houston Texans,Dallas Cowboys,7,0,64.6,35.4,316.0,62.0,378.0,278.0,75.0,353.0,game,Spread,Dallas Cowboys,,2.5,novig,100.0,—,—,,+7,,miss,,,,—,,
2026-10-04T20:01:41.654341+00:00,nfl,2026,4,401872967,401872967359,1,8:41,(Shotgun) D.Prescott pass short left to C.Lamb to HST 49 for 8 yards (C.Bullock).,3,2,DAL 43,57,7,Houston Texans,Dallas Cowboys,7,0,64.6,35.4,316.0,62.0,378.0,278.0,75.0,353.0,game,Spread,Houston Texans,,-2.5,kalshi,-118.0,—,—,,+7,,hit,,,,—,,
2026-10-04T20:01:41.654341+00:00,nfl,2026,4,401872967,401872967359,1,8:41,(Shotgun) D.Prescott pass short left to C.Lamb to HST 49 for 8 yards (C.Bullock).,3,2,DAL 43,57,7,Houston Texans,Dallas Cowboys,7,0,64.6,35.4,316.0,62.0,378.0,278.0,75.0,353.0,game,Total,Over,,54.5,betfair,-119.0,—,—,,7.0,,miss,,,,—,,
2026-10-04T20:01:41.654341+00:00,nfl,2026,4,401872967,401872967359,1,8:41,(Shotgun) D.Prescott pass short left to C.Lamb to HST 49 for 8 yards (C.Bullock).,3,2,DAL 43,57,7,Houston Texans,Dallas Cowboys,7,0,64.6,35.4,316.0,62.0,378.0,278.0,75.0,353.0,game,Total,,,54.5,,,—,—,,7.0,,hit,,,,—,,
2026-10-04T20:01:41.654341+00:00,nfl,2026,4,401872967,401872967359,1,8:41,(Shotgun) D.Prescott pass short left to C.Lamb to HST 49 for 8 yards (C.Bullock).,3,2,DAL 43,57,7,Houston Texans,Dallas Cowboys,7,0,64.6,35.4,316.0,62.0,378.0,278.0,75.0,353.0,game,ML,Dallas Cowboys,,,polymarket,127.0,—,—,,Loss,,miss,,,,—,,
2026-10-04T20:01:41.654341+00:00,nfl,2026,4,401872967,401872967359,1,8:41,(Shotgun) D.Prescott pass short left to C.Lamb to HST 49 for 8 yards (C.Bullock).,3,2,DAL 43,57,7,Houston Texans,Dallas Cowboys,7,0,64.6,35.4,316.0,62.0,378.0,278.0,75.0,353.0,game,ML,Houston Texans,,,stn,-120.0,—,—,,Win,,hit,,,,—,,
2026-10-04T20:01:41.654341+00:00,nfl,2026,4,401872967,401872967384,1,8:08,(Shotgun) J.Williams right guard to HST 45 for 4 yards (J.Pitre).,1,10,HOU 49,49,7,Houston Texans,Dallas Cowboys,7,0,64.6,35.4,316.0,62.0,378.0,278.0,75.0,353.0,game,Spread,Dallas Cowboys,,2.5,novig,100.0,—,—,,+7,,miss,,,,—,,
2026-10-04T20:01:41.654341+00:00,nfl,2026,4,401872967,401872967384,1,8:08,(Shotgun) J.Williams right guard to HST 45 for 4 yards (J.Pitre).,1,10,HOU 49,49,7,Houston Texans,Dallas Cowboys,7,0,64.6,35.4,316.0,62.0,378.0,278.0,75.0,353.0,game,Spread,Houston Texans,,-2.5,kalshi,-118.0,—,—,,+7,,hit,,,,—,,
2026-10-04T20:01:41.654341+00:00,nfl,2026,4,401872967,401872967384,1,8:08,(Shotgun) J.Williams right guard to HST 45 for 4 yards (J.Pitre).,1,10,HOU 49,49,7,Houston Texans,Dallas Cowboys,7,0,64.6,35.4,316.0,62.0,378.0,278.0,75.0,353.0,game,Total,Over,,54.5,betfair,-119.0,—,—,,7.0,,miss,,,,—,,
2026-10-04T20:01:41.654341+00:00,nfl,2026,4,401872967,401872967384,1,8:08,(Shotgun) J.Williams right guard to HST 45 for 4 yards (J.Pitre).,1,10,HOU 49,49,7,Houston Texans,Dallas Cowboys,7,0,64.6,35.4,316.0,62.0,378.0,278.0,75.0,353.0,game,Total,,,54.5,,,—,—,,7.0,,hit,,,,—,,
2026-10-04T20:01:41.654341+00:00,nfl,2026,4,401872967,401872967384,1,8:08,(Shotgun) J.Williams right guard to HST 45 for 4 yards (J.Pitre).,1,10,HOU 49,49,7,Houston Texans,Dallas Cowboys,7,0,64.6,35.4,316.0,62.0,378.0,278.0,75.0,353.0,game,ML,Dallas Cowboys,,,polymarket,127.0,—,—,,Loss,,miss,,,,—,,
2026-10-04T20:01:41.654341+00:00,nfl,2026,4,401872967,401872967384,1,8:08,(Shotgun) J.Williams right guard to HST 45 for 4 yards (J.Pitre).,1,10,HOU 49,49,7,Houston Texans,Dallas Cowboys,7,0,64.6,35.4,316.0,62.0,378.0,278.0,75.0,353.0,game,ML,Houston Texans,,,stn,-120.0,—,—,,Win,,hit,,,,—,,
2026-10-04T20:01:41.654341+00:00,nfl,2026,4,401872967,401872967406,1,7:29,D.Prescott pass incomplete short right to J.Mingo.,2,6,HOU 45,45,7,Houston Texans,Dallas Cowboys,7,0,64.6,35.4,316.0,62.0,378.0,278.0,75.0,353.0,game,Spread,Dallas Cowboys,,2.5,novig,100.0,—,—,,+7,,miss,,,,—,,
2026-10-04T20:01:41.654341+00:00,nfl,2026,4,401872967,401872967406,1,7:29,D.Prescott pass incomplete short right to J.Mingo.,2,6,HOU 45,45,7,Houston Texans,Dallas Cowboys,7,0,64.6,35.4,316.0,62.0,378.0,278.0,75.0,353.0,game,Spread,Houston Texans,,-2.5,kalshi,-118.0,—,—,,+7,,hit,,,,—,,
2026-10-04T20:01:41.654341+00:00,nfl,2026,4,401872967,401872967406,1,7:29,D.Prescott pass incomplete short right to J.Mingo.,2,6,HOU 45,45,7,Houston Texans,Dallas Cowboys,7,0,64.6,35.4,316.0,62.0,378.0,278.0,75.0,353.0,game,Total,Over,,54.5,betfair,-119.0,—,—,,7.0,,miss,,,,—,,
2026-10-04T20:01:41.654341+00:00,nfl,2026,4,401872967,401872967406,1,7:29,D.Prescott pass incomplete short right to J.Mingo.,2,6,HOU 45,45,7,Houston Texans,Dallas Cowboys,7,0,64.6,35.4,316.0,62.0,378.0,278.0,75.0,353.0,game,Total,,,54.5,,,—,—,,7.0,,hit,,,,—,,
2026-10-04T20:01:41.654341+00:00,nfl,2026,4,401872967,401872967406,1,7:29,D.Prescott pass incomplete short right to J.Mingo.,2,6,HOU 45,45,7,Houston Texans,Dallas Cowboys,7,0,64.6,35.4,316.0,62.0,378.0,278.0,75.0,353.0,game,ML,Dallas Cowboys,,,polymarket,127.0,—,—,,Loss,,miss,,,,—,,
2026-10-04T20:01:41.654341+00:00,nfl,2026,4,401872967,401872967406,1,7:29,D.Prescott pass incomplete short right to J.Mingo.,2,6,HOU 45,45,7,Houston Texans,Dallas Cowboys,7,0,64.6,35.4,316.0,62.0,378.0,278.0,75.0,353.0,game,ML,Houston Texans,,,stn,-120.0,—,—,,Win,,hit,,,,—,,
2026-10-04T20:01:41.654341+00:00,nfl,2026,4,401872967,401872967429,1,7:23,(Shotgun) D.Prescott pass short right to R.Flournoy to HST 26 for 19 yards (R.Blankenship).,3,6,HOU 45,45,7,Houston Texans,Dallas Cowboys,7,0,64.6,35.4,316.0,62.0,378.0,278.0,75.0,353.0,game,Spread,Dallas Cowboys,,2.5,novig,100.0,—,—,,+7,,miss,,,,—,,
2026-10-04T20:01:41.654341+00:00,nfl,2026,4,401872967,401872967429,1,7:23,(Shotgun) D.Prescott pass short right to R.Flournoy to HST 26 for 19 yards (R.Blankenship).,3,6,HOU 45,45,7,Houston Texans,Dallas Cowboys,7,0,64.6,35.4,316.0,62.0,378.0,278.0,75.0,353.0,game,Spread,Houston Texans,,-2.5,kalshi,-118.0,—,—,,+7,,hit,,,,—,,
2026-10-04T20:01:41.654341+00:00,nfl,2026,4,401872967,401872967429,1,7:23,(Shotgun) D.Prescott pass short right to R.Flournoy to HST 26 for 19 yards (R.Blankenship).,3,6,HOU 45,45,7,Houston Texans,Dallas Cowboys,7,0,64.6,35.4,316.0,62.0,378.0,278.0,75.0,353.0,game,Total,Over,,54.5,betfair,-119.0,—,—,,7.0,,miss,,,,—,,
2026-10-04T20:01:41.654341+00:00,nfl,2026,4,401872967,401872967429,1,7:23,(Shotgun) D.Prescott pass short right to R.Flournoy to HST 26 for 19 yards (R.Blankenship).,3,6,HOU 45,45,7,Houston Texans,Dallas Cowboys,7,0,64.6,35.4,316.0,62.0,378.0,278.0,75.0,353.0,game,Total,,,54.5,,,—,—,,7.0,,hit,,,,—,,
2026-10-04T20:01:41.654341+00:00,nfl,2026,4,401872967,401872967429,1,7:23,(Shotgun) D.Prescott pass short right to R.Flournoy to HST 26 for 19 yards (R.Blankenship).,3,6,HOU 45,45,7,Houston Texans,Dallas Cowboys,7,0,64.6,35.4,316.0,62.0,378.0,278.0,75.0,353.0,game,ML,Dallas Cowboys,,,polymarket,127.0,—,—,,Loss,,miss,,,,—,,
2026-10-04T20:01:41.654341+00:00,nfl,2026,4,401872967,401872967429,1,7:23,(Shotgun) D.Prescott pass short right to R.Flournoy to HST 26 for 19 yards (R.Blankenship).,3,6,HOU 45,45,7,Houston Texans,Dallas Cowboys,7,0,64.6,35.4,316.0,62.0,378.0,278.0,75.0,353.0,game,ML,Houston Texans,,,stn,-120.0,—,—,,Win,,hit,,,,—,,
2026-10-04T20:01:41.654341+00:00,nfl,2026,4,401872967,401872967454,1,6:40,J.Williams right guard to HST 21 for 5 yards (K.Murray; J.Clowney).,1,10,HOU 26,26,7,Houston Texans,Dallas Cowboys,7,0,64.6,35.4,316.0,62.0,378.0,278.0,75.0,353.0,game,Spread,Dallas Cowboys,,2.5,novig,100.0,—,—,,+7,,miss,,,,—,,
2026-10-04T20:01:41.654341+00:00,nfl,2026,4,401872967,401872967454,1,6:40,J.Williams right guard to HST 21 for 5 yards (K.Murray; J.Clowney).,1,10,HOU 26,26,7,Houston Texans,Dallas Cowboys,7,0,64.6,35.4,316.0,62.0,378.0,278.0,75.0,353.0,game,Spread,Houston Texans,,-2.5,kalshi,-118.0,—,—,,+7,,hit,,,,—,,
2026-10-04T20:01:41.654341+00:00,nfl,2026,4,401872967,401872967454,1,6:40,J.Williams right guard to HST 21 for 5 yards (K.Murray; J.Clowney).,1,10,HOU 26,26,7,Houston Texans,Dallas Cowboys,7,0,64.6,35.4,316.0,62.0,378.0,278.0,75.0,353.0,game,Total,Over,,54.5,betfair,-119.0,—,—,,7.0,,miss,,,,—,,
2026-10-04T20:01:41.654341+00:00,nfl,2026,4,401872967,401872967454,1,6:40,J.Williams right guard to HST 21 for 5 yards (K.Murray; J.Clowney).,1,10,HOU 26,26,7,Houston Texans,Dallas Cowboys,7,0,64.6,35.4,316.0,62.0,378.0,278.0,75.0,353.0,game,Total,,,54.5,,,—,—,,7.0,,hit,,,,—,,
2026-10-04T20:01:41.654341+00:00,nfl,2026,4,401872967,401872967454,1,6:40,J.Williams right guard to HST 21 for 5 yards (K.Murray; J.Clowney).,1,10,HOU 26,26,7,Houston Texans,Dallas Cowboys,7,0,64.6,35.4,316.0,62.0,378.0,278.0,75.0,353.0,game,ML,Dallas Cowboys,,,polymarket,127.0,—,—,,Loss,,miss,,,,—,,
2026-10-04T20:01:41.654341+00:00,nfl,2026,4,401872967,401872967454,1,6:40,J.Williams right guard to HST 21 for 5 yards (K.Murray; J.Clowney).,1,10,HOU 26,26,7,Houston Texans,Dallas Cowboys,7,0,64.6,35.4,316.0,62.0,378.0,278.0,75.0,353.0,game,ML,Houston Texans,,,stn,-120.0,—,—,,Win,,hit,,,,—,,
2026-10-04T20:01:41.654341+00:00,nfl,2026,4,401872967,401872967476,1,6:04,(Shotgun) D.Prescott sacked at HST 21 for 0 yards (sack split by J.Clowney and J.Crumedy).,2,5,HOU 21,21,7,Houston Texans,Dallas Cowboys,7,0,64.6,35.4,316.0,62.0,378.0,278.0,75.0,353.0,game,Spread,Dallas Cowboys,,2.5,novig,100.0,—,—,,+7,,miss,,,,—,,
2026-10-04T20:01:41.654341+00:00,nfl,2026,4,401872967,401872967476,1,6:04,(Shotgun) D.Prescott sacked at HST 21 for 0 yards (sack split by J.Clowney and J.Crumedy).,2,5,HOU 21,21,7,Houston Texans,Dallas Cowboys,7,0,64.6,35.4,316.0,62.0,378.0,278.0,75.0,353.0,game,Spread,Houston Texans,,-2.5,kalshi,-118.0,—,—,,+7,,hit,,,,—,,
2026-10-04T20:01:41.654341+00:00,nfl,2026,4,401872967,401872967476,1,6:04,(Shotgun) D.Prescott sacked at HST 21 for 0 yards (sack split by J.Clowney and J.Crumedy).,2,5,HOU 21,21,7,Houston Texans,Dallas Cowboys,7,0,64.6,35.4,316.0,62.0,378.0,278.0,75.0,353.0,game,Total,Over,,54.5,betfair,-119.0,—,—,,7.0,,miss,,,,—,,
2026-10-04T20:01:41.654341+00:00,nfl,2026,4,401872967,401872967476,1,6:04,(Shotgun) D.Prescott sacked at HST 21 for 0 yards (sack split by J.Clowney and J.Crumedy).,2,5,HOU 21,21,7,Houston Texans,Dallas Cowboys,7,0,64.6,35.4,316.0,62.0,378.0,278.0,75.0,353.0,game,Total,,,54.5,,,—,—,,7.0,,hit,,,,—,,
2026-10-04T20:01:41.654341+00:00,nfl,2026,4,401872967,401872967476,1,6:04,(Shotgun) D.Prescott sacked at HST 21 for 0 yards (sack split by J.Clowney and J.Crumedy).,2,5,HOU 21,21,7,Houston Texans,Dallas Cowboys,7,0,64.6,35.4,316.0,62.0,378.0,278.0,75.0,353.0,game,ML,Dallas Cowboys,,,polymarket,127.0,—,—,,Loss,,miss,,,,—,,
2026-10-04T20:01:41.654341+00:00,nfl,2026,4,401872967,401872967476,1,6:04,(Shotgun) D.Prescott sacked at HST 21 for 0 yards (sack split by J.Clowney and J.Crumedy).,2,5,HOU 21,21,7,Houston Texans,Dallas Cowboys,7,0,64.6,35.4,316.0,62.0,378.0,278.0,75.0,353.0,game,ML,Houston Texans,,,stn,-120.0,—,—,,Win,,hit,,,,—,,
2026-10-04T20:01:41.654341+00:00,nfl,2026,4,401872967,401872967496,1,5:21,(Shotgun) D.Prescott pass incomplete short right to G.Pickens.,3,5,HOU 21,21,7,Houston Texans,Dallas Cowboys,7,0,64.6,35.4,316.0,62.0,378.0,278.0,75.0,353.0,game,Spread,Dallas Cowboys,,2.5,novig,100.0,—,—,,+7,,miss,,,,—,,
2026-10-04T20:01:41.654341+00:00,nfl,2026,4,401872967,401872967496,1,5:21,(Shotgun) D.Prescott pass incomplete short right to G.Pickens.,3,5,HOU 21,21,7,Houston Texans,Dallas Cowboys,7,0,64.6,35.4,316.0,62.0,378.0,278.0,75.0,353.0,game,Spread,Houston Texans,,-2.5,kalshi,-118.0,—,—,,+7,,hit,,,,—,,
2026-10-04T20:01:41.654341+00:00,nfl,2026,4,401872967,401872967496,1,5:21,(Shotgun) D.Prescott pass incomplete short right to G.Pickens.,3,5,HOU 21,21,7,Houston Texans,Dallas Cowboys,7,0,64.6,35.4,316.0,62.0,378.0,278.0,75.0,353.0,game,Total,Over,,54.5,betfair,-119.0,—,—,,7.0,,miss,,,,—,,
2026-10-04T20:01:41.654341+00:00,nfl,2026,4,401872967,401872967496,1,5:21,(Shotgun) D.Prescott pass incomplete short right to G.Pickens.,3,5,HOU 21,21,7,Houston Texans,Dallas Cowboys,7,0,64.6,35.4,316.0,62.0,378.0,278.0,75.0,353.0,game,Total,,,54.5,,,—,—,,7.0,,hit,,,,—,,
2026-10-04T20:01:41.654341+00:00,nfl,2026,4,401872967,401872967496,1,5:21,(Shotgun) D.Prescott pass incomplete short right to G.Pickens.,3,5,HOU 21,21,7,Houston Texans,Dallas Cowboys,7,0,64.6,35.4,316.0,62.0,378.0,278.0,75.0,353.0,game,ML,Dallas Cowboys,,,polymarket,127.0,—,—,,Loss,,miss,,,,—,,
2026-10-04T20:01:41.654341+00:00,nfl,2026,4,401872967,401872967496,1,5:21,(Shotgun) D.Prescott pass incomplete short right to G.Pickens.,3,5,HOU 21,21,7,Houston Texans,Dallas Cowboys,7,0,64.6,35.4,316.0,62.0,378.0,278.0,75.0,353.0,game,ML,Houston Texans,,,stn,-120.0,—,—,,Win,,hit,,,,—,,
2026-10-04T20:01:41.654341+00:00,nfl,2026,4,401872967,401872967529,1,5:10,Official Timeout at 05:10.,-1,10,DAL 35,65,4,Houston Texans,Dallas Cowboys,7,3,64.6,35.4,316.0,62.0,378.0,278.0,75.0,353.0,game,Spread,Dallas Cowboys,,2.5,novig,100.0,—,—,,+4,,miss,,,,—,,
2026-10-04T20:01:41.654341+00:00,nfl,2026,4,401872967,401872967529,1,5:10,Official Timeout at 05:10.,-1,10,DAL 35,65,4,Houston Texans,Dallas Cowboys,7,3,64.6,35.4,316.0,62.0,378.0,278.0,75.0,353.0,game,Spread,Houston Texans,,-2.5,kalshi,-118.0,—,—,,+4,,hit,,,,—,,
2026-10-04T20:01:41.654341+00:00,nfl,2026,4,401872967,401872967529,1,5:10,Official Timeout at 05:10.,-1,10,DAL 35,65,4,Houston Texans,Dallas Cowboys,7,3,64.6,35.4,316.0,62.0,378.0,278.0,75.0,353.0,game,Total,Over,,54.5,betfair,-119.0,—,—,,10.0,,miss,,,,—,,
2026-10-04T20:01:41.654341+00:00,nfl,2026,4,401872967,401872967529,1,5:10,Official Timeout at 05:10.,-1,10,DAL 35,65,4,Houston Texans,Dallas Cowboys,7,3,64.6,35.4,316.0,62.0,378.0,278.0,75.0,353.0,game,Total,,,54.5,,,—,—,,10.0,,hit,,,,—,,
2026-10-04T20:01:41.654341+00:00,nfl,2026,4,401872967,401872967529,1,5:10,Official Timeout at 05:10.,-1,10,DAL 35,65,4,Houston Texans,Dallas Cowboys,7,3,64.6,35.4,316.0,62.0,378.0,278.0,75.0,353.0,game,ML,Dallas Cowboys,,,polymarket,127.0,—,—,,Loss,,miss,,,,—,,
2026-10-04T20:01:41.654341+00:00,nfl,2026,4,401872967,401872967529,1,5:10,Official Timeout at 05:10.,-1,10,DAL 35,65,4,Houston Texans,Dallas Cowboys,7,3,64.6,35.4,316.0,62.0,378.0,278.0,75.0,353.0,game,ML,Houston Texans,,,stn,-120.0,—,—,,Win,,hit,,,,—,,
2026-10-04T20:01:41.654341+00:00,nfl,2026,4,401872967,401872967519,1,5:10," B.Aubrey 39 yard field goal is GOOD, Center-T.Sieg, Holder-B.Anger.",4,5,HOU 21,21,4,Houston Texans,Dallas Cowboys,7,3,64.6,35.4,316.0,62.0,378.0,278.0,75.0,353.0,game,Spread,Dallas Cowboys,,2.5,novig,100.0,—,—,,+4,,miss,,,,—,,
2026-10-04T20:01:41.654341+00:00,nfl,2026,4,401872967,401872967519,1,5:10," B.Aubrey 39 yard field goal is GOOD, Center-T.Sieg, Holder-B.Anger.",4,5,HOU 21,21,4,Houston Texans,Dallas Cowboys,7,3,64.6,35.4,316.0,62.0,378.0,278.0,75.0,353.0,game,Spread,Houston Texans,,-2.5,kalshi,-118.0,—,—,,+4,,hit,,,,—,,
2026-10-04T20:01:41.654341+00:00,nfl,2026,4,401872967,401872967519,1,5:10," B.Aubrey 39 yard field goal is GOOD, Center-T.Sieg, Holder-B.Anger.",4,5,HOU 21,21,4,Houston Texans,Dallas Cowboys,7,3,64.6,35.4,316.0,62.0,378.0,278.0,75.0,353.0,game,Total,Over,,54.5,betfair,-119.0,—,—,,10.0,,miss,,,,—,,
2026-10-04T20:01:41.654341+00:00,nfl,2026,4,401872967,401872967519,1,5:10," B.Aubrey 39 yard field goal is GOOD, Center-T.Sieg, Holder-B.Anger.",4,5,HOU 21,21,4,Houston Texans,Dallas Cowboys,7,3,64.6,35.4,316.0,62.0,378.0,278.0,75.0,353.0,game,Total,,,54.5,,,—,—,,10.0,,hit,,,,—,,
2026-10-04T20:01:41.654341+00:00,nfl,2026,4,401872967,401872967519,1,5:10," B.Aubrey 39 yard field goal is GOOD, Center-T.Sieg, Holder-B.Anger.",4,5,HOU 21,21,4,Houston Texans,Dallas Cowboys,7,3,64.6,35.4,316.0,62.0,378.0,278.0,75.0,353.0,game,ML,Dallas Cowboys,,,polymarket,127.0,—,—,,Loss,,miss,,,,—,,
2026-10-04T20:01:41.654341+00:00,nfl,2026,4,401872967,401872967519,1,5:10," B.Aubrey 39 yard field goal is GOOD, Center-T.Sieg, Holder-B.Anger.",4,5,HOU 21,21,4,Houston Texans,Dallas Cowboys,7,3,64.6,35.4,316.0,62.0,378.0,278.0,75.0,353.0,game,ML,Houston Texans,,,stn,-120.0,—,—,,Win,,hit,,,,—,,
2026-10-04T20:01:41.654341+00:00,nfl,2026,4,401872967,401872967539,1,5:10,"B.Aubrey kicks 64 yards from DAL 35 to HST 1. J.Noel to HST 18 for 17 yards (C.Downs; J.Barron).PENALTY on HST-A.Fisher, Illegal Blindside Block, 7 yards, enforced at HST 15.",1,10,HOU 46,65,4,Houston Texans,Dallas Cowboys,7,3,64.6,35.4,316.0,62.0,378.0,278.0,75.0,353.0,game,Spread,Dallas Cowboys,,2.5,novig,100.0,—,—,,+4,,miss,,,,—,,
2026-10-04T20:01:41.654341+00:00,nfl,2026,4,401872967,401872967539,1,5:10,"B.Aubrey kicks 64 yards from DAL 35 to HST 1. J.Noel to HST 18 for 17 yards (C.Downs; J.Barron).PENALTY on HST-A.Fisher, Illegal Blindside Block, 7 yards, enforced at HST 15.",1,10,HOU 46,65,4,Houston Texans,Dallas Cowboys,7,3,64.6,35.4,316.0,62.0,378.0,278.0,75.0,353.0,game,Spread,Houston Texans,,-2.5,kalshi,-118.0,—,—,,+4,,hit,,,,—,,
2026-10-04T20:01:41.654341+00:00,nfl,2026,4,401872967,401872967539,1,5:10,"B.Aubrey kicks 64 yards from DAL 35 to HST 1. J.Noel to HST 18 for 17 yards (C.Downs; J.Barron).PENALTY on HST-A.Fisher, Illegal Blindside Block, 7 yards, enforced at HST 15.",1,10,HOU 46,65,4,Houston Texans,Dallas Cowboys,7,3,64.6,35.4,316.0,62.0,378.0,278.0,75.0,353.0,game,Total,Over,,54.5,betfair,-119.0,—,—,,10.0,,miss,,,,—,,
2026-10-04T20:01:41.654341+00:00,nfl,2026,4,401872967,401872967539,1,5:10,"B.Aubrey kicks 64 yards from DAL 35 to HST 1. J.Noel to HST 18 for 17 yards (C.Downs; J.Barron).PENALTY on HST-A.Fisher, Illegal Blindside Block, 7 yards, enforced at HST 15.",1,10,HOU 46,65,4,Houston Texans,Dallas Cowboys,7,3,64.6,35.4,316.0,62.0,378.0,278.0,75.0,353.0,game,Total,,,54.5,,,—,—,,10.0,,hit,,,,—,,
2026-10-04T20:01:41.654341+00:00,nfl,2026,4,401872967,401872967539,1,5:10,"B.Aubrey kicks 64 yards from DAL 35 to HST 1. J.Noel to HST 18 for 17 yards (C.Downs; J.Barron).PENALTY on HST-A.Fisher, Illegal Blindside Block, 7 yards, enforced at HST 15.",1,10,HOU 46,65,4,Houston Texans,Dallas Cowboys,7,3,64.6,35.4,316.0,62.0,378.0,278.0,75.0,353.0,game,ML,Dallas Cowboys,,,polymarket,127.0,—,—,,Loss,,miss,,,,—,,
2026-10-04T20:01:41.654341+00:00,nfl,2026,4,401872967,401872967539,1,5:10,"B.Aubrey kicks 64 yards from DAL 35 to HST 1. J.Noel to HST 18 for 17 yards (C.Downs; J.Barron).PENALTY on HST-A.Fisher, Illegal Blindside Block, 7 yards, enforced at HST 15.",1,10,HOU 46,65,4,Houston Texans,Dallas Cowboys,7,3,64.6,35.4,316.0,62.0,378.0,278.0,75.0,353.0,game,ML,Houston Texans,,,stn,-120.0,—,—,,Win,,hit,,,,—,,
2026-10-04T20:01:41.654341+00:00,nfl,2026,4,401872967,401872967580,1,5:06,B.Fisher reported in as eligible.  W.Marks up the middle to HST 17 for 9 yards (C.Downs; M.Hooker).  The ball spot was assisted by replay.,1,10,HOU 8,8,4,Houston Texans,Dallas Cowboys,7,3,64.6,35.4,316.0,62.0,378.0,278.0,75.0,353.0,game,Spread,Dallas Cowboys,,2.5,novig,100.0,—,—,,+4,,miss,,,,—,,
2026-10-04T20:01:41.654341+00:00,nfl,2026,4,401872967,401872967580,1,5:06,B.Fisher reported in as eligible.  W.Marks up the middle to HST 17 for 9 yards (C.Downs; M.Hooker).  The ball spot was assisted by replay.,1,10,HOU 8,8,4,Houston Texans,Dallas Cowboys,7,3,64.6,35.4,316.0,62.0,378.0,278.0,75.0,353.0,game,Spread,Houston Texans,,-2.5,kalshi,-118.0,—,—,,+4,,hit,,,,—,,
2026-10-04T20:01:41.654341+00:00,nfl,2026,4,401872967,401872967580,1,5:06,B.Fisher reported in as eligible.  W.Marks up the middle to HST 17 for 9 yards (C.Downs; M.Hooker).  The ball spot was assisted by replay.,1,10,HOU 8,8,4,Houston Texans,Dallas Cowboys,7,3,64.6,35.4,316.0,62.0,378.0,278.0,75.0,353.0,game,Total,Over,,54.5,betfair,-119.0,—,—,,10.0,,miss,,,,—,,
2026-10-04T20:01:41.654341+00:00,nfl,2026,4,401872967,401872967580,1,5:06,B.Fisher reported in as eligible.  W.Marks up the middle to HST 17 for 9 yards (C.Downs; M.Hooker).  The ball spot was assisted by replay.,1,10,HOU 8,8,4,Houston Texans,Dallas Cowboys,7,3,64.6,35.4,316.0,62.0,378.0,278.0,75.0,353.0,game,Total,,,54.5,,,—,—,,10.0,,hit,,,,—,,
2026-10-04T20:01:41.654341+00:00,nfl,2026,4,401872967,401872967580,1,5:06,B.Fisher reported in as eligible.  W.Marks up the middle to HST 17 for 9 yards (C.Downs; M.Hooker).  The ball spot was assisted by replay.,1,10,HOU 8,8,4,Houston Texans,Dallas Cowboys,7,3,64.6,35.4,316.0,62.0,378.0,278.0,75.0,353.0,game,ML,Dallas Cowboys,,,polymarket,127.0,—,—,,Loss,,miss,,,,—,,
2026-10-04T20:01:41.654341+00:00,nfl,2026,4,401872967,401872967580,1,5:06,B.Fisher reported in as eligible.  W.Marks up the middle to HST 17 for 9 yards (C.Downs; M.Hooker).  The ball spot was assisted by replay.,1,10,HOU 8,8,4,Houston Texans,Dallas Cowboys,7,3,64.6,35.4,316.0,62.0,378.0,278.0,75.0,353.0,game,ML,Houston Texans,,,stn,-120.0,—,—,,Win,,hit,,,,—,,
2026-10-04T20:01:41.654341+00:00,nfl,2026,4,401872967,401872967604,1,4:21,C.Stroud pass deep left to J.Noel pushed ob at DAL 31 for 52 yards (D.Bland).,2,1,HOU 17,17,4,Houston Texans,Dallas Cowboys,7,3,64.6,35.4,316.0,62.0,378.0,278.0,75.0,353.0,game,Spread,Dallas Cowboys,,2.5,novig,100.0,—,—,,+4,,miss,,,,—,,
2026-10-04T20:01:41.654341+00:00,nfl,2026,4,401872967,401872967604,1,4:21,C.Stroud pass deep left to J.Noel pushed ob at DAL 31 for 52 yards (D.Bland).,2,1,HOU 17,17,4,Houston Texans,Dallas Cowboys,7,3,64.6,35.4,316.0,62.0,378.0,278.0,75.0,353.0,game,Spread,Houston Texans,,-2.5,kalshi,-118.0,—,—,,+4,,hit,,,,—,,
2026-10-04T20:01:41.654341+00:00,nfl,2026,4,401872967,401872967604,1,4:21,C.Stroud pass deep left to J.Noel pushed ob at DAL 31 for 52 yards (D.Bland).,2,1,HOU 17,17,4,Houston Texans,Dallas Cowboys,7,3,64.6,35.4,316.0,62.0,378.0,278.0,75.0,353.0,game,Total,Over,,54.5,betfair,-119.0,—,—,,10.0,,miss,,,,—,,
2026-10-04T20:01:41.654341+00:00,nfl,2026,4,401872967,401872967604,1,4:21,C.Stroud pass deep left to J.Noel pushed ob at DAL 31 for 52 yards (D.Bland).,2,1,HOU 17,17,4,Houston Texans,Dallas Cowboys,7,3,64.6,35.4,316.0,62.0,378.0,278.0,75.0,353.0,game,Total,,,54.5,,,—,—,,10.0,,hit,,,,—,,
2026-10-04T20:01:41.654341+00:00,nfl,2026,4,401872967,401872967604,1,4:21,C.Stroud pass deep left to J.Noel pushed ob at DAL 31 for 52 yards (D.Bland).,2,1,HOU 17,17,4,Houston Texans,Dallas Cowboys,7,3,64.6,35.4,316.0,62.0,378.0,278.0,75.0,353.0,game,ML,Dallas Cowboys,,,polymarket,127.0,—,—,,Loss,,miss,,,,—,,
2026-10-04T20:01:41.654341+00:00,nfl,2026,4,401872967,401872967604,1,4:21,C.Stroud pass deep left to J.Noel pushed ob at DAL 31 for 52 yards (D.Bland).,2,1,HOU 17,17,4,Houston Texans,Dallas Cowboys,7,3,64.6,35.4,316.0,62.0,378.0,278.0,75.0,353.0,game,ML,Houston Texans,,,stn,-120.0,—,—,,Win,,hit,,,,—,,
2026-10-04T20:01:41.654341+00:00,nfl,2026,4,401872967,401872967636,1,3:39,"(Shotgun) C.Stroud scrambles right end pushed ob at DAL 28 for 3 yards (R.Steward).PENALTY on HST-W.Marks, Offensive Holding, 10 yards, enforced at DAL 31 - No Play.Penalty on HST-E.Brown, Illegal Use of Hands, declined.",1,10,DAL 31,69,4,Houston Texans,Dallas Cowboys,7,3,64.6,35.4,316.0,62.0,378.0,278.0,75.0,353.0,game,Spread,Dallas Cowboys,,2.5,novig,100.0,—,—,,+4,,miss,,,,—,,
2026-10-04T20:01:41.654341+00:00,nfl,2026,4,401872967,401872967636,1,3:39,"(Shotgun) C.Stroud scrambles right end pushed ob at DAL 28 for 3 yards (R.Steward).PENALTY on HST-W.Marks, Offensive Holding, 10 yards, enforced at DAL 31 - No Play.Penalty on HST-E.Brown, Illegal Use of Hands, declined.",1,10,DAL 31,69,4,Houston Texans,Dallas Cowboys,7,3,64.6,35.4,316.0,62.0,378.0,278.0,75.0,353.0,game,Spread,Houston Texans,,-2.5,kalshi,-118.0,—,—,,+4,,hit,,,,—,,
2026-10-04T20:01:41.654341+00:00,nfl,2026,4,401872967,401872967636,1,3:39,"(Shotgun) C.Stroud scrambles right end pushed ob at DAL 28 for 3 yards (R.Steward).PENALTY on HST-W.Marks, Offensive Holding, 10 yards, enforced at DAL 31 - No Play.Penalty on HST-E.Brown, Illegal Use of Hands, declined.",1,10,DAL 31,69,4,Houston Texans,Dallas Cowboys,7,3,64.6,35.4,316.0,62.0,378.0,278.0,75.0,353.0,game,Total,Over,,54.5,betfair,-119.0,—,—,,10.0,,miss,,,,—,,
2026-10-04T20:01:41.654341+00:00,nfl,2026,4,401872967,401872967636,1,3:39,"(Shotgun) C.Stroud scrambles right end pushed ob at DAL 28 for 3 yards (R.Steward).PENALTY on HST-W.Marks, Offensive Holding, 10 yards, enforced at DAL 31 - No Play.Penalty on HST-E.Brown, Illegal Use of Hands, declined.",1,10,DAL 31,69,4,Houston Texans,Dallas Cowboys,7,3,64.6,35.4,316.0,62.0,378.0,278.0,75.0,353.0,game,Total,,,54.5,,,—,—,,10.0,,hit,,,,—,,
2026-10-04T20:01:41.654341+00:00,nfl,2026,4,401872967,401872967636,1,3:39,"(Shotgun) C.Stroud scrambles right end pushed ob at DAL 28 for 3 yards (R.Steward).PENALTY on HST-W.Marks, Offensive Holding, 10 yards, enforced at DAL 31 - No Play.Penalty on HST-E.Brown, Illegal Use of Hands, declined.",1,10,DAL 31,69,4,Houston Texans,Dallas Cowboys,7,3,64.6,35.4,316.0,62.0,378.0,278.0,75.0,353.0,game,ML,Dallas Cowboys,,,polymarket,127.0,—,—,,Loss,,miss,,,,—,,
2026-10-04T20:01:41.654341+00:00,nfl,2026,4,401872967,401872967636,1,3:39,"(Shotgun) C.Stroud scrambles right end pushed ob at DAL 28 for 3 yards (R.Steward).PENALTY on HST-W.Marks, Offensive Holding, 10 yards, enforced at DAL 31 - No Play.Penalty on HST-E.Brown, Illegal Use of Hands, declined.",1,10,DAL 31,69,4,Houston Texans,Dallas Cowboys,7,3,64.6,35.4,316.0,62.0,378.0,278.0,75.0,353.0,game,ML,Houston Texans,,,stn,-120.0,—,—,,Win,,hit,,,,—,,
2026-10-04T20:01:41.654341+00:00,nfl,2026,4,401872967,401872967674,1,3:16,"(3:16) (Shotgun) C.Stroud pass incomplete short right to W.Marks.
Penalty on HST, Illegal Formation, declined.",1,20,DAL 41,59,4,Houston Texans,Dallas Cowboys,7,3,64.6,35.4,316.0,62.0,378.0,278.0,75.0,353.0,game,Spread,Dallas Cowboys,,2.5,novig,100.0,—,—,,+4,,miss,,,,—,,
2026-10-04T20:01:41.654341+00:00,nfl,2026,4,401872967,401872967674,1,3:16,"(3:16) (Shotgun) C.Stroud pass incomplete short right to W.Marks.
Penalty on HST, Illegal Formation, declined.",1,20,DAL 41,59,4,Houston Texans,Dallas Cowboys,7,3,64.6,35.4,316.0,62.0,378.0,278.0,75.0,353.0,game,Spread,Houston Texans,,-2.5,kalshi,-118.0,—,—,,+4,,hit,,,,—,,
2026-10-04T20:01:41.654341+00:00,nfl,2026,4,401872967,401872967674,1,3:16,"(3:16) (Shotgun) C.Stroud pass incomplete short right to W.Marks.
Penalty on HST, Illegal Formation, declined.",1,20,DAL 41,59,4,Houston Texans,Dallas Cowboys,7,3,64.6,35.4,316.0,62.0,378.0,278.0,75.0,353.0,game,Total,Over,,54.5,betfair,-119.0,—,—,,10.0,,miss,,,,—,,
2026-10-04T20:01:41.654341+00:00,nfl,2026,4,401872967,401872967674,1,3:16,"(3:16) (Shotgun) C.Stroud pass incomplete short right to W.Marks.
Penalty on HST, Illegal Formation, declined.",1,20,DAL 41,59,4,Houston Texans,Dallas Cowboys,7,3,64.6,35.4,316.0,62.0,378.0,278.0,75.0,353.0,game,Total,,,54.5,,,—,—,,10.0,,hit,,,,—,,
2026-10-04T20:01:41.654341+00:00,nfl,2026,4,401872967,401872967674,1,3:16,"(3:16) (Shotgun) C.Stroud pass incomplete short right to W.Marks.
Penalty on HST, Illegal Formation, declined.",1,20,DAL 41,59,4,Houston Texans,Dallas Cowboys,7,3,64.6,35.4,316.0,62.0,378.0,278.0,75.0,353.0,game,ML,Dallas Cowboys,,,polymarket,127.0,—,—,,Loss,,miss,,,,—,,
2026-10-04T20:01:41.654341+00:00,nfl,2026,4,401872967,401872967674,1,3:16,"(3:16) (Shotgun) C.Stroud pass incomplete short right to W.Marks.
Penalty on HST, Illegal Formation, declined.",1,20,DAL 41,59,4,Houston Texans,Dallas Cowboys,7,3,64.6,35.4,316.0,62.0,378.0,278.0,75.0,353.0,game,ML,Houston Texans,,,stn,-120.0,—,—,,Win,,hit,,,,—,,
2026-10-04T20:01:41.654341+00:00,nfl,2026,4,401872967,401872967708,1,3:10,(Shotgun) W.Marks left guard to DAL 38 for 3 yards (D.Ezeiruaku; K.Clark).,2,20,DAL 41,59,4,Houston Texans,Dallas Cowboys,7,3,64.6,35.4,316.0,62.0,378.0,278.0,75.0,353.0,game,Spread,Dallas Cowboys,,2.5,novig,100.0,—,—,,+4,,miss,,,,—,,
2026-10-04T20:01:41.654341+00:00,nfl,2026,4,401872967,401872967708,1,3:10,(Shotgun) W.Marks left guard to DAL 38 for 3 yards (D.Ezeiruaku; K.Clark).,2,20,DAL 41,59,4,Houston Texans,Dallas Cowboys,7,3,64.6,35.4,316.0,62.0,378.0,278.0,75.0,353.0,game,Spread,Houston Texans,,-2.5,kalshi,-118.0,—,—,,+4,,hit,,,,—,,
2026-10-04T20:01:41.654341+00:00,nfl,2026,4,401872967,401872967708,1,3:10,(Shotgun) W.Marks left guard to DAL 38 for 3 yards (D.Ezeiruaku; K.Clark).,2,20,DAL 41,59,4,Houston Texans,Dallas Cowboys,7,3,64.6,35.4,316.0,62.0,378.0,278.0,75.0,353.0,game,Total,Over,,54.5,betfair,-119.0,—,—,,10.0,,miss,,,,—,,
2026-10-04T20:01:41.654341+00:00,nfl,2026,4,401872967,401872967708,1,3:10,(Shotgun) W.Marks left guard to DAL 38 for 3 yards (D.Ezeiruaku; K.Clark).,2,20,DAL 41,59,4,Houston Texans,Dallas Cowboys,7,3,64.6,35.4,316.0,62.0,378.0,278.0,75.0,353.0,game,Total,,,54.5,,,—,—,,10.0,,hit,,,,—,,
2026-10-04T20:01:41.654341+00:00,nfl,2026,4,401872967,401872967708,1,3:10,(Shotgun) W.Marks left guard to DAL 38 for 3 yards (D.Ezeiruaku; K.Clark).,2,20,DAL 41,59,4,Houston Texans,Dallas Cowboys,7,3,64.6,35.4,316.0,62.0,378.0,278.0,75.0,353.0,game,ML,Dallas Cowboys,,,polymarket,127.0,—,—,,Loss,,miss,,,,—,,
2026-10-04T20:01:41.654341+00:00,nfl,2026,4,401872967,401872967708,1,3:10,(Shotgun) W.Marks left guard to DAL 38 for 3 yards (D.Ezeiruaku; K.Clark).,2,20,DAL 41,59,4,Houston Texans,Dallas Cowboys,7,3,64.6,35.4,316.0,62.0,378.0,278.0,75.0,353.0,game,ML,Houston Texans,,,stn,-120.0,—,—,,Win,,hit,,,,—,,
2026-10-04T20:01:41.654341+00:00,nfl,2026,4,401872967,401872967730,1,2:32,(Shotgun) C.Stroud pass short right to N.Collins to DAL 33 for 5 yards (R.Steward).,3,17,DAL 38,62,4,Houston Texans,Dallas Cowboys,7,3,64.6,35.4,316.0,62.0,378.0,278.0,75.0,353.0,game,Spread,Dallas Cowboys,,2.5,novig,100.0,—,—,,+4,,miss,,,,—,,
2026-10-04T20:01:41.654341+00:00,nfl,2026,4,401872967,401872967730,1,2:32,(Shotgun) C.Stroud pass short right to N.Collins to DAL 33 for 5 yards (R.Steward).,3,17,DAL 38,62,4,Houston Texans,Dallas Cowboys,7,3,64.6,35.4,316.0,62.0,378.0,278.0,75.0,353.0,game,Spread,Houston Texans,,-2.5,kalshi,-118.0,—,—,,+4,,hit,,,,—,,
2026-10-04T20:01:41.654341+00:00,nfl,2026,4,401872967,401872967730,1,2:32,(Shotgun) C.Stroud pass short right to N.Collins to DAL 33 for 5 yards (R.Steward).,3,17,DAL 38,62,4,Houston Texans,Dallas Cowboys,7,3,64.6,35.4,316.0,62.0,378.0,278.0,75.0,353.0,game,Total,Over,,54.5,betfair,-119.0,—,—,,10.0,,miss,,,,—,,
2026-10-04T20:01:41.654341+00:00,nfl,2026,4,401872967,401872967730,1,2:32,(Shotgun) C.Stroud pass short right to N.Collins to DAL 33 for 5 yards (R.Steward).,3,17,DAL 38,62,4,Houston Texans,Dallas Cowboys,7,3,64.6,35.4,316.0,62.0,378.0,278.0,75.0,353.0,game,Total,,,54.5,,,—,—,,10.0,,hit,,,,—,,
2026-10-04T20:01:41.654341+00:00,nfl,2026,4,401872967,401872967730,1,2:32,(Shotgun) C.Stroud pass short right to N.Collins to DAL 33 for 5 yards (R.Steward).,3,17,DAL 38,62,4,Houston Texans,Dallas Cowboys,7,3,64.6,35.4,316.0,62.0,378.0,278.0,75.0,353.0,game,ML,Dallas Cowboys,,,polymarket,127.0,—,—,,Loss,,miss,,,,—,,
2026-10-04T20:01:41.654341+00:00,nfl,2026,4,401872967,401872967730,1,2:32,(Shotgun) C.Stroud pass short right to N.Collins to DAL 33 for 5 yards (R.Steward).,3,17,DAL 38,62,4,Houston Texans,Dallas Cowboys,7,3,64.6,35.4,316.0,62.0,378.0,278.0,75.0,353.0,game,ML,Houston Texans,,,stn,-120.0,—,—,,Win,,hit,,,,—,,
2026-10-04T20:01:41.654341+00:00,nfl,2026,4,401872967,401872967765,1,1:49,Official Timeout at 01:49.,-1,10,HOU 35,35,7,Houston Texans,Dallas Cowboys,10,3,64.6,35.4,316.0,62.0,378.0,278.0,75.0,353.0,game,Spread,Dallas Cowboys,,2.5,novig,100.0,—,—,,+7,,miss,,,,—,,
2026-10-04T20:01:41.654341+00:00,nfl,2026,4,401872967,401872967765,1,1:49,Official Timeout at 01:49.,-1,10,HOU 35,35,7,Houston Texans,Dallas Cowboys,10,3,64.6,35.4,316.0,62.0,378.0,278.0,75.0,353.0,game,Spread,Houston Texans,,-2.5,kalshi,-118.0,—,—,,+7,,hit,,,,—,,
2026-10-04T20:01:41.654341+00:00,nfl,2026,4,401872967,401872967765,1,1:49,Official Timeout at 01:49.,-1,10,HOU 35,35,7,Houston Texans,Dallas Cowboys,10,3,64.6,35.4,316.0,62.0,378.0,278.0,75.0,353.0,game,Total,Over,,54.5,betfair,-119.0,—,—,,13.0,,miss,,,,—,,
2026-10-04T20:01:41.654341+00:00,nfl,2026,4,401872967,401872967765,1,1:49,Official Timeout at 01:49.,-1,10,HOU 35,35,7,Houston Texans,Dallas Cowboys,10,3,64.6,35.4,316.0,62.0,378.0,278.0,75.0,353.0,game,Total,,,54.5,,,—,—,,13.0,,hit,,,,—,,
2026-10-04T20:01:41.654341+00:00,nfl,2026,4,401872967,401872967765,1,1:49,Official Timeout at 01:49.,-1,10,HOU 35,35,7,Houston Texans,Dallas Cowboys,10,3,64.6,35.4,316.0,62.0,378.0,278.0,75.0,353.0,game,ML,Dallas Cowboys,,,polymarket,127.0,—,—,,Loss,,miss,,,,—,,
2026-10-04T20:01:41.654341+00:00,nfl,2026,4,401872967,401872967765,1,1:49,Official Timeout at 01:49.,-1,10,HOU 35,35,7,Houston Texans,Dallas Cowboys,10,3,64.6,35.4,316.0,62.0,378.0,278.0,75.0,353.0,game,ML,Houston Texans,,,stn,-120.0,—,—,,Win,,hit,,,,—,,
2026-10-04T20:01:41.654341+00:00,nfl,2026,4,401872967,401872967755,1,1:49," K.Fairbairn 51 yard field goal is GOOD, Center-A.Brinkman, Holder-K.Kroeger.",4,12,DAL 33,67,7,Houston Texans,Dallas Cowboys,10,3,64.6,35.4,316.0,62.0,378.0,278.0,75.0,353.0,game,Spread,Dallas Cowboys,,2.5,novig,100.0,—,—,,+7,,miss,,,,—,,
2026-10-04T20:01:41.654341+00:00,nfl,2026,4,401872967,401872967755,1,1:49," K.Fairbairn 51 yard field goal is GOOD, Center-A.Brinkman, Holder-K.Kroeger.",4,12,DAL 33,67,7,Houston Texans,Dallas Cowboys,10,3,64.6,35.4,316.0,62.0,378.0,278.0,75.0,353.0,game,Spread,Houston Texans,,-2.5,kalshi,-118.0,—,—,,+7,,hit,,,,—,,
2026-10-04T20:01:41.654341+00:00,nfl,2026,4,401872967,401872967755,1,1:49," K.Fairbairn 51 yard field goal is GOOD, Center-A.Brinkman, Holder-K.Kroeger.",4,12,DAL 33,67,7,Houston Texans,Dallas Cowboys,10,3,64.6,35.4,316.0,62.0,378.0,278.0,75.0,353.0,game,Total,Over,,54.5,betfair,-119.0,—,—,,13.0,,miss,,,,—,,
2026-10-04T20:01:41.654341+00:00,nfl,2026,4,401872967,401872967755,1,1:49," K.Fairbairn 51 yard field goal is GOOD, Center-A.Brinkman, Holder-K.Kroeger.",4,12,DAL 33,67,7,Houston Texans,Dallas Cowboys,10,3,64.6,35.4,316.0,62.0,378.0,278.0,75.0,353.0,game,Total,,,54.5,,,—,—,,13.0,,hit,,,,—,,
2026-10-04T20:01:41.654341+00:00,nfl,2026,4,401872967,401872967755,1,1:49," K.Fairbairn 51 yard field goal is GOOD, Center-A.Brinkman, Holder-K.Kroeger.",4,12,DAL 33,67,7,Houston Texans,Dallas Cowboys,10,3,64.6,35.4,316.0,62.0,378.0,278.0,75.0,353.0,game,ML,Dallas Cowboys,,,polymarket,127.0,—,—,,Loss,,miss,,,,—,,
2026-10-04T20:01:41.654341+00:00,nfl,2026,4,401872967,401872967755,1,1:49," K.Fairbairn 51 yard field goal is GOOD, Center-A.Brinkman, Holder-K.Kroeger.",4,12,DAL 33,67,7,Houston Texans,Dallas Cowboys,10,3,64.6,35.4,316.0,62.0,378.0,278.0,75.0,353.0,game,ML,Houston Texans,,,stn,-120.0,—,—,,Win,,hit,,,,—,,
2026-10-04T20:01:41.654341+00:00,nfl,2026,4,401872967,401872967775,1,1:49,K.Fairbairn kicks 57 yards from HST 35 to DAL 8. K.Turpin to DAL 32 for 24 yards (C.Stover).,1,10,HOU 46,35,7,Houston Texans,Dallas Cowboys,10,3,64.6,35.4,316.0,62.0,378.0,278.0,75.0,353.0,game,Spread,Dallas Cowboys,,2.5,novig,100.0,—,—,,+7,,miss,,,,—,,
2026-10-04T20:01:41.654341+00:00,nfl,2026,4,401872967,401872967775,1,1:49,K.Fairbairn kicks 57 yards from HST 35 to DAL 8. K.Turpin to DAL 32 for 24 yards (C.Stover).,1,10,HOU 46,35,7,Houston Texans,Dallas Cowboys,10,3,64.6,35.4,316.0,62.0,378.0,278.0,75.0,353.0,game,Spread,Houston Texans,,-2.5,kalshi,-118.0,—,—,,+7,,hit,,,,—,,
2026-10-04T20:01:41.654341+00:00,nfl,2026,4,401872967,401872967775,1,1:49,K.Fairbairn kicks 57 yards from HST 35 to DAL 8. K.Turpin to DAL 32 for 24 yards (C.Stover).,1,10,HOU 46,35,7,Houston Texans,Dallas Cowboys,10,3,64.6,35.4,316.0,62.0,378.0,278.0,75.0,353.0,game,Total,Over,,54.5,betfair,-119.0,—,—,,13.0,,miss,,,,—,,
2026-10-04T20:01:41.654341+00:00,nfl,2026,4,401872967,401872967775,1,1:49,K.Fairbairn kicks 57 yards from HST 35 to DAL 8. K.Turpin to DAL 32 for 24 yards (C.Stover).,1,10,HOU 46,35,7,Houston Texans,Dallas Cowboys,10,3,64.6,35.4,316.0,62.0,378.0,278.0,75.0,353.0,game,Total,,,54.5,,,—,—,,13.0,,hit,,,,—,,
2026-10-04T20:01:41.654341+00:00,nfl,2026,4,401872967,401872967775,1,1:49,K.Fairbairn kicks 57 yards from HST 35 to DAL 8. K.Turpin to DAL 32 for 24 yards (C.Stover).,1,10,HOU 46,35,7,Houston Texans,Dallas Cowboys,10,3,64.6,35.4,316.0,62.0,378.0,278.0,75.0,353.0,game,ML,Dallas Cowboys,,,polymarket,127.0,—,—,,Loss,,miss,,,,—,,
2026-10-04T20:01:41.654341+00:00,nfl,2026,4,401872967,401872967775,1,1:49,K.Fairbairn kicks 57 yards from HST 35 to DAL 8. K.Turpin to DAL 32 for 24 yards (C.Stover).,1,10,HOU 46,35,7,Houston Texans,Dallas Cowboys,10,3,64.6,35.4,316.0,62.0,378.0,278.0,75.0,353.0,game,ML,Houston Texans,,,stn,-120.0,—,—,,Win,,hit,,,,—,,
2026-10-04T20:01:41.654341+00:00,nfl,2026,4,401872967,401872967805,1,1:43,"J.Williams up the middle to DAL 38 for 6 yards (D.Hunter).PENALTY on HST-J.Clowney, Defensive Offside, 5 yards, enforced at DAL 32 - No Play.",1,10,DAL 32,68,7,Houston Texans,Dallas Cowboys,10,3,64.6,35.4,316.0,62.0,378.0,278.0,75.0,353.0,game,Spread,Dallas Cowboys,,2.5,novig,100.0,—,—,,+7,,miss,,,,—,,
2026-10-04T20:01:41.654341+00:00,nfl,2026,4,401872967,401872967805,1,1:43,"J.Williams up the middle to DAL 38 for 6 yards (D.Hunter).PENALTY on HST-J.Clowney, Defensive Offside, 5 yards, enforced at DAL 32 - No Play.",1,10,DAL 32,68,7,Houston Texans,Dallas Cowboys,10,3,64.6,35.4,316.0,62.0,378.0,278.0,75.0,353.0,game,Spread,Houston Texans,,-2.5,kalshi,-118.0,—,—,,+7,,hit,,,,—,,
2026-10-04T20:01:41.654341+00:00,nfl,2026,4,401872967,401872967805,1,1:43,"J.Williams up the middle to DAL 38 for 6 yards (D.Hunter).PENALTY on HST-J.Clowney, Defensive Offside, 5 yards, enforced at DAL 32 - No Play.",1,10,DAL 32,68,7,Houston Texans,Dallas Cowboys,10,3,64.6,35.4,316.0,62.0,378.0,278.0,75.0,353.0,game,Total,Over,,54.5,betfair,-119.0,—,—,,13.0,,miss,,,,—,,
2026-10-04T20:01:41.654341+00:00,nfl,2026,4,401872967,401872967805,1,1:43,"J.Williams up the middle to DAL 38 for 6 yards (D.Hunter).PENALTY on HST-J.Clowney, Defensive Offside, 5 yards, enforced at DAL 32 - No Play.",1,10,DAL 32,68,7,Houston Texans,Dallas Cowboys,10,3,64.6,35.4,316.0,62.0,378.0,278.0,75.0,353.0,game,Total,,,54.5,,,—,—,,13.0,,hit,,,,—,,
2026-10-04T20:01:41.654341+00:00,nfl,2026,4,401872967,401872967805,1,1:43,"J.Williams up the middle to DAL 38 for 6 yards (D.Hunter).PENALTY on HST-J.Clowney, Defensive Offside, 5 yards, enforced at DAL 32 - No Play.",1,10,DAL 32,68,7,Houston Texans,Dallas Cowboys,10,3,64.6,35.4,316.0,62.0,378.0,278.0,75.0,353.0,game,ML,Dallas Cowboys,,,polymarket,127.0,—,—,,Loss,,miss,,,,—,,
2026-10-04T20:01:41.654341+00:00,nfl,2026,4,401872967,401872967805,1,1:43,"J.Williams up the middle to DAL 38 for 6 yards (D.Hunter).PENALTY on HST-J.Clowney, Defensive Offside, 5 yards, enforced at DAL 32 - No Play.",1,10,DAL 32,68,7,Houston Texans,Dallas Cowboys,10,3,64.6,35.4,316.0,62.0,378.0,278.0,75.0,353.0,game,ML,Houston Texans,,,stn,-120.0,—,—,,Win,,hit,,,,—,,
2026-10-04T20:01:41.654341+00:00,nfl,2026,4,401872967,401872967838,1,1:21,(Shotgun) D.Prescott pass short left to J.Williams pushed ob at DAL 46 for 9 yards (J.Hansen).,1,5,DAL 37,63,7,Houston Texans,Dallas Cowboys,10,3,64.6,35.4,316.0,62.0,378.0,278.0,75.0,353.0,game,Spread,Dallas Cowboys,,2.5,novig,100.0,—,—,,+7,,miss,,,,—,,
2026-10-04T20:01:41.654341+00:00,nfl,2026,4,401872967,401872967838,1,1:21,(Shotgun) D.Prescott pass short left to J.Williams pushed ob at DAL 46 for 9 yards (J.Hansen).,1,5,DAL 37,63,7,Houston Texans,Dallas Cowboys,10,3,64.6,35.4,316.0,62.0,378.0,278.0,75.0,353.0,game,Spread,Houston Texans,,-2.5,kalshi,-118.0,—,—,,+7,,hit,,,,—,,
2026-10-04T20:01:41.654341+00:00,nfl,2026,4,401872967,401872967838,1,1:21,(Shotgun) D.Prescott pass short left to J.Williams pushed ob at DAL 46 for 9 yards (J.Hansen).,1,5,DAL 37,63,7,Houston Texans,Dallas Cowboys,10,3,64.6,35.4,316.0,62.0,378.0,278.0,75.0,353.0,game,Total,Over,,54.5,betfair,-119.0,—,—,,13.0,,miss,,,,—,,
2026-10-04T20:01:41.654341+00:00,nfl,2026,4,401872967,401872967838,1,1:21,(Shotgun) D.Prescott pass short left to J.Williams pushed ob at DAL 46 for 9 yards (J.Hansen).,1,5,DAL 37,63,7,Houston Texans,Dallas Cowboys,10,3,64.6,35.4,316.0,62.0,378.0,278.0,75.0,353.0,game,Total,,,54.5,,,—,—,,13.0,,hit,,,,—,,
2026-10-04T20:01:41.654341+00:00,nfl,2026,4,401872967,401872967838,1,1:21,(Shotgun) D.Prescott pass short left to J.Williams pushed ob at DAL 46 for 9 yards (J.Hansen).,1,5,DAL 37,63,7,Houston Texans,Dallas Cowboys,10,3,64.6,35.4,316.0,62.0,378.0,278.0,75.0,353.0,game,ML,Dallas Cowboys,,,polymarket,127.0,—,—,,Loss,,miss,,,,—,,
2026-10-04T20:01:41.654341+00:00,nfl,2026,4,401872967,401872967838,1,1:21,(Shotgun) D.Prescott pass short left to J.Williams pushed ob at DAL 46 for 9 yards (J.Hansen).,1,5,DAL 37,63,7,Houston Texans,Dallas Cowboys,10,3,64.6,35.4,316.0,62.0,378.0,278.0,75.0,353.0,game,ML,Houston Texans,,,stn,-120.0,—,—,,Win,,hit,,,,—,,
2026-10-04T20:01:41.654341+00:00,nfl,2026,4,401872967,401872967868,1,0:47,"D.Prescott pass incomplete short right to L.Schoonmaker (K.Murray) [T.Togiai].PENALTY on HST-K.Lassiter, Illegal Contact, 5 yards, enforced at DAL 46 - No Play.",1,10,DAL 46,54,7,Houston Texans,Dallas Cowboys,10,3,64.6,35.4,316.0,62.0,378.0,278.0,75.0,353.0,game,Spread,Dallas Cowboys,,2.5,novig,100.0,—,—,,+7,,miss,,,,—,,
2026-10-04T20:01:41.654341+00:00,nfl,2026,4,401872967,401872967868,1,0:47,"D.Prescott pass incomplete short right to L.Schoonmaker (K.Murray) [T.Togiai].PENALTY on HST-K.Lassiter, Illegal Contact, 5 yards, enforced at DAL 46 - No Play.",1,10,DAL 46,54,7,Houston Texans,Dallas Cowboys,10,3,64.6,35.4,316.0,62.0,378.0,278.0,75.0,353.0,game,Spread,Houston Texans,,-2.5,kalshi,-118.0,—,—,,+7,,hit,,,,—,,
2026-10-04T20:01:41.654341+00:00,nfl,2026,4,401872967,401872967868,1,0:47,"D.Prescott pass incomplete short right to L.Schoonmaker (K.Murray) [T.Togiai].PENALTY on HST-K.Lassiter, Illegal Contact, 5 yards, enforced at DAL 46 - No Play.",1,10,DAL 46,54,7,Houston Texans,Dallas Cowboys,10,3,64.6,35.4,316.0,62.0,378.0,278.0,75.0,353.0,game,Total,Over,,54.5,betfair,-119.0,—,—,,13.0,,miss,,,,—,,
2026-10-04T20:01:41.654341+00:00,nfl,2026,4,401872967,401872967868,1,0:47,"D.Prescott pass incomplete short right to L.Schoonmaker (K.Murray) [T.Togiai].PENALTY on HST-K.Lassiter, Illegal Contact, 5 yards, enforced at DAL 46 - No Play.",1,10,DAL 46,54,7,Houston Texans,Dallas Cowboys,10,3,64.6,35.4,316.0,62.0,378.0,278.0,75.0,353.0,game,Total,,,54.5,,,—,—,,13.0,,hit,,,,—,,
2026-10-04T20:01:41.654341+00:00,nfl,2026,4,401872967,401872967868,1,0:47,"D.Prescott pass incomplete short right to L.Schoonmaker (K.Murray) [T.Togiai].PENALTY on HST-K.Lassiter, Illegal Contact, 5 yards, enforced at DAL 46 - No Play.",1,10,DAL 46,54,7,Houston Texans,Dallas Cowboys,10,3,64.6,35.4,316.0,62.0,378.0,278.0,75.0,353.0,game,ML,Dallas Cowboys,,,polymarket,127.0,—,—,,Loss,,miss,,,,—,,
2026-10-04T20:01:41.654341+00:00,nfl,2026,4,401872967,401872967868,1,0:47,"D.Prescott pass incomplete short right to L.Schoonmaker (K.Murray) [T.Togiai].PENALTY on HST-K.Lassiter, Illegal Contact, 5 yards, enforced at DAL 46 - No Play.",1,10,DAL 46,54,7,Houston Texans,Dallas Cowboys,10,3,64.6,35.4,316.0,62.0,378.0,278.0,75.0,353.0,game,ML,Houston Texans,,,stn,-120.0,—,—,,Win,,hit,,,,—,,
2026-10-04T20:01:41.654341+00:00,nfl,2026,4,401872967,401872967902,1,0:39,(Shotgun) D.Prescott pass short right to C.Lamb to HST 47 for 2 yards (J.Pitre).,1,10,HOU 49,49,7,Houston Texans,Dallas Cowboys,10,3,64.6,35.4,316.0,62.0,378.0,278.0,75.0,353.0,game,Spread,Dallas Cowboys,,2.5,novig,100.0,—,—,,+7,,miss,,,,—,,
2026-10-04T20:01:41.654341+00:00,nfl,2026,4,401872967,401872967902,1,0:39,(Shotgun) D.Prescott pass short right to C.Lamb to HST 47 for 2 yards (J.Pitre).,1,10,HOU 49,49,7,Houston Texans,Dallas Cowboys,10,3,64.6,35.4,316.0,62.0,378.0,278.0,75.0,353.0,game,Spread,Houston Texans,,-2.5,kalshi,-118.0,—,—,,+7,,hit,,,,—,,
2026-10-04T20:01:41.654341+00:00,nfl,2026,4,401872967,401872967902,1,0:39,(Shotgun) D.Prescott pass short right to C.Lamb to HST 47 for 2 yards (J.Pitre).,1,10,HOU 49,49,7,Houston Texans,Dallas Cowboys,10,3,64.6,35.4,316.0,62.0,378.0,278.0,75.0,353.0,game,Total,Over,,54.5,betfair,-119.0,—,—,,13.0,,miss,,,,—,,
2026-10-04T20:01:41.654341+00:00,nfl,2026,4,401872967,401872967902,1,0:39,(Shotgun) D.Prescott pass short right to C.Lamb to HST 47 for 2 yards (J.Pitre).,1,10,HOU 49,49,7,Houston Texans,Dallas Cowboys,10,3,64.6,35.4,316.0,62.0,378.0,278.0,75.0,353.0,game,Total,,,54.5,,,—,—,,13.0,,hit,,,,—,,
2026-10-04T20:01:41.654341+00:00,nfl,2026,4,401872967,401872967902,1,0:39,(Shotgun) D.Prescott pass short right to C.Lamb to HST 47 for 2 yards (J.Pitre).,1,10,HOU 49,49,7,Houston Texans,Dallas Cowboys,10,3,64.6,35.4,316.0,62.0,378.0,278.0,75.0,353.0,game,ML,Dallas Cowboys,,,polymarket,127.0,—,—,,Loss,,miss,,,,—,,
2026-10-04T20:01:41.654341+00:00,nfl,2026,4,401872967,401872967902,1,0:39,(Shotgun) D.Prescott pass short right to C.Lamb to HST 47 for 2 yards (J.Pitre).,1,10,HOU 49,49,7,Houston Texans,Dallas Cowboys,10,3,64.6,35.4,316.0,62.0,378.0,278.0,75.0,353.0,game,ML,Houston Texans,,,stn,-120.0,—,—,,Win,,hit,,,,—,,
2026-10-04T20:01:41.654341+00:00,nfl,2026,4,401872967,401872967927,1,0:03,(Shotgun) D.Prescott pass short right to J.Ferguson to HST 45 for 2 yards (K.Lassiter).,2,8,HOU 47,47,7,Houston Texans,Dallas Cowboys,10,3,64.6,35.4,316.0,62.0,378.0,278.0,75.0,353.0,game,Spread,Dallas Cowboys,,2.5,novig,100.0,—,—,,+7,,miss,,,,—,,
2026-10-04T20:01:41.654341+00:00,nfl,2026,4,401872967,401872967927,1,0:03,(Shotgun) D.Prescott pass short right to J.Ferguson to HST 45 for 2 yards (K.Lassiter).,2,8,HOU 47,47,7,Houston Texans,Dallas Cowboys,10,3,64.6,35.4,316.0,62.0,378.0,278.0,75.0,353.0,game,Spread,Houston Texans,,-2.5,kalshi,-118.0,—,—,,+7,,hit,,,,—,,
2026-10-04T20:01:41.654341+00:00,nfl,2026,4,401872967,401872967927,1,0:03,(Shotgun) D.Prescott pass short right to J.Ferguson to HST 45 for 2 yards (K.Lassiter).,2,8,HOU 47,47,7,Houston Texans,Dallas Cowboys,10,3,64.6,35.4,316.0,62.0,378.0,278.0,75.0,353.0,game,Total,Over,,54.5,betfair,-119.0,—,—,,13.0,,miss,,,,—,,
2026-10-04T20:01:41.654341+00:00,nfl,2026,4,401872967,401872967927,1,0:03,(Shotgun) D.Prescott pass short right to J.Ferguson to HST 45 for 2 yards (K.Lassiter).,2,8,HOU 47,47,7,Houston Texans,Dallas Cowboys,10,3,64.6,35.4,316.0,62.0,378.0,278.0,75.0,353.0,game,Total,,,54.5,,,—,—,,13.0,,hit,,,,—,,
2026-10-04T20:01:41.654341+00:00,nfl,2026,4,401872967,401872967927,1,0:03,(Shotgun) D.Prescott pass short right to J.Ferguson to HST 45 for 2 yards (K.Lassiter).,2,8,HOU 47,47,7,Houston Texans,Dallas Cowboys,10,3,64.6,35.4,316.0,62.0,378.0,278.0,75.0,353.0,game,ML,Dallas Cowboys,,,polymarket,127.0,—,—,,Loss,,miss,,,,—,,
2026-10-04T20:01:41.654341+00:00,nfl,2026,4,401872967,401872967927,1,0:03,(Shotgun) D.Prescott pass short right to J.Ferguson to HST 45 for 2 yards (K.Lassiter).,2,8,HOU 47,47,7,Houston Texans,Dallas Cowboys,10,3,64.6,35.4,316.0,62.0,378.0,278.0,75.0,353.0,game,ML,Houston Texans,,,stn,-120.0,—,—,,Win,,hit,,,,—,,
2026-10-04T20:01:41.654341+00:00,nfl,2026,4,401872967,401872967952,1,0:00,END QUARTER 1,3,5,HOU 46,44,7,Houston Texans,Dallas Cowboys,10,3,64.6,35.4,316.0,62.0,378.0,278.0,75.0,353.0,game,Spread,Dallas Cowboys,,2.5,novig,100.0,—,—,,+7,,miss,,,,—,,
2026-10-04T20:01:41.654341+00:00,nfl,2026,4,401872967,401872967952,1,0:00,END QUARTER 1,3,5,HOU 46,44,7,Houston Texans,Dallas Cowboys,10,3,64.6,35.4,316.0,62.0,378.0,278.0,75.0,353.0,game,Spread,Houston Texans,,-2.5,kalshi,-118.0,—,—,,+7,,hit,,,,—,,
2026-10-04T20:01:41.654341+00:00,nfl,2026,4,401872967,401872967952,1,0:00,END QUARTER 1,3,5,HOU 46,44,7,Houston Texans,Dallas Cowboys,10,3,64.6,35.4,316.0,62.0,378.0,278.0,75.0,353.0,game,Total,Over,,54.5,betfair,-119.0,—,—,,13.0,,miss,,,,—,,
2026-10-04T20:01:41.654341+00:00,nfl,2026,4,401872967,401872967952,1,0:00,END QUARTER 1,3,5,HOU 46,44,7,Houston Texans,Dallas Cowboys,10,3,64.6,35.4,316.0,62.0,378.0,278.0,75.0,353.0,game,Total,,,54.5,,,—,—,,13.0,,hit,,,,—,,
2026-10-04T20:01:41.654341+00:00,nfl,2026,4,401872967,401872967952,1,0:00,END QUARTER 1,3,5,HOU 46,44,7,Houston Texans,Dallas Cowboys,10,3,64.6,35.4,316.0,62.0,378.0,278.0,75.0,353.0,game,ML,Dallas Cowboys,,,polymarket,127.0,—,—,,Loss,,miss,,,,—,,
2026-10-04T20:01:41.654341+00:00,nfl,2026,4,401872967,401872967952,1,0:00,END QUARTER 1,3,5,HOU 46,44,7,Houston Texans,Dallas Cowboys,10,3,64.6,35.4,316.0,62.0,378.0,278.0,75.0,353.0,game,ML,Houston Texans,,,stn,-120.0,—,—,,Win,,hit,,,,—,,
2026-10-04T20:01:41.654341+00:00,nfl,2026,4,401872967,401872967972,2,15:00,(Shotgun) D.Prescott pass short left to C.Lamb to HST 37 for 8 yards (R.Blankenship).,3,6,HOU 45,45,7,Houston Texans,Dallas Cowboys,10,3,64.6,35.4,316.0,62.0,378.0,278.0,75.0,353.0,game,Spread,Dallas Cowboys,,2.5,novig,100.0,—,—,,+7,,miss,,,,—,,
2026-10-04T20:01:41.654341+00:00,nfl,2026,4,401872967,401872967972,2,15:00,(Shotgun) D.Prescott pass short left to C.Lamb to HST 37 for 8 yards (R.Blankenship).,3,6,HOU 45,45,7,Houston Texans,Dallas Cowboys,10,3,64.6,35.4,316.0,62.0,378.0,278.0,75.0,353.0,game,Spread,Houston Texans,,-2.5,kalshi,-118.0,—,—,,+7,,hit,,,,—,,
2026-10-04T20:01:41.654341+00:00,nfl,2026,4,401872967,401872967972,2,15:00,(Shotgun) D.Prescott pass short left to C.Lamb to HST 37 for 8 yards (R.Blankenship).,3,6,HOU 45,45,7,Houston Texans,Dallas Cowboys,10,3,64.6,35.4,316.0,62.0,378.0,278.0,75.0,353.0,game,Total,Over,,54.5,betfair,-119.0,—,—,,13.0,,miss,,,,—,,
2026-10-04T20:01:41.654341+00:00,nfl,2026,4,401872967,401872967972,2,15:00,(Shotgun) D.Prescott pass short left to C.Lamb to HST 37 for 8 yards (R.Blankenship).,3,6,HOU 45,45,7,Houston Texans,Dallas Cowboys,10,3,64.6,35.4,316.0,62.0,378.0,278.0,75.0,353.0,game,Total,,,54.5,,,—,—,,13.0,,hit,,,,—,,
2026-10-04T20:01:41.654341+00:00,nfl,2026,4,401872967,401872967972,2,15:00,(Shotgun) D.Prescott pass short left to C.Lamb to HST 37 for 8 yards (R.Blankenship).,3,6,HOU 45,45,7,Houston Texans,Dallas Cowboys,10,3,64.6,35.4,316.0,62.0,378.0,278.0,75.0,353.0,game,ML,Dallas Cowboys,,,polymarket,127.0,—,—,,Loss,,miss,,,,—,,
2026-10-04T20:01:41.654341+00:00,nfl,2026,4,401872967,401872967972,2,15:00,(Shotgun) D.Prescott pass short left to C.Lamb to HST 37 for 8 yards (R.Blankenship).,3,6,HOU 45,45,7,Houston Texans,Dallas Cowboys,10,3,64.6,35.4,316.0,62.0,378.0,278.0,75.0,353.0,game,ML,Houston Texans,,,stn,-120.0,—,—,,Win,,hit,,,,—,,
2026-10-04T20:01:41.654341+00:00,nfl,2026,4,401872967,401872967997,2,14:36,(No Huddle) D.Prescott pass short right to J.Ferguson to HST 35 for 2 yards (K.Lassiter).,1,10,HOU 37,37,7,Houston Texans,Dallas Cowboys,10,3,64.6,35.4,316.0,62.0,378.0,278.0,75.0,353.0,game,Spread,Dallas Cowboys,,2.5,novig,100.0,—,—,,+7,,miss,,,,—,,
2026-10-04T20:01:41.654341+00:00,nfl,2026,4,401872967,401872967997,2,14:36,(No Huddle) D.Prescott pass short right to J.Ferguson to HST 35 for 2 yards (K.Lassiter).,1,10,HOU 37,37,7,Houston Texans,Dallas Cowboys,10,3,64.6,35.4,316.0,62.0,378.0,278.0,75.0,353.0,game,Spread,Houston Texans,,-2.5,kalshi,-118.0,—,—,,+7,,hit,,,,—,,
2026-10-04T20:01:41.654341+00:00,nfl,2026,4,401872967,401872967997,2,14:36,(No Huddle) D.Prescott pass short right to J.Ferguson to HST 35 for 2 yards (K.Lassiter).,1,10,HOU 37,37,7,Houston Texans,Dallas Cowboys,10,3,64.6,35.4,316.0,62.0,378.0,278.0,75.0,353.0,game,Total,Over,,54.5,betfair,-119.0,—,—,,13.0,,miss,,,,—,,
2026-10-04T20:01:41.654341+00:00,nfl,2026,4,401872967,401872967997,2,14:36,(No Huddle) D.Prescott pass short right to J.Ferguson to HST 35 for 2 yards (K.Lassiter).,1,10,HOU 37,37,7,Houston Texans,Dallas Cowboys,10,3,64.6,35.4,316.0,62.0,378.0,278.0,75.0,353.0,game,Total,,,54.5,,,—,—,,13.0,,hit,,,,—,,
2026-10-04T20:01:41.654341+00:00,nfl,2026,4,401872967,401872967997,2,14:36,(No Huddle) D.Prescott pass short right to J.Ferguson to HST 35 for 2 yards (K.Lassiter).,1,10,HOU 37,37,7,Houston Texans,Dallas Cowboys,10,3,64.6,35.4,316.0,62.0,378.0,278.0,75.0,353.0,game,ML,Dallas Cowboys,,,polymarket,127.0,—,—,,Loss,,miss,,,,—,,
2026-10-04T20:01:41.654341+00:00,nfl,2026,4,401872967,401872967997,2,14:36,(No Huddle) D.Prescott pass short right to J.Ferguson to HST 35 for 2 yards (K.Lassiter).,1,10,HOU 37,37,7,Houston Texans,Dallas Cowboys,10,3,64.6,35.4,316.0,62.0,378.0,278.0,75.0,353.0,game,ML,Houston Texans,,,stn,-120.0,—,—,,Win,,hit,,,,—,,
2026-10-04T20:01:41.654341+00:00,nfl,2026,4,401872967,4018729671022,2,14:01,J.Williams up the middle to HST 33 for 2 yards (W.Anderson).,2,8,HOU 35,35,7,Houston Texans,Dallas Cowboys,10,3,64.6,35.4,316.0,62.0,378.0,278.0,75.0,353.0,game,Spread,Dallas Cowboys,,2.5,novig,100.0,—,—,,+7,,miss,,,,—,,
2026-10-04T20:01:41.654341+00:00,nfl,2026,4,401872967,4018729671022,2,14:01,J.Williams up the middle to HST 33 for 2 yards (W.Anderson).,2,8,HOU 35,35,7,Houston Texans,Dallas Cowboys,10,3,64.6,35.4,316.0,62.0,378.0,278.0,75.0,353.0,game,Spread,Houston Texans,,-2.5,kalshi,-118.0,—,—,,+7,,hit,,,,—,,
2026-10-04T20:01:41.654341+00:00,nfl,2026,4,401872967,4018729671022,2,14:01,J.Williams up the middle to HST 33 for 2 yards (W.Anderson).,2,8,HOU 35,35,7,Houston Texans,Dallas Cowboys,10,3,64.6,35.4,316.0,62.0,378.0,278.0,75.0,353.0,game,Total,Over,,54.5,betfair,-119.0,—,—,,13.0,,miss,,,,—,,
2026-10-04T20:01:41.654341+00:00,nfl,2026,4,401872967,4018729671022,2,14:01,J.Williams up the middle to HST 33 for 2 yards (W.Anderson).,2,8,HOU 35,35,7,Houston Texans,Dallas Cowboys,10,3,64.6,35.4,316.0,62.0,378.0,278.0,75.0,353.0,game,Total,,,54.5,,,—,—,,13.0,,hit,,,,—,,
2026-10-04T20:01:41.654341+00:00,nfl,2026,4,401872967,4018729671022,2,14:01,J.Williams up the middle to HST 33 for 2 yards (W.Anderson).,2,8,HOU 35,35,7,Houston Texans,Dallas Cowboys,10,3,64.6,35.4,316.0,62.0,378.0,278.0,75.0,353.0,game,ML,Dallas Cowboys,,,polymarket,127.0,—,—,,Loss,,miss,,,,—,,
2026-10-04T20:01:41.654341+00:00,nfl,2026,4,401872967,4018729671022,2,14:01,J.Williams up the middle to HST 33 for 2 yards (W.Anderson).,2,8,HOU 35,35,7,Houston Texans,Dallas Cowboys,10,3,64.6,35.4,316.0,62.0,378.0,278.0,75.0,353.0,game,ML,Houston Texans,,,stn,-120.0,—,—,,Win,,hit,,,,—,,
2026-10-04T20:01:41.654341+00:00,nfl,2026,4,401872967,4018729671044,2,13:19,(Shotgun) D.Prescott pass short middle to J.Williams to HST 32 for 1 yard (J.Pitre) [S.Rankins].,3,6,HOU 33,33,7,Houston Texans,Dallas Cowboys,10,3,64.6,35.4,316.0,62.0,378.0,278.0,75.0,353.0,game,Spread,Dallas Cowboys,,2.5,novig,100.0,—,—,,+7,,miss,,,,—,,
2026-10-04T20:01:41.654341+00:00,nfl,2026,4,401872967,4018729671044,2,13:19,(Shotgun) D.Prescott pass short middle to J.Williams to HST 32 for 1 yard (J.Pitre) [S.Rankins].,3,6,HOU 33,33,7,Houston Texans,Dallas Cowboys,10,3,64.6,35.4,316.0,62.0,378.0,278.0,75.0,353.0,game,Spread,Houston Texans,,-2.5,kalshi,-118.0,—,—,,+7,,hit,,,,—,,
2026-10-04T20:01:41.654341+00:00,nfl,2026,4,401872967,4018729671044,2,13:19,(Shotgun) D.Prescott pass short middle to J.Williams to HST 32 for 1 yard (J.Pitre) [S.Rankins].,3,6,HOU 33,33,7,Houston Texans,Dallas Cowboys,10,3,64.6,35.4,316.0,62.0,378.0,278.0,75.0,353.0,game,Total,Over,,54.5,betfair,-119.0,—,—,,13.0,,miss,,,,—,,
2026-10-04T20:01:41.654341+00:00,nfl,2026,4,401872967,4018729671044,2,13:19,(Shotgun) D.Prescott pass short middle to J.Williams to HST 32 for 1 yard (J.Pitre) [S.Rankins].,3,6,HOU 33,33,7,Houston Texans,Dallas Cowboys,10,3,64.6,35.4,316.0,62.0,378.0,278.0,75.0,353.0,game,Total,,,54.5,,,—,—,,13.0,,hit,,,,—,,
2026-10-04T20:01:41.654341+00:00,nfl,2026,4,401872967,4018729671044,2,13:19,(Shotgun) D.Prescott pass short middle to J.Williams to HST 32 for 1 yard (J.Pitre) [S.Rankins].,3,6,HOU 33,33,7,Houston Texans,Dallas Cowboys,10,3,64.6,35.4,316.0,62.0,378.0,278.0,75.0,353.0,game,ML,Dallas Cowboys,,,polymarket,127.0,—,—,,Loss,,miss,,,,—,,
2026-10-04T20:01:41.654341+00:00,nfl,2026,4,401872967,4018729671044,2,13:19,(Shotgun) D.Prescott pass short middle to J.Williams to HST 32 for 1 yard (J.Pitre) [S.Rankins].,3,6,HOU 33,33,7,Houston Texans,Dallas Cowboys,10,3,64.6,35.4,316.0,62.0,378.0,278.0,75.0,353.0,game,ML,Houston Texans,,,stn,-120.0,—,—,,Win,,hit,,,,—,,
2026-10-04T20:01:41.654341+00:00,nfl,2026,4,401872967,4018729671079,2,12:30,Official Timeout at 12:30.,-1,10,DAL 35,65,4,Houston Texans,Dallas Cowboys,10,6,64.6,35.4,316.0,62.0,378.0,278.0,75.0,353.0,game,Spread,Dallas Cowboys,,2.5,novig,100.0,—,—,,+4,,miss,,,,—,,
2026-10-04T20:01:41.654341+00:00,nfl,2026,4,401872967,4018729671079,2,12:30,Official Timeout at 12:30.,-1,10,DAL 35,65,4,Houston Texans,Dallas Cowboys,10,6,64.6,35.4,316.0,62.0,378.0,278.0,75.0,353.0,game,Spread,Houston Texans,,-2.5,kalshi,-118.0,—,—,,+4,,hit,,,,—,,
2026-10-04T20:01:41.654341+00:00,nfl,2026,4,401872967,4018729671079,2,12:30,Official Timeout at 12:30.,-1,10,DAL 35,65,4,Houston Texans,Dallas Cowboys,10,6,64.6,35.4,316.0,62.0,378.0,278.0,75.0,353.0,game,Total,Over,,54.5,betfair,-119.0,—,—,,16.0,,miss,,,,—,,
2026-10-04T20:01:41.654341+00:00,nfl,2026,4,401872967,4018729671079,2,12:30,Official Timeout at 12:30.,-1,10,DAL 35,65,4,Houston Texans,Dallas Cowboys,10,6,64.6,35.4,316.0,62.0,378.0,278.0,75.0,353.0,game,Total,,,54.5,,,—,—,,16.0,,hit,,,,—,,
2026-10-04T20:01:41.654341+00:00,nfl,2026,4,401872967,4018729671079,2,12:30,Official Timeout at 12:30.,-1,10,DAL 35,65,4,Houston Texans,Dallas Cowboys,10,6,64.6,35.4,316.0,62.0,378.0,278.0,75.0,353.0,game,ML,Dallas Cowboys,,,polymarket,127.0,—,—,,Loss,,miss,,,,—,,
2026-10-04T20:01:41.654341+00:00,nfl,2026,4,401872967,4018729671079,2,12:30,Official Timeout at 12:30.,-1,10,DAL 35,65,4,Houston Texans,Dallas Cowboys,10,6,64.6,35.4,316.0,62.0,378.0,278.0,75.0,353.0,game,ML,Houston Texans,,,stn,-120.0,—,—,,Win,,hit,,,,—,,
2026-10-04T20:01:41.654341+00:00,nfl,2026,4,401872967,4018729671069,2,12:30," B.Aubrey 50 yard field goal is GOOD, Center-T.Sieg, Holder-B.Anger.",4,5,HOU 32,32,4,Houston Texans,Dallas Cowboys,10,6,64.6,35.4,316.0,62.0,378.0,278.0,75.0,353.0,game,Spread,Dallas Cowboys,,2.5,novig,100.0,—,—,,+4,,miss,,,,—,,
2026-10-04T20:01:41.654341+00:00,nfl,2026,4,401872967,4018729671069,2,12:30," B.Aubrey 50 yard field goal is GOOD, Center-T.Sieg, Holder-B.Anger.",4,5,HOU 32,32,4,Houston Texans,Dallas Cowboys,10,6,64.6,35.4,316.0,62.0,378.0,278.0,75.0,353.0,game,Spread,Houston Texans,,-2.5,kalshi,-118.0,—,—,,+4,,hit,,,,—,,
2026-10-04T20:01:41.654341+00:00,nfl,2026,4,401872967,4018729671069,2,12:30," B.Aubrey 50 yard field goal is GOOD, Center-T.Sieg, Holder-B.Anger.",4,5,HOU 32,32,4,Houston Texans,Dallas Cowboys,10,6,64.6,35.4,316.0,62.0,378.0,278.0,75.0,353.0,game,Total,Over,,54.5,betfair,-119.0,—,—,,16.0,,miss,,,,—,,
2026-10-04T20:01:41.654341+00:00,nfl,2026,4,401872967,4018729671069,2,12:30," B.Aubrey 50 yard field goal is GOOD, Center-T.Sieg, Holder-B.Anger.",4,5,HOU 32,32,4,Houston Texans,Dallas Cowboys,10,6,64.6,35.4,316.0,62.0,378.0,278.0,75.0,353.0,game,Total,,,54.5,,,—,—,,16.0,,hit,,,,—,,
2026-10-04T20:01:41.654341+00:00,nfl,2026,4,401872967,4018729671069,2,12:30," B.Aubrey 50 yard field goal is GOOD, Center-T.Sieg, Holder-B.Anger.",4,5,HOU 32,32,4,Houston Texans,Dallas Cowboys,10,6,64.6,35.4,316.0,62.0,378.0,278.0,75.0,353.0,game,ML,Dallas Cowboys,,,polymarket,127.0,—,—,,Loss,,miss,,,,—,,
2026-10-04T20:01:41.654341+00:00,nfl,2026,4,401872967,4018729671069,2,12:30," B.Aubrey 50 yard field goal is GOOD, Center-T.Sieg, Holder-B.Anger.",4,5,HOU 32,32,4,Houston Texans,Dallas Cowboys,10,6,64.6,35.4,316.0,62.0,378.0,278.0,75.0,353.0,game,ML,Houston Texans,,,stn,-120.0,—,—,,Win,,hit,,,,—,,
2026-10-04T20:01:41.654341+00:00,nfl,2026,4,401872967,4018729671089,2,12:30,B.Aubrey kicks 58 yards from DAL 35 to HST 7. T.Smith to HST 24 for 17 yards (A.Clark; B.Spann-Ford).,1,10,HOU 46,65,4,Houston Texans,Dallas Cowboys,10,6,64.6,35.4,316.0,62.0,378.0,278.0,75.0,353.0,game,Spread,Dallas Cowboys,,2.5,novig,100.0,—,—,,+4,,miss,,,,—,,
2026-10-04T20:01:41.654341+00:00,nfl,2026,4,401872967,4018729671089,2,12:30,B.Aubrey kicks 58 yards from DAL 35 to HST 7. T.Smith to HST 24 for 17 yards (A.Clark; B.Spann-Ford).,1,10,HOU 46,65,4,Houston Texans,Dallas Cowboys,10,6,64.6,35.4,316.0,62.0,378.0,278.0,75.0,353.0,game,Spread,Houston Texans,,-2.5,kalshi,-118.0,—,—,,+4,,hit,,,,—,,
2026-10-04T20:01:41.654341+00:00,nfl,2026,4,401872967,4018729671089,2,12:30,B.Aubrey kicks 58 yards from DAL 35 to HST 7. T.Smith to HST 24 for 17 yards (A.Clark; B.Spann-Ford).,1,10,HOU 46,65,4,Houston Texans,Dallas Cowboys,10,6,64.6,35.4,316.0,62.0,378.0,278.0,75.0,353.0,game,Total,Over,,54.5,betfair,-119.0,—,—,,16.0,,miss,,,,—,,
2026-10-04T20:01:41.654341+00:00,nfl,2026,4,401872967,4018729671089,2,12:30,B.Aubrey kicks 58 yards from DAL 35 to HST 7. T.Smith to HST 24 for 17 yards (A.Clark; B.Spann-Ford).,1,10,HOU 46,65,4,Houston Texans,Dallas Cowboys,10,6,64.6,35.4,316.0,62.0,378.0,278.0,75.0,353.0,game,Total,,,54.5,,,—,—,,16.0,,hit,,,,—,,
2026-10-04T20:01:41.654341+00:00,nfl,2026,4,401872967,4018729671089,2,12:30,B.Aubrey kicks 58 yards from DAL 35 to HST 7. T.Smith to HST 24 for 17 yards (A.Clark; B.Spann-Ford).,1,10,HOU 46,65,4,Houston Texans,Dallas Cowboys,10,6,64.6,35.4,316.0,62.0,378.0,278.0,75.0,353.0,game,ML,Dallas Cowboys,,,polymarket,127.0,—,—,,Loss,,miss,,,,—,,
2026-10-04T20:01:41.654341+00:00,nfl,2026,4,401872967,4018729671089,2,12:30,B.Aubrey kicks 58 yards from DAL 35 to HST 7. T.Smith to HST 24 for 17 yards (A.Clark; B.Spann-Ford).,1,10,HOU 46,65,4,Houston Texans,Dallas Cowboys,10,6,64.6,35.4,316.0,62.0,378.0,278.0,75.0,353.0,game,ML,Houston Texans,,,stn,-120.0,—,—,,Win,,hit,,,,—,,
2026-10-04T20:01:41.654341+00:00,nfl,2026,4,401872967,4018729671119,2,12:24,"PENALTY on HST-A.Ersery, False Start, 5 yards, enforced at HST 24 - No Play.",1,10,HOU 24,24,4,Houston Texans,Dallas Cowboys,10,6,64.6,35.4,316.0,62.0,378.0,278.0,75.0,353.0,game,Spread,Dallas Cowboys,,2.5,novig,100.0,—,—,,+4,,miss,,,,—,,
2026-10-04T20:01:41.654341+00:00,nfl,2026,4,401872967,4018729671119,2,12:24,"PENALTY on HST-A.Ersery, False Start, 5 yards, enforced at HST 24 - No Play.",1,10,HOU 24,24,4,Houston Texans,Dallas Cowboys,10,6,64.6,35.4,316.0,62.0,378.0,278.0,75.0,353.0,game,Spread,Houston Texans,,-2.5,kalshi,-118.0,—,—,,+4,,hit,,,,—,,
2026-10-04T20:01:41.654341+00:00,nfl,2026,4,401872967,4018729671119,2,12:24,"PENALTY on HST-A.Ersery, False Start, 5 yards, enforced at HST 24 - No Play.",1,10,HOU 24,24,4,Houston Texans,Dallas Cowboys,10,6,64.6,35.4,316.0,62.0,378.0,278.0,75.0,353.0,game,Total,Over,,54.5,betfair,-119.0,—,—,,16.0,,miss,,,,—,,
2026-10-04T20:01:41.654341+00:00,nfl,2026,4,401872967,4018729671119,2,12:24,"PENALTY on HST-A.Ersery, False Start, 5 yards, enforced at HST 24 - No Play.",1,10,HOU 24,24,4,Houston Texans,Dallas Cowboys,10,6,64.6,35.4,316.0,62.0,378.0,278.0,75.0,353.0,game,Total,,,54.5,,,—,—,,16.0,,hit,,,,—,,
2026-10-04T20:01:41.654341+00:00,nfl,2026,4,401872967,4018729671119,2,12:24,"PENALTY on HST-A.Ersery, False Start, 5 yards, enforced at HST 24 - No Play.",1,10,HOU 24,24,4,Houston Texans,Dallas Cowboys,10,6,64.6,35.4,316.0,62.0,378.0,278.0,75.0,353.0,game,ML,Dallas Cowboys,,,polymarket,127.0,—,—,,Loss,,miss,,,,—,,
2026-10-04T20:01:41.654341+00:00,nfl,2026,4,401872967,4018729671119,2,12:24,"PENALTY on HST-A.Ersery, False Start, 5 yards, enforced at HST 24 - No Play.",1,10,HOU 24,24,4,Houston Texans,Dallas Cowboys,10,6,64.6,35.4,316.0,62.0,378.0,278.0,75.0,353.0,game,ML,Houston Texans,,,stn,-120.0,—,—,,Win,,hit,,,,—,,
2026-10-04T20:01:41.654341+00:00,nfl,2026,4,401872967,4018729671143,2,12:24,(Shotgun) C.Stroud pass short middle to X.Hutchinson to HST 29 for 10 yards (M.Hooker).,1,15,HOU 19,19,4,Houston Texans,Dallas Cowboys,10,6,64.6,35.4,316.0,62.0,378.0,278.0,75.0,353.0,game,Spread,Dallas Cowboys,,2.5,novig,100.0,—,—,,+4,,miss,,,,—,,
2026-10-04T20:01:41.654341+00:00,nfl,2026,4,401872967,4018729671143,2,12:24,(Shotgun) C.Stroud pass short middle to X.Hutchinson to HST 29 for 10 yards (M.Hooker).,1,15,HOU 19,19,4,Houston Texans,Dallas Cowboys,10,6,64.6,35.4,316.0,62.0,378.0,278.0,75.0,353.0,game,Spread,Houston Texans,,-2.5,kalshi,-118.0,—,—,,+4,,hit,,,,—,,
2026-10-04T20:01:41.654341+00:00,nfl,2026,4,401872967,4018729671143,2,12:24,(Shotgun) C.Stroud pass short middle to X.Hutchinson to HST 29 for 10 yards (M.Hooker).,1,15,HOU 19,19,4,Houston Texans,Dallas Cowboys,10,6,64.6,35.4,316.0,62.0,378.0,278.0,75.0,353.0,game,Total,Over,,54.5,betfair,-119.0,—,—,,16.0,,miss,,,,—,,
2026-10-04T20:01:41.654341+00:00,nfl,2026,4,401872967,4018729671143,2,12:24,(Shotgun) C.Stroud pass short middle to X.Hutchinson to HST 29 for 10 yards (M.Hooker).,1,15,HOU 19,19,4,Houston Texans,Dallas Cowboys,10,6,64.6,35.4,316.0,62.0,378.0,278.0,75.0,353.0,game,Total,,,54.5,,,—,—,,16.0,,hit,,,,—,,
2026-10-04T20:01:41.654341+00:00,nfl,2026,4,401872967,4018729671143,2,12:24,(Shotgun) C.Stroud pass short middle to X.Hutchinson to HST 29 for 10 yards (M.Hooker).,1,15,HOU 19,19,4,Houston Texans,Dallas Cowboys,10,6,64.6,35.4,316.0,62.0,378.0,278.0,75.0,353.0,game,ML,Dallas Cowboys,,,polymarket,127.0,—,—,,Loss,,miss,,,,—,,
2026-10-04T20:01:41.654341+00:00,nfl,2026,4,401872967,4018729671143,2,12:24,(Shotgun) C.Stroud pass short middle to X.Hutchinson to HST 29 for 10 yards (M.Hooker).,1,15,HOU 19,19,4,Houston Texans,Dallas Cowboys,10,6,64.6,35.4,316.0,62.0,378.0,278.0,75.0,353.0,game,ML,Houston Texans,,,stn,-120.0,—,—,,Win,,hit,,,,—,,
2026-10-04T20:01:41.654341+00:00,nfl,2026,4,401872967,4018729671168,2,11:46,D.Montgomery right guard to HST 30 for 1 yard (K.Clark).,2,5,HOU 29,29,4,Houston Texans,Dallas Cowboys,10,6,64.6,35.4,316.0,62.0,378.0,278.0,75.0,353.0,game,Spread,Dallas Cowboys,,2.5,novig,100.0,—,—,,+4,,miss,,,,—,,
2026-10-04T20:01:41.654341+00:00,nfl,2026,4,401872967,4018729671168,2,11:46,D.Montgomery right guard to HST 30 for 1 yard (K.Clark).,2,5,HOU 29,29,4,Houston Texans,Dallas Cowboys,10,6,64.6,35.4,316.0,62.0,378.0,278.0,75.0,353.0,game,Spread,Houston Texans,,-2.5,kalshi,-118.0,—,—,,+4,,hit,,,,—,,
2026-10-04T20:01:41.654341+00:00,nfl,2026,4,401872967,4018729671168,2,11:46,D.Montgomery right guard to HST 30 for 1 yard (K.Clark).,2,5,HOU 29,29,4,Houston Texans,Dallas Cowboys,10,6,64.6,35.4,316.0,62.0,378.0,278.0,75.0,353.0,game,Total,Over,,54.5,betfair,-119.0,—,—,,16.0,,miss,,,,—,,
2026-10-04T20:01:41.654341+00:00,nfl,2026,4,401872967,4018729671168,2,11:46,D.Montgomery right guard to HST 30 for 1 yard (K.Clark).,2,5,HOU 29,29,4,Houston Texans,Dallas Cowboys,10,6,64.6,35.4,316.0,62.0,378.0,278.0,75.0,353.0,game,Total,,,54.5,,,—,—,,16.0,,hit,,,,—,,
2026-10-04T20:01:41.654341+00:00,nfl,2026,4,401872967,4018729671168,2,11:46,D.Montgomery right guard to HST 30 for 1 yard (K.Clark).,2,5,HOU 29,29,4,Houston Texans,Dallas Cowboys,10,6,64.6,35.4,316.0,62.0,378.0,278.0,75.0,353.0,game,ML,Dallas Cowboys,,,polymarket,127.0,—,—,,Loss,,miss,,,,—,,
2026-10-04T20:01:41.654341+00:00,nfl,2026,4,401872967,4018729671168,2,11:46,D.Montgomery right guard to HST 30 for 1 yard (K.Clark).,2,5,HOU 29,29,4,Houston Texans,Dallas Cowboys,10,6,64.6,35.4,316.0,62.0,378.0,278.0,75.0,353.0,game,ML,Houston Texans,,,stn,-120.0,—,—,,Win,,hit,,,,—,,
2026-10-04T20:01:41.654341+00:00,nfl,2026,4,401872967,4018729671190,2,11:09,(Shotgun) C.Stroud sacked at HST 29 for -1 yards (R.Gary).,3,4,HOU 30,30,4,Houston Texans,Dallas Cowboys,10,6,64.6,35.4,316.0,62.0,378.0,278.0,75.0,353.0,game,Spread,Dallas Cowboys,,2.5,novig,100.0,—,—,,+4,,miss,,,,—,,
2026-10-04T20:01:41.654341+00:00,nfl,2026,4,401872967,4018729671190,2,11:09,(Shotgun) C.Stroud sacked at HST 29 for -1 yards (R.Gary).,3,4,HOU 30,30,4,Houston Texans,Dallas Cowboys,10,6,64.6,35.4,316.0,62.0,378.0,278.0,75.0,353.0,game,Spread,Houston Texans,,-2.5,kalshi,-118.0,—,—,,+4,,hit,,,,—,,
2026-10-04T20:01:41.654341+00:00,nfl,2026,4,401872967,4018729671190,2,11:09,(Shotgun) C.Stroud sacked at HST 29 for -1 yards (R.Gary).,3,4,HOU 30,30,4,Houston Texans,Dallas Cowboys,10,6,64.6,35.4,316.0,62.0,378.0,278.0,75.0,353.0,game,Total,Over,,54.5,betfair,-119.0,—,—,,16.0,,miss,,,,—,,
2026-10-04T20:01:41.654341+00:00,nfl,2026,4,401872967,4018729671190,2,11:09,(Shotgun) C.Stroud sacked at HST 29 for -1 yards (R.Gary).,3,4,HOU 30,30,4,Houston Texans,Dallas Cowboys,10,6,64.6,35.4,316.0,62.0,378.0,278.0,75.0,353.0,game,Total,,,54.5,,,—,—,,16.0,,hit,,,,—,,
2026-10-04T20:01:41.654341+00:00,nfl,2026,4,401872967,4018729671190,2,11:09,(Shotgun) C.Stroud sacked at HST 29 for -1 yards (R.Gary).,3,4,HOU 30,30,4,Houston Texans,Dallas Cowboys,10,6,64.6,35.4,316.0,62.0,378.0,278.0,75.0,353.0,game,ML,Dallas Cowboys,,,polymarket,127.0,—,—,,Loss,,miss,,,,—,,
2026-10-04T20:01:41.654341+00:00,nfl,2026,4,401872967,4018729671190,2,11:09,(Shotgun) C.Stroud sacked at HST 29 for -1 yards (R.Gary).,3,4,HOU 30,30,4,Houston Texans,Dallas Cowboys,10,6,64.6,35.4,316.0,62.0,378.0,278.0,75.0,353.0,game,ML,Houston Texans,,,stn,-120.0,—,—,,Win,,hit,,,,—,,
2026-10-04T20:01:41.654341+00:00,nfl,2026,4,401872967,4018729671210,2,10:30,"K.Kroeger punts 56 yards to DAL 15, Center-A.Brinkman. K.Turpin to DAL 31 for 16 yards (J.Hill).",4,5,HOU 29,29,4,Houston Texans,Dallas Cowboys,10,6,64.6,35.4,316.0,62.0,378.0,278.0,75.0,353.0,game,Spread,Dallas Cowboys,,2.5,novig,100.0,—,—,,+4,,miss,,,,—,,
2026-10-04T20:01:41.654341+00:00,nfl,2026,4,401872967,4018729671210,2,10:30,"K.Kroeger punts 56 yards to DAL 15, Center-A.Brinkman. K.Turpin to DAL 31 for 16 yards (J.Hill).",4,5,HOU 29,29,4,Houston Texans,Dallas Cowboys,10,6,64.6,35.4,316.0,62.0,378.0,278.0,75.0,353.0,game,Spread,Houston Texans,,-2.5,kalshi,-118.0,—,—,,+4,,hit,,,,—,,
2026-10-04T20:01:41.654341+00:00,nfl,2026,4,401872967,4018729671210,2,10:30,"K.Kroeger punts 56 yards to DAL 15, Center-A.Brinkman. K.Turpin to DAL 31 for 16 yards (J.Hill).",4,5,HOU 29,29,4,Houston Texans,Dallas Cowboys,10,6,64.6,35.4,316.0,62.0,378.0,278.0,75.0,353.0,game,Total,Over,,54.5,betfair,-119.0,—,—,,16.0,,miss,,,,—,,
2026-10-04T20:01:41.654341+00:00,nfl,2026,4,401872967,4018729671210,2,10:30,"K.Kroeger punts 56 yards to DAL 15, Center-A.Brinkman. K.Turpin to DAL 31 for 16 yards (J.Hill).",4,5,HOU 29,29,4,Houston Texans,Dallas Cowboys,10,6,64.6,35.4,316.0,62.0,378.0,278.0,75.0,353.0,game,Total,,,54.5,,,—,—,,16.0,,hit,,,,—,,
2026-10-04T20:01:41.654341+00:00,nfl,2026,4,401872967,4018729671210,2,10:30,"K.Kroeger punts 56 yards to DAL 15, Center-A.Brinkman. K.Turpin to DAL 31 for 16 yards (J.Hill).",4,5,HOU 29,29,4,Houston Texans,Dallas Cowboys,10,6,64.6,35.4,316.0,62.0,378.0,278.0,75.0,353.0,game,ML,Dallas Cowboys,,,polymarket,127.0,—,—,,Loss,,miss,,,,—,,
2026-10-04T20:01:41.654341+00:00,nfl,2026,4,401872967,4018729671210,2,10:30,"K.Kroeger punts 56 yards to DAL 15, Center-A.Brinkman. K.Turpin to DAL 31 for 16 yards (J.Hill).",4,5,HOU 29,29,4,Houston Texans,Dallas Cowboys,10,6,64.6,35.4,316.0,62.0,378.0,278.0,75.0,353.0,game,ML,Houston Texans,,,stn,-120.0,—,—,,Win,,hit,,,,—,,
2026-10-04T20:01:41.654341+00:00,nfl,2026,4,401872967,4018729671223,2,10:18,Official Timeout at 10:18.,1,10,DAL 31,69,4,Houston Texans,Dallas Cowboys,10,6,64.6,35.4,316.0,62.0,378.0,278.0,75.0,353.0,game,Spread,Dallas Cowboys,,2.5,novig,100.0,—,—,,+4,,miss,,,,—,,
2026-10-04T20:01:41.654341+00:00,nfl,2026,4,401872967,4018729671223,2,10:18,Official Timeout at 10:18.,1,10,DAL 31,69,4,Houston Texans,Dallas Cowboys,10,6,64.6,35.4,316.0,62.0,378.0,278.0,75.0,353.0,game,Spread,Houston Texans,,-2.5,kalshi,-118.0,—,—,,+4,,hit,,,,—,,
2026-10-04T20:01:41.654341+00:00,nfl,2026,4,401872967,4018729671223,2,10:18,Official Timeout at 10:18.,1,10,DAL 31,69,4,Houston Texans,Dallas Cowboys,10,6,64.6,35.4,316.0,62.0,378.0,278.0,75.0,353.0,game,Total,Over,,54.5,betfair,-119.0,—,—,,16.0,,miss,,,,—,,
2026-10-04T20:01:41.654341+00:00,nfl,2026,4,401872967,4018729671223,2,10:18,Official Timeout at 10:18.,1,10,DAL 31,69,4,Houston Texans,Dallas Cowboys,10,6,64.6,35.4,316.0,62.0,378.0,278.0,75.0,353.0,game,Total,,,54.5,,,—,—,,16.0,,hit,,,,—,,
2026-10-04T20:01:41.654341+00:00,nfl,2026,4,401872967,4018729671223,2,10:18,Official Timeout at 10:18.,1,10,DAL 31,69,4,Houston Texans,Dallas Cowboys,10,6,64.6,35.4,316.0,62.0,378.0,278.0,75.0,353.0,game,ML,Dallas Cowboys,,,polymarket,127.0,—,—,,Loss,,miss,,,,—,,
2026-10-04T20:01:41.654341+00:00,nfl,2026,4,401872967,4018729671223,2,10:18,Official Timeout at 10:18.,1,10,DAL 31,69,4,Houston Texans,Dallas Cowboys,10,6,64.6,35.4,316.0,62.0,378.0,278.0,75.0,353.0,game,ML,Houston Texans,,,stn,-120.0,—,—,,Win,,hit,,,,—,,
2026-10-04T20:01:41.654341+00:00,nfl,2026,4,401872967,4018729671236,2,10:18,J.Williams up the middle to DAL 33 for 2 yards (R.Blankenship; T.Togiai).,1,10,DAL 31,69,4,Houston Texans,Dallas Cowboys,10,6,64.6,35.4,316.0,62.0,378.0,278.0,75.0,353.0,game,Spread,Dallas Cowboys,,2.5,novig,100.0,—,—,,+4,,miss,,,,—,,
2026-10-04T20:01:41.654341+00:00,nfl,2026,4,401872967,4018729671236,2,10:18,J.Williams up the middle to DAL 33 for 2 yards (R.Blankenship; T.Togiai).,1,10,DAL 31,69,4,Houston Texans,Dallas Cowboys,10,6,64.6,35.4,316.0,62.0,378.0,278.0,75.0,353.0,game,Spread,Houston Texans,,-2.5,kalshi,-118.0,—,—,,+4,,hit,,,,—,,
2026-10-04T20:01:41.654341+00:00,nfl,2026,4,401872967,4018729671236,2,10:18,J.Williams up the middle to DAL 33 for 2 yards (R.Blankenship; T.Togiai).,1,10,DAL 31,69,4,Houston Texans,Dallas Cowboys,10,6,64.6,35.4,316.0,62.0,378.0,278.0,75.0,353.0,game,Total,Over,,54.5,betfair,-119.0,—,—,,16.0,,miss,,,,—,,
2026-10-04T20:01:41.654341+00:00,nfl,2026,4,401872967,4018729671236,2,10:18,J.Williams up the middle to DAL 33 for 2 yards (R.Blankenship; T.Togiai).,1,10,DAL 31,69,4,Houston Texans,Dallas Cowboys,10,6,64.6,35.4,316.0,62.0,378.0,278.0,75.0,353.0,game,Total,,,54.5,,,—,—,,16.0,,hit,,,,—,,
2026-10-04T20:01:41.654341+00:00,nfl,2026,4,401872967,4018729671236,2,10:18,J.Williams up the middle to DAL 33 for 2 yards (R.Blankenship; T.Togiai).,1,10,DAL 31,69,4,Houston Texans,Dallas Cowboys,10,6,64.6,35.4,316.0,62.0,378.0,278.0,75.0,353.0,game,ML,Dallas Cowboys,,,polymarket,127.0,—,—,,Loss,,miss,,,,—,,
2026-10-04T20:01:41.654341+00:00,nfl,2026,4,401872967,4018729671236,2,10:18,J.Williams up the middle to DAL 33 for 2 yards (R.Blankenship; T.Togiai).,1,10,DAL 31,69,4,Houston Texans,Dallas Cowboys,10,6,64.6,35.4,316.0,62.0,378.0,278.0,75.0,353.0,game,ML,Houston Texans,,,stn,-120.0,—,—,,Win,,hit,,,,—,,
2026-10-04T20:01:41.654341+00:00,nfl,2026,4,401872967,4018729671265,2,9:44,"(Shotgun) D.Prescott pass incomplete short right [J.Clowney].PENALTY on DAL-D.Prescott, Intentional Grounding, 14 yards, enforced at DAL 33.",2,8,DAL 33,67,4,Houston Texans,Dallas Cowboys,10,6,64.6,35.4,316.0,62.0,378.0,278.0,75.0,353.0,game,Spread,Dallas Cowboys,,2.5,novig,100.0,—,—,,+4,,miss,,,,—,,
2026-10-04T20:01:41.654341+00:00,nfl,2026,4,401872967,4018729671265,2,9:44,"(Shotgun) D.Prescott pass incomplete short right [J.Clowney].PENALTY on DAL-D.Prescott, Intentional Grounding, 14 yards, enforced at DAL 33.",2,8,DAL 33,67,4,Houston Texans,Dallas Cowboys,10,6,64.6,35.4,316.0,62.0,378.0,278.0,75.0,353.0,game,Spread,Houston Texans,,-2.5,kalshi,-118.0,—,—,,+4,,hit,,,,—,,
2026-10-04T20:01:41.654341+00:00,nfl,2026,4,401872967,4018729671265,2,9:44,"(Shotgun) D.Prescott pass incomplete short right [J.Clowney].PENALTY on DAL-D.Prescott, Intentional Grounding, 14 yards, enforced at DAL 33.",2,8,DAL 33,67,4,Houston Texans,Dallas Cowboys,10,6,64.6,35.4,316.0,62.0,378.0,278.0,75.0,353.0,game,Total,Over,,54.5,betfair,-119.0,—,—,,16.0,,miss,,,,—,,
2026-10-04T20:01:41.654341+00:00,nfl,2026,4,401872967,4018729671265,2,9:44,"(Shotgun) D.Prescott pass incomplete short right [J.Clowney].PENALTY on DAL-D.Prescott, Intentional Grounding, 14 yards, enforced at DAL 33.",2,8,DAL 33,67,4,Houston Texans,Dallas Cowboys,10,6,64.6,35.4,316.0,62.0,378.0,278.0,75.0,353.0,game,Total,,,54.5,,,—,—,,16.0,,hit,,,,—,,
2026-10-04T20:01:41.654341+00:00,nfl,2026,4,401872967,4018729671265,2,9:44,"(Shotgun) D.Prescott pass incomplete short right [J.Clowney].PENALTY on DAL-D.Prescott, Intentional Grounding, 14 yards, enforced at DAL 33.",2,8,DAL 33,67,4,Houston Texans,Dallas Cowboys,10,6,64.6,35.4,316.0,62.0,378.0,278.0,75.0,353.0,game,ML,Dallas Cowboys,,,polymarket,127.0,—,—,,Loss,,miss,,,,—,,
2026-10-04T20:01:41.654341+00:00,nfl,2026,4,401872967,4018729671265,2,9:44,"(Shotgun) D.Prescott pass incomplete short right [J.Clowney].PENALTY on DAL-D.Prescott, Intentional Grounding, 14 yards, enforced at DAL 33.",2,8,DAL 33,67,4,Houston Texans,Dallas Cowboys,10,6,64.6,35.4,316.0,62.0,378.0,278.0,75.0,353.0,game,ML,Houston Texans,,,stn,-120.0,—,—,,Win,,hit,,,,—,,
2026-10-04T20:01:41.654341+00:00,nfl,2026,4,401872967,4018729671299,2,9:34,"(Shotgun) J.Williams left guard to DAL 27 for 8 yards (L.Hall; J.Hansen).PENALTY on HST-L.Hall, Illegal Use of Hands, 5 yards, enforced at DAL 27.",3,22,DAL 19,81,4,Houston Texans,Dallas Cowboys,10,6,64.6,35.4,316.0,62.0,378.0,278.0,75.0,353.0,game,Spread,Dallas Cowboys,,2.5,novig,100.0,—,—,,+4,,miss,,,,—,,
2026-10-04T20:01:41.654341+00:00,nfl,2026,4,401872967,4018729671299,2,9:34,"(Shotgun) J.Williams left guard to DAL 27 for 8 yards (L.Hall; J.Hansen).PENALTY on HST-L.Hall, Illegal Use of Hands, 5 yards, enforced at DAL 27.",3,22,DAL 19,81,4,Houston Texans,Dallas Cowboys,10,6,64.6,35.4,316.0,62.0,378.0,278.0,75.0,353.0,game,Spread,Houston Texans,,-2.5,kalshi,-118.0,—,—,,+4,,hit,,,,—,,
2026-10-04T20:01:41.654341+00:00,nfl,2026,4,401872967,4018729671299,2,9:34,"(Shotgun) J.Williams left guard to DAL 27 for 8 yards (L.Hall; J.Hansen).PENALTY on HST-L.Hall, Illegal Use of Hands, 5 yards, enforced at DAL 27.",3,22,DAL 19,81,4,Houston Texans,Dallas Cowboys,10,6,64.6,35.4,316.0,62.0,378.0,278.0,75.0,353.0,game,Total,Over,,54.5,betfair,-119.0,—,—,,16.0,,miss,,,,—,,
2026-10-04T20:01:41.654341+00:00,nfl,2026,4,401872967,4018729671299,2,9:34,"(Shotgun) J.Williams left guard to DAL 27 for 8 yards (L.Hall; J.Hansen).PENALTY on HST-L.Hall, Illegal Use of Hands, 5 yards, enforced at DAL 27.",3,22,DAL 19,81,4,Houston Texans,Dallas Cowboys,10,6,64.6,35.4,316.0,62.0,378.0,278.0,75.0,353.0,game,Total,,,54.5,,,—,—,,16.0,,hit,,,,—,,
2026-10-04T20:01:41.654341+00:00,nfl,2026,4,401872967,4018729671299,2,9:34,"(Shotgun) J.Williams left guard to DAL 27 for 8 yards (L.Hall; J.Hansen).PENALTY on HST-L.Hall, Illegal Use of Hands, 5 yards, enforced at DAL 27.",3,22,DAL 19,81,4,Houston Texans,Dallas Cowboys,10,6,64.6,35.4,316.0,62.0,378.0,278.0,75.0,353.0,game,ML,Dallas Cowboys,,,polymarket,127.0,—,—,,Loss,,miss,,,,—,,
2026-10-04T20:01:41.654341+00:00,nfl,2026,4,401872967,4018729671299,2,9:34,"(Shotgun) J.Williams left guard to DAL 27 for 8 yards (L.Hall; J.Hansen).PENALTY on HST-L.Hall, Illegal Use of Hands, 5 yards, enforced at DAL 27.",3,22,DAL 19,81,4,Houston Texans,Dallas Cowboys,10,6,64.6,35.4,316.0,62.0,378.0,278.0,75.0,353.0,game,ML,Houston Texans,,,stn,-120.0,—,—,,Win,,hit,,,,—,,
2026-10-04T20:01:41.654341+00:00,nfl,2026,4,401872967,4018729671332,2,9:15,C.Lamb left end to DAL 26 for -6 yards (W.Anderson).,1,10,DAL 32,68,4,Houston Texans,Dallas Cowboys,10,6,64.6,35.4,316.0,62.0,378.0,278.0,75.0,353.0,game,Spread,Dallas Cowboys,,2.5,novig,100.0,—,—,,+4,,miss,,,,—,,
2026-10-04T20:01:41.654341+00:00,nfl,2026,4,401872967,4018729671332,2,9:15,C.Lamb left end to DAL 26 for -6 yards (W.Anderson).,1,10,DAL 32,68,4,Houston Texans,Dallas Cowboys,10,6,64.6,35.4,316.0,62.0,378.0,278.0,75.0,353.0,game,Spread,Houston Texans,,-2.5,kalshi,-118.0,—,—,,+4,,hit,,,,—,,
2026-10-04T20:01:41.654341+00:00,nfl,2026,4,401872967,4018729671332,2,9:15,C.Lamb left end to DAL 26 for -6 yards (W.Anderson).,1,10,DAL 32,68,4,Houston Texans,Dallas Cowboys,10,6,64.6,35.4,316.0,62.0,378.0,278.0,75.0,353.0,game,Total,Over,,54.5,betfair,-119.0,—,—,,16.0,,miss,,,,—,,
2026-10-04T20:01:41.654341+00:00,nfl,2026,4,401872967,4018729671332,2,9:15,C.Lamb left end to DAL 26 for -6 yards (W.Anderson).,1,10,DAL 32,68,4,Houston Texans,Dallas Cowboys,10,6,64.6,35.4,316.0,62.0,378.0,278.0,75.0,353.0,game,Total,,,54.5,,,—,—,,16.0,,hit,,,,—,,
2026-10-04T20:01:41.654341+00:00,nfl,2026,4,401872967,4018729671332,2,9:15,C.Lamb left end to DAL 26 for -6 yards (W.Anderson).,1,10,DAL 32,68,4,Houston Texans,Dallas Cowboys,10,6,64.6,35.4,316.0,62.0,378.0,278.0,75.0,353.0,game,ML,Dallas Cowboys,,,polymarket,127.0,—,—,,Loss,,miss,,,,—,,
2026-10-04T20:01:41.654341+00:00,nfl,2026,4,401872967,4018729671332,2,9:15,C.Lamb left end to DAL 26 for -6 yards (W.Anderson).,1,10,DAL 32,68,4,Houston Texans,Dallas Cowboys,10,6,64.6,35.4,316.0,62.0,378.0,278.0,75.0,353.0,game,ML,Houston Texans,,,stn,-120.0,—,—,,Win,,hit,,,,—,,
2026-10-04T20:01:41.654341+00:00,nfl,2026,4,401872967,4018729671343,2,8:35,Timeout #1 by DAL at 08:35.,2,16,DAL 26,74,4,Houston Texans,Dallas Cowboys,10,6,64.6,35.4,316.0,62.0,378.0,278.0,75.0,353.0,game,Spread,Dallas Cowboys,,2.5,novig,100.0,—,—,,+4,,miss,,,,—,,
2026-10-04T20:01:41.654341+00:00,nfl,2026,4,401872967,4018729671343,2,8:35,Timeout #1 by DAL at 08:35.,2,16,DAL 26,74,4,Houston Texans,Dallas Cowboys,10,6,64.6,35.4,316.0,62.0,378.0,278.0,75.0,353.0,game,Spread,Houston Texans,,-2.5,kalshi,-118.0,—,—,,+4,,hit,,,,—,,
2026-10-04T20:01:41.654341+00:00,nfl,2026,4,401872967,4018729671343,2,8:35,Timeout #1 by DAL at 08:35.,2,16,DAL 26,74,4,Houston Texans,Dallas Cowboys,10,6,64.6,35.4,316.0,62.0,378.0,278.0,75.0,353.0,game,Total,Over,,54.5,betfair,-119.0,—,—,,16.0,,miss,,,,—,,
2026-10-04T20:01:41.654341+00:00,nfl,2026,4,401872967,4018729671343,2,8:35,Timeout #1 by DAL at 08:35.,2,16,DAL 26,74,4,Houston Texans,Dallas Cowboys,10,6,64.6,35.4,316.0,62.0,378.0,278.0,75.0,353.0,game,Total,,,54.5,,,—,—,,16.0,,hit,,,,—,,
2026-10-04T20:01:41.654341+00:00,nfl,2026,4,401872967,4018729671343,2,8:35,Timeout #1 by DAL at 08:35.,2,16,DAL 26,74,4,Houston Texans,Dallas Cowboys,10,6,64.6,35.4,316.0,62.0,378.0,278.0,75.0,353.0,game,ML,Dallas Cowboys,,,polymarket,127.0,—,—,,Loss,,miss,,,,—,,
2026-10-04T20:01:41.654341+00:00,nfl,2026,4,401872967,4018729671343,2,8:35,Timeout #1 by DAL at 08:35.,2,16,DAL 26,74,4,Houston Texans,Dallas Cowboys,10,6,64.6,35.4,316.0,62.0,378.0,278.0,75.0,353.0,game,ML,Houston Texans,,,stn,-120.0,—,—,,Win,,hit,,,,—,,
2026-10-04T20:01:41.654341+00:00,nfl,2026,4,401872967,4018729671354,2,8:34,(Shotgun) D.Prescott pass incomplete short right to C.Lamb (D.Stingley).,2,16,DAL 26,74,4,Houston Texans,Dallas Cowboys,10,6,64.6,35.4,316.0,62.0,378.0,278.0,75.0,353.0,game,Spread,Dallas Cowboys,,2.5,novig,100.0,—,—,,+4,,miss,,,,—,,
2026-10-04T20:01:41.654341+00:00,nfl,2026,4,401872967,4018729671354,2,8:34,(Shotgun) D.Prescott pass incomplete short right to C.Lamb (D.Stingley).,2,16,DAL 26,74,4,Houston Texans,Dallas Cowboys,10,6,64.6,35.4,316.0,62.0,378.0,278.0,75.0,353.0,game,Spread,Houston Texans,,-2.5,kalshi,-118.0,—,—,,+4,,hit,,,,—,,
2026-10-04T20:01:41.654341+00:00,nfl,2026,4,401872967,4018729671354,2,8:34,(Shotgun) D.Prescott pass incomplete short right to C.Lamb (D.Stingley).,2,16,DAL 26,74,4,Houston Texans,Dallas Cowboys,10,6,64.6,35.4,316.0,62.0,378.0,278.0,75.0,353.0,game,Total,Over,,54.5,betfair,-119.0,—,—,,16.0,,miss,,,,—,,
2026-10-04T20:01:41.654341+00:00,nfl,2026,4,401872967,4018729671354,2,8:34,(Shotgun) D.Prescott pass incomplete short right to C.Lamb (D.Stingley).,2,16,DAL 26,74,4,Houston Texans,Dallas Cowboys,10,6,64.6,35.4,316.0,62.0,378.0,278.0,75.0,353.0,game,Total,,,54.5,,,—,—,,16.0,,hit,,,,—,,
2026-10-04T20:01:41.654341+00:00,nfl,2026,4,401872967,4018729671354,2,8:34,(Shotgun) D.Prescott pass incomplete short right to C.Lamb (D.Stingley).,2,16,DAL 26,74,4,Houston Texans,Dallas Cowboys,10,6,64.6,35.4,316.0,62.0,378.0,278.0,75.0,353.0,game,ML,Dallas Cowboys,,,polymarket,127.0,—,—,,Loss,,miss,,,,—,,
2026-10-04T20:01:41.654341+00:00,nfl,2026,4,401872967,4018729671354,2,8:34,(Shotgun) D.Prescott pass incomplete short right to C.Lamb (D.Stingley).,2,16,DAL 26,74,4,Houston Texans,Dallas Cowboys,10,6,64.6,35.4,316.0,62.0,378.0,278.0,75.0,353.0,game,ML,Houston Texans,,,stn,-120.0,—,—,,Win,,hit,,,,—,,
2026-10-04T20:01:41.654341+00:00,nfl,2026,4,401872967,4018729671384,2,8:29,(Shotgun) D.Prescott pass incomplete short middle to J.Ferguson (K.Lassiter).,3,16,DAL 26,74,4,Houston Texans,Dallas Cowboys,10,6,64.6,35.4,316.0,62.0,378.0,278.0,75.0,353.0,game,Spread,Dallas Cowboys,,2.5,novig,100.0,—,—,,+4,,miss,,,,—,,
2026-10-04T20:01:41.654341+00:00,nfl,2026,4,401872967,4018729671384,2,8:29,(Shotgun) D.Prescott pass incomplete short middle to J.Ferguson (K.Lassiter).,3,16,DAL 26,74,4,Houston Texans,Dallas Cowboys,10,6,64.6,35.4,316.0,62.0,378.0,278.0,75.0,353.0,game,Spread,Houston Texans,,-2.5,kalshi,-118.0,—,—,,+4,,hit,,,,—,,
2026-10-04T20:01:41.654341+00:00,nfl,2026,4,401872967,4018729671384,2,8:29,(Shotgun) D.Prescott pass incomplete short middle to J.Ferguson (K.Lassiter).,3,16,DAL 26,74,4,Houston Texans,Dallas Cowboys,10,6,64.6,35.4,316.0,62.0,378.0,278.0,75.0,353.0,game,Total,Over,,54.5,betfair,-119.0,—,—,,16.0,,miss,,,,—,,
2026-10-04T20:01:41.654341+00:00,nfl,2026,4,401872967,4018729671384,2,8:29,(Shotgun) D.Prescott pass incomplete short middle to J.Ferguson (K.Lassiter).,3,16,DAL 26,74,4,Houston Texans,Dallas Cowboys,10,6,64.6,35.4,316.0,62.0,378.0,278.0,75.0,353.0,game,Total,,,54.5,,,—,—,,16.0,,hit,,,,—,,
2026-10-04T20:01:41.654341+00:00,nfl,2026,4,401872967,4018729671384,2,8:29,(Shotgun) D.Prescott pass incomplete short middle to J.Ferguson (K.Lassiter).,3,16,DAL 26,74,4,Houston Texans,Dallas Cowboys,10,6,64.6,35.4,316.0,62.0,378.0,278.0,75.0,353.0,game,ML,Dallas Cowboys,,,polymarket,127.0,—,—,,Loss,,miss,,,,—,,
2026-10-04T20:01:41.654341+00:00,nfl,2026,4,401872967,4018729671384,2,8:29,(Shotgun) D.Prescott pass incomplete short middle to J.Ferguson (K.Lassiter).,3,16,DAL 26,74,4,Houston Texans,Dallas Cowboys,10,6,64.6,35.4,316.0,62.0,378.0,278.0,75.0,353.0,game,ML,Houston Texans,,,stn,-120.0,—,—,,Win,,hit,,,,—,,
2026-10-04T20:01:41.654341+00:00,nfl,2026,4,401872967,4018729671407,2,8:23,"B.Anger punts 57 yards to HST 17, Center-T.Sieg. J.Noel to HST 17 for no gain (A.Clark).",4,16,DAL 26,74,4,Houston Texans,Dallas Cowboys,10,6,64.6,35.4,316.0,62.0,378.0,278.0,75.0,353.0,game,Spread,Dallas Cowboys,,2.5,novig,100.0,—,—,,+4,,miss,,,,—,,
2026-10-04T20:01:41.654341+00:00,nfl,2026,4,401872967,4018729671407,2,8:23,"B.Anger punts 57 yards to HST 17, Center-T.Sieg. J.Noel to HST 17 for no gain (A.Clark).",4,16,DAL 26,74,4,Houston Texans,Dallas Cowboys,10,6,64.6,35.4,316.0,62.0,378.0,278.0,75.0,353.0,game,Spread,Houston Texans,,-2.5,kalshi,-118.0,—,—,,+4,,hit,,,,—,,
2026-10-04T20:01:41.654341+00:00,nfl,2026,4,401872967,4018729671407,2,8:23,"B.Anger punts 57 yards to HST 17, Center-T.Sieg. J.Noel to HST 17 for no gain (A.Clark).",4,16,DAL 26,74,4,Houston Texans,Dallas Cowboys,10,6,64.6,35.4,316.0,62.0,378.0,278.0,75.0,353.0,game,Total,Over,,54.5,betfair,-119.0,—,—,,16.0,,miss,,,,—,,
2026-10-04T20:01:41.654341+00:00,nfl,2026,4,401872967,4018729671407,2,8:23,"B.Anger punts 57 yards to HST 17, Center-T.Sieg. J.Noel to HST 17 for no gain (A.Clark).",4,16,DAL 26,74,4,Houston Texans,Dallas Cowboys,10,6,64.6,35.4,316.0,62.0,378.0,278.0,75.0,353.0,game,Total,,,54.5,,,—,—,,16.0,,hit,,,,—,,
2026-10-04T20:01:41.654341+00:00,nfl,2026,4,401872967,4018729671407,2,8:23,"B.Anger punts 57 yards to HST 17, Center-T.Sieg. J.Noel to HST 17 for no gain (A.Clark).",4,16,DAL 26,74,4,Houston Texans,Dallas Cowboys,10,6,64.6,35.4,316.0,62.0,378.0,278.0,75.0,353.0,game,ML,Dallas Cowboys,,,polymarket,127.0,—,—,,Loss,,miss,,,,—,,
2026-10-04T20:01:41.654341+00:00,nfl,2026,4,401872967,4018729671407,2,8:23,"B.Anger punts 57 yards to HST 17, Center-T.Sieg. J.Noel to HST 17 for no gain (A.Clark).",4,16,DAL 26,74,4,Houston Texans,Dallas Cowboys,10,6,64.6,35.4,316.0,62.0,378.0,278.0,75.0,353.0,game,ML,Houston Texans,,,stn,-120.0,—,—,,Win,,hit,,,,—,,
2026-10-04T20:01:41.654341+00:00,nfl,2026,4,401872967,4018729671420,2,8:13,Official Timeout at 08:13.,1,10,HOU 17,17,4,Houston Texans,Dallas Cowboys,10,6,64.6,35.4,316.0,62.0,378.0,278.0,75.0,353.0,game,Spread,Dallas Cowboys,,2.5,novig,100.0,—,—,,+4,,miss,,,,—,,
2026-10-04T20:01:41.654341+00:00,nfl,2026,4,401872967,4018729671420,2,8:13,Official Timeout at 08:13.,1,10,HOU 17,17,4,Houston Texans,Dallas Cowboys,10,6,64.6,35.4,316.0,62.0,378.0,278.0,75.0,353.0,game,Spread,Houston Texans,,-2.5,kalshi,-118.0,—,—,,+4,,hit,,,,—,,
2026-10-04T20:01:41.654341+00:00,nfl,2026,4,401872967,4018729671420,2,8:13,Official Timeout at 08:13.,1,10,HOU 17,17,4,Houston Texans,Dallas Cowboys,10,6,64.6,35.4,316.0,62.0,378.0,278.0,75.0,353.0,game,Total,Over,,54.5,betfair,-119.0,—,—,,16.0,,miss,,,,—,,
2026-10-04T20:01:41.654341+00:00,nfl,2026,4,401872967,4018729671420,2,8:13,Official Timeout at 08:13.,1,10,HOU 17,17,4,Houston Texans,Dallas Cowboys,10,6,64.6,35.4,316.0,62.0,378.0,278.0,75.0,353.0,game,Total,,,54.5,,,—,—,,16.0,,hit,,,,—,,
2026-10-04T20:01:41.654341+00:00,nfl,2026,4,401872967,4018729671420,2,8:13,Official Timeout at 08:13.,1,10,HOU 17,17,4,Houston Texans,Dallas Cowboys,10,6,64.6,35.4,316.0,62.0,378.0,278.0,75.0,353.0,game,ML,Dallas Cowboys,,,polymarket,127.0,—,—,,Loss,,miss,,,,—,,
2026-10-04T20:01:41.654341+00:00,nfl,2026,4,401872967,4018729671420,2,8:13,Official Timeout at 08:13.,1,10,HOU 17,17,4,Houston Texans,Dallas Cowboys,10,6,64.6,35.4,316.0,62.0,378.0,278.0,75.0,353.0,game,ML,Houston Texans,,,stn,-120.0,—,—,,Win,,hit,,,,—,,
2026-10-04T20:01:41.654341+00:00,nfl,2026,4,401872967,4018729671433,2,8:13,C.Stroud pass incomplete deep left to X.Hutchinson (M.Hooker).,1,10,HOU 17,17,4,Houston Texans,Dallas Cowboys,10,6,64.6,35.4,316.0,62.0,378.0,278.0,75.0,353.0,game,Spread,Dallas Cowboys,,2.5,novig,100.0,—,—,,+4,,miss,,,,—,,
2026-10-04T20:01:41.654341+00:00,nfl,2026,4,401872967,4018729671433,2,8:13,C.Stroud pass incomplete deep left to X.Hutchinson (M.Hooker).,1,10,HOU 17,17,4,Houston Texans,Dallas Cowboys,10,6,64.6,35.4,316.0,62.0,378.0,278.0,75.0,353.0,game,Spread,Houston Texans,,-2.5,kalshi,-118.0,—,—,,+4,,hit,,,,—,,
2026-10-04T20:01:41.654341+00:00,nfl,2026,4,401872967,4018729671433,2,8:13,C.Stroud pass incomplete deep left to X.Hutchinson (M.Hooker).,1,10,HOU 17,17,4,Houston Texans,Dallas Cowboys,10,6,64.6,35.4,316.0,62.0,378.0,278.0,75.0,353.0,game,Total,Over,,54.5,betfair,-119.0,—,—,,16.0,,miss,,,,—,,
2026-10-04T20:01:41.654341+00:00,nfl,2026,4,401872967,4018729671433,2,8:13,C.Stroud pass incomplete deep left to X.Hutchinson (M.Hooker).,1,10,HOU 17,17,4,Houston Texans,Dallas Cowboys,10,6,64.6,35.4,316.0,62.0,378.0,278.0,75.0,353.0,game,Total,,,54.5,,,—,—,,16.0,,hit,,,,—,,
2026-10-04T20:01:41.654341+00:00,nfl,2026,4,401872967,4018729671433,2,8:13,C.Stroud pass incomplete deep left to X.Hutchinson (M.Hooker).,1,10,HOU 17,17,4,Houston Texans,Dallas Cowboys,10,6,64.6,35.4,316.0,62.0,378.0,278.0,75.0,353.0,game,ML,Dallas Cowboys,,,polymarket,127.0,—,—,,Loss,,miss,,,,—,,
2026-10-04T20:01:41.654341+00:00,nfl,2026,4,401872967,4018729671433,2,8:13,C.Stroud pass incomplete deep left to X.Hutchinson (M.Hooker).,1,10,HOU 17,17,4,Houston Texans,Dallas Cowboys,10,6,64.6,35.4,316.0,62.0,378.0,278.0,75.0,353.0,game,ML,Houston Texans,,,stn,-120.0,—,—,,Win,,hit,,,,—,,
2026-10-04T20:01:41.654341+00:00,nfl,2026,4,401872967,4018729671463,2,8:06,B.Fisher reported in as eligible.  W.Marks left end to HST 20 for 3 yards (L.Overton; D.Winters).,2,10,HOU 17,17,4,Houston Texans,Dallas Cowboys,10,6,64.6,35.4,316.0,62.0,378.0,278.0,75.0,353.0,game,Spread,Dallas Cowboys,,2.5,novig,100.0,—,—,,+4,,miss,,,,—,,
2026-10-04T20:01:41.654341+00:00,nfl,2026,4,401872967,4018729671463,2,8:06,B.Fisher reported in as eligible.  W.Marks left end to HST 20 for 3 yards (L.Overton; D.Winters).,2,10,HOU 17,17,4,Houston Texans,Dallas Cowboys,10,6,64.6,35.4,316.0,62.0,378.0,278.0,75.0,353.0,game,Spread,Houston Texans,,-2.5,kalshi,-118.0,—,—,,+4,,hit,,,,—,,
2026-10-04T20:01:41.654341+00:00,nfl,2026,4,401872967,4018729671463,2,8:06,B.Fisher reported in as eligible.  W.Marks left end to HST 20 for 3 yards (L.Overton; D.Winters).,2,10,HOU 17,17,4,Houston Texans,Dallas Cowboys,10,6,64.6,35.4,316.0,62.0,378.0,278.0,75.0,353.0,game,Total,Over,,54.5,betfair,-119.0,—,—,,16.0,,miss,,,,—,,
2026-10-04T20:01:41.654341+00:00,nfl,2026,4,401872967,4018729671463,2,8:06,B.Fisher reported in as eligible.  W.Marks left end to HST 20 for 3 yards (L.Overton; D.Winters).,2,10,HOU 17,17,4,Houston Texans,Dallas Cowboys,10,6,64.6,35.4,316.0,62.0,378.0,278.0,75.0,353.0,game,Total,,,54.5,,,—,—,,16.0,,hit,,,,—,,
2026-10-04T20:01:41.654341+00:00,nfl,2026,4,401872967,4018729671463,2,8:06,B.Fisher reported in as eligible.  W.Marks left end to HST 20 for 3 yards (L.Overton; D.Winters).,2,10,HOU 17,17,4,Houston Texans,Dallas Cowboys,10,6,64.6,35.4,316.0,62.0,378.0,278.0,75.0,353.0,game,ML,Dallas Cowboys,,,polymarket,127.0,—,—,,Loss,,miss,,,,—,,
2026-10-04T20:01:41.654341+00:00,nfl,2026,4,401872967,4018729671463,2,8:06,B.Fisher reported in as eligible.  W.Marks left end to HST 20 for 3 yards (L.Overton; D.Winters).,2,10,HOU 17,17,4,Houston Texans,Dallas Cowboys,10,6,64.6,35.4,316.0,62.0,378.0,278.0,75.0,353.0,game,ML,Houston Texans,,,stn,-120.0,—,—,,Win,,hit,,,,—,,
2026-10-04T20:01:41.654341+00:00,nfl,2026,4,401872967,4018729671487,2,7:27,(Shotgun) C.Stroud pass incomplete deep right to X.Hutchinson.,3,7,HOU 20,20,4,Houston Texans,Dallas Cowboys,10,6,64.6,35.4,316.0,62.0,378.0,278.0,75.0,353.0,game,Spread,Dallas Cowboys,,2.5,novig,100.0,—,—,,+4,,miss,,,,—,,
2026-10-04T20:01:41.654341+00:00,nfl,2026,4,401872967,4018729671487,2,7:27,(Shotgun) C.Stroud pass incomplete deep right to X.Hutchinson.,3,7,HOU 20,20,4,Houston Texans,Dallas Cowboys,10,6,64.6,35.4,316.0,62.0,378.0,278.0,75.0,353.0,game,Spread,Houston Texans,,-2.5,kalshi,-118.0,—,—,,+4,,hit,,,,—,,
2026-10-04T20:01:41.654341+00:00,nfl,2026,4,401872967,4018729671487,2,7:27,(Shotgun) C.Stroud pass incomplete deep right to X.Hutchinson.,3,7,HOU 20,20,4,Houston Texans,Dallas Cowboys,10,6,64.6,35.4,316.0,62.0,378.0,278.0,75.0,353.0,game,Total,Over,,54.5,betfair,-119.0,—,—,,16.0,,miss,,,,—,,
2026-10-04T20:01:41.654341+00:00,nfl,2026,4,401872967,4018729671487,2,7:27,(Shotgun) C.Stroud pass incomplete deep right to X.Hutchinson.,3,7,HOU 20,20,4,Houston Texans,Dallas Cowboys,10,6,64.6,35.4,316.0,62.0,378.0,278.0,75.0,353.0,game,Total,,,54.5,,,—,—,,16.0,,hit,,,,—,,
2026-10-04T20:01:41.654341+00:00,nfl,2026,4,401872967,4018729671487,2,7:27,(Shotgun) C.Stroud pass incomplete deep right to X.Hutchinson.,3,7,HOU 20,20,4,Houston Texans,Dallas Cowboys,10,6,64.6,35.4,316.0,62.0,378.0,278.0,75.0,353.0,game,ML,Dallas Cowboys,,,polymarket,127.0,—,—,,Loss,,miss,,,,—,,
2026-10-04T20:01:41.654341+00:00,nfl,2026,4,401872967,4018729671487,2,7:27,(Shotgun) C.Stroud pass incomplete deep right to X.Hutchinson.,3,7,HOU 20,20,4,Houston Texans,Dallas Cowboys,10,6,64.6,35.4,316.0,62.0,378.0,278.0,75.0,353.0,game,ML,Houston Texans,,,stn,-120.0,—,—,,Win,,hit,,,,—,,
2026-10-04T20:01:41.654341+00:00,nfl,2026,4,401872967,4018729671510,2,7:22,"K.Kroeger punts 55 yards to DAL 25, Center-A.Brinkman. K.Turpin to DAL 36 for 11 yards (R.Blankenship; J.Hill).",4,7,HOU 20,20,4,Houston Texans,Dallas Cowboys,10,6,64.6,35.4,316.0,62.0,378.0,278.0,75.0,353.0,game,Spread,Dallas Cowboys,,2.5,novig,100.0,—,—,,+4,,miss,,,,—,,
2026-10-04T20:01:41.654341+00:00,nfl,2026,4,401872967,4018729671510,2,7:22,"K.Kroeger punts 55 yards to DAL 25, Center-A.Brinkman. K.Turpin to DAL 36 for 11 yards (R.Blankenship; J.Hill).",4,7,HOU 20,20,4,Houston Texans,Dallas Cowboys,10,6,64.6,35.4,316.0,62.0,378.0,278.0,75.0,353.0,game,Spread,Houston Texans,,-2.5,kalshi,-118.0,—,—,,+4,,hit,,,,—,,
2026-10-04T20:01:41.654341+00:00,nfl,2026,4,401872967,4018729671510,2,7:22,"K.Kroeger punts 55 yards to DAL 25, Center-A.Brinkman. K.Turpin to DAL 36 for 11 yards (R.Blankenship; J.Hill).",4,7,HOU 20,20,4,Houston Texans,Dallas Cowboys,10,6,64.6,35.4,316.0,62.0,378.0,278.0,75.0,353.0,game,Total,Over,,54.5,betfair,-119.0,—,—,,16.0,,miss,,,,—,,
2026-10-04T20:01:41.654341+00:00,nfl,2026,4,401872967,4018729671510,2,7:22,"K.Kroeger punts 55 yards to DAL 25, Center-A.Brinkman. K.Turpin to DAL 36 for 11 yards (R.Blankenship; J.Hill).",4,7,HOU 20,20,4,Houston Texans,Dallas Cowboys,10,6,64.6,35.4,316.0,62.0,378.0,278.0,75.0,353.0,game,Total,,,54.5,,,—,—,,16.0,,hit,,,,—,,
2026-10-04T20:01:41.654341+00:00,nfl,2026,4,401872967,4018729671510,2,7:22,"K.Kroeger punts 55 yards to DAL 25, Center-A.Brinkman. K.Turpin to DAL 36 for 11 yards (R.Blankenship; J.Hill).",4,7,HOU 20,20,4,Houston Texans,Dallas Cowboys,10,6,64.6,35.4,316.0,62.0,378.0,278.0,75.0,353.0,game,ML,Dallas Cowboys,,,polymarket,127.0,—,—,,Loss,,miss,,,,—,,
2026-10-04T20:01:41.654341+00:00,nfl,2026,4,401872967,4018729671510,2,7:22,"K.Kroeger punts 55 yards to DAL 25, Center-A.Brinkman. K.Turpin to DAL 36 for 11 yards (R.Blankenship; J.Hill).",4,7,HOU 20,20,4,Houston Texans,Dallas Cowboys,10,6,64.6,35.4,316.0,62.0,378.0,278.0,75.0,353.0,game,ML,Houston Texans,,,stn,-120.0,—,—,,Win,,hit,,,,—,,
2026-10-04T20:01:41.654341+00:00,nfl,2026,4,401872967,4018729671526,2,7:10,Official Timeout at 07:10.,1,10,DAL 36,64,4,Houston Texans,Dallas Cowboys,10,6,64.6,35.4,316.0,62.0,378.0,278.0,75.0,353.0,game,Spread,Dallas Cowboys,,2.5,novig,100.0,—,—,,+4,,miss,,,,—,,
2026-10-04T20:01:41.654341+00:00,nfl,2026,4,401872967,4018729671526,2,7:10,Official Timeout at 07:10.,1,10,DAL 36,64,4,Houston Texans,Dallas Cowboys,10,6,64.6,35.4,316.0,62.0,378.0,278.0,75.0,353.0,game,Spread,Houston Texans,,-2.5,kalshi,-118.0,—,—,,+4,,hit,,,,—,,
2026-10-04T20:01:41.654341+00:00,nfl,2026,4,401872967,4018729671526,2,7:10,Official Timeout at 07:10.,1,10,DAL 36,64,4,Houston Texans,Dallas Cowboys,10,6,64.6,35.4,316.0,62.0,378.0,278.0,75.0,353.0,game,Total,Over,,54.5,betfair,-119.0,—,—,,16.0,,miss,,,,—,,
2026-10-04T20:01:41.654341+00:00,nfl,2026,4,401872967,4018729671526,2,7:10,Official Timeout at 07:10.,1,10,DAL 36,64,4,Houston Texans,Dallas Cowboys,10,6,64.6,35.4,316.0,62.0,378.0,278.0,75.0,353.0,game,Total,,,54.5,,,—,—,,16.0,,hit,,,,—,,
2026-10-04T20:01:41.654341+00:00,nfl,2026,4,401872967,4018729671526,2,7:10,Official Timeout at 07:10.,1,10,DAL 36,64,4,Houston Texans,Dallas Cowboys,10,6,64.6,35.4,316.0,62.0,378.0,278.0,75.0,353.0,game,ML,Dallas Cowboys,,,polymarket,127.0,—,—,,Loss,,miss,,,,—,,
2026-10-04T20:01:41.654341+00:00,nfl,2026,4,401872967,4018729671526,2,7:10,Official Timeout at 07:10.,1,10,DAL 36,64,4,Houston Texans,Dallas Cowboys,10,6,64.6,35.4,316.0,62.0,378.0,278.0,75.0,353.0,game,ML,Houston Texans,,,stn,-120.0,—,—,,Win,,hit,,,,—,,
2026-10-04T20:01:41.654341+00:00,nfl,2026,4,401872967,4018729671541,2,7:10,(Shotgun) D.Prescott pass short right to C.Lamb to DAL 47 for 11 yards (J.Hansen).,1,10,DAL 36,64,4,Houston Texans,Dallas Cowboys,10,6,64.6,35.4,316.0,62.0,378.0,278.0,75.0,353.0,game,Spread,Dallas Cowboys,,2.5,novig,100.0,—,—,,+4,,miss,,,,—,,
2026-10-04T20:01:41.654341+00:00,nfl,2026,4,401872967,4018729671541,2,7:10,(Shotgun) D.Prescott pass short right to C.Lamb to DAL 47 for 11 yards (J.Hansen).,1,10,DAL 36,64,4,Houston Texans,Dallas Cowboys,10,6,64.6,35.4,316.0,62.0,378.0,278.0,75.0,353.0,game,Spread,Houston Texans,,-2.5,kalshi,-118.0,—,—,,+4,,hit,,,,—,,
2026-10-04T20:01:41.654341+00:00,nfl,2026,4,401872967,4018729671541,2,7:10,(Shotgun) D.Prescott pass short right to C.Lamb to DAL 47 for 11 yards (J.Hansen).,1,10,DAL 36,64,4,Houston Texans,Dallas Cowboys,10,6,64.6,35.4,316.0,62.0,378.0,278.0,75.0,353.0,game,Total,Over,,54.5,betfair,-119.0,—,—,,16.0,,miss,,,,—,,
2026-10-04T20:01:41.654341+00:00,nfl,2026,4,401872967,4018729671541,2,7:10,(Shotgun) D.Prescott pass short right to C.Lamb to DAL 47 for 11 yards (J.Hansen).,1,10,DAL 36,64,4,Houston Texans,Dallas Cowboys,10,6,64.6,35.4,316.0,62.0,378.0,278.0,75.0,353.0,game,Total,,,54.5,,,—,—,,16.0,,hit,,,,—,,
2026-10-04T20:01:41.654341+00:00,nfl,2026,4,401872967,4018729671541,2,7:10,(Shotgun) D.Prescott pass short right to C.Lamb to DAL 47 for 11 yards (J.Hansen).,1,10,DAL 36,64,4,Houston Texans,Dallas Cowboys,10,6,64.6,35.4,316.0,62.0,378.0,278.0,75.0,353.0,game,ML,Dallas Cowboys,,,polymarket,127.0,—,—,,Loss,,miss,,,,—,,
2026-10-04T20:01:41.654341+00:00,nfl,2026,4,401872967,4018729671541,2,7:10,(Shotgun) D.Prescott pass short right to C.Lamb to DAL 47 for 11 yards (J.Hansen).,1,10,DAL 36,64,4,Houston Texans,Dallas Cowboys,10,6,64.6,35.4,316.0,62.0,378.0,278.0,75.0,353.0,game,ML,Houston Texans,,,stn,-120.0,—,—,,Win,,hit,,,,—,,
2026-10-04T20:01:41.654341+00:00,nfl,2026,4,401872967,4018729671573,2,6:33,D.Prescott pass incomplete short middle to T.Goodson (T.Togiai).,1,10,DAL 47,53,4,Houston Texans,Dallas Cowboys,10,6,64.6,35.4,316.0,62.0,378.0,278.0,75.0,353.0,game,Spread,Dallas Cowboys,,2.5,novig,100.0,—,—,,+4,,miss,,,,—,,
2026-10-04T20:01:41.654341+00:00,nfl,2026,4,401872967,4018729671573,2,6:33,D.Prescott pass incomplete short middle to T.Goodson (T.Togiai).,1,10,DAL 47,53,4,Houston Texans,Dallas Cowboys,10,6,64.6,35.4,316.0,62.0,378.0,278.0,75.0,353.0,game,Spread,Houston Texans,,-2.5,kalshi,-118.0,—,—,,+4,,hit,,,,—,,
2026-10-04T20:01:41.654341+00:00,nfl,2026,4,401872967,4018729671573,2,6:33,D.Prescott pass incomplete short middle to T.Goodson (T.Togiai).,1,10,DAL 47,53,4,Houston Texans,Dallas Cowboys,10,6,64.6,35.4,316.0,62.0,378.0,278.0,75.0,353.0,game,Total,Over,,54.5,betfair,-119.0,—,—,,16.0,,miss,,,,—,,
2026-10-04T20:01:41.654341+00:00,nfl,2026,4,401872967,4018729671573,2,6:33,D.Prescott pass incomplete short middle to T.Goodson (T.Togiai).,1,10,DAL 47,53,4,Houston Texans,Dallas Cowboys,10,6,64.6,35.4,316.0,62.0,378.0,278.0,75.0,353.0,game,Total,,,54.5,,,—,—,,16.0,,hit,,,,—,,
2026-10-04T20:01:41.654341+00:00,nfl,2026,4,401872967,4018729671573,2,6:33,D.Prescott pass incomplete short middle to T.Goodson (T.Togiai).,1,10,DAL 47,53,4,Houston Texans,Dallas Cowboys,10,6,64.6,35.4,316.0,62.0,378.0,278.0,75.0,353.0,game,ML,Dallas Cowboys,,,polymarket,127.0,—,—,,Loss,,miss,,,,—,,
2026-10-04T20:01:41.654341+00:00,nfl,2026,4,401872967,4018729671573,2,6:33,D.Prescott pass incomplete short middle to T.Goodson (T.Togiai).,1,10,DAL 47,53,4,Houston Texans,Dallas Cowboys,10,6,64.6,35.4,316.0,62.0,378.0,278.0,75.0,353.0,game,ML,Houston Texans,,,stn,-120.0,—,—,,Win,,hit,,,,—,,
2026-10-04T20:01:41.654341+00:00,nfl,2026,4,401872967,4018729671596,2,6:25,(Shotgun) T.Goodson up the middle to HST 43 for 10 yards (C.Bullock).,2,10,DAL 47,53,4,Houston Texans,Dallas Cowboys,10,6,64.6,35.4,316.0,62.0,378.0,278.0,75.0,353.0,game,Spread,Dallas Cowboys,,2.5,novig,100.0,—,—,,+4,,miss,,,,—,,
2026-10-04T20:01:41.654341+00:00,nfl,2026,4,401872967,4018729671596,2,6:25,(Shotgun) T.Goodson up the middle to HST 43 for 10 yards (C.Bullock).,2,10,DAL 47,53,4,Houston Texans,Dallas Cowboys,10,6,64.6,35.4,316.0,62.0,378.0,278.0,75.0,353.0,game,Spread,Houston Texans,,-2.5,kalshi,-118.0,—,—,,+4,,hit,,,,—,,
2026-10-04T20:01:41.654341+00:00,nfl,2026,4,401872967,4018729671596,2,6:25,(Shotgun) T.Goodson up the middle to HST 43 for 10 yards (C.Bullock).,2,10,DAL 47,53,4,Houston Texans,Dallas Cowboys,10,6,64.6,35.4,316.0,62.0,378.0,278.0,75.0,353.0,game,Total,Over,,54.5,betfair,-119.0,—,—,,16.0,,miss,,,,—,,
2026-10-04T20:01:41.654341+00:00,nfl,2026,4,401872967,4018729671596,2,6:25,(Shotgun) T.Goodson up the middle to HST 43 for 10 yards (C.Bullock).,2,10,DAL 47,53,4,Houston Texans,Dallas Cowboys,10,6,64.6,35.4,316.0,62.0,378.0,278.0,75.0,353.0,game,Total,,,54.5,,,—,—,,16.0,,hit,,,,—,,
2026-10-04T20:01:41.654341+00:00,nfl,2026,4,401872967,4018729671596,2,6:25,(Shotgun) T.Goodson up the middle to HST 43 for 10 yards (C.Bullock).,2,10,DAL 47,53,4,Houston Texans,Dallas Cowboys,10,6,64.6,35.4,316.0,62.0,378.0,278.0,75.0,353.0,game,ML,Dallas Cowboys,,,polymarket,127.0,—,—,,Loss,,miss,,,,—,,
2026-10-04T20:01:41.654341+00:00,nfl,2026,4,401872967,4018729671596,2,6:25,(Shotgun) T.Goodson up the middle to HST 43 for 10 yards (C.Bullock).,2,10,DAL 47,53,4,Houston Texans,Dallas Cowboys,10,6,64.6,35.4,316.0,62.0,378.0,278.0,75.0,353.0,game,ML,Houston Texans,,,stn,-120.0,—,—,,Win,,hit,,,,—,,
2026-10-04T20:01:41.654341+00:00,nfl,2026,4,401872967,4018729671618,2,5:52,T.Goodson left end to HST 44 for -1 yards (J.Hansen).,1,10,HOU 43,43,4,Houston Texans,Dallas Cowboys,10,6,64.6,35.4,316.0,62.0,378.0,278.0,75.0,353.0,game,Spread,Dallas Cowboys,,2.5,novig,100.0,—,—,,+4,,miss,,,,—,,
2026-10-04T20:01:41.654341+00:00,nfl,2026,4,401872967,4018729671618,2,5:52,T.Goodson left end to HST 44 for -1 yards (J.Hansen).,1,10,HOU 43,43,4,Houston Texans,Dallas Cowboys,10,6,64.6,35.4,316.0,62.0,378.0,278.0,75.0,353.0,game,Spread,Houston Texans,,-2.5,kalshi,-118.0,—,—,,+4,,hit,,,,—,,
2026-10-04T20:01:41.654341+00:00,nfl,2026,4,401872967,4018729671618,2,5:52,T.Goodson left end to HST 44 for -1 yards (J.Hansen).,1,10,HOU 43,43,4,Houston Texans,Dallas Cowboys,10,6,64.6,35.4,316.0,62.0,378.0,278.0,75.0,353.0,game,Total,Over,,54.5,betfair,-119.0,—,—,,16.0,,miss,,,,—,,
2026-10-04T20:01:41.654341+00:00,nfl,2026,4,401872967,4018729671618,2,5:52,T.Goodson left end to HST 44 for -1 yards (J.Hansen).,1,10,HOU 43,43,4,Houston Texans,Dallas Cowboys,10,6,64.6,35.4,316.0,62.0,378.0,278.0,75.0,353.0,game,Total,,,54.5,,,—,—,,16.0,,hit,,,,—,,
2026-10-04T20:01:41.654341+00:00,nfl,2026,4,401872967,4018729671618,2,5:52,T.Goodson left end to HST 44 for -1 yards (J.Hansen).,1,10,HOU 43,43,4,Houston Texans,Dallas Cowboys,10,6,64.6,35.4,316.0,62.0,378.0,278.0,75.0,353.0,game,ML,Dallas Cowboys,,,polymarket,127.0,—,—,,Loss,,miss,,,,—,,
2026-10-04T20:01:41.654341+00:00,nfl,2026,4,401872967,4018729671618,2,5:52,T.Goodson left end to HST 44 for -1 yards (J.Hansen).,1,10,HOU 43,43,4,Houston Texans,Dallas Cowboys,10,6,64.6,35.4,316.0,62.0,378.0,278.0,75.0,353.0,game,ML,Houston Texans,,,stn,-120.0,—,—,,Win,,hit,,,,—,,
2026-10-04T20:01:41.654341+00:00,nfl,2026,4,401872967,4018729671640,2,5:10,(Shotgun) D.Prescott pass incomplete short left to J.Mingo (K.Lassiter).,2,11,HOU 44,44,4,Houston Texans,Dallas Cowboys,10,6,64.6,35.4,316.0,62.0,378.0,278.0,75.0,353.0,game,Spread,Dallas Cowboys,,2.5,novig,100.0,—,—,,+4,,miss,,,,—,,
2026-10-04T20:01:41.654341+00:00,nfl,2026,4,401872967,4018729671640,2,5:10,(Shotgun) D.Prescott pass incomplete short left to J.Mingo (K.Lassiter).,2,11,HOU 44,44,4,Houston Texans,Dallas Cowboys,10,6,64.6,35.4,316.0,62.0,378.0,278.0,75.0,353.0,game,Spread,Houston Texans,,-2.5,kalshi,-118.0,—,—,,+4,,hit,,,,—,,
2026-10-04T20:01:41.654341+00:00,nfl,2026,4,401872967,4018729671640,2,5:10,(Shotgun) D.Prescott pass incomplete short left to J.Mingo (K.Lassiter).,2,11,HOU 44,44,4,Houston Texans,Dallas Cowboys,10,6,64.6,35.4,316.0,62.0,378.0,278.0,75.0,353.0,game,Total,Over,,54.5,betfair,-119.0,—,—,,16.0,,miss,,,,—,,
2026-10-04T20:01:41.654341+00:00,nfl,2026,4,401872967,4018729671640,2,5:10,(Shotgun) D.Prescott pass incomplete short left to J.Mingo (K.Lassiter).,2,11,HOU 44,44,4,Houston Texans,Dallas Cowboys,10,6,64.6,35.4,316.0,62.0,378.0,278.0,75.0,353.0,game,Total,,,54.5,,,—,—,,16.0,,hit,,,,—,,
2026-10-04T20:01:41.654341+00:00,nfl,2026,4,401872967,4018729671640,2,5:10,(Shotgun) D.Prescott pass incomplete short left to J.Mingo (K.Lassiter).,2,11,HOU 44,44,4,Houston Texans,Dallas Cowboys,10,6,64.6,35.4,316.0,62.0,378.0,278.0,75.0,353.0,game,ML,Dallas Cowboys,,,polymarket,127.0,—,—,,Loss,,miss,,,,—,,
2026-10-04T20:01:41.654341+00:00,nfl,2026,4,401872967,4018729671640,2,5:10,(Shotgun) D.Prescott pass incomplete short left to J.Mingo (K.Lassiter).,2,11,HOU 44,44,4,Houston Texans,Dallas Cowboys,10,6,64.6,35.4,316.0,62.0,378.0,278.0,75.0,353.0,game,ML,Houston Texans,,,stn,-120.0,—,—,,Win,,hit,,,,—,,
2026-10-04T20:01:41.654341+00:00,nfl,2026,4,401872967,4018729671663,2,5:06,(Shotgun) D.Prescott pass incomplete short middle to C.Lamb [L.Hall].,3,11,HOU 44,44,4,Houston Texans,Dallas Cowboys,10,6,64.6,35.4,316.0,62.0,378.0,278.0,75.0,353.0,game,Spread,Dallas Cowboys,,2.5,novig,100.0,—,—,,+4,,miss,,,,—,,
2026-10-04T20:01:41.654341+00:00,nfl,2026,4,401872967,4018729671663,2,5:06,(Shotgun) D.Prescott pass incomplete short middle to C.Lamb [L.Hall].,3,11,HOU 44,44,4,Houston Texans,Dallas Cowboys,10,6,64.6,35.4,316.0,62.0,378.0,278.0,75.0,353.0,game,Spread,Houston Texans,,-2.5,kalshi,-118.0,—,—,,+4,,hit,,,,—,,
2026-10-04T20:01:41.654341+00:00,nfl,2026,4,401872967,4018729671663,2,5:06,(Shotgun) D.Prescott pass incomplete short middle to C.Lamb [L.Hall].,3,11,HOU 44,44,4,Houston Texans,Dallas Cowboys,10,6,64.6,35.4,316.0,62.0,378.0,278.0,75.0,353.0,game,Total,Over,,54.5,betfair,-119.0,—,—,,16.0,,miss,,,,—,,
2026-10-04T20:01:41.654341+00:00,nfl,2026,4,401872967,4018729671663,2,5:06,(Shotgun) D.Prescott pass incomplete short middle to C.Lamb [L.Hall].,3,11,HOU 44,44,4,Houston Texans,Dallas Cowboys,10,6,64.6,35.4,316.0,62.0,378.0,278.0,75.0,353.0,game,Total,,,54.5,,,—,—,,16.0,,hit,,,,—,,
2026-10-04T20:01:41.654341+00:00,nfl,2026,4,401872967,4018729671663,2,5:06,(Shotgun) D.Prescott pass incomplete short middle to C.Lamb [L.Hall].,3,11,HOU 44,44,4,Houston Texans,Dallas Cowboys,10,6,64.6,35.4,316.0,62.0,378.0,278.0,75.0,353.0,game,ML,Dallas Cowboys,,,polymarket,127.0,—,—,,Loss,,miss,,,,—,,
2026-10-04T20:01:41.654341+00:00,nfl,2026,4,401872967,4018729671663,2,5:06,(Shotgun) D.Prescott pass incomplete short middle to C.Lamb [L.Hall].,3,11,HOU 44,44,4,Houston Texans,Dallas Cowboys,10,6,64.6,35.4,316.0,62.0,378.0,278.0,75.0,353.0,game,ML,Houston Texans,,,stn,-120.0,—,—,,Win,,hit,,,,—,,
2026-10-04T20:01:41.654341+00:00,nfl,2026,4,401872967,4018729671686,2,5:02,"B.Aubrey 62 yard field goal is BLOCKED (W.Anderson), Center-T.Sieg, Holder-B.Anger.",4,11,HOU 44,44,4,Houston Texans,Dallas Cowboys,10,6,64.6,35.4,316.0,62.0,378.0,278.0,75.0,353.0,game,Spread,Dallas Cowboys,,2.5,novig,100.0,—,—,,+4,,miss,,,,—,,
2026-10-04T20:01:41.654341+00:00,nfl,2026,4,401872967,4018729671686,2,5:02,"B.Aubrey 62 yard field goal is BLOCKED (W.Anderson), Center-T.Sieg, Holder-B.Anger.",4,11,HOU 44,44,4,Houston Texans,Dallas Cowboys,10,6,64.6,35.4,316.0,62.0,378.0,278.0,75.0,353.0,game,Spread,Houston Texans,,-2.5,kalshi,-118.0,—,—,,+4,,hit,,,,—,,
2026-10-04T20:01:41.654341+00:00,nfl,2026,4,401872967,4018729671686,2,5:02,"B.Aubrey 62 yard field goal is BLOCKED (W.Anderson), Center-T.Sieg, Holder-B.Anger.",4,11,HOU 44,44,4,Houston Texans,Dallas Cowboys,10,6,64.6,35.4,316.0,62.0,378.0,278.0,75.0,353.0,game,Total,Over,,54.5,betfair,-119.0,—,—,,16.0,,miss,,,,—,,
2026-10-04T20:01:41.654341+00:00,nfl,2026,4,401872967,4018729671686,2,5:02,"B.Aubrey 62 yard field goal is BLOCKED (W.Anderson), Center-T.Sieg, Holder-B.Anger.",4,11,HOU 44,44,4,Houston Texans,Dallas Cowboys,10,6,64.6,35.4,316.0,62.0,378.0,278.0,75.0,353.0,game,Total,,,54.5,,,—,—,,16.0,,hit,,,,—,,
2026-10-04T20:01:41.654341+00:00,nfl,2026,4,401872967,4018729671686,2,5:02,"B.Aubrey 62 yard field goal is BLOCKED (W.Anderson), Center-T.Sieg, Holder-B.Anger.",4,11,HOU 44,44,4,Houston Texans,Dallas Cowboys,10,6,64.6,35.4,316.0,62.0,378.0,278.0,75.0,353.0,game,ML,Dallas Cowboys,,,polymarket,127.0,—,—,,Loss,,miss,,,,—,,
2026-10-04T20:01:41.654341+00:00,nfl,2026,4,401872967,4018729671686,2,5:02,"B.Aubrey 62 yard field goal is BLOCKED (W.Anderson), Center-T.Sieg, Holder-B.Anger.",4,11,HOU 44,44,4,Houston Texans,Dallas Cowboys,10,6,64.6,35.4,316.0,62.0,378.0,278.0,75.0,353.0,game,ML,Houston Texans,,,stn,-120.0,—,—,,Win,,hit,,,,—,,
2026-10-04T20:01:41.654341+00:00,nfl,2026,4,401872967,4018729671707,2,4:58,D.Montgomery left tackle to DAL 45 for 3 yards (Q.Williams; K.Clark).,1,10,DAL 48,52,4,Houston Texans,Dallas Cowboys,10,6,64.6,35.4,316.0,62.0,378.0,278.0,75.0,353.0,game,Spread,Dallas Cowboys,,2.5,novig,100.0,—,—,,+4,,miss,,,,—,,
2026-10-04T20:01:41.654341+00:00,nfl,2026,4,401872967,4018729671707,2,4:58,D.Montgomery left tackle to DAL 45 for 3 yards (Q.Williams; K.Clark).,1,10,DAL 48,52,4,Houston Texans,Dallas Cowboys,10,6,64.6,35.4,316.0,62.0,378.0,278.0,75.0,353.0,game,Spread,Houston Texans,,-2.5,kalshi,-118.0,—,—,,+4,,hit,,,,—,,
2026-10-04T20:01:41.654341+00:00,nfl,2026,4,401872967,4018729671707,2,4:58,D.Montgomery left tackle to DAL 45 for 3 yards (Q.Williams; K.Clark).,1,10,DAL 48,52,4,Houston Texans,Dallas Cowboys,10,6,64.6,35.4,316.0,62.0,378.0,278.0,75.0,353.0,game,Total,Over,,54.5,betfair,-119.0,—,—,,16.0,,miss,,,,—,,
2026-10-04T20:01:41.654341+00:00,nfl,2026,4,401872967,4018729671707,2,4:58,D.Montgomery left tackle to DAL 45 for 3 yards (Q.Williams; K.Clark).,1,10,DAL 48,52,4,Houston Texans,Dallas Cowboys,10,6,64.6,35.4,316.0,62.0,378.0,278.0,75.0,353.0,game,Total,,,54.5,,,—,—,,16.0,,hit,,,,—,,
2026-10-04T20:01:41.654341+00:00,nfl,2026,4,401872967,4018729671707,2,4:58,D.Montgomery left tackle to DAL 45 for 3 yards (Q.Williams; K.Clark).,1,10,DAL 48,52,4,Houston Texans,Dallas Cowboys,10,6,64.6,35.4,316.0,62.0,378.0,278.0,75.0,353.0,game,ML,Dallas Cowboys,,,polymarket,127.0,—,—,,Loss,,miss,,,,—,,
2026-10-04T20:01:41.654341+00:00,nfl,2026,4,401872967,4018729671707,2,4:58,D.Montgomery left tackle to DAL 45 for 3 yards (Q.Williams; K.Clark).,1,10,DAL 48,52,4,Houston Texans,Dallas Cowboys,10,6,64.6,35.4,316.0,62.0,378.0,278.0,75.0,353.0,game,ML,Houston Texans,,,stn,-120.0,—,—,,Win,,hit,,,,—,,
2026-10-04T20:01:41.654341+00:00,nfl,2026,4,401872967,4018729671729,2,4:21,(Shotgun) C.Stroud pass deep middle to N.Collins to DAL 27 for 18 yards (D.Bland).,2,7,DAL 45,55,4,Houston Texans,Dallas Cowboys,10,6,64.6,35.4,316.0,62.0,378.0,278.0,75.0,353.0,game,Spread,Dallas Cowboys,,2.5,novig,100.0,—,—,,+4,,miss,,,,—,,
2026-10-04T20:01:41.654341+00:00,nfl,2026,4,401872967,4018729671729,2,4:21,(Shotgun) C.Stroud pass deep middle to N.Collins to DAL 27 for 18 yards (D.Bland).,2,7,DAL 45,55,4,Houston Texans,Dallas Cowboys,10,6,64.6,35.4,316.0,62.0,378.0,278.0,75.0,353.0,game,Spread,Houston Texans,,-2.5,kalshi,-118.0,—,—,,+4,,hit,,,,—,,
2026-10-04T20:01:41.654341+00:00,nfl,2026,4,401872967,4018729671729,2,4:21,(Shotgun) C.Stroud pass deep middle to N.Collins to DAL 27 for 18 yards (D.Bland).,2,7,DAL 45,55,4,Houston Texans,Dallas Cowboys,10,6,64.6,35.4,316.0,62.0,378.0,278.0,75.0,353.0,game,Total,Over,,54.5,betfair,-119.0,—,—,,16.0,,miss,,,,—,,
2026-10-04T20:01:41.654341+00:00,nfl,2026,4,401872967,4018729671729,2,4:21,(Shotgun) C.Stroud pass deep middle to N.Collins to DAL 27 for 18 yards (D.Bland).,2,7,DAL 45,55,4,Houston Texans,Dallas Cowboys,10,6,64.6,35.4,316.0,62.0,378.0,278.0,75.0,353.0,game,Total,,,54.5,,,—,—,,16.0,,hit,,,,—,,
2026-10-04T20:01:41.654341+00:00,nfl,2026,4,401872967,4018729671729,2,4:21,(Shotgun) C.Stroud pass deep middle to N.Collins to DAL 27 for 18 yards (D.Bland).,2,7,DAL 45,55,4,Houston Texans,Dallas Cowboys,10,6,64.6,35.4,316.0,62.0,378.0,278.0,75.0,353.0,game,ML,Dallas Cowboys,,,polymarket,127.0,—,—,,Loss,,miss,,,,—,,
2026-10-04T20:01:41.654341+00:00,nfl,2026,4,401872967,4018729671729,2,4:21,(Shotgun) C.Stroud pass deep middle to N.Collins to DAL 27 for 18 yards (D.Bland).,2,7,DAL 45,55,4,Houston Texans,Dallas Cowboys,10,6,64.6,35.4,316.0,62.0,378.0,278.0,75.0,353.0,game,ML,Houston Texans,,,stn,-120.0,—,—,,Win,,hit,,,,—,,
2026-10-04T20:01:41.654341+00:00,nfl,2026,4,401872967,4018729671754,2,3:39,(Shotgun) D.Montgomery left guard to DAL 21 for 6 yards (S.James).,1,10,DAL 27,73,4,Houston Texans,Dallas Cowboys,10,6,64.6,35.4,316.0,62.0,378.0,278.0,75.0,353.0,game,Spread,Dallas Cowboys,,2.5,novig,100.0,—,—,,+4,,miss,,,,—,,
2026-10-04T20:01:41.654341+00:00,nfl,2026,4,401872967,4018729671754,2,3:39,(Shotgun) D.Montgomery left guard to DAL 21 for 6 yards (S.James).,1,10,DAL 27,73,4,Houston Texans,Dallas Cowboys,10,6,64.6,35.4,316.0,62.0,378.0,278.0,75.0,353.0,game,Spread,Houston Texans,,-2.5,kalshi,-118.0,—,—,,+4,,hit,,,,—,,
2026-10-04T20:01:41.654341+00:00,nfl,2026,4,401872967,4018729671754,2,3:39,(Shotgun) D.Montgomery left guard to DAL 21 for 6 yards (S.James).,1,10,DAL 27,73,4,Houston Texans,Dallas Cowboys,10,6,64.6,35.4,316.0,62.0,378.0,278.0,75.0,353.0,game,Total,Over,,54.5,betfair,-119.0,—,—,,16.0,,miss,,,,—,,
2026-10-04T20:01:41.654341+00:00,nfl,2026,4,401872967,4018729671754,2,3:39,(Shotgun) D.Montgomery left guard to DAL 21 for 6 yards (S.James).,1,10,DAL 27,73,4,Houston Texans,Dallas Cowboys,10,6,64.6,35.4,316.0,62.0,378.0,278.0,75.0,353.0,game,Total,,,54.5,,,—,—,,16.0,,hit,,,,—,,
2026-10-04T20:01:41.654341+00:00,nfl,2026,4,401872967,4018729671754,2,3:39,(Shotgun) D.Montgomery left guard to DAL 21 for 6 yards (S.James).,1,10,DAL 27,73,4,Houston Texans,Dallas Cowboys,10,6,64.6,35.4,316.0,62.0,378.0,278.0,75.0,353.0,game,ML,Dallas Cowboys,,,polymarket,127.0,—,—,,Loss,,miss,,,,—,,
2026-10-04T20:01:41.654341+00:00,nfl,2026,4,401872967,4018729671754,2,3:39,(Shotgun) D.Montgomery left guard to DAL 21 for 6 yards (S.James).,1,10,DAL 27,73,4,Houston Texans,Dallas Cowboys,10,6,64.6,35.4,316.0,62.0,378.0,278.0,75.0,353.0,game,ML,Houston Texans,,,stn,-120.0,—,—,,Win,,hit,,,,—,,
2026-10-04T20:01:41.654341+00:00,nfl,2026,4,401872967,4018729671776,2,2:58,D.Montgomery right guard to DAL 20 for 1 yard (M.Hooker; E.Garcia).,2,4,DAL 21,79,4,Houston Texans,Dallas Cowboys,10,6,64.6,35.4,316.0,62.0,378.0,278.0,75.0,353.0,game,Spread,Dallas Cowboys,,2.5,novig,100.0,—,—,,+4,,miss,,,,—,,
2026-10-04T20:01:41.654341+00:00,nfl,2026,4,401872967,4018729671776,2,2:58,D.Montgomery right guard to DAL 20 for 1 yard (M.Hooker; E.Garcia).,2,4,DAL 21,79,4,Houston Texans,Dallas Cowboys,10,6,64.6,35.4,316.0,62.0,378.0,278.0,75.0,353.0,game,Spread,Houston Texans,,-2.5,kalshi,-118.0,—,—,,+4,,hit,,,,—,,
2026-10-04T20:01:41.654341+00:00,nfl,2026,4,401872967,4018729671776,2,2:58,D.Montgomery right guard to DAL 20 for 1 yard (M.Hooker; E.Garcia).,2,4,DAL 21,79,4,Houston Texans,Dallas Cowboys,10,6,64.6,35.4,316.0,62.0,378.0,278.0,75.0,353.0,game,Total,Over,,54.5,betfair,-119.0,—,—,,16.0,,miss,,,,—,,
2026-10-04T20:01:41.654341+00:00,nfl,2026,4,401872967,4018729671776,2,2:58,D.Montgomery right guard to DAL 20 for 1 yard (M.Hooker; E.Garcia).,2,4,DAL 21,79,4,Houston Texans,Dallas Cowboys,10,6,64.6,35.4,316.0,62.0,378.0,278.0,75.0,353.0,game,Total,,,54.5,,,—,—,,16.0,,hit,,,,—,,
2026-10-04T20:01:41.654341+00:00,nfl,2026,4,401872967,4018729671776,2,2:58,D.Montgomery right guard to DAL 20 for 1 yard (M.Hooker; E.Garcia).,2,4,DAL 21,79,4,Houston Texans,Dallas Cowboys,10,6,64.6,35.4,316.0,62.0,378.0,278.0,75.0,353.0,game,ML,Dallas Cowboys,,,polymarket,127.0,—,—,,Loss,,miss,,,,—,,
2026-10-04T20:01:41.654341+00:00,nfl,2026,4,401872967,4018729671776,2,2:58,D.Montgomery right guard to DAL 20 for 1 yard (M.Hooker; E.Garcia).,2,4,DAL 21,79,4,Houston Texans,Dallas Cowboys,10,6,64.6,35.4,316.0,62.0,378.0,278.0,75.0,353.0,game,ML,Houston Texans,,,stn,-120.0,—,—,,Win,,hit,,,,—,,
2026-10-04T20:01:41.654341+00:00,nfl,2026,4,401872967,4018729671798,2,2:15,(Shotgun) C.Stroud pass incomplete short right [R.Gary].,3,3,DAL 20,80,4,Houston Texans,Dallas Cowboys,10,6,64.6,35.4,316.0,62.0,378.0,278.0,75.0,353.0,game,Spread,Dallas Cowboys,,2.5,novig,100.0,—,—,,+4,,miss,,,,—,,
2026-10-04T20:01:41.654341+00:00,nfl,2026,4,401872967,4018729671798,2,2:15,(Shotgun) C.Stroud pass incomplete short right [R.Gary].,3,3,DAL 20,80,4,Houston Texans,Dallas Cowboys,10,6,64.6,35.4,316.0,62.0,378.0,278.0,75.0,353.0,game,Spread,Houston Texans,,-2.5,kalshi,-118.0,—,—,,+4,,hit,,,,—,,
2026-10-04T20:01:41.654341+00:00,nfl,2026,4,401872967,4018729671798,2,2:15,(Shotgun) C.Stroud pass incomplete short right [R.Gary].,3,3,DAL 20,80,4,Houston Texans,Dallas Cowboys,10,6,64.6,35.4,316.0,62.0,378.0,278.0,75.0,353.0,game,Total,Over,,54.5,betfair,-119.0,—,—,,16.0,,miss,,,,—,,
2026-10-04T20:01:41.654341+00:00,nfl,2026,4,401872967,4018729671798,2,2:15,(Shotgun) C.Stroud pass incomplete short right [R.Gary].,3,3,DAL 20,80,4,Houston Texans,Dallas Cowboys,10,6,64.6,35.4,316.0,62.0,378.0,278.0,75.0,353.0,game,Total,,,54.5,,,—,—,,16.0,,hit,,,,—,,
2026-10-04T20:01:41.654341+00:00,nfl,2026,4,401872967,4018729671798,2,2:15,(Shotgun) C.Stroud pass incomplete short right [R.Gary].,3,3,DAL 20,80,4,Houston Texans,Dallas Cowboys,10,6,64.6,35.4,316.0,62.0,378.0,278.0,75.0,353.0,game,ML,Dallas Cowboys,,,polymarket,127.0,—,—,,Loss,,miss,,,,—,,
2026-10-04T20:01:41.654341+00:00,nfl,2026,4,401872967,4018729671798,2,2:15,(Shotgun) C.Stroud pass incomplete short right [R.Gary].,3,3,DAL 20,80,4,Houston Texans,Dallas Cowboys,10,6,64.6,35.4,316.0,62.0,378.0,278.0,75.0,353.0,game,ML,Houston Texans,,,stn,-120.0,—,—,,Win,,hit,,,,—,,
2026-10-04T20:01:41.654341+00:00,nfl,2026,4,401872967,4018729671821,2,2:05,"K.Fairbairn 39 yard field goal is GOOD, Center-A.Brinkman, Holder-K.Kroeger.",4,3,DAL 20,80,7,Houston Texans,Dallas Cowboys,13,6,64.6,35.4,316.0,62.0,378.0,278.0,75.0,353.0,game,Spread,Dallas Cowboys,,2.5,novig,100.0,—,—,,+7,,miss,,,,—,,
2026-10-04T20:01:41.654341+00:00,nfl,2026,4,401872967,4018729671821,2,2:05,"K.Fairbairn 39 yard field goal is GOOD, Center-A.Brinkman, Holder-K.Kroeger.",4,3,DAL 20,80,7,Houston Texans,Dallas Cowboys,13,6,64.6,35.4,316.0,62.0,378.0,278.0,75.0,353.0,game,Spread,Houston Texans,,-2.5,kalshi,-118.0,—,—,,+7,,hit,,,,—,,
2026-10-04T20:01:41.654341+00:00,nfl,2026,4,401872967,4018729671821,2,2:05,"K.Fairbairn 39 yard field goal is GOOD, Center-A.Brinkman, Holder-K.Kroeger.",4,3,DAL 20,80,7,Houston Texans,Dallas Cowboys,13,6,64.6,35.4,316.0,62.0,378.0,278.0,75.0,353.0,game,Total,Over,,54.5,betfair,-119.0,—,—,,19.0,,miss,,,,—,,
2026-10-04T20:01:41.654341+00:00,nfl,2026,4,401872967,4018729671821,2,2:05,"K.Fairbairn 39 yard field goal is GOOD, Center-A.Brinkman, Holder-K.Kroeger.",4,3,DAL 20,80,7,Houston Texans,Dallas Cowboys,13,6,64.6,35.4,316.0,62.0,378.0,278.0,75.0,353.0,game,Total,,,54.5,,,—,—,,19.0,,hit,,,,—,,
2026-10-04T20:01:41.654341+00:00,nfl,2026,4,401872967,4018729671821,2,2:05,"K.Fairbairn 39 yard field goal is GOOD, Center-A.Brinkman, Holder-K.Kroeger.",4,3,DAL 20,80,7,Houston Texans,Dallas Cowboys,13,6,64.6,35.4,316.0,62.0,378.0,278.0,75.0,353.0,game,ML,Dallas Cowboys,,,polymarket,127.0,—,—,,Loss,,miss,,,,—,,
2026-10-04T20:01:41.654341+00:00,nfl,2026,4,401872967,4018729671821,2,2:05,"K.Fairbairn 39 yard field goal is GOOD, Center-A.Brinkman, Holder-K.Kroeger.",4,3,DAL 20,80,7,Houston Texans,Dallas Cowboys,13,6,64.6,35.4,316.0,62.0,378.0,278.0,75.0,353.0,game,ML,Houston Texans,,,stn,-120.0,—,—,,Win,,hit,,,,—,,
2026-10-04T20:01:41.654341+00:00,nfl,2026,4,401872967,4018729671841,2,2:05,K.Fairbairn kicks 61 yards from HST 35 to DAL 4. K.Turpin to DAL 26 for 22 yards (D.Robinson).,1,10,HOU 46,35,7,Houston Texans,Dallas Cowboys,13,6,64.6,35.4,316.0,62.0,378.0,278.0,75.0,353.0,game,Spread,Dallas Cowboys,,2.5,novig,100.0,—,—,,+7,,miss,,,,—,,
2026-10-04T20:01:41.654341+00:00,nfl,2026,4,401872967,4018729671841,2,2:05,K.Fairbairn kicks 61 yards from HST 35 to DAL 4. K.Turpin to DAL 26 for 22 yards (D.Robinson).,1,10,HOU 46,35,7,Houston Texans,Dallas Cowboys,13,6,64.6,35.4,316.0,62.0,378.0,278.0,75.0,353.0,game,Spread,Houston Texans,,-2.5,kalshi,-118.0,—,—,,+7,,hit,,,,—,,
2026-10-04T20:01:41.654341+00:00,nfl,2026,4,401872967,4018729671841,2,2:05,K.Fairbairn kicks 61 yards from HST 35 to DAL 4. K.Turpin to DAL 26 for 22 yards (D.Robinson).,1,10,HOU 46,35,7,Houston Texans,Dallas Cowboys,13,6,64.6,35.4,316.0,62.0,378.0,278.0,75.0,353.0,game,Total,Over,,54.5,betfair,-119.0,—,—,,19.0,,miss,,,,—,,
2026-10-04T20:01:41.654341+00:00,nfl,2026,4,401872967,4018729671841,2,2:05,K.Fairbairn kicks 61 yards from HST 35 to DAL 4. K.Turpin to DAL 26 for 22 yards (D.Robinson).,1,10,HOU 46,35,7,Houston Texans,Dallas Cowboys,13,6,64.6,35.4,316.0,62.0,378.0,278.0,75.0,353.0,game,Total,,,54.5,,,—,—,,19.0,,hit,,,,—,,
2026-10-04T20:01:41.654341+00:00,nfl,2026,4,401872967,4018729671841,2,2:05,K.Fairbairn kicks 61 yards from HST 35 to DAL 4. K.Turpin to DAL 26 for 22 yards (D.Robinson).,1,10,HOU 46,35,7,Houston Texans,Dallas Cowboys,13,6,64.6,35.4,316.0,62.0,378.0,278.0,75.0,353.0,game,ML,Dallas Cowboys,,,polymarket,127.0,—,—,,Loss,,miss,,,,—,,
2026-10-04T20:01:41.654341+00:00,nfl,2026,4,401872967,4018729671841,2,2:05,K.Fairbairn kicks 61 yards from HST 35 to DAL 4. K.Turpin to DAL 26 for 22 yards (D.Robinson).,1,10,HOU 46,35,7,Houston Texans,Dallas Cowboys,13,6,64.6,35.4,316.0,62.0,378.0,278.0,75.0,353.0,game,ML,Houston Texans,,,stn,-120.0,—,—,,Win,,hit,,,,—,,
2026-10-04T20:01:41.654341+00:00,nfl,2026,4,401872967,4018729671853,2,2:00,Two-Minute Warning,1,10,DAL 26,74,7,Houston Texans,Dallas Cowboys,13,6,64.6,35.4,316.0,62.0,378.0,278.0,75.0,353.0,game,Spread,Dallas Cowboys,,2.5,novig,100.0,—,—,,+7,,miss,,,,—,,
2026-10-04T20:01:41.654341+00:00,nfl,2026,4,401872967,4018729671853,2,2:00,Two-Minute Warning,1,10,DAL 26,74,7,Houston Texans,Dallas Cowboys,13,6,64.6,35.4,316.0,62.0,378.0,278.0,75.0,353.0,game,Spread,Houston Texans,,-2.5,kalshi,-118.0,—,—,,+7,,hit,,,,—,,
2026-10-04T20:01:41.654341+00:00,nfl,2026,4,401872967,4018729671853,2,2:00,Two-Minute Warning,1,10,DAL 26,74,7,Houston Texans,Dallas Cowboys,13,6,64.6,35.4,316.0,62.0,378.0,278.0,75.0,353.0,game,Total,Over,,54.5,betfair,-119.0,—,—,,19.0,,miss,,,,—,,
2026-10-04T20:01:41.654341+00:00,nfl,2026,4,401872967,4018729671853,2,2:00,Two-Minute Warning,1,10,DAL 26,74,7,Houston Texans,Dallas Cowboys,13,6,64.6,35.4,316.0,62.0,378.0,278.0,75.0,353.0,game,Total,,,54.5,,,—,—,,19.0,,hit,,,,—,,
2026-10-04T20:01:41.654341+00:00,nfl,2026,4,401872967,4018729671853,2,2:00,Two-Minute Warning,1,10,DAL 26,74,7,Houston Texans,Dallas Cowboys,13,6,64.6,35.4,316.0,62.0,378.0,278.0,75.0,353.0,game,ML,Dallas Cowboys,,,polymarket,127.0,—,—,,Loss,,miss,,,,—,,
2026-10-04T20:01:41.654341+00:00,nfl,2026,4,401872967,4018729671853,2,2:00,Two-Minute Warning,1,10,DAL 26,74,7,Houston Texans,Dallas Cowboys,13,6,64.6,35.4,316.0,62.0,378.0,278.0,75.0,353.0,game,ML,Houston Texans,,,stn,-120.0,—,—,,Win,,hit,,,,—,,
2026-10-04T20:01:41.654341+00:00,nfl,2026,4,401872967,4018729671864,2,2:00,(Shotgun) D.Prescott pass short right to C.Lamb pushed ob at DAL 35 for 9 yards (K.Lassiter).,1,10,DAL 26,74,7,Houston Texans,Dallas Cowboys,13,6,64.6,35.4,316.0,62.0,378.0,278.0,75.0,353.0,game,Spread,Dallas Cowboys,,2.5,novig,100.0,—,—,,+7,,miss,,,,—,,
2026-10-04T20:01:41.654341+00:00,nfl,2026,4,401872967,4018729671864,2,2:00,(Shotgun) D.Prescott pass short right to C.Lamb pushed ob at DAL 35 for 9 yards (K.Lassiter).,1,10,DAL 26,74,7,Houston Texans,Dallas Cowboys,13,6,64.6,35.4,316.0,62.0,378.0,278.0,75.0,353.0,game,Spread,Houston Texans,,-2.5,kalshi,-118.0,—,—,,+7,,hit,,,,—,,
2026-10-04T20:01:41.654341+00:00,nfl,2026,4,401872967,4018729671864,2,2:00,(Shotgun) D.Prescott pass short right to C.Lamb pushed ob at DAL 35 for 9 yards (K.Lassiter).,1,10,DAL 26,74,7,Houston Texans,Dallas Cowboys,13,6,64.6,35.4,316.0,62.0,378.0,278.0,75.0,353.0,game,Total,Over,,54.5,betfair,-119.0,—,—,,19.0,,miss,,,,—,,
2026-10-04T20:01:41.654341+00:00,nfl,2026,4,401872967,4018729671864,2,2:00,(Shotgun) D.Prescott pass short right to C.Lamb pushed ob at DAL 35 for 9 yards (K.Lassiter).,1,10,DAL 26,74,7,Houston Texans,Dallas Cowboys,13,6,64.6,35.4,316.0,62.0,378.0,278.0,75.0,353.0,game,Total,,,54.5,,,—,—,,19.0,,hit,,,,—,,
2026-10-04T20:01:41.654341+00:00,nfl,2026,4,401872967,4018729671864,2,2:00,(Shotgun) D.Prescott pass short right to C.Lamb pushed ob at DAL 35 for 9 yards (K.Lassiter).,1,10,DAL 26,74,7,Houston Texans,Dallas Cowboys,13,6,64.6,35.4,316.0,62.0,378.0,278.0,75.0,353.0,game,ML,Dallas Cowboys,,,polymarket,127.0,—,—,,Loss,,miss,,,,—,,
2026-10-04T20:01:41.654341+00:00,nfl,2026,4,401872967,4018729671864,2,2:00,(Shotgun) D.Prescott pass short right to C.Lamb pushed ob at DAL 35 for 9 yards (K.Lassiter).,1,10,DAL 26,74,7,Houston Texans,Dallas Cowboys,13,6,64.6,35.4,316.0,62.0,378.0,278.0,75.0,353.0,game,ML,Houston Texans,,,stn,-120.0,—,—,,Win,,hit,,,,—,,
2026-10-04T20:01:41.654341+00:00,nfl,2026,4,401872967,4018729671901,2,1:55,"(No Huddle, Shotgun) J.Williams up the middle to DAL 48 for 13 yards (C.Bullock; R.Blankenship).",2,1,DAL 35,65,7,Houston Texans,Dallas Cowboys,13,6,64.6,35.4,316.0,62.0,378.0,278.0,75.0,353.0,game,Spread,Dallas Cowboys,,2.5,novig,100.0,—,—,,+7,,miss,,,,—,,
2026-10-04T20:01:41.654341+00:00,nfl,2026,4,401872967,4018729671901,2,1:55,"(No Huddle, Shotgun) J.Williams up the middle to DAL 48 for 13 yards (C.Bullock; R.Blankenship).",2,1,DAL 35,65,7,Houston Texans,Dallas Cowboys,13,6,64.6,35.4,316.0,62.0,378.0,278.0,75.0,353.0,game,Spread,Houston Texans,,-2.5,kalshi,-118.0,—,—,,+7,,hit,,,,—,,
2026-10-04T20:01:41.654341+00:00,nfl,2026,4,401872967,4018729671901,2,1:55,"(No Huddle, Shotgun) J.Williams up the middle to DAL 48 for 13 yards (C.Bullock; R.Blankenship).",2,1,DAL 35,65,7,Houston Texans,Dallas Cowboys,13,6,64.6,35.4,316.0,62.0,378.0,278.0,75.0,353.0,game,Total,Over,,54.5,betfair,-119.0,—,—,,19.0,,miss,,,,—,,
2026-10-04T20:01:41.654341+00:00,nfl,2026,4,401872967,4018729671901,2,1:55,"(No Huddle, Shotgun) J.Williams up the middle to DAL 48 for 13 yards (C.Bullock; R.Blankenship).",2,1,DAL 35,65,7,Houston Texans,Dallas Cowboys,13,6,64.6,35.4,316.0,62.0,378.0,278.0,75.0,353.0,game,Total,,,54.5,,,—,—,,19.0,,hit,,,,—,,
2026-10-04T20:01:41.654341+00:00,nfl,2026,4,401872967,4018729671901,2,1:55,"(No Huddle, Shotgun) J.Williams up the middle to DAL 48 for 13 yards (C.Bullock; R.Blankenship).",2,1,DAL 35,65,7,Houston Texans,Dallas Cowboys,13,6,64.6,35.4,316.0,62.0,378.0,278.0,75.0,353.0,game,ML,Dallas Cowboys,,,polymarket,127.0,—,—,,Loss,,miss,,,,—,,
2026-10-04T20:01:41.654341+00:00,nfl,2026,4,401872967,4018729671901,2,1:55,"(No Huddle, Shotgun) J.Williams up the middle to DAL 48 for 13 yards (C.Bullock; R.Blankenship).",2,1,DAL 35,65,7,Houston Texans,Dallas Cowboys,13,6,64.6,35.4,316.0,62.0,378.0,278.0,75.0,353.0,game,ML,Houston Texans,,,stn,-120.0,—,—,,Win,,hit,,,,—,,
2026-10-04T20:01:41.654341+00:00,nfl,2026,4,401872967,4018729671923,2,1:35,"(No Huddle, Shotgun) D.Prescott pass short right to C.Lamb to HST 41 for 11 yards (K.Lassiter).",1,10,DAL 48,52,7,Houston Texans,Dallas Cowboys,13,6,64.6,35.4,316.0,62.0,378.0,278.0,75.0,353.0,game,Spread,Dallas Cowboys,,2.5,novig,100.0,—,—,,+7,,miss,,,,—,,
2026-10-04T20:01:41.654341+00:00,nfl,2026,4,401872967,4018729671923,2,1:35,"(No Huddle, Shotgun) D.Prescott pass short right to C.Lamb to HST 41 for 11 yards (K.Lassiter).",1,10,DAL 48,52,7,Houston Texans,Dallas Cowboys,13,6,64.6,35.4,316.0,62.0,378.0,278.0,75.0,353.0,game,Spread,Houston Texans,,-2.5,kalshi,-118.0,—,—,,+7,,hit,,,,—,,
2026-10-04T20:01:41.654341+00:00,nfl,2026,4,401872967,4018729671923,2,1:35,"(No Huddle, Shotgun) D.Prescott pass short right to C.Lamb to HST 41 for 11 yards (K.Lassiter).",1,10,DAL 48,52,7,Houston Texans,Dallas Cowboys,13,6,64.6,35.4,316.0,62.0,378.0,278.0,75.0,353.0,game,Total,Over,,54.5,betfair,-119.0,—,—,,19.0,,miss,,,,—,,
2026-10-04T20:01:41.654341+00:00,nfl,2026,4,401872967,4018729671923,2,1:35,"(No Huddle, Shotgun) D.Prescott pass short right to C.Lamb to HST 41 for 11 yards (K.Lassiter).",1,10,DAL 48,52,7,Houston Texans,Dallas Cowboys,13,6,64.6,35.4,316.0,62.0,378.0,278.0,75.0,353.0,game,Total,,,54.5,,,—,—,,19.0,,hit,,,,—,,
2026-10-04T20:01:41.654341+00:00,nfl,2026,4,401872967,4018729671923,2,1:35,"(No Huddle, Shotgun) D.Prescott pass short right to C.Lamb to HST 41 for 11 yards (K.Lassiter).",1,10,DAL 48,52,7,Houston Texans,Dallas Cowboys,13,6,64.6,35.4,316.0,62.0,378.0,278.0,75.0,353.0,game,ML,Dallas Cowboys,,,polymarket,127.0,—,—,,Loss,,miss,,,,—,,
2026-10-04T20:01:41.654341+00:00,nfl,2026,4,401872967,4018729671923,2,1:35,"(No Huddle, Shotgun) D.Prescott pass short right to C.Lamb to HST 41 for 11 yards (K.Lassiter).",1,10,DAL 48,52,7,Houston Texans,Dallas Cowboys,13,6,64.6,35.4,316.0,62.0,378.0,278.0,75.0,353.0,game,ML,Houston Texans,,,stn,-120.0,—,—,,Win,,hit,,,,—,,
2026-10-04T20:01:41.654341+00:00,nfl,2026,4,401872967,4018729671936,2,1:29,Timeout #1 by HST at 01:29.,1,10,HOU 41,41,7,Houston Texans,Dallas Cowboys,13,6,64.6,35.4,316.0,62.0,378.0,278.0,75.0,353.0,game,Spread,Dallas Cowboys,,2.5,novig,100.0,—,—,,+7,,miss,,,,—,,
2026-10-04T20:01:41.654341+00:00,nfl,2026,4,401872967,4018729671936,2,1:29,Timeout #1 by HST at 01:29.,1,10,HOU 41,41,7,Houston Texans,Dallas Cowboys,13,6,64.6,35.4,316.0,62.0,378.0,278.0,75.0,353.0,game,Spread,Houston Texans,,-2.5,kalshi,-118.0,—,—,,+7,,hit,,,,—,,
2026-10-04T20:01:41.654341+00:00,nfl,2026,4,401872967,4018729671936,2,1:29,Timeout #1 by HST at 01:29.,1,10,HOU 41,41,7,Houston Texans,Dallas Cowboys,13,6,64.6,35.4,316.0,62.0,378.0,278.0,75.0,353.0,game,Total,Over,,54.5,betfair,-119.0,—,—,,19.0,,miss,,,,—,,
2026-10-04T20:01:41.654341+00:00,nfl,2026,4,401872967,4018729671936,2,1:29,Timeout #1 by HST at 01:29.,1,10,HOU 41,41,7,Houston Texans,Dallas Cowboys,13,6,64.6,35.4,316.0,62.0,378.0,278.0,75.0,353.0,game,Total,,,54.5,,,—,—,,19.0,,hit,,,,—,,
2026-10-04T20:01:41.654341+00:00,nfl,2026,4,401872967,4018729671936,2,1:29,Timeout #1 by HST at 01:29.,1,10,HOU 41,41,7,Houston Texans,Dallas Cowboys,13,6,64.6,35.4,316.0,62.0,378.0,278.0,75.0,353.0,game,ML,Dallas Cowboys,,,polymarket,127.0,—,—,,Loss,,miss,,,,—,,
2026-10-04T20:01:41.654341+00:00,nfl,2026,4,401872967,4018729671936,2,1:29,Timeout #1 by HST at 01:29.,1,10,HOU 41,41,7,Houston Texans,Dallas Cowboys,13,6,64.6,35.4,316.0,62.0,378.0,278.0,75.0,353.0,game,ML,Houston Texans,,,stn,-120.0,—,—,,Win,,hit,,,,—,,
2026-10-04T20:01:41.654341+00:00,nfl,2026,4,401872967,4018729671948,2,1:29,(Shotgun) D.Prescott pass short middle to J.Williams to HST 36 for 5 yards (K.Murray).,1,10,HOU 41,41,7,Houston Texans,Dallas Cowboys,13,6,64.6,35.4,316.0,62.0,378.0,278.0,75.0,353.0,game,Spread,Dallas Cowboys,,2.5,novig,100.0,—,—,,+7,,miss,,,,—,,
2026-10-04T20:01:41.654341+00:00,nfl,2026,4,401872967,4018729671948,2,1:29,(Shotgun) D.Prescott pass short middle to J.Williams to HST 36 for 5 yards (K.Murray).,1,10,HOU 41,41,7,Houston Texans,Dallas Cowboys,13,6,64.6,35.4,316.0,62.0,378.0,278.0,75.0,353.0,game,Spread,Houston Texans,,-2.5,kalshi,-118.0,—,—,,+7,,hit,,,,—,,
2026-10-04T20:01:41.654341+00:00,nfl,2026,4,401872967,4018729671948,2,1:29,(Shotgun) D.Prescott pass short middle to J.Williams to HST 36 for 5 yards (K.Murray).,1,10,HOU 41,41,7,Houston Texans,Dallas Cowboys,13,6,64.6,35.4,316.0,62.0,378.0,278.0,75.0,353.0,game,Total,Over,,54.5,betfair,-119.0,—,—,,19.0,,miss,,,,—,,
2026-10-04T20:01:41.654341+00:00,nfl,2026,4,401872967,4018729671948,2,1:29,(Shotgun) D.Prescott pass short middle to J.Williams to HST 36 for 5 yards (K.Murray).,1,10,HOU 41,41,7,Houston Texans,Dallas Cowboys,13,6,64.6,35.4,316.0,62.0,378.0,278.0,75.0,353.0,game,Total,,,54.5,,,—,—,,19.0,,hit,,,,—,,
2026-10-04T20:01:41.654341+00:00,nfl,2026,4,401872967,4018729671948,2,1:29,(Shotgun) D.Prescott pass short middle to J.Williams to HST 36 for 5 yards (K.Murray).,1,10,HOU 41,41,7,Houston Texans,Dallas Cowboys,13,6,64.6,35.4,316.0,62.0,378.0,278.0,75.0,353.0,game,ML,Dallas Cowboys,,,polymarket,127.0,—,—,,Loss,,miss,,,,—,,
2026-10-04T20:01:41.654341+00:00,nfl,2026,4,401872967,4018729671948,2,1:29,(Shotgun) D.Prescott pass short middle to J.Williams to HST 36 for 5 yards (K.Murray).,1,10,HOU 41,41,7,Houston Texans,Dallas Cowboys,13,6,64.6,35.4,316.0,62.0,378.0,278.0,75.0,353.0,game,ML,Houston Texans,,,stn,-120.0,—,—,,Win,,hit,,,,—,,
2026-10-04T20:01:41.654341+00:00,nfl,2026,4,401872967,4018729671964,2,1:24,Timeout #2 by HST at 01:24.,2,5,HOU 36,36,7,Houston Texans,Dallas Cowboys,13,6,64.6,35.4,316.0,62.0,378.0,278.0,75.0,353.0,game,Spread,Dallas Cowboys,,2.5,novig,100.0,—,—,,+7,,miss,,,,—,,
2026-10-04T20:01:41.654341+00:00,nfl,2026,4,401872967,4018729671964,2,1:24,Timeout #2 by HST at 01:24.,2,5,HOU 36,36,7,Houston Texans,Dallas Cowboys,13,6,64.6,35.4,316.0,62.0,378.0,278.0,75.0,353.0,game,Spread,Houston Texans,,-2.5,kalshi,-118.0,—,—,,+7,,hit,,,,—,,
2026-10-04T20:01:41.654341+00:00,nfl,2026,4,401872967,4018729671964,2,1:24,Timeout #2 by HST at 01:24.,2,5,HOU 36,36,7,Houston Texans,Dallas Cowboys,13,6,64.6,35.4,316.0,62.0,378.0,278.0,75.0,353.0,game,Total,Over,,54.5,betfair,-119.0,—,—,,19.0,,miss,,,,—,,
2026-10-04T20:01:41.654341+00:00,nfl,2026,4,401872967,4018729671964,2,1:24,Timeout #2 by HST at 01:24.,2,5,HOU 36,36,7,Houston Texans,Dallas Cowboys,13,6,64.6,35.4,316.0,62.0,378.0,278.0,75.0,353.0,game,Total,,,54.5,,,—,—,,19.0,,hit,,,,—,,
2026-10-04T20:01:41.654341+00:00,nfl,2026,4,401872967,4018729671964,2,1:24,Timeout #2 by HST at 01:24.,2,5,HOU 36,36,7,Houston Texans,Dallas Cowboys,13,6,64.6,35.4,316.0,62.0,378.0,278.0,75.0,353.0,game,ML,Dallas Cowboys,,,polymarket,127.0,—,—,,Loss,,miss,,,,—,,
2026-10-04T20:01:41.654341+00:00,nfl,2026,4,401872967,4018729671964,2,1:24,Timeout #2 by HST at 01:24.,2,5,HOU 36,36,7,Houston Texans,Dallas Cowboys,13,6,64.6,35.4,316.0,62.0,378.0,278.0,75.0,353.0,game,ML,Houston Texans,,,stn,-120.0,—,—,,Win,,hit,,,,—,,
2026-10-04T20:01:41.654341+00:00,nfl,2026,4,401872967,4018729671980,2,1:24,(Shotgun) D.Prescott sacked at HST 38 for -2 yards (J.Hansen).,2,5,HOU 36,36,7,Houston Texans,Dallas Cowboys,13,6,64.6,35.4,316.0,62.0,378.0,278.0,75.0,353.0,game,Spread,Dallas Cowboys,,2.5,novig,100.0,—,—,,+7,,miss,,,,—,,
2026-10-04T20:01:41.654341+00:00,nfl,2026,4,401872967,4018729671980,2,1:24,(Shotgun) D.Prescott sacked at HST 38 for -2 yards (J.Hansen).,2,5,HOU 36,36,7,Houston Texans,Dallas Cowboys,13,6,64.6,35.4,316.0,62.0,378.0,278.0,75.0,353.0,game,Spread,Houston Texans,,-2.5,kalshi,-118.0,—,—,,+7,,hit,,,,—,,
2026-10-04T20:01:41.654341+00:00,nfl,2026,4,401872967,4018729671980,2,1:24,(Shotgun) D.Prescott sacked at HST 38 for -2 yards (J.Hansen).,2,5,HOU 36,36,7,Houston Texans,Dallas Cowboys,13,6,64.6,35.4,316.0,62.0,378.0,278.0,75.0,353.0,game,Total,Over,,54.5,betfair,-119.0,—,—,,19.0,,miss,,,,—,,
2026-10-04T20:01:41.654341+00:00,nfl,2026,4,401872967,4018729671980,2,1:24,(Shotgun) D.Prescott sacked at HST 38 for -2 yards (J.Hansen).,2,5,HOU 36,36,7,Houston Texans,Dallas Cowboys,13,6,64.6,35.4,316.0,62.0,378.0,278.0,75.0,353.0,game,Total,,,54.5,,,—,—,,19.0,,hit,,,,—,,
2026-10-04T20:01:41.654341+00:00,nfl,2026,4,401872967,4018729671980,2,1:24,(Shotgun) D.Prescott sacked at HST 38 for -2 yards (J.Hansen).,2,5,HOU 36,36,7,Houston Texans,Dallas Cowboys,13,6,64.6,35.4,316.0,62.0,378.0,278.0,75.0,353.0,game,ML,Dallas Cowboys,,,polymarket,127.0,—,—,,Loss,,miss,,,,—,,
2026-10-04T20:01:41.654341+00:00,nfl,2026,4,401872967,4018729671980,2,1:24,(Shotgun) D.Prescott sacked at HST 38 for -2 yards (J.Hansen).,2,5,HOU 36,36,7,Houston Texans,Dallas Cowboys,13,6,64.6,35.4,316.0,62.0,378.0,278.0,75.0,353.0,game,ML,Houston Texans,,,stn,-120.0,—,—,,Win,,hit,,,,—,,
2026-10-04T20:01:41.654341+00:00,nfl,2026,4,401872967,4018729671994,2,1:17,Timeout #3 by HST at 01:17.,3,7,HOU 38,38,7,Houston Texans,Dallas Cowboys,13,6,64.6,35.4,316.0,62.0,378.0,278.0,75.0,353.0,game,Spread,Dallas Cowboys,,2.5,novig,100.0,—,—,,+7,,miss,,,,—,,
2026-10-04T20:01:41.654341+00:00,nfl,2026,4,401872967,4018729671994,2,1:17,Timeout #3 by HST at 01:17.,3,7,HOU 38,38,7,Houston Texans,Dallas Cowboys,13,6,64.6,35.4,316.0,62.0,378.0,278.0,75.0,353.0,game,Spread,Houston Texans,,-2.5,kalshi,-118.0,—,—,,+7,,hit,,,,—,,
2026-10-04T20:01:41.654341+00:00,nfl,2026,4,401872967,4018729671994,2,1:17,Timeout #3 by HST at 01:17.,3,7,HOU 38,38,7,Houston Texans,Dallas Cowboys,13,6,64.6,35.4,316.0,62.0,378.0,278.0,75.0,353.0,game,Total,Over,,54.5,betfair,-119.0,—,—,,19.0,,miss,,,,—,,
2026-10-04T20:01:41.654341+00:00,nfl,2026,4,401872967,4018729671994,2,1:17,Timeout #3 by HST at 01:17.,3,7,HOU 38,38,7,Houston Texans,Dallas Cowboys,13,6,64.6,35.4,316.0,62.0,378.0,278.0,75.0,353.0,game,Total,,,54.5,,,—,—,,19.0,,hit,,,,—,,
2026-10-04T20:01:41.654341+00:00,nfl,2026,4,401872967,4018729671994,2,1:17,Timeout #3 by HST at 01:17.,3,7,HOU 38,38,7,Houston Texans,Dallas Cowboys,13,6,64.6,35.4,316.0,62.0,378.0,278.0,75.0,353.0,game,ML,Dallas Cowboys,,,polymarket,127.0,—,—,,Loss,,miss,,,,—,,
2026-10-04T20:01:41.654341+00:00,nfl,2026,4,401872967,4018729671994,2,1:17,Timeout #3 by HST at 01:17.,3,7,HOU 38,38,7,Houston Texans,Dallas Cowboys,13,6,64.6,35.4,316.0,62.0,378.0,278.0,75.0,353.0,game,ML,Houston Texans,,,stn,-120.0,—,—,,Win,,hit,,,,—,,
2026-10-04T20:01:41.654341+00:00,nfl,2026,4,401872967,4018729672007,2,1:17,(Shotgun) D.Prescott sacked at HST 47 for -9 yards (sack split by W.Anderson and D.Hunter).,3,7,HOU 38,38,7,Houston Texans,Dallas Cowboys,13,6,64.6,35.4,316.0,62.0,378.0,278.0,75.0,353.0,game,Spread,Dallas Cowboys,,2.5,novig,100.0,—,—,,+7,,miss,,,,—,,
2026-10-04T20:01:41.654341+00:00,nfl,2026,4,401872967,4018729672007,2,1:17,(Shotgun) D.Prescott sacked at HST 47 for -9 yards (sack split by W.Anderson and D.Hunter).,3,7,HOU 38,38,7,Houston Texans,Dallas Cowboys,13,6,64.6,35.4,316.0,62.0,378.0,278.0,75.0,353.0,game,Spread,Houston Texans,,-2.5,kalshi,-118.0,—,—,,+7,,hit,,,,—,,
2026-10-04T20:01:41.654341+00:00,nfl,2026,4,401872967,4018729672007,2,1:17,(Shotgun) D.Prescott sacked at HST 47 for -9 yards (sack split by W.Anderson and D.Hunter).,3,7,HOU 38,38,7,Houston Texans,Dallas Cowboys,13,6,64.6,35.4,316.0,62.0,378.0,278.0,75.0,353.0,game,Total,Over,,54.5,betfair,-119.0,—,—,,19.0,,miss,,,,—,,
2026-10-04T20:01:41.654341+00:00,nfl,2026,4,401872967,4018729672007,2,1:17,(Shotgun) D.Prescott sacked at HST 47 for -9 yards (sack split by W.Anderson and D.Hunter).,3,7,HOU 38,38,7,Houston Texans,Dallas Cowboys,13,6,64.6,35.4,316.0,62.0,378.0,278.0,75.0,353.0,game,Total,,,54.5,,,—,—,,19.0,,hit,,,,—,,
2026-10-04T20:01:41.654341+00:00,nfl,2026,4,401872967,4018729672007,2,1:17,(Shotgun) D.Prescott sacked at HST 47 for -9 yards (sack split by W.Anderson and D.Hunter).,3,7,HOU 38,38,7,Houston Texans,Dallas Cowboys,13,6,64.6,35.4,316.0,62.0,378.0,278.0,75.0,353.0,game,ML,Dallas Cowboys,,,polymarket,127.0,—,—,,Loss,,miss,,,,—,,
2026-10-04T20:01:41.654341+00:00,nfl,2026,4,401872967,4018729672007,2,1:17,(Shotgun) D.Prescott sacked at HST 47 for -9 yards (sack split by W.Anderson and D.Hunter).,3,7,HOU 38,38,7,Houston Texans,Dallas Cowboys,13,6,64.6,35.4,316.0,62.0,378.0,278.0,75.0,353.0,game,ML,Houston Texans,,,stn,-120.0,—,—,,Win,,hit,,,,—,,
2026-10-04T20:01:41.654341+00:00,nfl,2026,4,401872967,4018729672021,2,0:30,Timeout #2 by DAL at 00:30.,4,16,HOU 47,47,7,Houston Texans,Dallas Cowboys,13,6,64.6,35.4,316.0,62.0,378.0,278.0,75.0,353.0,game,Spread,Dallas Cowboys,,2.5,novig,100.0,—,—,,+7,,miss,,,,—,,
2026-10-04T20:01:41.654341+00:00,nfl,2026,4,401872967,4018729672021,2,0:30,Timeout #2 by DAL at 00:30.,4,16,HOU 47,47,7,Houston Texans,Dallas Cowboys,13,6,64.6,35.4,316.0,62.0,378.0,278.0,75.0,353.0,game,Spread,Houston Texans,,-2.5,kalshi,-118.0,—,—,,+7,,hit,,,,—,,
2026-10-04T20:01:41.654341+00:00,nfl,2026,4,401872967,4018729672021,2,0:30,Timeout #2 by DAL at 00:30.,4,16,HOU 47,47,7,Houston Texans,Dallas Cowboys,13,6,64.6,35.4,316.0,62.0,378.0,278.0,75.0,353.0,game,Total,Over,,54.5,betfair,-119.0,—,—,,19.0,,miss,,,,—,,
2026-10-04T20:01:41.654341+00:00,nfl,2026,4,401872967,4018729672021,2,0:30,Timeout #2 by DAL at 00:30.,4,16,HOU 47,47,7,Houston Texans,Dallas Cowboys,13,6,64.6,35.4,316.0,62.0,378.0,278.0,75.0,353.0,game,Total,,,54.5,,,—,—,,19.0,,hit,,,,—,,
2026-10-04T20:01:41.654341+00:00,nfl,2026,4,401872967,4018729672021,2,0:30,Timeout #2 by DAL at 00:30.,4,16,HOU 47,47,7,Houston Texans,Dallas Cowboys,13,6,64.6,35.4,316.0,62.0,378.0,278.0,75.0,353.0,game,ML,Dallas Cowboys,,,polymarket,127.0,—,—,,Loss,,miss,,,,—,,
2026-10-04T20:01:41.654341+00:00,nfl,2026,4,401872967,4018729672021,2,0:30,Timeout #2 by DAL at 00:30.,4,16,HOU 47,47,7,Houston Texans,Dallas Cowboys,13,6,64.6,35.4,316.0,62.0,378.0,278.0,75.0,353.0,game,ML,Houston Texans,,,stn,-120.0,—,—,,Win,,hit,,,,—,,
2026-10-04T20:01:41.654341+00:00,nfl,2026,4,401872967,4018729672034,2,0:30,"B.Aubrey 65 yard field goal is No Good, Wide Left, Center-T.Sieg, Holder-B.Anger.",4,16,HOU 47,47,7,Houston Texans,Dallas Cowboys,13,6,64.6,35.4,316.0,62.0,378.0,278.0,75.0,353.0,game,Spread,Dallas Cowboys,,2.5,novig,100.0,—,—,,+7,,miss,,,,—,,
2026-10-04T20:01:41.654341+00:00,nfl,2026,4,401872967,4018729672034,2,0:30,"B.Aubrey 65 yard field goal is No Good, Wide Left, Center-T.Sieg, Holder-B.Anger.",4,16,HOU 47,47,7,Houston Texans,Dallas Cowboys,13,6,64.6,35.4,316.0,62.0,378.0,278.0,75.0,353.0,game,Spread,Houston Texans,,-2.5,kalshi,-118.0,—,—,,+7,,hit,,,,—,,
2026-10-04T20:01:41.654341+00:00,nfl,2026,4,401872967,4018729672034,2,0:30,"B.Aubrey 65 yard field goal is No Good, Wide Left, Center-T.Sieg, Holder-B.Anger.",4,16,HOU 47,47,7,Houston Texans,Dallas Cowboys,13,6,64.6,35.4,316.0,62.0,378.0,278.0,75.0,353.0,game,Total,Over,,54.5,betfair,-119.0,—,—,,19.0,,miss,,,,—,,
2026-10-04T20:01:41.654341+00:00,nfl,2026,4,401872967,4018729672034,2,0:30,"B.Aubrey 65 yard field goal is No Good, Wide Left, Center-T.Sieg, Holder-B.Anger.",4,16,HOU 47,47,7,Houston Texans,Dallas Cowboys,13,6,64.6,35.4,316.0,62.0,378.0,278.0,75.0,353.0,game,Total,,,54.5,,,—,—,,19.0,,hit,,,,—,,
2026-10-04T20:01:41.654341+00:00,nfl,2026,4,401872967,4018729672034,2,0:30,"B.Aubrey 65 yard field goal is No Good, Wide Left, Center-T.Sieg, Holder-B.Anger.",4,16,HOU 47,47,7,Houston Texans,Dallas Cowboys,13,6,64.6,35.4,316.0,62.0,378.0,278.0,75.0,353.0,game,ML,Dallas Cowboys,,,polymarket,127.0,—,—,,Loss,,miss,,,,—,,
2026-10-04T20:01:41.654341+00:00,nfl,2026,4,401872967,4018729672034,2,0:30,"B.Aubrey 65 yard field goal is No Good, Wide Left, Center-T.Sieg, Holder-B.Anger.",4,16,HOU 47,47,7,Houston Texans,Dallas Cowboys,13,6,64.6,35.4,316.0,62.0,378.0,278.0,75.0,353.0,game,ML,Houston Texans,,,stn,-120.0,—,—,,Win,,hit,,,,—,,
2026-10-04T20:01:41.654341+00:00,nfl,2026,4,401872967,4018729672062,2,0:26,(Shotgun) C.Stroud pass short left to K.Boutte ran ob at DAL 39 for 6 yards (D.Bland).,1,10,DAL 45,55,7,Houston Texans,Dallas Cowboys,13,6,64.6,35.4,316.0,62.0,378.0,278.0,75.0,353.0,game,Spread,Dallas Cowboys,,2.5,novig,100.0,—,—,,+7,,miss,,,,—,,
2026-10-04T20:01:41.654341+00:00,nfl,2026,4,401872967,4018729672062,2,0:26,(Shotgun) C.Stroud pass short left to K.Boutte ran ob at DAL 39 for 6 yards (D.Bland).,1,10,DAL 45,55,7,Houston Texans,Dallas Cowboys,13,6,64.6,35.4,316.0,62.0,378.0,278.0,75.0,353.0,game,Spread,Houston Texans,,-2.5,kalshi,-118.0,—,—,,+7,,hit,,,,—,,
2026-10-04T20:01:41.654341+00:00,nfl,2026,4,401872967,4018729672062,2,0:26,(Shotgun) C.Stroud pass short left to K.Boutte ran ob at DAL 39 for 6 yards (D.Bland).,1,10,DAL 45,55,7,Houston Texans,Dallas Cowboys,13,6,64.6,35.4,316.0,62.0,378.0,278.0,75.0,353.0,game,Total,Over,,54.5,betfair,-119.0,—,—,,19.0,,miss,,,,—,,
2026-10-04T20:01:41.654341+00:00,nfl,2026,4,401872967,4018729672062,2,0:26,(Shotgun) C.Stroud pass short left to K.Boutte ran ob at DAL 39 for 6 yards (D.Bland).,1,10,DAL 45,55,7,Houston Texans,Dallas Cowboys,13,6,64.6,35.4,316.0,62.0,378.0,278.0,75.0,353.0,game,Total,,,54.5,,,—,—,,19.0,,hit,,,,—,,
2026-10-04T20:01:41.654341+00:00,nfl,2026,4,401872967,4018729672062,2,0:26,(Shotgun) C.Stroud pass short left to K.Boutte ran ob at DAL 39 for 6 yards (D.Bland).,1,10,DAL 45,55,7,Houston Texans,Dallas Cowboys,13,6,64.6,35.4,316.0,62.0,378.0,278.0,75.0,353.0,game,ML,Dallas Cowboys,,,polymarket,127.0,—,—,,Loss,,miss,,,,—,,
2026-10-04T20:01:41.654341+00:00,nfl,2026,4,401872967,4018729672062,2,0:26,(Shotgun) C.Stroud pass short left to K.Boutte ran ob at DAL 39 for 6 yards (D.Bland).,1,10,DAL 45,55,7,Houston Texans,Dallas Cowboys,13,6,64.6,35.4,316.0,62.0,378.0,278.0,75.0,353.0,game,ML,Houston Texans,,,stn,-120.0,—,—,,Win,,hit,,,,—,,
2026-10-04T20:01:41.654341+00:00,nfl,2026,4,401872967,4018729672092,2,0:22,(Shotgun) C.Stroud scrambles up the middle to DAL 36 for 3 yards (D.Ezeiruaku).,2,4,DAL 39,61,7,Houston Texans,Dallas Cowboys,13,6,64.6,35.4,316.0,62.0,378.0,278.0,75.0,353.0,game,Spread,Dallas Cowboys,,2.5,novig,100.0,—,—,,+7,,miss,,,,—,,
2026-10-04T20:01:41.654341+00:00,nfl,2026,4,401872967,4018729672092,2,0:22,(Shotgun) C.Stroud scrambles up the middle to DAL 36 for 3 yards (D.Ezeiruaku).,2,4,DAL 39,61,7,Houston Texans,Dallas Cowboys,13,6,64.6,35.4,316.0,62.0,378.0,278.0,75.0,353.0,game,Spread,Houston Texans,,-2.5,kalshi,-118.0,—,—,,+7,,hit,,,,—,,
2026-10-04T20:01:41.654341+00:00,nfl,2026,4,401872967,4018729672092,2,0:22,(Shotgun) C.Stroud scrambles up the middle to DAL 36 for 3 yards (D.Ezeiruaku).,2,4,DAL 39,61,7,Houston Texans,Dallas Cowboys,13,6,64.6,35.4,316.0,62.0,378.0,278.0,75.0,353.0,game,Total,Over,,54.5,betfair,-119.0,—,—,,19.0,,miss,,,,—,,
2026-10-04T20:01:41.654341+00:00,nfl,2026,4,401872967,4018729672092,2,0:22,(Shotgun) C.Stroud scrambles up the middle to DAL 36 for 3 yards (D.Ezeiruaku).,2,4,DAL 39,61,7,Houston Texans,Dallas Cowboys,13,6,64.6,35.4,316.0,62.0,378.0,278.0,75.0,353.0,game,Total,,,54.5,,,—,—,,19.0,,hit,,,,—,,
2026-10-04T20:01:41.654341+00:00,nfl,2026,4,401872967,4018729672092,2,0:22,(Shotgun) C.Stroud scrambles up the middle to DAL 36 for 3 yards (D.Ezeiruaku).,2,4,DAL 39,61,7,Houston Texans,Dallas Cowboys,13,6,64.6,35.4,316.0,62.0,378.0,278.0,75.0,353.0,game,ML,Dallas Cowboys,,,polymarket,127.0,—,—,,Loss,,miss,,,,—,,
2026-10-04T20:01:41.654341+00:00,nfl,2026,4,401872967,4018729672092,2,0:22,(Shotgun) C.Stroud scrambles up the middle to DAL 36 for 3 yards (D.Ezeiruaku).,2,4,DAL 39,61,7,Houston Texans,Dallas Cowboys,13,6,64.6,35.4,316.0,62.0,378.0,278.0,75.0,353.0,game,ML,Houston Texans,,,stn,-120.0,—,—,,Win,,hit,,,,—,,
2026-10-04T20:01:41.654341+00:00,nfl,2026,4,401872967,4018729672114,2,0:03,C.Stroud spiked the ball to stop the clock.,3,1,DAL 36,64,7,Houston Texans,Dallas Cowboys,13,6,64.6,35.4,316.0,62.0,378.0,278.0,75.0,353.0,game,Spread,Dallas Cowboys,,2.5,novig,100.0,—,—,,+7,,miss,,,,—,,
2026-10-04T20:01:41.654341+00:00,nfl,2026,4,401872967,4018729672114,2,0:03,C.Stroud spiked the ball to stop the clock.,3,1,DAL 36,64,7,Houston Texans,Dallas Cowboys,13,6,64.6,35.4,316.0,62.0,378.0,278.0,75.0,353.0,game,Spread,Houston Texans,,-2.5,kalshi,-118.0,—,—,,+7,,hit,,,,—,,
2026-10-04T20:01:41.654341+00:00,nfl,2026,4,401872967,4018729672114,2,0:03,C.Stroud spiked the ball to stop the clock.,3,1,DAL 36,64,7,Houston Texans,Dallas Cowboys,13,6,64.6,35.4,316.0,62.0,378.0,278.0,75.0,353.0,game,Total,Over,,54.5,betfair,-119.0,—,—,,19.0,,miss,,,,—,,
2026-10-04T20:01:41.654341+00:00,nfl,2026,4,401872967,4018729672114,2,0:03,C.Stroud spiked the ball to stop the clock.,3,1,DAL 36,64,7,Houston Texans,Dallas Cowboys,13,6,64.6,35.4,316.0,62.0,378.0,278.0,75.0,353.0,game,Total,,,54.5,,,—,—,,19.0,,hit,,,,—,,
2026-10-04T20:01:41.654341+00:00,nfl,2026,4,401872967,4018729672114,2,0:03,C.Stroud spiked the ball to stop the clock.,3,1,DAL 36,64,7,Houston Texans,Dallas Cowboys,13,6,64.6,35.4,316.0,62.0,378.0,278.0,75.0,353.0,game,ML,Dallas Cowboys,,,polymarket,127.0,—,—,,Loss,,miss,,,,—,,
2026-10-04T20:01:41.654341+00:00,nfl,2026,4,401872967,4018729672114,2,0:03,C.Stroud spiked the ball to stop the clock.,3,1,DAL 36,64,7,Houston Texans,Dallas Cowboys,13,6,64.6,35.4,316.0,62.0,378.0,278.0,75.0,353.0,game,ML,Houston Texans,,,stn,-120.0,—,—,,Win,,hit,,,,—,,
2026-10-04T20:01:41.654341+00:00,nfl,2026,4,401872967,4018729672137,2,0:00," K.Fairbairn 54 yard field goal is GOOD, Center-A.Brinkman, Holder-K.Kroeger.",4,1,DAL 36,64,10,Houston Texans,Dallas Cowboys,16,6,64.6,35.4,316.0,62.0,378.0,278.0,75.0,353.0,game,Spread,Dallas Cowboys,,2.5,novig,100.0,—,—,,+10,,miss,,,,—,,
2026-10-04T20:01:41.654341+00:00,nfl,2026,4,401872967,4018729672137,2,0:00," K.Fairbairn 54 yard field goal is GOOD, Center-A.Brinkman, Holder-K.Kroeger.",4,1,DAL 36,64,10,Houston Texans,Dallas Cowboys,16,6,64.6,35.4,316.0,62.0,378.0,278.0,75.0,353.0,game,Spread,Houston Texans,,-2.5,kalshi,-118.0,—,—,,+10,,hit,,,,—,,
2026-10-04T20:01:41.654341+00:00,nfl,2026,4,401872967,4018729672137,2,0:00," K.Fairbairn 54 yard field goal is GOOD, Center-A.Brinkman, Holder-K.Kroeger.",4,1,DAL 36,64,10,Houston Texans,Dallas Cowboys,16,6,64.6,35.4,316.0,62.0,378.0,278.0,75.0,353.0,game,Total,Over,,54.5,betfair,-119.0,—,—,,22.0,,miss,,,,—,,
2026-10-04T20:01:41.654341+00:00,nfl,2026,4,401872967,4018729672137,2,0:00," K.Fairbairn 54 yard field goal is GOOD, Center-A.Brinkman, Holder-K.Kroeger.",4,1,DAL 36,64,10,Houston Texans,Dallas Cowboys,16,6,64.6,35.4,316.0,62.0,378.0,278.0,75.0,353.0,game,Total,,,54.5,,,—,—,,22.0,,hit,,,,—,,
2026-10-04T20:01:41.654341+00:00,nfl,2026,4,401872967,4018729672137,2,0:00," K.Fairbairn 54 yard field goal is GOOD, Center-A.Brinkman, Holder-K.Kroeger.",4,1,DAL 36,64,10,Houston Texans,Dallas Cowboys,16,6,64.6,35.4,316.0,62.0,378.0,278.0,75.0,353.0,game,ML,Dallas Cowboys,,,polymarket,127.0,—,—,,Loss,,miss,,,,—,,
2026-10-04T20:01:41.654341+00:00,nfl,2026,4,401872967,4018729672137,2,0:00," K.Fairbairn 54 yard field goal is GOOD, Center-A.Brinkman, Holder-K.Kroeger.",4,1,DAL 36,64,10,Houston Texans,Dallas Cowboys,16,6,64.6,35.4,316.0,62.0,378.0,278.0,75.0,353.0,game,ML,Houston Texans,,,stn,-120.0,—,—,,Win,,hit,,,,—,,
2026-10-04T20:01:41.654341+00:00,nfl,2026,4,401872967,4018729672157,2,0:00,END QUARTER 2,1,10,HOU 46,35,10,Houston Texans,Dallas Cowboys,16,6,64.6,35.4,316.0,62.0,378.0,278.0,75.0,353.0,game,Spread,Dallas Cowboys,,2.5,novig,100.0,—,—,,+10,,miss,,,,—,,
2026-10-04T20:01:41.654341+00:00,nfl,2026,4,401872967,4018729672157,2,0:00,END QUARTER 2,1,10,HOU 46,35,10,Houston Texans,Dallas Cowboys,16,6,64.6,35.4,316.0,62.0,378.0,278.0,75.0,353.0,game,Spread,Houston Texans,,-2.5,kalshi,-118.0,—,—,,+10,,hit,,,,—,,
2026-10-04T20:01:41.654341+00:00,nfl,2026,4,401872967,4018729672157,2,0:00,END QUARTER 2,1,10,HOU 46,35,10,Houston Texans,Dallas Cowboys,16,6,64.6,35.4,316.0,62.0,378.0,278.0,75.0,353.0,game,Total,Over,,54.5,betfair,-119.0,—,—,,22.0,,miss,,,,—,,
2026-10-04T20:01:41.654341+00:00,nfl,2026,4,401872967,4018729672157,2,0:00,END QUARTER 2,1,10,HOU 46,35,10,Houston Texans,Dallas Cowboys,16,6,64.6,35.4,316.0,62.0,378.0,278.0,75.0,353.0,game,Total,,,54.5,,,—,—,,22.0,,hit,,,,—,,
2026-10-04T20:01:41.654341+00:00,nfl,2026,4,401872967,4018729672157,2,0:00,END QUARTER 2,1,10,HOU 46,35,10,Houston Texans,Dallas Cowboys,16,6,64.6,35.4,316.0,62.0,378.0,278.0,75.0,353.0,game,ML,Dallas Cowboys,,,polymarket,127.0,—,—,,Loss,,miss,,,,—,,
2026-10-04T20:01:41.654341+00:00,nfl,2026,4,401872967,4018729672157,2,0:00,END QUARTER 2,1,10,HOU 46,35,10,Houston Texans,Dallas Cowboys,16,6,64.6,35.4,316.0,62.0,378.0,278.0,75.0,353.0,game,ML,Houston Texans,,,stn,-120.0,—,—,,Win,,hit,,,,—,,
2026-10-04T20:01:41.654341+00:00,nfl,2026,4,401872967,4018729672175,3,15:00,K.Fairbairn kicks 62 yards from HST 35 to DAL 3. K.Turpin pushed ob at HST 49 for 48 yards (J.Pitre).,1,10,HOU 46,35,10,Houston Texans,Dallas Cowboys,16,6,64.6,35.4,316.0,62.0,378.0,278.0,75.0,353.0,game,Spread,Dallas Cowboys,,2.5,novig,100.0,—,—,,+10,,miss,,,,—,,
2026-10-04T20:01:41.654341+00:00,nfl,2026,4,401872967,4018729672175,3,15:00,K.Fairbairn kicks 62 yards from HST 35 to DAL 3. K.Turpin pushed ob at HST 49 for 48 yards (J.Pitre).,1,10,HOU 46,35,10,Houston Texans,Dallas Cowboys,16,6,64.6,35.4,316.0,62.0,378.0,278.0,75.0,353.0,game,Spread,Houston Texans,,-2.5,kalshi,-118.0,—,—,,+10,,hit,,,,—,,
2026-10-04T20:01:41.654341+00:00,nfl,2026,4,401872967,4018729672175,3,15:00,K.Fairbairn kicks 62 yards from HST 35 to DAL 3. K.Turpin pushed ob at HST 49 for 48 yards (J.Pitre).,1,10,HOU 46,35,10,Houston Texans,Dallas Cowboys,16,6,64.6,35.4,316.0,62.0,378.0,278.0,75.0,353.0,game,Total,Over,,54.5,betfair,-119.0,—,—,,22.0,,miss,,,,—,,
2026-10-04T20:01:41.654341+00:00,nfl,2026,4,401872967,4018729672175,3,15:00,K.Fairbairn kicks 62 yards from HST 35 to DAL 3. K.Turpin pushed ob at HST 49 for 48 yards (J.Pitre).,1,10,HOU 46,35,10,Houston Texans,Dallas Cowboys,16,6,64.6,35.4,316.0,62.0,378.0,278.0,75.0,353.0,game,Total,,,54.5,,,—,—,,22.0,,hit,,,,—,,
2026-10-04T20:01:41.654341+00:00,nfl,2026,4,401872967,4018729672175,3,15:00,K.Fairbairn kicks 62 yards from HST 35 to DAL 3. K.Turpin pushed ob at HST 49 for 48 yards (J.Pitre).,1,10,HOU 46,35,10,Houston Texans,Dallas Cowboys,16,6,64.6,35.4,316.0,62.0,378.0,278.0,75.0,353.0,game,ML,Dallas Cowboys,,,polymarket,127.0,—,—,,Loss,,miss,,,,—,,
2026-10-04T20:01:41.654341+00:00,nfl,2026,4,401872967,4018729672175,3,15:00,K.Fairbairn kicks 62 yards from HST 35 to DAL 3. K.Turpin pushed ob at HST 49 for 48 yards (J.Pitre).,1,10,HOU 46,35,10,Houston Texans,Dallas Cowboys,16,6,64.6,35.4,316.0,62.0,378.0,278.0,75.0,353.0,game,ML,Houston Texans,,,stn,-120.0,—,—,,Win,,hit,,,,—,,
2026-10-04T20:01:41.654341+00:00,nfl,2026,4,401872967,4018729672203,3,14:52,J.Williams up the middle to HST 42 for 7 yards (D.Hunter; T.Togiai).,1,10,HOU 49,49,10,Houston Texans,Dallas Cowboys,16,6,64.6,35.4,316.0,62.0,378.0,278.0,75.0,353.0,game,Spread,Dallas Cowboys,,2.5,novig,100.0,—,—,,+10,,miss,,,,—,,
2026-10-04T20:01:41.654341+00:00,nfl,2026,4,401872967,4018729672203,3,14:52,J.Williams up the middle to HST 42 for 7 yards (D.Hunter; T.Togiai).,1,10,HOU 49,49,10,Houston Texans,Dallas Cowboys,16,6,64.6,35.4,316.0,62.0,378.0,278.0,75.0,353.0,game,Spread,Houston Texans,,-2.5,kalshi,-118.0,—,—,,+10,,hit,,,,—,,
2026-10-04T20:01:41.654341+00:00,nfl,2026,4,401872967,4018729672203,3,14:52,J.Williams up the middle to HST 42 for 7 yards (D.Hunter; T.Togiai).,1,10,HOU 49,49,10,Houston Texans,Dallas Cowboys,16,6,64.6,35.4,316.0,62.0,378.0,278.0,75.0,353.0,game,Total,Over,,54.5,betfair,-119.0,—,—,,22.0,,miss,,,,—,,
2026-10-04T20:01:41.654341+00:00,nfl,2026,4,401872967,4018729672203,3,14:52,J.Williams up the middle to HST 42 for 7 yards (D.Hunter; T.Togiai).,1,10,HOU 49,49,10,Houston Texans,Dallas Cowboys,16,6,64.6,35.4,316.0,62.0,378.0,278.0,75.0,353.0,game,Total,,,54.5,,,—,—,,22.0,,hit,,,,—,,
2026-10-04T20:01:41.654341+00:00,nfl,2026,4,401872967,4018729672203,3,14:52,J.Williams up the middle to HST 42 for 7 yards (D.Hunter; T.Togiai).,1,10,HOU 49,49,10,Houston Texans,Dallas Cowboys,16,6,64.6,35.4,316.0,62.0,378.0,278.0,75.0,353.0,game,ML,Dallas Cowboys,,,polymarket,127.0,—,—,,Loss,,miss,,,,—,,
2026-10-04T20:01:41.654341+00:00,nfl,2026,4,401872967,4018729672203,3,14:52,J.Williams up the middle to HST 42 for 7 yards (D.Hunter; T.Togiai).,1,10,HOU 49,49,10,Houston Texans,Dallas Cowboys,16,6,64.6,35.4,316.0,62.0,378.0,278.0,75.0,353.0,game,ML,Houston Texans,,,stn,-120.0,—,—,,Win,,hit,,,,—,,
2026-10-04T20:01:41.654341+00:00,nfl,2026,4,401872967,4018729672225,3,14:17,J.Williams left end to HST 38 for 4 yards (T.Togiai).,2,3,HOU 42,42,10,Houston Texans,Dallas Cowboys,16,6,64.6,35.4,316.0,62.0,378.0,278.0,75.0,353.0,game,Spread,Dallas Cowboys,,2.5,novig,100.0,—,—,,+10,,miss,,,,—,,
2026-10-04T20:01:41.654341+00:00,nfl,2026,4,401872967,4018729672225,3,14:17,J.Williams left end to HST 38 for 4 yards (T.Togiai).,2,3,HOU 42,42,10,Houston Texans,Dallas Cowboys,16,6,64.6,35.4,316.0,62.0,378.0,278.0,75.0,353.0,game,Spread,Houston Texans,,-2.5,kalshi,-118.0,—,—,,+10,,hit,,,,—,,
2026-10-04T20:01:41.654341+00:00,nfl,2026,4,401872967,4018729672225,3,14:17,J.Williams left end to HST 38 for 4 yards (T.Togiai).,2,3,HOU 42,42,10,Houston Texans,Dallas Cowboys,16,6,64.6,35.4,316.0,62.0,378.0,278.0,75.0,353.0,game,Total,Over,,54.5,betfair,-119.0,—,—,,22.0,,miss,,,,—,,
2026-10-04T20:01:41.654341+00:00,nfl,2026,4,401872967,4018729672225,3,14:17,J.Williams left end to HST 38 for 4 yards (T.Togiai).,2,3,HOU 42,42,10,Houston Texans,Dallas Cowboys,16,6,64.6,35.4,316.0,62.0,378.0,278.0,75.0,353.0,game,Total,,,54.5,,,—,—,,22.0,,hit,,,,—,,
2026-10-04T20:01:41.654341+00:00,nfl,2026,4,401872967,4018729672225,3,14:17,J.Williams left end to HST 38 for 4 yards (T.Togiai).,2,3,HOU 42,42,10,Houston Texans,Dallas Cowboys,16,6,64.6,35.4,316.0,62.0,378.0,278.0,75.0,353.0,game,ML,Dallas Cowboys,,,polymarket,127.0,—,—,,Loss,,miss,,,,—,,
2026-10-04T20:01:41.654341+00:00,nfl,2026,4,401872967,4018729672225,3,14:17,J.Williams left end to HST 38 for 4 yards (T.Togiai).,2,3,HOU 42,42,10,Houston Texans,Dallas Cowboys,16,6,64.6,35.4,316.0,62.0,378.0,278.0,75.0,353.0,game,ML,Houston Texans,,,stn,-120.0,—,—,,Win,,hit,,,,—,,
2026-10-04T20:01:41.654341+00:00,nfl,2026,4,401872967,4018729672247,3,13:40,D.Prescott pass deep left to C.Lamb to HST 8 for 30 yards (K.Lassiter; C.Bullock).,1,10,HOU 38,38,10,Houston Texans,Dallas Cowboys,16,6,64.6,35.4,316.0,62.0,378.0,278.0,75.0,353.0,game,Spread,Dallas Cowboys,,2.5,novig,100.0,—,—,,+10,,miss,,,,—,,
2026-10-04T20:01:41.654341+00:00,nfl,2026,4,401872967,4018729672247,3,13:40,D.Prescott pass deep left to C.Lamb to HST 8 for 30 yards (K.Lassiter; C.Bullock).,1,10,HOU 38,38,10,Houston Texans,Dallas Cowboys,16,6,64.6,35.4,316.0,62.0,378.0,278.0,75.0,353.0,game,Spread,Houston Texans,,-2.5,kalshi,-118.0,—,—,,+10,,hit,,,,—,,
2026-10-04T20:01:41.654341+00:00,nfl,2026,4,401872967,4018729672247,3,13:40,D.Prescott pass deep left to C.Lamb to HST 8 for 30 yards (K.Lassiter; C.Bullock).,1,10,HOU 38,38,10,Houston Texans,Dallas Cowboys,16,6,64.6,35.4,316.0,62.0,378.0,278.0,75.0,353.0,game,Total,Over,,54.5,betfair,-119.0,—,—,,22.0,,miss,,,,—,,
2026-10-04T20:01:41.654341+00:00,nfl,2026,4,401872967,4018729672247,3,13:40,D.Prescott pass deep left to C.Lamb to HST 8 for 30 yards (K.Lassiter; C.Bullock).,1,10,HOU 38,38,10,Houston Texans,Dallas Cowboys,16,6,64.6,35.4,316.0,62.0,378.0,278.0,75.0,353.0,game,Total,,,54.5,,,—,—,,22.0,,hit,,,,—,,
2026-10-04T20:01:41.654341+00:00,nfl,2026,4,401872967,4018729672247,3,13:40,D.Prescott pass deep left to C.Lamb to HST 8 for 30 yards (K.Lassiter; C.Bullock).,1,10,HOU 38,38,10,Houston Texans,Dallas Cowboys,16,6,64.6,35.4,316.0,62.0,378.0,278.0,75.0,353.0,game,ML,Dallas Cowboys,,,polymarket,127.0,—,—,,Loss,,miss,,,,—,,
2026-10-04T20:01:41.654341+00:00,nfl,2026,4,401872967,4018729672247,3,13:40,D.Prescott pass deep left to C.Lamb to HST 8 for 30 yards (K.Lassiter; C.Bullock).,1,10,HOU 38,38,10,Houston Texans,Dallas Cowboys,16,6,64.6,35.4,316.0,62.0,378.0,278.0,75.0,353.0,game,ML,Houston Texans,,,stn,-120.0,—,—,,Win,,hit,,,,—,,
2026-10-04T20:01:41.654341+00:00,nfl,2026,4,401872967,4018729672303,3,12:55,Official Timeout at 12:55.,-1,10,HOU 15,15,3,Houston Texans,Dallas Cowboys,16,13,64.6,35.4,316.0,62.0,378.0,278.0,75.0,353.0,game,Spread,Dallas Cowboys,,2.5,novig,100.0,—,—,,+3,,miss,,,,—,,
2026-10-04T20:01:41.654341+00:00,nfl,2026,4,401872967,4018729672303,3,12:55,Official Timeout at 12:55.,-1,10,HOU 15,15,3,Houston Texans,Dallas Cowboys,16,13,64.6,35.4,316.0,62.0,378.0,278.0,75.0,353.0,game,Spread,Houston Texans,,-2.5,kalshi,-118.0,—,—,,+3,,hit,,,,—,,
2026-10-04T20:01:41.654341+00:00,nfl,2026,4,401872967,4018729672303,3,12:55,Official Timeout at 12:55.,-1,10,HOU 15,15,3,Houston Texans,Dallas Cowboys,16,13,64.6,35.4,316.0,62.0,378.0,278.0,75.0,353.0,game,Total,Over,,54.5,betfair,-119.0,—,—,,29.0,,miss,,,,—,,
2026-10-04T20:01:41.654341+00:00,nfl,2026,4,401872967,4018729672303,3,12:55,Official Timeout at 12:55.,-1,10,HOU 15,15,3,Houston Texans,Dallas Cowboys,16,13,64.6,35.4,316.0,62.0,378.0,278.0,75.0,353.0,game,Total,,,54.5,,,—,—,,29.0,,hit,,,,—,,
2026-10-04T20:01:41.654341+00:00,nfl,2026,4,401872967,4018729672303,3,12:55,Official Timeout at 12:55.,-1,10,HOU 15,15,3,Houston Texans,Dallas Cowboys,16,13,64.6,35.4,316.0,62.0,378.0,278.0,75.0,353.0,game,ML,Dallas Cowboys,,,polymarket,127.0,—,—,,Loss,,miss,,,,—,,
2026-10-04T20:01:41.654341+00:00,nfl,2026,4,401872967,4018729672303,3,12:55,Official Timeout at 12:55.,-1,10,HOU 15,15,3,Houston Texans,Dallas Cowboys,16,13,64.6,35.4,316.0,62.0,378.0,278.0,75.0,353.0,game,ML,Houston Texans,,,stn,-120.0,—,—,,Win,,hit,,,,—,,
2026-10-04T20:01:41.654341+00:00,nfl,2026,4,401872967,4018729672272,3,12:55,"(Shotgun) J.Williams left end for 8 yards, TOUCHDOWN. B.Aubrey extra point is GOOD, Center-T.Sieg, Holder-B.Anger.",1,8,HOU 8,8,3,Houston Texans,Dallas Cowboys,16,13,64.6,35.4,316.0,62.0,378.0,278.0,75.0,353.0,game,Spread,Dallas Cowboys,,2.5,novig,100.0,—,—,,+3,,miss,,,,—,,
2026-10-04T20:01:41.654341+00:00,nfl,2026,4,401872967,4018729672272,3,12:55,"(Shotgun) J.Williams left end for 8 yards, TOUCHDOWN. B.Aubrey extra point is GOOD, Center-T.Sieg, Holder-B.Anger.",1,8,HOU 8,8,3,Houston Texans,Dallas Cowboys,16,13,64.6,35.4,316.0,62.0,378.0,278.0,75.0,353.0,game,Spread,Houston Texans,,-2.5,kalshi,-118.0,—,—,,+3,,hit,,,,—,,
2026-10-04T20:01:41.654341+00:00,nfl,2026,4,401872967,4018729672272,3,12:55,"(Shotgun) J.Williams left end for 8 yards, TOUCHDOWN. B.Aubrey extra point is GOOD, Center-T.Sieg, Holder-B.Anger.",1,8,HOU 8,8,3,Houston Texans,Dallas Cowboys,16,13,64.6,35.4,316.0,62.0,378.0,278.0,75.0,353.0,game,Total,Over,,54.5,betfair,-119.0,—,—,,29.0,,miss,,,,—,,
2026-10-04T20:01:41.654341+00:00,nfl,2026,4,401872967,4018729672272,3,12:55,"(Shotgun) J.Williams left end for 8 yards, TOUCHDOWN. B.Aubrey extra point is GOOD, Center-T.Sieg, Holder-B.Anger.",1,8,HOU 8,8,3,Houston Texans,Dallas Cowboys,16,13,64.6,35.4,316.0,62.0,378.0,278.0,75.0,353.0,game,Total,,,54.5,,,—,—,,29.0,,hit,,,,—,,
2026-10-04T20:01:41.654341+00:00,nfl,2026,4,401872967,4018729672272,3,12:55,"(Shotgun) J.Williams left end for 8 yards, TOUCHDOWN. B.Aubrey extra point is GOOD, Center-T.Sieg, Holder-B.Anger.",1,8,HOU 8,8,3,Houston Texans,Dallas Cowboys,16,13,64.6,35.4,316.0,62.0,378.0,278.0,75.0,353.0,game,ML,Dallas Cowboys,,,polymarket,127.0,—,—,,Loss,,miss,,,,—,,
2026-10-04T20:01:41.654341+00:00,nfl,2026,4,401872967,4018729672272,3,12:55,"(Shotgun) J.Williams left end for 8 yards, TOUCHDOWN. B.Aubrey extra point is GOOD, Center-T.Sieg, Holder-B.Anger.",1,8,HOU 8,8,3,Houston Texans,Dallas Cowboys,16,13,64.6,35.4,316.0,62.0,378.0,278.0,75.0,353.0,game,ML,Houston Texans,,,stn,-120.0,—,—,,Win,,hit,,,,—,,
2026-10-04T20:01:41.654341+00:00,nfl,2026,4,401872967,4018729672310,3,12:55,B.Aubrey kicks 56 yards from DAL 35 to HST 9. J.Noel to DAL 38 for 53 yards (A.Speed).,1,10,HOU 46,65,3,Houston Texans,Dallas Cowboys,16,13,64.6,35.4,316.0,62.0,378.0,278.0,75.0,353.0,game,Spread,Dallas Cowboys,,2.5,novig,100.0,—,—,,+3,,miss,,,,—,,
2026-10-04T20:01:41.654341+00:00,nfl,2026,4,401872967,4018729672310,3,12:55,B.Aubrey kicks 56 yards from DAL 35 to HST 9. J.Noel to DAL 38 for 53 yards (A.Speed).,1,10,HOU 46,65,3,Houston Texans,Dallas Cowboys,16,13,64.6,35.4,316.0,62.0,378.0,278.0,75.0,353.0,game,Spread,Houston Texans,,-2.5,kalshi,-118.0,—,—,,+3,,hit,,,,—,,
2026-10-04T20:01:41.654341+00:00,nfl,2026,4,401872967,4018729672310,3,12:55,B.Aubrey kicks 56 yards from DAL 35 to HST 9. J.Noel to DAL 38 for 53 yards (A.Speed).,1,10,HOU 46,65,3,Houston Texans,Dallas Cowboys,16,13,64.6,35.4,316.0,62.0,378.0,278.0,75.0,353.0,game,Total,Over,,54.5,betfair,-119.0,—,—,,29.0,,miss,,,,—,,
2026-10-04T20:01:41.654341+00:00,nfl,2026,4,401872967,4018729672310,3,12:55,B.Aubrey kicks 56 yards from DAL 35 to HST 9. J.Noel to DAL 38 for 53 yards (A.Speed).,1,10,HOU 46,65,3,Houston Texans,Dallas Cowboys,16,13,64.6,35.4,316.0,62.0,378.0,278.0,75.0,353.0,game,Total,,,54.5,,,—,—,,29.0,,hit,,,,—,,
2026-10-04T20:01:41.654341+00:00,nfl,2026,4,401872967,4018729672310,3,12:55,B.Aubrey kicks 56 yards from DAL 35 to HST 9. J.Noel to DAL 38 for 53 yards (A.Speed).,1,10,HOU 46,65,3,Houston Texans,Dallas Cowboys,16,13,64.6,35.4,316.0,62.0,378.0,278.0,75.0,353.0,game,ML,Dallas Cowboys,,,polymarket,127.0,—,—,,Loss,,miss,,,,—,,
2026-10-04T20:01:41.654341+00:00,nfl,2026,4,401872967,4018729672310,3,12:55,B.Aubrey kicks 56 yards from DAL 35 to HST 9. J.Noel to DAL 38 for 53 yards (A.Speed).,1,10,HOU 46,65,3,Houston Texans,Dallas Cowboys,16,13,64.6,35.4,316.0,62.0,378.0,278.0,75.0,353.0,game,ML,Houston Texans,,,stn,-120.0,—,—,,Win,,hit,,,,—,,
2026-10-04T20:01:41.654341+00:00,nfl,2026,4,401872967,4018729672345,3,12:45,B.Fisher reported in as eligible.  D.Montgomery up the middle to DAL 36 for 2 yards (D.Winters).,1,10,DAL 38,62,3,Houston Texans,Dallas Cowboys,16,13,64.6,35.4,316.0,62.0,378.0,278.0,75.0,353.0,game,Spread,Dallas Cowboys,,2.5,novig,100.0,—,—,,+3,,miss,,,,—,,
2026-10-04T20:01:41.654341+00:00,nfl,2026,4,401872967,4018729672345,3,12:45,B.Fisher reported in as eligible.  D.Montgomery up the middle to DAL 36 for 2 yards (D.Winters).,1,10,DAL 38,62,3,Houston Texans,Dallas Cowboys,16,13,64.6,35.4,316.0,62.0,378.0,278.0,75.0,353.0,game,Spread,Houston Texans,,-2.5,kalshi,-118.0,—,—,,+3,,hit,,,,—,,
2026-10-04T20:01:41.654341+00:00,nfl,2026,4,401872967,4018729672345,3,12:45,B.Fisher reported in as eligible.  D.Montgomery up the middle to DAL 36 for 2 yards (D.Winters).,1,10,DAL 38,62,3,Houston Texans,Dallas Cowboys,16,13,64.6,35.4,316.0,62.0,378.0,278.0,75.0,353.0,game,Total,Over,,54.5,betfair,-119.0,—,—,,29.0,,miss,,,,—,,
2026-10-04T20:01:41.654341+00:00,nfl,2026,4,401872967,4018729672345,3,12:45,B.Fisher reported in as eligible.  D.Montgomery up the middle to DAL 36 for 2 yards (D.Winters).,1,10,DAL 38,62,3,Houston Texans,Dallas Cowboys,16,13,64.6,35.4,316.0,62.0,378.0,278.0,75.0,353.0,game,Total,,,54.5,,,—,—,,29.0,,hit,,,,—,,
2026-10-04T20:01:41.654341+00:00,nfl,2026,4,401872967,4018729672345,3,12:45,B.Fisher reported in as eligible.  D.Montgomery up the middle to DAL 36 for 2 yards (D.Winters).,1,10,DAL 38,62,3,Houston Texans,Dallas Cowboys,16,13,64.6,35.4,316.0,62.0,378.0,278.0,75.0,353.0,game,ML,Dallas Cowboys,,,polymarket,127.0,—,—,,Loss,,miss,,,,—,,
2026-10-04T20:01:41.654341+00:00,nfl,2026,4,401872967,4018729672345,3,12:45,B.Fisher reported in as eligible.  D.Montgomery up the middle to DAL 36 for 2 yards (D.Winters).,1,10,DAL 38,62,3,Houston Texans,Dallas Cowboys,16,13,64.6,35.4,316.0,62.0,378.0,278.0,75.0,353.0,game,ML,Houston Texans,,,stn,-120.0,—,—,,Win,,hit,,,,—,,
2026-10-04T20:01:41.654341+00:00,nfl,2026,4,401872967,4018729672369,3,12:07,(Shotgun) C.Stroud pass short right to X.Hutchinson pushed ob at DAL 26 for 10 yards (C.Downs).,2,8,DAL 36,64,3,Houston Texans,Dallas Cowboys,16,13,64.6,35.4,316.0,62.0,378.0,278.0,75.0,353.0,game,Spread,Dallas Cowboys,,1.5,kalshi,-113.0,—,—,,+3,,miss,,,,—,,
2026-10-04T20:01:41.654341+00:00,nfl,2026,4,401872967,4018729672369,3,12:07,(Shotgun) C.Stroud pass short right to X.Hutchinson pushed ob at DAL 26 for 10 yards (C.Downs).,2,8,DAL 36,64,3,Houston Texans,Dallas Cowboys,16,13,64.6,35.4,316.0,62.0,378.0,278.0,75.0,353.0,game,Spread,Houston Texans,,-1.5,novig,-116.0,—,—,,+3,,hit,,,,—,,
2026-10-04T20:01:41.654341+00:00,nfl,2026,4,401872967,4018729672369,3,12:07,(Shotgun) C.Stroud pass short right to X.Hutchinson pushed ob at DAL 26 for 10 yards (C.Downs).,2,8,DAL 36,64,3,Houston Texans,Dallas Cowboys,16,13,64.6,35.4,316.0,62.0,378.0,278.0,75.0,353.0,game,Total,Over,,54.5,betfair,-119.0,—,—,,29.0,,miss,,,,—,,
2026-10-04T20:01:41.654341+00:00,nfl,2026,4,401872967,4018729672369,3,12:07,(Shotgun) C.Stroud pass short right to X.Hutchinson pushed ob at DAL 26 for 10 yards (C.Downs).,2,8,DAL 36,64,3,Houston Texans,Dallas Cowboys,16,13,64.6,35.4,316.0,62.0,378.0,278.0,75.0,353.0,game,Total,,,54.5,,,—,—,,29.0,,hit,,,,—,,
2026-10-04T20:01:41.654341+00:00,nfl,2026,4,401872967,4018729672369,3,12:07,(Shotgun) C.Stroud pass short right to X.Hutchinson pushed ob at DAL 26 for 10 yards (C.Downs).,2,8,DAL 36,64,3,Houston Texans,Dallas Cowboys,16,13,64.6,35.4,316.0,62.0,378.0,278.0,75.0,353.0,game,ML,Dallas Cowboys,,,betfair,1921.0,—,—,,Loss,,miss,,,,—,,
2026-10-04T20:01:41.654341+00:00,nfl,2026,4,401872967,4018729672369,3,12:07,(Shotgun) C.Stroud pass short right to X.Hutchinson pushed ob at DAL 26 for 10 yards (C.Downs).,2,8,DAL 36,64,3,Houston Texans,Dallas Cowboys,16,13,64.6,35.4,316.0,62.0,378.0,278.0,75.0,353.0,game,ML,Houston Texans,,,stn,-130.0,—,—,,Win,,hit,,,,—,,
2026-10-04T20:01:41.654341+00:00,nfl,2026,4,401872967,4018729672399,3,11:35,J.Noel left tackle to DAL 22 for 4 yards (J.Barham).,1,10,DAL 26,74,3,Houston Texans,Dallas Cowboys,16,13,64.6,35.4,316.0,62.0,378.0,278.0,75.0,353.0,game,Spread,Dallas Cowboys,,1.5,kalshi,-113.0,—,—,,+3,,miss,,,,—,,
2026-10-04T20:01:41.654341+00:00,nfl,2026,4,401872967,4018729672399,3,11:35,J.Noel left tackle to DAL 22 for 4 yards (J.Barham).,1,10,DAL 26,74,3,Houston Texans,Dallas Cowboys,16,13,64.6,35.4,316.0,62.0,378.0,278.0,75.0,353.0,game,Spread,Houston Texans,,-1.5,novig,-116.0,—,—,,+3,,hit,,,,—,,
2026-10-04T20:01:41.654341+00:00,nfl,2026,4,401872967,4018729672399,3,11:35,J.Noel left tackle to DAL 22 for 4 yards (J.Barham).,1,10,DAL 26,74,3,Houston Texans,Dallas Cowboys,16,13,64.6,35.4,316.0,62.0,378.0,278.0,75.0,353.0,game,Total,Over,,54.5,betfair,-119.0,—,—,,29.0,,miss,,,,—,,
2026-10-04T20:01:41.654341+00:00,nfl,2026,4,401872967,4018729672399,3,11:35,J.Noel left tackle to DAL 22 for 4 yards (J.Barham).,1,10,DAL 26,74,3,Houston Texans,Dallas Cowboys,16,13,64.6,35.4,316.0,62.0,378.0,278.0,75.0,353.0,game,Total,,,54.5,,,—,—,,29.0,,hit,,,,—,,
2026-10-04T20:01:41.654341+00:00,nfl,2026,4,401872967,4018729672399,3,11:35,J.Noel left tackle to DAL 22 for 4 yards (J.Barham).,1,10,DAL 26,74,3,Houston Texans,Dallas Cowboys,16,13,64.6,35.4,316.0,62.0,378.0,278.0,75.0,353.0,game,ML,Dallas Cowboys,,,betfair,1921.0,—,—,,Loss,,miss,,,,—,,
2026-10-04T20:01:41.654341+00:00,nfl,2026,4,401872967,4018729672399,3,11:35,J.Noel left tackle to DAL 22 for 4 yards (J.Barham).,1,10,DAL 26,74,3,Houston Texans,Dallas Cowboys,16,13,64.6,35.4,316.0,62.0,378.0,278.0,75.0,353.0,game,ML,Houston Texans,,,stn,-130.0,—,—,,Win,,hit,,,,—,,
2026-10-04T20:01:41.654341+00:00,nfl,2026,4,401872967,4018729672470,3,10:50,Official Timeout at 10:50.,-1,10,DAL 15,85,10,Houston Texans,Dallas Cowboys,23,13,64.6,35.4,316.0,62.0,378.0,278.0,75.0,353.0,game,Spread,Dallas Cowboys,,1.5,kalshi,-113.0,—,—,,+10,,miss,,,,—,,
2026-10-04T20:01:41.654341+00:00,nfl,2026,4,401872967,4018729672470,3,10:50,Official Timeout at 10:50.,-1,10,DAL 15,85,10,Houston Texans,Dallas Cowboys,23,13,64.6,35.4,316.0,62.0,378.0,278.0,75.0,353.0,game,Spread,Houston Texans,,-1.5,novig,-116.0,—,—,,+10,,hit,,,,—,,
2026-10-04T20:01:41.654341+00:00,nfl,2026,4,401872967,4018729672470,3,10:50,Official Timeout at 10:50.,-1,10,DAL 15,85,10,Houston Texans,Dallas Cowboys,23,13,64.6,35.4,316.0,62.0,378.0,278.0,75.0,353.0,game,Total,Over,,54.5,betfair,-119.0,—,—,,36.0,,miss,,,,—,,
2026-10-04T20:01:41.654341+00:00,nfl,2026,4,401872967,4018729672470,3,10:50,Official Timeout at 10:50.,-1,10,DAL 15,85,10,Houston Texans,Dallas Cowboys,23,13,64.6,35.4,316.0,62.0,378.0,278.0,75.0,353.0,game,Total,,,54.5,,,—,—,,36.0,,hit,,,,—,,
2026-10-04T20:01:41.654341+00:00,nfl,2026,4,401872967,4018729672470,3,10:50,Official Timeout at 10:50.,-1,10,DAL 15,85,10,Houston Texans,Dallas Cowboys,23,13,64.6,35.4,316.0,62.0,378.0,278.0,75.0,353.0,game,ML,Dallas Cowboys,,,betfair,1921.0,—,—,,Loss,,miss,,,,—,,
2026-10-04T20:01:41.654341+00:00,nfl,2026,4,401872967,4018729672470,3,10:50,Official Timeout at 10:50.,-1,10,DAL 15,85,10,Houston Texans,Dallas Cowboys,23,13,64.6,35.4,316.0,62.0,378.0,278.0,75.0,353.0,game,ML,Houston Texans,,,stn,-130.0,—,—,,Win,,hit,,,,—,,
2026-10-04T20:01:41.654341+00:00,nfl,2026,4,401872967,4018729672421,3,10:50,"(Shotgun) C.Stroud pass deep right to N.Collins for 22 yards, TOUCHDOWN.PENALTY on DAL-R.Steward, Unnecessary Roughness, 8 yards, enforced between downs. K.Fairbairn extra point is GOOD, Center-A.Brinkman, Holder-K.Kroeger.",2,6,DAL 22,78,10,Houston Texans,Dallas Cowboys,23,13,64.6,35.4,316.0,62.0,378.0,278.0,75.0,353.0,game,Spread,Dallas Cowboys,,1.5,kalshi,-113.0,—,—,,+10,,miss,,,,—,,
2026-10-04T20:01:41.654341+00:00,nfl,2026,4,401872967,4018729672421,3,10:50,"(Shotgun) C.Stroud pass deep right to N.Collins for 22 yards, TOUCHDOWN.PENALTY on DAL-R.Steward, Unnecessary Roughness, 8 yards, enforced between downs. K.Fairbairn extra point is GOOD, Center-A.Brinkman, Holder-K.Kroeger.",2,6,DAL 22,78,10,Houston Texans,Dallas Cowboys,23,13,64.6,35.4,316.0,62.0,378.0,278.0,75.0,353.0,game,Spread,Houston Texans,,-1.5,novig,-116.0,—,—,,+10,,hit,,,,—,,
2026-10-04T20:01:41.654341+00:00,nfl,2026,4,401872967,4018729672421,3,10:50,"(Shotgun) C.Stroud pass deep right to N.Collins for 22 yards, TOUCHDOWN.PENALTY on DAL-R.Steward, Unnecessary Roughness, 8 yards, enforced between downs. K.Fairbairn extra point is GOOD, Center-A.Brinkman, Holder-K.Kroeger.",2,6,DAL 22,78,10,Houston Texans,Dallas Cowboys,23,13,64.6,35.4,316.0,62.0,378.0,278.0,75.0,353.0,game,Total,Over,,54.5,betfair,-119.0,—,—,,36.0,,miss,,,,—,,
2026-10-04T20:01:41.654341+00:00,nfl,2026,4,401872967,4018729672421,3,10:50,"(Shotgun) C.Stroud pass deep right to N.Collins for 22 yards, TOUCHDOWN.PENALTY on DAL-R.Steward, Unnecessary Roughness, 8 yards, enforced between downs. K.Fairbairn extra point is GOOD, Center-A.Brinkman, Holder-K.Kroeger.",2,6,DAL 22,78,10,Houston Texans,Dallas Cowboys,23,13,64.6,35.4,316.0,62.0,378.0,278.0,75.0,353.0,game,Total,,,54.5,,,—,—,,36.0,,hit,,,,—,,
2026-10-04T20:01:41.654341+00:00,nfl,2026,4,401872967,4018729672421,3,10:50,"(Shotgun) C.Stroud pass deep right to N.Collins for 22 yards, TOUCHDOWN.PENALTY on DAL-R.Steward, Unnecessary Roughness, 8 yards, enforced between downs. K.Fairbairn extra point is GOOD, Center-A.Brinkman, Holder-K.Kroeger.",2,6,DAL 22,78,10,Houston Texans,Dallas Cowboys,23,13,64.6,35.4,316.0,62.0,378.0,278.0,75.0,353.0,game,ML,Dallas Cowboys,,,betfair,1921.0,—,—,,Loss,,miss,,,,—,,
2026-10-04T20:01:41.654341+00:00,nfl,2026,4,401872967,4018729672421,3,10:50,"(Shotgun) C.Stroud pass deep right to N.Collins for 22 yards, TOUCHDOWN.PENALTY on DAL-R.Steward, Unnecessary Roughness, 8 yards, enforced between downs. K.Fairbairn extra point is GOOD, Center-A.Brinkman, Holder-K.Kroeger.",2,6,DAL 22,78,10,Houston Texans,Dallas Cowboys,23,13,64.6,35.4,316.0,62.0,378.0,278.0,75.0,353.0,game,ML,Houston Texans,,,stn,-130.0,—,—,,Win,,hit,,,,—,,
2026-10-04T20:01:41.654341+00:00,nfl,2026,4,401872967,4018729672477,3,10:50,K.Fairbairn kicks 61 yards from HST 35 to DAL 4. K.Turpin to DAL 36 for 32 yards (W.Woodaz).,1,10,HOU 46,35,10,Houston Texans,Dallas Cowboys,23,13,64.6,35.4,316.0,62.0,378.0,278.0,75.0,353.0,game,Spread,Dallas Cowboys,,1.5,kalshi,-113.0,—,—,,+10,,miss,,,,—,,
2026-10-04T20:01:41.654341+00:00,nfl,2026,4,401872967,4018729672477,3,10:50,K.Fairbairn kicks 61 yards from HST 35 to DAL 4. K.Turpin to DAL 36 for 32 yards (W.Woodaz).,1,10,HOU 46,35,10,Houston Texans,Dallas Cowboys,23,13,64.6,35.4,316.0,62.0,378.0,278.0,75.0,353.0,game,Spread,Houston Texans,,-1.5,novig,-116.0,—,—,,+10,,hit,,,,—,,
2026-10-04T20:01:41.654341+00:00,nfl,2026,4,401872967,4018729672477,3,10:50,K.Fairbairn kicks 61 yards from HST 35 to DAL 4. K.Turpin to DAL 36 for 32 yards (W.Woodaz).,1,10,HOU 46,35,10,Houston Texans,Dallas Cowboys,23,13,64.6,35.4,316.0,62.0,378.0,278.0,75.0,353.0,game,Total,Over,,54.5,betfair,-119.0,—,—,,36.0,,miss,,,,—,,
2026-10-04T20:01:41.654341+00:00,nfl,2026,4,401872967,4018729672477,3,10:50,K.Fairbairn kicks 61 yards from HST 35 to DAL 4. K.Turpin to DAL 36 for 32 yards (W.Woodaz).,1,10,HOU 46,35,10,Houston Texans,Dallas Cowboys,23,13,64.6,35.4,316.0,62.0,378.0,278.0,75.0,353.0,game,Total,,,54.5,,,—,—,,36.0,,hit,,,,—,,
2026-10-04T20:01:41.654341+00:00,nfl,2026,4,401872967,4018729672477,3,10:50,K.Fairbairn kicks 61 yards from HST 35 to DAL 4. K.Turpin to DAL 36 for 32 yards (W.Woodaz).,1,10,HOU 46,35,10,Houston Texans,Dallas Cowboys,23,13,64.6,35.4,316.0,62.0,378.0,278.0,75.0,353.0,game,ML,Dallas Cowboys,,,betfair,1921.0,—,—,,Loss,,miss,,,,—,,
2026-10-04T20:01:41.654341+00:00,nfl,2026,4,401872967,4018729672477,3,10:50,K.Fairbairn kicks 61 yards from HST 35 to DAL 4. K.Turpin to DAL 36 for 32 yards (W.Woodaz).,1,10,HOU 46,35,10,Houston Texans,Dallas Cowboys,23,13,64.6,35.4,316.0,62.0,378.0,278.0,75.0,353.0,game,ML,Houston Texans,,,stn,-130.0,—,—,,Win,,hit,,,,—,,
2026-10-04T20:01:41.654341+00:00,nfl,2026,4,401872967,4018729672507,3,10:43,D.Prescott pass deep middle to G.Pickens to HST 11 for 53 yards (K.Lassiter).,1,10,DAL 36,64,10,Houston Texans,Dallas Cowboys,23,13,64.6,35.4,316.0,62.0,378.0,278.0,75.0,353.0,game,Spread,Dallas Cowboys,,1.5,kalshi,-113.0,—,—,,+10,,miss,,,,—,,
2026-10-04T20:01:41.654341+00:00,nfl,2026,4,401872967,4018729672507,3,10:43,D.Prescott pass deep middle to G.Pickens to HST 11 for 53 yards (K.Lassiter).,1,10,DAL 36,64,10,Houston Texans,Dallas Cowboys,23,13,64.6,35.4,316.0,62.0,378.0,278.0,75.0,353.0,game,Spread,Houston Texans,,-1.5,novig,-116.0,—,—,,+10,,hit,,,,—,,
2026-10-04T20:01:41.654341+00:00,nfl,2026,4,401872967,4018729672507,3,10:43,D.Prescott pass deep middle to G.Pickens to HST 11 for 53 yards (K.Lassiter).,1,10,DAL 36,64,10,Houston Texans,Dallas Cowboys,23,13,64.6,35.4,316.0,62.0,378.0,278.0,75.0,353.0,game,Total,Over,,54.5,betfair,-119.0,—,—,,36.0,,miss,,,,—,,
2026-10-04T20:01:41.654341+00:00,nfl,2026,4,401872967,4018729672507,3,10:43,D.Prescott pass deep middle to G.Pickens to HST 11 for 53 yards (K.Lassiter).,1,10,DAL 36,64,10,Houston Texans,Dallas Cowboys,23,13,64.6,35.4,316.0,62.0,378.0,278.0,75.0,353.0,game,Total,,,54.5,,,—,—,,36.0,,hit,,,,—,,
2026-10-04T20:01:41.654341+00:00,nfl,2026,4,401872967,4018729672507,3,10:43,D.Prescott pass deep middle to G.Pickens to HST 11 for 53 yards (K.Lassiter).,1,10,DAL 36,64,10,Houston Texans,Dallas Cowboys,23,13,64.6,35.4,316.0,62.0,378.0,278.0,75.0,353.0,game,ML,Dallas Cowboys,,,betfair,1921.0,—,—,,Loss,,miss,,,,—,,
2026-10-04T20:01:41.654341+00:00,nfl,2026,4,401872967,4018729672507,3,10:43,D.Prescott pass deep middle to G.Pickens to HST 11 for 53 yards (K.Lassiter).,1,10,DAL 36,64,10,Houston Texans,Dallas Cowboys,23,13,64.6,35.4,316.0,62.0,378.0,278.0,75.0,353.0,game,ML,Houston Texans,,,stn,-130.0,—,—,,Win,,hit,,,,—,,
2026-10-04T20:01:41.654341+00:00,nfl,2026,4,401872967,4018729672532,3,9:57,(Shotgun) J.Williams left guard to HST 5 for 6 yards (R.Blankenship; K.Murray).,1,10,HOU 11,11,10,Houston Texans,Dallas Cowboys,23,13,64.6,35.4,316.0,62.0,378.0,278.0,75.0,353.0,game,Spread,Dallas Cowboys,,1.5,kalshi,-113.0,—,—,,+10,,miss,,,,—,,
2026-10-04T20:01:41.654341+00:00,nfl,2026,4,401872967,4018729672532,3,9:57,(Shotgun) J.Williams left guard to HST 5 for 6 yards (R.Blankenship; K.Murray).,1,10,HOU 11,11,10,Houston Texans,Dallas Cowboys,23,13,64.6,35.4,316.0,62.0,378.0,278.0,75.0,353.0,game,Spread,Houston Texans,,-1.5,novig,-116.0,—,—,,+10,,hit,,,,—,,
2026-10-04T20:01:41.654341+00:00,nfl,2026,4,401872967,4018729672532,3,9:57,(Shotgun) J.Williams left guard to HST 5 for 6 yards (R.Blankenship; K.Murray).,1,10,HOU 11,11,10,Houston Texans,Dallas Cowboys,23,13,64.6,35.4,316.0,62.0,378.0,278.0,75.0,353.0,game,Total,Over,,54.5,betfair,-119.0,—,—,,36.0,,miss,,,,—,,
2026-10-04T20:01:41.654341+00:00,nfl,2026,4,401872967,4018729672532,3,9:57,(Shotgun) J.Williams left guard to HST 5 for 6 yards (R.Blankenship; K.Murray).,1,10,HOU 11,11,10,Houston Texans,Dallas Cowboys,23,13,64.6,35.4,316.0,62.0,378.0,278.0,75.0,353.0,game,Total,,,54.5,,,—,—,,36.0,,hit,,,,—,,
2026-10-04T20:01:41.654341+00:00,nfl,2026,4,401872967,4018729672532,3,9:57,(Shotgun) J.Williams left guard to HST 5 for 6 yards (R.Blankenship; K.Murray).,1,10,HOU 11,11,10,Houston Texans,Dallas Cowboys,23,13,64.6,35.4,316.0,62.0,378.0,278.0,75.0,353.0,game,ML,Dallas Cowboys,,,betfair,1921.0,—,—,,Loss,,miss,,,,—,,
2026-10-04T20:01:41.654341+00:00,nfl,2026,4,401872967,4018729672532,3,9:57,(Shotgun) J.Williams left guard to HST 5 for 6 yards (R.Blankenship; K.Murray).,1,10,HOU 11,11,10,Houston Texans,Dallas Cowboys,23,13,64.6,35.4,316.0,62.0,378.0,278.0,75.0,353.0,game,ML,Houston Texans,,,stn,-130.0,—,—,,Win,,hit,,,,—,,
2026-10-04T20:01:41.654341+00:00,nfl,2026,4,401872967,4018729672554,3,9:20,(Shotgun) J.Williams left end to HST 8 for -3 yards (J.Pitre).,2,4,HOU 5,5,10,Houston Texans,Dallas Cowboys,23,13,64.6,35.4,316.0,62.0,378.0,278.0,75.0,353.0,game,Spread,Dallas Cowboys,,1.5,kalshi,-113.0,—,—,,+10,,miss,,,,—,,
2026-10-04T20:01:41.654341+00:00,nfl,2026,4,401872967,4018729672554,3,9:20,(Shotgun) J.Williams left end to HST 8 for -3 yards (J.Pitre).,2,4,HOU 5,5,10,Houston Texans,Dallas Cowboys,23,13,64.6,35.4,316.0,62.0,378.0,278.0,75.0,353.0,game,Spread,Houston Texans,,-1.5,novig,-116.0,—,—,,+10,,hit,,,,—,,
2026-10-04T20:01:41.654341+00:00,nfl,2026,4,401872967,4018729672554,3,9:20,(Shotgun) J.Williams left end to HST 8 for -3 yards (J.Pitre).,2,4,HOU 5,5,10,Houston Texans,Dallas Cowboys,23,13,64.6,35.4,316.0,62.0,378.0,278.0,75.0,353.0,game,Total,Over,,54.5,betfair,-119.0,—,—,,36.0,,miss,,,,—,,
2026-10-04T20:01:41.654341+00:00,nfl,2026,4,401872967,4018729672554,3,9:20,(Shotgun) J.Williams left end to HST 8 for -3 yards (J.Pitre).,2,4,HOU 5,5,10,Houston Texans,Dallas Cowboys,23,13,64.6,35.4,316.0,62.0,378.0,278.0,75.0,353.0,game,Total,,,54.5,,,—,—,,36.0,,hit,,,,—,,
2026-10-04T20:01:41.654341+00:00,nfl,2026,4,401872967,4018729672554,3,9:20,(Shotgun) J.Williams left end to HST 8 for -3 yards (J.Pitre).,2,4,HOU 5,5,10,Houston Texans,Dallas Cowboys,23,13,64.6,35.4,316.0,62.0,378.0,278.0,75.0,353.0,game,ML,Dallas Cowboys,,,betfair,1921.0,—,—,,Loss,,miss,,,,—,,
2026-10-04T20:01:41.654341+00:00,nfl,2026,4,401872967,4018729672554,3,9:20,(Shotgun) J.Williams left end to HST 8 for -3 yards (J.Pitre).,2,4,HOU 5,5,10,Houston Texans,Dallas Cowboys,23,13,64.6,35.4,316.0,62.0,378.0,278.0,75.0,353.0,game,ML,Houston Texans,,,stn,-130.0,—,—,,Win,,hit,,,,—,,
2026-10-04T20:01:41.654341+00:00,nfl,2026,4,401872967,4018729672576,3,8:37,"(Shotgun) D.Prescott pass incomplete short middle to G.Pickens (K.Lassiter).PENALTY on HST-K.Lassiter, Defensive Pass Interference, 7 yards, enforced at HST 8 - No Play.",3,7,HOU 8,8,10,Houston Texans,Dallas Cowboys,23,13,64.6,35.4,316.0,62.0,378.0,278.0,75.0,353.0,game,Spread,Dallas Cowboys,,1.5,kalshi,-113.0,—,—,,+10,,miss,,,,—,,
2026-10-04T20:01:41.654341+00:00,nfl,2026,4,401872967,4018729672576,3,8:37,"(Shotgun) D.Prescott pass incomplete short middle to G.Pickens (K.Lassiter).PENALTY on HST-K.Lassiter, Defensive Pass Interference, 7 yards, enforced at HST 8 - No Play.",3,7,HOU 8,8,10,Houston Texans,Dallas Cowboys,23,13,64.6,35.4,316.0,62.0,378.0,278.0,75.0,353.0,game,Spread,Houston Texans,,-1.5,novig,-116.0,—,—,,+10,,hit,,,,—,,
2026-10-04T20:01:41.654341+00:00,nfl,2026,4,401872967,4018729672576,3,8:37,"(Shotgun) D.Prescott pass incomplete short middle to G.Pickens (K.Lassiter).PENALTY on HST-K.Lassiter, Defensive Pass Interference, 7 yards, enforced at HST 8 - No Play.",3,7,HOU 8,8,10,Houston Texans,Dallas Cowboys,23,13,64.6,35.4,316.0,62.0,378.0,278.0,75.0,353.0,game,Total,Over,,54.5,betfair,-119.0,—,—,,36.0,,miss,,,,—,,
2026-10-04T20:01:41.654341+00:00,nfl,2026,4,401872967,4018729672576,3,8:37,"(Shotgun) D.Prescott pass incomplete short middle to G.Pickens (K.Lassiter).PENALTY on HST-K.Lassiter, Defensive Pass Interference, 7 yards, enforced at HST 8 - No Play.",3,7,HOU 8,8,10,Houston Texans,Dallas Cowboys,23,13,64.6,35.4,316.0,62.0,378.0,278.0,75.0,353.0,game,Total,,,54.5,,,—,—,,36.0,,hit,,,,—,,
2026-10-04T20:01:41.654341+00:00,nfl,2026,4,401872967,4018729672576,3,8:37,"(Shotgun) D.Prescott pass incomplete short middle to G.Pickens (K.Lassiter).PENALTY on HST-K.Lassiter, Defensive Pass Interference, 7 yards, enforced at HST 8 - No Play.",3,7,HOU 8,8,10,Houston Texans,Dallas Cowboys,23,13,64.6,35.4,316.0,62.0,378.0,278.0,75.0,353.0,game,ML,Dallas Cowboys,,,betfair,1921.0,—,—,,Loss,,miss,,,,—,,
2026-10-04T20:01:41.654341+00:00,nfl,2026,4,401872967,4018729672576,3,8:37,"(Shotgun) D.Prescott pass incomplete short middle to G.Pickens (K.Lassiter).PENALTY on HST-K.Lassiter, Defensive Pass Interference, 7 yards, enforced at HST 8 - No Play.",3,7,HOU 8,8,10,Houston Texans,Dallas Cowboys,23,13,64.6,35.4,316.0,62.0,378.0,278.0,75.0,353.0,game,ML,Houston Texans,,,stn,-130.0,—,—,,Win,,hit,,,,—,,
2026-10-04T20:01:41.654341+00:00,nfl,2026,4,401872967,4018729672610,3,8:32,J.Williams right tackle to HST 4 for -3 yards (J.Clowney).,1,1,HOU 1,1,10,Houston Texans,Dallas Cowboys,23,13,64.6,35.4,316.0,62.0,378.0,278.0,75.0,353.0,game,Spread,Dallas Cowboys,,1.5,kalshi,-113.0,—,—,,+10,,miss,,,,—,,
2026-10-04T20:01:41.654341+00:00,nfl,2026,4,401872967,4018729672610,3,8:32,J.Williams right tackle to HST 4 for -3 yards (J.Clowney).,1,1,HOU 1,1,10,Houston Texans,Dallas Cowboys,23,13,64.6,35.4,316.0,62.0,378.0,278.0,75.0,353.0,game,Spread,Houston Texans,,-1.5,novig,-116.0,—,—,,+10,,hit,,,,—,,
2026-10-04T20:01:41.654341+00:00,nfl,2026,4,401872967,4018729672610,3,8:32,J.Williams right tackle to HST 4 for -3 yards (J.Clowney).,1,1,HOU 1,1,10,Houston Texans,Dallas Cowboys,23,13,64.6,35.4,316.0,62.0,378.0,278.0,75.0,353.0,game,Total,Over,,54.5,betfair,-119.0,—,—,,36.0,,miss,,,,—,,
2026-10-04T20:01:41.654341+00:00,nfl,2026,4,401872967,4018729672610,3,8:32,J.Williams right tackle to HST 4 for -3 yards (J.Clowney).,1,1,HOU 1,1,10,Houston Texans,Dallas Cowboys,23,13,64.6,35.4,316.0,62.0,378.0,278.0,75.0,353.0,game,Total,,,54.5,,,—,—,,36.0,,hit,,,,—,,
2026-10-04T20:01:41.654341+00:00,nfl,2026,4,401872967,4018729672610,3,8:32,J.Williams right tackle to HST 4 for -3 yards (J.Clowney).,1,1,HOU 1,1,10,Houston Texans,Dallas Cowboys,23,13,64.6,35.4,316.0,62.0,378.0,278.0,75.0,353.0,game,ML,Dallas Cowboys,,,betfair,1921.0,—,—,,Loss,,miss,,,,—,,
2026-10-04T20:01:41.654341+00:00,nfl,2026,4,401872967,4018729672610,3,8:32,J.Williams right tackle to HST 4 for -3 yards (J.Clowney).,1,1,HOU 1,1,10,Houston Texans,Dallas Cowboys,23,13,64.6,35.4,316.0,62.0,378.0,278.0,75.0,353.0,game,ML,Houston Texans,,,stn,-130.0,—,—,,Win,,hit,,,,—,,
2026-10-04T20:01:41.654341+00:00,nfl,2026,4,401872967,4018729672632,3,7:48,(Shotgun) D.Prescott pass incomplete short right to C.Lamb (D.Stingley).,2,4,HOU 4,4,10,Houston Texans,Dallas Cowboys,23,13,64.6,35.4,316.0,62.0,378.0,278.0,75.0,353.0,game,Spread,Dallas Cowboys,,1.5,kalshi,-113.0,—,—,,+10,,miss,,,,—,,
2026-10-04T20:01:41.654341+00:00,nfl,2026,4,401872967,4018729672632,3,7:48,(Shotgun) D.Prescott pass incomplete short right to C.Lamb (D.Stingley).,2,4,HOU 4,4,10,Houston Texans,Dallas Cowboys,23,13,64.6,35.4,316.0,62.0,378.0,278.0,75.0,353.0,game,Spread,Houston Texans,,-1.5,novig,-116.0,—,—,,+10,,hit,,,,—,,
2026-10-04T20:01:41.654341+00:00,nfl,2026,4,401872967,4018729672632,3,7:48,(Shotgun) D.Prescott pass incomplete short right to C.Lamb (D.Stingley).,2,4,HOU 4,4,10,Houston Texans,Dallas Cowboys,23,13,64.6,35.4,316.0,62.0,378.0,278.0,75.0,353.0,game,Total,Over,,54.5,betfair,-119.0,—,—,,36.0,,miss,,,,—,,
2026-10-04T20:01:41.654341+00:00,nfl,2026,4,401872967,4018729672632,3,7:48,(Shotgun) D.Prescott pass incomplete short right to C.Lamb (D.Stingley).,2,4,HOU 4,4,10,Houston Texans,Dallas Cowboys,23,13,64.6,35.4,316.0,62.0,378.0,278.0,75.0,353.0,game,Total,,,54.5,,,—,—,,36.0,,hit,,,,—,,
2026-10-04T20:01:41.654341+00:00,nfl,2026,4,401872967,4018729672632,3,7:48,(Shotgun) D.Prescott pass incomplete short right to C.Lamb (D.Stingley).,2,4,HOU 4,4,10,Houston Texans,Dallas Cowboys,23,13,64.6,35.4,316.0,62.0,378.0,278.0,75.0,353.0,game,ML,Dallas Cowboys,,,betfair,1921.0,—,—,,Loss,,miss,,,,—,,
2026-10-04T20:01:41.654341+00:00,nfl,2026,4,401872967,4018729672632,3,7:48,(Shotgun) D.Prescott pass incomplete short right to C.Lamb (D.Stingley).,2,4,HOU 4,4,10,Houston Texans,Dallas Cowboys,23,13,64.6,35.4,316.0,62.0,378.0,278.0,75.0,353.0,game,ML,Houston Texans,,,stn,-130.0,—,—,,Win,,hit,,,,—,,
2026-10-04T20:01:41.654341+00:00,nfl,2026,4,401872967,4018729672655,3,7:45,(Shotgun) D.Prescott scrambles left tackle to HST 3 for 1 yard (J.Hansen; W.Anderson).,3,4,HOU 4,4,10,Houston Texans,Dallas Cowboys,23,13,64.6,35.4,316.0,62.0,378.0,278.0,75.0,353.0,game,Spread,Dallas Cowboys,,1.5,kalshi,-113.0,—,—,,+10,,miss,,,,—,,
2026-10-04T20:01:41.654341+00:00,nfl,2026,4,401872967,4018729672655,3,7:45,(Shotgun) D.Prescott scrambles left tackle to HST 3 for 1 yard (J.Hansen; W.Anderson).,3,4,HOU 4,4,10,Houston Texans,Dallas Cowboys,23,13,64.6,35.4,316.0,62.0,378.0,278.0,75.0,353.0,game,Spread,Houston Texans,,-1.5,novig,-116.0,—,—,,+10,,hit,,,,—,,
2026-10-04T20:01:41.654341+00:00,nfl,2026,4,401872967,4018729672655,3,7:45,(Shotgun) D.Prescott scrambles left tackle to HST 3 for 1 yard (J.Hansen; W.Anderson).,3,4,HOU 4,4,10,Houston Texans,Dallas Cowboys,23,13,64.6,35.4,316.0,62.0,378.0,278.0,75.0,353.0,game,Total,Over,,54.5,betfair,-119.0,—,—,,36.0,,miss,,,,—,,
2026-10-04T20:01:41.654341+00:00,nfl,2026,4,401872967,4018729672655,3,7:45,(Shotgun) D.Prescott scrambles left tackle to HST 3 for 1 yard (J.Hansen; W.Anderson).,3,4,HOU 4,4,10,Houston Texans,Dallas Cowboys,23,13,64.6,35.4,316.0,62.0,378.0,278.0,75.0,353.0,game,Total,,,54.5,,,—,—,,36.0,,hit,,,,—,,
2026-10-04T20:01:41.654341+00:00,nfl,2026,4,401872967,4018729672655,3,7:45,(Shotgun) D.Prescott scrambles left tackle to HST 3 for 1 yard (J.Hansen; W.Anderson).,3,4,HOU 4,4,10,Houston Texans,Dallas Cowboys,23,13,64.6,35.4,316.0,62.0,378.0,278.0,75.0,353.0,game,ML,Dallas Cowboys,,,betfair,1921.0,—,—,,Loss,,miss,,,,—,,
2026-10-04T20:01:41.654341+00:00,nfl,2026,4,401872967,4018729672655,3,7:45,(Shotgun) D.Prescott scrambles left tackle to HST 3 for 1 yard (J.Hansen; W.Anderson).,3,4,HOU 4,4,10,Houston Texans,Dallas Cowboys,23,13,64.6,35.4,316.0,62.0,378.0,278.0,75.0,353.0,game,ML,Houston Texans,,,stn,-130.0,—,—,,Win,,hit,,,,—,,
2026-10-04T20:01:41.654341+00:00,nfl,2026,4,401872967,4018729672677,3,6:59,"(Shotgun) D.Prescott pass incomplete short middle to R.Flournoy (J.Pitre) [W.Anderson].PENALTY on HST-K.Lassiter, Defensive Holding, 2 yards, enforced at HST 3 - No Play.",4,3,HOU 3,3,10,Houston Texans,Dallas Cowboys,23,13,64.6,35.4,316.0,62.0,378.0,278.0,75.0,353.0,game,Spread,Dallas Cowboys,,1.5,kalshi,-113.0,—,—,,+10,,miss,,,,—,,
2026-10-04T20:01:41.654341+00:00,nfl,2026,4,401872967,4018729672677,3,6:59,"(Shotgun) D.Prescott pass incomplete short middle to R.Flournoy (J.Pitre) [W.Anderson].PENALTY on HST-K.Lassiter, Defensive Holding, 2 yards, enforced at HST 3 - No Play.",4,3,HOU 3,3,10,Houston Texans,Dallas Cowboys,23,13,64.6,35.4,316.0,62.0,378.0,278.0,75.0,353.0,game,Spread,Houston Texans,,-1.5,novig,-116.0,—,—,,+10,,hit,,,,—,,
2026-10-04T20:01:41.654341+00:00,nfl,2026,4,401872967,4018729672677,3,6:59,"(Shotgun) D.Prescott pass incomplete short middle to R.Flournoy (J.Pitre) [W.Anderson].PENALTY on HST-K.Lassiter, Defensive Holding, 2 yards, enforced at HST 3 - No Play.",4,3,HOU 3,3,10,Houston Texans,Dallas Cowboys,23,13,64.6,35.4,316.0,62.0,378.0,278.0,75.0,353.0,game,Total,Over,,54.5,betfair,-119.0,—,—,,36.0,,miss,,,,—,,
2026-10-04T20:01:41.654341+00:00,nfl,2026,4,401872967,4018729672677,3,6:59,"(Shotgun) D.Prescott pass incomplete short middle to R.Flournoy (J.Pitre) [W.Anderson].PENALTY on HST-K.Lassiter, Defensive Holding, 2 yards, enforced at HST 3 - No Play.",4,3,HOU 3,3,10,Houston Texans,Dallas Cowboys,23,13,64.6,35.4,316.0,62.0,378.0,278.0,75.0,353.0,game,Total,,,54.5,,,—,—,,36.0,,hit,,,,—,,
2026-10-04T20:01:41.654341+00:00,nfl,2026,4,401872967,4018729672677,3,6:59,"(Shotgun) D.Prescott pass incomplete short middle to R.Flournoy (J.Pitre) [W.Anderson].PENALTY on HST-K.Lassiter, Defensive Holding, 2 yards, enforced at HST 3 - No Play.",4,3,HOU 3,3,10,Houston Texans,Dallas Cowboys,23,13,64.6,35.4,316.0,62.0,378.0,278.0,75.0,353.0,game,ML,Dallas Cowboys,,,betfair,1921.0,—,—,,Loss,,miss,,,,—,,
2026-10-04T20:01:41.654341+00:00,nfl,2026,4,401872967,4018729672677,3,6:59,"(Shotgun) D.Prescott pass incomplete short middle to R.Flournoy (J.Pitre) [W.Anderson].PENALTY on HST-K.Lassiter, Defensive Holding, 2 yards, enforced at HST 3 - No Play.",4,3,HOU 3,3,10,Houston Texans,Dallas Cowboys,23,13,64.6,35.4,316.0,62.0,378.0,278.0,75.0,353.0,game,ML,Houston Texans,,,stn,-130.0,—,—,,Win,,hit,,,,—,,
2026-10-04T20:01:41.654341+00:00,nfl,2026,4,401872967,4018729672711,3,6:49,"J.Williams up the middle for 1 yard, TOUCHDOWN. HST-J.Crumedy was injured during the play. B.Aubrey extra point is GOOD, Center-T.Sieg, Holder-B.Anger.",1,1,HOU 1,1,3,Houston Texans,Dallas Cowboys,23,20,64.6,35.4,316.0,62.0,378.0,278.0,75.0,353.0,game,Spread,Dallas Cowboys,,1.5,kalshi,-113.0,—,—,,+3,,miss,,,,—,,
2026-10-04T20:01:41.654341+00:00,nfl,2026,4,401872967,4018729672711,3,6:49,"J.Williams up the middle for 1 yard, TOUCHDOWN. HST-J.Crumedy was injured during the play. B.Aubrey extra point is GOOD, Center-T.Sieg, Holder-B.Anger.",1,1,HOU 1,1,3,Houston Texans,Dallas Cowboys,23,20,64.6,35.4,316.0,62.0,378.0,278.0,75.0,353.0,game,Spread,Houston Texans,,-1.5,novig,-116.0,—,—,,+3,,hit,,,,—,,
2026-10-04T20:01:41.654341+00:00,nfl,2026,4,401872967,4018729672711,3,6:49,"J.Williams up the middle for 1 yard, TOUCHDOWN. HST-J.Crumedy was injured during the play. B.Aubrey extra point is GOOD, Center-T.Sieg, Holder-B.Anger.",1,1,HOU 1,1,3,Houston Texans,Dallas Cowboys,23,20,64.6,35.4,316.0,62.0,378.0,278.0,75.0,353.0,game,Total,Over,,54.5,betfair,-119.0,—,—,,43.0,,miss,,,,—,,
2026-10-04T20:01:41.654341+00:00,nfl,2026,4,401872967,4018729672711,3,6:49,"J.Williams up the middle for 1 yard, TOUCHDOWN. HST-J.Crumedy was injured during the play. B.Aubrey extra point is GOOD, Center-T.Sieg, Holder-B.Anger.",1,1,HOU 1,1,3,Houston Texans,Dallas Cowboys,23,20,64.6,35.4,316.0,62.0,378.0,278.0,75.0,353.0,game,Total,,,54.5,,,—,—,,43.0,,hit,,,,—,,
2026-10-04T20:01:41.654341+00:00,nfl,2026,4,401872967,4018729672711,3,6:49,"J.Williams up the middle for 1 yard, TOUCHDOWN. HST-J.Crumedy was injured during the play. B.Aubrey extra point is GOOD, Center-T.Sieg, Holder-B.Anger.",1,1,HOU 1,1,3,Houston Texans,Dallas Cowboys,23,20,64.6,35.4,316.0,62.0,378.0,278.0,75.0,353.0,game,ML,Dallas Cowboys,,,betfair,1921.0,—,—,,Loss,,miss,,,,—,,
2026-10-04T20:01:41.654341+00:00,nfl,2026,4,401872967,4018729672711,3,6:49,"J.Williams up the middle for 1 yard, TOUCHDOWN. HST-J.Crumedy was injured during the play. B.Aubrey extra point is GOOD, Center-T.Sieg, Holder-B.Anger.",1,1,HOU 1,1,3,Houston Texans,Dallas Cowboys,23,20,64.6,35.4,316.0,62.0,378.0,278.0,75.0,353.0,game,ML,Houston Texans,,,stn,-130.0,—,—,,Win,,hit,,,,—,,
2026-10-04T20:01:41.654341+00:00,nfl,2026,4,401872967,4018729672759,3,6:49,B.Aubrey kicks 62 yards from DAL 35 to HST 3. T.Smith to HST 20 for 17 yards (H.Luepke; B.Spann-Ford).,1,10,HOU 46,65,3,Houston Texans,Dallas Cowboys,23,20,64.6,35.4,316.0,62.0,378.0,278.0,75.0,353.0,game,Spread,Dallas Cowboys,,1.5,kalshi,-113.0,—,—,,+3,,miss,,,,—,,
2026-10-04T20:01:41.654341+00:00,nfl,2026,4,401872967,4018729672759,3,6:49,B.Aubrey kicks 62 yards from DAL 35 to HST 3. T.Smith to HST 20 for 17 yards (H.Luepke; B.Spann-Ford).,1,10,HOU 46,65,3,Houston Texans,Dallas Cowboys,23,20,64.6,35.4,316.0,62.0,378.0,278.0,75.0,353.0,game,Spread,Houston Texans,,-1.5,novig,-116.0,—,—,,+3,,hit,,,,—,,
2026-10-04T20:01:41.654341+00:00,nfl,2026,4,401872967,4018729672759,3,6:49,B.Aubrey kicks 62 yards from DAL 35 to HST 3. T.Smith to HST 20 for 17 yards (H.Luepke; B.Spann-Ford).,1,10,HOU 46,65,3,Houston Texans,Dallas Cowboys,23,20,64.6,35.4,316.0,62.0,378.0,278.0,75.0,353.0,game,Total,Over,,54.5,betfair,-119.0,—,—,,43.0,,miss,,,,—,,
2026-10-04T20:01:41.654341+00:00,nfl,2026,4,401872967,4018729672759,3,6:49,B.Aubrey kicks 62 yards from DAL 35 to HST 3. T.Smith to HST 20 for 17 yards (H.Luepke; B.Spann-Ford).,1,10,HOU 46,65,3,Houston Texans,Dallas Cowboys,23,20,64.6,35.4,316.0,62.0,378.0,278.0,75.0,353.0,game,Total,,,54.5,,,—,—,,43.0,,hit,,,,—,,
2026-10-04T20:01:41.654341+00:00,nfl,2026,4,401872967,4018729672759,3,6:49,B.Aubrey kicks 62 yards from DAL 35 to HST 3. T.Smith to HST 20 for 17 yards (H.Luepke; B.Spann-Ford).,1,10,HOU 46,65,3,Houston Texans,Dallas Cowboys,23,20,64.6,35.4,316.0,62.0,378.0,278.0,75.0,353.0,game,ML,Dallas Cowboys,,,betfair,1921.0,—,—,,Loss,,miss,,,,—,,
2026-10-04T20:01:41.654341+00:00,nfl,2026,4,401872967,4018729672759,3,6:49,B.Aubrey kicks 62 yards from DAL 35 to HST 3. T.Smith to HST 20 for 17 yards (H.Luepke; B.Spann-Ford).,1,10,HOU 46,65,3,Houston Texans,Dallas Cowboys,23,20,64.6,35.4,316.0,62.0,378.0,278.0,75.0,353.0,game,ML,Houston Texans,,,stn,-130.0,—,—,,Win,,hit,,,,—,,
2026-10-04T20:01:41.654341+00:00,nfl,2026,4,401872967,4018729672782,3,6:44,C.Stroud pass short right to C.Stover to HST 40 for 20 yards (M.Hooker).,1,10,HOU 20,20,3,Houston Texans,Dallas Cowboys,23,20,64.6,35.4,316.0,62.0,378.0,278.0,75.0,353.0,game,Spread,Dallas Cowboys,,1.5,kalshi,-113.0,—,—,,+3,,miss,,,,—,,
2026-10-04T20:01:41.654341+00:00,nfl,2026,4,401872967,4018729672782,3,6:44,C.Stroud pass short right to C.Stover to HST 40 for 20 yards (M.Hooker).,1,10,HOU 20,20,3,Houston Texans,Dallas Cowboys,23,20,64.6,35.4,316.0,62.0,378.0,278.0,75.0,353.0,game,Spread,Houston Texans,,-1.5,novig,-116.0,—,—,,+3,,hit,,,,—,,
2026-10-04T20:01:41.654341+00:00,nfl,2026,4,401872967,4018729672782,3,6:44,C.Stroud pass short right to C.Stover to HST 40 for 20 yards (M.Hooker).,1,10,HOU 20,20,3,Houston Texans,Dallas Cowboys,23,20,64.6,35.4,316.0,62.0,378.0,278.0,75.0,353.0,game,Total,Over,,54.5,betfair,-119.0,—,—,,43.0,,miss,,,,—,,
2026-10-04T20:01:41.654341+00:00,nfl,2026,4,401872967,4018729672782,3,6:44,C.Stroud pass short right to C.Stover to HST 40 for 20 yards (M.Hooker).,1,10,HOU 20,20,3,Houston Texans,Dallas Cowboys,23,20,64.6,35.4,316.0,62.0,378.0,278.0,75.0,353.0,game,Total,,,54.5,,,—,—,,43.0,,hit,,,,—,,
2026-10-04T20:01:41.654341+00:00,nfl,2026,4,401872967,4018729672782,3,6:44,C.Stroud pass short right to C.Stover to HST 40 for 20 yards (M.Hooker).,1,10,HOU 20,20,3,Houston Texans,Dallas Cowboys,23,20,64.6,35.4,316.0,62.0,378.0,278.0,75.0,353.0,game,ML,Dallas Cowboys,,,betfair,1921.0,—,—,,Loss,,miss,,,,—,,
2026-10-04T20:01:41.654341+00:00,nfl,2026,4,401872967,4018729672782,3,6:44,C.Stroud pass short right to C.Stover to HST 40 for 20 yards (M.Hooker).,1,10,HOU 20,20,3,Houston Texans,Dallas Cowboys,23,20,64.6,35.4,316.0,62.0,378.0,278.0,75.0,353.0,game,ML,Houston Texans,,,stn,-130.0,—,—,,Win,,hit,,,,—,,
2026-10-04T20:01:41.654341+00:00,nfl,2026,4,401872967,4018729672807,3,6:01,(Shotgun) W.Marks right guard to HST 42 for 2 yards (O.Ogbonnia).,1,10,HOU 40,40,3,Houston Texans,Dallas Cowboys,23,20,64.6,35.4,316.0,62.0,378.0,278.0,75.0,353.0,game,Spread,Dallas Cowboys,,1.5,kalshi,-113.0,—,—,,+3,,miss,,,,—,,
2026-10-04T20:01:41.654341+00:00,nfl,2026,4,401872967,4018729672807,3,6:01,(Shotgun) W.Marks right guard to HST 42 for 2 yards (O.Ogbonnia).,1,10,HOU 40,40,3,Houston Texans,Dallas Cowboys,23,20,64.6,35.4,316.0,62.0,378.0,278.0,75.0,353.0,game,Spread,Houston Texans,,-1.5,novig,-116.0,—,—,,+3,,hit,,,,—,,
2026-10-04T20:01:41.654341+00:00,nfl,2026,4,401872967,4018729672807,3,6:01,(Shotgun) W.Marks right guard to HST 42 for 2 yards (O.Ogbonnia).,1,10,HOU 40,40,3,Houston Texans,Dallas Cowboys,23,20,64.6,35.4,316.0,62.0,378.0,278.0,75.0,353.0,game,Total,Over,,54.5,betfair,-119.0,—,—,,43.0,,miss,,,,—,,
2026-10-04T20:01:41.654341+00:00,nfl,2026,4,401872967,4018729672807,3,6:01,(Shotgun) W.Marks right guard to HST 42 for 2 yards (O.Ogbonnia).,1,10,HOU 40,40,3,Houston Texans,Dallas Cowboys,23,20,64.6,35.4,316.0,62.0,378.0,278.0,75.0,353.0,game,Total,,,54.5,,,—,—,,43.0,,hit,,,,—,,
2026-10-04T20:01:41.654341+00:00,nfl,2026,4,401872967,4018729672807,3,6:01,(Shotgun) W.Marks right guard to HST 42 for 2 yards (O.Ogbonnia).,1,10,HOU 40,40,3,Houston Texans,Dallas Cowboys,23,20,64.6,35.4,316.0,62.0,378.0,278.0,75.0,353.0,game,ML,Dallas Cowboys,,,betfair,1921.0,—,—,,Loss,,miss,,,,—,,
2026-10-04T20:01:41.654341+00:00,nfl,2026,4,401872967,4018729672807,3,6:01,(Shotgun) W.Marks right guard to HST 42 for 2 yards (O.Ogbonnia).,1,10,HOU 40,40,3,Houston Texans,Dallas Cowboys,23,20,64.6,35.4,316.0,62.0,378.0,278.0,75.0,353.0,game,ML,Houston Texans,,,stn,-130.0,—,—,,Win,,hit,,,,—,,
2026-10-04T20:01:41.654341+00:00,nfl,2026,4,401872967,4018729672829,3,5:22,(Shotgun) C.Stroud pass incomplete deep right to N.Collins [K.Clark].,2,8,HOU 42,42,3,Houston Texans,Dallas Cowboys,23,20,64.6,35.4,316.0,62.0,378.0,278.0,75.0,353.0,game,Spread,Dallas Cowboys,,1.5,kalshi,-113.0,—,—,,+3,,miss,,,,—,,
2026-10-04T20:01:41.654341+00:00,nfl,2026,4,401872967,4018729672829,3,5:22,(Shotgun) C.Stroud pass incomplete deep right to N.Collins [K.Clark].,2,8,HOU 42,42,3,Houston Texans,Dallas Cowboys,23,20,64.6,35.4,316.0,62.0,378.0,278.0,75.0,353.0,game,Spread,Houston Texans,,-1.5,novig,-116.0,—,—,,+3,,hit,,,,—,,
2026-10-04T20:01:41.654341+00:00,nfl,2026,4,401872967,4018729672829,3,5:22,(Shotgun) C.Stroud pass incomplete deep right to N.Collins [K.Clark].,2,8,HOU 42,42,3,Houston Texans,Dallas Cowboys,23,20,64.6,35.4,316.0,62.0,378.0,278.0,75.0,353.0,game,Total,Over,,54.5,betfair,-119.0,—,—,,43.0,,miss,,,,—,,
2026-10-04T20:01:41.654341+00:00,nfl,2026,4,401872967,4018729672829,3,5:22,(Shotgun) C.Stroud pass incomplete deep right to N.Collins [K.Clark].,2,8,HOU 42,42,3,Houston Texans,Dallas Cowboys,23,20,64.6,35.4,316.0,62.0,378.0,278.0,75.0,353.0,game,Total,,,54.5,,,—,—,,43.0,,hit,,,,—,,
2026-10-04T20:01:41.654341+00:00,nfl,2026,4,401872967,4018729672829,3,5:22,(Shotgun) C.Stroud pass incomplete deep right to N.Collins [K.Clark].,2,8,HOU 42,42,3,Houston Texans,Dallas Cowboys,23,20,64.6,35.4,316.0,62.0,378.0,278.0,75.0,353.0,game,ML,Dallas Cowboys,,,betfair,1921.0,—,—,,Loss,,miss,,,,—,,
2026-10-04T20:01:41.654341+00:00,nfl,2026,4,401872967,4018729672829,3,5:22,(Shotgun) C.Stroud pass incomplete deep right to N.Collins [K.Clark].,2,8,HOU 42,42,3,Houston Texans,Dallas Cowboys,23,20,64.6,35.4,316.0,62.0,378.0,278.0,75.0,353.0,game,ML,Houston Texans,,,stn,-130.0,—,—,,Win,,hit,,,,—,,
2026-10-04T20:01:41.654341+00:00,nfl,2026,4,401872967,4018729672852,3,5:17,(Shotgun) C.Stroud pass incomplete short right [D.Winters].,3,8,HOU 42,42,3,Houston Texans,Dallas Cowboys,23,20,64.6,35.4,316.0,62.0,378.0,278.0,75.0,353.0,game,Spread,Dallas Cowboys,,1.5,kalshi,-113.0,—,—,,+3,,miss,,,,—,,
2026-10-04T20:01:41.654341+00:00,nfl,2026,4,401872967,4018729672852,3,5:17,(Shotgun) C.Stroud pass incomplete short right [D.Winters].,3,8,HOU 42,42,3,Houston Texans,Dallas Cowboys,23,20,64.6,35.4,316.0,62.0,378.0,278.0,75.0,353.0,game,Spread,Houston Texans,,-1.5,novig,-116.0,—,—,,+3,,hit,,,,—,,
2026-10-04T20:01:41.654341+00:00,nfl,2026,4,401872967,4018729672852,3,5:17,(Shotgun) C.Stroud pass incomplete short right [D.Winters].,3,8,HOU 42,42,3,Houston Texans,Dallas Cowboys,23,20,64.6,35.4,316.0,62.0,378.0,278.0,75.0,353.0,game,Total,Over,,54.5,betfair,-119.0,—,—,,43.0,,miss,,,,—,,
2026-10-04T20:01:41.654341+00:00,nfl,2026,4,401872967,4018729672852,3,5:17,(Shotgun) C.Stroud pass incomplete short right [D.Winters].,3,8,HOU 42,42,3,Houston Texans,Dallas Cowboys,23,20,64.6,35.4,316.0,62.0,378.0,278.0,75.0,353.0,game,Total,,,54.5,,,—,—,,43.0,,hit,,,,—,,
2026-10-04T20:01:41.654341+00:00,nfl,2026,4,401872967,4018729672852,3,5:17,(Shotgun) C.Stroud pass incomplete short right [D.Winters].,3,8,HOU 42,42,3,Houston Texans,Dallas Cowboys,23,20,64.6,35.4,316.0,62.0,378.0,278.0,75.0,353.0,game,ML,Dallas Cowboys,,,betfair,1921.0,—,—,,Loss,,miss,,,,—,,
2026-10-04T20:01:41.654341+00:00,nfl,2026,4,401872967,4018729672852,3,5:17,(Shotgun) C.Stroud pass incomplete short right [D.Winters].,3,8,HOU 42,42,3,Houston Texans,Dallas Cowboys,23,20,64.6,35.4,316.0,62.0,378.0,278.0,75.0,353.0,game,ML,Houston Texans,,,stn,-130.0,—,—,,Win,,hit,,,,—,,
2026-10-04T20:01:41.654341+00:00,nfl,2026,4,401872967,4018729672875,3,5:12,"K.Kroeger punts 45 yards to DAL 13, Center-A.Brinkman. K.Turpin ran ob at DAL 19 for 6 yards (C.Stover).",4,8,HOU 42,42,3,Houston Texans,Dallas Cowboys,23,20,64.6,35.4,316.0,62.0,378.0,278.0,75.0,353.0,game,Spread,Dallas Cowboys,,1.5,kalshi,-113.0,—,—,,+3,,miss,,,,—,,
2026-10-04T20:01:41.654341+00:00,nfl,2026,4,401872967,4018729672875,3,5:12,"K.Kroeger punts 45 yards to DAL 13, Center-A.Brinkman. K.Turpin ran ob at DAL 19 for 6 yards (C.Stover).",4,8,HOU 42,42,3,Houston Texans,Dallas Cowboys,23,20,64.6,35.4,316.0,62.0,378.0,278.0,75.0,353.0,game,Spread,Houston Texans,,-1.5,novig,-116.0,—,—,,+3,,hit,,,,—,,
2026-10-04T20:01:41.654341+00:00,nfl,2026,4,401872967,4018729672875,3,5:12,"K.Kroeger punts 45 yards to DAL 13, Center-A.Brinkman. K.Turpin ran ob at DAL 19 for 6 yards (C.Stover).",4,8,HOU 42,42,3,Houston Texans,Dallas Cowboys,23,20,64.6,35.4,316.0,62.0,378.0,278.0,75.0,353.0,game,Total,Over,,54.5,betfair,-119.0,—,—,,43.0,,miss,,,,—,,
2026-10-04T20:01:41.654341+00:00,nfl,2026,4,401872967,4018729672875,3,5:12,"K.Kroeger punts 45 yards to DAL 13, Center-A.Brinkman. K.Turpin ran ob at DAL 19 for 6 yards (C.Stover).",4,8,HOU 42,42,3,Houston Texans,Dallas Cowboys,23,20,64.6,35.4,316.0,62.0,378.0,278.0,75.0,353.0,game,Total,,,54.5,,,—,—,,43.0,,hit,,,,—,,
2026-10-04T20:01:41.654341+00:00,nfl,2026,4,401872967,4018729672875,3,5:12,"K.Kroeger punts 45 yards to DAL 13, Center-A.Brinkman. K.Turpin ran ob at DAL 19 for 6 yards (C.Stover).",4,8,HOU 42,42,3,Houston Texans,Dallas Cowboys,23,20,64.6,35.4,316.0,62.0,378.0,278.0,75.0,353.0,game,ML,Dallas Cowboys,,,betfair,1921.0,—,—,,Loss,,miss,,,,—,,
2026-10-04T20:01:41.654341+00:00,nfl,2026,4,401872967,4018729672875,3,5:12,"K.Kroeger punts 45 yards to DAL 13, Center-A.Brinkman. K.Turpin ran ob at DAL 19 for 6 yards (C.Stover).",4,8,HOU 42,42,3,Houston Texans,Dallas Cowboys,23,20,64.6,35.4,316.0,62.0,378.0,278.0,75.0,353.0,game,ML,Houston Texans,,,stn,-130.0,—,—,,Win,,hit,,,,—,,
2026-10-04T20:01:41.654341+00:00,nfl,2026,4,401872967,4018729672891,3,5:04,Official Timeout at 05:04.,1,10,DAL 19,81,3,Houston Texans,Dallas Cowboys,23,20,64.6,35.4,316.0,62.0,378.0,278.0,75.0,353.0,game,Spread,Dallas Cowboys,,1.5,kalshi,-113.0,—,—,,+3,,miss,,,,—,,
2026-10-04T20:01:41.654341+00:00,nfl,2026,4,401872967,4018729672891,3,5:04,Official Timeout at 05:04.,1,10,DAL 19,81,3,Houston Texans,Dallas Cowboys,23,20,64.6,35.4,316.0,62.0,378.0,278.0,75.0,353.0,game,Spread,Houston Texans,,-1.5,novig,-116.0,—,—,,+3,,hit,,,,—,,
2026-10-04T20:01:41.654341+00:00,nfl,2026,4,401872967,4018729672891,3,5:04,Official Timeout at 05:04.,1,10,DAL 19,81,3,Houston Texans,Dallas Cowboys,23,20,64.6,35.4,316.0,62.0,378.0,278.0,75.0,353.0,game,Total,Over,,54.5,betfair,-119.0,—,—,,43.0,,miss,,,,—,,
2026-10-04T20:01:41.654341+00:00,nfl,2026,4,401872967,4018729672891,3,5:04,Official Timeout at 05:04.,1,10,DAL 19,81,3,Houston Texans,Dallas Cowboys,23,20,64.6,35.4,316.0,62.0,378.0,278.0,75.0,353.0,game,Total,,,54.5,,,—,—,,43.0,,hit,,,,—,,
2026-10-04T20:01:41.654341+00:00,nfl,2026,4,401872967,4018729672891,3,5:04,Official Timeout at 05:04.,1,10,DAL 19,81,3,Houston Texans,Dallas Cowboys,23,20,64.6,35.4,316.0,62.0,378.0,278.0,75.0,353.0,game,ML,Dallas Cowboys,,,betfair,1921.0,—,—,,Loss,,miss,,,,—,,
2026-10-04T20:01:41.654341+00:00,nfl,2026,4,401872967,4018729672891,3,5:04,Official Timeout at 05:04.,1,10,DAL 19,81,3,Houston Texans,Dallas Cowboys,23,20,64.6,35.4,316.0,62.0,378.0,278.0,75.0,353.0,game,ML,Houston Texans,,,stn,-130.0,—,—,,Win,,hit,,,,—,,
2026-10-04T20:01:41.654341+00:00,nfl,2026,4,401872967,4018729672906,3,5:04,(Shotgun) D.Prescott pass short left to C.Lamb to DAL 27 for 8 yards (R.Blankenship). ** Injury Update: HST-J.Crumedy has returned to the game.,1,10,DAL 19,81,3,Houston Texans,Dallas Cowboys,23,20,64.6,35.4,316.0,62.0,378.0,278.0,75.0,353.0,game,Spread,Dallas Cowboys,,1.5,kalshi,-113.0,—,—,,+3,,miss,,,,—,,
2026-10-04T20:01:41.654341+00:00,nfl,2026,4,401872967,4018729672906,3,5:04,(Shotgun) D.Prescott pass short left to C.Lamb to DAL 27 for 8 yards (R.Blankenship). ** Injury Update: HST-J.Crumedy has returned to the game.,1,10,DAL 19,81,3,Houston Texans,Dallas Cowboys,23,20,64.6,35.4,316.0,62.0,378.0,278.0,75.0,353.0,game,Spread,Houston Texans,,-1.5,novig,-116.0,—,—,,+3,,hit,,,,—,,
2026-10-04T20:01:41.654341+00:00,nfl,2026,4,401872967,4018729672906,3,5:04,(Shotgun) D.Prescott pass short left to C.Lamb to DAL 27 for 8 yards (R.Blankenship). ** Injury Update: HST-J.Crumedy has returned to the game.,1,10,DAL 19,81,3,Houston Texans,Dallas Cowboys,23,20,64.6,35.4,316.0,62.0,378.0,278.0,75.0,353.0,game,Total,Over,,54.5,betfair,-119.0,—,—,,43.0,,miss,,,,—,,
2026-10-04T20:01:41.654341+00:00,nfl,2026,4,401872967,4018729672906,3,5:04,(Shotgun) D.Prescott pass short left to C.Lamb to DAL 27 for 8 yards (R.Blankenship). ** Injury Update: HST-J.Crumedy has returned to the game.,1,10,DAL 19,81,3,Houston Texans,Dallas Cowboys,23,20,64.6,35.4,316.0,62.0,378.0,278.0,75.0,353.0,game,Total,,,54.5,,,—,—,,43.0,,hit,,,,—,,
2026-10-04T20:01:41.654341+00:00,nfl,2026,4,401872967,4018729672906,3,5:04,(Shotgun) D.Prescott pass short left to C.Lamb to DAL 27 for 8 yards (R.Blankenship). ** Injury Update: HST-J.Crumedy has returned to the game.,1,10,DAL 19,81,3,Houston Texans,Dallas Cowboys,23,20,64.6,35.4,316.0,62.0,378.0,278.0,75.0,353.0,game,ML,Dallas Cowboys,,,betfair,1921.0,—,—,,Loss,,miss,,,,—,,
2026-10-04T20:01:41.654341+00:00,nfl,2026,4,401872967,4018729672906,3,5:04,(Shotgun) D.Prescott pass short left to C.Lamb to DAL 27 for 8 yards (R.Blankenship). ** Injury Update: HST-J.Crumedy has returned to the game.,1,10,DAL 19,81,3,Houston Texans,Dallas Cowboys,23,20,64.6,35.4,316.0,62.0,378.0,278.0,75.0,353.0,game,ML,Houston Texans,,,stn,-130.0,—,—,,Win,,hit,,,,—,,
2026-10-04T20:01:41.654341+00:00,nfl,2026,4,401872967,4018729672938,3,4:26,(Shotgun) T.Goodson up the middle to DAL 30 for 3 yards (T.Togiai; J.Hansen).,2,2,DAL 27,73,3,Houston Texans,Dallas Cowboys,23,20,64.6,35.4,316.0,62.0,378.0,278.0,75.0,353.0,game,Spread,Dallas Cowboys,,1.5,kalshi,-113.0,—,—,,+3,,miss,,,,—,,
2026-10-04T20:01:41.654341+00:00,nfl,2026,4,401872967,4018729672938,3,4:26,(Shotgun) T.Goodson up the middle to DAL 30 for 3 yards (T.Togiai; J.Hansen).,2,2,DAL 27,73,3,Houston Texans,Dallas Cowboys,23,20,64.6,35.4,316.0,62.0,378.0,278.0,75.0,353.0,game,Spread,Houston Texans,,-1.5,novig,-116.0,—,—,,+3,,hit,,,,—,,
2026-10-04T20:01:41.654341+00:00,nfl,2026,4,401872967,4018729672938,3,4:26,(Shotgun) T.Goodson up the middle to DAL 30 for 3 yards (T.Togiai; J.Hansen).,2,2,DAL 27,73,3,Houston Texans,Dallas Cowboys,23,20,64.6,35.4,316.0,62.0,378.0,278.0,75.0,353.0,game,Total,Over,,54.5,betfair,-119.0,—,—,,43.0,,miss,,,,—,,
2026-10-04T20:01:41.654341+00:00,nfl,2026,4,401872967,4018729672938,3,4:26,(Shotgun) T.Goodson up the middle to DAL 30 for 3 yards (T.Togiai; J.Hansen).,2,2,DAL 27,73,3,Houston Texans,Dallas Cowboys,23,20,64.6,35.4,316.0,62.0,378.0,278.0,75.0,353.0,game,Total,,,54.5,,,—,—,,43.0,,hit,,,,—,,
2026-10-04T20:01:41.654341+00:00,nfl,2026,4,401872967,4018729672938,3,4:26,(Shotgun) T.Goodson up the middle to DAL 30 for 3 yards (T.Togiai; J.Hansen).,2,2,DAL 27,73,3,Houston Texans,Dallas Cowboys,23,20,64.6,35.4,316.0,62.0,378.0,278.0,75.0,353.0,game,ML,Dallas Cowboys,,,betfair,1921.0,—,—,,Loss,,miss,,,,—,,
2026-10-04T20:01:41.654341+00:00,nfl,2026,4,401872967,4018729672938,3,4:26,(Shotgun) T.Goodson up the middle to DAL 30 for 3 yards (T.Togiai; J.Hansen).,2,2,DAL 27,73,3,Houston Texans,Dallas Cowboys,23,20,64.6,35.4,316.0,62.0,378.0,278.0,75.0,353.0,game,ML,Houston Texans,,,stn,-130.0,—,—,,Win,,hit,,,,—,,
2026-10-04T20:01:41.654341+00:00,nfl,2026,4,401872967,4018729672960,3,3:52,D.Prescott pass short left to R.Flournoy to DAL 32 for 2 yards (R.Blankenship).,1,10,DAL 30,70,3,Houston Texans,Dallas Cowboys,23,20,64.6,35.4,316.0,62.0,378.0,278.0,75.0,353.0,game,Spread,Dallas Cowboys,,1.5,kalshi,-113.0,—,—,,+3,,miss,,,,—,,
2026-10-04T20:01:41.654341+00:00,nfl,2026,4,401872967,4018729672960,3,3:52,D.Prescott pass short left to R.Flournoy to DAL 32 for 2 yards (R.Blankenship).,1,10,DAL 30,70,3,Houston Texans,Dallas Cowboys,23,20,64.6,35.4,316.0,62.0,378.0,278.0,75.0,353.0,game,Spread,Houston Texans,,-1.5,novig,-116.0,—,—,,+3,,hit,,,,—,,
2026-10-04T20:01:41.654341+00:00,nfl,2026,4,401872967,4018729672960,3,3:52,D.Prescott pass short left to R.Flournoy to DAL 32 for 2 yards (R.Blankenship).,1,10,DAL 30,70,3,Houston Texans,Dallas Cowboys,23,20,64.6,35.4,316.0,62.0,378.0,278.0,75.0,353.0,game,Total,Over,,54.5,betfair,-119.0,—,—,,43.0,,miss,,,,—,,
2026-10-04T20:01:41.654341+00:00,nfl,2026,4,401872967,4018729672960,3,3:52,D.Prescott pass short left to R.Flournoy to DAL 32 for 2 yards (R.Blankenship).,1,10,DAL 30,70,3,Houston Texans,Dallas Cowboys,23,20,64.6,35.4,316.0,62.0,378.0,278.0,75.0,353.0,game,Total,,,54.5,,,—,—,,43.0,,hit,,,,—,,
2026-10-04T20:01:41.654341+00:00,nfl,2026,4,401872967,4018729672960,3,3:52,D.Prescott pass short left to R.Flournoy to DAL 32 for 2 yards (R.Blankenship).,1,10,DAL 30,70,3,Houston Texans,Dallas Cowboys,23,20,64.6,35.4,316.0,62.0,378.0,278.0,75.0,353.0,game,ML,Dallas Cowboys,,,betfair,1921.0,—,—,,Loss,,miss,,,,—,,
2026-10-04T20:01:41.654341+00:00,nfl,2026,4,401872967,4018729672960,3,3:52,D.Prescott pass short left to R.Flournoy to DAL 32 for 2 yards (R.Blankenship).,1,10,DAL 30,70,3,Houston Texans,Dallas Cowboys,23,20,64.6,35.4,316.0,62.0,378.0,278.0,75.0,353.0,game,ML,Houston Texans,,,stn,-130.0,—,—,,Win,,hit,,,,—,,
2026-10-04T20:01:41.654341+00:00,nfl,2026,4,401872967,4018729672985,3,3:14,(Shotgun) D.Prescott pass short left to C.Lamb to DAL 39 for 7 yards (K.Lassiter).,2,8,DAL 32,68,3,Houston Texans,Dallas Cowboys,23,20,64.6,35.4,316.0,62.0,378.0,278.0,75.0,353.0,game,Spread,Dallas Cowboys,,1.5,kalshi,-113.0,—,—,,+3,,miss,,,,—,,
2026-10-04T20:01:41.654341+00:00,nfl,2026,4,401872967,4018729672985,3,3:14,(Shotgun) D.Prescott pass short left to C.Lamb to DAL 39 for 7 yards (K.Lassiter).,2,8,DAL 32,68,3,Houston Texans,Dallas Cowboys,23,20,64.6,35.4,316.0,62.0,378.0,278.0,75.0,353.0,game,Spread,Houston Texans,,-1.5,novig,-116.0,—,—,,+3,,hit,,,,—,,
2026-10-04T20:01:41.654341+00:00,nfl,2026,4,401872967,4018729672985,3,3:14,(Shotgun) D.Prescott pass short left to C.Lamb to DAL 39 for 7 yards (K.Lassiter).,2,8,DAL 32,68,3,Houston Texans,Dallas Cowboys,23,20,64.6,35.4,316.0,62.0,378.0,278.0,75.0,353.0,game,Total,Over,,54.5,betfair,-119.0,—,—,,43.0,,miss,,,,—,,
2026-10-04T20:01:41.654341+00:00,nfl,2026,4,401872967,4018729672985,3,3:14,(Shotgun) D.Prescott pass short left to C.Lamb to DAL 39 for 7 yards (K.Lassiter).,2,8,DAL 32,68,3,Houston Texans,Dallas Cowboys,23,20,64.6,35.4,316.0,62.0,378.0,278.0,75.0,353.0,game,Total,,,54.5,,,—,—,,43.0,,hit,,,,—,,
2026-10-04T20:01:41.654341+00:00,nfl,2026,4,401872967,4018729672985,3,3:14,(Shotgun) D.Prescott pass short left to C.Lamb to DAL 39 for 7 yards (K.Lassiter).,2,8,DAL 32,68,3,Houston Texans,Dallas Cowboys,23,20,64.6,35.4,316.0,62.0,378.0,278.0,75.0,353.0,game,ML,Dallas Cowboys,,,betfair,1921.0,—,—,,Loss,,miss,,,,—,,
2026-10-04T20:01:41.654341+00:00,nfl,2026,4,401872967,4018729672985,3,3:14,(Shotgun) D.Prescott pass short left to C.Lamb to DAL 39 for 7 yards (K.Lassiter).,2,8,DAL 32,68,3,Houston Texans,Dallas Cowboys,23,20,64.6,35.4,316.0,62.0,378.0,278.0,75.0,353.0,game,ML,Houston Texans,,,stn,-130.0,—,—,,Win,,hit,,,,—,,
2026-10-04T20:01:41.654341+00:00,nfl,2026,4,401872967,4018729673013,3,2:29,D.Shelton reported in as eligible.  D.Prescott pass deep middle to C.Lamb to HST 45 for 16 yards (C.Bullock).,3,1,DAL 39,61,3,Houston Texans,Dallas Cowboys,23,20,64.6,35.4,316.0,62.0,378.0,278.0,75.0,353.0,game,Spread,Dallas Cowboys,,1.5,kalshi,-113.0,—,—,,+3,,miss,,,,—,,
2026-10-04T20:01:41.654341+00:00,nfl,2026,4,401872967,4018729673013,3,2:29,D.Shelton reported in as eligible.  D.Prescott pass deep middle to C.Lamb to HST 45 for 16 yards (C.Bullock).,3,1,DAL 39,61,3,Houston Texans,Dallas Cowboys,23,20,64.6,35.4,316.0,62.0,378.0,278.0,75.0,353.0,game,Spread,Houston Texans,,-1.5,novig,-116.0,—,—,,+3,,hit,,,,—,,
2026-10-04T20:01:41.654341+00:00,nfl,2026,4,401872967,4018729673013,3,2:29,D.Shelton reported in as eligible.  D.Prescott pass deep middle to C.Lamb to HST 45 for 16 yards (C.Bullock).,3,1,DAL 39,61,3,Houston Texans,Dallas Cowboys,23,20,64.6,35.4,316.0,62.0,378.0,278.0,75.0,353.0,game,Total,Over,,54.5,betfair,-119.0,—,—,,43.0,,miss,,,,—,,
2026-10-04T20:01:41.654341+00:00,nfl,2026,4,401872967,4018729673013,3,2:29,D.Shelton reported in as eligible.  D.Prescott pass deep middle to C.Lamb to HST 45 for 16 yards (C.Bullock).,3,1,DAL 39,61,3,Houston Texans,Dallas Cowboys,23,20,64.6,35.4,316.0,62.0,378.0,278.0,75.0,353.0,game,Total,,,54.5,,,—,—,,43.0,,hit,,,,—,,
2026-10-04T20:01:41.654341+00:00,nfl,2026,4,401872967,4018729673013,3,2:29,D.Shelton reported in as eligible.  D.Prescott pass deep middle to C.Lamb to HST 45 for 16 yards (C.Bullock).,3,1,DAL 39,61,3,Houston Texans,Dallas Cowboys,23,20,64.6,35.4,316.0,62.0,378.0,278.0,75.0,353.0,game,ML,Dallas Cowboys,,,betfair,1921.0,—,—,,Loss,,miss,,,,—,,
2026-10-04T20:01:41.654341+00:00,nfl,2026,4,401872967,4018729673013,3,2:29,D.Shelton reported in as eligible.  D.Prescott pass deep middle to C.Lamb to HST 45 for 16 yards (C.Bullock).,3,1,DAL 39,61,3,Houston Texans,Dallas Cowboys,23,20,64.6,35.4,316.0,62.0,378.0,278.0,75.0,353.0,game,ML,Houston Texans,,,stn,-130.0,—,—,,Win,,hit,,,,—,,
2026-10-04T20:01:41.654341+00:00,nfl,2026,4,401872967,4018729673040,3,1:48,J.Williams right guard to HST 44 for 1 yard (J.Hansen).,1,10,HOU 45,45,3,Houston Texans,Dallas Cowboys,23,20,64.6,35.4,316.0,62.0,378.0,278.0,75.0,353.0,game,Spread,Dallas Cowboys,,1.5,kalshi,-113.0,—,—,,+3,,miss,,,,—,,
2026-10-04T20:01:41.654341+00:00,nfl,2026,4,401872967,4018729673040,3,1:48,J.Williams right guard to HST 44 for 1 yard (J.Hansen).,1,10,HOU 45,45,3,Houston Texans,Dallas Cowboys,23,20,64.6,35.4,316.0,62.0,378.0,278.0,75.0,353.0,game,Spread,Houston Texans,,-1.5,novig,-116.0,—,—,,+3,,hit,,,,—,,
2026-10-04T20:01:41.654341+00:00,nfl,2026,4,401872967,4018729673040,3,1:48,J.Williams right guard to HST 44 for 1 yard (J.Hansen).,1,10,HOU 45,45,3,Houston Texans,Dallas Cowboys,23,20,64.6,35.4,316.0,62.0,378.0,278.0,75.0,353.0,game,Total,Over,,54.5,betfair,-119.0,—,—,,43.0,,miss,,,,—,,
2026-10-04T20:01:41.654341+00:00,nfl,2026,4,401872967,4018729673040,3,1:48,J.Williams right guard to HST 44 for 1 yard (J.Hansen).,1,10,HOU 45,45,3,Houston Texans,Dallas Cowboys,23,20,64.6,35.4,316.0,62.0,378.0,278.0,75.0,353.0,game,Total,,,54.5,,,—,—,,43.0,,hit,,,,—,,
2026-10-04T20:01:41.654341+00:00,nfl,2026,4,401872967,4018729673040,3,1:48,J.Williams right guard to HST 44 for 1 yard (J.Hansen).,1,10,HOU 45,45,3,Houston Texans,Dallas Cowboys,23,20,64.6,35.4,316.0,62.0,378.0,278.0,75.0,353.0,game,ML,Dallas Cowboys,,,betfair,1921.0,—,—,,Loss,,miss,,,,—,,
2026-10-04T20:01:41.654341+00:00,nfl,2026,4,401872967,4018729673040,3,1:48,J.Williams right guard to HST 44 for 1 yard (J.Hansen).,1,10,HOU 45,45,3,Houston Texans,Dallas Cowboys,23,20,64.6,35.4,316.0,62.0,378.0,278.0,75.0,353.0,game,ML,Houston Texans,,,stn,-130.0,—,—,,Win,,hit,,,,—,,
2026-10-04T20:01:41.654341+00:00,nfl,2026,4,401872967,4018729673062,3,1:12,(Shotgun) D.Prescott pass short right to J.Williams to HST 42 for 2 yards (J.Hansen).,2,9,HOU 44,44,3,Houston Texans,Dallas Cowboys,23,20,64.6,35.4,316.0,62.0,378.0,278.0,75.0,353.0,game,Spread,Dallas Cowboys,,1.5,kalshi,-113.0,—,—,,+3,,miss,,,,—,,
2026-10-04T20:01:41.654341+00:00,nfl,2026,4,401872967,4018729673062,3,1:12,(Shotgun) D.Prescott pass short right to J.Williams to HST 42 for 2 yards (J.Hansen).,2,9,HOU 44,44,3,Houston Texans,Dallas Cowboys,23,20,64.6,35.4,316.0,62.0,378.0,278.0,75.0,353.0,game,Spread,Houston Texans,,-1.5,novig,-116.0,—,—,,+3,,hit,,,,—,,
2026-10-04T20:01:41.654341+00:00,nfl,2026,4,401872967,4018729673062,3,1:12,(Shotgun) D.Prescott pass short right to J.Williams to HST 42 for 2 yards (J.Hansen).,2,9,HOU 44,44,3,Houston Texans,Dallas Cowboys,23,20,64.6,35.4,316.0,62.0,378.0,278.0,75.0,353.0,game,Total,Over,,54.5,betfair,-119.0,—,—,,43.0,,miss,,,,—,,
2026-10-04T20:01:41.654341+00:00,nfl,2026,4,401872967,4018729673062,3,1:12,(Shotgun) D.Prescott pass short right to J.Williams to HST 42 for 2 yards (J.Hansen).,2,9,HOU 44,44,3,Houston Texans,Dallas Cowboys,23,20,64.6,35.4,316.0,62.0,378.0,278.0,75.0,353.0,game,Total,,,54.5,,,—,—,,43.0,,hit,,,,—,,
2026-10-04T20:01:41.654341+00:00,nfl,2026,4,401872967,4018729673062,3,1:12,(Shotgun) D.Prescott pass short right to J.Williams to HST 42 for 2 yards (J.Hansen).,2,9,HOU 44,44,3,Houston Texans,Dallas Cowboys,23,20,64.6,35.4,316.0,62.0,378.0,278.0,75.0,353.0,game,ML,Dallas Cowboys,,,betfair,1921.0,—,—,,Loss,,miss,,,,—,,
2026-10-04T20:01:41.654341+00:00,nfl,2026,4,401872967,4018729673062,3,1:12,(Shotgun) D.Prescott pass short right to J.Williams to HST 42 for 2 yards (J.Hansen).,2,9,HOU 44,44,3,Houston Texans,Dallas Cowboys,23,20,64.6,35.4,316.0,62.0,378.0,278.0,75.0,353.0,game,ML,Houston Texans,,,stn,-130.0,—,—,,Win,,hit,,,,—,,
2026-10-04T20:01:41.654341+00:00,nfl,2026,4,401872967,4018729673087,3,0:25,(Shotgun) D.Prescott pass short middle to R.Flournoy to HST 33 for 9 yards (C.Bullock; J.Hansen).,3,7,HOU 42,42,3,Houston Texans,Dallas Cowboys,23,20,64.6,35.4,316.0,62.0,378.0,278.0,75.0,353.0,game,Spread,Dallas Cowboys,,1.5,kalshi,-113.0,—,—,,+3,,miss,,,,—,,
2026-10-04T20:01:41.654341+00:00,nfl,2026,4,401872967,4018729673087,3,0:25,(Shotgun) D.Prescott pass short middle to R.Flournoy to HST 33 for 9 yards (C.Bullock; J.Hansen).,3,7,HOU 42,42,3,Houston Texans,Dallas Cowboys,23,20,64.6,35.4,316.0,62.0,378.0,278.0,75.0,353.0,game,Spread,Houston Texans,,-1.5,novig,-116.0,—,—,,+3,,hit,,,,—,,
2026-10-04T20:01:41.654341+00:00,nfl,2026,4,401872967,4018729673087,3,0:25,(Shotgun) D.Prescott pass short middle to R.Flournoy to HST 33 for 9 yards (C.Bullock; J.Hansen).,3,7,HOU 42,42,3,Houston Texans,Dallas Cowboys,23,20,64.6,35.4,316.0,62.0,378.0,278.0,75.0,353.0,game,Total,Over,,54.5,betfair,-119.0,—,—,,43.0,,miss,,,,—,,
2026-10-04T20:01:41.654341+00:00,nfl,2026,4,401872967,4018729673087,3,0:25,(Shotgun) D.Prescott pass short middle to R.Flournoy to HST 33 for 9 yards (C.Bullock; J.Hansen).,3,7,HOU 42,42,3,Houston Texans,Dallas Cowboys,23,20,64.6,35.4,316.0,62.0,378.0,278.0,75.0,353.0,game,Total,,,54.5,,,—,—,,43.0,,hit,,,,—,,
2026-10-04T20:01:41.654341+00:00,nfl,2026,4,401872967,4018729673087,3,0:25,(Shotgun) D.Prescott pass short middle to R.Flournoy to HST 33 for 9 yards (C.Bullock; J.Hansen).,3,7,HOU 42,42,3,Houston Texans,Dallas Cowboys,23,20,64.6,35.4,316.0,62.0,378.0,278.0,75.0,353.0,game,ML,Dallas Cowboys,,,betfair,1921.0,—,—,,Loss,,miss,,,,—,,
2026-10-04T20:01:41.654341+00:00,nfl,2026,4,401872967,4018729673087,3,0:25,(Shotgun) D.Prescott pass short middle to R.Flournoy to HST 33 for 9 yards (C.Bullock; J.Hansen).,3,7,HOU 42,42,3,Houston Texans,Dallas Cowboys,23,20,64.6,35.4,316.0,62.0,378.0,278.0,75.0,353.0,game,ML,Houston Texans,,,stn,-130.0,—,—,,Win,,hit,,,,—,,
2026-10-04T20:01:41.654341+00:00,nfl,2026,4,401872967,4018729673112,3,0:00,END QUARTER 3,1,10,HOU 46,33,3,Houston Texans,Dallas Cowboys,23,20,64.6,35.4,316.0,62.0,378.0,278.0,75.0,353.0,game,Spread,Dallas Cowboys,,1.5,kalshi,-113.0,—,—,,+3,,miss,,,,—,,
2026-10-04T20:01:41.654341+00:00,nfl,2026,4,401872967,4018729673112,3,0:00,END QUARTER 3,1,10,HOU 46,33,3,Houston Texans,Dallas Cowboys,23,20,64.6,35.4,316.0,62.0,378.0,278.0,75.0,353.0,game,Spread,Houston Texans,,-1.5,novig,-116.0,—,—,,+3,,hit,,,,—,,
2026-10-04T20:01:41.654341+00:00,nfl,2026,4,401872967,4018729673112,3,0:00,END QUARTER 3,1,10,HOU 46,33,3,Houston Texans,Dallas Cowboys,23,20,64.6,35.4,316.0,62.0,378.0,278.0,75.0,353.0,game,Total,Over,,54.5,betfair,-119.0,—,—,,43.0,,miss,,,,—,,
2026-10-04T20:01:41.654341+00:00,nfl,2026,4,401872967,4018729673112,3,0:00,END QUARTER 3,1,10,HOU 46,33,3,Houston Texans,Dallas Cowboys,23,20,64.6,35.4,316.0,62.0,378.0,278.0,75.0,353.0,game,Total,,,54.5,,,—,—,,43.0,,hit,,,,—,,
2026-10-04T20:01:41.654341+00:00,nfl,2026,4,401872967,4018729673112,3,0:00,END QUARTER 3,1,10,HOU 46,33,3,Houston Texans,Dallas Cowboys,23,20,64.6,35.4,316.0,62.0,378.0,278.0,75.0,353.0,game,ML,Dallas Cowboys,,,betfair,1921.0,—,—,,Loss,,miss,,,,—,,
2026-10-04T20:01:41.654341+00:00,nfl,2026,4,401872967,4018729673112,3,0:00,END QUARTER 3,1,10,HOU 46,33,3,Houston Texans,Dallas Cowboys,23,20,64.6,35.4,316.0,62.0,378.0,278.0,75.0,353.0,game,ML,Houston Texans,,,stn,-130.0,—,—,,Win,,hit,,,,—,,
2026-10-04T20:01:41.654341+00:00,nfl,2026,4,401872967,4018729673137,4,15:00,"T.Goodson left tackle to HST 28 for 5 yards (J.Hansen; D.Hunter).PENALTY on DAL-T.Bass, Offensive Holding, 10 yards, enforced at HST 33 - No Play.",1,10,HOU 33,33,3,Houston Texans,Dallas Cowboys,23,20,64.6,35.4,316.0,62.0,378.0,278.0,75.0,353.0,game,Spread,Dallas Cowboys,,1.5,kalshi,-113.0,—,—,,+3,,miss,,,,—,,
2026-10-04T20:01:41.654341+00:00,nfl,2026,4,401872967,4018729673137,4,15:00,"T.Goodson left tackle to HST 28 for 5 yards (J.Hansen; D.Hunter).PENALTY on DAL-T.Bass, Offensive Holding, 10 yards, enforced at HST 33 - No Play.",1,10,HOU 33,33,3,Houston Texans,Dallas Cowboys,23,20,64.6,35.4,316.0,62.0,378.0,278.0,75.0,353.0,game,Spread,Houston Texans,,-1.5,novig,-116.0,—,—,,+3,,hit,,,,—,,
2026-10-04T20:01:41.654341+00:00,nfl,2026,4,401872967,4018729673137,4,15:00,"T.Goodson left tackle to HST 28 for 5 yards (J.Hansen; D.Hunter).PENALTY on DAL-T.Bass, Offensive Holding, 10 yards, enforced at HST 33 - No Play.",1,10,HOU 33,33,3,Houston Texans,Dallas Cowboys,23,20,64.6,35.4,316.0,62.0,378.0,278.0,75.0,353.0,game,Total,Over,,54.5,betfair,-119.0,—,—,,43.0,,miss,,,,—,,
2026-10-04T20:01:41.654341+00:00,nfl,2026,4,401872967,4018729673137,4,15:00,"T.Goodson left tackle to HST 28 for 5 yards (J.Hansen; D.Hunter).PENALTY on DAL-T.Bass, Offensive Holding, 10 yards, enforced at HST 33 - No Play.",1,10,HOU 33,33,3,Houston Texans,Dallas Cowboys,23,20,64.6,35.4,316.0,62.0,378.0,278.0,75.0,353.0,game,Total,,,54.5,,,—,—,,43.0,,hit,,,,—,,
2026-10-04T20:01:41.654341+00:00,nfl,2026,4,401872967,4018729673137,4,15:00,"T.Goodson left tackle to HST 28 for 5 yards (J.Hansen; D.Hunter).PENALTY on DAL-T.Bass, Offensive Holding, 10 yards, enforced at HST 33 - No Play.",1,10,HOU 33,33,3,Houston Texans,Dallas Cowboys,23,20,64.6,35.4,316.0,62.0,378.0,278.0,75.0,353.0,game,ML,Dallas Cowboys,,,betfair,1921.0,—,—,,Loss,,miss,,,,—,,
2026-10-04T20:01:41.654341+00:00,nfl,2026,4,401872967,4018729673137,4,15:00,"T.Goodson left tackle to HST 28 for 5 yards (J.Hansen; D.Hunter).PENALTY on DAL-T.Bass, Offensive Holding, 10 yards, enforced at HST 33 - No Play.",1,10,HOU 33,33,3,Houston Texans,Dallas Cowboys,23,20,64.6,35.4,316.0,62.0,378.0,278.0,75.0,353.0,game,ML,Houston Texans,,,stn,-130.0,—,—,,Win,,hit,,,,—,,
2026-10-04T20:01:41.654341+00:00,nfl,2026,4,401872967,4018729673170,4,14:42,"(Shotgun) PENALTY on DAL-T.Guyton, False Start, 5 yards, enforced at HST 43 - No Play.",1,20,HOU 43,43,3,Houston Texans,Dallas Cowboys,23,20,64.6,35.4,316.0,62.0,378.0,278.0,75.0,353.0,game,Spread,Dallas Cowboys,,1.5,kalshi,-113.0,—,—,,+3,,miss,,,,—,,
2026-10-04T20:01:41.654341+00:00,nfl,2026,4,401872967,4018729673170,4,14:42,"(Shotgun) PENALTY on DAL-T.Guyton, False Start, 5 yards, enforced at HST 43 - No Play.",1,20,HOU 43,43,3,Houston Texans,Dallas Cowboys,23,20,64.6,35.4,316.0,62.0,378.0,278.0,75.0,353.0,game,Spread,Houston Texans,,-1.5,novig,-116.0,—,—,,+3,,hit,,,,—,,
2026-10-04T20:01:41.654341+00:00,nfl,2026,4,401872967,4018729673170,4,14:42,"(Shotgun) PENALTY on DAL-T.Guyton, False Start, 5 yards, enforced at HST 43 - No Play.",1,20,HOU 43,43,3,Houston Texans,Dallas Cowboys,23,20,64.6,35.4,316.0,62.0,378.0,278.0,75.0,353.0,game,Total,Over,,54.5,betfair,-119.0,—,—,,43.0,,miss,,,,—,,
2026-10-04T20:01:41.654341+00:00,nfl,2026,4,401872967,4018729673170,4,14:42,"(Shotgun) PENALTY on DAL-T.Guyton, False Start, 5 yards, enforced at HST 43 - No Play.",1,20,HOU 43,43,3,Houston Texans,Dallas Cowboys,23,20,64.6,35.4,316.0,62.0,378.0,278.0,75.0,353.0,game,Total,,,54.5,,,—,—,,43.0,,hit,,,,—,,
2026-10-04T20:01:41.654341+00:00,nfl,2026,4,401872967,4018729673170,4,14:42,"(Shotgun) PENALTY on DAL-T.Guyton, False Start, 5 yards, enforced at HST 43 - No Play.",1,20,HOU 43,43,3,Houston Texans,Dallas Cowboys,23,20,64.6,35.4,316.0,62.0,378.0,278.0,75.0,353.0,game,ML,Dallas Cowboys,,,betfair,1921.0,—,—,,Loss,,miss,,,,—,,
2026-10-04T20:01:41.654341+00:00,nfl,2026,4,401872967,4018729673170,4,14:42,"(Shotgun) PENALTY on DAL-T.Guyton, False Start, 5 yards, enforced at HST 43 - No Play.",1,20,HOU 43,43,3,Houston Texans,Dallas Cowboys,23,20,64.6,35.4,316.0,62.0,378.0,278.0,75.0,353.0,game,ML,Houston Texans,,,stn,-130.0,—,—,,Win,,hit,,,,—,,
2026-10-04T20:01:41.654341+00:00,nfl,2026,4,401872967,4018729673194,4,14:42,(Shotgun) D.Prescott pass short left to R.Flournoy to HST 41 for 7 yards (S.Rankins).,1,25,HOU 48,48,3,Houston Texans,Dallas Cowboys,23,20,64.6,35.4,316.0,62.0,378.0,278.0,75.0,353.0,game,Spread,Dallas Cowboys,,1.5,kalshi,-113.0,—,—,,+3,,miss,,,,—,,
2026-10-04T20:01:41.654341+00:00,nfl,2026,4,401872967,4018729673194,4,14:42,(Shotgun) D.Prescott pass short left to R.Flournoy to HST 41 for 7 yards (S.Rankins).,1,25,HOU 48,48,3,Houston Texans,Dallas Cowboys,23,20,64.6,35.4,316.0,62.0,378.0,278.0,75.0,353.0,game,Spread,Houston Texans,,-1.5,novig,-116.0,—,—,,+3,,hit,,,,—,,
2026-10-04T20:01:41.654341+00:00,nfl,2026,4,401872967,4018729673194,4,14:42,(Shotgun) D.Prescott pass short left to R.Flournoy to HST 41 for 7 yards (S.Rankins).,1,25,HOU 48,48,3,Houston Texans,Dallas Cowboys,23,20,64.6,35.4,316.0,62.0,378.0,278.0,75.0,353.0,game,Total,Over,,54.5,betfair,-119.0,—,—,,43.0,,miss,,,,—,,
2026-10-04T20:01:41.654341+00:00,nfl,2026,4,401872967,4018729673194,4,14:42,(Shotgun) D.Prescott pass short left to R.Flournoy to HST 41 for 7 yards (S.Rankins).,1,25,HOU 48,48,3,Houston Texans,Dallas Cowboys,23,20,64.6,35.4,316.0,62.0,378.0,278.0,75.0,353.0,game,Total,,,54.5,,,—,—,,43.0,,hit,,,,—,,
2026-10-04T20:01:41.654341+00:00,nfl,2026,4,401872967,4018729673194,4,14:42,(Shotgun) D.Prescott pass short left to R.Flournoy to HST 41 for 7 yards (S.Rankins).,1,25,HOU 48,48,3,Houston Texans,Dallas Cowboys,23,20,64.6,35.4,316.0,62.0,378.0,278.0,75.0,353.0,game,ML,Dallas Cowboys,,,betfair,1921.0,—,—,,Loss,,miss,,,,—,,
2026-10-04T20:01:41.654341+00:00,nfl,2026,4,401872967,4018729673194,4,14:42,(Shotgun) D.Prescott pass short left to R.Flournoy to HST 41 for 7 yards (S.Rankins).,1,25,HOU 48,48,3,Houston Texans,Dallas Cowboys,23,20,64.6,35.4,316.0,62.0,378.0,278.0,75.0,353.0,game,ML,Houston Texans,,,stn,-130.0,—,—,,Win,,hit,,,,—,,
2026-10-04T20:01:41.654341+00:00,nfl,2026,4,401872967,4018729673219,4,14:00,(Shotgun) D.Prescott pass short left to C.Lamb to HST 20 for 21 yards (R.Blankenship; J.Hansen).,2,18,HOU 41,41,3,Houston Texans,Dallas Cowboys,23,20,64.6,35.4,316.0,62.0,378.0,278.0,75.0,353.0,game,Spread,Dallas Cowboys,,1.5,kalshi,-113.0,—,—,,+3,,miss,,,,—,,
2026-10-04T20:01:41.654341+00:00,nfl,2026,4,401872967,4018729673219,4,14:00,(Shotgun) D.Prescott pass short left to C.Lamb to HST 20 for 21 yards (R.Blankenship; J.Hansen).,2,18,HOU 41,41,3,Houston Texans,Dallas Cowboys,23,20,64.6,35.4,316.0,62.0,378.0,278.0,75.0,353.0,game,Spread,Houston Texans,,-1.5,novig,-116.0,—,—,,+3,,hit,,,,—,,
2026-10-04T20:01:41.654341+00:00,nfl,2026,4,401872967,4018729673219,4,14:00,(Shotgun) D.Prescott pass short left to C.Lamb to HST 20 for 21 yards (R.Blankenship; J.Hansen).,2,18,HOU 41,41,3,Houston Texans,Dallas Cowboys,23,20,64.6,35.4,316.0,62.0,378.0,278.0,75.0,353.0,game,Total,Over,,54.5,betfair,-119.0,—,—,,43.0,,miss,,,,—,,
2026-10-04T20:01:41.654341+00:00,nfl,2026,4,401872967,4018729673219,4,14:00,(Shotgun) D.Prescott pass short left to C.Lamb to HST 20 for 21 yards (R.Blankenship; J.Hansen).,2,18,HOU 41,41,3,Houston Texans,Dallas Cowboys,23,20,64.6,35.4,316.0,62.0,378.0,278.0,75.0,353.0,game,Total,,,54.5,,,—,—,,43.0,,hit,,,,—,,
2026-10-04T20:01:41.654341+00:00,nfl,2026,4,401872967,4018729673219,4,14:00,(Shotgun) D.Prescott pass short left to C.Lamb to HST 20 for 21 yards (R.Blankenship; J.Hansen).,2,18,HOU 41,41,3,Houston Texans,Dallas Cowboys,23,20,64.6,35.4,316.0,62.0,378.0,278.0,75.0,353.0,game,ML,Dallas Cowboys,,,betfair,1921.0,—,—,,Loss,,miss,,,,—,,
2026-10-04T20:01:41.654341+00:00,nfl,2026,4,401872967,4018729673219,4,14:00,(Shotgun) D.Prescott pass short left to C.Lamb to HST 20 for 21 yards (R.Blankenship; J.Hansen).,2,18,HOU 41,41,3,Houston Texans,Dallas Cowboys,23,20,64.6,35.4,316.0,62.0,378.0,278.0,75.0,353.0,game,ML,Houston Texans,,,stn,-130.0,—,—,,Win,,hit,,,,—,,
2026-10-04T20:01:41.654341+00:00,nfl,2026,4,401872967,4018729673244,4,13:20,J.Williams up the middle to HST 20 for no gain (J.Clowney).,1,10,HOU 20,20,3,Houston Texans,Dallas Cowboys,23,20,64.6,35.4,316.0,62.0,378.0,278.0,75.0,353.0,game,Spread,Dallas Cowboys,,1.5,kalshi,-113.0,—,—,,+3,,miss,,,,—,,
2026-10-04T20:01:41.654341+00:00,nfl,2026,4,401872967,4018729673244,4,13:20,J.Williams up the middle to HST 20 for no gain (J.Clowney).,1,10,HOU 20,20,3,Houston Texans,Dallas Cowboys,23,20,64.6,35.4,316.0,62.0,378.0,278.0,75.0,353.0,game,Spread,Houston Texans,,-1.5,novig,-116.0,—,—,,+3,,hit,,,,—,,
2026-10-04T20:01:41.654341+00:00,nfl,2026,4,401872967,4018729673244,4,13:20,J.Williams up the middle to HST 20 for no gain (J.Clowney).,1,10,HOU 20,20,3,Houston Texans,Dallas Cowboys,23,20,64.6,35.4,316.0,62.0,378.0,278.0,75.0,353.0,game,Total,Over,,54.5,betfair,-119.0,—,—,,43.0,,miss,,,,—,,
2026-10-04T20:01:41.654341+00:00,nfl,2026,4,401872967,4018729673244,4,13:20,J.Williams up the middle to HST 20 for no gain (J.Clowney).,1,10,HOU 20,20,3,Houston Texans,Dallas Cowboys,23,20,64.6,35.4,316.0,62.0,378.0,278.0,75.0,353.0,game,Total,,,54.5,,,—,—,,43.0,,hit,,,,—,,
2026-10-04T20:01:41.654341+00:00,nfl,2026,4,401872967,4018729673244,4,13:20,J.Williams up the middle to HST 20 for no gain (J.Clowney).,1,10,HOU 20,20,3,Houston Texans,Dallas Cowboys,23,20,64.6,35.4,316.0,62.0,378.0,278.0,75.0,353.0,game,ML,Dallas Cowboys,,,betfair,1921.0,—,—,,Loss,,miss,,,,—,,
2026-10-04T20:01:41.654341+00:00,nfl,2026,4,401872967,4018729673244,4,13:20,J.Williams up the middle to HST 20 for no gain (J.Clowney).,1,10,HOU 20,20,3,Houston Texans,Dallas Cowboys,23,20,64.6,35.4,316.0,62.0,378.0,278.0,75.0,353.0,game,ML,Houston Texans,,,stn,-130.0,—,—,,Win,,hit,,,,—,,
2026-10-04T20:01:41.654341+00:00,nfl,2026,4,401872967,4018729673266,4,12:42,(Shotgun) D.Prescott pass short right to C.Lamb to HST 3 for 17 yards (C.Bullock; J.Pitre).,2,10,HOU 20,20,3,Houston Texans,Dallas Cowboys,23,20,64.6,35.4,316.0,62.0,378.0,278.0,75.0,353.0,game,Spread,Dallas Cowboys,,1.5,kalshi,-113.0,—,—,,+3,,miss,,,,—,,
2026-10-04T20:01:41.654341+00:00,nfl,2026,4,401872967,4018729673266,4,12:42,(Shotgun) D.Prescott pass short right to C.Lamb to HST 3 for 17 yards (C.Bullock; J.Pitre).,2,10,HOU 20,20,3,Houston Texans,Dallas Cowboys,23,20,64.6,35.4,316.0,62.0,378.0,278.0,75.0,353.0,game,Spread,Houston Texans,,-1.5,novig,-116.0,—,—,,+3,,hit,,,,—,,
2026-10-04T20:01:41.654341+00:00,nfl,2026,4,401872967,4018729673266,4,12:42,(Shotgun) D.Prescott pass short right to C.Lamb to HST 3 for 17 yards (C.Bullock; J.Pitre).,2,10,HOU 20,20,3,Houston Texans,Dallas Cowboys,23,20,64.6,35.4,316.0,62.0,378.0,278.0,75.0,353.0,game,Total,Over,,54.5,betfair,-119.0,—,—,,43.0,,miss,,,,—,,
2026-10-04T20:01:41.654341+00:00,nfl,2026,4,401872967,4018729673266,4,12:42,(Shotgun) D.Prescott pass short right to C.Lamb to HST 3 for 17 yards (C.Bullock; J.Pitre).,2,10,HOU 20,20,3,Houston Texans,Dallas Cowboys,23,20,64.6,35.4,316.0,62.0,378.0,278.0,75.0,353.0,game,Total,,,54.5,,,—,—,,43.0,,hit,,,,—,,
2026-10-04T20:01:41.654341+00:00,nfl,2026,4,401872967,4018729673266,4,12:42,(Shotgun) D.Prescott pass short right to C.Lamb to HST 3 for 17 yards (C.Bullock; J.Pitre).,2,10,HOU 20,20,3,Houston Texans,Dallas Cowboys,23,20,64.6,35.4,316.0,62.0,378.0,278.0,75.0,353.0,game,ML,Dallas Cowboys,,,betfair,1921.0,—,—,,Loss,,miss,,,,—,,
2026-10-04T20:01:41.654341+00:00,nfl,2026,4,401872967,4018729673266,4,12:42,(Shotgun) D.Prescott pass short right to C.Lamb to HST 3 for 17 yards (C.Bullock; J.Pitre).,2,10,HOU 20,20,3,Houston Texans,Dallas Cowboys,23,20,64.6,35.4,316.0,62.0,378.0,278.0,75.0,353.0,game,ML,Houston Texans,,,stn,-130.0,—,—,,Win,,hit,,,,—,,
2026-10-04T20:01:41.654341+00:00,nfl,2026,4,401872967,4018729673291,4,11:59,J.Williams right tackle to HST 2 for 1 yard (L.Hall; T.Togiai).,1,3,HOU 3,3,3,Houston Texans,Dallas Cowboys,23,20,64.6,35.4,316.0,62.0,378.0,278.0,75.0,353.0,game,Spread,Dallas Cowboys,,1.5,kalshi,-113.0,—,—,,+3,,miss,,,,—,,
2026-10-04T20:01:41.654341+00:00,nfl,2026,4,401872967,4018729673291,4,11:59,J.Williams right tackle to HST 2 for 1 yard (L.Hall; T.Togiai).,1,3,HOU 3,3,3,Houston Texans,Dallas Cowboys,23,20,64.6,35.4,316.0,62.0,378.0,278.0,75.0,353.0,game,Spread,Houston Texans,,-1.5,novig,-116.0,—,—,,+3,,hit,,,,—,,
2026-10-04T20:01:41.654341+00:00,nfl,2026,4,401872967,4018729673291,4,11:59,J.Williams right tackle to HST 2 for 1 yard (L.Hall; T.Togiai).,1,3,HOU 3,3,3,Houston Texans,Dallas Cowboys,23,20,64.6,35.4,316.0,62.0,378.0,278.0,75.0,353.0,game,Total,Over,,54.5,betfair,-119.0,—,—,,43.0,,miss,,,,—,,
2026-10-04T20:01:41.654341+00:00,nfl,2026,4,401872967,4018729673291,4,11:59,J.Williams right tackle to HST 2 for 1 yard (L.Hall; T.Togiai).,1,3,HOU 3,3,3,Houston Texans,Dallas Cowboys,23,20,64.6,35.4,316.0,62.0,378.0,278.0,75.0,353.0,game,Total,,,54.5,,,—,—,,43.0,,hit,,,,—,,
2026-10-04T20:01:41.654341+00:00,nfl,2026,4,401872967,4018729673291,4,11:59,J.Williams right tackle to HST 2 for 1 yard (L.Hall; T.Togiai).,1,3,HOU 3,3,3,Houston Texans,Dallas Cowboys,23,20,64.6,35.4,316.0,62.0,378.0,278.0,75.0,353.0,game,ML,Dallas Cowboys,,,betfair,1921.0,—,—,,Loss,,miss,,,,—,,
2026-10-04T20:01:41.654341+00:00,nfl,2026,4,401872967,4018729673291,4,11:59,J.Williams right tackle to HST 2 for 1 yard (L.Hall; T.Togiai).,1,3,HOU 3,3,3,Houston Texans,Dallas Cowboys,23,20,64.6,35.4,316.0,62.0,378.0,278.0,75.0,353.0,game,ML,Houston Texans,,,stn,-130.0,—,—,,Win,,hit,,,,—,,
2026-10-04T20:01:41.654341+00:00,nfl,2026,4,401872967,4018729673349,4,11:17,Official Timeout at 11:17.,-1,10,HOU 15,15,-4,Houston Texans,Dallas Cowboys,23,27,64.6,35.4,316.0,62.0,378.0,278.0,75.0,353.0,game,Spread,Dallas Cowboys,,1.5,kalshi,-113.0,—,—,,-4,,hit,,,,—,,
2026-10-04T20:01:41.654341+00:00,nfl,2026,4,401872967,4018729673349,4,11:17,Official Timeout at 11:17.,-1,10,HOU 15,15,-4,Houston Texans,Dallas Cowboys,23,27,64.6,35.4,316.0,62.0,378.0,278.0,75.0,353.0,game,Spread,Houston Texans,,-1.5,novig,-116.0,—,—,,-4,,miss,,,,—,,
2026-10-04T20:01:41.654341+00:00,nfl,2026,4,401872967,4018729673349,4,11:17,Official Timeout at 11:17.,-1,10,HOU 15,15,-4,Houston Texans,Dallas Cowboys,23,27,64.6,35.4,316.0,62.0,378.0,278.0,75.0,353.0,game,Total,Over,,54.5,betfair,-119.0,—,—,,50.0,,miss,,,,—,,
2026-10-04T20:01:41.654341+00:00,nfl,2026,4,401872967,4018729673349,4,11:17,Official Timeout at 11:17.,-1,10,HOU 15,15,-4,Houston Texans,Dallas Cowboys,23,27,64.6,35.4,316.0,62.0,378.0,278.0,75.0,353.0,game,Total,,,54.5,,,—,—,,50.0,,hit,,,,—,,
2026-10-04T20:01:41.654341+00:00,nfl,2026,4,401872967,4018729673349,4,11:17,Official Timeout at 11:17.,-1,10,HOU 15,15,-4,Houston Texans,Dallas Cowboys,23,27,64.6,35.4,316.0,62.0,378.0,278.0,75.0,353.0,game,ML,Dallas Cowboys,,,betfair,1921.0,—,—,,Win,,hit,,,,—,,
2026-10-04T20:01:41.654341+00:00,nfl,2026,4,401872967,4018729673349,4,11:17,Official Timeout at 11:17.,-1,10,HOU 15,15,-4,Houston Texans,Dallas Cowboys,23,27,64.6,35.4,316.0,62.0,378.0,278.0,75.0,353.0,game,ML,Houston Texans,,,stn,-130.0,—,—,,Loss,,miss,,,,—,,
2026-10-04T20:01:41.654341+00:00,nfl,2026,4,401872967,4018729673313,4,11:17,"J.Williams right guard for 2 yards, TOUCHDOWN. B.Aubrey extra point is GOOD, Center-T.Sieg, Holder-B.Anger.PENALTY on HST-T.Togiai, Illegal Formation, 5 yards, enforced between downs.",2,2,HOU 2,2,-4,Houston Texans,Dallas Cowboys,23,27,64.6,35.4,316.0,62.0,378.0,278.0,75.0,353.0,game,Spread,Dallas Cowboys,,1.5,kalshi,-113.0,—,—,,-4,,hit,,,,—,,
2026-10-04T20:01:41.654341+00:00,nfl,2026,4,401872967,4018729673313,4,11:17,"J.Williams right guard for 2 yards, TOUCHDOWN. B.Aubrey extra point is GOOD, Center-T.Sieg, Holder-B.Anger.PENALTY on HST-T.Togiai, Illegal Formation, 5 yards, enforced between downs.",2,2,HOU 2,2,-4,Houston Texans,Dallas Cowboys,23,27,64.6,35.4,316.0,62.0,378.0,278.0,75.0,353.0,game,Spread,Houston Texans,,-1.5,novig,-116.0,—,—,,-4,,miss,,,,—,,
2026-10-04T20:01:41.654341+00:00,nfl,2026,4,401872967,4018729673313,4,11:17,"J.Williams right guard for 2 yards, TOUCHDOWN. B.Aubrey extra point is GOOD, Center-T.Sieg, Holder-B.Anger.PENALTY on HST-T.Togiai, Illegal Formation, 5 yards, enforced between downs.",2,2,HOU 2,2,-4,Houston Texans,Dallas Cowboys,23,27,64.6,35.4,316.0,62.0,378.0,278.0,75.0,353.0,game,Total,Over,,54.5,betfair,-119.0,—,—,,50.0,,miss,,,,—,,
2026-10-04T20:01:41.654341+00:00,nfl,2026,4,401872967,4018729673313,4,11:17,"J.Williams right guard for 2 yards, TOUCHDOWN. B.Aubrey extra point is GOOD, Center-T.Sieg, Holder-B.Anger.PENALTY on HST-T.Togiai, Illegal Formation, 5 yards, enforced between downs.",2,2,HOU 2,2,-4,Houston Texans,Dallas Cowboys,23,27,64.6,35.4,316.0,62.0,378.0,278.0,75.0,353.0,game,Total,,,54.5,,,—,—,,50.0,,hit,,,,—,,
2026-10-04T20:01:41.654341+00:00,nfl,2026,4,401872967,4018729673313,4,11:17,"J.Williams right guard for 2 yards, TOUCHDOWN. B.Aubrey extra point is GOOD, Center-T.Sieg, Holder-B.Anger.PENALTY on HST-T.Togiai, Illegal Formation, 5 yards, enforced between downs.",2,2,HOU 2,2,-4,Houston Texans,Dallas Cowboys,23,27,64.6,35.4,316.0,62.0,378.0,278.0,75.0,353.0,game,ML,Dallas Cowboys,,,betfair,1921.0,—,—,,Win,,hit,,,,—,,
2026-10-04T20:01:41.654341+00:00,nfl,2026,4,401872967,4018729673313,4,11:17,"J.Williams right guard for 2 yards, TOUCHDOWN. B.Aubrey extra point is GOOD, Center-T.Sieg, Holder-B.Anger.PENALTY on HST-T.Togiai, Illegal Formation, 5 yards, enforced between downs.",2,2,HOU 2,2,-4,Houston Texans,Dallas Cowboys,23,27,64.6,35.4,316.0,62.0,378.0,278.0,75.0,353.0,game,ML,Houston Texans,,,stn,-130.0,—,—,,Loss,,miss,,,,—,,
2026-10-04T20:01:41.654341+00:00,nfl,2026,4,401872967,4018729673362,4,11:17,"B.Aubrey kicks 57 yards from DAL 40 to HST 3. T.Smith to HST 30 for 27 yards (S.James). ** Injury Update: DAL-A.Clark has returned to the game. PENALTY on HST-C.Stover, Offensive Holding, 10 yards, enforced at HST 24.",1,10,HOU 46,60,-4,Houston Texans,Dallas Cowboys,23,27,64.6,35.4,316.0,62.0,378.0,278.0,75.0,353.0,game,Spread,Dallas Cowboys,,1.5,kalshi,-113.0,—,—,,-4,,hit,,,,—,,
2026-10-04T20:01:41.654341+00:00,nfl,2026,4,401872967,4018729673362,4,11:17,"B.Aubrey kicks 57 yards from DAL 40 to HST 3. T.Smith to HST 30 for 27 yards (S.James). ** Injury Update: DAL-A.Clark has returned to the game. PENALTY on HST-C.Stover, Offensive Holding, 10 yards, enforced at HST 24.",1,10,HOU 46,60,-4,Houston Texans,Dallas Cowboys,23,27,64.6,35.4,316.0,62.0,378.0,278.0,75.0,353.0,game,Spread,Houston Texans,,-1.5,novig,-116.0,—,—,,-4,,miss,,,,—,,
2026-10-04T20:01:41.654341+00:00,nfl,2026,4,401872967,4018729673362,4,11:17,"B.Aubrey kicks 57 yards from DAL 40 to HST 3. T.Smith to HST 30 for 27 yards (S.James). ** Injury Update: DAL-A.Clark has returned to the game. PENALTY on HST-C.Stover, Offensive Holding, 10 yards, enforced at HST 24.",1,10,HOU 46,60,-4,Houston Texans,Dallas Cowboys,23,27,64.6,35.4,316.0,62.0,378.0,278.0,75.0,353.0,game,Total,Over,,54.5,betfair,-119.0,—,—,,50.0,,miss,,,,—,,
2026-10-04T20:01:41.654341+00:00,nfl,2026,4,401872967,4018729673362,4,11:17,"B.Aubrey kicks 57 yards from DAL 40 to HST 3. T.Smith to HST 30 for 27 yards (S.James). ** Injury Update: DAL-A.Clark has returned to the game. PENALTY on HST-C.Stover, Offensive Holding, 10 yards, enforced at HST 24.",1,10,HOU 46,60,-4,Houston Texans,Dallas Cowboys,23,27,64.6,35.4,316.0,62.0,378.0,278.0,75.0,353.0,game,Total,,,54.5,,,—,—,,50.0,,hit,,,,—,,
2026-10-04T20:01:41.654341+00:00,nfl,2026,4,401872967,4018729673362,4,11:17,"B.Aubrey kicks 57 yards from DAL 40 to HST 3. T.Smith to HST 30 for 27 yards (S.James). ** Injury Update: DAL-A.Clark has returned to the game. PENALTY on HST-C.Stover, Offensive Holding, 10 yards, enforced at HST 24.",1,10,HOU 46,60,-4,Houston Texans,Dallas Cowboys,23,27,64.6,35.4,316.0,62.0,378.0,278.0,75.0,353.0,game,ML,Dallas Cowboys,,,betfair,1921.0,—,—,,Win,,hit,,,,—,,
2026-10-04T20:01:41.654341+00:00,nfl,2026,4,401872967,4018729673362,4,11:17,"B.Aubrey kicks 57 yards from DAL 40 to HST 3. T.Smith to HST 30 for 27 yards (S.James). ** Injury Update: DAL-A.Clark has returned to the game. PENALTY on HST-C.Stover, Offensive Holding, 10 yards, enforced at HST 24.",1,10,HOU 46,60,-4,Houston Texans,Dallas Cowboys,23,27,64.6,35.4,316.0,62.0,378.0,278.0,75.0,353.0,game,ML,Houston Texans,,,stn,-130.0,—,—,,Loss,,miss,,,,—,,
2026-10-04T20:01:41.654341+00:00,nfl,2026,4,401872967,4018729673408,4,11:10,"B.Fisher reported in as eligible.  C.Stroud pass deep right to K.Boutte ran ob at HST 35 for 21 yards.Dallas challenged the pass completion ruling, and the play was Upheld. The ruling on the field stands. (Timeout #1.)",1,10,HOU 14,14,-4,Houston Texans,Dallas Cowboys,23,27,64.6,35.4,316.0,62.0,378.0,278.0,75.0,353.0,game,Spread,Dallas Cowboys,,1.5,kalshi,-113.0,—,—,,-4,,hit,,,,—,,
2026-10-04T20:01:41.654341+00:00,nfl,2026,4,401872967,4018729673408,4,11:10,"B.Fisher reported in as eligible.  C.Stroud pass deep right to K.Boutte ran ob at HST 35 for 21 yards.Dallas challenged the pass completion ruling, and the play was Upheld. The ruling on the field stands. (Timeout #1.)",1,10,HOU 14,14,-4,Houston Texans,Dallas Cowboys,23,27,64.6,35.4,316.0,62.0,378.0,278.0,75.0,353.0,game,Spread,Houston Texans,,-1.5,novig,-116.0,—,—,,-4,,miss,,,,—,,
2026-10-04T20:01:41.654341+00:00,nfl,2026,4,401872967,4018729673408,4,11:10,"B.Fisher reported in as eligible.  C.Stroud pass deep right to K.Boutte ran ob at HST 35 for 21 yards.Dallas challenged the pass completion ruling, and the play was Upheld. The ruling on the field stands. (Timeout #1.)",1,10,HOU 14,14,-4,Houston Texans,Dallas Cowboys,23,27,64.6,35.4,316.0,62.0,378.0,278.0,75.0,353.0,game,Total,Over,,54.5,betfair,-119.0,—,—,,50.0,,miss,,,,—,,
2026-10-04T20:01:41.654341+00:00,nfl,2026,4,401872967,4018729673408,4,11:10,"B.Fisher reported in as eligible.  C.Stroud pass deep right to K.Boutte ran ob at HST 35 for 21 yards.Dallas challenged the pass completion ruling, and the play was Upheld. The ruling on the field stands. (Timeout #1.)",1,10,HOU 14,14,-4,Houston Texans,Dallas Cowboys,23,27,64.6,35.4,316.0,62.0,378.0,278.0,75.0,353.0,game,Total,,,54.5,,,—,—,,50.0,,hit,,,,—,,
2026-10-04T20:01:41.654341+00:00,nfl,2026,4,401872967,4018729673408,4,11:10,"B.Fisher reported in as eligible.  C.Stroud pass deep right to K.Boutte ran ob at HST 35 for 21 yards.Dallas challenged the pass completion ruling, and the play was Upheld. The ruling on the field stands. (Timeout #1.)",1,10,HOU 14,14,-4,Houston Texans,Dallas Cowboys,23,27,64.6,35.4,316.0,62.0,378.0,278.0,75.0,353.0,game,ML,Dallas Cowboys,,,betfair,1921.0,—,—,,Win,,hit,,,,—,,
2026-10-04T20:01:41.654341+00:00,nfl,2026,4,401872967,4018729673408,4,11:10,"B.Fisher reported in as eligible.  C.Stroud pass deep right to K.Boutte ran ob at HST 35 for 21 yards.Dallas challenged the pass completion ruling, and the play was Upheld. The ruling on the field stands. (Timeout #1.)",1,10,HOU 14,14,-4,Houston Texans,Dallas Cowboys,23,27,64.6,35.4,316.0,62.0,378.0,278.0,75.0,353.0,game,ML,Houston Texans,,,stn,-130.0,—,—,,Loss,,miss,,,,—,,
2026-10-04T20:01:41.654341+00:00,nfl,2026,4,401872967,4018729673449,4,10:53,Official Timeout at 10:53.,1,10,HOU 35,35,-4,Houston Texans,Dallas Cowboys,23,27,64.6,35.4,316.0,62.0,378.0,278.0,75.0,353.0,game,Spread,Dallas Cowboys,,1.5,kalshi,-113.0,—,—,,-4,,hit,,,,—,,
2026-10-04T20:01:41.654341+00:00,nfl,2026,4,401872967,4018729673449,4,10:53,Official Timeout at 10:53.,1,10,HOU 35,35,-4,Houston Texans,Dallas Cowboys,23,27,64.6,35.4,316.0,62.0,378.0,278.0,75.0,353.0,game,Spread,Houston Texans,,-1.5,novig,-116.0,—,—,,-4,,miss,,,,—,,
2026-10-04T20:01:41.654341+00:00,nfl,2026,4,401872967,4018729673449,4,10:53,Official Timeout at 10:53.,1,10,HOU 35,35,-4,Houston Texans,Dallas Cowboys,23,27,64.6,35.4,316.0,62.0,378.0,278.0,75.0,353.0,game,Total,Over,,54.5,betfair,-119.0,—,—,,50.0,,miss,,,,—,,
2026-10-04T20:01:41.654341+00:00,nfl,2026,4,401872967,4018729673449,4,10:53,Official Timeout at 10:53.,1,10,HOU 35,35,-4,Houston Texans,Dallas Cowboys,23,27,64.6,35.4,316.0,62.0,378.0,278.0,75.0,353.0,game,Total,,,54.5,,,—,—,,50.0,,hit,,,,—,,
2026-10-04T20:01:41.654341+00:00,nfl,2026,4,401872967,4018729673449,4,10:53,Official Timeout at 10:53.,1,10,HOU 35,35,-4,Houston Texans,Dallas Cowboys,23,27,64.6,35.4,316.0,62.0,378.0,278.0,75.0,353.0,game,ML,Dallas Cowboys,,,betfair,1921.0,—,—,,Win,,hit,,,,—,,
2026-10-04T20:01:41.654341+00:00,nfl,2026,4,401872967,4018729673449,4,10:53,Official Timeout at 10:53.,1,10,HOU 35,35,-4,Houston Texans,Dallas Cowboys,23,27,64.6,35.4,316.0,62.0,378.0,278.0,75.0,353.0,game,ML,Houston Texans,,,stn,-130.0,—,—,,Loss,,miss,,,,—,,
2026-10-04T20:01:41.654341+00:00,nfl,2026,4,401872967,4018729673490,4,10:53,(Shotgun) D.Montgomery right guard to HST 40 for 5 yards (M.Lawrence).,1,10,HOU 35,35,-4,Houston Texans,Dallas Cowboys,23,27,64.6,35.4,316.0,62.0,378.0,278.0,75.0,353.0,game,Spread,Dallas Cowboys,,1.5,kalshi,-113.0,—,—,,-4,,hit,,,,—,,
2026-10-04T20:01:41.654341+00:00,nfl,2026,4,401872967,4018729673490,4,10:53,(Shotgun) D.Montgomery right guard to HST 40 for 5 yards (M.Lawrence).,1,10,HOU 35,35,-4,Houston Texans,Dallas Cowboys,23,27,64.6,35.4,316.0,62.0,378.0,278.0,75.0,353.0,game,Spread,Houston Texans,,-1.5,novig,-116.0,—,—,,-4,,miss,,,,—,,
2026-10-04T20:01:41.654341+00:00,nfl,2026,4,401872967,4018729673490,4,10:53,(Shotgun) D.Montgomery right guard to HST 40 for 5 yards (M.Lawrence).,1,10,HOU 35,35,-4,Houston Texans,Dallas Cowboys,23,27,64.6,35.4,316.0,62.0,378.0,278.0,75.0,353.0,game,Total,Over,,54.5,betfair,-119.0,—,—,,50.0,,miss,,,,—,,
2026-10-04T20:01:41.654341+00:00,nfl,2026,4,401872967,4018729673490,4,10:53,(Shotgun) D.Montgomery right guard to HST 40 for 5 yards (M.Lawrence).,1,10,HOU 35,35,-4,Houston Texans,Dallas Cowboys,23,27,64.6,35.4,316.0,62.0,378.0,278.0,75.0,353.0,game,Total,,,54.5,,,—,—,,50.0,,hit,,,,—,,
2026-10-04T20:01:41.654341+00:00,nfl,2026,4,401872967,4018729673490,4,10:53,(Shotgun) D.Montgomery right guard to HST 40 for 5 yards (M.Lawrence).,1,10,HOU 35,35,-4,Houston Texans,Dallas Cowboys,23,27,64.6,35.4,316.0,62.0,378.0,278.0,75.0,353.0,game,ML,Dallas Cowboys,,,betfair,1921.0,—,—,,Win,,hit,,,,—,,
2026-10-04T20:01:41.654341+00:00,nfl,2026,4,401872967,4018729673490,4,10:53,(Shotgun) D.Montgomery right guard to HST 40 for 5 yards (M.Lawrence).,1,10,HOU 35,35,-4,Houston Texans,Dallas Cowboys,23,27,64.6,35.4,316.0,62.0,378.0,278.0,75.0,353.0,game,ML,Houston Texans,,,stn,-130.0,—,—,,Loss,,miss,,,,—,,
2026-10-04T20:01:41.654341+00:00,nfl,2026,4,401872967,4018729673524,4,10:10,(Shotgun) B.Fisher reported in as eligible.  D.Montgomery up the middle to HST 42 for 2 yards (D.Ezeiruaku; D.Winters).,2,5,HOU 40,40,-4,Houston Texans,Dallas Cowboys,23,27,64.6,35.4,316.0,62.0,378.0,278.0,75.0,353.0,game,Spread,Dallas Cowboys,,1.5,kalshi,-113.0,—,—,,-4,,hit,,,,—,,
2026-10-04T20:01:41.654341+00:00,nfl,2026,4,401872967,4018729673524,4,10:10,(Shotgun) B.Fisher reported in as eligible.  D.Montgomery up the middle to HST 42 for 2 yards (D.Ezeiruaku; D.Winters).,2,5,HOU 40,40,-4,Houston Texans,Dallas Cowboys,23,27,64.6,35.4,316.0,62.0,378.0,278.0,75.0,353.0,game,Spread,Houston Texans,,-1.5,novig,-116.0,—,—,,-4,,miss,,,,—,,
2026-10-04T20:01:41.654341+00:00,nfl,2026,4,401872967,4018729673524,4,10:10,(Shotgun) B.Fisher reported in as eligible.  D.Montgomery up the middle to HST 42 for 2 yards (D.Ezeiruaku; D.Winters).,2,5,HOU 40,40,-4,Houston Texans,Dallas Cowboys,23,27,64.6,35.4,316.0,62.0,378.0,278.0,75.0,353.0,game,Total,Over,,54.5,betfair,-119.0,—,—,,50.0,,miss,,,,—,,
2026-10-04T20:01:41.654341+00:00,nfl,2026,4,401872967,4018729673524,4,10:10,(Shotgun) B.Fisher reported in as eligible.  D.Montgomery up the middle to HST 42 for 2 yards (D.Ezeiruaku; D.Winters).,2,5,HOU 40,40,-4,Houston Texans,Dallas Cowboys,23,27,64.6,35.4,316.0,62.0,378.0,278.0,75.0,353.0,game,Total,,,54.5,,,—,—,,50.0,,hit,,,,—,,
2026-10-04T20:01:41.654341+00:00,nfl,2026,4,401872967,4018729673524,4,10:10,(Shotgun) B.Fisher reported in as eligible.  D.Montgomery up the middle to HST 42 for 2 yards (D.Ezeiruaku; D.Winters).,2,5,HOU 40,40,-4,Houston Texans,Dallas Cowboys,23,27,64.6,35.4,316.0,62.0,378.0,278.0,75.0,353.0,game,ML,Dallas Cowboys,,,betfair,1921.0,—,—,,Win,,hit,,,,—,,
2026-10-04T20:01:41.654341+00:00,nfl,2026,4,401872967,4018729673524,4,10:10,(Shotgun) B.Fisher reported in as eligible.  D.Montgomery up the middle to HST 42 for 2 yards (D.Ezeiruaku; D.Winters).,2,5,HOU 40,40,-4,Houston Texans,Dallas Cowboys,23,27,64.6,35.4,316.0,62.0,378.0,278.0,75.0,353.0,game,ML,Houston Texans,,,stn,-130.0,—,—,,Loss,,miss,,,,—,,
2026-10-04T20:01:41.654341+00:00,nfl,2026,4,401872967,4018729673548,4,9:31,(Shotgun) C.Stroud sacked at HST 31 for -11 yards (Q.Williams).,3,3,HOU 42,42,-4,Houston Texans,Dallas Cowboys,23,27,64.6,35.4,316.0,62.0,378.0,278.0,75.0,353.0,game,Spread,Dallas Cowboys,,1.5,kalshi,-113.0,—,—,,-4,,hit,,,,—,,
2026-10-04T20:01:41.654341+00:00,nfl,2026,4,401872967,4018729673548,4,9:31,(Shotgun) C.Stroud sacked at HST 31 for -11 yards (Q.Williams).,3,3,HOU 42,42,-4,Houston Texans,Dallas Cowboys,23,27,64.6,35.4,316.0,62.0,378.0,278.0,75.0,353.0,game,Spread,Houston Texans,,-1.5,novig,-116.0,—,—,,-4,,miss,,,,—,,
2026-10-04T20:01:41.654341+00:00,nfl,2026,4,401872967,4018729673548,4,9:31,(Shotgun) C.Stroud sacked at HST 31 for -11 yards (Q.Williams).,3,3,HOU 42,42,-4,Houston Texans,Dallas Cowboys,23,27,64.6,35.4,316.0,62.0,378.0,278.0,75.0,353.0,game,Total,Over,,54.5,betfair,-119.0,—,—,,50.0,,miss,,,,—,,
2026-10-04T20:01:41.654341+00:00,nfl,2026,4,401872967,4018729673548,4,9:31,(Shotgun) C.Stroud sacked at HST 31 for -11 yards (Q.Williams).,3,3,HOU 42,42,-4,Houston Texans,Dallas Cowboys,23,27,64.6,35.4,316.0,62.0,378.0,278.0,75.0,353.0,game,Total,,,54.5,,,—,—,,50.0,,hit,,,,—,,
2026-10-04T20:01:41.654341+00:00,nfl,2026,4,401872967,4018729673548,4,9:31,(Shotgun) C.Stroud sacked at HST 31 for -11 yards (Q.Williams).,3,3,HOU 42,42,-4,Houston Texans,Dallas Cowboys,23,27,64.6,35.4,316.0,62.0,378.0,278.0,75.0,353.0,game,ML,Dallas Cowboys,,,betfair,1921.0,—,—,,Win,,hit,,,,—,,
2026-10-04T20:01:41.654341+00:00,nfl,2026,4,401872967,4018729673548,4,9:31,(Shotgun) C.Stroud sacked at HST 31 for -11 yards (Q.Williams).,3,3,HOU 42,42,-4,Houston Texans,Dallas Cowboys,23,27,64.6,35.4,316.0,62.0,378.0,278.0,75.0,353.0,game,ML,Houston Texans,,,stn,-130.0,—,—,,Loss,,miss,,,,—,,
2026-10-04T20:01:41.654341+00:00,nfl,2026,4,401872967,4018729673568,4,8:51,"K.Kroeger punts 52 yards to DAL 17, Center-A.Brinkman. K.Turpin pushed ob at DAL 31 for 14 yards (F.Moreau).",4,14,HOU 31,31,-4,Houston Texans,Dallas Cowboys,23,27,64.6,35.4,316.0,62.0,378.0,278.0,75.0,353.0,game,Spread,Dallas Cowboys,,1.5,kalshi,-113.0,—,—,,-4,,hit,,,,—,,
2026-10-04T20:01:41.654341+00:00,nfl,2026,4,401872967,4018729673568,4,8:51,"K.Kroeger punts 52 yards to DAL 17, Center-A.Brinkman. K.Turpin pushed ob at DAL 31 for 14 yards (F.Moreau).",4,14,HOU 31,31,-4,Houston Texans,Dallas Cowboys,23,27,64.6,35.4,316.0,62.0,378.0,278.0,75.0,353.0,game,Spread,Houston Texans,,-1.5,novig,-116.0,—,—,,-4,,miss,,,,—,,
2026-10-04T20:01:41.654341+00:00,nfl,2026,4,401872967,4018729673568,4,8:51,"K.Kroeger punts 52 yards to DAL 17, Center-A.Brinkman. K.Turpin pushed ob at DAL 31 for 14 yards (F.Moreau).",4,14,HOU 31,31,-4,Houston Texans,Dallas Cowboys,23,27,64.6,35.4,316.0,62.0,378.0,278.0,75.0,353.0,game,Total,Over,,54.5,betfair,-119.0,—,—,,50.0,,miss,,,,—,,
2026-10-04T20:01:41.654341+00:00,nfl,2026,4,401872967,4018729673568,4,8:51,"K.Kroeger punts 52 yards to DAL 17, Center-A.Brinkman. K.Turpin pushed ob at DAL 31 for 14 yards (F.Moreau).",4,14,HOU 31,31,-4,Houston Texans,Dallas Cowboys,23,27,64.6,35.4,316.0,62.0,378.0,278.0,75.0,353.0,game,Total,,,54.5,,,—,—,,50.0,,hit,,,,—,,
2026-10-04T20:01:41.654341+00:00,nfl,2026,4,401872967,4018729673568,4,8:51,"K.Kroeger punts 52 yards to DAL 17, Center-A.Brinkman. K.Turpin pushed ob at DAL 31 for 14 yards (F.Moreau).",4,14,HOU 31,31,-4,Houston Texans,Dallas Cowboys,23,27,64.6,35.4,316.0,62.0,378.0,278.0,75.0,353.0,game,ML,Dallas Cowboys,,,betfair,1921.0,—,—,,Win,,hit,,,,—,,
2026-10-04T20:01:41.654341+00:00,nfl,2026,4,401872967,4018729673568,4,8:51,"K.Kroeger punts 52 yards to DAL 17, Center-A.Brinkman. K.Turpin pushed ob at DAL 31 for 14 yards (F.Moreau).",4,14,HOU 31,31,-4,Houston Texans,Dallas Cowboys,23,27,64.6,35.4,316.0,62.0,378.0,278.0,75.0,353.0,game,ML,Houston Texans,,,stn,-130.0,—,—,,Loss,,miss,,,,—,,
2026-10-04T20:01:41.654341+00:00,nfl,2026,4,401872967,4018729673584,4,8:40,Official Timeout at 08:40.,1,10,DAL 31,69,-4,Houston Texans,Dallas Cowboys,23,27,64.6,35.4,316.0,62.0,378.0,278.0,75.0,353.0,game,Spread,Dallas Cowboys,,1.5,kalshi,-113.0,—,—,,-4,,hit,,,,—,,
2026-10-04T20:01:41.654341+00:00,nfl,2026,4,401872967,4018729673584,4,8:40,Official Timeout at 08:40.,1,10,DAL 31,69,-4,Houston Texans,Dallas Cowboys,23,27,64.6,35.4,316.0,62.0,378.0,278.0,75.0,353.0,game,Spread,Houston Texans,,-1.5,novig,-116.0,—,—,,-4,,miss,,,,—,,
2026-10-04T20:01:41.654341+00:00,nfl,2026,4,401872967,4018729673584,4,8:40,Official Timeout at 08:40.,1,10,DAL 31,69,-4,Houston Texans,Dallas Cowboys,23,27,64.6,35.4,316.0,62.0,378.0,278.0,75.0,353.0,game,Total,Over,,54.5,betfair,-119.0,—,—,,50.0,,miss,,,,—,,
2026-10-04T20:01:41.654341+00:00,nfl,2026,4,401872967,4018729673584,4,8:40,Official Timeout at 08:40.,1,10,DAL 31,69,-4,Houston Texans,Dallas Cowboys,23,27,64.6,35.4,316.0,62.0,378.0,278.0,75.0,353.0,game,Total,,,54.5,,,—,—,,50.0,,hit,,,,—,,
2026-10-04T20:01:41.654341+00:00,nfl,2026,4,401872967,4018729673584,4,8:40,Official Timeout at 08:40.,1,10,DAL 31,69,-4,Houston Texans,Dallas Cowboys,23,27,64.6,35.4,316.0,62.0,378.0,278.0,75.0,353.0,game,ML,Dallas Cowboys,,,betfair,1921.0,—,—,,Win,,hit,,,,—,,
2026-10-04T20:01:41.654341+00:00,nfl,2026,4,401872967,4018729673584,4,8:40,Official Timeout at 08:40.,1,10,DAL 31,69,-4,Houston Texans,Dallas Cowboys,23,27,64.6,35.4,316.0,62.0,378.0,278.0,75.0,353.0,game,ML,Houston Texans,,,stn,-130.0,—,—,,Loss,,miss,,,,—,,
2026-10-04T20:01:41.654341+00:00,nfl,2026,4,401872967,4018729673599,4,8:40,(Shotgun) J.Williams right guard to DAL 33 for 2 yards (J.Hansen; R.Blankenship).,1,10,DAL 31,69,-4,Houston Texans,Dallas Cowboys,23,27,64.6,35.4,316.0,62.0,378.0,278.0,75.0,353.0,game,Spread,Dallas Cowboys,,1.5,kalshi,-113.0,—,—,,-4,,hit,,,,—,,
2026-10-04T20:01:41.654341+00:00,nfl,2026,4,401872967,4018729673599,4,8:40,(Shotgun) J.Williams right guard to DAL 33 for 2 yards (J.Hansen; R.Blankenship).,1,10,DAL 31,69,-4,Houston Texans,Dallas Cowboys,23,27,64.6,35.4,316.0,62.0,378.0,278.0,75.0,353.0,game,Spread,Houston Texans,,-1.5,novig,-116.0,—,—,,-4,,miss,,,,—,,
2026-10-04T20:01:41.654341+00:00,nfl,2026,4,401872967,4018729673599,4,8:40,(Shotgun) J.Williams right guard to DAL 33 for 2 yards (J.Hansen; R.Blankenship).,1,10,DAL 31,69,-4,Houston Texans,Dallas Cowboys,23,27,64.6,35.4,316.0,62.0,378.0,278.0,75.0,353.0,game,Total,Over,,54.5,betfair,-119.0,—,—,,50.0,,miss,,,,—,,
2026-10-04T20:01:41.654341+00:00,nfl,2026,4,401872967,4018729673599,4,8:40,(Shotgun) J.Williams right guard to DAL 33 for 2 yards (J.Hansen; R.Blankenship).,1,10,DAL 31,69,-4,Houston Texans,Dallas Cowboys,23,27,64.6,35.4,316.0,62.0,378.0,278.0,75.0,353.0,game,Total,,,54.5,,,—,—,,50.0,,hit,,,,—,,
2026-10-04T20:01:41.654341+00:00,nfl,2026,4,401872967,4018729673599,4,8:40,(Shotgun) J.Williams right guard to DAL 33 for 2 yards (J.Hansen; R.Blankenship).,1,10,DAL 31,69,-4,Houston Texans,Dallas Cowboys,23,27,64.6,35.4,316.0,62.0,378.0,278.0,75.0,353.0,game,ML,Dallas Cowboys,,,betfair,1921.0,—,—,,Win,,hit,,,,—,,
2026-10-04T20:01:41.654341+00:00,nfl,2026,4,401872967,4018729673599,4,8:40,(Shotgun) J.Williams right guard to DAL 33 for 2 yards (J.Hansen; R.Blankenship).,1,10,DAL 31,69,-4,Houston Texans,Dallas Cowboys,23,27,64.6,35.4,316.0,62.0,378.0,278.0,75.0,353.0,game,ML,Houston Texans,,,stn,-130.0,—,—,,Loss,,miss,,,,—,,
2026-10-04T20:01:41.654341+00:00,nfl,2026,4,401872967,4018729673628,4,8:00,D.Prescott pass incomplete short left to B.Spann-Ford.,2,8,DAL 33,67,-4,Houston Texans,Dallas Cowboys,23,27,64.6,35.4,316.0,62.0,378.0,278.0,75.0,353.0,game,Spread,Dallas Cowboys,,1.5,kalshi,-113.0,—,—,,-4,,hit,,,,—,,
2026-10-04T20:01:41.654341+00:00,nfl,2026,4,401872967,4018729673628,4,8:00,D.Prescott pass incomplete short left to B.Spann-Ford.,2,8,DAL 33,67,-4,Houston Texans,Dallas Cowboys,23,27,64.6,35.4,316.0,62.0,378.0,278.0,75.0,353.0,game,Spread,Houston Texans,,-1.5,novig,-116.0,—,—,,-4,,miss,,,,—,,
2026-10-04T20:01:41.654341+00:00,nfl,2026,4,401872967,4018729673628,4,8:00,D.Prescott pass incomplete short left to B.Spann-Ford.,2,8,DAL 33,67,-4,Houston Texans,Dallas Cowboys,23,27,64.6,35.4,316.0,62.0,378.0,278.0,75.0,353.0,game,Total,Over,,54.5,betfair,-119.0,—,—,,50.0,,miss,,,,—,,
2026-10-04T20:01:41.654341+00:00,nfl,2026,4,401872967,4018729673628,4,8:00,D.Prescott pass incomplete short left to B.Spann-Ford.,2,8,DAL 33,67,-4,Houston Texans,Dallas Cowboys,23,27,64.6,35.4,316.0,62.0,378.0,278.0,75.0,353.0,game,Total,,,54.5,,,—,—,,50.0,,hit,,,,—,,
2026-10-04T20:01:41.654341+00:00,nfl,2026,4,401872967,4018729673628,4,8:00,D.Prescott pass incomplete short left to B.Spann-Ford.,2,8,DAL 33,67,-4,Houston Texans,Dallas Cowboys,23,27,64.6,35.4,316.0,62.0,378.0,278.0,75.0,353.0,game,ML,Dallas Cowboys,,,betfair,1921.0,—,—,,Win,,hit,,,,—,,
2026-10-04T20:01:41.654341+00:00,nfl,2026,4,401872967,4018729673628,4,8:00,D.Prescott pass incomplete short left to B.Spann-Ford.,2,8,DAL 33,67,-4,Houston Texans,Dallas Cowboys,23,27,64.6,35.4,316.0,62.0,378.0,278.0,75.0,353.0,game,ML,Houston Texans,,,stn,-130.0,—,—,,Loss,,miss,,,,—,,
2026-10-04T20:01:41.654341+00:00,nfl,2026,4,401872967,4018729673651,4,7:55,(Shotgun) D.Prescott pass short middle to H.Luepke to DAL 35 for 2 yards (J.Pitre) [W.Anderson].,3,8,DAL 33,67,-4,Houston Texans,Dallas Cowboys,23,27,64.6,35.4,316.0,62.0,378.0,278.0,75.0,353.0,game,Spread,Dallas Cowboys,,1.5,kalshi,-113.0,—,—,,-4,,hit,,,,—,,
2026-10-04T20:01:41.654341+00:00,nfl,2026,4,401872967,4018729673651,4,7:55,(Shotgun) D.Prescott pass short middle to H.Luepke to DAL 35 for 2 yards (J.Pitre) [W.Anderson].,3,8,DAL 33,67,-4,Houston Texans,Dallas Cowboys,23,27,64.6,35.4,316.0,62.0,378.0,278.0,75.0,353.0,game,Spread,Houston Texans,,-1.5,novig,-116.0,—,—,,-4,,miss,,,,—,,
2026-10-04T20:01:41.654341+00:00,nfl,2026,4,401872967,4018729673651,4,7:55,(Shotgun) D.Prescott pass short middle to H.Luepke to DAL 35 for 2 yards (J.Pitre) [W.Anderson].,3,8,DAL 33,67,-4,Houston Texans,Dallas Cowboys,23,27,64.6,35.4,316.0,62.0,378.0,278.0,75.0,353.0,game,Total,Over,,54.5,betfair,-119.0,—,—,,50.0,,miss,,,,—,,
2026-10-04T20:01:41.654341+00:00,nfl,2026,4,401872967,4018729673651,4,7:55,(Shotgun) D.Prescott pass short middle to H.Luepke to DAL 35 for 2 yards (J.Pitre) [W.Anderson].,3,8,DAL 33,67,-4,Houston Texans,Dallas Cowboys,23,27,64.6,35.4,316.0,62.0,378.0,278.0,75.0,353.0,game,Total,,,54.5,,,—,—,,50.0,,hit,,,,—,,
2026-10-04T20:01:41.654341+00:00,nfl,2026,4,401872967,4018729673651,4,7:55,(Shotgun) D.Prescott pass short middle to H.Luepke to DAL 35 for 2 yards (J.Pitre) [W.Anderson].,3,8,DAL 33,67,-4,Houston Texans,Dallas Cowboys,23,27,64.6,35.4,316.0,62.0,378.0,278.0,75.0,353.0,game,ML,Dallas Cowboys,,,betfair,1921.0,—,—,,Win,,hit,,,,—,,
2026-10-04T20:01:41.654341+00:00,nfl,2026,4,401872967,4018729673651,4,7:55,(Shotgun) D.Prescott pass short middle to H.Luepke to DAL 35 for 2 yards (J.Pitre) [W.Anderson].,3,8,DAL 33,67,-4,Houston Texans,Dallas Cowboys,23,27,64.6,35.4,316.0,62.0,378.0,278.0,75.0,353.0,game,ML,Houston Texans,,,stn,-130.0,—,—,,Loss,,miss,,,,—,,
2026-10-04T20:01:41.654341+00:00,nfl,2026,4,401872967,4018729673676,4,7:08,"B.Anger punts 60 yards to HST 5, Center-T.Sieg. J.Noel to HST 13 for 8 yards (H.Luepke; B.Spann-Ford).",4,6,DAL 35,65,-4,Houston Texans,Dallas Cowboys,23,27,64.6,35.4,316.0,62.0,378.0,278.0,75.0,353.0,game,Spread,Dallas Cowboys,,1.5,kalshi,-113.0,—,—,,-4,,hit,,,,—,,
2026-10-04T20:01:41.654341+00:00,nfl,2026,4,401872967,4018729673676,4,7:08,"B.Anger punts 60 yards to HST 5, Center-T.Sieg. J.Noel to HST 13 for 8 yards (H.Luepke; B.Spann-Ford).",4,6,DAL 35,65,-4,Houston Texans,Dallas Cowboys,23,27,64.6,35.4,316.0,62.0,378.0,278.0,75.0,353.0,game,Spread,Houston Texans,,-1.5,novig,-116.0,—,—,,-4,,miss,,,,—,,
2026-10-04T20:01:41.654341+00:00,nfl,2026,4,401872967,4018729673676,4,7:08,"B.Anger punts 60 yards to HST 5, Center-T.Sieg. J.Noel to HST 13 for 8 yards (H.Luepke; B.Spann-Ford).",4,6,DAL 35,65,-4,Houston Texans,Dallas Cowboys,23,27,64.6,35.4,316.0,62.0,378.0,278.0,75.0,353.0,game,Total,Over,,54.5,betfair,-119.0,—,—,,50.0,,miss,,,,—,,
2026-10-04T20:01:41.654341+00:00,nfl,2026,4,401872967,4018729673676,4,7:08,"B.Anger punts 60 yards to HST 5, Center-T.Sieg. J.Noel to HST 13 for 8 yards (H.Luepke; B.Spann-Ford).",4,6,DAL 35,65,-4,Houston Texans,Dallas Cowboys,23,27,64.6,35.4,316.0,62.0,378.0,278.0,75.0,353.0,game,Total,,,54.5,,,—,—,,50.0,,hit,,,,—,,
2026-10-04T20:01:41.654341+00:00,nfl,2026,4,401872967,4018729673676,4,7:08,"B.Anger punts 60 yards to HST 5, Center-T.Sieg. J.Noel to HST 13 for 8 yards (H.Luepke; B.Spann-Ford).",4,6,DAL 35,65,-4,Houston Texans,Dallas Cowboys,23,27,64.6,35.4,316.0,62.0,378.0,278.0,75.0,353.0,game,ML,Dallas Cowboys,,,betfair,1921.0,—,—,,Win,,hit,,,,—,,
2026-10-04T20:01:41.654341+00:00,nfl,2026,4,401872967,4018729673676,4,7:08,"B.Anger punts 60 yards to HST 5, Center-T.Sieg. J.Noel to HST 13 for 8 yards (H.Luepke; B.Spann-Ford).",4,6,DAL 35,65,-4,Houston Texans,Dallas Cowboys,23,27,64.6,35.4,316.0,62.0,378.0,278.0,75.0,353.0,game,ML,Houston Texans,,,stn,-130.0,—,—,,Loss,,miss,,,,—,,
2026-10-04T20:01:41.654341+00:00,nfl,2026,4,401872967,4018729673702,4,6:55,"B.Fisher reported in as eligible.  PENALTY on HST-K.Rutledge, False Start, 5 yards, enforced at HST 13 - No Play.",1,10,HOU 13,13,-4,Houston Texans,Dallas Cowboys,23,27,64.6,35.4,316.0,62.0,378.0,278.0,75.0,353.0,game,Spread,Dallas Cowboys,,1.5,kalshi,-113.0,—,—,,-4,,hit,,,,—,,
2026-10-04T20:01:41.654341+00:00,nfl,2026,4,401872967,4018729673702,4,6:55,"B.Fisher reported in as eligible.  PENALTY on HST-K.Rutledge, False Start, 5 yards, enforced at HST 13 - No Play.",1,10,HOU 13,13,-4,Houston Texans,Dallas Cowboys,23,27,64.6,35.4,316.0,62.0,378.0,278.0,75.0,353.0,game,Spread,Houston Texans,,-1.5,novig,-116.0,—,—,,-4,,miss,,,,—,,
2026-10-04T20:01:41.654341+00:00,nfl,2026,4,401872967,4018729673702,4,6:55,"B.Fisher reported in as eligible.  PENALTY on HST-K.Rutledge, False Start, 5 yards, enforced at HST 13 - No Play.",1,10,HOU 13,13,-4,Houston Texans,Dallas Cowboys,23,27,64.6,35.4,316.0,62.0,378.0,278.0,75.0,353.0,game,Total,Over,,54.5,betfair,-119.0,—,—,,50.0,,miss,,,,—,,
2026-10-04T20:01:41.654341+00:00,nfl,2026,4,401872967,4018729673702,4,6:55,"B.Fisher reported in as eligible.  PENALTY on HST-K.Rutledge, False Start, 5 yards, enforced at HST 13 - No Play.",1,10,HOU 13,13,-4,Houston Texans,Dallas Cowboys,23,27,64.6,35.4,316.0,62.0,378.0,278.0,75.0,353.0,game,Total,,,54.5,,,—,—,,50.0,,hit,,,,—,,
2026-10-04T20:01:41.654341+00:00,nfl,2026,4,401872967,4018729673702,4,6:55,"B.Fisher reported in as eligible.  PENALTY on HST-K.Rutledge, False Start, 5 yards, enforced at HST 13 - No Play.",1,10,HOU 13,13,-4,Houston Texans,Dallas Cowboys,23,27,64.6,35.4,316.0,62.0,378.0,278.0,75.0,353.0,game,ML,Dallas Cowboys,,,betfair,1921.0,—,—,,Win,,hit,,,,—,,
2026-10-04T20:01:41.654341+00:00,nfl,2026,4,401872967,4018729673702,4,6:55,"B.Fisher reported in as eligible.  PENALTY on HST-K.Rutledge, False Start, 5 yards, enforced at HST 13 - No Play.",1,10,HOU 13,13,-4,Houston Texans,Dallas Cowboys,23,27,64.6,35.4,316.0,62.0,378.0,278.0,75.0,353.0,game,ML,Houston Texans,,,stn,-130.0,—,—,,Loss,,miss,,,,—,,
2026-10-04T20:01:41.654341+00:00,nfl,2026,4,401872967,4018729673728,4,6:55,(Shotgun) C.Stroud pass short middle to X.Hutchinson to HST 34 for 26 yards (R.Steward).,1,15,HOU 8,8,-4,Houston Texans,Dallas Cowboys,23,27,64.6,35.4,316.0,62.0,378.0,278.0,75.0,353.0,game,Spread,Dallas Cowboys,,1.5,kalshi,-113.0,—,—,,-4,,hit,,,,—,,
2026-10-04T20:01:41.654341+00:00,nfl,2026,4,401872967,4018729673728,4,6:55,(Shotgun) C.Stroud pass short middle to X.Hutchinson to HST 34 for 26 yards (R.Steward).,1,15,HOU 8,8,-4,Houston Texans,Dallas Cowboys,23,27,64.6,35.4,316.0,62.0,378.0,278.0,75.0,353.0,game,Spread,Houston Texans,,-1.5,novig,-116.0,—,—,,-4,,miss,,,,—,,
2026-10-04T20:01:41.654341+00:00,nfl,2026,4,401872967,4018729673728,4,6:55,(Shotgun) C.Stroud pass short middle to X.Hutchinson to HST 34 for 26 yards (R.Steward).,1,15,HOU 8,8,-4,Houston Texans,Dallas Cowboys,23,27,64.6,35.4,316.0,62.0,378.0,278.0,75.0,353.0,game,Total,Over,,54.5,betfair,-119.0,—,—,,50.0,,miss,,,,—,,
2026-10-04T20:01:41.654341+00:00,nfl,2026,4,401872967,4018729673728,4,6:55,(Shotgun) C.Stroud pass short middle to X.Hutchinson to HST 34 for 26 yards (R.Steward).,1,15,HOU 8,8,-4,Houston Texans,Dallas Cowboys,23,27,64.6,35.4,316.0,62.0,378.0,278.0,75.0,353.0,game,Total,,,54.5,,,—,—,,50.0,,hit,,,,—,,
2026-10-04T20:01:41.654341+00:00,nfl,2026,4,401872967,4018729673728,4,6:55,(Shotgun) C.Stroud pass short middle to X.Hutchinson to HST 34 for 26 yards (R.Steward).,1,15,HOU 8,8,-4,Houston Texans,Dallas Cowboys,23,27,64.6,35.4,316.0,62.0,378.0,278.0,75.0,353.0,game,ML,Dallas Cowboys,,,betfair,1921.0,—,—,,Win,,hit,,,,—,,
2026-10-04T20:01:41.654341+00:00,nfl,2026,4,401872967,4018729673728,4,6:55,(Shotgun) C.Stroud pass short middle to X.Hutchinson to HST 34 for 26 yards (R.Steward).,1,15,HOU 8,8,-4,Houston Texans,Dallas Cowboys,23,27,64.6,35.4,316.0,62.0,378.0,278.0,75.0,353.0,game,ML,Houston Texans,,,stn,-130.0,—,—,,Loss,,miss,,,,—,,
2026-10-04T20:01:41.654341+00:00,nfl,2026,4,401872967,4018729673753,4,6:13,(Shotgun) C.Stroud pass short middle to K.Boutte to HST 43 for 9 yards (R.Steward).,1,10,HOU 34,34,-4,Houston Texans,Dallas Cowboys,23,27,64.6,35.4,316.0,62.0,378.0,278.0,75.0,353.0,game,Spread,Dallas Cowboys,,1.5,kalshi,-113.0,—,—,,-4,,hit,,,,—,,
2026-10-04T20:01:41.654341+00:00,nfl,2026,4,401872967,4018729673753,4,6:13,(Shotgun) C.Stroud pass short middle to K.Boutte to HST 43 for 9 yards (R.Steward).,1,10,HOU 34,34,-4,Houston Texans,Dallas Cowboys,23,27,64.6,35.4,316.0,62.0,378.0,278.0,75.0,353.0,game,Spread,Houston Texans,,-1.5,novig,-116.0,—,—,,-4,,miss,,,,—,,
2026-10-04T20:01:41.654341+00:00,nfl,2026,4,401872967,4018729673753,4,6:13,(Shotgun) C.Stroud pass short middle to K.Boutte to HST 43 for 9 yards (R.Steward).,1,10,HOU 34,34,-4,Houston Texans,Dallas Cowboys,23,27,64.6,35.4,316.0,62.0,378.0,278.0,75.0,353.0,game,Total,Over,,54.5,betfair,-119.0,—,—,,50.0,,miss,,,,—,,
2026-10-04T20:01:41.654341+00:00,nfl,2026,4,401872967,4018729673753,4,6:13,(Shotgun) C.Stroud pass short middle to K.Boutte to HST 43 for 9 yards (R.Steward).,1,10,HOU 34,34,-4,Houston Texans,Dallas Cowboys,23,27,64.6,35.4,316.0,62.0,378.0,278.0,75.0,353.0,game,Total,,,54.5,,,—,—,,50.0,,hit,,,,—,,
2026-10-04T20:01:41.654341+00:00,nfl,2026,4,401872967,4018729673753,4,6:13,(Shotgun) C.Stroud pass short middle to K.Boutte to HST 43 for 9 yards (R.Steward).,1,10,HOU 34,34,-4,Houston Texans,Dallas Cowboys,23,27,64.6,35.4,316.0,62.0,378.0,278.0,75.0,353.0,game,ML,Dallas Cowboys,,,betfair,1921.0,—,—,,Win,,hit,,,,—,,
2026-10-04T20:01:41.654341+00:00,nfl,2026,4,401872967,4018729673753,4,6:13,(Shotgun) C.Stroud pass short middle to K.Boutte to HST 43 for 9 yards (R.Steward).,1,10,HOU 34,34,-4,Houston Texans,Dallas Cowboys,23,27,64.6,35.4,316.0,62.0,378.0,278.0,75.0,353.0,game,ML,Houston Texans,,,stn,-130.0,—,—,,Loss,,miss,,,,—,,
2026-10-04T20:01:41.654341+00:00,nfl,2026,4,401872967,4018729673778,4,5:36,W.Marks right tackle to HST 42 for -1 yards (Q.Williams).,2,1,HOU 43,43,-4,Houston Texans,Dallas Cowboys,23,27,64.6,35.4,316.0,62.0,378.0,278.0,75.0,353.0,game,Spread,Dallas Cowboys,,1.5,kalshi,-113.0,—,—,,-4,,hit,,,,—,,
2026-10-04T20:01:41.654341+00:00,nfl,2026,4,401872967,4018729673778,4,5:36,W.Marks right tackle to HST 42 for -1 yards (Q.Williams).,2,1,HOU 43,43,-4,Houston Texans,Dallas Cowboys,23,27,64.6,35.4,316.0,62.0,378.0,278.0,75.0,353.0,game,Spread,Houston Texans,,-1.5,novig,-116.0,—,—,,-4,,miss,,,,—,,
2026-10-04T20:01:41.654341+00:00,nfl,2026,4,401872967,4018729673778,4,5:36,W.Marks right tackle to HST 42 for -1 yards (Q.Williams).,2,1,HOU 43,43,-4,Houston Texans,Dallas Cowboys,23,27,64.6,35.4,316.0,62.0,378.0,278.0,75.0,353.0,game,Total,Over,,54.5,betfair,-119.0,—,—,,50.0,,miss,,,,—,,
2026-10-04T20:01:41.654341+00:00,nfl,2026,4,401872967,4018729673778,4,5:36,W.Marks right tackle to HST 42 for -1 yards (Q.Williams).,2,1,HOU 43,43,-4,Houston Texans,Dallas Cowboys,23,27,64.6,35.4,316.0,62.0,378.0,278.0,75.0,353.0,game,Total,,,54.5,,,—,—,,50.0,,hit,,,,—,,
2026-10-04T20:01:41.654341+00:00,nfl,2026,4,401872967,4018729673778,4,5:36,W.Marks right tackle to HST 42 for -1 yards (Q.Williams).,2,1,HOU 43,43,-4,Houston Texans,Dallas Cowboys,23,27,64.6,35.4,316.0,62.0,378.0,278.0,75.0,353.0,game,ML,Dallas Cowboys,,,betfair,1921.0,—,—,,Win,,hit,,,,—,,
2026-10-04T20:01:41.654341+00:00,nfl,2026,4,401872967,4018729673778,4,5:36,W.Marks right tackle to HST 42 for -1 yards (Q.Williams).,2,1,HOU 43,43,-4,Houston Texans,Dallas Cowboys,23,27,64.6,35.4,316.0,62.0,378.0,278.0,75.0,353.0,game,ML,Houston Texans,,,stn,-130.0,—,—,,Loss,,miss,,,,—,,
2026-10-04T20:01:41.654341+00:00,nfl,2026,4,401872967,4018729673800,4,4:53,(Shotgun) C.Stroud pass short right to N.Collins to DAL 45 for 13 yards (R.Steward).,3,2,HOU 42,42,-4,Houston Texans,Dallas Cowboys,23,27,64.6,35.4,316.0,62.0,378.0,278.0,75.0,353.0,game,Spread,Dallas Cowboys,,1.5,kalshi,-113.0,—,—,,-4,,hit,,,,—,,
2026-10-04T20:01:41.654341+00:00,nfl,2026,4,401872967,4018729673800,4,4:53,(Shotgun) C.Stroud pass short right to N.Collins to DAL 45 for 13 yards (R.Steward).,3,2,HOU 42,42,-4,Houston Texans,Dallas Cowboys,23,27,64.6,35.4,316.0,62.0,378.0,278.0,75.0,353.0,game,Spread,Houston Texans,,-1.5,novig,-116.0,—,—,,-4,,miss,,,,—,,
2026-10-04T20:01:41.654341+00:00,nfl,2026,4,401872967,4018729673800,4,4:53,(Shotgun) C.Stroud pass short right to N.Collins to DAL 45 for 13 yards (R.Steward).,3,2,HOU 42,42,-4,Houston Texans,Dallas Cowboys,23,27,64.6,35.4,316.0,62.0,378.0,278.0,75.0,353.0,game,Total,Over,,54.5,betfair,-119.0,—,—,,50.0,,miss,,,,—,,
2026-10-04T20:01:41.654341+00:00,nfl,2026,4,401872967,4018729673800,4,4:53,(Shotgun) C.Stroud pass short right to N.Collins to DAL 45 for 13 yards (R.Steward).,3,2,HOU 42,42,-4,Houston Texans,Dallas Cowboys,23,27,64.6,35.4,316.0,62.0,378.0,278.0,75.0,353.0,game,Total,,,54.5,,,—,—,,50.0,,hit,,,,—,,
2026-10-04T20:01:41.654341+00:00,nfl,2026,4,401872967,4018729673800,4,4:53,(Shotgun) C.Stroud pass short right to N.Collins to DAL 45 for 13 yards (R.Steward).,3,2,HOU 42,42,-4,Houston Texans,Dallas Cowboys,23,27,64.6,35.4,316.0,62.0,378.0,278.0,75.0,353.0,game,ML,Dallas Cowboys,,,betfair,1921.0,—,—,,Win,,hit,,,,—,,
2026-10-04T20:01:41.654341+00:00,nfl,2026,4,401872967,4018729673800,4,4:53,(Shotgun) C.Stroud pass short right to N.Collins to DAL 45 for 13 yards (R.Steward).,3,2,HOU 42,42,-4,Houston Texans,Dallas Cowboys,23,27,64.6,35.4,316.0,62.0,378.0,278.0,75.0,353.0,game,ML,Houston Texans,,,stn,-130.0,—,—,,Loss,,miss,,,,—,,
2026-10-04T20:01:41.654341+00:00,nfl,2026,4,401872967,4018729673825,4,4:11, (Shotgun) C.Stroud pass deep right to J.Noel to DAL 23 for 22 yards (C.Downs).,1,10,DAL 45,55,-4,Houston Texans,Dallas Cowboys,23,27,64.6,35.4,316.0,62.0,378.0,278.0,75.0,353.0,game,Spread,Dallas Cowboys,,1.5,kalshi,-113.0,—,—,,-4,,hit,,,,—,,
2026-10-04T20:01:41.654341+00:00,nfl,2026,4,401872967,4018729673825,4,4:11, (Shotgun) C.Stroud pass deep right to J.Noel to DAL 23 for 22 yards (C.Downs).,1,10,DAL 45,55,-4,Houston Texans,Dallas Cowboys,23,27,64.6,35.4,316.0,62.0,378.0,278.0,75.0,353.0,game,Spread,Houston Texans,,-1.5,novig,-116.0,—,—,,-4,,miss,,,,—,,
2026-10-04T20:01:41.654341+00:00,nfl,2026,4,401872967,4018729673825,4,4:11, (Shotgun) C.Stroud pass deep right to J.Noel to DAL 23 for 22 yards (C.Downs).,1,10,DAL 45,55,-4,Houston Texans,Dallas Cowboys,23,27,64.6,35.4,316.0,62.0,378.0,278.0,75.0,353.0,game,Total,Over,,54.5,betfair,-119.0,—,—,,50.0,,miss,,,,—,,
2026-10-04T20:01:41.654341+00:00,nfl,2026,4,401872967,4018729673825,4,4:11, (Shotgun) C.Stroud pass deep right to J.Noel to DAL 23 for 22 yards (C.Downs).,1,10,DAL 45,55,-4,Houston Texans,Dallas Cowboys,23,27,64.6,35.4,316.0,62.0,378.0,278.0,75.0,353.0,game,Total,,,54.5,,,—,—,,50.0,,hit,,,,—,,
2026-10-04T20:01:41.654341+00:00,nfl,2026,4,401872967,4018729673825,4,4:11, (Shotgun) C.Stroud pass deep right to J.Noel to DAL 23 for 22 yards (C.Downs).,1,10,DAL 45,55,-4,Houston Texans,Dallas Cowboys,23,27,64.6,35.4,316.0,62.0,378.0,278.0,75.0,353.0,game,ML,Dallas Cowboys,,,betfair,1921.0,—,—,,Win,,hit,,,,—,,
2026-10-04T20:01:41.654341+00:00,nfl,2026,4,401872967,4018729673825,4,4:11, (Shotgun) C.Stroud pass deep right to J.Noel to DAL 23 for 22 yards (C.Downs).,1,10,DAL 45,55,-4,Houston Texans,Dallas Cowboys,23,27,64.6,35.4,316.0,62.0,378.0,278.0,75.0,353.0,game,ML,Houston Texans,,,stn,-130.0,—,—,,Loss,,miss,,,,—,,
2026-10-04T20:01:41.654341+00:00,nfl,2026,4,401872967,4018729673850,4,3:30,"(Shotgun) W.Marks left end to DAL 15 for 8 yards (M.Hooker).PENALTY on HST-E.Ingram, Offensive Holding, 10 yards, enforced at DAL 23 - No Play.",1,10,DAL 23,77,-4,Houston Texans,Dallas Cowboys,23,27,64.6,35.4,316.0,62.0,378.0,278.0,75.0,353.0,game,Spread,Dallas Cowboys,,1.5,kalshi,-113.0,—,—,,-4,,hit,,,,—,,
2026-10-04T20:01:41.654341+00:00,nfl,2026,4,401872967,4018729673850,4,3:30,"(Shotgun) W.Marks left end to DAL 15 for 8 yards (M.Hooker).PENALTY on HST-E.Ingram, Offensive Holding, 10 yards, enforced at DAL 23 - No Play.",1,10,DAL 23,77,-4,Houston Texans,Dallas Cowboys,23,27,64.6,35.4,316.0,62.0,378.0,278.0,75.0,353.0,game,Spread,Houston Texans,,-1.5,novig,-116.0,—,—,,-4,,miss,,,,—,,
2026-10-04T20:01:41.654341+00:00,nfl,2026,4,401872967,4018729673850,4,3:30,"(Shotgun) W.Marks left end to DAL 15 for 8 yards (M.Hooker).PENALTY on HST-E.Ingram, Offensive Holding, 10 yards, enforced at DAL 23 - No Play.",1,10,DAL 23,77,-4,Houston Texans,Dallas Cowboys,23,27,64.6,35.4,316.0,62.0,378.0,278.0,75.0,353.0,game,Total,Over,,54.5,betfair,-119.0,—,—,,50.0,,miss,,,,—,,
2026-10-04T20:01:41.654341+00:00,nfl,2026,4,401872967,4018729673850,4,3:30,"(Shotgun) W.Marks left end to DAL 15 for 8 yards (M.Hooker).PENALTY on HST-E.Ingram, Offensive Holding, 10 yards, enforced at DAL 23 - No Play.",1,10,DAL 23,77,-4,Houston Texans,Dallas Cowboys,23,27,64.6,35.4,316.0,62.0,378.0,278.0,75.0,353.0,game,Total,,,54.5,,,—,—,,50.0,,hit,,,,—,,
2026-10-04T20:01:41.654341+00:00,nfl,2026,4,401872967,4018729673850,4,3:30,"(Shotgun) W.Marks left end to DAL 15 for 8 yards (M.Hooker).PENALTY on HST-E.Ingram, Offensive Holding, 10 yards, enforced at DAL 23 - No Play.",1,10,DAL 23,77,-4,Houston Texans,Dallas Cowboys,23,27,64.6,35.4,316.0,62.0,378.0,278.0,75.0,353.0,game,ML,Dallas Cowboys,,,betfair,1921.0,—,—,,Win,,hit,,,,—,,
2026-10-04T20:01:41.654341+00:00,nfl,2026,4,401872967,4018729673850,4,3:30,"(Shotgun) W.Marks left end to DAL 15 for 8 yards (M.Hooker).PENALTY on HST-E.Ingram, Offensive Holding, 10 yards, enforced at DAL 23 - No Play.",1,10,DAL 23,77,-4,Houston Texans,Dallas Cowboys,23,27,64.6,35.4,316.0,62.0,378.0,278.0,75.0,353.0,game,ML,Houston Texans,,,stn,-130.0,—,—,,Loss,,miss,,,,—,,
2026-10-04T20:01:41.654341+00:00,nfl,2026,4,401872967,4018729673883,4,3:24,(Shotgun) C.Stroud pass short right to F.Moreau to DAL 32 for 1 yard (C.Downs).,1,20,DAL 33,67,-4,Houston Texans,Dallas Cowboys,23,27,64.6,35.4,316.0,62.0,378.0,278.0,75.0,353.0,game,Spread,Dallas Cowboys,,1.5,kalshi,-113.0,—,—,,-4,,hit,,,,—,,
2026-10-04T20:01:41.654341+00:00,nfl,2026,4,401872967,4018729673883,4,3:24,(Shotgun) C.Stroud pass short right to F.Moreau to DAL 32 for 1 yard (C.Downs).,1,20,DAL 33,67,-4,Houston Texans,Dallas Cowboys,23,27,64.6,35.4,316.0,62.0,378.0,278.0,75.0,353.0,game,Spread,Houston Texans,,-1.5,novig,-116.0,—,—,,-4,,miss,,,,—,,
2026-10-04T20:01:41.654341+00:00,nfl,2026,4,401872967,4018729673883,4,3:24,(Shotgun) C.Stroud pass short right to F.Moreau to DAL 32 for 1 yard (C.Downs).,1,20,DAL 33,67,-4,Houston Texans,Dallas Cowboys,23,27,64.6,35.4,316.0,62.0,378.0,278.0,75.0,353.0,game,Total,Over,,54.5,betfair,-119.0,—,—,,50.0,,miss,,,,—,,
2026-10-04T20:01:41.654341+00:00,nfl,2026,4,401872967,4018729673883,4,3:24,(Shotgun) C.Stroud pass short right to F.Moreau to DAL 32 for 1 yard (C.Downs).,1,20,DAL 33,67,-4,Houston Texans,Dallas Cowboys,23,27,64.6,35.4,316.0,62.0,378.0,278.0,75.0,353.0,game,Total,,,54.5,,,—,—,,50.0,,hit,,,,—,,
2026-10-04T20:01:41.654341+00:00,nfl,2026,4,401872967,4018729673883,4,3:24,(Shotgun) C.Stroud pass short right to F.Moreau to DAL 32 for 1 yard (C.Downs).,1,20,DAL 33,67,-4,Houston Texans,Dallas Cowboys,23,27,64.6,35.4,316.0,62.0,378.0,278.0,75.0,353.0,game,ML,Dallas Cowboys,,,betfair,1921.0,—,—,,Win,,hit,,,,—,,
2026-10-04T20:01:41.654341+00:00,nfl,2026,4,401872967,4018729673883,4,3:24,(Shotgun) C.Stroud pass short right to F.Moreau to DAL 32 for 1 yard (C.Downs).,1,20,DAL 33,67,-4,Houston Texans,Dallas Cowboys,23,27,64.6,35.4,316.0,62.0,378.0,278.0,75.0,353.0,game,ML,Houston Texans,,,stn,-130.0,—,—,,Loss,,miss,,,,—,,
2026-10-04T20:01:41.654341+00:00,nfl,2026,4,401872967,4018729673908,4,2:40,B.Fisher reported in as eligible.  C.Stroud pass incomplete short left to K.Boutte.,2,19,DAL 32,68,-4,Houston Texans,Dallas Cowboys,23,27,64.6,35.4,316.0,62.0,378.0,278.0,75.0,353.0,game,Spread,Dallas Cowboys,,1.5,kalshi,-113.0,—,—,,-4,,hit,,,,—,,
2026-10-04T20:01:41.654341+00:00,nfl,2026,4,401872967,4018729673908,4,2:40,B.Fisher reported in as eligible.  C.Stroud pass incomplete short left to K.Boutte.,2,19,DAL 32,68,-4,Houston Texans,Dallas Cowboys,23,27,64.6,35.4,316.0,62.0,378.0,278.0,75.0,353.0,game,Spread,Houston Texans,,-1.5,novig,-116.0,—,—,,-4,,miss,,,,—,,
2026-10-04T20:01:41.654341+00:00,nfl,2026,4,401872967,4018729673908,4,2:40,B.Fisher reported in as eligible.  C.Stroud pass incomplete short left to K.Boutte.,2,19,DAL 32,68,-4,Houston Texans,Dallas Cowboys,23,27,64.6,35.4,316.0,62.0,378.0,278.0,75.0,353.0,game,Total,Over,,54.5,betfair,-119.0,—,—,,50.0,,miss,,,,—,,
2026-10-04T20:01:41.654341+00:00,nfl,2026,4,401872967,4018729673908,4,2:40,B.Fisher reported in as eligible.  C.Stroud pass incomplete short left to K.Boutte.,2,19,DAL 32,68,-4,Houston Texans,Dallas Cowboys,23,27,64.6,35.4,316.0,62.0,378.0,278.0,75.0,353.0,game,Total,,,54.5,,,—,—,,50.0,,hit,,,,—,,
2026-10-04T20:01:41.654341+00:00,nfl,2026,4,401872967,4018729673908,4,2:40,B.Fisher reported in as eligible.  C.Stroud pass incomplete short left to K.Boutte.,2,19,DAL 32,68,-4,Houston Texans,Dallas Cowboys,23,27,64.6,35.4,316.0,62.0,378.0,278.0,75.0,353.0,game,ML,Dallas Cowboys,,,betfair,1921.0,—,—,,Win,,hit,,,,—,,
2026-10-04T20:01:41.654341+00:00,nfl,2026,4,401872967,4018729673908,4,2:40,B.Fisher reported in as eligible.  C.Stroud pass incomplete short left to K.Boutte.,2,19,DAL 32,68,-4,Houston Texans,Dallas Cowboys,23,27,64.6,35.4,316.0,62.0,378.0,278.0,75.0,353.0,game,ML,Houston Texans,,,stn,-130.0,—,—,,Loss,,miss,,,,—,,
2026-10-04T20:01:41.654341+00:00,nfl,2026,4,401872967,4018729673933,4,2:34,"(Shotgun) PENALTY on DAL-D.Ezeiruaku, Neutral Zone Infraction, 5 yards, enforced at DAL 32 - No Play.",3,19,DAL 32,68,-4,Houston Texans,Dallas Cowboys,23,27,64.6,35.4,316.0,62.0,378.0,278.0,75.0,353.0,game,Spread,Dallas Cowboys,,1.5,kalshi,-113.0,—,—,,-4,,hit,,,,—,,
2026-10-04T20:01:41.654341+00:00,nfl,2026,4,401872967,4018729673933,4,2:34,"(Shotgun) PENALTY on DAL-D.Ezeiruaku, Neutral Zone Infraction, 5 yards, enforced at DAL 32 - No Play.",3,19,DAL 32,68,-4,Houston Texans,Dallas Cowboys,23,27,64.6,35.4,316.0,62.0,378.0,278.0,75.0,353.0,game,Spread,Houston Texans,,-1.5,novig,-116.0,—,—,,-4,,miss,,,,—,,
2026-10-04T20:01:41.654341+00:00,nfl,2026,4,401872967,4018729673933,4,2:34,"(Shotgun) PENALTY on DAL-D.Ezeiruaku, Neutral Zone Infraction, 5 yards, enforced at DAL 32 - No Play.",3,19,DAL 32,68,-4,Houston Texans,Dallas Cowboys,23,27,64.6,35.4,316.0,62.0,378.0,278.0,75.0,353.0,game,Total,Over,,54.5,betfair,-119.0,—,—,,50.0,,miss,,,,—,,
2026-10-04T20:01:41.654341+00:00,nfl,2026,4,401872967,4018729673933,4,2:34,"(Shotgun) PENALTY on DAL-D.Ezeiruaku, Neutral Zone Infraction, 5 yards, enforced at DAL 32 - No Play.",3,19,DAL 32,68,-4,Houston Texans,Dallas Cowboys,23,27,64.6,35.4,316.0,62.0,378.0,278.0,75.0,353.0,game,Total,,,54.5,,,—,—,,50.0,,hit,,,,—,,
2026-10-04T20:01:41.654341+00:00,nfl,2026,4,401872967,4018729673933,4,2:34,"(Shotgun) PENALTY on DAL-D.Ezeiruaku, Neutral Zone Infraction, 5 yards, enforced at DAL 32 - No Play.",3,19,DAL 32,68,-4,Houston Texans,Dallas Cowboys,23,27,64.6,35.4,316.0,62.0,378.0,278.0,75.0,353.0,game,ML,Dallas Cowboys,,,betfair,1921.0,—,—,,Win,,hit,,,,—,,
2026-10-04T20:01:41.654341+00:00,nfl,2026,4,401872967,4018729673933,4,2:34,"(Shotgun) PENALTY on DAL-D.Ezeiruaku, Neutral Zone Infraction, 5 yards, enforced at DAL 32 - No Play.",3,19,DAL 32,68,-4,Houston Texans,Dallas Cowboys,23,27,64.6,35.4,316.0,62.0,378.0,278.0,75.0,353.0,game,ML,Houston Texans,,,stn,-130.0,—,—,,Loss,,miss,,,,—,,
2026-10-04T20:01:41.654341+00:00,nfl,2026,4,401872967,4018729673957,4,2:34,(Shotgun) C.Stroud pass short right to D.Schultz to DAL 25 for 2 yards. Lateral to D.Montgomery pushed ob at DAL 6 for 19 yards (D.Winters; A.Speed).,3,14,DAL 27,73,-4,Houston Texans,Dallas Cowboys,23,27,64.6,35.4,316.0,62.0,378.0,278.0,75.0,353.0,game,Spread,Dallas Cowboys,,1.5,kalshi,-113.0,—,—,,-4,,hit,,,,—,,
2026-10-04T20:01:41.654341+00:00,nfl,2026,4,401872967,4018729673957,4,2:34,(Shotgun) C.Stroud pass short right to D.Schultz to DAL 25 for 2 yards. Lateral to D.Montgomery pushed ob at DAL 6 for 19 yards (D.Winters; A.Speed).,3,14,DAL 27,73,-4,Houston Texans,Dallas Cowboys,23,27,64.6,35.4,316.0,62.0,378.0,278.0,75.0,353.0,game,Spread,Houston Texans,,-1.5,novig,-116.0,—,—,,-4,,miss,,,,—,,
2026-10-04T20:01:41.654341+00:00,nfl,2026,4,401872967,4018729673957,4,2:34,(Shotgun) C.Stroud pass short right to D.Schultz to DAL 25 for 2 yards. Lateral to D.Montgomery pushed ob at DAL 6 for 19 yards (D.Winters; A.Speed).,3,14,DAL 27,73,-4,Houston Texans,Dallas Cowboys,23,27,64.6,35.4,316.0,62.0,378.0,278.0,75.0,353.0,game,Total,Over,,54.5,betfair,-119.0,—,—,,50.0,,miss,,,,—,,
2026-10-04T20:01:41.654341+00:00,nfl,2026,4,401872967,4018729673957,4,2:34,(Shotgun) C.Stroud pass short right to D.Schultz to DAL 25 for 2 yards. Lateral to D.Montgomery pushed ob at DAL 6 for 19 yards (D.Winters; A.Speed).,3,14,DAL 27,73,-4,Houston Texans,Dallas Cowboys,23,27,64.6,35.4,316.0,62.0,378.0,278.0,75.0,353.0,game,Total,,,54.5,,,—,—,,50.0,,hit,,,,—,,
2026-10-04T20:01:41.654341+00:00,nfl,2026,4,401872967,4018729673957,4,2:34,(Shotgun) C.Stroud pass short right to D.Schultz to DAL 25 for 2 yards. Lateral to D.Montgomery pushed ob at DAL 6 for 19 yards (D.Winters; A.Speed).,3,14,DAL 27,73,-4,Houston Texans,Dallas Cowboys,23,27,64.6,35.4,316.0,62.0,378.0,278.0,75.0,353.0,game,ML,Dallas Cowboys,,,betfair,1921.0,—,—,,Win,,hit,,,,—,,
2026-10-04T20:01:41.654341+00:00,nfl,2026,4,401872967,4018729673957,4,2:34,(Shotgun) C.Stroud pass short right to D.Schultz to DAL 25 for 2 yards. Lateral to D.Montgomery pushed ob at DAL 6 for 19 yards (D.Winters; A.Speed).,3,14,DAL 27,73,-4,Houston Texans,Dallas Cowboys,23,27,64.6,35.4,316.0,62.0,378.0,278.0,75.0,353.0,game,ML,Houston Texans,,,stn,-130.0,—,—,,Loss,,miss,,,,—,,
2026-10-04T20:01:41.654341+00:00,nfl,2026,4,401872967,4018729673982,4,2:23,"(Shotgun) W.Marks left tackle for 6 yards, TOUCHDOWN. K.Fairbairn extra point is GOOD, Center-A.Brinkman, Holder-K.Kroeger.",1,6,DAL 6,94,3,Houston Texans,Dallas Cowboys,30,27,64.6,35.4,316.0,62.0,378.0,278.0,75.0,353.0,game,Spread,Dallas Cowboys,,1.5,kalshi,-113.0,—,—,,+3,,miss,,,,—,,
2026-10-04T20:01:41.654341+00:00,nfl,2026,4,401872967,4018729673982,4,2:23,"(Shotgun) W.Marks left tackle for 6 yards, TOUCHDOWN. K.Fairbairn extra point is GOOD, Center-A.Brinkman, Holder-K.Kroeger.",1,6,DAL 6,94,3,Houston Texans,Dallas Cowboys,30,27,64.6,35.4,316.0,62.0,378.0,278.0,75.0,353.0,game,Spread,Houston Texans,,-1.5,novig,-116.0,—,—,,+3,,hit,,,,—,,
2026-10-04T20:01:41.654341+00:00,nfl,2026,4,401872967,4018729673982,4,2:23,"(Shotgun) W.Marks left tackle for 6 yards, TOUCHDOWN. K.Fairbairn extra point is GOOD, Center-A.Brinkman, Holder-K.Kroeger.",1,6,DAL 6,94,3,Houston Texans,Dallas Cowboys,30,27,64.6,35.4,316.0,62.0,378.0,278.0,75.0,353.0,game,Total,Over,,54.5,betfair,-119.0,—,—,,57.0,,hit,,,,—,,
2026-10-04T20:01:41.654341+00:00,nfl,2026,4,401872967,4018729673982,4,2:23,"(Shotgun) W.Marks left tackle for 6 yards, TOUCHDOWN. K.Fairbairn extra point is GOOD, Center-A.Brinkman, Holder-K.Kroeger.",1,6,DAL 6,94,3,Houston Texans,Dallas Cowboys,30,27,64.6,35.4,316.0,62.0,378.0,278.0,75.0,353.0,game,Total,,,54.5,,,—,—,,57.0,,miss,,,,—,,
2026-10-04T20:01:41.654341+00:00,nfl,2026,4,401872967,4018729673982,4,2:23,"(Shotgun) W.Marks left tackle for 6 yards, TOUCHDOWN. K.Fairbairn extra point is GOOD, Center-A.Brinkman, Holder-K.Kroeger.",1,6,DAL 6,94,3,Houston Texans,Dallas Cowboys,30,27,64.6,35.4,316.0,62.0,378.0,278.0,75.0,353.0,game,ML,Dallas Cowboys,,,betfair,1921.0,—,—,,Loss,,miss,,,,—,,
2026-10-04T20:01:41.654341+00:00,nfl,2026,4,401872967,4018729673982,4,2:23,"(Shotgun) W.Marks left tackle for 6 yards, TOUCHDOWN. K.Fairbairn extra point is GOOD, Center-A.Brinkman, Holder-K.Kroeger.",1,6,DAL 6,94,3,Houston Texans,Dallas Cowboys,30,27,64.6,35.4,316.0,62.0,378.0,278.0,75.0,353.0,game,ML,Houston Texans,,,stn,-130.0,—,—,,Win,,hit,,,,—,,
2026-10-04T20:01:41.654341+00:00,nfl,2026,4,401872967,4018729674036,4,2:23,K.Fairbairn kicks 60 yards from HST 35 to DAL 5. K.Turpin to DAL 26 for 21 yards (C.Stover).,1,10,HOU 46,35,3,Houston Texans,Dallas Cowboys,30,27,64.6,35.4,316.0,62.0,378.0,278.0,75.0,353.0,game,Spread,Dallas Cowboys,,1.5,kalshi,-113.0,—,—,,+3,,miss,,,,—,,
2026-10-04T20:01:41.654341+00:00,nfl,2026,4,401872967,4018729674036,4,2:23,K.Fairbairn kicks 60 yards from HST 35 to DAL 5. K.Turpin to DAL 26 for 21 yards (C.Stover).,1,10,HOU 46,35,3,Houston Texans,Dallas Cowboys,30,27,64.6,35.4,316.0,62.0,378.0,278.0,75.0,353.0,game,Spread,Houston Texans,,-1.5,novig,-116.0,—,—,,+3,,hit,,,,—,,
2026-10-04T20:01:41.654341+00:00,nfl,2026,4,401872967,4018729674036,4,2:23,K.Fairbairn kicks 60 yards from HST 35 to DAL 5. K.Turpin to DAL 26 for 21 yards (C.Stover).,1,10,HOU 46,35,3,Houston Texans,Dallas Cowboys,30,27,64.6,35.4,316.0,62.0,378.0,278.0,75.0,353.0,game,Total,Over,,54.5,betfair,-119.0,—,—,,57.0,,hit,,,,—,,
2026-10-04T20:01:41.654341+00:00,nfl,2026,4,401872967,4018729674036,4,2:23,K.Fairbairn kicks 60 yards from HST 35 to DAL 5. K.Turpin to DAL 26 for 21 yards (C.Stover).,1,10,HOU 46,35,3,Houston Texans,Dallas Cowboys,30,27,64.6,35.4,316.0,62.0,378.0,278.0,75.0,353.0,game,Total,,,54.5,,,—,—,,57.0,,miss,,,,—,,
2026-10-04T20:01:41.654341+00:00,nfl,2026,4,401872967,4018729674036,4,2:23,K.Fairbairn kicks 60 yards from HST 35 to DAL 5. K.Turpin to DAL 26 for 21 yards (C.Stover).,1,10,HOU 46,35,3,Houston Texans,Dallas Cowboys,30,27,64.6,35.4,316.0,62.0,378.0,278.0,75.0,353.0,game,ML,Dallas Cowboys,,,betfair,1921.0,—,—,,Loss,,miss,,,,—,,
2026-10-04T20:01:41.654341+00:00,nfl,2026,4,401872967,4018729674036,4,2:23,K.Fairbairn kicks 60 yards from HST 35 to DAL 5. K.Turpin to DAL 26 for 21 yards (C.Stover).,1,10,HOU 46,35,3,Houston Texans,Dallas Cowboys,30,27,64.6,35.4,316.0,62.0,378.0,278.0,75.0,353.0,game,ML,Houston Texans,,,stn,-130.0,—,—,,Win,,hit,,,,—,,
2026-10-04T20:01:41.654341+00:00,nfl,2026,4,401872967,4018729674059,4,2:15,(Shotgun) D.Prescott pass incomplete deep left to C.Lamb (J.Pitre).,1,10,DAL 26,74,3,Houston Texans,Dallas Cowboys,30,27,64.6,35.4,316.0,62.0,378.0,278.0,75.0,353.0,game,Spread,Dallas Cowboys,,1.5,kalshi,-113.0,—,—,,+3,,miss,,,,—,,
2026-10-04T20:01:41.654341+00:00,nfl,2026,4,401872967,4018729674059,4,2:15,(Shotgun) D.Prescott pass incomplete deep left to C.Lamb (J.Pitre).,1,10,DAL 26,74,3,Houston Texans,Dallas Cowboys,30,27,64.6,35.4,316.0,62.0,378.0,278.0,75.0,353.0,game,Spread,Houston Texans,,-1.5,novig,-116.0,—,—,,+3,,hit,,,,—,,
2026-10-04T20:01:41.654341+00:00,nfl,2026,4,401872967,4018729674059,4,2:15,(Shotgun) D.Prescott pass incomplete deep left to C.Lamb (J.Pitre).,1,10,DAL 26,74,3,Houston Texans,Dallas Cowboys,30,27,64.6,35.4,316.0,62.0,378.0,278.0,75.0,353.0,game,Total,Over,,54.5,betfair,-119.0,—,—,,57.0,,hit,,,,—,,
2026-10-04T20:01:41.654341+00:00,nfl,2026,4,401872967,4018729674059,4,2:15,(Shotgun) D.Prescott pass incomplete deep left to C.Lamb (J.Pitre).,1,10,DAL 26,74,3,Houston Texans,Dallas Cowboys,30,27,64.6,35.4,316.0,62.0,378.0,278.0,75.0,353.0,game,Total,,,54.5,,,—,—,,57.0,,miss,,,,—,,
2026-10-04T20:01:41.654341+00:00,nfl,2026,4,401872967,4018729674059,4,2:15,(Shotgun) D.Prescott pass incomplete deep left to C.Lamb (J.Pitre).,1,10,DAL 26,74,3,Houston Texans,Dallas Cowboys,30,27,64.6,35.4,316.0,62.0,378.0,278.0,75.0,353.0,game,ML,Dallas Cowboys,,,betfair,1921.0,—,—,,Loss,,miss,,,,—,,
2026-10-04T20:01:41.654341+00:00,nfl,2026,4,401872967,4018729674059,4,2:15,(Shotgun) D.Prescott pass incomplete deep left to C.Lamb (J.Pitre).,1,10,DAL 26,74,3,Houston Texans,Dallas Cowboys,30,27,64.6,35.4,316.0,62.0,378.0,278.0,75.0,353.0,game,ML,Houston Texans,,,stn,-130.0,—,—,,Win,,hit,,,,—,,
2026-10-04T20:01:41.654341+00:00,nfl,2026,4,401872967,4018729674082,4,2:10,(Shotgun) D.Prescott pass short right to C.Lamb to DAL 35 for 9 yards (K.Ramsey).,2,10,DAL 26,74,3,Houston Texans,Dallas Cowboys,30,27,64.6,35.4,316.0,62.0,378.0,278.0,75.0,353.0,game,Spread,Dallas Cowboys,,1.5,kalshi,-113.0,—,—,,+3,,miss,,,,—,,
2026-10-04T20:01:41.654341+00:00,nfl,2026,4,401872967,4018729674082,4,2:10,(Shotgun) D.Prescott pass short right to C.Lamb to DAL 35 for 9 yards (K.Ramsey).,2,10,DAL 26,74,3,Houston Texans,Dallas Cowboys,30,27,64.6,35.4,316.0,62.0,378.0,278.0,75.0,353.0,game,Spread,Houston Texans,,-1.5,novig,-116.0,—,—,,+3,,hit,,,,—,,
2026-10-04T20:01:41.654341+00:00,nfl,2026,4,401872967,4018729674082,4,2:10,(Shotgun) D.Prescott pass short right to C.Lamb to DAL 35 for 9 yards (K.Ramsey).,2,10,DAL 26,74,3,Houston Texans,Dallas Cowboys,30,27,64.6,35.4,316.0,62.0,378.0,278.0,75.0,353.0,game,Total,Over,,54.5,betfair,-119.0,—,—,,57.0,,hit,,,,—,,
2026-10-04T20:01:41.654341+00:00,nfl,2026,4,401872967,4018729674082,4,2:10,(Shotgun) D.Prescott pass short right to C.Lamb to DAL 35 for 9 yards (K.Ramsey).,2,10,DAL 26,74,3,Houston Texans,Dallas Cowboys,30,27,64.6,35.4,316.0,62.0,378.0,278.0,75.0,353.0,game,Total,,,54.5,,,—,—,,57.0,,miss,,,,—,,
2026-10-04T20:01:41.654341+00:00,nfl,2026,4,401872967,4018729674082,4,2:10,(Shotgun) D.Prescott pass short right to C.Lamb to DAL 35 for 9 yards (K.Ramsey).,2,10,DAL 26,74,3,Houston Texans,Dallas Cowboys,30,27,64.6,35.4,316.0,62.0,378.0,278.0,75.0,353.0,game,ML,Dallas Cowboys,,,betfair,1921.0,—,—,,Loss,,miss,,,,—,,
2026-10-04T20:01:41.654341+00:00,nfl,2026,4,401872967,4018729674082,4,2:10,(Shotgun) D.Prescott pass short right to C.Lamb to DAL 35 for 9 yards (K.Ramsey).,2,10,DAL 26,74,3,Houston Texans,Dallas Cowboys,30,27,64.6,35.4,316.0,62.0,378.0,278.0,75.0,353.0,game,ML,Houston Texans,,,stn,-130.0,—,—,,Win,,hit,,,,—,,
2026-10-04T20:01:41.654341+00:00,nfl,2026,4,401872967,4018729674095,4,2:00,Two-Minute Warning,3,1,DAL 35,65,3,Houston Texans,Dallas Cowboys,30,27,64.6,35.4,316.0,62.0,378.0,278.0,75.0,353.0,game,Spread,Dallas Cowboys,,1.5,kalshi,-113.0,—,—,,+3,,miss,,,,—,,
2026-10-04T20:01:41.654341+00:00,nfl,2026,4,401872967,4018729674095,4,2:00,Two-Minute Warning,3,1,DAL 35,65,3,Houston Texans,Dallas Cowboys,30,27,64.6,35.4,316.0,62.0,378.0,278.0,75.0,353.0,game,Spread,Houston Texans,,-1.5,novig,-116.0,—,—,,+3,,hit,,,,—,,
2026-10-04T20:01:41.654341+00:00,nfl,2026,4,401872967,4018729674095,4,2:00,Two-Minute Warning,3,1,DAL 35,65,3,Houston Texans,Dallas Cowboys,30,27,64.6,35.4,316.0,62.0,378.0,278.0,75.0,353.0,game,Total,Over,,54.5,betfair,-119.0,—,—,,57.0,,hit,,,,—,,
2026-10-04T20:01:41.654341+00:00,nfl,2026,4,401872967,4018729674095,4,2:00,Two-Minute Warning,3,1,DAL 35,65,3,Houston Texans,Dallas Cowboys,30,27,64.6,35.4,316.0,62.0,378.0,278.0,75.0,353.0,game,Total,,,54.5,,,—,—,,57.0,,miss,,,,—,,
2026-10-04T20:01:41.654341+00:00,nfl,2026,4,401872967,4018729674095,4,2:00,Two-Minute Warning,3,1,DAL 35,65,3,Houston Texans,Dallas Cowboys,30,27,64.6,35.4,316.0,62.0,378.0,278.0,75.0,353.0,game,ML,Dallas Cowboys,,,betfair,1921.0,—,—,,Loss,,miss,,,,—,,
2026-10-04T20:01:41.654341+00:00,nfl,2026,4,401872967,4018729674095,4,2:00,Two-Minute Warning,3,1,DAL 35,65,3,Houston Texans,Dallas Cowboys,30,27,64.6,35.4,316.0,62.0,378.0,278.0,75.0,353.0,game,ML,Houston Texans,,,stn,-130.0,—,—,,Win,,hit,,,,—,,
2026-10-04T20:01:41.654341+00:00,nfl,2026,4,401872967,4018729674107,4,2:00,(Shotgun) D.Prescott pass short left to C.Lamb to DAL 32 for -3 yards (K.Ramsey).,3,1,DAL 35,65,3,Houston Texans,Dallas Cowboys,30,27,64.6,35.4,316.0,62.0,378.0,278.0,75.0,353.0,game,Spread,Dallas Cowboys,,1.5,kalshi,-113.0,—,—,,+3,,miss,,,,—,,
2026-10-04T20:01:41.654341+00:00,nfl,2026,4,401872967,4018729674107,4,2:00,(Shotgun) D.Prescott pass short left to C.Lamb to DAL 32 for -3 yards (K.Ramsey).,3,1,DAL 35,65,3,Houston Texans,Dallas Cowboys,30,27,64.6,35.4,316.0,62.0,378.0,278.0,75.0,353.0,game,Spread,Houston Texans,,-1.5,novig,-116.0,—,—,,+3,,hit,,,,—,,
2026-10-04T20:01:41.654341+00:00,nfl,2026,4,401872967,4018729674107,4,2:00,(Shotgun) D.Prescott pass short left to C.Lamb to DAL 32 for -3 yards (K.Ramsey).,3,1,DAL 35,65,3,Houston Texans,Dallas Cowboys,30,27,64.6,35.4,316.0,62.0,378.0,278.0,75.0,353.0,game,Total,Over,,54.5,betfair,-119.0,—,—,,57.0,,hit,,,,—,,
2026-10-04T20:01:41.654341+00:00,nfl,2026,4,401872967,4018729674107,4,2:00,(Shotgun) D.Prescott pass short left to C.Lamb to DAL 32 for -3 yards (K.Ramsey).,3,1,DAL 35,65,3,Houston Texans,Dallas Cowboys,30,27,64.6,35.4,316.0,62.0,378.0,278.0,75.0,353.0,game,Total,,,54.5,,,—,—,,57.0,,miss,,,,—,,
2026-10-04T20:01:41.654341+00:00,nfl,2026,4,401872967,4018729674107,4,2:00,(Shotgun) D.Prescott pass short left to C.Lamb to DAL 32 for -3 yards (K.Ramsey).,3,1,DAL 35,65,3,Houston Texans,Dallas Cowboys,30,27,64.6,35.4,316.0,62.0,378.0,278.0,75.0,353.0,game,ML,Dallas Cowboys,,,betfair,1921.0,—,—,,Loss,,miss,,,,—,,
2026-10-04T20:01:41.654341+00:00,nfl,2026,4,401872967,4018729674107,4,2:00,(Shotgun) D.Prescott pass short left to C.Lamb to DAL 32 for -3 yards (K.Ramsey).,3,1,DAL 35,65,3,Houston Texans,Dallas Cowboys,30,27,64.6,35.4,316.0,62.0,378.0,278.0,75.0,353.0,game,ML,Houston Texans,,,stn,-130.0,—,—,,Win,,hit,,,,—,,
2026-10-04T20:01:41.654341+00:00,nfl,2026,4,401872967,4018729674139,4,1:34,"(No Huddle, Shotgun) D.Prescott pass short middle to J.Ferguson to DAL 39 for 7 yards (C.Bullock).",4,4,DAL 32,68,3,Houston Texans,Dallas Cowboys,30,27,64.6,35.4,316.0,62.0,378.0,278.0,75.0,353.0,game,Spread,Dallas Cowboys,,1.5,kalshi,-113.0,—,—,,+3,,miss,,,,—,,
2026-10-04T20:01:41.654341+00:00,nfl,2026,4,401872967,4018729674139,4,1:34,"(No Huddle, Shotgun) D.Prescott pass short middle to J.Ferguson to DAL 39 for 7 yards (C.Bullock).",4,4,DAL 32,68,3,Houston Texans,Dallas Cowboys,30,27,64.6,35.4,316.0,62.0,378.0,278.0,75.0,353.0,game,Spread,Houston Texans,,-1.5,novig,-116.0,—,—,,+3,,hit,,,,—,,
2026-10-04T20:01:41.654341+00:00,nfl,2026,4,401872967,4018729674139,4,1:34,"(No Huddle, Shotgun) D.Prescott pass short middle to J.Ferguson to DAL 39 for 7 yards (C.Bullock).",4,4,DAL 32,68,3,Houston Texans,Dallas Cowboys,30,27,64.6,35.4,316.0,62.0,378.0,278.0,75.0,353.0,game,Total,Over,,54.5,betfair,-119.0,—,—,,57.0,,hit,,,,—,,
2026-10-04T20:01:41.654341+00:00,nfl,2026,4,401872967,4018729674139,4,1:34,"(No Huddle, Shotgun) D.Prescott pass short middle to J.Ferguson to DAL 39 for 7 yards (C.Bullock).",4,4,DAL 32,68,3,Houston Texans,Dallas Cowboys,30,27,64.6,35.4,316.0,62.0,378.0,278.0,75.0,353.0,game,Total,,,54.5,,,—,—,,57.0,,miss,,,,—,,
2026-10-04T20:01:41.654341+00:00,nfl,2026,4,401872967,4018729674139,4,1:34,"(No Huddle, Shotgun) D.Prescott pass short middle to J.Ferguson to DAL 39 for 7 yards (C.Bullock).",4,4,DAL 32,68,3,Houston Texans,Dallas Cowboys,30,27,64.6,35.4,316.0,62.0,378.0,278.0,75.0,353.0,game,ML,Dallas Cowboys,,,betfair,1921.0,—,—,,Loss,,miss,,,,—,,
2026-10-04T20:01:41.654341+00:00,nfl,2026,4,401872967,4018729674139,4,1:34,"(No Huddle, Shotgun) D.Prescott pass short middle to J.Ferguson to DAL 39 for 7 yards (C.Bullock).",4,4,DAL 32,68,3,Houston Texans,Dallas Cowboys,30,27,64.6,35.4,316.0,62.0,378.0,278.0,75.0,353.0,game,ML,Houston Texans,,,stn,-130.0,—,—,,Win,,hit,,,,—,,
2026-10-04T20:01:41.654341+00:00,nfl,2026,4,401872967,4018729674164,4,1:16,"(No Huddle, Shotgun) D.Prescott pass incomplete short left [W.Anderson].",1,10,DAL 39,61,3,Houston Texans,Dallas Cowboys,30,27,64.6,35.4,316.0,62.0,378.0,278.0,75.0,353.0,game,Spread,Dallas Cowboys,,1.5,kalshi,-113.0,—,—,,+3,,miss,,,,—,,
2026-10-04T20:01:41.654341+00:00,nfl,2026,4,401872967,4018729674164,4,1:16,"(No Huddle, Shotgun) D.Prescott pass incomplete short left [W.Anderson].",1,10,DAL 39,61,3,Houston Texans,Dallas Cowboys,30,27,64.6,35.4,316.0,62.0,378.0,278.0,75.0,353.0,game,Spread,Houston Texans,,-1.5,novig,-116.0,—,—,,+3,,hit,,,,—,,
2026-10-04T20:01:41.654341+00:00,nfl,2026,4,401872967,4018729674164,4,1:16,"(No Huddle, Shotgun) D.Prescott pass incomplete short left [W.Anderson].",1,10,DAL 39,61,3,Houston Texans,Dallas Cowboys,30,27,64.6,35.4,316.0,62.0,378.0,278.0,75.0,353.0,game,Total,Over,,54.5,betfair,-119.0,—,—,,57.0,,hit,,,,—,,
2026-10-04T20:01:41.654341+00:00,nfl,2026,4,401872967,4018729674164,4,1:16,"(No Huddle, Shotgun) D.Prescott pass incomplete short left [W.Anderson].",1,10,DAL 39,61,3,Houston Texans,Dallas Cowboys,30,27,64.6,35.4,316.0,62.0,378.0,278.0,75.0,353.0,game,Total,,,54.5,,,—,—,,57.0,,miss,,,,—,,
2026-10-04T20:01:41.654341+00:00,nfl,2026,4,401872967,4018729674164,4,1:16,"(No Huddle, Shotgun) D.Prescott pass incomplete short left [W.Anderson].",1,10,DAL 39,61,3,Houston Texans,Dallas Cowboys,30,27,64.6,35.4,316.0,62.0,378.0,278.0,75.0,353.0,game,ML,Dallas Cowboys,,,betfair,1921.0,—,—,,Loss,,miss,,,,—,,
2026-10-04T20:01:41.654341+00:00,nfl,2026,4,401872967,4018729674164,4,1:16,"(No Huddle, Shotgun) D.Prescott pass incomplete short left [W.Anderson].",1,10,DAL 39,61,3,Houston Texans,Dallas Cowboys,30,27,64.6,35.4,316.0,62.0,378.0,278.0,75.0,353.0,game,ML,Houston Texans,,,stn,-130.0,—,—,,Win,,hit,,,,—,,
2026-10-04T20:01:41.654341+00:00,nfl,2026,4,401872967,4018729674187,4,1:12, (Shotgun) D.Prescott pass short right to C.Lamb to HST 46 for 15 yards (J.Pitre).,2,10,DAL 39,61,3,Houston Texans,Dallas Cowboys,30,27,64.6,35.4,316.0,62.0,378.0,278.0,75.0,353.0,game,Spread,Dallas Cowboys,,1.5,kalshi,-113.0,—,—,,+3,,miss,,,,—,,
2026-10-04T20:01:41.654341+00:00,nfl,2026,4,401872967,4018729674187,4,1:12, (Shotgun) D.Prescott pass short right to C.Lamb to HST 46 for 15 yards (J.Pitre).,2,10,DAL 39,61,3,Houston Texans,Dallas Cowboys,30,27,64.6,35.4,316.0,62.0,378.0,278.0,75.0,353.0,game,Spread,Houston Texans,,-1.5,novig,-116.0,—,—,,+3,,hit,,,,—,,
2026-10-04T20:01:41.654341+00:00,nfl,2026,4,401872967,4018729674187,4,1:12, (Shotgun) D.Prescott pass short right to C.Lamb to HST 46 for 15 yards (J.Pitre).,2,10,DAL 39,61,3,Houston Texans,Dallas Cowboys,30,27,64.6,35.4,316.0,62.0,378.0,278.0,75.0,353.0,game,Total,Over,,54.5,betfair,-119.0,—,—,,57.0,,hit,,,,—,,
2026-10-04T20:01:41.654341+00:00,nfl,2026,4,401872967,4018729674187,4,1:12, (Shotgun) D.Prescott pass short right to C.Lamb to HST 46 for 15 yards (J.Pitre).,2,10,DAL 39,61,3,Houston Texans,Dallas Cowboys,30,27,64.6,35.4,316.0,62.0,378.0,278.0,75.0,353.0,game,Total,,,54.5,,,—,—,,57.0,,miss,,,,—,,
2026-10-04T20:01:41.654341+00:00,nfl,2026,4,401872967,4018729674187,4,1:12, (Shotgun) D.Prescott pass short right to C.Lamb to HST 46 for 15 yards (J.Pitre).,2,10,DAL 39,61,3,Houston Texans,Dallas Cowboys,30,27,64.6,35.4,316.0,62.0,378.0,278.0,75.0,353.0,game,ML,Dallas Cowboys,,,betfair,1921.0,—,—,,Loss,,miss,,,,—,,
2026-10-04T20:01:41.654341+00:00,nfl,2026,4,401872967,4018729674187,4,1:12, (Shotgun) D.Prescott pass short right to C.Lamb to HST 46 for 15 yards (J.Pitre).,2,10,DAL 39,61,3,Houston Texans,Dallas Cowboys,30,27,64.6,35.4,316.0,62.0,378.0,278.0,75.0,353.0,game,ML,Houston Texans,,,stn,-130.0,—,—,,Win,,hit,,,,—,,
2026-10-04T20:01:41.654341+00:00,nfl,2026,4,401872967,4018729674200,4,1:02,Timeout #1 by HST at 01:02.,1,10,HOU 46,46,3,Houston Texans,Dallas Cowboys,30,27,64.6,35.4,316.0,62.0,378.0,278.0,75.0,353.0,game,Spread,Dallas Cowboys,,1.5,kalshi,-113.0,—,—,,+3,,miss,,,,—,,
2026-10-04T20:01:41.654341+00:00,nfl,2026,4,401872967,4018729674200,4,1:02,Timeout #1 by HST at 01:02.,1,10,HOU 46,46,3,Houston Texans,Dallas Cowboys,30,27,64.6,35.4,316.0,62.0,378.0,278.0,75.0,353.0,game,Spread,Houston Texans,,-1.5,novig,-116.0,—,—,,+3,,hit,,,,—,,
2026-10-04T20:01:41.654341+00:00,nfl,2026,4,401872967,4018729674200,4,1:02,Timeout #1 by HST at 01:02.,1,10,HOU 46,46,3,Houston Texans,Dallas Cowboys,30,27,64.6,35.4,316.0,62.0,378.0,278.0,75.0,353.0,game,Total,Over,,54.5,betfair,-119.0,—,—,,57.0,,hit,,,,—,,
2026-10-04T20:01:41.654341+00:00,nfl,2026,4,401872967,4018729674200,4,1:02,Timeout #1 by HST at 01:02.,1,10,HOU 46,46,3,Houston Texans,Dallas Cowboys,30,27,64.6,35.4,316.0,62.0,378.0,278.0,75.0,353.0,game,Total,,,54.5,,,—,—,,57.0,,miss,,,,—,,
2026-10-04T20:01:41.654341+00:00,nfl,2026,4,401872967,4018729674200,4,1:02,Timeout #1 by HST at 01:02.,1,10,HOU 46,46,3,Houston Texans,Dallas Cowboys,30,27,64.6,35.4,316.0,62.0,378.0,278.0,75.0,353.0,game,ML,Dallas Cowboys,,,betfair,1921.0,—,—,,Loss,,miss,,,,—,,
2026-10-04T20:01:41.654341+00:00,nfl,2026,4,401872967,4018729674200,4,1:02,Timeout #1 by HST at 01:02.,1,10,HOU 46,46,3,Houston Texans,Dallas Cowboys,30,27,64.6,35.4,316.0,62.0,378.0,278.0,75.0,353.0,game,ML,Houston Texans,,,stn,-130.0,—,—,,Win,,hit,,,,—,,
